"nba_id","Team","Player","Experience","DPM","DPM Improvement","O-DPM","D-DPM","Box DPM","Box O-DPM","Box D-DPM","FGA/100","FG2%","FG3A/100","FG3%","FG3ARate%","RimFGA/100","RimFG%","FTA/100","FT%","FTARate%","USG%","REB/100","AST/100","AST%","BLK/100","BLK%","STL/100","STL%","TOV/100"
203999,"Denver Nuggets","Nikola Jokic","Vet",6.66,-0.68,5.03,1.63,4.05,4.2,-0.15,23.991,0.64,6.017,0.344,0.259,6.432,0.738,7.353,0.825,0.314,0.281,16.63,13.415,0.408,1.012,0.011,2.079,0.02,4.425
203507,"Milwaukee Bucks","Giannis Antetokounmpo","Vet",6.35,0.31,4.27,2.08,4.46,3.52,0.94,29.574,0.626,1.464,0.288,0.063,12.887,0.786,12.679,0.636,0.471,0.339,17.557,8.302,0.29,1.447,0.016,1.366,0.014,4.611
1628983,"Oklahoma City Thunder","Shai Gilgeous-Alexander","Vet",6.3,1.49,5.49,0.81,3.27,3.82,-0.55,32.772,0.567,8.651,0.369,0.286,7.268,0.712,13.102,0.896,0.413,0.347,6.953,8.539,0.275,1.343,0.015,2.339,0.023,3.538
1628369,"Boston Celtics","Jayson Tatum","Vet",5.56,0.27,5.17,0.39,3.27,4.04,-0.77,27.824,0.538,14.053,0.357,0.485,5.707,0.738,8.507,0.844,0.304,0.308,11.669,8.228,0.267,0.733,0.008,1.494,0.015,3.761
1629029,"Los Angeles Lakers","Luka Doncic","Vet",5.12,0.1,4.12,1.01,3.58,2.95,0.63,29.283,0.558,14.143,0.357,0.491,4.204,0.773,10.903,0.772,0.358,0.349,11.579,10.836,0.372,0.594,0.006,2.269,0.022,5.691
1628378,"Cleveland Cavaliers","Donovan Mitchell","Vet",5.08,0.03,4.92,0.16,2.53,3.85,-1.32,28.07,0.539,12.648,0.364,0.448,5.227,0.668,9.004,0.847,0.297,0.314,6.433,7.72,0.237,0.328,0.004,2.03,0.021,3.509
1641705,"San Antonio Spurs","Victor Wembanyama","Sophomore",5.03,0.06,2.84,2.19,5.89,3.71,2.18,27.222,0.54,11.816,0.321,0.432,6.06,0.732,7.904,0.799,0.254,0.319,15.999,5.985,0.195,4.873,0.053,1.742,0.017,4.164
202695,"Los Angeles Clippers","Kawhi Leonard","Vet",4.04,-1.34,2.48,1.56,4.08,1.95,2.13,24.979,0.535,7.795,0.382,0.299,4.196,0.73,5.334,0.846,0.211,0.273,8.37,4.717,0.156,0.932,0.01,2.215,0.022,2.809
201939,"Golden State Warriors","Stephen Curry","Vet",3.86,0.29,4.43,-0.56,1.42,3.27,-1.85,26.952,0.547,15.735,0.408,0.626,3.165,0.677,6.711,0.931,0.217,0.299,6.04,9.095,0.273,0.508,0.005,1.394,0.014,4.053
2544,"Los Angeles Lakers","LeBron James","Vet",3.86,-0.55,3.96,-0.1,4.38,4.61,-0.23,29.799,0.577,9.324,0.351,0.335,7.184,0.776,8.89,0.773,0.263,0.341,11.441,12.099,0.4,0.834,0.009,1.531,0.015,5.526
1630162,"Minnesota Timberwolves","Anthony Edwards","Vet",3.77,0.07,3.82,-0.05,3.27,3.77,-0.5,25.907,0.539,12.892,0.364,0.499,5.677,0.667,8.99,0.843,0.327,0.303,8.126,6.942,0.22,0.737,0.008,1.71,0.017,4.179
201935,"Los Angeles Clippers","James Harden","Vet",3.52,0.14,3.17,0.36,2.31,2.67,-0.36,23.485,0.481,12.332,0.362,0.536,2.938,0.626,9.779,0.88,0.381,0.281,7.57,11.735,0.356,0.845,0.009,1.85,0.018,5.063
1630596,"Cleveland Cavaliers","Evan Mobley","Vet",3.47,2.8,2.18,1.29,3.03,2.05,0.98,19.771,0.621,5.522,0.328,0.269,9.198,0.778,6.879,0.733,0.346,0.23,14.682,4.983,0.152,2.486,0.028,1.354,0.014,3.158
203076,"Dallas Mavericks","Anthony Davis","Vet",3.43,-0.84,1.46,1.97,2.61,1.18,1.43,28.309,0.538,3.283,0.297,0.163,8.396,0.756,10.856,0.764,0.395,0.331,18.473,5.231,0.169,2.8,0.032,1.722,0.017,3.65
1628973,"New York Knicks","Jalen Brunson","Vet",3.42,-0.36,4.64,-1.22,2.14,4.19,-2.05,29.303,0.527,9.139,0.376,0.304,5.168,0.65,9.843,0.833,0.351,0.319,4.464,9.837,0.333,0.204,0.002,1.411,0.014,3.818
203954,"Philadelphia 76ers","Joel Embiid","Vet",3.38,-2.67,1.23,2.16,3.63,2.76,0.87,27.83,0.534,6.954,0.34,0.263,6.658,0.716,11.877,0.849,0.512,0.364,13.584,8.143,0.267,1.777,0.019,1.512,0.015,6.196
1631096,"Oklahoma City Thunder","Chet Holmgren","Vet",3.16,0.65,0.62,2.54,3.07,0.53,2.54,20.386,0.608,6.241,0.347,0.304,6.58,0.747,6.467,0.782,0.306,0.223,13.829,3.517,0.11,3.994,0.046,1.289,0.013,2.948
1628386,"Cleveland Cavaliers","Jarrett Allen","Vet",2.99,1.07,0.85,2.14,2.89,0.67,2.22,13.116,0.688,0.674,0.231,0.036,8.15,0.769,5.059,0.739,0.389,0.158,17.243,3.277,0.092,1.575,0.017,1.432,0.015,1.875
1628991,"Memphis Grizzlies","Jaren Jackson Jr.","Vet",2.96,1.59,1.28,1.68,1.55,1.27,0.28,27.277,0.516,8.175,0.347,0.306,4.156,0.654,8.559,0.786,0.339,0.303,8.93,3.898,0.123,2.45,0.028,1.844,0.018,3.528
202681,"Dallas Mavericks","Kyrie Irving","Vet",2.94,-0.67,3.48,-0.54,3.32,3.66,-0.34,27.865,0.528,10.636,0.389,0.354,5.467,0.674,6.896,0.902,0.226,0.301,6.174,6.779,0.222,0.64,0.007,1.751,0.017,3.436
1627826,"Los Angeles Clippers","Ivica Zubac","Vet",2.91,1.86,-0.12,3.03,1.89,0.5,1.39,17.833,0.632,0.644,0.132,0.036,8.192,0.71,4.813,0.699,0.246,0.199,18.412,3.665,0.108,1.652,0.018,1.044,0.01,2.287
1626157,"New York Knicks","Karl-Anthony Towns","Vet",2.85,0.65,2.46,0.38,-0.09,0.16,-0.25,22.879,0.575,7.139,0.389,0.297,8.648,0.68,7.402,0.847,0.322,0.248,17.478,3.934,0.113,1.009,0.011,1.297,0.013,3.3
201142,"Phoenix Suns","Kevin Durant","Vet",2.76,-2.16,3.15,-0.39,4.43,3.87,0.56,23.238,0.582,8.073,0.399,0.352,2.582,0.771,6.502,0.86,0.304,0.27,8.389,6.179,0.18,1.484,0.016,1.179,0.012,3.601
203081,"Milwaukee Bucks","Damian Lillard","Vet",2.73,0.07,3.86,-1.13,3.19,4.49,-1.3,23.41,0.525,12.041,0.377,0.538,4.287,0.632,8.589,0.923,0.355,0.267,5.785,8.799,0.263,0.3,0.003,1.504,0.015,3.489
202710,"Golden State Warriors","Jimmy Butler","Vet",2.71,-0.67,1.81,0.9,2.06,2.15,-0.09,17.642,0.542,3.374,0.315,0.186,6.432,0.68,9.817,0.852,0.56,0.201,8.059,7.71,0.244,0.414,0.005,2.078,0.021,2.461
203497,"Minnesota Timberwolves","Rudy Gobert","Vet",2.59,-0.54,-0.86,3.46,1.88,0.16,1.72,11.176,0.66,0.665,0.123,0.038,8.363,0.762,5.754,0.649,0.552,0.143,16.204,3.098,0.087,2.251,0.025,1.162,0.012,2.21
1630169,"Indiana Pacers","Tyrese Haliburton","Vet",2.49,-0.61,3.28,-0.79,5.84,5.03,0.81,19.936,0.582,10.642,0.381,0.529,2.422,0.715,3.891,0.857,0.202,0.215,4.97,12.792,0.398,0.791,0.009,2.156,0.021,2.919
1631114,"Oklahoma City Thunder","Jalen Williams","Vet",2.48,0.32,1.69,0.79,2.49,1.92,0.57,23.84,0.556,7.687,0.367,0.317,4.931,0.71,6.258,0.82,0.253,0.263,7.405,7.992,0.233,0.912,0.01,2.142,0.021,3.034
202331,"Philadelphia 76ers","Paul George","Vet",2.45,-1.34,1.03,1.43,2.35,0.2,2.15,22.014,0.515,10.181,0.37,0.49,3.008,0.676,4.558,0.857,0.194,0.241,7.973,6.659,0.221,0.712,0.008,2.453,0.024,3.612
1628392,"Oklahoma City Thunder","Isaiah Hartenstein","Vet",2.36,0.48,-0.54,2.9,2.39,-0.42,2.81,13.553,0.627,0.654,0.262,0.03,5.737,0.702,3.17,0.709,0.248,0.153,18.427,6.372,0.16,1.631,0.019,1.659,0.016,2.502
203932,"Denver Nuggets","Aaron Gordon","Vet",2.31,0.26,1.68,0.63,1.04,1.74,-0.7,19.368,0.582,6.639,0.357,0.372,7.383,0.702,5.167,0.719,0.282,0.202,8.684,5.585,0.155,0.685,0.008,1.103,0.011,2.206
204001,"Boston Celtics","Kristaps Porzingis","Vet",2.3,-1.09,0.47,1.84,1.26,0.33,0.93,23.508,0.57,10.116,0.356,0.42,5.371,0.715,7.953,0.827,0.352,0.264,11.185,3.37,0.109,2.823,0.029,1.415,0.014,2.37
1626164,"Phoenix Suns","Devin Booker","Vet",2.26,-1.43,3.71,-1.46,1.38,2.95,-1.57,24.488,0.559,9.598,0.374,0.398,3.141,0.702,8.332,0.896,0.338,0.281,5.1,8.78,0.279,0.326,0.004,1.353,0.013,3.565
1627783,"Indiana Pacers","Pascal Siakam","Vet",2.24,0.74,2.29,-0.05,0.84,1.52,-0.68,24.247,0.575,6.31,0.359,0.28,6.058,0.744,6.85,0.759,0.296,0.264,10.719,4.843,0.14,0.707,0.007,1.345,0.013,2.192
1629636,"Cleveland Cavaliers","Darius Garland","Vet",2.23,1.39,3,-0.78,1.03,3.17,-2.14,23.326,0.523,11.048,0.381,0.47,3.914,0.62,5.328,0.871,0.223,0.255,4.239,10.08,0.302,0.183,0.002,1.793,0.018,3.719
1627751,"Toronto Raptors","Jakob Poeltl","Vet",2.22,0.12,-0.34,2.56,2.6,0.14,2.46,18.612,0.646,0.771,0.122,0.041,8.936,0.744,4.605,0.647,0.26,0.208,15.445,5.409,0.165,2.121,0.024,1.704,0.017,3.117
1627832,"Houston Rockets","Fred VanVleet","Vet",2.2,-0.44,0.89,1.31,1.41,0.23,1.18,16.778,0.486,11.26,0.366,0.673,1.637,0.581,2.819,0.835,0.171,0.162,5.182,8.017,0.232,0.575,0.007,2.187,0.022,2.096
1629630,"Memphis Grizzlies","Ja Morant","Vet",2.14,0.28,2.57,-0.43,0.02,1.55,-1.53,27.681,0.502,8.737,0.338,0.3,6.818,0.656,9.791,0.818,0.327,0.312,5.98,10.655,0.356,0.379,0.004,1.744,0.018,5.031
1629660,"Cleveland Cavaliers","Ty Jerome","Vet",2.1,3.54,1.84,0.26,3.14,2.09,1.05,21.273,0.532,8.782,0.393,0.408,3.118,0.613,5.069,0.887,0.216,0.224,6.219,7.258,0.219,0.077,0.001,2.475,0.025,2.685
1627750,"Denver Nuggets","Jamal Murray","Vet",2.07,0.01,2.52,-0.44,0.34,1.29,-0.95,22.708,0.538,8.129,0.391,0.364,4.308,0.654,4.799,0.887,0.19,0.232,4.96,7.508,0.224,0.621,0.007,1.707,0.017,2.769
1626167,"Indiana Pacers","Myles Turner","Vet",2.06,0.44,0.58,1.48,1.43,0.33,1.1,17.947,0.591,8.949,0.373,0.497,3.583,0.719,5.109,0.786,0.275,0.195,10.397,2.877,0.08,2.719,0.03,1.188,0.012,2.211
1628401,"Boston Celtics","Derrick White","Vet",2.04,-0.36,1.25,0.78,2.7,1.8,0.9,17.961,0.554,12.92,0.384,0.736,1.468,0.709,2.831,0.881,0.154,0.188,5.937,6.417,0.18,1.267,0.014,1.421,0.014,2
1628384,"New York Knicks","OG Anunoby","Vet",2.01,-0.8,1.02,1,1.21,0.48,0.73,18.065,0.559,8.855,0.385,0.483,5.786,0.704,3.084,0.796,0.157,0.185,6.204,3.153,0.091,0.999,0.012,1.857,0.019,1.798
1629008,"Denver Nuggets","Michael Porter Jr.","Vet",2.01,-0.14,1.76,0.25,0.0700000000000001,1.01,-0.94,20.529,0.596,9.358,0.389,0.439,5.336,0.753,3.571,0.791,0.177,0.209,10.42,2.891,0.083,0.742,0.008,0.9,0.009,1.628
1630217,"Memphis Grizzlies","Desmond Bane","Vet",2,0.28,1.92,0.08,1.58,2.08,-0.5,22.815,0.544,8.272,0.39,0.36,5.582,0.69,5.036,0.891,0.207,0.242,8.907,8.463,0.276,0.558,0.006,1.608,0.016,3.657
1627759,"Boston Celtics","Jaylen Brown","Vet",1.96,-0.65,2.4,-0.44,0.96,2,-1.04,25.701,0.547,7.433,0.36,0.281,6.354,0.718,7.102,0.736,0.252,0.284,8.061,6.674,0.209,0.446,0.005,1.694,0.017,3.564
1627936,"Oklahoma City Thunder","Alex Caruso","Vet",1.94,0.34,-0.32,2.25,1.94,-0.35,2.29,13.788,0.543,8.527,0.369,0.577,4.062,0.654,1.823,0.796,0.153,0.141,6.666,6.547,0.167,1.357,0.015,3.219,0.033,1.867
203110,"Golden State Warriors","Draymond Green","Vet",1.93,0.15,-1.36,3.29,0.0299999999999998,-1.61,1.64,12.306,0.546,4.895,0.328,0.369,3.566,0.675,3.987,0.72,0.268,0.158,10.988,10.357,0.281,1.48,0.017,2.039,0.021,3.862
1630532,"Orlando Magic","Franz Wagner","Vet",1.91,0.46,1.9,0.01,0.46,1.77,-1.31,27.625,0.547,7.086,0.344,0.257,6.801,0.696,7.643,0.863,0.254,0.281,7.792,6.126,0.205,0.603,0.007,1.695,0.017,2.92
1630202,"Boston Celtics","Payton Pritchard","Vet",1.85,1.46,2.38,-0.53,2.59,3.28,-0.69,17.753,0.621,13.469,0.399,0.76,2.342,0.733,1.555,0.854,0.103,0.17,6.306,6.365,0.184,0.318,0.004,1.346,0.013,1.672
1629011,"New York Knicks","Mitchell Robinson","Vet",1.85,-0.3,-0.14,1.98,2.23,0.78,1.45,11.281,0.664,0.695,0.16,0.036,8.412,0.692,4.667,0.532,0.459,0.129,14.348,2.014,0.045,2.413,0.026,2.008,0.02,1.593
203994,"Charlotte Hornets","Jusuf Nurkic","Vet",1.82,-0.74,-1.17,2.98,1.82,-1.98,3.8,14.837,0.563,4.77,0.299,0.3,5.915,0.654,5.589,0.638,0.372,0.19,19.643,7.354,0.227,1.72,0.019,2.021,0.02,4.506
1630198,"Oklahoma City Thunder","Isaiah Joe","Vet",1.81,0.48,1.56,0.24,1.08,1.39,-0.31,17.589,0.564,14.535,0.386,0.796,1.728,0.721,1.686,0.818,0.125,0.173,5.718,3.502,0.099,0.369,0.004,1.519,0.015,1.262
1628449,"Toronto Raptors","Chris Boucher","Vet",1.78,0.54,1.46,0.32,1.8,1.69,0.11,20.478,0.601,11.253,0.34,0.542,6.639,0.71,5.245,0.761,0.245,0.217,13.251,2.349,0.063,1.494,0.017,1.341,0.014,1.697
1641708,"Houston Rockets","Amen Thompson","Sophomore",1.76,0.21,0.72,1.04,2.51,1.13,1.38,18.203,0.584,1.677,0.283,0.108,7.566,0.72,5.557,0.702,0.324,0.207,12.861,7.004,0.202,1.613,0.019,1.992,0.021,3.426
1642379,"Golden State Warriors","Taran Armstrong",NA,1.74,0,1.97,-0.23,1,1.33,-0.33,16.659,0.685,9.74,0.408,0.53,6.974,0.739,4.103,0.805,0.239,0.161,11.1,4.986,0.174,2.039,0.018,1.228,0.012,2.344
1629627,"New Orleans Pelicans","Zion Williamson","Vet",1.74,0.64,1.81,-0.07,0.95,1.81,-0.86,27.542,0.595,0.734,0.26,0.036,15.968,0.701,12.535,0.685,0.433,0.344,10.982,8.116,0.29,1.25,0.014,1.934,0.019,4.958
1629006,"Charlotte Hornets","Josh Okogie","Vet",1.7,1.76,-0.13,1.83,1.41,-0.64,2.05,18.329,0.509,7.166,0.336,0.413,5.59,0.623,5.241,0.708,0.33,0.206,8.95,3.595,0.109,1.279,0.014,2.857,0.028,2.308
203500,"Houston Rockets","Steven Adams","Vet",1.58,0.28,-1.08,2.66,0.61,-1.31,1.92,11.248,0.549,0.591,0.144,0.031,6.742,0.633,6.056,0.444,0.44,0.139,17.105,4.364,0.123,1.988,0.021,1.51,0.015,3.039
1630168,"Atlanta Hawks","Onyeka Okongwu","Vet",1.55,1.11,0.82,0.73,1.93,1.02,0.91,15.168,0.655,2.364,0.329,0.126,8.254,0.754,4.524,0.766,0.311,0.174,15.628,3.875,0.116,1.957,0.021,1.409,0.015,2.048
1631106,"Houston Rockets","Tari Eason","Vet",1.53,1.7,-0.32,1.85,1.27,-0.61,1.88,18.562,0.549,6.639,0.358,0.349,7.294,0.648,3.209,0.77,0.17,0.191,11.497,3.125,0.091,1.454,0.016,3.116,0.031,2.426
1629057,"Portland Trail Blazers","Robert Williams III","Vet",1.53,0.5,-0.42,1.95,1.86,-0.66,2.52,13.557,0.668,0.846,0.182,0.042,7.68,0.782,2.558,0.768,0.205,0.151,16.127,3.365,0.094,3.719,0.039,1.635,0.016,1.87
1630178,"Philadelphia 76ers","Tyrese Maxey","Vet",1.5,-0.61,2.83,-1.33,1.11,2.71,-1.6,25.542,0.53,10.889,0.37,0.409,7.098,0.639,6.872,0.867,0.253,0.268,4.577,8.177,0.267,0.502,0.005,1.801,0.018,2.867
1628371,"Orlando Magic","Jonathan Isaac","Vet",1.49,-1.38,-0.73,2.22,0.87,-0.49,1.36,14.157,0.567,6.333,0.338,0.475,5.228,0.688,3.678,0.689,0.26,0.154,14.36,2.188,0.056,3.135,0.034,2.356,0.023,1.489
1629026,"Oklahoma City Thunder","Kenrich Williams","Vet",1.46,1.06,-0.1,1.56,0.49,-0.45,0.94,14.256,0.582,7.411,0.357,0.495,3.926,0.685,1.174,0.74,0.095,0.147,10.536,3.88,0.109,0.409,0.005,1.808,0.018,1.787
1641726,"Dallas Mavericks","Dereck Lively II","Sophomore",1.46,0.31,-0.06,1.52,1.55,0,1.55,15.426,0.642,0.786,0.2,0.038,8.05,0.763,4.555,0.562,0.395,0.185,15.571,5.54,0.163,2.933,0.034,1.208,0.012,2.778
1630598,"Oklahoma City Thunder","Aaron Wiggins","Vet",1.46,1.35,1.26,0.19,1.09,1.65,-0.56,20.332,0.592,9.579,0.389,0.456,6.045,0.714,2.688,0.836,0.14,0.211,7.95,3.477,0.104,0.48,0.006,1.695,0.017,1.966
203484,"Orlando Magic","Kentavious Caldwell-Pope","Vet",1.44,-0.04,-0.43,1.87,0.01,-0.38,0.39,11.917,0.545,5.842,0.392,0.508,1.432,0.676,2.031,0.862,0.146,0.123,4.021,3.003,0.082,0.665,0.007,1.977,0.02,1.222
1630567,"Toronto Raptors","Scottie Barnes","Vet",1.43,0.57,0.57,0.86,2.49,1.14,1.35,24.017,0.534,5.435,0.324,0.23,6.322,0.692,7.14,0.797,0.289,0.266,10.628,8.261,0.261,1.65,0.018,1.952,0.02,3.561
1630595,"Detroit Pistons","Cade Cunningham","Vet",1.43,1.49,2.12,-0.69,0.74,1.74,-1,26.844,0.536,7.563,0.361,0.274,5.594,0.613,7.741,0.877,0.276,0.322,7.433,11.635,0.363,0.847,0.009,1.436,0.014,4.994
1630591,"Orlando Magic","Jalen Suggs","Vet",1.41,0.09,-0.33,1.74,1.78,0.13,1.65,27.179,0.488,12.476,0.341,0.473,4.034,0.676,6.047,0.796,0.248,0.299,6.626,6.834,0.232,1.335,0.014,2.514,0.025,4.296
202699,"Detroit Pistons","Tobias Harris","Vet",1.41,1.25,0.87,0.54,-1.04,-0.51,-0.53,16.227,0.542,4.769,0.369,0.269,3.091,0.717,3.294,0.868,0.19,0.168,9.163,3.202,0.087,0.96,0.011,1.336,0.013,1.533
203939,"Dallas Mavericks","Dwight Powell","Vet",1.41,0.44,-1.34,2.75,1.77,-0.62,2.39,7.609,0.643,0.755,0.238,0.04,4.771,0.769,4.453,0.66,0.395,0.088,13.089,4.94,0.136,1.565,0.02,1.529,0.015,2.023
1629027,"Atlanta Hawks","Trae Young","Vet",1.4,0.7,3.49,-2.09,-0.59,2.33,-2.92,24.735,0.5,11.07,0.365,0.422,3.676,0.597,10.228,0.88,0.397,0.293,3.873,15.521,0.479,0.201,0.002,1.429,0.015,5.227
1628366,"Chicago Bulls","Lonzo Ball","Vet",1.4,0.09,-0.08,1.48,0.08,-0.63,0.71,17.702,0.5,11.653,0.36,0.72,1.453,0.639,2.009,0.797,0.116,0.176,6.595,6.541,0.198,0.807,0.009,2.438,0.024,2.454
1630552,"Atlanta Hawks","Jalen Johnson","Vet",1.38,1.4,0.23,1.15,1.38,-0.01,1.39,21.218,0.565,4.524,0.331,0.225,7.622,0.716,4.81,0.707,0.245,0.242,12.551,6.404,0.192,1.14,0.013,1.995,0.019,3.45
1626181,"Los Angeles Clippers","Norman Powell","Vet",1.38,1.68,1.86,-0.48,0.27,2.18,-1.91,24.749,0.535,11.382,0.387,0.452,5.617,0.663,7.024,0.803,0.304,0.266,5.159,3.198,0.1,0.327,0.004,1.552,0.016,2.669
1629048,"Orlando Magic","Goga Bitadze","Vet",1.37,0.95,-0.89,2.26,2.05,-0.41,2.46,10.669,0.681,0.721,0.256,0.044,7.494,0.736,4.788,0.638,0.38,0.13,16.544,4.578,0.134,3.637,0.041,1.683,0.016,2.353
1630529,"New Orleans Pelicans","Herbert Jones","Vet",1.36,-0.54,-0.31,1.67,1.46,-0.63,2.09,13.268,0.54,5.708,0.372,0.424,3.985,0.677,2.907,0.801,0.239,0.159,6.109,4.614,0.132,0.835,0.009,2.465,0.025,2.507
1627734,"Sacramento Kings","Domantas Sabonis","Vet",1.35,0.07,0.95,0.4,0.63,0.18,0.45,19.906,0.619,3.866,0.349,0.168,8.595,0.716,6.51,0.698,0.354,0.243,19.469,9.172,0.246,0.579,0.007,1.08,0.011,4.804
1629639,"Miami Heat","Tyler Herro","Vet",1.34,0.95,2.17,-0.83,0.16,2.26,-2.1,25.862,0.531,11.987,0.37,0.472,3.613,0.662,6.042,0.88,0.21,0.283,7.122,8.554,0.277,0.357,0.004,1.143,0.011,3.709
1629634,"Memphis Grizzlies","Brandon Clarke","Vet",1.31,0.67,0.28,1.03,1.43,0.64,0.79,15.613,0.663,0.717,0.279,0.039,7.68,0.778,4.181,0.718,0.281,0.174,12.98,2.93,0.084,1.572,0.018,1.718,0.017,1.919
1628368,"San Antonio Spurs","De'Aaron Fox","Vet",1.3,-2.04,2.2,-0.91,0.91,1.87,-0.96,23.928,0.548,8.615,0.345,0.361,4.353,0.707,5.972,0.784,0.258,0.264,5.889,8.71,0.252,0.493,0.005,2.079,0.021,3.255
203897,"Sacramento Kings","Zach LaVine","Vet",1.26,1.09,2.11,-0.85,2.29,2.88,-0.59,23.22,0.567,9.7,0.383,0.418,5.819,0.684,5.374,0.85,0.229,0.249,6.075,5.52,0.168,0.175,0.002,1.219,0.012,3.129
1628436,"Boston Celtics","Luke Kornet","Vet",1.23,0.38,-0.53,1.76,0.9,-0.55,1.45,9.133,0.686,0.662,0.202,0.037,7.448,0.758,3.081,0.761,0.342,0.111,13.681,4.284,0.121,2.672,0.029,1.249,0.012,1.497
1630578,"Houston Rockets","Alperen Sengun","Vet",1.18,0.64,0.63,0.56,0.27,0.63,-0.36,23.037,0.563,1.454,0.291,0.055,8.98,0.681,9.351,0.711,0.389,0.279,15.377,7.789,0.238,1.234,0.013,1.761,0.017,3.986
1630194,"Detroit Pistons","Paul Reed","Vet",1.17,0.41,-0.37,1.53,0.48,-0.57,1.05,18.002,0.575,2.585,0.298,0.138,8.062,0.693,4.669,0.749,0.201,0.201,15.443,4.372,0.135,2.957,0.032,2.975,0.03,2.869
1627739,"Los Angeles Clippers","Kris Dunn","Vet",1.14,1.7,-0.89,2.04,-0.95,-1.65,0.7,10.527,0.549,5.198,0.348,0.464,1.886,0.68,0.686,0.706,0.087,0.112,6.746,6.656,0.175,0.806,0.009,3.106,0.032,2.08
201572,"Milwaukee Bucks","Brook Lopez","Vet",1.14,-0.32,-1.53,2.67,1.32,0.13,1.19,13.978,0.61,7.124,0.352,0.485,3.713,0.756,2.704,0.824,0.184,0.15,8.038,2.781,0.077,2.841,0.031,0.93,0.01,1.472
1628389,"Miami Heat","Bam Adebayo","Vet",1.1,-0.73,-0.06,1.16,1.14,1.02,0.12,21.108,0.555,4.339,0.308,0.21,4.631,0.721,6.405,0.777,0.316,0.239,13.985,5.887,0.181,1.038,0.011,1.689,0.017,2.95
1630573,"Boston Celtics","Sam Hauser","Vet",1.1,0.36,0.84,0.26,0.39,0.58,-0.19,13.57,0.572,11.555,0.399,0.849,0.473,0.689,0.457,0.837,0.065,0.123,7.351,2.31,0.057,0.479,0.005,1.29,0.013,0.679
101108,"San Antonio Spurs","Chris Paul","Vet",1.02,1.5,0.31,0.71,0.58,-0.02,0.6,11.569,0.528,7.754,0.372,0.658,0.314,0.67,1.828,0.869,0.131,0.122,5.635,12.744,0.334,0.323,0.003,2.191,0.022,2.302
1631117,"Utah Jazz","Walker Kessler","Vet",1.01,0.68,0.08,0.93,2.55,0.45,2.1,12.049,0.676,0.682,0.257,0.039,8.577,0.772,4.118,0.565,0.371,0.146,19.404,2.737,0.078,3.461,0.035,0.995,0.01,2.209
1628374,"Utah Jazz","Lauri Markkanen","Vet",1.01,-0.99,1.77,-0.76,0.2,2.28,-2.08,23.53,0.527,13.013,0.372,0.547,4.196,0.689,5.961,0.862,0.258,0.243,9.495,2.458,0.063,0.635,0.007,1.195,0.012,1.829
1630572,"San Antonio Spurs","Sandro Mamukelashvili","Vet",1,1.7,0.41,0.59,0.9,0.74,0.16,18.949,0.613,11.4,0.341,0.567,5.727,0.697,4.013,0.756,0.197,0.2,13.012,3.508,0.109,1.31,0.014,1.383,0.014,1.883
1626172,"Golden State Warriors","Kevon Looney","Vet",0.99,-0.35,-0.59,1.59,0.6,-1,1.6,12.224,0.578,0.584,0.123,0.038,7.288,0.693,3.623,0.607,0.321,0.136,18.711,4.865,0.135,1.585,0.017,1.536,0.015,1.997
1629020,"Los Angeles Lakers","Jarred Vanderbilt","Vet",0.97,0.38,-1.06,2.03,0.38,-0.66,1.04,10.371,0.606,3.262,0.321,0.336,5.249,0.702,2.834,0.632,0.295,0.126,14.349,3.763,0.099,0.907,0.01,2.585,0.026,2.164
1627827,"Los Angeles Lakers","Dorian Finney-Smith","Vet",0.93,1.02,-0.57,1.5,-0.77,-1.29,0.52,12.852,0.55,7.3,0.358,0.632,2.713,0.675,1.611,0.739,0.097,0.131,7.38,2.897,0.084,0.55,0.006,1.463,0.016,1.385
1630163,"Charlotte Hornets","LaMelo Ball","Vet",0.91,-0.88,1.66,-0.75,0.96,1.44,-0.48,28.298,0.506,15.989,0.354,0.539,4.555,0.607,6.709,0.828,0.226,0.308,7.454,10.134,0.364,0.461,0.005,1.888,0.019,4.654
1629675,"Minnesota Timberwolves","Naz Reid","Vet",0.91,1.63,0.29,0.62,0.85,0.77,0.08,21.251,0.551,11.193,0.383,0.498,4.593,0.696,3.484,0.774,0.16,0.221,10.857,4.144,0.126,1.618,0.019,1.38,0.014,2.44
1631165,"Sacramento Kings","Keon Ellis","Vet",0.88,0.31,-0.13,1.01,0.6,-0.38,0.98,12.841,0.559,8.469,0.403,0.638,1.264,0.72,1.845,0.843,0.156,0.125,5.52,2.948,0.084,1.517,0.016,2.683,0.027,1.427
1628396,"Indiana Pacers","Tony Bradley","Vet",0.86,-0.04,-0.38,1.24,0.6,-0.41,1.01,14.961,0.593,5.013,0.273,0.306,5.619,0.706,3.611,0.723,0.217,0.171,14.086,3.064,0.085,2.473,0.029,1.199,0.012,2.363
1628404,"New York Knicks","Josh Hart","Vet",0.84,-0.02,0.31,0.53,-0.13,-0.22,0.09,14.343,0.591,3.967,0.339,0.265,6.51,0.706,3.923,0.784,0.254,0.167,13.817,7.021,0.186,0.508,0.006,1.742,0.017,2.785
1641709,"Detroit Pistons","Ausar Thompson","Sophomore",0.83,1.4,-0.62,1.46,1.26,-0.73,1.99,15.58,0.609,0.734,0.272,0.052,9.476,0.698,4.992,0.632,0.322,0.181,10.994,4.793,0.146,1.178,0.012,3.058,0.032,3.087
1630183,"Minnesota Timberwolves","Jaden McDaniels","Vet",0.75,0.54,-0.39,1.14,0.48,-0.42,0.9,17.005,0.576,5.794,0.373,0.332,4.792,0.739,3.004,0.811,0.168,0.177,8.736,4.045,0.117,1.141,0.013,1.88,0.019,1.948
1630543,"Indiana Pacers","Isaiah Jackson","Vet",0.73,0.11,0.17,0.56,0.75,0.51,0.24,15.849,0.61,2.684,0.246,0.124,8.971,0.713,5.97,0.65,0.402,0.188,14.5,3.27,0.095,3.299,0.039,1.782,0.018,2.561
1629023,"Dallas Mavericks","P.J. Washington","Vet",0.73,0.47,-0.19,0.92,-2,-1.69,-0.31,21.12,0.503,7.006,0.351,0.35,5.352,0.679,5.5,0.718,0.249,0.232,11.448,4.136,0.129,1.393,0.015,1.554,0.016,2.916
201942,"Sacramento Kings","DeMar DeRozan","Vet",0.72,0.39,1.65,-0.93,-0.57,0.87,-1.44,23.342,0.529,5.306,0.337,0.229,2.04,0.682,7.869,0.882,0.345,0.246,5.689,6.5,0.195,0.434,0.005,1.318,0.013,2.166
1631105,"Detroit Pistons","Jalen Duren","Vet",0.7,2.31,-0.07,0.77,2.01,0.82,1.19,13.395,0.686,0.695,0.161,0.038,9.982,0.748,5.716,0.734,0.419,0.173,20.235,4.718,0.136,2.065,0.022,1.406,0.014,3.165
1630631,"New Orleans Pelicans","Jose Alvarado","Vet",0.7,-0.14,0.16,0.54,0.4,0.04,0.36,16.917,0.496,10.009,0.367,0.57,2.639,0.606,2.271,0.799,0.145,0.163,5.275,9.686,0.289,0.47,0.005,2.684,0.027,2.622
1626158,"Washington Wizards","Richaun Holmes","Vet",0.69,1.4,-0.48,1.17,0.9,-0.05,0.95,14.07,0.654,0.722,0.239,0.035,8.344,0.751,5.237,0.802,0.43,0.17,16.126,3.99,0.125,1.893,0.02,0.967,0.009,2.461
203944,"Minnesota Timberwolves","Julius Randle","Vet",0.68,-0.88,1.09,-0.41,0.59,1.54,-0.95,20.674,0.54,6.843,0.337,0.325,6.251,0.694,7.099,0.8,0.345,0.243,11.248,7.913,0.232,0.466,0.005,1.003,0.01,4.342
1628960,"Phoenix Suns","Grayson Allen","Vet",0.66,-0.42,1.19,-0.53,1.38,1.49,-0.11,14.255,0.536,10.471,0.409,0.726,2.216,0.686,2.894,0.851,0.214,0.157,5.883,4.539,0.124,0.692,0.007,1.527,0.015,1.812
1629012,"Utah Jazz","Collin Sexton","Vet",0.65,0.16,2.11,-1.46,-0.42,1.77,-2.19,25.919,0.513,8.167,0.384,0.307,4.619,0.666,7.604,0.862,0.303,0.276,5.031,7.944,0.254,0.297,0.003,1.334,0.013,4.142
1630559,"Los Angeles Lakers","Austin Reaves","Vet",0.63,0.04,1.79,-1.15,0.42,2.28,-1.86,20.702,0.555,10.431,0.365,0.518,3.581,0.738,7.506,0.88,0.361,0.237,6.008,7.957,0.243,0.462,0.005,1.38,0.014,3.393
203114,"Washington Wizards","Khris Middleton","Vet",0.63,-0.71,0.61,0.02,0.66,0.71,-0.05,20.361,0.54,7.082,0.377,0.373,2.695,0.663,4.789,0.849,0.211,0.227,8.077,8.508,0.26,0.494,0.005,1.644,0.017,3.705
1627780,"Golden State Warriors","Gary Payton II","Vet",0.59,-0.15,-0.19,0.77,0.97,-0.31,1.28,15.254,0.659,4.342,0.329,0.3,6.662,0.762,2.764,0.737,0.185,0.164,9.578,4.149,0.121,0.965,0.01,2.57,0.027,1.988
1627736,"Detroit Pistons","Malik Beasley","Vet",0.58,0.57,1,-0.41,0.49,1.52,-1.03,21.777,0.532,16.081,0.377,0.741,1.37,0.675,2.519,0.685,0.113,0.214,4.668,2.859,0.075,0.156,0.001,1.507,0.015,1.402
1630549,"Brooklyn Nets","Day'Ron Sharpe","Vet",0.58,0.68,-0.43,1.01,0.01,-0.63,0.64,17.149,0.593,2.364,0.325,0.118,9.224,0.679,5.032,0.726,0.287,0.198,16.897,5.004,0.152,2.708,0.03,1.912,0.019,3.559
201143,"Boston Celtics","Al Horford","Vet",0.58,-0.26,-1.14,1.71,0.59,0,0.59,12.565,0.573,7.99,0.38,0.596,2.294,0.739,1.167,0.812,0.094,0.126,11.194,3.273,0.09,1.553,0.017,1.194,0.012,1.102
1629652,"Oklahoma City Thunder","Luguentz Dort","Vet",0.57,0.39,-0.52,1.1,-1.23,-1.7,0.47,13.132,0.51,9.503,0.38,0.701,1.865,0.603,1.348,0.811,0.151,0.126,6.505,2.862,0.075,0.667,0.008,1.648,0.017,1.144
1628978,"Minnesota Timberwolves","Donte DiVincenzo","Vet",0.57,-0.22,0.27,0.3,0.68,0.89,-0.21,17.85,0.512,13.009,0.381,0.755,2.639,0.614,2.224,0.802,0.139,0.189,6.505,6.566,0.185,0.503,0.006,2.244,0.022,2.471
1631107,"Miami Heat","Nikola Jovic","Vet",0.5,0.18,-0.14,0.64,0.66,0.07,0.59,18.169,0.553,9.805,0.366,0.55,3.23,0.698,3.625,0.803,0.201,0.195,7.713,6.083,0.178,0.563,0.006,1.542,0.015,2.886
1629655,"Dallas Mavericks","Daniel Gafford","Vet",0.49,-0.16,0.27,0.22,0.57,0.85,-0.28,18.054,0.651,0.859,0.154,0.043,11.778,0.766,7.229,0.655,0.473,0.221,15.463,3.643,0.108,3.983,0.045,1.17,0.012,2.88
201144,"Minnesota Timberwolves","Mike Conley","Vet",0.48,-0.23,-0.53,1.01,1.51,0.75,0.76,12.899,0.492,8.895,0.394,0.683,1.556,0.597,2.228,0.866,0.163,0.134,5.315,8.882,0.24,0.439,0.005,2.139,0.021,2.074
1627884,"Los Angeles Clippers","Derrick Jones Jr.","Vet",0.46,0.4,-0.48,0.94,-0.5,-0.82,0.32,15.425,0.604,5.788,0.351,0.368,6.248,0.714,3.449,0.728,0.228,0.167,6.879,2.166,0.054,1.001,0.011,1.777,0.018,1.644
1630193,"Toronto Raptors","Immanuel Quickley","Vet",0.44,-0.08,1.02,-0.58,0.34,1.61,-1.27,23.095,0.504,11.912,0.364,0.519,3.075,0.636,6.965,0.862,0.287,0.243,5.8,9.041,0.282,0.178,0.002,1.348,0.014,2.842
1629731,"Cleveland Cavaliers","Dean Wade","Vet",0.44,-0.11,-0.73,1.16,-1,-1.12,0.12,10.567,0.542,8.766,0.36,0.781,1.247,0.733,1.202,0.634,0.135,0.105,10.037,2.796,0.079,0.845,0.01,1.67,0.016,0.837
1630583,"Memphis Grizzlies","Santi Aldama","Vet",0.42,1.66,0.38,0.04,0.53,0.7,-0.17,20.714,0.552,10.025,0.352,0.494,4.637,0.712,2.598,0.709,0.13,0.203,11.517,5.527,0.163,1.141,0.012,1.442,0.014,2.003
1631099,"Sacramento Kings","Keegan Murray","Vet",0.41,-0.15,0.13,0.28,-0.8,-0.44,-0.36,15.285,0.575,8.649,0.376,0.544,2.488,0.736,1.697,0.84,0.119,0.151,8.637,2.439,0.065,1.18,0.013,1.234,0.012,1.163
203486,"Phoenix Suns","Mason Plumlee","Vet",0.41,1.41,-1.57,1.98,0.55,-1.74,2.29,8.898,0.634,0.718,0.115,0.037,6.035,0.738,4.997,0.645,0.535,0.113,17.081,4.92,0.133,1.53,0.017,1.23,0.012,1.908
1629638,"Minnesota Timberwolves","Nickeil Alexander-Walker","Vet",0.41,-0.05,-0.11,0.52,-1.08,-0.52,-0.56,14.309,0.532,8.999,0.383,0.618,2.586,0.628,2.152,0.799,0.158,0.148,5.425,4.639,0.127,0.752,0.008,1.412,0.014,1.954
1629750,"Cleveland Cavaliers","Javonte Green","Vet",0.38,-1.24,-0.68,1.06,1.09,-0.54,1.63,11.363,0.604,6.054,0.341,0.566,3.663,0.692,2.673,0.726,0.258,0.129,8.656,2.442,0.068,1.129,0.013,2.375,0.024,1.303
1641739,"Portland Trail Blazers","Toumani Camara","Sophomore",0.37,0.67,-0.79,1.16,0.22,-0.95,1.17,13.735,0.549,6.27,0.362,0.453,5.135,0.656,3.57,0.781,0.231,0.157,9.123,3.847,0.108,0.956,0.011,1.996,0.02,2.149
1630200,"Chicago Bulls","Tre Jones","Vet",0.36,0.3,0.48,-0.12,0.38,0.63,-0.25,13.763,0.569,2.986,0.343,0.164,5.885,0.686,3.719,0.842,0.228,0.153,6.354,8.788,0.264,0.348,0.004,1.867,0.019,2.363
1626156,"Brooklyn Nets","D'Angelo Russell","Vet",0.36,-0.62,0.72,-0.36,0.68,0.73,-0.05,23.645,0.494,13.332,0.367,0.554,2.659,0.676,5.333,0.852,0.201,0.26,5.194,10.292,0.336,0.756,0.008,1.577,0.015,3.827
1630228,"Golden State Warriors","Jonathan Kuminga","Vet",0.36,0.74,0.79,-0.44,0.46,1.42,-0.96,26.606,0.557,6.576,0.336,0.255,7.156,0.726,9.714,0.648,0.366,0.308,9.363,5.102,0.166,0.877,0.01,1.523,0.015,3.276
203482,"New Orleans Pelicans","Kelly Olynyk","Vet",0.34,1.37,-0.65,0.99,0.55,-0.52,1.07,14.517,0.572,4.594,0.353,0.313,5.403,0.708,4.948,0.817,0.328,0.168,11.577,6.982,0.193,0.949,0.01,1.779,0.018,3.46
1629001,"Brooklyn Nets","De'Anthony Melton","Vet",0.34,-0.62,-0.44,0.77,0.55,-0.65,1.2,19.224,0.458,10.588,0.356,0.538,3.495,0.604,3.141,0.759,0.168,0.196,7.21,5.807,0.182,0.854,0.009,2.882,0.028,2.457
203992,"Los Angeles Clippers","Bogdan Bogdanovic","Vet",0.33,-1.39,0.04,0.29,-1.06,-1.02,-0.04,17.576,0.505,10.581,0.375,0.577,2.487,0.604,2.481,0.882,0.141,0.184,5.291,5.169,0.156,0.538,0.006,1.688,0.017,2.45
203991,"Atlanta Hawks","Clint Capela","Vet",0.32,-0.94,-1.12,1.44,-0.42,-0.48,0.06,15.798,0.595,0.689,0.126,0.039,12.703,0.669,4.608,0.577,0.289,0.176,19.119,2.618,0.074,2.252,0.025,1.29,0.013,1.897
1631128,"Denver Nuggets","Christian Braun","Vet",0.32,1.44,0.45,-0.13,0.03,0.48,-0.45,16.997,0.604,5.419,0.36,0.31,7.317,0.703,4.053,0.799,0.235,0.179,7.571,3.771,0.113,0.711,0.008,1.492,0.015,1.561
1631169,"Minnesota Timberwolves","Josh Minott","Vet",0.31,1.01,-0.86,1.16,0.54,-0.78,1.32,16.512,0.56,7.432,0.349,0.462,6.956,0.666,3.921,0.803,0.191,0.18,8.55,3.049,0.089,2.335,0.024,2.099,0.021,1.942
1629626,"Phoenix Suns","Bol Bol","Vet",0.3,0.37,-0.35,0.64,0.86,-0.12,0.98,18.845,0.64,9.38,0.358,0.488,2.106,0.784,2.123,0.779,0.131,0.193,12.336,2.631,0.072,2.407,0.027,1.045,0.011,1.732
1630188,"Chicago Bulls","Jalen Smith","Vet",0.3,0.82,0.19,0.1,1.57,0.86,0.71,19.311,0.631,11.286,0.356,0.566,6.298,0.726,4.076,0.776,0.224,0.206,16.056,3.189,0.093,2.249,0.024,0.949,0.009,1.74
1629021,"Orlando Magic","Moritz Wagner","Vet",0.28,-0.03,-0.41,0.69,0.5,0.53,-0.03,22.135,0.629,6.621,0.333,0.288,10.896,0.731,8.057,0.738,0.384,0.274,13.046,4.687,0.153,0.88,0.01,1.777,0.018,3.795
1626153,"New York Knicks","Delon Wright","Vet",0.28,0.52,-0.9,1.19,0.74,-0.63,1.37,11.32,0.47,6.748,0.318,0.538,2.535,0.636,2.85,0.688,0.176,0.137,6.049,6.123,0.183,0.833,0.009,4.127,0.036,2.078
1630174,"Indiana Pacers","Aaron Nesmith","Vet",0.28,0.19,0.31,-0.04,-0.97,-0.2,-0.77,15.744,0.589,8.634,0.389,0.544,3.396,0.693,2.997,0.858,0.215,0.161,6.906,3.019,0.085,0.83,0.009,1.367,0.014,1.475
1626166,"New York Knicks","Cameron Payne","Vet",0.27,1.41,0.53,-0.25,0.0700000000000001,0.56,-0.49,21.013,0.484,12.078,0.361,0.552,3.454,0.581,2.986,0.842,0.136,0.215,4.972,8.936,0.262,0.642,0.007,1.803,0.018,3.095
1628418,"Indiana Pacers","Thomas Bryant","Vet",0.26,0.83,0.36,-0.1,1.72,1.17,0.55,16.853,0.628,6.949,0.358,0.409,6.646,0.735,3.803,0.812,0.236,0.181,13.557,3.498,0.103,1.824,0.02,1.191,0.012,2.073
1631119,"Oklahoma City Thunder","Jaylin Williams","Vet",0.26,0.34,-0.6,0.86,0.19,-0.67,0.86,12.886,0.552,9.227,0.367,0.708,2.155,0.671,1.44,0.79,0.14,0.136,15.266,6.74,0.177,1.681,0.02,1.47,0.014,1.887
1630541,"Golden State Warriors","Moses Moody","Vet",0.25,-0.14,0.37,-0.12,-0.17,0.13,-0.3,15.334,0.57,8.718,0.387,0.567,2.908,0.724,3.317,0.797,0.212,0.156,6.19,2.726,0.072,0.795,0.009,1.43,0.014,1.36
1630577,"San Antonio Spurs","Julian Champagnie","Vet",0.25,0.38,0.02,0.23,0.5,0.18,0.32,15.876,0.561,11.225,0.378,0.684,3.138,0.673,2.189,0.855,0.166,0.162,7.535,3.113,0.089,0.898,0.01,1.578,0.016,1.653
1630171,"Cleveland Cavaliers","Isaac Okoro","Vet",0.24,0.17,-0.54,0.78,-0.99,-1.52,0.53,12.074,0.571,7.532,0.37,0.588,3.675,0.656,2.118,0.724,0.233,0.121,5.846,3.01,0.078,0.855,0.009,1.573,0.015,1.178
1627742,"Toronto Raptors","Brandon Ingram","Vet",0.24,-1.09,0.56,-0.32,-0.15,0.5,-0.65,25.391,0.529,8.676,0.362,0.341,3.62,0.692,5.577,0.8,0.24,0.286,7.885,8.367,0.26,0.87,0.009,1.25,0.012,4.534
1629622,"Cleveland Cavaliers","Max Strus","Vet",0.24,0.51,-0.06,0.3,-0.32,-0.02,-0.3,13.923,0.571,11.986,0.375,0.821,2.116,0.667,0.878,0.832,0.089,0.136,7.8,5.248,0.132,0.427,0.005,1.304,0.013,1.719
1630224,"Houston Rockets","Jalen Green","Vet",0.24,0.08,1.38,-1.15,0.92,2.29,-1.37,25.167,0.519,12.05,0.345,0.473,5.419,0.656,5.81,0.829,0.242,0.262,6.497,5.346,0.176,0.371,0.004,1.169,0.011,3.544
1631217,"Charlotte Hornets","Moussa Diabate","Vet",0.22,1.48,-0.22,0.44,-0.07,-0.1,0.03,13.621,0.594,0.657,0.181,0.039,8.885,0.692,5.555,0.608,0.402,0.173,16.049,3.137,0.094,1.435,0.017,1.759,0.018,2.717
1630581,"Chicago Bulls","Josh Giddey","Vet",0.22,-0.21,0.5,-0.29,2.37,1.7,0.67,18.013,0.531,6.264,0.354,0.346,5.58,0.64,5.002,0.807,0.247,0.214,12.402,10.553,0.315,0.937,0.011,1.52,0.015,4.267
1629661,"Brooklyn Nets","Cameron Johnson","Vet",0.2,-0.33,1.12,-0.92,1.71,2.35,-0.64,22.39,0.549,11.522,0.39,0.505,5.11,0.708,6.477,0.877,0.272,0.245,6.576,4.934,0.156,0.556,0.006,1.514,0.015,2.619
203914,"Orlando Magic","Gary Harris","Vet",0.2,-0.04,-1.41,1.61,-0.51,-1.2,0.69,8.903,0.497,6.3,0.361,0.737,0.842,0.659,1.039,0.715,0.131,0.081,4.405,2.505,0.066,0.606,0.006,1.846,0.019,1.119
1628976,"Orlando Magic","Wendell Carter Jr.","Vet",0.2,-0.53,-1.27,1.47,-1.1,-1.18,0.08,14.446,0.602,3.863,0.338,0.267,5.429,0.753,5.401,0.734,0.327,0.172,13.644,4.164,0.12,0.985,0.01,1.382,0.014,2.405
202692,"Miami Heat","Alec Burks","Vet",0.17,1.4,-0.39,0.56,0.03,0.1,-0.07,14.855,0.5,10.893,0.383,0.73,1.139,0.562,3.07,0.814,0.224,0.146,7.251,3.227,0.089,0.382,0.004,1.483,0.015,1.241
203935,"Washington Wizards","Marcus Smart","Vet",0.17,-0.89,-0.42,0.59,-0.82,-1.09,0.27,19.219,0.488,9.236,0.346,0.513,2.88,0.648,4.967,0.797,0.241,0.212,4.895,7.405,0.254,0.436,0.004,2.481,0.023,4.092
1629631,"Cleveland Cavaliers","De'Andre Hunter","Vet",0.15,0.93,0.85,-0.7,-0.23,0.83,-1.06,17.866,0.537,9.79,0.384,0.53,2.893,0.654,6.182,0.845,0.338,0.196,6.846,2.903,0.084,0.397,0.004,1.088,0.011,2.06
204456,"Indiana Pacers","T.J. McConnell","Vet",0.15,-0.93,0.69,-0.55,0.53,0.65,-0.12,21.008,0.561,2.213,0.293,0.136,5.879,0.68,2.556,0.776,0.13,0.232,6.402,12.121,0.36,0.551,0.006,2.802,0.028,3.961
1630215,"Philadelphia 76ers","Jared Butler","Vet",0.14,1.43,0.48,-0.35,-0.0399999999999999,0.55,-0.59,19.165,0.569,7.167,0.332,0.397,5.182,0.691,3.999,0.812,0.227,0.209,5.738,10.455,0.308,0.659,0.007,1.988,0.019,3.795
1628975,"Chicago Bulls","Jevon Carter","Vet",0.1,0.39,-0.18,0.27,-0.65,-0.53,-0.12,18.885,0.488,13.596,0.355,0.731,1.418,0.586,1.32,0.762,0.073,0.186,4.968,5.88,0.173,0.512,0.005,1.846,0.018,1.955
1628381,"Utah Jazz","John Collins","Vet",0.09,1.17,0.41,-0.32,1.1,0.93,0.17,21.301,0.575,6.428,0.374,0.304,5.69,0.75,6.311,0.812,0.288,0.245,12.912,2.931,0.079,1.658,0.018,1.21,0.012,3.235
1630241,"Cleveland Cavaliers","Sam Merrill","Vet",0.08,1.09,0.24,-0.16,-0.06,0.27,-0.33,14.17,0.533,12.554,0.386,0.856,0.933,0.668,1.149,0.896,0.094,0.13,5.174,2.982,0.081,0.38,0.004,1.47,0.015,0.84
1629680,"Portland Trail Blazers","Matisse Thybulle","Vet",0.08,0.07,-1.31,1.39,0.93,-0.77,1.7,17.001,0.562,7.253,0.339,0.517,2.625,0.67,1.701,0.706,0.142,0.154,5.558,3.692,0.119,1.338,0.015,3.38,0.034,1.46
1629162,"San Antonio Spurs","Jordan McLaughlin","Vet",0.06,-0.4,-0.37,0.43,0.37,0,0.37,13.532,0.507,7.473,0.364,0.569,2.059,0.611,3.24,0.722,0.22,0.151,5.271,8.523,0.218,0.244,0.002,2.477,0.024,2.616
1629312,"Miami Heat","Haywood Highsmith","Vet",0.05,0.13,-1.17,1.22,0.82,-0.55,1.37,10.6,0.594,6.353,0.364,0.585,2.178,0.685,1.416,0.733,0.134,0.116,6.962,3.151,0.086,0.96,0.011,1.897,0.018,1.376
1630551,"Washington Wizards","Justin Champagnie","Vet",0.04,0.68,-0.12,0.15,0.68,0.25,0.43,15.392,0.593,8.017,0.343,0.532,4.678,0.74,3.214,0.757,0.204,0.169,11.214,3.004,0.084,1.647,0.018,1.998,0.02,1.964
1641764,"Golden State Warriors","Brandin Podziemski","Sophomore",0.03,1.32,-0.4,0.43,-0.45,-0.54,0.09,20.961,0.503,9.445,0.334,0.463,3.304,0.675,3.497,0.749,0.145,0.211,9.196,7.133,0.218,0.391,0.004,1.858,0.019,2.322
1630166,"Portland Trail Blazers","Deni Avdija","Vet",0.01,0.07,0.47,-0.46,-0.47,0.45,-0.92,20.972,0.57,6.925,0.338,0.346,7.708,0.687,8.82,0.754,0.429,0.252,10.876,6.8,0.202,0.747,0.008,1.437,0.014,4.329
1626171,"Milwaukee Bucks","Bobby Portis","Vet",0,0.86,0.04,-0.03,0.37,0.16,0.21,23.424,0.51,7.245,0.371,0.28,4.618,0.665,2.892,0.767,0.117,0.25,15.648,4.321,0.135,0.874,0.01,1.458,0.014,2.695
203468,"New Orleans Pelicans","CJ McCollum","Vet",-0.01,-0.44,0.93,-0.94,-0.2,1.17,-1.37,23.398,0.523,11.441,0.383,0.475,4.331,0.634,3.648,0.761,0.148,0.254,5.468,5.748,0.174,0.606,0.007,1.189,0.012,2.807
201950,"Boston Celtics","Jrue Holiday","Vet",-0.04,-1.59,-0.64,0.6,-0.87,-0.15,-0.72,13.509,0.528,7.343,0.375,0.529,2.604,0.679,1.422,0.844,0.087,0.143,6.885,6.009,0.166,0.688,0.007,1.621,0.016,2.181
1630568,"Minnesota Timberwolves","Luka Garza","Vet",-0.07,0.61,0.7,-0.77,-0.01,0.79,-0.8,21.54,0.6,7.528,0.309,0.348,7.095,0.702,8.586,0.698,0.339,0.25,10.872,2.705,0.073,0.857,0.009,1.317,0.014,2.719
1629130,"Miami Heat","Duncan Robinson","Vet",-0.08,0.47,-0.06,-0.02,0.55,1.06,-0.51,17.846,0.562,12.794,0.382,0.728,1.936,0.706,1.633,0.88,0.096,0.186,4.88,5.123,0.154,0.182,0.002,1.213,0.012,2.279
1630643,"Memphis Grizzlies","Jay Huff","Vet",-0.1,1.22,-0.25,0.15,0.33,-0.09,0.42,18.016,0.628,12.712,0.367,0.669,4.123,0.745,3.187,0.772,0.212,0.19,9.392,2.729,0.079,3.089,0.034,1.108,0.011,2.016
1628379,"Memphis Grizzlies","Luke Kennard","Vet",-0.11,0.4,0.61,-0.72,0.03,0.6,-0.57,15.16,0.525,8.184,0.413,0.529,1.497,0.664,2.405,0.869,0.146,0.154,5.476,7.068,0.195,0.16,0.002,1.335,0.013,2.522
1629684,"Charlotte Hornets","Grant Williams","Vet",-0.14,1.36,-0.2,0.07,-0.75,-0.5,-0.25,17.12,0.54,7.89,0.369,0.508,3.193,0.724,4.024,0.756,0.259,0.189,8.38,4.884,0.136,1.002,0.011,1.287,0.013,2.578
1629637,"Los Angeles Lakers","Jaxson Hayes","Vet",-0.15,1.07,-1.51,1.36,0.24,-1.32,1.56,10.732,0.676,0.835,0.237,0.042,6.992,0.793,4.445,0.723,0.386,0.135,12.297,2.996,0.082,2.194,0.025,1.471,0.015,2.089
1628988,"Houston Rockets","Aaron Holiday","Vet",-0.23,0.25,-0.4,0.18,-0.08,0.18,-0.26,17.053,0.521,10.888,0.371,0.62,1.701,0.63,2.567,0.872,0.152,0.17,4.825,4.785,0.142,0.325,0.004,1.657,0.016,2.034
1630560,"Brooklyn Nets","Cam Thomas","Vet",-0.23,-0.23,1.65,-1.88,0.55,2.38,-1.83,30.253,0.478,14.846,0.361,0.414,5.238,0.631,9.177,0.87,0.29,0.349,5.298,6.686,0.248,0.154,0.002,1.14,0.011,4.061
1627747,"Atlanta Hawks","Caris LeVert","Vet",-0.23,0.05,0.16,-0.39,-1.83,-1.19,-0.64,19.403,0.523,9.002,0.355,0.439,5.918,0.654,4.535,0.756,0.241,0.196,5.914,5.402,0.154,0.808,0.009,1.781,0.018,2.074
1630530,"New Orleans Pelicans","Trey Murphy III","Vet",-0.24,-1.88,0.66,-0.91,0.37,1.2,-0.83,20.976,0.582,10.718,0.37,0.498,5.649,0.72,6.042,0.882,0.281,0.237,7.116,5.155,0.162,0.906,0.011,1.483,0.015,2.8
1629060,"Los Angeles Lakers","Rui Hachimura","Vet",-0.24,0.72,0,-0.25,-1.82,0.21,-2.03,18.827,0.57,7.922,0.377,0.444,5.051,0.753,3.5,0.749,0.186,0.198,7.946,2.972,0.086,0.607,0.007,1.078,0.011,1.359
1628370,"Sacramento Kings","Malik Monk","Vet",-0.26,0.53,0.66,-0.92,-1.01,0.12,-1.13,21.668,0.533,9.459,0.358,0.436,3.98,0.667,3.962,0.851,0.182,0.237,5.536,9.201,0.268,0.802,0.009,1.442,0.015,3.522
202691,"Dallas Mavericks","Klay Thompson","Vet",-0.26,0.63,0.55,-0.81,-1.11,0.3,-1.41,25.11,0.484,15.182,0.404,0.574,2.294,0.686,2.505,0.907,0.094,0.255,6.062,4.121,0.128,0.745,0.008,1.185,0.012,2.268
1630180,"Washington Wizards","Saddiq Bey","Vet",-0.26,-0.08,0.08,-0.35,-1.7,-0.7,-1,20.184,0.496,8.769,0.36,0.458,4.852,0.637,4.964,0.811,0.235,0.214,9.567,3.156,0.093,0.38,0.004,1.361,0.014,1.525
1628989,"Chicago Bulls","Kevin Huerter","Vet",-0.26,-0.9,0,-0.27,0.08,0.31,-0.23,17.718,0.534,12.24,0.365,0.677,2.593,0.705,1.756,0.756,0.109,0.181,5.769,3.949,0.111,0.545,0.006,1.755,0.018,1.718
1630538,"Minnesota Timberwolves","Nah'Shon Hyland","Vet",-0.27,0.57,-0.21,-0.06,1.46,0.35,1.11,22.495,0.478,14.626,0.345,0.669,3.583,0.644,4.659,0.845,0.172,0.229,5.811,7.107,0.22,0.673,0.007,2.514,0.025,3.415
1627732,"Los Angeles Clippers","Ben Simmons","Vet",-0.27,-0.7,-1.78,1.51,-0.39,-1.34,0.95,11.221,0.554,0.697,0.152,0.038,5.343,0.694,2.688,0.645,0.236,0.139,11.757,12.175,0.352,1.056,0.012,2.05,0.019,4.312
1630590,"Memphis Grizzlies","Scotty Pippen Jr.","Vet",-0.27,0.04,-0.98,0.71,0.19,-0.89,1.08,16.306,0.552,6.167,0.362,0.382,4.673,0.68,5.004,0.725,0.281,0.185,7.433,9.124,0.255,0.682,0.007,2.716,0.028,3.592
1630256,"Houston Rockets","Jae'Sean Tate","Vet",-0.28,-0.17,-1.74,1.45,-1.02,-1.83,0.81,11.893,0.546,3.496,0.315,0.283,4.621,0.67,3.354,0.684,0.261,0.137,9.204,3.53,0.101,0.518,0.006,2,0.021,2.15
1630526,"New Orleans Pelicans","Jeremiah Robinson-Earl","Vet",-0.3,0.92,0.03,-0.33,0.19,0.18,0.01,13.085,0.551,6.232,0.348,0.501,3.832,0.668,1.989,0.796,0.151,0.141,12.041,2.999,0.083,0.502,0.005,1.531,0.015,1.514
1631094,"Orlando Magic","Paolo Banchero","Vet",-0.3,-0.57,0.48,-0.78,0.5,1.75,-1.25,26.465,0.516,8.428,0.333,0.328,6.08,0.667,11.877,0.734,0.389,0.304,9.826,7.336,0.251,0.87,0.01,1.23,0.013,4.318
1630611,"Golden State Warriors","Gui Santos","Sophomore",-0.31,0.87,-0.57,0.26,-0.42,-0.66,0.24,11.853,0.588,6.068,0.352,0.5,4.046,0.712,3.322,0.771,0.273,0.136,10.29,4.557,0.123,0.724,0.008,1.583,0.016,2.362
1631221,"Phoenix Suns","Collin Gillespie","Vet",-0.33,1.38,-0.03,-0.3,-0.24,0.04,-0.28,18.362,0.538,8.526,0.339,0.474,3.517,0.643,3.379,0.769,0.179,0.196,5.696,7.781,0.242,0.512,0.006,1.97,0.02,3.129
1642530,"Memphis Grizzlies","Yuki Kawamura","Rookie",-0.33,1.62,-0.07,-0.26,-0.3,-0.06,-0.24,18.851,0.491,9.926,0.326,0.594,2.853,0.576,3.08,0.789,0.163,0.191,4.056,8.511,0.308,0.011,0,2.117,0.021,3.423
1628415,"Houston Rockets","Dillon Brooks","Vet",-0.34,0.06,-0.25,-0.1,-1.52,-0.74,-0.78,18.4,0.492,10.636,0.373,0.564,2.274,0.617,2.593,0.828,0.144,0.176,5.825,2.874,0.075,0.29,0.003,1.306,0.013,1.511
1641717,"Oklahoma City Thunder","Cason Wallace","Sophomore",-0.35,-0.49,-1.03,0.68,-0.54,-0.87,0.33,12.738,0.567,6.367,0.374,0.483,3.627,0.689,1.4,0.809,0.117,0.128,5.703,4.088,0.109,0.727,0.009,2.643,0.026,1.514
1626220,"Phoenix Suns","Royce O'Neale","Vet",-0.35,-0.42,-0.2,-0.15,-0.11,-0.24,0.13,14.081,0.517,11.779,0.376,0.827,1.313,0.65,0.795,0.757,0.082,0.137,9.071,4.132,0.112,0.715,0.008,1.646,0.016,1.333
203957,"Dallas Mavericks","Dante Exum","Vet",-0.37,-0.39,-0.25,-0.12,-1.48,-0.55,-0.93,16.82,0.506,6.833,0.374,0.406,5.174,0.648,4.064,0.763,0.242,0.188,5.276,7.207,0.236,0.45,0.005,1.332,0.013,3.007
1629111,"Houston Rockets","Jock Landale","Vet",-0.37,-1.09,-1.53,1.16,-1.11,-1.67,0.56,15.015,0.554,2.85,0.287,0.144,5.647,0.661,4.1,0.741,0.271,0.163,12.564,3.66,0.104,1.556,0.017,1.092,0.011,1.846
1628969,"New York Knicks","Mikal Bridges","Vet",-0.37,-0.28,0.45,-0.82,-0.17,0.62,-0.79,18.068,0.561,6.295,0.375,0.348,3.915,0.711,2.156,0.827,0.135,0.181,4.7,4.876,0.141,0.689,0.007,1.34,0.013,1.987
1630700,"Atlanta Hawks","Dyson Daniels","Vet",-0.38,-0.06,-1.17,0.8,-0.68,-1.38,0.7,15.8,0.551,3.946,0.329,0.215,5.758,0.662,3.09,0.64,0.19,0.173,8.056,6.191,0.18,0.761,0.008,3.068,0.032,2.713
1627824,"Philadelphia 76ers","Guerschon Yabusele","Vet",-0.38,0.39,-0.13,-0.25,0.18,0.16,0.02,14.102,0.613,6.858,0.366,0.479,4.772,0.727,2.994,0.762,0.233,0.16,10.08,3.703,0.105,0.668,0.008,1.428,0.014,2.081
1630230,"Dallas Mavericks","Naji Marshall","Vet",-0.39,0.49,-0.04,-0.34,0.07,0.36,-0.29,20.611,0.568,6.616,0.355,0.33,5.567,0.671,4.475,0.846,0.231,0.229,9.342,6.039,0.204,0.366,0.004,1.858,0.019,3.144
1628420,"Phoenix Suns","Monte Morris","Vet",-0.39,0.02,-0.09,-0.3,-2.05,-1.44,-0.61,17.947,0.479,6.854,0.363,0.412,2.219,0.684,3.173,0.79,0.164,0.175,5.653,7.061,0.211,0.415,0.004,1.583,0.016,1.818
1630214,"Boston Celtics","Xavier Tillman","Vet",-0.41,-0.29,-2,1.6,-0.04,-2.09,2.05,14.451,0.522,8.952,0.306,0.594,2.777,0.675,1.927,0.511,0.145,0.165,10.343,2.556,0.078,1.601,0.017,2.362,0.025,1.962
1641774,"Washington Wizards","Tristan Vukcevic","Sophomore",-0.41,1.22,-0.01,-0.4,-0.31,0.09,-0.4,21.144,0.557,10.417,0.307,0.497,5.136,0.703,6.254,0.742,0.302,0.245,12.506,3.695,0.118,1.828,0.019,1.423,0.014,3.167
1628963,"Memphis Grizzlies","Marvin Bagley III","Vet",-0.44,0.61,-0.47,0.03,-2.09,-0.65,-1.44,15.67,0.579,3.894,0.309,0.31,8.078,0.73,5.233,0.702,0.272,0.18,13.436,2.282,0.05,1.397,0.016,1.191,0.012,2.223
202685,"Sacramento Kings","Jonas Valanciunas","Vet",-0.45,0.52,-1.03,0.58,-0.55,-0.88,0.33,18.61,0.6,1.315,0.333,0.036,7.094,0.695,4.985,0.825,0.257,0.211,20.711,5.661,0.173,1.487,0.016,1.115,0.011,3.58
1641744,"Memphis Grizzlies","Zach Edey","Rookie",-0.46,0.97,-1.05,0.58,-0.75,-1.14,0.39,14.58,0.606,1.568,0.294,0.073,7.574,0.737,3.984,0.71,0.256,0.158,17.079,1.993,0.056,2.844,0.032,1.117,0.011,2.617
1630175,"Orlando Magic","Cole Anthony","Vet",-0.47,0.02,-0.84,0.37,-0.83,-0.65,-0.18,21.337,0.514,8.305,0.358,0.38,3.834,0.64,4.409,0.843,0.213,0.228,7.811,7.786,0.243,1.15,0.013,1.765,0.018,3.667
1631157,"Milwaukee Bucks","Ryan Rollins","Vet",-0.47,-0.22,-1.28,0.82,-0.61,-1.38,0.77,17.656,0.538,7.968,0.35,0.455,4.683,0.663,3.421,0.799,0.172,0.192,6.514,5.115,0.149,0.938,0.01,2.46,0.024,3.131
1629726,"Atlanta Hawks","Garrison Mathews","Vet",-0.51,0.59,-0.36,-0.16,-0.15,0.21,-0.36,15.831,0.492,13.063,0.372,0.862,0.913,0.664,4.162,0.781,0.216,0.17,5.298,3.227,0.092,0.589,0.007,1.444,0.014,1.761
1628380,"Chicago Bulls","Zach Collins","Vet",-0.52,1.68,-1.23,0.71,0.8,-0.38,1.18,15.802,0.601,6.194,0.346,0.372,5.968,0.697,4,0.817,0.234,0.174,13.217,4.908,0.14,1.473,0.016,1.361,0.013,2.472
1631095,"Houston Rockets","Jabari Smith Jr.","Vet",-0.54,0.51,-0.8,0.26,-1.12,-0.86,-0.26,16.571,0.508,7.893,0.349,0.461,3.025,0.705,3.667,0.813,0.217,0.17,10.328,1.925,0.051,1.212,0.013,0.852,0.009,1.467
1630540,"New York Knicks","Miles McBride","Vet",-0.54,0.68,-0.27,-0.27,-1.33,-0.71,-0.62,15.915,0.513,9,0.378,0.549,2.636,0.615,1.876,0.834,0.11,0.149,4.795,5.154,0.144,0.444,0.005,1.789,0.018,1.24
1629632,"Chicago Bulls","Coby White","Vet",-0.55,-0.72,0.89,-1.44,-0.26,1.19,-1.45,21.913,0.53,11.671,0.367,0.513,5.803,0.653,5.586,0.894,0.245,0.235,4.966,6.059,0.192,0.284,0.003,1.318,0.013,3.088
1630167,"Indiana Pacers","Obi Toppin","Vet",-0.56,-0.83,0.66,-1.22,0.42,1.13,-0.71,17.601,0.65,8.87,0.372,0.492,6.034,0.776,3.467,0.793,0.193,0.189,9.937,3.854,0.108,0.911,0.01,1.4,0.014,1.908
1628970,"Charlotte Hornets","Miles Bridges","Vet",-0.58,0.09,0.51,-1.09,0.47,2.03,-1.56,26.46,0.544,10.546,0.362,0.379,8.066,0.689,6.249,0.868,0.227,0.285,11.2,5.717,0.193,0.894,0.01,1.216,0.012,3.288
1641775,"Boston Celtics","Jordan Walsh","Sophomore",-0.58,0.87,-1.66,1.08,-0.43,-1.68,1.25,10.638,0.547,5.793,0.319,0.603,2.659,0.675,2.124,0.667,0.194,0.115,9.287,2.844,0.08,1.036,0.011,1.59,0.016,1.875
1626168,"Sacramento Kings","Trey Lyles","Vet",-0.59,-1.08,-0.68,0.1,-0.98,-0.36,-0.62,14.178,0.545,8.201,0.356,0.556,3.295,0.672,3.018,0.72,0.207,0.152,12.398,3.492,0.101,0.948,0.01,1.214,0.012,1.838
1626204,"Atlanta Hawks","Larry Nance Jr.","Vet",-0.6,-1.53,-1.15,0.56,1.28,-0.13,1.41,16.68,0.575,7.54,0.345,0.427,4.522,0.729,2.272,0.709,0.144,0.18,11.837,4.402,0.135,0.965,0.011,2.165,0.022,1.871
1629646,"San Antonio Spurs","Charles Bassey","Vet",-0.6,-0.99,-0.97,0.37,0.0499999999999999,-0.92,0.97,17.079,0.599,0.813,0.191,0.041,9.231,0.705,4.058,0.659,0.263,0.2,18.801,3.018,0.086,3.168,0.036,1.633,0.017,2.949
1627777,"Atlanta Hawks","Georges Niang","Vet",-0.61,0.4,0.31,-0.92,-0.13,0.67,-0.8,17.567,0.552,11.71,0.379,0.655,2.765,0.665,1.636,0.832,0.091,0.176,7.886,3.125,0.092,0.474,0.005,0.951,0.01,1.735
1641741,"Philadelphia 76ers","Ricky Council IV","Sophomore",-0.61,0.84,-0.12,-0.49,-0.43,-0.11,-0.32,17.984,0.523,9.296,0.347,0.507,4.871,0.648,4.782,0.787,0.313,0.185,7.134,4.497,0.127,0.426,0.005,1.618,0.016,1.896
1631218,"Golden State Warriors","Trayce Jackson-Davis","Sophomore",-0.61,-0.23,-0.74,0.14,0.14,-0.46,0.6,14.999,0.616,0.737,0.155,0.036,8.628,0.71,5.88,0.522,0.37,0.173,15.136,4.768,0.167,2.48,0.027,1.321,0.012,2.621
1629723,"Memphis Grizzlies","John Konchar","Vet",-0.62,-0.84,-1.8,1.18,-0.37,-1.48,1.11,7.257,0.562,4.881,0.334,0.619,2.296,0.678,0.952,0.744,0.152,0.078,11.588,3.487,0.097,1.372,0.016,2.106,0.021,1.386
1630249,"Atlanta Hawks","Vit Krejci","Vet",-0.62,0.66,-0.78,0.16,-0.5,-0.53,0.03,12.987,0.566,9.608,0.36,0.713,1.714,0.702,1.582,0.715,0.133,0.143,6.105,5.728,0.165,0.793,0.009,1.538,0.015,2.037
203952,"Miami Heat","Andrew Wiggins","Vet",-0.63,-0.35,-0.36,-0.27,0.14,0.4,-0.26,21.36,0.506,9.09,0.366,0.407,4.449,0.657,6.438,0.768,0.293,0.239,7.015,4.098,0.125,1.141,0.012,1.4,0.014,2.524
1628998,"Phoenix Suns","Cody Martin","Vet",-0.63,0.39,-1.68,1.05,-1,-2.52,1.52,16.619,0.477,6.02,0.321,0.406,3.889,0.664,2.675,0.666,0.18,0.176,8.45,5.405,0.161,1.029,0.011,2.193,0.022,2.257
1626162,"Philadelphia 76ers","Kelly Oubre Jr.","Vet",-0.65,-0.59,-0.61,-0.04,-0.62,-0.65,0.03,18.101,0.551,5.112,0.342,0.289,6.872,0.678,5,0.761,0.25,0.196,8.357,3.176,0.092,0.705,0.008,2.01,0.02,2.039
1641842,"Detroit Pistons","Ronald Holland II","Rookie",-0.69,2.19,-0.92,0.23,-0.05,-0.62,0.57,15.068,0.583,4.769,0.316,0.342,5.552,0.665,4.556,0.775,0.303,0.168,7.599,3.327,0.1,0.522,0.006,1.833,0.018,2.369
1631110,"San Antonio Spurs","Jeremy Sochan","Vet",-0.71,1.37,-0.7,-0.01,-1.02,-0.68,-0.34,15.363,0.574,2.911,0.316,0.155,8.471,0.687,3.834,0.735,0.265,0.175,12.398,4.694,0.137,0.977,0.01,1.525,0.015,2.73
1629659,"Chicago Bulls","Talen Horton-Tucker","Vet",-0.73,-0.02,-0.27,-0.46,-1.55,-0.79,-0.76,19.085,0.511,8.273,0.33,0.43,7.417,0.598,4.94,0.757,0.247,0.214,6.932,5.955,0.185,0.826,0.009,1.732,0.018,3.096
1631116,"Los Angeles Clippers","Patrick Baldwin Jr.","Vet",-0.73,0.32,-1.48,0.75,-1.01,-1.73,0.72,15.172,0.536,9.969,0.335,0.65,3.895,0.688,2.828,0.695,0.2,0.159,10.983,2.845,0.078,1.167,0.013,1.478,0.016,2.196
1642276,"Miami Heat","Kel'el Ware","Rookie",-0.75,2.64,-1.74,0.99,-0.62,-1.83,1.21,14.564,0.613,3.749,0.318,0.249,6.486,0.722,2.47,0.727,0.191,0.16,16.186,2.311,0.063,2.45,0.027,1.336,0.013,1.97
1629018,"Milwaukee Bucks","Gary Trent Jr.","Vet",-0.76,0.03,0.05,-0.81,-0.1,0.6,-0.7,17.705,0.491,11.28,0.386,0.607,1.974,0.625,2.153,0.83,0.129,0.173,4.627,2.898,0.08,0.235,0.003,2.002,0.02,1.193
1631133,"Portland Trail Blazers","Jabari Walker","Vet",-0.76,2.26,-0.95,0.19,-0.51,-0.7,0.19,15.743,0.565,5.625,0.341,0.353,7.588,0.673,5.027,0.734,0.332,0.172,14.651,3.159,0.086,0.577,0.006,1.605,0.016,1.862
1631303,"Portland Trail Blazers","Justin Minaya","Vet",-0.77,0.51,-1.64,0.88,-0.63,-1.58,0.95,12.288,0.503,7.256,0.307,0.578,3.893,0.639,2.7,0.651,0.175,0.125,7.752,3.614,0.101,1.076,0.012,1.498,0.015,1.862
1629614,"Indiana Pacers","Andrew Nembhard","Vet",-0.77,0.4,-0.65,-0.12,-1.05,-0.89,-0.16,13.401,0.561,4.277,0.354,0.331,2.581,0.709,2.644,0.808,0.202,0.156,5.183,8.736,0.248,0.358,0.003,1.915,0.019,2.842
203083,"Philadelphia 76ers","Andre Drummond","Vet",-0.78,-1.45,-1.85,1.07,0.79,-1.02,1.81,17.098,0.559,2.007,0.249,0.106,9.627,0.632,5.736,0.616,0.339,0.207,20.189,2.985,0.084,1.573,0.017,2.59,0.026,3.533
1627741,"Golden State Warriors","Buddy Hield","Vet",-0.79,-0.84,-0.34,-0.45,-0.7,-0.19,-0.51,18.951,0.518,13.321,0.387,0.685,2.37,0.659,1.5,0.837,0.085,0.184,6.472,3.526,0.102,0.624,0.007,1.675,0.017,2.008
1631159,"Minnesota Timberwolves","Leonard Miller","Sophomore",-0.79,0.14,0.11,-0.9,-0.77,0.14,-0.91,19.912,0.604,6.442,0.288,0.3,8.394,0.691,6.587,0.758,0.349,0.214,14.824,2.575,0.072,1.403,0.017,1.567,0.016,2.554
1631200,"Portland Trail Blazers","Kris Murray","Sophomore",-0.8,-0.01,-1.5,0.7,-1.15,-1.64,0.49,12.873,0.569,5.096,0.312,0.403,5.693,0.661,2.922,0.543,0.199,0.141,8.454,3.192,0.088,0.784,0.009,1.715,0.017,1.661
1629674,"Boston Celtics","Neemias Queta","Vet",-0.81,-0.27,-1.18,0.37,-1.3,-1.37,0.07,13.975,0.636,0.64,0.173,0.034,8.209,0.719,3.826,0.724,0.268,0.156,14.325,2.662,0.08,2.575,0.029,1.262,0.013,2.36
203078,"Phoenix Suns","Bradley Beal","Vet",-0.87,-1.28,0.55,-1.42,0.84,0.83,0.01,19.242,0.545,6.766,0.388,0.352,3.71,0.71,3.591,0.831,0.167,0.216,5.388,6.449,0.192,0.674,0.007,1.435,0.014,3.177
1630222,"Sacramento Kings","Mason Jones","Vet",-0.88,1.05,0.02,-0.91,-0.88,0.11,-0.99,21.035,0.551,9.162,0.297,0.417,4.525,0.664,5.751,0.695,0.265,0.216,8.08,6.811,0.224,0.35,0.005,1.515,0.014,3.077
1641871,"Portland Trail Blazers","Duop Reath","Sophomore",-0.88,0.74,-0.44,-0.45,-0.76,-0.25,-0.51,17.108,0.601,10.696,0.354,0.619,3.914,0.689,2.677,0.788,0.17,0.177,9.655,3.067,0.079,1.428,0.017,1.413,0.015,1.592
1631120,"Boston Celtics","JD Davison","Vet",-0.89,-0.77,-0.63,-0.25,-0.81,-0.59,-0.22,15.481,0.531,8.915,0.302,0.619,3.515,0.655,3.602,0.767,0.205,0.18,6.61,6.94,0.237,0.643,0.008,1.803,0.018,3.379
1627752,"Milwaukee Bucks","Taurean Prince","Vet",-0.89,0.39,-1.17,0.28,-1.28,-0.94,-0.34,11.813,0.519,8.246,0.389,0.704,1.779,0.628,0.892,0.821,0.091,0.122,6.157,3.679,0.099,0.391,0.004,1.409,0.014,1.46
1629656,"Philadelphia 76ers","Quentin Grimes","Vet",-0.9,0.81,0.11,-1.01,0.2,0.7,-0.5,19.173,0.575,9.666,0.382,0.501,5.508,0.684,4.278,0.792,0.243,0.209,7.065,5.461,0.181,0.524,0.006,1.539,0.016,2.917
1629028,"Portland Trail Blazers","Deandre Ayton","Vet",-0.9,-0.44,-1.23,0.33,0.07,-0.68,0.75,22.623,0.594,0.948,0.316,0.045,7.708,0.76,3.239,0.711,0.179,0.244,17.106,3.397,0.101,1.49,0.016,1.32,0.013,2.945
1641715,"Houston Rockets","Cam Whitmore","Sophomore",-0.91,-0.87,-0.13,-0.78,-1.37,-0.31,-1.06,21.054,0.525,9.934,0.339,0.469,5.79,0.656,4.414,0.732,0.191,0.216,9.104,3.275,0.097,0.84,0.01,1.739,0.017,2.541
1631104,"San Antonio Spurs","Blake Wesley","Vet",-0.91,1.26,-1.29,0.37,-0.71,-1.05,0.34,13.748,0.534,4.106,0.303,0.29,6.587,0.633,4.277,0.679,0.272,0.185,5.052,11.045,0.302,0.395,0.004,1.897,0.019,4.195
1631132,"Los Angeles Lakers","Christian Koloko","Vet",-0.93,0.41,-2.06,1.12,-1.11,-2.25,1.14,11.025,0.59,0.751,0.221,0.042,6.209,0.686,2.836,0.706,0.232,0.125,12.734,3.05,0.081,2.029,0.024,1.369,0.014,1.7
1630533,"Brooklyn Nets","Ziaire Williams","Vet",-0.94,0.97,-0.77,-0.17,0.54,0,0.54,17.66,0.526,10.988,0.36,0.628,4.298,0.68,3.778,0.839,0.208,0.185,8.953,3.275,0.091,0.719,0.008,1.807,0.018,1.902
1642270,"Portland Trail Blazers","Donovan Clingan","Rookie",-0.94,1.82,-2.05,1.12,-0.96,-2.14,1.18,12.536,0.606,1.526,0.268,0.067,8.821,0.69,3.935,0.651,0.335,0.159,19.076,3.324,0.097,3.617,0.039,1.173,0.012,3.069
1642261,"Los Angeles Lakers","Dalton Knecht","Rookie",-0.94,1.23,0.14,-1.08,-0.61,0.39,-1,17.975,0.583,11.72,0.368,0.65,3.219,0.707,2.751,0.791,0.179,0.179,7.346,2.769,0.077,0.36,0.004,1.145,0.012,1.354
1629004,"Utah Jazz","Svi Mykhailiuk","Vet",-0.95,-0.2,-0.38,-0.57,-2.24,-1.2,-1.04,19.482,0.495,12.459,0.359,0.644,2.393,0.65,2.334,0.785,0.101,0.204,6.046,4.435,0.136,0.463,0.005,1.515,0.015,2.834
1630625,"Portland Trail Blazers","Dalano Banton","Vet",-0.95,0.23,-1.01,0.06,-0.78,-1.22,0.44,20.147,0.521,8.841,0.341,0.458,6.205,0.619,4.993,0.739,0.234,0.216,6.824,6.687,0.203,1.106,0.013,1.863,0.018,3.197
1631093,"Detroit Pistons","Jaden Ivey","Vet",-0.96,1.48,0.23,-1.19,-0.14,0.86,-1,22.567,0.484,9.174,0.351,0.425,5.109,0.63,5.965,0.712,0.287,0.257,6.119,6.94,0.215,0.564,0.006,1.474,0.014,4.374
1627746,"Sacramento Kings","Skal Labissiere","Vet",-0.97,0.25,-1.35,0.38,-0.47,-1.09,0.62,14.786,0.533,5.252,0.319,0.341,3.143,0.678,3.147,0.74,0.181,0.16,11.831,4.213,0.105,2.05,0.026,1.04,0.009,2.318
1630604,"Chicago Bulls","E.J. Liddell","Vet",-0.97,0.23,-0.95,-0.02,-0.97,-0.95,-0.02,17.496,0.548,13.061,0.303,0.697,3.242,0.668,3.976,0.76,0.197,0.197,8.549,3.495,0.106,1.015,0.011,1.602,0.016,2.529
1642366,"Golden State Warriors","Quinten Post","Rookie",-0.99,2.42,-0.66,-0.33,-0.87,-0.58,-0.29,18.705,0.536,11.262,0.356,0.582,3.643,0.666,2.156,0.758,0.135,0.187,11.792,3.723,0.171,1.499,0.017,1.166,0.012,2.332
1642271,"Utah Jazz","Kyle Filipowski","Rookie",-0.99,2.53,-0.58,-0.42,-0.44,-0.38,-0.06,17.694,0.575,8.049,0.334,0.444,5.003,0.706,4.844,0.675,0.29,0.204,12.809,4.896,0.158,0.537,0.006,1.376,0.014,3.382
201587,"Los Angeles Clippers","Nicolas Batum","Vet",-1.03,-0.03,-2.49,1.46,-0.58,-1.41,0.83,8.235,0.523,7.442,0.391,0.897,0.675,0.66,0.47,0.759,0.06,0.078,7.794,3.07,0.081,1.159,0.013,1.696,0.017,0.959
1642345,"Phoenix Suns","Oso Ighodaro","Rookie",-1.04,2.62,-1.9,0.87,-0.99,-1.91,0.92,10.748,0.554,0.715,0.139,0.042,4.393,0.729,3.859,0.519,0.327,0.13,11.997,3.667,0.106,1.37,0.016,1.33,0.014,2.142
1631131,"Utah Jazz","Oscar Tshiebwe","Sophomore",-1.04,1.06,-0.77,-0.26,-1.08,-0.78,-0.3,15.846,0.566,0.974,0.21,0.063,6.561,0.682,5.437,0.734,0.305,0.173,18.563,2.509,0.083,0.658,0.007,1.748,0.017,2.055
1631172,"Oklahoma City Thunder","Ousmane Dieng","Vet",-1.04,0.18,-0.91,-0.13,-0.72,-0.4,-0.32,14.876,0.613,8.469,0.34,0.589,3.106,0.709,1.717,0.767,0.128,0.153,8.78,3.889,0.111,0.74,0.008,1.565,0.016,1.883
1631101,"Portland Trail Blazers","Shaedon Sharpe","Vet",-1.05,1.41,0.52,-1.56,-0.16,1.59,-1.75,24.749,0.541,9.711,0.343,0.403,5.938,0.696,4.838,0.82,0.217,0.256,6.638,4.673,0.152,0.423,0.005,1.268,0.013,2.905
201566,"Denver Nuggets","Russell Westbrook","Vet",-1.05,0.15,-0.41,-0.64,-1.33,-1.46,0.13,18.756,0.524,6.332,0.322,0.342,6.851,0.638,4.841,0.663,0.249,0.214,8.597,9.179,0.262,0.736,0.008,2.084,0.021,4.58
1641727,"Brooklyn Nets","Dariq Whitehead","Sophomore",-1.05,0.22,-0.37,-0.68,-1.04,-0.35,-0.69,18.651,0.531,14.743,0.322,0.717,3.336,0.655,3.453,0.668,0.211,0.2,7.443,2.558,0.082,0.865,0.009,1.635,0.016,2.738
1629651,"Brooklyn Nets","Nicolas Claxton","Vet",-1.05,-0.94,-1.85,0.8,0.42,-1.11,1.53,15.691,0.62,0.733,0.271,0.03,8.149,0.752,5.102,0.56,0.294,0.178,13.806,4.682,0.145,3.313,0.036,1.516,0.015,2.65
203501,"Detroit Pistons","Tim Hardaway Jr.","Vet",-1.07,-0.08,-0.25,-0.82,-2.2,-1.1,-1.1,14.586,0.506,10.005,0.371,0.689,1.229,0.654,2.477,0.827,0.189,0.142,4.851,2.915,0.083,0.16,0.002,1.049,0.01,1.089
1631243,"Atlanta Hawks","Mouhamed Gueye","Sophomore",-1.08,1.6,-1.67,0.59,-0.98,-1.61,0.63,14.728,0.571,6.967,0.324,0.485,4.64,0.704,2.236,0.763,0.172,0.151,10.14,2.355,0.058,2.827,0.032,2.048,0.022,1.389
1629629,"Los Angeles Lakers","Cam Reddish","Vet",-1.09,0.35,-1.82,0.72,-0.8,-1.76,0.96,11.645,0.496,4.57,0.33,0.518,3.058,0.646,2.96,0.673,0.257,0.13,5.769,2.843,0.084,0.754,0.008,2.812,0.023,1.734
1629014,"Portland Trail Blazers","Anfernee Simons","Vet",-1.09,-0.32,0.95,-2.04,-0.68,2.39,-3.07,26.419,0.513,13.307,0.388,0.486,4.298,0.627,4.541,0.919,0.18,0.255,4.244,7.579,0.249,0.206,0.002,1.158,0.011,2.981
1630243,"Orlando Magic","Trevelin Queen","Vet",-1.11,0.41,-2.16,1.05,-0.94,-2.16,1.22,17.911,0.503,8.781,0.304,0.481,4.706,0.637,3.53,0.783,0.18,0.191,6.402,4.373,0.136,1.141,0.013,2.615,0.03,2.701
1629645,"Milwaukee Bucks","Kevin Porter Jr.","Vet",-1.11,-1.95,-1.11,0,0.1,-0.41,0.51,20.353,0.523,4.795,0.349,0.25,4.051,0.671,4.873,0.747,0.238,0.24,8.19,8.916,0.282,0.449,0.005,2.278,0.023,4.684
1630182,"Charlotte Hornets","Josh Green","Vet",-1.11,-0.74,-1.6,0.49,-0.68,-0.96,0.28,10.498,0.542,6.124,0.392,0.604,1.869,0.691,1.507,0.696,0.144,0.112,4.783,3.322,0.088,0.355,0.004,1.78,0.018,1.447
1630527,"New Orleans Pelicans","Brandon Boston Jr.","Vet",-1.11,2.24,-0.88,-0.23,-1.07,-0.99,-0.08,19.87,0.499,7.203,0.334,0.376,4.979,0.662,4.459,0.756,0.219,0.207,6.469,3.527,0.109,0.462,0.005,2.194,0.023,2.369
1641810,"New Orleans Pelicans","Antonio Reeves","Rookie",-1.11,1.13,-0.87,-0.24,-1.08,-0.88,-0.2,14.714,0.525,8.606,0.345,0.596,4.084,0.642,1.993,0.792,0.162,0.15,5.796,3.787,0.108,0.442,0.005,1.547,0.016,2.018
1641854,"Cleveland Cavaliers","Craig Porter","Sophomore",-1.13,-0.6,-1.12,-0.01,-0.46,-0.94,0.48,14.66,0.558,5.374,0.335,0.378,4.479,0.653,2.791,0.768,0.185,0.165,6.827,8.043,0.201,1.019,0.011,1.85,0.018,3.261
203084,"San Antonio Spurs","Harrison Barnes","Vet",-1.13,-0.13,-0.22,-0.91,-0.27,0.87,-1.14,15.49,0.569,8.998,0.395,0.579,3.997,0.673,3.945,0.821,0.283,0.159,6.526,3.277,0.09,0.293,0.003,0.923,0.009,1.154
1630696,"Miami Heat","Dru Smith","Vet",-1.13,-0.36,-1.81,0.68,-1.18,-1.83,0.65,13.939,0.488,6.392,0.339,0.491,2.933,0.64,2.596,0.763,0.189,0.155,6.184,5.497,0.171,0.765,0.008,2.766,0.028,2.359
1627749,"New Orleans Pelicans","Dejounte Murray","Vet",-1.14,-1.52,-0.13,-1,1.16,0.79,0.37,24.301,0.485,8.451,0.349,0.363,4.925,0.616,5.48,0.789,0.214,0.271,8.889,10.49,0.333,0.375,0.005,2.372,0.023,4.652
1631109,"Charlotte Hornets","Mark Williams","Vet",-1.14,-0.47,-0.23,-0.91,-0.48,0.32,-0.8,17.964,0.608,0.694,0.208,0.039,11.196,0.718,6.334,0.766,0.369,0.212,17.59,3.734,0.107,1.973,0.022,1.328,0.013,2.294
1630561,"San Antonio Spurs","David Duke Jr.","Vet",-1.15,0.04,-1.2,0.05,-1.26,-1.32,0.06,17.252,0.54,3.464,0.282,0.218,6.714,0.641,3.551,0.74,0.217,0.184,8.418,4.617,0.129,0.457,0.005,1.8,0.018,2.489
1629098,"Houston Rockets","Jack McVeigh","Rookie",-1.16,0.42,-0.62,-0.53,-1.16,-0.62,-0.54,16.015,0.51,9.705,0.323,0.657,2.492,0.666,2.591,0.726,0.197,0.165,8.366,3.122,0.078,0.943,0.01,1.413,0.014,1.655
1629673,"Washington Wizards","Jordan Poole","Vet",-1.16,0.9,0.17,-1.33,0.77,1.9,-1.13,26.281,0.5,15.388,0.355,0.577,4.674,0.69,6.814,0.885,0.248,0.291,5.017,7.862,0.278,0.606,0.006,1.779,0.018,4.53
1631207,"Chicago Bulls","Dalen Terry","Vet",-1.16,-1.4,-1.53,0.37,-0.87,-1.26,0.39,13.175,0.568,4.467,0.317,0.367,5.601,0.673,3.569,0.685,0.248,0.145,6.333,4.768,0.143,0.867,0.01,1.795,0.018,2.4
1630528,"Miami Heat","Josh Christopher","Vet",-1.17,-0.13,-1.14,-0.03,-1.25,-1.16,-0.09,18.838,0.527,4.141,0.295,0.236,5.643,0.675,4.139,0.706,0.234,0.208,6.211,5.591,0.161,0.785,0.009,2.175,0.021,3.642
1631288,"New Orleans Pelicans","Jamal Cain","Vet",-1.17,-0.01,-1.18,0.02,-0.95,-1.16,0.21,13.063,0.508,8.118,0.341,0.64,2.768,0.657,3.251,0.697,0.224,0.148,8.301,2.858,0.079,0.853,0.009,1.899,0.019,1.967
1631199,"Detroit Pistons","Ron Harper Jr.","Vet",-1.18,0.08,-0.97,-0.2,-1.17,-0.97,-0.2,14.93,0.555,6.291,0.299,0.412,4.742,0.667,3.331,0.753,0.217,0.165,8.701,4.12,0.133,0.794,0.009,1.563,0.015,2.355
203937,"Miami Heat","Kyle Anderson","Vet",-1.18,-0.71,-2.3,1.12,-0.73,-2.04,1.31,13.609,0.517,2.662,0.309,0.135,3.764,0.653,3.141,0.7,0.265,0.153,9.986,7.21,0.206,1.441,0.016,2.106,0.021,2.313
1630558,"Miami Heat","Davion Mitchell","Vet",-1.19,0.85,-1.12,-0.06,-1.97,-1.53,-0.44,10.751,0.552,5.021,0.349,0.446,3.213,0.665,1.6,0.722,0.167,0.124,3.906,8.843,0.24,0.297,0.003,1.375,0.014,2.788
1630531,"Utah Jazz","Jaden Springer","Vet",-1.19,-0.67,-1.95,0.76,-0.89,-1.96,1.07,13.886,0.524,6.056,0.31,0.483,3.005,0.667,4.076,0.748,0.259,0.161,7.553,5.481,0.155,0.838,0.009,2.902,0.029,2.863
1631108,"Dallas Mavericks","Max Christie","Vet",-1.21,0.28,-0.55,-0.66,-1.49,-0.79,-0.7,15.567,0.514,7.75,0.376,0.526,2.175,0.686,3.069,0.854,0.197,0.159,5.561,4.374,0.134,0.677,0.007,1.348,0.014,1.922
1629013,"New York Knicks","Landry Shamet","Vet",-1.21,0.2,-0.77,-0.44,-1.9,-1.34,-0.56,13.487,0.55,8.219,0.376,0.619,2.647,0.651,1.667,0.793,0.15,0.136,4.131,2.861,0.071,0.431,0.005,1.483,0.015,1.347
203552,"Charlotte Hornets","Seth Curry","Vet",-1.21,0.72,-0.97,-0.25,-0.86,-0.49,-0.37,17.51,0.511,10.754,0.399,0.597,1.394,0.65,1.719,0.829,0.088,0.165,5.351,2.947,0.087,0.396,0.005,1.453,0.015,1.382
1631246,"Memphis Grizzlies","Vince Williams Jr.","Vet",-1.21,-0.6,-1.21,0,-1.64,-1.47,-0.17,18.465,0.517,8.78,0.349,0.508,3.483,0.65,3.779,0.798,0.199,0.184,8.809,6.105,0.175,0.727,0.008,1.696,0.017,2.921
1630205,"Memphis Grizzlies","Lamar Stevens","Vet",-1.23,0.13,-1.37,0.14,-2.03,-1.54,-0.49,21.021,0.513,5.244,0.33,0.253,6.645,0.64,4.443,0.744,0.233,0.212,11.121,2.595,0.072,1.41,0.015,1.714,0.017,2.091
1642367,"Toronto Raptors","Jonathan Mogbo","Rookie",-1.26,1.62,-2.26,0.99,-0.68,-2.2,1.52,13.979,0.533,3.39,0.316,0.231,6.461,0.655,3.312,0.706,0.262,0.153,11.018,4.27,0.121,1.373,0.015,1.906,0.019,2.242
1630692,"Los Angeles Lakers","Jordan Goodwin","Vet",-1.27,0,-1.63,0.36,-1.05,-1.72,0.67,16.904,0.48,6.85,0.342,0.406,4.163,0.607,2.543,0.757,0.162,0.167,11.001,5.506,0.158,0.735,0.008,2.468,0.025,2.279
1629628,"Toronto Raptors","RJ Barrett","Vet",-1.29,0.41,0.1,-1.39,-2.04,0.41,-2.45,23.764,0.542,8.036,0.359,0.335,8.815,0.638,7.476,0.694,0.305,0.278,9.14,7.773,0.256,0.438,0.005,1.118,0.011,4.082
1631466,"Houston Rockets","Jeenathan Williams","Vet",-1.29,0.39,-1.17,-0.12,-1.35,-1.2,-0.15,19.305,0.512,7.19,0.331,0.359,5.261,0.687,3.204,0.71,0.163,0.201,5.627,3.215,0.099,1.043,0.011,1.764,0.018,2.438
201567,"Miami Heat","Kevin Love","Vet",-1.29,-1.21,-1.47,0.17,-0.75,-0.42,-0.33,20.338,0.504,12.037,0.348,0.6,3.199,0.617,4.096,0.786,0.2,0.2,15.814,4.278,0.127,0.75,0.009,1.36,0.013,2.443
203915,"Dallas Mavericks","Spencer Dinwiddie","Vet",-1.3,-1.21,-0.46,-0.85,-1.58,-0.62,-0.96,16.988,0.487,7.014,0.346,0.453,2.916,0.63,5.89,0.808,0.349,0.189,4.572,7.275,0.224,0.445,0.005,1.426,0.014,2.568
1631121,"Portland Trail Blazers","Bryce McGowens","Vet",-1.31,0.56,-0.67,-0.63,-1.23,-0.35,-0.88,17.023,0.528,6.731,0.331,0.424,5.363,0.634,7.404,0.75,0.348,0.204,5.814,3.134,0.091,0.628,0.006,1.387,0.015,2.234
1626192,"Milwaukee Bucks","Pat Connaughton","Vet",-1.31,-0.08,-1.36,0.06,-0.95,-1.38,0.43,11.45,0.54,5.705,0.338,0.484,3.588,0.694,1.679,0.742,0.118,0.127,7.817,5.061,0.143,0.649,0.007,1.425,0.013,1.69
1627814,"Phoenix Suns","Damion Lee","Vet",-1.32,0.43,-0.97,-0.35,-1,-0.27,-0.73,21.623,0.502,12.317,0.354,0.514,3.108,0.661,5.052,0.809,0.202,0.227,6.473,3.425,0.102,0.347,0.003,1.345,0.013,2.433
1631222,"Sacramento Kings","Jake LaRavia","Vet",-1.36,-0.52,-1.76,0.41,-1.42,-2.1,0.68,12.075,0.502,6.025,0.357,0.485,2.877,0.632,3.393,0.74,0.287,0.132,8.951,4.553,0.126,0.69,0.008,1.962,0.02,2.329
1642260,"Oklahoma City Thunder","Nikola Topić",NA,-1.36,1.26,-1.23,-0.13,-1.36,-1.23,-0.13,18.015,0.54,6.466,0.284,0.379,5.875,0.634,4.15,0.699,0.24,0.186,7.911,4.221,0.119,0.781,0.01,1.64,0.017,2.706
1631170,"Miami Heat","Jaime Jaquez Jr.","Sophomore",-1.37,-0.07,-1.35,-0.01,-0.36,-0.77,0.41,17.493,0.536,3.712,0.316,0.234,5.388,0.659,5.182,0.777,0.316,0.201,9.476,6.038,0.185,0.471,0.005,2.016,0.02,3.131
1626145,"Phoenix Suns","Tyus Jones","Vet",-1.37,-0.02,0.04,-1.4,-0.56,0.54,-1.1,14.328,0.517,8.602,0.39,0.596,1.007,0.66,1.423,0.848,0.093,0.148,4.284,9.786,0.265,0.222,0.003,1.677,0.017,2.033
1630570,"Brooklyn Nets","Trendon Watford","Vet",-1.37,-0.22,-1.14,-0.22,-1.01,-0.67,-0.34,22.221,0.544,5.638,0.343,0.247,6.579,0.678,6.562,0.781,0.317,0.251,10.023,6.456,0.221,0.707,0.008,1.591,0.016,4.354
1630170,"San Antonio Spurs","Devin Vassell","Vet",-1.37,-0.18,-0.17,-1.2,-0.08,0.36,-0.44,21.004,0.538,10.036,0.373,0.481,3.279,0.678,2.817,0.814,0.143,0.201,5.665,4.584,0.131,0.722,0.008,1.794,0.018,1.792
1641809,"Boston Celtics","Drew Peterson","Sophomore",-1.39,0.5,-1.6,0.21,-1.38,-1.6,0.22,13.411,0.536,8.046,0.321,0.685,2.226,0.669,2.449,0.743,0.207,0.144,9.859,3.758,0.1,0.742,0.008,1.539,0.015,1.938
1630644,"Orlando Magic","Mac McClung","Vet",-1.41,-0.02,-1.15,-0.25,-1.41,-1.16,-0.25,16.854,0.548,7.167,0.311,0.45,4.656,0.63,3.491,0.711,0.219,0.17,7.9,6.014,0.193,0.613,0.007,1.698,0.017,2.571
203458,"Los Angeles Lakers","Alex Len","Vet",-1.41,-2.31,-2.77,1.36,-1.71,-2.94,1.23,9.532,0.552,1.227,0.26,0.056,3.844,0.697,2.863,0.572,0.312,0.11,13.081,4.334,0.124,2.752,0.031,1.254,0.013,2.131
1630245,"Chicago Bulls","Ayo Dosunmu","Vet",-1.41,-0.22,-0.29,-1.12,0.61,0.64,-0.03,18.039,0.57,6.795,0.359,0.405,5.846,0.68,3,0.788,0.176,0.199,5.188,7.4,0.226,0.541,0.006,1.543,0.015,2.837
1642419,"Toronto Raptors","Jamison Battle","Rookie",-1.44,0.81,-0.19,-1.25,-1.23,0,-1.23,15.786,0.531,12.186,0.373,0.762,1.661,0.668,1.485,0.79,0.148,0.142,7.806,3.041,0.085,0.585,0.006,1.056,0.011,1.199
1642024,"Philadelphia 76ers","Alex Reese","Rookie",-1.47,1.18,-1.25,-0.22,-1.47,-1.25,-0.22,13.19,0.543,7.363,0.327,0.527,4.004,0.674,3.433,0.698,0.267,0.149,12.495,2.565,0.068,1.904,0.024,1.655,0.017,1.915
1641716,"Indiana Pacers","Jarace Walker","Sophomore",-1.47,0.25,-1.76,0.28,-0.78,-1.68,0.9,14.338,0.532,6.003,0.323,0.445,2.81,0.651,2.852,0.692,0.191,0.161,9.402,4.573,0.132,1.185,0.013,2.175,0.022,2.803
1629234,"Los Angeles Clippers","Drew Eubanks","Vet",-1.48,0.11,-1.81,0.33,-0.94,-1.48,0.54,14.003,0.579,0.822,0.29,0.036,6.612,0.714,4.738,0.687,0.335,0.164,14.129,3.231,0.099,2.394,0.027,1.214,0.012,2.432
1630703,"Portland Trail Blazers","Scoot Henderson","Sophomore",-1.48,0.75,-0.68,-0.81,-2.09,-0.99,-1.1,20.754,0.494,9.026,0.346,0.43,5.513,0.594,6.356,0.815,0.303,0.234,5.481,9.171,0.279,0.413,0.004,1.841,0.019,4.138
1642368,"Houston Rockets","N'Faly Dante","Rookie",-1.48,1.71,-1.55,0.07,-1.48,-1.55,0.07,15.443,0.552,1.66,0.232,0.085,7.219,0.682,4.757,0.675,0.302,0.174,13.534,2.209,0.071,2.275,0.028,1.194,0.012,2.411
1630208,"Phoenix Suns","Nick Richards","Vet",-1.49,-0.92,-1.43,-0.06,-1.55,-1.38,-0.17,14.171,0.66,0.729,0.183,0.039,7.891,0.744,5.54,0.756,0.395,0.175,18.447,2.126,0.052,1.976,0.022,0.689,0.007,2.396
1641824,"Chicago Bulls","Matas Buzelis","Rookie",-1.5,1.5,-1.44,-0.05,-1.37,-1.45,0.08,16.63,0.557,7.595,0.347,0.458,5.559,0.659,2.962,0.817,0.189,0.179,8.208,2.867,0.087,1.825,0.02,0.856,0.009,2.268
1630322,"Detroit Pistons","Lindy Waters III","Vet",-1.51,-1.46,-1.29,-0.22,-1.84,-1.41,-0.43,17.809,0.502,12.295,0.344,0.772,1.255,0.668,1.519,0.738,0.097,0.172,7.156,3.052,0.088,0.737,0.008,1.551,0.016,1.471
1631212,"Denver Nuggets","Peyton Watson","Vet",-1.51,0.77,-1.76,0.25,-0.72,-1.55,0.83,12.185,0.541,4.064,0.335,0.345,4.892,0.67,3.663,0.709,0.299,0.137,7.183,3.302,0.09,2.323,0.026,1.484,0.015,1.636
1630231,"Utah Jazz","Kenyon Martin Jr.","Vet",-1.52,-0.31,-1.52,0,-2.2,-2.57,0.37,10.737,0.627,2.905,0.349,0.26,5.289,0.717,2.304,0.722,0.213,0.119,7.817,2.77,0.072,0.997,0.012,1.119,0.011,1.482
1630557,"Washington Wizards","Corey Kispert","Vet",-1.52,-0.26,-0.06,-1.46,-1.02,0.37,-1.39,17.913,0.599,9.989,0.371,0.551,4.042,0.752,3.195,0.81,0.17,0.184,5.522,3.62,0.105,0.44,0.005,0.918,0.009,2.035
1641763,"Chicago Bulls","Julian Phillips","Sophomore",-1.52,0.2,-1.51,-0.01,-1.32,-1.61,0.29,10.74,0.591,5.396,0.339,0.512,4.025,0.66,2.946,0.751,0.297,0.12,7.358,1.711,0.042,0.842,0.01,1.398,0.014,1.37
1642269,"Sacramento Kings","Devin Carter","Rookie",-1.52,1.19,-1.13,-0.39,-1.47,-1.11,-0.36,18.12,0.496,8.886,0.34,0.487,4.999,0.614,5.488,0.721,0.311,0.202,8.192,6.383,0.192,0.439,0.005,1.715,0.017,2.826
1642050,"Golden State Warriors","Jackson Rowe","Rookie",-1.53,0.08,-1.12,-0.4,-1.52,-1.12,-0.4,15.398,0.524,8.041,0.316,0.486,3.876,0.664,3.553,0.707,0.218,0.165,8.075,3.425,0.096,0.635,0.007,1.654,0.017,2.116
1630544,"Charlotte Hornets","Tre Mann","Vet",-1.55,-0.63,-0.97,-0.58,-0.79,-0.93,0.14,23.429,0.488,9.027,0.35,0.382,5.728,0.605,3.666,0.793,0.177,0.246,6.385,8.007,0.242,0.39,0.004,2.081,0.02,3.468
1630191,"Detroit Pistons","Isaiah Stewart","Vet",-1.55,-0.76,-2.5,0.94,-1.35,-2.66,1.31,11.099,0.592,2.152,0.333,0.101,5.7,0.66,3.753,0.742,0.292,0.141,13.426,3.612,0.11,3.266,0.038,0.869,0.008,2.368
1630201,"Charlotte Hornets","Malachi Flynn","Vet",-1.56,0.13,-0.96,-0.59,-1.09,-0.79,-0.3,19.722,0.5,9.151,0.331,0.438,4.223,0.629,4.53,0.733,0.215,0.221,6.211,6.821,0.215,0.402,0.004,2.047,0.021,3.257
1642264,"San Antonio Spurs","Stephon Castle","Rookie",-1.57,0.85,0.06,-1.63,-1.71,0.11,-1.82,25.179,0.521,7.867,0.314,0.294,9.45,0.65,8.426,0.74,0.359,0.28,6.615,6.477,0.205,0.355,0.004,1.74,0.017,3.665
1641747,"Denver Nuggets","DaRon Holmes II",NA,-1.58,1.63,-1.53,-0.05,-1.58,-1.53,-0.05,17.58,0.534,5.908,0.27,0.304,5.697,0.67,4.082,0.67,0.253,0.184,11.315,3.031,0.084,1.446,0.017,1.358,0.013,2.439
1630539,"Dallas Mavericks","Kai Jones","Vet",-1.59,-0.07,-1.32,-0.28,-1.62,-1.3,-0.32,14.803,0.677,1.161,0.261,0.056,7.991,0.767,4.356,0.738,0.292,0.178,11.864,2.618,0.073,2.427,0.026,1.415,0.014,2.422
1641798,"Washington Wizards","Jaylen Martin","Sophomore",-1.59,-0.4,-1.66,0.07,-1.59,-1.66,0.07,17.852,0.513,5.685,0.276,0.307,6.109,0.642,4.053,0.707,0.231,0.183,9.808,3.912,0.11,0.921,0.011,1.61,0.017,2.635
1631204,"Detroit Pistons","Marcus Sasser","Sophomore",-1.6,1.01,-0.76,-0.83,-1.59,-0.46,-1.13,18.838,0.511,9.898,0.35,0.556,2.123,0.65,3.032,0.826,0.154,0.195,4.342,9.126,0.271,0.261,0.003,1.917,0.019,3.474
1631213,"Brooklyn Nets","Tyrese Martin","Vet",-1.61,0.58,-1.01,-0.61,-1.34,-0.74,-0.6,17.638,0.518,10.343,0.353,0.563,2.937,0.691,2.706,0.795,0.156,0.177,8.107,3.847,0.117,0.382,0.004,1.336,0.013,2.474
201569,"Philadelphia 76ers","Eric Gordon","Vet",-1.61,-0.75,-0.97,-0.64,0.66,0.1,0.56,15.273,0.488,9.236,0.343,0.677,2.497,0.651,2.761,0.772,0.154,0.158,3.73,4.53,0.127,0.706,0.008,1.551,0.015,1.836
1631111,"Charlotte Hornets","Wendell Moore Jr.","Vet",-1.64,-0.76,-1.48,-0.16,-1.56,-1.45,-0.11,14.611,0.553,4.499,0.324,0.308,5.554,0.653,2.987,0.812,0.206,0.142,9.195,3.912,0.108,0.683,0.008,1.803,0.018,2.066
1642377,"Memphis Grizzlies","Jaylen Wells","Rookie",-1.64,0.74,-0.36,-1.28,-1.74,-0.34,-1.4,15.21,0.566,9.345,0.369,0.623,2.083,0.68,2.694,0.809,0.19,0.155,5.906,3.07,0.084,0.266,0.003,1.115,0.011,1.407
1641753,"Milwaukee Bucks","Chris Livingston","Sophomore",-1.64,0.52,-1.3,-0.34,-1.6,-1.26,-0.34,13.184,0.555,4.314,0.28,0.36,5.856,0.68,4.734,0.664,0.314,0.158,11.817,2.71,0.077,0.549,0.006,1.836,0.019,2.383
1641738,"Los Angeles Clippers","Kobe Brown","Sophomore",-1.64,0.62,-1.77,0.13,-1.32,-1.71,0.39,12.623,0.574,4.242,0.299,0.341,5.056,0.695,2.175,0.745,0.182,0.131,11.493,3.53,0.096,0.85,0.01,1.416,0.014,1.809
1628467,"Los Angeles Lakers","Maxi Kleber","Vet",-1.65,-1.51,-2.46,0.81,-2.73,-3.2,0.47,11.211,0.483,5.09,0.32,0.545,2.122,0.686,2.039,0.696,0.188,0.119,7.732,4.143,0.122,1.285,0.015,0.949,0.009,1.858
1628365,"Sacramento Kings","Markelle Fultz","Vet",-1.66,-0.29,-1.54,-0.12,-1.78,-1.46,-0.32,17.686,0.516,1.262,0.293,0.129,5.323,0.653,2.325,0.755,0.12,0.188,6.929,5.831,0.184,0.706,0.007,2.303,0.024,3.288
1629022,"Philadelphia 76ers","Lonnie Walker IV","Vet",-1.66,-0.49,-0.74,-0.92,-1.4,-0.53,-0.87,19.93,0.519,12.101,0.37,0.576,3.909,0.651,2.411,0.824,0.141,0.196,6.447,4.171,0.123,0.756,0.008,1.435,0.014,2.344
1631097,"Indiana Pacers","Bennedict Mathurin","Vet",-1.68,1.18,-0.48,-1.2,-2.1,-0.85,-1.25,19.694,0.517,6.776,0.353,0.336,5.699,0.629,6.867,0.834,0.363,0.219,7.766,3.587,0.11,0.621,0.007,1.098,0.011,2.912
1630314,"Dallas Mavericks","Brandon Williams","Vet",-1.68,0.49,-1.13,-0.55,-1.54,-0.92,-0.62,19.414,0.507,7.47,0.32,0.407,5.559,0.595,5.133,0.799,0.218,0.228,5.688,8.57,0.279,0.474,0.005,1.744,0.018,3.581
1641730,"Brooklyn Nets","Noah Clowney","Sophomore",-1.69,-1.26,-1.06,-0.63,-0.98,-0.7,-0.28,17.043,0.501,12.032,0.351,0.694,2.667,0.66,3.386,0.794,0.22,0.172,8.45,2.227,0.064,1.074,0.012,1.198,0.012,1.948
1641707,"Utah Jazz","Taylor Hendricks","Sophomore",-1.71,0.49,-1.38,-0.33,-1.48,-1.27,-0.21,17.034,0.539,7.701,0.328,0.52,3.556,0.689,2.782,0.732,0.18,0.173,10.288,2.814,0.08,1.536,0.018,1.675,0.017,1.868
1641787,"Brooklyn Nets","Tosan Evbuomwan","Sophomore",-1.72,0.08,-1.7,-0.02,-1.79,-1.65,-0.14,18.031,0.481,5.792,0.334,0.332,4.103,0.694,5.242,0.711,0.277,0.201,8.482,3.504,0.107,0.687,0.007,1.462,0.014,2.915
203924,"Portland Trail Blazers","Jerami Grant","Vet",-1.73,0.17,-0.99,-0.74,-0.4,-0.36,-0.04,19.563,0.495,9.588,0.379,0.501,4.152,0.599,5.375,0.834,0.299,0.211,5.462,3.79,0.102,1.194,0.013,1.278,0.013,2.091
1630592,"Brooklyn Nets","Jalen Wilson","Sophomore",-1.73,0.17,-1.12,-0.61,-1.78,-1.05,-0.73,14.773,0.531,8.735,0.355,0.607,3.445,0.653,3.925,0.833,0.251,0.161,6.668,3.78,0.109,0.154,0.002,1.138,0.011,1.974
1628997,"Dallas Mavericks","Caleb Martin","Vet",-1.74,-1.55,-1.84,0.09,-2.29,-1.94,-0.35,13.787,0.507,5.141,0.36,0.405,3.503,0.647,3.259,0.717,0.232,0.151,7.158,4.244,0.123,0.893,0.01,1.699,0.017,2.039
1641755,"New York Knicks","Kevin McCullar Jr.",NA,-1.75,0.43,-1.49,-0.26,-1.75,-1.49,-0.26,17.192,0.509,7.09,0.281,0.393,4.979,0.637,3.806,0.717,0.23,0.17,7.715,4.473,0.125,0.781,0.009,1.584,0.016,2.493
1642266,"Toronto Raptors","Ja'Kobe Walter","Rookie",-1.76,0.37,-1.25,-0.51,-1.61,-1.19,-0.42,18.734,0.502,7.735,0.331,0.432,4.802,0.609,3.602,0.76,0.206,0.192,7.003,3.471,0.107,0.374,0.004,1.741,0.018,2.191
1630811,"Atlanta Hawks","Keaton Wallace","Rookie",-1.79,0.51,-1.32,-0.46,-1.76,-1.28,-0.48,16.028,0.497,8.807,0.343,0.564,1.874,0.624,1.945,0.8,0.138,0.173,4.531,7.678,0.232,0.551,0.006,2.151,0.022,2.868
1627763,"Washington Wizards","Malcolm Brogdon","Vet",-1.79,-0.98,-0.86,-0.93,-1.66,-0.73,-0.93,21.879,0.485,5.046,0.351,0.226,6.418,0.609,6.839,0.829,0.292,0.235,7.235,8.954,0.288,0.438,0.005,1.237,0.012,3.593
1641706,"Charlotte Hornets","Brandon Miller","Sophomore",-1.79,-0.34,-0.48,-1.31,-1.05,0.15,-1.2,26.699,0.466,14.935,0.367,0.577,3.37,0.672,4.581,0.81,0.172,0.289,6.854,5.53,0.189,0.875,0.01,1.534,0.015,3.621
1631216,"Orlando Magic","Caleb Houstan","Vet",-1.79,-0.89,-1.75,-0.04,-1.02,-1.29,0.27,13.525,0.536,11.457,0.362,0.833,0.772,0.673,1.695,0.802,0.171,0.127,4.948,2.376,0.061,0.368,0.004,1.085,0.011,0.95
1629611,"Atlanta Hawks","Terance Mann","Vet",-1.8,-1.26,-0.85,-0.95,-1,-0.16,-0.84,13.949,0.563,6.499,0.37,0.462,3.552,0.732,2.158,0.77,0.187,0.148,6.565,4.434,0.125,0.463,0.005,1.358,0.013,1.758
1641757,"Los Angeles Clippers","Jordan Miller","Sophomore",-1.8,0.22,-1.71,-0.09,-1.63,-1.65,0.02,14.02,0.53,3.866,0.305,0.279,5.453,0.646,3.664,0.749,0.252,0.156,8.021,3.837,0.108,0.651,0.007,1.764,0.018,2.286
1629216,"Los Angeles Lakers","Gabe Vincent","Vet",-1.8,-0.14,-1.57,-0.23,-2.14,-1.57,-0.57,14.895,0.506,10.461,0.359,0.717,1.697,0.623,1.144,0.806,0.099,0.141,3.487,4.408,0.124,0.465,0.005,1.707,0.017,1.602
1631342,"Atlanta Hawks","Daeqwon Plowden","Rookie",-1.81,0.18,-1.07,-0.74,-1.81,-1.06,-0.75,15.901,0.51,9.329,0.34,0.584,3.259,0.654,3.045,0.75,0.204,0.165,7.408,3.38,0.097,0.566,0.006,1.54,0.015,1.98
1641767,"Indiana Pacers","Ben Sheppard","Sophomore",-1.82,-0.88,-1.01,-0.81,-2.03,-1.05,-0.98,11.902,0.588,7.74,0.368,0.647,2.418,0.697,1.314,0.834,0.128,0.115,6.476,3.006,0.082,0.468,0.006,1.551,0.016,0.906
1631248,"Boston Celtics","Baylor Scheierman","Rookie",-1.82,0.17,-1.64,-0.18,-1.81,-1.64,-0.17,15.88,0.492,8.959,0.324,0.583,3.007,0.642,2.895,0.736,0.21,0.153,7.807,3.843,0.101,0.364,0.004,1.621,0.017,1.805
1631323,"Detroit Pistons","Simone Fontecchio","Vet",-1.83,-0.76,-1.32,-0.51,-1.8,-1.19,-0.61,14.182,0.513,7.936,0.369,0.572,2.502,0.646,3.026,0.807,0.19,0.154,8.276,2.923,0.08,0.539,0.006,1.268,0.013,1.895
1628470,"Boston Celtics","Torrey Craig","Vet",-1.83,0.53,-1.43,-0.4,-0.09,-0.21,0.12,14.337,0.527,9.717,0.348,0.642,2.73,0.664,1.929,0.72,0.141,0.159,9.997,2.584,0.071,1.222,0.014,1.408,0.014,1.454
203903,"Utah Jazz","Jordan Clarkson","Vet",-1.83,0.42,0.63,-2.46,-1.86,0.54,-2.4,26.385,0.483,13.001,0.329,0.517,2.711,0.629,5.841,0.822,0.24,0.283,5.419,7.572,0.239,0.338,0.004,1.311,0.013,3.733
1629003,"Los Angeles Lakers","Shake Milton","Vet",-1.84,0.72,-1.05,-0.79,-1.6,-1.12,-0.48,15.671,0.529,6.533,0.359,0.433,3.524,0.636,3.976,0.797,0.232,0.166,6.312,6.294,0.185,0.325,0.004,1.44,0.014,2.318
1630548,"Utah Jazz","Johnny Juzang","Vet",-1.84,0.32,-0.76,-1.08,-1.7,-0.6,-1.1,17.455,0.551,11.671,0.379,0.648,1.908,0.674,2.355,0.805,0.152,0.175,6.971,2.65,0.073,0.397,0.004,1.172,0.012,1.349
1642353,"Los Angeles Clippers","Cam Christie","Rookie",-1.85,0.45,-1.64,-0.21,-1.84,-1.63,-0.21,18.042,0.512,11.013,0.306,0.591,4.763,0.649,4.876,0.665,0.224,0.194,7.698,4.025,0.119,0.792,0.009,1.707,0.018,2.94
1631127,"San Antonio Spurs","Harrison Ingram","Rookie",-1.85,0.67,-1.71,-0.14,-1.85,-1.71,-0.14,16.705,0.523,7.813,0.295,0.506,4.483,0.633,3.325,0.704,0.217,0.162,7.766,3.798,0.112,0.646,0.007,1.631,0.016,2.478
1641783,"Orlando Magic","Tristan da Silva","Rookie",-1.85,0.61,-1.35,-0.5,-2.06,-1.22,-0.84,13.813,0.536,7.161,0.345,0.522,3.451,0.654,2.158,0.816,0.177,0.143,7.699,3.783,0.108,0.616,0.007,1.212,0.012,1.695
1631260,"Milwaukee Bucks","A.J. Green","Vet",-1.86,-0.55,-1.21,-0.65,-2.8,-1.58,-1.22,12.035,0.513,9.991,0.399,0.825,0.422,0.664,1.039,0.862,0.141,0.118,4.764,3.172,0.083,0.277,0.003,1.174,0.012,1.122
203471,"Detroit Pistons","Dennis Schroder","Vet",-1.86,-0.53,-0.73,-1.14,-1.63,-0.69,-0.94,18.674,0.49,8.639,0.354,0.438,2.36,0.601,4.359,0.84,0.219,0.197,4.981,9.578,0.296,0.307,0.003,1.509,0.015,3.365
1630579,"Milwaukee Bucks","Jericho Sims","Vet",-1.88,-0.54,-2.31,0.43,-1.83,-2.31,0.48,6.39,0.637,0.64,0.144,0.039,4.024,0.75,1.529,0.677,0.21,0.078,15.175,2.945,0.077,1.547,0.018,1.033,0.01,1.917
1630545,"Minnesota Timberwolves","Terrence Shannon Jr.","Rookie",-1.88,0.32,-1.24,-0.64,-1.89,-1.21,-0.68,16.34,0.554,4.868,0.329,0.291,6.483,0.674,3.857,0.771,0.243,0.174,7.077,4.031,0.115,0.696,0.008,1.362,0.013,2.412
1630702,"Dallas Mavericks","Jaden Hardy","Vet",-1.9,-0.06,-0.77,-1.13,-1.91,-0.53,-1.38,24.554,0.499,11.356,0.355,0.508,4.147,0.611,4.381,0.725,0.192,0.264,5.304,5.519,0.174,0.313,0.003,1.393,0.014,3.629
1626179,"Miami Heat","Terry Rozier","Vet",-1.9,-1.44,-1.33,-0.57,-1.23,-1.2,-0.03,18.499,0.513,9.843,0.367,0.527,3.544,0.6,3.226,0.846,0.156,0.198,6.412,4.941,0.142,0.35,0.004,1.394,0.014,2.111
1630172,"Chicago Bulls","Patrick Williams","Vet",-1.91,-1.46,-1.53,-0.39,-2.38,-2.15,-0.23,15.708,0.48,8.161,0.374,0.498,3.696,0.607,2.599,0.768,0.16,0.168,7.058,3.257,0.095,1.087,0.012,1.495,0.015,2.219
1630192,"Denver Nuggets","Zeke Nnaji","Vet",-1.92,0.78,-2.26,0.34,-0.82,-1.87,1.05,11.4,0.626,4.102,0.318,0.368,5.371,0.712,3.45,0.678,0.303,0.116,8.981,1.982,0.049,2.756,0.03,1.416,0.014,1.077
1630264,"Washington Wizards","Anthony Gill","Vet",-1.93,-0.75,-1.73,-0.2,-2.95,-2.21,-0.74,12.225,0.534,3.805,0.284,0.357,4.072,0.662,4.754,0.683,0.304,0.138,8.925,2.605,0.068,0.795,0.009,1.198,0.012,1.594
1630534,"Toronto Raptors","Ochai Agbaji","Vet",-1.95,0.55,-1.51,-0.44,-1.58,-1.23,-0.35,16.422,0.551,7.326,0.345,0.485,5.489,0.671,2.132,0.709,0.135,0.171,6.705,2.898,0.087,0.828,0.009,1.45,0.015,1.48
1641815,"Miami Heat","Isaiah Stevens",NA,-1.95,0.26,-1.14,-0.81,-1.95,-1.14,-0.81,19.18,0.492,8.508,0.304,0.484,3.494,0.6,3.847,0.755,0.171,0.199,4.024,7.455,0.233,0.117,0.001,2.031,0.021,3.292
1630173,"New York Knicks","Precious Achiuwa","Vet",-1.95,-1.1,-2.01,0.06,-2.27,-2.01,-0.26,12.908,0.565,1.123,0.305,0.083,7.467,0.674,3.265,0.636,0.247,0.137,13.722,2.773,0.077,1.781,0.02,1.566,0.016,1.802
1641817,"New York Knicks","Anton Watson",NA,-1.96,0.5,-1.74,-0.21,-1.95,-1.74,-0.21,15.435,0.527,6.403,0.279,0.396,4.568,0.664,4.042,0.671,0.252,0.177,9.881,3.595,0.093,1.172,0.013,1.54,0.015,2.477
1631321,"Portland Trail Blazers","Sidy Cissoko","Sophomore",-1.96,-1.33,-2.03,0.07,-1.92,-2.04,0.12,12.657,0.542,4.816,0.293,0.36,5.392,0.689,3.585,0.634,0.28,0.144,9.475,3.276,0.093,0.912,0.01,1.591,0.017,2.093
1642450,"Detroit Pistons","Daniss Jenkins","Rookie",-1.96,0.5,-1.44,-0.52,-1.96,-1.44,-0.52,17.492,0.507,9.184,0.302,0.547,3.998,0.625,3.771,0.732,0.196,0.19,5.666,5.4,0.169,0.394,0.004,1.796,0.018,2.846
1642272,"Philadelphia 76ers","Jared McCain","Rookie",-1.96,1.19,-0.07,-1.9,-2.03,0.03,-2.06,24.403,0.499,10.485,0.352,0.484,4.732,0.623,4.425,0.812,0.192,0.258,5.027,5.923,0.202,0.107,0.001,1.561,0.015,3.05
1642278,"New York Knicks","Tyler Kolek","Rookie",-1.97,0.59,-1.39,-0.58,-1.9,-1.35,-0.55,16.59,0.492,9.055,0.323,0.561,3.196,0.613,3.268,0.761,0.177,0.181,5.335,7.696,0.224,0.338,0.004,1.956,0.02,3.286
1641710,"Orlando Magic","Anthony Black","Sophomore",-1.97,-0.39,-2.66,0.69,-1.47,-2.4,0.93,16.886,0.515,5.518,0.325,0.324,5.156,0.638,5.941,0.734,0.36,0.188,5.775,5.479,0.175,0.984,0.011,2.109,0.021,3.23
1628995,"Golden State Warriors","Kevin Knox II","Vet",-1.98,0.14,-1.02,-0.96,-1.87,-0.84,-1.03,19.122,0.525,9.128,0.358,0.489,3.365,0.664,3.136,0.782,0.129,0.206,7.758,2.848,0.084,0.767,0.008,1.333,0.013,2.455
1642382,"Oklahoma City Thunder","Branden Carlson","Rookie",-1.98,1.51,-1.43,-0.55,-1.98,-1.43,-0.55,16.32,0.532,11.268,0.325,0.682,2.505,0.692,2.712,0.693,0.231,0.176,11.797,2.177,0.064,2.845,0.029,1.056,0.01,1.893
1642484,"Indiana Pacers","RayJ Dennis","Rookie",-2,0.53,-1.44,-0.56,-1.99,-1.44,-0.55,18.29,0.483,10.255,0.319,0.566,3.257,0.611,4.035,0.744,0.181,0.2,5.453,7.718,0.234,0.182,0.002,2.232,0.023,3.532
1642359,"New York Knicks","Pacôme Dadiet","Rookie",-2,0.64,-1.74,-0.26,-1.95,-1.73,-0.22,17.087,0.476,9,0.315,0.501,4.207,0.649,3.623,0.652,0.213,0.179,8.296,3.104,0.09,1.023,0.012,1.549,0.015,2.276
200768,"Philadelphia 76ers","Kyle Lowry","Vet",-2,-0.94,-2.8,0.8,-0.91,-1.51,0.6,11.509,0.464,6.73,0.345,0.7,1.053,0.619,2.653,0.802,0.197,0.129,5.725,9.733,0.26,0.689,0.007,1.972,0.02,2.656
1642277,"Indiana Pacers","Johnny Furphy","Rookie",-2,1.11,-2.71,0.71,-1.93,-2.75,0.82,11.831,0.514,5.524,0.314,0.534,3.372,0.655,2.916,0.703,0.234,0.127,9.345,2.449,0.063,1.433,0.016,1.615,0.017,1.885
1630553,"Brooklyn Nets","Keon Johnson","Vet",-2.03,-0.08,-1.83,-0.2,-1.56,-1.77,0.21,19.721,0.498,9.227,0.351,0.475,5.339,0.605,4.118,0.814,0.193,0.204,7.131,4.592,0.148,0.78,0.008,2.173,0.022,2.967
1641796,"Miami Heat","Pelle Larsson","Rookie",-2.04,0.27,-1.84,-0.2,-2.06,-1.81,-0.25,13.727,0.535,6.823,0.326,0.501,4.429,0.632,3.481,0.711,0.223,0.152,6.257,3.703,0.11,0.43,0.005,1.494,0.016,1.878
1631255,"New Orleans Pelicans","Karlo Matkovic","Rookie",-2.05,1.38,-2.05,0,-2.15,-2.15,0,12.349,0.597,4.21,0.329,0.339,5.345,0.7,3.211,0.764,0.277,0.144,12.572,2.87,0.079,2.537,0.027,1.316,0.013,2.469
1641754,"Los Angeles Clippers","Seth Lundy","Sophomore",-2.05,-0.36,-1.6,-0.45,-2.05,-1.6,-0.45,15.286,0.517,7.806,0.305,0.478,3.702,0.653,3.335,0.746,0.229,0.18,7.496,4.136,0.133,0.765,0.007,1.574,0.016,2.264
1642352,"Miami Heat","Keshad Johnson","Rookie",-2.06,0.29,-1.99,-0.07,-2.05,-1.99,-0.06,14.593,0.529,4.594,0.272,0.354,5.847,0.668,4.878,0.609,0.293,0.179,10.43,3.186,0.088,1.338,0.016,1.507,0.015,2.827
1631223,"Houston Rockets","David Roddy","Vet",-2.06,0.92,-1.25,-0.81,-2.27,-1.4,-0.87,18.707,0.491,9.187,0.331,0.483,4.592,0.649,3.032,0.719,0.222,0.2,9.759,4.666,0.144,0.8,0.009,1.477,0.015,2.517
203967,"Denver Nuggets","Dario Saric","Vet",-2.07,-1.03,-2.04,-0.03,-1.69,-1.55,-0.14,15.224,0.514,7.556,0.35,0.532,3.473,0.681,3.738,0.781,0.218,0.176,12.144,5.927,0.173,0.52,0.006,1.542,0.015,3.267
1641737,"Philadelphia 76ers","Adem Bona","Rookie",-2.07,0.89,-2.36,0.29,-2.04,-2.45,0.41,10.336,0.612,0.557,0.212,0.035,7.096,0.698,5.369,0.657,0.482,0.139,13.272,2.102,0.054,3.312,0.039,1.206,0.013,2.737
1642263,"Houston Rockets","Reed Sheppard","Rookie",-2.07,0.98,-2.24,0.16,-1.89,-2.16,0.27,19.231,0.482,9.281,0.328,0.489,2.473,0.605,2.462,0.776,0.119,0.192,5.514,5.627,0.19,0.932,0.01,2.259,0.024,2.538
1641732,"Washington Wizards","Colby Jones","Sophomore",-2.08,-0.3,-2.32,0.24,-1.98,-2.31,0.33,14.763,0.505,5.176,0.306,0.393,2.88,0.647,2.297,0.673,0.197,0.151,9.147,3.982,0.113,1.687,0.019,1.789,0.019,2.457
1631230,"Atlanta Hawks","Dominick Barlow","Vet",-2.08,-0.85,-1.82,-0.26,-2.13,-1.87,-0.26,15.781,0.557,3.846,0.306,0.272,6.019,0.676,4.317,0.681,0.288,0.156,11.508,2.333,0.064,1.932,0.022,1.377,0.014,1.504
202696,"Chicago Bulls","Nikola Vucevic","Vet",-2.11,-0.17,-1.22,-0.89,-0.09,0.26,-0.35,21.585,0.556,6.8,0.348,0.304,4.709,0.687,2.988,0.773,0.143,0.23,15.382,4.849,0.154,1.084,0.011,1.221,0.012,2.448
1642443,"Chicago Bulls","Jahmir Young",NA,-2.11,0,-1.32,-0.79,-2.11,-1.32,-0.79,16.38,0.496,9.355,0.327,0.534,2.639,0.61,2.608,0.762,0.153,0.171,4.053,7.62,0.244,0.019,0,2.023,0.021,3.005
1629640,"San Antonio Spurs","Keldon Johnson","Vet",-2.11,-0.66,-0.61,-1.5,-1.33,-0.1,-1.23,19.314,0.572,7.031,0.364,0.361,7.084,0.673,4.841,0.778,0.249,0.199,8.721,3.528,0.099,0.405,0.005,1.155,0.011,2.077
1630288,"Philadelphia 76ers","Jeff Dowtin","Vet",-2.12,-1.47,-1.44,-0.68,-2.1,-1.42,-0.68,15.232,0.515,5.495,0.32,0.361,3.415,0.642,3.068,0.724,0.145,0.156,5.485,6.802,0.19,0.511,0.006,1.738,0.017,1.562
1630623,"Brooklyn Nets","Tyson Etienne",NA,-2.15,0,-1.26,-0.89,-2.15,-1.26,-0.89,16.713,0.497,8.757,0.33,0.498,2.931,0.614,2.708,0.774,0.178,0.174,4.678,7.826,0.239,0.061,0,1.999,0.02,2.921
1642349,"Oklahoma City Thunder","Ajay Mitchell","Rookie",-2.15,0.2,-1.78,-0.37,-2.19,-1.69,-0.5,18.672,0.508,5.698,0.328,0.336,4.184,0.638,3.916,0.777,0.22,0.201,6.101,5.387,0.172,0.29,0.003,1.856,0.018,2.605
203109,"Sacramento Kings","Jae Crowder","Vet",-2.15,-0.64,-2.51,0.36,-1.3,-1.62,0.32,13.187,0.495,7.466,0.337,0.639,1.084,0.64,1.638,0.699,0.111,0.119,7.77,2.598,0.069,0.539,0.005,1.807,0.018,1.468
1641801,"Chicago Bulls","Emanuel Miller","Rookie",-2.15,-0.39,-1.9,-0.25,-2.15,-1.9,-0.25,15.064,0.5,6.068,0.276,0.417,4.2,0.66,4.168,0.689,0.23,0.174,8.82,3.397,0.1,0.855,0.009,1.547,0.015,2.455
203926,"Sacramento Kings","Doug McDermott","Vet",-2.16,-0.34,-0.96,-1.19,-1.06,-0.73,-0.33,15.627,0.499,12.342,0.362,0.82,0.798,0.669,1.139,0.681,0.074,0.149,4.374,2.183,0.055,0.367,0.004,0.912,0.008,1.454
1641989,"Utah Jazz","Elijah Harkless","Rookie",-2.16,0.31,-1.94,-0.22,-2.21,-1.98,-0.23,14.706,0.483,8.899,0.332,0.598,2.575,0.625,2.692,0.703,0.188,0.154,6.238,4.625,0.134,0.329,0.003,2.278,0.024,1.992
1642389,"Memphis Grizzlies","Zyon Pullin","Rookie",-2.16,0.34,-1.85,-0.31,-2.16,-1.85,-0.31,17.505,0.48,7.431,0.302,0.405,4.062,0.632,3.356,0.737,0.188,0.177,6.087,5.252,0.161,0.389,0.004,1.789,0.018,2.588
1642273,"Washington Wizards","Kyshawn George","Rookie",-2.16,0.4,-2.34,0.18,-1.97,-2.54,0.57,15.519,0.51,9.404,0.333,0.619,2.838,0.647,2.665,0.765,0.18,0.168,7.833,5.008,0.15,1.287,0.014,1.636,0.016,2.973
1641790,"Denver Nuggets","PJ Hall","Rookie",-2.17,1.17,-2.03,-0.14,-2.16,-2.03,-0.13,15.378,0.553,5.514,0.295,0.331,6.348,0.678,4.293,0.659,0.236,0.171,13.246,3.136,0.084,1.844,0.024,1.228,0.012,2.56
204060,"Minnesota Timberwolves","Joe Ingles","Vet",-2.17,-0.24,-2.43,0.26,-1.64,-1.79,0.15,10.358,0.476,6.779,0.352,0.709,0.708,0.626,1.152,0.719,0.059,0.107,6.153,7.932,0.221,0.298,0.003,1.74,0.016,2.917
1630679,"Orlando Magic","Ethan Thompson",NA,-2.17,0,-1.64,-0.53,-2.12,-1.66,-0.46,15.564,0.519,8.074,0.318,0.471,3.573,0.647,3.112,0.741,0.204,0.166,6.556,4.908,0.139,0.465,0.005,1.684,0.017,2.498
1641736,"Brooklyn Nets","Reece Beekman","Rookie",-2.18,0.41,-2.45,0.27,-2.19,-2.48,0.29,13.225,0.499,5.144,0.319,0.401,3.698,0.609,2.498,0.691,0.17,0.14,4.462,6.413,0.199,0.294,0.003,2.513,0.025,2.584
1642358,"Washington Wizards","AJ Johnson","Rookie",-2.19,-0.19,-1.64,-0.54,-2.18,-1.65,-0.53,16.085,0.529,6.908,0.25,0.404,6.005,0.621,3.056,0.692,0.215,0.165,6.463,6.852,0.243,0.559,0.006,1.71,0.017,3.312
1630550,"Washington Wizards","JT Thor","Vet",-2.19,-0.76,-1.63,-0.56,-2.27,-1.62,-0.65,15.585,0.538,6.662,0.325,0.429,4.578,0.664,3.454,0.709,0.216,0.168,8.797,3.16,0.091,1.72,0.019,1.175,0.012,2.216
1642434,"San Antonio Spurs","Riley Minix","Rookie",-2.19,0.01,-1.75,-0.44,-2.19,-1.75,-0.44,17.665,0.513,6.623,0.288,0.412,4.629,0.656,3.623,0.713,0.231,0.178,8.963,3.603,0.102,0.926,0.009,1.543,0.015,2.319
1630649,"Milwaukee Bucks","Stanley Umude","Vet",-2.19,-0.19,-1.82,-0.38,-2.21,-1.79,-0.42,17.512,0.484,9.74,0.342,0.54,3.187,0.654,4.092,0.758,0.186,0.176,8.5,2.936,0.083,1.103,0.014,1.604,0.016,2.355
1641723,"Atlanta Hawks","Kobe Bufkin","Sophomore",-2.2,-0.41,-1.77,-0.43,-2.09,-1.69,-0.4,19.688,0.519,7.467,0.301,0.383,4.814,0.636,4.305,0.704,0.23,0.211,7.814,6.589,0.206,0.837,0.009,1.608,0.016,2.781
1641734,"Cleveland Cavaliers","Emoni Bates","Sophomore",-2.21,-0.05,-1.96,-0.25,-2.13,-1.95,-0.18,20.746,0.491,14.127,0.315,0.681,3.055,0.659,2.943,0.673,0.175,0.187,6.482,3.855,0.12,0.912,0.009,1.368,0.014,2.391
1629610,"Charlotte Hornets","DaQuan Jeffries","Vet",-2.21,-0.62,-1.98,-0.23,-2.22,-2.02,-0.2,11.765,0.504,6.382,0.343,0.53,2.468,0.633,1.238,0.767,0.115,0.115,7.03,3.157,0.084,0.807,0.009,1.437,0.014,1.347
1642384,"Sacramento Kings","Isaiah Crawford","Rookie",-2.23,-0.1,-2.1,-0.13,-2.22,-2.1,-0.12,15.74,0.52,5.632,0.287,0.377,3.803,0.643,3.824,0.69,0.191,0.166,8.617,2.915,0.086,0.954,0.01,1.612,0.016,2.157
1630296,"Golden State Warriors","Braxton Key","Vet",-2.23,0.02,-1.96,-0.27,-2.25,-1.97,-0.28,14.094,0.503,5.025,0.277,0.368,4.451,0.654,3.749,0.682,0.2,0.172,12.092,3.625,0.105,1.403,0.016,1.625,0.016,1.851
1641765,"Dallas Mavericks","Olivier-Maxence Prosper","Sophomore",-2.23,1.06,-2.07,-0.16,-2.08,-1.99,-0.09,15.64,0.512,3.486,0.305,0.249,6.319,0.649,5.673,0.657,0.342,0.183,10.57,3.647,0.101,0.595,0.007,1.8,0.018,1.721
1642285,"Memphis Grizzlies","Cam Spencer","Rookie",-2.23,0.12,-1.71,-0.52,-2.22,-1.72,-0.5,14.715,0.482,7.036,0.324,0.469,3.153,0.637,3.93,0.785,0.208,0.152,6.099,5.603,0.149,0.328,0.003,1.648,0.016,2.271
1631232,"New Orleans Pelicans","Keion Brooks Jr.","Rookie",-2.24,-0.07,-1.85,-0.39,-2.23,-1.85,-0.38,14.766,0.479,6.362,0.296,0.44,4.162,0.659,4.692,0.654,0.231,0.173,9.132,3.509,0.112,0.813,0.009,1.577,0.016,2.57
1641779,"Phoenix Suns","Jalen Bridges","Rookie",-2.25,0.23,-1.76,-0.49,-2.24,-1.75,-0.49,15.605,0.508,6.701,0.302,0.523,4.012,0.658,3.611,0.678,0.244,0.183,9.209,3.085,0.087,0.947,0.01,1.418,0.014,2.45
1642461,"Denver Nuggets","Spencer Jones","Rookie",-2.25,0.02,-2.04,-0.21,-2.24,-2.04,-0.2,16.056,0.507,8.639,0.33,0.542,3.275,0.648,3.274,0.705,0.205,0.179,8.534,2.808,0.084,0.788,0.008,1.719,0.017,2.142
201988,"Los Angeles Clippers","Patty Mills","Vet",-2.26,-0.14,-1.97,-0.29,-2.21,-1.47,-0.74,16.165,0.451,12.263,0.353,0.811,0.706,0.636,1.478,0.78,0.082,0.17,4.028,4.239,0.134,0.38,0.004,1.578,0.016,2.093
1642268,"Utah Jazz","Isaiah Collier","Rookie",-2.28,0.92,-1.3,-0.97,-1.82,-1.11,-0.71,14.785,0.511,3.631,0.279,0.245,5.136,0.632,4.419,0.722,0.256,0.19,5.965,12.267,0.356,0.346,0.004,1.69,0.017,5.359
1642274,"New Orleans Pelicans","Yves Missi","Rookie",-2.28,1.02,-1.82,-0.45,-1.64,-1.78,0.14,12.069,0.569,0.684,0.159,0.04,9.105,0.64,4.319,0.668,0.332,0.143,14.288,2.263,0.062,2.133,0.024,1.042,0.01,1.963
1631115,"Toronto Raptors","Orlando Robinson","Vet",-2.32,-1.35,-2.46,0.14,-2.19,-2.41,0.22,13.523,0.54,2.919,0.308,0.153,5.655,0.668,4.114,0.789,0.289,0.163,13.252,4.015,0.122,1.485,0.015,1.513,0.016,2.654
1629599,"Los Angeles Clippers","Amir Coffey","Vet",-2.33,0.21,-1.41,-0.92,-1.74,-0.62,-1.12,13.507,0.536,6.08,0.383,0.456,2.484,0.684,3.371,0.879,0.23,0.143,4.477,2.469,0.065,0.341,0.004,1.149,0.011,1.262
1630556,"Dallas Mavericks","Kessler Edwards","Vet",-2.34,-0.76,-2.19,-0.15,-2.06,-2.38,0.32,12.282,0.537,5.034,0.358,0.42,3.832,0.648,1.648,0.796,0.121,0.13,8.713,4.099,0.11,1.177,0.013,1.639,0.016,1.704
1642355,"Los Angeles Lakers","Bronny James","Rookie",-2.35,0.57,-1.99,-0.35,-2.32,-1.99,-0.33,19.997,0.483,10.325,0.316,0.494,4.367,0.607,4.062,0.719,0.206,0.218,5.152,6.136,0.193,0.658,0.007,2.153,0.021,3.154
1630311,"Golden State Warriors","Pat Spencer","Sophomore",-2.36,0.32,-2.11,-0.26,-2.35,-2.12,-0.23,19.135,0.488,4.501,0.309,0.224,4.323,0.613,3.958,0.744,0.177,0.207,8.258,7.775,0.217,0.472,0.006,1.961,0.02,3.04
1642505,"Oklahoma City Thunder","Alex Ducas","Rookie",-2.38,-0.22,-1.78,-0.6,-2.35,-1.77,-0.58,14.743,0.507,9.219,0.322,0.608,3.174,0.645,2.193,0.701,0.182,0.159,9.038,2.587,0.076,0.655,0.007,1.52,0.015,2.041
1628427,"Denver Nuggets","Vlatko Cancar","Vet",-2.39,-0.93,-2.22,-0.17,-2.32,-2.2,-0.12,13.595,0.552,5.465,0.319,0.412,4.595,0.673,2.818,0.768,0.195,0.148,9.241,3.058,0.087,0.878,0.009,1.22,0.012,2.079
1631245,"Indiana Pacers","Quenton Jackson","Vet",-2.39,0.05,-1.87,-0.53,-2.39,-1.91,-0.48,15.573,0.557,4.286,0.302,0.31,6.152,0.642,4.315,0.736,0.262,0.169,6.094,6.424,0.179,0.635,0.007,1.773,0.018,2.404
1642354,"Charlotte Hornets","KJ Simpson","Rookie",-2.4,0.18,-1.61,-0.79,-2.31,-1.55,-0.76,20.429,0.475,7.706,0.321,0.394,4.358,0.6,4.46,0.801,0.195,0.209,6.196,7.386,0.238,0.242,0.003,1.974,0.02,3.53
1642258,"Atlanta Hawks","Zaccharie Risacher","Rookie",-2.4,0.18,-1.73,-0.67,-2.29,-1.83,-0.46,17.475,0.545,8.19,0.347,0.466,5.65,0.636,3.107,0.74,0.173,0.181,6.765,2.652,0.07,0.83,0.01,1.405,0.014,2.038
1642348,"Philadelphia 76ers","Justin Edwards","Rookie",-2.41,0.21,-1.57,-0.84,-2.24,-1.59,-0.65,14.595,0.544,7.889,0.343,0.517,2.985,0.672,1.831,0.756,0.123,0.148,6.474,3.22,0.088,0.528,0.006,1.536,0.016,1.673
1641712,"Portland Trail Blazers","Rayan Rupert","Sophomore",-2.42,0.68,-1.75,-0.67,-2.6,-1.74,-0.86,12.833,0.492,5.29,0.323,0.45,4.186,0.63,3.228,0.727,0.232,0.149,7.409,3.877,0.11,0.364,0.004,1.25,0.013,2.447
202709,"Orlando Magic","Cory Joseph","Vet",-2.42,-1.01,-2.13,-0.3,-2.04,-1.94,-0.1,12.848,0.473,8.824,0.336,0.711,0.724,0.625,1.165,0.746,0.108,0.126,4.659,6.004,0.169,0.429,0.005,1.574,0.015,1.819
202687,"San Antonio Spurs","Bismack Biyombo","Vet",-2.43,-0.26,-3.45,1.03,-2.04,-2.82,0.78,11.56,0.612,0.638,0.193,0.037,6.295,0.705,3.564,0.48,0.296,0.136,14.07,2.893,0.086,2.845,0.03,1.042,0.01,2.246
1630695,"Utah Jazz","Micah Potter","Vet",-2.43,-0.29,-1.89,-0.54,-2.76,-1.93,-0.83,10.604,0.566,7.498,0.362,0.64,2.34,0.705,1.832,0.784,0.198,0.119,11.274,2.327,0.06,1.139,0.013,1.152,0.011,1.633
1641711,"Toronto Raptors","Gradey Dick","Sophomore",-2.44,0.43,-1.49,-0.95,-2.19,-1.57,-0.62,19.577,0.496,9.065,0.355,0.51,4.344,0.617,4.181,0.835,0.203,0.209,6.135,3.286,0.096,0.311,0.003,1.437,0.014,2.227
1631102,"Phoenix Suns","TyTy Washington Jr.","Vet",-2.45,0.53,-1.76,-0.69,-2.67,-1.88,-0.79,21.507,0.428,9.379,0.322,0.49,1.958,0.649,3.198,0.716,0.139,0.214,6.223,5.685,0.159,0.313,0.004,1.835,0.019,1.869
1629618,"Denver Nuggets","Jalen Pickett","Sophomore",-2.46,-1.09,-1.42,-1.03,-2.55,-1.41,-1.14,14.83,0.524,7.57,0.349,0.501,1.183,0.664,1.268,0.792,0.084,0.138,5.143,7.322,0.193,0.401,0.005,1.339,0.014,1.721
1630699,"New York Knicks","MarJon Beauchamp","Vet",-2.46,-0.24,-1.69,-0.77,-2.81,-1.9,-0.91,18.058,0.489,7.662,0.341,0.453,4.116,0.658,3.925,0.672,0.23,0.199,10.118,3.677,0.109,0.633,0.007,1.367,0.014,3.239
202066,"Toronto Raptors","Garrett Temple","Vet",-2.47,0.28,-3.26,0.8,-1.1,-2.59,1.49,9.831,0.455,5.622,0.302,0.538,2.793,0.566,1.745,0.715,0.087,0.106,6.492,4.442,0.111,0.819,0.008,1.958,0.02,1.79
1641720,"Philadelphia 76ers","Jalen Hood-Schifino","Sophomore",-2.48,0.26,-2.4,-0.08,-2.44,-2.4,-0.04,17.801,0.545,5.9,0.285,0.346,4.38,0.633,4.144,0.71,0.281,0.196,7.609,4.202,0.116,1.083,0.011,1.569,0.017,2.662
1641936,"Boston Celtics","Miles Norris","Sophomore",-2.5,-0.81,-2.31,-0.2,-2.51,-2.31,-0.2,14.212,0.501,5.37,0.275,0.399,3.937,0.639,2.905,0.704,0.228,0.143,9.846,3.25,0.092,0.912,0.011,1.584,0.016,2.086
1641740,"Minnesota Timberwolves","Jaylen Clark","Sophomore",-2.51,-0.58,-2.14,-0.37,-2.55,-2.17,-0.38,10.977,0.537,5.597,0.35,0.503,3.05,0.619,1.94,0.765,0.195,0.107,5.072,2.738,0.067,0.354,0.004,2.498,0.025,1.055
1642280,"Los Angeles Clippers","Trentyn Flowers","Rookie",-2.51,0.44,-2.01,-0.5,-2.51,-2.01,-0.5,17.366,0.52,5.331,0.27,0.304,5.99,0.671,4.816,0.666,0.24,0.189,10.742,2.884,0.077,1.208,0.016,1.375,0.014,2.938
1641803,"Minnesota Timberwolves","Tristen Newton","Rookie",-2.53,-0.34,-2.52,-0.01,-2.52,-2.52,0,17.182,0.469,5.632,0.29,0.353,4.323,0.641,4.431,0.713,0.2,0.177,8.193,4.844,0.135,0.633,0.006,1.755,0.018,2.999
1641722,"New Orleans Pelicans","Jordan Hawkins","Sophomore",-2.54,-0.11,-1.09,-1.45,-1.78,-0.82,-0.96,19.585,0.487,11.823,0.363,0.596,2.016,0.606,2.842,0.83,0.155,0.201,5.674,2.671,0.076,0.661,0.007,1.174,0.012,1.799
1641890,"Milwaukee Bucks","Tyler Smith","Rookie",-2.54,0.57,-1.96,-0.58,-2.55,-1.96,-0.59,19.302,0.508,9.458,0.31,0.5,5.479,0.68,4.65,0.634,0.228,0.202,11.949,2.82,0.08,1.638,0.022,1.336,0.013,2.724
1641752,"Detroit Pistons","Bobi Klintman","Rookie",-2.56,0.12,-2.49,-0.06,-2.55,-2.49,-0.06,13.714,0.513,4.178,0.268,0.379,4.143,0.677,3.518,0.678,0.227,0.155,11.556,2.523,0.072,1.539,0.019,1.386,0.014,2.301
1641794,"Oklahoma City Thunder","Dillon Jones","Rookie",-2.57,-0.42,-2.22,-0.35,-2.48,-2.17,-0.31,14.314,0.51,5.863,0.3,0.433,4.319,0.636,3.298,0.646,0.223,0.158,9.605,5.73,0.174,0.448,0.005,1.504,0.015,2.398
201599,"Denver Nuggets","DeAndre Jordan","Vet",-2.59,0.54,-3.5,0.91,-1.31,-2.27,0.96,9.579,0.65,0.686,0.159,0.033,7.638,0.728,4.249,0.427,0.369,0.129,19.724,3.235,0.087,1.998,0.021,1.046,0.01,2.625
1630574,"New York Knicks","Ariel Hukporti","Rookie",-2.6,0.5,-3.41,0.81,-2.49,-3.43,0.94,10.906,0.565,0.881,0.237,0.054,5.56,0.69,3.55,0.598,0.279,0.147,12.849,3.003,0.083,2.419,0.027,0.987,0.01,2.997
1641878,"Charlotte Hornets","Damion Baugh","Rookie",-2.6,-0.26,-1.97,-0.63,-2.54,-1.97,-0.57,16.25,0.503,7.932,0.345,0.44,4.954,0.616,2.763,0.791,0.167,0.167,5.279,7.186,0.218,0.316,0.003,2.039,0.02,3.547
1642399,"Minnesota Timberwolves","Jesse Edwards","Rookie",-2.63,0.79,-2.39,-0.25,-2.64,-2.39,-0.25,13.545,0.535,3.746,0.243,0.292,4.839,0.688,4.329,0.623,0.267,0.157,12.664,2.94,0.074,1.824,0.022,1.199,0.012,2.605
1641725,"Denver Nuggets","Trey Alexander","Rookie",-2.64,0.15,-2.42,-0.22,-2.62,-2.42,-0.2,17.653,0.472,5.978,0.31,0.39,3.345,0.628,3.654,0.722,0.154,0.182,6.58,4.907,0.157,0.578,0.005,1.656,0.017,2.53
1642281,"Cleveland Cavaliers","Jaylon Tyson","Rookie",-2.67,-0.68,-1.95,-0.72,-2.56,-1.93,-0.63,15.423,0.509,5.517,0.321,0.372,4.785,0.649,3.289,0.748,0.176,0.173,10.031,4.74,0.133,0.427,0.005,1.488,0.014,2.795
1628971,"New Orleans Pelicans","Bruce Brown","Vet",-2.67,-0.51,-2.23,-0.44,-2.05,-2.28,0.23,14.263,0.529,3.514,0.335,0.241,4.947,0.698,3.364,0.806,0.247,0.155,7.875,4.196,0.121,0.381,0.004,1.886,0.019,2.193
1641772,"Cleveland Cavaliers","Nae'Qwan Tomlin","Rookie",-2.67,0.83,-2.06,-0.61,-2.67,-2.06,-0.61,16.701,0.539,6.127,0.293,0.304,6.326,0.678,4.55,0.648,0.266,0.19,11.847,2.161,0.063,1.377,0.017,1.302,0.013,2.566
1641718,"Utah Jazz","Keyonte George","Sophomore",-2.68,1.04,-0.15,-2.53,-2.47,-0.21,-2.26,21.495,0.501,11.799,0.344,0.534,2.805,0.65,7.219,0.827,0.332,0.237,5.83,8.818,0.281,0.272,0.003,1.135,0.011,4.159
1642346,"Phoenix Suns","Ryan Dunn","Rookie",-2.68,-0.01,-2.29,-0.39,-2.6,-2.35,-0.25,15.839,0.547,7.62,0.317,0.491,3.782,0.694,2.052,0.58,0.142,0.156,9.287,2.569,0.071,1.281,0.015,1.209,0.013,1.526
1641721,"Brooklyn Nets","Maxwell Lewis","Sophomore",-2.69,-1.01,-2.07,-0.62,-2.64,-2.04,-0.6,14.07,0.512,6.028,0.302,0.431,3.344,0.653,2.607,0.707,0.167,0.152,8.4,3.3,0.096,0.712,0.008,1.458,0.015,2.447
1641729,"Utah Jazz","Brice Sensabaugh","Sophomore",-2.72,0.38,-0.86,-1.86,-2.07,-0.62,-1.45,20.096,0.534,12.074,0.371,0.602,1.776,0.672,2.292,0.879,0.115,0.205,6.777,3.851,0.113,0.289,0.003,1.287,0.014,2.858
1642402,"Indiana Pacers","Enrique Freeman","Rookie",-2.74,-0.58,-2.36,-0.39,-2.71,-2.36,-0.35,12.87,0.53,3.579,0.287,0.279,5.665,0.658,4.145,0.632,0.281,0.152,8.247,3.345,0.095,0.833,0.009,1.406,0.014,2.27
1641713,"Memphis Grizzlies","GG Jackson","Sophomore",-2.77,-1.06,-1.19,-1.58,-2.71,-1.16,-1.55,19.944,0.507,9.724,0.349,0.495,4.909,0.647,4.973,0.745,0.227,0.222,8.427,3.221,0.095,0.707,0.008,1.178,0.012,2.933
1631124,"Denver Nuggets","Julian Strawther","Sophomore",-2.77,-0.37,-1.35,-1.42,-2.53,-1.31,-1.22,19.288,0.507,10.018,0.334,0.546,2.822,0.66,3.142,0.802,0.157,0.199,4.74,3.404,0.101,0.408,0.005,1.344,0.014,1.852
1642279,"Toronto Raptors","Ulrich Chomche","Rookie",-2.8,0.47,-2.89,0.09,-2.8,-2.9,0.1,14.277,0.518,2.263,0.249,0.142,6.181,0.675,4.096,0.629,0.251,0.164,13.338,2.573,0.076,2.016,0.027,1.254,0.012,2.582
1642403,"Sacramento Kings","Isaac Jones","Rookie",-2.81,0.14,-2.07,-0.74,-2.75,-2.06,-0.69,14.498,0.576,1.461,0.251,0.08,6.683,0.694,5.546,0.61,0.361,0.168,10.446,2.519,0.069,1.404,0.017,1.171,0.012,2.459
1641724,"Orlando Magic","Jett Howard","Sophomore",-2.82,-1.78,-2.22,-0.6,-2.75,-2.17,-0.58,17.554,0.55,11.555,0.322,0.704,2.237,0.679,2.114,0.733,0.166,0.174,5.645,3.881,0.107,0.801,0.009,1.322,0.014,2.177
1631197,"Toronto Raptors","Jared Rhoden","Vet",-2.82,-1.32,-2.25,-0.58,-3.04,-2.39,-0.65,14.072,0.568,5.114,0.342,0.359,6.498,0.65,4.223,0.795,0.288,0.162,7.178,2.328,0.064,1.354,0.015,1.255,0.013,1.904
1641748,"Milwaukee Bucks","Andre Jackson Jr.","Sophomore",-2.83,-0.81,-2.85,0.02,-2.96,-2.87,-0.09,11.214,0.533,4.189,0.324,0.359,4.254,0.666,1.941,0.654,0.148,0.13,9.327,3.956,0.111,0.608,0.007,1.597,0.016,2.501
1630639,"Toronto Raptors","AJ Lawson","Vet",-2.83,-0.66,-2.11,-0.72,-2.95,-2.23,-0.72,15.496,0.533,9.092,0.343,0.55,5.244,0.654,2.376,0.705,0.159,0.138,6.039,2.541,0.072,0.597,0.007,1.326,0.013,1.4
1642275,"Charlotte Hornets","Tidjane Salaün","Rookie",-2.84,0.09,-2.46,-0.37,-2.6,-2.3,-0.3,15.992,0.477,8.48,0.311,0.529,3.842,0.629,4.012,0.73,0.257,0.184,10.864,3.57,0.106,0.709,0.008,1.427,0.014,2.329
1631311,"New Orleans Pelicans","Lester Quinones","Vet",-2.84,-0.92,-1.68,-1.16,-2.95,-1.72,-1.23,16.556,0.504,9.867,0.325,0.525,3.786,0.662,3.899,0.726,0.225,0.188,8.117,3.715,0.115,0.387,0.005,1.393,0.014,2.662
1642449,"Detroit Pistons","Tolu Smith",NA,-2.87,0.5,-2.62,-0.25,-2.87,-2.62,-0.25,15.532,0.553,5.171,0.259,0.306,5.142,0.683,4.36,0.636,0.263,0.172,12.113,2.167,0.06,1.805,0.023,1.214,0.012,2.491
1631123,"Milwaukee Bucks","Jamaree Bouyea","Vet",-2.87,-0.14,-2.47,-0.4,-2.9,-2.51,-0.39,13.953,0.481,4.374,0.234,0.298,3.587,0.626,2.675,0.723,0.173,0.164,7.087,6.059,0.187,0.525,0.005,1.91,0.019,2.821
1641745,"Oklahoma City Thunder","Adam Flagler","Sophomore",-2.9,-0.51,-1.92,-0.97,-2.87,-1.9,-0.97,21.826,0.478,13.841,0.324,0.675,1.812,0.638,1.959,0.749,0.124,0.202,5.064,3.144,0.099,0.632,0.007,1.82,0.019,1.494
1631250,"Milwaukee Bucks","Pete Nance","Sophomore",-3,0.33,-2.37,-0.62,-3.01,-2.39,-0.62,13.436,0.498,7.616,0.247,0.604,2.889,0.667,2.683,0.649,0.216,0.146,9.483,2.961,0.084,1.134,0.013,1.335,0.013,1.874
1631247,"Cleveland Cavaliers","Luke Travers","Rookie",-3.03,-0.69,-2.42,-0.6,-3.02,-2.43,-0.59,14.715,0.529,4.61,0.3,0.326,5.692,0.651,3.442,0.703,0.247,0.164,9.753,3.392,0.097,0.823,0.01,1.479,0.014,2.555
1641731,"Washington Wizards","Bilal Coulibaly","Sophomore",-3.04,-0.71,-2.25,-0.78,-2.2,-2.18,-0.02,17.487,0.518,5.196,0.329,0.329,5.95,0.685,4.848,0.757,0.294,0.193,6.852,4.993,0.149,0.93,0.01,1.816,0.019,2.971
1628398,"Milwaukee Bucks","Kyle Kuzma","Vet",-3.05,-0.76,-1.71,-1.34,-4.01,-2.15,-1.86,18.003,0.549,6.736,0.33,0.358,5.49,0.724,4.702,0.681,0.239,0.202,10.028,3.803,0.11,0.481,0.006,0.949,0.01,2.989
1630658,"Toronto Raptors","Colin Castleton","Sophomore",-3.11,-0.07,-2.71,-0.4,-3.13,-2.72,-0.41,10.792,0.523,2.227,0.27,0.129,4.963,0.662,3.254,0.778,0.317,0.124,11.741,3.054,0.091,1.427,0.015,1.452,0.014,2.239
1642259,"Washington Wizards","Alexandre Sarr","Rookie",-3.16,0.19,-2.33,-0.83,-2.92,-2.21,-0.71,22.048,0.483,8.378,0.321,0.362,5.026,0.707,4.384,0.657,0.201,0.237,11.878,4.572,0.149,2.044,0.023,1.203,0.012,2.738
1642347,"Toronto Raptors","Jamal Shead","Rookie",-3.17,-0.69,-1.62,-1.55,-2.99,-1.48,-1.51,16.402,0.507,7.105,0.337,0.428,3.472,0.626,2.384,0.798,0.148,0.178,3.92,10.592,0.317,0.167,0.002,1.565,0.016,3.932
1631210,"Atlanta Hawks","Jacob Toppin","Sophomore",-3.19,-2,-2.48,-0.71,-3.2,-2.49,-0.71,13.759,0.522,4.07,0.264,0.252,6.098,0.649,2.899,0.733,0.211,0.158,11.09,3.1,0.098,0.971,0.01,1.498,0.015,2.227
203995,"Phoenix Suns","Vasilije Micic","Sophomore",-3.2,-1.86,-2.03,-1.17,-3.33,-2.1,-1.23,18.734,0.467,8.368,0.322,0.481,3.322,0.626,3.598,0.772,0.173,0.21,5.182,9.006,0.268,0.17,0.002,1.341,0.014,4.099
201949,"Indiana Pacers","James Johnson","Vet",-3.31,-0.59,-4.01,0.7,-1.62,-2.57,0.95,12.8,0.494,5.182,0.256,0.403,2.955,0.658,1.513,0.513,0.083,0.128,8.412,4.812,0.146,1.652,0.024,1.665,0.016,2.346
1641998,"Los Angeles Lakers","Trey Jemison","Sophomore",-3.34,-0.11,-2.91,-0.43,-3.65,-3.09,-0.56,11.616,0.574,0.667,0.191,0.04,6.872,0.684,3.933,0.595,0.297,0.139,12.992,2.526,0.067,2.035,0.023,1.17,0.012,2.284
201959,"Charlotte Hornets","Taj Gibson","Vet",-3.35,-1.09,-4.28,0.93,-3.02,-3.48,0.46,11.903,0.524,0.73,0.272,0.037,5.513,0.651,2.409,0.69,0.203,0.137,13.465,3.047,0.085,1.841,0.021,1.369,0.014,2.478
1642265,"Minnesota Timberwolves","Rob Dillingham","Rookie",-3.5,-0.28,-2.02,-1.47,-3.56,-2.04,-1.52,18.979,0.516,5.921,0.314,0.304,4.723,0.639,2.724,0.681,0.133,0.211,4.869,9.283,0.28,0.288,0.003,1.894,0.019,4.191
1641816,"Denver Nuggets","Hunter Tyson","Sophomore",-3.53,-1.19,-2.32,-1.21,-3.44,-2.27,-1.17,13.383,0.523,9.067,0.331,0.695,2.154,0.671,3.344,0.674,0.201,0.15,9.068,2.549,0.066,0.737,0.008,1.149,0.012,1.834
202684,"Cleveland Cavaliers","Tristan Thompson","Vet",-3.54,-2.16,-3.86,0.32,-1.55,-2.41,0.86,9.907,0.518,0.751,0.163,0.039,6.135,0.624,4.377,0.404,0.289,0.13,17.235,4.439,0.119,1.521,0.017,1.073,0.01,2.399
1642262,"Utah Jazz","Cody Williams","Rookie",-3.58,-0.98,-2.93,-0.66,-3.23,-2.89,-0.34,11.99,0.479,5.99,0.331,0.491,2.081,0.633,2.6,0.756,0.205,0.126,5.755,3.176,0.087,0.613,0.007,1.241,0.012,2.037
1631103,"San Antonio Spurs","Malaki Branham","Vet",-3.77,-0.31,-1.93,-1.84,-3.76,-1.54,-2.22,19.453,0.511,10.033,0.342,0.56,3.233,0.681,2.594,0.822,0.118,0.208,5.547,4.152,0.118,0.209,0.002,1.083,0.01,2.82
1642267,"Washington Wizards","Carlton Carrington","Rookie",-4.02,-1.5,-2.45,-1.56,-3.64,-2.41,-1.23,16.299,0.501,8.508,0.341,0.535,2.17,0.607,2.123,0.813,0.155,0.17,6.029,7.16,0.223,0.34,0.004,1.269,0.013,2.564
1641733,"Charlotte Hornets","Nick Smith Jr.","Sophomore",-4.13,-0.69,-2.43,-1.69,-4.41,-2.56,-1.85,19.355,0.488,10.59,0.363,0.522,1.922,0.601,1.624,0.855,0.098,0.19,4.214,4.512,0.132,0.252,0.003,0.954,0.01,2.384
202693,"Los Angeles Lakers","Markieff Morris","Vet",-4.19,0.33,-3.35,-0.85,-3.91,-2.86,-1.05,18.377,0.463,12.839,0.313,0.614,1.156,0.619,1.418,0.753,0.088,0.18,8.406,4.107,0.111,0.844,0.009,1.189,0.012,2.489
201145,"Houston Rockets","Jeff Green","Vet",-4.24,-0.11,-2.93,-1.31,-0.73,-0.22,-0.51,15.37,0.561,8.852,0.335,0.591,2.071,0.713,3.533,0.792,0.261,0.139,6.679,2.415,0.068,0.92,0.01,0.897,0.009,1.308
