Position,Name + ID,PLAYER_NAME,ID,Roster Position,Salary,Game Info,TeamAbbrev,AvgPointsPerGame,Visitor,Home,Opp,DK Player,SEASON_ID,PLAYER_ID,TEAM_ID,TEAM_ABBREVIATION,Team,GAME_ID,GAME_DATE,MATCHUP,WL,Minutes Last Game,FGM,FGA,FG_PCT,FG3M,FG3A,FG3_PCT,FTM,FTA,FT_PCT,OREB,DREB,REB,AST,STL,BLK,TOV,PF,PTS,PLUS_MINUS,FANTASY_PTS,VIDEO_AVAILABLE,GAME DATE,PLAYER,DK,PLUS MINUS,MATCH UP,W/L,TEAM,AST_CONSISTENCY,AST_CUM_AVG,AST_LAST_10_AVG,AST_LAST_3_AVG,AST_LAST_5_AVG,AST_PER_MIN,AST_TREND,AST_VS_TEAM_AVG,BLOWOUT_GAME,DAYS_REST,DK_CONSISTENCY,DK_CUM_AVG,DK_LAST_10_AVG,DK_LAST_3_AVG,DK_LAST_5_AVG,DK_TREND,DK_TREND_5,FREQ_ABOVE_20,FREQ_ABOVE_25,FREQ_ABOVE_30,GAME_DAY,IS_B2B,IS_HOME,IS_TOP_3_PROJ,LOW_MIN_TOP_PLAYER,MIN_ABOVE_20,MIN_ABOVE_25,MIN_ABOVE_30,MIN_ABOVE_AVG_STREAK,MIN_CONSISTENCY,MIN_CONSISTENCY_SCORE,MIN_CUM_AVG,MIN_LAST_10_AVG,MIN_LAST_3_AVG,MIN_LAST_5_AVG,MIN_TREND,MIN_VS_TEAM_AVG,PLUS MINUS_CONSISTENCY,PLUS MINUS_CUM_AVG,PLUS MINUS_LAST_10_AVG,PLUS MINUS_LAST_3_AVG,PLUS MINUS_LAST_5_AVG,PLUS MINUS_TREND,PLUS_MINUS_PER_MIN,PTS_ABOVE_AVG_STREAK,PTS_CONSISTENCY,PTS_CUM_AVG,PTS_LAST_10_AVG,PTS_LAST_3_AVG,PTS_LAST_5_AVG,PTS_PER_MIN,PTS_TREND,PTS_VS_TEAM_AVG,REB_CONSISTENCY,REB_CUM_AVG,REB_LAST_10_AVG,REB_LAST_3_AVG,REB_LAST_5_AVG,REB_PER_MIN,REB_TREND,REB_VS_TEAM_AVG,RECENT_IMPACT,RECENT_SCORING_EFF,ROLE_CHANGE_3_10,ROLE_CHANGE_5_10,SCORING_EFFICIENCY,TEAM_MIN_PERCENTAGE,TEAM_PROJ_RANK,WIN,Minutes,injury,Projection,Min Minutes,Max Minutes
PG,Shai Gilgeous-Alexander (37838798),Shai Gilgeous-alexander,37838798,PG/G/UTIL,10600,HOU@OKC 03/03/2025 08:00PM ET,OKC,53.31,HOU,OKC,HOU,Shai Gilgeous-Alexander,22024.0,1628983.0,1610612760.0,OKC,Oklahoma City Thunder,22400871.0,2025-03-02,OKC @ SAS,W,32.0,10.0,19.0,0.526,3.0,5.0,0.6,8.0,9.0,0.889,2.0,2.0,4.0,8.0,1.0,2.0,0.0,1.0,31.0,15.0,56.8,1.0,2025-03-02,Shai Gilgeous-Alexander,56.8,15.0,OKC @ SAS,W,Oklahoma City Thunder,2.261,6.169,7.0,6.0,6.8,0.25,1.0,2.824,0.0,2.0,8.714,53.844,52.24,49.533,55.84,1.0,2.48,1.0,1.0,1.0,122.0,0.0,0.0,1.0,1.0,1.0,1.0,1.0,0.0,3.414,0.098,34.136,34.9,33.333,36.0,1.0,1.6,13.085,12.61,8.9,7.667,8.2,0.0,0.469,0.0,5.421,32.305,30.5,29.667,33.0,0.969,1.0,2.548,3.302,5.153,4.7,4.333,6.2,0.125,1.0,1.067,0.235,0.892,1.567,1.1,0.969,13.333,1.0,1.0,35.0,,54.19,0,48
PG,Cade Cunningham (37838801),Cade Cunningham,37838801,PG/G/UTIL,10100,DET@UTA 03/03/2025 09:00PM ET,DET,50.65,DET,UTA,UTA,Cade Cunningham,22024.0,1630595.0,1610612765.0,DET,Detroit Pistons,22400861.0,2025-03-01,DET vs. BKN,W,32.0,4.0,9.0,0.444,2.0,3.0,0.667,5.0,6.0,0.833,2.0,5.0,7.0,9.0,0.0,2.0,5.0,4.0,15.0,27.0,37.9,1.0,2025-03-01,Cade Cunningham,37.9,27.0,DET vs. BKN,W,Detroit Pistons,2.558,9.393,9.1,8.333,8.8,0.281,0.0,4.065,1.0,1.0,14.904,47.636,47.93,34.1,46.2,0.0,-1.06,1.0,1.0,0.7,121.0,1.0,1.0,1.0,1.0,1.0,1.0,1.0,0.0,4.142,0.123,35.25,33.6,31.333,33.8,0.0,1.867,16.572,2.75,11.8,6.667,4.8,1.0,0.844,0.0,9.283,25.232,24.8,15.667,23.4,0.469,0.0,1.826,2.726,6.214,5.9,4.667,6.0,0.219,0.0,2.085,0.173,0.493,2.267,0.2,0.469,13.333,1.0,1.0,36.0,,55.9,0,48
PF,Anthony Davis (37838804),Anthony Davis,37838804,PF/F/UTIL,10000,SAC@DAL 03/03/2025 08:30PM ET,DAL,53.12,SAC,DAL,SAC,Anthony Davis,22024.0,203076.0,1610612742.0,DAL,Dallas Mavericks,22400741.0,2025-02-08,DAL vs. HOU,W,31.0,10.0,18.0,0.556,2.0,2.0,1.0,4.0,6.0,0.667,4.0,12.0,16.0,7.0,0.0,3.0,1.0,0.0,26.0,9.0,63.7,1.0,2025-02-08,Anthony Davis,63.7,9.0,DAL vs. HOU,W,Dallas Mavericks,1.874,3.442,3.2,3.0,3.0,0.226,0.0,3.5,0.0,11.0,19.098,53.349,52.78,48.9,52.38,0.0,-1.2,0.9,0.9,0.9,105.0,0.0,1.0,1.0,1.0,1.0,1.0,1.0,0.0,8.066,0.254,34.186,31.8,26.0,29.0,0.0,1.409,15.574,0.698,2.1,9.333,10.4,1.0,0.29,1.0,10.541,25.744,25.0,24.0,26.4,0.839,1.0,2.466,5.522,11.977,12.4,13.667,12.4,0.516,1.0,4.093,0.341,0.791,5.8,2.8,0.839,12.81,1.0,1.0,0.0,Injured,0.0,0,48
PG,LaMelo Ball (37838807),LaMelo Ball,37838807,PG/G/UTIL,9700,GSW@CHA 03/03/2025 07:00PM ET,CHA,46.69,GSW,CHA,GSW,LaMelo Ball,22024.0,1630163.0,1610612766.0,CHA,Charlotte Hornets,22400860.0,2025-03-01,CHA vs. WAS,L,32.0,7.0,19.0,0.368,5.0,13.0,0.385,1.0,1.0,1.0,1.0,6.0,7.0,3.0,0.0,0.0,6.0,4.0,20.0,6.0,26.9,1.0,2025-03-01,LaMelo Ball,26.9,6.0,CHA vs. WAS,L,Charlotte Hornets,3.204,7.0,5.6,4.667,4.6,0.094,0.0,1.071,0.0,5.0,14.16,43.905,31.74,25.467,26.42,0.0,-2.78,0.8,0.7,0.5,121.0,0.0,1.0,1.0,1.0,1.0,1.0,1.0,0.0,10.339,0.379,32.297,27.3,27.667,25.2,0.0,1.339,13.11,-2.324,-4.9,-14.667,-7.8,0.0,0.188,0.0,8.736,26.135,17.1,12.667,14.0,0.625,0.0,2.0,2.584,5.135,4.7,5.667,4.6,0.219,0.0,1.591,-0.578,0.434,0.367,2.1,0.625,13.389,3.0,0.0,33.0,,45.44,0,48
PG,Trae Young (37838810),Trae Young,37838810,PG/G/UTIL,9600,ATL@MEM 03/03/2025 08:00PM ET,ATL,47.56,ATL,MEM,MEM,Trae Young,22024.0,1629027.0,1610612737.0,ATL,Atlanta Hawks,22400851.0,2025-02-28,ATL vs. OKC,L,35.0,5.0,14.0,0.357,2.0,5.0,0.4,7.0,7.0,1.0,0.0,3.0,3.0,12.0,3.0,0.0,3.0,1.0,19.0,-4.0,46.6,1.0,2025-02-28,Trae Young,46.6,-4.0,ATL vs. OKC,L,Atlanta Hawks,4.029,11.429,11.3,11.333,10.6,0.343,0.0,4.889,0.0,2.0,10.681,43.996,44.47,36.2,42.62,0.0,-2.62,1.0,1.0,1.0,120.0,0.0,1.0,1.0,0.0,1.0,1.0,1.0,0.0,3.225,0.085,36.25,37.8,36.333,36.8,1.0,1.604,14.976,0.393,4.4,3.667,1.2,1.0,-0.114,0.0,10.246,23.768,27.1,15.667,24.6,0.543,1.0,1.756,1.075,3.107,2.6,2.667,2.6,0.086,0.0,0.717,0.088,0.435,1.467,1.0,0.543,14.583,1.0,0.0,37.0,Probable,44.54,0,48
PG,Kyrie Irving (37838813),Kyrie Irving,37838813,PG/G/UTIL,9500,SAC@DAL 03/03/2025 08:30PM ET,DAL,42.16,SAC,DAL,SAC,Kyrie Irving,22024.0,202681.0,1610612742.0,DAL,Dallas Mavericks,22400865.0,2025-03-01,DAL vs. MIL,L,38.0,9.0,23.0,0.391,2.0,9.0,0.222,11.0,11.0,1.0,4.0,1.0,5.0,3.0,1.0,0.0,2.0,1.0,31.0,-11.0,42.5,1.0,2025-03-01,Kyrie Irving,42.5,-11.0,DAL vs. MIL,L,Dallas Mavericks,1.853,4.694,4.1,4.0,4.0,0.079,0.0,1.32,0.0,2.0,9.137,41.139,47.61,52.067,47.92,1.0,-1.58,1.0,1.0,1.0,121.0,0.0,1.0,1.0,0.0,1.0,1.0,1.0,3.0,3.335,0.085,36.571,39.3,38.667,37.0,1.0,1.742,11.9,2.653,-1.6,0.0,-3.0,0.0,-0.289,3.0,9.303,25.041,28.1,30.333,28.6,0.816,1.0,2.915,2.821,4.878,5.8,7.0,5.6,0.132,1.0,1.667,0.004,0.783,0.633,2.3,0.816,15.833,1.0,0.0,36.0,,44.75,0,48
C,Domantas Sabonis (37838816),Domantas Sabonis,37838816,C/UTIL,9400,SAC@DAL 03/03/2025 08:30PM ET,SAC,49.24,SAC,DAL,DAL,Domantas Sabonis,22024.0,1627734.0,1610612758.0,SAC,Sacramento Kings,22400862.0,2025-03-01,SAC @ HOU,W,1.0,0.0,0.0,0.0,0.0,0.0,0.0,1.0,2.0,0.5,0.0,0.0,0.0,0.0,0.0,0.0,0.0,0.0,1.0,1.0,1.0,1.0,2025-03-01,Domantas Sabonis,1.0,1.0,SAC @ HOU,W,Sacramento Kings,2.741,6.161,4.8,4.0,5.2,0.0,0.0,0.0,0.0,3.0,15.499,45.766,36.98,19.933,32.24,0.0,-9.1,0.9,0.9,0.7,121.0,0.0,0.0,1.0,1.0,0.0,0.0,0.0,0.0,11.586,0.377,35.232,30.7,20.667,27.4,0.0,0.042,12.885,3.125,0.7,4.333,1.8,0.0,1.0,0.0,7.633,19.536,14.6,6.667,11.2,1.0,0.0,0.088,6.963,14.143,13.4,6.333,12.2,0.0,0.0,0.0,0.474,0.537,10.033,3.3,1.0,0.418,2.0,1.0,0.0,Injured,0.0,0,48
PG,Stephen Curry (37838818),Stephen Curry,37838818,PG/G/UTIL,9200,GSW@CHA 03/03/2025 07:00PM ET,GSW,42.86,GSW,CHA,CHA,Stephen Curry,22024.0,201939.0,1610612744.0,GSW,Golden State Warriors,22400864.0,2025-03-01,GSW @ PHI,L,36.0,10.0,18.0,0.556,5.0,12.0,0.417,4.0,4.0,1.0,1.0,4.0,5.0,13.0,1.0,0.0,3.0,2.0,29.0,12.0,54.5,1.0,2025-03-01,Stephen Curry,54.5,12.0,GSW @ PHI,L,Golden State Warriors,2.981,6.157,6.0,7.333,7.0,0.361,1.0,4.333,0.0,2.0,10.855,40.263,46.4,50.533,46.62,1.0,3.6,1.0,0.9,0.8,121.0,0.0,0.0,1.0,0.0,1.0,1.0,1.0,2.0,4.067,0.123,32.02,33.1,31.333,30.8,0.0,1.657,9.522,3.51,10.7,18.0,13.6,1.0,0.333,2.0,11.318,24.078,31.1,33.333,30.0,0.806,1.0,2.681,1.581,4.451,4.5,4.333,3.6,0.139,0.0,1.122,0.633,1.026,1.767,2.3,0.806,15.063,1.0,0.0,34.0,,44.05,0,48
PG,Tyrese Maxey (37838821),Tyrese Maxey,37838821,PG/G/UTIL,9000,POR@PHI 03/03/2025 07:00PM ET,PHI,45.16,POR,PHI,POR,Tyrese Maxey,22024.0,1630178.0,1610612755.0,PHI,Philadelphia 76ers,22400864.0,2025-03-01,PHI vs. GSW,W,40.0,2.0,14.0,0.143,0.0,2.0,0.0,1.0,1.0,1.0,1.0,2.0,3.0,11.0,2.0,0.0,2.0,1.0,5.0,2.0,29.1,1.0,2025-03-01,Tyrese Maxey,29.1,2.0,PHI vs. GSW,W,Philadelphia 76ers,3.401,6.098,6.3,6.0,6.0,0.275,0.0,3.667,0.0,3.0,15.99,44.084,39.21,31.133,34.16,0.0,3.52,1.0,1.0,0.9,121.0,0.0,1.0,1.0,0.0,1.0,1.0,1.0,2.0,4.557,0.12,38.039,38.1,37.667,38.0,0.0,1.488,14.002,-2.137,-8.6,-9.333,-10.8,0.0,0.05,0.0,12.229,26.745,23.0,16.0,19.0,0.125,0.0,0.357,1.494,3.412,3.3,2.333,2.8,0.075,0.0,0.675,-0.316,0.418,0.433,0.1,0.125,16.529,1.0,1.0,38.0,,43.93,0,48
C,Alperen Sengun (37838824),Alperen Sengun,37838824,C/UTIL,8900,HOU@OKC 03/03/2025 08:00PM ET,HOU,43.38,HOU,OKC,OKC,Alperen Sengun,22024.0,1630578.0,1610612745.0,HOU,Houston Rockets,22400862.0,2025-03-01,HOU vs. SAC,L,37.0,10.0,16.0,0.625,0.0,0.0,0.0,10.0,17.0,0.588,4.0,6.0,10.0,5.0,0.0,1.0,6.0,3.0,30.0,-4.0,46.5,1.0,2025-03-01,Alperen Sengun,46.5,-4.0,HOU vs. SAC,L,Houston Rockets,2.183,4.807,3.9,3.667,4.0,0.135,0.0,2.5,0.0,3.0,14.669,42.267,38.13,41.633,42.48,1.0,2.98,0.8,0.8,0.7,121.0,0.0,1.0,1.0,0.0,1.0,1.0,1.0,1.0,11.21,0.372,31.211,30.1,30.333,32.4,1.0,1.388,13.879,4.491,0.2,10.0,7.8,1.0,-0.108,1.0,10.002,19.123,18.6,20.667,22.6,0.811,1.0,2.621,3.062,10.544,10.4,10.667,11.4,0.27,1.0,2.093,0.448,0.647,0.233,2.3,0.811,15.417,2.0,0.0,34.0,Questionable,44.18,0,48
PG,Tyler Herro (37838826),Tyler Herro,37838826,PG/G/UTIL,8800,WAS@MIA 03/03/2025 07:30PM ET,MIA,42.01,WAS,MIA,WAS,Tyler Herro,22024.0,1629639.0,1610612748.0,MIA,Miami Heat,22400869.0,2025-03-02,MIA vs. NYK,L,41.0,8.0,24.0,0.333,2.0,11.0,0.182,4.0,4.0,1.0,0.0,4.0,4.0,7.0,0.0,0.0,0.0,1.0,22.0,-6.0,37.3,1.0,2025-03-02,Tyler Herro,37.3,-6.0,MIA vs. NYK,L,Miami Heat,2.541,5.719,6.7,8.0,7.6,0.171,1.0,2.172,0.0,2.0,13.269,39.344,42.37,43.6,43.68,1.0,-0.96,1.0,1.0,1.0,122.0,0.0,1.0,1.0,0.0,1.0,1.0,1.0,1.0,3.02,0.082,35.719,36.7,36.333,36.8,1.0,1.392,12.133,0.053,-0.1,3.667,2.8,1.0,-0.146,0.0,10.144,24.053,25.3,25.0,25.2,0.537,1.0,1.768,2.221,5.404,4.6,3.0,4.4,0.098,0.0,1.059,0.118,0.698,0.367,0.1,0.537,15.472,1.0,0.0,37.0,,47.79,0,48
PF,Miles Bridges (37838829),Miles Bridges,37838829,PF/F/UTIL,8500,GSW@CHA 03/03/2025 07:00PM ET,CHA,38.4,GSW,CHA,GSW,Miles Bridges,22024.0,1628970.0,1610612766.0,CHA,Charlotte Hornets,22400860.0,2025-03-01,CHA vs. WAS,L,36.0,7.0,16.0,0.438,3.0,6.0,0.5,1.0,1.0,1.0,4.0,3.0,7.0,7.0,0.0,1.0,2.0,1.0,18.0,-19.0,37.9,1.0,2025-03-01,Miles Bridges,37.9,-19.0,CHA vs. WAS,L,Charlotte Hornets,2.413,3.756,3.6,5.0,3.8,0.194,1.0,2.5,0.0,2.0,16.442,36.891,38.76,31.567,31.5,0.0,-7.24,1.0,0.9,0.6,121.0,0.0,1.0,1.0,0.0,1.0,1.0,1.0,2.0,5.229,0.162,32.067,32.3,34.0,31.0,0.0,1.506,12.953,-4.622,-13.3,-17.333,-21.2,0.0,-0.528,0.0,9.09,19.867,20.8,15.667,17.4,0.5,0.0,1.8,2.936,7.733,7.8,8.667,7.0,0.194,0.0,1.591,-0.581,0.449,1.7,1.3,0.5,15.063,1.0,0.0,34.0,Probable,39.79,0,48
PF/C,Bam Adebayo (37838832),Bam Adebayo,37838832,PF/C/F/UTIL,8400,WAS@MIA 03/03/2025 07:30PM ET,MIA,39.99,WAS,MIA,WAS,Bam Adebayo,22024.0,1628389.0,1610612748.0,MIA,Miami Heat,22400869.0,2025-03-02,MIA vs. NYK,L,42.0,12.0,16.0,0.75,0.0,2.0,0.0,6.0,8.0,0.75,2.0,5.0,7.0,4.0,1.0,0.0,3.0,4.0,30.0,-1.0,44.4,1.0,2025-03-02,Bam Adebayo,44.4,-1.0,MIA vs. NYK,L,Miami Heat,2.0,4.316,3.0,4.667,3.2,0.095,0.0,1.241,0.0,2.0,8.221,39.112,38.2,41.2,36.8,0.0,1.9,1.0,1.0,1.0,122.0,0.0,1.0,1.0,0.0,1.0,1.0,1.0,1.0,2.869,0.08,34.316,35.7,36.0,36.0,1.0,1.426,10.02,-0.649,-3.2,4.333,-3.6,0.0,-0.024,3.0,4.807,17.175,21.0,22.667,21.2,0.714,1.0,2.411,3.274,9.86,9.5,7.667,7.0,0.167,0.0,1.853,0.123,0.622,0.3,0.3,0.714,15.849,2.0,0.0,35.0,,45.3,0,48
PG,Ja Morant (37838836),Ja Morant,37838836,PG/G/UTIL,8300,ATL@MEM 03/03/2025 08:00PM ET,MEM,39.43,ATL,MEM,ATL,Ja Morant,22024.0,1629630.0,1610612763.0,MEM,Memphis Grizzlies,22400856.0,2025-02-28,MEM vs. NYK,L,31.0,9.0,22.0,0.409,0.0,6.0,0.0,7.0,7.0,1.0,0.0,4.0,4.0,7.0,1.0,0.0,4.0,3.0,25.0,8.0,39.3,1.0,2025-02-28,Ja Morant,39.3,8.0,MEM vs. NYK,L,Memphis Grizzlies,2.675,7.405,6.6,8.333,7.2,0.226,0.0,2.692,0.0,3.0,11.889,37.546,35.68,41.167,34.16,0.0,-1.02,1.0,0.9,0.6,120.0,0.0,1.0,1.0,1.0,1.0,1.0,1.0,7.0,3.837,0.122,29.27,31.5,34.0,33.0,1.0,1.292,16.939,5.595,-1.5,3.0,-0.2,0.0,0.258,4.0,6.464,20.865,21.3,25.0,22.0,0.806,1.0,2.212,1.912,4.081,3.9,3.333,2.8,0.129,0.0,0.69,0.091,0.736,2.5,1.5,0.806,12.917,3.0,0.0,33.0,Questionable,44.67,0,48
PG/SF,Amen Thompson (37838839),Amen Thompson,37838839,PG/SF/F/G/UTIL,8200,HOU@OKC 03/03/2025 08:00PM ET,HOU,34.4,HOU,OKC,OKC,Amen Thompson,22024.0,1641708.0,1610612745.0,HOU,Houston Rockets,22400862.0,2025-03-01,HOU vs. SAC,L,41.0,3.0,10.0,0.3,0.0,0.0,0.0,0.0,0.0,0.0,4.0,7.0,11.0,3.0,0.0,0.0,2.0,1.0,6.0,-12.0,21.7,1.0,2025-03-01,Amen Thompson,21.7,-12.0,HOU vs. SAC,L,Houston Rockets,2.359,3.526,5.3,4.667,4.4,0.073,1.0,1.5,0.0,3.0,10.779,34.826,38.29,34.933,38.52,1.0,-0.32,1.0,1.0,0.8,121.0,0.0,1.0,1.0,0.0,1.0,1.0,1.0,1.0,4.264,0.116,32.263,36.8,35.0,36.4,1.0,1.537,12.723,2.123,-2.1,4.333,3.4,1.0,-0.293,0.0,7.246,13.877,14.5,13.333,15.8,0.146,1.0,0.524,2.263,8.211,8.7,9.667,9.6,0.268,1.0,2.302,0.182,0.415,1.8,0.4,0.146,17.083,1.0,0.0,37.0,Questionable,39.32,0,48
SF/PF,Jalen Williams (37838844),Jalen Williams,37838844,SF/PF/F/UTIL,8100,HOU@OKC 03/03/2025 08:00PM ET,OKC,40.62,HOU,OKC,HOU,Jalen Williams,22024.0,1631114.0,1610612760.0,OKC,Oklahoma City Thunder,22400871.0,2025-03-02,OKC @ SAS,W,33.0,15.0,24.0,0.625,4.0,8.0,0.5,7.0,7.0,1.0,0.0,6.0,6.0,7.0,1.0,1.0,0.0,2.0,41.0,12.0,64.7,1.0,2025-03-02,Jalen Williams,64.7,12.0,OKC @ SAS,W,Oklahoma City Thunder,1.889,5.211,5.7,6.333,6.8,0.212,1.0,2.471,0.0,2.0,9.627,40.721,41.33,45.9,45.6,1.0,4.58,1.0,0.9,0.8,122.0,0.0,0.0,1.0,1.0,1.0,1.0,1.0,5.0,4.715,0.142,32.807,33.3,33.333,35.6,1.0,1.65,9.492,6.368,5.9,10.333,4.8,0.0,0.364,1.0,7.337,21.333,22.5,27.667,25.6,1.242,1.0,3.37,1.713,5.491,5.4,5.333,5.0,0.182,0.0,1.6,0.31,0.832,0.033,2.3,1.242,13.75,2.0,1.0,32.0,,36.34,0,48
PF/C,Jaren Jackson Jr. (37838848),Jaren Jackson,37838848,PF/C/F/UTIL,8000,ATL@MEM 03/03/2025 08:00PM ET,MEM,39.68,ATL,MEM,ATL,Jaren Jackson Jr.,22024.0,1628991.0,1610612763.0,MEM,Memphis Grizzlies,22400863.0,2025-03-01,MEM vs. SAS,L,35.0,15.0,25.0,0.6,5.0,8.0,0.625,7.0,8.0,0.875,1.0,3.0,4.0,2.0,2.0,2.0,2.0,3.0,42.0,10.0,59.8,1.0,2025-03-01,Jaren Jackson Jr.,59.8,10.0,MEM vs. SAS,L,Memphis Grizzlies,1.317,2.172,2.2,1.333,1.8,0.057,0.0,0.71,0.0,1.0,9.741,40.172,38.82,45.467,42.06,1.0,4.48,1.0,0.9,0.5,121.0,1.0,1.0,1.0,0.0,1.0,1.0,1.0,3.0,3.773,0.123,29.759,30.7,33.667,30.6,1.0,1.604,12.865,6.259,2.8,4.333,2.0,0.0,0.286,1.0,8.923,23.121,22.5,29.333,25.2,1.2,1.0,3.609,1.524,5.948,5.1,5.667,4.8,0.114,0.0,1.073,0.123,0.868,2.967,0.1,1.2,14.583,1.0,0.0,33.0,,45.01,0,48
C,Mark Williams (37838852),Mark Williams,37838852,C/UTIL,7900,GSW@CHA 03/03/2025 07:00PM ET,CHA,35.1,GSW,CHA,GSW,Mark Williams,22024.0,1631109.0,1610612766.0,CHA,Charlotte Hornets,22400860.0,2025-03-01,CHA vs. WAS,L,34.0,11.0,14.0,0.786,0.0,0.0,0.0,2.0,2.0,1.0,2.0,10.0,12.0,3.0,1.0,2.0,3.0,3.0,24.0,-6.0,48.9,1.0,2025-03-01,Mark Williams,48.9,-6.0,CHA vs. WAS,L,Charlotte Hornets,1.494,2.321,2.3,2.0,1.6,0.088,0.0,1.071,0.0,2.0,13.447,35.232,36.45,43.667,34.96,0.0,6.78,1.0,0.7,0.6,121.0,0.0,1.0,1.0,0.0,1.0,1.0,1.0,3.0,4.244,0.145,25.5,29.3,30.0,28.0,1.0,1.423,9.187,-6.607,-11.8,-8.667,-11.2,0.0,-0.176,2.0,7.009,15.714,15.7,20.667,16.4,0.706,1.0,2.4,3.923,9.821,10.5,13.333,10.8,0.353,1.0,2.727,-0.32,0.675,0.7,1.3,0.706,14.226,2.0,0.0,31.0,,39.11,0,48
SG/SF,Zach LaVine (37838854),Zach LaVine,37838854,SG/SF/F/G/UTIL,7800,SAC@DAL 03/03/2025 08:30PM ET,SAC,38.75,SAC,DAL,DAL,Zach LaVine,22024.0,203897.0,1610612758.0,SAC,Sacramento Kings,22400862.0,2025-03-01,SAC @ HOU,W,37.0,8.0,16.0,0.5,2.0,5.0,0.4,2.0,3.0,0.667,1.0,5.0,6.0,4.0,2.0,0.0,4.0,0.0,20.0,21.0,35.2,1.0,2025-03-01,Zach LaVine,35.2,21.0,SAC @ HOU,W,Sacramento Kings,2.616,4.442,4.2,3.0,4.4,0.108,0.0,1.905,1.0,3.0,10.966,36.537,34.1,38.967,38.76,1.0,0.02,1.0,1.0,1.0,121.0,0.0,0.0,1.0,0.0,1.0,1.0,1.0,2.0,4.029,0.111,34.615,36.3,35.333,37.0,1.0,1.548,20.183,1.019,4.3,22.333,6.6,1.0,0.568,0.0,8.746,23.712,22.6,28.0,25.8,0.541,1.0,1.77,2.0,4.654,4.0,5.667,4.8,0.162,1.0,1.304,0.664,0.825,0.967,0.7,0.541,15.481,3.0,1.0,37.0,,41.79,0,48
PG/SG,Malik Monk (37838859),Malik Monk,37838859,PG/SG/G/UTIL,7700,SAC@DAL 03/03/2025 08:30PM ET,SAC,34.69,SAC,DAL,DAL,Malik Monk,22024.0,1628370.0,1610612758.0,SAC,Sacramento Kings,22400862.0,2025-03-01,SAC @ HOU,W,34.0,7.0,13.0,0.538,1.0,4.0,0.25,1.0,1.0,1.0,0.0,5.0,5.0,4.0,0.0,0.0,5.0,1.0,16.0,-2.0,23.0,1.0,2025-03-01,Malik Monk,23.0,-2.0,SAC @ HOU,W,Sacramento Kings,2.47,5.863,5.9,6.667,6.6,0.118,1.0,1.905,0.0,3.0,8.817,33.747,31.69,30.867,32.46,0.0,-1.76,1.0,0.9,0.8,121.0,0.0,0.0,0.0,0.0,1.0,1.0,1.0,2.0,5.763,0.165,32.647,34.9,33.333,34.6,1.0,1.423,13.267,2.157,-0.3,12.0,4.2,1.0,-0.059,0.0,4.244,17.725,15.7,14.0,15.8,0.471,0.0,1.416,2.821,3.882,4.2,6.0,4.8,0.147,1.0,1.087,0.373,0.42,1.567,0.3,0.471,14.226,4.0,1.0,37.0,,40.33,0,48
SF/PF,Jimmy Butler (37838870),Jimmy Butler,37838870,SF/PF/F/UTIL,7600,GSW@CHA 03/03/2025 07:00PM ET,GSW,33.93,GSW,CHA,CHA,Jimmy Butler,22024.0,202710.0,1610612744.0,GSW,Golden State Warriors,22400845.0,2025-02-27,GSW @ ORL,W,32.0,1.0,7.0,0.143,0.0,3.0,0.0,3.0,4.0,0.75,2.0,2.0,4.0,7.0,0.0,1.0,2.0,1.0,5.0,-7.0,21.3,1.0,2025-02-27,Jimmy Butler III,21.3,-7.0,GSW @ ORL,W,Golden State Warriors,1.414,5.0,6.0,5.667,5.6,0.219,1.0,2.962,0.0,2.0,8.903,34.209,34.06,26.167,30.64,0.0,-4.2,0.9,0.9,0.5,119.0,0.0,0.0,1.0,1.0,1.0,1.0,1.0,1.0,4.671,0.158,30.485,29.6,26.333,29.2,0.0,1.467,16.379,3.758,6.6,12.667,13.4,1.0,-0.219,0.0,6.861,16.879,15.2,9.667,13.0,0.156,0.0,0.455,2.83,5.364,5.3,5.0,5.2,0.125,0.0,1.158,0.559,0.372,3.267,0.4,0.156,13.333,2.0,1.0,34.0,Probable,41.62,0,48
SG,Desmond Bane (37838863),Desmond Bane,37838863,SG/G/UTIL,7600,ATL@MEM 03/03/2025 08:00PM ET,MEM,36.96,ATL,MEM,ATL,Desmond Bane,22024.0,1630217.0,1610612763.0,MEM,Memphis Grizzlies,22400856.0,2025-02-28,MEM vs. NYK,L,35.0,9.0,17.0,0.529,0.0,4.0,0.0,6.0,6.0,1.0,4.0,8.0,12.0,4.0,1.0,0.0,6.0,3.0,24.0,6.0,41.4,1.0,2025-02-28,Desmond Bane,41.4,6.0,MEM vs. NYK,L,Memphis Grizzlies,2.251,5.438,5.2,7.0,6.0,0.114,1.0,1.538,0.0,3.0,6.296,35.665,38.12,39.5,38.28,1.0,2.04,1.0,1.0,0.9,120.0,0.0,1.0,1.0,0.0,1.0,1.0,1.0,8.0,3.755,0.105,31.083,35.9,37.667,36.4,1.0,1.458,9.608,4.167,0.1,5.333,0.6,0.0,0.171,2.0,5.4,18.229,20.4,18.667,19.0,0.686,1.0,2.124,2.989,5.875,7.6,6.667,6.4,0.343,1.0,2.069,0.131,0.489,1.767,0.5,0.686,14.583,1.0,0.0,35.0,Off Injury Report,45.02,0,48
SF/PF,Paul George (37838866),Paul George,37838866,SF/PF/F/UTIL,7500,POR@PHI 03/03/2025 07:00PM ET,PHI,34.18,POR,PHI,POR,Paul George,22024.0,202331.0,1610612755.0,PHI,Philadelphia 76ers,22400864.0,2025-03-01,PHI vs. GSW,W,39.0,6.0,13.0,0.462,3.0,5.0,0.6,2.0,2.0,1.0,1.0,7.0,8.0,4.0,2.0,1.0,3.0,4.0,17.0,14.0,38.6,1.0,2025-03-01,Paul George,38.6,14.0,PHI vs. GSW,W,Philadelphia 76ers,2.132,4.3,3.1,4.333,3.4,0.103,0.0,1.333,0.0,3.0,9.148,33.635,31.31,40.033,36.38,1.0,2.28,1.0,1.0,0.6,121.0,0.0,1.0,1.0,0.0,1.0,1.0,1.0,2.0,4.971,0.145,32.625,34.4,37.0,36.0,1.0,1.45,13.081,-2.25,-6.7,-6.0,-7.8,0.0,0.359,3.0,6.114,16.45,14.4,20.333,18.6,0.436,1.0,1.214,2.83,5.3,4.3,6.0,5.4,0.205,1.0,1.8,-0.223,0.555,2.6,1.6,0.436,16.116,3.0,1.0,37.0,Questionable,41.68,0,48
SF,DeMar DeRozan (37838874),Demar DeRozan,37838874,SF/F/UTIL,7400,SAC@DAL 03/03/2025 08:30PM ET,SAC,35.44,SAC,DAL,DAL,DeMar DeRozan,22024.0,201942.0,1610612758.0,SAC,Sacramento Kings,22400862.0,2025-03-01,SAC @ HOU,W,40.0,7.0,18.0,0.389,1.0,5.0,0.2,6.0,7.0,0.857,1.0,1.0,2.0,6.0,0.0,0.0,2.0,4.0,21.0,13.0,30.4,1.0,2025-03-01,DeMar DeRozan,30.4,13.0,SAC @ HOU,W,Sacramento Kings,1.944,3.889,5.0,5.667,5.6,0.15,1.0,2.857,0.0,3.0,11.502,35.47,37.72,36.833,38.52,1.0,-1.08,1.0,1.0,1.0,121.0,0.0,0.0,1.0,0.0,1.0,1.0,1.0,1.0,3.859,0.107,35.87,36.0,35.0,36.4,1.0,1.674,14.117,2.259,1.8,7.333,2.4,1.0,0.325,0.0,8.807,21.981,23.0,19.333,22.4,0.525,1.0,1.858,1.838,3.926,4.6,5.0,4.6,0.05,1.0,0.435,0.204,0.555,1.0,0.4,0.525,16.736,1.0,1.0,37.0,,35.21,0,48
SG,Jalen Green (37838880),Jalen Green,37838880,SG/G/UTIL,7300,HOU@OKC 03/03/2025 08:00PM ET,HOU,34.24,HOU,OKC,OKC,Jalen Green,22024.0,1630224.0,1610612745.0,HOU,Houston Rockets,22400862.0,2025-03-01,HOU vs. SAC,L,37.0,9.0,20.0,0.45,4.0,10.0,0.4,2.0,2.0,1.0,1.0,1.0,2.0,2.0,1.0,0.0,2.0,2.0,24.0,-4.0,30.4,1.0,2025-03-01,Jalen Green,30.4,-4.0,HOU vs. SAC,L,Houston Rockets,2.497,3.117,4.3,3.0,4.6,0.054,1.0,1.0,0.0,3.0,11.531,32.315,34.57,32.633,37.9,1.0,4.78,1.0,0.9,0.8,121.0,0.0,1.0,1.0,0.0,1.0,1.0,1.0,1.0,5.705,0.163,33.4,34.9,34.0,35.4,1.0,1.388,12.614,1.117,-1.3,4.667,4.4,1.0,-0.108,1.0,6.707,21.617,23.1,23.333,26.0,0.649,1.0,2.097,2.875,4.367,4.6,5.667,5.0,0.054,1.0,0.419,0.196,0.691,0.9,0.5,0.649,15.417,3.0,0.0,35.0,,35.39,0,48
PF/C,PJ Washington (37838883),Pj Washington,37838883,PF/C/F/UTIL,7200,SAC@DAL 03/03/2025 08:30PM ET,DAL,32.33,SAC,DAL,SAC,PJ Washington,22024.0,1629023.0,1610612742.0,DAL,Dallas Mavericks,22400865.0,2025-03-01,DAL vs. MIL,L,15.0,2.0,8.0,0.25,0.0,4.0,0.0,0.0,1.0,0.0,0.0,5.0,5.0,0.0,0.0,0.0,1.0,3.0,4.0,-21.0,9.0,1.0,2025-03-01,P.J. Washington,9.0,-21.0,DAL vs. MIL,L,Dallas Mavericks,2.261,2.34,3.0,2.667,2.4,0.0,1.0,0.0,1.0,4.0,15.407,32.021,36.54,22.267,26.36,0.0,-7.62,0.8,0.7,0.6,121.0,0.0,1.0,1.0,1.0,0.0,0.0,0.0,0.0,9.62,0.309,32.191,31.1,26.0,26.2,0.0,0.688,16.107,2.319,-1.1,-15.667,-4.4,0.0,-1.4,0.0,8.984,13.979,15.6,7.0,10.2,0.267,0.0,0.376,4.984,8.085,9.2,6.333,5.8,0.333,0.0,1.667,-0.767,0.291,5.1,4.9,0.267,6.25,2.0,0.0,0.0,Out,0.0,0,48
PG,Jordan Poole (37838877),Jordan Poole,37838877,PG/G/UTIL,7200,WAS@MIA 03/03/2025 07:30PM ET,WAS,36.14,WAS,MIA,MIA,Jordan Poole,22024.0,1629673.0,1610612764.0,WAS,Washington Wizards,22400839.0,2025-02-26,WAS vs. POR,L,31.0,8.0,17.0,0.471,3.0,9.0,0.333,5.0,5.0,1.0,2.0,3.0,5.0,3.0,1.0,1.0,2.0,3.0,24.0,-1.0,38.5,1.0,2025-02-26,Jordan Poole,38.5,-1.0,WAS vs. POR,L,Washington Wizards,1.687,4.784,4.8,3.0,3.8,0.097,0.0,1.32,0.0,2.0,13.205,34.435,35.9,32.967,35.86,1.0,1.86,1.0,1.0,0.7,118.0,0.0,1.0,1.0,1.0,1.0,1.0,1.0,0.0,3.91,0.121,31.294,32.2,29.333,32.0,1.0,1.427,13.105,-8.804,-3.2,-3.333,-4.2,1.0,-0.032,2.0,12.492,21.039,22.6,22.0,23.8,0.774,1.0,2.182,1.247,3.255,4.0,4.0,3.8,0.161,1.0,1.341,-0.123,0.747,2.867,0.2,0.774,12.971,1.0,0.0,0.0,Out,0.0,0,48
C,Daniel Gafford (37838891),Daniel Gafford,37838891,C/UTIL,7100,SAC@DAL 03/03/2025 08:30PM ET,DAL,27.24,SAC,DAL,SAC,Daniel Gafford,22024.0,1629655.0,1610612742.0,DAL,Dallas Mavericks,22400762.0,2025-02-10,DAL vs. SAC,L,10.0,2.0,2.0,1.0,0.0,0.0,0.0,0.0,0.0,0.0,1.0,2.0,3.0,2.0,0.0,0.0,1.0,0.0,4.0,9.0,9.6,1.0,2025-02-10,Daniel Gafford,9.6,9.0,DAL vs. SAC,L,Dallas Mavericks,1.337,1.431,2.3,2.667,2.2,0.2,1.0,0.71,0.0,2.0,13.292,28.363,36.65,28.467,30.82,1.0,-8.26,0.9,0.7,0.6,107.0,0.0,1.0,1.0,1.0,0.0,0.0,0.0,0.0,7.747,0.274,21.941,28.3,23.333,27.2,1.0,0.415,7.729,0.941,7.2,5.667,5.4,1.0,0.9,0.0,6.0,12.294,13.0,5.667,9.0,0.4,0.0,0.344,4.089,6.863,9.5,9.0,8.6,0.3,1.0,1.0,0.378,0.276,4.967,1.1,0.4,3.774,2.0,0.0,0.0,Out for season,0.0,0,48
PF/C,Chet Holmgren (37838887),Chet Holmgren,37838887,PF/C/F/UTIL,7100,HOU@OKC 03/03/2025 08:00PM ET,OKC,35.94,HOU,OKC,HOU,Chet Holmgren,22024.0,1631096.0,1610612760.0,OKC,Oklahoma City Thunder,22400851.0,2025-02-28,OKC @ ATL,W,15.0,3.0,8.0,0.375,0.0,4.0,0.0,1.0,2.0,0.5,0.0,4.0,4.0,3.0,0.0,0.0,1.0,0.0,7.0,12.0,15.3,1.0,2025-02-28,Chet Holmgren,15.3,12.0,OKC @ ATL,W,Oklahoma City Thunder,1.337,1.882,1.3,2.667,2.2,0.2,1.0,0.892,0.0,2.0,15.881,36.965,32.73,37.333,37.46,1.0,-3.98,0.8,0.6,0.2,120.0,0.0,0.0,1.0,1.0,0.0,0.0,0.0,0.0,9.055,0.362,26.176,25.0,25.0,26.6,1.0,0.69,10.088,9.529,8.0,10.0,8.8,0.0,0.8,0.0,8.875,15.235,13.9,16.0,15.8,0.467,1.0,0.57,4.326,8.353,7.4,8.333,8.8,0.267,1.0,1.023,0.46,0.611,0.0,1.6,0.467,6.276,3.0,1.0,32.0,Questionable,39.99,0,48
PG/SG,Anfernee Simons (37838893),Anfernee Simons,37838893,PG/SG/G/UTIL,7000,POR@PHI 03/03/2025 07:00PM ET,POR,31.93,POR,PHI,PHI,Anfernee Simons,22024.0,1629014.0,1610612757.0,POR,Portland Trail Blazers,22400867.0,2025-03-02,POR @ CLE,L,42.0,8.0,23.0,0.348,4.0,12.0,0.333,7.0,7.0,1.0,0.0,2.0,2.0,2.0,0.0,0.0,2.0,2.0,27.0,-14.0,30.4,1.0,2025-03-02,Anfernee Simons,30.4,-14.0,POR @ CLE,L,Portland Trail Blazers,1.449,4.982,5.1,4.333,4.6,0.048,0.0,0.8,0.0,2.0,7.274,30.074,31.97,29.433,32.46,1.0,1.02,1.0,1.0,0.8,122.0,0.0,0.0,1.0,0.0,1.0,1.0,1.0,1.0,4.654,0.137,32.526,33.9,36.333,34.4,1.0,1.585,15.517,-3.579,-0.9,1.667,7.0,1.0,-0.333,1.0,7.193,18.719,21.2,19.0,22.0,0.643,1.0,2.093,1.174,2.737,2.6,3.0,2.8,0.048,1.0,0.435,0.087,0.513,2.433,0.5,0.643,15.849,1.0,0.0,34.0,,34.23,0,48
C,Jalen Duren (37838897),Jalen Duren,37838897,C/UTIL,6900,DET@UTA 03/03/2025 09:00PM ET,DET,31.55,DET,UTA,UTA,Jalen Duren,22024.0,1631105.0,1610612765.0,DET,Detroit Pistons,22400861.0,2025-03-01,DET vs. BKN,W,30.0,6.0,7.0,0.857,0.0,0.0,0.0,6.0,6.0,1.0,1.0,10.0,11.0,2.0,2.0,6.0,3.0,5.0,18.0,29.0,55.2,1.0,2025-03-01,Jalen Duren,55.2,29.0,DET vs. BKN,W,Detroit Pistons,1.989,2.603,4.2,2.0,2.8,0.067,1.0,0.903,1.0,1.0,11.052,31.295,38.98,36.333,36.16,1.0,0.74,0.8,0.6,0.2,121.0,1.0,1.0,1.0,1.0,1.0,1.0,0.0,1.0,5.122,0.199,25.741,25.7,24.0,25.2,0.0,1.75,14.851,0.293,11.1,4.333,2.4,1.0,0.967,1.0,4.858,11.155,13.4,13.0,12.8,0.6,1.0,2.191,3.814,10.31,11.9,10.0,10.8,0.367,1.0,3.277,-0.011,0.533,1.7,0.5,0.6,12.5,2.0,1.0,29.0,,37.18,0,48
SF,Lauri Markkanen (37838899),Lauri Markkanen,37838899,SF/F/UTIL,6900,DET@UTA 03/03/2025 09:00PM ET,UTA,32.55,DET,UTA,DET,Lauri Markkanen,22024.0,1628374.0,1610612762.0,UTA,Utah Jazz,22400809.0,2025-02-22,UTA vs. HOU,W,32.0,8.0,19.0,0.421,3.0,10.0,0.3,4.0,4.0,1.0,2.0,8.0,10.0,0.0,0.0,0.0,1.0,2.0,23.0,2.0,34.0,1.0,2025-02-22,Lauri Markkanen,34.0,2.0,UTA vs. HOU,W,Utah Jazz,0.516,1.558,0.6,0.667,0.6,0.0,0.0,0.0,0.0,1.0,9.09,31.053,28.78,24.333,29.42,0.0,0.62,1.0,1.0,0.8,114.0,1.0,1.0,0.0,0.0,1.0,1.0,1.0,0.0,3.653,0.11,32.047,33.3,33.0,32.0,0.0,1.333,16.741,-3.558,-0.5,-8.333,-2.0,1.0,0.062,1.0,7.062,19.302,17.9,16.0,19.4,0.719,1.0,1.855,2.989,6.14,6.4,6.667,5.6,0.312,0.0,1.724,-0.27,0.472,0.3,1.3,0.719,13.333,4.0,1.0,28.0,Questionable,28.85,0,48
C,Walker Kessler (37838902),Walker Kessler,37838902,C/UTIL,6800,DET@UTA 03/03/2025 09:00PM ET,UTA,35.04,DET,UTA,DET,Walker Kessler,22024.0,1631117.0,1610612762.0,UTA,Utah Jazz,22400858.0,2025-02-28,UTA vs. MIN,W,26.0,4.0,7.0,0.571,0.0,0.0,0.0,1.0,2.0,0.5,3.0,10.0,13.0,1.0,1.0,2.0,0.0,0.0,9.0,23.0,35.1,1.0,2025-02-28,Walker Kessler,35.1,23.0,UTA vs. MIN,W,Utah Jazz,1.398,1.63,2.2,3.0,2.2,0.038,1.0,0.314,1.0,2.0,10.911,35.854,41.92,43.767,42.74,1.0,0.94,1.0,1.0,0.9,120.0,0.0,1.0,1.0,1.0,1.0,1.0,0.0,0.0,3.093,0.093,30.5,33.3,31.0,31.6,1.0,1.187,17.149,-2.957,3.9,10.667,7.2,1.0,0.885,0.0,6.1,11.413,12.9,15.0,13.0,0.346,1.0,0.846,4.012,12.152,15.1,14.667,14.2,0.5,1.0,2.383,0.386,0.472,2.3,1.7,0.346,10.788,1.0,1.0,28.0,Questionable,31.11,0,48
PG/SG,Dyson Daniels (37838912),Dyson Daniels,37838912,PG/SG/G/UTIL,6800,ATL@MEM 03/03/2025 08:00PM ET,ATL,34.33,ATL,MEM,MEM,Dyson Daniels,22024.0,1630700.0,1610612737.0,ATL,Atlanta Hawks,22400851.0,2025-02-28,ATL vs. OKC,L,32.0,5.0,10.0,0.5,0.0,0.0,0.0,0.0,2.0,0.0,1.0,3.0,4.0,3.0,2.0,2.0,1.0,1.0,10.0,-7.0,30.3,1.0,2025-02-28,Dyson Daniels,30.3,-7.0,ATL vs. OKC,L,Atlanta Hawks,2.283,3.982,4.9,3.333,4.0,0.094,1.0,1.222,0.0,2.0,5.952,36.238,40.23,36.667,39.84,1.0,-2.9,1.0,1.0,1.0,120.0,0.0,1.0,1.0,1.0,1.0,1.0,1.0,0.0,2.283,0.065,34.0,35.1,33.0,34.2,1.0,1.467,5.296,-2.709,0.6,-2.0,-2.4,1.0,-0.219,0.0,5.637,13.927,15.0,12.667,14.4,0.312,1.0,0.924,2.685,5.6,6.9,6.667,7.2,0.125,1.0,0.957,-0.065,0.384,2.1,0.9,0.312,13.333,2.0,0.0,35.0,,39.54,0,48
SF,Andrew Wiggins (37838904),Andrew Wiggins,37838904,SF/F/UTIL,6800,WAS@MIA 03/03/2025 07:30PM ET,MIA,31.03,WAS,MIA,WAS,Andrew Wiggins,22024.0,203952.0,1610612748.0,MIA,Miami Heat,22400841.0,2025-02-26,MIA vs. ATL,W,29.0,3.0,9.0,0.333,1.0,5.0,0.2,8.0,10.0,0.8,0.0,2.0,2.0,6.0,2.0,0.0,3.0,0.0,15.0,9.0,29.4,1.0,2025-02-26,Andrew Wiggins,29.4,9.0,MIA vs. ATL,W,Miami Heat,1.889,2.49,3.3,3.667,3.0,0.207,1.0,1.692,0.0,2.0,5.595,30.657,34.15,33.3,33.26,1.0,0.18,1.0,1.0,0.8,118.0,0.0,1.0,1.0,1.0,1.0,1.0,0.0,0.0,4.29,0.123,30.755,34.8,35.0,36.2,1.0,1.329,16.128,-1.857,-2.1,-7.667,-2.8,0.0,0.31,0.0,5.482,17.592,19.5,19.333,19.2,0.517,1.0,1.26,2.273,4.612,4.5,4.0,4.8,0.069,1.0,0.629,-0.179,0.552,0.2,1.4,0.517,12.083,3.0,1.0,33.0,Questionable,35.15,0,48
PG,Keyonte George (37838909),Keyonte George,37838909,PG/G/UTIL,6700,DET@UTA 03/03/2025 09:00PM ET,UTA,32.15,DET,UTA,DET,Keyonte George,22024.0,1641718.0,1610612762.0,UTA,Utah Jazz,22400872.0,2025-03-02,UTA vs. NOP,L,31.0,9.0,21.0,0.429,5.0,11.0,0.455,5.0,6.0,0.833,0.0,3.0,3.0,6.0,0.0,0.0,3.0,1.0,28.0,-2.0,37.6,1.0,2025-03-02,Keyonte George,37.6,-2.0,UTA vs. NOP,L,Utah Jazz,2.044,5.98,6.8,6.667,6.2,0.194,1.0,1.714,0.0,2.0,9.424,29.974,32.06,27.667,33.42,1.0,0.8,1.0,0.9,0.8,122.0,0.0,1.0,1.0,1.0,1.0,1.0,1.0,0.0,3.19,0.1,31.42,31.8,29.667,30.4,0.0,1.292,15.449,-6.68,-7.3,-12.667,-6.2,1.0,-0.065,1.0,7.902,16.76,18.0,14.667,19.0,0.903,1.0,2.314,1.889,3.72,4.3,3.333,4.6,0.097,1.0,0.732,-0.459,0.479,2.133,1.4,0.903,12.917,1.0,0.0,29.0,,28.79,0,48
SF/PF,Deni Avdija (37838916),Deni Avdija,37838916,SF/PF/F/UTIL,6700,POR@PHI 03/03/2025 07:00PM ET,POR,30.95,POR,PHI,PHI,Deni Avdija,22024.0,1630166.0,1610612757.0,POR,Portland Trail Blazers,22400867.0,2025-03-02,POR @ CLE,L,42.0,8.0,13.0,0.615,1.0,3.0,0.333,13.0,13.0,1.0,1.0,11.0,12.0,10.0,0.0,0.0,5.0,4.0,30.0,7.0,54.4,1.0,2025-03-02,Deni Avdija,54.4,7.0,POR @ CLE,L,Portland Trail Blazers,3.281,3.561,3.9,5.333,5.0,0.238,1.0,4.0,0.0,4.0,16.484,29.851,27.01,34.2,34.74,1.0,6.78,0.8,0.5,0.4,122.0,0.0,0.0,0.0,0.0,1.0,1.0,1.0,1.0,10.404,0.39,28.579,26.7,28.0,28.2,0.0,1.585,14.861,-1.877,0.8,8.333,10.4,1.0,0.167,1.0,8.634,14.912,14.9,17.667,19.2,0.714,1.0,2.326,3.967,6.404,5.8,9.333,7.2,0.286,1.0,2.609,0.176,0.683,1.3,1.5,0.714,15.849,4.0,0.0,36.0,,40.77,0,48
C,Isaiah Hartenstein (37838907),Isaiah Hartenstein,37838907,C/UTIL,6700,HOU@OKC 03/03/2025 08:00PM ET,OKC,34.84,HOU,OKC,HOU,Isaiah Hartenstein,22024.0,1628392.0,1610612760.0,OKC,Oklahoma City Thunder,22400871.0,2025-03-02,OKC @ SAS,W,29.0,5.0,8.0,0.625,0.0,0.0,0.0,0.0,0.0,0.0,3.0,8.0,11.0,6.0,0.0,1.0,2.0,2.0,10.0,17.0,33.2,1.0,2025-03-02,Isaiah Hartenstein,33.2,17.0,OKC @ SAS,W,Oklahoma City Thunder,1.897,4.0,3.4,5.0,4.4,0.207,1.0,2.118,0.0,2.0,7.915,34.355,28.94,32.367,28.28,0.0,0.32,0.9,0.6,0.1,122.0,0.0,0.0,1.0,1.0,1.0,1.0,0.0,1.0,4.517,0.175,28.325,25.8,26.667,24.4,0.0,1.45,14.0,7.575,2.7,-6.0,-1.8,0.0,0.586,0.0,3.062,10.975,9.6,12.0,10.4,0.345,0.0,0.822,3.831,11.4,9.7,7.667,7.4,0.379,0.0,2.933,-0.271,0.456,0.867,1.4,0.345,12.083,3.0,1.0,25.0,,27.29,0,48
PF/C,John Collins (37838920),John Collins,37838920,PF/C/F/UTIL,6600,DET@UTA 03/03/2025 09:00PM ET,UTA,35.86,DET,UTA,DET,John Collins,22024.0,1628381.0,1610612762.0,UTA,Utah Jazz,22400858.0,2025-02-28,UTA vs. MIN,W,27.0,12.0,18.0,0.667,3.0,6.0,0.5,2.0,3.0,0.667,3.0,9.0,12.0,1.0,0.0,1.0,3.0,3.0,29.0,11.0,44.9,1.0,2025-02-28,John Collins,44.9,11.0,UTA vs. MIN,W,Utah Jazz,0.738,2.053,0.9,1.0,0.8,0.037,0.0,0.314,0.0,7.0,4.866,34.947,34.25,36.3,34.84,0.0,1.14,1.0,1.0,0.6,120.0,0.0,1.0,1.0,1.0,1.0,1.0,0.0,0.0,4.904,0.151,30.474,32.4,33.0,32.4,1.0,1.232,12.944,-0.5,0.0,-0.333,-5.2,0.0,0.407,2.0,4.264,18.632,20.2,24.0,21.2,1.074,1.0,2.726,3.171,8.158,7.5,7.333,8.2,0.444,1.0,2.2,0.002,0.776,0.6,0.0,1.074,11.203,2.0,1.0,27.0,Questionable,29.82,0,48
PG,Fred VanVleet (37838924),Fred Vanvleet,37838924,PG/G/UTIL,6600,HOU@OKC 03/03/2025 08:00PM ET,HOU,32.74,HOU,OKC,OKC,Fred VanVleet,22024.0,1627832.0,1610612745.0,HOU,Houston Rockets,22400862.0,2025-03-01,HOU vs. SAC,L,35.0,1.0,8.0,0.125,1.0,7.0,0.143,0.0,0.0,0.0,0.0,5.0,5.0,5.0,3.0,0.0,1.0,1.0,3.0,-10.0,24.5,1.0,2025-03-01,Fred VanVleet,24.5,-10.0,HOU vs. SAC,L,Houston Rockets,2.025,5.783,4.9,4.0,5.0,0.143,0.0,2.5,0.0,28.0,10.934,32.391,26.77,18.733,20.5,0.0,-1.22,0.9,0.9,0.9,121.0,0.0,1.0,0.0,0.0,1.0,1.0,1.0,0.0,6.443,0.185,35.478,34.8,29.333,32.2,0.0,1.312,11.802,4.37,1.8,-7.333,-2.2,0.0,-0.286,0.0,8.066,14.37,12.2,6.333,6.2,0.086,0.0,0.262,1.853,3.913,3.1,2.0,3.0,0.143,0.0,1.047,-0.217,0.208,5.467,2.6,0.086,14.583,5.0,0.0,0.0,Out,0.0,0,48
PG,Isaiah Collier (37838927),Isaiah Collier,37838927,PG/G/UTIL,6500,DET@UTA 03/03/2025 09:00PM ET,UTA,21.54,DET,UTA,DET,Isaiah Collier,22024.0,1642268.0,1610612762.0,UTA,Utah Jazz,22400872.0,2025-03-02,UTA vs. NOP,L,29.0,3.0,8.0,0.375,0.0,2.0,0.0,5.0,5.0,1.0,0.0,2.0,2.0,8.0,1.0,2.0,0.0,2.0,11.0,-22.0,34.4,1.0,2025-03-02,Isaiah Collier,34.4,-22.0,UTA vs. NOP,L,Utah Jazz,2.726,6.212,9.1,9.667,8.6,0.276,1.0,2.286,1.0,2.0,6.826,20.51,28.91,31.033,27.3,1.0,0.96,1.0,0.9,0.3,122.0,0.0,1.0,1.0,1.0,1.0,1.0,0.0,28.0,2.877,0.098,24.212,29.5,28.333,28.4,1.0,1.208,12.841,-4.096,-8.7,-6.667,-9.6,0.0,-0.759,3.0,3.225,7.173,10.2,10.333,9.8,0.379,1.0,0.909,1.398,3.077,3.8,2.667,3.0,0.069,0.0,0.488,-0.255,0.364,1.167,1.1,0.379,12.083,2.0,0.0,27.0,,24.97,0,48
PF,Santi Aldama (37838930),Santi Aldama,37838930,PF/F/UTIL,6400,ATL@MEM 03/03/2025 08:00PM ET,MEM,28.86,ATL,MEM,ATL,Santi Aldama,22024.0,1630583.0,1610612763.0,MEM,Memphis Grizzlies,22400863.0,2025-03-01,MEM vs. SAS,L,37.0,7.0,16.0,0.438,1.0,8.0,0.125,0.0,0.0,0.0,1.0,7.0,8.0,11.0,1.0,1.0,1.0,2.0,15.0,15.0,46.1,1.0,2025-03-01,Santi Aldama,46.1,15.0,MEM vs. SAS,L,Memphis Grizzlies,3.091,2.827,4.0,6.0,4.6,0.297,1.0,3.903,0.0,1.0,9.25,28.179,29.96,34.267,33.34,1.0,3.44,0.9,0.4,0.3,121.0,1.0,1.0,1.0,0.0,1.0,1.0,1.0,1.0,5.701,0.215,25.077,26.5,30.0,30.0,1.0,1.696,9.534,4.846,2.0,5.333,5.8,1.0,0.405,1.0,3.945,12.788,12.7,13.667,13.0,0.405,1.0,1.289,2.003,6.712,6.3,6.333,7.2,0.216,1.0,2.146,0.118,0.455,3.5,3.5,0.405,15.417,2.0,0.0,28.0,,33.33,0,48
SG/SF,Bilal Coulibaly (37838938),Bilal Coulibaly,37838938,SG/SF/F/G/UTIL,6300,WAS@MIA 03/03/2025 07:30PM ET,WAS,27.64,WAS,MIA,MIA,Bilal Coulibaly,22024.0,1641731.0,1610612764.0,WAS,Washington Wizards,22400860.0,2025-03-01,WAS @ CHA,W,34.0,6.0,18.0,0.333,3.0,11.0,0.273,2.0,2.0,1.0,3.0,4.0,7.0,3.0,1.0,1.0,1.0,1.0,17.0,6.0,34.9,1.0,2025-03-01,Bilal Coulibaly,34.9,6.0,WAS @ CHA,W,Washington Wizards,3.136,3.527,4.5,2.667,3.6,0.088,1.0,0.909,0.0,3.0,8.248,27.651,28.09,30.933,26.24,0.0,3.18,1.0,1.0,0.9,121.0,0.0,0.0,1.0,0.0,1.0,1.0,1.0,2.0,3.44,0.1,33.4,34.5,33.0,33.0,0.0,1.411,12.772,-10.636,-2.3,2.0,-0.8,1.0,0.176,3.0,5.287,12.564,12.8,17.667,14.2,0.5,1.0,1.504,2.486,4.982,5.2,4.667,4.2,0.206,0.0,1.458,0.067,0.541,1.5,1.5,0.5,14.108,1.0,1.0,34.0,,29.77,0,48
SG/SF,Kelly Oubre Jr. (37838933),Kelly Oubre,37838933,SG/SF/F/G/UTIL,6300,POR@PHI 03/03/2025 07:00PM ET,PHI,29.67,POR,PHI,POR,Kelly Oubre Jr.,22024.0,1626162.0,1610612755.0,PHI,Philadelphia 76ers,22400864.0,2025-03-01,PHI vs. GSW,W,42.0,6.0,13.0,0.462,3.0,6.0,0.5,5.0,7.0,0.714,1.0,1.0,2.0,1.0,1.0,1.0,2.0,2.0,20.0,1.0,27.9,1.0,2025-03-01,Kelly Oubre Jr.,27.9,1.0,PHI vs. GSW,W,Philadelphia 76ers,0.943,1.75,1.0,1.0,0.8,0.024,0.0,0.333,0.0,3.0,7.387,29.85,32.12,34.167,29.76,0.0,-2.14,1.0,1.0,1.0,121.0,0.0,1.0,1.0,0.0,1.0,1.0,1.0,2.0,2.981,0.078,35.054,38.0,39.0,38.0,1.0,1.562,11.776,-3.625,-7.0,-14.0,-11.4,0.0,0.024,3.0,6.447,14.929,17.7,22.0,19.2,0.476,1.0,1.429,3.107,6.304,6.1,5.0,4.8,0.048,0.0,0.45,-0.407,0.565,1.0,0.0,0.476,17.355,2.0,1.0,36.0,,33.96,0,48
SG,Jordan Clarkson (37838943),Jordan Clarkson,37838943,SG/G/UTIL,6200,DET@UTA 03/03/2025 09:00PM ET,UTA,28.77,DET,UTA,DET,Jordan Clarkson,22024.0,203903.0,1610612762.0,UTA,Utah Jazz,22400843.0,2025-02-26,UTA vs. SAC,L,31.0,1.0,14.0,0.071,0.0,8.0,0.0,0.0,0.0,0.0,0.0,0.0,0.0,6.0,2.0,0.0,3.0,1.0,2.0,2.0,14.0,1.0,2025-02-26,Jordan Clarkson,14.0,2.0,UTA vs. SAC,L,Utah Jazz,1.7,3.875,4.0,5.0,4.4,0.194,1.0,1.875,0.0,5.0,9.138,27.488,28.98,27.367,28.08,1.0,-5.66,1.0,0.7,0.4,118.0,0.0,1.0,0.0,0.0,1.0,1.0,1.0,7.0,4.841,0.168,26.656,28.9,30.0,30.6,1.0,1.292,19.753,-5.969,-4.2,5.667,-4.4,1.0,0.065,0.0,7.578,16.594,17.9,14.0,16.4,0.065,0.0,0.198,2.685,3.219,2.9,4.333,3.4,0.0,1.0,0.0,0.201,0.474,1.1,1.7,0.065,12.917,4.0,0.0,26.0,Questionable,25.43,0,48
SG/SF,Shaedon Sharpe (37838946),Shaedon Sharpe,37838946,SG/SF/F/G/UTIL,6200,POR@PHI 03/03/2025 07:00PM ET,POR,28.19,POR,PHI,PHI,Shaedon Sharpe,22024.0,1631101.0,1610612757.0,POR,Portland Trail Blazers,22400867.0,2025-03-02,POR @ CLE,L,38.0,7.0,20.0,0.35,1.0,6.0,0.167,3.0,3.0,1.0,2.0,4.0,6.0,2.0,1.0,0.0,2.0,2.0,18.0,-2.0,29.2,1.0,2025-03-02,Shaedon Sharpe,29.2,-2.0,POR @ CLE,L,Portland Trail Blazers,2.283,2.547,3.1,4.0,3.4,0.053,1.0,0.8,0.0,2.0,13.166,27.092,28.51,40.867,34.42,1.0,3.6,0.8,0.6,0.4,122.0,0.0,0.0,1.0,0.0,1.0,1.0,1.0,3.0,7.169,0.261,29.868,27.5,35.667,29.2,0.0,1.434,16.805,-3.698,-2.8,5.333,3.6,1.0,-0.053,3.0,8.003,17.472,18.5,26.333,22.2,0.474,1.0,1.395,1.989,3.811,3.8,6.0,4.6,0.158,1.0,1.304,0.152,0.753,8.167,1.7,0.474,14.34,3.0,0.0,35.0,,34.77,0,48
PG/SG,Collin Sexton (37838954),Collin Sexton,37838954,PG/SG/G/UTIL,6100,DET@UTA 03/03/2025 09:00PM ET,UTA,29.16,DET,UTA,DET,Collin Sexton,22024.0,1629012.0,1610612762.0,UTA,Utah Jazz,22400858.0,2025-02-28,UTA vs. MIN,W,17.0,5.0,11.0,0.455,2.0,4.0,0.5,1.0,1.0,1.0,0.0,1.0,1.0,3.0,0.0,0.0,0.0,0.0,13.0,13.0,18.7,1.0,2025-02-28,Collin Sexton,18.7,13.0,UTA vs. MIN,W,Utah Jazz,2.497,4.085,4.7,3.667,4.0,0.176,0.0,0.943,0.0,25.0,11.764,27.549,28.87,19.3,25.68,0.0,-2.46,0.8,0.8,0.5,120.0,0.0,1.0,0.0,0.0,0.0,0.0,0.0,0.0,10.157,0.371,28.362,27.4,17.0,23.0,0.0,0.776,12.862,-1.638,-2.9,11.667,5.8,1.0,0.765,0.0,7.345,18.234,18.8,12.333,17.2,0.765,0.0,1.222,1.449,2.851,3.1,2.333,2.4,0.059,0.0,0.183,0.291,0.714,10.4,4.4,0.765,7.054,5.0,1.0,17.0,Questionable,16.0,0,48
C,Onyeka Okongwu (37838958),Onyeka Okongwu,37838958,C/UTIL,6100,ATL@MEM 03/03/2025 08:00PM ET,ATL,29.56,ATL,MEM,MEM,Onyeka Okongwu,22024.0,1630168.0,1610612737.0,ATL,Atlanta Hawks,22400851.0,2025-02-28,ATL vs. OKC,L,35.0,9.0,12.0,0.75,1.0,2.0,0.5,4.0,4.0,1.0,2.0,11.0,13.0,2.0,0.0,1.0,3.0,4.0,23.0,-2.0,41.6,1.0,2025-02-28,Onyeka Okongwu,41.6,-2.0,ATL vs. OKC,L,Atlanta Hawks,1.43,2.226,3.4,2.667,3.4,0.057,1.0,0.815,0.0,2.0,12.845,29.664,36.12,37.333,34.54,1.0,-3.74,1.0,1.0,0.4,120.0,0.0,1.0,1.0,0.0,1.0,1.0,1.0,22.0,4.228,0.136,26.0,31.1,32.0,31.2,1.0,1.604,9.543,-0.585,2.2,1.667,0.6,1.0,-0.057,4.0,7.134,12.509,16.0,17.667,16.0,0.657,1.0,2.126,2.989,8.132,9.6,10.0,9.2,0.371,1.0,3.109,0.065,0.55,0.9,0.1,0.657,14.583,3.0,0.0,32.0,,37.32,0,48
SG/SF,Toumani Camara (37838960),Toumani Camara,37838960,SG/SF/F/G/UTIL,6100,POR@PHI 03/03/2025 07:00PM ET,POR,25.67,POR,PHI,PHI,Toumani Camara,22024.0,1641739.0,1610612757.0,POR,Portland Trail Blazers,22400867.0,2025-03-02,POR @ CLE,L,43.0,7.0,11.0,0.636,3.0,5.0,0.6,2.0,2.0,1.0,2.0,3.0,5.0,2.0,4.0,0.0,4.0,2.0,19.0,10.0,36.0,1.0,2025-03-02,Toumani Camara,36.0,10.0,POR @ CLE,L,Portland Trail Blazers,1.578,2.119,2.6,2.667,3.4,0.047,1.0,0.8,0.0,2.0,8.438,25.92,31.94,31.2,33.74,1.0,-1.78,1.0,1.0,0.9,122.0,0.0,0.0,1.0,0.0,1.0,1.0,1.0,2.0,4.211,0.12,32.678,35.2,37.0,35.0,1.0,1.623,23.71,-1.695,1.8,10.0,17.8,1.0,0.233,3.0,6.147,10.712,12.7,16.333,15.4,0.442,1.0,1.473,3.466,5.915,6.7,4.333,6.2,0.116,1.0,1.087,0.255,0.438,1.8,0.2,0.442,16.226,2.0,0.0,36.0,,28.02,0,48
PF,Jonathan Kuminga (37838951),Jonathan Kuminga,37838951,PF/F/UTIL,6000,GSW@CHA 03/03/2025 07:00PM ET,GSW,29.12,GSW,CHA,CHA,Jonathan Kuminga,22024.0,1630228.0,1610612744.0,GSW,Golden State Warriors,22400485.0,2025-01-04,GSW vs. MEM,W,15.0,4.0,6.0,0.667,3.0,3.0,1.0,2.0,4.0,0.5,0.0,2.0,2.0,2.0,0.0,0.0,4.0,0.0,13.0,0.0,14.4,1.0,2025-01-04,Jonathan Kuminga,14.4,0.0,GSW vs. MEM,W,Golden State Warriors,1.853,2.188,3.1,3.0,3.4,0.133,1.0,0.625,0.0,2.0,14.936,28.838,33.77,29.633,39.94,1.0,-1.76,0.9,0.7,0.3,70.0,0.0,1.0,1.0,1.0,0.0,0.0,0.0,0.0,6.179,0.219,25.969,28.2,24.0,28.6,1.0,0.622,13.54,0.469,-2.3,6.667,4.8,1.0,0.0,0.0,8.685,16.75,20.1,17.0,23.8,0.867,1.0,1.074,2.961,4.969,6.1,5.667,7.2,0.133,1.0,0.69,0.281,0.743,4.2,0.4,0.867,6.224,1.0,1.0,0.0,Injured,0.0,0,48
C,Deandre Ayton (37838965),DeAndre Ayton,37838965,C/UTIL,6000,POR@PHI 03/03/2025 07:00PM ET,POR,32.95,POR,PHI,PHI,Deandre Ayton,22024.0,1629028.0,1610612757.0,POR,Portland Trail Blazers,22400763.0,2025-02-10,POR @ DEN,L,19.0,5.0,9.0,0.556,0.0,0.0,0.0,0.0,0.0,0.0,0.0,0.0,0.0,0.0,0.0,1.0,2.0,4.0,10.0,-12.0,11.0,1.0,2025-02-10,Deandre Ayton,11.0,-12.0,POR @ DEN,L,Portland Trail Blazers,0.994,1.6,2.1,2.0,2.0,0.0,1.0,0.0,0.0,2.0,12.931,32.505,37.01,24.8,32.24,0.0,-5.08,0.9,0.8,0.8,107.0,0.0,0.0,1.0,1.0,0.0,0.0,0.0,0.0,6.773,0.212,30.25,31.9,27.333,29.2,0.0,0.871,16.24,-4.05,6.8,-12.333,-4.2,0.0,-0.632,0.0,6.951,14.4,17.1,11.333,13.4,0.526,0.0,0.94,5.554,10.15,10.8,7.333,10.2,0.0,1.0,0.0,-0.472,0.431,4.567,2.7,0.526,7.917,1.0,0.0,0.0,Injured,0.0,0,48
C,Draymond Green (37838967),Draymond Green,37838967,C/UTIL,5900,GSW@CHA 03/03/2025 07:00PM ET,GSW,28.93,GSW,CHA,CHA,Draymond Green,22024.0,203110.0,1610612744.0,GSW,Golden State Warriors,22400864.0,2025-03-01,GSW @ PHI,L,36.0,5.0,13.0,0.385,0.0,2.0,0.0,3.0,4.0,0.75,2.0,6.0,8.0,8.0,0.0,0.0,3.0,4.0,13.0,3.0,31.6,1.0,2025-03-01,Draymond Green,31.6,3.0,GSW @ PHI,L,Golden State Warriors,1.751,5.674,6.2,6.0,6.6,0.222,1.0,2.667,0.0,2.0,4.593,29.067,34.34,35.267,33.94,1.0,-0.64,1.0,0.9,0.6,121.0,0.0,0.0,1.0,0.0,1.0,1.0,1.0,2.0,3.659,0.12,28.587,30.5,30.333,29.2,1.0,1.657,11.972,3.87,10.0,7.667,13.0,1.0,0.083,4.0,3.528,8.848,11.0,13.333,11.8,0.361,1.0,1.202,2.263,5.935,5.7,8.0,7.2,0.222,1.0,1.796,0.293,0.463,0.167,1.3,0.361,15.063,2.0,0.0,30.0,,30.27,0,48
PG/SG,Brandin Podziemski (37838969),Brandin Podziemski,37838969,PG/SG/G/UTIL,5900,GSW@CHA 03/03/2025 07:00PM ET,GSW,24.04,GSW,CHA,CHA,Brandin Podziemski,22024.0,1641764.0,1610612744.0,GSW,Golden State Warriors,22400864.0,2025-03-01,GSW @ PHI,L,25.0,2.0,8.0,0.25,0.0,3.0,0.0,1.0,1.0,1.0,2.0,4.0,6.0,2.0,0.0,1.0,2.0,1.0,5.0,-16.0,16.2,1.0,2025-03-01,Brandin Podziemski,16.2,-16.0,GSW @ PHI,L,Golden State Warriors,2.119,3.511,4.4,3.667,3.6,0.08,1.0,0.667,0.0,2.0,8.355,23.87,30.0,22.167,28.04,1.0,-5.56,1.0,0.7,0.4,121.0,0.0,0.0,1.0,1.0,1.0,0.0,0.0,0.0,4.619,0.154,25.702,30.0,27.333,28.4,1.0,1.151,17.466,3.383,9.2,-1.0,9.6,1.0,-0.64,0.0,5.457,9.957,12.0,7.667,12.2,0.2,1.0,0.462,3.232,4.83,6.0,5.0,6.2,0.24,1.0,1.347,-0.011,0.283,2.667,1.6,0.2,10.46,3.0,0.0,33.0,,31.77,0,48
PF,Tobias Harris (37838975),Tobias Harris,37838975,PF/F/UTIL,5800,DET@UTA 03/03/2025 09:00PM ET,DET,28.14,DET,UTA,UTA,Tobias Harris,22024.0,202699.0,1610612765.0,DET,Detroit Pistons,22400861.0,2025-03-01,DET vs. BKN,W,32.0,6.0,12.0,0.5,1.0,2.0,0.5,5.0,5.0,1.0,0.0,9.0,9.0,2.0,1.0,0.0,2.0,2.0,18.0,28.0,32.8,1.0,2025-03-01,Tobias Harris,32.8,28.0,DET vs. BKN,W,Detroit Pistons,1.135,2.254,1.8,2.333,2.4,0.062,1.0,0.903,1.0,1.0,6.433,28.242,30.94,30.5,28.16,0.0,-1.12,1.0,0.9,0.7,121.0,1.0,1.0,0.0,0.0,1.0,1.0,1.0,0.0,4.04,0.126,32.017,32.1,30.667,33.0,1.0,1.867,16.478,3.78,14.2,4.333,9.0,1.0,0.875,1.0,3.604,13.814,17.9,15.333,15.6,0.562,1.0,2.191,2.627,5.915,5.7,6.667,5.8,0.281,0.0,2.681,0.06,0.498,1.433,0.9,0.562,13.333,4.0,1.0,0.0,Out,0.0,0,48
C,Kel'el Ware (37838973),Kelel Ware,37838973,C/UTIL,5800,WAS@MIA 03/03/2025 07:30PM ET,MIA,21.46,WAS,MIA,WAS,Kel'el Ware,22024.0,1642276.0,1610612748.0,MIA,Miami Heat,22400869.0,2025-03-02,MIA vs. NYK,L,29.0,6.0,7.0,0.857,0.0,1.0,0.0,0.0,0.0,0.0,1.0,7.0,8.0,0.0,0.0,6.0,2.0,2.0,12.0,0.0,37.6,1.0,2025-03-02,Kel'el Ware,37.6,0.0,MIA vs. NYK,L,Miami Heat,1.567,0.886,1.7,0.667,1.8,0.0,1.0,0.0,0.0,2.0,7.934,21.798,28.69,30.2,31.7,1.0,4.38,1.0,0.7,0.2,122.0,0.0,1.0,1.0,1.0,1.0,1.0,0.0,36.0,4.523,0.163,20.295,27.7,28.667,29.4,1.0,0.985,7.109,0.386,-0.1,5.0,1.8,1.0,0.0,1.0,3.615,8.705,9.8,10.667,10.4,0.414,1.0,0.964,3.302,6.432,9.7,9.333,11.0,0.276,1.0,2.118,0.175,0.371,0.967,1.7,0.414,10.943,3.0,0.0,28.0,,31.54,0,48
SG,Quentin Grimes (37838978),Quentin Grimes,37838978,SG/G/UTIL,5800,POR@PHI 03/03/2025 07:00PM ET,PHI,22.06,POR,PHI,POR,Quentin Grimes,22024.0,1629656.0,1610612755.0,PHI,Philadelphia 76ers,22400864.0,2025-03-01,PHI vs. GSW,W,37.0,18.0,24.0,0.75,6.0,9.0,0.667,2.0,8.0,0.25,1.0,5.0,6.0,1.0,3.0,1.0,2.0,3.0,44.0,-5.0,62.7,1.0,2025-03-01,Quentin Grimes,62.7,-5.0,PHI vs. GSW,W,Philadelphia 76ers,1.751,2.25,2.8,0.667,2.0,0.027,0.0,0.333,0.0,3.0,16.621,21.314,30.44,29.333,29.16,1.0,1.78,1.0,0.7,0.6,121.0,0.0,1.0,0.0,0.0,1.0,1.0,1.0,1.0,6.075,0.198,24.196,30.7,27.333,30.4,1.0,1.376,9.594,-1.196,-8.6,-9.333,-10.0,0.0,-0.135,1.0,11.961,11.268,16.2,18.667,16.8,1.189,1.0,3.143,2.7,4.071,5.2,3.333,4.8,0.162,1.0,1.35,-0.372,0.569,3.367,0.3,1.189,15.289,4.0,1.0,35.0,,32.87,0,48
SF/PF,Khris Middleton (37838986),Khris Middleton,37838986,SF/PF/F/UTIL,5700,WAS@MIA 03/03/2025 07:30PM ET,WAS,25.76,WAS,MIA,MIA,Khris Middleton,22024.0,203114.0,1610612764.0,WAS,Washington Wizards,22400860.0,2025-03-01,WAS @ CHA,W,24.0,5.0,9.0,0.556,1.0,3.0,0.333,6.0,6.0,1.0,1.0,4.0,5.0,6.0,2.0,0.0,4.0,1.0,17.0,1.0,34.0,1.0,2025-03-01,Khris Middleton,34.0,1.0,WAS @ CHA,W,Washington Wizards,2.312,4.444,3.7,5.333,4.4,0.25,0.0,1.818,0.0,3.0,10.945,25.089,23.27,26.133,26.96,1.0,0.64,0.8,0.3,0.0,121.0,0.0,0.0,0.0,0.0,1.0,0.0,0.0,5.0,3.688,0.158,23.481,23.4,24.667,25.0,1.0,0.996,9.229,3.148,0.5,9.0,4.2,1.0,0.042,1.0,8.165,12.37,12.0,10.667,12.8,0.708,1.0,1.504,1.35,3.778,3.6,4.0,3.8,0.208,1.0,1.042,0.358,0.437,1.267,1.6,0.708,9.959,6.0,1.0,24.0,,29.4,0,48
C,Donovan Clingan (37838981),Donovan Clingan,37838981,C/UTIL,5700,POR@PHI 03/03/2025 07:00PM ET,POR,19.06,POR,PHI,PHI,Donovan Clingan,22024.0,1642270.0,1610612757.0,POR,Portland Trail Blazers,22400867.0,2025-03-02,POR @ CLE,L,11.0,1.0,2.0,0.5,0.0,0.0,0.0,2.0,4.0,0.5,1.0,2.0,3.0,2.0,1.0,0.0,0.0,6.0,4.0,-10.0,13.6,1.0,2025-03-02,Donovan Clingan,13.6,-10.0,POR @ CLE,L,Portland Trail Blazers,1.229,0.83,1.2,2.667,1.8,0.182,1.0,0.8,0.0,2.0,11.625,19.964,25.02,21.2,22.74,1.0,-1.72,0.4,0.2,0.1,122.0,0.0,0.0,0.0,0.0,0.0,0.0,0.0,0.0,7.501,0.387,16.766,19.4,19.0,20.4,1.0,0.415,14.525,-0.553,1.1,0.333,8.0,1.0,-0.909,0.0,6.691,5.745,8.1,6.667,7.0,0.364,1.0,0.31,4.932,6.787,8.1,6.0,7.2,0.273,1.0,0.652,-0.245,0.338,0.4,1.0,0.364,4.151,6.0,0.0,26.0,,28.69,0,48
C,Dereck Lively II (37838990),Dereck Lively,37838990,C/UTIL,5600,SAC@DAL 03/03/2025 08:30PM ET,DAL,27.02,SAC,DAL,SAC,Dereck Lively II,22024.0,1641726.0,1610612742.0,DAL,Dallas Mavericks,22400559.0,2025-01-14,DAL vs. DEN,L,4.0,2.0,3.0,0.667,0.0,0.0,0.0,0.0,0.0,0.0,0.0,0.0,0.0,0.0,0.0,1.0,0.0,0.0,4.0,-4.0,7.0,1.0,2025-01-14,Dereck Lively II,7.0,-4.0,DAL vs. DEN,L,Dallas Mavericks,2.558,2.625,3.1,3.0,2.6,0.0,0.0,0.0,0.0,2.0,13.816,27.912,29.89,30.633,29.7,1.0,-3.94,0.6,0.6,0.2,80.0,0.0,1.0,1.0,1.0,0.0,0.0,0.0,0.0,9.291,0.389,23.938,23.9,22.0,23.6,0.0,0.218,12.081,3.875,1.8,5.333,-1.0,0.0,-1.0,0.0,5.4,9.125,9.6,13.0,12.0,1.0,1.0,0.525,4.638,7.844,8.2,7.333,8.0,0.0,1.0,0.0,-0.129,0.706,1.9,0.3,1.0,1.674,2.0,0.0,0.0,Injured,0.0,0,48
PF,Jerami Grant (37838983),Jerami Grant,37838983,PF/F/UTIL,5600,POR@PHI 03/03/2025 07:00PM ET,POR,26.33,POR,PHI,PHI,Jerami Grant,22024.0,203924.0,1610612757.0,POR,Portland Trail Blazers,22400839.0,2025-02-26,POR @ WAS,W,37.0,4.0,14.0,0.286,1.0,7.0,0.143,6.0,7.0,0.857,1.0,5.0,6.0,1.0,1.0,1.0,2.0,1.0,15.0,0.0,27.7,1.0,2025-02-26,Jerami Grant,27.7,0.0,POR @ WAS,W,Portland Trail Blazers,1.229,2.222,2.2,2.667,2.2,0.027,0.0,0.37,0.0,2.0,7.864,26.249,26.2,32.267,27.62,1.0,-0.82,0.9,0.9,0.7,118.0,0.0,0.0,0.0,0.0,1.0,1.0,1.0,2.0,7.156,0.216,32.556,33.1,34.667,34.4,1.0,1.529,14.441,-3.778,2.1,10.667,-0.2,1.0,0.0,2.0,5.797,14.4,13.4,14.333,12.0,0.405,0.0,1.163,2.677,3.467,3.5,6.333,4.6,0.162,1.0,1.304,0.354,0.403,1.567,1.3,0.405,15.289,4.0,1.0,0.0,Doubtful,0.0,0,48
PG,Scoot Henderson (37838992),Scoot Henderson,37838992,PG/G/UTIL,5600,POR@PHI 03/03/2025 07:00PM ET,POR,26.65,POR,PHI,PHI,Scoot Henderson,22024.0,1630703.0,1610612757.0,POR,Portland Trail Blazers,22400867.0,2025-03-02,POR @ CLE,L,33.0,5.0,12.0,0.417,3.0,5.0,0.6,2.0,4.0,0.5,1.0,3.0,4.0,6.0,1.0,0.0,1.0,4.0,15.0,8.0,30.8,1.0,2025-03-02,Scoot Henderson,30.8,8.0,POR @ CLE,L,Portland Trail Blazers,2.378,5.264,5.1,5.333,5.4,0.182,1.0,2.4,0.0,2.0,7.522,25.775,25.73,30.933,28.7,1.0,1.18,0.9,0.7,0.1,122.0,0.0,0.0,0.0,0.0,1.0,1.0,1.0,2.0,3.86,0.145,26.604,26.7,28.667,27.2,1.0,1.245,13.367,-0.472,9.7,15.0,14.4,1.0,0.242,1.0,4.197,12.604,12.5,14.333,14.6,0.455,1.0,1.163,2.234,2.981,2.9,3.0,3.0,0.121,1.0,0.87,0.547,0.505,1.967,0.5,0.455,12.453,5.0,0.0,30.0,,31.07,0,48
C,Kyle Filipowski (37838995),Kyle Filipowski,37838995,C/UTIL,5500,DET@UTA 03/03/2025 09:00PM ET,UTA,17.9,DET,UTA,DET,Kyle Filipowski,22024.0,1642271.0,1610612762.0,UTA,Utah Jazz,22400872.0,2025-03-02,UTA vs. NOP,L,28.0,5.0,12.0,0.417,2.0,4.0,0.5,0.0,1.0,0.0,2.0,9.0,11.0,7.0,0.0,0.0,3.0,2.0,12.0,-32.0,32.7,1.0,2025-03-02,Kyle Filipowski,32.7,-32.0,UTA vs. NOP,L,Utah Jazz,2.3,1.98,2.8,4.0,4.0,0.25,1.0,2.0,1.0,2.0,11.698,17.13,23.46,23.667,27.12,1.0,3.02,0.5,0.4,0.2,122.0,0.0,1.0,1.0,1.0,1.0,1.0,0.0,2.0,9.705,0.437,18.76,22.2,21.333,23.0,1.0,1.167,14.055,-4.22,-7.0,-23.0,-11.8,0.0,-1.143,7.0,5.208,7.22,11.7,10.667,12.0,0.429,1.0,0.992,4.739,5.1,6.3,8.333,7.6,0.393,1.0,2.683,-1.071,0.524,0.867,0.8,0.429,11.667,3.0,0.0,17.0,,16.24,0,48
SG/SF,Klay Thompson (37838997),Klay Thompson,37838997,SG/SF/F/G/UTIL,5500,SAC@DAL 03/03/2025 08:30PM ET,DAL,24.89,SAC,DAL,SAC,Klay Thompson,22024.0,202691.0,1610612742.0,DAL,Dallas Mavericks,22400865.0,2025-03-01,DAL vs. MIL,L,29.0,5.0,14.0,0.357,4.0,9.0,0.444,2.0,2.0,1.0,0.0,2.0,2.0,5.0,1.0,0.0,2.0,2.0,16.0,1.0,26.9,1.0,2025-03-01,Klay Thompson,26.9,1.0,DAL vs. MIL,L,Dallas Mavericks,1.563,2.019,2.0,2.0,2.2,0.172,1.0,2.2,0.0,2.0,6.436,23.764,27.06,29.467,26.78,1.0,-1.9,1.0,0.7,0.1,121.0,0.0,1.0,1.0,1.0,1.0,1.0,0.0,3.0,3.393,0.122,27.396,27.8,29.0,27.4,1.0,1.329,13.383,2.528,1.0,-4.333,-6.0,0.0,0.034,3.0,4.649,14.038,16.5,18.667,15.8,0.552,1.0,1.504,2.201,3.491,3.8,4.0,3.4,0.069,0.0,0.667,-0.139,0.643,1.2,0.4,0.552,12.083,3.0,0.0,27.0,,28.04,0,48
PF,Tari Eason (37839002),Tari Eason,37839002,PF/F/UTIL,5500,HOU@OKC 03/03/2025 08:00PM ET,HOU,26.85,HOU,OKC,OKC,Tari Eason,22024.0,1631106.0,1610612745.0,HOU,Houston Rockets,22400862.0,2025-03-01,HOU vs. SAC,L,23.0,5.0,8.0,0.625,3.0,5.0,0.6,1.0,1.0,1.0,1.0,3.0,4.0,2.0,1.0,0.0,2.0,4.0,14.0,0.0,22.8,1.0,2025-03-01,Tari Eason,22.8,0.0,HOU vs. SAC,L,Houston Rockets,1.08,1.205,1.5,1.333,1.8,0.087,1.0,1.0,0.0,4.0,9.647,28.172,28.35,24.533,28.62,1.0,-3.4,1.0,0.8,0.3,121.0,0.0,1.0,0.0,0.0,1.0,0.0,0.0,0.0,3.682,0.127,24.385,29.0,27.333,29.2,1.0,0.862,9.698,2.718,-0.6,4.0,3.6,1.0,0.0,4.0,5.038,11.59,12.4,12.667,14.2,0.609,1.0,1.223,2.759,6.179,6.5,4.333,5.6,0.174,0.0,0.837,0.135,0.476,1.667,0.2,0.609,9.583,4.0,0.0,26.0,Questionable,26.42,0,48
C,Jonas Valanciunas (37839005),Jonas Valanciunas,37839005,C/UTIL,5400,SAC@DAL 03/03/2025 08:30PM ET,SAC,25.84,SAC,DAL,DAL,Jonas Valanciunas,22024.0,202685.0,1610612758.0,SAC,Sacramento Kings,22400862.0,2025-03-01,SAC @ HOU,W,30.0,7.0,10.0,0.7,0.0,0.0,0.0,1.0,1.0,1.0,5.0,9.0,14.0,1.0,4.0,3.0,1.0,5.0,15.0,6.0,53.3,1.0,2025-03-01,Jonas Valančiūnas,53.3,6.0,SAC @ HOU,W,Sacramento Kings,1.269,2.052,1.5,1.333,1.4,0.033,0.0,0.476,0.0,3.0,13.422,25.264,23.19,33.933,24.82,0.0,7.1,0.2,0.2,0.0,121.0,0.0,0.0,0.0,0.0,1.0,1.0,0.0,1.0,6.802,0.391,19.414,17.4,19.333,16.2,0.0,1.255,13.876,-5.259,1.9,16.0,5.6,1.0,0.2,2.0,4.595,11.034,9.0,12.0,9.2,0.5,0.0,1.327,4.917,7.914,7.2,9.667,6.6,0.467,0.0,3.043,1.067,0.667,1.933,1.2,0.5,12.552,6.0,1.0,30.0,,39.32,0,48
SF/PF,Naji Marshall (37839007),Naji Marshall,37839007,SF/PF/F/UTIL,5400,SAC@DAL 03/03/2025 08:30PM ET,DAL,22.12,SAC,DAL,SAC,Naji Marshall,22024.0,1630230.0,1610612742.0,DAL,Dallas Mavericks,22400865.0,2025-03-01,DAL vs. MIL,L,30.0,3.0,7.0,0.429,0.0,4.0,0.0,1.0,1.0,1.0,1.0,3.0,4.0,4.0,4.0,0.0,3.0,1.0,7.0,-3.0,26.8,1.0,2025-03-01,Naji Marshall,26.8,-3.0,DAL vs. MIL,L,Dallas Mavericks,1.912,2.625,2.9,4.333,3.2,0.133,1.0,1.76,0.0,2.0,4.165,21.846,25.29,24.7,23.52,1.0,-0.8,1.0,0.6,0.2,121.0,0.0,1.0,0.0,0.0,1.0,1.0,0.0,2.0,4.061,0.147,25.0,27.6,29.0,26.4,1.0,1.375,11.316,-0.604,-1.5,4.667,-1.6,0.0,-0.1,0.0,4.899,10.958,11.0,6.333,8.6,0.233,0.0,0.658,2.658,4.125,6.2,6.0,6.6,0.133,1.0,1.333,0.172,0.233,1.4,1.2,0.233,12.5,5.0,0.0,30.0,,29.15,0,48
SF/PF,Ausar Thompson (37839013),Ausar Thompson,37839013,SF/PF/F/UTIL,5300,DET@UTA 03/03/2025 09:00PM ET,DET,23.23,DET,UTA,UTA,Ausar Thompson,22024.0,1641709.0,1610612765.0,DET,Detroit Pistons,22400861.0,2025-03-01,DET vs. BKN,W,23.0,6.0,9.0,0.667,0.0,0.0,0.0,1.0,2.0,0.5,1.0,4.0,5.0,3.0,0.0,1.0,1.0,3.0,13.0,20.0,25.5,1.0,2025-03-01,Ausar Thompson,25.5,20.0,DET vs. BKN,W,Detroit Pistons,1.633,2.308,4.0,3.333,3.0,0.13,1.0,1.355,0.0,1.0,6.282,24.472,32.92,31.333,31.1,1.0,0.22,0.9,0.5,0.0,121.0,1.0,1.0,1.0,1.0,1.0,0.0,0.0,4.0,3.34,0.137,21.385,24.4,25.333,24.0,1.0,1.342,18.686,0.923,7.5,1.667,-0.4,0.0,0.87,2.0,3.742,9.564,13.0,11.0,11.4,0.565,1.0,1.583,2.132,4.923,5.1,5.0,4.0,0.217,0.0,1.489,0.09,0.441,0.933,0.4,0.565,9.583,3.0,1.0,29.0,,31.83,0,48
SG/SF,Max Christie (37839017),Max Christie,37839017,SG/SF/F/G/UTIL,5300,SAC@DAL 03/03/2025 08:30PM ET,DAL,18.58,SAC,DAL,SAC,Max Christie,22024.0,1631108.0,1610612742.0,DAL,Dallas Mavericks,22400865.0,2025-03-01,DAL vs. MIL,L,27.0,2.0,6.0,0.333,1.0,4.0,0.25,0.0,0.0,0.0,0.0,2.0,2.0,3.0,1.0,0.0,0.0,1.0,5.0,-13.0,14.9,1.0,2025-03-01,Max Christie,14.9,-13.0,DAL vs. MIL,L,Dallas Mavericks,1.354,1.825,3.5,4.333,3.4,0.111,1.0,1.32,0.0,2.0,8.696,18.488,25.69,19.633,18.9,1.0,-5.12,1.0,0.9,0.7,121.0,0.0,1.0,0.0,0.0,1.0,1.0,0.0,3.0,5.371,0.164,26.544,32.8,32.667,30.4,1.0,1.238,14.174,0.246,3.0,-2.0,-0.2,0.0,-0.481,0.0,6.566,9.386,13.0,7.667,8.2,0.185,0.0,0.47,1.567,2.965,3.7,2.333,3.0,0.074,1.0,0.667,-0.089,0.23,0.133,2.4,0.185,11.25,4.0,0.0,33.0,,27.97,0,48
C,Alexandre Sarr (37839011),Alex Sarr,37839011,C/UTIL,5300,WAS@MIA 03/03/2025 07:30PM ET,WAS,27.82,WAS,MIA,MIA,Alexandre Sarr,22024.0,1642259.0,1610612764.0,WAS,Washington Wizards,22400860.0,2025-03-01,WAS @ CHA,W,26.0,4.0,11.0,0.364,2.0,7.0,0.286,0.0,0.0,0.0,1.0,2.0,3.0,2.0,2.0,0.0,1.0,1.0,10.0,3.0,21.6,1.0,2025-03-01,Alex Sarr,21.6,3.0,WAS @ CHA,W,Washington Wizards,0.943,2.205,2.0,2.333,2.2,0.077,0.0,0.606,0.0,8.0,10.488,28.07,27.8,29.233,25.46,0.0,-1.88,0.9,0.8,0.2,121.0,0.0,0.0,1.0,1.0,1.0,1.0,0.0,0.0,6.027,0.231,26.886,26.1,28.0,25.2,0.0,1.079,7.575,-9.295,-7.4,0.0,-3.8,1.0,0.115,0.0,5.1,11.614,11.3,13.667,11.2,0.385,0.0,0.885,2.55,6.545,6.5,5.333,4.8,0.115,0.0,0.625,0.0,0.504,1.9,0.9,0.385,10.788,2.0,1.0,28.0,,30.51,0,48
C,Moses Brown (37839022),Moses Brown,37839022,C/UTIL,5200,SAC@DAL 03/03/2025 08:30PM ET,DAL,11.54,SAC,DAL,SAC,Moses Brown,22024.0,1629650.0,1610612742.0,DAL,Dallas Mavericks,22400865.0,2025-03-01,DAL vs. MIL,L,22.0,8.0,9.0,0.889,0.0,0.0,0.0,2.0,2.0,1.0,3.0,6.0,9.0,0.0,0.0,0.0,0.0,5.0,18.0,-18.0,28.8,1.0,2025-03-01,Moses Brown,28.8,-18.0,DAL vs. MIL,L,Dallas Mavericks,0.632,0.154,0.2,0.0,0.4,0.0,1.0,0.0,0.0,2.0,15.769,11.6,11.6,29.8,20.64,1.0,5.96,0.2,0.1,0.1,121.0,0.0,1.0,0.0,0.0,1.0,0.0,0.0,4.0,9.712,0.981,9.231,9.9,20.667,14.8,1.0,1.008,8.29,-1.077,-2.5,-2.0,-0.6,1.0,-0.818,3.0,7.561,5.846,5.5,15.0,9.4,0.818,1.0,1.692,4.089,3.385,3.5,9.0,6.2,0.409,1.0,3.0,-0.196,0.747,10.767,4.9,0.818,9.167,8.0,0.0,0.0,,0.0,0,48
PF,Keegan Murray (37839024),Keegan Murray,37839024,PF/F/UTIL,5200,SAC@DAL 03/03/2025 08:30PM ET,SAC,27.29,SAC,DAL,DAL,Keegan Murray,22024.0,1631099.0,1610612758.0,SAC,Sacramento Kings,22400862.0,2025-03-01,SAC @ HOU,W,33.0,5.0,11.0,0.455,2.0,6.0,0.333,1.0,1.0,1.0,1.0,4.0,5.0,2.0,1.0,0.0,0.0,1.0,13.0,3.0,25.0,1.0,2025-03-01,Keegan Murray,25.0,3.0,SAC @ HOU,W,Sacramento Kings,1.636,1.446,1.7,1.333,1.4,0.061,0.0,0.952,0.0,3.0,8.983,26.966,27.39,29.733,28.66,1.0,0.22,1.0,0.9,0.7,121.0,0.0,0.0,0.0,0.0,1.0,1.0,1.0,0.0,3.406,0.104,34.661,32.6,30.333,32.2,0.0,1.381,12.266,1.107,1.7,6.0,4.0,1.0,0.091,2.0,6.07,12.25,12.8,16.333,15.0,0.394,1.0,1.15,1.229,6.929,6.2,5.333,5.8,0.152,0.0,1.087,0.211,0.527,2.267,0.4,0.394,13.808,5.0,1.0,33.0,,26.12,0,48
PF,Kyshawn George (37839031),Kyshawn George,37839031,PF/F/UTIL,5200,WAS@MIA 03/03/2025 07:30PM ET,WAS,20.1,WAS,MIA,MIA,Kyshawn George,22024.0,1642273.0,1610612764.0,WAS,Washington Wizards,22400860.0,2025-03-01,WAS @ CHA,W,35.0,3.0,10.0,0.3,2.0,7.0,0.286,0.0,0.0,0.0,1.0,3.0,4.0,8.0,2.0,1.0,3.0,2.0,8.0,9.0,30.8,1.0,2025-03-01,Kyshawn George,30.8,9.0,WAS @ CHA,W,Washington Wizards,2.163,2.396,3.3,5.0,4.6,0.229,1.0,2.424,0.0,3.0,7.404,20.021,27.15,29.3,27.22,1.0,0.7,0.9,0.9,0.6,121.0,0.0,0.0,1.0,0.0,1.0,1.0,1.0,9.0,5.715,0.184,26.623,31.0,31.333,31.0,1.0,1.452,12.067,-5.472,-1.5,3.0,-0.6,1.0,0.257,0.0,4.503,8.075,10.5,9.0,8.0,0.229,0.0,0.708,2.415,4.019,5.5,4.0,4.6,0.114,1.0,0.833,0.061,0.288,0.333,0.0,0.229,14.523,3.0,1.0,33.0,,27.32,0,48
SF/PF,Aaron Wiggins (37839027),Aaron Wiggins,37839027,SF/PF/F/UTIL,5200,HOU@OKC 03/03/2025 08:00PM ET,OKC,20.79,HOU,OKC,HOU,Aaron Wiggins,22024.0,1630598.0,1610612760.0,OKC,Oklahoma City Thunder,22400871.0,2025-03-02,OKC @ SAS,W,24.0,6.0,12.0,0.5,5.0,8.0,0.625,0.0,2.0,0.0,0.0,3.0,3.0,2.0,1.0,0.0,2.0,2.0,17.0,10.0,24.6,1.0,2025-03-02,Aaron Wiggins,24.6,10.0,OKC @ SAS,W,Oklahoma City Thunder,1.567,1.617,1.7,2.333,1.4,0.083,0.0,0.706,0.0,2.0,8.245,20.605,27.95,26.767,26.74,1.0,-0.7,0.8,0.5,0.1,122.0,0.0,0.0,0.0,0.0,1.0,0.0,0.0,4.0,5.626,0.217,22.367,25.9,26.333,25.4,1.0,1.2,15.486,6.383,5.6,13.333,7.8,1.0,0.417,6.0,5.896,11.467,17.1,18.0,17.6,0.708,1.0,1.397,3.064,3.733,4.5,4.667,4.2,0.125,1.0,0.8,0.489,0.679,0.433,0.5,0.708,10.0,4.0,1.0,22.0,,20.01,0,48
SG/SF,Caris LeVert (37839040),Caris LeVert,37839040,SG/SF/F/G/UTIL,5100,ATL@MEM 03/03/2025 08:00PM ET,ATL,22.97,ATL,MEM,MEM,Caris LeVert,22024.0,1627747.0,1610612737.0,ATL,Atlanta Hawks,22400851.0,2025-02-28,ATL vs. OKC,L,27.0,9.0,16.0,0.563,3.0,9.0,0.333,2.0,2.0,1.0,0.0,3.0,3.0,3.0,2.0,0.0,3.0,1.0,23.0,-5.0,34.1,1.0,2025-02-28,Caris LeVert,34.1,-5.0,ATL vs. OKC,L,Atlanta Hawks,2.108,3.413,2.0,2.333,1.6,0.111,0.0,1.222,0.0,2.0,14.647,22.693,22.2,28.767,23.96,1.0,-3.28,0.8,0.6,0.3,120.0,0.0,1.0,0.0,0.0,1.0,1.0,0.0,3.0,6.647,0.258,24.413,25.8,29.0,27.6,1.0,1.238,9.792,4.717,-4.9,-3.0,-6.0,0.0,-0.185,3.0,8.011,11.087,12.2,18.333,15.0,0.852,1.0,2.126,2.828,3.087,4.0,3.0,2.8,0.111,0.0,0.717,-0.096,0.64,3.2,1.8,0.852,11.25,5.0,0.0,29.0,,31.39,0,48
C,Richaun Holmes (37839034),Richaun Holmes,37839034,C/UTIL,5100,WAS@MIA 03/03/2025 07:30PM ET,WAS,18.04,WAS,MIA,MIA,Richaun Holmes,22024.0,1626158.0,1610612764.0,WAS,Washington Wizards,22400860.0,2025-03-01,WAS @ CHA,W,22.0,5.0,6.0,0.833,0.0,0.0,0.0,5.0,5.0,1.0,1.0,8.0,9.0,3.0,1.0,0.0,1.0,2.0,15.0,10.0,32.3,1.0,2025-03-01,Richaun Holmes,32.3,10.0,WAS @ CHA,W,Washington Wizards,1.37,1.364,2.1,3.0,2.6,0.136,1.0,0.909,0.0,3.0,5.662,18.227,26.39,31.5,28.14,1.0,2.78,0.7,0.6,0.1,121.0,0.0,0.0,0.0,0.0,1.0,0.0,0.0,15.0,5.012,0.198,17.773,25.3,23.667,23.8,1.0,0.913,13.519,0.0,-1.9,9.667,3.2,1.0,0.455,5.0,4.547,7.455,11.7,15.333,12.8,0.682,1.0,1.327,2.53,5.455,7.2,6.667,7.2,0.409,1.0,1.875,0.44,0.7,1.633,1.5,0.682,9.129,4.0,1.0,22.0,,20.08,0,48
PF/C,Guerschon Yabusele (37839036),Guerschon Yabusele,37839036,PF/C/F/UTIL,5100,POR@PHI 03/03/2025 07:00PM ET,PHI,23.3,POR,PHI,POR,Guerschon Yabusele,22024.0,1627824.0,1610612755.0,PHI,Philadelphia 76ers,22400864.0,2025-03-01,PHI vs. GSW,W,27.0,5.0,8.0,0.625,5.0,7.0,0.714,3.0,4.0,0.75,1.0,5.0,6.0,5.0,0.0,0.0,2.0,1.0,18.0,4.0,30.7,1.0,2025-03-01,Guerschon Yabusele,30.7,4.0,PHI vs. GSW,W,Philadelphia 76ers,1.636,1.982,1.7,2.333,1.6,0.185,0.0,1.667,0.0,5.0,9.893,22.755,22.47,21.833,17.8,0.0,2.1,0.9,0.4,0.2,121.0,0.0,1.0,0.0,0.0,1.0,1.0,0.0,1.0,6.816,0.265,26.236,25.7,21.0,21.8,0.0,1.004,8.784,-1.018,-2.5,-2.0,-1.4,0.0,0.148,1.0,7.573,10.745,10.7,7.667,6.4,0.667,0.0,1.286,2.914,5.545,5.6,5.0,5.0,0.222,0.0,1.35,-0.263,0.295,4.7,3.9,0.667,11.157,5.0,1.0,28.0,Playing,24.83,0,48
PF/C,Jabari Smith Jr. (37839045),Jabari Smith,37839045,PF/C/F/UTIL,5100,HOU@OKC 03/03/2025 08:00PM ET,HOU,24.16,HOU,OKC,OKC,Jabari Smith Jr.,22024.0,1631095.0,1610612745.0,HOU,Houston Rockets,22400862.0,2025-03-01,HOU vs. SAC,L,20.0,2.0,6.0,0.333,1.0,3.0,0.333,0.0,0.0,0.0,1.0,6.0,7.0,0.0,0.0,1.0,0.0,3.0,5.0,2.0,16.4,1.0,2025-03-01,Jabari Smith Jr.,16.4,2.0,HOU vs. SAC,L,Houston Rockets,0.823,0.974,0.7,0.333,0.8,0.0,0.0,0.0,0.0,3.0,8.577,23.492,19.33,18.833,18.04,0.0,-1.0,0.9,0.8,0.5,121.0,0.0,1.0,0.0,0.0,0.0,0.0,0.0,0.0,6.961,0.227,30.842,30.7,28.333,30.4,0.0,0.75,11.9,3.316,4.4,5.333,3.4,1.0,0.1,0.0,5.397,11.526,10.3,9.0,9.0,0.25,0.0,0.437,3.239,6.605,6.4,8.333,7.2,0.35,1.0,1.465,0.181,0.308,2.367,0.3,0.25,8.333,7.0,0.0,32.0,,24.62,0,48
SG/SF,Nick Smith Jr. (37839060),Nick Smith,37839060,SG/SF/F/G/UTIL,5000,GSW@CHA 03/03/2025 07:00PM ET,CHA,15.43,GSW,CHA,GSW,Nick Smith Jr.,22024.0,1641733.0,1610612766.0,CHA,Charlotte Hornets,22400860.0,2025-03-01,CHA vs. WAS,L,38.0,5.0,16.0,0.313,2.0,9.0,0.222,0.0,0.0,0.0,0.0,4.0,4.0,4.0,0.0,0.0,3.0,2.0,12.0,-14.0,19.8,1.0,2025-03-01,Nick Smith Jr.,19.8,-14.0,CHA vs. WAS,L,Charlotte Hornets,1.838,2.05,3.4,4.333,3.4,0.105,1.0,1.429,0.0,2.0,6.437,14.495,19.36,21.433,19.58,1.0,-0.38,0.9,0.9,0.8,121.0,0.0,1.0,0.0,0.0,1.0,1.0,1.0,7.0,6.015,0.189,21.25,31.8,34.667,34.0,1.0,1.59,11.935,-5.55,-10.0,-14.0,-18.4,0.0,-0.368,7.0,4.467,8.7,12.2,11.0,12.0,0.316,1.0,1.2,1.636,1.975,2.3,3.0,2.4,0.105,1.0,0.909,-0.406,0.317,2.867,2.2,0.316,15.9,6.0,0.0,33.0,,23.73,0,48
SG/SF,Malik Beasley (37839053),Malik Beasley,37839053,SG/SF/F/G/UTIL,5000,DET@UTA 03/03/2025 09:00PM ET,DET,26.36,DET,UTA,UTA,Malik Beasley,22024.0,1627736.0,1610612765.0,DET,Detroit Pistons,22400861.0,2025-03-01,DET vs. BKN,W,24.0,6.0,10.0,0.6,5.0,8.0,0.625,1.0,2.0,0.5,0.0,0.0,0.0,1.0,0.0,0.0,2.0,0.0,18.0,4.0,17.5,1.0,2025-03-01,Malik Beasley,17.5,4.0,DET vs. BKN,W,Detroit Pistons,1.059,1.738,1.3,2.0,2.0,0.042,1.0,0.452,0.0,1.0,10.312,24.698,27.97,29.933,27.64,1.0,-0.8,0.9,0.4,0.2,121.0,1.0,1.0,0.0,0.0,1.0,0.0,0.0,0.0,6.222,0.243,27.361,25.6,24.0,26.0,0.0,1.4,9.603,1.852,6.0,6.333,7.0,1.0,0.167,1.0,7.645,16.672,20.0,20.0,18.6,0.75,1.0,2.191,2.319,2.836,2.6,3.0,3.2,0.0,1.0,0.0,0.276,0.849,1.6,0.4,0.75,10.0,5.0,1.0,29.0,,29.64,0,48
PG/SG,Carlton Carrington (37839049),Carlton Carrington,37839049,PG/SG/G/UTIL,5000,WAS@MIA 03/03/2025 07:30PM ET,WAS,21.89,WAS,MIA,MIA,Carlton Carrington,22024.0,1642267.0,1610612764.0,WAS,Washington Wizards,22400860.0,2025-03-01,WAS @ CHA,W,32.0,3.0,11.0,0.273,3.0,8.0,0.375,2.0,2.0,1.0,1.0,4.0,5.0,4.0,1.0,1.0,0.0,1.0,11.0,11.0,29.0,1.0,2025-03-01,Bub Carrington,29.0,11.0,WAS @ CHA,W,Washington Wizards,2.413,3.915,4.6,3.333,3.2,0.125,0.0,1.212,0.0,3.0,11.02,20.961,26.02,21.267,20.88,0.0,-2.42,1.0,0.8,0.5,121.0,0.0,0.0,0.0,0.0,1.0,1.0,1.0,1.0,6.832,0.216,29.305,31.7,27.667,27.0,0.0,1.328,12.309,-10.831,-5.2,-2.667,-3.2,1.0,0.344,1.0,5.359,9.068,12.5,8.0,9.0,0.344,0.0,0.973,2.119,4.0,4.6,4.667,4.4,0.156,1.0,1.042,-0.133,0.284,4.033,4.7,0.344,13.278,5.0,1.0,32.0,,25.46,0,48
C,Andre Drummond (37839058),Andre Drummond,37839058,C/UTIL,5000,POR@PHI 03/03/2025 07:00PM ET,PHI,19.98,POR,PHI,POR,Andre Drummond,22024.0,203083.0,1610612755.0,PHI,Philadelphia 76ers,22400864.0,2025-03-01,PHI vs. GSW,W,21.0,3.0,5.0,0.6,0.0,1.0,0.0,4.0,6.0,0.667,5.0,9.0,14.0,2.0,0.0,0.0,2.0,4.0,10.0,3.0,27.8,1.0,2025-03-01,Andre Drummond,27.8,3.0,PHI vs. GSW,W,Philadelphia 76ers,1.567,0.771,1.3,2.333,1.6,0.095,1.0,0.667,0.0,3.0,7.759,20.083,18.55,27.233,21.64,1.0,0.74,0.3,0.2,0.0,121.0,0.0,1.0,0.0,0.0,1.0,0.0,0.0,2.0,8.124,0.508,18.314,16.0,21.333,16.4,0.0,0.781,8.774,-4.686,-5.1,-5.0,-4.0,1.0,0.143,3.0,2.514,7.0,6.9,9.0,8.2,0.476,1.0,0.714,3.44,7.629,6.5,10.333,8.2,0.667,1.0,3.15,-0.381,0.477,5.333,0.4,0.476,8.678,7.0,1.0,20.0,,22.28,0,48
SF/PF,Josh Green (37839067),Josh Green,37839067,SF/PF/F/UTIL,4900,GSW@CHA 03/03/2025 07:00PM ET,CHA,16.39,GSW,CHA,GSW,Josh Green,22024.0,1630182.0,1610612766.0,CHA,Charlotte Hornets,22400860.0,2025-03-01,CHA vs. WAS,L,32.0,5.0,10.0,0.5,3.0,6.0,0.5,0.0,2.0,0.0,2.0,2.0,4.0,5.0,3.0,1.0,0.0,2.0,13.0,-10.0,37.3,1.0,2025-03-01,Josh Green,37.3,-10.0,CHA vs. WAS,L,Charlotte Hornets,1.398,1.556,1.8,3.333,2.6,0.156,1.0,1.786,0.0,2.0,9.292,16.426,16.8,22.467,17.86,1.0,1.94,1.0,0.6,0.3,121.0,0.0,1.0,0.0,0.0,1.0,1.0,1.0,2.0,4.347,0.154,28.667,28.3,31.0,28.2,0.0,1.339,9.534,-5.463,-11.0,-10.0,-12.6,0.0,-0.312,1.0,5.673,7.667,8.2,8.667,6.6,0.406,0.0,1.3,1.333,2.685,2.0,2.333,1.8,0.125,0.0,0.909,-0.342,0.28,2.7,0.1,0.406,13.389,7.0,0.0,29.0,,15.75,0,48
C,Zach Edey (37839065),Zach Edey,37839065,C/UTIL,4900,ATL@MEM 03/03/2025 08:00PM ET,MEM,23.7,ATL,MEM,ATL,Zach Edey,22024.0,1641744.0,1610612763.0,MEM,Memphis Grizzlies,22400863.0,2025-03-01,MEM vs. SAS,L,26.0,7.0,7.0,1.0,0.0,0.0,0.0,3.0,4.0,0.75,6.0,3.0,9.0,0.0,0.0,3.0,3.0,3.0,17.0,-5.0,33.8,1.0,2025-03-01,Zach Edey,33.8,-5.0,MEM vs. SAS,L,Memphis Grizzlies,0.707,0.87,0.5,0.667,0.4,0.0,0.0,0.0,0.0,1.0,9.424,23.97,22.75,28.533,23.92,0.0,2.42,0.5,0.1,0.0,121.0,1.0,1.0,1.0,1.0,1.0,1.0,0.0,2.0,4.877,0.236,20.783,20.7,23.333,21.4,1.0,1.192,14.973,3.065,-1.8,-3.0,-6.2,0.0,-0.192,2.0,4.671,9.261,7.4,11.667,8.6,0.654,0.0,1.461,3.598,7.783,8.5,9.333,8.6,0.346,1.0,2.415,-0.145,0.49,2.633,0.7,0.654,10.833,3.0,0.0,21.0,,24.77,0,48
SG/SF,Luguentz Dort (37839071),Luguentz Dort,37839071,SG/SF/F/G/UTIL,4900,HOU@OKC 03/03/2025 08:00PM ET,OKC,21.4,HOU,OKC,HOU,Luguentz Dort,22024.0,1629652.0,1610612760.0,OKC,Oklahoma City Thunder,22400871.0,2025-03-02,OKC @ SAS,W,24.0,4.0,9.0,0.444,1.0,6.0,0.167,0.0,0.0,0.0,4.0,5.0,9.0,2.0,1.0,0.0,0.0,2.0,9.0,9.0,25.8,1.0,2025-03-02,Luguentz Dort,25.8,9.0,OKC @ SAS,W,Oklahoma City Thunder,0.675,1.625,1.3,1.667,1.6,0.083,0.0,0.706,0.0,2.0,8.505,21.516,19.49,22.1,19.0,0.0,2.58,1.0,0.7,0.4,122.0,0.0,0.0,0.0,0.0,1.0,0.0,0.0,0.0,4.04,0.145,28.893,27.9,25.667,27.6,0.0,1.2,16.012,6.875,3.8,1.667,-3.6,0.0,0.375,0.0,5.859,9.75,9.1,10.667,8.2,0.375,0.0,0.74,2.201,4.143,3.2,4.667,4.0,0.375,0.0,2.4,-0.02,0.381,2.233,0.3,0.375,10.0,7.0,1.0,29.0,,19.4,0,48
SF/PF,Brice Sensabaugh (37839086),Brice Sensabaugh,37839086,SF/PF/F/UTIL,4800,DET@UTA 03/03/2025 09:00PM ET,UTA,16.26,DET,UTA,DET,Brice Sensabaugh,22024.0,1641729.0,1610612762.0,UTA,Utah Jazz,22400872.0,2025-03-02,UTA vs. NOP,L,31.0,9.0,18.0,0.5,3.0,9.0,0.333,0.0,0.0,0.0,1.0,1.0,2.0,4.0,0.0,0.0,1.0,0.0,21.0,-16.0,28.4,1.0,2025-03-02,Brice Sensabaugh,28.4,-16.0,UTA vs. NOP,L,Utah Jazz,1.43,1.306,1.4,2.0,2.0,0.129,1.0,1.143,0.0,2.0,7.76,15.204,15.78,21.6,22.04,1.0,2.84,0.5,0.2,0.1,122.0,0.0,1.0,0.0,0.0,1.0,1.0,1.0,5.0,7.376,0.392,18.143,18.8,25.667,25.4,1.0,1.292,9.484,-4.531,-2.8,-12.0,-6.2,0.0,-0.516,6.0,7.397,9.653,10.6,16.667,16.6,0.677,1.0,1.736,1.174,2.551,2.4,3.0,3.2,0.065,1.0,0.488,-0.462,0.646,6.867,6.6,0.677,12.917,5.0,0.0,0.0,,0.0,0,48
SG/SF,Jaylen Wells (37839081),Jaylen Wells,37839081,SG/SF/F/G/UTIL,4800,ATL@MEM 03/03/2025 08:00PM ET,MEM,19.64,ATL,MEM,ATL,Jaylen Wells,22024.0,1642377.0,1610612763.0,MEM,Memphis Grizzlies,22400863.0,2025-03-01,MEM vs. SAS,L,39.0,7.0,14.0,0.5,4.0,10.0,0.4,0.0,0.0,0.0,0.0,2.0,2.0,3.0,0.0,0.0,0.0,1.0,18.0,6.0,24.9,1.0,2025-03-01,Jaylen Wells,24.9,6.0,MEM vs. SAS,L,Memphis Grizzlies,0.994,1.633,1.1,2.333,1.6,0.077,0.0,1.065,0.0,1.0,8.345,18.687,17.41,19.7,17.4,0.0,0.02,0.7,0.4,0.3,121.0,1.0,1.0,0.0,0.0,1.0,1.0,1.0,1.0,9.214,0.369,26.0,25.0,33.667,28.0,1.0,1.788,11.375,2.483,-2.5,7.0,0.6,0.0,0.154,1.0,6.601,11.383,11.3,13.333,12.2,0.462,1.0,1.547,1.16,3.183,3.3,2.667,3.0,0.051,0.0,0.537,0.238,0.358,8.667,3.0,0.462,16.25,4.0,0.0,25.0,,17.9,0,48
C,Nikola Jovic (37839076),Nikola Jovic,37839076,C/UTIL,4800,WAS@MIA 03/03/2025 07:30PM ET,MIA,22.32,WAS,MIA,WAS,Nikola Jovic,22024.0,1631107.0,1610612748.0,MIA,Miami Heat,22400817.0,2025-02-23,MIA @ MIL,L,15.0,3.0,4.0,0.75,1.0,2.0,0.5,0.0,0.0,0.0,0.0,2.0,2.0,0.0,0.0,0.0,0.0,2.0,7.0,10.0,9.4,1.0,2025-02-23,Nikola Jović,9.4,10.0,MIA @ MIL,L,Miami Heat,2.348,2.848,3.2,2.0,2.0,0.0,0.0,0.0,0.0,2.0,10.455,21.728,21.94,15.2,16.56,0.0,-1.56,0.9,0.7,0.4,115.0,0.0,0.0,0.0,0.0,0.0,0.0,0.0,0.0,6.583,0.227,25.217,29.0,25.0,26.2,1.0,0.56,10.349,-0.435,-3.0,3.333,-1.6,0.0,0.667,0.0,5.736,10.739,11.7,6.667,8.2,0.467,0.0,0.558,2.452,3.913,3.7,2.667,3.8,0.133,0.0,0.391,0.199,0.302,4.0,2.8,0.467,6.224,5.0,0.0,0.0,Injured,0.0,0,48
PF,Dillon Brooks (37839090),Dillon Brooks,37839090,PF/F/UTIL,4800,HOU@OKC 03/03/2025 08:00PM ET,HOU,23.58,HOU,OKC,OKC,Dillon Brooks,22024.0,1628415.0,1610612745.0,HOU,Houston Rockets,22400862.0,2025-03-01,HOU vs. SAC,L,30.0,4.0,13.0,0.308,2.0,8.0,0.25,2.0,2.0,1.0,1.0,0.0,1.0,0.0,2.0,0.0,2.0,2.0,12.0,-14.0,17.2,1.0,2025-03-01,Dillon Brooks,17.2,-14.0,HOU vs. SAC,L,Houston Rockets,1.549,1.614,2.2,1.667,2.4,0.0,1.0,0.0,0.0,3.0,8.541,22.712,24.26,27.367,26.72,1.0,2.14,1.0,0.9,0.6,121.0,0.0,1.0,0.0,0.0,1.0,1.0,0.0,0.0,4.739,0.149,32.193,31.7,31.333,31.4,0.0,1.125,10.853,2.368,-2.0,2.667,1.2,0.0,-0.467,0.0,4.756,13.491,13.2,15.667,12.8,0.4,0.0,1.049,3.057,3.912,4.3,4.333,5.6,0.033,1.0,0.209,0.091,0.504,0.367,0.3,0.4,12.5,6.0,0.0,31.0,Questionable,22.52,0,48
PF,Josh Okogie (37839078),Josh Okogie,37839078,PF/F/UTIL,4700,GSW@CHA 03/03/2025 07:00PM ET,CHA,15.23,GSW,CHA,GSW,Josh Okogie,22024.0,1629006.0,1610612766.0,CHA,Charlotte Hornets,22400679.0,2025-01-31,CHA vs. LAC,L,14.0,3.0,7.0,0.429,0.0,2.0,0.0,2.0,2.0,1.0,1.0,1.0,2.0,0.0,3.0,2.0,2.0,0.0,8.0,6.0,23.4,1.0,2025-01-31,Josh Okogie,23.4,6.0,CHA vs. LAC,L,Charlotte Hornets,1.155,0.75,1.0,1.333,1.8,0.0,1.0,0.0,0.0,2.0,12.529,15.975,19.24,24.733,28.5,1.0,1.08,0.3,0.2,0.1,97.0,0.0,1.0,1.0,1.0,0.0,0.0,0.0,0.0,9.803,0.609,15.625,16.1,21.667,23.2,1.0,0.583,10.13,0.781,4.8,0.0,6.6,1.0,0.429,6.0,5.91,6.875,7.6,12.0,11.8,0.571,1.0,0.769,2.908,3.0,2.7,2.0,4.0,0.143,1.0,0.476,0.07,0.559,5.567,7.1,0.571,5.833,2.0,0.0,0.0,Injured,0.0,0,48
PG/SG,Malcolm Brogdon (37839104),Malcolm Brogdon,37839104,PG/SG/G/UTIL,4700,WAS@MIA 03/03/2025 07:30PM ET,WAS,24.74,WAS,MIA,MIA,Malcolm Brogdon,22024.0,1627763.0,1610612764.0,WAS,Washington Wizards,22400771.0,2025-02-12,WAS vs. IND,L,15.0,5.0,9.0,0.556,0.0,0.0,0.0,2.0,2.0,1.0,0.0,0.0,0.0,6.0,0.0,0.0,1.0,0.0,12.0,3.0,20.0,1.0,2025-02-12,Malcolm Brogdon,20.0,3.0,WAS vs. IND,L,Washington Wizards,1.874,4.083,4.8,5.0,4.6,0.4,1.0,2.276,0.0,2.0,8.565,24.05,22.48,21.367,21.02,0.0,1.0,0.6,0.2,0.0,109.0,0.0,1.0,0.0,0.0,0.0,0.0,0.0,0.0,4.993,0.233,23.542,21.4,19.0,19.2,0.0,0.62,10.165,-5.0,0.0,0.333,3.8,1.0,0.2,0.0,5.211,12.708,10.6,10.0,10.6,0.8,0.0,1.015,1.838,3.792,3.4,2.667,2.6,0.0,0.0,0.0,0.065,0.561,2.4,2.2,0.8,5.639,4.0,0.0,0.0,Injured,0.0,0,48
C,Jaylin Williams (37839093),Jaylin Williams,37839093,C/UTIL,4700,HOU@OKC 03/03/2025 08:00PM ET,OKC,17.6,HOU,OKC,HOU,Jaylin Williams,22024.0,1631119.0,1610612760.0,OKC,Oklahoma City Thunder,22400871.0,2025-03-02,OKC @ SAS,W,13.0,1.0,3.0,0.333,0.0,2.0,0.0,0.0,0.0,0.0,1.0,2.0,3.0,1.0,0.0,0.0,0.0,1.0,2.0,-7.0,7.1,1.0,2025-03-02,Jaylin Williams,7.1,-7.0,OKC @ SAS,W,Oklahoma City Thunder,0.949,2.355,2.3,1.667,1.6,0.077,0.0,0.353,0.0,2.0,7.969,17.461,14.79,8.767,9.64,0.0,-1.28,0.2,0.0,0.0,122.0,0.0,0.0,0.0,0.0,0.0,0.0,0.0,0.0,5.486,0.368,16.226,14.9,10.333,11.6,0.0,0.65,8.982,4.742,7.7,5.0,2.6,0.0,-0.538,0.0,2.163,4.968,2.7,1.667,2.2,0.154,0.0,0.164,3.498,5.452,5.7,3.0,3.2,0.231,0.0,0.8,0.59,0.128,4.567,3.3,0.154,5.417,8.0,1.0,0.0,,0.0,0,48
C,Quinten Post (37839102),Quinten Post,37839102,C/UTIL,4600,GSW@CHA 03/03/2025 07:00PM ET,GSW,17.43,GSW,CHA,CHA,Quinten Post,22024.0,1642366.0,1610612744.0,GSW,Golden State Warriors,22400864.0,2025-03-01,GSW @ PHI,L,25.0,6.0,15.0,0.4,4.0,9.0,0.444,0.0,0.0,0.0,1.0,8.0,9.0,1.0,1.0,1.0,2.0,4.0,16.0,-2.0,32.3,1.0,2025-03-01,Quinten Post,32.3,-2.0,GSW @ PHI,L,Golden State Warriors,0.949,1.545,1.3,1.333,1.4,0.04,0.0,0.333,0.0,2.0,9.645,16.673,19.09,27.467,24.22,1.0,5.92,0.2,0.0,0.0,121.0,0.0,0.0,0.0,0.0,1.0,0.0,0.0,4.0,5.719,0.349,15.318,16.4,22.333,19.8,1.0,1.151,13.774,0.0,2.8,8.667,9.0,1.0,-0.08,5.0,5.945,8.591,10.3,14.0,12.2,0.64,1.0,1.479,2.251,3.818,4.2,5.667,5.6,0.36,1.0,2.02,0.39,0.611,5.933,3.4,0.64,10.46,6.0,0.0,20.0,Probable,22.61,0,48
PF,KJ Martin (37839125),Kj Martin,37839125,PF/F/UTIL,4600,DET@UTA 03/03/2025 09:00PM ET,UTA,14.28,DET,UTA,DET,KJ Martin,22024.0,1630231.0,1610612762.0,UTA,Utah Jazz,22400872.0,2025-03-02,UTA vs. NOP,L,26.0,2.0,4.0,0.5,1.0,2.0,0.5,0.0,0.0,0.0,1.0,1.0,2.0,1.0,1.0,0.0,3.0,3.0,5.0,-9.0,8.9,1.0,2025-03-02,KJ Martin,8.9,-9.0,UTA vs. NOP,L,Utah Jazz,1.247,0.9,1.0,1.667,1.6,0.038,1.0,0.286,0.0,2.0,7.169,14.763,15.76,19.233,19.6,1.0,0.38,0.8,0.6,0.1,122.0,0.0,1.0,0.0,0.0,1.0,1.0,0.0,5.0,5.28,0.21,21.0,25.1,27.333,27.8,1.0,1.083,12.173,-0.567,-2.8,-4.0,-5.4,0.0,-0.346,0.0,4.771,6.933,6.9,10.667,10.4,0.192,1.0,0.413,2.098,3.067,3.8,3.667,4.0,0.077,1.0,0.488,-0.188,0.388,2.233,2.7,0.192,10.833,6.0,0.0,14.0,,10.85,0,48
PG,Vit Krejci (37839099),Vit Krejci,37839099,PG/G/UTIL,4600,ATL@MEM 03/03/2025 08:00PM ET,ATL,17.06,ATL,MEM,MEM,Vit Krejci,22024.0,1630249.0,1610612737.0,ATL,Atlanta Hawks,22400756.0,2025-02-10,ATL @ ORL,W,18.0,3.0,5.0,0.6,1.0,3.0,0.333,1.0,1.0,1.0,0.0,1.0,1.0,4.0,1.0,0.0,0.0,2.0,8.0,-7.0,18.2,1.0,2025-02-10,Vít Krejčí,18.2,-7.0,ATL @ ORL,W,Atlanta Hawks,2.627,2.692,3.3,4.667,3.6,0.222,1.0,1.379,0.0,2.0,14.201,16.921,22.97,28.6,24.52,1.0,2.64,0.7,0.6,0.5,107.0,0.0,0.0,0.0,0.0,0.0,0.0,0.0,0.0,7.894,0.293,20.744,26.9,27.0,25.6,1.0,0.75,10.025,-2.077,-5.5,3.0,0.6,1.0,-0.389,3.0,5.034,6.872,9.7,10.333,9.8,0.444,1.0,0.714,3.213,2.744,4.1,6.333,5.6,0.056,1.0,0.256,0.038,0.391,0.1,1.3,0.444,7.5,4.0,1.0,0.0,Injured,0.0,0,48
PG/SG,Davion Mitchell (37839095),Davion Mitchell,37839095,PG/SG/G/UTIL,4600,WAS@MIA 03/03/2025 07:30PM ET,MIA,17.92,WAS,MIA,WAS,Davion Mitchell,22024.0,1630558.0,1610612748.0,MIA,Miami Heat,22400869.0,2025-03-02,MIA vs. NYK,L,37.0,5.0,9.0,0.556,1.0,4.0,0.25,0.0,2.0,0.0,0.0,4.0,4.0,5.0,2.0,0.0,3.0,3.0,11.0,4.0,26.3,1.0,2025-03-02,Davion Mitchell,26.3,4.0,MIA vs. NYK,L,Miami Heat,2.003,4.547,4.3,6.333,5.2,0.135,1.0,1.552,0.0,2.0,6.564,17.379,21.63,29.3,24.48,1.0,1.08,0.9,0.7,0.7,122.0,0.0,1.0,0.0,0.0,1.0,1.0,1.0,3.0,7.212,0.228,25.981,31.7,37.0,33.8,1.0,1.257,6.54,-0.981,2.1,7.0,3.6,1.0,0.108,3.0,5.322,6.981,10.1,13.667,10.4,0.297,1.0,0.884,1.524,1.943,1.9,2.333,2.4,0.108,1.0,1.059,0.189,0.369,5.3,2.1,0.297,13.962,4.0,0.0,34.0,,22.95,0,48
SF/PF,Moses Moody (37839108),Moses Moody,37839108,SF/PF/F/UTIL,4500,GSW@CHA 03/03/2025 07:00PM ET,GSW,16.56,GSW,CHA,CHA,Moses Moody,22024.0,1630541.0,1610612744.0,GSW,Golden State Warriors,22400864.0,2025-03-01,GSW @ PHI,L,38.0,3.0,8.0,0.375,2.0,4.0,0.5,2.0,3.0,0.667,0.0,2.0,2.0,0.0,1.0,1.0,0.0,1.0,10.0,-10.0,18.4,1.0,2025-03-01,Moses Moody,18.4,-10.0,GSW @ PHI,L,Golden State Warriors,1.229,1.115,1.2,0.333,1.2,0.0,1.0,0.0,0.0,2.0,8.31,16.219,22.18,15.767,21.2,1.0,-2.46,1.0,0.7,0.4,121.0,0.0,0.0,0.0,0.0,1.0,1.0,1.0,12.0,5.164,0.178,20.327,29.0,28.667,28.4,1.0,1.749,10.675,1.5,7.2,2.667,8.0,1.0,-0.263,8.0,4.575,9.615,12.4,11.0,13.8,0.263,1.0,0.924,2.025,2.25,2.9,1.333,2.0,0.053,0.0,0.449,0.181,0.409,0.333,0.6,0.263,15.9,4.0,0.0,26.0,,22.09,0,48
PG/SG,Luke Kennard (37839117),Luke Kennard,37839117,PG/SG/G/UTIL,4500,ATL@MEM 03/03/2025 08:00PM ET,MEM,19.96,ATL,MEM,ATL,Luke Kennard,22024.0,1628379.0,1610612763.0,MEM,Memphis Grizzlies,22400863.0,2025-03-01,MEM vs. SAS,L,24.0,6.0,9.0,0.667,0.0,1.0,0.0,2.0,3.0,0.667,2.0,4.0,6.0,5.0,2.0,0.0,2.0,0.0,14.0,-5.0,32.7,1.0,2025-03-01,Luke Kennard,32.7,-5.0,MEM vs. SAS,L,Memphis Grizzlies,1.287,3.383,3.1,4.333,3.8,0.208,1.0,1.774,0.0,1.0,7.925,19.049,16.69,19.967,20.62,1.0,3.96,0.6,0.2,0.1,121.0,1.0,1.0,0.0,0.0,1.0,0.0,0.0,2.0,4.748,0.217,22.128,21.9,22.333,23.0,1.0,1.1,10.354,3.83,-1.1,-3.667,-1.4,0.0,-0.208,1.0,5.68,9.362,7.6,8.667,10.0,0.583,1.0,1.203,1.767,2.851,2.7,2.333,2.6,0.25,0.0,1.61,-0.171,0.383,0.433,1.1,0.583,10.0,5.0,0.0,19.0,,17.37,0,48
SF/PF,Zaccharie Risacher (37839121),Zaccharie Risacher,37839121,SF/PF/F/UTIL,4500,ATL@MEM 03/03/2025 08:00PM ET,ATL,20.5,ATL,MEM,MEM,Zaccharie Risacher,22024.0,1642258.0,1610612737.0,ATL,Atlanta Hawks,22400851.0,2025-02-28,ATL vs. OKC,L,32.0,4.0,10.0,0.4,2.0,6.0,0.333,2.0,4.0,0.5,1.0,8.0,9.0,2.0,0.0,0.0,7.0,4.0,12.0,-11.0,18.8,1.0,2025-02-28,Zaccharie Risacher,18.8,-11.0,ATL vs. OKC,L,Atlanta Hawks,1.35,1.302,1.6,2.0,2.0,0.062,1.0,0.815,0.0,2.0,10.893,20.228,20.74,14.0,23.32,1.0,-1.22,0.8,0.5,0.2,120.0,0.0,1.0,0.0,0.0,1.0,1.0,1.0,6.0,4.6,0.181,24.132,25.4,28.0,27.8,1.0,1.467,8.867,-2.057,-0.8,-10.0,-2.6,0.0,-0.344,1.0,5.174,11.396,11.9,8.333,11.0,0.375,0.0,1.109,3.676,3.642,4.2,5.0,6.6,0.281,1.0,2.152,-0.358,0.292,2.6,2.4,0.375,13.333,6.0,0.0,26.0,,25.04,0,48
SG/SF,Duncan Robinson (37839112),Duncan Robinson,37839112,SG/SF/F/G/UTIL,4500,WAS@MIA 03/03/2025 07:30PM ET,MIA,19.83,WAS,MIA,WAS,Duncan Robinson,22024.0,1629130.0,1610612748.0,MIA,Miami Heat,22400869.0,2025-03-02,MIA vs. NYK,L,32.0,4.0,10.0,0.4,2.0,6.0,0.333,0.0,0.0,0.0,0.0,3.0,3.0,5.0,0.0,0.0,1.0,1.0,10.0,-2.0,20.1,1.0,2025-03-02,Duncan Robinson,20.1,-2.0,MIA vs. NYK,L,Miami Heat,2.331,2.696,2.9,5.333,3.6,0.156,1.0,1.552,0.0,2.0,10.942,18.491,16.71,29.0,20.48,1.0,-0.1,0.8,0.4,0.2,122.0,0.0,1.0,0.0,0.0,1.0,1.0,1.0,3.0,5.109,0.204,24.393,25.1,31.333,27.2,1.0,1.087,11.445,1.304,1.1,8.333,4.8,1.0,-0.062,0.0,7.714,10.875,9.8,18.0,12.0,0.312,1.0,0.804,1.636,2.411,2.3,3.333,3.4,0.094,1.0,0.794,0.252,0.576,6.233,2.1,0.312,12.075,6.0,0.0,28.0,,21.86,0,48
PG,Scotty Pippen Jr. (37839128),Scotty Pippen,37839128,PG/G/UTIL,4400,ATL@MEM 03/03/2025 08:00PM ET,MEM,22.14,ATL,MEM,ATL,Scotty Pippen Jr.,22024.0,1630590.0,1610612763.0,MEM,Memphis Grizzlies,22400863.0,2025-03-01,MEM vs. SAS,L,28.0,5.0,12.0,0.417,1.0,6.0,0.167,1.0,1.0,1.0,1.0,3.0,4.0,7.0,1.0,0.0,2.0,4.0,12.0,-6.0,28.3,1.0,2025-03-01,Scotty Pippen Jr.,28.3,-6.0,MEM vs. SAS,L,Memphis Grizzlies,2.486,4.237,2.2,2.333,2.2,0.25,0.0,2.484,0.0,1.0,8.329,21.932,14.16,12.033,11.54,0.0,2.74,0.2,0.1,0.0,121.0,1.0,1.0,0.0,0.0,1.0,1.0,0.0,1.0,7.749,0.57,20.068,13.6,15.0,12.8,0.0,1.283,7.005,0.593,0.8,-3.667,-2.2,0.0,-0.214,1.0,4.442,8.983,6.2,5.0,3.8,0.429,0.0,1.031,1.567,3.22,2.3,2.667,2.2,0.143,0.0,1.073,-0.171,0.343,1.4,0.8,0.429,11.667,7.0,0.0,0.0,,0.0,0,48
SF/PF,Jaime Jaquez Jr. (37839131),Jaime Jaquez,37839131,SF/PF/F/UTIL,4400,WAS@MIA 03/03/2025 07:30PM ET,MIA,20.76,WAS,MIA,WAS,Jaime Jaquez Jr.,22024.0,1631170.0,1610612748.0,MIA,Miami Heat,22400854.0,2025-02-28,MIA vs. IND,W,14.0,4.0,4.0,1.0,1.0,1.0,1.0,2.0,2.0,1.0,2.0,2.0,4.0,1.0,1.0,0.0,2.0,0.0,11.0,-1.0,18.3,1.0,2025-02-28,Jaime Jaquez Jr.,18.3,-1.0,MIA vs. IND,W,Miami Heat,1.491,2.592,2.0,0.667,1.6,0.071,0.0,0.294,0.0,2.0,8.4,20.622,15.3,8.8,12.04,0.0,-0.58,0.4,0.1,0.0,120.0,0.0,1.0,0.0,0.0,0.0,0.0,0.0,0.0,7.243,0.434,22.306,16.7,9.667,14.2,0.0,0.583,3.542,-3.143,-2.9,-1.333,-2.8,1.0,-0.071,1.0,4.541,8.98,6.8,5.0,5.2,0.786,0.0,0.88,1.764,4.592,4.0,2.333,3.2,0.286,0.0,1.026,-0.185,0.44,7.033,2.5,0.786,5.833,8.0,1.0,9.0,Questionable,8.56,0,48
SF/PF,Corey Kispert (37839140),Corey Kispert,37839140,SF/PF/F/UTIL,4400,WAS@MIA 03/03/2025 07:30PM ET,WAS,20.01,WAS,MIA,MIA,Corey Kispert,22024.0,1630557.0,1610612764.0,WAS,Washington Wizards,22400860.0,2025-03-01,WAS @ CHA,W,25.0,5.0,8.0,0.625,3.0,6.0,0.5,0.0,0.0,0.0,0.0,5.0,5.0,4.0,0.0,1.0,3.0,0.0,13.0,17.0,25.0,1.0,2025-03-01,Corey Kispert,25.0,17.0,WAS @ CHA,W,Washington Wizards,1.663,1.685,2.1,2.667,2.2,0.16,1.0,1.212,0.0,3.0,6.945,18.969,19.91,21.067,18.46,0.0,0.04,1.0,0.6,0.1,121.0,0.0,0.0,0.0,0.0,1.0,0.0,0.0,0.0,3.843,0.143,26.648,26.9,24.333,25.0,0.0,1.037,9.944,-4.556,-1.0,0.667,-3.6,1.0,0.68,2.0,5.165,11.815,13.7,12.333,12.4,0.52,1.0,1.15,1.767,3.037,3.3,3.667,2.8,0.2,0.0,1.042,0.02,0.49,2.567,1.9,0.52,10.373,7.0,1.0,25.0,,21.58,0,48
SG/SF,Alex Caruso (37839135),Alex Caruso,37839135,SG/SF/F/G/UTIL,4400,HOU@OKC 03/03/2025 08:00PM ET,OKC,18.15,HOU,OKC,HOU,Alex Caruso,22024.0,1627936.0,1610612760.0,OKC,Oklahoma City Thunder,22400871.0,2025-03-02,OKC @ SAS,W,20.0,4.0,7.0,0.571,1.0,4.0,0.25,1.0,1.0,1.0,1.0,0.0,1.0,2.0,1.0,1.0,1.0,0.0,10.0,1.0,19.2,1.0,2025-03-02,Alex Caruso,19.2,1.0,OKC @ SAS,W,Oklahoma City Thunder,1.476,2.658,3.2,3.0,3.4,0.1,1.0,0.706,0.0,4.0,8.763,19.492,22.2,20.3,22.78,1.0,2.6,0.3,0.1,0.0,122.0,0.0,0.0,0.0,0.0,0.0,0.0,0.0,4.0,4.04,0.201,19.316,20.1,21.333,21.2,1.0,1.0,11.188,7.105,9.5,5.667,9.2,1.0,0.05,1.0,3.978,6.237,8.4,6.667,7.8,0.5,1.0,0.822,2.108,2.789,3.0,2.333,3.4,0.05,1.0,0.267,0.314,0.319,1.233,1.1,0.5,8.333,5.0,1.0,19.0,,16.98,0,48
SG/SF,Johnny Juzang (37839159),Johnny Juzang,37839159,SG/SF/F/G/UTIL,4300,DET@UTA 03/03/2025 09:00PM ET,UTA,13.79,DET,UTA,DET,Johnny Juzang,22024.0,1630548.0,1610612762.0,UTA,Utah Jazz,22400872.0,2025-03-02,UTA vs. NOP,L,18.0,3.0,9.0,0.333,1.0,7.0,0.143,1.0,1.0,1.0,0.0,2.0,2.0,1.0,0.0,0.0,1.0,2.0,8.0,-3.0,10.9,1.0,2025-03-02,Johnny Juzang,10.9,-3.0,UTA vs. NOP,L,Utah Jazz,0.675,0.93,0.7,0.667,0.6,0.056,0.0,0.286,0.0,2.0,8.901,13.195,14.03,12.6,11.98,0.0,-0.84,0.2,0.0,0.0,122.0,0.0,1.0,0.0,0.0,0.0,0.0,0.0,2.0,3.596,0.207,17.558,17.4,18.333,17.8,1.0,0.75,10.246,-3.767,-5.1,0.667,-1.0,1.0,-0.167,1.0,5.087,7.395,8.1,6.333,6.0,0.444,0.0,0.661,1.955,2.605,2.4,3.0,2.4,0.111,0.0,0.488,-0.011,0.367,0.933,0.4,0.444,7.5,7.0,0.0,12.0,,8.75,0,48
PF,Caleb Martin (37839144),Caleb Martin,37839144,PF/F/UTIL,4300,SAC@DAL 03/03/2025 08:30PM ET,DAL,21.26,SAC,DAL,SAC,Caleb Martin,22024.0,1628997.0,1610612755.0,PHI,Philadelphia 76ers,22400527.0,2025-01-10,PHI vs. NOP,L,36.0,2.0,8.0,0.25,1.0,3.0,0.333,0.0,0.0,0.0,1.0,2.0,3.0,4.0,1.0,1.0,0.0,2.0,5.0,-1.0,20.6,1.0,2025-01-10,Caleb Martin,20.6,-1.0,PHI vs. NOP,L,Philadelphia 76ers,1.287,2.226,2.1,3.0,2.8,0.111,1.0,1.739,0.0,2.0,7.818,21.506,24.87,26.167,23.96,1.0,-2.86,1.0,0.8,0.7,76.0,0.0,1.0,0.0,0.0,1.0,1.0,1.0,3.0,6.183,0.186,30.419,33.3,36.0,31.0,1.0,1.5,14.285,-3.935,1.5,1.0,0.4,1.0,-0.028,0.0,6.297,9.065,9.9,7.0,8.0,0.139,0.0,0.435,2.378,4.387,4.1,5.0,3.8,0.083,0.0,0.714,0.031,0.195,2.7,2.3,0.139,15.0,5.0,0.0,0.0,Injured,0.0,0,48
PG/SG,Keon Ellis (37839164),Keon Ellis,37839164,PG/SG/G/UTIL,4300,SAC@DAL 03/03/2025 08:30PM ET,SAC,18.07,SAC,DAL,DAL,Keon Ellis,22024.0,1631165.0,1610612758.0,SAC,Sacramento Kings,22400862.0,2025-03-01,SAC @ HOU,W,27.0,4.0,5.0,0.8,1.0,2.0,0.5,3.0,3.0,1.0,1.0,4.0,5.0,0.0,5.0,1.0,1.0,4.0,12.0,-2.0,35.0,1.0,2025-03-01,Keon Ellis,35.0,-2.0,SAC @ HOU,W,Sacramento Kings,0.994,1.228,1.1,0.667,0.8,0.0,0.0,0.0,0.0,3.0,11.485,18.877,22.19,23.4,19.24,1.0,-1.5,0.9,0.6,0.3,121.0,0.0,0.0,0.0,0.0,1.0,1.0,0.0,2.0,6.967,0.269,22.474,25.9,23.0,23.2,1.0,1.13,14.22,1.439,-1.0,10.333,0.4,0.0,-0.074,2.0,6.721,8.14,10.5,9.667,7.6,0.444,0.0,1.062,1.874,2.544,3.2,2.0,2.2,0.185,0.0,1.087,0.605,0.481,2.9,2.7,0.444,11.297,7.0,1.0,29.0,,21.9,0,48
SF/PF,Georges Niang (37839151),Georges Niang,37839151,SF/PF/F/UTIL,4300,ATL@MEM 03/03/2025 08:00PM ET,ATL,18.0,ATL,MEM,MEM,Georges Niang,22024.0,1627777.0,1610612737.0,ATL,Atlanta Hawks,22400851.0,2025-02-28,ATL vs. OKC,L,28.0,4.0,12.0,0.333,3.0,9.0,0.333,3.0,4.0,0.75,0.0,4.0,4.0,2.0,0.0,0.0,0.0,1.0,14.0,-5.0,21.8,1.0,2025-02-28,Georges Niang,21.8,-5.0,ATL vs. OKC,L,Atlanta Hawks,0.966,1.39,1.6,1.667,1.6,0.071,1.0,0.815,0.0,2.0,11.276,16.922,22.4,19.033,22.76,1.0,-3.5,1.0,0.5,0.2,120.0,0.0,1.0,0.0,0.0,1.0,1.0,0.0,11.0,4.472,0.166,21.576,27.0,25.333,27.6,1.0,1.283,12.22,3.203,-2.0,-8.667,-8.6,0.0,-0.179,1.0,7.012,9.441,12.5,10.667,13.4,0.5,1.0,1.294,1.179,3.847,4.5,4.333,4.8,0.143,1.0,0.957,-0.351,0.417,1.667,0.6,0.5,11.667,4.0,0.0,0.0,Out,0.0,0,48
PG/SG,Terry Rozier (37839155),Terry Rozier,37839155,PG/SG/G/UTIL,4300,WAS@MIA 03/03/2025 07:30PM ET,MIA,22.58,WAS,MIA,WAS,Terry Rozier,22024.0,1626179.0,1610612748.0,MIA,Miami Heat,22400869.0,2025-03-02,MIA vs. NYK,L,16.0,2.0,6.0,0.333,0.0,2.0,0.0,1.0,2.0,0.5,0.0,1.0,1.0,3.0,1.0,0.0,0.0,0.0,5.0,-8.0,13.7,1.0,2025-03-02,Terry Rozier,13.7,-8.0,MIA vs. NYK,L,Miami Heat,1.337,2.784,2.3,2.0,1.6,0.188,0.0,0.931,0.0,2.0,11.145,21.824,19.67,9.267,11.36,0.0,-3.62,0.6,0.5,0.3,122.0,0.0,1.0,0.0,0.0,0.0,0.0,0.0,0.0,9.012,0.39,27.275,23.1,12.333,15.6,0.0,0.543,8.306,-2.569,-7.9,-5.333,-8.2,0.0,-0.5,0.0,8.089,11.706,11.1,3.667,5.0,0.312,0.0,0.402,1.912,3.922,3.1,1.333,1.8,0.062,0.0,0.265,-0.43,0.292,10.767,7.5,0.312,6.038,5.0,0.0,0.0,,0.0,0,48
SF,Saddiq Bey (37839168),Saddiq Bey,37839168,SF/F/UTIL,4300,WAS@MIA 03/03/2025 07:30PM ET,WAS,0.0,WAS,MIA,MIA,Saddiq Bey,0.0,0.0,0.0,,,0.0,,,,0.0,0.0,0.0,0.0,0.0,0.0,0.0,0.0,0.0,0.0,0.0,0.0,0.0,0.0,0.0,0.0,0.0,0.0,0.0,0.0,0.0,0.0,,,0.0,0.0,,,,0.0,0.0,0.0,0.0,0.0,0.0,0.0,0.0,0.0,0.0,0.0,0.0,0.0,0.0,0.0,0.0,0.0,0.0,0.0,0.0,0.0,0.0,0.0,0.0,0.0,0.0,0.0,0.0,0.0,0.0,0.0,0.0,0.0,0.0,0.0,0.0,0.0,0.0,0.0,0.0,0.0,0.0,0.0,0.0,0.0,0.0,0.0,0.0,0.0,0.0,0.0,0.0,0.0,0.0,0.0,0.0,0.0,0.0,0.0,0.0,0.0,0.0,0.0,0.0,0.0,0.0,0.0,0.0,0.0,0.0,Out for season,0.0,0,48
PG/SG,Cason Wallace (37839147),Cason Wallace,37839147,PG/SG/G/UTIL,4300,HOU@OKC 03/03/2025 08:00PM ET,OKC,20.22,HOU,OKC,HOU,Cason Wallace,22024.0,1641717.0,1610612760.0,OKC,Oklahoma City Thunder,22400871.0,2025-03-02,OKC @ SAS,W,35.0,7.0,14.0,0.5,4.0,8.0,0.5,1.0,1.0,1.0,0.0,3.0,3.0,4.0,1.0,0.0,1.0,2.0,19.0,21.0,30.6,1.0,2025-03-02,Cason Wallace,30.6,21.0,OKC @ SAS,W,Oklahoma City Thunder,1.578,2.462,2.4,3.333,2.6,0.114,1.0,1.412,1.0,2.0,7.483,21.496,20.04,26.267,22.58,1.0,0.7,0.9,0.7,0.2,122.0,0.0,0.0,0.0,0.0,1.0,1.0,1.0,4.0,7.465,0.285,27.538,26.2,31.0,29.8,1.0,1.75,13.476,6.173,2.5,15.0,9.2,1.0,0.6,4.0,5.275,7.75,8.4,13.333,11.6,0.543,1.0,1.562,1.989,3.442,3.2,3.0,3.4,0.086,0.0,0.8,0.472,0.421,4.8,3.6,0.543,14.583,6.0,1.0,22.0,,15.31,0,48
PG/SG,Damion Baugh (37839171),Damion Baugh,37839171,PG/SG/G/UTIL,4200,GSW@CHA 03/03/2025 07:00PM ET,CHA,21.62,GSW,CHA,GSW,Damion Baugh,22024.0,1641878.0,1610612766.0,CHA,Charlotte Hornets,22400860.0,2025-03-01,CHA vs. WAS,L,20.0,2.0,6.0,0.333,1.0,4.0,0.25,0.0,0.0,0.0,2.0,3.0,5.0,2.0,3.0,1.0,0.0,0.0,5.0,-7.0,26.0,1.0,2025-03-01,Damion Baugh,26.0,-7.0,CHA vs. WAS,L,Charlotte Hornets,1.633,3.667,3.667,3.0,3.8,0.1,1.0,0.714,0.0,2.0,8.777,21.967,21.967,17.967,20.86,0.0,-0.3,0.833,0.667,0.167,121.0,0.0,1.0,0.0,0.0,0.0,0.0,0.0,0.0,4.427,0.17,26.0,26.0,23.667,25.8,0.0,0.837,12.34,-18.667,-18.667,-11.333,-19.0,0.0,-0.35,0.0,5.68,8.333,8.333,5.333,6.8,0.25,0.0,0.5,2.137,3.167,3.167,4.0,2.8,0.25,0.0,1.136,-0.445,0.217,2.333,0.2,0.25,8.368,5.0,0.0,20.0,,13.6,0,48
PG/SG,Dennis Schroder (37839180),Dennis Schroder,37839180,PG/SG/G/UTIL,4200,DET@UTA 03/03/2025 09:00PM ET,DET,27.01,DET,UTA,UTA,Dennis Schroder,22024.0,203471.0,1610612765.0,DET,Detroit Pistons,22400861.0,2025-03-01,DET vs. BKN,W,18.0,3.0,5.0,0.6,1.0,3.0,0.333,0.0,0.0,0.0,0.0,2.0,2.0,5.0,0.0,1.0,2.0,2.0,7.0,0.0,17.9,1.0,2025-03-01,Dennis Schröder,17.9,0.0,DET vs. BKN,W,Detroit Pistons,1.829,5.345,4.3,5.333,5.2,0.278,0.0,2.258,0.0,1.0,8.652,25.902,19.69,20.333,21.4,0.0,-0.1,0.3,0.0,0.0,121.0,1.0,1.0,0.0,0.0,0.0,0.0,0.0,0.0,2.828,0.149,28.218,19.0,20.333,20.2,0.0,1.05,10.08,-1.927,0.4,3.0,1.8,1.0,0.0,0.0,3.36,13.491,7.8,7.333,9.4,0.389,0.0,0.852,2.003,2.6,2.7,3.333,3.0,0.111,1.0,0.596,0.176,0.364,1.333,1.2,0.389,7.5,6.0,1.0,22.0,,20.72,0,48
SG/SF,Dante Exum (37839175),Dante Exum,37839175,SG/SF/F/G/UTIL,4200,SAC@DAL 03/03/2025 08:30PM ET,DAL,18.85,SAC,DAL,SAC,Dante Exum,22024.0,203957.0,1610612742.0,DAL,Dallas Mavericks,22400865.0,2025-03-01,DAL vs. MIL,L,11.0,1.0,3.0,0.333,0.0,0.0,0.0,2.0,2.0,1.0,0.0,1.0,1.0,0.0,0.0,0.0,1.0,4.0,4.0,-2.0,4.2,1.0,2025-03-01,Danté Exum,4.2,-2.0,DAL vs. MIL,L,Dallas Mavericks,1.841,3.25,3.5,1.333,2.6,0.0,0.0,0.0,0.0,2.0,12.02,18.808,19.49,17.133,15.86,0.0,-8.08,0.4,0.0,0.0,121.0,0.0,1.0,0.0,0.0,0.0,0.0,0.0,0.0,4.709,0.245,18.917,19.2,15.667,17.6,0.0,0.504,11.404,-1.083,2.6,0.0,-3.4,0.0,-0.182,0.0,7.421,9.583,9.8,8.0,6.6,0.364,0.0,0.376,1.16,1.75,1.7,2.333,1.8,0.091,1.0,0.333,0.017,0.524,3.533,1.6,0.364,4.583,6.0,0.0,12.0,,11.1,0,48
C,Clint Capela (37839194),Clint Capela,37839194,C/UTIL,4200,ATL@MEM 03/03/2025 08:00PM ET,ATL,24.56,ATL,MEM,MEM,Clint Capela,22024.0,203991.0,1610612737.0,ATL,Atlanta Hawks,22400851.0,2025-02-28,ATL vs. OKC,L,11.0,0.0,2.0,0.0,0.0,0.0,0.0,0.0,0.0,0.0,2.0,2.0,4.0,0.0,0.0,0.0,1.0,0.0,0.0,-13.0,3.8,1.0,2025-02-28,Clint Capela,3.8,-13.0,ATL vs. OKC,L,Atlanta Hawks,1.033,1.16,0.8,1.0,0.8,0.0,0.0,0.0,0.0,2.0,11.291,24.876,20.32,15.367,16.16,0.0,-6.54,0.3,0.0,0.0,120.0,0.0,1.0,0.0,0.0,0.0,0.0,0.0,0.0,3.348,0.187,21.94,17.9,15.333,16.4,0.0,0.504,8.062,-1.5,-7.1,-10.0,-7.4,0.0,-1.182,0.0,4.739,9.02,7.3,5.333,5.4,0.0,0.0,0.0,3.893,8.68,7.6,6.0,5.8,0.364,0.0,0.957,-0.755,0.307,2.567,1.5,0.0,4.583,7.0,0.0,16.0,,18.85,0,48
SG/SF,Marcus Smart (37839189),Marcus Smart,37839189,SG/SF/F/G/UTIL,4200,WAS@MIA 03/03/2025 07:30PM ET,WAS,19.38,WAS,MIA,MIA,Marcus Smart,22024.0,203935.0,1610612764.0,WAS,Washington Wizards,22400860.0,2025-03-01,WAS @ CHA,W,20.0,5.0,9.0,0.556,2.0,5.0,0.4,0.0,0.0,0.0,1.0,1.0,2.0,1.0,2.0,0.0,2.0,2.0,12.0,2.0,19.9,1.0,2025-03-01,Marcus Smart,19.9,2.0,WAS @ CHA,W,Washington Wizards,0.816,3.391,2.0,2.0,1.8,0.05,0.0,0.303,0.0,3.0,5.0,19.165,13.52,17.667,13.78,0.0,0.98,0.4,0.1,0.0,121.0,0.0,0.0,0.0,0.0,0.0,0.0,0.0,0.0,5.051,0.255,20.783,19.8,20.667,19.4,0.0,0.83,11.353,3.609,3.0,-1.333,0.2,0.0,0.1,3.0,4.142,8.783,7.4,10.667,7.4,0.6,0.0,1.062,0.966,2.13,1.6,1.667,1.4,0.1,0.0,0.417,-0.07,0.518,0.867,0.4,0.6,8.299,9.0,1.0,20.0,,19.22,0,48
C,Jabari Walker (37839187),Jabari Walker,37839187,C/UTIL,4200,POR@PHI 03/03/2025 07:00PM ET,POR,10.58,POR,PHI,PHI,Jabari Walker,22024.0,1631133.0,1610612757.0,POR,Portland Trail Blazers,22400867.0,2025-03-02,POR @ CLE,L,8.0,1.0,2.0,0.5,0.0,1.0,0.0,0.0,0.0,0.0,1.0,1.0,2.0,0.0,0.0,0.0,1.0,1.0,2.0,1.0,3.4,1.0,2025-03-02,Jabari Walker,3.4,1.0,POR @ CLE,L,Portland Trail Blazers,1.337,0.659,1.3,2.333,2.0,0.0,1.0,0.0,0.0,2.0,14.087,10.689,16.69,15.967,20.92,1.0,-5.7,0.1,0.1,0.0,122.0,0.0,0.0,0.0,0.0,0.0,0.0,0.0,0.0,7.671,0.54,11.227,14.2,14.667,16.8,1.0,0.302,12.674,0.159,4.2,7.0,6.2,1.0,0.125,0.0,6.996,4.182,7.5,6.333,8.6,0.25,1.0,0.155,3.86,3.273,4.7,4.0,5.6,0.25,1.0,0.435,0.399,0.392,0.467,2.6,0.25,3.019,7.0,0.0,12.0,,11.38,0,48
SG,Isaiah Joe (37839184),Isaiah Joe,37839184,SG/G/UTIL,4200,HOU@OKC 03/03/2025 08:00PM ET,OKC,17.18,HOU,OKC,HOU,Isaiah Joe,22024.0,1630198.0,1610612760.0,OKC,Oklahoma City Thunder,22400851.0,2025-02-28,OKC @ ATL,W,11.0,4.0,8.0,0.5,4.0,8.0,0.5,0.0,0.0,0.0,0.0,0.0,0.0,0.0,0.0,0.0,0.0,3.0,12.0,-6.0,12.0,1.0,2025-02-28,Isaiah Joe,12.0,-6.0,OKC @ ATL,W,Oklahoma City Thunder,1.033,1.37,1.2,0.667,1.2,0.0,0.0,0.0,0.0,2.0,9.245,16.556,14.88,14.0,16.44,0.0,1.06,0.5,0.1,0.0,120.0,0.0,0.0,0.0,0.0,0.0,0.0,0.0,0.0,5.99,0.317,20.648,18.9,13.667,14.0,0.0,0.506,12.587,7.204,4.0,0.667,2.4,0.0,-0.545,1.0,5.68,9.426,8.4,7.0,8.4,1.091,0.0,0.978,1.506,2.5,2.4,1.667,2.2,0.0,0.0,0.0,-0.061,0.53,5.233,4.9,1.091,4.603,9.0,1.0,14.0,Questionable,11.28,0,48
C,Jusuf Nurkic (37839196),Jusuf Nurkic,37839196,C/UTIL,4100,GSW@CHA 03/03/2025 07:00PM ET,CHA,26.47,GSW,CHA,GSW,Jusuf Nurkic,22024.0,203994.0,1610612766.0,CHA,Charlotte Hornets,22400828.0,2025-02-24,CHA @ SAC,L,27.0,4.0,6.0,0.667,1.0,3.0,0.333,3.0,4.0,0.75,1.0,8.0,9.0,3.0,3.0,1.0,4.0,1.0,12.0,-19.0,35.3,1.0,2025-02-24,Jusuf Nurkić,35.3,-19.0,CHA @ SAC,L,Charlotte Hornets,2.283,2.333,3.9,5.0,4.6,0.111,1.0,1.25,0.0,2.0,8.794,25.88,25.05,34.3,31.22,1.0,3.04,0.2,0.2,0.0,116.0,0.0,0.0,0.0,0.0,1.0,1.0,0.0,1.0,5.473,0.291,22.867,18.8,20.667,19.2,0.0,1.125,12.102,-3.2,-5.3,-12.333,-5.4,0.0,-0.704,3.0,3.784,8.533,6.9,10.667,8.2,0.444,0.0,1.364,2.953,9.067,7.5,9.0,8.6,0.333,0.0,2.432,-0.623,0.535,1.867,0.4,0.444,11.25,5.0,0.0,15.0,Off Injury Report,19.03,0,48
SG/SF,Svi Mykhailiuk (37839203),Svi Mykhailiuk,37839203,SG/SF/F/G/UTIL,4100,DET@UTA 03/03/2025 09:00PM ET,UTA,17.53,DET,UTA,DET,Svi Mykhailiuk,22024.0,1629004.0,1610612762.0,UTA,Utah Jazz,22400827.0,2025-02-24,UTA vs. POR,L,22.0,4.0,14.0,0.286,2.0,7.0,0.286,0.0,0.0,0.0,1.0,1.0,2.0,1.0,0.0,0.0,2.0,0.0,10.0,17.0,11.9,1.0,2025-02-24,Svi Mykhailiuk,11.9,17.0,UTA vs. POR,L,Utah Jazz,1.337,1.696,1.3,0.667,1.8,0.045,1.0,0.375,0.0,11.0,7.189,16.474,17.01,13.2,16.34,0.0,0.52,0.9,0.4,0.0,116.0,0.0,1.0,0.0,0.0,1.0,0.0,0.0,7.0,3.725,0.156,20.043,23.9,25.667,24.6,1.0,0.825,12.017,0.478,-1.8,3.667,4.0,1.0,0.773,1.0,4.686,9.826,10.8,9.0,9.2,0.455,0.0,0.804,1.252,2.478,3.3,2.667,3.2,0.091,1.0,0.4,0.187,0.358,1.767,0.7,0.455,9.167,4.0,0.0,0.0,,0.0,0,48
PG/SG,Spencer Dinwiddie (37839208),Spencer Dinwiddie,37839208,PG/SG/G/UTIL,4100,SAC@DAL 03/03/2025 08:30PM ET,DAL,20.72,SAC,DAL,SAC,Spencer Dinwiddie,22024.0,203915.0,1610612742.0,DAL,Dallas Mavericks,22400865.0,2025-03-01,DAL vs. MIL,L,20.0,5.0,9.0,0.556,0.0,3.0,0.0,2.0,5.0,0.4,0.0,0.0,0.0,3.0,0.0,0.0,1.0,2.0,12.0,-14.0,15.5,1.0,2025-03-01,Spencer Dinwiddie,15.5,-14.0,DAL vs. MIL,L,Dallas Mavericks,2.098,3.678,3.2,2.667,3.4,0.15,0.0,1.32,0.0,2.0,8.799,20.354,17.96,16.2,14.06,0.0,-2.22,0.7,0.4,0.3,121.0,0.0,1.0,0.0,0.0,0.0,0.0,0.0,0.0,6.381,0.249,25.017,25.6,23.333,22.6,0.0,0.917,11.549,-0.712,-2.6,-6.0,-2.4,0.0,-0.7,1.0,7.546,10.136,10.5,9.667,6.4,0.6,0.0,1.128,1.229,2.322,1.8,1.0,1.8,0.0,0.0,0.0,-0.291,0.427,2.267,3.0,0.6,8.333,7.0,0.0,20.0,,16.96,0,48
SG/SF,Vince Williams Jr. (37839198),Vince Williams,37839198,SG/SF/F/G/UTIL,4100,ATL@MEM 03/03/2025 08:00PM ET,MEM,15.3,ATL,MEM,ATL,Vince Williams Jr.,22024.0,1631246.0,1610612763.0,MEM,Memphis Grizzlies,22400856.0,2025-02-28,MEM vs. NYK,L,20.0,3.0,6.0,0.5,1.0,2.0,0.5,0.0,0.0,0.0,0.0,7.0,7.0,4.0,0.0,0.0,2.0,0.0,7.0,-19.0,19.4,1.0,2025-02-28,Vince Williams Jr.,19.4,-19.0,MEM vs. NYK,L,Memphis Grizzlies,1.764,2.0,2.0,1.667,1.6,0.2,0.0,1.538,0.0,3.0,6.358,14.86,14.86,14.033,16.12,1.0,2.18,0.1,0.0,0.0,120.0,0.0,1.0,0.0,0.0,0.0,0.0,0.0,1.0,4.9,0.301,16.3,16.3,17.667,18.0,1.0,0.833,11.063,2.2,2.2,-5.0,-4.0,0.0,-0.95,1.0,2.263,6.3,6.3,7.333,7.2,0.35,1.0,0.619,3.155,3.8,3.8,2.667,4.6,0.35,1.0,1.207,-0.277,0.412,1.367,1.7,0.35,8.333,9.0,0.0,19.0,Off Injury Report,20.53,0,48
SG/SF,Buddy Hield (37839212),Buddy Hield,37839212,SG/SF/F/G/UTIL,4000,GSW@CHA 03/03/2025 07:00PM ET,GSW,20.91,GSW,CHA,CHA,Buddy Hield,22024.0,1627741.0,1610612744.0,GSW,Golden State Warriors,22400864.0,2025-03-01,GSW @ PHI,L,17.0,3.0,9.0,0.333,0.0,6.0,0.0,0.0,0.0,0.0,2.0,0.0,2.0,3.0,1.0,0.0,3.0,0.0,6.0,3.0,12.9,1.0,2025-03-01,Buddy Hield,12.9,3.0,GSW @ PHI,L,Golden State Warriors,1.524,1.667,1.9,2.0,2.0,0.176,1.0,1.0,0.0,2.0,9.617,20.093,19.37,16.667,18.6,0.0,0.74,0.5,0.5,0.1,121.0,0.0,0.0,0.0,0.0,0.0,0.0,0.0,0.0,6.964,0.296,23.25,23.5,18.333,19.8,0.0,0.782,11.118,0.783,6.5,11.0,12.0,1.0,0.176,0.0,7.264,11.367,9.9,8.333,10.0,0.353,0.0,0.555,1.969,3.217,3.1,1.667,2.0,0.118,0.0,0.449,0.583,0.44,5.167,3.7,0.353,7.113,5.0,0.0,17.0,,14.77,0,48
PG,KJ Simpson (37839217),Kj Simpson,37839217,PG/G/UTIL,4000,GSW@CHA 03/03/2025 07:00PM ET,CHA,16.28,GSW,CHA,GSW,KJ Simpson,22024.0,1642354.0,1610612766.0,CHA,Charlotte Hornets,22400847.0,2025-02-27,CHA @ DAL,L,31.0,5.0,10.0,0.5,1.0,3.0,0.333,0.0,0.0,0.0,1.0,3.0,4.0,5.0,2.0,0.0,2.0,0.0,11.0,-8.0,27.3,1.0,2025-02-27,KJ Simpson,27.3,-8.0,CHA @ DAL,L,Charlotte Hornets,2.132,2.609,3.9,3.667,4.0,0.161,1.0,2.0,0.0,2.0,4.597,16.096,22.35,27.433,25.04,1.0,1.36,0.9,0.7,0.3,119.0,0.0,0.0,0.0,0.0,1.0,1.0,1.0,11.0,4.725,0.169,20.478,27.9,32.333,29.6,1.0,1.286,13.671,-5.565,-5.7,-11.667,-8.2,0.0,-0.258,11.0,2.951,7.13,10.6,12.0,11.6,0.355,1.0,1.146,2.582,2.87,4.0,6.333,5.2,0.129,1.0,0.714,-0.33,0.366,4.433,1.7,0.355,12.863,4.0,0.0,0.0,G-League,0.0,0,48
C,Moussa Diabate (37839220),Moussa Diabate,37839220,C/UTIL,4000,GSW@CHA 03/03/2025 07:00PM ET,CHA,17.7,GSW,CHA,GSW,Moussa Diabate,22024.0,1631217.0,1610612766.0,CHA,Charlotte Hornets,22400860.0,2025-03-01,CHA vs. WAS,L,13.0,2.0,5.0,0.4,0.0,0.0,0.0,0.0,0.0,0.0,0.0,2.0,2.0,1.0,2.0,0.0,0.0,0.0,4.0,-9.0,13.9,1.0,2025-03-01,Moussa Diabaté,13.9,-9.0,CHA vs. WAS,L,Charlotte Hornets,1.955,0.86,1.4,1.333,1.2,0.077,1.0,0.357,0.0,2.0,9.572,18.142,22.64,17.2,20.28,1.0,-0.86,0.6,0.3,0.1,121.0,0.0,1.0,0.0,0.0,0.0,0.0,0.0,0.0,8.39,0.415,18.86,20.2,16.333,16.6,0.0,0.544,10.012,-0.88,-10.3,-11.0,-13.6,0.0,-0.692,0.0,5.077,5.36,9.0,5.667,6.8,0.308,1.0,0.4,4.417,6.86,7.2,4.333,5.4,0.154,0.0,0.455,-0.645,0.38,3.867,3.6,0.308,5.439,4.0,0.0,9.0,,8.71,0,48
SF,Cody Williams (37839229),Cody Williams,37839229,SF/F/UTIL,4000,DET@UTA 03/03/2025 09:00PM ET,UTA,10.47,DET,UTA,DET,Cody Williams,22024.0,1642262.0,1610612762.0,UTA,Utah Jazz,22400872.0,2025-03-02,UTA vs. NOP,L,17.0,2.0,4.0,0.5,1.0,1.0,1.0,0.0,0.0,0.0,0.0,0.0,0.0,1.0,0.0,0.0,0.0,0.0,5.0,9.0,6.5,1.0,2025-03-02,Cody Williams,6.5,9.0,UTA vs. NOP,L,Utah Jazz,1.476,1.286,1.2,0.667,1.6,0.059,1.0,0.286,0.0,2.0,8.853,10.431,10.58,6.8,13.84,1.0,0.18,0.2,0.1,0.0,122.0,0.0,1.0,0.0,0.0,0.0,0.0,0.0,0.0,3.853,0.205,20.314,18.8,17.667,20.8,1.0,0.708,12.455,-6.314,0.3,-7.333,0.6,1.0,0.529,2.0,2.981,4.257,5.0,5.667,6.8,0.294,1.0,0.413,2.757,2.229,2.4,0.667,3.2,0.0,1.0,0.0,-0.398,0.32,1.133,2.0,0.294,7.083,9.0,0.0,15.0,,7.57,0,48
PG/SF,Terance Mann (37839224),Terance Mann,37839224,PG/SF/F/G/UTIL,4000,ATL@MEM 03/03/2025 08:00PM ET,ATL,14.63,ATL,MEM,MEM,Terance Mann,22024.0,1629611.0,1610612737.0,ATL,Atlanta Hawks,22400851.0,2025-02-28,ATL vs. OKC,L,26.0,5.0,9.0,0.556,3.0,4.0,0.75,0.0,0.0,0.0,4.0,1.0,5.0,3.0,0.0,0.0,1.0,1.0,13.0,-17.0,22.5,1.0,2025-02-28,Terance Mann,22.5,-17.0,ATL vs. OKC,L,Atlanta Hawks,1.37,1.711,1.9,3.0,2.4,0.115,1.0,1.222,0.0,2.0,7.094,14.7,14.95,22.9,16.96,1.0,0.46,0.6,0.4,0.0,120.0,0.0,1.0,0.0,0.0,1.0,1.0,0.0,3.0,6.208,0.294,20.111,21.1,27.0,23.4,1.0,1.192,8.25,-3.111,-7.5,-9.667,-9.4,0.0,-0.654,3.0,5.562,6.444,7.4,13.667,10.0,0.5,1.0,1.202,2.16,2.889,3.0,3.667,2.8,0.192,0.0,1.196,-0.348,0.508,5.9,2.3,0.5,10.833,10.0,0.0,29.0,,22.47,0,48
C,Robert Williams (37839222),Robert Williams,37839222,C/UTIL,4000,POR@PHI 03/03/2025 07:00PM ET,POR,18.95,POR,PHI,PHI,Robert Williams,22024.0,1629057.0,1610612757.0,POR,Portland Trail Blazers,22400796.0,2025-02-20,POR vs. LAL,L,25.0,4.0,5.0,0.8,0.0,0.0,0.0,0.0,0.0,0.0,1.0,5.0,6.0,1.0,2.0,2.0,0.0,2.0,8.0,-1.0,28.7,1.0,2025-02-20,Robert Williams III,28.7,-1.0,POR vs. LAL,L,Portland Trail Blazers,1.287,1.05,0.9,1.333,0.8,0.04,0.0,0.37,0.0,12.0,10.094,20.505,19.55,21.733,23.32,1.0,3.78,0.4,0.0,0.0,112.0,0.0,1.0,0.0,0.0,1.0,0.0,0.0,1.0,5.801,0.321,17.55,18.1,19.0,20.4,1.0,1.046,10.478,-0.85,0.7,11.333,5.6,1.0,-0.04,2.0,2.685,5.8,4.1,6.0,5.4,0.32,0.0,0.784,3.536,5.9,6.5,7.0,8.6,0.24,1.0,1.818,0.917,0.412,0.9,2.3,0.32,10.46,7.0,0.0,0.0,Doubtful,0.0,0,48
SG/SF,Tim Hardaway Jr. (37839234),Tim Hardaway,37839234,SG/SF/F/G/UTIL,3900,DET@UTA 03/03/2025 09:00PM ET,DET,17.57,DET,UTA,UTA,Tim Hardaway Jr.,22024.0,203501.0,1610612765.0,DET,Detroit Pistons,22400861.0,2025-03-01,DET vs. BKN,W,22.0,3.0,9.0,0.333,3.0,9.0,0.333,0.0,0.0,0.0,0.0,1.0,1.0,2.0,0.0,0.0,0.0,2.0,9.0,16.0,13.2,1.0,2025-03-01,Tim Hardaway Jr.,13.2,16.0,DET vs. BKN,W,Detroit Pistons,0.568,1.649,2.1,2.0,2.0,0.091,1.0,0.903,0.0,1.0,4.42,16.589,16.03,15.4,17.36,1.0,-0.6,0.8,0.5,0.2,121.0,1.0,1.0,0.0,0.0,1.0,0.0,0.0,0.0,5.782,0.223,28.123,25.9,22.667,26.2,0.0,1.283,13.108,0.316,7.4,-2.0,-0.8,0.0,0.727,0.0,4.057,10.491,8.3,9.333,10.4,0.409,0.0,1.096,1.506,2.246,2.4,2.0,1.8,0.045,0.0,0.298,-0.181,0.436,3.233,0.3,0.409,9.167,8.0,1.0,26.0,,16.59,0,48
C,Dwight Powell (37839232),Dwight Powell,37839232,C/UTIL,3900,SAC@DAL 03/03/2025 08:30PM ET,DAL,6.88,SAC,DAL,SAC,Dwight Powell,22024.0,203939.0,1610612742.0,DAL,Dallas Mavericks,22400865.0,2025-03-01,DAL vs. MIL,L,12.0,1.0,1.0,1.0,0.0,0.0,0.0,0.0,1.0,0.0,0.0,3.0,3.0,3.0,0.0,1.0,1.0,2.0,2.0,-4.0,12.1,1.0,2025-03-01,Dwight Powell,12.1,-4.0,DAL vs. MIL,L,Dallas Mavericks,1.197,0.806,0.9,2.0,1.4,0.25,1.0,1.32,0.0,2.0,5.505,7.447,7.79,13.267,8.66,1.0,0.24,0.0,0.0,0.0,121.0,0.0,1.0,0.0,0.0,0.0,0.0,0.0,3.0,5.503,0.647,8.167,8.5,14.667,10.6,1.0,0.55,6.027,0.528,0.9,-5.0,-2.2,0.0,-0.333,4.0,1.767,1.639,1.7,3.333,2.4,0.167,1.0,0.188,2.111,2.028,2.7,4.667,2.8,0.25,1.0,1.0,-0.34,0.222,6.167,2.1,0.167,5.0,11.0,0.0,12.0,,8.2,0,48
PF,Tidjane Salaun (37839255),Tidjane Salaun,37839255,PF/F/UTIL,3800,GSW@CHA 03/03/2025 07:00PM ET,CHA,13.39,GSW,CHA,GSW,Tidjane Salaun,22024.0,1642275.0,1610612766.0,CHA,Charlotte Hornets,22400860.0,2025-03-01,CHA vs. WAS,L,15.0,0.0,3.0,0.0,0.0,2.0,0.0,0.0,0.0,0.0,0.0,2.0,2.0,0.0,0.0,0.0,0.0,0.0,0.0,9.0,2.4,1.0,2025-03-01,Tidjane Salaün,2.4,9.0,CHA vs. WAS,L,Charlotte Hornets,1.252,1.0,0.7,0.333,0.2,0.0,0.0,0.0,0.0,5.0,7.927,13.109,14.65,8.967,9.94,0.0,-1.14,0.6,0.2,0.1,121.0,0.0,1.0,0.0,0.0,0.0,0.0,0.0,0.0,4.677,0.212,19.25,22.1,20.333,20.6,1.0,0.628,10.318,-5.182,-8.7,-12.667,-9.4,0.0,0.6,0.0,4.606,5.0,6.1,3.333,3.2,0.0,0.0,0.0,2.068,4.182,4.5,2.333,4.2,0.133,1.0,0.455,-0.481,0.145,1.767,1.5,0.0,6.276,8.0,0.0,18.0,,13.01,0,48
PF/C,Brandon Clarke (37839243),Brandon Clarke,37839243,PF/C/F/UTIL,3800,ATL@MEM 03/03/2025 08:00PM ET,MEM,18.2,ATL,MEM,ATL,Brandon Clarke,22024.0,1629634.0,1610612763.0,MEM,Memphis Grizzlies,22400856.0,2025-02-28,MEM vs. NYK,L,17.0,5.0,5.0,1.0,0.0,0.0,0.0,1.0,1.0,1.0,4.0,3.0,7.0,2.0,0.0,0.0,1.0,2.0,11.0,-7.0,21.4,1.0,2025-02-28,Brandon Clarke,21.4,-7.0,MEM vs. NYK,L,Memphis Grizzlies,0.789,1.018,1.2,1.667,1.6,0.118,1.0,0.769,0.0,3.0,9.397,18.927,18.4,20.1,19.6,1.0,3.4,0.3,0.1,0.0,120.0,0.0,1.0,0.0,0.0,0.0,0.0,0.0,0.0,4.358,0.231,18.836,18.9,18.0,18.2,0.0,0.708,12.148,3.036,-2.7,-1.333,-2.4,0.0,-0.412,2.0,4.346,8.055,9.0,10.333,9.6,0.647,1.0,0.973,3.197,5.0,5.0,4.667,5.0,0.412,0.0,1.207,-0.1,0.563,0.9,0.7,0.647,7.083,6.0,0.0,18.0,Off Injury Report,17.44,0,48
PG/SG,Dalano Banton (37839239),Dalano Banton,37839239,PG/SG/G/UTIL,3800,POR@PHI 03/03/2025 07:00PM ET,POR,16.46,POR,PHI,PHI,Dalano Banton,22024.0,1630625.0,1610612757.0,POR,Portland Trail Blazers,22400867.0,2025-03-02,POR @ CLE,L,17.0,3.0,5.0,0.6,1.0,3.0,0.333,0.0,0.0,0.0,3.0,1.0,4.0,1.0,0.0,0.0,3.0,2.0,7.0,-13.0,10.3,1.0,2025-03-02,Dalano Banton,10.3,-13.0,POR @ CLE,L,Portland Trail Blazers,2.183,2.167,2.1,1.667,1.6,0.059,0.0,0.4,0.0,2.0,11.731,16.246,13.75,18.033,12.16,0.0,-0.54,0.3,0.2,0.1,122.0,0.0,0.0,0.0,0.0,0.0,0.0,0.0,2.0,9.955,0.664,15.562,15.0,17.667,13.6,0.0,0.642,10.371,-0.208,-0.7,1.0,1.8,1.0,-0.765,0.0,8.837,8.583,7.9,10.667,6.4,0.412,0.0,0.543,2.449,1.958,2.0,4.333,2.8,0.235,1.0,0.87,0.043,0.505,2.667,1.4,0.412,6.415,8.0,0.0,14.0,,13.97,0,48
SF/PF,Kris Murray (37839247),Kris Murray,37839247,SF/PF/F/UTIL,3800,POR@PHI 03/03/2025 07:00PM ET,POR,9.44,POR,PHI,PHI,Kris Murray,22024.0,1631200.0,1610612757.0,POR,Portland Trail Blazers,22400867.0,2025-03-02,POR @ CLE,L,10.0,0.0,3.0,0.0,0.0,1.0,0.0,0.0,0.0,0.0,1.0,2.0,3.0,0.0,0.0,0.0,0.0,2.0,0.0,-15.0,3.6,1.0,2025-03-02,Kris Murray,3.6,-15.0,POR @ CLE,L,Portland Trail Blazers,0.949,0.843,0.7,0.667,0.6,0.0,0.0,0.0,0.0,2.0,9.697,9.563,10.15,17.4,12.98,1.0,0.48,0.2,0.1,0.0,122.0,0.0,0.0,0.0,0.0,0.0,0.0,0.0,0.0,9.009,0.672,13.706,13.4,21.333,16.6,1.0,0.377,9.085,-1.059,2.1,-1.333,1.4,1.0,-1.5,0.0,5.011,4.118,4.0,7.667,5.0,0.0,1.0,0.0,1.826,2.176,2.0,3.667,2.4,0.3,1.0,0.652,-0.347,0.289,7.933,3.2,0.0,3.774,9.0,0.0,17.0,,11.37,0,48
SF/PF,Justin Edwards (37839251),Justin Edwards,37839251,SF/PF/F/UTIL,3800,POR@PHI 03/03/2025 07:00PM ET,PHI,16.18,POR,PHI,POR,Justin Edwards,22024.0,1642348.0,1610612755.0,PHI,Philadelphia 76ers,22400864.0,2025-03-01,PHI vs. GSW,W,16.0,2.0,3.0,0.667,0.0,1.0,0.0,0.0,0.0,0.0,0.0,1.0,1.0,0.0,0.0,0.0,0.0,4.0,4.0,-1.0,5.2,1.0,2025-03-01,Justin Edwards,5.2,-1.0,PHI vs. GSW,W,Philadelphia 76ers,1.337,1.37,1.7,1.667,1.2,0.0,0.0,0.0,0.0,3.0,8.801,15.989,18.83,16.633,14.52,0.0,-3.18,0.8,0.6,0.4,121.0,0.0,1.0,0.0,0.0,0.0,0.0,0.0,0.0,8.975,0.319,23.556,28.1,25.0,22.6,0.0,0.595,10.698,-1.963,-0.3,0.333,0.0,1.0,-0.062,0.0,3.91,7.926,9.2,7.667,7.2,0.25,0.0,0.286,1.955,3.0,3.4,2.333,2.6,0.062,0.0,0.225,0.002,0.295,3.1,5.5,0.25,6.612,6.0,1.0,22.0,,15.95,0,48
C,Steven Adams (37839258),Steven Adams,37839258,C/UTIL,3800,HOU@OKC 03/03/2025 08:00PM ET,HOU,12.75,HOU,OKC,OKC,Steven Adams,22024.0,203500.0,1610612745.0,HOU,Houston Rockets,22400862.0,2025-03-01,HOU vs. SAC,L,8.0,1.0,3.0,0.333,0.0,0.0,0.0,0.0,0.0,0.0,1.0,1.0,2.0,1.0,0.0,0.0,0.0,0.0,2.0,-6.0,5.9,1.0,2025-03-01,Steven Adams,5.9,-6.0,HOU vs. SAC,L,Houston Rockets,1.524,1.095,0.9,2.0,1.2,0.125,1.0,0.5,0.0,3.0,11.953,12.495,13.43,11.467,8.0,0.0,-1.06,0.3,0.1,0.0,121.0,0.0,1.0,0.0,0.0,0.0,0.0,0.0,0.0,9.095,0.679,12.143,13.4,9.0,7.6,0.0,0.3,8.025,1.19,0.2,0.0,-2.6,0.0,-0.75,0.0,3.658,3.452,3.6,2.0,1.2,0.25,0.0,0.175,4.677,4.976,4.9,2.333,2.0,0.25,0.0,0.419,-0.217,0.23,4.4,5.8,0.25,3.333,8.0,0.0,0.0,Questionable,0.0,0,48
SG/SF,Gary Payton II (37839260),Gary Payton,37839260,SG/SF/F/G/UTIL,3700,GSW@CHA 03/03/2025 07:00PM ET,GSW,12.96,GSW,CHA,CHA,Gary Payton II,22024.0,1627780.0,1610612744.0,GSW,Golden State Warriors,22400864.0,2025-03-01,GSW @ PHI,L,23.0,7.0,11.0,0.636,0.0,2.0,0.0,1.0,2.0,0.5,4.0,3.0,7.0,4.0,1.0,0.0,0.0,2.0,15.0,8.0,32.4,1.0,2025-03-01,Gary Payton II,32.4,8.0,GSW @ PHI,L,Golden State Warriors,1.506,1.354,1.6,3.0,2.2,0.174,1.0,1.333,0.0,2.0,8.961,13.306,14.78,24.833,18.82,1.0,2.6,0.1,0.0,0.0,121.0,0.0,0.0,0.0,0.0,1.0,0.0,0.0,3.0,4.473,0.327,13.646,13.7,18.0,16.0,1.0,1.059,5.259,0.292,2.9,7.333,4.6,1.0,0.348,1.0,5.208,5.604,7.3,11.333,8.2,0.652,1.0,1.387,2.025,2.833,1.9,3.333,2.6,0.304,0.0,1.571,0.437,0.649,4.3,2.3,0.652,9.623,7.0,0.0,15.0,,13.88,0,48
PF,Micah Potter (37839265),Micah Potter,37839265,PF/F/UTIL,3700,DET@UTA 03/03/2025 09:00PM ET,UTA,11.96,DET,UTA,DET,Micah Potter,22024.0,1630695.0,1610612762.0,UTA,Utah Jazz,22400872.0,2025-03-02,UTA vs. NOP,L,22.0,3.0,7.0,0.429,2.0,6.0,0.333,0.0,0.0,0.0,1.0,5.0,6.0,3.0,1.0,1.0,0.0,0.0,8.0,4.0,25.7,1.0,2025-03-02,Micah Potter,25.7,4.0,UTA vs. NOP,L,Utah Jazz,1.101,0.815,0.9,1.333,1.2,0.136,1.0,0.857,0.0,6.0,9.984,11.556,13.23,20.467,15.44,1.0,3.72,0.4,0.2,0.0,122.0,0.0,1.0,0.0,0.0,1.0,0.0,0.0,2.0,8.306,0.486,17.444,17.1,20.333,18.2,1.0,0.917,9.301,-1.778,-2.5,7.667,0.8,1.0,0.182,2.0,4.131,4.259,5.8,7.667,6.6,0.364,1.0,0.661,2.836,4.074,4.4,7.333,5.2,0.273,1.0,1.463,0.355,0.352,3.233,1.1,0.364,9.167,8.0,0.0,0.0,,0.0,0,48
PF,Olivier-Maxence Prosper (37839268),Olivier-maxence Prosper,37839268,PF/F/UTIL,3700,SAC@DAL 03/03/2025 08:30PM ET,DAL,8.99,SAC,DAL,SAC,Olivier-Maxence Prosper,22024.0,1641765.0,1610612742.0,DAL,Dallas Mavericks,22400865.0,2025-03-01,DAL vs. MIL,L,14.0,1.0,1.0,1.0,0.0,0.0,0.0,0.0,0.0,0.0,0.0,1.0,1.0,0.0,0.0,0.0,0.0,0.0,2.0,7.0,3.2,1.0,2025-03-01,Olivier-Maxence Prosper,3.2,7.0,DAL vs. MIL,L,Dallas Mavericks,1.886,0.74,1.0,0.0,0.2,0.0,0.0,0.0,0.0,2.0,8.126,9.25,11.48,4.267,7.38,0.0,-2.68,0.3,0.1,0.1,121.0,0.0,1.0,0.0,0.0,0.0,0.0,0.0,1.0,9.956,0.651,10.8,15.3,8.333,11.4,1.0,0.642,7.587,-1.7,-1.7,4.0,2.2,1.0,0.5,0.0,5.473,3.68,4.2,0.667,2.0,0.143,0.0,0.188,1.955,2.4,2.4,1.333,2.4,0.071,0.0,0.333,0.369,0.048,6.967,3.9,0.143,5.833,9.0,0.0,13.0,,12.32,0,48
SF/PF,DaQuan Jeffries (37839282),Daquan Jeffries,37839282,SF/PF/F/UTIL,3600,GSW@CHA 03/03/2025 07:00PM ET,CHA,12.08,GSW,CHA,GSW,DaQuan Jeffries,22024.0,1629610.0,1610612766.0,CHA,Charlotte Hornets,22400860.0,2025-03-01,CHA vs. WAS,L,11.0,1.0,3.0,0.333,0.0,2.0,0.0,0.0,0.0,0.0,0.0,1.0,1.0,1.0,0.0,0.0,1.0,2.0,2.0,-13.0,3.7,1.0,2025-03-01,DaQuan Jeffries,3.7,-13.0,CHA vs. WAS,L,Charlotte Hornets,1.43,1.083,1.4,0.667,0.6,0.091,0.0,0.357,0.0,2.0,6.554,12.233,11.14,8.933,8.78,0.0,-0.78,0.5,0.4,0.0,121.0,0.0,1.0,0.0,0.0,0.0,0.0,0.0,0.0,7.81,0.374,18.75,20.9,14.333,18.8,1.0,0.46,13.874,-2.75,-3.6,-3.0,-7.0,0.0,-1.182,0.0,2.981,4.875,4.0,4.333,4.0,0.182,0.0,0.2,2.751,2.833,2.7,3.0,2.4,0.091,0.0,0.227,-0.313,0.289,6.567,2.1,0.182,4.603,9.0,0.0,0.0,,0.0,0,48
C,Kevon Looney (37839296),Kevon Looney,37839296,C/UTIL,3600,GSW@CHA 03/03/2025 07:00PM ET,GSW,18.0,GSW,CHA,CHA,Kevon Looney,22024.0,1626172.0,1610612744.0,GSW,Golden State Warriors,22400864.0,2025-03-01,GSW @ PHI,L,12.0,4.0,6.0,0.667,0.0,0.0,0.0,2.0,2.0,1.0,3.0,1.0,4.0,0.0,0.0,1.0,1.0,3.0,10.0,-10.0,16.8,1.0,2025-03-01,Kevon Looney,16.8,-10.0,GSW @ PHI,L,Golden State Warriors,0.789,1.741,1.2,0.667,0.6,0.0,0.0,0.0,0.0,2.0,3.517,18.433,14.48,13.933,14.18,0.0,-0.6,0.0,0.0,0.0,121.0,0.0,0.0,0.0,0.0,0.0,0.0,0.0,0.0,1.549,0.117,15.907,13.2,13.0,13.2,0.0,0.552,9.187,0.963,2.2,0.333,2.0,1.0,-0.833,1.0,2.781,5.0,4.2,4.667,4.6,0.833,0.0,0.924,2.221,6.704,5.4,4.667,4.4,0.333,0.0,0.898,0.017,0.38,0.2,0.0,0.833,5.021,8.0,0.0,17.0,,20.6,0,48
SF/PF,Jake LaRavia (37839286),Jake Laravia,37839286,SF/PF/F/UTIL,3600,SAC@DAL 03/03/2025 08:30PM ET,SAC,17.81,SAC,DAL,DAL,Jake LaRavia,22024.0,1631222.0,1610612758.0,SAC,Sacramento Kings,22400862.0,2025-03-01,SAC @ HOU,W,16.0,2.0,6.0,0.333,1.0,4.0,0.25,0.0,0.0,0.0,1.0,3.0,4.0,1.0,0.0,0.0,0.0,1.0,5.0,2.0,11.3,1.0,2025-03-01,Jake LaRavia,11.3,2.0,SAC @ HOU,W,Sacramento Kings,1.687,2.582,1.2,2.0,1.2,0.062,0.0,0.476,0.0,3.0,9.511,17.756,9.9,7.4,7.44,0.0,1.5,0.1,0.0,0.0,121.0,0.0,0.0,0.0,0.0,0.0,0.0,0.0,0.0,5.116,0.371,19.855,13.8,15.667,14.8,0.0,0.669,15.011,3.273,2.3,13.667,4.0,1.0,0.125,0.0,2.791,6.545,2.3,1.667,1.6,0.312,0.0,0.442,2.224,4.055,2.5,2.0,2.2,0.25,0.0,0.87,0.869,0.104,1.867,1.0,0.312,6.695,9.0,1.0,14.0,,10.79,0,48
PF/C,Mouhamed Gueye (37839274),Mouhamed Gueye,37839274,PF/C/F/UTIL,3600,ATL@MEM 03/03/2025 08:00PM ET,ATL,13.73,ATL,MEM,MEM,Mouhamed Gueye,22024.0,1631243.0,1610612737.0,ATL,Atlanta Hawks,22400851.0,2025-02-28,ATL vs. OKC,L,10.0,1.0,2.0,0.5,0.0,0.0,0.0,0.0,0.0,0.0,0.0,1.0,1.0,0.0,0.0,2.0,0.0,1.0,2.0,-14.0,9.2,1.0,2025-02-28,Mouhamed Gueye,9.2,-14.0,ATL vs. OKC,L,Atlanta Hawks,1.059,0.615,0.7,1.0,0.6,0.0,0.0,0.0,0.0,2.0,12.962,14.692,17.13,10.833,8.66,0.0,-0.78,0.2,0.0,0.0,120.0,0.0,1.0,0.0,0.0,0.0,0.0,0.0,0.0,4.138,0.264,14.385,15.7,12.667,13.0,0.0,0.458,11.982,-0.385,-1.3,-4.667,-2.6,0.0,-1.4,0.0,4.601,5.462,6.5,5.333,4.0,0.2,0.0,0.185,3.502,3.077,3.4,1.667,1.8,0.1,0.0,0.239,-0.515,0.393,3.033,2.7,0.2,4.167,8.0,0.0,20.0,,23.05,0,48
PF,Justin Champagnie (37839271),Justin Champagnie,37839271,PF/F/UTIL,3600,WAS@MIA 03/03/2025 07:30PM ET,WAS,17.86,WAS,MIA,MIA,Justin Champagnie,22024.0,1630551.0,1610612764.0,WAS,Washington Wizards,22400860.0,2025-03-01,WAS @ CHA,W,22.0,4.0,6.0,0.667,1.0,3.0,0.333,1.0,2.0,0.5,3.0,5.0,8.0,2.0,2.0,3.0,0.0,0.0,10.0,8.0,37.6,1.0,2025-03-01,Justin Champagnie,37.6,8.0,WAS @ CHA,W,Washington Wizards,0.707,0.875,0.5,1.333,0.8,0.091,0.0,0.606,0.0,3.0,9.96,18.182,16.23,22.0,17.88,0.0,7.52,0.3,0.1,0.1,121.0,0.0,0.0,0.0,0.0,1.0,0.0,0.0,1.0,8.257,0.51,18.325,16.2,15.667,17.2,0.0,0.913,13.699,-2.9,1.1,4.0,-1.0,1.0,0.364,1.0,4.596,7.5,6.7,5.333,5.4,0.455,0.0,0.885,2.951,4.6,4.4,6.667,5.4,0.364,1.0,1.667,0.222,0.305,0.533,1.0,0.455,9.129,8.0,1.0,22.0,Note,21.27,0,48
SF/PF,Haywood Highsmith (37839278),Haywood Highsmith,37839278,SF/PF/F/UTIL,3600,WAS@MIA 03/03/2025 07:30PM ET,MIA,15.74,WAS,MIA,WAS,Haywood Highsmith,22024.0,1629312.0,1610612748.0,MIA,Miami Heat,22400869.0,2025-03-02,MIA vs. NYK,L,37.0,3.0,5.0,0.6,2.0,4.0,0.5,0.0,0.0,0.0,0.0,2.0,2.0,1.0,0.0,0.0,2.0,4.0,8.0,-11.0,9.9,1.0,2025-03-02,Haywood Highsmith,9.9,-11.0,MIA vs. NYK,L,Miami Heat,1.687,1.308,1.8,2.333,2.2,0.027,1.0,0.31,0.0,2.0,9.221,16.146,15.98,22.967,17.98,1.0,1.14,0.7,0.4,0.1,122.0,0.0,1.0,0.0,0.0,1.0,1.0,1.0,3.0,6.381,0.27,24.173,23.6,31.0,25.2,1.0,1.257,13.302,-0.423,0.6,7.333,1.2,1.0,-0.297,3.0,4.572,6.519,6.3,10.333,6.4,0.216,0.0,0.643,1.595,3.135,2.9,4.0,3.4,0.054,1.0,0.529,0.307,0.348,7.4,1.6,0.216,13.962,8.0,0.0,23.0,,16.03,0,48
PG,Aaron Holiday (37839290),Aaron Holiday,37839290,PG/G/UTIL,3600,HOU@OKC 03/03/2025 08:00PM ET,HOU,9.39,HOU,OKC,OKC,Aaron Holiday,22024.0,1628988.0,1610612745.0,HOU,Houston Rockets,22400862.0,2025-03-01,HOU vs. SAC,L,9.0,2.0,2.0,1.0,2.0,2.0,1.0,1.0,1.0,1.0,0.0,1.0,1.0,0.0,0.0,0.0,0.0,0.0,7.0,-2.0,8.2,1.0,2025-03-01,Aaron Holiday,8.2,-2.0,HOU vs. SAC,L,Houston Rockets,1.647,1.227,1.4,0.0,0.8,0.0,0.0,0.0,0.0,3.0,11.659,9.159,13.26,6.6,9.92,1.0,-6.88,0.2,0.2,0.1,121.0,0.0,1.0,0.0,0.0,0.0,0.0,0.0,0.0,9.52,0.553,12.545,17.2,12.0,14.8,1.0,0.337,4.949,0.886,-1.4,1.667,-1.2,0.0,-0.222,1.0,7.815,4.75,7.2,3.0,4.8,0.778,1.0,0.612,2.312,1.25,2.3,1.333,1.6,0.111,1.0,0.209,0.157,0.301,5.2,2.4,0.778,3.75,9.0,0.0,15.0,,10.43,0,48
PF,Kenrich Williams (37839293),Kenrich Williams,37839293,PF/F/UTIL,3600,HOU@OKC 03/03/2025 08:00PM ET,OKC,13.11,HOU,OKC,HOU,Kenrich Williams,22024.0,1629026.0,1610612760.0,OKC,Oklahoma City Thunder,22400871.0,2025-03-02,OKC @ SAS,W,10.0,0.0,0.0,0.0,0.0,0.0,0.0,0.0,0.0,0.0,1.0,2.0,3.0,1.0,1.0,0.0,0.0,1.0,0.0,3.0,8.1,1.0,2025-03-02,Kenrich Williams,8.1,3.0,OKC @ SAS,W,Oklahoma City Thunder,1.792,1.208,1.9,2.333,1.6,0.1,1.0,0.353,0.0,2.0,8.33,13.062,13.03,9.833,7.84,0.0,-1.6,0.1,0.0,0.0,122.0,0.0,0.0,0.0,0.0,0.0,0.0,0.0,0.0,6.15,0.427,14.396,14.4,13.667,10.8,0.0,0.5,8.602,4.438,4.0,4.333,3.2,0.0,0.3,0.0,4.72,5.688,5.5,2.333,3.0,0.0,0.0,0.0,2.331,3.229,2.9,3.333,2.2,0.3,0.0,0.8,0.286,0.143,0.733,3.6,0.0,4.167,9.0,1.0,10.0,,8.47,0,48
C,Trayce Jackson-Davis (37839317),Trayce Jackson-davis,37839317,C/UTIL,3500,GSW@CHA 03/03/2025 07:00PM ET,GSW,19.64,GSW,CHA,CHA,Trayce Jackson-Davis,22024.0,1631218.0,1610612744.0,GSW,Golden State Warriors,22400805.0,2025-02-21,GSW @ SAC,W,3.0,2.0,2.0,1.0,0.0,0.0,0.0,0.0,0.0,0.0,1.0,0.0,1.0,0.0,0.0,0.0,1.0,0.0,4.0,2.0,4.2,1.0,2025-02-21,Trayce Jackson-Davis,4.2,2.0,GSW @ SAC,W,Golden State Warriors,1.449,1.94,1.1,0.0,0.0,0.0,0.0,0.0,0.0,11.0,8.175,19.986,9.91,4.933,4.2,0.0,-0.5,0.1,0.0,0.0,113.0,0.0,0.0,0.0,0.0,0.0,0.0,0.0,0.0,7.306,0.777,18.2,9.4,2.667,4.4,0.0,0.162,6.28,-1.68,-4.9,-0.667,-2.4,0.0,0.667,0.0,3.134,7.48,3.6,2.0,1.6,1.333,0.0,0.394,2.741,5.78,2.8,1.333,1.0,0.333,0.0,0.371,-0.111,0.611,6.733,5.0,1.333,1.245,10.0,1.0,0.0,,0.0,0,48
SG,Jaden Springer (37839308),Jaden Springer,37839308,SG/G/UTIL,3500,DET@UTA 03/03/2025 09:00PM ET,UTA,5.26,DET,UTA,DET,Jaden Springer,22024.0,1630531.0,1610612762.0,UTA,Utah Jazz,22400872.0,2025-03-02,UTA vs. NOP,L,18.0,2.0,4.0,0.5,1.0,2.0,0.5,2.0,4.0,0.5,0.0,0.0,0.0,3.0,0.0,1.0,0.0,3.0,7.0,11.0,14.5,1.0,2025-03-02,Jaden Springer,14.5,11.0,UTA vs. NOP,L,Utah Jazz,1.155,0.581,1.0,2.0,1.6,0.167,1.0,0.857,0.0,2.0,7.693,5.503,7.8,11.467,9.36,1.0,2.9,0.0,0.0,0.0,122.0,0.0,1.0,0.0,0.0,0.0,0.0,0.0,3.0,6.446,0.716,6.258,9.0,13.0,10.8,1.0,0.75,5.981,0.419,1.0,1.333,-0.2,0.0,0.611,1.0,2.86,2.129,2.8,4.0,4.2,0.389,1.0,0.579,1.491,0.903,1.0,0.667,0.8,0.0,0.0,0.0,-0.011,0.281,4.0,1.8,0.389,7.5,10.0,0.0,0.0,,0.0,0,48
SF,Ronald Holland II (37839314),Ronald Holland,37839314,SF/F/UTIL,3500,DET@UTA 03/03/2025 09:00PM ET,DET,12.29,DET,UTA,UTA,Ronald Holland II,22024.0,1641842.0,1610612765.0,DET,Detroit Pistons,22400861.0,2025-03-01,DET vs. BKN,W,16.0,4.0,4.0,1.0,0.0,0.0,0.0,2.0,2.0,1.0,0.0,2.0,2.0,2.0,1.0,0.0,1.0,1.0,10.0,-7.0,17.4,1.0,2025-03-01,Ronald Holland II,17.4,-7.0,DET vs. BKN,W,Detroit Pistons,0.949,0.885,1.3,2.0,1.4,0.125,1.0,0.903,0.0,1.0,6.607,12.259,12.63,19.267,15.18,1.0,1.48,0.1,0.0,0.0,121.0,1.0,1.0,0.0,0.0,0.0,0.0,0.0,3.0,3.627,0.218,15.721,16.6,18.333,16.2,1.0,0.933,10.124,-1.492,0.6,2.333,1.0,1.0,-0.438,4.0,3.342,6.246,5.5,8.667,7.4,0.625,1.0,1.217,1.35,2.689,2.4,3.0,2.4,0.125,0.0,0.596,0.095,0.482,1.733,0.4,0.625,6.667,9.0,1.0,18.0,,14.54,0,48
PG,Jaden Hardy (37839311),Jaden Hardy,37839311,PG/G/UTIL,3500,SAC@DAL 03/03/2025 08:30PM ET,DAL,13.03,SAC,DAL,SAC,Jaden Hardy,22024.0,1630702.0,1610612742.0,DAL,Dallas Mavericks,22400865.0,2025-03-01,DAL vs. MIL,L,22.0,6.0,10.0,0.6,4.0,7.0,0.571,0.0,0.0,0.0,0.0,1.0,1.0,4.0,0.0,0.0,0.0,2.0,16.0,3.0,23.2,1.0,2025-03-01,Jaden Hardy,23.2,3.0,DAL vs. MIL,L,Dallas Mavericks,1.491,1.378,1.0,1.667,1.6,0.182,1.0,1.76,0.0,2.0,9.534,12.196,8.96,10.967,8.68,0.0,4.04,0.2,0.1,0.0,121.0,0.0,1.0,0.0,0.0,1.0,0.0,0.0,1.0,8.07,0.635,15.111,12.7,13.667,13.0,0.0,1.008,7.861,-0.244,-0.3,-1.667,-2.0,0.0,0.136,1.0,7.451,7.978,7.2,9.0,5.8,0.727,0.0,1.504,1.567,1.533,1.3,0.667,1.4,0.045,0.0,0.333,-0.843,0.472,0.967,0.3,0.727,9.167,10.0,0.0,11.0,,9.67,0,48
SF/PF,Gregory Jackson (37839304),Gregory Jackson,37839304,SF/PF/F/UTIL,3500,ATL@MEM 03/03/2025 08:00PM ET,MEM,14.82,ATL,MEM,ATL,Gregory Jackson,22024.0,1641713.0,1610612763.0,MEM,Memphis Grizzlies,22400863.0,2025-03-01,MEM vs. SAS,L,10.0,1.0,2.0,0.5,0.0,0.0,0.0,2.0,2.0,1.0,0.0,1.0,1.0,1.0,0.0,0.0,0.0,1.0,4.0,-10.0,6.7,1.0,2025-03-01,GG Jackson,6.7,-10.0,MEM vs. SAS,L,Memphis Grizzlies,1.101,1.0,1.1,1.667,1.0,0.1,0.0,0.355,0.0,4.0,12.433,14.053,14.99,4.3,8.62,0.0,-4.88,0.3,0.1,0.0,121.0,0.0,1.0,0.0,0.0,0.0,0.0,0.0,0.0,7.272,0.455,15.882,16.0,7.333,11.2,0.0,0.458,9.18,-3.059,-2.5,-6.0,-5.4,0.0,-1.0,0.0,8.522,8.412,9.8,1.333,5.0,0.4,0.0,0.344,2.71,3.059,2.7,0.667,1.6,0.1,0.0,0.268,-0.958,0.133,8.667,4.8,0.4,4.167,6.0,0.0,9.0,,8.97,0,48
C,Tristan Vukcevic (37839298),Tristan Vukcevic,37839298,C/UTIL,3500,WAS@MIA 03/03/2025 07:30PM ET,WAS,11.03,WAS,MIA,MIA,Tristan Vukcevic,22024.0,1641774.0,1610612764.0,WAS,Washington Wizards,22400839.0,2025-02-26,WAS vs. POR,L,19.0,3.0,7.0,0.429,1.0,3.0,0.333,1.0,2.0,0.5,0.0,2.0,2.0,1.0,0.0,1.0,2.0,2.0,8.0,-13.0,12.9,1.0,2025-02-26,Tristan Vukcevic,12.9,-13.0,WAS vs. POR,L,Washington Wizards,1.229,0.833,1.2,1.0,0.6,0.053,0.0,0.44,0.0,2.0,8.194,10.706,16.52,15.567,11.86,1.0,-4.06,0.0,0.0,0.0,118.0,0.0,1.0,0.0,0.0,0.0,0.0,0.0,3.0,6.637,0.495,9.111,13.4,16.0,10.6,1.0,0.874,7.757,-1.167,-0.8,-9.0,-5.6,0.0,-0.684,3.0,4.398,5.667,8.7,8.667,6.6,0.421,1.0,0.727,2.183,2.556,4.1,3.667,2.8,0.105,1.0,0.537,-0.6,0.551,2.6,2.8,0.421,7.95,8.0,0.0,0.0,,0.0,0,48
SF/PF,Kyle Anderson (37839300),Kyle Anderson,37839300,SF/PF/F/UTIL,3500,WAS@MIA 03/03/2025 07:30PM ET,MIA,14.24,WAS,MIA,WAS,Kyle Anderson,22024.0,203937.0,1610612748.0,MIA,Miami Heat,22400869.0,2025-03-02,MIA vs. NYK,L,6.0,1.0,2.0,0.5,0.0,0.0,0.0,0.0,0.0,0.0,0.0,2.0,2.0,1.0,0.0,0.0,0.0,1.0,2.0,-2.0,5.9,1.0,2025-03-02,Kyle Anderson,5.9,-2.0,MIA vs. NYK,L,Miami Heat,1.265,2.068,1.4,0.667,0.8,0.167,0.0,0.31,0.0,2.0,11.452,14.648,10.6,3.533,7.0,0.0,-0.4,0.2,0.2,0.0,122.0,0.0,1.0,0.0,0.0,0.0,0.0,0.0,0.0,8.644,0.686,14.591,12.6,4.667,10.2,0.0,0.204,8.08,-2.023,-2.2,-4.333,-4.4,0.0,-0.333,0.0,5.594,5.114,4.2,1.667,3.8,0.333,0.0,0.161,2.789,3.068,3.0,1.0,2.0,0.333,0.0,0.529,-1.278,0.278,7.933,2.4,0.333,2.264,9.0,0.0,5.0,,4.56,0,48
PF,Gui Santos (37839325),Gui Santos,37839325,PF/F/UTIL,3400,GSW@CHA 03/03/2025 07:00PM ET,GSW,10.93,GSW,CHA,CHA,Gui Santos,22024.0,1630611.0,1610612744.0,GSW,Golden State Warriors,22400864.0,2025-03-01,GSW @ PHI,L,17.0,6.0,8.0,0.75,1.0,2.0,0.5,1.0,1.0,1.0,2.0,2.0,4.0,2.0,2.0,0.0,1.0,2.0,14.0,0.0,26.8,1.0,2025-03-01,Gui Santos,26.8,0.0,GSW @ PHI,L,Golden State Warriors,1.897,1.314,1.6,2.667,2.4,0.118,1.0,0.667,0.0,2.0,8.724,10.709,12.94,17.933,17.0,1.0,2.28,0.0,0.0,0.0,121.0,0.0,0.0,0.0,0.0,0.0,0.0,0.0,1.0,4.785,0.349,12.914,13.7,14.333,15.2,1.0,0.782,7.304,2.057,3.7,5.0,3.2,1.0,0.0,1.0,4.269,4.0,4.0,6.333,4.8,0.824,1.0,1.294,3.234,2.971,3.7,3.0,4.0,0.235,1.0,0.898,0.203,0.422,0.633,1.5,0.824,7.113,9.0,0.0,14.0,,11.47,0,48
SG,Seth Curry (37839330),Seth Curry,37839330,SG/G/UTIL,3400,GSW@CHA 03/03/2025 07:00PM ET,CHA,10.71,GSW,CHA,GSW,Seth Curry,22024.0,203552.0,1610612766.0,CHA,Charlotte Hornets,22400847.0,2025-02-27,CHA @ DAL,L,14.0,0.0,1.0,0.0,0.0,1.0,0.0,0.0,1.0,0.0,0.0,2.0,2.0,0.0,0.0,0.0,0.0,0.0,0.0,3.0,2.4,1.0,2025-02-27,Seth Curry,2.4,3.0,CHA @ DAL,L,Charlotte Hornets,0.816,0.653,1.0,0.667,0.4,0.0,0.0,0.0,0.0,2.0,11.774,10.437,14.24,12.333,13.24,1.0,-0.66,0.3,0.1,0.1,119.0,0.0,0.0,0.0,0.0,0.0,0.0,0.0,0.0,7.442,0.425,14.449,17.5,17.333,16.2,1.0,0.581,11.439,-1.306,-4.2,-12.333,-6.6,0.0,0.214,0.0,7.843,6.163,8.2,6.667,7.4,0.0,1.0,0.0,1.619,1.571,2.2,1.667,2.2,0.143,1.0,0.357,-0.612,0.37,0.167,1.3,0.0,5.809,8.0,0.0,18.0,Probable,13.43,0,48
C,Isaiah Stewart (37839328),Isaiah Stewart,37839328,C/UTIL,3400,DET@UTA 03/03/2025 09:00PM ET,DET,18.31,DET,UTA,UTA,Isaiah Stewart,22024.0,1630191.0,1610612765.0,DET,Detroit Pistons,22400861.0,2025-03-01,DET vs. BKN,W,14.0,1.0,4.0,0.25,0.0,0.0,0.0,1.0,2.0,0.5,1.0,3.0,4.0,1.0,0.0,4.0,3.0,5.0,3.0,-9.0,18.3,1.0,2025-03-01,Isaiah Stewart,18.3,-9.0,DET vs. BKN,W,Detroit Pistons,0.823,1.625,1.3,0.667,1.0,0.071,0.0,0.452,0.0,1.0,5.08,19.084,18.97,18.267,18.02,0.0,-1.36,0.2,0.0,0.0,121.0,1.0,1.0,0.0,0.0,0.0,0.0,0.0,0.0,2.584,0.141,19.839,18.3,18.0,18.4,0.0,0.817,11.783,-0.446,2.8,2.0,4.4,1.0,-0.643,0.0,4.115,5.75,6.6,4.667,4.6,0.214,0.0,0.365,1.792,5.643,5.1,4.667,4.6,0.286,0.0,1.191,0.036,0.255,0.3,0.1,0.214,5.833,7.0,1.0,19.0,,17.83,0,48
PF/C,Kessler Edwards (37839321),Kessler Edwards,37839321,PF/C/F/UTIL,3400,SAC@DAL 03/03/2025 08:30PM ET,DAL,7.98,SAC,DAL,SAC,Kessler Edwards,22024.0,1630556.0,1610612742.0,DAL,Dallas Mavericks,22400847.0,2025-02-27,DAL vs. CHA,W,5.0,1.0,4.0,0.25,1.0,3.0,0.333,0.0,0.0,0.0,0.0,1.0,1.0,0.0,0.0,0.0,1.0,0.0,3.0,-5.0,3.2,1.0,2025-02-27,Kessler Edwards,3.2,-5.0,DAL vs. CHA,W,Dallas Mavericks,1.958,0.833,1.5,0.333,1.0,0.0,1.0,0.0,0.0,2.0,11.347,8.35,14.83,11.3,14.3,1.0,-6.0,0.4,0.3,0.2,119.0,0.0,1.0,0.0,0.0,0.0,0.0,0.0,0.0,12.209,0.671,11.267,18.2,10.667,16.8,1.0,0.229,8.959,-2.267,-1.6,-8.333,-4.2,0.0,-1.0,3.0,4.296,2.3,4.3,4.333,6.0,0.6,1.0,0.32,2.998,2.333,3.9,4.0,5.0,0.2,1.0,0.229,-0.837,0.445,7.533,1.4,0.6,2.083,7.0,1.0,26.0,,17.34,0,48
PF/C,Trey Lyles (37839333),Trey Lyles,37839333,PF/C/F/UTIL,3400,SAC@DAL 03/03/2025 08:30PM ET,SAC,15.42,SAC,DAL,DAL,Trey Lyles,22024.0,1626168.0,1610612758.0,SAC,Sacramento Kings,22400862.0,2025-03-01,SAC @ HOU,W,17.0,2.0,6.0,0.333,1.0,2.0,0.5,0.0,2.0,0.0,3.0,2.0,5.0,2.0,1.0,1.0,0.0,1.0,5.0,3.0,20.0,1.0,2025-03-01,Trey Lyles,20.0,3.0,SAC @ HOU,W,Sacramento Kings,1.197,0.958,1.1,1.0,1.2,0.118,1.0,0.952,0.0,5.0,9.218,15.292,12.15,12.567,11.48,0.0,3.16,0.1,0.0,0.0,121.0,0.0,0.0,0.0,0.0,0.0,0.0,0.0,0.0,4.662,0.364,18.333,12.8,12.667,11.2,0.0,0.711,12.39,-0.875,-2.2,7.667,1.0,1.0,0.176,0.0,2.953,6.146,4.5,4.333,4.4,0.294,0.0,0.442,2.309,4.375,3.0,3.667,3.4,0.294,0.0,1.087,0.443,0.303,0.133,1.6,0.294,7.113,8.0,1.0,20.0,,16.66,0,48
C,Adem Bona (37839319),Adem Bona,37839319,C/UTIL,3400,POR@PHI 03/03/2025 07:00PM ET,PHI,8.54,POR,PHI,POR,Adem Bona,22024.0,1641737.0,1610612755.0,PHI,Philadelphia 76ers,22400838.0,2025-02-26,PHI @ NYK,L,17.0,2.0,2.0,1.0,0.0,0.0,0.0,1.0,2.0,0.5,1.0,4.0,5.0,0.0,1.0,1.0,1.0,5.0,5.0,-3.0,16.0,1.0,2025-02-26,Adem Bona,16.0,-3.0,PHI @ NYK,L,Philadelphia 76ers,0.422,0.275,0.2,0.0,0.0,0.0,0.0,0.0,0.0,2.0,5.91,9.012,9.96,9.733,8.16,0.0,-0.8,0.0,0.0,0.0,118.0,0.0,0.0,0.0,0.0,0.0,0.0,0.0,2.0,5.613,0.425,11.225,13.2,11.667,12.6,1.0,0.638,3.945,-0.65,1.3,1.0,0.4,1.0,-0.176,2.0,3.064,2.975,3.5,3.0,2.6,0.294,0.0,0.429,2.541,2.875,3.3,3.667,2.8,0.294,0.0,1.286,0.686,0.176,1.533,0.6,0.294,7.083,7.0,0.0,0.0,,0.0,0,48
SG/SF,Wendell Moore Jr. (37839346),Wendell Moore,37839346,SG/SF/F/G/UTIL,3300,GSW@CHA 03/03/2025 07:00PM ET,CHA,9.23,GSW,CHA,GSW,Wendell Moore Jr.,22024.0,1631111.0,1610612766.0,CHA,Charlotte Hornets,22400834.0,2025-02-25,CHA @ GSW,L,28.0,5.0,8.0,0.625,2.0,4.0,0.5,0.0,0.0,0.0,5.0,5.0,10.0,0.0,0.0,0.0,3.0,2.0,12.0,-19.0,21.0,1.0,2025-02-25,Wendell Moore Jr.,21.0,-19.0,CHA @ GSW,L,Charlotte Hornets,0.483,1.0,0.3,0.333,0.2,0.0,0.0,0.0,0.0,1.0,6.763,9.233,5.07,13.7,8.26,0.0,3.9,0.2,0.1,0.0,117.0,1.0,0.0,0.0,0.0,1.0,1.0,0.0,4.0,9.056,0.934,12.333,9.7,20.667,15.4,1.0,1.041,10.511,-2.167,-6.6,-17.667,-14.2,0.0,-0.679,3.0,4.122,3.625,2.9,8.0,4.8,0.429,1.0,1.174,3.062,2.417,1.6,4.333,2.8,0.357,1.0,1.8,-0.905,0.375,10.967,5.7,0.429,11.57,9.0,0.0,0.0,Probable,0.0,0,48
C,Lamar Stevens (37839337),Lamar Stevens,37839337,C/UTIL,3300,ATL@MEM 03/03/2025 08:00PM ET,MEM,11.0,ATL,MEM,ATL,Lamar Stevens,22024.0,1630205.0,1610612763.0,MEM,Memphis Grizzlies,22400863.0,2025-03-01,MEM vs. SAS,L,16.0,2.0,6.0,0.333,0.0,2.0,0.0,2.0,2.0,1.0,1.0,3.0,4.0,0.0,0.0,0.0,0.0,1.0,6.0,6.0,10.8,1.0,2025-03-01,Lamar Stevens,10.8,6.0,MEM vs. SAS,L,Memphis Grizzlies,0.0,0.0,0.0,0.0,0.0,0.0,0.0,0.0,0.0,0.0,0.0,10.8,10.8,10.8,10.8,0.0,0.0,0.0,0.0,0.0,121.0,0.0,1.0,0.0,0.0,0.0,0.0,0.0,0.0,0.0,0.0,16.0,16.0,16.0,16.0,0.0,0.733,0.0,6.0,6.0,6.0,6.0,0.0,0.375,0.0,0.0,6.0,6.0,6.0,6.0,0.375,0.0,0.516,0.0,4.0,4.0,4.0,4.0,0.25,0.0,1.073,0.375,0.375,0.0,0.0,0.375,6.667,8.0,0.0,0.0,Note,0.0,0,48
SF,John Konchar (37839339),John Konchar,37839339,SF/F/UTIL,3300,ATL@MEM 03/03/2025 08:00PM ET,MEM,10.1,ATL,MEM,ATL,John Konchar,22024.0,1629723.0,1610612763.0,MEM,Memphis Grizzlies,22400863.0,2025-03-01,MEM vs. SAS,L,17.0,0.0,3.0,0.0,0.0,3.0,0.0,0.0,0.0,0.0,0.0,3.0,3.0,2.0,1.0,1.0,2.0,0.0,0.0,9.0,10.6,1.0,2025-03-01,John Konchar,10.6,9.0,MEM vs. SAS,L,Memphis Grizzlies,1.08,1.0,0.5,0.667,0.4,0.118,0.0,0.71,0.0,9.0,5.463,10.358,4.97,4.533,3.2,0.0,0.1,0.1,0.0,0.0,121.0,0.0,1.0,0.0,0.0,0.0,0.0,0.0,1.0,7.531,0.876,12.774,8.6,8.333,6.0,0.0,0.779,4.927,0.29,1.5,2.333,2.0,1.0,0.529,0.0,1.829,2.452,1.3,1.0,0.6,0.0,0.0,0.0,1.776,3.484,1.6,1.0,1.0,0.176,0.0,0.805,0.51,0.167,0.267,2.6,0.0,7.083,10.0,0.0,0.0,,0.0,0,48
PG/SG,Alec Burks (37839342),Alec Burks,37839342,PG/SG/G/UTIL,3300,WAS@MIA 03/03/2025 07:30PM ET,MIA,13.38,WAS,MIA,WAS,Alec Burks,22024.0,202692.0,1610612748.0,MIA,Miami Heat,22400869.0,2025-03-02,MIA vs. NYK,L,25.0,4.0,5.0,0.8,4.0,5.0,0.8,0.0,0.0,0.0,0.0,3.0,3.0,3.0,1.0,0.0,1.0,0.0,12.0,6.0,22.1,1.0,2025-03-02,Alec Burks,22.1,6.0,MIA vs. NYK,L,Miami Heat,1.398,1.118,1.2,1.333,1.0,0.12,0.0,0.931,0.0,2.0,11.958,13.082,16.38,12.4,11.38,0.0,-1.26,0.6,0.4,0.0,122.0,0.0,1.0,0.0,0.0,1.0,0.0,0.0,2.0,8.895,0.452,17.265,19.7,17.0,16.8,0.0,0.849,10.518,1.794,-2.8,6.333,1.2,0.0,0.24,2.0,5.681,6.324,7.5,8.333,6.0,0.48,0.0,0.964,3.107,2.618,3.9,2.0,2.4,0.12,0.0,0.794,0.337,0.366,2.7,2.9,0.48,9.434,7.0,0.0,8.0,,7.41,0,48
PG/SF,Rayan Rupert (37839355),Rayan Rupert,37839355,PG/SF/F/G/UTIL,3300,POR@PHI 03/03/2025 07:00PM ET,POR,4.85,POR,PHI,PHI,Rayan Rupert,22024.0,1641712.0,1610612757.0,POR,Portland Trail Blazers,22400853.0,2025-02-28,POR @ BKN,W,4.0,0.0,1.0,0.0,0.0,1.0,0.0,0.0,0.0,0.0,0.0,0.0,0.0,0.0,0.0,0.0,1.0,2.0,0.0,-5.0,-1.0,1.0,2025-02-28,Rayan Rupert,-1.0,-5.0,POR @ BKN,W,Portland Trail Blazers,0.843,0.462,0.4,0.667,0.4,0.0,0.0,0.0,0.0,6.0,2.814,4.672,1.56,2.2,2.08,0.0,0.0,0.0,0.0,0.0,120.0,0.0,0.0,0.0,0.0,0.0,0.0,0.0,0.0,3.268,0.76,7.821,4.3,6.0,6.2,0.0,0.183,4.397,-1.897,-1.0,1.0,-0.2,1.0,-1.25,0.0,1.08,2.282,0.5,0.667,0.4,0.0,0.0,0.0,1.229,1.179,0.8,1.0,1.4,0.0,1.0,0.0,-0.061,0.074,1.7,1.9,0.0,1.66,11.0,1.0,0.0,,0.0,0,48
PF/C,Ousmane Dieng (37839351),Ousmane Dieng,37839351,PF/C/F/UTIL,3300,HOU@OKC 03/03/2025 08:00PM ET,OKC,9.61,HOU,OKC,HOU,Ousmane Dieng,22024.0,1631172.0,1610612760.0,OKC,Oklahoma City Thunder,22400871.0,2025-03-02,OKC @ SAS,W,16.0,3.0,5.0,0.6,1.0,3.0,0.333,0.0,0.0,0.0,0.0,2.0,2.0,1.0,0.0,1.0,0.0,1.0,7.0,-1.0,13.9,1.0,2025-03-02,Ousmane Dieng,13.9,-1.0,OKC @ SAS,W,Oklahoma City Thunder,1.509,0.935,1.5,0.667,2.0,0.062,1.0,0.353,0.0,9.0,10.689,9.674,11.31,8.267,14.0,1.0,2.2,0.3,0.1,0.1,122.0,0.0,0.0,0.0,0.0,0.0,0.0,0.0,1.0,9.163,0.664,11.29,13.8,9.333,16.8,1.0,0.8,5.777,0.935,1.6,3.0,3.6,1.0,-0.062,1.0,6.763,3.839,5.8,4.0,6.6,0.438,1.0,0.575,2.214,2.323,2.3,1.333,3.0,0.125,1.0,0.533,0.424,0.331,4.467,3.0,0.438,6.667,10.0,1.0,0.0,,0.0,0,48
PG,Malachi Flynn (37839362),Malachi Flynn,37839362,PG/G/UTIL,3200,GSW@CHA 03/03/2025 07:00PM ET,CHA,4.0,GSW,CHA,GSW,Malachi Flynn,22024.0,1630201.0,1610612766.0,CHA,Charlotte Hornets,22400860.0,2025-03-01,CHA vs. WAS,L,8.0,1.0,1.0,1.0,0.0,0.0,0.0,0.0,0.0,0.0,0.0,0.0,0.0,2.0,0.0,0.0,2.0,0.0,2.0,-2.0,3.0,1.0,2025-03-01,Malachi Flynn,3.0,-2.0,CHA vs. WAS,L,Charlotte Hornets,0.0,2.0,2.0,2.0,2.0,0.25,0.0,0.714,0.0,0.0,0.0,3.0,3.0,3.0,3.0,0.0,0.0,0.0,0.0,0.0,121.0,0.0,1.0,0.0,0.0,0.0,0.0,0.0,0.0,0.0,0.0,8.0,8.0,8.0,8.0,0.0,0.335,0.0,-2.0,-2.0,-2.0,-2.0,0.0,-0.25,0.0,0.0,2.0,2.0,2.0,2.0,0.25,0.0,0.2,0.0,0.0,0.0,0.0,0.0,0.0,0.0,0.0,-0.25,0.25,0.0,0.0,0.25,3.347,10.0,0.0,0.0,,0.0,0,48
C,Oscar Tshiebwe (37839360),Oscar Tshiebwe,37839360,C/UTIL,3200,DET@UTA 03/03/2025 09:00PM ET,UTA,18.6,DET,UTA,DET,Oscar Tshiebwe,22024.0,1631131.0,1610612762.0,UTA,Utah Jazz,22400872.0,2025-03-02,UTA vs. NOP,L,20.0,8.0,9.0,0.889,0.0,0.0,0.0,0.0,0.0,0.0,4.0,9.0,13.0,1.0,1.0,0.0,0.0,1.0,16.0,25.0,36.1,1.0,2025-03-02,Oscar Tshiebwe,36.1,25.0,UTA vs. NOP,L,Utah Jazz,0.548,0.4,0.4,0.667,0.4,0.05,0.0,0.286,1.0,22.0,10.026,19.04,19.04,20.467,19.04,0.0,4.265,0.0,0.0,0.0,122.0,0.0,1.0,0.0,0.0,0.0,0.0,0.0,1.0,4.817,0.325,14.8,14.8,13.333,14.8,0.0,0.833,13.975,5.4,5.4,9.667,5.4,0.0,1.25,1.0,5.857,6.4,6.4,8.667,6.4,0.8,0.0,1.322,3.899,7.2,7.2,7.333,7.2,0.65,0.0,3.171,0.403,0.572,1.467,0.0,0.8,8.333,4.0,0.0,0.0,,0.0,0,48
PF,Simone Fontecchio (37839365),Simone Fontecchio,37839365,PF/F/UTIL,3200,DET@UTA 03/03/2025 09:00PM ET,DET,12.49,DET,UTA,UTA,Simone Fontecchio,22024.0,1631323.0,1610612765.0,DET,Detroit Pistons,22400861.0,2025-03-01,DET vs. BKN,W,14.0,0.0,2.0,0.0,0.0,2.0,0.0,0.0,0.0,0.0,1.0,2.0,3.0,3.0,1.0,0.0,1.0,2.0,0.0,-7.0,10.1,1.0,2025-03-01,Simone Fontecchio,10.1,-7.0,DET vs. BKN,W,Detroit Pistons,1.054,0.907,1.0,1.333,1.2,0.214,1.0,1.355,0.0,1.0,7.446,12.002,11.06,9.6,9.76,0.0,-3.08,0.1,0.1,0.0,121.0,1.0,1.0,0.0,0.0,0.0,0.0,0.0,0.0,5.384,0.361,17.278,14.9,10.667,12.6,0.0,0.817,10.236,-1.111,-0.9,0.333,-2.4,0.0,-0.5,0.0,4.165,6.111,4.7,4.667,4.4,0.0,0.0,0.0,3.093,3.019,3.3,1.333,2.8,0.214,0.0,0.894,-0.167,0.441,4.233,2.3,0.0,5.833,12.0,1.0,19.0,,13.84,0,48
PG/SG,Marcus Sasser (37839368),Marcus Sasser,37839368,PG/SG/G/UTIL,3100,DET@UTA 03/03/2025 09:00PM ET,DET,12.05,DET,UTA,UTA,Marcus Sasser,22024.0,1631204.0,1610612765.0,DET,Detroit Pistons,22400861.0,2025-03-01,DET vs. BKN,W,4.0,0.0,0.0,0.0,0.0,0.0,0.0,2.0,2.0,1.0,0.0,0.0,0.0,1.0,0.0,0.0,0.0,2.0,2.0,0.0,3.5,1.0,2025-03-01,Marcus Sasser,3.5,0.0,DET vs. BKN,W,Detroit Pistons,1.767,2.217,2.7,2.0,1.4,0.25,0.0,0.452,0.0,1.0,6.885,11.796,11.35,8.733,8.38,0.0,-3.4,0.2,0.1,0.0,121.0,1.0,1.0,0.0,0.0,0.0,0.0,0.0,0.0,8.276,0.657,13.63,12.6,9.667,8.6,0.0,0.233,9.49,-0.152,1.5,8.667,2.8,1.0,0.0,0.0,4.809,5.87,5.3,5.333,6.0,0.5,1.0,0.243,1.054,1.152,1.0,0.333,0.4,0.0,0.0,0.0,0.885,0.794,2.933,4.0,0.5,1.667,11.0,1.0,13.0,,12.38,0,48
PG,Jeff Dowtin (37839372),Jeff Dowtin,37839372,PG/G/UTIL,3100,POR@PHI 03/03/2025 07:00PM ET,PHI,8.16,POR,PHI,POR,Jeff Dowtin,22024.0,1630288.0,1610612755.0,PHI,Philadelphia 76ers,22400864.0,2025-03-01,PHI vs. GSW,W,14.0,2.0,3.0,0.667,1.0,1.0,1.0,0.0,0.0,0.0,0.0,0.0,0.0,3.0,0.0,0.0,0.0,0.0,5.0,12.0,9.5,1.0,2025-03-01,Jeff Dowtin Jr.,9.5,12.0,PHI vs. GSW,W,Philadelphia 76ers,2.111,1.556,2.3,2.0,1.8,0.214,1.0,1.0,0.0,5.0,7.309,8.378,8.45,7.533,5.86,0.0,1.9,0.1,0.0,0.0,121.0,0.0,1.0,0.0,0.0,0.0,0.0,0.0,1.0,6.25,0.53,11.0,11.8,9.333,10.2,0.0,0.521,8.512,-3.185,-5.3,3.0,-3.2,0.0,0.857,1.0,2.359,3.37,2.7,2.333,1.8,0.357,0.0,0.357,1.247,1.148,1.0,1.0,0.8,0.0,0.0,0.0,0.352,0.252,2.467,1.6,0.357,5.785,8.0,1.0,14.0,,11.63,0,48
SF/PF,Kevin Knox II (37839378),Kevin Knox,37839378,SF/PF/F/UTIL,3000,GSW@CHA 03/03/2025 07:00PM ET,GSW,9.35,GSW,CHA,CHA,Kevin Knox II,22024.0,1628995.0,1610612744.0,GSW,Golden State Warriors,22400864.0,2025-03-01,GSW @ PHI,L,7.0,0.0,2.0,0.0,0.0,1.0,0.0,1.0,2.0,0.5,1.0,0.0,1.0,0.0,0.0,0.0,0.0,0.0,1.0,-14.0,2.2,1.0,2025-03-01,Kevin Knox II,2.2,-14.0,GSW @ PHI,L,Golden State Warriors,1.342,0.6,0.6,1.0,0.6,0.0,0.0,0.0,0.0,2.0,12.449,9.46,9.46,11.967,9.46,0.0,-1.815,0.0,0.0,0.0,121.0,0.0,0.0,0.0,0.0,0.0,0.0,0.0,0.0,4.561,0.616,7.4,7.4,9.0,7.4,0.0,0.322,7.727,-0.8,-0.8,-1.667,-0.8,0.0,-2.0,0.0,4.324,4.8,4.8,5.0,4.8,0.143,0.0,0.092,1.789,1.8,1.8,2.333,1.8,0.143,0.0,0.224,-0.289,0.448,1.6,0.0,0.143,2.929,10.0,0.0,0.0,,0.0,0,48
C,Taj Gibson (37839465),Taj Gibson,37839465,C/UTIL,3000,GSW@CHA 03/03/2025 07:00PM ET,CHA,9.8,GSW,CHA,GSW,Taj Gibson,22024.0,201959.0,1610612766.0,CHA,Charlotte Hornets,22400847.0,2025-02-27,CHA @ DAL,L,4.0,2.0,2.0,1.0,0.0,0.0,0.0,0.0,0.0,0.0,1.0,0.0,1.0,0.0,0.0,0.0,1.0,0.0,4.0,1.0,4.2,1.0,2025-02-27,Taj Gibson,4.2,1.0,CHA @ DAL,L,Charlotte Hornets,1.16,0.56,0.7,0.0,0.6,0.0,1.0,0.0,0.0,15.0,8.297,9.952,12.53,12.067,14.14,1.0,-2.04,0.1,0.0,0.0,119.0,0.0,0.0,0.0,0.0,0.0,0.0,0.0,0.0,6.385,0.487,11.6,13.1,13.667,14.8,1.0,0.166,9.154,-3.08,-3.3,-1.667,1.2,1.0,0.25,2.0,3.239,2.96,3.6,5.333,5.2,1.0,1.0,0.417,3.784,3.76,4.9,5.333,5.2,0.25,1.0,0.179,-0.015,0.529,0.567,1.7,1.0,1.66,9.0,0.0,0.0,,0.0,0,48
C,Grant Williams (37839467),Grant Williams,37839467,C/UTIL,3000,GSW@CHA 03/03/2025 07:00PM ET,CHA,24.09,GSW,CHA,GSW,Grant Williams,22024.0,1629684.0,1610612766.0,CHA,Charlotte Hornets,22400268.0,2024-11-23,CHA @ MIL,L,32.0,2.0,6.0,0.333,2.0,3.0,0.667,2.0,2.0,1.0,0.0,7.0,7.0,2.0,1.0,1.0,1.0,3.0,8.0,2.0,24.4,1.0,2024-11-23,Grant Williams,24.4,2.0,CHA @ MIL,L,Charlotte Hornets,0.994,2.312,1.9,2.333,2.4,0.062,1.0,0.909,0.0,2.0,7.138,24.056,26.45,27.3,26.92,1.0,-0.18,1.0,0.9,0.7,32.0,0.0,0.0,1.0,1.0,1.0,1.0,1.0,9.0,5.174,0.162,29.938,31.9,35.0,34.0,1.0,1.339,15.154,0.625,-0.1,-2.0,-2.8,0.0,0.062,0.0,4.377,10.375,11.4,12.0,11.4,0.25,1.0,0.672,2.309,5.125,6.0,5.667,6.6,0.219,1.0,1.458,-0.067,0.345,3.1,2.1,0.25,13.389,3.0,0.0,0.0,Out for season,0.0,0,48
PG,Tre Mann (37839469),Tre Mann,37839469,PG/G/UTIL,3000,GSW@CHA 03/03/2025 07:00PM ET,CHA,23.88,GSW,CHA,GSW,Tre Mann,22024.0,1630544.0,1610612766.0,CHA,Charlotte Hornets,22400260.0,2024-11-21,CHA vs. DET,W,21.0,2.0,10.0,0.2,0.0,3.0,0.0,1.0,2.0,0.5,0.0,2.0,2.0,0.0,0.0,1.0,1.0,0.0,5.0,-9.0,9.4,1.0,2024-11-21,Tre Mann,9.4,-9.0,CHA vs. DET,W,Charlotte Hornets,2.404,3.0,3.0,2.0,2.0,0.0,0.0,0.0,0.0,2.0,11.799,22.7,20.78,17.267,15.64,0.0,-0.64,0.9,0.4,0.0,30.0,0.0,1.0,0.0,0.0,1.0,0.0,0.0,0.0,4.27,0.183,24.538,23.3,22.667,22.2,0.0,0.789,12.387,-4.231,-4.1,-3.0,0.0,1.0,-0.429,0.0,7.913,14.077,12.8,11.667,10.8,0.238,0.0,0.407,1.43,2.923,2.4,3.0,2.2,0.095,0.0,0.465,-0.164,0.498,0.633,1.1,0.238,7.895,5.0,1.0,0.0,Out for season,0.0,0,48
PF,Brandon Miller (37839472),Brandon Miller,37839472,PF/F/UTIL,3000,GSW@CHA 03/03/2025 07:00PM ET,CHA,36.81,GSW,CHA,GSW,Brandon Miller,22024.0,1641706.0,1610612766.0,CHA,Charlotte Hornets,22400569.0,2025-01-15,CHA @ UTA,W,33.0,8.0,18.0,0.444,3.0,10.0,0.3,1.0,4.0,0.25,2.0,3.0,5.0,3.0,3.0,1.0,5.0,2.0,20.0,12.0,37.5,1.0,2025-01-15,Brandon Miller,37.5,12.0,CHA @ UTA,W,Charlotte Hornets,2.348,3.63,3.8,3.667,4.4,0.091,1.0,1.222,0.0,3.0,5.759,34.933,32.26,30.3,31.88,0.0,2.74,1.0,1.0,0.9,81.0,0.0,0.0,0.0,0.0,1.0,1.0,1.0,0.0,3.127,0.092,34.259,34.0,33.0,33.4,0.0,1.519,14.033,-4.593,-7.6,3.0,-2.4,1.0,0.364,0.0,5.06,21.037,20.4,17.333,18.8,0.606,0.0,1.88,1.418,4.852,4.3,4.0,3.4,0.152,0.0,1.222,0.091,0.525,1.0,0.6,0.606,13.808,4.0,1.0,0.0,Out for season,0.0,0,48
PG,Taran Armstrong (37839552),Taran Armstrong,37839552,PG/G/UTIL,3000,GSW@CHA 03/03/2025 07:00PM ET,GSW,0.0,GSW,CHA,CHA,Taran Armstrong,0.0,0.0,0.0,,,0.0,,,,0.0,0.0,0.0,0.0,0.0,0.0,0.0,0.0,0.0,0.0,0.0,0.0,0.0,0.0,0.0,0.0,0.0,0.0,0.0,0.0,0.0,0.0,,,0.0,0.0,,,,0.0,0.0,0.0,0.0,0.0,0.0,0.0,0.0,0.0,0.0,0.0,0.0,0.0,0.0,0.0,0.0,0.0,0.0,0.0,0.0,0.0,0.0,0.0,0.0,0.0,0.0,0.0,0.0,0.0,0.0,0.0,0.0,0.0,0.0,0.0,0.0,0.0,0.0,0.0,0.0,0.0,0.0,0.0,0.0,0.0,0.0,0.0,0.0,0.0,0.0,0.0,0.0,0.0,0.0,0.0,0.0,0.0,0.0,0.0,0.0,0.0,0.0,0.0,0.0,0.0,0.0,0.0,0.0,0.0,0.0,,0.0,0,48
PF,Jackson Rowe (37839555),Jackson Rowe,37839555,PF/F/UTIL,3000,GSW@CHA 03/03/2025 07:00PM ET,GSW,7.4,GSW,CHA,CHA,Jackson Rowe,22024.0,1642050.0,1610612744.0,GSW,Golden State Warriors,22400834.0,2025-02-25,GSW vs. CHA,W,8.0,2.0,3.0,0.667,0.0,0.0,0.0,2.0,2.0,1.0,0.0,1.0,1.0,0.0,0.0,0.0,1.0,0.0,6.0,2.0,6.2,1.0,2025-02-25,Jackson Rowe,6.2,2.0,GSW vs. CHA,W,Golden State Warriors,0.894,0.6,0.6,0.333,0.6,0.0,0.0,0.0,0.0,15.0,4.697,7.62,7.62,5.3,7.62,0.0,-0.355,0.0,0.0,0.0,117.0,0.0,1.0,0.0,0.0,0.0,0.0,0.0,0.0,6.107,0.727,8.4,8.4,4.333,8.4,0.0,0.465,8.228,2.8,2.8,-0.667,2.8,0.0,0.25,1.0,2.683,3.2,3.2,3.333,3.2,0.75,0.0,0.656,1.949,1.6,1.6,0.667,1.6,0.125,0.0,0.275,-0.25,1.083,4.067,0.0,0.75,3.32,14.0,1.0,0.0,G-League,0.0,0,48
PG/SG,Yuri Collins (37839558),Yuri Collins,37839558,PG/SG/G/UTIL,3000,GSW@CHA 03/03/2025 07:00PM ET,GSW,7.88,GSW,CHA,CHA,Yuri Collins,22024.0,1641879.0,1610612744.0,GSW,Golden State Warriors,22400834.0,2025-02-25,GSW vs. CHA,W,10.0,0.0,0.0,0.0,0.0,0.0,0.0,0.0,0.0,0.0,1.0,0.0,1.0,3.0,1.0,0.0,0.0,2.0,0.0,-1.0,8.7,1.0,2025-02-25,Yuri Collins,8.7,-1.0,GSW vs. CHA,W,Golden State Warriors,1.414,2.0,2.0,2.0,2.0,0.3,0.0,1.05,0.0,2.0,0.141,8.8,8.8,8.8,8.8,0.0,-0.1,0.0,0.0,0.0,117.0,0.0,1.0,0.0,0.0,0.0,0.0,0.0,1.0,2.828,0.354,8.0,8.0,8.0,8.0,0.0,0.581,2.121,-2.5,-2.5,-2.5,-2.5,0.0,-0.1,0.0,1.414,1.0,1.0,1.0,1.0,0.0,0.0,0.0,0.707,1.5,1.5,1.5,1.5,0.1,0.0,0.275,-0.383,0.167,0.0,0.0,0.0,4.149,12.0,1.0,0.0,,0.0,0,48
PG/SG,Pat Spencer (37839562),Pat Spencer,37839562,PG/SG/G/UTIL,3000,GSW@CHA 03/03/2025 07:00PM ET,GSW,7.52,GSW,CHA,CHA,Pat Spencer,22024.0,1630311.0,1610612744.0,GSW,Golden State Warriors,22400864.0,2025-03-01,GSW @ PHI,L,3.0,0.0,2.0,0.0,0.0,1.0,0.0,0.0,0.0,0.0,0.0,1.0,1.0,0.0,0.0,0.0,0.0,0.0,0.0,-9.0,1.2,1.0,2025-03-01,Pat Spencer,1.2,-9.0,GSW @ PHI,L,Golden State Warriors,1.247,1.37,1.0,0.333,0.8,0.0,0.0,0.0,0.0,4.0,6.828,7.685,7.76,6.3,7.12,0.0,-0.54,0.0,0.0,0.0,121.0,0.0,0.0,0.0,0.0,0.0,0.0,0.0,0.0,5.641,0.762,7.222,7.4,6.333,7.0,0.0,0.138,3.887,-1.222,-2.0,-4.667,-2.8,0.0,-3.0,0.0,4.566,2.778,3.2,2.0,2.4,0.0,0.0,0.0,1.687,1.481,1.8,2.333,1.6,0.333,1.0,0.224,-1.256,0.2,1.067,0.4,0.0,1.255,11.0,0.0,0.0,,0.0,0,48
PG,EJ Harkless (37839494),Ej Harkless,37839494,PG/G/UTIL,3000,DET@UTA 03/03/2025 09:00PM ET,UTA,9.42,DET,UTA,DET,EJ Harkless,22024.0,1641989.0,1610612762.0,UTA,Utah Jazz,22400768.0,2025-02-10,UTA @ LAL,L,3.0,0.0,0.0,0.0,0.0,0.0,0.0,0.0,0.0,0.0,0.0,0.0,0.0,0.0,0.0,0.0,0.0,1.0,0.0,5.0,0.0,1.0,2025-02-10,Elijah Harkless,0.0,5.0,UTA @ LAL,L,Utah Jazz,0.789,0.8,0.8,0.333,0.8,0.0,0.0,0.0,0.0,13.0,8.493,9.92,9.92,2.767,10.0,1.0,-1.78,0.2,0.0,0.0,107.0,0.0,0.0,0.0,0.0,0.0,0.0,0.0,0.0,6.881,0.502,13.7,13.7,6.333,11.8,0.0,0.137,8.412,3.1,3.1,1.0,0.4,0.0,1.667,0.0,3.736,3.2,3.2,0.667,3.6,0.0,1.0,0.0,1.37,2.1,2.1,1.333,2.0,0.0,0.0,0.0,0.333,0.067,7.367,1.9,0.0,1.245,11.0,0.0,0.0,G-League,0.0,0,48
C,Taylor Hendricks (37839497),Taylor Hendricks,37839497,C/UTIL,3000,DET@UTA 03/03/2025 09:00PM ET,UTA,18.08,DET,UTA,DET,Taylor Hendricks,22024.0,1641707.0,1610612762.0,UTA,Utah Jazz,22400110.0,2024-10-28,UTA @ DAL,L,21.0,0.0,5.0,0.0,0.0,3.0,0.0,2.0,2.0,1.0,2.0,1.0,3.0,2.0,1.0,1.0,1.0,2.0,2.0,-4.0,13.6,1.0,2024-10-28,Taylor Hendricks,13.6,-4.0,UTA @ DAL,L,Utah Jazz,1.155,0.667,0.667,0.667,0.667,0.095,0.0,0.917,0.0,3.0,6.72,20.0,20.0,20.0,20.0,0.0,-3.2,1.0,0.333,0.0,7.0,0.0,0.0,0.0,0.0,1.0,0.0,0.0,0.0,4.0,0.16,25.0,25.0,25.0,25.0,0.0,0.962,11.372,-7.333,-7.333,-7.333,-7.333,0.0,-0.19,0.0,6.429,4.667,4.667,4.667,4.667,0.095,0.0,0.216,2.0,5.0,5.0,5.0,5.0,0.143,0.0,0.66,-0.307,0.17,0.0,0.0,0.095,8.75,7.0,0.0,0.0,Out for season,0.0,0,48
PF,Lindy Waters III (37839604),Lindy Waters,37839604,PF/F/UTIL,3000,DET@UTA 03/03/2025 09:00PM ET,DET,11.16,DET,UTA,UTA,Lindy Waters III,22024.0,1630322.0,1610612765.0,DET,Detroit Pistons,22400861.0,2025-03-01,DET vs. BKN,W,4.0,0.0,1.0,0.0,0.0,1.0,0.0,0.0,0.0,0.0,0.0,0.0,0.0,0.0,0.0,0.0,0.0,1.0,0.0,2.0,0.0,1.0,2025-03-01,Lindy Waters III,0.0,2.0,DET vs. BKN,W,Detroit Pistons,0.843,1.0,0.6,0.0,0.2,0.0,0.0,0.0,0.0,1.0,4.994,11.021,4.26,1.667,1.54,0.0,-0.84,0.0,0.0,0.0,121.0,1.0,1.0,0.0,0.0,0.0,0.0,0.0,0.0,5.518,0.788,15.814,7.0,3.667,4.6,0.0,0.233,5.462,-0.372,-1.5,3.333,0.8,1.0,0.5,0.0,2.121,4.93,1.5,1.0,0.6,0.0,0.0,0.0,1.229,2.256,0.8,0.0,0.2,0.0,0.0,0.0,0.861,0.333,3.333,2.4,0.0,1.667,13.0,1.0,0.0,,0.0,0,48
C,Paul Reed (37839607),Paul Reed,37839607,C/UTIL,3000,DET@UTA 03/03/2025 09:00PM ET,DET,11.54,DET,UTA,UTA,Paul Reed,22024.0,1630194.0,1610612765.0,DET,Detroit Pistons,22400861.0,2025-03-01,DET vs. BKN,W,4.0,0.0,0.0,0.0,0.0,0.0,0.0,2.0,2.0,1.0,0.0,2.0,2.0,0.0,0.0,0.0,2.0,0.0,2.0,1.0,2.4,1.0,2025-03-01,Paul Reed,2.4,1.0,DET vs. BKN,W,Detroit Pistons,0.789,0.943,0.8,1.0,0.6,0.0,0.0,0.0,0.0,1.0,8.244,12.523,11.94,10.1,7.3,0.0,-3.26,0.0,0.0,0.0,121.0,1.0,1.0,0.0,0.0,0.0,0.0,0.0,0.0,4.756,0.61,9.229,7.8,6.333,5.2,0.0,0.233,3.795,1.029,-0.8,2.333,0.0,0.0,0.25,0.0,2.47,4.2,3.9,4.0,3.4,0.5,0.0,0.243,2.263,2.543,3.7,3.0,2.0,0.5,0.0,0.596,0.333,0.611,1.467,2.6,0.5,1.667,10.0,1.0,0.0,,0.0,0,48
PG,Daniss Jenkins (37839609),Daniss Jenkins,37839609,PG/G/UTIL,3000,DET@UTA 03/03/2025 09:00PM ET,DET,-0.1,DET,UTA,UTA,Daniss Jenkins,22024.0,1642450.0,1610612765.0,DET,Detroit Pistons,22400836.0,2025-02-26,DET vs. BOS,W,2.0,0.0,0.0,0.0,0.0,0.0,0.0,0.0,0.0,0.0,0.0,0.0,0.0,0.0,0.0,0.0,0.0,1.0,0.0,0.0,0.0,1.0,2025-02-26,Daniss Jenkins,0.0,0.0,DET vs. BOS,W,Detroit Pistons,0.0,0.0,0.0,0.0,0.0,0.0,0.0,0.0,0.0,19.0,0.447,-0.2,-0.2,-0.333,-0.2,0.0,0.05,0.0,0.0,0.0,118.0,0.0,1.0,0.0,0.0,0.0,0.0,0.0,0.0,1.581,0.791,2.0,2.0,1.667,2.0,0.0,0.107,4.087,-2.8,-2.8,-3.0,-2.8,0.0,0.0,0.0,0.0,0.0,0.0,0.0,0.0,0.0,0.0,0.0,0.0,0.0,0.0,0.0,0.0,0.0,0.0,0.0,-1.5,0.0,0.333,0.0,0.0,0.823,13.0,1.0,0.0,G-League,0.0,0,48
PF,Bobi Klintman (37839612),Bobi Klintman,37839612,PF/F/UTIL,3000,DET@UTA 03/03/2025 09:00PM ET,DET,1.33,DET,UTA,UTA,Bobi Klintman,22024.0,1641752.0,1610612765.0,DET,Detroit Pistons,22400861.0,2025-03-01,DET vs. BKN,W,3.0,0.0,0.0,0.0,0.0,0.0,0.0,0.0,0.0,0.0,0.0,1.0,1.0,0.0,0.0,1.0,1.0,0.0,0.0,1.0,3.2,1.0,2025-03-01,Bobi Klintman,3.2,1.0,DET vs. BKN,W,Detroit Pistons,0.408,0.167,0.167,0.0,0.2,0.0,1.0,0.0,0.0,1.0,1.281,1.383,1.383,1.467,1.18,0.0,0.16,0.0,0.0,0.0,121.0,1.0,1.0,0.0,0.0,0.0,0.0,0.0,0.0,0.894,0.298,3.0,3.0,3.333,2.8,0.0,0.175,4.844,0.667,0.667,3.0,2.2,1.0,0.333,0.0,0.0,0.0,0.0,0.0,0.0,0.0,0.0,0.0,0.816,0.667,0.667,0.667,0.4,0.333,0.0,0.298,0.806,0.0,0.333,0.2,0.0,1.25,14.0,1.0,0.0,G-League,0.0,0,48
SF,Ron Harper Jr. (37839615),Ron Harper,37839615,SF/F/UTIL,3000,DET@UTA 03/03/2025 09:00PM ET,DET,0.0,DET,UTA,UTA,Ron Harper Jr.,0.0,0.0,0.0,,,0.0,,,,0.0,0.0,0.0,0.0,0.0,0.0,0.0,0.0,0.0,0.0,0.0,0.0,0.0,0.0,0.0,0.0,0.0,0.0,0.0,0.0,0.0,0.0,,,0.0,0.0,,,,0.0,0.0,0.0,0.0,0.0,0.0,0.0,0.0,0.0,0.0,0.0,0.0,0.0,0.0,0.0,0.0,0.0,0.0,0.0,0.0,0.0,0.0,0.0,0.0,0.0,0.0,0.0,0.0,0.0,0.0,0.0,0.0,0.0,0.0,0.0,0.0,0.0,0.0,0.0,0.0,0.0,0.0,0.0,0.0,0.0,0.0,0.0,0.0,0.0,0.0,0.0,0.0,0.0,0.0,0.0,0.0,0.0,0.0,0.0,0.0,0.0,0.0,0.0,0.0,0.0,0.0,0.0,0.0,0.0,0.0,G-League,0.0,0,48
C,Tolu Smith (37839618),Tolu Smith,37839618,C/UTIL,3000,DET@UTA 03/03/2025 09:00PM ET,DET,0.0,DET,UTA,UTA,Tolu Smith,0.0,0.0,0.0,,,0.0,,,,0.0,0.0,0.0,0.0,0.0,0.0,0.0,0.0,0.0,0.0,0.0,0.0,0.0,0.0,0.0,0.0,0.0,0.0,0.0,0.0,0.0,0.0,,,0.0,0.0,,,,0.0,0.0,0.0,0.0,0.0,0.0,0.0,0.0,0.0,0.0,0.0,0.0,0.0,0.0,0.0,0.0,0.0,0.0,0.0,0.0,0.0,0.0,0.0,0.0,0.0,0.0,0.0,0.0,0.0,0.0,0.0,0.0,0.0,0.0,0.0,0.0,0.0,0.0,0.0,0.0,0.0,0.0,0.0,0.0,0.0,0.0,0.0,0.0,0.0,0.0,0.0,0.0,0.0,0.0,0.0,0.0,0.0,0.0,0.0,0.0,0.0,0.0,0.0,0.0,0.0,0.0,0.0,0.0,0.0,0.0,G-League,0.0,0,48
PG,Jaden Ivey (37839620),Jaden Ivey,37839620,PG/G/UTIL,3000,DET@UTA 03/03/2025 09:00PM ET,DET,30.88,DET,UTA,UTA,Jaden Ivey,22024.0,1631093.0,1610612765.0,DET,Detroit Pistons,22400455.0,2025-01-01,DET vs. ORL,W,27.0,8.0,11.0,0.727,5.0,6.0,0.833,1.0,2.0,0.5,0.0,1.0,1.0,4.0,1.0,0.0,5.0,0.0,22.0,9.0,27.2,1.0,2025-01-01,Jaden Ivey,27.2,9.0,DET vs. ORL,W,Detroit Pistons,2.359,3.967,3.3,1.667,3.0,0.148,0.0,1.6,0.0,4.0,7.526,29.443,25.45,24.167,28.94,0.0,1.52,1.0,0.8,0.1,67.0,0.0,1.0,0.0,0.0,1.0,1.0,0.0,0.0,3.368,0.122,29.967,27.7,27.0,28.0,0.0,1.125,11.2,-2.067,-6.1,-3.0,0.4,1.0,0.333,1.0,4.6,17.6,15.6,19.333,19.2,0.815,1.0,2.095,2.068,4.133,3.5,3.333,4.2,0.037,1.0,0.204,-0.169,0.733,0.7,0.3,0.815,11.25,4.0,1.0,0.0,Out for season,0.0,0,48
C,Kylor Kelley (37839489),Kylor Kelley,37839489,C/UTIL,3000,SAC@DAL 03/03/2025 08:30PM ET,DAL,7.28,SAC,DAL,SAC,Kylor Kelley,22024.0,1630283.0,1610612742.0,DAL,Dallas Mavericks,22400812.0,2025-02-23,DAL @ GSW,L,6.0,1.0,2.0,0.5,0.0,0.0,0.0,0.0,0.0,0.0,0.0,1.0,1.0,1.0,0.0,0.0,0.0,0.0,2.0,4.0,4.7,1.0,2025-02-23,Kylor Kelley,4.7,4.0,DAL @ GSW,L,Dallas Mavericks,0.463,0.25,0.25,0.333,0.2,0.167,0.0,0.542,0.0,10.0,9.294,7.15,7.15,3.7,2.66,0.0,-4.8,0.125,0.125,0.125,115.0,0.0,0.0,0.0,0.0,0.0,0.0,0.0,0.0,10.676,1.275,8.375,8.375,3.667,3.4,0.0,0.325,7.309,-4.5,-4.5,-0.333,-1.2,1.0,0.667,0.0,3.964,3.0,3.0,2.0,1.4,0.333,0.0,0.255,3.623,2.625,2.625,1.0,0.8,0.167,0.0,0.317,-0.556,0.556,4.708,4.975,0.333,2.5,12.0,0.0,0.0,,0.0,0,48
PG,Brandon Williams (37839491),Brandon Williams,37839491,PG/G/UTIL,3000,SAC@DAL 03/03/2025 08:30PM ET,DAL,7.1,SAC,DAL,SAC,Brandon Williams,22024.0,1630314.0,1610612742.0,DAL,Dallas Mavericks,22400812.0,2025-02-23,DAL @ GSW,L,12.0,1.0,3.0,0.333,1.0,1.0,1.0,2.0,2.0,1.0,0.0,1.0,1.0,1.0,0.0,1.0,0.0,0.0,5.0,1.0,10.7,1.0,2025-02-23,Brandon Williams,10.7,1.0,DAL @ GSW,L,Dallas Mavericks,2.003,1.15,1.7,1.333,2.2,0.083,1.0,0.542,0.0,10.0,6.821,6.835,8.61,15.533,13.3,1.0,2.14,0.1,0.0,0.0,115.0,0.0,0.0,0.0,0.0,0.0,0.0,0.0,5.0,7.058,0.666,8.6,10.6,17.333,15.6,1.0,0.65,6.204,-0.1,0.6,5.667,0.4,1.0,0.083,4.0,4.408,3.75,4.1,9.333,6.8,0.417,1.0,0.637,0.919,0.8,0.8,1.0,1.0,0.083,1.0,0.317,0.321,0.552,6.733,5.0,0.417,5.0,10.0,0.0,0.0,,0.0,0,48
PG,Markelle Fultz (37839582),Markelle Fultz,37839582,PG/G/UTIL,3000,SAC@DAL 03/03/2025 08:30PM ET,SAC,7.75,SAC,DAL,DAL,Markelle Fultz,22024.0,1628365.0,1610612758.0,SAC,Sacramento Kings,22400862.0,2025-03-01,SAC @ HOU,W,4.0,2.0,2.0,1.0,0.0,0.0,0.0,1.0,1.0,1.0,0.0,0.0,0.0,1.0,0.0,0.0,0.0,0.0,5.0,5.0,6.5,1.0,2025-03-01,Markelle Fultz,6.5,5.0,SAC @ HOU,W,Sacramento Kings,0.5,0.75,0.75,0.667,0.75,0.25,0.0,0.476,0.0,3.0,6.208,7.575,7.575,7.933,7.575,0.0,-0.358,0.0,0.0,0.0,121.0,0.0,0.0,0.0,0.0,0.0,0.0,0.0,0.0,6.633,0.737,9.0,9.0,8.667,9.0,0.0,0.167,5.715,5.0,5.0,7.333,5.0,0.0,1.25,1.0,3.317,4.5,4.5,3.333,4.5,1.25,0.0,0.442,1.414,1.0,1.0,1.333,1.0,0.0,0.0,0.0,1.056,0.509,0.333,0.0,1.25,1.674,10.0,1.0,3.0,,2.84,0,48
C,Jae Crowder (37839585),Jae Crowder,37839585,C/UTIL,3000,SAC@DAL 03/03/2025 08:30PM ET,SAC,7.54,SAC,DAL,DAL,Jae Crowder,22024.0,203109.0,1610612758.0,SAC,Sacramento Kings,22400558.0,2025-01-14,SAC @ MIL,L,3.0,0.0,0.0,0.0,0.0,0.0,0.0,0.0,0.0,0.0,0.0,0.0,0.0,0.0,0.0,0.0,0.0,0.0,0.0,-7.0,0.0,1.0,2025-01-14,Jae Crowder,0.0,-7.0,SAC @ MIL,L,Sacramento Kings,0.787,0.571,0.571,0.333,0.8,0.0,1.0,0.0,0.0,29.0,5.922,7.343,7.343,2.833,4.44,0.0,-3.08,0.286,0.143,0.0,80.0,0.0,0.0,0.0,0.0,0.0,0.0,0.0,0.0,8.454,0.643,13.143,13.143,7.0,8.8,0.0,0.161,8.524,-2.0,-2.0,-4.667,-4.2,0.0,-2.333,0.0,4.298,2.857,2.857,0.0,0.4,0.0,0.0,0.0,1.718,2.429,2.429,1.667,2.2,0.0,0.0,0.0,-1.244,0.0,6.143,4.343,0.0,1.24,10.0,0.0,0.0,,0.0,0,48
PF/C,Isaac Jones (37839587),Isaac Jones,37839587,PF/C/F/UTIL,3000,SAC@DAL 03/03/2025 08:30PM ET,SAC,6.68,SAC,DAL,DAL,Isaac Jones,22024.0,1642403.0,1610612758.0,SAC,Sacramento Kings,22400727.0,2025-02-05,SAC vs. ORL,L,14.0,2.0,4.0,0.5,0.0,0.0,0.0,0.0,1.0,0.0,3.0,1.0,4.0,2.0,0.0,0.0,1.0,2.0,4.0,10.0,10.8,1.0,2025-02-05,Isaac Jones,10.8,10.0,SAC vs. ORL,L,Sacramento Kings,0.699,0.32,0.6,1.333,0.8,0.143,1.0,1.13,0.0,2.0,4.988,6.784,6.3,10.467,6.28,0.0,1.46,0.0,0.0,0.0,102.0,0.0,1.0,0.0,0.0,0.0,0.0,0.0,3.0,5.397,0.701,8.68,7.7,14.333,9.4,1.0,0.758,4.971,-1.84,-0.6,0.0,0.8,1.0,0.714,3.0,2.058,3.64,2.7,5.0,3.0,0.286,0.0,0.468,1.581,1.52,1.5,2.333,1.4,0.286,0.0,1.405,-0.007,0.344,6.633,1.7,0.286,5.833,10.0,0.0,0.0,G-League,0.0,0,48
PG/SG,Devin Carter (37839591),Devin Carter,37839591,PG/SG/G/UTIL,3000,SAC@DAL 03/03/2025 08:30PM ET,SAC,9.29,SAC,DAL,DAL,Devin Carter,22024.0,1642269.0,1610612758.0,SAC,Sacramento Kings,22400828.0,2025-02-24,SAC vs. CHA,W,7.0,3.0,5.0,0.6,1.0,2.0,0.5,2.0,2.0,1.0,1.0,0.0,1.0,0.0,0.0,0.0,0.0,0.0,9.0,5.0,10.2,1.0,2025-02-24,Devin Carter,10.2,5.0,SAC vs. CHA,W,Sacramento Kings,1.155,1.167,1.0,0.0,1.0,0.0,0.0,0.0,0.0,3.0,6.982,9.15,7.2,4.8,9.3,1.0,-0.34,0.0,0.0,0.0,116.0,0.0,1.0,0.0,0.0,0.0,0.0,0.0,0.0,3.071,0.433,9.333,7.1,6.0,7.4,0.0,0.408,7.349,-0.611,-0.7,-2.333,1.4,1.0,0.714,1.0,3.573,3.778,3.1,3.0,4.0,1.286,1.0,0.969,1.581,2.278,1.5,0.667,2.0,0.143,0.0,0.286,-0.401,0.429,1.1,0.3,1.286,2.917,11.0,1.0,0.0,G-League,0.0,0,48
SF,Doug McDermott (37839595),Doug McDermott,37839595,SF/F/UTIL,3000,SAC@DAL 03/03/2025 08:30PM ET,SAC,4.87,SAC,DAL,DAL,Doug McDermott,22024.0,203926.0,1610612758.0,SAC,Sacramento Kings,22400828.0,2025-02-24,SAC vs. CHA,W,7.0,0.0,0.0,0.0,0.0,0.0,0.0,0.0,0.0,0.0,0.0,0.0,0.0,0.0,0.0,0.0,1.0,0.0,0.0,5.0,-1.0,1.0,2025-02-24,Doug McDermott,-1.0,5.0,SAC vs. CHA,W,Sacramento Kings,0.316,0.125,0.1,0.0,0.0,0.0,0.0,0.0,0.0,21.0,4.633,4.419,2.27,-0.333,0.04,0.0,-3.0,0.0,0.0,0.0,116.0,0.0,1.0,0.0,0.0,0.0,0.0,0.0,0.0,2.71,0.404,8.406,6.7,6.333,7.0,0.0,0.408,8.771,0.719,-0.6,0.667,-3.8,0.0,0.714,0.0,4.909,3.312,2.1,0.0,0.0,0.0,0.0,0.0,0.316,0.531,0.1,0.0,0.2,0.0,0.0,0.0,0.071,0.0,0.367,0.3,0.0,2.917,14.0,1.0,0.0,,0.0,0,48
PF,Isaiah Crawford (37839598),Isaiah Crawford,37839598,PF/F/UTIL,3000,SAC@DAL 03/03/2025 08:30PM ET,SAC,3.29,SAC,DAL,DAL,Isaiah Crawford,22024.0,1642384.0,1610612758.0,SAC,Sacramento Kings,22400828.0,2025-02-24,SAC vs. CHA,W,7.0,1.0,2.0,0.5,0.0,1.0,0.0,0.0,0.0,0.0,0.0,2.0,2.0,0.0,1.0,1.0,0.0,0.0,2.0,5.0,10.4,1.0,2025-02-24,Isaiah Crawford,10.4,5.0,SAC vs. CHA,W,Sacramento Kings,0.0,0.0,0.0,0.0,0.0,0.0,0.0,0.0,0.0,3.0,3.68,3.567,3.567,5.267,4.04,1.0,1.84,0.0,0.0,0.0,116.0,0.0,1.0,0.0,0.0,0.0,0.0,0.0,3.0,2.041,0.49,4.167,4.167,5.333,4.0,0.0,0.408,5.046,2.333,2.333,3.0,2.2,0.0,0.714,4.0,0.983,1.167,1.167,1.667,1.4,0.286,1.0,0.215,0.753,1.167,1.167,1.333,1.2,0.286,1.0,0.571,0.421,0.329,1.167,0.167,0.286,2.917,13.0,1.0,0.0,G-League,0.0,0,48
SG,Mason Jones (37839601),Mason Jones,37839601,SG/G/UTIL,3000,SAC@DAL 03/03/2025 08:30PM ET,SAC,6.57,SAC,DAL,DAL,Mason Jones,22024.0,1630222.0,1610612758.0,SAC,Sacramento Kings,22400828.0,2025-02-24,SAC vs. CHA,W,4.0,2.0,3.0,0.667,0.0,0.0,0.0,0.0,0.0,0.0,0.0,0.0,0.0,0.0,0.0,0.0,0.0,1.0,4.0,1.0,4.0,1.0,2025-02-24,Mason Jones,4.0,1.0,SAC vs. CHA,W,Sacramento Kings,1.618,1.429,1.429,0.333,1.2,0.0,0.0,0.0,0.0,3.0,3.894,6.371,6.371,6.233,7.72,1.0,-0.4,0.0,0.0,0.0,116.0,0.0,1.0,0.0,0.0,0.0,0.0,0.0,0.0,2.708,0.542,5.0,5.0,5.333,6.2,1.0,0.233,5.398,0.143,0.143,2.0,0.2,1.0,0.25,4.0,3.367,3.0,3.0,5.333,4.2,1.0,1.0,0.431,1.676,1.143,1.143,0.333,1.6,0.0,1.0,0.0,0.083,0.958,0.333,1.2,1.0,1.667,12.0,1.0,0.0,,0.0,0,48
PG,Keaton Wallace (37839400),Keaton Wallace,37839400,PG/G/UTIL,3000,ATL@MEM 03/03/2025 08:00PM ET,ATL,13.01,ATL,MEM,MEM,Keaton Wallace,22024.0,1630811.0,1610612737.0,ATL,Atlanta Hawks,22400851.0,2025-02-28,ATL vs. OKC,L,2.0,1.0,1.0,1.0,1.0,1.0,1.0,0.0,0.0,0.0,0.0,0.0,0.0,0.0,0.0,0.0,0.0,0.0,3.0,-1.0,3.0,1.0,2025-02-28,Keaton Wallace,3.0,-1.0,ATL vs. OKC,L,Atlanta Hawks,2.452,2.2,2.7,1.0,1.8,0.0,0.0,0.0,0.0,21.0,15.463,13.1,15.93,6.9,8.02,0.0,-1.1,0.3,0.2,0.2,120.0,0.0,1.0,0.0,0.0,0.0,0.0,0.0,0.0,10.761,0.575,16.8,18.7,11.0,12.0,0.0,0.092,14.525,-1.48,0.1,5.333,3.2,1.0,-0.5,0.0,7.692,5.64,7.5,3.667,3.4,1.5,0.0,0.277,1.897,1.4,1.4,0.333,0.6,0.0,0.0,0.0,0.162,0.692,7.7,6.7,1.5,0.833,9.0,0.0,0.0,,0.0,0,48
PF/C,Marvin Bagley III (37839450),Marvin Bagley,37839450,PF/C/F/UTIL,3000,ATL@MEM 03/03/2025 08:00PM ET,MEM,9.65,ATL,MEM,ATL,Marvin Bagley III,22024.0,1628963.0,1610612763.0,MEM,Memphis Grizzlies,22400788.0,2025-02-20,MEM @ IND,L,2.0,0.0,0.0,0.0,0.0,0.0,0.0,0.0,0.0,0.0,0.0,0.0,0.0,0.0,0.0,0.0,0.0,0.0,0.0,4.0,0.0,1.0,2025-02-20,Marvin Bagley III,0.0,4.0,MEM @ IND,L,Memphis Grizzlies,0.699,0.35,0.4,0.333,0.6,0.0,1.0,0.0,0.0,59.0,12.894,9.785,13.6,9.967,15.06,1.0,-1.98,0.2,0.0,0.0,112.0,0.0,0.0,0.0,0.0,0.0,0.0,0.0,0.0,8.629,0.764,8.55,11.3,9.667,11.8,1.0,0.116,7.875,-1.1,-2.7,-4.667,-4.6,0.0,2.0,0.0,6.877,4.65,6.2,3.0,7.0,0.0,1.0,0.0,3.1,2.8,3.5,4.0,3.8,0.0,1.0,0.0,0.263,0.206,1.633,0.5,0.0,0.826,12.0,0.0,0.0,,0.0,0,48
SG,Cam Spencer (37839454),Cam Spencer,37839454,SG/G/UTIL,3000,ATL@MEM 03/03/2025 08:00PM ET,MEM,8.48,ATL,MEM,ATL,Cam Spencer,22024.0,1642285.0,1610612763.0,MEM,Memphis Grizzlies,22400863.0,2025-03-01,MEM vs. SAS,L,5.0,0.0,1.0,0.0,0.0,0.0,0.0,0.0,0.0,0.0,0.0,0.0,0.0,0.0,0.0,0.0,0.0,1.0,0.0,-15.0,0.0,1.0,2025-03-01,Cam Spencer,0.0,-15.0,MEM vs. SAS,L,Memphis Grizzlies,1.897,1.455,1.4,0.667,1.8,0.0,1.0,0.0,0.0,54.0,9.524,8.309,8.52,4.733,9.7,1.0,0.0,0.2,0.0,0.0,121.0,0.0,1.0,0.0,0.0,0.0,0.0,0.0,0.0,7.706,0.664,11.364,11.6,9.333,13.2,1.0,0.229,7.729,0.727,0.8,-4.667,-1.0,0.0,-3.0,0.0,4.422,3.636,4.0,3.333,3.8,0.0,1.0,0.0,1.955,1.545,1.6,0.333,2.0,0.0,1.0,0.0,-0.99,0.279,2.267,1.6,0.0,2.083,9.0,0.0,0.0,,0.0,0,48
C,Jay Huff (37839457),Jay Huff,37839457,C/UTIL,3000,ATL@MEM 03/03/2025 08:00PM ET,MEM,13.18,ATL,MEM,ATL,Jay Huff,22024.0,1630643.0,1610612763.0,MEM,Memphis Grizzlies,22400863.0,2025-03-01,MEM vs. SAS,L,3.0,0.0,0.0,0.0,0.0,0.0,0.0,0.0,0.0,0.0,0.0,0.0,0.0,0.0,0.0,1.0,0.0,0.0,0.0,-15.0,3.0,1.0,2025-03-01,Jay Huff,3.0,-15.0,MEM vs. SAS,L,Memphis Grizzlies,0.483,0.625,0.3,0.333,0.2,0.0,0.0,0.0,0.0,9.0,4.575,13.221,3.75,2.5,2.34,0.0,0.6,0.0,0.0,0.0,121.0,0.0,1.0,0.0,0.0,0.0,0.0,0.0,0.0,1.829,0.554,12.083,3.3,3.333,3.0,0.0,0.138,5.603,-0.708,-1.5,-2.333,-0.8,0.0,-5.0,0.0,4.095,7.104,1.9,0.0,0.6,0.0,0.0,0.0,0.707,2.042,0.5,0.0,0.2,0.0,0.0,0.0,-0.733,0.0,0.033,0.3,0.0,1.25,11.0,0.0,0.0,,0.0,0,48
PG,Yuki Kawamura (37839459),Yuki Kawamura,37839459,PG/G/UTIL,3000,ATL@MEM 03/03/2025 08:00PM ET,MEM,2.79,ATL,MEM,ATL,Yuki Kawamura,22024.0,1642530.0,1610612763.0,MEM,Memphis Grizzlies,22400783.0,2025-02-12,MEM @ LAC,L,1.0,0.0,0.0,0.0,0.0,0.0,0.0,0.0,0.0,0.0,0.0,0.0,0.0,0.0,0.0,0.0,0.0,0.0,0.0,1.0,0.0,1.0,2025-02-12,Yuki Kawamura,0.0,1.0,MEM @ LAC,L,Memphis Grizzlies,0.949,0.7,0.7,0.667,0.6,0.0,0.0,0.0,0.0,7.0,5.554,2.62,3.45,1.4,1.38,0.0,-3.62,0.0,0.0,0.0,109.0,0.0,0.0,0.0,0.0,0.0,0.0,0.0,0.0,3.048,0.952,3.1,3.2,2.333,2.2,0.0,0.054,2.503,0.0,0.4,0.667,0.2,1.0,1.0,0.0,3.239,1.2,1.6,0.0,0.0,0.0,0.0,0.0,0.972,0.35,0.5,0.333,0.4,0.0,1.0,0.0,0.25,0.0,0.867,1.0,0.0,0.417,12.0,0.0,0.0,Out,0.0,0,48
PG,Zyon Pullin (37839462),Zyon Pullin,37839462,PG/G/UTIL,3000,ATL@MEM 03/03/2025 08:00PM ET,MEM,0.0,ATL,MEM,ATL,Zyon Pullin,22024.0,1642389.0,1610612763.0,MEM,Memphis Grizzlies,22400783.0,2025-02-12,MEM @ LAC,L,1.0,0.0,1.0,0.0,0.0,0.0,0.0,0.0,0.0,0.0,0.0,0.0,0.0,0.0,0.0,0.0,0.0,0.0,0.0,1.0,0.0,1.0,2025-02-12,Zyon Pullin,0.0,1.0,MEM @ LAC,L,Memphis Grizzlies,0.0,0.0,0.0,0.0,0.0,0.0,0.0,0.0,0.0,4.0,0.0,0.0,0.0,0.0,0.0,0.0,0.0,0.0,0.0,0.0,109.0,0.0,0.0,0.0,0.0,0.0,0.0,0.0,0.0,0.0,0.0,1.0,1.0,1.0,1.0,0.0,0.054,0.577,0.333,0.333,0.333,0.333,0.0,1.0,0.0,0.0,0.0,0.0,0.0,0.0,0.0,0.0,0.0,0.0,0.0,0.0,0.0,0.0,0.0,0.0,0.0,0.333,0.0,0.0,0.0,0.0,0.417,13.0,0.0,0.0,Out,0.0,0,48
SG,Garrison Mathews (37839524),Garrison Mathews,37839524,SG/G/UTIL,3000,ATL@MEM 03/03/2025 08:00PM ET,ATL,14.06,ATL,MEM,MEM,Garrison Mathews,22024.0,1629726.0,1610612737.0,ATL,Atlanta Hawks,22400736.0,2025-02-07,ATL vs. MIL,W,6.0,1.0,2.0,0.5,0.0,1.0,0.0,0.0,0.0,0.0,0.0,0.0,0.0,0.0,0.0,0.0,0.0,0.0,2.0,-12.0,2.0,1.0,2025-02-07,Garrison Mathews,2.0,-12.0,ATL vs. MIL,W,Atlanta Hawks,0.707,1.302,0.5,0.333,0.2,0.0,0.0,0.0,0.0,2.0,4.927,13.6,8.63,4.833,8.42,0.0,-0.44,0.2,0.1,0.0,104.0,0.0,1.0,0.0,0.0,0.0,0.0,0.0,0.0,7.012,0.484,17.791,14.5,8.333,12.2,0.0,0.25,8.343,-1.442,-1.5,-3.0,-0.8,1.0,-2.0,0.0,4.223,7.535,4.5,1.667,5.0,0.333,0.0,0.174,1.647,1.837,2.4,1.667,2.6,0.0,1.0,0.0,-0.742,0.194,6.167,2.3,0.333,2.5,10.0,1.0,4.0,,3.46,0,48
PF/C,Dominick Barlow (37839527),Dominick Barlow,37839527,PF/C/F/UTIL,3000,ATL@MEM 03/03/2025 08:00PM ET,ATL,6.53,ATL,MEM,MEM,Dominick Barlow,22024.0,1631230.0,1610612737.0,ATL,Atlanta Hawks,22400851.0,2025-02-28,ATL vs. OKC,L,2.0,0.0,0.0,0.0,0.0,0.0,0.0,0.0,0.0,0.0,0.0,0.0,0.0,0.0,1.0,0.0,0.0,0.0,0.0,-1.0,3.0,1.0,2025-02-28,Dominick Barlow,3.0,-1.0,ATL vs. OKC,L,Atlanta Hawks,0.422,0.222,0.2,0.333,0.2,0.0,0.0,0.0,0.0,8.0,6.279,6.867,8.74,6.833,10.38,1.0,-0.48,0.0,0.0,0.0,120.0,0.0,1.0,0.0,0.0,0.0,0.0,0.0,0.0,5.355,0.576,7.722,9.3,7.0,10.4,1.0,0.092,5.021,-0.444,-0.9,-1.667,-3.8,0.0,-0.5,0.0,3.502,2.944,3.6,3.667,4.6,0.0,1.0,0.0,1.135,1.556,2.2,1.667,2.4,0.0,1.0,0.0,-0.218,0.405,2.3,1.1,0.0,0.833,11.0,0.0,12.0,Note,11.99,0,48
SG/SF,Daeqwon Plowden (37839531),Daeqwon Plowden,37839531,SG/SF/F/G/UTIL,3000,ATL@MEM 03/03/2025 08:00PM ET,ATL,16.38,ATL,MEM,MEM,Daeqwon Plowden,22024.0,1631342.0,1610612737.0,ATL,Atlanta Hawks,22400639.0,2025-01-25,ATL vs. TOR,L,7.0,1.0,2.0,0.5,1.0,2.0,0.5,2.0,2.0,1.0,0.0,1.0,1.0,0.0,0.0,0.0,0.0,1.0,5.0,3.0,6.2,1.0,2025-01-25,Daeqwon Plowden,6.2,3.0,ATL vs. TOR,L,Atlanta Hawks,0.0,0.0,0.0,0.0,0.0,0.0,0.0,0.0,0.0,10.0,11.738,14.5,14.5,14.5,14.5,0.0,-8.3,0.5,0.0,0.0,91.0,0.0,1.0,0.0,0.0,0.0,0.0,0.0,0.0,12.728,0.795,16.0,16.0,16.0,16.0,0.0,0.324,4.243,6.0,6.0,6.0,6.0,0.0,0.429,0.0,9.899,12.0,12.0,12.0,12.0,0.714,0.0,0.585,2.121,2.5,2.5,2.5,2.5,0.143,0.0,0.256,0.394,0.737,0.0,0.0,0.714,2.941,8.0,0.0,0.0,G-League,0.0,0,48
SG/SF,Kevon Harris (37839536),Kevon Harris,37839536,SG/SF/F/G/UTIL,3000,ATL@MEM 03/03/2025 08:00PM ET,ATL,0.0,ATL,MEM,MEM,Kevon Harris,0.0,0.0,0.0,,,0.0,,,,0.0,0.0,0.0,0.0,0.0,0.0,0.0,0.0,0.0,0.0,0.0,0.0,0.0,0.0,0.0,0.0,0.0,0.0,0.0,0.0,0.0,0.0,,,0.0,0.0,,,,0.0,0.0,0.0,0.0,0.0,0.0,0.0,0.0,0.0,0.0,0.0,0.0,0.0,0.0,0.0,0.0,0.0,0.0,0.0,0.0,0.0,0.0,0.0,0.0,0.0,0.0,0.0,0.0,0.0,0.0,0.0,0.0,0.0,0.0,0.0,0.0,0.0,0.0,0.0,0.0,0.0,0.0,0.0,0.0,0.0,0.0,0.0,0.0,0.0,0.0,0.0,0.0,0.0,0.0,0.0,0.0,0.0,0.0,0.0,0.0,0.0,0.0,0.0,0.0,0.0,0.0,0.0,0.0,0.0,0.0,,0.0,0,48
PF/C,Larry Nance Jr. (37839541),Larry Nance,37839541,PF/C/F/UTIL,3000,ATL@MEM 03/03/2025 08:00PM ET,ATL,19.51,ATL,MEM,MEM,Larry Nance Jr.,22024.0,1626204.0,1610612737.0,ATL,Atlanta Hawks,22400756.0,2025-02-10,ATL @ ORL,W,19.0,4.0,6.0,0.667,0.0,1.0,0.0,0.0,0.0,0.0,2.0,1.0,3.0,1.0,0.0,0.0,1.0,3.0,8.0,2.0,12.1,1.0,2025-02-10,Larry Nance Jr.,12.1,2.0,ATL @ ORL,W,Atlanta Hawks,0.972,1.583,1.5,2.0,1.8,0.053,1.0,0.345,0.0,2.0,8.309,19.442,16.63,19.0,18.62,0.0,0.32,0.2,0.1,0.0,107.0,0.0,0.0,0.0,0.0,0.0,0.0,0.0,0.0,3.143,0.158,19.292,19.9,20.333,19.6,1.0,0.792,13.713,-3.958,-1.6,8.0,4.6,1.0,0.105,0.0,4.761,8.458,7.0,11.0,9.2,0.421,1.0,0.714,3.071,4.292,4.9,3.333,4.6,0.158,1.0,0.769,0.403,0.536,0.433,0.3,0.421,7.917,9.0,1.0,0.0,Injured,0.0,0,48
PF/C,Jalen Johnson (37839545),Jalen Johnson,37839545,PF/C/F/UTIL,3000,ATL@MEM 03/03/2025 08:00PM ET,ATL,44.06,ATL,MEM,MEM,Jalen Johnson,22024.0,1630552.0,1610612737.0,ATL,Atlanta Hawks,22400623.0,2025-01-23,ATL vs. TOR,L,11.0,1.0,2.0,0.5,0.0,0.0,0.0,1.0,2.0,0.5,0.0,1.0,1.0,1.0,1.0,0.0,2.0,2.0,3.0,-10.0,6.7,1.0,2025-01-23,Jalen Johnson,6.7,-10.0,ATL vs. TOR,L,Atlanta Hawks,2.261,5.028,4.0,3.0,2.6,0.091,0.0,0.333,0.0,1.0,14.999,43.119,40.04,29.633,31.22,0.0,-7.12,0.9,0.9,0.9,89.0,1.0,1.0,1.0,1.0,0.0,0.0,0.0,0.0,8.042,0.244,35.694,33.0,28.0,31.0,0.0,0.458,16.289,1.528,2.0,-9.667,-6.2,0.0,-0.909,0.0,7.846,18.889,16.7,10.333,12.8,0.273,0.0,0.252,4.347,9.972,9.7,7.333,8.6,0.091,0.0,0.278,-0.479,0.345,5.0,2.0,0.273,4.583,2.0,0.0,0.0,Out for season,0.0,0,48
PG,Kobe Bufkin (37839549),Kobe Bufkin,37839549,PG/G/UTIL,3000,ATL@MEM 03/03/2025 08:00PM ET,ATL,11.28,ATL,MEM,MEM,Kobe Bufkin,22024.0,1641723.0,1610612737.0,ATL,Atlanta Hawks,22400350.0,2024-12-08,ATL vs. DEN,L,4.0,2.0,3.0,0.667,0.0,1.0,0.0,0.0,0.0,0.0,0.0,2.0,2.0,0.0,0.0,0.0,1.0,1.0,4.0,-9.0,5.4,1.0,2024-12-08,Kobe Bufkin,5.4,-9.0,ATL vs. DEN,L,Atlanta Hawks,1.494,1.7,1.7,1.0,2.0,0.0,1.0,0.0,0.0,4.0,5.848,11.07,11.07,7.833,10.48,0.0,-2.58,0.0,0.0,0.0,46.0,0.0,1.0,0.0,0.0,0.0,0.0,0.0,0.0,3.831,0.311,12.3,12.3,9.667,11.8,0.0,0.184,8.028,-2.3,-2.3,-3.333,0.6,1.0,-2.25,0.0,3.093,5.3,5.3,5.333,5.4,1.0,1.0,0.396,1.287,2.1,2.1,1.667,1.4,0.5,0.0,0.489,-0.793,0.662,2.633,0.5,1.0,1.674,8.0,0.0,0.0,Out for season,0.0,0,48
PF,Jalen McDaniels (37839375),Jalen McDaniels,37839375,PF/F/UTIL,3000,WAS@MIA 03/03/2025 07:30PM ET,WAS,0.88,WAS,MIA,MIA,Jalen McDaniels,22024.0,1629667.0,1610612764.0,WAS,Washington Wizards,22400860.0,2025-03-01,WAS @ CHA,W,1.0,0.0,0.0,0.0,0.0,0.0,0.0,0.0,0.0,0.0,0.0,0.0,0.0,0.0,0.0,0.0,0.0,0.0,0.0,-2.0,0.0,1.0,2025-03-01,Jalen McDaniels,0.0,-2.0,WAS @ CHA,W,Washington Wizards,0.5,0.25,0.25,0.0,0.25,0.0,0.0,0.0,0.0,3.0,2.25,1.125,1.125,0.0,1.125,0.0,-0.375,0.0,0.0,0.0,121.0,0.0,0.0,0.0,0.0,0.0,0.0,0.0,0.0,2.872,1.641,1.75,1.75,0.333,1.75,0.0,0.041,1.258,-0.25,-0.25,-0.667,-0.25,0.0,-2.0,0.0,0.0,0.0,0.0,0.0,0.0,0.0,0.0,0.0,0.0,0.0,0.0,0.0,0.0,0.0,0.0,0.0,-2.0,0.0,1.417,0.0,0.0,0.415,10.0,1.0,0.0,,0.0,0,48
C,Kevin Love (37839431),Kevin Love,37839431,C/UTIL,3000,WAS@MIA 03/03/2025 07:30PM ET,MIA,13.93,WAS,MIA,WAS,Kevin Love,22024.0,201567.0,1610612748.0,MIA,Miami Heat,22400721.0,2025-02-05,MIA @ PHI,W,7.0,0.0,0.0,0.0,0.0,0.0,0.0,0.0,0.0,0.0,0.0,2.0,2.0,0.0,0.0,0.0,0.0,1.0,0.0,-1.0,2.4,1.0,2025-02-05,Kevin Love,2.4,-1.0,MIA @ PHI,W,Miami Heat,1.563,1.0,1.0,0.0,0.2,0.0,0.0,0.0,0.0,9.0,9.278,13.679,9.44,6.0,5.94,0.0,-1.42,0.0,0.0,0.0,102.0,0.0,0.0,0.0,0.0,0.0,0.0,0.0,0.0,5.082,0.529,10.895,9.6,8.0,8.2,0.0,0.29,8.692,-0.158,-2.0,0.333,-4.0,0.0,-0.143,0.0,4.428,5.474,4.5,3.0,2.8,0.0,0.0,0.0,2.163,4.053,2.7,1.667,2.2,0.286,0.0,0.37,-0.148,0.2,1.6,1.4,0.0,2.905,9.0,1.0,0.0,,0.0,0,48
PG,Isaiah Stevens (37839433),Isaiah Stevens,37839433,PG/G/UTIL,3000,WAS@MIA 03/03/2025 07:30PM ET,MIA,0.0,WAS,MIA,WAS,Isaiah Stevens,0.0,0.0,0.0,,,0.0,,,,0.0,0.0,0.0,0.0,0.0,0.0,0.0,0.0,0.0,0.0,0.0,0.0,0.0,0.0,0.0,0.0,0.0,0.0,0.0,0.0,0.0,0.0,,,0.0,0.0,,,,0.0,0.0,0.0,0.0,0.0,0.0,0.0,0.0,0.0,0.0,0.0,0.0,0.0,0.0,0.0,0.0,0.0,0.0,0.0,0.0,0.0,0.0,0.0,0.0,0.0,0.0,0.0,0.0,0.0,0.0,0.0,0.0,0.0,0.0,0.0,0.0,0.0,0.0,0.0,0.0,0.0,0.0,0.0,0.0,0.0,0.0,0.0,0.0,0.0,0.0,0.0,0.0,0.0,0.0,0.0,0.0,0.0,0.0,0.0,0.0,0.0,0.0,0.0,0.0,0.0,0.0,0.0,0.0,0.0,0.0,G-League,0.0,0,48
SG/SF,Pelle Larsson (37839436),Pelle Larsson,37839436,SG/SF/F/G/UTIL,3000,WAS@MIA 03/03/2025 07:30PM ET,MIA,7.82,WAS,MIA,WAS,Pelle Larsson,22024.0,1641796.0,1610612748.0,MIA,Miami Heat,22400841.0,2025-02-26,MIA vs. ATL,W,1.0,0.0,0.0,0.0,0.0,0.0,0.0,0.0,0.0,0.0,0.0,0.0,0.0,0.0,0.0,0.0,0.0,0.0,0.0,0.0,0.0,1.0,2025-02-26,Pelle Larsson,0.0,0.0,MIA vs. ATL,W,Miami Heat,0.699,0.838,0.4,0.0,0.2,0.0,0.0,0.0,0.0,13.0,5.362,7.841,4.8,2.867,3.34,0.0,-3.58,0.1,0.0,0.0,118.0,0.0,1.0,0.0,0.0,0.0,0.0,0.0,0.0,7.153,0.681,12.297,10.5,6.0,8.8,0.0,0.046,6.579,0.27,-2.8,-4.667,-3.8,0.0,0.0,0.0,2.132,3.676,1.9,2.0,1.8,0.0,0.0,0.0,1.155,1.432,1.0,1.0,1.2,0.0,0.0,0.0,-0.495,0.243,4.5,1.7,0.0,0.417,11.0,1.0,0.0,,0.0,0,48
SF,Keshad Johnson (37839441),Keshad Johnson,37839441,SF/F/UTIL,3000,WAS@MIA 03/03/2025 07:30PM ET,MIA,5.08,WAS,MIA,WAS,Keshad Johnson,22024.0,1642352.0,1610612748.0,MIA,Miami Heat,22400624.0,2025-01-23,MIA @ MIL,L,4.0,1.0,2.0,0.5,0.0,0.0,0.0,0.0,2.0,0.0,1.0,1.0,2.0,0.0,0.0,0.0,0.0,0.0,2.0,-3.0,4.4,1.0,2025-01-23,Keshad Johnson,4.4,-3.0,MIA @ MIL,L,Miami Heat,0.483,0.3,0.3,0.333,0.2,0.0,0.0,0.0,0.0,4.0,7.894,5.29,5.29,2.033,1.46,0.0,-2.78,0.0,0.0,0.0,89.0,0.0,0.0,0.0,0.0,0.0,0.0,0.0,0.0,6.015,1.037,5.8,5.8,2.667,2.2,0.0,0.183,5.685,0.1,0.1,-1.333,-0.6,0.0,-0.75,1.0,2.503,1.6,1.6,0.667,0.4,0.5,0.0,0.229,1.947,1.7,1.7,1.0,0.8,0.5,0.0,0.44,-0.417,0.167,3.133,3.6,0.5,1.667,9.0,0.0,0.0,G-League,0.0,0,48
PG,Josh Christopher (37839444),Josh Christopher,37839444,PG/G/UTIL,3000,WAS@MIA 03/03/2025 07:30PM ET,MIA,1.97,WAS,MIA,WAS,Josh Christopher,22024.0,1630528.0,1610612748.0,MIA,Miami Heat,22400667.0,2025-01-29,MIA vs. CLE,L,1.0,0.0,1.0,0.0,0.0,0.0,0.0,0.0,0.0,0.0,0.0,0.0,0.0,0.0,0.0,0.0,0.0,0.0,0.0,0.0,0.0,1.0,2025-01-29,Josh Christopher,0.0,0.0,MIA vs. CLE,L,Miami Heat,1.069,0.5,0.5,0.0,0.2,0.0,0.0,0.0,0.0,6.0,3.658,1.825,1.825,0.733,0.74,0.0,-2.1,0.0,0.0,0.0,95.0,0.0,1.0,0.0,0.0,0.0,0.0,0.0,0.0,4.342,1.241,3.5,3.5,2.333,2.0,0.0,0.041,3.117,-1.0,-1.0,-1.667,-0.8,1.0,0.0,0.0,1.753,0.75,0.75,0.333,0.2,0.0,0.0,0.0,0.744,0.375,0.375,0.333,0.2,0.0,0.0,0.0,-0.583,0.083,1.167,1.5,0.0,0.415,10.0,0.0,0.0,G-League,0.0,0,48
PG,Dru Smith (37839447),Dru Smith,37839447,PG/G/UTIL,3000,WAS@MIA 03/03/2025 07:30PM ET,MIA,15.71,WAS,MIA,WAS,Dru Smith,22024.0,1630696.0,1610612748.0,MIA,Miami Heat,22400396.0,2024-12-23,MIA vs. BKN,W,7.0,0.0,1.0,0.0,0.0,0.0,0.0,0.0,0.0,0.0,0.0,1.0,1.0,1.0,0.0,0.0,2.0,1.0,0.0,6.0,0.7,1.0,2024-12-23,Dru Smith,0.7,6.0,MIA vs. BKN,W,Miami Heat,1.197,1.643,2.1,1.667,2.0,0.143,1.0,0.444,0.0,2.0,8.776,16.336,20.33,18.167,20.52,1.0,-3.22,0.8,0.6,0.2,59.0,0.0,1.0,1.0,1.0,0.0,0.0,0.0,0.0,8.569,0.356,19.143,24.1,21.0,25.6,1.0,0.35,13.125,2.714,3.6,-6.667,3.0,1.0,0.857,0.0,4.244,6.214,8.3,8.667,8.8,0.0,1.0,0.0,1.969,2.571,2.9,1.667,1.6,0.143,0.0,0.273,-0.032,0.311,3.1,1.5,0.0,2.917,3.0,1.0,0.0,Out for season,0.0,0,48
C,Anthony Gill (37839513),Anthony Gill,37839513,C/UTIL,3000,WAS@MIA 03/03/2025 07:30PM ET,WAS,3.63,WAS,MIA,MIA,Anthony Gill,22024.0,1630264.0,1610612764.0,WAS,Washington Wizards,22400815.0,2025-02-23,WAS @ ORL,L,7.0,1.0,1.0,1.0,1.0,1.0,1.0,0.0,0.0,0.0,0.0,2.0,2.0,0.0,0.0,0.0,0.0,0.0,3.0,-1.0,5.4,1.0,2025-02-23,Anthony Gill,5.4,-1.0,WAS @ ORL,L,Washington Wizards,0.0,0.184,0.0,0.0,0.0,0.0,0.0,0.0,0.0,16.0,2.068,3.545,1.88,3.467,2.32,0.0,0.68,0.0,0.0,0.0,115.0,0.0,0.0,0.0,0.0,0.0,0.0,0.0,2.0,2.449,0.612,5.658,4.0,5.0,4.2,0.0,0.292,3.725,-0.947,-1.1,-4.333,-2.8,0.0,-0.143,2.0,1.197,1.816,1.1,1.667,1.0,0.429,0.0,0.333,0.699,0.816,0.4,0.667,0.6,0.286,0.0,0.556,-1.27,0.254,1.0,0.2,0.429,2.917,10.0,0.0,0.0,,0.0,0,48
SG,Colby Jones (37839515),Colby Jones,37839515,SG/G/UTIL,3000,WAS@MIA 03/03/2025 07:30PM ET,WAS,3.74,WAS,MIA,MIA,Colby Jones,22024.0,1641732.0,1610612758.0,SAC,Sacramento Kings,22400727.0,2025-02-05,SAC vs. ORL,L,8.0,0.0,1.0,0.0,0.0,1.0,0.0,0.0,0.0,0.0,2.0,1.0,3.0,2.0,1.0,1.0,0.0,0.0,0.0,10.0,12.6,1.0,2025-02-05,Colby Jones,12.6,10.0,SAC vs. ORL,L,Sacramento Kings,0.699,0.292,0.4,0.667,0.6,0.25,1.0,1.13,0.0,22.0,6.252,4.004,5.28,5.867,4.26,1.0,1.88,0.0,0.0,0.0,102.0,0.0,1.0,0.0,0.0,0.0,0.0,0.0,1.0,7.084,0.984,5.375,7.2,4.0,4.6,0.0,0.433,9.235,0.167,4.8,4.667,5.2,1.0,1.25,0.0,1.197,1.083,0.9,0.667,0.8,0.0,0.0,0.0,1.897,0.958,1.4,1.0,0.8,0.375,0.0,1.054,0.417,0.222,3.2,2.6,0.0,3.333,12.0,0.0,0.0,G-League,0.0,0,48
SF,Jaylen Martin (37839518),Jaylen Martin,37839518,SF/F/UTIL,3000,WAS@MIA 03/03/2025 07:30PM ET,WAS,1.5,WAS,MIA,MIA,Jaylen Martin,22024.0,1641798.0,1610612764.0,WAS,Washington Wizards,22400744.0,2025-02-08,WAS vs. ATL,L,2.0,0.0,2.0,0.0,0.0,0.0,0.0,0.0,0.0,0.0,1.0,1.0,2.0,0.0,0.0,0.0,0.0,0.0,0.0,0.0,2.4,1.0,2025-02-08,Jaylen Martin,2.4,0.0,WAS vs. ATL,L,Washington Wizards,0.0,0.0,0.0,0.0,0.0,0.0,0.0,0.0,0.0,47.0,1.578,1.35,1.35,0.8,1.35,0.0,0.35,0.0,0.0,0.0,105.0,0.0,1.0,0.0,0.0,0.0,0.0,0.0,2.0,0.5,0.286,1.75,1.75,1.667,1.75,0.0,0.083,3.686,0.25,0.25,1.667,0.25,0.0,0.0,0.0,1.5,0.75,0.75,0.0,0.75,0.0,0.0,0.0,1.0,0.5,0.5,0.667,0.5,1.0,0.0,0.377,0.833,0.0,0.083,0.0,0.0,0.833,10.0,0.0,0.0,G-League,0.0,0,48
PG,AJ Johnson (37839521),Aj Johnson,37839521,PG/G/UTIL,3000,WAS@MIA 03/03/2025 07:30PM ET,WAS,5.36,WAS,MIA,MIA,AJ Johnson,22024.0,1642358.0,1610612764.0,WAS,Washington Wizards,22400771.0,2025-02-12,WAS vs. IND,L,10.0,1.0,2.0,0.5,1.0,2.0,0.5,0.0,0.0,0.0,0.0,0.0,0.0,0.0,0.0,0.0,1.0,0.0,3.0,10.0,2.0,1.0,2025-02-12,AJ Johnson,2.0,10.0,WAS vs. IND,L,Washington Wizards,1.619,1.2,1.2,1.667,2.2,0.0,1.0,0.0,0.0,4.0,7.354,5.38,5.38,5.3,8.98,1.0,-0.64,0.1,0.1,0.0,109.0,0.0,1.0,0.0,0.0,0.0,0.0,0.0,5.0,8.386,1.215,6.9,6.9,8.667,11.8,1.0,0.414,4.275,1.5,1.5,0.667,1.0,0.0,1.0,1.0,3.974,2.7,2.7,2.333,4.0,0.3,1.0,0.254,1.197,0.9,0.9,0.667,1.4,0.0,1.0,0.0,-0.005,0.269,1.767,4.9,0.3,3.759,11.0,0.0,0.0,,0.0,0,48
C,Joel Embiid (37839403),Joel Embiid,37839403,C/UTIL,3000,POR@PHI 03/03/2025 07:00PM ET,PHI,43.75,POR,PHI,POR,Joel Embiid,22024.0,203954.0,1610612755.0,PHI,Philadelphia 76ers,22400807.0,2025-02-22,PHI vs. BKN,L,31.0,4.0,13.0,0.308,0.0,6.0,0.0,6.0,6.0,1.0,2.0,5.0,7.0,5.0,0.0,1.0,3.0,1.0,14.0,-7.0,29.9,1.0,2025-02-22,Joel Embiid,29.9,-7.0,PHI vs. BKN,L,Philadelphia 76ers,2.211,4.474,5.0,4.333,5.0,0.161,1.0,2.381,0.0,2.0,11.763,42.079,46.54,33.967,39.54,0.0,-5.06,1.0,1.0,0.6,114.0,0.0,1.0,1.0,1.0,1.0,1.0,1.0,1.0,3.653,0.113,30.211,32.3,32.0,31.2,1.0,1.286,17.441,-3.0,-3.2,-8.667,-10.2,0.0,-0.226,0.0,7.071,23.789,26.0,18.667,21.2,0.452,0.0,1.359,3.584,8.158,9.2,7.333,8.2,0.226,1.0,1.628,-0.313,0.573,0.3,1.1,0.452,12.863,1.0,0.0,0.0,Out for season,0.0,0,48
SG/SF,Lonnie Walker IV (37839405),Lonnie Walker Iv,37839405,SG/SF/F/G/UTIL,3000,POR@PHI 03/03/2025 07:00PM ET,PHI,7.12,POR,PHI,POR,Lonnie Walker IV,22024.0,1629022.0,1610612755.0,PHI,Philadelphia 76ers,22400864.0,2025-03-01,PHI vs. GSW,W,6.0,1.0,2.0,0.5,1.0,1.0,1.0,0.0,0.0,0.0,0.0,0.0,0.0,0.0,0.0,0.0,1.0,0.0,3.0,5.0,2.0,1.0,2025-03-01,Lonnie Walker IV,2.0,5.0,PHI vs. GSW,W,Philadelphia 76ers,1.5,0.75,0.75,1.0,0.75,0.0,0.0,0.0,0.0,3.0,6.467,6.625,6.625,8.033,6.625,0.0,-1.542,0.25,0.0,0.0,121.0,0.0,1.0,0.0,0.0,0.0,0.0,0.0,0.0,7.805,0.612,12.75,12.75,13.667,12.75,0.0,0.223,6.5,-4.25,-4.25,-3.333,-4.25,0.0,0.833,1.0,2.082,2.5,2.5,3.333,2.5,0.5,0.0,0.214,3.109,2.5,2.5,2.667,2.5,0.0,0.0,0.0,-0.013,0.297,0.917,0.0,0.5,2.479,9.0,1.0,0.0,,0.0,0,48
PG,Jared Butler (37839410),Jared Butler,37839410,PG/G/UTIL,3000,POR@PHI 03/03/2025 07:00PM ET,PHI,13.78,POR,PHI,POR,Jared Butler,22024.0,1630215.0,1610612755.0,PHI,Philadelphia 76ers,22400823.0,2025-02-24,PHI vs. CHI,L,14.0,3.0,5.0,0.6,1.0,2.0,0.5,0.0,0.0,0.0,1.0,3.0,4.0,5.0,1.0,0.0,2.0,2.0,7.0,-5.0,20.3,1.0,2025-02-24,Jared Butler,20.3,-5.0,PHI vs. CHI,L,Philadelphia 76ers,2.751,2.73,2.7,4.667,3.8,0.357,1.0,3.158,0.0,4.0,9.17,13.57,14.03,16.4,17.58,1.0,1.96,0.1,0.0,0.0,116.0,0.0,1.0,0.0,0.0,0.0,0.0,0.0,1.0,6.342,0.529,11.676,12.0,14.0,13.8,1.0,0.697,7.795,-1.486,-0.9,-3.667,-3.2,0.0,-0.357,1.0,4.248,6.946,6.4,5.0,7.4,0.5,1.0,0.764,1.663,1.432,1.9,2.0,2.4,0.286,1.0,1.021,-0.297,0.273,2.0,1.8,0.5,5.809,7.0,0.0,0.0,,0.0,0,48
PF,Ricky Council IV (37839413),Ricky Council Iv,37839413,PF/F/UTIL,3000,POR@PHI 03/03/2025 07:00PM ET,PHI,11.91,POR,PHI,POR,Ricky Council IV,22024.0,1641741.0,1610612755.0,PHI,Philadelphia 76ers,22400838.0,2025-02-26,PHI @ NYK,L,6.0,0.0,0.0,0.0,0.0,0.0,0.0,0.0,0.0,0.0,0.0,1.0,1.0,1.0,1.0,0.0,0.0,0.0,0.0,2.0,5.7,1.0,2025-02-26,Ricky Council IV,5.7,2.0,PHI @ NYK,L,Philadelphia 76ers,1.101,1.12,1.1,1.667,1.4,0.167,1.0,0.429,0.0,2.0,9.021,11.78,7.43,12.233,9.98,0.0,1.14,0.2,0.0,0.0,118.0,0.0,0.0,0.0,0.0,0.0,0.0,0.0,0.0,8.631,0.899,14.26,9.6,12.667,12.8,0.0,0.225,4.517,-1.64,0.2,1.667,-1.0,1.0,0.333,0.0,4.809,6.16,3.3,4.0,4.4,0.0,0.0,0.0,1.287,2.2,0.9,2.0,1.4,0.167,0.0,0.257,0.312,0.174,3.067,3.2,0.0,2.5,9.0,0.0,0.0,,0.0,0,48
C,Alex Reese (37839416),Alex Reese,37839416,C/UTIL,3000,POR@PHI 03/03/2025 07:00PM ET,PHI,3.25,POR,PHI,POR,Alex Reese,22024.0,1642024.0,1610612760.0,OKC,Oklahoma City Thunder,22400100.0,2024-10-27,OKC vs. ATL,W,2.0,1.0,1.0,1.0,0.0,0.0,0.0,0.0,0.0,0.0,1.0,0.0,1.0,0.0,0.0,0.0,0.0,0.0,2.0,3.0,3.2,1.0,2024-10-27,Alex Reese,3.2,3.0,OKC vs. ATL,W,Oklahoma City Thunder,0.0,0.0,0.0,0.0,0.0,0.0,0.0,0.0,0.0,0.0,0.0,3.2,3.2,3.2,3.2,0.0,0.0,0.0,0.0,0.0,6.0,0.0,1.0,0.0,0.0,0.0,0.0,0.0,0.0,0.0,0.0,2.0,2.0,2.0,2.0,0.0,0.117,0.0,3.0,3.0,3.0,3.0,0.0,1.5,0.0,0.0,2.0,2.0,2.0,2.0,1.0,0.0,0.219,0.0,1.0,1.0,1.0,1.0,0.5,0.0,0.311,1.5,1.0,0.0,0.0,1.0,0.837,12.0,1.0,0.0,G-League,0.0,0,48
PG,Jalen Hood-Schifino (37839418),Jalen Hood-schifino,37839418,PG/G/UTIL,3000,POR@PHI 03/03/2025 07:00PM ET,PHI,4.12,POR,PHI,POR,Jalen Hood-Schifino,22024.0,1641720.0,1610612747.0,LAL,Los Angeles Lakers,22400311.0,2024-12-01,LAL @ UTA,W,13.0,1.0,1.0,1.0,0.0,0.0,0.0,2.0,2.0,1.0,1.0,0.0,1.0,1.0,0.0,1.0,1.0,3.0,4.0,12.0,8.7,1.0,2024-12-01,Jalen Hood-Schifino,8.7,12.0,LAL @ UTA,W,Los Angeles Lakers,0.707,0.5,0.5,0.5,0.5,0.077,0.0,0.391,0.0,23.0,6.152,4.35,4.35,4.35,4.35,0.0,4.35,0.0,0.0,0.0,39.0,0.0,0.0,0.0,0.0,0.0,0.0,0.0,1.0,8.485,1.212,7.0,7.0,7.0,7.0,0.0,0.49,11.314,4.0,4.0,4.0,4.0,0.0,0.923,1.0,2.828,2.0,2.0,2.0,2.0,0.308,0.0,0.343,0.707,0.5,0.5,0.5,0.5,0.077,0.0,0.214,-1.538,0.154,0.0,0.0,0.308,5.439,8.0,1.0,0.0,G-League,0.0,0,48
SF,Eric Gordon (37839421),Eric Gordon,37839421,SF/F/UTIL,3000,POR@PHI 03/03/2025 07:00PM ET,PHI,13.1,POR,PHI,POR,Eric Gordon,22024.0,201569.0,1610612755.0,PHI,Philadelphia 76ers,22400754.0,2025-02-09,PHI @ MIL,L,9.0,0.0,0.0,0.0,0.0,0.0,0.0,0.0,0.0,0.0,0.0,0.0,0.0,1.0,0.0,0.0,0.0,0.0,0.0,-12.0,1.5,2.0,2025-02-09,Eric Gordon,1.5,-12.0,PHI @ MIL,L,Philadelphia 76ers,1.549,1.667,2.8,2.667,2.4,0.111,1.0,0.393,0.0,2.0,8.812,12.941,17.46,9.067,13.88,1.0,-4.42,0.7,0.6,0.2,106.0,0.0,0.0,0.0,0.0,0.0,0.0,0.0,0.0,9.334,0.384,19.692,24.3,15.0,19.2,0.0,0.413,11.787,-1.846,0.4,-4.333,-4.8,0.0,-1.333,0.0,5.626,6.821,9.1,1.667,6.0,0.0,0.0,0.0,1.337,1.179,1.3,2.0,1.4,0.0,1.0,0.0,-0.683,0.064,9.3,5.1,0.0,3.75,9.0,0.0,0.0,Out for season,0.0,0,48
PG/SG,Kyle Lowry (37839424),Kyle Lowry,37839424,PG/SG/G/UTIL,3000,POR@PHI 03/03/2025 07:00PM ET,PHI,13.33,POR,PHI,POR,Kyle Lowry,22024.0,200768.0,1610612755.0,PHI,Philadelphia 76ers,22400754.0,2025-02-09,PHI @ MIL,L,6.0,0.0,0.0,0.0,0.0,0.0,0.0,0.0,0.0,0.0,0.0,1.0,1.0,1.0,0.0,0.0,0.0,0.0,0.0,-4.0,2.7,2.0,2025-02-09,Kyle Lowry,2.7,-4.0,PHI @ MIL,L,Philadelphia 76ers,2.283,2.818,2.9,2.667,2.8,0.167,0.0,0.393,0.0,2.0,7.922,13.742,13.71,8.667,10.96,0.0,-5.66,0.2,0.1,0.0,106.0,0.0,0.0,0.0,0.0,0.0,0.0,0.0,0.0,5.99,0.372,18.939,16.1,11.667,14.0,0.0,0.275,12.322,-1.697,2.6,-0.667,-2.4,0.0,-0.667,0.0,3.806,4.03,3.6,1.667,2.8,0.0,0.0,0.0,1.636,1.97,2.3,1.667,1.8,0.167,0.0,0.262,-0.171,0.116,4.433,2.1,0.0,2.5,11.0,0.0,0.0,Out,0.0,0,48
PG,Jared McCain (37839428),Jared Mccain,37839428,PG/G/UTIL,3000,POR@PHI 03/03/2025 07:00PM ET,PHI,23.94,POR,PHI,POR,Jared McCain,22024.0,1642272.0,1610612755.0,PHI,Philadelphia 76ers,22401209.0,2024-12-13,PHI vs. IND,L,29.0,2.0,6.0,0.333,1.0,2.0,0.5,0.0,0.0,0.0,0.0,1.0,1.0,3.0,0.0,0.0,2.0,5.0,5.0,-10.0,8.7,1.0,2024-12-13,Jared McCain,8.7,-10.0,PHI vs. IND,L,Philadelphia 76ers,1.494,2.609,2.7,3.0,2.8,0.103,1.0,1.667,0.0,5.0,11.251,22.487,22.81,14.367,20.24,0.0,-0.22,1.0,0.8,0.4,51.0,0.0,1.0,0.0,0.0,1.0,1.0,0.0,2.0,7.675,0.242,25.826,31.7,26.0,27.8,1.0,1.208,9.267,-1.174,1.1,3.333,4.6,1.0,-0.345,0.0,8.072,15.304,15.4,7.667,12.8,0.172,0.0,0.467,2.53,2.435,2.8,1.0,2.2,0.034,0.0,0.213,0.135,0.3,5.7,3.9,0.172,12.083,5.0,0.0,0.0,Out for season,0.0,0,48
SG,Bryce McGowens (37839499),Bryce Mcgowens,37839499,SG/G/UTIL,3000,POR@PHI 03/03/2025 07:00PM ET,POR,2.03,POR,PHI,PHI,Bryce McGowens,22024.0,1631121.0,1610612757.0,POR,Portland Trail Blazers,22400694.0,2025-02-01,POR vs. PHX,W,3.0,1.0,2.0,0.5,0.0,0.0,0.0,2.0,2.0,1.0,0.0,0.0,0.0,0.0,1.0,0.0,1.0,1.0,4.0,-6.0,6.0,1.0,2025-02-01,Bryce McGowens,6.0,-6.0,POR vs. PHX,W,Portland Trail Blazers,0.354,0.125,0.125,0.0,0.0,0.0,0.0,0.0,0.0,2.0,2.2,1.962,1.962,3.0,2.2,1.0,1.2,0.0,0.0,0.0,98.0,0.0,1.0,0.0,0.0,0.0,0.0,0.0,2.0,0.926,0.37,2.5,2.5,2.333,2.2,0.0,0.164,4.749,0.375,0.375,-1.333,-1.2,0.0,-2.0,1.0,1.685,1.625,1.625,2.333,2.2,1.333,1.0,0.409,0.354,0.125,0.125,0.0,0.0,0.0,0.0,0.0,-0.444,1.222,0.167,0.3,1.333,1.261,13.0,1.0,0.0,G-League,0.0,0,48
C,Duop Reath (37839502),Duop Reath,37839502,C/UTIL,3000,POR@PHI 03/03/2025 07:00PM ET,POR,4.87,POR,PHI,PHI,Duop Reath,22024.0,1641871.0,1610612757.0,POR,Portland Trail Blazers,22400867.0,2025-03-02,POR @ CLE,L,21.0,2.0,5.0,0.4,1.0,4.0,0.25,2.0,2.0,1.0,1.0,4.0,5.0,0.0,1.0,1.0,1.0,1.0,7.0,8.0,18.0,1.0,2025-03-02,Duop Reath,18.0,8.0,POR @ CLE,L,Portland Trail Blazers,0.675,0.276,0.3,0.667,0.4,0.0,1.0,0.0,0.0,2.0,7.538,4.697,5.49,12.933,9.36,1.0,2.96,0.1,0.0,0.0,122.0,0.0,0.0,0.0,0.0,1.0,0.0,0.0,1.0,6.075,1.066,5.966,5.7,11.667,8.2,1.0,0.792,5.859,-1.31,-0.1,3.333,2.2,1.0,0.381,1.0,3.02,2.586,2.7,5.0,4.6,0.333,1.0,0.543,1.814,1.069,1.2,3.0,1.8,0.238,1.0,1.087,-0.297,0.354,5.967,2.5,0.333,7.925,10.0,0.0,0.0,,0.0,0,48
SG,Sidy Cissoko (37839504),Sidy Cissoko,37839504,SG/G/UTIL,3000,POR@PHI 03/03/2025 07:00PM ET,POR,2.53,POR,PHI,PHI,Sidy Cissoko,22024.0,1631321.0,1610612757.0,POR,Portland Trail Blazers,22400853.0,2025-02-28,POR @ BKN,W,4.0,0.0,0.0,0.0,0.0,0.0,0.0,0.0,0.0,0.0,0.0,0.0,0.0,0.0,0.0,0.0,1.0,1.0,0.0,-5.0,-1.0,1.0,2025-02-28,Sidy Cissoko,-1.0,-5.0,POR @ BKN,W,Portland Trail Blazers,0.316,0.333,0.1,0.0,0.0,0.0,0.0,0.0,0.0,28.0,2.306,2.389,2.43,0.4,2.08,0.0,-0.9,0.0,0.0,0.0,120.0,0.0,0.0,0.0,0.0,0.0,0.0,0.0,2.0,1.354,0.387,3.222,3.5,3.333,3.4,1.0,0.183,4.72,-0.056,-0.5,-0.333,0.6,1.0,-1.25,0.0,2.003,1.222,1.7,0.333,1.4,0.0,1.0,0.0,0.699,0.556,0.4,0.333,0.4,0.0,0.0,0.0,-0.333,0.167,0.167,0.1,0.0,1.66,10.0,1.0,0.0,,0.0,0,48
PF,Justin Minaya (37839507),Justin Minaya,37839507,PF/F/UTIL,3000,POR@PHI 03/03/2025 07:00PM ET,POR,1.46,POR,PHI,PHI,Justin Minaya,22024.0,1631303.0,1610612757.0,POR,Portland Trail Blazers,22400622.0,2025-01-23,POR @ ORL,W,2.0,0.0,0.0,0.0,0.0,0.0,0.0,0.0,0.0,0.0,0.0,0.0,0.0,0.0,0.0,0.0,0.0,0.0,0.0,2.0,0.0,1.0,2025-01-23,Justin Minaya,0.0,2.0,POR @ ORL,W,Portland Trail Blazers,0.516,0.333,0.333,0.333,0.4,0.0,1.0,0.0,0.0,5.0,2.681,1.6,1.6,0.5,1.68,1.0,-0.24,0.0,0.0,0.0,89.0,0.0,0.0,0.0,0.0,0.0,0.0,0.0,0.0,1.835,0.648,2.833,2.833,2.667,2.2,0.0,0.117,3.011,-1.667,-1.667,0.0,-1.6,1.0,1.0,0.0,0.0,0.0,0.0,0.0,0.0,0.0,0.0,0.0,0.837,0.5,0.5,0.0,0.4,0.0,0.0,0.0,-0.167,0.0,0.167,0.633,0.0,0.833,13.0,1.0,0.0,G-League,0.0,0,48
PF,Matisse Thybulle (37839510),Matisse Thybulle,37839510,PF/F/UTIL,3000,POR@PHI 03/03/2025 07:00PM ET,POR,0.0,POR,PHI,PHI,Matisse Thybulle,0.0,0.0,0.0,,,0.0,,,,0.0,0.0,0.0,0.0,0.0,0.0,0.0,0.0,0.0,0.0,0.0,0.0,0.0,0.0,0.0,0.0,0.0,0.0,0.0,0.0,0.0,0.0,,,0.0,0.0,,,,0.0,0.0,0.0,0.0,0.0,0.0,0.0,0.0,0.0,0.0,0.0,0.0,0.0,0.0,0.0,0.0,0.0,0.0,0.0,0.0,0.0,0.0,0.0,0.0,0.0,0.0,0.0,0.0,0.0,0.0,0.0,0.0,0.0,0.0,0.0,0.0,0.0,0.0,0.0,0.0,0.0,0.0,0.0,0.0,0.0,0.0,0.0,0.0,0.0,0.0,0.0,0.0,0.0,0.0,0.0,0.0,0.0,0.0,0.0,0.0,0.0,0.0,0.0,0.0,0.0,0.0,0.0,0.0,0.0,0.0,Injured,0.0,0,48
PG,Adam Flagler (37839382),Adam Flagler,37839382,PG/G/UTIL,3000,HOU@OKC 03/03/2025 08:00PM ET,OKC,2.67,HOU,OKC,HOU,Adam Flagler,22024.0,1641745.0,1610612760.0,OKC,Oklahoma City Thunder,22400851.0,2025-02-28,OKC @ ATL,W,1.0,1.0,1.0,1.0,1.0,1.0,1.0,0.0,0.0,0.0,0.0,0.0,0.0,0.0,0.0,0.0,0.0,0.0,3.0,3.0,3.0,1.0,2025-02-28,Adam Flagler,3.0,3.0,OKC @ ATL,W,Oklahoma City Thunder,0.0,0.0,0.0,0.0,0.0,0.0,0.0,0.0,0.0,15.0,3.651,2.765,3.24,4.333,2.6,0.0,-1.4,0.0,0.0,0.0,120.0,0.0,0.0,0.0,0.0,0.0,0.0,0.0,0.0,3.433,0.731,4.043,4.7,3.667,2.8,0.0,0.046,5.087,-0.478,-0.9,3.0,0.8,1.0,3.0,3.0,2.47,1.478,1.9,3.333,2.0,3.0,1.0,0.244,0.632,0.348,0.2,0.0,0.0,0.0,0.0,0.0,1.389,1.444,1.033,1.9,3.0,0.418,11.0,1.0,0.0,,0.0,0,48
PF/C,Jeff Green (37839385),Jeff Green,37839385,PF/C/F/UTIL,3000,HOU@OKC 03/03/2025 08:00PM ET,HOU,9.4,HOU,OKC,OKC,Jeff Green,22024.0,201145.0,1610612745.0,HOU,Houston Rockets,22400844.0,2025-02-26,HOU vs. SAS,W,20.0,6.0,12.0,0.5,1.0,4.0,0.25,0.0,0.0,0.0,3.0,0.0,3.0,0.0,0.0,0.0,0.0,1.0,13.0,0.0,16.6,1.0,2025-02-26,Jeff Green,16.6,0.0,HOU vs. SAS,W,Houston Rockets,0.823,0.421,0.7,1.0,1.0,0.0,1.0,0.0,0.0,1.0,5.946,9.105,13.61,15.433,16.38,1.0,3.12,0.5,0.1,0.0,118.0,1.0,1.0,0.0,0.0,0.0,0.0,0.0,1.0,6.535,0.351,12.632,18.6,18.0,19.0,1.0,1.079,8.504,-1.632,-0.9,-2.0,1.6,1.0,0.0,1.0,4.701,5.895,8.9,10.333,11.0,0.65,1.0,1.432,1.829,1.579,2.3,1.333,2.4,0.15,1.0,0.65,-0.078,0.515,0.6,0.4,0.65,8.299,9.0,1.0,7.0,,4.16,0,48
SG/SF,Cam Whitmore (37839389),Cam Whitmore,37839389,SG/SF/F/G/UTIL,3000,HOU@OKC 03/03/2025 08:00PM ET,HOU,16.27,HOU,OKC,OKC,Cam Whitmore,22024.0,1641715.0,1610612745.0,HOU,Houston Rockets,22400844.0,2025-02-26,HOU vs. SAS,W,5.0,0.0,0.0,0.0,0.0,0.0,0.0,0.0,0.0,0.0,0.0,0.0,0.0,0.0,0.0,0.0,1.0,0.0,0.0,-10.0,-1.0,1.0,2025-02-26,Cam Whitmore,-1.0,-10.0,HOU vs. SAS,W,Houston Rockets,0.943,0.895,1.0,1.0,1.4,0.0,1.0,0.0,0.0,4.0,10.547,15.879,14.64,4.967,10.7,0.0,-2.86,0.5,0.1,0.0,118.0,0.0,1.0,0.0,0.0,0.0,0.0,0.0,0.0,7.767,0.429,17.0,18.1,8.333,14.4,0.0,0.27,8.138,1.342,-2.7,-7.333,-1.6,0.0,-2.0,0.0,6.136,9.132,7.9,2.333,4.4,0.0,0.0,0.0,1.889,3.079,2.7,0.667,2.0,0.0,0.0,0.0,-1.067,0.233,9.767,3.7,0.0,2.075,7.0,1.0,7.0,,7.08,0,48
C,Jock Landale (37839394),Jock Landale,37839394,C/UTIL,3000,HOU@OKC 03/03/2025 08:00PM ET,HOU,10.18,HOU,OKC,OKC,Jock Landale,22024.0,1629111.0,1610612745.0,HOU,Houston Rockets,22400844.0,2025-02-26,HOU vs. SAS,W,8.0,2.0,4.0,0.5,0.0,1.0,0.0,1.0,2.0,0.5,1.0,2.0,3.0,0.0,0.0,0.0,0.0,0.0,5.0,-11.0,8.6,1.0,2025-02-26,Jock Landale,8.6,-11.0,HOU vs. SAS,W,Houston Rockets,0.816,0.833,1.0,0.333,0.6,0.0,0.0,0.0,0.0,1.0,8.457,10.15,14.04,5.5,14.02,1.0,-1.58,0.1,0.0,0.0,118.0,1.0,1.0,0.0,0.0,0.0,0.0,0.0,0.0,5.029,0.381,10.467,13.2,9.333,13.6,1.0,0.432,10.012,-0.833,0.3,-8.667,-1.8,0.0,-1.375,1.0,4.138,4.033,6.3,3.0,6.6,0.625,1.0,0.551,3.011,3.167,4.2,1.667,4.6,0.375,1.0,0.65,-0.973,0.33,3.867,0.4,0.625,3.32,8.0,1.0,0.0,,0.0,0,48
SF/PF,Jae'Sean Tate (37839396),Jaesean Tate,37839396,SF/PF/F/UTIL,3000,HOU@OKC 03/03/2025 08:00PM ET,HOU,9.03,HOU,OKC,OKC,Jae'Sean Tate,22024.0,1630256.0,1610612745.0,HOU,Houston Rockets,22400844.0,2025-02-26,HOU vs. SAS,W,24.0,3.0,7.0,0.429,1.0,2.0,0.5,0.0,0.0,0.0,2.0,4.0,6.0,2.0,0.0,0.0,0.0,1.0,7.0,-11.0,17.2,1.0,2025-02-26,Jae'Sean Tate,17.2,-11.0,HOU vs. SAS,W,Houston Rockets,2.014,0.897,1.5,0.667,1.0,0.083,1.0,1.182,0.0,1.0,7.823,9.203,9.43,5.467,8.02,0.0,1.08,0.3,0.1,0.0,118.0,1.0,1.0,0.0,0.0,1.0,0.0,0.0,1.0,8.303,0.577,11.795,14.4,11.0,15.0,1.0,1.295,10.469,0.487,-4.4,-4.0,-1.4,0.0,-0.458,1.0,3.129,3.718,3.3,2.333,3.0,0.292,0.0,0.771,2.011,2.231,2.4,2.333,2.6,0.25,1.0,1.3,0.276,0.097,3.4,0.6,0.292,9.959,12.0,1.0,16.0,,11.28,0,48
PF,Dillon Jones (37839475),Dillon Jones,37839475,PF/F/UTIL,3000,HOU@OKC 03/03/2025 08:00PM ET,OKC,6.41,HOU,OKC,HOU,Dillon Jones,22024.0,1641794.0,1610612760.0,OKC,Oklahoma City Thunder,22400871.0,2025-03-02,OKC @ SAS,W,2.0,0.0,0.0,0.0,0.0,0.0,0.0,0.0,0.0,0.0,0.0,0.0,0.0,0.0,0.0,0.0,0.0,0.0,0.0,-5.0,0.0,1.0,2025-03-02,Dillon Jones,0.0,-5.0,OKC @ SAS,W,Oklahoma City Thunder,1.703,1.0,1.7,1.0,1.6,0.0,1.0,0.0,0.0,9.0,5.694,6.435,7.69,4.1,6.68,1.0,-0.64,0.1,0.0,0.0,122.0,0.0,0.0,0.0,0.0,0.0,0.0,0.0,0.0,6.989,0.713,8.865,9.8,4.333,7.4,0.0,0.1,8.08,0.135,1.8,-3.667,1.2,1.0,-2.5,0.0,2.867,2.135,2.0,1.0,2.2,0.0,1.0,0.0,2.53,1.973,2.2,1.333,1.4,0.0,0.0,0.0,-1.014,0.333,5.467,2.4,0.0,0.833,11.0,1.0,0.0,,0.0,0,48
SG,Alex Ducas (37839478),Alex Ducas,37839478,SG/G/UTIL,3000,HOU@OKC 03/03/2025 08:00PM ET,OKC,2.98,HOU,OKC,HOU,Alex Ducas,22024.0,1642505.0,1610612760.0,OKC,Oklahoma City Thunder,22400871.0,2025-03-02,OKC @ SAS,W,2.0,0.0,0.0,0.0,0.0,0.0,0.0,0.0,0.0,0.0,0.0,0.0,0.0,0.0,0.0,0.0,1.0,2.0,0.0,-5.0,-1.0,1.0,2025-03-02,Alex Ducas,-1.0,-5.0,OKC @ SAS,W,Oklahoma City Thunder,0.316,0.118,0.1,0.0,0.2,0.0,1.0,0.0,0.0,9.0,4.575,2.765,3.83,-0.333,1.82,0.0,-0.68,0.0,0.0,0.0,122.0,0.0,0.0,0.0,0.0,0.0,0.0,0.0,0.0,3.302,0.579,4.471,5.7,3.0,3.8,0.0,0.1,5.216,-1.706,-2.9,-0.667,-1.4,1.0,-2.5,0.0,3.162,1.353,2.0,0.0,0.6,0.0,0.0,0.0,2.119,0.882,1.4,0.0,0.6,0.0,0.0,0.0,-0.556,0.0,2.7,1.9,0.0,0.833,12.0,1.0,0.0,,0.0,0,48
C,Branden Carlson (37839481),Branden Carlson,37839481,C/UTIL,3000,HOU@OKC 03/03/2025 08:00PM ET,OKC,5.91,HOU,OKC,HOU,Branden Carlson,22024.0,1642382.0,1610612760.0,OKC,Oklahoma City Thunder,22400804.0,2025-02-21,OKC @ UTA,W,3.0,1.0,1.0,1.0,1.0,1.0,1.0,0.0,0.0,0.0,0.0,0.0,0.0,0.0,0.0,0.0,1.0,0.0,3.0,1.0,2.0,1.0,2025-02-21,Branden Carlson,2.0,1.0,OKC @ UTA,W,Oklahoma City Thunder,0.675,0.316,0.3,0.0,0.0,0.0,0.0,0.0,0.0,11.0,7.822,6.063,7.63,1.667,2.24,0.0,-1.88,0.0,0.0,0.0,113.0,0.0,0.0,0.0,0.0,0.0,0.0,0.0,0.0,6.143,0.853,5.632,7.2,3.333,3.2,0.0,0.174,4.158,2.211,2.8,1.667,1.2,0.0,0.333,2.0,3.225,2.842,4.2,2.0,2.2,1.0,0.0,0.323,1.838,1.368,1.4,0.0,0.2,0.0,0.0,0.0,0.333,0.5,3.867,4.0,1.0,1.245,13.0,1.0,0.0,,0.0,0,48
PG,Nikola Topic (37839483),Nikola Topic,37839483,PG/G/UTIL,3000,HOU@OKC 03/03/2025 08:00PM ET,OKC,0.0,HOU,OKC,HOU,Nikola Topic,0.0,0.0,0.0,,,0.0,,,,0.0,0.0,0.0,0.0,0.0,0.0,0.0,0.0,0.0,0.0,0.0,0.0,0.0,0.0,0.0,0.0,0.0,0.0,0.0,0.0,0.0,0.0,,,0.0,0.0,,,,0.0,0.0,0.0,0.0,0.0,0.0,0.0,0.0,0.0,0.0,0.0,0.0,0.0,0.0,0.0,0.0,0.0,0.0,0.0,0.0,0.0,0.0,0.0,0.0,0.0,0.0,0.0,0.0,0.0,0.0,0.0,0.0,0.0,0.0,0.0,0.0,0.0,0.0,0.0,0.0,0.0,0.0,0.0,0.0,0.0,0.0,0.0,0.0,0.0,0.0,0.0,0.0,0.0,0.0,0.0,0.0,0.0,0.0,0.0,0.0,0.0,0.0,0.0,0.0,0.0,0.0,0.0,0.0,0.0,0.0,Out for season,0.0,0,48
PG,Ajay Mitchell (37839486),Ajay Mitchell,37839486,PG/G/UTIL,3000,HOU@OKC 03/03/2025 08:00PM ET,OKC,12.86,HOU,OKC,HOU,Ajay Mitchell,22024.0,1642349.0,1610612760.0,OKC,Oklahoma City Thunder,22400473.0,2025-01-03,OKC vs. NYK,W,13.0,3.0,6.0,0.5,0.0,0.0,0.0,2.0,2.0,1.0,0.0,1.0,1.0,0.0,0.0,0.0,0.0,2.0,8.0,-4.0,9.2,1.0,2025-01-03,Ajay Mitchell,9.2,-4.0,OKC vs. NYK,W,Oklahoma City Thunder,1.43,1.676,1.6,1.0,2.0,0.0,1.0,0.0,0.0,1.0,10.581,12.85,14.72,10.567,15.68,1.0,-0.8,0.4,0.1,0.1,69.0,1.0,1.0,0.0,0.0,0.0,0.0,0.0,0.0,7.4,0.413,16.559,17.9,18.667,22.0,1.0,0.537,11.193,3.353,3.8,-3.333,3.4,1.0,-0.308,2.0,5.417,6.412,8.3,7.333,9.8,0.615,1.0,0.684,3.381,1.971,3.1,2.0,2.4,0.077,1.0,0.244,-0.172,0.407,0.767,4.1,0.615,5.372,7.0,1.0,0.0,Injured,0.0,0,48
SG,Jack McVeigh (37839566),Jack Mcveigh,37839566,SG/G/UTIL,3000,HOU@OKC 03/03/2025 08:00PM ET,HOU,2.83,HOU,OKC,OKC,Jack McVeigh,22024.0,1629098.0,1610612745.0,HOU,Houston Rockets,22400031.0,2024-11-22,HOU vs. POR,W,4.0,1.0,2.0,0.5,1.0,2.0,0.5,0.0,0.0,0.0,1.0,1.0,2.0,1.0,0.0,0.0,0.0,0.0,3.0,2.0,6.9,1.0,2024-11-22,Jack McVeigh,6.9,2.0,HOU vs. POR,W,Houston Rockets,0.408,0.167,0.167,0.333,0.2,0.25,1.0,0.519,0.0,5.0,3.088,2.717,2.717,3.967,3.26,1.0,1.38,0.0,0.0,0.0,31.0,0.0,1.0,0.0,0.0,0.0,0.0,0.0,2.0,1.633,0.445,3.667,3.667,4.0,4.0,1.0,0.232,3.502,0.333,0.333,0.667,0.6,1.0,0.5,2.0,1.506,1.333,1.333,1.667,1.6,0.75,1.0,0.362,1.033,0.667,0.667,0.667,0.8,0.5,1.0,0.549,-0.011,0.383,0.333,0.333,0.75,1.66,14.0,1.0,0.0,Playing,0.0,0,48
PG/SF,Nate Williams (37839569),Nate Williams,37839569,PG/SF/F/G/UTIL,3000,HOU@OKC 03/03/2025 08:00PM ET,HOU,6.53,HOU,OKC,OKC,Nate Williams,22024.0,1631466.0,1610612745.0,HOU,Houston Rockets,22400844.0,2025-02-26,HOU vs. SAS,W,5.0,1.0,4.0,0.25,0.0,3.0,0.0,0.0,0.0,0.0,0.0,0.0,0.0,0.0,0.0,0.0,1.0,1.0,2.0,-10.0,1.0,1.0,2025-02-26,Nate Williams,1.0,-10.0,HOU vs. SAS,W,Houston Rockets,1.069,0.5,0.5,1.0,0.8,0.0,1.0,0.0,0.0,13.0,8.37,6.75,6.75,8.3,8.08,1.0,0.2,0.0,0.0,0.0,118.0,0.0,1.0,0.0,0.0,0.0,0.0,0.0,0.0,5.264,0.957,5.5,5.5,8.333,6.8,1.0,0.27,7.396,1.875,1.875,3.333,2.4,1.0,-2.0,0.0,4.241,3.625,3.625,4.333,4.4,0.4,1.0,0.22,0.916,0.625,0.625,0.667,0.4,0.0,0.0,0.0,0.296,0.337,2.833,1.3,0.4,2.075,13.0,1.0,0.0,,0.0,0,48
PG/SG,Reed Sheppard (37839574),Reed Sheppard,37839574,PG/SG/G/UTIL,3000,HOU@OKC 03/03/2025 08:00PM ET,HOU,8.53,HOU,OKC,OKC,Reed Sheppard,22024.0,1642263.0,1610612745.0,HOU,Houston Rockets,22400844.0,2025-02-26,HOU vs. SAS,W,6.0,0.0,0.0,0.0,0.0,0.0,0.0,2.0,2.0,1.0,0.0,1.0,1.0,1.0,0.0,0.0,1.0,0.0,2.0,-12.0,3.7,1.0,2025-02-26,Reed Sheppard,3.7,-12.0,HOU vs. SAS,W,Houston Rockets,0.675,1.048,0.7,0.333,0.6,0.167,0.0,0.591,0.0,4.0,11.092,8.748,9.89,2.233,4.18,0.0,-0.58,0.1,0.1,0.0,118.0,0.0,1.0,0.0,0.0,0.0,0.0,0.0,0.0,7.177,0.608,11.381,11.8,6.333,8.8,0.0,0.324,9.322,0.071,2.7,-5.333,0.2,1.0,-2.0,0.0,4.619,3.405,4.0,1.667,2.4,0.333,0.0,0.22,2.111,1.357,1.7,0.333,0.4,0.167,0.0,0.217,-1.008,0.236,5.467,3.0,0.333,2.49,11.0,1.0,0.0,,0.0,0,48
C,N'Faly Dante (37839578),Nfaly Dante,37839578,C/UTIL,3000,HOU@OKC 03/03/2025 08:00PM ET,HOU,0.0,HOU,OKC,OKC,N'Faly Dante,0.0,0.0,0.0,,,0.0,,,,0.0,0.0,0.0,0.0,0.0,0.0,0.0,0.0,0.0,0.0,0.0,0.0,0.0,0.0,0.0,0.0,0.0,0.0,0.0,0.0,0.0,0.0,,,0.0,0.0,,,,0.0,0.0,0.0,0.0,0.0,0.0,0.0,0.0,0.0,0.0,0.0,0.0,0.0,0.0,0.0,0.0,0.0,0.0,0.0,0.0,0.0,0.0,0.0,0.0,0.0,0.0,0.0,0.0,0.0,0.0,0.0,0.0,0.0,0.0,0.0,0.0,0.0,0.0,0.0,0.0,0.0,0.0,0.0,0.0,0.0,0.0,0.0,0.0,0.0,0.0,0.0,0.0,0.0,0.0,0.0,0.0,0.0,0.0,0.0,0.0,0.0,0.0,0.0,0.0,0.0,0.0,0.0,0.0,0.0,0.0,Playing,0.0,0,48
C,Cody Zeller (37839580),Cody Zeller,37839580,C/UTIL,3000,HOU@OKC 03/03/2025 08:00PM ET,HOU,0.0,HOU,OKC,OKC,Cody Zeller,0.0,0.0,0.0,,,0.0,,,,0.0,0.0,0.0,0.0,0.0,0.0,0.0,0.0,0.0,0.0,0.0,0.0,0.0,0.0,0.0,0.0,0.0,0.0,0.0,0.0,0.0,0.0,,,0.0,0.0,,,,0.0,0.0,0.0,0.0,0.0,0.0,0.0,0.0,0.0,0.0,0.0,0.0,0.0,0.0,0.0,0.0,0.0,0.0,0.0,0.0,0.0,0.0,0.0,0.0,0.0,0.0,0.0,0.0,0.0,0.0,0.0,0.0,0.0,0.0,0.0,0.0,0.0,0.0,0.0,0.0,0.0,0.0,0.0,0.0,0.0,0.0,0.0,0.0,0.0,0.0,0.0,0.0,0.0,0.0,0.0,0.0,0.0,0.0,0.0,0.0,0.0,0.0,0.0,0.0,0.0,0.0,0.0,0.0,0.0,0.0,,0.0,0,48
