PG,SG,SF,PF,C,G,F,UTIL,Proj,Ceiling,Salary,Cash %,Top 1%,ROI%,Wins,Own Sum,Avg Return,Stack1,Stack2,Lineup,Dupes,User,Index,Entry ID
Luka Doncic (38209488),Ja'Kobe Walter (38209883),Justin Champagnie (38209750),Trendon Watford (38209739),Tristan Vukcevic (38209799),Gary Trent Jr. (38209786),LeBron James (38209499),Nic Claxton (38209652),297.17733940972226,395.29158788669247,49900,100.00%,0,104.68%,0,203.26,$4.19,LAL 2,WAS 2,user20,1,marvalshot,14844,4674963720_20
Devin Booker (38209515),Gary Trent Jr. (38209786),Ricky Council IV (38209691),Trendon Watford (38209739),Nic Claxton (38209652),Cameron Payne (38209746),LeBron James (38209499),D'Angelo Russell (38209654),285.35219618055555,376.92367476689236,50000,96.22%,0,38.26%,0,200.34,$1.53,BKN 3,PHX 1,user14,1,marvalshot,14858,4674963721_14
Cameron Payne (38209746),Gary Trent Jr. (38209786),LeBron James (38209499),Ricky Council IV (38209691),Alexandre Sarr (38209615),Kevin Porter Jr. (38209743),Trendon Watford (38209739),Karl-Anthony Towns (38209503),304.9696614583333,401.5792325932025,50000,100.00%,0,158.08%,0,231.79,$6.32,NYK 2,MIL 2,user6,1,marvalshot,14898,4674963722_6
Jeff Dowtin (38209700),Gary Trent Jr. (38209786),Ricky Council IV (38209691),Pascal Siakam (38209558),Alexandre Sarr (38209615),D'Angelo Russell (38209654),LeBron James (38209499),Cameron Payne (38209746),301.4031293402778,393.9124392220716,49900,100.00%,0,136.44%,0,210.2,$5.46,PHI 2,MIL 1,user8,1,marvalshot,14948,4674963723_8
D'Angelo Russell (38209654),Quentin Grimes (38209519),LeBron James (38209499),Ricky Council IV (38209691),Tristan Vukcevic (38209799),Gary Trent Jr. (38209786),Trendon Watford (38209739),Nic Claxton (38209652),291.77342447916664,387.28627985757925,49600,100.00%,0,70.02%,0,191.04,$2.8,BKN 3,PHI 2,user8,1,marvalshot,14996,4674963724_8
Cameron Payne (38209746),Keon Johnson (38209661),Gary Trent Jr. (38209786),LeBron James (38209499),Alexandre Sarr (38209615),D'Angelo Russell (38209654),Trendon Watford (38209739),Ivica Zubac (38209552),301.6374652777778,396.5555578263102,50000,100.00%,0,138.53%,0,211.93,$5.54,BKN 3,NYK 1,user37,1,marvalshot,15033,4674963725_37
Quentin Grimes (38209519),Gary Trent Jr. (38209786),LeBron James (38209499),Justin Champagnie (38209750),Tristan Vukcevic (38209799),D'Angelo Russell (38209654),Trendon Watford (38209739),Alexandre Sarr (38209615),320.23466579861105,419.26806469856064,49400,100.00%,39806,340.25%,0,210.04,$13.61,WAS 3,BKN 2,user1,1,marvalshot,15046,4674963726_1
Luka Doncic (38209488),Gary Trent Jr. (38209786),Ricky Council IV (38209691),Trendon Watford (38209739),Tristan Vukcevic (38209799),Cameron Payne (38209746),LeBron James (38209499),Orlando Robinson (38209776),287.7835633680555,384.98536087202115,49900,99.78%,0,50.26%,0,256.31,$2.01,LAL 2,MIL 1,user2,1,marvalshot,15048,4674963727_2
D'Angelo Russell (38209654),Gary Trent Jr. (38209786),Justin Champagnie (38209750),Trendon Watford (38209739),Tristan Vukcevic (38209799),Luka Doncic (38209488),Ja'Kobe Walter (38209883),LeBron James (38209499),296.33733940972223,395.08158788669243,49800,100.00%,0,100.4%,0,205.23000000000002,$4.02,BKN 2,WAS 2,user4,1,marvalshot,14828,4674963720_4
Kevin Porter Jr. (38209743),Cameron Payne (38209746),Ricky Council IV (38209691),LeBron James (38209499),Nic Claxton (38209652),Gary Trent Jr. (38209786),Trendon Watford (38209739),Karl-Anthony Towns (38209503),284.9321961805556,379.3436747668924,49600,94.39%,0,33.36%,0,200.7,$1.33,MIL 2,NYK 2,user31,1,marvalshot,14874,4674963721_31
Cameron Payne (38209746),Gary Trent Jr. (38209786),LeBron James (38209499),Ricky Council IV (38209691),Alexandre Sarr (38209615),D'Angelo Russell (38209654),Trendon Watford (38209739),Tyrese Haliburton (38209549),302.9996614583333,396.73923259320253,49600,100.00%,0,147.53%,0,232.73000000000002,$5.9,BKN 2,NYK 1,user28,1,marvalshot,14919,4674963722_28
Jeff Dowtin (38209700),Ja'Kobe Walter (38209883),Ricky Council IV (38209691),Trendon Watford (38209739),Alexandre Sarr (38209615),Kevin Porter Jr. (38209743),LeBron James (38209499),Karl-Anthony Towns (38209503),301.39312934027777,399.3824392220715,49900,100.00%,0,136.11%,0,184.92000000000002,$5.44,PHI 2,TOR 1,user44,1,marvalshot,14983,4674963723_44
Cameron Payne (38209746),Quentin Grimes (38209519),LeBron James (38209499),Ricky Council IV (38209691),Tristan Vukcevic (38209799),D'Angelo Russell (38209654),Trendon Watford (38209739),Nic Claxton (38209652),291.49342447916666,388.83627985757926,49800,100.00%,0,68.1%,0,194.88,$2.72,BKN 3,PHI 2,user6,1,marvalshot,14994,4674963724_6
D'Angelo Russell (38209654),Ja'Kobe Walter (38209883),LeBron James (38209499),Trendon Watford (38209739),Alexandre Sarr (38209615),Cameron Payne (38209746),Gary Trent Jr. (38209786),Karl-Anthony Towns (38209503),300.6374652777778,395.7655578263102,49800,100.00%,0,130.06%,0,242.90999999999997,$5.2,BKN 2,NYK 2,user18,1,marvalshot,15014,4674963725_18
Quentin Grimes (38209519),Cameron Payne (38209746),LeBron James (38209499),Justin Champagnie (38209750),Tristan Vukcevic (38209799),D'Angelo Russell (38209654),Trendon Watford (38209739),Alexandre Sarr (38209615),319.9546657986111,420.81806469856065,49600,100.00%,37935,319.81%,0,213.88,$12.79,WAS 3,BKN 2,user,49,marvalshot,868,4674963726
Cameron Payne (38209746),Gary Trent Jr. (38209786),Ricky Council IV (38209691),Trendon Watford (38209739),Tristan Vukcevic (38209799),Luka Doncic (38209488),LeBron James (38209499),Ziaire Williams (38209758),286.90356336805553,382.1653608720212,49900,99.57%,0,48.42%,0,248.85999999999999,$1.94,BKN 2,LAL 2,user,1,marvalshot,9998,4674963727
Luka Doncic (38209488),Gary Trent Jr. (38209786),Justin Champagnie (38209750),Trendon Watford (38209739),Tristan Vukcevic (38209799),Cameron Payne (38209746),LeBron James (38209499),Orlando Robinson (38209776),296.2073394097222,394.7315878866924,49300,100.00%,0,99.94%,0,244.21999999999997,$4.0,LAL 2,WAS 2,user13,1,marvalshot,14837,4674963720_13
Cameron Payne (38209746),Gary Trent Jr. (38209786),Ricky Council IV (38209691),LeBron James (38209499),Ivica Zubac (38209552),Kevin Porter Jr. (38209743),Trendon Watford (38209739),Josh Hart (38209565),284.93219618055554,374.75367476689235,50000,94.28%,0,33.29%,0,195.03,$1.33,NYK 2,MIL 2,user33,1,marvalshot,14876,4674963721_33
Luka Doncic (38209488),Ziaire Williams (38209758),Gary Trent Jr. (38209786),Ricky Council IV (38209691),Alexandre Sarr (38209615),Cameron Payne (38209746),Trendon Watford (38209739),Ivica Zubac (38209552),302.91966145833334,394.3192325932025,49900,100.00%,0,146.53%,0,242.79,$5.86,BKN 2,LAL 1,user18,1,marvalshot,14910,4674963722_18
Jeff Dowtin (38209700),Cameron Payne (38209746),Ricky Council IV (38209691),LeBron James (38209499),Alexandre Sarr (38209615),Kevin Porter Jr. (38209743),Trendon Watford (38209739),Devin Booker (38209515),300.52312934027776,397.78243922207156,49900,100.00%,0,129.03%,0,198.74,$5.16,PHI 2,NYK 1,user10,1,marvalshot,14950,4674963723_10
Cameron Payne (38209746),Quentin Grimes (38209519),LeBron James (38209499),Ricky Council IV (38209691),Tristan Vukcevic (38209799),Gary Trent Jr. (38209786),Ja'Kobe Walter (38209883),Ivica Zubac (38209552),290.99342447916666,382.0562798575793,50000,100.00%,0,63.95%,0,223.18,$2.56,PHI 2,NYK 1,user2,1,marvalshot,14990,4674963724_2
D'Angelo Russell (38209654),Ziaire Williams (38209758),LeBron James (38209499),Trendon Watford (38209739),Alexandre Sarr (38209615),Gary Trent Jr. (38209786),Pascal Siakam (38209558),Nic Claxton (38209652),300.1674652777778,395.3255578263102,50000,100.00%,0,125.52%,0,193.07,$5.02,BKN 4,LAL 1,user28,1,marvalshot,15024,4674963725_28
Quentin Grimes (38209519),Cameron Payne (38209746),LeBron James (38209499),Justin Champagnie (38209750),Tristan Vukcevic (38209799),D'Angelo Russell (38209654),Trendon Watford (38209739),Alexandre Sarr (38209615),319.9546657986111,420.81806469856065,49600,100.00%,37935,319.81%,0,213.88,$12.79,WAS 3,BKN 2,user2,49,marvalshot,868,4674963726_2
Kevin Porter Jr. (38209743),Cameron Payne (38209746),Ricky Council IV (38209691),LeBron James (38209499),Tristan Vukcevic (38209799),Gary Trent Jr. (38209786),Trendon Watford (38209739),Luka Doncic (38209488),286.62356336805556,386.1553608720212,50000,99.05%,0,46.95%,0,231.5,$1.88,MIL 2,LAL 2,user1,48,marvalshot,15047,4674963727_1
Cameron Payne (38209746),Gary Trent Jr. (38209786),Justin Champagnie (38209750),LeBron James (38209499),Tristan Vukcevic (38209799),Tyrese Haliburton (38209549),Trendon Watford (38209739),Ivica Zubac (38209552),296.1773394097222,392.1515878866924,49500,100.00%,0,99.84%,0,212.2,$3.99,WAS 2,NYK 1,user16,1,marvalshot,14840,4674963720_16
Kevin Porter Jr. (38209743),Devin Booker (38209515),Ricky Council IV (38209691),Trendon Watford (38209739),Nic Claxton (38209652),D'Angelo Russell (38209654),LeBron James (38209499),Gary Trent Jr. (38209786),283.56219618055553,378.36367476689236,50000,83.45%,0,10.08%,0,159.64999999999998,$0.4,BKN 3,MIL 2,user49,1,marvalshot,14892,4674963721_49
Luka Doncic (38209488),Cameron Payne (38209746),Gary Trent Jr. (38209786),Ricky Council IV (38209691),Alexandre Sarr (38209615),Kevin Porter Jr. (38209743),Trendon Watford (38209739),Ivica Zubac (38209552),302.6396614583333,398.3092325932025,50000,100.00%,0,144.77%,0,225.43,$5.79,MIL 2,LAL 1,user31,1,marvalshot,14922,4674963722_31
Jeff Dowtin (38209700),Gary Trent Jr. (38209786),Ricky Council IV (38209691),LeBron James (38209499),Alexandre Sarr (38209615),Cameron Payne (38209746),Pascal Siakam (38209558),Kyle Kuzma (38209648),300.4231293402778,389.6824392220716,50000,100.00%,0,127.69%,0,212.14999999999998,$5.11,PHI 2,MIL 2,user36,1,marvalshot,14975,4674963723_36
D'Angelo Russell (38209654),Quentin Grimes (38209519),LeBron James (38209499),Ricky Council IV (38209691),Tristan Vukcevic (38209799),Ziaire Williams (38209758),Trendon Watford (38209739),Nic Claxton (38209652),289.9834244791666,386.2862798575792,49700,99.97%,0,57.97%,0,171.55,$2.32,BKN 4,PHI 2,user1,1,marvalshot,14989,4674963724_1
D'Angelo Russell (38209654),Keon Johnson (38209661),Ziaire Williams (38209758),LeBron James (38209499),Alexandre Sarr (38209615),Gary Trent Jr. (38209786),Trendon Watford (38209739),Ivica Zubac (38209552),300.12746527777773,394.0055578263101,49900,100.00%,0,125.15%,0,188.59999999999997,$5.01,BKN 4,LAL 1,user35,1,marvalshot,15031,4674963725_35
Quentin Grimes (38209519),Cameron Payne (38209746),LeBron James (38209499),Justin Champagnie (38209750),Tristan Vukcevic (38209799),D'Angelo Russell (38209654),Trendon Watford (38209739),Alexandre Sarr (38209615),319.9546657986111,420.81806469856065,49600,100.00%,37935,319.81%,0,213.88,$12.79,WAS 3,BKN 2,user3,49,marvalshot,868,4674963726_3
Luka Doncic (38209488),Cameron Payne (38209746),Ricky Council IV (38209691),Trendon Watford (38209739),Tristan Vukcevic (38209799),Gary Trent Jr. (38209786),LeBron James (38209499),Kevin Porter Jr. (38209743),286.62356336805556,386.1553608720212,50000,99.05%,0,46.95%,0,231.5,$1.88,LAL 2,MIL 2,user3,48,marvalshot,15047,4674963727_3
Luka Doncic (38209488),Cameron Payne (38209746),Justin Champagnie (38209750),LeBron James (38209499),Tristan Vukcevic (38209799),D'Angelo Russell (38209654),Ja'Kobe Walter (38209883),Trendon Watford (38209739),296.0573394097222,396.6315878866924,50000,100.00%,0,99.18%,0,209.07,$3.97,LAL 2,WAS 2,user5,1,marvalshot,14829,4674963720_5
Kevin Porter Jr. (38209743),Cameron Payne (38209746),Ricky Council IV (38209691),LeBron James (38209499),Trendon Watford (38209739),Luka Doncic (38209488),Ja'Kobe Walter (38209883),Gary Trent Jr. (38209786),283.3121961805556,377.4036747668924,49500,83.76%,0,8.51%,0,228.02,$0.34,MIL 2,LAL 2,user47,1,marvalshot,14890,4674963721_47
Cameron Payne (38209746),Gary Trent Jr. (38209786),Ziaire Williams (38209758),Ricky Council IV (38209691),Alexandre Sarr (38209615),James Harden (38209505),Trendon Watford (38209739),LeBron James (38209499),302.0096614583333,393.4692325932025,49700,100.00%,0,141.95%,0,249.60000000000002,$5.68,BKN 2,NYK 1,user12,1,marvalshot,14904,4674963722_12
Jeff Dowtin (38209700),Keon Johnson (38209661),Ricky Council IV (38209691),LeBron James (38209499),Alexandre Sarr (38209615),Cameron Payne (38209746),Ziaire Williams (38209758),Ivica Zubac (38209552),300.41312934027775,391.8024392220715,50000,100.00%,0,127.64%,0,184.27,$5.11,PHI 2,BKN 2,user46,1,marvalshot,14985,4674963723_46
D'Angelo Russell (38209654),Quentin Grimes (38209519),Kyle Kuzma (38209648),Ricky Council IV (38209691),Tristan Vukcevic (38209799),Gary Trent Jr. (38209786),LeBron James (38209499),Trendon Watford (38209739),289.95342447916664,382.84627985757925,49600,99.99%,0,57.62%,0,194.96,$2.3,BKN 2,PHI 2,user4,1,marvalshot,14992,4674963724_4
D'Angelo Russell (38209654),Cameron Payne (38209746),LeBron James (38209499),Josh Hart (38209565),Alexandre Sarr (38209615),Gary Trent Jr. (38209786),Trendon Watford (38209739),Nic Claxton (38209652),299.99746527777774,392.2355578263101,49900,100.00%,0,124.01%,0,216.09999999999997,$4.96,BKN 3,NYK 2,user36,1,marvalshot,15032,4674963725_36
Quentin Grimes (38209519),Cameron Payne (38209746),LeBron James (38209499),Justin Champagnie (38209750),Tristan Vukcevic (38209799),D'Angelo Russell (38209654),Trendon Watford (38209739),Alexandre Sarr (38209615),319.9546657986111,420.81806469856065,49600,100.00%,37935,319.81%,0,213.88,$12.79,WAS 3,BKN 2,user4,49,marvalshot,868,4674963726_4
Luka Doncic (38209488),Cameron Payne (38209746),Ricky Council IV (38209691),Trendon Watford (38209739),Tristan Vukcevic (38209799),Gary Trent Jr. (38209786),LeBron James (38209499),Kevin Porter Jr. (38209743),286.62356336805556,386.1553608720212,50000,99.05%,0,46.95%,0,231.5,$1.88,LAL 2,MIL 2,user4,48,marvalshot,15047,4674963727_4
Cameron Payne (38209746),Gary Trent Jr. (38209786),Justin Champagnie (38209750),Trendon Watford (38209739),Tristan Vukcevic (38209799),Luka Doncic (38209488),Ziaire Williams (38209758),LeBron James (38209499),295.3273394097222,391.9115878866924,49300,100.00%,0,96.17%,0,236.77,$3.85,WAS 2,BKN 2,user,1,marvalshot,4938,4674963720
Ryan Rollins (38209763),Cameron Payne (38209746),Ricky Council IV (38209691),Trendon Watford (38209739),Ivica Zubac (38209552),Gary Trent Jr. (38209786),Josh Hart (38209565),LeBron James (38209499),283.0121961805555,369.9136747668923,49900,78.60%,0,-0.17%,0,197.49,$-0.01,MIL 2,NYK 2,user15,2,marvalshot,9799,4674963721_15
Kevin Porter Jr. (38209743),Gary Trent Jr. (38209786),LeBron James (38209499),Ricky Council IV (38209691),Alexandre Sarr (38209615),Cameron Payne (38209746),Trendon Watford (38209739),James Harden (38209505),301.7296614583333,397.4592325932025,49800,100.00%,0,139.42%,0,232.23999999999998,$5.58,MIL 2,LAL 1,user30,2,marvalshot,3757,4674963722_30
Jeff Dowtin (38209700),Gary Trent Jr. (38209786),Ricky Council IV (38209691),LeBron James (38209499),Alexandre Sarr (38209615),D'Angelo Russell (38209654),Ziaire Williams (38209758),Tyrese Haliburton (38209549),300.2631293402778,391.8524392220716,50000,100.00%,0,126.26%,0,187.76,$5.05,PHI 2,BKN 2,user19,1,marvalshot,14959,4674963723_19
Kevin Porter Jr. (38209743),Quentin Grimes (38209519),LeBron James (38209499),Ricky Council IV (38209691),Tristan Vukcevic (38209799),D'Angelo Russell (38209654),Trendon Watford (38209739),Nic Claxton (38209652),289.70342447916664,390.27627985757925,49800,99.92%,0,57.16%,0,154.19,$2.29,BKN 3,PHI 2,user5,1,marvalshot,14993,4674963724_5
D'Angelo Russell (38209654),Keon Johnson (38209661),Gary Trent Jr. (38209786),Trendon Watford (38209739),Alexandre Sarr (38209615),Kevin Porter Jr. (38209743),LeBron James (38209499),Ivica Zubac (38209552),299.84746527777776,397.9955578263102,50000,100.00%,0,122.57%,0,171.24,$4.9,BKN 3,MIL 2,user40,1,marvalshot,15037,4674963725_40
Quentin Grimes (38209519),Cameron Payne (38209746),LeBron James (38209499),Justin Champagnie (38209750),Tristan Vukcevic (38209799),D'Angelo Russell (38209654),Trendon Watford (38209739),Alexandre Sarr (38209615),319.9546657986111,420.81806469856065,49600,100.00%,37935,319.81%,0,213.88,$12.79,WAS 3,BKN 2,user5,49,marvalshot,868,4674963726_5
Luka Doncic (38209488),Cameron Payne (38209746),Ricky Council IV (38209691),Trendon Watford (38209739),Tristan Vukcevic (38209799),Gary Trent Jr. (38209786),LeBron James (38209499),Kevin Porter Jr. (38209743),286.62356336805556,386.1553608720212,50000,99.05%,0,46.95%,0,231.5,$1.88,LAL 2,MIL 2,user5,48,marvalshot,15047,4674963727_5
Luka Doncic (38209488),Ja'Kobe Walter (38209883),Justin Champagnie (38209750),LeBron James (38209499),Tristan Vukcevic (38209799),Ziaire Williams (38209758),Trendon Watford (38209739),Nic Claxton (38209652),295.3873394097222,394.2915878866924,50000,100.00%,0,96.14%,0,183.77,$3.85,BKN 3,LAL 2,user10,1,marvalshot,14834,4674963720_10
Tyrese Haliburton (38209549),Ziaire Williams (38209758),Ricky Council IV (38209691),Trendon Watford (38209739),Ivica Zubac (38209552),Gary Trent Jr. (38209786),LeBron James (38209499),Ja'Kobe Walter (38209883),282.93219618055554,371.10367476689237,49500,78.27%,0,-1.55%,0,197.48000000000002,$-0.06,BKN 2,IND 1,user16,1,marvalshot,14859,4674963721_16
Keon Johnson (38209661),Gary Trent Jr. (38209786),LeBron James (38209499),Ricky Council IV (38209691),Alexandre Sarr (38209615),Kevin Porter Jr. (38209743),Trendon Watford (38209739),Ivica Zubac (38209552),301.6396614583333,396.5792325932025,49400,100.00%,0,138.18%,0,184.70999999999998,$5.53,BKN 2,MIL 2,user25,1,marvalshot,14917,4674963722_25
Jeff Dowtin (38209700),Ja'Kobe Walter (38209883),Ricky Council IV (38209691),LeBron James (38209499),Alexandre Sarr (38209615),Gary Trent Jr. (38209786),Trendon Watford (38209739),James Harden (38209505),300.2231293402778,392.27243922207157,49500,100.00%,0,126.18%,0,222.22,$5.05,PHI 2,TOR 1,user20,2,marvalshot,3531,4674963723_20
D'Angelo Russell (38209654),Quentin Grimes (38209519),Kyle Kuzma (38209648),Ricky Council IV (38209691),Tristan Vukcevic (38209799),Cameron Payne (38209746),Trendon Watford (38209739),LeBron James (38209499),289.67342447916667,384.39627985757926,49800,99.96%,0,56.59%,0,198.79999999999998,$2.26,BKN 2,PHI 2,user3,1,marvalshot,14991,4674963724_3
Cameron Payne (38209746),Ja'Kobe Walter (38209883),LeBron James (38209499),Trendon Watford (38209739),Alexandre Sarr (38209615),Gary Trent Jr. (38209786),Kyle Kuzma (38209648),Karl-Anthony Towns (38209503),299.65746527777776,391.5355578263102,49900,100.00%,0,120.61%,0,244.86,$4.82,NYK 2,MIL 2,user44,1,marvalshot,15040,4674963725_44
Quentin Grimes (38209519),Cameron Payne (38209746),LeBron James (38209499),Justin Champagnie (38209750),Tristan Vukcevic (38209799),D'Angelo Russell (38209654),Trendon Watford (38209739),Alexandre Sarr (38209615),319.9546657986111,420.81806469856065,49600,100.00%,37935,319.81%,0,213.88,$12.79,WAS 3,BKN 2,user6,49,marvalshot,868,4674963726_6
Luka Doncic (38209488),Cameron Payne (38209746),Ricky Council IV (38209691),Trendon Watford (38209739),Tristan Vukcevic (38209799),Gary Trent Jr. (38209786),LeBron James (38209499),Kevin Porter Jr. (38209743),286.62356336805556,386.1553608720212,50000,99.05%,0,46.95%,0,231.5,$1.88,LAL 2,MIL 2,user6,48,marvalshot,15047,4674963727_6
D'Angelo Russell (38209654),Ja'Kobe Walter (38209883),Justin Champagnie (38209750),LeBron James (38209499),Tristan Vukcevic (38209799),Luka Doncic (38209488),Trendon Watford (38209739),Orlando Robinson (38209776),295.4273394097222,396.9015878866925,49900,100.00%,0,96.07%,0,193.19,$3.84,BKN 2,TOR 2,user9,1,marvalshot,14833,4674963720_9
Tyrese Haliburton (38209549),Gary Trent Jr. (38209786),Ricky Council IV (38209691),Trendon Watford (38209739),Orlando Robinson (38209776),Cameron Payne (38209746),LeBron James (38209499),Josh Hart (38209565),282.9421961805556,369.9536747668924,50000,78.24%,0,-1.61%,0,221.42000000000002,$-0.06,NYK 2,IND 1,user28,1,marvalshot,14871,4674963721_28
D'Angelo Russell (38209654),Gary Trent Jr. (38209786),Ziaire Williams (38209758),Ricky Council IV (38209691),Alexandre Sarr (38209615),Tyrese Haliburton (38209549),LeBron James (38209499),Trendon Watford (38209739),301.48966145833333,394.1892325932025,49500,100.00%,0,137.51%,0,209.39999999999998,$5.5,BKN 3,MIL 1,user33,1,marvalshot,14924,4674963722_33
Jeff Dowtin (38209700),Ziaire Williams (38209758),Ricky Council IV (38209691),Trendon Watford (38209739),Alexandre Sarr (38209615),Devin Booker (38209515),LeBron James (38209499),Orlando Robinson (38209776),300.1731293402778,394.0624392220716,49700,100.00%,0,125.76%,0,200.22,$5.03,PHI 2,BKN 2,user14,1,marvalshot,14954,4674963723_14
D'Angelo Russell (38209654),Quentin Grimes (38209519),Gary Trent Jr. (38209786),Ricky Council IV (38209691),Tristan Vukcevic (38209799),Cameron Payne (38209746),LeBron James (38209499),Nic Claxton (38209652),289.5134244791667,382.9062798575793,49600,99.96%,0,55.88%,0,204.01,$2.24,BKN 2,PHI 2,user7,1,marvalshot,14995,4674963724_7
Kevin Porter Jr. (38209743),Gary Trent Jr. (38209786),OG Anunoby (38209593),Trendon Watford (38209739),Alexandre Sarr (38209615),Cameron Payne (38209746),LeBron James (38209499),Ivica Zubac (38209552),299.1074652777778,392.2555578263102,50000,100.00%,0,116.17%,0,207.59,$4.65,MIL 2,NYK 2,user42,1,marvalshot,15038,4674963725_42
Quentin Grimes (38209519),Cameron Payne (38209746),LeBron James (38209499),Justin Champagnie (38209750),Tristan Vukcevic (38209799),D'Angelo Russell (38209654),Trendon Watford (38209739),Alexandre Sarr (38209615),319.9546657986111,420.81806469856065,49600,100.00%,37935,319.81%,0,213.88,$12.79,WAS 3,BKN 2,user7,49,marvalshot,868,4674963726_7
Luka Doncic (38209488),Cameron Payne (38209746),Ricky Council IV (38209691),Trendon Watford (38209739),Tristan Vukcevic (38209799),Gary Trent Jr. (38209786),LeBron James (38209499),Kevin Porter Jr. (38209743),286.62356336805556,386.1553608720212,50000,99.05%,0,46.95%,0,231.5,$1.88,LAL 2,MIL 2,user7,48,marvalshot,15047,4674963727_7
Luka Doncic (38209488),Ja'Kobe Walter (38209883),Justin Champagnie (38209750),LeBron James (38209499),Tristan Vukcevic (38209799),Gary Trent Jr. (38209786),Kyle Kuzma (38209648),Trendon Watford (38209739),295.3573394097222,390.8515878866924,49900,100.00%,0,95.92%,0,207.18,$3.84,LAL 2,WAS 2,user3,1,marvalshot,14827,4674963720_3
D'Angelo Russell (38209654),Devin Booker (38209515),Ricky Council IV (38209691),LeBron James (38209499),Nic Claxton (38209652),Ziaire Williams (38209758),Trendon Watford (38209739),Orlando Robinson (38209776),282.93219618055554,376.19367476689234,50000,77.20%,0,-2.59%,0,164.97000000000003,$-0.1,BKN 4,PHX 1,user37,1,marvalshot,14880,4674963721_37
Ryan Rollins (38209763),Gary Trent Jr. (38209786),LeBron James (38209499),Ricky Council IV (38209691),Alexandre Sarr (38209615),Kevin Porter Jr. (38209743),Trendon Watford (38209739),Karl-Anthony Towns (38209503),301.2596614583333,398.1792325932025,49900,100.00%,0,135.08%,0,193.56,$5.4,MIL 3,LAL 1,user9,1,marvalshot,14901,4674963722_9
Jeff Dowtin (38209700),Gary Trent Jr. (38209786),Ricky Council IV (38209691),LeBron James (38209499),Alexandre Sarr (38209615),Cameron Payne (38209746),Kevin Durant (38209511),Trendon Watford (38209739),299.98312934027774,390.7624392220715,49800,100.00%,0,123.76%,0,233.42000000000002,$4.95,PHI 2,MIL 1,user23,1,marvalshot,14962,4674963723_23
D'Angelo Russell (38209654),Quentin Grimes (38209519),Gary Trent Jr. (38209786),Ricky Council IV (38209691),Tristan Vukcevic (38209799),Cameron Payne (38209746),Trendon Watford (38209739),Luka Doncic (38209488),289.2134244791667,383.57627985757927,50000,99.96%,0,54.32%,0,227.98,$2.17,BKN 2,PHI 2,user,42,marvalshot,6871,4674963724
Cameron Payne (38209746),Devin Booker (38209515),Gary Trent Jr. (38209786),Trendon Watford (38209739),Alexandre Sarr (38209615),D'Angelo Russell (38209654),LeBron James (38209499),Orlando Robinson (38209776),299.1374652777778,394.4355578263102,49700,100.00%,0,115.98%,0,240.85,$4.64,BKN 2,NYK 1,user9,1,marvalshot,15005,4674963725_9
Quentin Grimes (38209519),Cameron Payne (38209746),LeBron James (38209499),Justin Champagnie (38209750),Tristan Vukcevic (38209799),D'Angelo Russell (38209654),Trendon Watford (38209739),Alexandre Sarr (38209615),319.9546657986111,420.81806469856065,49600,100.00%,37935,319.81%,0,213.88,$12.79,WAS 3,BKN 2,user8,49,marvalshot,868,4674963726_8
Luka Doncic (38209488),Cameron Payne (38209746),Ricky Council IV (38209691),Trendon Watford (38209739),Tristan Vukcevic (38209799),Gary Trent Jr. (38209786),LeBron James (38209499),Kevin Porter Jr. (38209743),286.62356336805556,386.1553608720212,50000,99.05%,0,46.95%,0,231.5,$1.88,LAL 2,MIL 2,user8,48,marvalshot,15047,4674963727_8
Luka Doncic (38209488),Cameron Payne (38209746),Justin Champagnie (38209750),LeBron James (38209499),Tristan Vukcevic (38209799),Gary Trent Jr. (38209786),Trendon Watford (38209739),Kevin Porter Jr. (38209743),295.0473394097222,395.9015878866924,49400,100.00%,0,94.39%,0,219.41,$3.78,LAL 2,WAS 2,user2,1,marvalshot,14824,4674963720_2
Kevin Porter Jr. (38209743),Gary Trent Jr. (38209786),Ricky Council IV (38209691),Ryan Dunn (38209801),Trendon Watford (38209739),Cameron Payne (38209746),LeBron James (38209499),Luka Doncic (38209488),282.77219618055557,376.4536747668924,50000,76.21%,0,-5.32%,0,207.66,$-0.21,MIL 2,LAL 2,user10,1,marvalshot,14854,4674963721_10
D'Angelo Russell (38209654),Ziaire Williams (38209758),LeBron James (38209499),Ricky Council IV (38209691),Alexandre Sarr (38209615),Cameron Payne (38209746),Trendon Watford (38209739),Tyrese Haliburton (38209549),301.2096614583333,395.73923259320253,49700,100.00%,0,134.98%,0,213.24,$5.4,BKN 3,LAL 1,user48,1,marvalshot,14938,4674963722_48
Jeff Dowtin (38209700),Devin Booker (38209515),Ricky Council IV (38209691),Trendon Watford (38209739),Alexandre Sarr (38209615),Kevin Porter Jr. (38209743),LeBron James (38209499),Orlando Robinson (38209776),299.89312934027777,398.05243922207154,49800,100.00%,0,123.31%,0,182.85999999999999,$4.93,PHI 2,PHX 1,user22,1,marvalshot,14961,4674963723_22
D'Angelo Russell (38209654),Quentin Grimes (38209519),Gary Trent Jr. (38209786),Ricky Council IV (38209691),Tristan Vukcevic (38209799),Cameron Payne (38209746),Trendon Watford (38209739),Luka Doncic (38209488),289.2134244791667,383.57627985757927,50000,99.96%,0,54.32%,0,227.98,$2.17,BKN 2,PHI 2,user9,42,marvalshot,6871,4674963724_9
D'Angelo Russell (38209654),Ja'Kobe Walter (38209883),Ziaire Williams (38209758),Trendon Watford (38209739),Alexandre Sarr (38209615),Gary Trent Jr. (38209786),LeBron James (38209499),Karl-Anthony Towns (38209503),299.1274652777778,393.2155578263102,49700,100.00%,0,115.83%,0,219.57999999999998,$4.63,BKN 3,TOR 1,user39,1,marvalshot,15035,4674963725_39
Quentin Grimes (38209519),Cameron Payne (38209746),LeBron James (38209499),Justin Champagnie (38209750),Tristan Vukcevic (38209799),D'Angelo Russell (38209654),Trendon Watford (38209739),Alexandre Sarr (38209615),319.9546657986111,420.81806469856065,49600,100.00%,37935,319.81%,0,213.88,$12.79,WAS 3,BKN 2,user9,49,marvalshot,868,4674963726_9
Luka Doncic (38209488),Cameron Payne (38209746),Ricky Council IV (38209691),Trendon Watford (38209739),Tristan Vukcevic (38209799),Gary Trent Jr. (38209786),LeBron James (38209499),Kevin Porter Jr. (38209743),286.62356336805556,386.1553608720212,50000,99.05%,0,46.95%,0,231.5,$1.88,LAL 2,MIL 2,user9,48,marvalshot,15047,4674963727_9
Luka Doncic (38209488),Ja'Kobe Walter (38209883),Justin Champagnie (38209750),LeBron James (38209499),Tristan Vukcevic (38209799),Cameron Payne (38209746),Gary Trent Jr. (38209786),Nic Claxton (38209652),294.9173394097222,390.9115878866925,49900,100.00%,0,93.31%,0,216.23,$3.73,LAL 2,WAS 2,user15,1,marvalshot,14839,4674963720_15
Luka Doncic (38209488),Cameron Payne (38209746),Ricky Council IV (38209691),Trendon Watford (38209739),Orlando Robinson (38209776),Ziaire Williams (38209758),LeBron James (38209499),Ja'Kobe Walter (38209883),282.68219618055554,375.23367476689236,49500,75.98%,0,-6.78%,0,233.33999999999997,$-0.27,LAL 2,BKN 2,user29,1,marvalshot,14872,4674963721_29
Kevin Porter Jr. (38209743),Ziaire Williams (38209758),Gary Trent Jr. (38209786),Ricky Council IV (38209691),Alexandre Sarr (38209615),Cameron Payne (38209746),LeBron James (38209499),Karl-Anthony Towns (38209503),301.19966145833337,394.64923259320256,49900,100.00%,0,134.65%,0,221.43,$5.39,MIL 2,NYK 2,user34,1,marvalshot,14925,4674963722_34
Jeff Dowtin (38209700),Gary Trent Jr. (38209786),Ricky Council IV (38209691),Pascal Siakam (38209558),Alexandre Sarr (38209615),D'Angelo Russell (38209654),Ziaire Williams (38209758),LeBron James (38209499),299.8931293402778,391.3624392220716,49800,100.00%,0,123.06%,0,186.87,$4.92,PHI 2,BKN 2,user7,1,marvalshot,14947,4674963723_7
D'Angelo Russell (38209654),Quentin Grimes (38209519),Gary Trent Jr. (38209786),Ricky Council IV (38209691),Tristan Vukcevic (38209799),Cameron Payne (38209746),Trendon Watford (38209739),Luka Doncic (38209488),289.2134244791667,383.57627985757927,50000,99.96%,0,54.32%,0,227.98,$2.17,BKN 2,PHI 2,user10,42,marvalshot,6871,4674963724_10
Devin Booker (38209515),Cameron Payne (38209746),Ziaire Williams (38209758),Trendon Watford (38209739),Alexandre Sarr (38209615),Gary Trent Jr. (38209786),LeBron James (38209499),Nic Claxton (38209652),299.09746527777776,391.82555782631016,49800,100.00%,0,115.57%,0,231.43,$4.62,BKN 3,PHX 1,user1,1,marvalshot,14997,4674963725_1
Quentin Grimes (38209519),Cameron Payne (38209746),LeBron James (38209499),Justin Champagnie (38209750),Tristan Vukcevic (38209799),D'Angelo Russell (38209654),Trendon Watford (38209739),Alexandre Sarr (38209615),319.9546657986111,420.81806469856065,49600,100.00%,37935,319.81%,0,213.88,$12.79,WAS 3,BKN 2,user10,49,marvalshot,868,4674963726_10
Luka Doncic (38209488),Cameron Payne (38209746),Ricky Council IV (38209691),Trendon Watford (38209739),Tristan Vukcevic (38209799),Gary Trent Jr. (38209786),LeBron James (38209499),Kevin Porter Jr. (38209743),286.62356336805556,386.1553608720212,50000,99.05%,0,46.95%,0,231.5,$1.88,LAL 2,MIL 2,user10,48,marvalshot,15047,4674963727_10
Luka Doncic (38209488),Ziaire Williams (38209758),Justin Champagnie (38209750),LeBron James (38209499),Tristan Vukcevic (38209799),Gary Trent Jr. (38209786),Trendon Watford (38209739),Orlando Robinson (38209776),294.6973394097222,392.18158788669245,49200,100.00%,0,92.47%,0,220.89,$3.7,LAL 2,BKN 2,user19,1,marvalshot,14843,4674963720_19
D'Angelo Russell (38209654),Ja'Kobe Walter (38209883),Ricky Council IV (38209691),LeBron James (38209499),Nic Claxton (38209652),Cameron Payne (38209746),Trendon Watford (38209739),James Harden (38209505),282.7021961805556,375.9536747668924,50000,74.68%,0,-7.58%,0,190.81,$-0.3,BKN 3,TOR 1,user32,1,marvalshot,14875,4674963721_32
D'Angelo Russell (38209654),Devin Booker (38209515),Ja'Kobe Walter (38209883),Ricky Council IV (38209691),Alexandre Sarr (38209615),Gary Trent Jr. (38209786),Trendon Watford (38209739),LeBron James (38209499),301.0596614583333,393.3692325932025,49600,100.00%,0,133.87%,0,215.32999999999998,$5.35,BKN 2,PHX 1,user13,1,marvalshot,14905,4674963722_13
Jeff Dowtin (38209700),Ziaire Williams (38209758),Ricky Council IV (38209691),LeBron James (38209499),Alexandre Sarr (38209615),Cameron Payne (38209746),Pascal Siakam (38209558),D'Angelo Russell (38209654),299.61312934027774,392.9124392220715,50000,100.00%,0,120.54%,0,190.71,$4.82,PHI 2,BKN 2,user11,1,marvalshot,14952,4674963723_11
D'Angelo Russell (38209654),Quentin Grimes (38209519),Gary Trent Jr. (38209786),Ricky Council IV (38209691),Tristan Vukcevic (38209799),Cameron Payne (38209746),Trendon Watford (38209739),Luka Doncic (38209488),289.2134244791667,383.57627985757927,50000,99.96%,0,54.32%,0,227.98,$2.17,BKN 2,PHI 2,user11,42,marvalshot,6871,4674963724_11
D'Angelo Russell (38209654),Ja'Kobe Walter (38209883),Kyle Kuzma (38209648),Trendon Watford (38209739),Alexandre Sarr (38209615),Gary Trent Jr. (38209786),LeBron James (38209499),Ivica Zubac (38209552),299.0474652777778,391.7655578263102,49400,100.00%,0,115.36%,0,203.53,$4.61,BKN 2,MIL 2,user45,1,marvalshot,15041,4674963725_45
Quentin Grimes (38209519),Cameron Payne (38209746),LeBron James (38209499),Justin Champagnie (38209750),Tristan Vukcevic (38209799),D'Angelo Russell (38209654),Trendon Watford (38209739),Alexandre Sarr (38209615),319.9546657986111,420.81806469856065,49600,100.00%,37935,319.81%,0,213.88,$12.79,WAS 3,BKN 2,user11,49,marvalshot,868,4674963726_11
Luka Doncic (38209488),Cameron Payne (38209746),Ricky Council IV (38209691),Trendon Watford (38209739),Tristan Vukcevic (38209799),Gary Trent Jr. (38209786),LeBron James (38209499),Kevin Porter Jr. (38209743),286.62356336805556,386.1553608720212,50000,99.05%,0,46.95%,0,231.5,$1.88,LAL 2,MIL 2,user11,48,marvalshot,15047,4674963727_11
D'Angelo Russell (38209654),Gary Trent Jr. (38209786),Justin Champagnie (38209750),LeBron James (38209499),Tristan Vukcevic (38209799),James Harden (38209505),Trendon Watford (38209739),Nic Claxton (38209652),294.71733940972223,392.9015878866925,49700,100.00%,0,91.95%,0,178.35999999999999,$3.68,BKN 3,WAS 2,user18,1,marvalshot,14842,4674963720_18
Cameron Payne (38209746),Ja'Kobe Walter (38209883),Ricky Council IV (38209691),Trendon Watford (38209739),Nikola Jokic (38209486),Gary Trent Jr. (38209786),LeBron James (38209499),Ziaire Williams (38209758),282.6021961805556,377.0636747668924,49900,75.30%,0,-8.6%,0,240.47,$-0.34,BKN 2,NYK 1,user6,1,marvalshot,14850,4674963721_6
Luka Doncic (38209488),Gary Trent Jr. (38209786),Ziaire Williams (38209758),Ricky Council IV (38209691),Alexandre Sarr (38209615),Kevin Porter Jr. (38209743),Trendon Watford (38209739),Ivica Zubac (38209552),301.1296614583333,395.75923259320257,49900,100.00%,0,133.68%,0,202.1,$5.35,MIL 2,BKN 2,user7,1,marvalshot,14899,4674963722_7
Jeff Dowtin (38209700),Ja'Kobe Walter (38209883),Ricky Council IV (38209691),Trendon Watford (38209739),Alexandre Sarr (38209615),Luka Doncic (38209488),Ziaire Williams (38209758),Ivica Zubac (38209552),299.3431293402778,392.1224392220716,49800,100.00%,0,118.5%,0,195.92000000000002,$4.74,PHI 2,BKN 2,user31,1,marvalshot,14970,4674963723_31
D'Angelo Russell (38209654),Quentin Grimes (38209519),Gary Trent Jr. (38209786),Ricky Council IV (38209691),Tristan Vukcevic (38209799),Cameron Payne (38209746),Trendon Watford (38209739),Luka Doncic (38209488),289.2134244791667,383.57627985757927,50000,99.96%,0,54.32%,0,227.98,$2.17,BKN 2,PHI 2,user12,42,marvalshot,6871,4674963724_12
Keon Johnson (38209661),Cameron Payne (38209746),LeBron James (38209499),Pascal Siakam (38209558),Alexandre Sarr (38209615),Gary Trent Jr. (38209786),Trendon Watford (38209739),Nic Claxton (38209652),298.95746527777777,392.64555782631015,50000,100.00%,0,114.78%,0,210.64999999999998,$4.59,BKN 3,NYK 1,user49,1,marvalshot,15045,4674963725_49
Quentin Grimes (38209519),Cameron Payne (38209746),LeBron James (38209499),Justin Champagnie (38209750),Tristan Vukcevic (38209799),D'Angelo Russell (38209654),Trendon Watford (38209739),Alexandre Sarr (38209615),319.9546657986111,420.81806469856065,49600,100.00%,37935,319.81%,0,213.88,$12.79,WAS 3,BKN 2,user12,49,marvalshot,868,4674963726_12
Luka Doncic (38209488),Cameron Payne (38209746),Ricky Council IV (38209691),Trendon Watford (38209739),Tristan Vukcevic (38209799),Gary Trent Jr. (38209786),LeBron James (38209499),Kevin Porter Jr. (38209743),286.62356336805556,386.1553608720212,50000,99.05%,0,46.95%,0,231.5,$1.88,LAL 2,MIL 2,user12,48,marvalshot,15047,4674963727_12
Tyrese Haliburton (38209549),Gary Trent Jr. (38209786),Justin Champagnie (38209750),LeBron James (38209499),Tristan Vukcevic (38209799),Ziaire Williams (38209758),Trendon Watford (38209739),Ivica Zubac (38209552),294.6673394097222,389.6015878866924,49400,100.00%,0,91.72%,0,188.87,$3.67,WAS 2,BKN 2,user17,1,marvalshot,14841,4674963720_17
Tyrese Haliburton (38209549),Ja'Kobe Walter (38209883),Ricky Council IV (38209691),Trendon Watford (38209739),Ivica Zubac (38209552),Kevin Porter Jr. (38209743),Gary Trent Jr. (38209786),LeBron James (38209499),282.6521961805555,375.0936747668923,49600,73.68%,0,-9.07%,0,180.12,$-0.36,MIL 2,IND 1,user44,1,marvalshot,14887,4674963721_44
D'Angelo Russell (38209654),Devin Booker (38209515),Ja'Kobe Walter (38209883),Ricky Council IV (38209691),Alexandre Sarr (38209615),Cameron Payne (38209746),LeBron James (38209499),Trendon Watford (38209739),300.7796614583333,394.91923259320254,49800,100.00%,0,131.26%,0,219.17000000000002,$5.25,BKN 2,PHX 1,user17,1,marvalshot,14909,4674963722_17
Jeff Dowtin (38209700),Gary Trent Jr. (38209786),Ricky Council IV (38209691),LeBron James (38209499),Alexandre Sarr (38209615),Ziaire Williams (38209758),Josh Hart (38209565),Nic Claxton (38209652),299.0531293402778,385.9324392220716,49700,100.00%,0,116.05%,0,184.6,$4.64,PHI 2,BKN 2,user15,1,marvalshot,14955,4674963723_15
D'Angelo Russell (38209654),Quentin Grimes (38209519),Gary Trent Jr. (38209786),Ricky Council IV (38209691),Tristan Vukcevic (38209799),Cameron Payne (38209746),Trendon Watford (38209739),Luka Doncic (38209488),289.2134244791667,383.57627985757927,50000,99.96%,0,54.32%,0,227.98,$2.17,BKN 2,PHI 2,user13,42,marvalshot,6871,4674963724_13
Kevin Porter Jr. (38209743),Ja'Kobe Walter (38209883),Gary Trent Jr. (38209786),Trendon Watford (38209739),Alexandre Sarr (38209615),D'Angelo Russell (38209654),LeBron James (38209499),Karl-Anthony Towns (38209503),298.84746527777776,397.20555782631016,49800,100.00%,0,113.93%,0,202.21999999999997,$4.56,MIL 2,BKN 2,user13,1,marvalshot,15009,4674963725_13
Quentin Grimes (38209519),Cameron Payne (38209746),LeBron James (38209499),Justin Champagnie (38209750),Tristan Vukcevic (38209799),D'Angelo Russell (38209654),Trendon Watford (38209739),Alexandre Sarr (38209615),319.9546657986111,420.81806469856065,49600,100.00%,37935,319.81%,0,213.88,$12.79,WAS 3,BKN 2,user13,49,marvalshot,868,4674963726_13
Luka Doncic (38209488),Cameron Payne (38209746),Ricky Council IV (38209691),Trendon Watford (38209739),Tristan Vukcevic (38209799),Gary Trent Jr. (38209786),LeBron James (38209499),Kevin Porter Jr. (38209743),286.62356336805556,386.1553608720212,50000,99.05%,0,46.95%,0,231.5,$1.88,LAL 2,MIL 2,user14,48,marvalshot,15047,4674963727_14
D'Angelo Russell (38209654),Ziaire Williams (38209758),Justin Champagnie (38209750),Trendon Watford (38209739),Tristan Vukcevic (38209799),Luka Doncic (38209488),LeBron James (38209499),Ja'Kobe Walter (38209883),294.5473394097222,394.08158788669243,49900,100.00%,0,91.34%,0,185.74,$3.65,BKN 3,WAS 2,user1,1,marvalshot,14823,4674963720_1
Cameron Payne (38209746),Gary Trent Jr. (38209786),Ricky Council IV (38209691),Pascal Siakam (38209558),Nic Claxton (38209652),D'Angelo Russell (38209654),Trendon Watford (38209739),LeBron James (38209499),282.59219618055556,374.01367476689234,49000,73.41%,0,-10.32%,0,200.75,$-0.41,BKN 3,NYK 1,user30,1,marvalshot,14873,4674963721_30
Keon Johnson (38209661),Gary Trent Jr. (38209786),Ja'Kobe Walter (38209883),Ricky Council IV (38209691),Alexandre Sarr (38209615),D'Angelo Russell (38209654),LeBron James (38209499),Ivica Zubac (38209552),300.66966145833334,391.3792325932026,49800,100.00%,0,129.77%,0,183.5,$5.19,BKN 2,MIL 1,user3,1,marvalshot,14895,4674963722_3
Jeff Dowtin (38209700),Devin Booker (38209515),Ricky Council IV (38209691),Trendon Watford (38209739),Alexandre Sarr (38209615),Kevin Porter Jr. (38209743),Ziaire Williams (38209758),LeBron James (38209499),299.01312934027777,395.23243922207155,49800,100.00%,0,115.57%,0,175.41,$4.62,PHI 2,BKN 2,user42,1,marvalshot,14981,4674963723_42
D'Angelo Russell (38209654),Quentin Grimes (38209519),Gary Trent Jr. (38209786),Ricky Council IV (38209691),Tristan Vukcevic (38209799),Cameron Payne (38209746),Trendon Watford (38209739),Luka Doncic (38209488),289.2134244791667,383.57627985757927,50000,99.96%,0,54.32%,0,227.98,$2.17,BKN 2,PHI 2,user14,42,marvalshot,6871,4674963724_14
Kevin Porter Jr. (38209743),Devin Booker (38209515),Gary Trent Jr. (38209786),LeBron James (38209499),Alexandre Sarr (38209615),Cameron Payne (38209746),Trendon Watford (38209739),Nic Claxton (38209652),298.8174652777778,395.8155578263102,49900,100.00%,0,113.73%,0,214.07,$4.55,MIL 2,BKN 2,user12,1,marvalshot,15008,4674963725_12
Quentin Grimes (38209519),Cameron Payne (38209746),LeBron James (38209499),Justin Champagnie (38209750),Tristan Vukcevic (38209799),D'Angelo Russell (38209654),Trendon Watford (38209739),Alexandre Sarr (38209615),319.9546657986111,420.81806469856065,49600,100.00%,37935,319.81%,0,213.88,$12.79,WAS 3,BKN 2,user14,49,marvalshot,868,4674963726_14
Luka Doncic (38209488),Cameron Payne (38209746),Ricky Council IV (38209691),Trendon Watford (38209739),Tristan Vukcevic (38209799),Gary Trent Jr. (38209786),LeBron James (38209499),Kevin Porter Jr. (38209743),286.62356336805556,386.1553608720212,50000,99.05%,0,46.95%,0,231.5,$1.88,LAL 2,MIL 2,user13,48,marvalshot,15047,4674963727_13
Luka Doncic (38209488),Cameron Payne (38209746),Justin Champagnie (38209750),Trendon Watford (38209739),Tristan Vukcevic (38209799),Ziaire Williams (38209758),LeBron James (38209499),Orlando Robinson (38209776),294.4173394097222,393.7315878866924,49400,100.00%,0,90.54%,0,224.73000000000002,$3.62,LAL 2,WAS 2,user11,1,marvalshot,14835,4674963720_11
Kevin Porter Jr. (38209743),Ziaire Williams (38209758),Ricky Council IV (38209691),LeBron James (38209499),Karl-Anthony Towns (38209503),D'Angelo Russell (38209654),Gary Trent Jr. (38209786),Trendon Watford (38209739),282.5821961805555,376.58367476689233,49400,72.68%,0,-10.6%,0,179.33999999999997,$-0.42,BKN 3,MIL 2,user9,1,marvalshot,14853,4674963721_9
Kevin Porter Jr. (38209743),Ziaire Williams (38209758),Gary Trent Jr. (38209786),Ricky Council IV (38209691),Alexandre Sarr (38209615),D'Angelo Russell (38209654),LeBron James (38209499),Ivica Zubac (38209552),300.5896614583333,394.8792325932025,49400,100.00%,0,129.16%,0,180.10000000000002,$5.17,MIL 2,BKN 2,user2,1,marvalshot,14894,4674963722_2
Jeff Dowtin (38209700),Keon Johnson (38209661),Ricky Council IV (38209691),LeBron James (38209499),Alexandre Sarr (38209615),Cameron Payne (38209746),Josh Hart (38209565),Trendon Watford (38209739),298.98312934027774,388.9724392220715,49800,100.00%,0,115.43%,0,195.02,$4.62,PHI 2,BKN 2,user29,1,marvalshot,14968,4674963723_29
D'Angelo Russell (38209654),Quentin Grimes (38209519),Gary Trent Jr. (38209786),Ricky Council IV (38209691),Tristan Vukcevic (38209799),Cameron Payne (38209746),Trendon Watford (38209739),Luka Doncic (38209488),289.2134244791667,383.57627985757927,50000,99.96%,0,54.32%,0,227.98,$2.17,BKN 2,PHI 2,user15,42,marvalshot,6871,4674963724_15
D'Angelo Russell (38209654),Cameron Payne (38209746),LeBron James (38209499),Trendon Watford (38209739),Alexandre Sarr (38209615),Ziaire Williams (38209758),Ja'Kobe Walter (38209883),Karl-Anthony Towns (38209503),298.84746527777776,394.76555782631016,49900,100.00%,0,113.61%,0,223.42000000000002,$4.54,BKN 3,NYK 2,user27,1,marvalshot,15023,4674963725_27
Quentin Grimes (38209519),Cameron Payne (38209746),LeBron James (38209499),Justin Champagnie (38209750),Tristan Vukcevic (38209799),D'Angelo Russell (38209654),Trendon Watford (38209739),Alexandre Sarr (38209615),319.9546657986111,420.81806469856065,49600,100.00%,37935,319.81%,0,213.88,$12.79,WAS 3,BKN 2,user15,49,marvalshot,868,4674963726_15
Luka Doncic (38209488),Cameron Payne (38209746),Ricky Council IV (38209691),Trendon Watford (38209739),Tristan Vukcevic (38209799),Gary Trent Jr. (38209786),LeBron James (38209499),Kevin Porter Jr. (38209743),286.62356336805556,386.1553608720212,50000,99.05%,0,46.95%,0,231.5,$1.88,LAL 2,MIL 2,user15,48,marvalshot,15047,4674963727_15
Kevin Porter Jr. (38209743),Gary Trent Jr. (38209786),Justin Champagnie (38209750),Trendon Watford (38209739),Tristan Vukcevic (38209799),Luka Doncic (38209488),LeBron James (38209499),Orlando Robinson (38209776),294.4173394097222,396.17158788669246,49300,100.00%,0,90.4%,0,203.53,$3.62,MIL 2,WAS 2,user12,1,marvalshot,14836,4674963720_12
Cameron Payne (38209746),Ziaire Williams (38209758),Ricky Council IV (38209691),Kyle Kuzma (38209648),Ivica Zubac (38209552),D'Angelo Russell (38209654),Trendon Watford (38209739),LeBron James (38209499),282.50219618055553,372.69367476689234,49200,71.55%,0,-12.57%,0,184.49,$-0.5,BKN 3,NYK 1,user4,1,marvalshot,14848,4674963721_4
Kevin Porter Jr. (38209743),Cameron Payne (38209746),LeBron James (38209499),Ricky Council IV (38209691),Alexandre Sarr (38209615),D'Angelo Russell (38209654),Trendon Watford (38209739),Pascal Siakam (38209558),300.5596614583333,399.2392325932026,49600,100.00%,0,129.04%,0,194.99,$5.16,BKN 2,MIL 1,user37,1,marvalshot,14928,4674963722_37
Jeff Dowtin (38209700),Ziaire Williams (38209758),Ricky Council IV (38209691),LeBron James (38209499),Alexandre Sarr (38209615),Devin Booker (38209515),Gary Trent Jr. (38209786),Cameron Payne (38209746),298.8231293402778,387.86243922207154,49600,100.00%,0,113.41%,0,225.23000000000002,$4.54,PHI 2,BKN 1,user13,1,marvalshot,14953,4674963723_13
D'Angelo Russell (38209654),Quentin Grimes (38209519),Gary Trent Jr. (38209786),Ricky Council IV (38209691),Tristan Vukcevic (38209799),Cameron Payne (38209746),Trendon Watford (38209739),Luka Doncic (38209488),289.2134244791667,383.57627985757927,50000,99.96%,0,54.32%,0,227.98,$2.17,BKN 2,PHI 2,user16,42,marvalshot,6871,4674963724_16
Cameron Payne (38209746),Ja'Kobe Walter (38209883),Kyle Kuzma (38209648),Trendon Watford (38209739),Alexandre Sarr (38209615),D'Angelo Russell (38209654),LeBron James (38209499),Ivica Zubac (38209552),298.7674652777778,393.31555782631017,49600,100.00%,0,113.49%,0,207.37,$4.54,BKN 2,NYK 1,user14,1,marvalshot,15010,4674963725_14
Quentin Grimes (38209519),Cameron Payne (38209746),LeBron James (38209499),Justin Champagnie (38209750),Tristan Vukcevic (38209799),D'Angelo Russell (38209654),Trendon Watford (38209739),Alexandre Sarr (38209615),319.9546657986111,420.81806469856065,49600,100.00%,37935,319.81%,0,213.88,$12.79,WAS 3,BKN 2,user16,49,marvalshot,868,4674963726_16
Luka Doncic (38209488),Cameron Payne (38209746),Ricky Council IV (38209691),Trendon Watford (38209739),Tristan Vukcevic (38209799),Gary Trent Jr. (38209786),LeBron James (38209499),Kevin Porter Jr. (38209743),286.62356336805556,386.1553608720212,50000,99.05%,0,46.95%,0,231.5,$1.88,LAL 2,MIL 2,user16,48,marvalshot,15047,4674963727_16
James Harden (38209505),Cameron Payne (38209746),Justin Champagnie (38209750),Trendon Watford (38209739),Tristan Vukcevic (38209799),D'Angelo Russell (38209654),LeBron James (38209499),Nic Claxton (38209652),294.4373394097222,394.45158788669244,49900,100.00%,0,90.2%,0,182.2,$3.61,BKN 3,WAS 2,user8,1,marvalshot,14832,4674963720_8
Kevin Porter Jr. (38209743),Cameron Payne (38209746),Ricky Council IV (38209691),Trendon Watford (38209739),Nikola Jokic (38209486),Gary Trent Jr. (38209786),Ja'Kobe Walter (38209883),LeBron James (38209499),282.3221961805556,381.0536747668924,50000,69.90%,0,-16.47%,0,223.11,$-0.66,MIL 2,NYK 1,user40,1,marvalshot,14883,4674963721_40
D'Angelo Russell (38209654),Cameron Payne (38209746),LeBron James (38209499),Ricky Council IV (38209691),Alexandre Sarr (38209615),Keon Johnson (38209661),Ja'Kobe Walter (38209883),Ivica Zubac (38209552),300.3896614583333,392.9292325932025,50000,100.00%,0,127.41%,0,187.33999999999997,$5.1,BKN 2,NYK 1,user10,1,marvalshot,14902,4674963722_10
Jeff Dowtin (38209700),Keon Johnson (38209661),Ricky Council IV (38209691),Trendon Watford (38209739),Alexandre Sarr (38209615),Gary Trent Jr. (38209786),LeBron James (38209499),Kristaps Porzingis (38209547),298.5431293402778,390.83243922207157,50000,100.00%,0,111.49%,0,188.1,$4.46,PHI 2,BKN 2,user37,1,marvalshot,14976,4674963723_37
D'Angelo Russell (38209654),Quentin Grimes (38209519),Gary Trent Jr. (38209786),Ricky Council IV (38209691),Tristan Vukcevic (38209799),Cameron Payne (38209746),Trendon Watford (38209739),Luka Doncic (38209488),289.2134244791667,383.57627985757927,50000,99.96%,0,54.32%,0,227.98,$2.17,BKN 2,PHI 2,user17,42,marvalshot,6871,4674963724_17
Luka Doncic (38209488),Cameron Payne (38209746),Ja'Kobe Walter (38209883),Trendon Watford (38209739),Alexandre Sarr (38209615),D'Angelo Russell (38209654),Gary Trent Jr. (38209786),Ivica Zubac (38209552),298.3074652777778,392.49555782631023,49800,100.00%,0,110.04%,0,236.55,$4.4,BKN 2,LAL 1,user26,1,marvalshot,15022,4674963725_26
Quentin Grimes (38209519),Cameron Payne (38209746),LeBron James (38209499),Justin Champagnie (38209750),Tristan Vukcevic (38209799),D'Angelo Russell (38209654),Trendon Watford (38209739),Alexandre Sarr (38209615),319.9546657986111,420.81806469856065,49600,100.00%,37935,319.81%,0,213.88,$12.79,WAS 3,BKN 2,user17,49,marvalshot,868,4674963726_17
Luka Doncic (38209488),Cameron Payne (38209746),Ricky Council IV (38209691),Trendon Watford (38209739),Tristan Vukcevic (38209799),Gary Trent Jr. (38209786),LeBron James (38209499),Kevin Porter Jr. (38209743),286.62356336805556,386.1553608720212,50000,99.05%,0,46.95%,0,231.5,$1.88,LAL 2,MIL 2,user18,48,marvalshot,15047,4674963727_18
D'Angelo Russell (38209654),Keon Johnson (38209661),Justin Champagnie (38209750),LeBron James (38209499),Tristan Vukcevic (38209799),Gary Trent Jr. (38209786),Trendon Watford (38209739),Karl-Anthony Towns (38209503),294.39733940972224,391.58158788669243,49700,100.00%,0,89.91%,0,174.13,$3.6,BKN 3,WAS 2,user14,1,marvalshot,14838,4674963720_14
Kevin Porter Jr. (38209743),Gary Trent Jr. (38209786),Ricky Council IV (38209691),Pascal Siakam (38209558),Orlando Robinson (38209776),Ziaire Williams (38209758),LeBron James (38209499),Ivica Zubac (38209552),282.21219618055557,373.73367476689236,50000,66.12%,0,-20.23%,0,169.09,$-0.81,MIL 2,PHI 1,user,1,marvalshot,9844,4674963721
Keon Johnson (38209661),Gary Trent Jr. (38209786),LeBron James (38209499),Ricky Council IV (38209691),Alexandre Sarr (38209615),Cameron Payne (38209746),Trendon Watford (38209739),Tyrese Haliburton (38209549),300.27966145833335,391.50923259320257,49500,100.00%,0,126.76%,0,226.98,$5.07,BKN 2,MIL 1,user23,1,marvalshot,14915,4674963722_23
Jeff Dowtin (38209700),Gary Trent Jr. (38209786),Ricky Council IV (38209691),Trendon Watford (38209739),Alexandre Sarr (38209615),Ziaire Williams (38209758),Kawhi Leonard (38209531),LeBron James (38209499),298.58312934027776,388.3924392220715,49200,100.00%,0,111.45%,0,210.25,$4.46,PHI 2,BKN 2,user3,1,marvalshot,14943,4674963723_3
D'Angelo Russell (38209654),Quentin Grimes (38209519),Gary Trent Jr. (38209786),Ricky Council IV (38209691),Tristan Vukcevic (38209799),Cameron Payne (38209746),Trendon Watford (38209739),Luka Doncic (38209488),289.2134244791667,383.57627985757927,50000,99.96%,0,54.32%,0,227.98,$2.17,BKN 2,PHI 2,user18,42,marvalshot,6871,4674963724_18
D'Angelo Russell (38209654),Gary Trent Jr. (38209786),Kyle Kuzma (38209648),Trendon Watford (38209739),Alexandre Sarr (38209615),Ziaire Williams (38209758),Pascal Siakam (38209558),LeBron James (38209499),298.3474652777778,390.8855578263102,50000,100.00%,0,109.9%,0,196.99,$4.4,BKN 3,MIL 2,user17,1,marvalshot,15013,4674963725_17
Quentin Grimes (38209519),Cameron Payne (38209746),LeBron James (38209499),Justin Champagnie (38209750),Tristan Vukcevic (38209799),D'Angelo Russell (38209654),Trendon Watford (38209739),Alexandre Sarr (38209615),319.9546657986111,420.81806469856065,49600,100.00%,37935,319.81%,0,213.88,$12.79,WAS 3,BKN 2,user18,49,marvalshot,868,4674963726_18
Luka Doncic (38209488),Cameron Payne (38209746),Ricky Council IV (38209691),Trendon Watford (38209739),Tristan Vukcevic (38209799),Gary Trent Jr. (38209786),LeBron James (38209499),Kevin Porter Jr. (38209743),286.62356336805556,386.1553608720212,50000,99.05%,0,46.95%,0,231.5,$1.88,LAL 2,MIL 2,user17,48,marvalshot,15047,4674963727_17
Tyrese Haliburton (38209549),Ziaire Williams (38209758),Justin Champagnie (38209750),Trendon Watford (38209739),Tristan Vukcevic (38209799),Cameron Payne (38209746),LeBron James (38209499),Ivica Zubac (38209552),294.38733940972224,391.1515878866925,49600,100.00%,0,89.9%,0,192.71,$3.6,BKN 2,WAS 2,user6,1,marvalshot,14830,4674963720_6
Luka Doncic (38209488),Ziaire Williams (38209758),Ricky Council IV (38209691),Ryan Dunn (38209801),Orlando Robinson (38209776),Cameron Payne (38209746),Trendon Watford (38209739),LeBron James (38209499),282.1421961805556,374.2836747668924,50000,67.38%,0,-20.66%,0,212.98,$-0.83,LAL 2,BKN 2,user43,1,marvalshot,14886,4674963721_43
Kevin Porter Jr. (38209743),Gary Trent Jr. (38209786),Kyle Kuzma (38209648),Ricky Council IV (38209691),Alexandre Sarr (38209615),Tyrese Haliburton (38209549),Trendon Watford (38209739),LeBron James (38209499),300.22966145833334,393.94923259320257,49700,100.00%,0,126.21%,0,193.99,$5.05,MIL 3,PHI 1,user49,1,marvalshot,14940,4674963722_49
Jeff Dowtin (38209700),Gary Trent Jr. (38209786),Ricky Council IV (38209691),Trendon Watford (38209739),Alexandre Sarr (38209615),Tyrese Martin (38209809),LeBron James (38209499),James Harden (38209505),298.51312934027777,390.7624392220715,50000,100.00%,0,111.18%,0,196.22,$4.45,PHI 2,BKN 2,user12,1,marvalshot,14951,4674963723_12
D'Angelo Russell (38209654),Quentin Grimes (38209519),Gary Trent Jr. (38209786),Ricky Council IV (38209691),Tristan Vukcevic (38209799),Cameron Payne (38209746),Trendon Watford (38209739),Luka Doncic (38209488),289.2134244791667,383.57627985757927,50000,99.96%,0,54.32%,0,227.98,$2.17,BKN 2,PHI 2,user19,42,marvalshot,6871,4674963724_19
Kevin Porter Jr. (38209743),Gary Trent Jr. (38209786),Josh Hart (38209565),Trendon Watford (38209739),Alexandre Sarr (38209615),D'Angelo Russell (38209654),LeBron James (38209499),Nic Claxton (38209652),298.20746527777777,393.6755578263102,49900,100.00%,0,109.54%,0,175.41000000000003,$4.38,BKN 3,MIL 2,user46,1,marvalshot,15042,4674963725_46
Quentin Grimes (38209519),Cameron Payne (38209746),LeBron James (38209499),Justin Champagnie (38209750),Tristan Vukcevic (38209799),D'Angelo Russell (38209654),Trendon Watford (38209739),Alexandre Sarr (38209615),319.9546657986111,420.81806469856065,49600,100.00%,37935,319.81%,0,213.88,$12.79,WAS 3,BKN 2,user19,49,marvalshot,868,4674963726_19
Luka Doncic (38209488),Cameron Payne (38209746),Ricky Council IV (38209691),Trendon Watford (38209739),Tristan Vukcevic (38209799),Gary Trent Jr. (38209786),LeBron James (38209499),Kevin Porter Jr. (38209743),286.62356336805556,386.1553608720212,50000,99.05%,0,46.95%,0,231.5,$1.88,LAL 2,MIL 2,user19,48,marvalshot,15047,4674963727_19
Tyrese Haliburton (38209549),Gary Trent Jr. (38209786),Justin Champagnie (38209750),LeBron James (38209499),Tristan Vukcevic (38209799),Kevin Porter Jr. (38209743),Trendon Watford (38209739),Ivica Zubac (38209552),294.38733940972224,393.5915878866924,49500,100.00%,0,89.71%,0,171.51,$3.59,MIL 2,WAS 2,user7,30,marvalshot,14831,4674963720_7
D'Angelo Russell (38209654),Gary Trent Jr. (38209786),Ricky Council IV (38209691),Trendon Watford (38209739),Karl-Anthony Towns (38209503),Ryan Rollins (38209763),LeBron James (38209499),Cameron Payne (38209746),282.1721961805556,374.2936747668924,49400,67.13%,0,-20.73%,0,205.13,$-0.83,BKN 2,MIL 2,user41,1,marvalshot,14884,4674963721_41
Kevin Porter Jr. (38209743),Gary Trent Jr. (38209786),Ziaire Williams (38209758),Ricky Council IV (38209691),Alexandre Sarr (38209615),James Harden (38209505),Trendon Watford (38209739),LeBron James (38209499),300.21966145833335,394.90923259320255,49700,100.00%,0,126.12%,0,208.91000000000003,$5.04,MIL 2,BKN 2,user46,1,marvalshot,14937,4674963722_46
Jeff Dowtin (38209700),Ziaire Williams (38209758),Ricky Council IV (38209691),Trendon Watford (38209739),Alexandre Sarr (38209615),Cameron Payne (38209746),Kawhi Leonard (38209531),LeBron James (38209499),298.3031293402778,389.9424392220716,49400,100.00%,0,109.7%,0,214.08999999999997,$4.39,PHI 2,BKN 2,user45,1,marvalshot,14984,4674963723_45
D'Angelo Russell (38209654),Quentin Grimes (38209519),Gary Trent Jr. (38209786),Ricky Council IV (38209691),Tristan Vukcevic (38209799),Cameron Payne (38209746),Trendon Watford (38209739),Luka Doncic (38209488),289.2134244791667,383.57627985757927,50000,99.96%,0,54.32%,0,227.98,$2.17,BKN 2,PHI 2,user20,42,marvalshot,6871,4674963724_20
James Harden (38209505),Cameron Payne (38209746),Ja'Kobe Walter (38209883),LeBron James (38209499),Alexandre Sarr (38209615),Gary Trent Jr. (38209786),Trendon Watford (38209739),Nic Claxton (38209652),298.23746527777774,391.85555782631013,49700,100.00%,0,108.93%,0,241.39,$4.36,BKN 2,LAC 1,user6,1,marvalshot,15002,4674963725_6
Quentin Grimes (38209519),Cameron Payne (38209746),LeBron James (38209499),Justin Champagnie (38209750),Tristan Vukcevic (38209799),D'Angelo Russell (38209654),Trendon Watford (38209739),Alexandre Sarr (38209615),319.9546657986111,420.81806469856065,49600,100.00%,37935,319.81%,0,213.88,$12.79,WAS 3,BKN 2,user20,49,marvalshot,868,4674963726_20
Luka Doncic (38209488),Cameron Payne (38209746),Ricky Council IV (38209691),Trendon Watford (38209739),Tristan Vukcevic (38209799),Gary Trent Jr. (38209786),LeBron James (38209499),Kevin Porter Jr. (38209743),286.62356336805556,386.1553608720212,50000,99.05%,0,46.95%,0,231.5,$1.88,LAL 2,MIL 2,user20,48,marvalshot,15047,4674963727_20
Tyrese Haliburton (38209549),Gary Trent Jr. (38209786),Justin Champagnie (38209750),Trendon Watford (38209739),Tristan Vukcevic (38209799),Kevin Porter Jr. (38209743),LeBron James (38209499),Ivica Zubac (38209552),294.3873394097222,393.5915878866924,49500,100.00%,0,89.71%,0,171.51,$3.59,MIL 2,WAS 2,user21,30,marvalshot,14831,4674963720_21
Kevin Porter Jr. (38209743),Gary Trent Jr. (38209786),Ricky Council IV (38209691),Ryan Dunn (38209801),Orlando Robinson (38209776),Luka Doncic (38209488),LeBron James (38209499),Trendon Watford (38209739),282.1421961805556,376.7236747668924,49900,66.50%,0,-21.13%,0,191.77999999999997,$-0.85,MIL 2,LAL 2,user23,1,marvalshot,14866,4674963721_23
D'Angelo Russell (38209654),Cameron Payne (38209746),LeBron James (38209499),Ricky Council IV (38209691),Alexandre Sarr (38209615),Ryan Rollins (38209763),Gary Trent Jr. (38209786),Ivica Zubac (38209552),300.1796614583333,392.58923259320255,49400,100.00%,0,125.48%,0,205.89,$5.02,MIL 2,BKN 1,user41,1,marvalshot,14932,4674963722_41
Jeff Dowtin (38209700),Keon Johnson (38209661),Ricky Council IV (38209691),Pascal Siakam (38209558),Alexandre Sarr (38209615),Gary Trent Jr. (38209786),LeBron James (38209499),Orlando Robinson (38209776),298.0531293402778,388.9524392220716,49700,100.00%,0,108.99%,0,188.57,$4.36,PHI 2,BKN 1,user5,1,marvalshot,14945,4674963723_5
D'Angelo Russell (38209654),Quentin Grimes (38209519),Gary Trent Jr. (38209786),Ricky Council IV (38209691),Tristan Vukcevic (38209799),Cameron Payne (38209746),Trendon Watford (38209739),Luka Doncic (38209488),289.2134244791667,383.57627985757927,50000,99.96%,0,54.32%,0,227.98,$2.17,BKN 2,PHI 2,user21,42,marvalshot,6871,4674963724_21
Cameron Payne (38209746),Devin Booker (38209515),Ziaire Williams (38209758),LeBron James (38209499),Alexandre Sarr (38209615),Gary Trent Jr. (38209786),Trendon Watford (38209739),D'Angelo Russell (38209654),298.2574652777778,391.6155578263102,49700,100.00%,0,108.72%,0,233.39999999999998,$4.35,BKN 3,NYK 1,user2,1,marvalshot,14998,4674963725_2
Quentin Grimes (38209519),Cameron Payne (38209746),LeBron James (38209499),Justin Champagnie (38209750),Tristan Vukcevic (38209799),D'Angelo Russell (38209654),Trendon Watford (38209739),Alexandre Sarr (38209615),319.9546657986111,420.81806469856065,49600,100.00%,37935,319.81%,0,213.88,$12.79,WAS 3,BKN 2,user21,49,marvalshot,868,4674963726_21
Luka Doncic (38209488),Cameron Payne (38209746),Ricky Council IV (38209691),Trendon Watford (38209739),Tristan Vukcevic (38209799),Gary Trent Jr. (38209786),LeBron James (38209499),Kevin Porter Jr. (38209743),286.62356336805556,386.1553608720212,50000,99.05%,0,46.95%,0,231.5,$1.88,LAL 2,MIL 2,user21,48,marvalshot,15047,4674963727_21
Tyrese Haliburton (38209549),Gary Trent Jr. (38209786),Justin Champagnie (38209750),Trendon Watford (38209739),Tristan Vukcevic (38209799),Kevin Porter Jr. (38209743),LeBron James (38209499),Ivica Zubac (38209552),294.3873394097222,393.5915878866924,49500,100.00%,0,89.71%,0,171.51,$3.59,MIL 2,WAS 2,user22,30,marvalshot,14831,4674963720_22
Kevin Porter Jr. (38209743),Ja'Kobe Walter (38209883),Ricky Council IV (38209691),LeBron James (38209499),Karl-Anthony Towns (38209503),D'Angelo Russell (38209654),Gary Trent Jr. (38209786),Nic Claxton (38209652),282.17219618055555,375.5836747668924,50000,65.50%,0,-21.47%,0,158.8,$-0.86,MIL 2,BKN 2,user46,1,marvalshot,14889,4674963721_46
Luka Doncic (38209488),Ja'Kobe Walter (38209883),Gary Trent Jr. (38209786),Ricky Council IV (38209691),Alexandre Sarr (38209615),Cameron Payne (38209746),Trendon Watford (38209739),Ivica Zubac (38209552),300.0996614583333,391.0792325932025,49200,100.00%,0,125.04%,0,250.01999999999998,$5.0,LAL 1,TOR 1,user8,1,marvalshot,14900,4674963722_8
Jeff Dowtin (38209700),Ziaire Williams (38209758),Ricky Council IV (38209691),LeBron James (38209499),Alexandre Sarr (38209615),D'Angelo Russell (38209654),Pascal Siakam (38209558),Kevin Porter Jr. (38209743),297.8231293402778,394.35243922207155,50000,100.00%,0,107.6%,0,150.02,$4.3,PHI 2,BKN 2,user48,1,marvalshot,14987,4674963723_48
D'Angelo Russell (38209654),Quentin Grimes (38209519),Gary Trent Jr. (38209786),Ricky Council IV (38209691),Tristan Vukcevic (38209799),Cameron Payne (38209746),Trendon Watford (38209739),Luka Doncic (38209488),289.2134244791667,383.57627985757927,50000,99.96%,0,54.32%,0,227.98,$2.17,BKN 2,PHI 2,user22,42,marvalshot,6871,4674963724_22
Devin Booker (38209515),Cameron Payne (38209746),LeBron James (38209499),Kyle Kuzma (38209648),Alexandre Sarr (38209615),Gary Trent Jr. (38209786),Trendon Watford (38209739),Orlando Robinson (38209776),298.15746527777776,390.20555782631016,49800,100.00%,0,108.71%,0,242.8,$4.35,MIL 2,PHX 1,user47,1,marvalshot,15043,4674963725_47
Quentin Grimes (38209519),Cameron Payne (38209746),LeBron James (38209499),Justin Champagnie (38209750),Tristan Vukcevic (38209799),D'Angelo Russell (38209654),Trendon Watford (38209739),Alexandre Sarr (38209615),319.9546657986111,420.81806469856065,49600,100.00%,37935,319.81%,0,213.88,$12.79,WAS 3,BKN 2,user22,49,marvalshot,868,4674963726_22
Luka Doncic (38209488),Cameron Payne (38209746),Ricky Council IV (38209691),Trendon Watford (38209739),Tristan Vukcevic (38209799),Gary Trent Jr. (38209786),LeBron James (38209499),Kevin Porter Jr. (38209743),286.62356336805556,386.1553608720212,50000,99.05%,0,46.95%,0,231.5,$1.88,LAL 2,MIL 2,user22,48,marvalshot,15047,4674963727_22
Tyrese Haliburton (38209549),Gary Trent Jr. (38209786),Justin Champagnie (38209750),Trendon Watford (38209739),Tristan Vukcevic (38209799),Kevin Porter Jr. (38209743),LeBron James (38209499),Ivica Zubac (38209552),294.3873394097222,393.5915878866924,49500,100.00%,0,89.71%,0,171.51,$3.59,MIL 2,WAS 2,user23,30,marvalshot,14831,4674963720_23
D'Angelo Russell (38209654),Gary Trent Jr. (38209786),Ricky Council IV (38209691),Kyle Kuzma (38209648),Ivica Zubac (38209552),Luka Doncic (38209488),Ja'Kobe Walter (38209883),Trendon Watford (38209739),282.0721961805556,370.8136747668924,50000,65.13%,0,-23.26%,0,184.07999999999998,$-0.93,BKN 2,MIL 2,user24,1,marvalshot,14867,4674963721_24
D'Angelo Russell (38209654),Cameron Payne (38209746),Gary Trent Jr. (38209786),Ricky Council IV (38209691),Alexandre Sarr (38209615),Tyrese Haliburton (38209549),LeBron James (38209499),Orlando Robinson (38209776),300.10966145833333,392.6292325932026,49500,100.00%,0,124.94%,0,229.82,$5.0,BKN 1,NYK 1,user4,1,marvalshot,14896,4674963722_4
Jeff Dowtin (38209700),Cameron Payne (38209746),Ricky Council IV (38209691),Trendon Watford (38209739),Alexandre Sarr (38209615),Tyrese Haliburton (38209549),Ja'Kobe Walter (38209883),Luka Doncic (38209488),297.70312934027777,391.04243922207155,50000,100.00%,0,106.55%,0,220.83,$4.26,PHI 2,NYK 1,user40,1,marvalshot,14979,4674963723_40
D'Angelo Russell (38209654),Quentin Grimes (38209519),Gary Trent Jr. (38209786),Ricky Council IV (38209691),Tristan Vukcevic (38209799),Cameron Payne (38209746),Trendon Watford (38209739),Luka Doncic (38209488),289.2134244791667,383.57627985757927,50000,99.96%,0,54.32%,0,227.98,$2.17,BKN 2,PHI 2,user23,42,marvalshot,6871,4674963724_23
Cameron Payne (38209746),Gary Trent Jr. (38209786),Kyle Kuzma (38209648),LeBron James (38209499),Alexandre Sarr (38209615),D'Angelo Russell (38209654),Trendon Watford (38209739),Josh Hart (38209565),298.17746527777774,387.7955578263102,49900,100.00%,0,108.57%,0,220.01999999999998,$4.34,NYK 2,MIL 2,user,1,marvalshot,4568,4674963725
Quentin Grimes (38209519),Cameron Payne (38209746),LeBron James (38209499),Justin Champagnie (38209750),Tristan Vukcevic (38209799),D'Angelo Russell (38209654),Trendon Watford (38209739),Alexandre Sarr (38209615),319.9546657986111,420.81806469856065,49600,100.00%,37935,319.81%,0,213.88,$12.79,WAS 3,BKN 2,user23,49,marvalshot,868,4674963726_23
Luka Doncic (38209488),Cameron Payne (38209746),Ricky Council IV (38209691),Trendon Watford (38209739),Tristan Vukcevic (38209799),Gary Trent Jr. (38209786),LeBron James (38209499),Kevin Porter Jr. (38209743),286.62356336805556,386.1553608720212,50000,99.05%,0,46.95%,0,231.5,$1.88,LAL 2,MIL 2,user23,48,marvalshot,15047,4674963727_23
Tyrese Haliburton (38209549),Gary Trent Jr. (38209786),Justin Champagnie (38209750),Trendon Watford (38209739),Tristan Vukcevic (38209799),Kevin Porter Jr. (38209743),LeBron James (38209499),Ivica Zubac (38209552),294.3873394097222,393.5915878866924,49500,100.00%,0,89.71%,0,171.51,$3.59,MIL 2,WAS 2,user24,30,marvalshot,14831,4674963720_24
Tyrese Haliburton (38209549),Ja'Kobe Walter (38209883),Ricky Council IV (38209691),LeBron James (38209499),Ivica Zubac (38209552),Ziaire Williams (38209758),Trendon Watford (38209739),Orlando Robinson (38209776),282.02219618055557,372.9236747668924,49600,64.52%,0,-24.08%,0,185.44,$-0.96,TOR 2,BKN 2,user18,1,marvalshot,14861,4674963721_18
Devin Booker (38209515),Ja'Kobe Walter (38209883),Kyle Kuzma (38209648),Ricky Council IV (38209691),Alexandre Sarr (38209615),Gary Trent Jr. (38209786),LeBron James (38209499),Trendon Watford (38209739),300.07966145833336,389.13923259320256,49700,100.00%,0,124.77%,0,217.27999999999997,$4.99,MIL 2,PHX 1,user36,1,marvalshot,14927,4674963722_36
Jeff Dowtin (38209700),Devin Booker (38209515),Ricky Council IV (38209691),Ryan Dunn (38209801),Alexandre Sarr (38209615),Gary Trent Jr. (38209786),Trendon Watford (38209739),LeBron James (38209499),297.7231293402778,388.0524392220716,49400,100.00%,0,106.05%,0,199.12999999999997,$4.24,PHI 2,PHX 2,user33,1,marvalshot,14972,4674963723_33
D'Angelo Russell (38209654),Quentin Grimes (38209519),Gary Trent Jr. (38209786),Ricky Council IV (38209691),Tristan Vukcevic (38209799),Cameron Payne (38209746),Trendon Watford (38209739),Luka Doncic (38209488),289.2134244791667,383.57627985757927,50000,99.96%,0,54.32%,0,227.98,$2.17,BKN 2,PHI 2,user24,42,marvalshot,6871,4674963724_24
Cameron Payne (38209746),Gary Trent Jr. (38209786),LeBron James (38209499),Trendon Watford (38209739),Alexandre Sarr (38209615),Keon Johnson (38209661),Pascal Siakam (38209558),D'Angelo Russell (38209654),298.1174652777778,392.4355578263102,49900,100.00%,0,108.22%,0,212.62,$4.33,BKN 3,NYK 1,user7,1,marvalshot,15003,4674963725_7
Quentin Grimes (38209519),Cameron Payne (38209746),LeBron James (38209499),Justin Champagnie (38209750),Tristan Vukcevic (38209799),D'Angelo Russell (38209654),Trendon Watford (38209739),Alexandre Sarr (38209615),319.9546657986111,420.81806469856065,49600,100.00%,37935,319.81%,0,213.88,$12.79,WAS 3,BKN 2,user24,49,marvalshot,868,4674963726_24
Luka Doncic (38209488),Cameron Payne (38209746),Ricky Council IV (38209691),Trendon Watford (38209739),Tristan Vukcevic (38209799),Gary Trent Jr. (38209786),LeBron James (38209499),Kevin Porter Jr. (38209743),286.62356336805556,386.1553608720212,50000,99.05%,0,46.95%,0,231.5,$1.88,LAL 2,MIL 2,user24,48,marvalshot,15047,4674963727_24
Tyrese Haliburton (38209549),Gary Trent Jr. (38209786),Justin Champagnie (38209750),Trendon Watford (38209739),Tristan Vukcevic (38209799),Kevin Porter Jr. (38209743),LeBron James (38209499),Ivica Zubac (38209552),294.3873394097222,393.5915878866924,49500,100.00%,0,89.71%,0,171.51,$3.59,MIL 2,WAS 2,user25,30,marvalshot,14831,4674963720_25
James Harden (38209505),Cameron Payne (38209746),Ricky Council IV (38209691),LeBron James (38209499),Trendon Watford (38209739),D'Angelo Russell (38209654),Gary Trent Jr. (38209786),Orlando Robinson (38209776),282.0121961805555,373.8436747668923,49200,64.76%,0,-24.75%,0,227.93,$-0.99,BKN 2,LAC 1,user7,1,marvalshot,14851,4674963721_7
Cameron Payne (38209746),Devin Booker (38209515),Ziaire Williams (38209758),Ricky Council IV (38209691),Alexandre Sarr (38209615),Gary Trent Jr. (38209786),LeBron James (38209499),Trendon Watford (38209739),300.0496614583333,390.1992325932025,49100,100.00%,0,124.61%,0,246.86999999999998,$4.98,BKN 2,NYK 1,user38,1,marvalshot,14929,4674963722_38
Jeff Dowtin (38209700),Ja'Kobe Walter (38209883),Ricky Council IV (38209691),Pascal Siakam (38209558),Alexandre Sarr (38209615),Luka Doncic (38209488),Gary Trent Jr. (38209786),Trendon Watford (38209739),297.6131293402778,389.00243922207153,49600,100.00%,0,105.85%,0,216.1,$4.23,PHI 2,TOR 1,user4,1,marvalshot,14944,4674963723_4
D'Angelo Russell (38209654),Quentin Grimes (38209519),Gary Trent Jr. (38209786),Ricky Council IV (38209691),Tristan Vukcevic (38209799),Cameron Payne (38209746),Trendon Watford (38209739),Luka Doncic (38209488),289.2134244791667,383.57627985757927,50000,99.96%,0,54.32%,0,227.98,$2.17,BKN 2,PHI 2,user25,42,marvalshot,6871,4674963724_25
D'Angelo Russell (38209654),Gary Trent Jr. (38209786),LeBron James (38209499),Pascal Siakam (38209558),Alexandre Sarr (38209615),Ryan Rollins (38209763),Trendon Watford (38209739),Nic Claxton (38209652),297.96746527777776,394.4755578263102,50000,100.00%,0,108.1%,0,178.17,$4.32,BKN 3,MIL 2,user21,1,marvalshot,15017,4674963725_21
Quentin Grimes (38209519),Cameron Payne (38209746),LeBron James (38209499),Justin Champagnie (38209750),Tristan Vukcevic (38209799),D'Angelo Russell (38209654),Trendon Watford (38209739),Alexandre Sarr (38209615),319.9546657986111,420.81806469856065,49600,100.00%,37935,319.81%,0,213.88,$12.79,WAS 3,BKN 2,user25,49,marvalshot,868,4674963726_25
Luka Doncic (38209488),Cameron Payne (38209746),Ricky Council IV (38209691),Trendon Watford (38209739),Tristan Vukcevic (38209799),Gary Trent Jr. (38209786),LeBron James (38209499),Kevin Porter Jr. (38209743),286.62356336805556,386.1553608720212,50000,99.05%,0,46.95%,0,231.5,$1.88,LAL 2,MIL 2,user25,48,marvalshot,15047,4674963727_25
Tyrese Haliburton (38209549),Gary Trent Jr. (38209786),Justin Champagnie (38209750),Trendon Watford (38209739),Tristan Vukcevic (38209799),Kevin Porter Jr. (38209743),LeBron James (38209499),Ivica Zubac (38209552),294.3873394097222,393.5915878866924,49500,100.00%,0,89.71%,0,171.51,$3.59,MIL 2,WAS 2,user26,30,marvalshot,14831,4674963720_26
Kevin Porter Jr. (38209743),Cameron Payne (38209746),Ricky Council IV (38209691),Pascal Siakam (38209558),Ivica Zubac (38209552),Ja'Kobe Walter (38209883),LeBron James (38209499),Trendon Watford (38209739),282.0021961805556,376.1536747668924,49600,64.09%,0,-24.81%,0,183.07,$-0.99,MIL 1,NYK 1,user12,1,marvalshot,14856,4674963721_12
Cameron Payne (38209746),Gary Trent Jr. (38209786),Ziaire Williams (38209758),Ricky Council IV (38209691),Alexandre Sarr (38209615),Tyrese Haliburton (38209549),LeBron James (38209499),Nic Claxton (38209652),300.0696614583333,390.01923259320256,49600,100.00%,0,124.5%,0,220.4,$4.98,BKN 2,NYK 1,user29,1,marvalshot,14920,4674963722_29
Jeff Dowtin (38209700),Keon Johnson (38209661),Ricky Council IV (38209691),LeBron James (38209499),Alexandre Sarr (38209615),Gary Trent Jr. (38209786),Ziaire Williams (38209758),Tyrese Haliburton (38209549),297.5431293402778,386.62243922207153,49900,100.00%,0,105.48%,0,182.01,$4.22,PHI 2,BKN 2,user27,1,marvalshot,14966,4674963723_27
D'Angelo Russell (38209654),Quentin Grimes (38209519),Gary Trent Jr. (38209786),Ricky Council IV (38209691),Tristan Vukcevic (38209799),Cameron Payne (38209746),Trendon Watford (38209739),Luka Doncic (38209488),289.2134244791667,383.57627985757927,50000,99.96%,0,54.32%,0,227.98,$2.17,BKN 2,PHI 2,user26,42,marvalshot,6871,4674963724_26
D'Angelo Russell (38209654),Ziaire Williams (38209758),Gary Trent Jr. (38209786),LeBron James (38209499),Alexandre Sarr (38209615),Cameron Payne (38209746),Pascal Siakam (38209558),Nic Claxton (38209652),297.9074652777778,390.9455578263102,50000,100.00%,0,107.56%,0,206.03999999999996,$4.3,BKN 3,MIL 1,user19,1,marvalshot,15015,4674963725_19
Quentin Grimes (38209519),Cameron Payne (38209746),LeBron James (38209499),Justin Champagnie (38209750),Tristan Vukcevic (38209799),D'Angelo Russell (38209654),Trendon Watford (38209739),Alexandre Sarr (38209615),319.9546657986111,420.81806469856065,49600,100.00%,37935,319.81%,0,213.88,$12.79,WAS 3,BKN 2,user26,49,marvalshot,868,4674963726_26
Luka Doncic (38209488),Cameron Payne (38209746),Ricky Council IV (38209691),Trendon Watford (38209739),Tristan Vukcevic (38209799),Gary Trent Jr. (38209786),LeBron James (38209499),Kevin Porter Jr. (38209743),286.62356336805556,386.1553608720212,50000,99.05%,0,46.95%,0,231.5,$1.88,LAL 2,MIL 2,user26,48,marvalshot,15047,4674963727_26
Tyrese Haliburton (38209549),Gary Trent Jr. (38209786),Justin Champagnie (38209750),Trendon Watford (38209739),Tristan Vukcevic (38209799),Kevin Porter Jr. (38209743),LeBron James (38209499),Ivica Zubac (38209552),294.3873394097222,393.5915878866924,49500,100.00%,0,89.71%,0,171.51,$3.59,MIL 2,WAS 2,user27,30,marvalshot,14831,4674963720_27
James Harden (38209505),Ja'Kobe Walter (38209883),Ricky Council IV (38209691),Kyle Kuzma (38209648),Nic Claxton (38209652),Gary Trent Jr. (38209786),Trendon Watford (38209739),LeBron James (38209499),282.0021961805556,370.1736747668924,49900,64.40%,0,-24.91%,0,188.92000000000002,$-1.0,MIL 2,BKN 2,user36,1,marvalshot,14879,4674963721_36
Kevin Porter Jr. (38209743),Cameron Payne (38209746),Kyle Kuzma (38209648),Ricky Council IV (38209691),Alexandre Sarr (38209615),Tyrese Haliburton (38209549),LeBron James (38209499),Trendon Watford (38209739),299.94966145833337,395.4992325932026,49900,100.00%,0,123.72%,0,197.82999999999998,$4.95,MIL 2,NYK 1,user42,1,marvalshot,14933,4674963722_42
Jeff Dowtin (38209700),Gary Trent Jr. (38209786),Ricky Council IV (38209691),Trendon Watford (38209739),Alexandre Sarr (38209615),Jaylen Brown (38209526),LeBron James (38209499),Cameron Payne (38209746),297.6231293402778,388.1824392220716,49400,100.00%,0,104.85%,0,231.97,$4.19,PHI 2,MIL 1,user39,1,marvalshot,14978,4674963723_39
D'Angelo Russell (38209654),Quentin Grimes (38209519),Gary Trent Jr. (38209786),Ricky Council IV (38209691),Tristan Vukcevic (38209799),Cameron Payne (38209746),Trendon Watford (38209739),Luka Doncic (38209488),289.2134244791667,383.57627985757927,50000,99.96%,0,54.32%,0,227.98,$2.17,BKN 2,PHI 2,user27,42,marvalshot,6871,4674963724_27
D'Angelo Russell (38209654),Cameron Payne (38209746),Gary Trent Jr. (38209786),Trendon Watford (38209739),Alexandre Sarr (38209615),Kevin Porter Jr. (38209743),LeBron James (38209499),Devin Booker (38209515),297.9774652777778,395.6055578263102,49800,100.00%,0,107.55%,0,216.04,$4.3,BKN 2,MIL 2,user22,1,marvalshot,15018,4674963725_22
Quentin Grimes (38209519),Cameron Payne (38209746),LeBron James (38209499),Justin Champagnie (38209750),Tristan Vukcevic (38209799),D'Angelo Russell (38209654),Trendon Watford (38209739),Alexandre Sarr (38209615),319.9546657986111,420.81806469856065,49600,100.00%,37935,319.81%,0,213.88,$12.79,WAS 3,BKN 2,user27,49,marvalshot,868,4674963726_27
Luka Doncic (38209488),Cameron Payne (38209746),Ricky Council IV (38209691),Trendon Watford (38209739),Tristan Vukcevic (38209799),Gary Trent Jr. (38209786),LeBron James (38209499),Kevin Porter Jr. (38209743),286.62356336805556,386.1553608720212,50000,99.05%,0,46.95%,0,231.5,$1.88,LAL 2,MIL 2,user27,48,marvalshot,15047,4674963727_27
Tyrese Haliburton (38209549),Gary Trent Jr. (38209786),Justin Champagnie (38209750),Trendon Watford (38209739),Tristan Vukcevic (38209799),Kevin Porter Jr. (38209743),LeBron James (38209499),Ivica Zubac (38209552),294.3873394097222,393.5915878866924,49500,100.00%,0,89.71%,0,171.51,$3.59,MIL 2,WAS 2,user28,30,marvalshot,14831,4674963720_28
Cameron Payne (38209746),Gary Trent Jr. (38209786),Ricky Council IV (38209691),Trendon Watford (38209739),Nic Claxton (38209652),James Harden (38209505),Ziaire Williams (38209758),LeBron James (38209499),281.97219618055556,371.23367476689236,49300,64.69%,0,-25.56%,0,218.51,$-1.02,BKN 3,NYK 1,user5,1,marvalshot,14849,4674963721_5
Kevin Porter Jr. (38209743),Cameron Payne (38209746),Ziaire Williams (38209758),Ricky Council IV (38209691),Alexandre Sarr (38209615),James Harden (38209505),Trendon Watford (38209739),LeBron James (38209499),299.9396614583334,396.4592325932026,49900,100.00%,0,123.49%,0,212.75,$4.94,BKN 2,MIL 1,user15,1,marvalshot,14907,4674963722_15
Jeff Dowtin (38209700),Tyrese Martin (38209809),Ricky Council IV (38209691),Trendon Watford (38209739),Alexandre Sarr (38209615),D'Angelo Russell (38209654),Pascal Siakam (38209558),LeBron James (38209499),297.34312934027776,392.54243922207155,49800,100.00%,0,104.55%,0,158.97000000000003,$4.18,BKN 3,PHI 2,user2,1,marvalshot,14942,4674963723_2
D'Angelo Russell (38209654),Quentin Grimes (38209519),Gary Trent Jr. (38209786),Ricky Council IV (38209691),Tristan Vukcevic (38209799),Cameron Payne (38209746),Trendon Watford (38209739),Luka Doncic (38209488),289.2134244791667,383.57627985757927,50000,99.96%,0,54.32%,0,227.98,$2.17,BKN 2,PHI 2,user28,42,marvalshot,6871,4674963724_28
D'Angelo Russell (38209654),Cameron Payne (38209746),Gary Trent Jr. (38209786),LeBron James (38209499),Alexandre Sarr (38209615),Keon Johnson (38209661),Ziaire Williams (38209758),Ivica Zubac (38209552),297.8674652777778,389.6255578263102,49900,100.00%,0,107.29%,0,201.57,$4.29,BKN 3,NYK 1,user25,1,marvalshot,15021,4674963725_25
Quentin Grimes (38209519),Cameron Payne (38209746),LeBron James (38209499),Justin Champagnie (38209750),Tristan Vukcevic (38209799),D'Angelo Russell (38209654),Trendon Watford (38209739),Alexandre Sarr (38209615),319.9546657986111,420.81806469856065,49600,100.00%,37935,319.81%,0,213.88,$12.79,WAS 3,BKN 2,user28,49,marvalshot,868,4674963726_28
Luka Doncic (38209488),Cameron Payne (38209746),Ricky Council IV (38209691),Trendon Watford (38209739),Tristan Vukcevic (38209799),Gary Trent Jr. (38209786),LeBron James (38209499),Kevin Porter Jr. (38209743),286.62356336805556,386.1553608720212,50000,99.05%,0,46.95%,0,231.5,$1.88,LAL 2,MIL 2,user28,48,marvalshot,15047,4674963727_28
Tyrese Haliburton (38209549),Gary Trent Jr. (38209786),Justin Champagnie (38209750),Trendon Watford (38209739),Tristan Vukcevic (38209799),Kevin Porter Jr. (38209743),LeBron James (38209499),Ivica Zubac (38209552),294.3873394097222,393.5915878866924,49500,100.00%,0,89.71%,0,171.51,$3.59,MIL 2,WAS 2,user29,30,marvalshot,14831,4674963720_29
Cameron Payne (38209746),Gary Trent Jr. (38209786),Ricky Council IV (38209691),Kyle Kuzma (38209648),Orlando Robinson (38209776),Luka Doncic (38209488),Trendon Watford (38209739),Ivica Zubac (38209552),281.9421961805556,370.4636747668924,49500,63.41%,0,-26.45%,0,223.07,$-1.06,MIL 2,NYK 1,user42,1,marvalshot,14885,4674963721_42
Cameron Payne (38209746),Ja'Kobe Walter (38209883),Kyle Kuzma (38209648),Ricky Council IV (38209691),Alexandre Sarr (38209615),Devin Booker (38209515),LeBron James (38209499),Trendon Watford (38209739),299.7996614583333,390.6892325932025,49900,100.00%,0,122.34%,0,221.12,$4.89,NYK 1,TOR 1,user44,1,marvalshot,14935,4674963722_44
Jeff Dowtin (38209700),Keon Johnson (38209661),Ricky Council IV (38209691),Pascal Siakam (38209558),Alexandre Sarr (38209615),Ziaire Williams (38209758),Gary Trent Jr. (38209786),LeBron James (38209499),297.1731293402778,386.1324392220716,49700,100.00%,0,103.59%,0,181.12,$4.14,PHI 2,BKN 2,user38,1,marvalshot,14977,4674963723_38
D'Angelo Russell (38209654),Quentin Grimes (38209519),Gary Trent Jr. (38209786),Ricky Council IV (38209691),Tristan Vukcevic (38209799),Cameron Payne (38209746),Trendon Watford (38209739),Luka Doncic (38209488),289.2134244791667,383.57627985757927,50000,99.96%,0,54.32%,0,227.98,$2.17,BKN 2,PHI 2,user29,42,marvalshot,6871,4674963724_29
Tyrese Haliburton (38209549),Keon Johnson (38209661),Gary Trent Jr. (38209786),Trendon Watford (38209739),Alexandre Sarr (38209615),D'Angelo Russell (38209654),LeBron James (38209499),Orlando Robinson (38209776),297.8574652777778,393.1955578263102,50000,100.00%,0,107.23%,0,197.63,$4.29,BKN 3,IND 1,user24,1,marvalshot,15020,4674963725_24
Quentin Grimes (38209519),Cameron Payne (38209746),LeBron James (38209499),Justin Champagnie (38209750),Tristan Vukcevic (38209799),D'Angelo Russell (38209654),Trendon Watford (38209739),Alexandre Sarr (38209615),319.9546657986111,420.81806469856065,49600,100.00%,37935,319.81%,0,213.88,$12.79,WAS 3,BKN 2,user29,49,marvalshot,868,4674963726_29
Luka Doncic (38209488),Cameron Payne (38209746),Ricky Council IV (38209691),Trendon Watford (38209739),Tristan Vukcevic (38209799),Gary Trent Jr. (38209786),LeBron James (38209499),Kevin Porter Jr. (38209743),286.62356336805556,386.1553608720212,50000,99.05%,0,46.95%,0,231.5,$1.88,LAL 2,MIL 2,user29,48,marvalshot,15047,4674963727_29
Tyrese Haliburton (38209549),Gary Trent Jr. (38209786),Justin Champagnie (38209750),Trendon Watford (38209739),Tristan Vukcevic (38209799),Kevin Porter Jr. (38209743),LeBron James (38209499),Ivica Zubac (38209552),294.3873394097222,393.5915878866924,49500,100.00%,0,89.71%,0,171.51,$3.59,MIL 2,WAS 2,user30,30,marvalshot,14831,4674963720_30
Cameron Payne (38209746),Gary Trent Jr. (38209786),Ricky Council IV (38209691),Jonathan Mogbo (38209818),Orlando Robinson (38209776),Luka Doncic (38209488),Trendon Watford (38209739),LeBron James (38209499),281.85219618055555,373.43367476689235,49800,62.61%,0,-29.13%,0,223.98999999999998,$-1.17,TOR 2,LAL 2,user26,1,marvalshot,14869,4674963721_26
Kevin Porter Jr. (38209743),Cameron Payne (38209746),Gary Trent Jr. (38209786),Ricky Council IV (38209691),Alexandre Sarr (38209615),Tyrese Haliburton (38209549),LeBron James (38209499),Nic Claxton (38209652),299.78966145833334,394.00923259320257,49700,100.00%,0,122.18%,0,203.04000000000002,$4.89,MIL 2,NYK 1,user22,1,marvalshot,14914,4674963722_22
Jeff Dowtin (38209700),Gary Trent Jr. (38209786),Ricky Council IV (38209691),LeBron James (38209499),Alexandre Sarr (38209615),Cameron Payne (38209746),Kawhi Leonard (38209531),Orlando Robinson (38209776),297.20312934027777,386.83243922207157,49200,100.00%,0,103.58%,0,230.67000000000002,$4.14,PHI 2,MIL 1,user41,1,marvalshot,14980,4674963723_41
D'Angelo Russell (38209654),Quentin Grimes (38209519),Gary Trent Jr. (38209786),Ricky Council IV (38209691),Tristan Vukcevic (38209799),Cameron Payne (38209746),Trendon Watford (38209739),Luka Doncic (38209488),289.2134244791667,383.57627985757927,50000,99.96%,0,54.32%,0,227.98,$2.17,BKN 2,PHI 2,user30,42,marvalshot,6871,4674963724_30
Kevin Porter Jr. (38209743),Gary Trent Jr. (38209786),Kyle Kuzma (38209648),LeBron James (38209499),Alexandre Sarr (38209615),Ja'Kobe Walter (38209883),Trendon Watford (38209739),Karl-Anthony Towns (38209503),297.8674652777778,392.9755578263102,49900,100.00%,0,107.22%,0,204.17,$4.29,MIL 3,LAL 1,user43,1,marvalshot,15039,4674963725_43
Quentin Grimes (38209519),Cameron Payne (38209746),LeBron James (38209499),Justin Champagnie (38209750),Tristan Vukcevic (38209799),D'Angelo Russell (38209654),Trendon Watford (38209739),Alexandre Sarr (38209615),319.9546657986111,420.81806469856065,49600,100.00%,37935,319.81%,0,213.88,$12.79,WAS 3,BKN 2,user30,49,marvalshot,868,4674963726_30
Luka Doncic (38209488),Cameron Payne (38209746),Ricky Council IV (38209691),Trendon Watford (38209739),Tristan Vukcevic (38209799),Gary Trent Jr. (38209786),LeBron James (38209499),Kevin Porter Jr. (38209743),286.62356336805556,386.1553608720212,50000,99.05%,0,46.95%,0,231.5,$1.88,LAL 2,MIL 2,user30,48,marvalshot,15047,4674963727_30
Tyrese Haliburton (38209549),Gary Trent Jr. (38209786),Justin Champagnie (38209750),Trendon Watford (38209739),Tristan Vukcevic (38209799),Kevin Porter Jr. (38209743),LeBron James (38209499),Ivica Zubac (38209552),294.3873394097222,393.5915878866924,49500,100.00%,0,89.71%,0,171.51,$3.59,MIL 2,WAS 2,user31,30,marvalshot,14831,4674963720_31
Cameron Payne (38209746),Gary Trent Jr. (38209786),Ricky Council IV (38209691),LeBron James (38209499),Ivica Zubac (38209552),Tyrese Haliburton (38209549),Jonathan Mogbo (38209818),Trendon Watford (38209739),281.8221961805555,370.85367476689237,50000,61.23%,0,-29.7%,0,191.97,$-1.19,NYK 1,MIL 1,user45,1,marvalshot,14888,4674963721_45
Ryan Rollins (38209763),Cameron Payne (38209746),LeBron James (38209499),Ricky Council IV (38209691),Alexandre Sarr (38209615),James Harden (38209505),Gary Trent Jr. (38209786),Trendon Watford (38209739),299.8096614583333,392.6192325932026,49700,100.00%,0,122.18%,0,234.7,$4.89,MIL 2,NYK 1,user43,1,marvalshot,14934,4674963722_43
Jeff Dowtin (38209700),Gary Trent Jr. (38209786),Ricky Council IV (38209691),LeBron James (38209499),Alexandre Sarr (38209615),Keon Johnson (38209661),Ja'Kobe Walter (38209883),Devin Booker (38209515),297.1131293402778,385.80243922207154,50000,100.00%,0,103.25%,0,187.94,$4.13,PHI 2,MIL 1,user30,1,marvalshot,14969,4674963723_30
D'Angelo Russell (38209654),Quentin Grimes (38209519),Gary Trent Jr. (38209786),Ricky Council IV (38209691),Tristan Vukcevic (38209799),Cameron Payne (38209746),Trendon Watford (38209739),Luka Doncic (38209488),289.2134244791667,383.57627985757927,50000,99.96%,0,54.32%,0,227.98,$2.17,BKN 2,PHI 2,user31,42,marvalshot,6871,4674963724_31
Cameron Payne (38209746),Keon Johnson (38209661),Gary Trent Jr. (38209786),LeBron James (38209499),Alexandre Sarr (38209615),Ja'Kobe Walter (38209883),Trendon Watford (38209739),Karl-Anthony Towns (38209503),297.9174652777778,390.5355578263102,49700,100.00%,0,107.11%,0,237.16,$4.28,NYK 2,BKN 2,user3,1,marvalshot,14999,4674963725_3
Quentin Grimes (38209519),Cameron Payne (38209746),LeBron James (38209499),Justin Champagnie (38209750),Tristan Vukcevic (38209799),D'Angelo Russell (38209654),Trendon Watford (38209739),Alexandre Sarr (38209615),319.9546657986111,420.81806469856065,49600,100.00%,37935,319.81%,0,213.88,$12.79,WAS 3,BKN 2,user31,49,marvalshot,868,4674963726_31
Luka Doncic (38209488),Cameron Payne (38209746),Ricky Council IV (38209691),Trendon Watford (38209739),Tristan Vukcevic (38209799),Gary Trent Jr. (38209786),LeBron James (38209499),Kevin Porter Jr. (38209743),286.62356336805556,386.1553608720212,50000,99.05%,0,46.95%,0,231.5,$1.88,LAL 2,MIL 2,user31,48,marvalshot,15047,4674963727_31
Tyrese Haliburton (38209549),Gary Trent Jr. (38209786),Justin Champagnie (38209750),Trendon Watford (38209739),Tristan Vukcevic (38209799),Kevin Porter Jr. (38209743),LeBron James (38209499),Ivica Zubac (38209552),294.3873394097222,393.5915878866924,49500,100.00%,0,89.71%,0,171.51,$3.59,MIL 2,WAS 2,user32,30,marvalshot,14831,4674963720_32
D'Angelo Russell (38209654),Keon Johnson (38209661),Ricky Council IV (38209691),LeBron James (38209499),Trendon Watford (38209739),Devin Booker (38209515),Gary Trent Jr. (38209786),Cameron Payne (38209746),281.79219618055555,371.48367476689236,49800,61.39%,0,-29.98%,0,196.56,$-1.2,BKN 3,PHI 1,user13,1,marvalshot,14857,4674963721_13
Luka Doncic (38209488),Ziaire Williams (38209758),Gary Trent Jr. (38209786),Ricky Council IV (38209691),Alexandre Sarr (38209615),Cameron Payne (38209746),Trendon Watford (38209739),Tyrese Haliburton (38209549),299.76966145833336,390.6892325932026,50000,100.00%,0,121.91%,0,244.37,$4.88,BKN 2,LAL 1,user14,1,marvalshot,14906,4674963722_14
Jeff Dowtin (38209700),Cameron Payne (38209746),Ricky Council IV (38209691),Trendon Watford (38209739),Alexandre Sarr (38209615),Tyrese Haliburton (38209549),LeBron James (38209499),Nick Richards (38209734),297.0631293402778,393.58243922207157,49400,100.00%,0,102.99%,0,194.03,$4.12,PHI 2,NYK 1,user9,1,marvalshot,14949,4674963723_9
D'Angelo Russell (38209654),Quentin Grimes (38209519),Gary Trent Jr. (38209786),Ricky Council IV (38209691),Tristan Vukcevic (38209799),Cameron Payne (38209746),Trendon Watford (38209739),Luka Doncic (38209488),289.2134244791667,383.57627985757927,50000,99.96%,0,54.32%,0,227.98,$2.17,BKN 2,PHI 2,user32,42,marvalshot,6871,4674963724_32
Cameron Payne (38209746),Ziaire Williams (38209758),LeBron James (38209499),Kyle Kuzma (38209648),Alexandre Sarr (38209615),Ja'Kobe Walter (38209883),Trendon Watford (38209739),Karl-Anthony Towns (38209503),297.8674652777778,390.5355578263102,50000,100.00%,0,107.1%,0,225.37,$4.28,NYK 2,BKN 2,user41,1,marvalshot,15036,4674963725_41
Quentin Grimes (38209519),Cameron Payne (38209746),LeBron James (38209499),Justin Champagnie (38209750),Tristan Vukcevic (38209799),D'Angelo Russell (38209654),Trendon Watford (38209739),Alexandre Sarr (38209615),319.9546657986111,420.81806469856065,49600,100.00%,37935,319.81%,0,213.88,$12.79,WAS 3,BKN 2,user32,49,marvalshot,868,4674963726_32
Luka Doncic (38209488),Cameron Payne (38209746),Ricky Council IV (38209691),Trendon Watford (38209739),Tristan Vukcevic (38209799),Gary Trent Jr. (38209786),LeBron James (38209499),Kevin Porter Jr. (38209743),286.62356336805556,386.1553608720212,50000,99.05%,0,46.95%,0,231.5,$1.88,LAL 2,MIL 2,user32,48,marvalshot,15047,4674963727_32
Tyrese Haliburton (38209549),Gary Trent Jr. (38209786),Justin Champagnie (38209750),Trendon Watford (38209739),Tristan Vukcevic (38209799),Kevin Porter Jr. (38209743),LeBron James (38209499),Ivica Zubac (38209552),294.3873394097222,393.5915878866924,49500,100.00%,0,89.71%,0,171.51,$3.59,MIL 2,WAS 2,user33,30,marvalshot,14831,4674963720_33
Kevin Porter Jr. (38209743),Cameron Payne (38209746),Ricky Council IV (38209691),Trendon Watford (38209739),Ivica Zubac (38209552),D'Angelo Russell (38209654),Gary Trent Jr. (38209786),Luka Doncic (38209488),281.7621961805555,375.86367476689236,49500,59.99%,0,-30.83%,0,196.31,$-1.23,MIL 2,BKN 2,user34,1,marvalshot,14877,4674963721_34
Kevin Porter Jr. (38209743),Gary Trent Jr. (38209786),LeBron James (38209499),Ricky Council IV (38209691),Alexandre Sarr (38209615),Devin Booker (38209515),Trendon Watford (38209739),Cameron Payne (38209746),299.7696614583333,394.1892325932025,49200,100.00%,0,121.77%,0,229.51000000000002,$4.87,MIL 2,LAL 1,user,1,marvalshot,3748,4674963722
Jeff Dowtin (38209700),Gary Trent Jr. (38209786),Ricky Council IV (38209691),Pascal Siakam (38209558),Alexandre Sarr (38209615),Ja'Kobe Walter (38209883),LeBron James (38209499),D'Angelo Russell (38209654),297.0731293402778,388.12243922207153,49100,100.00%,0,102.93%,0,194.1,$4.12,PHI 2,MIL 1,user35,1,marvalshot,14974,4674963723_35
D'Angelo Russell (38209654),Quentin Grimes (38209519),Gary Trent Jr. (38209786),Ricky Council IV (38209691),Tristan Vukcevic (38209799),Cameron Payne (38209746),Trendon Watford (38209739),Luka Doncic (38209488),289.2134244791667,383.57627985757927,50000,99.96%,0,54.32%,0,227.98,$2.17,BKN 2,PHI 2,user33,42,marvalshot,6871,4674963724_33
Cameron Payne (38209746),Gary Trent Jr. (38209786),Ziaire Williams (38209758),Trendon Watford (38209739),Alexandre Sarr (38209615),Kevin Porter Jr. (38209743),LeBron James (38209499),Karl-Anthony Towns (38209503),297.83746527777777,394.0355578263102,49300,100.00%,0,106.56%,0,233.76000000000002,$4.26,NYK 2,MIL 2,user16,1,marvalshot,15012,4674963725_16
Quentin Grimes (38209519),Cameron Payne (38209746),LeBron James (38209499),Justin Champagnie (38209750),Tristan Vukcevic (38209799),D'Angelo Russell (38209654),Trendon Watford (38209739),Alexandre Sarr (38209615),319.9546657986111,420.81806469856065,49600,100.00%,37935,319.81%,0,213.88,$12.79,WAS 3,BKN 2,user33,49,marvalshot,868,4674963726_33
Luka Doncic (38209488),Cameron Payne (38209746),Ricky Council IV (38209691),Trendon Watford (38209739),Tristan Vukcevic (38209799),Gary Trent Jr. (38209786),LeBron James (38209499),Kevin Porter Jr. (38209743),286.62356336805556,386.1553608720212,50000,99.05%,0,46.95%,0,231.5,$1.88,LAL 2,MIL 2,user33,48,marvalshot,15047,4674963727_33
Tyrese Haliburton (38209549),Gary Trent Jr. (38209786),Justin Champagnie (38209750),Trendon Watford (38209739),Tristan Vukcevic (38209799),Kevin Porter Jr. (38209743),LeBron James (38209499),Ivica Zubac (38209552),294.3873394097222,393.5915878866924,49500,100.00%,0,89.71%,0,171.51,$3.59,MIL 2,WAS 2,user34,30,marvalshot,14831,4674963720_34
Cameron Payne (38209746),Gary Trent Jr. (38209786),Ricky Council IV (38209691),Pascal Siakam (38209558),Karl-Anthony Towns (38209503),Ziaire Williams (38209758),Trendon Watford (38209739),Ivica Zubac (38209552),281.6221961805556,368.8436747668924,49800,58.26%,0,-34.27%,0,206.21,$-1.37,NYK 2,BKN 2,user3,1,marvalshot,14847,4674963721_3
Ryan Rollins (38209763),Keon Johnson (38209661),LeBron James (38209499),Ricky Council IV (38209691),Alexandre Sarr (38209615),Gary Trent Jr. (38209786),Trendon Watford (38209739),Ivica Zubac (38209552),299.7196614583333,391.7392325932025,49300,100.00%,0,121.57%,0,187.17,$4.86,MIL 2,BKN 2,user16,1,marvalshot,14908,4674963722_16
Jeff Dowtin (38209700),RJ Barrett (38209569),Ricky Council IV (38209691),Trendon Watford (38209739),Alexandre Sarr (38209615),D'Angelo Russell (38209654),LeBron James (38209499),Orlando Robinson (38209776),297.0031293402778,395.4524392220716,49600,100.00%,0,102.66%,0,180.69,$4.11,PHI 2,TOR 2,user47,1,marvalshot,14986,4674963723_47
D'Angelo Russell (38209654),Quentin Grimes (38209519),Gary Trent Jr. (38209786),Ricky Council IV (38209691),Tristan Vukcevic (38209799),Cameron Payne (38209746),Trendon Watford (38209739),Luka Doncic (38209488),289.2134244791667,383.57627985757927,50000,99.96%,0,54.32%,0,227.98,$2.17,BKN 2,PHI 2,user34,42,marvalshot,6871,4674963724_34
Cameron Payne (38209746),Gary Trent Jr. (38209786),LeBron James (38209499),Trendon Watford (38209739),Alexandre Sarr (38209615),Kevin Porter Jr. (38209743),Kyle Kuzma (38209648),Ivica Zubac (38209552),297.7574652777778,392.5855578263102,49000,100.00%,0,106.21%,0,217.71,$4.25,MIL 3,NYK 1,user31,1,marvalshot,15027,4674963725_31
Quentin Grimes (38209519),Cameron Payne (38209746),LeBron James (38209499),Justin Champagnie (38209750),Tristan Vukcevic (38209799),D'Angelo Russell (38209654),Trendon Watford (38209739),Alexandre Sarr (38209615),319.9546657986111,420.81806469856065,49600,100.00%,37935,319.81%,0,213.88,$12.79,WAS 3,BKN 2,user34,49,marvalshot,868,4674963726_34
Luka Doncic (38209488),Cameron Payne (38209746),Ricky Council IV (38209691),Trendon Watford (38209739),Tristan Vukcevic (38209799),Gary Trent Jr. (38209786),LeBron James (38209499),Kevin Porter Jr. (38209743),286.62356336805556,386.1553608720212,50000,99.05%,0,46.95%,0,231.5,$1.88,LAL 2,MIL 2,user34,48,marvalshot,15047,4674963727_34
Tyrese Haliburton (38209549),Gary Trent Jr. (38209786),Justin Champagnie (38209750),Trendon Watford (38209739),Tristan Vukcevic (38209799),Kevin Porter Jr. (38209743),LeBron James (38209499),Ivica Zubac (38209552),294.3873394097222,393.5915878866924,49500,100.00%,0,89.71%,0,171.51,$3.59,MIL 2,WAS 2,user35,30,marvalshot,14831,4674963720_35
Tyrese Haliburton (38209549),Ja'Kobe Walter (38209883),Ricky Council IV (38209691),Trendon Watford (38209739),Nick Richards (38209734),Gary Trent Jr. (38209786),LeBron James (38209499),Ivica Zubac (38209552),281.58219618055557,373.3136747668924,49900,57.74%,0,-34.54%,0,174.11,$-1.38,IND 1,TOR 1,user17,1,marvalshot,14860,4674963721_17
Devin Booker (38209515),Cameron Payne (38209746),Gary Trent Jr. (38209786),Ricky Council IV (38209691),Alexandre Sarr (38209615),Ja'Kobe Walter (38209883),LeBron James (38209499),Nic Claxton (38209652),299.63966145833336,389.19923259320257,49700,100.00%,0,120.73%,0,226.33,$4.83,PHX 1,NYK 1,user40,1,marvalshot,14931,4674963722_40
Jeff Dowtin (38209700),Keon Johnson (38209661),Ricky Council IV (38209691),Pascal Siakam (38209558),Alexandre Sarr (38209615),Cameron Payne (38209746),LeBron James (38209499),Ziaire Williams (38209758),296.8931293402778,387.6824392220716,49900,100.00%,0,102.41%,0,184.95999999999998,$4.1,PHI 2,BKN 2,user28,1,marvalshot,14967,4674963723_28
D'Angelo Russell (38209654),Quentin Grimes (38209519),Gary Trent Jr. (38209786),Ricky Council IV (38209691),Tristan Vukcevic (38209799),Cameron Payne (38209746),Trendon Watford (38209739),Luka Doncic (38209488),289.2134244791667,383.57627985757927,50000,99.96%,0,54.32%,0,227.98,$2.17,BKN 2,PHI 2,user35,42,marvalshot,6871,4674963724_35
D'Angelo Russell (38209654),Gary Trent Jr. (38209786),Ja'Kobe Walter (38209883),Trendon Watford (38209739),Alexandre Sarr (38209615),Tyrese Haliburton (38209549),LeBron James (38209499),Nic Claxton (38209652),297.71746527777776,392.57555782631016,49500,100.00%,0,106.06%,0,201.19,$4.24,BKN 3,MIL 1,user11,1,marvalshot,15007,4674963725_11
Quentin Grimes (38209519),Cameron Payne (38209746),LeBron James (38209499),Justin Champagnie (38209750),Tristan Vukcevic (38209799),D'Angelo Russell (38209654),Trendon Watford (38209739),Alexandre Sarr (38209615),319.9546657986111,420.81806469856065,49600,100.00%,37935,319.81%,0,213.88,$12.79,WAS 3,BKN 2,user35,49,marvalshot,868,4674963726_35
Luka Doncic (38209488),Cameron Payne (38209746),Ricky Council IV (38209691),Trendon Watford (38209739),Tristan Vukcevic (38209799),Gary Trent Jr. (38209786),LeBron James (38209499),Kevin Porter Jr. (38209743),286.62356336805556,386.1553608720212,50000,99.05%,0,46.95%,0,231.5,$1.88,LAL 2,MIL 2,user35,48,marvalshot,15047,4674963727_35
Tyrese Haliburton (38209549),Gary Trent Jr. (38209786),Justin Champagnie (38209750),Trendon Watford (38209739),Tristan Vukcevic (38209799),Kevin Porter Jr. (38209743),LeBron James (38209499),Ivica Zubac (38209552),294.3873394097222,393.5915878866924,49500,100.00%,0,89.71%,0,171.51,$3.59,MIL 2,WAS 2,user36,30,marvalshot,14831,4674963720_36
Devin Booker (38209515),Cameron Payne (38209746),Ricky Council IV (38209691),Kyle Kuzma (38209648),Orlando Robinson (38209776),Gary Trent Jr. (38209786),LeBron James (38209499),Nic Claxton (38209652),281.48219618055555,368.5836747668924,50000,55.78%,0,-36.89%,0,199.38,$-1.48,MIL 2,PHX 1,user39,1,marvalshot,14882,4674963721_39
Luka Doncic (38209488),Gary Trent Jr. (38209786),Ryan Dunn (38209801),Ricky Council IV (38209691),Alexandre Sarr (38209615),Cameron Payne (38209746),Trendon Watford (38209739),Ivica Zubac (38209552),299.5596614583333,390.1292325932026,49700,100.00%,0,120.17%,0,229.65999999999997,$4.81,LAL 1,MIL 1,user39,1,marvalshot,14930,4674963722_39
Jeff Dowtin (38209700),Ja'Kobe Walter (38209883),Ricky Council IV (38209691),Pascal Siakam (38209558),Alexandre Sarr (38209615),Luka Doncic (38209488),Trendon Watford (38209739),Orlando Robinson (38209776),296.70312934027777,390.8224392220716,49700,100.00%,0,101.68%,0,204.06,$4.07,PHI 2,TOR 2,user6,1,marvalshot,14946,4674963723_6
D'Angelo Russell (38209654),Quentin Grimes (38209519),Gary Trent Jr. (38209786),Ricky Council IV (38209691),Tristan Vukcevic (38209799),Cameron Payne (38209746),Trendon Watford (38209739),Luka Doncic (38209488),289.2134244791667,383.57627985757927,50000,99.96%,0,54.32%,0,227.98,$2.17,BKN 2,PHI 2,user36,42,marvalshot,6871,4674963724_36
Kevin Porter Jr. (38209743),Ziaire Williams (38209758),OG Anunoby (38209593),LeBron James (38209499),Alexandre Sarr (38209615),Gary Trent Jr. (38209786),Trendon Watford (38209739),Ivica Zubac (38209552),297.5974652777778,389.7055578263102,49900,100.00%,0,105.92%,0,184.26,$4.24,MIL 2,BKN 2,user48,1,marvalshot,15044,4674963725_48
Quentin Grimes (38209519),Cameron Payne (38209746),LeBron James (38209499),Justin Champagnie (38209750),Tristan Vukcevic (38209799),D'Angelo Russell (38209654),Trendon Watford (38209739),Alexandre Sarr (38209615),319.9546657986111,420.81806469856065,49600,100.00%,37935,319.81%,0,213.88,$12.79,WAS 3,BKN 2,user36,49,marvalshot,868,4674963726_36
Luka Doncic (38209488),Cameron Payne (38209746),Ricky Council IV (38209691),Trendon Watford (38209739),Tristan Vukcevic (38209799),Gary Trent Jr. (38209786),LeBron James (38209499),Kevin Porter Jr. (38209743),286.62356336805556,386.1553608720212,50000,99.05%,0,46.95%,0,231.5,$1.88,LAL 2,MIL 2,user36,48,marvalshot,15047,4674963727_36
Tyrese Haliburton (38209549),Gary Trent Jr. (38209786),Justin Champagnie (38209750),Trendon Watford (38209739),Tristan Vukcevic (38209799),Kevin Porter Jr. (38209743),LeBron James (38209499),Ivica Zubac (38209552),294.3873394097222,393.5915878866924,49500,100.00%,0,89.71%,0,171.51,$3.59,MIL 2,WAS 2,user37,30,marvalshot,14831,4674963720_37
D'Angelo Russell (38209654),Ziaire Williams (38209758),Ricky Council IV (38209691),LeBron James (38209499),Orlando Robinson (38209776),Cameron Payne (38209746),Gary Trent Jr. (38209786),Karl-Anthony Towns (38209503),281.48219618055555,371.0336747668924,49300,55.82%,0,-38.01%,0,217.12,$-1.52,BKN 2,NYK 2,user27,1,marvalshot,14870,4674963721_27
Luka Doncic (38209488),Ja'Kobe Walter (38209883),LeBron James (38209499),Ricky Council IV (38209691),Alexandre Sarr (38209615),AJ Green (38209957),Gary Trent Jr. (38209786),Trendon Watford (38209739),299.5096614583333,391.0592325932025,49900,100.00%,0,119.42%,0,225.91,$4.78,LAL 2,MIL 2,user24,1,marvalshot,14916,4674963722_24
Jeff Dowtin (38209700),Ja'Kobe Walter (38209883),Ricky Council IV (38209691),LeBron James (38209499),Alexandre Sarr (38209615),Keon Johnson (38209661),Kawhi Leonard (38209531),Trendon Watford (38209739),296.59312934027776,387.8824392220715,49800,100.00%,0,100.93%,0,176.8,$4.04,PHI 2,BKN 2,user25,1,marvalshot,14964,4674963723_25
D'Angelo Russell (38209654),Quentin Grimes (38209519),Gary Trent Jr. (38209786),Ricky Council IV (38209691),Tristan Vukcevic (38209799),Cameron Payne (38209746),Trendon Watford (38209739),Luka Doncic (38209488),289.2134244791667,383.57627985757927,50000,99.96%,0,54.32%,0,227.98,$2.17,BKN 2,PHI 2,user37,42,marvalshot,6871,4674963724_37
D'Angelo Russell (38209654),Ja'Kobe Walter (38209883),Kawhi Leonard (38209531),Trendon Watford (38209739),Alexandre Sarr (38209615),Gary Trent Jr. (38209786),LeBron James (38209499),Nic Claxton (38209652),297.60746527777775,391.14555782631015,49900,100.00%,0,105.59%,0,197.88,$4.22,BKN 3,TOR 1,user30,1,marvalshot,15026,4674963725_30
Quentin Grimes (38209519),Cameron Payne (38209746),LeBron James (38209499),Justin Champagnie (38209750),Tristan Vukcevic (38209799),D'Angelo Russell (38209654),Trendon Watford (38209739),Alexandre Sarr (38209615),319.9546657986111,420.81806469856065,49600,100.00%,37935,319.81%,0,213.88,$12.79,WAS 3,BKN 2,user37,49,marvalshot,868,4674963726_37
Luka Doncic (38209488),Cameron Payne (38209746),Ricky Council IV (38209691),Trendon Watford (38209739),Tristan Vukcevic (38209799),Gary Trent Jr. (38209786),LeBron James (38209499),Kevin Porter Jr. (38209743),286.62356336805556,386.1553608720212,50000,99.05%,0,46.95%,0,231.5,$1.88,LAL 2,MIL 2,user37,48,marvalshot,15047,4674963727_37
Tyrese Haliburton (38209549),Gary Trent Jr. (38209786),Justin Champagnie (38209750),Trendon Watford (38209739),Tristan Vukcevic (38209799),Kevin Porter Jr. (38209743),LeBron James (38209499),Ivica Zubac (38209552),294.3873394097222,393.5915878866924,49500,100.00%,0,89.71%,0,171.51,$3.59,MIL 2,WAS 2,user38,30,marvalshot,14831,4674963720_38
Kevin Porter Jr. (38209743),Keon Johnson (38209661),Ricky Council IV (38209691),LeBron James (38209499),Ivica Zubac (38209552),Cameron Payne (38209746),Trendon Watford (38209739),Nic Claxton (38209652),281.3221961805556,375.8936747668924,49200,53.54%,0,-40.21%,0,157.46,$-1.61,BKN 3,MIL 1,user48,1,marvalshot,14891,4674963721_48
Cameron Payne (38209746),Gary Trent Jr. (38209786),LeBron James (38209499),Ricky Council IV (38209691),Alexandre Sarr (38209615),Kevin Porter Jr. (38209743),Pascal Siakam (38209558),Nic Claxton (38209652),299.41966145833334,393.51923259320256,49500,100.00%,0,119.04%,0,202.14999999999998,$4.76,MIL 2,NYK 1,user45,1,marvalshot,14936,4674963722_45
Jeff Dowtin (38209700),Gary Trent Jr. (38209786),Ricky Council IV (38209691),Noah Clowney (38209859),Alexandre Sarr (38209615),Cameron Payne (38209746),LeBron James (38209499),Karl-Anthony Towns (38209503),296.57312934027783,387.2924392220716,49900,100.00%,0,100.77%,0,205.54,$4.03,PHI 2,NYK 2,user32,1,marvalshot,14971,4674963723_32
D'Angelo Russell (38209654),Quentin Grimes (38209519),Gary Trent Jr. (38209786),Ricky Council IV (38209691),Tristan Vukcevic (38209799),Cameron Payne (38209746),Trendon Watford (38209739),Luka Doncic (38209488),289.2134244791667,383.57627985757927,50000,99.96%,0,54.32%,0,227.98,$2.17,BKN 2,PHI 2,user38,42,marvalshot,6871,4674963724_38
D'Angelo Russell (38209654),Devin Booker (38209515),Ziaire Williams (38209758),LeBron James (38209499),Alexandre Sarr (38209615),Gary Trent Jr. (38209786),Trendon Watford (38209739),Orlando Robinson (38209776),297.62746527777773,391.88555782631016,49600,100.00%,0,105.47%,0,217.51999999999998,$4.22,BKN 3,PHX 1,user15,1,marvalshot,15011,4674963725_15
Quentin Grimes (38209519),Cameron Payne (38209746),LeBron James (38209499),Justin Champagnie (38209750),Tristan Vukcevic (38209799),D'Angelo Russell (38209654),Trendon Watford (38209739),Alexandre Sarr (38209615),319.9546657986111,420.81806469856065,49600,100.00%,37935,319.81%,0,213.88,$12.79,WAS 3,BKN 2,user38,49,marvalshot,868,4674963726_38
Luka Doncic (38209488),Cameron Payne (38209746),Ricky Council IV (38209691),Trendon Watford (38209739),Tristan Vukcevic (38209799),Gary Trent Jr. (38209786),LeBron James (38209499),Kevin Porter Jr. (38209743),286.62356336805556,386.1553608720212,50000,99.05%,0,46.95%,0,231.5,$1.88,LAL 2,MIL 2,user38,48,marvalshot,15047,4674963727_38
Tyrese Haliburton (38209549),Gary Trent Jr. (38209786),Justin Champagnie (38209750),Trendon Watford (38209739),Tristan Vukcevic (38209799),Kevin Porter Jr. (38209743),LeBron James (38209499),Ivica Zubac (38209552),294.3873394097222,393.5915878866924,49500,100.00%,0,89.71%,0,171.51,$3.59,MIL 2,WAS 2,user39,30,marvalshot,14831,4674963720_39
Cameron Payne (38209746),Keon Johnson (38209661),Ricky Council IV (38209691),LeBron James (38209499),Trendon Watford (38209739),Kevin Porter Jr. (38209743),Gary Trent Jr. (38209786),Karl-Anthony Towns (38209503),281.37219618055553,373.9036747668923,49400,54.12%,0,-40.38%,0,196.92,$-1.62,NYK 2,BKN 2,user25,1,marvalshot,14868,4674963721_25
Cameron Payne (38209746),Ziaire Williams (38209758),Gary Trent Jr. (38209786),Ricky Council IV (38209691),Alexandre Sarr (38209615),Luka Doncic (38209488),Trendon Watford (38209739),Pascal Siakam (38209558),299.39966145833336,390.19923259320257,49800,100.00%,0,118.58%,0,243.48000000000002,$4.74,BKN 2,NYK 1,user5,1,marvalshot,14897,4674963722_5
Jeff Dowtin (38209700),Ja'Kobe Walter (38209883),Ricky Council IV (38209691),LeBron James (38209499),Alexandre Sarr (38209615),Tyrese Haliburton (38209549),Ziaire Williams (38209758),Nic Claxton (38209652),296.4931293402778,387.8224392220716,49500,100.00%,0,100.64%,0,173.53,$4.03,PHI 2,BKN 2,user18,1,marvalshot,14958,4674963723_18
D'Angelo Russell (38209654),Quentin Grimes (38209519),Gary Trent Jr. (38209786),Ricky Council IV (38209691),Tristan Vukcevic (38209799),Cameron Payne (38209746),Trendon Watford (38209739),Luka Doncic (38209488),289.2134244791667,383.57627985757927,50000,99.96%,0,54.32%,0,227.98,$2.17,BKN 2,PHI 2,user39,42,marvalshot,6871,4674963724_39
Cameron Payne (38209746),AJ Green (38209957),Gary Trent Jr. (38209786),Trendon Watford (38209739),Alexandre Sarr (38209615),Luka Doncic (38209488),LeBron James (38209499),Orlando Robinson (38209776),297.5874652777778,392.1255578263102,50000,100.00%,0,105.4%,0,251.43,$4.22,MIL 2,LAL 2,user23,1,marvalshot,15019,4674963725_23
Quentin Grimes (38209519),Cameron Payne (38209746),LeBron James (38209499),Justin Champagnie (38209750),Tristan Vukcevic (38209799),D'Angelo Russell (38209654),Trendon Watford (38209739),Alexandre Sarr (38209615),319.9546657986111,420.81806469856065,49600,100.00%,37935,319.81%,0,213.88,$12.79,WAS 3,BKN 2,user39,49,marvalshot,868,4674963726_39
Luka Doncic (38209488),Cameron Payne (38209746),Ricky Council IV (38209691),Trendon Watford (38209739),Tristan Vukcevic (38209799),Gary Trent Jr. (38209786),LeBron James (38209499),Kevin Porter Jr. (38209743),286.62356336805556,386.1553608720212,50000,99.05%,0,46.95%,0,231.5,$1.88,LAL 2,MIL 2,user39,48,marvalshot,15047,4674963727_39
Tyrese Haliburton (38209549),Gary Trent Jr. (38209786),Justin Champagnie (38209750),Trendon Watford (38209739),Tristan Vukcevic (38209799),Kevin Porter Jr. (38209743),LeBron James (38209499),Ivica Zubac (38209552),294.3873394097222,393.5915878866924,49500,100.00%,0,89.71%,0,171.51,$3.59,MIL 2,WAS 2,user40,30,marvalshot,14831,4674963720_40
Ryan Rollins (38209763),Gary Trent Jr. (38209786),Ricky Council IV (38209691),LeBron James (38209499),Trendon Watford (38209739),Cameron Payne (38209746),Ja'Kobe Walter (38209883),Luka Doncic (38209488),281.3921961805556,372.5636747668924,49400,55.25%,0,-40.47%,0,230.48000000000002,$-1.62,MIL 2,LAL 2,user2,1,marvalshot,14846,4674963721_2
Cameron Payne (38209746),Gary Trent Jr. (38209786),Aaron Nesmith (38209717),Ricky Council IV (38209691),Alexandre Sarr (38209615),James Harden (38209505),LeBron James (38209499),Trendon Watford (38209739),299.32966145833336,389.7292325932026,50000,100.00%,0,117.63%,0,231.91000000000003,$4.71,NYK 1,MIL 1,user20,1,marvalshot,14912,4674963722_20
Jeff Dowtin (38209700),Cameron Payne (38209746),Ricky Council IV (38209691),LeBron James (38209499),Alexandre Sarr (38209615),Gary Trent Jr. (38209786),RJ Barrett (38209569),Nic Claxton (38209652),296.4931293402778,389.46243922207157,49600,100.00%,0,100.48%,0,203.73,$4.02,PHI 2,NYK 1,user24,1,marvalshot,14963,4674963723_24
D'Angelo Russell (38209654),Quentin Grimes (38209519),Gary Trent Jr. (38209786),Ricky Council IV (38209691),Tristan Vukcevic (38209799),Cameron Payne (38209746),Trendon Watford (38209739),Luka Doncic (38209488),289.2134244791667,383.57627985757927,50000,99.96%,0,54.32%,0,227.98,$2.17,BKN 2,PHI 2,user40,42,marvalshot,6871,4674963724_40
D'Angelo Russell (38209654),Keon Johnson (38209661),LeBron James (38209499),Trendon Watford (38209739),Alexandre Sarr (38209615),Gary Trent Jr. (38209786),Pascal Siakam (38209558),Orlando Robinson (38209776),297.4874652777778,392.7055578263102,49800,100.00%,0,105.08%,0,196.73999999999998,$4.2,BKN 3,LAL 1,user38,1,marvalshot,15034,4674963725_38
Quentin Grimes (38209519),Cameron Payne (38209746),LeBron James (38209499),Justin Champagnie (38209750),Tristan Vukcevic (38209799),D'Angelo Russell (38209654),Trendon Watford (38209739),Alexandre Sarr (38209615),319.9546657986111,420.81806469856065,49600,100.00%,37935,319.81%,0,213.88,$12.79,WAS 3,BKN 2,user40,49,marvalshot,868,4674963726_40
Luka Doncic (38209488),Cameron Payne (38209746),Ricky Council IV (38209691),Trendon Watford (38209739),Tristan Vukcevic (38209799),Gary Trent Jr. (38209786),LeBron James (38209499),Kevin Porter Jr. (38209743),286.62356336805556,386.1553608720212,50000,99.05%,0,46.95%,0,231.5,$1.88,LAL 2,MIL 2,user40,48,marvalshot,15047,4674963727_40
Tyrese Haliburton (38209549),Gary Trent Jr. (38209786),Justin Champagnie (38209750),Trendon Watford (38209739),Tristan Vukcevic (38209799),Kevin Porter Jr. (38209743),LeBron James (38209499),Ivica Zubac (38209552),294.3873394097222,393.5915878866924,49500,100.00%,0,89.71%,0,171.51,$3.59,MIL 2,WAS 2,user41,30,marvalshot,14831,4674963720_41
Luka Doncic (38209488),Gary Trent Jr. (38209786),Ricky Council IV (38209691),LeBron James (38209499),Orlando Robinson (38209776),Ryan Rollins (38209763),Ziaire Williams (38209758),Cameron Payne (38209746),281.3221961805555,371.69367476689234,50000,53.82%,0,-41.46%,0,220.34,$-1.66,LAL 2,MIL 2,user38,1,marvalshot,14881,4674963721_38
Cameron Payne (38209746),Ziaire Williams (38209758),Gary Trent Jr. (38209786),Ricky Council IV (38209691),Alexandre Sarr (38209615),Ryan Rollins (38209763),LeBron James (38209499),Karl-Anthony Towns (38209503),299.27966145833335,389.8092325932026,49800,100.00%,0,117.62%,0,223.89000000000001,$4.7,NYK 2,MIL 2,user26,1,marvalshot,14918,4674963722_26
Jeff Dowtin (38209700),Ja'Kobe Walter (38209883),Ricky Council IV (38209691),Kawhi Leonard (38209531),Alexandre Sarr (38209615),Gary Trent Jr. (38209786),Kyle Kuzma (38209648),LeBron James (38209499),296.35312934027775,382.9524392220715,49800,100.00%,0,99.81%,0,193.63,$3.99,PHI 2,MIL 2,user26,1,marvalshot,14965,4674963723_26
D'Angelo Russell (38209654),Quentin Grimes (38209519),Gary Trent Jr. (38209786),Ricky Council IV (38209691),Tristan Vukcevic (38209799),Cameron Payne (38209746),Trendon Watford (38209739),Luka Doncic (38209488),289.2134244791667,383.57627985757927,50000,99.96%,0,54.32%,0,227.98,$2.17,BKN 2,PHI 2,user41,42,marvalshot,6871,4674963724_41
Keon Johnson (38209661),Gary Trent Jr. (38209786),LeBron James (38209499),Pascal Siakam (38209558),Alexandre Sarr (38209615),Ziaire Williams (38209758),Trendon Watford (38209739),Nic Claxton (38209652),297.4474652777778,390.0955578263102,49900,100.00%,0,104.87%,0,187.32,$4.19,BKN 4,MIL 1,user29,1,marvalshot,15025,4674963725_29
Quentin Grimes (38209519),Cameron Payne (38209746),LeBron James (38209499),Justin Champagnie (38209750),Tristan Vukcevic (38209799),D'Angelo Russell (38209654),Trendon Watford (38209739),Alexandre Sarr (38209615),319.9546657986111,420.81806469856065,49600,100.00%,37935,319.81%,0,213.88,$12.79,WAS 3,BKN 2,user41,49,marvalshot,868,4674963726_41
Luka Doncic (38209488),Cameron Payne (38209746),Ricky Council IV (38209691),Trendon Watford (38209739),Tristan Vukcevic (38209799),Gary Trent Jr. (38209786),LeBron James (38209499),Kevin Porter Jr. (38209743),286.62356336805556,386.1553608720212,50000,99.05%,0,46.95%,0,231.5,$1.88,LAL 2,MIL 2,user41,48,marvalshot,15047,4674963727_41
Tyrese Haliburton (38209549),Gary Trent Jr. (38209786),Justin Champagnie (38209750),Trendon Watford (38209739),Tristan Vukcevic (38209799),Kevin Porter Jr. (38209743),LeBron James (38209499),Ivica Zubac (38209552),294.3873394097222,393.5915878866924,49500,100.00%,0,89.71%,0,171.51,$3.59,MIL 2,WAS 2,user42,30,marvalshot,14831,4674963720_42
Luka Doncic (38209488),Taurean Prince (38209812),Ricky Council IV (38209691),LeBron James (38209499),Trendon Watford (38209739),Cameron Payne (38209746),Gary Trent Jr. (38209786),Orlando Robinson (38209776),281.28219618055556,371.39367476689233,49900,53.00%,0,-42.9%,0,223.88,$-1.72,LAL 2,MIL 2,user22,1,marvalshot,14865,4674963721_22
D'Angelo Russell (38209654),Ja'Kobe Walter (38209883),LeBron James (38209499),Ricky Council IV (38209691),Alexandre Sarr (38209615),Devin Booker (38209515),Trendon Watford (38209739),Ziaire Williams (38209758),299.2696614583333,392.3692325932025,49700,100.00%,0,117.47%,0,195.84,$4.7,BKN 3,TOR 1,user27,1,marvalshot,14921,4674963722_27
Jeff Dowtin (38209700),Ja'Kobe Walter (38209883),Ricky Council IV (38209691),Trendon Watford (38209739),Alexandre Sarr (38209615),Keon Johnson (38209661),LeBron James (38209499),Pascal Siakam (38209558),296.3331293402778,388.8224392220716,49200,100.00%,0,99.8%,0,179.22000000000003,$3.99,PHI 2,BKN 2,user21,1,marvalshot,14960,4674963723_21
D'Angelo Russell (38209654),Quentin Grimes (38209519),Gary Trent Jr. (38209786),Ricky Council IV (38209691),Tristan Vukcevic (38209799),Cameron Payne (38209746),Trendon Watford (38209739),Luka Doncic (38209488),289.2134244791667,383.57627985757927,50000,99.96%,0,54.32%,0,227.98,$2.17,BKN 2,PHI 2,user42,42,marvalshot,6871,4674963724_42
Tyrese Haliburton (38209549),Cameron Payne (38209746),Ja'Kobe Walter (38209883),LeBron James (38209499),Alexandre Sarr (38209615),D'Angelo Russell (38209654),Trendon Watford (38209739),Nic Claxton (38209652),297.4374652777778,394.1255578263102,49700,100.00%,0,104.79%,0,205.03,$4.19,BKN 3,IND 1,user20,1,marvalshot,15016,4674963725_20
Quentin Grimes (38209519),Cameron Payne (38209746),LeBron James (38209499),Justin Champagnie (38209750),Tristan Vukcevic (38209799),D'Angelo Russell (38209654),Trendon Watford (38209739),Alexandre Sarr (38209615),319.9546657986111,420.81806469856065,49600,100.00%,37935,319.81%,0,213.88,$12.79,WAS 3,BKN 2,user42,49,marvalshot,868,4674963726_42
Luka Doncic (38209488),Cameron Payne (38209746),Ricky Council IV (38209691),Trendon Watford (38209739),Tristan Vukcevic (38209799),Gary Trent Jr. (38209786),LeBron James (38209499),Kevin Porter Jr. (38209743),286.62356336805556,386.1553608720212,50000,99.05%,0,46.95%,0,231.5,$1.88,LAL 2,MIL 2,user42,48,marvalshot,15047,4674963727_42
Tyrese Haliburton (38209549),Gary Trent Jr. (38209786),Justin Champagnie (38209750),Trendon Watford (38209739),Tristan Vukcevic (38209799),Kevin Porter Jr. (38209743),LeBron James (38209499),Ivica Zubac (38209552),294.3873394097222,393.5915878866924,49500,100.00%,0,89.71%,0,171.51,$3.59,MIL 2,WAS 2,user43,30,marvalshot,14831,4674963720_43
Keon Johnson (38209661),Ja'Kobe Walter (38209883),Ricky Council IV (38209691),Trendon Watford (38209739),Ivica Zubac (38209552),Luka Doncic (38209488),Gary Trent Jr. (38209786),Nic Claxton (38209652),281.17219618055555,370.0236747668924,49900,51.18%,0,-44.24%,0,174.41,$-1.77,BKN 3,TOR 1,user21,1,marvalshot,14864,4674963721_21
D'Angelo Russell (38209654),Ziaire Williams (38209758),LeBron James (38209499),Ricky Council IV (38209691),Alexandre Sarr (38209615),Cameron Payne (38209746),Gary Trent Jr. (38209786),Tyrese Haliburton (38209549),299.22966145833334,389.8092325932025,49500,100.00%,0,116.91%,0,222.37,$4.68,BKN 2,LAL 1,user19,1,marvalshot,14911,4674963722_19
Jeff Dowtin (38209700),Ziaire Williams (38209758),Ricky Council IV (38209691),LeBron James (38209499),Alexandre Sarr (38209615),Keon Johnson (38209661),Pascal Siakam (38209558),Orlando Robinson (38209776),296.26312934027777,387.9524392220716,49800,100.00%,0,99.43%,0,169.07999999999998,$3.98,PHI 2,BKN 2,user49,1,marvalshot,14988,4674963723_49
D'Angelo Russell (38209654),Quentin Grimes (38209519),Gary Trent Jr. (38209786),Ricky Council IV (38209691),Tristan Vukcevic (38209799),Cameron Payne (38209746),Trendon Watford (38209739),Luka Doncic (38209488),289.2134244791667,383.57627985757927,50000,99.96%,0,54.32%,0,227.98,$2.17,BKN 2,PHI 2,user43,42,marvalshot,6871,4674963724_43
Cameron Payne (38209746),Ja'Kobe Walter (38209883),Kyle Kuzma (38209648),Trendon Watford (38209739),Alexandre Sarr (38209615),Luka Doncic (38209488),Gary Trent Jr. (38209786),Ivica Zubac (38209552),297.3274652777778,388.2655578263102,49900,100.00%,0,104.61%,0,238.5,$4.18,MIL 2,NYK 1,user5,1,marvalshot,15001,4674963725_5
Quentin Grimes (38209519),Cameron Payne (38209746),LeBron James (38209499),Justin Champagnie (38209750),Tristan Vukcevic (38209799),D'Angelo Russell (38209654),Trendon Watford (38209739),Alexandre Sarr (38209615),319.9546657986111,420.81806469856065,49600,100.00%,37935,319.81%,0,213.88,$12.79,WAS 3,BKN 2,user43,49,marvalshot,868,4674963726_43
Luka Doncic (38209488),Cameron Payne (38209746),Ricky Council IV (38209691),Trendon Watford (38209739),Tristan Vukcevic (38209799),Gary Trent Jr. (38209786),LeBron James (38209499),Kevin Porter Jr. (38209743),286.62356336805556,386.1553608720212,50000,99.05%,0,46.95%,0,231.5,$1.88,LAL 2,MIL 2,user43,48,marvalshot,15047,4674963727_43
Tyrese Haliburton (38209549),Gary Trent Jr. (38209786),Justin Champagnie (38209750),Trendon Watford (38209739),Tristan Vukcevic (38209799),Kevin Porter Jr. (38209743),LeBron James (38209499),Ivica Zubac (38209552),294.3873394097222,393.5915878866924,49500,100.00%,0,89.71%,0,171.51,$3.59,MIL 2,WAS 2,user44,30,marvalshot,14831,4674963720_44
James Harden (38209505),Ja'Kobe Walter (38209883),Ricky Council IV (38209691),Trendon Watford (38209739),Nic Claxton (38209652),Ziaire Williams (38209758),LeBron James (38209499),D'Angelo Russell (38209654),281.1921961805556,373.4036747668924,49900,51.35%,0,-44.43%,0,167.48000000000002,$-1.78,BKN 4,LAC 1,user35,1,marvalshot,14878,4674963721_35
Austin Reaves (38209554),Cameron Payne (38209746),Kyle Kuzma (38209648),Ricky Council IV (38209691),Alexandre Sarr (38209615),Gary Trent Jr. (38209786),LeBron James (38209499),Trendon Watford (38209739),299.2596614583333,387.78923259320254,49600,100.00%,0,116.88%,0,230.67999999999998,$4.68,LAL 2,MIL 2,user32,1,marvalshot,14923,4674963722_32
Jeff Dowtin (38209700),Taurean Prince (38209812),Ricky Council IV (38209691),Trendon Watford (38209739),Alexandre Sarr (38209615),Tyrese Haliburton (38209549),LeBron James (38209499),D'Angelo Russell (38209654),296.23312934027786,389.70243922207163,50000,100.00%,0,99.39%,0,156.91,$3.98,PHI 2,BKN 2,user1,1,marvalshot,14941,4674963723_1
D'Angelo Russell (38209654),Quentin Grimes (38209519),Gary Trent Jr. (38209786),Ricky Council IV (38209691),Tristan Vukcevic (38209799),Cameron Payne (38209746),Trendon Watford (38209739),Luka Doncic (38209488),289.2134244791667,383.57627985757927,50000,99.96%,0,54.32%,0,227.98,$2.17,BKN 2,PHI 2,user44,42,marvalshot,6871,4674963724_44
Cameron Payne (38209746),Devin Booker (38209515),Ziaire Williams (38209758),LeBron James (38209499),Alexandre Sarr (38209615),D'Angelo Russell (38209654),Trendon Watford (38209739),Orlando Robinson (38209776),297.34746527777776,393.4355578263102,49800,100.00%,0,104.45%,0,221.36,$4.18,BKN 3,NYK 1,user33,1,marvalshot,15029,4674963725_33
Quentin Grimes (38209519),Cameron Payne (38209746),LeBron James (38209499),Justin Champagnie (38209750),Tristan Vukcevic (38209799),D'Angelo Russell (38209654),Trendon Watford (38209739),Alexandre Sarr (38209615),319.9546657986111,420.81806469856065,49600,100.00%,37935,319.81%,0,213.88,$12.79,WAS 3,BKN 2,user44,49,marvalshot,868,4674963726_44
Luka Doncic (38209488),Cameron Payne (38209746),Ricky Council IV (38209691),Trendon Watford (38209739),Tristan Vukcevic (38209799),Gary Trent Jr. (38209786),LeBron James (38209499),Kevin Porter Jr. (38209743),286.62356336805556,386.1553608720212,50000,99.05%,0,46.95%,0,231.5,$1.88,LAL 2,MIL 2,user44,48,marvalshot,15047,4674963727_44
Tyrese Haliburton (38209549),Gary Trent Jr. (38209786),Justin Champagnie (38209750),Trendon Watford (38209739),Tristan Vukcevic (38209799),Kevin Porter Jr. (38209743),LeBron James (38209499),Ivica Zubac (38209552),294.3873394097222,393.5915878866924,49500,100.00%,0,89.71%,0,171.51,$3.59,MIL 2,WAS 2,user45,30,marvalshot,14831,4674963720_45
Keon Johnson (38209661),Gary Trent Jr. (38209786),Ricky Council IV (38209691),OG Anunoby (38209593),Ivica Zubac (38209552),Kevin Porter Jr. (38209743),LeBron James (38209499),Trendon Watford (38209739),281.1321961805555,369.57367476689234,50000,50.55%,0,-44.44%,0,147.42,$-1.78,BKN 2,MIL 2,user11,1,marvalshot,14855,4674963721_11
D'Angelo Russell (38209654),Gary Trent Jr. (38209786),Josh Hart (38209565),Ricky Council IV (38209691),Alexandre Sarr (38209615),Kevin Porter Jr. (38209743),LeBron James (38209499),Trendon Watford (38209739),299.1596614583333,392.04923259320253,49200,100.00%,0,116.64%,0,190.85,$4.67,BKN 2,MIL 2,user35,1,marvalshot,14926,4674963722_35
Jeff Dowtin (38209700),Cameron Payne (38209746),Ricky Council IV (38209691),Trendon Watford (38209739),Alexandre Sarr (38209615),RJ Barrett (38209569),Gary Trent Jr. (38209786),Luka Doncic (38209488),296.1931293402778,390.1324392220715,50000,100.00%,0,99.33%,0,227.7,$3.97,PHI 2,NYK 1,user16,1,marvalshot,14956,4674963723_16
D'Angelo Russell (38209654),Quentin Grimes (38209519),Gary Trent Jr. (38209786),Ricky Council IV (38209691),Tristan Vukcevic (38209799),Cameron Payne (38209746),Trendon Watford (38209739),Luka Doncic (38209488),289.2134244791667,383.57627985757927,50000,99.96%,0,54.32%,0,227.98,$2.17,BKN 2,PHI 2,user45,42,marvalshot,6871,4674963724_45
D'Angelo Russell (38209654),Devin Booker (38209515),Gary Trent Jr. (38209786),Trendon Watford (38209739),Alexandre Sarr (38209615),Kevin Porter Jr. (38209743),LeBron James (38209499),Orlando Robinson (38209776),297.34746527777776,395.87555782631017,49700,100.00%,0,104.39%,0,200.15999999999997,$4.18,BKN 2,MIL 2,user34,1,marvalshot,15030,4674963725_34
Quentin Grimes (38209519),Cameron Payne (38209746),LeBron James (38209499),Justin Champagnie (38209750),Tristan Vukcevic (38209799),D'Angelo Russell (38209654),Trendon Watford (38209739),Alexandre Sarr (38209615),319.9546657986111,420.81806469856065,49600,100.00%,37935,319.81%,0,213.88,$12.79,WAS 3,BKN 2,user45,49,marvalshot,868,4674963726_45
Luka Doncic (38209488),Cameron Payne (38209746),Ricky Council IV (38209691),Trendon Watford (38209739),Tristan Vukcevic (38209799),Gary Trent Jr. (38209786),LeBron James (38209499),Kevin Porter Jr. (38209743),286.62356336805556,386.1553608720212,50000,99.05%,0,46.95%,0,231.5,$1.88,LAL 2,MIL 2,user45,48,marvalshot,15047,4674963727_45
Tyrese Haliburton (38209549),Gary Trent Jr. (38209786),Justin Champagnie (38209750),Trendon Watford (38209739),Tristan Vukcevic (38209799),Kevin Porter Jr. (38209743),LeBron James (38209499),Ivica Zubac (38209552),294.3873394097222,393.5915878866924,49500,100.00%,0,89.71%,0,171.51,$3.59,MIL 2,WAS 2,user46,30,marvalshot,14831,4674963720_46
D'Angelo Russell (38209654),Devin Booker (38209515),Ricky Council IV (38209691),LeBron James (38209499),Orlando Robinson (38209776),Keon Johnson (38209661),Gary Trent Jr. (38209786),Trendon Watford (38209739),281.1621961805555,371.75367476689235,49700,50.99%,0,-44.49%,0,180.68,$-1.78,BKN 3,PHX 1,user1,1,marvalshot,14845,4674963721_1
James Harden (38209505),Ziaire Williams (38209758),LeBron James (38209499),Ricky Council IV (38209691),Alexandre Sarr (38209615),Gary Trent Jr. (38209786),Trendon Watford (38209739),Nick Richards (38209734),299.1496614583333,393.1292325932025,50000,100.00%,0,116.42%,0,202.89999999999998,$4.66,BKN 2,LAC 1,user11,1,marvalshot,14903,4674963722_11
Jeff Dowtin (38209700),Austin Reaves (38209554),Ricky Council IV (38209691),Ryan Dunn (38209801),Alexandre Sarr (38209615),D'Angelo Russell (38209654),Trendon Watford (38209739),LeBron James (38209499),296.1231293402777,388.87243922207153,49900,100.00%,0,98.95%,0,161.5,$3.96,PHI 2,LAL 2,user,1,marvalshot,3511,4674963723
D'Angelo Russell (38209654),Quentin Grimes (38209519),Gary Trent Jr. (38209786),Ricky Council IV (38209691),Tristan Vukcevic (38209799),Cameron Payne (38209746),Trendon Watford (38209739),Luka Doncic (38209488),289.2134244791667,383.57627985757927,50000,99.96%,0,54.32%,0,227.98,$2.17,BKN 2,PHI 2,user46,42,marvalshot,6871,4674963724_46
Devin Booker (38209515),Ziaire Williams (38209758),Gary Trent Jr. (38209786),LeBron James (38209499),Alexandre Sarr (38209615),Kevin Porter Jr. (38209743),Trendon Watford (38209739),Nic Claxton (38209652),297.30746527777774,393.26555782631016,49800,100.00%,0,104.25%,0,190.73999999999998,$4.17,BKN 3,MIL 2,user10,1,marvalshot,15006,4674963725_10
Quentin Grimes (38209519),Cameron Payne (38209746),LeBron James (38209499),Justin Champagnie (38209750),Tristan Vukcevic (38209799),D'Angelo Russell (38209654),Trendon Watford (38209739),Alexandre Sarr (38209615),319.9546657986111,420.81806469856065,49600,100.00%,37935,319.81%,0,213.88,$12.79,WAS 3,BKN 2,user46,49,marvalshot,868,4674963726_46
Luka Doncic (38209488),Cameron Payne (38209746),Ricky Council IV (38209691),Trendon Watford (38209739),Tristan Vukcevic (38209799),Gary Trent Jr. (38209786),LeBron James (38209499),Kevin Porter Jr. (38209743),286.62356336805556,386.1553608720212,50000,99.05%,0,46.95%,0,231.5,$1.88,LAL 2,MIL 2,user46,48,marvalshot,15047,4674963727_46
Tyrese Haliburton (38209549),Gary Trent Jr. (38209786),Justin Champagnie (38209750),Trendon Watford (38209739),Tristan Vukcevic (38209799),Kevin Porter Jr. (38209743),LeBron James (38209499),Ivica Zubac (38209552),294.3873394097222,393.5915878866924,49500,100.00%,0,89.71%,0,171.51,$3.59,MIL 2,WAS 2,user47,30,marvalshot,14831,4674963720_47
D'Angelo Russell (38209654),Devin Booker (38209515),Ricky Council IV (38209691),LeBron James (38209499),Trendon Watford (38209739),Ziaire Williams (38209758),Kyle Kuzma (38209648),Orlando Robinson (38209776),281.11219618055554,371.75367476689235,50000,50.04%,0,-45.53%,0,168.89,$-1.82,BKN 3,PHX 1,user20,1,marvalshot,14863,4674963721_20
Luka Doncic (38209488),Cameron Payne (38209746),Gary Trent Jr. (38209786),Ricky Council IV (38209691),Alexandre Sarr (38209615),Kevin Porter Jr. (38209743),Pascal Siakam (38209558),Trendon Watford (38209739),299.1196614583333,394.1892325932025,49900,100.00%,0,116.34%,0,226.12,$4.65,MIL 2,LAL 1,user21,1,marvalshot,14913,4674963722_21
Jeff Dowtin (38209700),Keon Johnson (38209661),Ricky Council IV (38209691),Trendon Watford (38209739),Alexandre Sarr (38209615),Luka Doncic (38209488),Gary Trent Jr. (38209786),D'Angelo Russell (38209654),296.09312934027776,388.5324392220715,49100,100.00%,0,98.92%,0,192.45999999999998,$3.96,BKN 3,PHI 2,user43,1,marvalshot,14982,4674963723_43
D'Angelo Russell (38209654),Quentin Grimes (38209519),Gary Trent Jr. (38209786),Ricky Council IV (38209691),Tristan Vukcevic (38209799),Cameron Payne (38209746),Trendon Watford (38209739),Luka Doncic (38209488),289.2134244791667,383.57627985757927,50000,99.96%,0,54.32%,0,227.98,$2.17,BKN 2,PHI 2,user47,42,marvalshot,6871,4674963724_47
D'Angelo Russell (38209654),Gary Trent Jr. (38209786),LeBron James (38209499),Pascal Siakam (38209558),Alexandre Sarr (38209615),Ja'Kobe Walter (38209883),Trendon Watford (38209739),Nic Claxton (38209652),297.34746527777776,392.08555782631015,49300,100.00%,0,104.16%,0,200.29999999999998,$4.17,BKN 3,MIL 1,user32,1,marvalshot,15028,4674963725_32
Quentin Grimes (38209519),Cameron Payne (38209746),LeBron James (38209499),Justin Champagnie (38209750),Tristan Vukcevic (38209799),D'Angelo Russell (38209654),Trendon Watford (38209739),Alexandre Sarr (38209615),319.9546657986111,420.81806469856065,49600,100.00%,37935,319.81%,0,213.88,$12.79,WAS 3,BKN 2,user47,49,marvalshot,868,4674963726_47
Luka Doncic (38209488),Cameron Payne (38209746),Ricky Council IV (38209691),Trendon Watford (38209739),Tristan Vukcevic (38209799),Gary Trent Jr. (38209786),LeBron James (38209499),Kevin Porter Jr. (38209743),286.62356336805556,386.1553608720212,50000,99.05%,0,46.95%,0,231.5,$1.88,LAL 2,MIL 2,user47,48,marvalshot,15047,4674963727_47
Tyrese Haliburton (38209549),Gary Trent Jr. (38209786),Justin Champagnie (38209750),Trendon Watford (38209739),Tristan Vukcevic (38209799),Kevin Porter Jr. (38209743),LeBron James (38209499),Ivica Zubac (38209552),294.3873394097222,393.5915878866924,49500,100.00%,0,89.71%,0,171.51,$3.59,MIL 2,WAS 2,user48,30,marvalshot,14831,4674963720_48
Devin Booker (38209515),Keon Johnson (38209661),Ricky Council IV (38209691),Trendon Watford (38209739),Nic Claxton (38209652),Gary Trent Jr. (38209786),LeBron James (38209499),Ziaire Williams (38209758),281.1221961805556,369.1436747668924,49800,50.35%,0,-46.11%,0,171.26,$-1.84,BKN 4,PHX 1,user8,1,marvalshot,14852,4674963721_8
D'Angelo Russell (38209654),Gary Trent Jr. (38209786),Ziaire Williams (38209758),Ricky Council IV (38209691),Alexandre Sarr (38209615),Cameron Payne (38209746),LeBron James (38209499),Kawhi Leonard (38209531),299.1196614583334,388.3792325932026,49900,100.00%,0,116.15%,0,219.06,$4.65,BKN 2,MIL 1,user1,1,marvalshot,14893,4674963722_1
Jeff Dowtin (38209700),Ziaire Williams (38209758),Ricky Council IV (38209691),Trendon Watford (38209739),Alexandre Sarr (38209615),Gary Trent Jr. (38209786),Jaylen Brown (38209526),LeBron James (38209499),296.1131293402778,385.6324392220716,49300,100.00%,0,98.77%,0,208.64,$3.95,PHI 2,BKN 2,user17,1,marvalshot,14957,4674963723_17
D'Angelo Russell (38209654),Quentin Grimes (38209519),Gary Trent Jr. (38209786),Ricky Council IV (38209691),Tristan Vukcevic (38209799),Cameron Payne (38209746),Trendon Watford (38209739),Luka Doncic (38209488),289.2134244791667,383.57627985757927,50000,99.96%,0,54.32%,0,227.98,$2.17,BKN 2,PHI 2,user48,42,marvalshot,6871,4674963724_48
D'Angelo Russell (38209654),Keon Johnson (38209661),Ja'Kobe Walter (38209883),Trendon Watford (38209739),Alexandre Sarr (38209615),Gary Trent Jr. (38209786),LeBron James (38209499),Ivica Zubac (38209552),297.3074652777778,390.7655578263102,49200,100.00%,0,103.98%,0,195.82999999999998,$4.16,BKN 3,TOR 1,user8,1,marvalshot,15004,4674963725_8
Quentin Grimes (38209519),Cameron Payne (38209746),LeBron James (38209499),Justin Champagnie (38209750),Tristan Vukcevic (38209799),D'Angelo Russell (38209654),Trendon Watford (38209739),Alexandre Sarr (38209615),319.9546657986111,420.81806469856065,49600,100.00%,37935,319.81%,0,213.88,$12.79,WAS 3,BKN 2,user48,49,marvalshot,868,4674963726_48
Luka Doncic (38209488),Cameron Payne (38209746),Ricky Council IV (38209691),Trendon Watford (38209739),Tristan Vukcevic (38209799),Gary Trent Jr. (38209786),LeBron James (38209499),Kevin Porter Jr. (38209743),286.62356336805556,386.1553608720212,50000,99.05%,0,46.95%,0,231.5,$1.88,LAL 2,MIL 2,user48,48,marvalshot,15047,4674963727_48
Tyrese Haliburton (38209549),Gary Trent Jr. (38209786),Justin Champagnie (38209750),Trendon Watford (38209739),Tristan Vukcevic (38209799),Kevin Porter Jr. (38209743),LeBron James (38209499),Ivica Zubac (38209552),294.3873394097222,393.5915878866924,49500,100.00%,0,89.71%,0,171.51,$3.59,MIL 2,WAS 2,user49,30,marvalshot,14831,4674963720_49
D'Angelo Russell (38209654),Gary Trent Jr. (38209786),Ricky Council IV (38209691),LeBron James (38209499),Trendon Watford (38209739),Cameron Payne (38209746),Ziaire Williams (38209758),James Harden (38209505),281.1321961805555,371.0236747668923,49200,50.32%,0,-47.54%,0,220.48,$-1.9,BKN 3,MIL 1,user19,1,marvalshot,14862,4674963721_19
James Harden (38209505),Cameron Payne (38209746),LeBron James (38209499),Ricky Council IV (38209691),Alexandre Sarr (38209615),Ja'Kobe Walter (38209883),Gary Trent Jr. (38209786),Trendon Watford (38209739),299.1896614583333,390.22923259320254,49000,100.00%,0,116.04%,0,256.83,$4.64,LAC 1,NYK 1,user47,1,marvalshot,14939,4674963722_47
Jeff Dowtin (38209700),Devin Booker (38209515),Ricky Council IV (38209691),LeBron James (38209499),Alexandre Sarr (38209615),Kevin Porter Jr. (38209743),Ziaire Williams (38209758),Orlando Robinson (38209776),296.1231293402778,391.12243922207153,49700,100.00%,0,98.73%,0,172.5,$3.95,PHI 2,PHX 1,user34,1,marvalshot,14973,4674963723_34
D'Angelo Russell (38209654),Quentin Grimes (38209519),Gary Trent Jr. (38209786),Ricky Council IV (38209691),Tristan Vukcevic (38209799),Cameron Payne (38209746),Trendon Watford (38209739),Luka Doncic (38209488),289.2134244791667,383.57627985757927,50000,99.96%,0,54.32%,0,227.98,$2.17,BKN 2,PHI 2,user49,42,marvalshot,6871,4674963724_49
James Harden (38209505),Ja'Kobe Walter (38209883),Gary Trent Jr. (38209786),LeBron James (38209499),Alexandre Sarr (38209615),D'Angelo Russell (38209654),Trendon Watford (38209739),Cameron Payne (38209746),297.39746527777777,391.6455578263102,49600,100.00%,0,103.86%,0,243.36,$4.15,BKN 2,LAC 1,user4,1,marvalshot,15000,4674963725_4
Quentin Grimes (38209519),Cameron Payne (38209746),LeBron James (38209499),Justin Champagnie (38209750),Tristan Vukcevic (38209799),D'Angelo Russell (38209654),Trendon Watford (38209739),Alexandre Sarr (38209615),319.9546657986111,420.81806469856065,49600,100.00%,37935,319.81%,0,213.88,$12.79,WAS 3,BKN 2,user49,49,marvalshot,868,4674963726_49
Luka Doncic (38209488),Cameron Payne (38209746),Ricky Council IV (38209691),Trendon Watford (38209739),Tristan Vukcevic (38209799),Gary Trent Jr. (38209786),LeBron James (38209499),Kevin Porter Jr. (38209743),286.62356336805556,386.1553608720212,50000,99.05%,0,46.95%,0,231.5,$1.88,LAL 2,MIL 2,user49,48,marvalshot,15047,4674963727_49
