PG,SG,SF,PF,C,G,F,UTIL,Proj,Ceiling,Salary,Cash %,Top 1%,ROI%,Wins,Own Sum,Avg Return,Stack1,Stack2,Lineup,Dupes,User,Index,Entry ID
Isaiah Collier (37831913),Alec Burks (37832227),Zion Williamson (37831787),KJ Martin (37832113),Isaiah Hartenstein (37831897),Keyonte George (37831887),LeBron James (37831767),Kyle Filipowski (37831966),322.51553819444445,428.9318474849117,49900,100.00%,0,101.09%,0,252.72,$4.04,UTA 4,MIA 1,user,51,marvalshot,12187,4653759158
Devin Booker (37831783),Alec Burks (37832227),Duncan Robinson (37832000),LeBron James (37831767),Kyle Filipowski (37831966),Keyonte George (37831887),KJ Martin (37832113),Jalen Williams (37831829),321.5384548611111,411.14380374081924,50000,100.00%,0,98.33%,0,243.06,$3.93,UTA 3,MIA 2,user1,49,marvalshot,14733,4653759159_1
Keyonte George (37831887),Cason Wallace (37832096),LeBron James (37831767),Bam Adebayo (37831821),Isaiah Hartenstein (37831897),Isaiah Collier (37831913),KJ Martin (37832113),Kyle Filipowski (37831966),330.46373263888887,427.0191317242609,49900,100.00%,5,161.25%,0,245.82,$6.45,UTA 4,OKC 2,user,50,marvalshot,8551,4653759160
Keyonte George (37831887),Gradey Dick (37832076),LeBron James (37831767),Jalen Williams (37831829),Isaiah Hartenstein (37831897),Isaiah Collier (37831913),KJ Martin (37832113),Kyle Filipowski (37831966),316.70970052083334,415.40555977159596,49800,100.00%,0,61.77%,0,250.30999999999997,$2.47,UTA 4,OKC 2,user,50,marvalshot,11994,4653759161
Shai Gilgeous-Alexander (37831764),Alec Burks (37832227),Franz Wagner (37831801),Paolo Banchero (37831809),Kyle Filipowski (37831966),Keyonte George (37831887),KJ Martin (37832113),Brice Sensabaugh (37832065),310.46605902777776,401.44592029881466,49900,99.53%,0,38.34%,0,270.49,$1.53,UTA 4,ORL 2,user1,49,marvalshot,14734,4653759162_1
Tyler Herro (37831794),Stephon Castle (37831933),Brice Sensabaugh (37832065),LeBron James (37831767),Kyle Filipowski (37831966),Keyonte George (37831887),KJ Martin (37832113),Isaiah Collier (37831913),317.5679340277778,415.8839181351152,49900,100.00%,0,69.66%,0,255.03,$2.79,UTA 5,MIA 1,user,50,marvalshot,10732,4653759163
Alec Burks (37832227),Anthony Edwards (37831776),Jalen Williams (37831829),Bam Adebayo (37831821),Isaiah Hartenstein (37831897),Keyonte George (37831887),KJ Martin (37832113),Kyle Filipowski (37831966),336.7219618055555,427.84594188937444,49800,100.00%,5498,223.85%,0,256.46999999999997,$8.95,UTA 3,MIA 2,user,49,marvalshot,4103,4653759164
Keyonte George (37831887),Alec Burks (37832227),Brice Sensabaugh (37832065),LeBron James (37831767),Kel'el Ware (37831949),Shai Gilgeous-Alexander (37831764),KJ Martin (37832113),Kyle Filipowski (37831966),343.67555555555555,440.8915550011675,49000,100.00%,49181,444.53%,0,267.08,$17.78,UTA 4,MIA 2,user1,1,marvalshot,14737,4653759165_1
Keyonte George (37831887),Anthony Edwards (37831776),Jalen Williams (37831829),Brice Sensabaugh (37832065),Isaiah Hartenstein (37831897),Isaiah Collier (37831913),KJ Martin (37832113),Kyle Filipowski (37831966),327.3416493055555,430.21696484624323,49100,100.00%,0,139.43%,0,246.64,$5.58,UTA 5,OKC 2,user3,1,marvalshot,14741,4653759166_3
Alec Burks (37832227),Anthony Edwards (37831776),Jalen Williams (37831829),KJ Martin (37832113),Kyle Filipowski (37831966),Keyonte George (37831887),LeBron James (37831767),Brice Sensabaugh (37832065),329.17048611111113,427.6596907237299,49700,100.00%,0,152.0%,0,271.59,$6.08,UTA 4,MIA 1,user2,2,marvalshot,11259,4653759167_2
Isaiah Collier (37831913),Alec Burks (37832227),LeBron James (37831767),Zion Williamson (37831787),Isaiah Hartenstein (37831897),Keyonte George (37831887),KJ Martin (37832113),Kyle Filipowski (37831966),322.51553819444445,428.9318474849117,49900,100.00%,0,101.09%,0,252.72,$4.04,UTA 4,MIA 1,user1,51,marvalshot,12187,4653759158_1
Devin Booker (37831783),Alec Burks (37832227),Duncan Robinson (37832000),KJ Martin (37832113),Kyle Filipowski (37831966),Keyonte George (37831887),LeBron James (37831767),Jalen Williams (37831829),321.5384548611111,411.14380374081924,50000,100.00%,0,98.33%,0,243.06,$3.93,UTA 3,MIA 2,user2,49,marvalshot,14733,4653759159_2
Isaiah Collier (37831913),Cason Wallace (37832096),LeBron James (37831767),Bam Adebayo (37831821),Isaiah Hartenstein (37831897),Keyonte George (37831887),KJ Martin (37832113),Kyle Filipowski (37831966),330.4637326388888,427.01913172426083,49900,100.00%,5,161.25%,0,245.82,$6.45,UTA 4,OKC 2,user1,50,marvalshot,8551,4653759160_1
Isaiah Collier (37831913),Gradey Dick (37832076),LeBron James (37831767),Jalen Williams (37831829),Isaiah Hartenstein (37831897),Keyonte George (37831887),KJ Martin (37832113),Kyle Filipowski (37831966),316.70970052083334,415.40555977159596,49800,100.00%,0,61.77%,0,250.31,$2.47,UTA 4,OKC 2,user1,50,marvalshot,11994,4653759161_1
Shai Gilgeous-Alexander (37831764),Alec Burks (37832227),Franz Wagner (37831801),Paolo Banchero (37831809),Kyle Filipowski (37831966),Keyonte George (37831887),KJ Martin (37832113),Brice Sensabaugh (37832065),310.46605902777776,401.44592029881466,49900,99.53%,0,38.34%,0,270.49,$1.53,UTA 4,ORL 2,user2,49,marvalshot,14734,4653759162_2
Tyler Herro (37831794),Stephon Castle (37831933),Brice Sensabaugh (37832065),KJ Martin (37832113),Kyle Filipowski (37831966),Isaiah Collier (37831913),LeBron James (37831767),Keyonte George (37831887),317.5679340277777,415.8839181351151,49900,100.00%,0,69.66%,0,255.03000000000003,$2.79,UTA 5,MIA 1,user1,50,marvalshot,10732,4653759163_1
Alec Burks (37832227),Anthony Edwards (37831776),Jalen Williams (37831829),Bam Adebayo (37831821),Isaiah Hartenstein (37831897),Keyonte George (37831887),KJ Martin (37832113),Kyle Filipowski (37831966),336.7219618055555,427.84594188937444,49800,100.00%,5498,223.85%,0,256.46999999999997,$8.95,UTA 3,MIA 2,user2,49,marvalshot,4103,4653759164_2
Keyonte George (37831887),Alec Burks (37832227),LeBron James (37831767),Kelly Olynyk (37831968),Kel'el Ware (37831949),Shai Gilgeous-Alexander (37831764),KJ Martin (37832113),Kyle Filipowski (37831966),343.34555555555556,440.0515550011675,49800,100.00%,48485,408.02%,0,252.18,$16.32,UTA 3,MIA 2,user,48,marvalshot,4601,4653759165
Keyonte George (37831887),Anthony Edwards (37831776),Jalen Williams (37831829),Kelly Olynyk (37831968),Isaiah Hartenstein (37831897),Isaiah Collier (37831913),KJ Martin (37832113),Kyle Filipowski (37831966),327.0116493055555,429.37696484624325,49900,100.00%,0,135.72%,0,231.73999999999998,$5.43,UTA 4,OKC 2,user8,1,marvalshot,14746,4653759166_8
Alec Burks (37832227),Anthony Edwards (37831776),Jalen Williams (37831829),KJ Martin (37832113),Nick Richards (37832024),Keyonte George (37831887),LeBron James (37831767),Kyle Filipowski (37831966),329.11048611111113,427.35969072372995,50000,100.00%,0,151.14%,0,262.25,$6.05,UTA 3,MIA 1,user5,46,marvalshot,14752,4653759167_5
Isaiah Collier (37831913),Alec Burks (37832227),LeBron James (37831767),Zion Williamson (37831787),Isaiah Hartenstein (37831897),Keyonte George (37831887),KJ Martin (37832113),Kyle Filipowski (37831966),322.51553819444445,428.9318474849117,49900,100.00%,0,101.09%,0,252.72,$4.04,UTA 4,MIA 1,user2,51,marvalshot,12187,4653759158_2
Devin Booker (37831783),Alec Burks (37832227),Duncan Robinson (37832000),KJ Martin (37832113),Kyle Filipowski (37831966),Keyonte George (37831887),LeBron James (37831767),Jalen Williams (37831829),321.5384548611111,411.14380374081924,50000,100.00%,0,98.33%,0,243.06,$3.93,UTA 3,MIA 2,user3,49,marvalshot,14733,4653759159_3
Isaiah Collier (37831913),Cason Wallace (37832096),LeBron James (37831767),Bam Adebayo (37831821),Isaiah Hartenstein (37831897),Keyonte George (37831887),KJ Martin (37832113),Kyle Filipowski (37831966),330.4637326388888,427.01913172426083,49900,100.00%,5,161.25%,0,245.82,$6.45,UTA 4,OKC 2,user2,50,marvalshot,8551,4653759160_2
Isaiah Collier (37831913),Gradey Dick (37832076),LeBron James (37831767),Jalen Williams (37831829),Isaiah Hartenstein (37831897),Keyonte George (37831887),KJ Martin (37832113),Kyle Filipowski (37831966),316.70970052083334,415.40555977159596,49800,100.00%,0,61.77%,0,250.31,$2.47,UTA 4,OKC 2,user2,50,marvalshot,11994,4653759161_2
Shai Gilgeous-Alexander (37831764),Alec Burks (37832227),Franz Wagner (37831801),Paolo Banchero (37831809),Kyle Filipowski (37831966),Keyonte George (37831887),KJ Martin (37832113),Brice Sensabaugh (37832065),310.46605902777776,401.44592029881466,49900,99.53%,0,38.34%,0,270.49,$1.53,UTA 4,ORL 2,user3,49,marvalshot,14734,4653759162_3
Tyler Herro (37831794),Stephon Castle (37831933),Brice Sensabaugh (37832065),KJ Martin (37832113),Kyle Filipowski (37831966),Isaiah Collier (37831913),LeBron James (37831767),Keyonte George (37831887),317.5679340277777,415.8839181351151,49900,100.00%,0,69.66%,0,255.03000000000003,$2.79,UTA 5,MIA 1,user2,50,marvalshot,10732,4653759163_2
Alec Burks (37832227),Anthony Edwards (37831776),Jalen Williams (37831829),Bam Adebayo (37831821),Isaiah Hartenstein (37831897),Keyonte George (37831887),KJ Martin (37832113),Kyle Filipowski (37831966),336.7219618055555,427.84594188937444,49800,100.00%,5498,223.85%,0,256.46999999999997,$8.95,UTA 3,MIA 2,user3,49,marvalshot,4103,4653759164_3
Keyonte George (37831887),Alec Burks (37832227),LeBron James (37831767),Kelly Olynyk (37831968),Kel'el Ware (37831949),Shai Gilgeous-Alexander (37831764),KJ Martin (37832113),Kyle Filipowski (37831966),343.34555555555556,440.0515550011675,49800,100.00%,48485,408.02%,0,252.18,$16.32,UTA 3,MIA 2,user3,48,marvalshot,4601,4653759165_3
Isaiah Collier (37831913),Svi Mykhailiuk (37832164),Jalen Williams (37831829),LeBron James (37831767),Isaiah Hartenstein (37831897),Keyonte George (37831887),KJ Martin (37832113),Kyle Filipowski (37831966),326.8916493055555,431.1569648462432,49200,100.00%,0,135.39%,0,238.32,$5.42,UTA 5,OKC 2,user,39,marvalshot,12594,4653759166
Alec Burks (37832227),Anthony Edwards (37831776),Jalen Williams (37831829),KJ Martin (37832113),Nick Richards (37832024),Keyonte George (37831887),LeBron James (37831767),Kyle Filipowski (37831966),329.11048611111113,427.35969072372995,50000,100.00%,0,151.14%,0,262.25,$6.05,UTA 3,MIA 1,user6,46,marvalshot,14752,4653759167_6
Isaiah Collier (37831913),Alec Burks (37832227),LeBron James (37831767),Zion Williamson (37831787),Isaiah Hartenstein (37831897),Keyonte George (37831887),KJ Martin (37832113),Kyle Filipowski (37831966),322.51553819444445,428.9318474849117,49900,100.00%,0,101.09%,0,252.72,$4.04,UTA 4,MIA 1,user3,51,marvalshot,12187,4653759158_3
Devin Booker (37831783),Alec Burks (37832227),Duncan Robinson (37832000),KJ Martin (37832113),Kyle Filipowski (37831966),Keyonte George (37831887),LeBron James (37831767),Jalen Williams (37831829),321.5384548611111,411.14380374081924,50000,100.00%,0,98.33%,0,243.06,$3.93,UTA 3,MIA 2,user4,49,marvalshot,14733,4653759159_4
Isaiah Collier (37831913),Cason Wallace (37832096),LeBron James (37831767),Bam Adebayo (37831821),Isaiah Hartenstein (37831897),Keyonte George (37831887),KJ Martin (37832113),Kyle Filipowski (37831966),330.4637326388888,427.01913172426083,49900,100.00%,5,161.25%,0,245.82,$6.45,UTA 4,OKC 2,user3,50,marvalshot,8551,4653759160_3
Isaiah Collier (37831913),Gradey Dick (37832076),LeBron James (37831767),Jalen Williams (37831829),Isaiah Hartenstein (37831897),Keyonte George (37831887),KJ Martin (37832113),Kyle Filipowski (37831966),316.70970052083334,415.40555977159596,49800,100.00%,0,61.77%,0,250.31,$2.47,UTA 4,OKC 2,user3,50,marvalshot,11994,4653759161_3
Shai Gilgeous-Alexander (37831764),Alec Burks (37832227),Franz Wagner (37831801),Paolo Banchero (37831809),Kyle Filipowski (37831966),Keyonte George (37831887),KJ Martin (37832113),Brice Sensabaugh (37832065),310.46605902777776,401.44592029881466,49900,99.53%,0,38.34%,0,270.49,$1.53,UTA 4,ORL 2,user4,49,marvalshot,14734,4653759162_4
Tyler Herro (37831794),Stephon Castle (37831933),Brice Sensabaugh (37832065),KJ Martin (37832113),Kyle Filipowski (37831966),Isaiah Collier (37831913),LeBron James (37831767),Keyonte George (37831887),317.5679340277777,415.8839181351151,49900,100.00%,0,69.66%,0,255.03000000000003,$2.79,UTA 5,MIA 1,user3,50,marvalshot,10732,4653759163_3
Alec Burks (37832227),Anthony Edwards (37831776),Jalen Williams (37831829),Bam Adebayo (37831821),Isaiah Hartenstein (37831897),Keyonte George (37831887),KJ Martin (37832113),Kyle Filipowski (37831966),336.7219618055555,427.84594188937444,49800,100.00%,5498,223.85%,0,256.46999999999997,$8.95,UTA 3,MIA 2,user4,49,marvalshot,4103,4653759164_4
Keyonte George (37831887),Alec Burks (37832227),LeBron James (37831767),Kelly Olynyk (37831968),Kel'el Ware (37831949),Shai Gilgeous-Alexander (37831764),KJ Martin (37832113),Kyle Filipowski (37831966),343.34555555555556,440.0515550011675,49800,100.00%,48485,408.02%,0,252.18,$16.32,UTA 3,MIA 2,user4,48,marvalshot,4601,4653759165_4
Keyonte George (37831887),Svi Mykhailiuk (37832164),Jalen Williams (37831829),KJ Martin (37832113),Isaiah Hartenstein (37831897),Isaiah Collier (37831913),LeBron James (37831767),Kyle Filipowski (37831966),326.8916493055555,431.1569648462432,49200,100.00%,0,135.39%,0,238.32,$5.42,UTA 5,OKC 2,user12,39,marvalshot,12594,4653759166_12
Alec Burks (37832227),Anthony Edwards (37831776),Jalen Williams (37831829),KJ Martin (37832113),Nick Richards (37832024),Keyonte George (37831887),LeBron James (37831767),Kyle Filipowski (37831966),329.11048611111113,427.35969072372995,50000,100.00%,0,151.14%,0,262.25,$6.05,UTA 3,MIA 1,user7,46,marvalshot,14752,4653759167_7
Isaiah Collier (37831913),Alec Burks (37832227),LeBron James (37831767),Zion Williamson (37831787),Isaiah Hartenstein (37831897),Keyonte George (37831887),KJ Martin (37832113),Kyle Filipowski (37831966),322.51553819444445,428.9318474849117,49900,100.00%,0,101.09%,0,252.72,$4.04,UTA 4,MIA 1,user4,51,marvalshot,12187,4653759158_4
Devin Booker (37831783),Alec Burks (37832227),Duncan Robinson (37832000),KJ Martin (37832113),Kyle Filipowski (37831966),Keyonte George (37831887),LeBron James (37831767),Jalen Williams (37831829),321.5384548611111,411.14380374081924,50000,100.00%,0,98.33%,0,243.06,$3.93,UTA 3,MIA 2,user5,49,marvalshot,14733,4653759159_5
Isaiah Collier (37831913),Cason Wallace (37832096),LeBron James (37831767),Bam Adebayo (37831821),Isaiah Hartenstein (37831897),Keyonte George (37831887),KJ Martin (37832113),Kyle Filipowski (37831966),330.4637326388888,427.01913172426083,49900,100.00%,5,161.25%,0,245.82,$6.45,UTA 4,OKC 2,user4,50,marvalshot,8551,4653759160_4
Isaiah Collier (37831913),Gradey Dick (37832076),LeBron James (37831767),Jalen Williams (37831829),Isaiah Hartenstein (37831897),Keyonte George (37831887),KJ Martin (37832113),Kyle Filipowski (37831966),316.70970052083334,415.40555977159596,49800,100.00%,0,61.77%,0,250.31,$2.47,UTA 4,OKC 2,user4,50,marvalshot,11994,4653759161_4
Shai Gilgeous-Alexander (37831764),Alec Burks (37832227),Franz Wagner (37831801),Paolo Banchero (37831809),Kyle Filipowski (37831966),Keyonte George (37831887),KJ Martin (37832113),Brice Sensabaugh (37832065),310.46605902777776,401.44592029881466,49900,99.53%,0,38.34%,0,270.49,$1.53,UTA 4,ORL 2,user5,49,marvalshot,14734,4653759162_5
Tyler Herro (37831794),Stephon Castle (37831933),Brice Sensabaugh (37832065),KJ Martin (37832113),Kyle Filipowski (37831966),Isaiah Collier (37831913),LeBron James (37831767),Keyonte George (37831887),317.5679340277777,415.8839181351151,49900,100.00%,0,69.66%,0,255.03000000000003,$2.79,UTA 5,MIA 1,user4,50,marvalshot,10732,4653759163_4
Alec Burks (37832227),Anthony Edwards (37831776),Jalen Williams (37831829),Bam Adebayo (37831821),Isaiah Hartenstein (37831897),Keyonte George (37831887),KJ Martin (37832113),Kyle Filipowski (37831966),336.7219618055555,427.84594188937444,49800,100.00%,5498,223.85%,0,256.46999999999997,$8.95,UTA 3,MIA 2,user5,49,marvalshot,4103,4653759164_5
Keyonte George (37831887),Alec Burks (37832227),LeBron James (37831767),Kelly Olynyk (37831968),Kel'el Ware (37831949),Shai Gilgeous-Alexander (37831764),KJ Martin (37832113),Kyle Filipowski (37831966),343.34555555555556,440.0515550011675,49800,100.00%,48485,408.02%,0,252.18,$16.32,UTA 3,MIA 2,user5,48,marvalshot,4601,4653759165_5
Keyonte George (37831887),Svi Mykhailiuk (37832164),Jalen Williams (37831829),KJ Martin (37832113),Isaiah Hartenstein (37831897),Isaiah Collier (37831913),LeBron James (37831767),Kyle Filipowski (37831966),326.8916493055555,431.1569648462432,49200,100.00%,0,135.39%,0,238.32,$5.42,UTA 5,OKC 2,user13,39,marvalshot,12594,4653759166_13
Alec Burks (37832227),Anthony Edwards (37831776),Jalen Williams (37831829),KJ Martin (37832113),Nick Richards (37832024),Keyonte George (37831887),LeBron James (37831767),Kyle Filipowski (37831966),329.11048611111113,427.35969072372995,50000,100.00%,0,151.14%,0,262.25,$6.05,UTA 3,MIA 1,user8,46,marvalshot,14752,4653759167_8
Isaiah Collier (37831913),Alec Burks (37832227),LeBron James (37831767),Zion Williamson (37831787),Isaiah Hartenstein (37831897),Keyonte George (37831887),KJ Martin (37832113),Kyle Filipowski (37831966),322.51553819444445,428.9318474849117,49900,100.00%,0,101.09%,0,252.72,$4.04,UTA 4,MIA 1,user5,51,marvalshot,12187,4653759158_5
Devin Booker (37831783),Alec Burks (37832227),Duncan Robinson (37832000),KJ Martin (37832113),Kyle Filipowski (37831966),Keyonte George (37831887),LeBron James (37831767),Jalen Williams (37831829),321.5384548611111,411.14380374081924,50000,100.00%,0,98.33%,0,243.06,$3.93,UTA 3,MIA 2,user6,49,marvalshot,14733,4653759159_6
Isaiah Collier (37831913),Cason Wallace (37832096),LeBron James (37831767),Bam Adebayo (37831821),Isaiah Hartenstein (37831897),Keyonte George (37831887),KJ Martin (37832113),Kyle Filipowski (37831966),330.4637326388888,427.01913172426083,49900,100.00%,5,161.25%,0,245.82,$6.45,UTA 4,OKC 2,user5,50,marvalshot,8551,4653759160_5
Isaiah Collier (37831913),Gradey Dick (37832076),LeBron James (37831767),Jalen Williams (37831829),Isaiah Hartenstein (37831897),Keyonte George (37831887),KJ Martin (37832113),Kyle Filipowski (37831966),316.70970052083334,415.40555977159596,49800,100.00%,0,61.77%,0,250.31,$2.47,UTA 4,OKC 2,user5,50,marvalshot,11994,4653759161_5
Shai Gilgeous-Alexander (37831764),Alec Burks (37832227),Franz Wagner (37831801),Paolo Banchero (37831809),Kyle Filipowski (37831966),Keyonte George (37831887),KJ Martin (37832113),Brice Sensabaugh (37832065),310.46605902777776,401.44592029881466,49900,99.53%,0,38.34%,0,270.49,$1.53,UTA 4,ORL 2,user6,49,marvalshot,14734,4653759162_6
Tyler Herro (37831794),Stephon Castle (37831933),Brice Sensabaugh (37832065),KJ Martin (37832113),Kyle Filipowski (37831966),Isaiah Collier (37831913),LeBron James (37831767),Keyonte George (37831887),317.5679340277777,415.8839181351151,49900,100.00%,0,69.66%,0,255.03000000000003,$2.79,UTA 5,MIA 1,user5,50,marvalshot,10732,4653759163_5
Alec Burks (37832227),Anthony Edwards (37831776),Jalen Williams (37831829),Bam Adebayo (37831821),Isaiah Hartenstein (37831897),Keyonte George (37831887),KJ Martin (37832113),Kyle Filipowski (37831966),336.7219618055555,427.84594188937444,49800,100.00%,5498,223.85%,0,256.46999999999997,$8.95,UTA 3,MIA 2,user6,49,marvalshot,4103,4653759164_6
Keyonte George (37831887),Alec Burks (37832227),LeBron James (37831767),Kelly Olynyk (37831968),Kel'el Ware (37831949),Shai Gilgeous-Alexander (37831764),KJ Martin (37832113),Kyle Filipowski (37831966),343.34555555555556,440.0515550011675,49800,100.00%,48485,408.02%,0,252.18,$16.32,UTA 3,MIA 2,user6,48,marvalshot,4601,4653759165_6
Keyonte George (37831887),Svi Mykhailiuk (37832164),Jalen Williams (37831829),KJ Martin (37832113),Isaiah Hartenstein (37831897),Isaiah Collier (37831913),LeBron James (37831767),Kyle Filipowski (37831966),326.8916493055555,431.1569648462432,49200,100.00%,0,135.39%,0,238.32,$5.42,UTA 5,OKC 2,user14,39,marvalshot,12594,4653759166_14
Alec Burks (37832227),Anthony Edwards (37831776),Jalen Williams (37831829),KJ Martin (37832113),Nick Richards (37832024),Keyonte George (37831887),LeBron James (37831767),Kyle Filipowski (37831966),329.11048611111113,427.35969072372995,50000,100.00%,0,151.14%,0,262.25,$6.05,UTA 3,MIA 1,user9,46,marvalshot,14752,4653759167_9
Isaiah Collier (37831913),Alec Burks (37832227),LeBron James (37831767),Zion Williamson (37831787),Isaiah Hartenstein (37831897),Keyonte George (37831887),KJ Martin (37832113),Kyle Filipowski (37831966),322.51553819444445,428.9318474849117,49900,100.00%,0,101.09%,0,252.72,$4.04,UTA 4,MIA 1,user6,51,marvalshot,12187,4653759158_6
Devin Booker (37831783),Alec Burks (37832227),Duncan Robinson (37832000),KJ Martin (37832113),Kyle Filipowski (37831966),Keyonte George (37831887),LeBron James (37831767),Jalen Williams (37831829),321.5384548611111,411.14380374081924,50000,100.00%,0,98.33%,0,243.06,$3.93,UTA 3,MIA 2,user7,49,marvalshot,14733,4653759159_7
Isaiah Collier (37831913),Cason Wallace (37832096),LeBron James (37831767),Bam Adebayo (37831821),Isaiah Hartenstein (37831897),Keyonte George (37831887),KJ Martin (37832113),Kyle Filipowski (37831966),330.4637326388888,427.01913172426083,49900,100.00%,5,161.25%,0,245.82,$6.45,UTA 4,OKC 2,user6,50,marvalshot,8551,4653759160_6
Isaiah Collier (37831913),Gradey Dick (37832076),LeBron James (37831767),Jalen Williams (37831829),Isaiah Hartenstein (37831897),Keyonte George (37831887),KJ Martin (37832113),Kyle Filipowski (37831966),316.70970052083334,415.40555977159596,49800,100.00%,0,61.77%,0,250.31,$2.47,UTA 4,OKC 2,user6,50,marvalshot,11994,4653759161_6
Shai Gilgeous-Alexander (37831764),Alec Burks (37832227),Franz Wagner (37831801),Paolo Banchero (37831809),Kyle Filipowski (37831966),Keyonte George (37831887),KJ Martin (37832113),Brice Sensabaugh (37832065),310.46605902777776,401.44592029881466,49900,99.53%,0,38.34%,0,270.49,$1.53,UTA 4,ORL 2,user7,49,marvalshot,14734,4653759162_7
Tyler Herro (37831794),Stephon Castle (37831933),Brice Sensabaugh (37832065),KJ Martin (37832113),Kyle Filipowski (37831966),Isaiah Collier (37831913),LeBron James (37831767),Keyonte George (37831887),317.5679340277777,415.8839181351151,49900,100.00%,0,69.66%,0,255.03000000000003,$2.79,UTA 5,MIA 1,user6,50,marvalshot,10732,4653759163_6
Alec Burks (37832227),Anthony Edwards (37831776),Jalen Williams (37831829),Bam Adebayo (37831821),Isaiah Hartenstein (37831897),Keyonte George (37831887),KJ Martin (37832113),Kyle Filipowski (37831966),336.7219618055555,427.84594188937444,49800,100.00%,5498,223.85%,0,256.46999999999997,$8.95,UTA 3,MIA 2,user7,49,marvalshot,4103,4653759164_7
Keyonte George (37831887),Alec Burks (37832227),LeBron James (37831767),Kelly Olynyk (37831968),Kel'el Ware (37831949),Shai Gilgeous-Alexander (37831764),KJ Martin (37832113),Kyle Filipowski (37831966),343.34555555555556,440.0515550011675,49800,100.00%,48485,408.02%,0,252.18,$16.32,UTA 3,MIA 2,user7,48,marvalshot,4601,4653759165_7
Keyonte George (37831887),Svi Mykhailiuk (37832164),Jalen Williams (37831829),KJ Martin (37832113),Isaiah Hartenstein (37831897),Isaiah Collier (37831913),LeBron James (37831767),Kyle Filipowski (37831966),326.8916493055555,431.1569648462432,49200,100.00%,0,135.39%,0,238.32,$5.42,UTA 5,OKC 2,user15,39,marvalshot,12594,4653759166_15
Alec Burks (37832227),Anthony Edwards (37831776),Jalen Williams (37831829),KJ Martin (37832113),Nick Richards (37832024),Keyonte George (37831887),LeBron James (37831767),Kyle Filipowski (37831966),329.11048611111113,427.35969072372995,50000,100.00%,0,151.14%,0,262.25,$6.05,UTA 3,MIA 1,user10,46,marvalshot,14752,4653759167_10
Isaiah Collier (37831913),Alec Burks (37832227),LeBron James (37831767),Zion Williamson (37831787),Isaiah Hartenstein (37831897),Keyonte George (37831887),KJ Martin (37832113),Kyle Filipowski (37831966),322.51553819444445,428.9318474849117,49900,100.00%,0,101.09%,0,252.72,$4.04,UTA 4,MIA 1,user7,51,marvalshot,12187,4653759158_7
Devin Booker (37831783),Alec Burks (37832227),Duncan Robinson (37832000),KJ Martin (37832113),Kyle Filipowski (37831966),Keyonte George (37831887),LeBron James (37831767),Jalen Williams (37831829),321.5384548611111,411.14380374081924,50000,100.00%,0,98.33%,0,243.06,$3.93,UTA 3,MIA 2,user8,49,marvalshot,14733,4653759159_8
Isaiah Collier (37831913),Cason Wallace (37832096),LeBron James (37831767),Bam Adebayo (37831821),Isaiah Hartenstein (37831897),Keyonte George (37831887),KJ Martin (37832113),Kyle Filipowski (37831966),330.4637326388888,427.01913172426083,49900,100.00%,5,161.25%,0,245.82,$6.45,UTA 4,OKC 2,user7,50,marvalshot,8551,4653759160_7
Isaiah Collier (37831913),Gradey Dick (37832076),LeBron James (37831767),Jalen Williams (37831829),Isaiah Hartenstein (37831897),Keyonte George (37831887),KJ Martin (37832113),Kyle Filipowski (37831966),316.70970052083334,415.40555977159596,49800,100.00%,0,61.77%,0,250.31,$2.47,UTA 4,OKC 2,user7,50,marvalshot,11994,4653759161_7
Shai Gilgeous-Alexander (37831764),Alec Burks (37832227),Franz Wagner (37831801),Paolo Banchero (37831809),Kyle Filipowski (37831966),Keyonte George (37831887),KJ Martin (37832113),Brice Sensabaugh (37832065),310.46605902777776,401.44592029881466,49900,99.53%,0,38.34%,0,270.49,$1.53,UTA 4,ORL 2,user8,49,marvalshot,14734,4653759162_8
Tyler Herro (37831794),Stephon Castle (37831933),Brice Sensabaugh (37832065),KJ Martin (37832113),Kyle Filipowski (37831966),Isaiah Collier (37831913),LeBron James (37831767),Keyonte George (37831887),317.5679340277777,415.8839181351151,49900,100.00%,0,69.66%,0,255.03000000000003,$2.79,UTA 5,MIA 1,user7,50,marvalshot,10732,4653759163_7
Alec Burks (37832227),Anthony Edwards (37831776),Jalen Williams (37831829),Bam Adebayo (37831821),Isaiah Hartenstein (37831897),Keyonte George (37831887),KJ Martin (37832113),Kyle Filipowski (37831966),336.7219618055555,427.84594188937444,49800,100.00%,5498,223.85%,0,256.46999999999997,$8.95,UTA 3,MIA 2,user8,49,marvalshot,4103,4653759164_8
Keyonte George (37831887),Alec Burks (37832227),LeBron James (37831767),Kelly Olynyk (37831968),Kel'el Ware (37831949),Shai Gilgeous-Alexander (37831764),KJ Martin (37832113),Kyle Filipowski (37831966),343.34555555555556,440.0515550011675,49800,100.00%,48485,408.02%,0,252.18,$16.32,UTA 3,MIA 2,user8,48,marvalshot,4601,4653759165_8
Keyonte George (37831887),Svi Mykhailiuk (37832164),Jalen Williams (37831829),KJ Martin (37832113),Isaiah Hartenstein (37831897),Isaiah Collier (37831913),LeBron James (37831767),Kyle Filipowski (37831966),326.8916493055555,431.1569648462432,49200,100.00%,0,135.39%,0,238.32,$5.42,UTA 5,OKC 2,user16,39,marvalshot,12594,4653759166_16
Alec Burks (37832227),Anthony Edwards (37831776),Jalen Williams (37831829),KJ Martin (37832113),Nick Richards (37832024),Keyonte George (37831887),LeBron James (37831767),Kyle Filipowski (37831966),329.11048611111113,427.35969072372995,50000,100.00%,0,151.14%,0,262.25,$6.05,UTA 3,MIA 1,user11,46,marvalshot,14752,4653759167_11
Isaiah Collier (37831913),Alec Burks (37832227),LeBron James (37831767),Zion Williamson (37831787),Isaiah Hartenstein (37831897),Keyonte George (37831887),KJ Martin (37832113),Kyle Filipowski (37831966),322.51553819444445,428.9318474849117,49900,100.00%,0,101.09%,0,252.72,$4.04,UTA 4,MIA 1,user8,51,marvalshot,12187,4653759158_8
Devin Booker (37831783),Alec Burks (37832227),Duncan Robinson (37832000),KJ Martin (37832113),Kyle Filipowski (37831966),Keyonte George (37831887),LeBron James (37831767),Jalen Williams (37831829),321.5384548611111,411.14380374081924,50000,100.00%,0,98.33%,0,243.06,$3.93,UTA 3,MIA 2,user9,49,marvalshot,14733,4653759159_9
Isaiah Collier (37831913),Cason Wallace (37832096),LeBron James (37831767),Bam Adebayo (37831821),Isaiah Hartenstein (37831897),Keyonte George (37831887),KJ Martin (37832113),Kyle Filipowski (37831966),330.4637326388888,427.01913172426083,49900,100.00%,5,161.25%,0,245.82,$6.45,UTA 4,OKC 2,user8,50,marvalshot,8551,4653759160_8
Isaiah Collier (37831913),Gradey Dick (37832076),LeBron James (37831767),Jalen Williams (37831829),Isaiah Hartenstein (37831897),Keyonte George (37831887),KJ Martin (37832113),Kyle Filipowski (37831966),316.70970052083334,415.40555977159596,49800,100.00%,0,61.77%,0,250.31,$2.47,UTA 4,OKC 2,user8,50,marvalshot,11994,4653759161_8
Shai Gilgeous-Alexander (37831764),Alec Burks (37832227),Franz Wagner (37831801),Paolo Banchero (37831809),Kyle Filipowski (37831966),Keyonte George (37831887),KJ Martin (37832113),Brice Sensabaugh (37832065),310.46605902777776,401.44592029881466,49900,99.53%,0,38.34%,0,270.49,$1.53,UTA 4,ORL 2,user9,49,marvalshot,14734,4653759162_9
Tyler Herro (37831794),Stephon Castle (37831933),Brice Sensabaugh (37832065),KJ Martin (37832113),Kyle Filipowski (37831966),Isaiah Collier (37831913),LeBron James (37831767),Keyonte George (37831887),317.5679340277777,415.8839181351151,49900,100.00%,0,69.66%,0,255.03000000000003,$2.79,UTA 5,MIA 1,user8,50,marvalshot,10732,4653759163_8
Alec Burks (37832227),Anthony Edwards (37831776),Jalen Williams (37831829),Bam Adebayo (37831821),Isaiah Hartenstein (37831897),Keyonte George (37831887),KJ Martin (37832113),Kyle Filipowski (37831966),336.7219618055555,427.84594188937444,49800,100.00%,5498,223.85%,0,256.46999999999997,$8.95,UTA 3,MIA 2,user9,49,marvalshot,4103,4653759164_9
Keyonte George (37831887),Alec Burks (37832227),LeBron James (37831767),Kelly Olynyk (37831968),Kel'el Ware (37831949),Shai Gilgeous-Alexander (37831764),KJ Martin (37832113),Kyle Filipowski (37831966),343.34555555555556,440.0515550011675,49800,100.00%,48485,408.02%,0,252.18,$16.32,UTA 3,MIA 2,user9,48,marvalshot,4601,4653759165_9
Keyonte George (37831887),Svi Mykhailiuk (37832164),Jalen Williams (37831829),KJ Martin (37832113),Isaiah Hartenstein (37831897),Isaiah Collier (37831913),LeBron James (37831767),Kyle Filipowski (37831966),326.8916493055555,431.1569648462432,49200,100.00%,0,135.39%,0,238.32,$5.42,UTA 5,OKC 2,user17,39,marvalshot,12594,4653759166_17
Alec Burks (37832227),Anthony Edwards (37831776),Jalen Williams (37831829),KJ Martin (37832113),Nick Richards (37832024),Keyonte George (37831887),LeBron James (37831767),Kyle Filipowski (37831966),329.11048611111113,427.35969072372995,50000,100.00%,0,151.14%,0,262.25,$6.05,UTA 3,MIA 1,user12,46,marvalshot,14752,4653759167_12
Isaiah Collier (37831913),Alec Burks (37832227),LeBron James (37831767),Zion Williamson (37831787),Isaiah Hartenstein (37831897),Keyonte George (37831887),KJ Martin (37832113),Kyle Filipowski (37831966),322.51553819444445,428.9318474849117,49900,100.00%,0,101.09%,0,252.72,$4.04,UTA 4,MIA 1,user9,51,marvalshot,12187,4653759158_9
Devin Booker (37831783),Alec Burks (37832227),Duncan Robinson (37832000),KJ Martin (37832113),Kyle Filipowski (37831966),Keyonte George (37831887),LeBron James (37831767),Jalen Williams (37831829),321.5384548611111,411.14380374081924,50000,100.00%,0,98.33%,0,243.06,$3.93,UTA 3,MIA 2,user10,49,marvalshot,14733,4653759159_10
Isaiah Collier (37831913),Cason Wallace (37832096),LeBron James (37831767),Bam Adebayo (37831821),Isaiah Hartenstein (37831897),Keyonte George (37831887),KJ Martin (37832113),Kyle Filipowski (37831966),330.4637326388888,427.01913172426083,49900,100.00%,5,161.25%,0,245.82,$6.45,UTA 4,OKC 2,user9,50,marvalshot,8551,4653759160_9
Isaiah Collier (37831913),Gradey Dick (37832076),LeBron James (37831767),Jalen Williams (37831829),Isaiah Hartenstein (37831897),Keyonte George (37831887),KJ Martin (37832113),Kyle Filipowski (37831966),316.70970052083334,415.40555977159596,49800,100.00%,0,61.77%,0,250.31,$2.47,UTA 4,OKC 2,user9,50,marvalshot,11994,4653759161_9
Shai Gilgeous-Alexander (37831764),Alec Burks (37832227),Franz Wagner (37831801),Paolo Banchero (37831809),Kyle Filipowski (37831966),Keyonte George (37831887),KJ Martin (37832113),Brice Sensabaugh (37832065),310.46605902777776,401.44592029881466,49900,99.53%,0,38.34%,0,270.49,$1.53,UTA 4,ORL 2,user10,49,marvalshot,14734,4653759162_10
Tyler Herro (37831794),Stephon Castle (37831933),Brice Sensabaugh (37832065),KJ Martin (37832113),Kyle Filipowski (37831966),Isaiah Collier (37831913),LeBron James (37831767),Keyonte George (37831887),317.5679340277777,415.8839181351151,49900,100.00%,0,69.66%,0,255.03000000000003,$2.79,UTA 5,MIA 1,user9,50,marvalshot,10732,4653759163_9
Alec Burks (37832227),Anthony Edwards (37831776),Jalen Williams (37831829),Bam Adebayo (37831821),Isaiah Hartenstein (37831897),Keyonte George (37831887),KJ Martin (37832113),Kyle Filipowski (37831966),336.7219618055555,427.84594188937444,49800,100.00%,5498,223.85%,0,256.46999999999997,$8.95,UTA 3,MIA 2,user10,49,marvalshot,4103,4653759164_10
Keyonte George (37831887),Alec Burks (37832227),LeBron James (37831767),Kelly Olynyk (37831968),Kel'el Ware (37831949),Shai Gilgeous-Alexander (37831764),KJ Martin (37832113),Kyle Filipowski (37831966),343.34555555555556,440.0515550011675,49800,100.00%,48485,408.02%,0,252.18,$16.32,UTA 3,MIA 2,user10,48,marvalshot,4601,4653759165_10
Keyonte George (37831887),Svi Mykhailiuk (37832164),Jalen Williams (37831829),KJ Martin (37832113),Isaiah Hartenstein (37831897),Isaiah Collier (37831913),LeBron James (37831767),Kyle Filipowski (37831966),326.8916493055555,431.1569648462432,49200,100.00%,0,135.39%,0,238.32,$5.42,UTA 5,OKC 2,user18,39,marvalshot,12594,4653759166_18
Alec Burks (37832227),Anthony Edwards (37831776),Jalen Williams (37831829),KJ Martin (37832113),Nick Richards (37832024),Keyonte George (37831887),LeBron James (37831767),Kyle Filipowski (37831966),329.11048611111113,427.35969072372995,50000,100.00%,0,151.14%,0,262.25,$6.05,UTA 3,MIA 1,user13,46,marvalshot,14752,4653759167_13
Isaiah Collier (37831913),Alec Burks (37832227),LeBron James (37831767),Zion Williamson (37831787),Isaiah Hartenstein (37831897),Keyonte George (37831887),KJ Martin (37832113),Kyle Filipowski (37831966),322.51553819444445,428.9318474849117,49900,100.00%,0,101.09%,0,252.72,$4.04,UTA 4,MIA 1,user10,51,marvalshot,12187,4653759158_10
Devin Booker (37831783),Alec Burks (37832227),Duncan Robinson (37832000),KJ Martin (37832113),Kyle Filipowski (37831966),Keyonte George (37831887),LeBron James (37831767),Jalen Williams (37831829),321.5384548611111,411.14380374081924,50000,100.00%,0,98.33%,0,243.06,$3.93,UTA 3,MIA 2,user11,49,marvalshot,14733,4653759159_11
Isaiah Collier (37831913),Cason Wallace (37832096),LeBron James (37831767),Bam Adebayo (37831821),Isaiah Hartenstein (37831897),Keyonte George (37831887),KJ Martin (37832113),Kyle Filipowski (37831966),330.4637326388888,427.01913172426083,49900,100.00%,5,161.25%,0,245.82,$6.45,UTA 4,OKC 2,user10,50,marvalshot,8551,4653759160_10
Isaiah Collier (37831913),Gradey Dick (37832076),LeBron James (37831767),Jalen Williams (37831829),Isaiah Hartenstein (37831897),Keyonte George (37831887),KJ Martin (37832113),Kyle Filipowski (37831966),316.70970052083334,415.40555977159596,49800,100.00%,0,61.77%,0,250.31,$2.47,UTA 4,OKC 2,user10,50,marvalshot,11994,4653759161_10
Shai Gilgeous-Alexander (37831764),Alec Burks (37832227),Franz Wagner (37831801),Paolo Banchero (37831809),Kyle Filipowski (37831966),Keyonte George (37831887),KJ Martin (37832113),Brice Sensabaugh (37832065),310.46605902777776,401.44592029881466,49900,99.53%,0,38.34%,0,270.49,$1.53,UTA 4,ORL 2,user11,49,marvalshot,14734,4653759162_11
Tyler Herro (37831794),Stephon Castle (37831933),Brice Sensabaugh (37832065),KJ Martin (37832113),Kyle Filipowski (37831966),Isaiah Collier (37831913),LeBron James (37831767),Keyonte George (37831887),317.5679340277777,415.8839181351151,49900,100.00%,0,69.66%,0,255.03000000000003,$2.79,UTA 5,MIA 1,user10,50,marvalshot,10732,4653759163_10
Alec Burks (37832227),Anthony Edwards (37831776),Jalen Williams (37831829),Bam Adebayo (37831821),Isaiah Hartenstein (37831897),Keyonte George (37831887),KJ Martin (37832113),Kyle Filipowski (37831966),336.7219618055555,427.84594188937444,49800,100.00%,5498,223.85%,0,256.46999999999997,$8.95,UTA 3,MIA 2,user11,49,marvalshot,4103,4653759164_11
Keyonte George (37831887),Alec Burks (37832227),LeBron James (37831767),Kelly Olynyk (37831968),Kel'el Ware (37831949),Shai Gilgeous-Alexander (37831764),KJ Martin (37832113),Kyle Filipowski (37831966),343.34555555555556,440.0515550011675,49800,100.00%,48485,408.02%,0,252.18,$16.32,UTA 3,MIA 2,user11,48,marvalshot,4601,4653759165_11
Keyonte George (37831887),Svi Mykhailiuk (37832164),Jalen Williams (37831829),KJ Martin (37832113),Isaiah Hartenstein (37831897),Isaiah Collier (37831913),LeBron James (37831767),Kyle Filipowski (37831966),326.8916493055555,431.1569648462432,49200,100.00%,0,135.39%,0,238.32,$5.42,UTA 5,OKC 2,user19,39,marvalshot,12594,4653759166_19
Alec Burks (37832227),Anthony Edwards (37831776),Jalen Williams (37831829),KJ Martin (37832113),Nick Richards (37832024),Keyonte George (37831887),LeBron James (37831767),Kyle Filipowski (37831966),329.11048611111113,427.35969072372995,50000,100.00%,0,151.14%,0,262.25,$6.05,UTA 3,MIA 1,user14,46,marvalshot,14752,4653759167_14
Isaiah Collier (37831913),Alec Burks (37832227),LeBron James (37831767),Zion Williamson (37831787),Isaiah Hartenstein (37831897),Keyonte George (37831887),KJ Martin (37832113),Kyle Filipowski (37831966),322.51553819444445,428.9318474849117,49900,100.00%,0,101.09%,0,252.72,$4.04,UTA 4,MIA 1,user11,51,marvalshot,12187,4653759158_11
Devin Booker (37831783),Alec Burks (37832227),Duncan Robinson (37832000),KJ Martin (37832113),Kyle Filipowski (37831966),Keyonte George (37831887),LeBron James (37831767),Jalen Williams (37831829),321.5384548611111,411.14380374081924,50000,100.00%,0,98.33%,0,243.06,$3.93,UTA 3,MIA 2,user12,49,marvalshot,14733,4653759159_12
Isaiah Collier (37831913),Cason Wallace (37832096),LeBron James (37831767),Bam Adebayo (37831821),Isaiah Hartenstein (37831897),Keyonte George (37831887),KJ Martin (37832113),Kyle Filipowski (37831966),330.4637326388888,427.01913172426083,49900,100.00%,5,161.25%,0,245.82,$6.45,UTA 4,OKC 2,user11,50,marvalshot,8551,4653759160_11
Isaiah Collier (37831913),Gradey Dick (37832076),LeBron James (37831767),Jalen Williams (37831829),Isaiah Hartenstein (37831897),Keyonte George (37831887),KJ Martin (37832113),Kyle Filipowski (37831966),316.70970052083334,415.40555977159596,49800,100.00%,0,61.77%,0,250.31,$2.47,UTA 4,OKC 2,user11,50,marvalshot,11994,4653759161_11
Shai Gilgeous-Alexander (37831764),Alec Burks (37832227),Franz Wagner (37831801),Paolo Banchero (37831809),Kyle Filipowski (37831966),Keyonte George (37831887),KJ Martin (37832113),Brice Sensabaugh (37832065),310.46605902777776,401.44592029881466,49900,99.53%,0,38.34%,0,270.49,$1.53,UTA 4,ORL 2,user12,49,marvalshot,14734,4653759162_12
Tyler Herro (37831794),Stephon Castle (37831933),Brice Sensabaugh (37832065),KJ Martin (37832113),Kyle Filipowski (37831966),Isaiah Collier (37831913),LeBron James (37831767),Keyonte George (37831887),317.5679340277777,415.8839181351151,49900,100.00%,0,69.66%,0,255.03000000000003,$2.79,UTA 5,MIA 1,user11,50,marvalshot,10732,4653759163_11
Alec Burks (37832227),Anthony Edwards (37831776),Jalen Williams (37831829),Bam Adebayo (37831821),Isaiah Hartenstein (37831897),Keyonte George (37831887),KJ Martin (37832113),Kyle Filipowski (37831966),336.7219618055555,427.84594188937444,49800,100.00%,5498,223.85%,0,256.46999999999997,$8.95,UTA 3,MIA 2,user12,49,marvalshot,4103,4653759164_12
Keyonte George (37831887),Alec Burks (37832227),LeBron James (37831767),Kelly Olynyk (37831968),Kel'el Ware (37831949),Shai Gilgeous-Alexander (37831764),KJ Martin (37832113),Kyle Filipowski (37831966),343.34555555555556,440.0515550011675,49800,100.00%,48485,408.02%,0,252.18,$16.32,UTA 3,MIA 2,user12,48,marvalshot,4601,4653759165_12
Keyonte George (37831887),Svi Mykhailiuk (37832164),Jalen Williams (37831829),KJ Martin (37832113),Isaiah Hartenstein (37831897),Isaiah Collier (37831913),LeBron James (37831767),Kyle Filipowski (37831966),326.8916493055555,431.1569648462432,49200,100.00%,0,135.39%,0,238.32,$5.42,UTA 5,OKC 2,user20,39,marvalshot,12594,4653759166_20
Alec Burks (37832227),Anthony Edwards (37831776),Jalen Williams (37831829),KJ Martin (37832113),Nick Richards (37832024),Keyonte George (37831887),LeBron James (37831767),Kyle Filipowski (37831966),329.11048611111113,427.35969072372995,50000,100.00%,0,151.14%,0,262.25,$6.05,UTA 3,MIA 1,user15,46,marvalshot,14752,4653759167_15
Isaiah Collier (37831913),Alec Burks (37832227),LeBron James (37831767),Zion Williamson (37831787),Isaiah Hartenstein (37831897),Keyonte George (37831887),KJ Martin (37832113),Kyle Filipowski (37831966),322.51553819444445,428.9318474849117,49900,100.00%,0,101.09%,0,252.72,$4.04,UTA 4,MIA 1,user12,51,marvalshot,12187,4653759158_12
Devin Booker (37831783),Alec Burks (37832227),Duncan Robinson (37832000),KJ Martin (37832113),Kyle Filipowski (37831966),Keyonte George (37831887),LeBron James (37831767),Jalen Williams (37831829),321.5384548611111,411.14380374081924,50000,100.00%,0,98.33%,0,243.06,$3.93,UTA 3,MIA 2,user13,49,marvalshot,14733,4653759159_13
Isaiah Collier (37831913),Cason Wallace (37832096),LeBron James (37831767),Bam Adebayo (37831821),Isaiah Hartenstein (37831897),Keyonte George (37831887),KJ Martin (37832113),Kyle Filipowski (37831966),330.4637326388888,427.01913172426083,49900,100.00%,5,161.25%,0,245.82,$6.45,UTA 4,OKC 2,user12,50,marvalshot,8551,4653759160_12
Isaiah Collier (37831913),Gradey Dick (37832076),LeBron James (37831767),Jalen Williams (37831829),Isaiah Hartenstein (37831897),Keyonte George (37831887),KJ Martin (37832113),Kyle Filipowski (37831966),316.70970052083334,415.40555977159596,49800,100.00%,0,61.77%,0,250.31,$2.47,UTA 4,OKC 2,user12,50,marvalshot,11994,4653759161_12
Shai Gilgeous-Alexander (37831764),Alec Burks (37832227),Franz Wagner (37831801),Paolo Banchero (37831809),Kyle Filipowski (37831966),Keyonte George (37831887),KJ Martin (37832113),Brice Sensabaugh (37832065),310.46605902777776,401.44592029881466,49900,99.53%,0,38.34%,0,270.49,$1.53,UTA 4,ORL 2,user13,49,marvalshot,14734,4653759162_13
Tyler Herro (37831794),Stephon Castle (37831933),Brice Sensabaugh (37832065),KJ Martin (37832113),Kyle Filipowski (37831966),Isaiah Collier (37831913),LeBron James (37831767),Keyonte George (37831887),317.5679340277777,415.8839181351151,49900,100.00%,0,69.66%,0,255.03000000000003,$2.79,UTA 5,MIA 1,user12,50,marvalshot,10732,4653759163_12
Alec Burks (37832227),Anthony Edwards (37831776),Jalen Williams (37831829),Bam Adebayo (37831821),Isaiah Hartenstein (37831897),Keyonte George (37831887),KJ Martin (37832113),Kyle Filipowski (37831966),336.7219618055555,427.84594188937444,49800,100.00%,5498,223.85%,0,256.46999999999997,$8.95,UTA 3,MIA 2,user13,49,marvalshot,4103,4653759164_13
Keyonte George (37831887),Alec Burks (37832227),LeBron James (37831767),Kelly Olynyk (37831968),Kel'el Ware (37831949),Shai Gilgeous-Alexander (37831764),KJ Martin (37832113),Kyle Filipowski (37831966),343.34555555555556,440.0515550011675,49800,100.00%,48485,408.02%,0,252.18,$16.32,UTA 3,MIA 2,user13,48,marvalshot,4601,4653759165_13
Keyonte George (37831887),Svi Mykhailiuk (37832164),Jalen Williams (37831829),KJ Martin (37832113),Isaiah Hartenstein (37831897),Isaiah Collier (37831913),LeBron James (37831767),Kyle Filipowski (37831966),326.8916493055555,431.1569648462432,49200,100.00%,0,135.39%,0,238.32,$5.42,UTA 5,OKC 2,user21,39,marvalshot,12594,4653759166_21
Alec Burks (37832227),Anthony Edwards (37831776),Jalen Williams (37831829),KJ Martin (37832113),Nick Richards (37832024),Keyonte George (37831887),LeBron James (37831767),Kyle Filipowski (37831966),329.11048611111113,427.35969072372995,50000,100.00%,0,151.14%,0,262.25,$6.05,UTA 3,MIA 1,user16,46,marvalshot,14752,4653759167_16
Isaiah Collier (37831913),Alec Burks (37832227),LeBron James (37831767),Zion Williamson (37831787),Isaiah Hartenstein (37831897),Keyonte George (37831887),KJ Martin (37832113),Kyle Filipowski (37831966),322.51553819444445,428.9318474849117,49900,100.00%,0,101.09%,0,252.72,$4.04,UTA 4,MIA 1,user13,51,marvalshot,12187,4653759158_13
Devin Booker (37831783),Alec Burks (37832227),Duncan Robinson (37832000),KJ Martin (37832113),Kyle Filipowski (37831966),Keyonte George (37831887),LeBron James (37831767),Jalen Williams (37831829),321.5384548611111,411.14380374081924,50000,100.00%,0,98.33%,0,243.06,$3.93,UTA 3,MIA 2,user14,49,marvalshot,14733,4653759159_14
Isaiah Collier (37831913),Cason Wallace (37832096),LeBron James (37831767),Bam Adebayo (37831821),Isaiah Hartenstein (37831897),Keyonte George (37831887),KJ Martin (37832113),Kyle Filipowski (37831966),330.4637326388888,427.01913172426083,49900,100.00%,5,161.25%,0,245.82,$6.45,UTA 4,OKC 2,user13,50,marvalshot,8551,4653759160_13
Isaiah Collier (37831913),Gradey Dick (37832076),LeBron James (37831767),Jalen Williams (37831829),Isaiah Hartenstein (37831897),Keyonte George (37831887),KJ Martin (37832113),Kyle Filipowski (37831966),316.70970052083334,415.40555977159596,49800,100.00%,0,61.77%,0,250.31,$2.47,UTA 4,OKC 2,user13,50,marvalshot,11994,4653759161_13
Shai Gilgeous-Alexander (37831764),Alec Burks (37832227),Franz Wagner (37831801),Paolo Banchero (37831809),Kyle Filipowski (37831966),Keyonte George (37831887),KJ Martin (37832113),Brice Sensabaugh (37832065),310.46605902777776,401.44592029881466,49900,99.53%,0,38.34%,0,270.49,$1.53,UTA 4,ORL 2,user14,49,marvalshot,14734,4653759162_14
Tyler Herro (37831794),Stephon Castle (37831933),Brice Sensabaugh (37832065),KJ Martin (37832113),Kyle Filipowski (37831966),Isaiah Collier (37831913),LeBron James (37831767),Keyonte George (37831887),317.5679340277777,415.8839181351151,49900,100.00%,0,69.66%,0,255.03000000000003,$2.79,UTA 5,MIA 1,user13,50,marvalshot,10732,4653759163_13
Alec Burks (37832227),Anthony Edwards (37831776),Jalen Williams (37831829),Bam Adebayo (37831821),Isaiah Hartenstein (37831897),Keyonte George (37831887),KJ Martin (37832113),Kyle Filipowski (37831966),336.7219618055555,427.84594188937444,49800,100.00%,5498,223.85%,0,256.46999999999997,$8.95,UTA 3,MIA 2,user14,49,marvalshot,4103,4653759164_14
Keyonte George (37831887),Alec Burks (37832227),LeBron James (37831767),Kelly Olynyk (37831968),Kel'el Ware (37831949),Shai Gilgeous-Alexander (37831764),KJ Martin (37832113),Kyle Filipowski (37831966),343.34555555555556,440.0515550011675,49800,100.00%,48485,408.02%,0,252.18,$16.32,UTA 3,MIA 2,user14,48,marvalshot,4601,4653759165_14
Keyonte George (37831887),Svi Mykhailiuk (37832164),Jalen Williams (37831829),KJ Martin (37832113),Isaiah Hartenstein (37831897),Isaiah Collier (37831913),LeBron James (37831767),Kyle Filipowski (37831966),326.8916493055555,431.1569648462432,49200,100.00%,0,135.39%,0,238.32,$5.42,UTA 5,OKC 2,user22,39,marvalshot,12594,4653759166_22
Alec Burks (37832227),Anthony Edwards (37831776),Jalen Williams (37831829),KJ Martin (37832113),Nick Richards (37832024),Keyonte George (37831887),LeBron James (37831767),Kyle Filipowski (37831966),329.11048611111113,427.35969072372995,50000,100.00%,0,151.14%,0,262.25,$6.05,UTA 3,MIA 1,user17,46,marvalshot,14752,4653759167_17
Isaiah Collier (37831913),Alec Burks (37832227),LeBron James (37831767),Zion Williamson (37831787),Isaiah Hartenstein (37831897),Keyonte George (37831887),KJ Martin (37832113),Kyle Filipowski (37831966),322.51553819444445,428.9318474849117,49900,100.00%,0,101.09%,0,252.72,$4.04,UTA 4,MIA 1,user14,51,marvalshot,12187,4653759158_14
Devin Booker (37831783),Alec Burks (37832227),Duncan Robinson (37832000),KJ Martin (37832113),Kyle Filipowski (37831966),Keyonte George (37831887),LeBron James (37831767),Jalen Williams (37831829),321.5384548611111,411.14380374081924,50000,100.00%,0,98.33%,0,243.06,$3.93,UTA 3,MIA 2,user15,49,marvalshot,14733,4653759159_15
Isaiah Collier (37831913),Cason Wallace (37832096),LeBron James (37831767),Bam Adebayo (37831821),Isaiah Hartenstein (37831897),Keyonte George (37831887),KJ Martin (37832113),Kyle Filipowski (37831966),330.4637326388888,427.01913172426083,49900,100.00%,5,161.25%,0,245.82,$6.45,UTA 4,OKC 2,user14,50,marvalshot,8551,4653759160_14
Isaiah Collier (37831913),Gradey Dick (37832076),LeBron James (37831767),Jalen Williams (37831829),Isaiah Hartenstein (37831897),Keyonte George (37831887),KJ Martin (37832113),Kyle Filipowski (37831966),316.70970052083334,415.40555977159596,49800,100.00%,0,61.77%,0,250.31,$2.47,UTA 4,OKC 2,user14,50,marvalshot,11994,4653759161_14
Shai Gilgeous-Alexander (37831764),Alec Burks (37832227),Franz Wagner (37831801),Paolo Banchero (37831809),Kyle Filipowski (37831966),Keyonte George (37831887),KJ Martin (37832113),Brice Sensabaugh (37832065),310.46605902777776,401.44592029881466,49900,99.53%,0,38.34%,0,270.49,$1.53,UTA 4,ORL 2,user15,49,marvalshot,14734,4653759162_15
Tyler Herro (37831794),Stephon Castle (37831933),Brice Sensabaugh (37832065),KJ Martin (37832113),Kyle Filipowski (37831966),Isaiah Collier (37831913),LeBron James (37831767),Keyonte George (37831887),317.5679340277777,415.8839181351151,49900,100.00%,0,69.66%,0,255.03000000000003,$2.79,UTA 5,MIA 1,user14,50,marvalshot,10732,4653759163_14
Alec Burks (37832227),Anthony Edwards (37831776),Jalen Williams (37831829),Bam Adebayo (37831821),Isaiah Hartenstein (37831897),Keyonte George (37831887),KJ Martin (37832113),Kyle Filipowski (37831966),336.7219618055555,427.84594188937444,49800,100.00%,5498,223.85%,0,256.46999999999997,$8.95,UTA 3,MIA 2,user15,49,marvalshot,4103,4653759164_15
Keyonte George (37831887),Alec Burks (37832227),LeBron James (37831767),Kelly Olynyk (37831968),Kel'el Ware (37831949),Shai Gilgeous-Alexander (37831764),KJ Martin (37832113),Kyle Filipowski (37831966),343.34555555555556,440.0515550011675,49800,100.00%,48485,408.02%,0,252.18,$16.32,UTA 3,MIA 2,user15,48,marvalshot,4601,4653759165_15
Keyonte George (37831887),Svi Mykhailiuk (37832164),Jalen Williams (37831829),KJ Martin (37832113),Isaiah Hartenstein (37831897),Isaiah Collier (37831913),LeBron James (37831767),Kyle Filipowski (37831966),326.8916493055555,431.1569648462432,49200,100.00%,0,135.39%,0,238.32,$5.42,UTA 5,OKC 2,user23,39,marvalshot,12594,4653759166_23
Alec Burks (37832227),Anthony Edwards (37831776),Jalen Williams (37831829),KJ Martin (37832113),Nick Richards (37832024),Keyonte George (37831887),LeBron James (37831767),Kyle Filipowski (37831966),329.11048611111113,427.35969072372995,50000,100.00%,0,151.14%,0,262.25,$6.05,UTA 3,MIA 1,user18,46,marvalshot,14752,4653759167_18
Isaiah Collier (37831913),Alec Burks (37832227),LeBron James (37831767),Zion Williamson (37831787),Isaiah Hartenstein (37831897),Keyonte George (37831887),KJ Martin (37832113),Kyle Filipowski (37831966),322.51553819444445,428.9318474849117,49900,100.00%,0,101.09%,0,252.72,$4.04,UTA 4,MIA 1,user15,51,marvalshot,12187,4653759158_15
Devin Booker (37831783),Alec Burks (37832227),Duncan Robinson (37832000),KJ Martin (37832113),Kyle Filipowski (37831966),Keyonte George (37831887),LeBron James (37831767),Jalen Williams (37831829),321.5384548611111,411.14380374081924,50000,100.00%,0,98.33%,0,243.06,$3.93,UTA 3,MIA 2,user16,49,marvalshot,14733,4653759159_16
Isaiah Collier (37831913),Cason Wallace (37832096),LeBron James (37831767),Bam Adebayo (37831821),Isaiah Hartenstein (37831897),Keyonte George (37831887),KJ Martin (37832113),Kyle Filipowski (37831966),330.4637326388888,427.01913172426083,49900,100.00%,5,161.25%,0,245.82,$6.45,UTA 4,OKC 2,user15,50,marvalshot,8551,4653759160_15
Isaiah Collier (37831913),Gradey Dick (37832076),LeBron James (37831767),Jalen Williams (37831829),Isaiah Hartenstein (37831897),Keyonte George (37831887),KJ Martin (37832113),Kyle Filipowski (37831966),316.70970052083334,415.40555977159596,49800,100.00%,0,61.77%,0,250.31,$2.47,UTA 4,OKC 2,user15,50,marvalshot,11994,4653759161_15
Shai Gilgeous-Alexander (37831764),Alec Burks (37832227),Franz Wagner (37831801),Paolo Banchero (37831809),Kyle Filipowski (37831966),Keyonte George (37831887),KJ Martin (37832113),Brice Sensabaugh (37832065),310.46605902777776,401.44592029881466,49900,99.53%,0,38.34%,0,270.49,$1.53,UTA 4,ORL 2,user16,49,marvalshot,14734,4653759162_16
Tyler Herro (37831794),Stephon Castle (37831933),Brice Sensabaugh (37832065),KJ Martin (37832113),Kyle Filipowski (37831966),Isaiah Collier (37831913),LeBron James (37831767),Keyonte George (37831887),317.5679340277777,415.8839181351151,49900,100.00%,0,69.66%,0,255.03000000000003,$2.79,UTA 5,MIA 1,user15,50,marvalshot,10732,4653759163_15
Alec Burks (37832227),Anthony Edwards (37831776),Jalen Williams (37831829),Bam Adebayo (37831821),Isaiah Hartenstein (37831897),Keyonte George (37831887),KJ Martin (37832113),Kyle Filipowski (37831966),336.7219618055555,427.84594188937444,49800,100.00%,5498,223.85%,0,256.46999999999997,$8.95,UTA 3,MIA 2,user16,49,marvalshot,4103,4653759164_16
Keyonte George (37831887),Alec Burks (37832227),LeBron James (37831767),Kelly Olynyk (37831968),Kel'el Ware (37831949),Shai Gilgeous-Alexander (37831764),KJ Martin (37832113),Kyle Filipowski (37831966),343.34555555555556,440.0515550011675,49800,100.00%,48485,408.02%,0,252.18,$16.32,UTA 3,MIA 2,user16,48,marvalshot,4601,4653759165_16
Keyonte George (37831887),Svi Mykhailiuk (37832164),Jalen Williams (37831829),KJ Martin (37832113),Isaiah Hartenstein (37831897),Isaiah Collier (37831913),LeBron James (37831767),Kyle Filipowski (37831966),326.8916493055555,431.1569648462432,49200,100.00%,0,135.39%,0,238.32,$5.42,UTA 5,OKC 2,user24,39,marvalshot,12594,4653759166_24
Alec Burks (37832227),Anthony Edwards (37831776),Jalen Williams (37831829),KJ Martin (37832113),Nick Richards (37832024),Keyonte George (37831887),LeBron James (37831767),Kyle Filipowski (37831966),329.11048611111113,427.35969072372995,50000,100.00%,0,151.14%,0,262.25,$6.05,UTA 3,MIA 1,user19,46,marvalshot,14752,4653759167_19
Isaiah Collier (37831913),Alec Burks (37832227),LeBron James (37831767),Zion Williamson (37831787),Isaiah Hartenstein (37831897),Keyonte George (37831887),KJ Martin (37832113),Kyle Filipowski (37831966),322.51553819444445,428.9318474849117,49900,100.00%,0,101.09%,0,252.72,$4.04,UTA 4,MIA 1,user16,51,marvalshot,12187,4653759158_16
Devin Booker (37831783),Alec Burks (37832227),Duncan Robinson (37832000),KJ Martin (37832113),Kyle Filipowski (37831966),Keyonte George (37831887),LeBron James (37831767),Jalen Williams (37831829),321.5384548611111,411.14380374081924,50000,100.00%,0,98.33%,0,243.06,$3.93,UTA 3,MIA 2,user17,49,marvalshot,14733,4653759159_17
Isaiah Collier (37831913),Cason Wallace (37832096),LeBron James (37831767),Bam Adebayo (37831821),Isaiah Hartenstein (37831897),Keyonte George (37831887),KJ Martin (37832113),Kyle Filipowski (37831966),330.4637326388888,427.01913172426083,49900,100.00%,5,161.25%,0,245.82,$6.45,UTA 4,OKC 2,user16,50,marvalshot,8551,4653759160_16
Isaiah Collier (37831913),Gradey Dick (37832076),LeBron James (37831767),Jalen Williams (37831829),Isaiah Hartenstein (37831897),Keyonte George (37831887),KJ Martin (37832113),Kyle Filipowski (37831966),316.70970052083334,415.40555977159596,49800,100.00%,0,61.77%,0,250.31,$2.47,UTA 4,OKC 2,user16,50,marvalshot,11994,4653759161_16
Shai Gilgeous-Alexander (37831764),Alec Burks (37832227),Franz Wagner (37831801),Paolo Banchero (37831809),Kyle Filipowski (37831966),Keyonte George (37831887),KJ Martin (37832113),Brice Sensabaugh (37832065),310.46605902777776,401.44592029881466,49900,99.53%,0,38.34%,0,270.49,$1.53,UTA 4,ORL 2,user17,49,marvalshot,14734,4653759162_17
Tyler Herro (37831794),Stephon Castle (37831933),Brice Sensabaugh (37832065),KJ Martin (37832113),Kyle Filipowski (37831966),Isaiah Collier (37831913),LeBron James (37831767),Keyonte George (37831887),317.5679340277777,415.8839181351151,49900,100.00%,0,69.66%,0,255.03000000000003,$2.79,UTA 5,MIA 1,user16,50,marvalshot,10732,4653759163_16
Alec Burks (37832227),Anthony Edwards (37831776),Jalen Williams (37831829),Bam Adebayo (37831821),Isaiah Hartenstein (37831897),Keyonte George (37831887),KJ Martin (37832113),Kyle Filipowski (37831966),336.7219618055555,427.84594188937444,49800,100.00%,5498,223.85%,0,256.46999999999997,$8.95,UTA 3,MIA 2,user17,49,marvalshot,4103,4653759164_17
Keyonte George (37831887),Alec Burks (37832227),LeBron James (37831767),Kelly Olynyk (37831968),Kel'el Ware (37831949),Shai Gilgeous-Alexander (37831764),KJ Martin (37832113),Kyle Filipowski (37831966),343.34555555555556,440.0515550011675,49800,100.00%,48485,408.02%,0,252.18,$16.32,UTA 3,MIA 2,user17,48,marvalshot,4601,4653759165_17
Keyonte George (37831887),Svi Mykhailiuk (37832164),Jalen Williams (37831829),KJ Martin (37832113),Isaiah Hartenstein (37831897),Isaiah Collier (37831913),LeBron James (37831767),Kyle Filipowski (37831966),326.8916493055555,431.1569648462432,49200,100.00%,0,135.39%,0,238.32,$5.42,UTA 5,OKC 2,user25,39,marvalshot,12594,4653759166_25
Alec Burks (37832227),Anthony Edwards (37831776),Jalen Williams (37831829),KJ Martin (37832113),Nick Richards (37832024),Keyonte George (37831887),LeBron James (37831767),Kyle Filipowski (37831966),329.11048611111113,427.35969072372995,50000,100.00%,0,151.14%,0,262.25,$6.05,UTA 3,MIA 1,user20,46,marvalshot,14752,4653759167_20
Isaiah Collier (37831913),Alec Burks (37832227),LeBron James (37831767),Zion Williamson (37831787),Isaiah Hartenstein (37831897),Keyonte George (37831887),KJ Martin (37832113),Kyle Filipowski (37831966),322.51553819444445,428.9318474849117,49900,100.00%,0,101.09%,0,252.72,$4.04,UTA 4,MIA 1,user17,51,marvalshot,12187,4653759158_17
Devin Booker (37831783),Alec Burks (37832227),Duncan Robinson (37832000),KJ Martin (37832113),Kyle Filipowski (37831966),Keyonte George (37831887),LeBron James (37831767),Jalen Williams (37831829),321.5384548611111,411.14380374081924,50000,100.00%,0,98.33%,0,243.06,$3.93,UTA 3,MIA 2,user18,49,marvalshot,14733,4653759159_18
Isaiah Collier (37831913),Cason Wallace (37832096),LeBron James (37831767),Bam Adebayo (37831821),Isaiah Hartenstein (37831897),Keyonte George (37831887),KJ Martin (37832113),Kyle Filipowski (37831966),330.4637326388888,427.01913172426083,49900,100.00%,5,161.25%,0,245.82,$6.45,UTA 4,OKC 2,user17,50,marvalshot,8551,4653759160_17
Isaiah Collier (37831913),Gradey Dick (37832076),LeBron James (37831767),Jalen Williams (37831829),Isaiah Hartenstein (37831897),Keyonte George (37831887),KJ Martin (37832113),Kyle Filipowski (37831966),316.70970052083334,415.40555977159596,49800,100.00%,0,61.77%,0,250.31,$2.47,UTA 4,OKC 2,user17,50,marvalshot,11994,4653759161_17
Shai Gilgeous-Alexander (37831764),Alec Burks (37832227),Franz Wagner (37831801),Paolo Banchero (37831809),Kyle Filipowski (37831966),Keyonte George (37831887),KJ Martin (37832113),Brice Sensabaugh (37832065),310.46605902777776,401.44592029881466,49900,99.53%,0,38.34%,0,270.49,$1.53,UTA 4,ORL 2,user18,49,marvalshot,14734,4653759162_18
Tyler Herro (37831794),Stephon Castle (37831933),Brice Sensabaugh (37832065),KJ Martin (37832113),Kyle Filipowski (37831966),Isaiah Collier (37831913),LeBron James (37831767),Keyonte George (37831887),317.5679340277777,415.8839181351151,49900,100.00%,0,69.66%,0,255.03000000000003,$2.79,UTA 5,MIA 1,user17,50,marvalshot,10732,4653759163_17
Alec Burks (37832227),Anthony Edwards (37831776),Jalen Williams (37831829),Bam Adebayo (37831821),Isaiah Hartenstein (37831897),Keyonte George (37831887),KJ Martin (37832113),Kyle Filipowski (37831966),336.7219618055555,427.84594188937444,49800,100.00%,5498,223.85%,0,256.46999999999997,$8.95,UTA 3,MIA 2,user18,49,marvalshot,4103,4653759164_18
Keyonte George (37831887),Alec Burks (37832227),LeBron James (37831767),Kelly Olynyk (37831968),Kel'el Ware (37831949),Shai Gilgeous-Alexander (37831764),KJ Martin (37832113),Kyle Filipowski (37831966),343.34555555555556,440.0515550011675,49800,100.00%,48485,408.02%,0,252.18,$16.32,UTA 3,MIA 2,user18,48,marvalshot,4601,4653759165_18
Keyonte George (37831887),Svi Mykhailiuk (37832164),Jalen Williams (37831829),KJ Martin (37832113),Isaiah Hartenstein (37831897),Isaiah Collier (37831913),LeBron James (37831767),Kyle Filipowski (37831966),326.8916493055555,431.1569648462432,49200,100.00%,0,135.39%,0,238.32,$5.42,UTA 5,OKC 2,user26,39,marvalshot,12594,4653759166_26
Alec Burks (37832227),Anthony Edwards (37831776),Jalen Williams (37831829),KJ Martin (37832113),Nick Richards (37832024),Keyonte George (37831887),LeBron James (37831767),Kyle Filipowski (37831966),329.11048611111113,427.35969072372995,50000,100.00%,0,151.14%,0,262.25,$6.05,UTA 3,MIA 1,user21,46,marvalshot,14752,4653759167_21
Isaiah Collier (37831913),Alec Burks (37832227),LeBron James (37831767),Zion Williamson (37831787),Isaiah Hartenstein (37831897),Keyonte George (37831887),KJ Martin (37832113),Kyle Filipowski (37831966),322.51553819444445,428.9318474849117,49900,100.00%,0,101.09%,0,252.72,$4.04,UTA 4,MIA 1,user18,51,marvalshot,12187,4653759158_18
Devin Booker (37831783),Alec Burks (37832227),Duncan Robinson (37832000),KJ Martin (37832113),Kyle Filipowski (37831966),Keyonte George (37831887),LeBron James (37831767),Jalen Williams (37831829),321.5384548611111,411.14380374081924,50000,100.00%,0,98.33%,0,243.06,$3.93,UTA 3,MIA 2,user19,49,marvalshot,14733,4653759159_19
Isaiah Collier (37831913),Cason Wallace (37832096),LeBron James (37831767),Bam Adebayo (37831821),Isaiah Hartenstein (37831897),Keyonte George (37831887),KJ Martin (37832113),Kyle Filipowski (37831966),330.4637326388888,427.01913172426083,49900,100.00%,5,161.25%,0,245.82,$6.45,UTA 4,OKC 2,user18,50,marvalshot,8551,4653759160_18
Isaiah Collier (37831913),Gradey Dick (37832076),LeBron James (37831767),Jalen Williams (37831829),Isaiah Hartenstein (37831897),Keyonte George (37831887),KJ Martin (37832113),Kyle Filipowski (37831966),316.70970052083334,415.40555977159596,49800,100.00%,0,61.77%,0,250.31,$2.47,UTA 4,OKC 2,user18,50,marvalshot,11994,4653759161_18
Shai Gilgeous-Alexander (37831764),Alec Burks (37832227),Franz Wagner (37831801),Paolo Banchero (37831809),Kyle Filipowski (37831966),Keyonte George (37831887),KJ Martin (37832113),Brice Sensabaugh (37832065),310.46605902777776,401.44592029881466,49900,99.53%,0,38.34%,0,270.49,$1.53,UTA 4,ORL 2,user19,49,marvalshot,14734,4653759162_19
Tyler Herro (37831794),Stephon Castle (37831933),Brice Sensabaugh (37832065),KJ Martin (37832113),Kyle Filipowski (37831966),Isaiah Collier (37831913),LeBron James (37831767),Keyonte George (37831887),317.5679340277777,415.8839181351151,49900,100.00%,0,69.66%,0,255.03000000000003,$2.79,UTA 5,MIA 1,user18,50,marvalshot,10732,4653759163_18
Alec Burks (37832227),Anthony Edwards (37831776),Jalen Williams (37831829),Bam Adebayo (37831821),Isaiah Hartenstein (37831897),Keyonte George (37831887),KJ Martin (37832113),Kyle Filipowski (37831966),336.7219618055555,427.84594188937444,49800,100.00%,5498,223.85%,0,256.46999999999997,$8.95,UTA 3,MIA 2,user19,49,marvalshot,4103,4653759164_19
Keyonte George (37831887),Alec Burks (37832227),LeBron James (37831767),Kelly Olynyk (37831968),Kel'el Ware (37831949),Shai Gilgeous-Alexander (37831764),KJ Martin (37832113),Kyle Filipowski (37831966),343.34555555555556,440.0515550011675,49800,100.00%,48485,408.02%,0,252.18,$16.32,UTA 3,MIA 2,user19,48,marvalshot,4601,4653759165_19
Keyonte George (37831887),Svi Mykhailiuk (37832164),Jalen Williams (37831829),KJ Martin (37832113),Isaiah Hartenstein (37831897),Isaiah Collier (37831913),LeBron James (37831767),Kyle Filipowski (37831966),326.8916493055555,431.1569648462432,49200,100.00%,0,135.39%,0,238.32,$5.42,UTA 5,OKC 2,user27,39,marvalshot,12594,4653759166_27
Alec Burks (37832227),Anthony Edwards (37831776),Jalen Williams (37831829),KJ Martin (37832113),Nick Richards (37832024),Keyonte George (37831887),LeBron James (37831767),Kyle Filipowski (37831966),329.11048611111113,427.35969072372995,50000,100.00%,0,151.14%,0,262.25,$6.05,UTA 3,MIA 1,user22,46,marvalshot,14752,4653759167_22
Isaiah Collier (37831913),Alec Burks (37832227),LeBron James (37831767),Zion Williamson (37831787),Isaiah Hartenstein (37831897),Keyonte George (37831887),KJ Martin (37832113),Kyle Filipowski (37831966),322.51553819444445,428.9318474849117,49900,100.00%,0,101.09%,0,252.72,$4.04,UTA 4,MIA 1,user19,51,marvalshot,12187,4653759158_19
Devin Booker (37831783),Alec Burks (37832227),Duncan Robinson (37832000),KJ Martin (37832113),Kyle Filipowski (37831966),Keyonte George (37831887),LeBron James (37831767),Jalen Williams (37831829),321.5384548611111,411.14380374081924,50000,100.00%,0,98.33%,0,243.06,$3.93,UTA 3,MIA 2,user20,49,marvalshot,14733,4653759159_20
Isaiah Collier (37831913),Cason Wallace (37832096),LeBron James (37831767),Bam Adebayo (37831821),Isaiah Hartenstein (37831897),Keyonte George (37831887),KJ Martin (37832113),Kyle Filipowski (37831966),330.4637326388888,427.01913172426083,49900,100.00%,5,161.25%,0,245.82,$6.45,UTA 4,OKC 2,user19,50,marvalshot,8551,4653759160_19
Isaiah Collier (37831913),Gradey Dick (37832076),LeBron James (37831767),Jalen Williams (37831829),Isaiah Hartenstein (37831897),Keyonte George (37831887),KJ Martin (37832113),Kyle Filipowski (37831966),316.70970052083334,415.40555977159596,49800,100.00%,0,61.77%,0,250.31,$2.47,UTA 4,OKC 2,user19,50,marvalshot,11994,4653759161_19
Shai Gilgeous-Alexander (37831764),Alec Burks (37832227),Franz Wagner (37831801),Paolo Banchero (37831809),Kyle Filipowski (37831966),Keyonte George (37831887),KJ Martin (37832113),Brice Sensabaugh (37832065),310.46605902777776,401.44592029881466,49900,99.53%,0,38.34%,0,270.49,$1.53,UTA 4,ORL 2,user20,49,marvalshot,14734,4653759162_20
Tyler Herro (37831794),Stephon Castle (37831933),Brice Sensabaugh (37832065),KJ Martin (37832113),Kyle Filipowski (37831966),Isaiah Collier (37831913),LeBron James (37831767),Keyonte George (37831887),317.5679340277777,415.8839181351151,49900,100.00%,0,69.66%,0,255.03000000000003,$2.79,UTA 5,MIA 1,user19,50,marvalshot,10732,4653759163_19
Alec Burks (37832227),Anthony Edwards (37831776),Jalen Williams (37831829),Bam Adebayo (37831821),Isaiah Hartenstein (37831897),Keyonte George (37831887),KJ Martin (37832113),Kyle Filipowski (37831966),336.7219618055555,427.84594188937444,49800,100.00%,5498,223.85%,0,256.46999999999997,$8.95,UTA 3,MIA 2,user20,49,marvalshot,4103,4653759164_20
Keyonte George (37831887),Alec Burks (37832227),LeBron James (37831767),Kelly Olynyk (37831968),Kel'el Ware (37831949),Shai Gilgeous-Alexander (37831764),KJ Martin (37832113),Kyle Filipowski (37831966),343.34555555555556,440.0515550011675,49800,100.00%,48485,408.02%,0,252.18,$16.32,UTA 3,MIA 2,user20,48,marvalshot,4601,4653759165_20
Keyonte George (37831887),Svi Mykhailiuk (37832164),Jalen Williams (37831829),KJ Martin (37832113),Isaiah Hartenstein (37831897),Isaiah Collier (37831913),LeBron James (37831767),Kyle Filipowski (37831966),326.8916493055555,431.1569648462432,49200,100.00%,0,135.39%,0,238.32,$5.42,UTA 5,OKC 2,user28,39,marvalshot,12594,4653759166_28
Alec Burks (37832227),Anthony Edwards (37831776),Jalen Williams (37831829),KJ Martin (37832113),Nick Richards (37832024),Keyonte George (37831887),LeBron James (37831767),Kyle Filipowski (37831966),329.11048611111113,427.35969072372995,50000,100.00%,0,151.14%,0,262.25,$6.05,UTA 3,MIA 1,user23,46,marvalshot,14752,4653759167_23
Isaiah Collier (37831913),Alec Burks (37832227),LeBron James (37831767),Zion Williamson (37831787),Isaiah Hartenstein (37831897),Keyonte George (37831887),KJ Martin (37832113),Kyle Filipowski (37831966),322.51553819444445,428.9318474849117,49900,100.00%,0,101.09%,0,252.72,$4.04,UTA 4,MIA 1,user20,51,marvalshot,12187,4653759158_20
Devin Booker (37831783),Alec Burks (37832227),Duncan Robinson (37832000),KJ Martin (37832113),Kyle Filipowski (37831966),Keyonte George (37831887),LeBron James (37831767),Jalen Williams (37831829),321.5384548611111,411.14380374081924,50000,100.00%,0,98.33%,0,243.06,$3.93,UTA 3,MIA 2,user21,49,marvalshot,14733,4653759159_21
Isaiah Collier (37831913),Cason Wallace (37832096),LeBron James (37831767),Bam Adebayo (37831821),Isaiah Hartenstein (37831897),Keyonte George (37831887),KJ Martin (37832113),Kyle Filipowski (37831966),330.4637326388888,427.01913172426083,49900,100.00%,5,161.25%,0,245.82,$6.45,UTA 4,OKC 2,user20,50,marvalshot,8551,4653759160_20
Isaiah Collier (37831913),Gradey Dick (37832076),LeBron James (37831767),Jalen Williams (37831829),Isaiah Hartenstein (37831897),Keyonte George (37831887),KJ Martin (37832113),Kyle Filipowski (37831966),316.70970052083334,415.40555977159596,49800,100.00%,0,61.77%,0,250.31,$2.47,UTA 4,OKC 2,user20,50,marvalshot,11994,4653759161_20
Shai Gilgeous-Alexander (37831764),Alec Burks (37832227),Franz Wagner (37831801),Paolo Banchero (37831809),Kyle Filipowski (37831966),Keyonte George (37831887),KJ Martin (37832113),Brice Sensabaugh (37832065),310.46605902777776,401.44592029881466,49900,99.53%,0,38.34%,0,270.49,$1.53,UTA 4,ORL 2,user21,49,marvalshot,14734,4653759162_21
Tyler Herro (37831794),Stephon Castle (37831933),Brice Sensabaugh (37832065),KJ Martin (37832113),Kyle Filipowski (37831966),Isaiah Collier (37831913),LeBron James (37831767),Keyonte George (37831887),317.5679340277777,415.8839181351151,49900,100.00%,0,69.66%,0,255.03000000000003,$2.79,UTA 5,MIA 1,user20,50,marvalshot,10732,4653759163_20
Alec Burks (37832227),Anthony Edwards (37831776),Jalen Williams (37831829),Bam Adebayo (37831821),Isaiah Hartenstein (37831897),Keyonte George (37831887),KJ Martin (37832113),Kyle Filipowski (37831966),336.7219618055555,427.84594188937444,49800,100.00%,5498,223.85%,0,256.46999999999997,$8.95,UTA 3,MIA 2,user21,49,marvalshot,4103,4653759164_21
Keyonte George (37831887),Alec Burks (37832227),LeBron James (37831767),Kelly Olynyk (37831968),Kel'el Ware (37831949),Shai Gilgeous-Alexander (37831764),KJ Martin (37832113),Kyle Filipowski (37831966),343.34555555555556,440.0515550011675,49800,100.00%,48485,408.02%,0,252.18,$16.32,UTA 3,MIA 2,user21,48,marvalshot,4601,4653759165_21
Keyonte George (37831887),Svi Mykhailiuk (37832164),Jalen Williams (37831829),KJ Martin (37832113),Isaiah Hartenstein (37831897),Isaiah Collier (37831913),LeBron James (37831767),Kyle Filipowski (37831966),326.8916493055555,431.1569648462432,49200,100.00%,0,135.39%,0,238.32,$5.42,UTA 5,OKC 2,user29,39,marvalshot,12594,4653759166_29
Alec Burks (37832227),Anthony Edwards (37831776),Jalen Williams (37831829),KJ Martin (37832113),Nick Richards (37832024),Keyonte George (37831887),LeBron James (37831767),Kyle Filipowski (37831966),329.11048611111113,427.35969072372995,50000,100.00%,0,151.14%,0,262.25,$6.05,UTA 3,MIA 1,user24,46,marvalshot,14752,4653759167_24
Isaiah Collier (37831913),Alec Burks (37832227),LeBron James (37831767),Zion Williamson (37831787),Isaiah Hartenstein (37831897),Keyonte George (37831887),KJ Martin (37832113),Kyle Filipowski (37831966),322.51553819444445,428.9318474849117,49900,100.00%,0,101.09%,0,252.72,$4.04,UTA 4,MIA 1,user21,51,marvalshot,12187,4653759158_21
Devin Booker (37831783),Alec Burks (37832227),Duncan Robinson (37832000),KJ Martin (37832113),Kyle Filipowski (37831966),Keyonte George (37831887),LeBron James (37831767),Jalen Williams (37831829),321.5384548611111,411.14380374081924,50000,100.00%,0,98.33%,0,243.06,$3.93,UTA 3,MIA 2,user22,49,marvalshot,14733,4653759159_22
Isaiah Collier (37831913),Cason Wallace (37832096),LeBron James (37831767),Bam Adebayo (37831821),Isaiah Hartenstein (37831897),Keyonte George (37831887),KJ Martin (37832113),Kyle Filipowski (37831966),330.4637326388888,427.01913172426083,49900,100.00%,5,161.25%,0,245.82,$6.45,UTA 4,OKC 2,user21,50,marvalshot,8551,4653759160_21
Isaiah Collier (37831913),Gradey Dick (37832076),LeBron James (37831767),Jalen Williams (37831829),Isaiah Hartenstein (37831897),Keyonte George (37831887),KJ Martin (37832113),Kyle Filipowski (37831966),316.70970052083334,415.40555977159596,49800,100.00%,0,61.77%,0,250.31,$2.47,UTA 4,OKC 2,user21,50,marvalshot,11994,4653759161_21
Shai Gilgeous-Alexander (37831764),Alec Burks (37832227),Franz Wagner (37831801),Paolo Banchero (37831809),Kyle Filipowski (37831966),Keyonte George (37831887),KJ Martin (37832113),Brice Sensabaugh (37832065),310.46605902777776,401.44592029881466,49900,99.53%,0,38.34%,0,270.49,$1.53,UTA 4,ORL 2,user22,49,marvalshot,14734,4653759162_22
Tyler Herro (37831794),Stephon Castle (37831933),Brice Sensabaugh (37832065),KJ Martin (37832113),Kyle Filipowski (37831966),Isaiah Collier (37831913),LeBron James (37831767),Keyonte George (37831887),317.5679340277777,415.8839181351151,49900,100.00%,0,69.66%,0,255.03000000000003,$2.79,UTA 5,MIA 1,user21,50,marvalshot,10732,4653759163_21
Alec Burks (37832227),Anthony Edwards (37831776),Jalen Williams (37831829),Bam Adebayo (37831821),Isaiah Hartenstein (37831897),Keyonte George (37831887),KJ Martin (37832113),Kyle Filipowski (37831966),336.7219618055555,427.84594188937444,49800,100.00%,5498,223.85%,0,256.46999999999997,$8.95,UTA 3,MIA 2,user22,49,marvalshot,4103,4653759164_22
Keyonte George (37831887),Alec Burks (37832227),LeBron James (37831767),Kelly Olynyk (37831968),Kel'el Ware (37831949),Shai Gilgeous-Alexander (37831764),KJ Martin (37832113),Kyle Filipowski (37831966),343.34555555555556,440.0515550011675,49800,100.00%,48485,408.02%,0,252.18,$16.32,UTA 3,MIA 2,user22,48,marvalshot,4601,4653759165_22
Keyonte George (37831887),Svi Mykhailiuk (37832164),Jalen Williams (37831829),KJ Martin (37832113),Isaiah Hartenstein (37831897),Isaiah Collier (37831913),LeBron James (37831767),Kyle Filipowski (37831966),326.8916493055555,431.1569648462432,49200,100.00%,0,135.39%,0,238.32,$5.42,UTA 5,OKC 2,user30,39,marvalshot,12594,4653759166_30
Alec Burks (37832227),Anthony Edwards (37831776),Jalen Williams (37831829),KJ Martin (37832113),Nick Richards (37832024),Keyonte George (37831887),LeBron James (37831767),Kyle Filipowski (37831966),329.11048611111113,427.35969072372995,50000,100.00%,0,151.14%,0,262.25,$6.05,UTA 3,MIA 1,user25,46,marvalshot,14752,4653759167_25
Isaiah Collier (37831913),Alec Burks (37832227),LeBron James (37831767),Zion Williamson (37831787),Isaiah Hartenstein (37831897),Keyonte George (37831887),KJ Martin (37832113),Kyle Filipowski (37831966),322.51553819444445,428.9318474849117,49900,100.00%,0,101.09%,0,252.72,$4.04,UTA 4,MIA 1,user22,51,marvalshot,12187,4653759158_22
Devin Booker (37831783),Alec Burks (37832227),Duncan Robinson (37832000),KJ Martin (37832113),Kyle Filipowski (37831966),Keyonte George (37831887),LeBron James (37831767),Jalen Williams (37831829),321.5384548611111,411.14380374081924,50000,100.00%,0,98.33%,0,243.06,$3.93,UTA 3,MIA 2,user23,49,marvalshot,14733,4653759159_23
Isaiah Collier (37831913),Cason Wallace (37832096),LeBron James (37831767),Bam Adebayo (37831821),Isaiah Hartenstein (37831897),Keyonte George (37831887),KJ Martin (37832113),Kyle Filipowski (37831966),330.4637326388888,427.01913172426083,49900,100.00%,5,161.25%,0,245.82,$6.45,UTA 4,OKC 2,user22,50,marvalshot,8551,4653759160_22
Isaiah Collier (37831913),Gradey Dick (37832076),LeBron James (37831767),Jalen Williams (37831829),Isaiah Hartenstein (37831897),Keyonte George (37831887),KJ Martin (37832113),Kyle Filipowski (37831966),316.70970052083334,415.40555977159596,49800,100.00%,0,61.77%,0,250.31,$2.47,UTA 4,OKC 2,user22,50,marvalshot,11994,4653759161_22
Shai Gilgeous-Alexander (37831764),Alec Burks (37832227),Franz Wagner (37831801),Paolo Banchero (37831809),Kyle Filipowski (37831966),Keyonte George (37831887),KJ Martin (37832113),Brice Sensabaugh (37832065),310.46605902777776,401.44592029881466,49900,99.53%,0,38.34%,0,270.49,$1.53,UTA 4,ORL 2,user23,49,marvalshot,14734,4653759162_23
Tyler Herro (37831794),Stephon Castle (37831933),Brice Sensabaugh (37832065),KJ Martin (37832113),Kyle Filipowski (37831966),Isaiah Collier (37831913),LeBron James (37831767),Keyonte George (37831887),317.5679340277777,415.8839181351151,49900,100.00%,0,69.66%,0,255.03000000000003,$2.79,UTA 5,MIA 1,user22,50,marvalshot,10732,4653759163_22
Alec Burks (37832227),Anthony Edwards (37831776),Jalen Williams (37831829),Bam Adebayo (37831821),Isaiah Hartenstein (37831897),Keyonte George (37831887),KJ Martin (37832113),Kyle Filipowski (37831966),336.7219618055555,427.84594188937444,49800,100.00%,5498,223.85%,0,256.46999999999997,$8.95,UTA 3,MIA 2,user23,49,marvalshot,4103,4653759164_23
Keyonte George (37831887),Alec Burks (37832227),LeBron James (37831767),Kelly Olynyk (37831968),Kel'el Ware (37831949),Shai Gilgeous-Alexander (37831764),KJ Martin (37832113),Kyle Filipowski (37831966),343.34555555555556,440.0515550011675,49800,100.00%,48485,408.02%,0,252.18,$16.32,UTA 3,MIA 2,user23,48,marvalshot,4601,4653759165_23
Keyonte George (37831887),Svi Mykhailiuk (37832164),Jalen Williams (37831829),KJ Martin (37832113),Isaiah Hartenstein (37831897),Isaiah Collier (37831913),LeBron James (37831767),Kyle Filipowski (37831966),326.8916493055555,431.1569648462432,49200,100.00%,0,135.39%,0,238.32,$5.42,UTA 5,OKC 2,user31,39,marvalshot,12594,4653759166_31
Alec Burks (37832227),Anthony Edwards (37831776),Jalen Williams (37831829),KJ Martin (37832113),Nick Richards (37832024),Keyonte George (37831887),LeBron James (37831767),Kyle Filipowski (37831966),329.11048611111113,427.35969072372995,50000,100.00%,0,151.14%,0,262.25,$6.05,UTA 3,MIA 1,user26,46,marvalshot,14752,4653759167_26
Isaiah Collier (37831913),Alec Burks (37832227),LeBron James (37831767),Zion Williamson (37831787),Isaiah Hartenstein (37831897),Keyonte George (37831887),KJ Martin (37832113),Kyle Filipowski (37831966),322.51553819444445,428.9318474849117,49900,100.00%,0,101.09%,0,252.72,$4.04,UTA 4,MIA 1,user23,51,marvalshot,12187,4653759158_23
Devin Booker (37831783),Alec Burks (37832227),Duncan Robinson (37832000),KJ Martin (37832113),Kyle Filipowski (37831966),Keyonte George (37831887),LeBron James (37831767),Jalen Williams (37831829),321.5384548611111,411.14380374081924,50000,100.00%,0,98.33%,0,243.06,$3.93,UTA 3,MIA 2,user24,49,marvalshot,14733,4653759159_24
Isaiah Collier (37831913),Cason Wallace (37832096),LeBron James (37831767),Bam Adebayo (37831821),Isaiah Hartenstein (37831897),Keyonte George (37831887),KJ Martin (37832113),Kyle Filipowski (37831966),330.4637326388888,427.01913172426083,49900,100.00%,5,161.25%,0,245.82,$6.45,UTA 4,OKC 2,user23,50,marvalshot,8551,4653759160_23
Isaiah Collier (37831913),Gradey Dick (37832076),LeBron James (37831767),Jalen Williams (37831829),Isaiah Hartenstein (37831897),Keyonte George (37831887),KJ Martin (37832113),Kyle Filipowski (37831966),316.70970052083334,415.40555977159596,49800,100.00%,0,61.77%,0,250.31,$2.47,UTA 4,OKC 2,user23,50,marvalshot,11994,4653759161_23
Shai Gilgeous-Alexander (37831764),Alec Burks (37832227),Franz Wagner (37831801),Paolo Banchero (37831809),Kyle Filipowski (37831966),Keyonte George (37831887),KJ Martin (37832113),Brice Sensabaugh (37832065),310.46605902777776,401.44592029881466,49900,99.53%,0,38.34%,0,270.49,$1.53,UTA 4,ORL 2,user24,49,marvalshot,14734,4653759162_24
Tyler Herro (37831794),Stephon Castle (37831933),Brice Sensabaugh (37832065),KJ Martin (37832113),Kyle Filipowski (37831966),Isaiah Collier (37831913),LeBron James (37831767),Keyonte George (37831887),317.5679340277777,415.8839181351151,49900,100.00%,0,69.66%,0,255.03000000000003,$2.79,UTA 5,MIA 1,user23,50,marvalshot,10732,4653759163_23
Alec Burks (37832227),Anthony Edwards (37831776),Jalen Williams (37831829),Bam Adebayo (37831821),Isaiah Hartenstein (37831897),Keyonte George (37831887),KJ Martin (37832113),Kyle Filipowski (37831966),336.7219618055555,427.84594188937444,49800,100.00%,5498,223.85%,0,256.46999999999997,$8.95,UTA 3,MIA 2,user24,49,marvalshot,4103,4653759164_24
Keyonte George (37831887),Alec Burks (37832227),LeBron James (37831767),Kelly Olynyk (37831968),Kel'el Ware (37831949),Shai Gilgeous-Alexander (37831764),KJ Martin (37832113),Kyle Filipowski (37831966),343.34555555555556,440.0515550011675,49800,100.00%,48485,408.02%,0,252.18,$16.32,UTA 3,MIA 2,user24,48,marvalshot,4601,4653759165_24
Keyonte George (37831887),Svi Mykhailiuk (37832164),Jalen Williams (37831829),KJ Martin (37832113),Isaiah Hartenstein (37831897),Isaiah Collier (37831913),LeBron James (37831767),Kyle Filipowski (37831966),326.8916493055555,431.1569648462432,49200,100.00%,0,135.39%,0,238.32,$5.42,UTA 5,OKC 2,user32,39,marvalshot,12594,4653759166_32
Alec Burks (37832227),Anthony Edwards (37831776),Jalen Williams (37831829),KJ Martin (37832113),Nick Richards (37832024),Keyonte George (37831887),LeBron James (37831767),Kyle Filipowski (37831966),329.11048611111113,427.35969072372995,50000,100.00%,0,151.14%,0,262.25,$6.05,UTA 3,MIA 1,user27,46,marvalshot,14752,4653759167_27
Isaiah Collier (37831913),Alec Burks (37832227),LeBron James (37831767),Zion Williamson (37831787),Isaiah Hartenstein (37831897),Keyonte George (37831887),KJ Martin (37832113),Kyle Filipowski (37831966),322.51553819444445,428.9318474849117,49900,100.00%,0,101.09%,0,252.72,$4.04,UTA 4,MIA 1,user24,51,marvalshot,12187,4653759158_24
Devin Booker (37831783),Alec Burks (37832227),Duncan Robinson (37832000),KJ Martin (37832113),Kyle Filipowski (37831966),Keyonte George (37831887),LeBron James (37831767),Jalen Williams (37831829),321.5384548611111,411.14380374081924,50000,100.00%,0,98.33%,0,243.06,$3.93,UTA 3,MIA 2,user25,49,marvalshot,14733,4653759159_25
Isaiah Collier (37831913),Cason Wallace (37832096),LeBron James (37831767),Bam Adebayo (37831821),Isaiah Hartenstein (37831897),Keyonte George (37831887),KJ Martin (37832113),Kyle Filipowski (37831966),330.4637326388888,427.01913172426083,49900,100.00%,5,161.25%,0,245.82,$6.45,UTA 4,OKC 2,user24,50,marvalshot,8551,4653759160_24
Isaiah Collier (37831913),Gradey Dick (37832076),LeBron James (37831767),Jalen Williams (37831829),Isaiah Hartenstein (37831897),Keyonte George (37831887),KJ Martin (37832113),Kyle Filipowski (37831966),316.70970052083334,415.40555977159596,49800,100.00%,0,61.77%,0,250.31,$2.47,UTA 4,OKC 2,user24,50,marvalshot,11994,4653759161_24
Shai Gilgeous-Alexander (37831764),Alec Burks (37832227),Franz Wagner (37831801),Paolo Banchero (37831809),Kyle Filipowski (37831966),Keyonte George (37831887),KJ Martin (37832113),Brice Sensabaugh (37832065),310.46605902777776,401.44592029881466,49900,99.53%,0,38.34%,0,270.49,$1.53,UTA 4,ORL 2,user25,49,marvalshot,14734,4653759162_25
Tyler Herro (37831794),Stephon Castle (37831933),Brice Sensabaugh (37832065),KJ Martin (37832113),Kyle Filipowski (37831966),Isaiah Collier (37831913),LeBron James (37831767),Keyonte George (37831887),317.5679340277777,415.8839181351151,49900,100.00%,0,69.66%,0,255.03000000000003,$2.79,UTA 5,MIA 1,user24,50,marvalshot,10732,4653759163_24
Alec Burks (37832227),Anthony Edwards (37831776),Jalen Williams (37831829),Bam Adebayo (37831821),Isaiah Hartenstein (37831897),Keyonte George (37831887),KJ Martin (37832113),Kyle Filipowski (37831966),336.7219618055555,427.84594188937444,49800,100.00%,5498,223.85%,0,256.46999999999997,$8.95,UTA 3,MIA 2,user25,49,marvalshot,4103,4653759164_25
Keyonte George (37831887),Alec Burks (37832227),LeBron James (37831767),Kelly Olynyk (37831968),Kel'el Ware (37831949),Shai Gilgeous-Alexander (37831764),KJ Martin (37832113),Kyle Filipowski (37831966),343.34555555555556,440.0515550011675,49800,100.00%,48485,408.02%,0,252.18,$16.32,UTA 3,MIA 2,user25,48,marvalshot,4601,4653759165_25
Keyonte George (37831887),Svi Mykhailiuk (37832164),Jalen Williams (37831829),KJ Martin (37832113),Isaiah Hartenstein (37831897),Isaiah Collier (37831913),LeBron James (37831767),Kyle Filipowski (37831966),326.8916493055555,431.1569648462432,49200,100.00%,0,135.39%,0,238.32,$5.42,UTA 5,OKC 2,user33,39,marvalshot,12594,4653759166_33
Alec Burks (37832227),Anthony Edwards (37831776),Jalen Williams (37831829),KJ Martin (37832113),Nick Richards (37832024),Keyonte George (37831887),LeBron James (37831767),Kyle Filipowski (37831966),329.11048611111113,427.35969072372995,50000,100.00%,0,151.14%,0,262.25,$6.05,UTA 3,MIA 1,user28,46,marvalshot,14752,4653759167_28
Isaiah Collier (37831913),Alec Burks (37832227),LeBron James (37831767),Zion Williamson (37831787),Isaiah Hartenstein (37831897),Keyonte George (37831887),KJ Martin (37832113),Kyle Filipowski (37831966),322.51553819444445,428.9318474849117,49900,100.00%,0,101.09%,0,252.72,$4.04,UTA 4,MIA 1,user25,51,marvalshot,12187,4653759158_25
Devin Booker (37831783),Alec Burks (37832227),Duncan Robinson (37832000),KJ Martin (37832113),Kyle Filipowski (37831966),Keyonte George (37831887),LeBron James (37831767),Jalen Williams (37831829),321.5384548611111,411.14380374081924,50000,100.00%,0,98.33%,0,243.06,$3.93,UTA 3,MIA 2,user26,49,marvalshot,14733,4653759159_26
Isaiah Collier (37831913),Cason Wallace (37832096),LeBron James (37831767),Bam Adebayo (37831821),Isaiah Hartenstein (37831897),Keyonte George (37831887),KJ Martin (37832113),Kyle Filipowski (37831966),330.4637326388888,427.01913172426083,49900,100.00%,5,161.25%,0,245.82,$6.45,UTA 4,OKC 2,user25,50,marvalshot,8551,4653759160_25
Isaiah Collier (37831913),Gradey Dick (37832076),LeBron James (37831767),Jalen Williams (37831829),Isaiah Hartenstein (37831897),Keyonte George (37831887),KJ Martin (37832113),Kyle Filipowski (37831966),316.70970052083334,415.40555977159596,49800,100.00%,0,61.77%,0,250.31,$2.47,UTA 4,OKC 2,user25,50,marvalshot,11994,4653759161_25
Shai Gilgeous-Alexander (37831764),Alec Burks (37832227),Franz Wagner (37831801),Paolo Banchero (37831809),Kyle Filipowski (37831966),Keyonte George (37831887),KJ Martin (37832113),Brice Sensabaugh (37832065),310.46605902777776,401.44592029881466,49900,99.53%,0,38.34%,0,270.49,$1.53,UTA 4,ORL 2,user26,49,marvalshot,14734,4653759162_26
Tyler Herro (37831794),Stephon Castle (37831933),Brice Sensabaugh (37832065),KJ Martin (37832113),Kyle Filipowski (37831966),Isaiah Collier (37831913),LeBron James (37831767),Keyonte George (37831887),317.5679340277777,415.8839181351151,49900,100.00%,0,69.66%,0,255.03000000000003,$2.79,UTA 5,MIA 1,user25,50,marvalshot,10732,4653759163_25
Alec Burks (37832227),Anthony Edwards (37831776),Jalen Williams (37831829),Bam Adebayo (37831821),Isaiah Hartenstein (37831897),Keyonte George (37831887),KJ Martin (37832113),Kyle Filipowski (37831966),336.7219618055555,427.84594188937444,49800,100.00%,5498,223.85%,0,256.46999999999997,$8.95,UTA 3,MIA 2,user26,49,marvalshot,4103,4653759164_26
Keyonte George (37831887),Alec Burks (37832227),LeBron James (37831767),Kelly Olynyk (37831968),Kel'el Ware (37831949),Shai Gilgeous-Alexander (37831764),KJ Martin (37832113),Kyle Filipowski (37831966),343.34555555555556,440.0515550011675,49800,100.00%,48485,408.02%,0,252.18,$16.32,UTA 3,MIA 2,user26,48,marvalshot,4601,4653759165_26
Keyonte George (37831887),Svi Mykhailiuk (37832164),Jalen Williams (37831829),KJ Martin (37832113),Isaiah Hartenstein (37831897),Isaiah Collier (37831913),LeBron James (37831767),Kyle Filipowski (37831966),326.8916493055555,431.1569648462432,49200,100.00%,0,135.39%,0,238.32,$5.42,UTA 5,OKC 2,user34,39,marvalshot,12594,4653759166_34
Alec Burks (37832227),Anthony Edwards (37831776),Jalen Williams (37831829),KJ Martin (37832113),Nick Richards (37832024),Keyonte George (37831887),LeBron James (37831767),Kyle Filipowski (37831966),329.11048611111113,427.35969072372995,50000,100.00%,0,151.14%,0,262.25,$6.05,UTA 3,MIA 1,user29,46,marvalshot,14752,4653759167_29
Isaiah Collier (37831913),Alec Burks (37832227),LeBron James (37831767),Zion Williamson (37831787),Isaiah Hartenstein (37831897),Keyonte George (37831887),KJ Martin (37832113),Kyle Filipowski (37831966),322.51553819444445,428.9318474849117,49900,100.00%,0,101.09%,0,252.72,$4.04,UTA 4,MIA 1,user26,51,marvalshot,12187,4653759158_26
Devin Booker (37831783),Alec Burks (37832227),Duncan Robinson (37832000),KJ Martin (37832113),Kyle Filipowski (37831966),Keyonte George (37831887),LeBron James (37831767),Jalen Williams (37831829),321.5384548611111,411.14380374081924,50000,100.00%,0,98.33%,0,243.06,$3.93,UTA 3,MIA 2,user27,49,marvalshot,14733,4653759159_27
Isaiah Collier (37831913),Cason Wallace (37832096),LeBron James (37831767),Bam Adebayo (37831821),Isaiah Hartenstein (37831897),Keyonte George (37831887),KJ Martin (37832113),Kyle Filipowski (37831966),330.4637326388888,427.01913172426083,49900,100.00%,5,161.25%,0,245.82,$6.45,UTA 4,OKC 2,user26,50,marvalshot,8551,4653759160_26
Isaiah Collier (37831913),Gradey Dick (37832076),LeBron James (37831767),Jalen Williams (37831829),Isaiah Hartenstein (37831897),Keyonte George (37831887),KJ Martin (37832113),Kyle Filipowski (37831966),316.70970052083334,415.40555977159596,49800,100.00%,0,61.77%,0,250.31,$2.47,UTA 4,OKC 2,user26,50,marvalshot,11994,4653759161_26
Shai Gilgeous-Alexander (37831764),Alec Burks (37832227),Franz Wagner (37831801),Paolo Banchero (37831809),Kyle Filipowski (37831966),Keyonte George (37831887),KJ Martin (37832113),Brice Sensabaugh (37832065),310.46605902777776,401.44592029881466,49900,99.53%,0,38.34%,0,270.49,$1.53,UTA 4,ORL 2,user27,49,marvalshot,14734,4653759162_27
Tyler Herro (37831794),Stephon Castle (37831933),Brice Sensabaugh (37832065),KJ Martin (37832113),Kyle Filipowski (37831966),Isaiah Collier (37831913),LeBron James (37831767),Keyonte George (37831887),317.5679340277777,415.8839181351151,49900,100.00%,0,69.66%,0,255.03000000000003,$2.79,UTA 5,MIA 1,user26,50,marvalshot,10732,4653759163_26
Alec Burks (37832227),Anthony Edwards (37831776),Jalen Williams (37831829),Bam Adebayo (37831821),Isaiah Hartenstein (37831897),Keyonte George (37831887),KJ Martin (37832113),Kyle Filipowski (37831966),336.7219618055555,427.84594188937444,49800,100.00%,5498,223.85%,0,256.46999999999997,$8.95,UTA 3,MIA 2,user27,49,marvalshot,4103,4653759164_27
Keyonte George (37831887),Alec Burks (37832227),LeBron James (37831767),Kelly Olynyk (37831968),Kel'el Ware (37831949),Shai Gilgeous-Alexander (37831764),KJ Martin (37832113),Kyle Filipowski (37831966),343.34555555555556,440.0515550011675,49800,100.00%,48485,408.02%,0,252.18,$16.32,UTA 3,MIA 2,user27,48,marvalshot,4601,4653759165_27
Keyonte George (37831887),Svi Mykhailiuk (37832164),Jalen Williams (37831829),KJ Martin (37832113),Isaiah Hartenstein (37831897),Isaiah Collier (37831913),LeBron James (37831767),Kyle Filipowski (37831966),326.8916493055555,431.1569648462432,49200,100.00%,0,135.39%,0,238.32,$5.42,UTA 5,OKC 2,user35,39,marvalshot,12594,4653759166_35
Alec Burks (37832227),Anthony Edwards (37831776),Jalen Williams (37831829),KJ Martin (37832113),Nick Richards (37832024),Keyonte George (37831887),LeBron James (37831767),Kyle Filipowski (37831966),329.11048611111113,427.35969072372995,50000,100.00%,0,151.14%,0,262.25,$6.05,UTA 3,MIA 1,user30,46,marvalshot,14752,4653759167_30
Isaiah Collier (37831913),Alec Burks (37832227),LeBron James (37831767),Zion Williamson (37831787),Isaiah Hartenstein (37831897),Keyonte George (37831887),KJ Martin (37832113),Kyle Filipowski (37831966),322.51553819444445,428.9318474849117,49900,100.00%,0,101.09%,0,252.72,$4.04,UTA 4,MIA 1,user27,51,marvalshot,12187,4653759158_27
Devin Booker (37831783),Alec Burks (37832227),Duncan Robinson (37832000),KJ Martin (37832113),Kyle Filipowski (37831966),Keyonte George (37831887),LeBron James (37831767),Jalen Williams (37831829),321.5384548611111,411.14380374081924,50000,100.00%,0,98.33%,0,243.06,$3.93,UTA 3,MIA 2,user28,49,marvalshot,14733,4653759159_28
Isaiah Collier (37831913),Cason Wallace (37832096),LeBron James (37831767),Bam Adebayo (37831821),Isaiah Hartenstein (37831897),Keyonte George (37831887),KJ Martin (37832113),Kyle Filipowski (37831966),330.4637326388888,427.01913172426083,49900,100.00%,5,161.25%,0,245.82,$6.45,UTA 4,OKC 2,user27,50,marvalshot,8551,4653759160_27
Isaiah Collier (37831913),Gradey Dick (37832076),LeBron James (37831767),Jalen Williams (37831829),Isaiah Hartenstein (37831897),Keyonte George (37831887),KJ Martin (37832113),Kyle Filipowski (37831966),316.70970052083334,415.40555977159596,49800,100.00%,0,61.77%,0,250.31,$2.47,UTA 4,OKC 2,user27,50,marvalshot,11994,4653759161_27
Shai Gilgeous-Alexander (37831764),Alec Burks (37832227),Franz Wagner (37831801),Paolo Banchero (37831809),Kyle Filipowski (37831966),Keyonte George (37831887),KJ Martin (37832113),Brice Sensabaugh (37832065),310.46605902777776,401.44592029881466,49900,99.53%,0,38.34%,0,270.49,$1.53,UTA 4,ORL 2,user28,49,marvalshot,14734,4653759162_28
Tyler Herro (37831794),Stephon Castle (37831933),Brice Sensabaugh (37832065),KJ Martin (37832113),Kyle Filipowski (37831966),Isaiah Collier (37831913),LeBron James (37831767),Keyonte George (37831887),317.5679340277777,415.8839181351151,49900,100.00%,0,69.66%,0,255.03000000000003,$2.79,UTA 5,MIA 1,user27,50,marvalshot,10732,4653759163_27
Alec Burks (37832227),Anthony Edwards (37831776),Jalen Williams (37831829),Bam Adebayo (37831821),Isaiah Hartenstein (37831897),Keyonte George (37831887),KJ Martin (37832113),Kyle Filipowski (37831966),336.7219618055555,427.84594188937444,49800,100.00%,5498,223.85%,0,256.46999999999997,$8.95,UTA 3,MIA 2,user28,49,marvalshot,4103,4653759164_28
Keyonte George (37831887),Alec Burks (37832227),LeBron James (37831767),Kelly Olynyk (37831968),Kel'el Ware (37831949),Shai Gilgeous-Alexander (37831764),KJ Martin (37832113),Kyle Filipowski (37831966),343.34555555555556,440.0515550011675,49800,100.00%,48485,408.02%,0,252.18,$16.32,UTA 3,MIA 2,user28,48,marvalshot,4601,4653759165_28
Keyonte George (37831887),Svi Mykhailiuk (37832164),Jalen Williams (37831829),KJ Martin (37832113),Isaiah Hartenstein (37831897),Isaiah Collier (37831913),LeBron James (37831767),Kyle Filipowski (37831966),326.8916493055555,431.1569648462432,49200,100.00%,0,135.39%,0,238.32,$5.42,UTA 5,OKC 2,user36,39,marvalshot,12594,4653759166_36
Alec Burks (37832227),Anthony Edwards (37831776),Jalen Williams (37831829),KJ Martin (37832113),Nick Richards (37832024),Keyonte George (37831887),LeBron James (37831767),Kyle Filipowski (37831966),329.11048611111113,427.35969072372995,50000,100.00%,0,151.14%,0,262.25,$6.05,UTA 3,MIA 1,user31,46,marvalshot,14752,4653759167_31
Isaiah Collier (37831913),Alec Burks (37832227),LeBron James (37831767),Zion Williamson (37831787),Isaiah Hartenstein (37831897),Keyonte George (37831887),KJ Martin (37832113),Kyle Filipowski (37831966),322.51553819444445,428.9318474849117,49900,100.00%,0,101.09%,0,252.72,$4.04,UTA 4,MIA 1,user28,51,marvalshot,12187,4653759158_28
Devin Booker (37831783),Alec Burks (37832227),Duncan Robinson (37832000),KJ Martin (37832113),Kyle Filipowski (37831966),Keyonte George (37831887),LeBron James (37831767),Jalen Williams (37831829),321.5384548611111,411.14380374081924,50000,100.00%,0,98.33%,0,243.06,$3.93,UTA 3,MIA 2,user29,49,marvalshot,14733,4653759159_29
Isaiah Collier (37831913),Cason Wallace (37832096),LeBron James (37831767),Bam Adebayo (37831821),Isaiah Hartenstein (37831897),Keyonte George (37831887),KJ Martin (37832113),Kyle Filipowski (37831966),330.4637326388888,427.01913172426083,49900,100.00%,5,161.25%,0,245.82,$6.45,UTA 4,OKC 2,user28,50,marvalshot,8551,4653759160_28
Isaiah Collier (37831913),Gradey Dick (37832076),LeBron James (37831767),Jalen Williams (37831829),Isaiah Hartenstein (37831897),Keyonte George (37831887),KJ Martin (37832113),Kyle Filipowski (37831966),316.70970052083334,415.40555977159596,49800,100.00%,0,61.77%,0,250.31,$2.47,UTA 4,OKC 2,user28,50,marvalshot,11994,4653759161_28
Shai Gilgeous-Alexander (37831764),Alec Burks (37832227),Franz Wagner (37831801),Paolo Banchero (37831809),Kyle Filipowski (37831966),Keyonte George (37831887),KJ Martin (37832113),Brice Sensabaugh (37832065),310.46605902777776,401.44592029881466,49900,99.53%,0,38.34%,0,270.49,$1.53,UTA 4,ORL 2,user29,49,marvalshot,14734,4653759162_29
Tyler Herro (37831794),Stephon Castle (37831933),Brice Sensabaugh (37832065),KJ Martin (37832113),Kyle Filipowski (37831966),Isaiah Collier (37831913),LeBron James (37831767),Keyonte George (37831887),317.5679340277777,415.8839181351151,49900,100.00%,0,69.66%,0,255.03000000000003,$2.79,UTA 5,MIA 1,user28,50,marvalshot,10732,4653759163_28
Alec Burks (37832227),Anthony Edwards (37831776),Jalen Williams (37831829),Bam Adebayo (37831821),Isaiah Hartenstein (37831897),Keyonte George (37831887),KJ Martin (37832113),Kyle Filipowski (37831966),336.7219618055555,427.84594188937444,49800,100.00%,5498,223.85%,0,256.46999999999997,$8.95,UTA 3,MIA 2,user29,49,marvalshot,4103,4653759164_29
Keyonte George (37831887),Alec Burks (37832227),LeBron James (37831767),Kelly Olynyk (37831968),Kel'el Ware (37831949),Shai Gilgeous-Alexander (37831764),KJ Martin (37832113),Kyle Filipowski (37831966),343.34555555555556,440.0515550011675,49800,100.00%,48485,408.02%,0,252.18,$16.32,UTA 3,MIA 2,user29,48,marvalshot,4601,4653759165_29
Keyonte George (37831887),Svi Mykhailiuk (37832164),Jalen Williams (37831829),KJ Martin (37832113),Isaiah Hartenstein (37831897),Isaiah Collier (37831913),LeBron James (37831767),Kyle Filipowski (37831966),326.8916493055555,431.1569648462432,49200,100.00%,0,135.39%,0,238.32,$5.42,UTA 5,OKC 2,user37,39,marvalshot,12594,4653759166_37
Alec Burks (37832227),Anthony Edwards (37831776),Jalen Williams (37831829),KJ Martin (37832113),Nick Richards (37832024),Keyonte George (37831887),LeBron James (37831767),Kyle Filipowski (37831966),329.11048611111113,427.35969072372995,50000,100.00%,0,151.14%,0,262.25,$6.05,UTA 3,MIA 1,user32,46,marvalshot,14752,4653759167_32
Isaiah Collier (37831913),Alec Burks (37832227),LeBron James (37831767),Zion Williamson (37831787),Isaiah Hartenstein (37831897),Keyonte George (37831887),KJ Martin (37832113),Kyle Filipowski (37831966),322.51553819444445,428.9318474849117,49900,100.00%,0,101.09%,0,252.72,$4.04,UTA 4,MIA 1,user29,51,marvalshot,12187,4653759158_29
Devin Booker (37831783),Alec Burks (37832227),Duncan Robinson (37832000),KJ Martin (37832113),Kyle Filipowski (37831966),Keyonte George (37831887),LeBron James (37831767),Jalen Williams (37831829),321.5384548611111,411.14380374081924,50000,100.00%,0,98.33%,0,243.06,$3.93,UTA 3,MIA 2,user30,49,marvalshot,14733,4653759159_30
Isaiah Collier (37831913),Cason Wallace (37832096),LeBron James (37831767),Bam Adebayo (37831821),Isaiah Hartenstein (37831897),Keyonte George (37831887),KJ Martin (37832113),Kyle Filipowski (37831966),330.4637326388888,427.01913172426083,49900,100.00%,5,161.25%,0,245.82,$6.45,UTA 4,OKC 2,user29,50,marvalshot,8551,4653759160_29
Isaiah Collier (37831913),Gradey Dick (37832076),LeBron James (37831767),Jalen Williams (37831829),Isaiah Hartenstein (37831897),Keyonte George (37831887),KJ Martin (37832113),Kyle Filipowski (37831966),316.70970052083334,415.40555977159596,49800,100.00%,0,61.77%,0,250.31,$2.47,UTA 4,OKC 2,user29,50,marvalshot,11994,4653759161_29
Shai Gilgeous-Alexander (37831764),Alec Burks (37832227),Franz Wagner (37831801),Paolo Banchero (37831809),Kyle Filipowski (37831966),Keyonte George (37831887),KJ Martin (37832113),Brice Sensabaugh (37832065),310.46605902777776,401.44592029881466,49900,99.53%,0,38.34%,0,270.49,$1.53,UTA 4,ORL 2,user30,49,marvalshot,14734,4653759162_30
Tyler Herro (37831794),Stephon Castle (37831933),Brice Sensabaugh (37832065),KJ Martin (37832113),Kyle Filipowski (37831966),Isaiah Collier (37831913),LeBron James (37831767),Keyonte George (37831887),317.5679340277777,415.8839181351151,49900,100.00%,0,69.66%,0,255.03000000000003,$2.79,UTA 5,MIA 1,user29,50,marvalshot,10732,4653759163_29
Alec Burks (37832227),Anthony Edwards (37831776),Jalen Williams (37831829),Bam Adebayo (37831821),Isaiah Hartenstein (37831897),Keyonte George (37831887),KJ Martin (37832113),Kyle Filipowski (37831966),336.7219618055555,427.84594188937444,49800,100.00%,5498,223.85%,0,256.46999999999997,$8.95,UTA 3,MIA 2,user30,49,marvalshot,4103,4653759164_30
Keyonte George (37831887),Alec Burks (37832227),LeBron James (37831767),Kelly Olynyk (37831968),Kel'el Ware (37831949),Shai Gilgeous-Alexander (37831764),KJ Martin (37832113),Kyle Filipowski (37831966),343.34555555555556,440.0515550011675,49800,100.00%,48485,408.02%,0,252.18,$16.32,UTA 3,MIA 2,user30,48,marvalshot,4601,4653759165_30
Keyonte George (37831887),Svi Mykhailiuk (37832164),Jalen Williams (37831829),KJ Martin (37832113),Isaiah Hartenstein (37831897),Isaiah Collier (37831913),LeBron James (37831767),Kyle Filipowski (37831966),326.8916493055555,431.1569648462432,49200,100.00%,0,135.39%,0,238.32,$5.42,UTA 5,OKC 2,user38,39,marvalshot,12594,4653759166_38
Alec Burks (37832227),Anthony Edwards (37831776),Jalen Williams (37831829),KJ Martin (37832113),Nick Richards (37832024),Keyonte George (37831887),LeBron James (37831767),Kyle Filipowski (37831966),329.11048611111113,427.35969072372995,50000,100.00%,0,151.14%,0,262.25,$6.05,UTA 3,MIA 1,user33,46,marvalshot,14752,4653759167_33
Isaiah Collier (37831913),Alec Burks (37832227),LeBron James (37831767),Zion Williamson (37831787),Isaiah Hartenstein (37831897),Keyonte George (37831887),KJ Martin (37832113),Kyle Filipowski (37831966),322.51553819444445,428.9318474849117,49900,100.00%,0,101.09%,0,252.72,$4.04,UTA 4,MIA 1,user30,51,marvalshot,12187,4653759158_30
Devin Booker (37831783),Alec Burks (37832227),Duncan Robinson (37832000),KJ Martin (37832113),Kyle Filipowski (37831966),Keyonte George (37831887),LeBron James (37831767),Jalen Williams (37831829),321.5384548611111,411.14380374081924,50000,100.00%,0,98.33%,0,243.06,$3.93,UTA 3,MIA 2,user31,49,marvalshot,14733,4653759159_31
Isaiah Collier (37831913),Cason Wallace (37832096),LeBron James (37831767),Bam Adebayo (37831821),Isaiah Hartenstein (37831897),Keyonte George (37831887),KJ Martin (37832113),Kyle Filipowski (37831966),330.4637326388888,427.01913172426083,49900,100.00%,5,161.25%,0,245.82,$6.45,UTA 4,OKC 2,user30,50,marvalshot,8551,4653759160_30
Isaiah Collier (37831913),Gradey Dick (37832076),LeBron James (37831767),Jalen Williams (37831829),Isaiah Hartenstein (37831897),Keyonte George (37831887),KJ Martin (37832113),Kyle Filipowski (37831966),316.70970052083334,415.40555977159596,49800,100.00%,0,61.77%,0,250.31,$2.47,UTA 4,OKC 2,user30,50,marvalshot,11994,4653759161_30
Shai Gilgeous-Alexander (37831764),Alec Burks (37832227),Franz Wagner (37831801),Paolo Banchero (37831809),Kyle Filipowski (37831966),Keyonte George (37831887),KJ Martin (37832113),Brice Sensabaugh (37832065),310.46605902777776,401.44592029881466,49900,99.53%,0,38.34%,0,270.49,$1.53,UTA 4,ORL 2,user31,49,marvalshot,14734,4653759162_31
Tyler Herro (37831794),Stephon Castle (37831933),Brice Sensabaugh (37832065),KJ Martin (37832113),Kyle Filipowski (37831966),Isaiah Collier (37831913),LeBron James (37831767),Keyonte George (37831887),317.5679340277777,415.8839181351151,49900,100.00%,0,69.66%,0,255.03000000000003,$2.79,UTA 5,MIA 1,user30,50,marvalshot,10732,4653759163_30
Alec Burks (37832227),Anthony Edwards (37831776),Jalen Williams (37831829),Bam Adebayo (37831821),Isaiah Hartenstein (37831897),Keyonte George (37831887),KJ Martin (37832113),Kyle Filipowski (37831966),336.7219618055555,427.84594188937444,49800,100.00%,5498,223.85%,0,256.46999999999997,$8.95,UTA 3,MIA 2,user31,49,marvalshot,4103,4653759164_31
Keyonte George (37831887),Alec Burks (37832227),LeBron James (37831767),Kelly Olynyk (37831968),Kel'el Ware (37831949),Shai Gilgeous-Alexander (37831764),KJ Martin (37832113),Kyle Filipowski (37831966),343.34555555555556,440.0515550011675,49800,100.00%,48485,408.02%,0,252.18,$16.32,UTA 3,MIA 2,user31,48,marvalshot,4601,4653759165_31
Keyonte George (37831887),Svi Mykhailiuk (37832164),Jalen Williams (37831829),KJ Martin (37832113),Isaiah Hartenstein (37831897),Isaiah Collier (37831913),LeBron James (37831767),Kyle Filipowski (37831966),326.8916493055555,431.1569648462432,49200,100.00%,0,135.39%,0,238.32,$5.42,UTA 5,OKC 2,user39,39,marvalshot,12594,4653759166_39
Alec Burks (37832227),Anthony Edwards (37831776),Jalen Williams (37831829),KJ Martin (37832113),Nick Richards (37832024),Keyonte George (37831887),LeBron James (37831767),Kyle Filipowski (37831966),329.11048611111113,427.35969072372995,50000,100.00%,0,151.14%,0,262.25,$6.05,UTA 3,MIA 1,user34,46,marvalshot,14752,4653759167_34
Isaiah Collier (37831913),Alec Burks (37832227),LeBron James (37831767),Zion Williamson (37831787),Isaiah Hartenstein (37831897),Keyonte George (37831887),KJ Martin (37832113),Kyle Filipowski (37831966),322.51553819444445,428.9318474849117,49900,100.00%,0,101.09%,0,252.72,$4.04,UTA 4,MIA 1,user31,51,marvalshot,12187,4653759158_31
Devin Booker (37831783),Alec Burks (37832227),Duncan Robinson (37832000),KJ Martin (37832113),Kyle Filipowski (37831966),Keyonte George (37831887),LeBron James (37831767),Jalen Williams (37831829),321.5384548611111,411.14380374081924,50000,100.00%,0,98.33%,0,243.06,$3.93,UTA 3,MIA 2,user32,49,marvalshot,14733,4653759159_32
Isaiah Collier (37831913),Cason Wallace (37832096),LeBron James (37831767),Bam Adebayo (37831821),Isaiah Hartenstein (37831897),Keyonte George (37831887),KJ Martin (37832113),Kyle Filipowski (37831966),330.4637326388888,427.01913172426083,49900,100.00%,5,161.25%,0,245.82,$6.45,UTA 4,OKC 2,user31,50,marvalshot,8551,4653759160_31
Isaiah Collier (37831913),Gradey Dick (37832076),LeBron James (37831767),Jalen Williams (37831829),Isaiah Hartenstein (37831897),Keyonte George (37831887),KJ Martin (37832113),Kyle Filipowski (37831966),316.70970052083334,415.40555977159596,49800,100.00%,0,61.77%,0,250.31,$2.47,UTA 4,OKC 2,user31,50,marvalshot,11994,4653759161_31
Shai Gilgeous-Alexander (37831764),Alec Burks (37832227),Franz Wagner (37831801),Paolo Banchero (37831809),Kyle Filipowski (37831966),Keyonte George (37831887),KJ Martin (37832113),Brice Sensabaugh (37832065),310.46605902777776,401.44592029881466,49900,99.53%,0,38.34%,0,270.49,$1.53,UTA 4,ORL 2,user32,49,marvalshot,14734,4653759162_32
Tyler Herro (37831794),Stephon Castle (37831933),Brice Sensabaugh (37832065),KJ Martin (37832113),Kyle Filipowski (37831966),Isaiah Collier (37831913),LeBron James (37831767),Keyonte George (37831887),317.5679340277777,415.8839181351151,49900,100.00%,0,69.66%,0,255.03000000000003,$2.79,UTA 5,MIA 1,user31,50,marvalshot,10732,4653759163_31
Alec Burks (37832227),Anthony Edwards (37831776),Jalen Williams (37831829),Bam Adebayo (37831821),Isaiah Hartenstein (37831897),Keyonte George (37831887),KJ Martin (37832113),Kyle Filipowski (37831966),336.7219618055555,427.84594188937444,49800,100.00%,5498,223.85%,0,256.46999999999997,$8.95,UTA 3,MIA 2,user32,49,marvalshot,4103,4653759164_32
Keyonte George (37831887),Alec Burks (37832227),LeBron James (37831767),Kelly Olynyk (37831968),Kel'el Ware (37831949),Shai Gilgeous-Alexander (37831764),KJ Martin (37832113),Kyle Filipowski (37831966),343.34555555555556,440.0515550011675,49800,100.00%,48485,408.02%,0,252.18,$16.32,UTA 3,MIA 2,user32,48,marvalshot,4601,4653759165_32
Keyonte George (37831887),Svi Mykhailiuk (37832164),Jalen Williams (37831829),KJ Martin (37832113),Isaiah Hartenstein (37831897),Isaiah Collier (37831913),LeBron James (37831767),Kyle Filipowski (37831966),326.8916493055555,431.1569648462432,49200,100.00%,0,135.39%,0,238.32,$5.42,UTA 5,OKC 2,user40,39,marvalshot,12594,4653759166_40
Alec Burks (37832227),Anthony Edwards (37831776),Jalen Williams (37831829),KJ Martin (37832113),Nick Richards (37832024),Keyonte George (37831887),LeBron James (37831767),Kyle Filipowski (37831966),329.11048611111113,427.35969072372995,50000,100.00%,0,151.14%,0,262.25,$6.05,UTA 3,MIA 1,user35,46,marvalshot,14752,4653759167_35
Isaiah Collier (37831913),Alec Burks (37832227),LeBron James (37831767),Zion Williamson (37831787),Isaiah Hartenstein (37831897),Keyonte George (37831887),KJ Martin (37832113),Kyle Filipowski (37831966),322.51553819444445,428.9318474849117,49900,100.00%,0,101.09%,0,252.72,$4.04,UTA 4,MIA 1,user32,51,marvalshot,12187,4653759158_32
Devin Booker (37831783),Alec Burks (37832227),Duncan Robinson (37832000),KJ Martin (37832113),Kyle Filipowski (37831966),Keyonte George (37831887),LeBron James (37831767),Jalen Williams (37831829),321.5384548611111,411.14380374081924,50000,100.00%,0,98.33%,0,243.06,$3.93,UTA 3,MIA 2,user33,49,marvalshot,14733,4653759159_33
Isaiah Collier (37831913),Cason Wallace (37832096),LeBron James (37831767),Bam Adebayo (37831821),Isaiah Hartenstein (37831897),Keyonte George (37831887),KJ Martin (37832113),Kyle Filipowski (37831966),330.4637326388888,427.01913172426083,49900,100.00%,5,161.25%,0,245.82,$6.45,UTA 4,OKC 2,user32,50,marvalshot,8551,4653759160_32
Isaiah Collier (37831913),Gradey Dick (37832076),LeBron James (37831767),Jalen Williams (37831829),Isaiah Hartenstein (37831897),Keyonte George (37831887),KJ Martin (37832113),Kyle Filipowski (37831966),316.70970052083334,415.40555977159596,49800,100.00%,0,61.77%,0,250.31,$2.47,UTA 4,OKC 2,user32,50,marvalshot,11994,4653759161_32
Shai Gilgeous-Alexander (37831764),Alec Burks (37832227),Franz Wagner (37831801),Paolo Banchero (37831809),Kyle Filipowski (37831966),Keyonte George (37831887),KJ Martin (37832113),Brice Sensabaugh (37832065),310.46605902777776,401.44592029881466,49900,99.53%,0,38.34%,0,270.49,$1.53,UTA 4,ORL 2,user33,49,marvalshot,14734,4653759162_33
Tyler Herro (37831794),Stephon Castle (37831933),Brice Sensabaugh (37832065),KJ Martin (37832113),Kyle Filipowski (37831966),Isaiah Collier (37831913),LeBron James (37831767),Keyonte George (37831887),317.5679340277777,415.8839181351151,49900,100.00%,0,69.66%,0,255.03000000000003,$2.79,UTA 5,MIA 1,user32,50,marvalshot,10732,4653759163_32
Alec Burks (37832227),Anthony Edwards (37831776),Jalen Williams (37831829),Bam Adebayo (37831821),Isaiah Hartenstein (37831897),Keyonte George (37831887),KJ Martin (37832113),Kyle Filipowski (37831966),336.7219618055555,427.84594188937444,49800,100.00%,5498,223.85%,0,256.46999999999997,$8.95,UTA 3,MIA 2,user33,49,marvalshot,4103,4653759164_33
Keyonte George (37831887),Alec Burks (37832227),LeBron James (37831767),Kelly Olynyk (37831968),Kel'el Ware (37831949),Shai Gilgeous-Alexander (37831764),KJ Martin (37832113),Kyle Filipowski (37831966),343.34555555555556,440.0515550011675,49800,100.00%,48485,408.02%,0,252.18,$16.32,UTA 3,MIA 2,user33,48,marvalshot,4601,4653759165_33
Keyonte George (37831887),Svi Mykhailiuk (37832164),Jalen Williams (37831829),KJ Martin (37832113),Isaiah Hartenstein (37831897),Isaiah Collier (37831913),LeBron James (37831767),Kyle Filipowski (37831966),326.8916493055555,431.1569648462432,49200,100.00%,0,135.39%,0,238.32,$5.42,UTA 5,OKC 2,user41,39,marvalshot,12594,4653759166_41
Alec Burks (37832227),Anthony Edwards (37831776),Jalen Williams (37831829),KJ Martin (37832113),Nick Richards (37832024),Keyonte George (37831887),LeBron James (37831767),Kyle Filipowski (37831966),329.11048611111113,427.35969072372995,50000,100.00%,0,151.14%,0,262.25,$6.05,UTA 3,MIA 1,user36,46,marvalshot,14752,4653759167_36
Isaiah Collier (37831913),Alec Burks (37832227),LeBron James (37831767),Zion Williamson (37831787),Isaiah Hartenstein (37831897),Keyonte George (37831887),KJ Martin (37832113),Kyle Filipowski (37831966),322.51553819444445,428.9318474849117,49900,100.00%,0,101.09%,0,252.72,$4.04,UTA 4,MIA 1,user33,51,marvalshot,12187,4653759158_33
Devin Booker (37831783),Alec Burks (37832227),Duncan Robinson (37832000),KJ Martin (37832113),Kyle Filipowski (37831966),Keyonte George (37831887),LeBron James (37831767),Jalen Williams (37831829),321.5384548611111,411.14380374081924,50000,100.00%,0,98.33%,0,243.06,$3.93,UTA 3,MIA 2,user34,49,marvalshot,14733,4653759159_34
Isaiah Collier (37831913),Cason Wallace (37832096),LeBron James (37831767),Bam Adebayo (37831821),Isaiah Hartenstein (37831897),Keyonte George (37831887),KJ Martin (37832113),Kyle Filipowski (37831966),330.4637326388888,427.01913172426083,49900,100.00%,5,161.25%,0,245.82,$6.45,UTA 4,OKC 2,user33,50,marvalshot,8551,4653759160_33
Isaiah Collier (37831913),Gradey Dick (37832076),LeBron James (37831767),Jalen Williams (37831829),Isaiah Hartenstein (37831897),Keyonte George (37831887),KJ Martin (37832113),Kyle Filipowski (37831966),316.70970052083334,415.40555977159596,49800,100.00%,0,61.77%,0,250.31,$2.47,UTA 4,OKC 2,user33,50,marvalshot,11994,4653759161_33
Shai Gilgeous-Alexander (37831764),Alec Burks (37832227),Franz Wagner (37831801),Paolo Banchero (37831809),Kyle Filipowski (37831966),Keyonte George (37831887),KJ Martin (37832113),Brice Sensabaugh (37832065),310.46605902777776,401.44592029881466,49900,99.53%,0,38.34%,0,270.49,$1.53,UTA 4,ORL 2,user34,49,marvalshot,14734,4653759162_34
Tyler Herro (37831794),Stephon Castle (37831933),Brice Sensabaugh (37832065),KJ Martin (37832113),Kyle Filipowski (37831966),Isaiah Collier (37831913),LeBron James (37831767),Keyonte George (37831887),317.5679340277777,415.8839181351151,49900,100.00%,0,69.66%,0,255.03000000000003,$2.79,UTA 5,MIA 1,user33,50,marvalshot,10732,4653759163_33
Alec Burks (37832227),Anthony Edwards (37831776),Jalen Williams (37831829),Bam Adebayo (37831821),Isaiah Hartenstein (37831897),Keyonte George (37831887),KJ Martin (37832113),Kyle Filipowski (37831966),336.7219618055555,427.84594188937444,49800,100.00%,5498,223.85%,0,256.46999999999997,$8.95,UTA 3,MIA 2,user34,49,marvalshot,4103,4653759164_34
Keyonte George (37831887),Alec Burks (37832227),LeBron James (37831767),Kelly Olynyk (37831968),Kel'el Ware (37831949),Shai Gilgeous-Alexander (37831764),KJ Martin (37832113),Kyle Filipowski (37831966),343.34555555555556,440.0515550011675,49800,100.00%,48485,408.02%,0,252.18,$16.32,UTA 3,MIA 2,user34,48,marvalshot,4601,4653759165_34
Keyonte George (37831887),Svi Mykhailiuk (37832164),Jalen Williams (37831829),KJ Martin (37832113),Isaiah Hartenstein (37831897),Isaiah Collier (37831913),LeBron James (37831767),Kyle Filipowski (37831966),326.8916493055555,431.1569648462432,49200,100.00%,0,135.39%,0,238.32,$5.42,UTA 5,OKC 2,user42,39,marvalshot,12594,4653759166_42
Alec Burks (37832227),Anthony Edwards (37831776),Jalen Williams (37831829),KJ Martin (37832113),Nick Richards (37832024),Keyonte George (37831887),LeBron James (37831767),Kyle Filipowski (37831966),329.11048611111113,427.35969072372995,50000,100.00%,0,151.14%,0,262.25,$6.05,UTA 3,MIA 1,user37,46,marvalshot,14752,4653759167_37
Isaiah Collier (37831913),Alec Burks (37832227),LeBron James (37831767),Zion Williamson (37831787),Isaiah Hartenstein (37831897),Keyonte George (37831887),KJ Martin (37832113),Kyle Filipowski (37831966),322.51553819444445,428.9318474849117,49900,100.00%,0,101.09%,0,252.72,$4.04,UTA 4,MIA 1,user34,51,marvalshot,12187,4653759158_34
Devin Booker (37831783),Alec Burks (37832227),Duncan Robinson (37832000),KJ Martin (37832113),Kyle Filipowski (37831966),Keyonte George (37831887),LeBron James (37831767),Jalen Williams (37831829),321.5384548611111,411.14380374081924,50000,100.00%,0,98.33%,0,243.06,$3.93,UTA 3,MIA 2,user35,49,marvalshot,14733,4653759159_35
Isaiah Collier (37831913),Cason Wallace (37832096),LeBron James (37831767),Bam Adebayo (37831821),Isaiah Hartenstein (37831897),Keyonte George (37831887),KJ Martin (37832113),Kyle Filipowski (37831966),330.4637326388888,427.01913172426083,49900,100.00%,5,161.25%,0,245.82,$6.45,UTA 4,OKC 2,user34,50,marvalshot,8551,4653759160_34
Isaiah Collier (37831913),Gradey Dick (37832076),LeBron James (37831767),Jalen Williams (37831829),Isaiah Hartenstein (37831897),Keyonte George (37831887),KJ Martin (37832113),Kyle Filipowski (37831966),316.70970052083334,415.40555977159596,49800,100.00%,0,61.77%,0,250.31,$2.47,UTA 4,OKC 2,user34,50,marvalshot,11994,4653759161_34
Shai Gilgeous-Alexander (37831764),Alec Burks (37832227),Franz Wagner (37831801),Paolo Banchero (37831809),Kyle Filipowski (37831966),Keyonte George (37831887),KJ Martin (37832113),Brice Sensabaugh (37832065),310.46605902777776,401.44592029881466,49900,99.53%,0,38.34%,0,270.49,$1.53,UTA 4,ORL 2,user35,49,marvalshot,14734,4653759162_35
Tyler Herro (37831794),Stephon Castle (37831933),Brice Sensabaugh (37832065),KJ Martin (37832113),Kyle Filipowski (37831966),Isaiah Collier (37831913),LeBron James (37831767),Keyonte George (37831887),317.5679340277777,415.8839181351151,49900,100.00%,0,69.66%,0,255.03000000000003,$2.79,UTA 5,MIA 1,user34,50,marvalshot,10732,4653759163_34
Alec Burks (37832227),Anthony Edwards (37831776),Jalen Williams (37831829),Bam Adebayo (37831821),Isaiah Hartenstein (37831897),Keyonte George (37831887),KJ Martin (37832113),Kyle Filipowski (37831966),336.7219618055555,427.84594188937444,49800,100.00%,5498,223.85%,0,256.46999999999997,$8.95,UTA 3,MIA 2,user35,49,marvalshot,4103,4653759164_35
Keyonte George (37831887),Alec Burks (37832227),LeBron James (37831767),Kelly Olynyk (37831968),Kel'el Ware (37831949),Shai Gilgeous-Alexander (37831764),KJ Martin (37832113),Kyle Filipowski (37831966),343.34555555555556,440.0515550011675,49800,100.00%,48485,408.02%,0,252.18,$16.32,UTA 3,MIA 2,user35,48,marvalshot,4601,4653759165_35
Keyonte George (37831887),Svi Mykhailiuk (37832164),Jalen Williams (37831829),KJ Martin (37832113),Isaiah Hartenstein (37831897),Isaiah Collier (37831913),LeBron James (37831767),Kyle Filipowski (37831966),326.8916493055555,431.1569648462432,49200,100.00%,0,135.39%,0,238.32,$5.42,UTA 5,OKC 2,user43,39,marvalshot,12594,4653759166_43
Alec Burks (37832227),Anthony Edwards (37831776),Jalen Williams (37831829),KJ Martin (37832113),Nick Richards (37832024),Keyonte George (37831887),LeBron James (37831767),Kyle Filipowski (37831966),329.11048611111113,427.35969072372995,50000,100.00%,0,151.14%,0,262.25,$6.05,UTA 3,MIA 1,user38,46,marvalshot,14752,4653759167_38
Isaiah Collier (37831913),Alec Burks (37832227),LeBron James (37831767),Zion Williamson (37831787),Isaiah Hartenstein (37831897),Keyonte George (37831887),KJ Martin (37832113),Kyle Filipowski (37831966),322.51553819444445,428.9318474849117,49900,100.00%,0,101.09%,0,252.72,$4.04,UTA 4,MIA 1,user35,51,marvalshot,12187,4653759158_35
Devin Booker (37831783),Alec Burks (37832227),Duncan Robinson (37832000),KJ Martin (37832113),Kyle Filipowski (37831966),Keyonte George (37831887),LeBron James (37831767),Jalen Williams (37831829),321.5384548611111,411.14380374081924,50000,100.00%,0,98.33%,0,243.06,$3.93,UTA 3,MIA 2,user36,49,marvalshot,14733,4653759159_36
Isaiah Collier (37831913),Cason Wallace (37832096),LeBron James (37831767),Bam Adebayo (37831821),Isaiah Hartenstein (37831897),Keyonte George (37831887),KJ Martin (37832113),Kyle Filipowski (37831966),330.4637326388888,427.01913172426083,49900,100.00%,5,161.25%,0,245.82,$6.45,UTA 4,OKC 2,user35,50,marvalshot,8551,4653759160_35
Isaiah Collier (37831913),Gradey Dick (37832076),LeBron James (37831767),Jalen Williams (37831829),Isaiah Hartenstein (37831897),Keyonte George (37831887),KJ Martin (37832113),Kyle Filipowski (37831966),316.70970052083334,415.40555977159596,49800,100.00%,0,61.77%,0,250.31,$2.47,UTA 4,OKC 2,user35,50,marvalshot,11994,4653759161_35
Shai Gilgeous-Alexander (37831764),Alec Burks (37832227),Franz Wagner (37831801),Paolo Banchero (37831809),Kyle Filipowski (37831966),Keyonte George (37831887),KJ Martin (37832113),Brice Sensabaugh (37832065),310.46605902777776,401.44592029881466,49900,99.53%,0,38.34%,0,270.49,$1.53,UTA 4,ORL 2,user36,49,marvalshot,14734,4653759162_36
Tyler Herro (37831794),Stephon Castle (37831933),Brice Sensabaugh (37832065),KJ Martin (37832113),Kyle Filipowski (37831966),Isaiah Collier (37831913),LeBron James (37831767),Keyonte George (37831887),317.5679340277777,415.8839181351151,49900,100.00%,0,69.66%,0,255.03000000000003,$2.79,UTA 5,MIA 1,user35,50,marvalshot,10732,4653759163_35
Alec Burks (37832227),Anthony Edwards (37831776),Jalen Williams (37831829),Bam Adebayo (37831821),Isaiah Hartenstein (37831897),Keyonte George (37831887),KJ Martin (37832113),Kyle Filipowski (37831966),336.7219618055555,427.84594188937444,49800,100.00%,5498,223.85%,0,256.46999999999997,$8.95,UTA 3,MIA 2,user36,49,marvalshot,4103,4653759164_36
Keyonte George (37831887),Alec Burks (37832227),LeBron James (37831767),Kelly Olynyk (37831968),Kel'el Ware (37831949),Shai Gilgeous-Alexander (37831764),KJ Martin (37832113),Kyle Filipowski (37831966),343.34555555555556,440.0515550011675,49800,100.00%,48485,408.02%,0,252.18,$16.32,UTA 3,MIA 2,user36,48,marvalshot,4601,4653759165_36
Keyonte George (37831887),Svi Mykhailiuk (37832164),Jalen Williams (37831829),KJ Martin (37832113),Isaiah Hartenstein (37831897),Isaiah Collier (37831913),LeBron James (37831767),Kyle Filipowski (37831966),326.8916493055555,431.1569648462432,49200,100.00%,0,135.39%,0,238.32,$5.42,UTA 5,OKC 2,user44,39,marvalshot,12594,4653759166_44
Alec Burks (37832227),Anthony Edwards (37831776),Jalen Williams (37831829),KJ Martin (37832113),Nick Richards (37832024),Keyonte George (37831887),LeBron James (37831767),Kyle Filipowski (37831966),329.11048611111113,427.35969072372995,50000,100.00%,0,151.14%,0,262.25,$6.05,UTA 3,MIA 1,user39,46,marvalshot,14752,4653759167_39
Isaiah Collier (37831913),Alec Burks (37832227),LeBron James (37831767),Zion Williamson (37831787),Isaiah Hartenstein (37831897),Keyonte George (37831887),KJ Martin (37832113),Kyle Filipowski (37831966),322.51553819444445,428.9318474849117,49900,100.00%,0,101.09%,0,252.72,$4.04,UTA 4,MIA 1,user36,51,marvalshot,12187,4653759158_36
Devin Booker (37831783),Alec Burks (37832227),Duncan Robinson (37832000),KJ Martin (37832113),Kyle Filipowski (37831966),Keyonte George (37831887),LeBron James (37831767),Jalen Williams (37831829),321.5384548611111,411.14380374081924,50000,100.00%,0,98.33%,0,243.06,$3.93,UTA 3,MIA 2,user37,49,marvalshot,14733,4653759159_37
Isaiah Collier (37831913),Cason Wallace (37832096),LeBron James (37831767),Bam Adebayo (37831821),Isaiah Hartenstein (37831897),Keyonte George (37831887),KJ Martin (37832113),Kyle Filipowski (37831966),330.4637326388888,427.01913172426083,49900,100.00%,5,161.25%,0,245.82,$6.45,UTA 4,OKC 2,user36,50,marvalshot,8551,4653759160_36
Isaiah Collier (37831913),Gradey Dick (37832076),LeBron James (37831767),Jalen Williams (37831829),Isaiah Hartenstein (37831897),Keyonte George (37831887),KJ Martin (37832113),Kyle Filipowski (37831966),316.70970052083334,415.40555977159596,49800,100.00%,0,61.77%,0,250.31,$2.47,UTA 4,OKC 2,user36,50,marvalshot,11994,4653759161_36
Shai Gilgeous-Alexander (37831764),Alec Burks (37832227),Franz Wagner (37831801),Paolo Banchero (37831809),Kyle Filipowski (37831966),Keyonte George (37831887),KJ Martin (37832113),Brice Sensabaugh (37832065),310.46605902777776,401.44592029881466,49900,99.53%,0,38.34%,0,270.49,$1.53,UTA 4,ORL 2,user37,49,marvalshot,14734,4653759162_37
Tyler Herro (37831794),Stephon Castle (37831933),Brice Sensabaugh (37832065),KJ Martin (37832113),Kyle Filipowski (37831966),Isaiah Collier (37831913),LeBron James (37831767),Keyonte George (37831887),317.5679340277777,415.8839181351151,49900,100.00%,0,69.66%,0,255.03000000000003,$2.79,UTA 5,MIA 1,user36,50,marvalshot,10732,4653759163_36
Alec Burks (37832227),Anthony Edwards (37831776),Jalen Williams (37831829),Bam Adebayo (37831821),Isaiah Hartenstein (37831897),Keyonte George (37831887),KJ Martin (37832113),Kyle Filipowski (37831966),336.7219618055555,427.84594188937444,49800,100.00%,5498,223.85%,0,256.46999999999997,$8.95,UTA 3,MIA 2,user37,49,marvalshot,4103,4653759164_37
Keyonte George (37831887),Alec Burks (37832227),LeBron James (37831767),Kelly Olynyk (37831968),Kel'el Ware (37831949),Shai Gilgeous-Alexander (37831764),KJ Martin (37832113),Kyle Filipowski (37831966),343.34555555555556,440.0515550011675,49800,100.00%,48485,408.02%,0,252.18,$16.32,UTA 3,MIA 2,user37,48,marvalshot,4601,4653759165_37
Keyonte George (37831887),Svi Mykhailiuk (37832164),Jalen Williams (37831829),KJ Martin (37832113),Isaiah Hartenstein (37831897),Isaiah Collier (37831913),LeBron James (37831767),Kyle Filipowski (37831966),326.8916493055555,431.1569648462432,49200,100.00%,0,135.39%,0,238.32,$5.42,UTA 5,OKC 2,user45,39,marvalshot,12594,4653759166_45
Alec Burks (37832227),Anthony Edwards (37831776),Jalen Williams (37831829),KJ Martin (37832113),Nick Richards (37832024),Keyonte George (37831887),LeBron James (37831767),Kyle Filipowski (37831966),329.11048611111113,427.35969072372995,50000,100.00%,0,151.14%,0,262.25,$6.05,UTA 3,MIA 1,user40,46,marvalshot,14752,4653759167_40
Isaiah Collier (37831913),Alec Burks (37832227),LeBron James (37831767),Zion Williamson (37831787),Isaiah Hartenstein (37831897),Keyonte George (37831887),KJ Martin (37832113),Kyle Filipowski (37831966),322.51553819444445,428.9318474849117,49900,100.00%,0,101.09%,0,252.72,$4.04,UTA 4,MIA 1,user37,51,marvalshot,12187,4653759158_37
Devin Booker (37831783),Alec Burks (37832227),Duncan Robinson (37832000),KJ Martin (37832113),Kyle Filipowski (37831966),Keyonte George (37831887),LeBron James (37831767),Jalen Williams (37831829),321.5384548611111,411.14380374081924,50000,100.00%,0,98.33%,0,243.06,$3.93,UTA 3,MIA 2,user38,49,marvalshot,14733,4653759159_38
Isaiah Collier (37831913),Cason Wallace (37832096),LeBron James (37831767),Bam Adebayo (37831821),Isaiah Hartenstein (37831897),Keyonte George (37831887),KJ Martin (37832113),Kyle Filipowski (37831966),330.4637326388888,427.01913172426083,49900,100.00%,5,161.25%,0,245.82,$6.45,UTA 4,OKC 2,user37,50,marvalshot,8551,4653759160_37
Isaiah Collier (37831913),Gradey Dick (37832076),LeBron James (37831767),Jalen Williams (37831829),Isaiah Hartenstein (37831897),Keyonte George (37831887),KJ Martin (37832113),Kyle Filipowski (37831966),316.70970052083334,415.40555977159596,49800,100.00%,0,61.77%,0,250.31,$2.47,UTA 4,OKC 2,user37,50,marvalshot,11994,4653759161_37
Shai Gilgeous-Alexander (37831764),Alec Burks (37832227),Franz Wagner (37831801),Paolo Banchero (37831809),Kyle Filipowski (37831966),Keyonte George (37831887),KJ Martin (37832113),Brice Sensabaugh (37832065),310.46605902777776,401.44592029881466,49900,99.53%,0,38.34%,0,270.49,$1.53,UTA 4,ORL 2,user38,49,marvalshot,14734,4653759162_38
Tyler Herro (37831794),Stephon Castle (37831933),Brice Sensabaugh (37832065),KJ Martin (37832113),Kyle Filipowski (37831966),Isaiah Collier (37831913),LeBron James (37831767),Keyonte George (37831887),317.5679340277777,415.8839181351151,49900,100.00%,0,69.66%,0,255.03000000000003,$2.79,UTA 5,MIA 1,user37,50,marvalshot,10732,4653759163_37
Alec Burks (37832227),Anthony Edwards (37831776),Jalen Williams (37831829),Bam Adebayo (37831821),Isaiah Hartenstein (37831897),Keyonte George (37831887),KJ Martin (37832113),Kyle Filipowski (37831966),336.7219618055555,427.84594188937444,49800,100.00%,5498,223.85%,0,256.46999999999997,$8.95,UTA 3,MIA 2,user38,49,marvalshot,4103,4653759164_38
Keyonte George (37831887),Alec Burks (37832227),LeBron James (37831767),Kelly Olynyk (37831968),Kel'el Ware (37831949),Shai Gilgeous-Alexander (37831764),KJ Martin (37832113),Kyle Filipowski (37831966),343.34555555555556,440.0515550011675,49800,100.00%,48485,408.02%,0,252.18,$16.32,UTA 3,MIA 2,user38,48,marvalshot,4601,4653759165_38
Keyonte George (37831887),Svi Mykhailiuk (37832164),Jalen Williams (37831829),KJ Martin (37832113),Isaiah Hartenstein (37831897),Isaiah Collier (37831913),LeBron James (37831767),Kyle Filipowski (37831966),326.8916493055555,431.1569648462432,49200,100.00%,0,135.39%,0,238.32,$5.42,UTA 5,OKC 2,user46,39,marvalshot,12594,4653759166_46
Alec Burks (37832227),Anthony Edwards (37831776),Jalen Williams (37831829),KJ Martin (37832113),Nick Richards (37832024),Keyonte George (37831887),LeBron James (37831767),Kyle Filipowski (37831966),329.11048611111113,427.35969072372995,50000,100.00%,0,151.14%,0,262.25,$6.05,UTA 3,MIA 1,user41,46,marvalshot,14752,4653759167_41
Isaiah Collier (37831913),Alec Burks (37832227),LeBron James (37831767),Zion Williamson (37831787),Isaiah Hartenstein (37831897),Keyonte George (37831887),KJ Martin (37832113),Kyle Filipowski (37831966),322.51553819444445,428.9318474849117,49900,100.00%,0,101.09%,0,252.72,$4.04,UTA 4,MIA 1,user38,51,marvalshot,12187,4653759158_38
Devin Booker (37831783),Alec Burks (37832227),Duncan Robinson (37832000),KJ Martin (37832113),Kyle Filipowski (37831966),Keyonte George (37831887),LeBron James (37831767),Jalen Williams (37831829),321.5384548611111,411.14380374081924,50000,100.00%,0,98.33%,0,243.06,$3.93,UTA 3,MIA 2,user39,49,marvalshot,14733,4653759159_39
Isaiah Collier (37831913),Cason Wallace (37832096),LeBron James (37831767),Bam Adebayo (37831821),Isaiah Hartenstein (37831897),Keyonte George (37831887),KJ Martin (37832113),Kyle Filipowski (37831966),330.4637326388888,427.01913172426083,49900,100.00%,5,161.25%,0,245.82,$6.45,UTA 4,OKC 2,user38,50,marvalshot,8551,4653759160_38
Isaiah Collier (37831913),Gradey Dick (37832076),LeBron James (37831767),Jalen Williams (37831829),Isaiah Hartenstein (37831897),Keyonte George (37831887),KJ Martin (37832113),Kyle Filipowski (37831966),316.70970052083334,415.40555977159596,49800,100.00%,0,61.77%,0,250.31,$2.47,UTA 4,OKC 2,user38,50,marvalshot,11994,4653759161_38
Shai Gilgeous-Alexander (37831764),Alec Burks (37832227),Franz Wagner (37831801),Paolo Banchero (37831809),Kyle Filipowski (37831966),Keyonte George (37831887),KJ Martin (37832113),Brice Sensabaugh (37832065),310.46605902777776,401.44592029881466,49900,99.53%,0,38.34%,0,270.49,$1.53,UTA 4,ORL 2,user39,49,marvalshot,14734,4653759162_39
Tyler Herro (37831794),Stephon Castle (37831933),Brice Sensabaugh (37832065),KJ Martin (37832113),Kyle Filipowski (37831966),Isaiah Collier (37831913),LeBron James (37831767),Keyonte George (37831887),317.5679340277777,415.8839181351151,49900,100.00%,0,69.66%,0,255.03000000000003,$2.79,UTA 5,MIA 1,user38,50,marvalshot,10732,4653759163_38
Alec Burks (37832227),Anthony Edwards (37831776),Jalen Williams (37831829),Bam Adebayo (37831821),Isaiah Hartenstein (37831897),Keyonte George (37831887),KJ Martin (37832113),Kyle Filipowski (37831966),336.7219618055555,427.84594188937444,49800,100.00%,5498,223.85%,0,256.46999999999997,$8.95,UTA 3,MIA 2,user39,49,marvalshot,4103,4653759164_39
Keyonte George (37831887),Alec Burks (37832227),LeBron James (37831767),Kelly Olynyk (37831968),Kel'el Ware (37831949),Shai Gilgeous-Alexander (37831764),KJ Martin (37832113),Kyle Filipowski (37831966),343.34555555555556,440.0515550011675,49800,100.00%,48485,408.02%,0,252.18,$16.32,UTA 3,MIA 2,user39,48,marvalshot,4601,4653759165_39
Keyonte George (37831887),Svi Mykhailiuk (37832164),Jalen Williams (37831829),KJ Martin (37832113),Isaiah Hartenstein (37831897),Isaiah Collier (37831913),LeBron James (37831767),Kyle Filipowski (37831966),326.8916493055555,431.1569648462432,49200,100.00%,0,135.39%,0,238.32,$5.42,UTA 5,OKC 2,user47,39,marvalshot,12594,4653759166_47
Alec Burks (37832227),Anthony Edwards (37831776),Jalen Williams (37831829),KJ Martin (37832113),Nick Richards (37832024),Keyonte George (37831887),LeBron James (37831767),Kyle Filipowski (37831966),329.11048611111113,427.35969072372995,50000,100.00%,0,151.14%,0,262.25,$6.05,UTA 3,MIA 1,user42,46,marvalshot,14752,4653759167_42
Isaiah Collier (37831913),Alec Burks (37832227),LeBron James (37831767),Zion Williamson (37831787),Isaiah Hartenstein (37831897),Keyonte George (37831887),KJ Martin (37832113),Kyle Filipowski (37831966),322.51553819444445,428.9318474849117,49900,100.00%,0,101.09%,0,252.72,$4.04,UTA 4,MIA 1,user39,51,marvalshot,12187,4653759158_39
Devin Booker (37831783),Alec Burks (37832227),Duncan Robinson (37832000),KJ Martin (37832113),Kyle Filipowski (37831966),Keyonte George (37831887),LeBron James (37831767),Jalen Williams (37831829),321.5384548611111,411.14380374081924,50000,100.00%,0,98.33%,0,243.06,$3.93,UTA 3,MIA 2,user40,49,marvalshot,14733,4653759159_40
Isaiah Collier (37831913),Cason Wallace (37832096),LeBron James (37831767),Bam Adebayo (37831821),Isaiah Hartenstein (37831897),Keyonte George (37831887),KJ Martin (37832113),Kyle Filipowski (37831966),330.4637326388888,427.01913172426083,49900,100.00%,5,161.25%,0,245.82,$6.45,UTA 4,OKC 2,user39,50,marvalshot,8551,4653759160_39
Isaiah Collier (37831913),Gradey Dick (37832076),LeBron James (37831767),Jalen Williams (37831829),Isaiah Hartenstein (37831897),Keyonte George (37831887),KJ Martin (37832113),Kyle Filipowski (37831966),316.70970052083334,415.40555977159596,49800,100.00%,0,61.77%,0,250.31,$2.47,UTA 4,OKC 2,user39,50,marvalshot,11994,4653759161_39
Shai Gilgeous-Alexander (37831764),Alec Burks (37832227),Franz Wagner (37831801),Paolo Banchero (37831809),Kyle Filipowski (37831966),Keyonte George (37831887),KJ Martin (37832113),Brice Sensabaugh (37832065),310.46605902777776,401.44592029881466,49900,99.53%,0,38.34%,0,270.49,$1.53,UTA 4,ORL 2,user40,49,marvalshot,14734,4653759162_40
Tyler Herro (37831794),Stephon Castle (37831933),Brice Sensabaugh (37832065),KJ Martin (37832113),Kyle Filipowski (37831966),Isaiah Collier (37831913),LeBron James (37831767),Keyonte George (37831887),317.5679340277777,415.8839181351151,49900,100.00%,0,69.66%,0,255.03000000000003,$2.79,UTA 5,MIA 1,user39,50,marvalshot,10732,4653759163_39
Alec Burks (37832227),Anthony Edwards (37831776),Jalen Williams (37831829),Bam Adebayo (37831821),Isaiah Hartenstein (37831897),Keyonte George (37831887),KJ Martin (37832113),Kyle Filipowski (37831966),336.7219618055555,427.84594188937444,49800,100.00%,5498,223.85%,0,256.46999999999997,$8.95,UTA 3,MIA 2,user40,49,marvalshot,4103,4653759164_40
Keyonte George (37831887),Alec Burks (37832227),LeBron James (37831767),Kelly Olynyk (37831968),Kel'el Ware (37831949),Shai Gilgeous-Alexander (37831764),KJ Martin (37832113),Kyle Filipowski (37831966),343.34555555555556,440.0515550011675,49800,100.00%,48485,408.02%,0,252.18,$16.32,UTA 3,MIA 2,user40,48,marvalshot,4601,4653759165_40
Keyonte George (37831887),Svi Mykhailiuk (37832164),Jalen Williams (37831829),KJ Martin (37832113),Isaiah Hartenstein (37831897),Isaiah Collier (37831913),LeBron James (37831767),Kyle Filipowski (37831966),326.8916493055555,431.1569648462432,49200,100.00%,0,135.39%,0,238.32,$5.42,UTA 5,OKC 2,user48,39,marvalshot,12594,4653759166_48
Alec Burks (37832227),Anthony Edwards (37831776),Jalen Williams (37831829),KJ Martin (37832113),Nick Richards (37832024),Keyonte George (37831887),LeBron James (37831767),Kyle Filipowski (37831966),329.11048611111113,427.35969072372995,50000,100.00%,0,151.14%,0,262.25,$6.05,UTA 3,MIA 1,user43,46,marvalshot,14752,4653759167_43
Isaiah Collier (37831913),Alec Burks (37832227),LeBron James (37831767),Zion Williamson (37831787),Isaiah Hartenstein (37831897),Keyonte George (37831887),KJ Martin (37832113),Kyle Filipowski (37831966),322.51553819444445,428.9318474849117,49900,100.00%,0,101.09%,0,252.72,$4.04,UTA 4,MIA 1,user40,51,marvalshot,12187,4653759158_40
Devin Booker (37831783),Alec Burks (37832227),Duncan Robinson (37832000),KJ Martin (37832113),Kyle Filipowski (37831966),Keyonte George (37831887),LeBron James (37831767),Jalen Williams (37831829),321.5384548611111,411.14380374081924,50000,100.00%,0,98.33%,0,243.06,$3.93,UTA 3,MIA 2,user41,49,marvalshot,14733,4653759159_41
Isaiah Collier (37831913),Cason Wallace (37832096),LeBron James (37831767),Bam Adebayo (37831821),Isaiah Hartenstein (37831897),Keyonte George (37831887),KJ Martin (37832113),Kyle Filipowski (37831966),330.4637326388888,427.01913172426083,49900,100.00%,5,161.25%,0,245.82,$6.45,UTA 4,OKC 2,user40,50,marvalshot,8551,4653759160_40
Isaiah Collier (37831913),Gradey Dick (37832076),LeBron James (37831767),Jalen Williams (37831829),Isaiah Hartenstein (37831897),Keyonte George (37831887),KJ Martin (37832113),Kyle Filipowski (37831966),316.70970052083334,415.40555977159596,49800,100.00%,0,61.77%,0,250.31,$2.47,UTA 4,OKC 2,user40,50,marvalshot,11994,4653759161_40
Shai Gilgeous-Alexander (37831764),Alec Burks (37832227),Franz Wagner (37831801),Paolo Banchero (37831809),Kyle Filipowski (37831966),Keyonte George (37831887),KJ Martin (37832113),Brice Sensabaugh (37832065),310.46605902777776,401.44592029881466,49900,99.53%,0,38.34%,0,270.49,$1.53,UTA 4,ORL 2,user41,49,marvalshot,14734,4653759162_41
Tyler Herro (37831794),Stephon Castle (37831933),Brice Sensabaugh (37832065),KJ Martin (37832113),Kyle Filipowski (37831966),Isaiah Collier (37831913),LeBron James (37831767),Keyonte George (37831887),317.5679340277777,415.8839181351151,49900,100.00%,0,69.66%,0,255.03000000000003,$2.79,UTA 5,MIA 1,user40,50,marvalshot,10732,4653759163_40
Alec Burks (37832227),Anthony Edwards (37831776),Jalen Williams (37831829),Bam Adebayo (37831821),Isaiah Hartenstein (37831897),Keyonte George (37831887),KJ Martin (37832113),Kyle Filipowski (37831966),336.7219618055555,427.84594188937444,49800,100.00%,5498,223.85%,0,256.46999999999997,$8.95,UTA 3,MIA 2,user41,49,marvalshot,4103,4653759164_41
Keyonte George (37831887),Alec Burks (37832227),LeBron James (37831767),Kelly Olynyk (37831968),Kel'el Ware (37831949),Shai Gilgeous-Alexander (37831764),KJ Martin (37832113),Kyle Filipowski (37831966),343.34555555555556,440.0515550011675,49800,100.00%,48485,408.02%,0,252.18,$16.32,UTA 3,MIA 2,user41,48,marvalshot,4601,4653759165_41
Keyonte George (37831887),Svi Mykhailiuk (37832164),Jalen Williams (37831829),KJ Martin (37832113),Isaiah Hartenstein (37831897),Isaiah Collier (37831913),LeBron James (37831767),Kyle Filipowski (37831966),326.8916493055555,431.1569648462432,49200,100.00%,0,135.39%,0,238.32,$5.42,UTA 5,OKC 2,user49,39,marvalshot,12594,4653759166_49
Alec Burks (37832227),Anthony Edwards (37831776),Jalen Williams (37831829),KJ Martin (37832113),Nick Richards (37832024),Keyonte George (37831887),LeBron James (37831767),Kyle Filipowski (37831966),329.11048611111113,427.35969072372995,50000,100.00%,0,151.14%,0,262.25,$6.05,UTA 3,MIA 1,user44,46,marvalshot,14752,4653759167_44
Isaiah Collier (37831913),Alec Burks (37832227),LeBron James (37831767),Zion Williamson (37831787),Isaiah Hartenstein (37831897),Keyonte George (37831887),KJ Martin (37832113),Kyle Filipowski (37831966),322.51553819444445,428.9318474849117,49900,100.00%,0,101.09%,0,252.72,$4.04,UTA 4,MIA 1,user41,51,marvalshot,12187,4653759158_41
Devin Booker (37831783),Alec Burks (37832227),Duncan Robinson (37832000),KJ Martin (37832113),Kyle Filipowski (37831966),Keyonte George (37831887),LeBron James (37831767),Jalen Williams (37831829),321.5384548611111,411.14380374081924,50000,100.00%,0,98.33%,0,243.06,$3.93,UTA 3,MIA 2,user42,49,marvalshot,14733,4653759159_42
Isaiah Collier (37831913),Cason Wallace (37832096),LeBron James (37831767),Bam Adebayo (37831821),Isaiah Hartenstein (37831897),Keyonte George (37831887),KJ Martin (37832113),Kyle Filipowski (37831966),330.4637326388888,427.01913172426083,49900,100.00%,5,161.25%,0,245.82,$6.45,UTA 4,OKC 2,user41,50,marvalshot,8551,4653759160_41
Isaiah Collier (37831913),Gradey Dick (37832076),LeBron James (37831767),Jalen Williams (37831829),Isaiah Hartenstein (37831897),Keyonte George (37831887),KJ Martin (37832113),Kyle Filipowski (37831966),316.70970052083334,415.40555977159596,49800,100.00%,0,61.77%,0,250.31,$2.47,UTA 4,OKC 2,user41,50,marvalshot,11994,4653759161_41
Shai Gilgeous-Alexander (37831764),Alec Burks (37832227),Franz Wagner (37831801),Paolo Banchero (37831809),Kyle Filipowski (37831966),Keyonte George (37831887),KJ Martin (37832113),Brice Sensabaugh (37832065),310.46605902777776,401.44592029881466,49900,99.53%,0,38.34%,0,270.49,$1.53,UTA 4,ORL 2,user42,49,marvalshot,14734,4653759162_42
Tyler Herro (37831794),Stephon Castle (37831933),Brice Sensabaugh (37832065),KJ Martin (37832113),Kyle Filipowski (37831966),Isaiah Collier (37831913),LeBron James (37831767),Keyonte George (37831887),317.5679340277777,415.8839181351151,49900,100.00%,0,69.66%,0,255.03000000000003,$2.79,UTA 5,MIA 1,user41,50,marvalshot,10732,4653759163_41
Alec Burks (37832227),Anthony Edwards (37831776),Jalen Williams (37831829),Bam Adebayo (37831821),Isaiah Hartenstein (37831897),Keyonte George (37831887),KJ Martin (37832113),Kyle Filipowski (37831966),336.7219618055555,427.84594188937444,49800,100.00%,5498,223.85%,0,256.46999999999997,$8.95,UTA 3,MIA 2,user42,49,marvalshot,4103,4653759164_42
Keyonte George (37831887),Alec Burks (37832227),LeBron James (37831767),Kelly Olynyk (37831968),Kel'el Ware (37831949),Shai Gilgeous-Alexander (37831764),KJ Martin (37832113),Kyle Filipowski (37831966),343.34555555555556,440.0515550011675,49800,100.00%,48485,408.02%,0,252.18,$16.32,UTA 3,MIA 2,user42,48,marvalshot,4601,4653759165_42
Keyonte George (37831887),Gabe Vincent (37832130),Jalen Williams (37831829),KJ Martin (37832113),Isaiah Hartenstein (37831897),Isaiah Collier (37831913),LeBron James (37831767),Kyle Filipowski (37831966),326.79164930555555,427.0269648462433,49500,100.00%,0,133.96%,0,238.54999999999998,$5.36,UTA 4,LAL 2,user5,1,marvalshot,14743,4653759166_5
Alec Burks (37832227),Anthony Edwards (37831776),Jalen Williams (37831829),KJ Martin (37832113),Nick Richards (37832024),Keyonte George (37831887),LeBron James (37831767),Kyle Filipowski (37831966),329.11048611111113,427.35969072372995,50000,100.00%,0,151.14%,0,262.25,$6.05,UTA 3,MIA 1,user45,46,marvalshot,14752,4653759167_45
Isaiah Collier (37831913),Alec Burks (37832227),LeBron James (37831767),Zion Williamson (37831787),Isaiah Hartenstein (37831897),Keyonte George (37831887),KJ Martin (37832113),Kyle Filipowski (37831966),322.51553819444445,428.9318474849117,49900,100.00%,0,101.09%,0,252.72,$4.04,UTA 4,MIA 1,user42,51,marvalshot,12187,4653759158_42
Devin Booker (37831783),Alec Burks (37832227),Duncan Robinson (37832000),KJ Martin (37832113),Kyle Filipowski (37831966),Keyonte George (37831887),LeBron James (37831767),Jalen Williams (37831829),321.5384548611111,411.14380374081924,50000,100.00%,0,98.33%,0,243.06,$3.93,UTA 3,MIA 2,user43,49,marvalshot,14733,4653759159_43
Isaiah Collier (37831913),Cason Wallace (37832096),LeBron James (37831767),Bam Adebayo (37831821),Isaiah Hartenstein (37831897),Keyonte George (37831887),KJ Martin (37832113),Kyle Filipowski (37831966),330.4637326388888,427.01913172426083,49900,100.00%,5,161.25%,0,245.82,$6.45,UTA 4,OKC 2,user42,50,marvalshot,8551,4653759160_42
Isaiah Collier (37831913),Gradey Dick (37832076),LeBron James (37831767),Jalen Williams (37831829),Isaiah Hartenstein (37831897),Keyonte George (37831887),KJ Martin (37832113),Kyle Filipowski (37831966),316.70970052083334,415.40555977159596,49800,100.00%,0,61.77%,0,250.31,$2.47,UTA 4,OKC 2,user42,50,marvalshot,11994,4653759161_42
Shai Gilgeous-Alexander (37831764),Alec Burks (37832227),Franz Wagner (37831801),Paolo Banchero (37831809),Kyle Filipowski (37831966),Keyonte George (37831887),KJ Martin (37832113),Brice Sensabaugh (37832065),310.46605902777776,401.44592029881466,49900,99.53%,0,38.34%,0,270.49,$1.53,UTA 4,ORL 2,user43,49,marvalshot,14734,4653759162_43
Tyler Herro (37831794),Stephon Castle (37831933),Brice Sensabaugh (37832065),KJ Martin (37832113),Kyle Filipowski (37831966),Isaiah Collier (37831913),LeBron James (37831767),Keyonte George (37831887),317.5679340277777,415.8839181351151,49900,100.00%,0,69.66%,0,255.03000000000003,$2.79,UTA 5,MIA 1,user42,50,marvalshot,10732,4653759163_42
Alec Burks (37832227),Anthony Edwards (37831776),Jalen Williams (37831829),Bam Adebayo (37831821),Isaiah Hartenstein (37831897),Keyonte George (37831887),KJ Martin (37832113),Kyle Filipowski (37831966),336.7219618055555,427.84594188937444,49800,100.00%,5498,223.85%,0,256.46999999999997,$8.95,UTA 3,MIA 2,user43,49,marvalshot,4103,4653759164_43
Keyonte George (37831887),Alec Burks (37832227),LeBron James (37831767),Kelly Olynyk (37831968),Kel'el Ware (37831949),Shai Gilgeous-Alexander (37831764),KJ Martin (37832113),Kyle Filipowski (37831966),343.34555555555556,440.0515550011675,49800,100.00%,48485,408.02%,0,252.18,$16.32,UTA 3,MIA 2,user43,48,marvalshot,4601,4653759165_43
Isaiah Collier (37831913),Devin Booker (37831783),Jalen Williams (37831829),Bol Bol (37831951),Isaiah Hartenstein (37831897),Keyonte George (37831887),KJ Martin (37832113),Kyle Filipowski (37831966),326.56164930555553,426.4569648462433,50000,100.00%,0,131.62%,0,227.73,$5.26,UTA 4,PHX 2,user2,1,marvalshot,14740,4653759166_2
Alec Burks (37832227),Anthony Edwards (37831776),Jalen Williams (37831829),KJ Martin (37832113),Nick Richards (37832024),Keyonte George (37831887),LeBron James (37831767),Kyle Filipowski (37831966),329.11048611111113,427.35969072372995,50000,100.00%,0,151.14%,0,262.25,$6.05,UTA 3,MIA 1,user46,46,marvalshot,14752,4653759167_46
Isaiah Collier (37831913),Alec Burks (37832227),LeBron James (37831767),Zion Williamson (37831787),Isaiah Hartenstein (37831897),Keyonte George (37831887),KJ Martin (37832113),Kyle Filipowski (37831966),322.51553819444445,428.9318474849117,49900,100.00%,0,101.09%,0,252.72,$4.04,UTA 4,MIA 1,user43,51,marvalshot,12187,4653759158_43
Devin Booker (37831783),Alec Burks (37832227),Duncan Robinson (37832000),KJ Martin (37832113),Kyle Filipowski (37831966),Keyonte George (37831887),LeBron James (37831767),Jalen Williams (37831829),321.5384548611111,411.14380374081924,50000,100.00%,0,98.33%,0,243.06,$3.93,UTA 3,MIA 2,user44,49,marvalshot,14733,4653759159_44
Isaiah Collier (37831913),Cason Wallace (37832096),LeBron James (37831767),Bam Adebayo (37831821),Isaiah Hartenstein (37831897),Keyonte George (37831887),KJ Martin (37832113),Kyle Filipowski (37831966),330.4637326388888,427.01913172426083,49900,100.00%,5,161.25%,0,245.82,$6.45,UTA 4,OKC 2,user43,50,marvalshot,8551,4653759160_43
Isaiah Collier (37831913),Gradey Dick (37832076),LeBron James (37831767),Jalen Williams (37831829),Isaiah Hartenstein (37831897),Keyonte George (37831887),KJ Martin (37832113),Kyle Filipowski (37831966),316.70970052083334,415.40555977159596,49800,100.00%,0,61.77%,0,250.31,$2.47,UTA 4,OKC 2,user43,50,marvalshot,11994,4653759161_43
Shai Gilgeous-Alexander (37831764),Alec Burks (37832227),Franz Wagner (37831801),Paolo Banchero (37831809),Kyle Filipowski (37831966),Keyonte George (37831887),KJ Martin (37832113),Brice Sensabaugh (37832065),310.46605902777776,401.44592029881466,49900,99.53%,0,38.34%,0,270.49,$1.53,UTA 4,ORL 2,user44,49,marvalshot,14734,4653759162_44
Tyler Herro (37831794),Stephon Castle (37831933),Brice Sensabaugh (37832065),KJ Martin (37832113),Kyle Filipowski (37831966),Isaiah Collier (37831913),LeBron James (37831767),Keyonte George (37831887),317.5679340277777,415.8839181351151,49900,100.00%,0,69.66%,0,255.03000000000003,$2.79,UTA 5,MIA 1,user43,50,marvalshot,10732,4653759163_43
Alec Burks (37832227),Anthony Edwards (37831776),Jalen Williams (37831829),Bam Adebayo (37831821),Isaiah Hartenstein (37831897),Keyonte George (37831887),KJ Martin (37832113),Kyle Filipowski (37831966),336.7219618055555,427.84594188937444,49800,100.00%,5498,223.85%,0,256.46999999999997,$8.95,UTA 3,MIA 2,user44,49,marvalshot,4103,4653759164_44
Keyonte George (37831887),Alec Burks (37832227),LeBron James (37831767),Kelly Olynyk (37831968),Kel'el Ware (37831949),Shai Gilgeous-Alexander (37831764),KJ Martin (37832113),Kyle Filipowski (37831966),343.34555555555556,440.0515550011675,49800,100.00%,48485,408.02%,0,252.18,$16.32,UTA 3,MIA 2,user44,48,marvalshot,4601,4653759165_44
Isaiah Collier (37831913),Johnny Juzang (37832136),Jalen Williams (37831829),LeBron James (37831767),Isaiah Hartenstein (37831897),Keyonte George (37831887),KJ Martin (37832113),Kyle Filipowski (37831966),326.4716493055555,429.86696484624326,49400,100.00%,0,130.65%,0,236.43,$5.23,UTA 5,OKC 2,user1,1,marvalshot,14739,4653759166_1
Alec Burks (37832227),Anthony Edwards (37831776),Jalen Williams (37831829),KJ Martin (37832113),Nick Richards (37832024),Keyonte George (37831887),LeBron James (37831767),Kyle Filipowski (37831966),329.11048611111113,427.35969072372995,50000,100.00%,0,151.14%,0,262.25,$6.05,UTA 3,MIA 1,user47,46,marvalshot,14752,4653759167_47
Isaiah Collier (37831913),Alec Burks (37832227),LeBron James (37831767),Zion Williamson (37831787),Isaiah Hartenstein (37831897),Keyonte George (37831887),KJ Martin (37832113),Kyle Filipowski (37831966),322.51553819444445,428.9318474849117,49900,100.00%,0,101.09%,0,252.72,$4.04,UTA 4,MIA 1,user44,51,marvalshot,12187,4653759158_44
Devin Booker (37831783),Alec Burks (37832227),Duncan Robinson (37832000),KJ Martin (37832113),Kyle Filipowski (37831966),Keyonte George (37831887),LeBron James (37831767),Jalen Williams (37831829),321.5384548611111,411.14380374081924,50000,100.00%,0,98.33%,0,243.06,$3.93,UTA 3,MIA 2,user45,49,marvalshot,14733,4653759159_45
Isaiah Collier (37831913),Cason Wallace (37832096),LeBron James (37831767),Bam Adebayo (37831821),Isaiah Hartenstein (37831897),Keyonte George (37831887),KJ Martin (37832113),Kyle Filipowski (37831966),330.4637326388888,427.01913172426083,49900,100.00%,5,161.25%,0,245.82,$6.45,UTA 4,OKC 2,user44,50,marvalshot,8551,4653759160_44
Isaiah Collier (37831913),Gradey Dick (37832076),LeBron James (37831767),Jalen Williams (37831829),Isaiah Hartenstein (37831897),Keyonte George (37831887),KJ Martin (37832113),Kyle Filipowski (37831966),316.70970052083334,415.40555977159596,49800,100.00%,0,61.77%,0,250.31,$2.47,UTA 4,OKC 2,user44,50,marvalshot,11994,4653759161_44
Shai Gilgeous-Alexander (37831764),Alec Burks (37832227),Franz Wagner (37831801),Paolo Banchero (37831809),Kyle Filipowski (37831966),Keyonte George (37831887),KJ Martin (37832113),Brice Sensabaugh (37832065),310.46605902777776,401.44592029881466,49900,99.53%,0,38.34%,0,270.49,$1.53,UTA 4,ORL 2,user45,49,marvalshot,14734,4653759162_45
Tyler Herro (37831794),Stephon Castle (37831933),Brice Sensabaugh (37832065),KJ Martin (37832113),Kyle Filipowski (37831966),Isaiah Collier (37831913),LeBron James (37831767),Keyonte George (37831887),317.5679340277777,415.8839181351151,49900,100.00%,0,69.66%,0,255.03000000000003,$2.79,UTA 5,MIA 1,user44,50,marvalshot,10732,4653759163_44
Alec Burks (37832227),Anthony Edwards (37831776),Jalen Williams (37831829),Bam Adebayo (37831821),Isaiah Hartenstein (37831897),Keyonte George (37831887),KJ Martin (37832113),Kyle Filipowski (37831966),336.7219618055555,427.84594188937444,49800,100.00%,5498,223.85%,0,256.46999999999997,$8.95,UTA 3,MIA 2,user45,49,marvalshot,4103,4653759164_45
Keyonte George (37831887),Alec Burks (37832227),LeBron James (37831767),Kelly Olynyk (37831968),Kel'el Ware (37831949),Shai Gilgeous-Alexander (37831764),KJ Martin (37832113),Kyle Filipowski (37831966),343.34555555555556,440.0515550011675,49800,100.00%,48485,408.02%,0,252.18,$16.32,UTA 3,MIA 2,user45,48,marvalshot,4601,4653759165_45
Isaiah Collier (37831913),Dalton Knecht (37832146),Jalen Williams (37831829),KJ Martin (37832113),Isaiah Hartenstein (37831897),Keyonte George (37831887),LeBron James (37831767),Kyle Filipowski (37831966),325.41164930555556,427.2269648462433,49400,100.00%,0,119.47%,0,235.38,$4.78,UTA 4,LAL 2,user10,1,marvalshot,14748,4653759166_10
Alec Burks (37832227),Anthony Edwards (37831776),Jalen Williams (37831829),KJ Martin (37832113),Nick Richards (37832024),Keyonte George (37831887),LeBron James (37831767),Kyle Filipowski (37831966),329.11048611111113,427.35969072372995,50000,100.00%,0,151.14%,0,262.25,$6.05,UTA 3,MIA 1,user48,46,marvalshot,14752,4653759167_48
Isaiah Collier (37831913),Alec Burks (37832227),LeBron James (37831767),Zion Williamson (37831787),Isaiah Hartenstein (37831897),Keyonte George (37831887),KJ Martin (37832113),Kyle Filipowski (37831966),322.51553819444445,428.9318474849117,49900,100.00%,0,101.09%,0,252.72,$4.04,UTA 4,MIA 1,user45,51,marvalshot,12187,4653759158_45
Devin Booker (37831783),Alec Burks (37832227),Duncan Robinson (37832000),KJ Martin (37832113),Kyle Filipowski (37831966),Keyonte George (37831887),LeBron James (37831767),Jalen Williams (37831829),321.5384548611111,411.14380374081924,50000,100.00%,0,98.33%,0,243.06,$3.93,UTA 3,MIA 2,user46,49,marvalshot,14733,4653759159_46
Isaiah Collier (37831913),Cason Wallace (37832096),LeBron James (37831767),Bam Adebayo (37831821),Isaiah Hartenstein (37831897),Keyonte George (37831887),KJ Martin (37832113),Kyle Filipowski (37831966),330.4637326388888,427.01913172426083,49900,100.00%,5,161.25%,0,245.82,$6.45,UTA 4,OKC 2,user45,50,marvalshot,8551,4653759160_45
Isaiah Collier (37831913),Gradey Dick (37832076),LeBron James (37831767),Jalen Williams (37831829),Isaiah Hartenstein (37831897),Keyonte George (37831887),KJ Martin (37832113),Kyle Filipowski (37831966),316.70970052083334,415.40555977159596,49800,100.00%,0,61.77%,0,250.31,$2.47,UTA 4,OKC 2,user45,50,marvalshot,11994,4653759161_45
Shai Gilgeous-Alexander (37831764),Alec Burks (37832227),Franz Wagner (37831801),Paolo Banchero (37831809),Kyle Filipowski (37831966),Keyonte George (37831887),KJ Martin (37832113),Brice Sensabaugh (37832065),310.46605902777776,401.44592029881466,49900,99.53%,0,38.34%,0,270.49,$1.53,UTA 4,ORL 2,user46,49,marvalshot,14734,4653759162_46
Tyler Herro (37831794),Stephon Castle (37831933),Brice Sensabaugh (37832065),KJ Martin (37832113),Kyle Filipowski (37831966),Isaiah Collier (37831913),LeBron James (37831767),Keyonte George (37831887),317.5679340277777,415.8839181351151,49900,100.00%,0,69.66%,0,255.03000000000003,$2.79,UTA 5,MIA 1,user45,50,marvalshot,10732,4653759163_45
Alec Burks (37832227),Anthony Edwards (37831776),Jalen Williams (37831829),Bam Adebayo (37831821),Isaiah Hartenstein (37831897),Keyonte George (37831887),KJ Martin (37832113),Kyle Filipowski (37831966),336.7219618055555,427.84594188937444,49800,100.00%,5498,223.85%,0,256.46999999999997,$8.95,UTA 3,MIA 2,user46,49,marvalshot,4103,4653759164_46
Keyonte George (37831887),Alec Burks (37832227),LeBron James (37831767),Kelly Olynyk (37831968),Kel'el Ware (37831949),Shai Gilgeous-Alexander (37831764),KJ Martin (37832113),Kyle Filipowski (37831966),343.34555555555556,440.0515550011675,49800,100.00%,48485,408.02%,0,252.18,$16.32,UTA 3,MIA 2,user46,48,marvalshot,4601,4653759165_46
Keyonte George (37831887),Svi Mykhailiuk (37832164),Jalen Williams (37831829),LeBron James (37831767),Isaiah Hartenstein (37831897),Isaiah Collier (37831913),Brice Sensabaugh (37832065),Kyle Filipowski (37831966),324.75164930555553,428.96696484624323,49500,100.00%,0,113.75%,0,210.52,$4.55,UTA 5,OKC 2,user7,1,marvalshot,14745,4653759166_7
Alec Burks (37832227),Anthony Edwards (37831776),Jalen Williams (37831829),KJ Martin (37832113),Nick Richards (37832024),Keyonte George (37831887),LeBron James (37831767),Kyle Filipowski (37831966),329.11048611111113,427.35969072372995,50000,100.00%,0,151.14%,0,262.25,$6.05,UTA 3,MIA 1,user49,46,marvalshot,14752,4653759167_49
Isaiah Collier (37831913),Alec Burks (37832227),LeBron James (37831767),Zion Williamson (37831787),Isaiah Hartenstein (37831897),Keyonte George (37831887),KJ Martin (37832113),Kyle Filipowski (37831966),322.51553819444445,428.9318474849117,49900,100.00%,0,101.09%,0,252.72,$4.04,UTA 4,MIA 1,user46,51,marvalshot,12187,4653759158_46
Devin Booker (37831783),Alec Burks (37832227),Duncan Robinson (37832000),KJ Martin (37832113),Kyle Filipowski (37831966),Keyonte George (37831887),LeBron James (37831767),Jalen Williams (37831829),321.5384548611111,411.14380374081924,50000,100.00%,0,98.33%,0,243.06,$3.93,UTA 3,MIA 2,user47,49,marvalshot,14733,4653759159_47
Isaiah Collier (37831913),Cason Wallace (37832096),LeBron James (37831767),Bam Adebayo (37831821),Isaiah Hartenstein (37831897),Keyonte George (37831887),KJ Martin (37832113),Kyle Filipowski (37831966),330.4637326388888,427.01913172426083,49900,100.00%,5,161.25%,0,245.82,$6.45,UTA 4,OKC 2,user46,50,marvalshot,8551,4653759160_46
Isaiah Collier (37831913),Gradey Dick (37832076),LeBron James (37831767),Jalen Williams (37831829),Isaiah Hartenstein (37831897),Keyonte George (37831887),KJ Martin (37832113),Kyle Filipowski (37831966),316.70970052083334,415.40555977159596,49800,100.00%,0,61.77%,0,250.31,$2.47,UTA 4,OKC 2,user46,50,marvalshot,11994,4653759161_46
Shai Gilgeous-Alexander (37831764),Alec Burks (37832227),Franz Wagner (37831801),Paolo Banchero (37831809),Kyle Filipowski (37831966),Keyonte George (37831887),KJ Martin (37832113),Brice Sensabaugh (37832065),310.46605902777776,401.44592029881466,49900,99.53%,0,38.34%,0,270.49,$1.53,UTA 4,ORL 2,user47,49,marvalshot,14734,4653759162_47
Tyler Herro (37831794),Stephon Castle (37831933),Brice Sensabaugh (37832065),KJ Martin (37832113),Kyle Filipowski (37831966),Isaiah Collier (37831913),LeBron James (37831767),Keyonte George (37831887),317.5679340277777,415.8839181351151,49900,100.00%,0,69.66%,0,255.03000000000003,$2.79,UTA 5,MIA 1,user46,50,marvalshot,10732,4653759163_46
Alec Burks (37832227),Anthony Edwards (37831776),Jalen Williams (37831829),Bam Adebayo (37831821),Isaiah Hartenstein (37831897),Keyonte George (37831887),KJ Martin (37832113),Kyle Filipowski (37831966),336.7219618055555,427.84594188937444,49800,100.00%,5498,223.85%,0,256.46999999999997,$8.95,UTA 3,MIA 2,user47,49,marvalshot,4103,4653759164_47
Keyonte George (37831887),Alec Burks (37832227),LeBron James (37831767),Kelly Olynyk (37831968),Kel'el Ware (37831949),Shai Gilgeous-Alexander (37831764),KJ Martin (37832113),Kyle Filipowski (37831966),343.34555555555556,440.0515550011675,49800,100.00%,48485,408.02%,0,252.18,$16.32,UTA 3,MIA 2,user47,48,marvalshot,4601,4653759165_47
Keyonte George (37831887),Gabe Vincent (37832130),Jalen Williams (37831829),LeBron James (37831767),Isaiah Hartenstein (37831897),Isaiah Collier (37831913),Brice Sensabaugh (37832065),Kyle Filipowski (37831966),324.6516493055555,424.83696484624323,49800,100.00%,0,113.39%,0,210.75,$4.54,UTA 4,LAL 2,user9,1,marvalshot,14747,4653759166_9
Alec Burks (37832227),Anthony Edwards (37831776),Jalen Williams (37831829),LeBron James (37831767),Kyle Filipowski (37831966),Keyonte George (37831887),KJ Martin (37832113),Nick Richards (37832024),329.1104861111111,427.35969072372984,50000,100.00%,0,151.14%,0,262.25,$6.05,UTA 3,MIA 1,user4,46,marvalshot,14752,4653759167_4
Isaiah Collier (37831913),Alec Burks (37832227),LeBron James (37831767),Zion Williamson (37831787),Isaiah Hartenstein (37831897),Keyonte George (37831887),KJ Martin (37832113),Kyle Filipowski (37831966),322.51553819444445,428.9318474849117,49900,100.00%,0,101.09%,0,252.72,$4.04,UTA 4,MIA 1,user47,51,marvalshot,12187,4653759158_47
Devin Booker (37831783),Alec Burks (37832227),Duncan Robinson (37832000),KJ Martin (37832113),Kyle Filipowski (37831966),Keyonte George (37831887),LeBron James (37831767),Jalen Williams (37831829),321.5384548611111,411.14380374081924,50000,100.00%,0,98.33%,0,243.06,$3.93,UTA 3,MIA 2,user48,49,marvalshot,14733,4653759159_48
Isaiah Collier (37831913),Cason Wallace (37832096),LeBron James (37831767),Bam Adebayo (37831821),Isaiah Hartenstein (37831897),Keyonte George (37831887),KJ Martin (37832113),Kyle Filipowski (37831966),330.4637326388888,427.01913172426083,49900,100.00%,5,161.25%,0,245.82,$6.45,UTA 4,OKC 2,user47,50,marvalshot,8551,4653759160_47
Isaiah Collier (37831913),Gradey Dick (37832076),LeBron James (37831767),Jalen Williams (37831829),Isaiah Hartenstein (37831897),Keyonte George (37831887),KJ Martin (37832113),Kyle Filipowski (37831966),316.70970052083334,415.40555977159596,49800,100.00%,0,61.77%,0,250.31,$2.47,UTA 4,OKC 2,user47,50,marvalshot,11994,4653759161_47
Shai Gilgeous-Alexander (37831764),Alec Burks (37832227),Franz Wagner (37831801),Paolo Banchero (37831809),Kyle Filipowski (37831966),Keyonte George (37831887),KJ Martin (37832113),Brice Sensabaugh (37832065),310.46605902777776,401.44592029881466,49900,99.53%,0,38.34%,0,270.49,$1.53,UTA 4,ORL 2,user48,49,marvalshot,14734,4653759162_48
Tyler Herro (37831794),Stephon Castle (37831933),Brice Sensabaugh (37832065),KJ Martin (37832113),Kyle Filipowski (37831966),Isaiah Collier (37831913),LeBron James (37831767),Keyonte George (37831887),317.5679340277777,415.8839181351151,49900,100.00%,0,69.66%,0,255.03000000000003,$2.79,UTA 5,MIA 1,user47,50,marvalshot,10732,4653759163_47
Alec Burks (37832227),Anthony Edwards (37831776),Jalen Williams (37831829),Bam Adebayo (37831821),Isaiah Hartenstein (37831897),Keyonte George (37831887),KJ Martin (37832113),Kyle Filipowski (37831966),336.7219618055555,427.84594188937444,49800,100.00%,5498,223.85%,0,256.46999999999997,$8.95,UTA 3,MIA 2,user48,49,marvalshot,4103,4653759164_48
Keyonte George (37831887),Alec Burks (37832227),LeBron James (37831767),Kelly Olynyk (37831968),Kel'el Ware (37831949),Shai Gilgeous-Alexander (37831764),KJ Martin (37832113),Kyle Filipowski (37831966),343.34555555555556,440.0515550011675,49800,100.00%,48485,408.02%,0,252.18,$16.32,UTA 3,MIA 2,user48,48,marvalshot,4601,4653759165_48
Keyonte George (37831887),Johnny Juzang (37832136),Jalen Williams (37831829),LeBron James (37831767),Isaiah Hartenstein (37831897),Isaiah Collier (37831913),Brice Sensabaugh (37832065),Kyle Filipowski (37831966),324.3316493055556,427.6769648462433,49700,100.00%,0,110.98%,0,208.63,$4.44,UTA 5,OKC 2,user6,1,marvalshot,14744,4653759166_6
Alec Burks (37832227),Anthony Edwards (37831776),Jalen Williams (37831829),KJ Martin (37832113),Jaxson Hayes (37832086),Keyonte George (37831887),LeBron James (37831767),Kyle Filipowski (37831966),326.80048611111107,422.6796907237299,49600,100.00%,0,133.52%,0,260.62,$5.34,UTA 3,LAL 2,user3,1,marvalshot,14751,4653759167_3
Isaiah Collier (37831913),Alec Burks (37832227),LeBron James (37831767),Zion Williamson (37831787),Isaiah Hartenstein (37831897),Keyonte George (37831887),KJ Martin (37832113),Kyle Filipowski (37831966),322.51553819444445,428.9318474849117,49900,100.00%,0,101.09%,0,252.72,$4.04,UTA 4,MIA 1,user48,51,marvalshot,12187,4653759158_48
Devin Booker (37831783),Alec Burks (37832227),Duncan Robinson (37832000),KJ Martin (37832113),Kyle Filipowski (37831966),Keyonte George (37831887),LeBron James (37831767),Jalen Williams (37831829),321.5384548611111,411.14380374081924,50000,100.00%,0,98.33%,0,243.06,$3.93,UTA 3,MIA 2,user49,49,marvalshot,14733,4653759159_49
Isaiah Collier (37831913),Cason Wallace (37832096),LeBron James (37831767),Bam Adebayo (37831821),Isaiah Hartenstein (37831897),Keyonte George (37831887),KJ Martin (37832113),Kyle Filipowski (37831966),330.4637326388888,427.01913172426083,49900,100.00%,5,161.25%,0,245.82,$6.45,UTA 4,OKC 2,user48,50,marvalshot,8551,4653759160_48
Isaiah Collier (37831913),Gradey Dick (37832076),LeBron James (37831767),Jalen Williams (37831829),Isaiah Hartenstein (37831897),Keyonte George (37831887),KJ Martin (37832113),Kyle Filipowski (37831966),316.70970052083334,415.40555977159596,49800,100.00%,0,61.77%,0,250.31,$2.47,UTA 4,OKC 2,user48,50,marvalshot,11994,4653759161_48
Shai Gilgeous-Alexander (37831764),Alec Burks (37832227),Franz Wagner (37831801),Paolo Banchero (37831809),Kyle Filipowski (37831966),Keyonte George (37831887),KJ Martin (37832113),Brice Sensabaugh (37832065),310.46605902777776,401.44592029881466,49900,99.53%,0,38.34%,0,270.49,$1.53,UTA 4,ORL 2,user49,49,marvalshot,14734,4653759162_49
Tyler Herro (37831794),Stephon Castle (37831933),Brice Sensabaugh (37832065),KJ Martin (37832113),Kyle Filipowski (37831966),Isaiah Collier (37831913),LeBron James (37831767),Keyonte George (37831887),317.5679340277777,415.8839181351151,49900,100.00%,0,69.66%,0,255.03000000000003,$2.79,UTA 5,MIA 1,user48,50,marvalshot,10732,4653759163_48
Alec Burks (37832227),Anthony Edwards (37831776),Jalen Williams (37831829),Bam Adebayo (37831821),Isaiah Hartenstein (37831897),Keyonte George (37831887),KJ Martin (37832113),Kyle Filipowski (37831966),336.7219618055555,427.84594188937444,49800,100.00%,5498,223.85%,0,256.46999999999997,$8.95,UTA 3,MIA 2,user49,49,marvalshot,4103,4653759164_49
Keyonte George (37831887),Alec Burks (37832227),LeBron James (37831767),Kelly Olynyk (37831968),Kel'el Ware (37831949),Shai Gilgeous-Alexander (37831764),KJ Martin (37832113),Kyle Filipowski (37831966),343.34555555555556,440.0515550011675,49800,100.00%,48485,408.02%,0,252.18,$16.32,UTA 3,MIA 2,user49,48,marvalshot,4601,4653759165_49
Keyonte George (37831887),Devin Booker (37831783),Jalen Williams (37831829),KJ Martin (37832113),Isaiah Hartenstein (37831897),Isaiah Collier (37831913),Brice Sensabaugh (37832065),Kyle Filipowski (37831966),324.2016493055555,425.0969648462432,48900,100.00%,0,109.3%,0,234.93,$4.37,UTA 5,OKC 2,user11,1,marvalshot,14749,4653759166_11
Alec Burks (37832227),Devin Booker (37831783),Jalen Williams (37831829),KJ Martin (37832113),Kyle Filipowski (37831966),Keyonte George (37831887),Brice Sensabaugh (37832065),LeBron James (37831767),326.03048611111114,422.5396907237299,49500,100.00%,0,126.27%,0,259.88,$5.05,UTA 4,MIA 1,user,1,marvalshot,11285,4653759167
Isaiah Collier (37831913),Alec Burks (37832227),LeBron James (37831767),Zion Williamson (37831787),Isaiah Hartenstein (37831897),Keyonte George (37831887),KJ Martin (37832113),Kyle Filipowski (37831966),322.51553819444445,428.9318474849117,49900,100.00%,0,101.09%,0,252.72,$4.04,UTA 4,MIA 1,user49,51,marvalshot,12187,4653759158_49
Keyonte George (37831887),Alec Burks (37832227),Duncan Robinson (37832000),Julius Randle (37831893),Kyle Filipowski (37831966),Isaiah Collier (37831913),LeBron James (37831767),Jalen Williams (37831829),319.0084548611111,410.53380374081917,49600,100.00%,0,82.47%,0,201.5,$3.3,UTA 3,MIA 2,user,1,marvalshot,8756,4653759159
Isaiah Collier (37831913),Cason Wallace (37832096),LeBron James (37831767),Bam Adebayo (37831821),Isaiah Hartenstein (37831897),Keyonte George (37831887),KJ Martin (37832113),Kyle Filipowski (37831966),330.4637326388888,427.01913172426083,49900,100.00%,5,161.25%,0,245.82,$6.45,UTA 4,OKC 2,user49,50,marvalshot,8551,4653759160_49
Isaiah Collier (37831913),Gradey Dick (37832076),LeBron James (37831767),Jalen Williams (37831829),Isaiah Hartenstein (37831897),Keyonte George (37831887),KJ Martin (37832113),Kyle Filipowski (37831966),316.70970052083334,415.40555977159596,49800,100.00%,0,61.77%,0,250.31,$2.47,UTA 4,OKC 2,user49,50,marvalshot,11994,4653759161_49
Shai Gilgeous-Alexander (37831764),Alec Burks (37832227),Franz Wagner (37831801),Paolo Banchero (37831809),Jaxson Hayes (37832086),Keyonte George (37831887),KJ Martin (37832113),Kyle Filipowski (37831966),308.0960590277778,396.4659202988147,49800,92.51%,0,-9.48%,0,259.52,$-0.38,UTA 3,ORL 2,user,2,marvalshot,4303,4653759162
Tyler Herro (37831794),Stephon Castle (37831933),Brice Sensabaugh (37832065),KJ Martin (37832113),Kyle Filipowski (37831966),Isaiah Collier (37831913),LeBron James (37831767),Keyonte George (37831887),317.5679340277777,415.8839181351151,49900,100.00%,0,69.66%,0,255.03000000000003,$2.79,UTA 5,MIA 1,user49,50,marvalshot,10732,4653759163_49
Alec Burks (37832227),Devin Booker (37831783),Jalen Williams (37831829),Bam Adebayo (37831821),Isaiah Hartenstein (37831897),Keyonte George (37831887),KJ Martin (37832113),Kyle Filipowski (37831966),333.5819618055555,422.72594188937444,49600,100.00%,187,190.8%,0,244.76,$7.63,UTA 3,MIA 2,user1,1,marvalshot,14736,4653759164_1
Keyonte George (37831887),Alec Burks (37832227),Zion Williamson (37831787),KJ Martin (37832113),Kel'el Ware (37831949),Shai Gilgeous-Alexander (37831764),Julius Randle (37831893),Kyle Filipowski (37831966),341.86555555555555,442.3815550011675,50000,100.00%,43734,340.45%,0,236.7,$13.62,UTA 3,MIA 2,user2,1,marvalshot,14738,4653759165_2
Isaiah Collier (37831913),Devin Booker (37831783),Jalen Williams (37831829),KJ Martin (37832113),Isaiah Hartenstein (37831897),Keyonte George (37831887),Kelly Olynyk (37831968),Kyle Filipowski (37831966),323.87164930555554,424.25696484624325,49700,100.00%,0,107.82%,0,220.02999999999997,$4.31,UTA 4,OKC 2,user4,1,marvalshot,14742,4653759166_4
Alec Burks (37832227),Devin Booker (37831783),Jalen Williams (37831829),LeBron James (37831767),Kyle Filipowski (37831966),Keyonte George (37831887),KJ Martin (37832113),Nick Richards (37832024),325.9704861111111,422.2396907237299,49800,100.00%,0,125.2%,0,250.54000000000002,$5.01,UTA 3,PHX 2,user1,1,marvalshot,14750,4653759167_1
