PG,SG,SF,PF,C,G,F,UTIL,Proj,Ceiling,Salary,Cash %,Top 1%,ROI%,Wins,Own Sum,Avg Return,Stack1,Stack2,Lineup,Dupes,User,Index,Entry ID
Scottie Barnes (37851372),Coby White (37851438),Franz Wagner (37851369),Pascal Siakam (37851401),Andre Drummond (37851556),Tre Jones (37851720),Matas Buzelis (37851566),Onyeka Okongwu (37851459),269.07057291666666,352.6773748227838,49800,7.97%,0,-90.26%,0,161.23,$-3.61,CHI 3,TOR 1,user26,1,marvalshot,17711,4655040906_26
Jalen Brunson (37851340),Talen Horton-Tucker (37851832),Kyle Kuzma (37851449),Giannis Antetokounmpo (37851317),Onyeka Okongwu (37851459),Tre Jones (37851720),Guerschon Yabusele (37851548),Andre Drummond (37851556),280.78947048611116,376.9832664305983,49600,99.94%,0,67.67%,0,208.1,$2.71,CHI 2,MIL 2,user13,1,marvalshot,17744,4655040907_13
Tre Jones (37851720),Stephon Castle (37851463),Talen Horton-Tucker (37851832),Josh Hart (37851385),Alperen Sengun (37851332),Jalen Brunson (37851340),Matas Buzelis (37851566),Onyeka Okongwu (37851459),272.4633203125,358.9511969349011,49800,42.99%,0,-42.75%,0,176.3,$-1.71,CHI 3,NYK 2,user,1,marvalshot,8838,4655040908
Ty Jerome (37851543),Aaron Nesmith (37851609),Franz Wagner (37851369),Pascal Siakam (37851401),Andre Drummond (37851556),Jalen Brunson (37851340),Matas Buzelis (37851566),Onyeka Okongwu (37851459),257.1615972222222,343.3380030674736,49700,0.00%,0,-100.0%,0,148.67000000000002,$-4.0,IND 2,CLE 1,user3,1,marvalshot,17753,4655040909_3
Tre Jones (37851720),Caris LeVert (37851534),Talen Horton-Tucker (37851832),Julius Randle (37851443),Andre Drummond (37851556),Jalen Brunson (37851340),Giannis Antetokounmpo (37851317),Onyeka Okongwu (37851459),278.4625954861111,379.444909610219,49900,99.32%,0,52.28%,0,228.57,$2.09,CHI 2,ATL 2,user7,1,marvalshot,17762,4655040910_7
Tre Jones (37851720),Andrew Nembhard (37851576),Kyle Kuzma (37851449),Paolo Banchero (37851362),Andre Drummond (37851556),Stephon Castle (37851463),Matas Buzelis (37851566),Giannis Antetokounmpo (37851317),299.78637586805553,390.2728923954447,50000,100.00%,49934,6262.88%,1,186.18,$250.52,CHI 2,MIL 2,user7,1,marvalshot,17775,4655040911_7
Tre Jones (37851720),Coby White (37851438),Kyle Kuzma (37851449),Guerschon Yabusele (37851548),Andre Drummond (37851556),Talen Horton-Tucker (37851832),Giannis Antetokounmpo (37851317),Jalen Brunson (37851340),283.4425954861111,377.87914526334134,50000,100.00%,0,94.66%,0,194.35,$3.79,CHI 3,MIL 2,user13,1,marvalshot,17807,4655040912_13
Jalen Brunson (37851340),Ja'Kobe Walter (37851749),Max Strus (37851614),Paolo Banchero (37851362),Andre Drummond (37851556),Tre Jones (37851720),Matas Buzelis (37851566),Giannis Antetokounmpo (37851317),297.1407248263889,387.1236064275994,49800,100.00%,47553,2073.58%,0,196.07999999999998,$82.94,CHI 2,NYK 1,user24,1,marvalshot,17867,4655040913_24
Tre Jones (37851720),Talen Horton-Tucker (37851832),Josh Hart (37851385),Pascal Siakam (37851401),Alperen Sengun (37851332),Stephon Castle (37851463),Kyle Kuzma (37851449),Onyeka Okongwu (37851459),263.2637673611111,347.354709574212,49900,0.02%,0,-99.97%,0,157.95,$-4.0,CHI 2,NYK 1,user,50,marvalshot,5058,4655040914
Jalen Brunson (37851340),Aaron Nesmith (37851609),Franz Wagner (37851369),Giannis Antetokounmpo (37851317),Onyeka Okongwu (37851459),Tre Jones (37851720),Talen Horton-Tucker (37851832),Jalen Smith (37851692),260.79299913194444,356.5745060382428,49800,0.00%,0,-100.0%,0,186.45,$-4.0,CHI 3,NYK 1,user,50,marvalshot,9768,4655040915
Scottie Barnes (37851372),Stephon Castle (37851463),Franz Wagner (37851369),Pascal Siakam (37851401),Andre Drummond (37851556),Tre Jones (37851720),Guerschon Yabusele (37851548),Onyeka Okongwu (37851459),268.2205729166667,352.4373748227838,49700,4.28%,0,-94.9%,0,161.39999999999998,$-3.8,PHI 2,TOR 1,user24,1,marvalshot,17709,4655040906_24
Jalen Brunson (37851340),Talen Horton-Tucker (37851832),Kyle Kuzma (37851449),Giannis Antetokounmpo (37851317),Onyeka Okongwu (37851459),Tre Jones (37851720),Matas Buzelis (37851566),Andre Drummond (37851556),279.92947048611114,377.20326643059826,49200,99.87%,0,60.89%,0,214.95999999999998,$2.44,CHI 3,MIL 2,user16,1,marvalshot,17747,4655040907_16
Tre Jones (37851720),Talen Horton-Tucker (37851832),Max Strus (37851614),Josh Hart (37851385),Alperen Sengun (37851332),Jalen Brunson (37851340),Julius Randle (37851443),Onyeka Okongwu (37851459),271.7133203125,357.51119693490114,50000,31.15%,0,-60.25%,0,185.62,$-2.41,CHI 2,NYK 2,user1,49,marvalshot,17750,4655040908_1
Tre Jones (37851720),Aaron Nesmith (37851609),Franz Wagner (37851369),Pascal Siakam (37851401),Andre Drummond (37851556),Jalen Brunson (37851340),Devin Vassell (37851496),Onyeka Okongwu (37851459),258.0215972222222,342.0080030674736,49400,0.00%,0,-100.0%,0,165.53,$-4.0,IND 2,CHI 1,user2,1,marvalshot,17752,4655040909_2
Tre Jones (37851720),Caris LeVert (37851534),Max Strus (37851614),Guerschon Yabusele (37851548),Andre Drummond (37851556),Jalen Brunson (37851340),Giannis Antetokounmpo (37851317),Onyeka Okongwu (37851459),276.9325954861111,371.334909610219,49700,94.71%,0,41.53%,0,187.84,$1.66,ATL 2,PHI 2,user1,1,marvalshot,17756,4655040910_1
Darius Garland (37851392),Andrew Nembhard (37851576),Kyle Kuzma (37851449),Paolo Banchero (37851362),Andre Drummond (37851556),Tre Jones (37851720),Talen Horton-Tucker (37851832),Giannis Antetokounmpo (37851317),299.46637586805554,393.1928923954447,50000,100.00%,49944,5088.01%,0,209.79999999999998,$203.52,MIL 2,CHI 2,user9,1,marvalshot,17777,4655040911_9
Tre Jones (37851720),Stephon Castle (37851463),Kyle Kuzma (37851449),Guerschon Yabusele (37851548),Andre Drummond (37851556),Talen Horton-Tucker (37851832),Giannis Antetokounmpo (37851317),Jalen Brunson (37851340),281.7325954861111,377.85914526334136,49500,99.98%,0,76.49%,0,201.38,$3.06,CHI 2,MIL 2,user21,1,marvalshot,17815,4655040912_21
Jalen Brunson (37851340),Ja'Kobe Walter (37851749),Keldon Johnson (37851583),Paolo Banchero (37851362),Andre Drummond (37851556),Tre Jones (37851720),Matas Buzelis (37851566),Giannis Antetokounmpo (37851317),293.95072482638886,385.9836064275993,49900,100.00%,30236,570.95%,0,189.71999999999997,$22.84,CHI 2,NYK 1,user22,1,marvalshot,17865,4655040913_22
Tre Jones (37851720),Talen Horton-Tucker (37851832),Josh Hart (37851385),Pascal Siakam (37851401),Alperen Sengun (37851332),Stephon Castle (37851463),Kyle Kuzma (37851449),Onyeka Okongwu (37851459),263.2637673611111,347.354709574212,49900,0.02%,0,-99.97%,0,157.95,$-4.0,CHI 2,NYK 1,user1,50,marvalshot,5058,4655040914_1
Jalen Brunson (37851340),Aaron Nesmith (37851609),Franz Wagner (37851369),Giannis Antetokounmpo (37851317),Onyeka Okongwu (37851459),Tre Jones (37851720),Talen Horton-Tucker (37851832),Jalen Smith (37851692),260.79299913194444,356.5745060382428,49800,0.00%,0,-100.0%,0,186.45,$-4.0,CHI 3,NYK 1,user1,50,marvalshot,9768,4655040915_1
Scottie Barnes (37851372),Stephon Castle (37851463),Franz Wagner (37851369),Pascal Siakam (37851401),Andre Drummond (37851556),Tre Jones (37851720),Matas Buzelis (37851566),Onyeka Okongwu (37851459),267.3605729166667,352.6573748227838,49300,2.05%,0,-97.6%,0,168.26,$-3.9,CHI 2,TOR 1,user31,1,marvalshot,17716,4655040906_31
Jalen Brunson (37851340),Donte DiVincenzo (37851505),Kyle Kuzma (37851449),Giannis Antetokounmpo (37851317),Onyeka Okongwu (37851459),Tre Jones (37851720),Talen Horton-Tucker (37851832),Andre Drummond (37851556),279.5094704861111,377.60326643059824,50000,99.64%,0,58.41%,0,199.64,$2.34,MIL 2,CHI 2,user12,1,marvalshot,17743,4655040907_12
Tre Jones (37851720),Max Strus (37851614),Talen Horton-Tucker (37851832),Josh Hart (37851385),Alperen Sengun (37851332),Jalen Brunson (37851340),Julius Randle (37851443),Onyeka Okongwu (37851459),271.7133203125,357.51119693490114,50000,31.15%,0,-60.25%,0,185.62,$-2.41,CHI 2,NYK 2,user2,49,marvalshot,17750,4655040908_2
Tre Jones (37851720),Aaron Nesmith (37851609),Franz Wagner (37851369),Pascal Siakam (37851401),Andre Drummond (37851556),Jalen Brunson (37851340),Matas Buzelis (37851566),Onyeka Okongwu (37851459),258.1615972222222,341.47800306747365,48500,0.00%,0,-100.0%,0,176.34,$-4.0,CHI 2,IND 2,user4,1,marvalshot,17754,4655040909_4
Tre Jones (37851720),Caris LeVert (37851534),Max Strus (37851614),Matas Buzelis (37851566),Andre Drummond (37851556),Jalen Brunson (37851340),Giannis Antetokounmpo (37851317),Onyeka Okongwu (37851459),276.07259548611114,371.554909610219,49300,89.69%,0,32.02%,0,194.7,$1.28,CHI 2,ATL 2,user9,1,marvalshot,17764,4655040910_9
Tre Jones (37851720),Andrew Nembhard (37851576),Kyle Kuzma (37851449),Paolo Banchero (37851362),Andre Drummond (37851556),Quentin Grimes (37851476),Matas Buzelis (37851566),Giannis Antetokounmpo (37851317),298.6663758680555,386.21289239544467,49900,100.00%,49625,3806.99%,0,184.44,$152.28,CHI 2,MIL 2,user10,1,marvalshot,17778,4655040911_10
Tre Jones (37851720),Talen Horton-Tucker (37851832),Kyle Kuzma (37851449),Julius Randle (37851443),Andre Drummond (37851556),Ty Jerome (37851543),Giannis Antetokounmpo (37851317),Jalen Brunson (37851340),281.0925954861111,382.3291452633414,49900,99.97%,0,70.39%,0,208.63,$2.82,CHI 2,MIL 2,user46,1,marvalshot,17840,4655040912_46
Jalen Brunson (37851340),Ja'Kobe Walter (37851749),Talen Horton-Tucker (37851832),Paolo Banchero (37851362),Andre Drummond (37851556),Tre Jones (37851720),Guerschon Yabusele (37851548),Giannis Antetokounmpo (37851317),293.8907248263889,385.15360642759936,49000,100.00%,30073,530.01%,0,211.54999999999998,$21.2,CHI 2,PHI 2,user37,1,marvalshot,17880,4655040913_37
Tre Jones (37851720),Talen Horton-Tucker (37851832),Josh Hart (37851385),Pascal Siakam (37851401),Alperen Sengun (37851332),Stephon Castle (37851463),Kyle Kuzma (37851449),Onyeka Okongwu (37851459),263.2637673611111,347.354709574212,49900,0.02%,0,-99.97%,0,157.95,$-4.0,CHI 2,NYK 1,user2,50,marvalshot,5058,4655040914_2
Jalen Brunson (37851340),Aaron Nesmith (37851609),Franz Wagner (37851369),Giannis Antetokounmpo (37851317),Onyeka Okongwu (37851459),Tre Jones (37851720),Talen Horton-Tucker (37851832),Jalen Smith (37851692),260.79299913194444,356.5745060382428,49800,0.00%,0,-100.0%,0,186.45,$-4.0,CHI 3,NYK 1,user2,50,marvalshot,9768,4655040915_2
Scottie Barnes (37851372),Kelly Oubre Jr. (37851433),Franz Wagner (37851369),Pascal Siakam (37851401),Andre Drummond (37851556),Tre Jones (37851720),Guerschon Yabusele (37851548),Onyeka Okongwu (37851459),267.26057291666666,347.2073748227838,50000,1.85%,0,-97.92%,0,151.48,$-3.92,PHI 3,TOR 1,user35,1,marvalshot,17720,4655040906_35
Jalen Brunson (37851340),Talen Horton-Tucker (37851832),Kyle Kuzma (37851449),Giannis Antetokounmpo (37851317),Onyeka Okongwu (37851459),Tre Jones (37851720),De'Andre Hunter (37851523),Andre Drummond (37851556),278.35947048611115,376.51326643059826,49800,98.67%,0,51.63%,0,200.93,$2.07,CHI 2,MIL 2,user7,1,marvalshot,17738,4655040907_7
Tre Jones (37851720),Max Strus (37851614),Talen Horton-Tucker (37851832),Josh Hart (37851385),Alperen Sengun (37851332),Jalen Brunson (37851340),Julius Randle (37851443),Onyeka Okongwu (37851459),271.7133203125,357.51119693490114,50000,31.15%,0,-60.25%,0,185.62,$-2.41,CHI 2,NYK 2,user3,49,marvalshot,17750,4655040908_3
Tre Jones (37851720),Aaron Nesmith (37851609),Franz Wagner (37851369),Pascal Siakam (37851401),Andre Drummond (37851556),Jalen Brunson (37851340),Guerschon Yabusele (37851548),Onyeka Okongwu (37851459),259.0215972222222,341.2580030674736,48900,0.00%,0,-100.0%,0,169.48000000000002,$-4.0,IND 2,PHI 2,user5,1,marvalshot,17755,4655040909_5
Tre Jones (37851720),Caris LeVert (37851534),Max Strus (37851614),De'Andre Hunter (37851523),Andre Drummond (37851556),Jalen Brunson (37851340),Giannis Antetokounmpo (37851317),Onyeka Okongwu (37851459),274.5025954861111,370.86490961021894,49900,73.47%,0,4.7%,0,180.67000000000002,$0.19,ATL 2,CLE 2,user3,1,marvalshot,17758,4655040910_3
Tre Jones (37851720),Andrew Nembhard (37851576),Kyle Kuzma (37851449),Paolo Banchero (37851362),Andre Drummond (37851556),Stephon Castle (37851463),Max Strus (37851614),Giannis Antetokounmpo (37851317),296.5963758680556,386.36289239544476,49800,100.00%,46997,1409.92%,0,180.03,$56.4,MIL 2,CHI 1,user2,1,marvalshot,17770,4655040911_2
Tre Jones (37851720),Stephon Castle (37851463),Kyle Kuzma (37851449),Matas Buzelis (37851566),Andre Drummond (37851556),Talen Horton-Tucker (37851832),Giannis Antetokounmpo (37851317),Jalen Brunson (37851340),280.8725954861111,378.0791452633414,49100,99.96%,0,68.23%,0,208.23999999999998,$2.73,CHI 3,MIL 2,user26,1,marvalshot,17820,4655040912_26
Jalen Brunson (37851340),Ja'Kobe Walter (37851749),Talen Horton-Tucker (37851832),Paolo Banchero (37851362),Andre Drummond (37851556),Tre Jones (37851720),Matas Buzelis (37851566),Giannis Antetokounmpo (37851317),293.0307248263889,385.3736064275993,48600,100.00%,21977,411.85%,0,218.40999999999997,$16.47,CHI 3,NYK 1,user44,1,marvalshot,17887,4655040913_44
Tre Jones (37851720),Talen Horton-Tucker (37851832),Josh Hart (37851385),Pascal Siakam (37851401),Alperen Sengun (37851332),Stephon Castle (37851463),Kyle Kuzma (37851449),Onyeka Okongwu (37851459),263.2637673611111,347.354709574212,49900,0.02%,0,-99.97%,0,157.95,$-4.0,CHI 2,NYK 1,user3,50,marvalshot,5058,4655040914_3
Jalen Brunson (37851340),Aaron Nesmith (37851609),Franz Wagner (37851369),Giannis Antetokounmpo (37851317),Onyeka Okongwu (37851459),Tre Jones (37851720),Talen Horton-Tucker (37851832),Jalen Smith (37851692),260.79299913194444,356.5745060382428,49800,0.00%,0,-100.0%,0,186.45,$-4.0,CHI 3,NYK 1,user3,50,marvalshot,9768,4655040915_3
Scottie Barnes (37851372),Quentin Grimes (37851476),Franz Wagner (37851369),Pascal Siakam (37851401),Andre Drummond (37851556),Tre Jones (37851720),Guerschon Yabusele (37851548),Onyeka Okongwu (37851459),267.1005729166667,348.37737482278385,49600,1.60%,0,-98.17%,0,159.66,$-3.93,PHI 3,TOR 1,user19,1,marvalshot,17703,4655040906_19
Jalen Brunson (37851340),Jevon Carter (37851843),Kyle Kuzma (37851449),Giannis Antetokounmpo (37851317),Onyeka Okongwu (37851459),Tre Jones (37851720),Guerschon Yabusele (37851548),Andre Drummond (37851556),278.0894704861111,372.7032664305982,49500,98.25%,0,49.99%,0,208.04,$2.0,CHI 2,MIL 2,user10,1,marvalshot,17741,4655040907_10
Tre Jones (37851720),Max Strus (37851614),Talen Horton-Tucker (37851832),Josh Hart (37851385),Alperen Sengun (37851332),Jalen Brunson (37851340),Julius Randle (37851443),Onyeka Okongwu (37851459),271.7133203125,357.51119693490114,50000,31.15%,0,-60.25%,0,185.62,$-2.41,CHI 2,NYK 2,user4,49,marvalshot,17750,4655040908_4
Tre Jones (37851720),Aaron Nesmith (37851609),Franz Wagner (37851369),Pascal Siakam (37851401),Jarrett Allen (37851461),Jalen Brunson (37851340),Matas Buzelis (37851566),Onyeka Okongwu (37851459),257.6615972222222,340.3480030674736,49700,0.00%,0,-100.0%,0,161.72,$-4.0,CHI 2,IND 2,user1,1,marvalshot,17751,4655040909_1
Tre Jones (37851720),Caris LeVert (37851534),Keldon Johnson (37851583),Guerschon Yabusele (37851548),Andre Drummond (37851556),Jalen Brunson (37851340),Giannis Antetokounmpo (37851317),Onyeka Okongwu (37851459),273.7425954861111,370.194909610219,49800,62.71%,0,-12.13%,0,181.48,$-0.49,ATL 2,PHI 2,user5,1,marvalshot,17760,4655040910_5
Tre Jones (37851720),Andrew Nembhard (37851576),Kyle Kuzma (37851449),Paolo Banchero (37851362),Andre Drummond (37851556),Devin Vassell (37851496),Guerschon Yabusele (37851548),Giannis Antetokounmpo (37851317),296.4463758680555,383.41289239544466,49900,100.00%,46200,1365.03%,0,172.44,$54.6,MIL 2,PHI 2,user8,1,marvalshot,17776,4655040911_8
Tre Jones (37851720),Jevon Carter (37851843),Kyle Kuzma (37851449),Guerschon Yabusele (37851548),Andre Drummond (37851556),Coby White (37851438),Giannis Antetokounmpo (37851317),Jalen Brunson (37851340),280.7425954861111,373.59914526334137,49900,99.92%,0,67.49%,0,194.29000000000002,$2.7,CHI 3,MIL 2,user8,1,marvalshot,17802,4655040912_8
Jalen Brunson (37851340),Ja'Kobe Walter (37851749),De'Andre Hunter (37851523),Paolo Banchero (37851362),Andre Drummond (37851556),Talen Horton-Tucker (37851832),Matas Buzelis (37851566),Giannis Antetokounmpo (37851317),292.6807248263889,384.7636064275993,50000,100.00%,19190,405.91%,0,191.79,$16.24,CHI 2,NYK 1,user23,1,marvalshot,17866,4655040913_23
Tre Jones (37851720),Talen Horton-Tucker (37851832),Josh Hart (37851385),Pascal Siakam (37851401),Alperen Sengun (37851332),Stephon Castle (37851463),Kyle Kuzma (37851449),Onyeka Okongwu (37851459),263.2637673611111,347.354709574212,49900,0.02%,0,-99.97%,0,157.95,$-4.0,CHI 2,NYK 1,user4,50,marvalshot,5058,4655040914_4
Jalen Brunson (37851340),Aaron Nesmith (37851609),Franz Wagner (37851369),Giannis Antetokounmpo (37851317),Onyeka Okongwu (37851459),Tre Jones (37851720),Talen Horton-Tucker (37851832),Jalen Smith (37851692),260.79299913194444,356.5745060382428,49800,0.00%,0,-100.0%,0,186.45,$-4.0,CHI 3,NYK 1,user4,50,marvalshot,9768,4655040915_4
Scottie Barnes (37851372),De'Aaron Fox (37851365),Franz Wagner (37851369),Pascal Siakam (37851401),Andre Drummond (37851556),Tre Jones (37851720),Talen Horton-Tucker (37851832),Onyeka Okongwu (37851459),266.9805729166667,354.5673748227838,50000,1.23%,0,-98.69%,0,175.35,$-3.95,CHI 2,TOR 1,user27,1,marvalshot,17712,4655040906_27
Jalen Brunson (37851340),Max Strus (37851614),Kyle Kuzma (37851449),Giannis Antetokounmpo (37851317),Onyeka Okongwu (37851459),Talen Horton-Tucker (37851832),Matas Buzelis (37851566),Andre Drummond (37851556),277.9594704861111,373.3732664305983,49800,97.99%,0,49.24%,0,196.21999999999997,$1.97,MIL 2,CHI 2,user2,1,marvalshot,17733,4655040907_2
Tre Jones (37851720),Max Strus (37851614),Talen Horton-Tucker (37851832),Josh Hart (37851385),Alperen Sengun (37851332),Jalen Brunson (37851340),Julius Randle (37851443),Onyeka Okongwu (37851459),271.7133203125,357.51119693490114,50000,31.15%,0,-60.25%,0,185.62,$-2.41,CHI 2,NYK 2,user5,49,marvalshot,17750,4655040908_5
Tre Jones (37851720),Aaron Nesmith (37851609),Franz Wagner (37851369),Pascal Siakam (37851401),Julius Randle (37851443),Jalen Brunson (37851340),Matas Buzelis (37851566),Onyeka Okongwu (37851459),257.0915972222222,338.3780030674736,50000,0.00%,0,-100.0%,0,168.09,$-4.0,CHI 2,IND 2,user,45,marvalshot,6562,4655040909
Tre Jones (37851720),Caris LeVert (37851534),Kelly Oubre Jr. (37851433),Dalen Terry (37851785),Andre Drummond (37851556),Jalen Brunson (37851340),Giannis Antetokounmpo (37851317),Onyeka Okongwu (37851459),273.6725954861111,368.104909610219,50000,61.47%,0,-13.9%,0,171.53,$-0.56,CHI 2,ATL 2,user8,1,marvalshot,17763,4655040910_8
Tre Jones (37851720),Andrew Nembhard (37851576),Kyle Kuzma (37851449),Paolo Banchero (37851362),Andre Drummond (37851556),Donte DiVincenzo (37851505),Guerschon Yabusele (37851548),Giannis Antetokounmpo (37851317),296.1663758680555,383.2828923954447,49800,100.00%,44960,1207.23%,0,167.93,$48.29,MIL 2,PHI 2,user12,1,marvalshot,17780,4655040911_12
Jevon Carter (37851843),Coby White (37851438),Kyle Kuzma (37851449),Matas Buzelis (37851566),Andre Drummond (37851556),Tre Jones (37851720),Giannis Antetokounmpo (37851317),Jalen Brunson (37851340),279.8825954861111,373.8191452633414,49500,99.80%,0,60.64%,0,201.14999999999998,$2.43,CHI 4,MIL 2,user4,1,marvalshot,17798,4655040912_4
Jalen Brunson (37851340),Ja'Kobe Walter (37851749),Devin Vassell (37851496),Paolo Banchero (37851362),Andre Drummond (37851556),Tre Jones (37851720),Talen Horton-Tucker (37851832),Giannis Antetokounmpo (37851317),292.8907248263889,385.90360642759936,49500,100.00%,20473,405.57%,0,207.59999999999997,$16.22,CHI 2,NYK 1,user31,1,marvalshot,17874,4655040913_31
Tre Jones (37851720),Talen Horton-Tucker (37851832),Josh Hart (37851385),Pascal Siakam (37851401),Alperen Sengun (37851332),Stephon Castle (37851463),Kyle Kuzma (37851449),Onyeka Okongwu (37851459),263.2637673611111,347.354709574212,49900,0.02%,0,-99.97%,0,157.95,$-4.0,CHI 2,NYK 1,user5,50,marvalshot,5058,4655040914_5
Jalen Brunson (37851340),Aaron Nesmith (37851609),Franz Wagner (37851369),Giannis Antetokounmpo (37851317),Onyeka Okongwu (37851459),Tre Jones (37851720),Talen Horton-Tucker (37851832),Jalen Smith (37851692),260.79299913194444,356.5745060382428,49800,0.00%,0,-100.0%,0,186.45,$-4.0,CHI 3,NYK 1,user5,50,marvalshot,9768,4655040915_5
Scottie Barnes (37851372),Kelly Oubre Jr. (37851433),Franz Wagner (37851369),Pascal Siakam (37851401),Andre Drummond (37851556),Tre Jones (37851720),Matas Buzelis (37851566),Onyeka Okongwu (37851459),266.40057291666665,347.4273748227838,49600,0.93%,0,-98.96%,0,158.33999999999997,$-3.96,PHI 2,CHI 2,user33,1,marvalshot,17718,4655040906_33
Jalen Brunson (37851340),Talen Horton-Tucker (37851832),Kyle Kuzma (37851449),Giannis Antetokounmpo (37851317),Onyeka Okongwu (37851459),Tre Jones (37851720),Jeremy Sochan (37851514),Andre Drummond (37851556),277.6994704861111,376.9332664305982,50000,97.47%,0,47.7%,0,199.01999999999998,$1.91,CHI 2,MIL 2,user3,1,marvalshot,17734,4655040907_3
Tre Jones (37851720),Max Strus (37851614),Talen Horton-Tucker (37851832),Josh Hart (37851385),Alperen Sengun (37851332),Jalen Brunson (37851340),Julius Randle (37851443),Onyeka Okongwu (37851459),271.7133203125,357.51119693490114,50000,31.15%,0,-60.25%,0,185.62,$-2.41,CHI 2,NYK 2,user6,49,marvalshot,17750,4655040908_6
Tre Jones (37851720),Aaron Nesmith (37851609),Franz Wagner (37851369),Pascal Siakam (37851401),Julius Randle (37851443),Jalen Brunson (37851340),Matas Buzelis (37851566),Onyeka Okongwu (37851459),257.0915972222222,338.3780030674736,50000,0.00%,0,-100.0%,0,168.09,$-4.0,CHI 2,IND 2,user6,45,marvalshot,6562,4655040909_6
Tre Jones (37851720),Caris LeVert (37851534),Ziaire Williams (37851558),Matas Buzelis (37851566),Andre Drummond (37851556),Jalen Brunson (37851340),Giannis Antetokounmpo (37851317),Onyeka Okongwu (37851459),273.3425954861111,369.604909610219,49700,56.52%,0,-21.88%,0,184.14,$-0.88,CHI 2,ATL 2,user6,1,marvalshot,17761,4655040910_6
Tre Jones (37851720),Andrew Nembhard (37851576),Kyle Kuzma (37851449),Paolo Banchero (37851362),Andre Drummond (37851556),Talen Horton-Tucker (37851832),Paul George (37851397),Giannis Antetokounmpo (37851317),295.99637586805557,385.6628923954447,49900,100.00%,45353,1052.74%,0,197.01,$42.11,CHI 2,MIL 2,user16,1,marvalshot,17784,4655040911_16
Tre Jones (37851720),Quentin Grimes (37851476),Kyle Kuzma (37851449),Matas Buzelis (37851566),Andre Drummond (37851556),Talen Horton-Tucker (37851832),Giannis Antetokounmpo (37851317),Jalen Brunson (37851340),279.7525954861111,374.0191452633414,49000,99.78%,0,59.67%,0,206.5,$2.39,CHI 3,PHI 2,user49,1,marvalshot,17843,4655040912_49
Jalen Brunson (37851340),Ja'Kobe Walter (37851749),Dalen Terry (37851785),Paolo Banchero (37851362),Andre Drummond (37851556),Tre Jones (37851720),Guerschon Yabusele (37851548),Giannis Antetokounmpo (37851317),292.50072482638893,381.51360642759937,49200,100.00%,17758,382.46%,0,179.89999999999998,$15.3,CHI 2,PHI 2,user38,1,marvalshot,17881,4655040913_38
Tre Jones (37851720),Talen Horton-Tucker (37851832),Josh Hart (37851385),Pascal Siakam (37851401),Alperen Sengun (37851332),Stephon Castle (37851463),Kyle Kuzma (37851449),Onyeka Okongwu (37851459),263.2637673611111,347.354709574212,49900,0.02%,0,-99.97%,0,157.95,$-4.0,CHI 2,NYK 1,user6,50,marvalshot,5058,4655040914_6
Jalen Brunson (37851340),Aaron Nesmith (37851609),Franz Wagner (37851369),Giannis Antetokounmpo (37851317),Onyeka Okongwu (37851459),Tre Jones (37851720),Talen Horton-Tucker (37851832),Jalen Smith (37851692),260.79299913194444,356.5745060382428,49800,0.00%,0,-100.0%,0,186.45,$-4.0,CHI 3,NYK 1,user6,50,marvalshot,9768,4655040915_6
Scottie Barnes (37851372),Max Strus (37851614),Franz Wagner (37851369),Pascal Siakam (37851401),Andre Drummond (37851556),Tre Jones (37851720),Julius Randle (37851443),Onyeka Okongwu (37851459),266.6105729166667,351.2173748227838,49500,0.81%,0,-99.16%,0,177.57999999999998,$-3.97,TOR 1,CLE 1,user39,1,marvalshot,17724,4655040906_39
Jalen Brunson (37851340),Jevon Carter (37851843),Kyle Kuzma (37851449),Giannis Antetokounmpo (37851317),Onyeka Okongwu (37851459),Tre Jones (37851720),Matas Buzelis (37851566),Andre Drummond (37851556),277.2294704861111,372.92326643059823,49100,96.35%,0,44.57%,0,214.89999999999998,$1.78,CHI 3,MIL 2,user8,1,marvalshot,17739,4655040907_8
Tre Jones (37851720),Max Strus (37851614),Talen Horton-Tucker (37851832),Josh Hart (37851385),Alperen Sengun (37851332),Jalen Brunson (37851340),Julius Randle (37851443),Onyeka Okongwu (37851459),271.7133203125,357.51119693490114,50000,31.15%,0,-60.25%,0,185.62,$-2.41,CHI 2,NYK 2,user7,49,marvalshot,17750,4655040908_7
Tre Jones (37851720),Aaron Nesmith (37851609),Franz Wagner (37851369),Pascal Siakam (37851401),Julius Randle (37851443),Jalen Brunson (37851340),Matas Buzelis (37851566),Onyeka Okongwu (37851459),257.0915972222222,338.3780030674736,50000,0.00%,0,-100.0%,0,168.09,$-4.0,CHI 2,IND 2,user7,45,marvalshot,6562,4655040909_7
Tre Jones (37851720),Caris LeVert (37851534),Keldon Johnson (37851583),Matas Buzelis (37851566),Andre Drummond (37851556),Jalen Brunson (37851340),Giannis Antetokounmpo (37851317),Onyeka Okongwu (37851459),272.8825954861111,370.41490961021896,49400,49.50%,0,-32.55%,0,188.34,$-1.3,CHI 2,ATL 2,user10,1,marvalshot,17765,4655040910_10
Tre Jones (37851720),Andrew Nembhard (37851576),Kyle Kuzma (37851449),Paolo Banchero (37851362),Andre Drummond (37851556),Devin Vassell (37851496),Matas Buzelis (37851566),Giannis Antetokounmpo (37851317),295.58637586805554,383.63289239544474,49500,100.00%,42583,909.02%,0,179.3,$36.36,CHI 2,MIL 2,user20,1,marvalshot,17788,4655040911_20
Tre Jones (37851720),Max Strus (37851614),Kyle Kuzma (37851449),Guerschon Yabusele (37851548),Andre Drummond (37851556),Ty Jerome (37851543),Giannis Antetokounmpo (37851317),Jalen Brunson (37851340),279.5625954861111,374.2191452633414,49700,99.46%,0,59.02%,0,167.89999999999998,$2.36,CLE 2,MIL 2,user14,1,marvalshot,17808,4655040912_14
Jalen Brunson (37851340),Ja'Kobe Walter (37851749),Talen Horton-Tucker (37851832),Paolo Banchero (37851362),Jarrett Allen (37851461),Tre Jones (37851720),Matas Buzelis (37851566),Giannis Antetokounmpo (37851317),292.5307248263889,384.24360642759933,49800,100.00%,17964,382.42%,0,203.79,$15.3,CHI 3,NYK 1,user21,1,marvalshot,17864,4655040913_21
Tre Jones (37851720),Talen Horton-Tucker (37851832),Josh Hart (37851385),Pascal Siakam (37851401),Alperen Sengun (37851332),Stephon Castle (37851463),Kyle Kuzma (37851449),Onyeka Okongwu (37851459),263.2637673611111,347.354709574212,49900,0.02%,0,-99.97%,0,157.95,$-4.0,CHI 2,NYK 1,user7,50,marvalshot,5058,4655040914_7
Jalen Brunson (37851340),Aaron Nesmith (37851609),Franz Wagner (37851369),Giannis Antetokounmpo (37851317),Onyeka Okongwu (37851459),Tre Jones (37851720),Talen Horton-Tucker (37851832),Jalen Smith (37851692),260.79299913194444,356.5745060382428,49800,0.00%,0,-100.0%,0,186.45,$-4.0,CHI 3,NYK 1,user7,50,marvalshot,9768,4655040915_7
Scottie Barnes (37851372),Quentin Grimes (37851476),Franz Wagner (37851369),Pascal Siakam (37851401),Andre Drummond (37851556),Tre Jones (37851720),Matas Buzelis (37851566),Onyeka Okongwu (37851459),266.2405729166667,348.5973748227838,49200,0.71%,0,-99.18%,0,166.51999999999998,$-3.97,PHI 2,CHI 2,user28,1,marvalshot,17713,4655040906_28
Jalen Brunson (37851340),Jevon Carter (37851843),Kyle Kuzma (37851449),Giannis Antetokounmpo (37851317),Onyeka Okongwu (37851459),Tre Jones (37851720),Devin Vassell (37851496),Andre Drummond (37851556),277.0894704861111,373.4532664305982,50000,95.54%,0,43.12%,0,204.09,$1.72,CHI 2,MIL 2,user6,1,marvalshot,17737,4655040907_6
Tre Jones (37851720),Max Strus (37851614),Talen Horton-Tucker (37851832),Josh Hart (37851385),Alperen Sengun (37851332),Jalen Brunson (37851340),Julius Randle (37851443),Onyeka Okongwu (37851459),271.7133203125,357.51119693490114,50000,31.15%,0,-60.25%,0,185.62,$-2.41,CHI 2,NYK 2,user8,49,marvalshot,17750,4655040908_8
Tre Jones (37851720),Aaron Nesmith (37851609),Franz Wagner (37851369),Pascal Siakam (37851401),Julius Randle (37851443),Jalen Brunson (37851340),Matas Buzelis (37851566),Onyeka Okongwu (37851459),257.0915972222222,338.3780030674736,50000,0.00%,0,-100.0%,0,168.09,$-4.0,CHI 2,IND 2,user8,45,marvalshot,6562,4655040909_8
Tre Jones (37851720),Caris LeVert (37851534),Talen Horton-Tucker (37851832),Guerschon Yabusele (37851548),Andre Drummond (37851556),Jalen Brunson (37851340),Giannis Antetokounmpo (37851317),Onyeka Okongwu (37851459),272.82259548611114,369.58490961021903,48500,48.46%,0,-34.49%,0,210.17,$-1.38,CHI 2,ATL 2,user12,1,marvalshot,17767,4655040910_12
Tre Jones (37851720),Andrew Nembhard (37851576),Kyle Kuzma (37851449),Paolo Banchero (37851362),Andre Drummond (37851556),Quentin Grimes (37851476),Max Strus (37851614),Giannis Antetokounmpo (37851317),295.4763758680556,382.30289239544476,49700,100.00%,41702,899.37%,0,178.29000000000002,$35.97,MIL 2,PHI 2,user,1,marvalshot,2101,4655040911
Stephon Castle (37851463),Talen Horton-Tucker (37851832),Kyle Kuzma (37851449),De'Andre Hunter (37851523),Andre Drummond (37851556),Tre Jones (37851720),Giannis Antetokounmpo (37851317),Jalen Brunson (37851340),279.3025954861111,377.3891452633414,49700,99.50%,0,57.11%,0,194.20999999999998,$2.28,CHI 2,MIL 2,user17,1,marvalshot,17811,4655040912_17
Jalen Brunson (37851340),Ja'Kobe Walter (37851749),Dalen Terry (37851785),Paolo Banchero (37851362),Andre Drummond (37851556),Talen Horton-Tucker (37851832),Julius Randle (37851443),Giannis Antetokounmpo (37851317),292.0607248263889,385.79360642759934,50000,100.00%,14108,345.22%,0,201.89,$13.81,CHI 2,NYK 1,user9,1,marvalshot,17852,4655040913_9
Tre Jones (37851720),Talen Horton-Tucker (37851832),Josh Hart (37851385),Pascal Siakam (37851401),Alperen Sengun (37851332),Stephon Castle (37851463),Kyle Kuzma (37851449),Onyeka Okongwu (37851459),263.2637673611111,347.354709574212,49900,0.02%,0,-99.97%,0,157.95,$-4.0,CHI 2,NYK 1,user8,50,marvalshot,5058,4655040914_8
Jalen Brunson (37851340),Aaron Nesmith (37851609),Franz Wagner (37851369),Giannis Antetokounmpo (37851317),Onyeka Okongwu (37851459),Tre Jones (37851720),Talen Horton-Tucker (37851832),Jalen Smith (37851692),260.79299913194444,356.5745060382428,49800,0.00%,0,-100.0%,0,186.45,$-4.0,CHI 3,NYK 1,user8,50,marvalshot,9768,4655040915_8
Scottie Barnes (37851372),Talen Horton-Tucker (37851832),Franz Wagner (37851369),Pascal Siakam (37851401),Andre Drummond (37851556),Tre Jones (37851720),Naz Reid (37851381),Onyeka Okongwu (37851459),266.2105729166667,351.32737482278384,49600,0.60%,0,-99.37%,0,173.81,$-3.97,CHI 2,TOR 1,user11,1,marvalshot,17694,4655040906_11
Jalen Brunson (37851340),Max Strus (37851614),Kyle Kuzma (37851449),Giannis Antetokounmpo (37851317),Onyeka Okongwu (37851459),Tre Jones (37851720),Talen Horton-Tucker (37851832),Andre Drummond (37851556),276.7394704861111,373.29326643059824,49000,94.60%,0,40.95%,0,208.81,$1.64,MIL 2,CHI 2,user5,1,marvalshot,17736,4655040907_5
Tre Jones (37851720),Max Strus (37851614),Talen Horton-Tucker (37851832),Josh Hart (37851385),Alperen Sengun (37851332),Jalen Brunson (37851340),Julius Randle (37851443),Onyeka Okongwu (37851459),271.7133203125,357.51119693490114,50000,31.15%,0,-60.25%,0,185.62,$-2.41,CHI 2,NYK 2,user9,49,marvalshot,17750,4655040908_9
Tre Jones (37851720),Aaron Nesmith (37851609),Franz Wagner (37851369),Pascal Siakam (37851401),Julius Randle (37851443),Jalen Brunson (37851340),Matas Buzelis (37851566),Onyeka Okongwu (37851459),257.0915972222222,338.3780030674736,50000,0.00%,0,-100.0%,0,168.09,$-4.0,CHI 2,IND 2,user9,45,marvalshot,6562,4655040909_9
Donte DiVincenzo (37851505),Caris LeVert (37851534),Talen Horton-Tucker (37851832),Matas Buzelis (37851566),Andre Drummond (37851556),Jalen Brunson (37851340),Giannis Antetokounmpo (37851317),Onyeka Okongwu (37851459),272.7625954861111,370.28490961021896,49700,47.40%,0,-35.8%,0,189.12,$-1.43,ATL 2,CHI 2,user4,1,marvalshot,17759,4655040910_4
Tre Jones (37851720),Andrew Nembhard (37851576),Kyle Kuzma (37851449),Paolo Banchero (37851362),Andre Drummond (37851556),Donte DiVincenzo (37851505),Matas Buzelis (37851566),Giannis Antetokounmpo (37851317),295.30637586805557,383.50289239544475,49400,100.00%,40849,823.35%,0,174.79,$32.93,CHI 2,MIL 2,user15,1,marvalshot,17783,4655040911_15
Darius Garland (37851392),Talen Horton-Tucker (37851832),Kyle Kuzma (37851449),Dalen Terry (37851785),Andre Drummond (37851556),Tre Jones (37851720),Giannis Antetokounmpo (37851317),Jalen Brunson (37851340),279.1625954861111,377.3591452633414,49300,99.42%,0,56.17%,0,200.20999999999998,$2.25,CHI 3,MIL 2,user30,1,marvalshot,17824,4655040912_30
Jalen Brunson (37851340),Ja'Kobe Walter (37851749),Talen Horton-Tucker (37851832),Paolo Banchero (37851362),Andre Drummond (37851556),Ty Jerome (37851543),Matas Buzelis (37851566),Giannis Antetokounmpo (37851317),292.0307248263889,387.23360642759934,49800,100.00%,14178,343.18%,0,190.73999999999998,$13.73,CHI 2,NYK 1,user28,1,marvalshot,17871,4655040913_28
Tre Jones (37851720),Talen Horton-Tucker (37851832),Josh Hart (37851385),Pascal Siakam (37851401),Alperen Sengun (37851332),Stephon Castle (37851463),Kyle Kuzma (37851449),Onyeka Okongwu (37851459),263.2637673611111,347.354709574212,49900,0.02%,0,-99.97%,0,157.95,$-4.0,CHI 2,NYK 1,user9,50,marvalshot,5058,4655040914_9
Jalen Brunson (37851340),Aaron Nesmith (37851609),Franz Wagner (37851369),Giannis Antetokounmpo (37851317),Onyeka Okongwu (37851459),Tre Jones (37851720),Talen Horton-Tucker (37851832),Jalen Smith (37851692),260.79299913194444,356.5745060382428,49800,0.00%,0,-100.0%,0,186.45,$-4.0,CHI 3,NYK 1,user9,50,marvalshot,9768,4655040915_9
Scottie Barnes (37851372),Stephon Castle (37851463),Franz Wagner (37851369),Pascal Siakam (37851401),Andre Drummond (37851556),Tre Jones (37851720),De'Andre Hunter (37851523),Onyeka Okongwu (37851459),265.79057291666663,351.96737482278377,49900,0.49%,0,-99.45%,0,154.23,$-3.98,TOR 1,SAS 1,user30,1,marvalshot,17715,4655040906_30
Jalen Brunson (37851340),Julian Champagnie (37851710),Kyle Kuzma (37851449),Giannis Antetokounmpo (37851317),Onyeka Okongwu (37851459),Tre Jones (37851720),Matas Buzelis (37851566),Andre Drummond (37851556),276.62947048611113,371.6232664305983,49900,92.60%,0,37.51%,0,183.29,$1.5,MIL 2,CHI 2,user15,1,marvalshot,17746,4655040907_15
Tre Jones (37851720),Max Strus (37851614),Talen Horton-Tucker (37851832),Josh Hart (37851385),Alperen Sengun (37851332),Jalen Brunson (37851340),Julius Randle (37851443),Onyeka Okongwu (37851459),271.7133203125,357.51119693490114,50000,31.15%,0,-60.25%,0,185.62,$-2.41,CHI 2,NYK 2,user10,49,marvalshot,17750,4655040908_10
Tre Jones (37851720),Aaron Nesmith (37851609),Franz Wagner (37851369),Pascal Siakam (37851401),Julius Randle (37851443),Jalen Brunson (37851340),Matas Buzelis (37851566),Onyeka Okongwu (37851459),257.0915972222222,338.3780030674736,50000,0.00%,0,-100.0%,0,168.09,$-4.0,CHI 2,IND 2,user10,45,marvalshot,6562,4655040909_10
Tre Jones (37851720),Caris LeVert (37851534),Talen Horton-Tucker (37851832),Guerschon Yabusele (37851548),Jarrett Allen (37851461),Jalen Brunson (37851340),Giannis Antetokounmpo (37851317),Onyeka Okongwu (37851459),272.32259548611114,368.45490961021903,49700,40.26%,0,-46.6%,0,195.54999999999998,$-1.86,CHI 2,ATL 2,user2,1,marvalshot,17757,4655040910_2
Tre Jones (37851720),Andrew Nembhard (37851576),Kyle Kuzma (37851449),Paolo Banchero (37851362),Andre Drummond (37851556),Talen Horton-Tucker (37851832),Julius Randle (37851443),Giannis Antetokounmpo (37851317),294.9263758680555,387.0828923954447,49000,100.00%,39673,678.23%,0,217.82999999999998,$27.13,CHI 2,MIL 2,user18,1,marvalshot,17786,4655040911_18
Tre Jones (37851720),De'Aaron Fox (37851365),Kyle Kuzma (37851449),Dalen Terry (37851785),Andre Drummond (37851556),Talen Horton-Tucker (37851832),Giannis Antetokounmpo (37851317),Jalen Brunson (37851340),279.1025954861111,376.34914526334137,50000,99.30%,0,55.96%,0,183.67999999999998,$2.24,CHI 3,MIL 2,user27,1,marvalshot,17821,4655040912_27
Jalen Brunson (37851340),Ja'Kobe Walter (37851749),Max Strus (37851614),Paolo Banchero (37851362),Andre Drummond (37851556),Talen Horton-Tucker (37851832),Guerschon Yabusele (37851548),Giannis Antetokounmpo (37851317),291.9207248263889,381.3236064275993,49600,100.00%,12849,331.4%,0,192.81,$13.26,PHI 2,NYK 1,user36,1,marvalshot,17879,4655040913_36
Tre Jones (37851720),Talen Horton-Tucker (37851832),Josh Hart (37851385),Pascal Siakam (37851401),Alperen Sengun (37851332),Stephon Castle (37851463),Kyle Kuzma (37851449),Onyeka Okongwu (37851459),263.2637673611111,347.354709574212,49900,0.02%,0,-99.97%,0,157.95,$-4.0,CHI 2,NYK 1,user10,50,marvalshot,5058,4655040914_10
Jalen Brunson (37851340),Aaron Nesmith (37851609),Franz Wagner (37851369),Giannis Antetokounmpo (37851317),Onyeka Okongwu (37851459),Tre Jones (37851720),Talen Horton-Tucker (37851832),Jalen Smith (37851692),260.79299913194444,356.5745060382428,49800,0.00%,0,-100.0%,0,186.45,$-4.0,CHI 3,NYK 1,user10,50,marvalshot,9768,4655040915_10
Scottie Barnes (37851372),Max Strus (37851614),Franz Wagner (37851369),Pascal Siakam (37851401),Andre Drummond (37851556),Tre Jones (37851720),Coby White (37851438),Onyeka Okongwu (37851459),265.88057291666667,348.76737482278384,49600,0.44%,0,-99.56%,0,155.07999999999998,$-3.98,CHI 2,TOR 1,user22,1,marvalshot,17707,4655040906_22
Jalen Brunson (37851340),Jevon Carter (37851843),Kyle Kuzma (37851449),Giannis Antetokounmpo (37851317),Onyeka Okongwu (37851459),Tre Jones (37851720),De'Andre Hunter (37851523),Andre Drummond (37851556),275.6594704861111,372.23326643059823,49700,86.24%,0,26.05%,0,200.87,$1.04,CHI 2,MIL 2,user14,1,marvalshot,17745,4655040907_14
Tre Jones (37851720),Max Strus (37851614),Talen Horton-Tucker (37851832),Josh Hart (37851385),Alperen Sengun (37851332),Jalen Brunson (37851340),Julius Randle (37851443),Onyeka Okongwu (37851459),271.7133203125,357.51119693490114,50000,31.15%,0,-60.25%,0,185.62,$-2.41,CHI 2,NYK 2,user11,49,marvalshot,17750,4655040908_11
Tre Jones (37851720),Aaron Nesmith (37851609),Franz Wagner (37851369),Pascal Siakam (37851401),Julius Randle (37851443),Jalen Brunson (37851340),Matas Buzelis (37851566),Onyeka Okongwu (37851459),257.0915972222222,338.3780030674736,50000,0.00%,0,-100.0%,0,168.09,$-4.0,CHI 2,IND 2,user11,45,marvalshot,6562,4655040909_11
Tre Jones (37851720),Caris LeVert (37851534),Talen Horton-Tucker (37851832),Matas Buzelis (37851566),Andre Drummond (37851556),Jalen Brunson (37851340),Giannis Antetokounmpo (37851317),Onyeka Okongwu (37851459),271.9625954861111,369.804909610219,48100,34.29%,0,-55.78%,0,217.03,$-2.23,CHI 3,ATL 2,user13,1,marvalshot,17768,4655040910_13
Stephon Castle (37851463),Andrew Nembhard (37851576),Kyle Kuzma (37851449),Paolo Banchero (37851362),Andre Drummond (37851556),Talen Horton-Tucker (37851832),Guerschon Yabusele (37851548),Giannis Antetokounmpo (37851317),294.5663758680555,384.47289239544466,49800,100.00%,35673,641.21%,0,182.91,$25.65,MIL 2,PHI 2,user23,1,marvalshot,17791,4655040911_23
Jevon Carter (37851843),Talen Horton-Tucker (37851832),Kyle Kuzma (37851449),Matas Buzelis (37851566),Andre Drummond (37851556),Darius Garland (37851392),Giannis Antetokounmpo (37851317),Jalen Brunson (37851340),279.0725954861111,376.79914526334136,49800,99.53%,0,55.41%,0,219.21,$2.22,CHI 3,MIL 2,user40,1,marvalshot,17834,4655040912_40
Jalen Brunson (37851340),Ja'Kobe Walter (37851749),Talen Horton-Tucker (37851832),Paolo Banchero (37851362),Zach Collins (37851479),Tre Jones (37851720),Guerschon Yabusele (37851548),Giannis Antetokounmpo (37851317),291.60072482638896,380.16360642759935,50000,100.00%,11195,310.32%,0,178.77999999999997,$12.41,CHI 3,NYK 1,user32,1,marvalshot,17875,4655040913_32
Tre Jones (37851720),Talen Horton-Tucker (37851832),Josh Hart (37851385),Pascal Siakam (37851401),Alperen Sengun (37851332),Stephon Castle (37851463),Kyle Kuzma (37851449),Onyeka Okongwu (37851459),263.2637673611111,347.354709574212,49900,0.02%,0,-99.97%,0,157.95,$-4.0,CHI 2,NYK 1,user11,50,marvalshot,5058,4655040914_11
Jalen Brunson (37851340),Aaron Nesmith (37851609),Franz Wagner (37851369),Giannis Antetokounmpo (37851317),Onyeka Okongwu (37851459),Tre Jones (37851720),Talen Horton-Tucker (37851832),Jalen Smith (37851692),260.79299913194444,356.5745060382428,49800,0.00%,0,-100.0%,0,186.45,$-4.0,CHI 3,NYK 1,user11,50,marvalshot,9768,4655040915_11
Scottie Barnes (37851372),Max Strus (37851614),Franz Wagner (37851369),Pascal Siakam (37851401),Andre Drummond (37851556),Stephon Castle (37851463),Matas Buzelis (37851566),Onyeka Okongwu (37851459),265.39057291666666,348.8273748227838,49900,0.31%,0,-99.65%,0,149.51999999999998,$-3.99,TOR 1,CLE 1,user17,1,marvalshot,17701,4655040906_17
Jalen Brunson (37851340),Jevon Carter (37851843),Kyle Kuzma (37851449),Giannis Antetokounmpo (37851317),Onyeka Okongwu (37851459),Stephon Castle (37851463),Talen Horton-Tucker (37851832),Andre Drummond (37851556),275.2094704861111,374.51326643059826,49900,83.68%,0,21.1%,0,214.56,$0.84,CHI 2,MIL 2,user,1,marvalshot,15172,4655040907
Tre Jones (37851720),Max Strus (37851614),Talen Horton-Tucker (37851832),Josh Hart (37851385),Alperen Sengun (37851332),Jalen Brunson (37851340),Julius Randle (37851443),Onyeka Okongwu (37851459),271.7133203125,357.51119693490114,50000,31.15%,0,-60.25%,0,185.62,$-2.41,CHI 2,NYK 2,user12,49,marvalshot,17750,4655040908_12
Tre Jones (37851720),Aaron Nesmith (37851609),Franz Wagner (37851369),Pascal Siakam (37851401),Julius Randle (37851443),Jalen Brunson (37851340),Matas Buzelis (37851566),Onyeka Okongwu (37851459),257.0915972222222,338.3780030674736,50000,0.00%,0,-100.0%,0,168.09,$-4.0,CHI 2,IND 2,user12,45,marvalshot,6562,4655040909_12
Ty Jerome (37851543),Caris LeVert (37851534),Talen Horton-Tucker (37851832),Guerschon Yabusele (37851548),Andre Drummond (37851556),Jalen Brunson (37851340),Giannis Antetokounmpo (37851317),Onyeka Okongwu (37851459),271.82259548611114,371.44490961021904,49700,32.80%,0,-57.26%,0,182.5,$-2.29,ATL 2,PHI 2,user11,1,marvalshot,17766,4655040910_11
Ty Jerome (37851543),Andrew Nembhard (37851576),Kyle Kuzma (37851449),Paolo Banchero (37851362),Andre Drummond (37851556),Tre Jones (37851720),Guerschon Yabusele (37851548),Giannis Antetokounmpo (37851317),294.36637586805557,384.6628923954447,49400,100.00%,33863,605.96%,0,168.17,$24.24,MIL 2,PHI 2,user17,1,marvalshot,17785,4655040911_17
Tre Jones (37851720),Jevon Carter (37851843),Kyle Kuzma (37851449),Guerschon Yabusele (37851548),Andre Drummond (37851556),Stephon Castle (37851463),Giannis Antetokounmpo (37851317),Jalen Brunson (37851340),279.0325954861111,373.5791452633414,49400,99.31%,0,55.28%,0,201.32,$2.21,CHI 2,MIL 2,user24,1,marvalshot,17818,4655040912_24
Jalen Brunson (37851340),Ja'Kobe Walter (37851749),Dalen Terry (37851785),Paolo Banchero (37851362),Andre Drummond (37851556),Tre Jones (37851720),Matas Buzelis (37851566),Giannis Antetokounmpo (37851317),291.6407248263889,381.73360642759934,48800,100.00%,10973,307.37%,0,186.76,$12.29,CHI 3,NYK 1,user45,1,marvalshot,17888,4655040913_45
Tre Jones (37851720),Talen Horton-Tucker (37851832),Josh Hart (37851385),Pascal Siakam (37851401),Alperen Sengun (37851332),Stephon Castle (37851463),Kyle Kuzma (37851449),Onyeka Okongwu (37851459),263.2637673611111,347.354709574212,49900,0.02%,0,-99.97%,0,157.95,$-4.0,CHI 2,NYK 1,user12,50,marvalshot,5058,4655040914_12
Jalen Brunson (37851340),Aaron Nesmith (37851609),Franz Wagner (37851369),Giannis Antetokounmpo (37851317),Onyeka Okongwu (37851459),Tre Jones (37851720),Talen Horton-Tucker (37851832),Jalen Smith (37851692),260.79299913194444,356.5745060382428,49800,0.00%,0,-100.0%,0,186.45,$-4.0,CHI 3,NYK 1,user12,50,marvalshot,9768,4655040915_12
Scottie Barnes (37851372),Jevon Carter (37851843),Franz Wagner (37851369),Pascal Siakam (37851401),Andre Drummond (37851556),Darius Garland (37851392),Matas Buzelis (37851566),Onyeka Okongwu (37851459),265.5605729166666,351.37737482278374,50000,0.31%,0,-99.66%,0,179.23,$-3.99,CHI 2,TOR 1,user10,1,marvalshot,17693,4655040906_10
Jalen Brunson (37851340),Max Strus (37851614),Kyle Kuzma (37851449),Giannis Antetokounmpo (37851317),Onyeka Okongwu (37851459),Tre Jones (37851720),Dalen Terry (37851785),Andre Drummond (37851556),275.3494704861111,369.65326643059825,49200,82.43%,0,19.77%,0,177.16,$0.79,MIL 2,CHI 2,user18,1,marvalshot,17749,4655040907_18
Tre Jones (37851720),Max Strus (37851614),Talen Horton-Tucker (37851832),Josh Hart (37851385),Alperen Sengun (37851332),Jalen Brunson (37851340),Julius Randle (37851443),Onyeka Okongwu (37851459),271.7133203125,357.51119693490114,50000,31.15%,0,-60.25%,0,185.62,$-2.41,CHI 2,NYK 2,user13,49,marvalshot,17750,4655040908_13
Tre Jones (37851720),Aaron Nesmith (37851609),Franz Wagner (37851369),Pascal Siakam (37851401),Julius Randle (37851443),Jalen Brunson (37851340),Matas Buzelis (37851566),Onyeka Okongwu (37851459),257.0915972222222,338.3780030674736,50000,0.00%,0,-100.0%,0,168.09,$-4.0,CHI 2,IND 2,user13,45,marvalshot,6562,4655040909_13
Tre Jones (37851720),Caris LeVert (37851534),Talen Horton-Tucker (37851832),Julius Randle (37851443),Guerschon Yabusele (37851548),Jalen Brunson (37851340),Giannis Antetokounmpo (37851317),Onyeka Okongwu (37851459),271.7525954861111,366.48490961021895,50000,30.64%,0,-61.3%,0,201.92,$-2.45,CHI 2,ATL 2,user,37,marvalshot,15622,4655040910
Tre Jones (37851720),Andrew Nembhard (37851576),Kyle Kuzma (37851449),Paolo Banchero (37851362),Andre Drummond (37851556),Talen Horton-Tucker (37851832),Coby White (37851438),Giannis Antetokounmpo (37851317),294.1963758680555,384.6328923954446,49100,100.00%,33405,542.5%,0,195.32999999999998,$21.7,CHI 3,MIL 2,user11,1,marvalshot,17779,4655040911_11
Stephon Castle (37851463),Talen Horton-Tucker (37851832),Kyle Kuzma (37851449),Jeremy Sochan (37851514),Andre Drummond (37851556),Tre Jones (37851720),Giannis Antetokounmpo (37851317),Jalen Brunson (37851340),278.64259548611113,377.8091452633414,49900,99.04%,0,53.14%,0,192.29999999999998,$2.13,SAS 2,CHI 2,user5,1,marvalshot,17799,4655040912_5
Jalen Brunson (37851340),Ja'Kobe Walter (37851749),Dalen Terry (37851785),Paolo Banchero (37851362),Andre Drummond (37851556),Tre Jones (37851720),Devin Vassell (37851496),Giannis Antetokounmpo (37851317),291.50072482638893,382.26360642759937,49700,100.00%,10471,303.15%,0,175.95,$12.13,CHI 2,NYK 1,user8,1,marvalshot,17851,4655040913_8
Tre Jones (37851720),Talen Horton-Tucker (37851832),Josh Hart (37851385),Pascal Siakam (37851401),Alperen Sengun (37851332),Stephon Castle (37851463),Kyle Kuzma (37851449),Onyeka Okongwu (37851459),263.2637673611111,347.354709574212,49900,0.02%,0,-99.97%,0,157.95,$-4.0,CHI 2,NYK 1,user13,50,marvalshot,5058,4655040914_13
Jalen Brunson (37851340),Aaron Nesmith (37851609),Franz Wagner (37851369),Giannis Antetokounmpo (37851317),Onyeka Okongwu (37851459),Tre Jones (37851720),Talen Horton-Tucker (37851832),Jalen Smith (37851692),260.79299913194444,356.5745060382428,49800,0.00%,0,-100.0%,0,186.45,$-4.0,CHI 3,NYK 1,user13,50,marvalshot,9768,4655040915_13
Scottie Barnes (37851372),Talen Horton-Tucker (37851832),Franz Wagner (37851369),Pascal Siakam (37851401),Andre Drummond (37851556),Darius Garland (37851392),Max Strus (37851614),Onyeka Okongwu (37851459),265.07057291666666,351.7473748227838,49900,0.11%,0,-99.88%,0,173.14,$-4.0,CLE 2,TOR 1,user,1,marvalshot,4200,4655040906
Jalen Brunson (37851340),Max Strus (37851614),Kyle Kuzma (37851449),Giannis Antetokounmpo (37851317),Onyeka Okongwu (37851459),Jevon Carter (37851843),Matas Buzelis (37851566),Andre Drummond (37851556),275.2594704861111,369.09326643059825,49700,82.35%,0,19.04%,0,196.16000000000003,$0.76,MIL 2,CHI 2,user1,1,marvalshot,17732,4655040907_1
Tre Jones (37851720),Max Strus (37851614),Talen Horton-Tucker (37851832),Josh Hart (37851385),Alperen Sengun (37851332),Jalen Brunson (37851340),Julius Randle (37851443),Onyeka Okongwu (37851459),271.7133203125,357.51119693490114,50000,31.15%,0,-60.25%,0,185.62,$-2.41,CHI 2,NYK 2,user14,49,marvalshot,17750,4655040908_14
Tre Jones (37851720),Aaron Nesmith (37851609),Franz Wagner (37851369),Pascal Siakam (37851401),Julius Randle (37851443),Jalen Brunson (37851340),Matas Buzelis (37851566),Onyeka Okongwu (37851459),257.0915972222222,338.3780030674736,50000,0.00%,0,-100.0%,0,168.09,$-4.0,CHI 2,IND 2,user14,45,marvalshot,6562,4655040909_14
Tre Jones (37851720),Caris LeVert (37851534),Talen Horton-Tucker (37851832),Guerschon Yabusele (37851548),Julius Randle (37851443),Jalen Brunson (37851340),Giannis Antetokounmpo (37851317),Onyeka Okongwu (37851459),271.7525954861111,366.48490961021895,50000,30.64%,0,-61.3%,0,201.92,$-2.45,CHI 2,ATL 2,user14,37,marvalshot,15622,4655040910_14
Tre Jones (37851720),Andrew Nembhard (37851576),Kyle Kuzma (37851449),Paolo Banchero (37851362),Andre Drummond (37851556),Donte DiVincenzo (37851505),De'Andre Hunter (37851523),Giannis Antetokounmpo (37851317),293.7363758680556,382.81289239544475,50000,100.00%,28409,505.39%,0,160.76,$20.22,MIL 2,CHI 1,user5,1,marvalshot,17773,4655040911_5
Tre Jones (37851720),Jevon Carter (37851843),Kyle Kuzma (37851449),Julius Randle (37851443),Andre Drummond (37851556),Ty Jerome (37851543),Giannis Antetokounmpo (37851317),Jalen Brunson (37851340),278.39259548611113,378.0491452633414,49800,98.61%,0,51.72%,0,208.57,$2.07,CHI 2,MIL 2,user15,1,marvalshot,17809,4655040912_15
Jalen Brunson (37851340),Ja'Kobe Walter (37851749),Talen Horton-Tucker (37851832),Paolo Banchero (37851362),Andre Drummond (37851556),Tre Jones (37851720),De'Andre Hunter (37851523),Giannis Antetokounmpo (37851317),291.4607248263889,384.68360642759933,49200,100.00%,9232,292.75%,0,204.38,$11.71,CHI 2,NYK 1,user34,1,marvalshot,17877,4655040913_34
Tre Jones (37851720),Talen Horton-Tucker (37851832),Josh Hart (37851385),Pascal Siakam (37851401),Alperen Sengun (37851332),Stephon Castle (37851463),Kyle Kuzma (37851449),Onyeka Okongwu (37851459),263.2637673611111,347.354709574212,49900,0.02%,0,-99.97%,0,157.95,$-4.0,CHI 2,NYK 1,user14,50,marvalshot,5058,4655040914_14
Jalen Brunson (37851340),Aaron Nesmith (37851609),Franz Wagner (37851369),Giannis Antetokounmpo (37851317),Onyeka Okongwu (37851459),Tre Jones (37851720),Talen Horton-Tucker (37851832),Jalen Smith (37851692),260.79299913194444,356.5745060382428,49800,0.00%,0,-100.0%,0,186.45,$-4.0,CHI 3,NYK 1,user14,50,marvalshot,9768,4655040915_14
Scottie Barnes (37851372),Quentin Grimes (37851476),Franz Wagner (37851369),Pascal Siakam (37851401),Andre Drummond (37851556),Tre Jones (37851720),De'Andre Hunter (37851523),Onyeka Okongwu (37851459),264.67057291666663,347.90737482278377,49800,0.13%,0,-99.88%,0,152.49,$-4.0,PHI 2,TOR 1,user36,1,marvalshot,17721,4655040906_36
Jalen Brunson (37851340),Tyrese Martin (37851717),Kyle Kuzma (37851449),Giannis Antetokounmpo (37851317),Onyeka Okongwu (37851459),Tre Jones (37851720),Matas Buzelis (37851566),Andre Drummond (37851556),275.2294704861111,369.6832664305982,49800,81.23%,0,17.45%,0,180.49,$0.7,MIL 2,CHI 2,user11,1,marvalshot,17742,4655040907_11
Tre Jones (37851720),Max Strus (37851614),Talen Horton-Tucker (37851832),Josh Hart (37851385),Alperen Sengun (37851332),Jalen Brunson (37851340),Julius Randle (37851443),Onyeka Okongwu (37851459),271.7133203125,357.51119693490114,50000,31.15%,0,-60.25%,0,185.62,$-2.41,CHI 2,NYK 2,user15,49,marvalshot,17750,4655040908_15
Tre Jones (37851720),Aaron Nesmith (37851609),Franz Wagner (37851369),Pascal Siakam (37851401),Julius Randle (37851443),Jalen Brunson (37851340),Matas Buzelis (37851566),Onyeka Okongwu (37851459),257.0915972222222,338.3780030674736,50000,0.00%,0,-100.0%,0,168.09,$-4.0,CHI 2,IND 2,user15,45,marvalshot,6562,4655040909_15
Tre Jones (37851720),Caris LeVert (37851534),Talen Horton-Tucker (37851832),Guerschon Yabusele (37851548),Julius Randle (37851443),Jalen Brunson (37851340),Giannis Antetokounmpo (37851317),Onyeka Okongwu (37851459),271.7525954861111,366.48490961021895,50000,30.64%,0,-61.3%,0,201.92,$-2.45,CHI 2,ATL 2,user15,37,marvalshot,15622,4655040910_15
Stephon Castle (37851463),Andrew Nembhard (37851576),Kyle Kuzma (37851449),Paolo Banchero (37851362),Andre Drummond (37851556),Talen Horton-Tucker (37851832),Matas Buzelis (37851566),Giannis Antetokounmpo (37851317),293.70637586805555,384.6928923954447,49400,100.00%,28137,488.1%,0,189.76999999999998,$19.52,MIL 2,CHI 2,user25,1,marvalshot,17793,4655040911_25
Tre Jones (37851720),Talen Horton-Tucker (37851832),Kyle Kuzma (37851449),De'Andre Hunter (37851523),Andre Drummond (37851556),Quentin Grimes (37851476),Giannis Antetokounmpo (37851317),Jalen Brunson (37851340),278.1825954861111,373.3291452633414,49600,98.16%,0,50.22%,0,192.46999999999997,$2.01,CHI 2,MIL 2,user34,1,marvalshot,17828,4655040912_34
Jalen Brunson (37851340),Ja'Kobe Walter (37851749),Dalen Terry (37851785),Paolo Banchero (37851362),Jarrett Allen (37851461),Tre Jones (37851720),Matas Buzelis (37851566),Giannis Antetokounmpo (37851317),291.1407248263889,380.60360642759935,50000,100.00%,9031,287.12%,0,172.14,$11.48,CHI 3,NYK 1,user1,1,marvalshot,17844,4655040913_1
Tre Jones (37851720),Talen Horton-Tucker (37851832),Josh Hart (37851385),Pascal Siakam (37851401),Alperen Sengun (37851332),Stephon Castle (37851463),Kyle Kuzma (37851449),Onyeka Okongwu (37851459),263.2637673611111,347.354709574212,49900,0.02%,0,-99.97%,0,157.95,$-4.0,CHI 2,NYK 1,user15,50,marvalshot,5058,4655040914_15
Jalen Brunson (37851340),Aaron Nesmith (37851609),Franz Wagner (37851369),Giannis Antetokounmpo (37851317),Onyeka Okongwu (37851459),Tre Jones (37851720),Talen Horton-Tucker (37851832),Jalen Smith (37851692),260.79299913194444,356.5745060382428,49800,0.00%,0,-100.0%,0,186.45,$-4.0,CHI 3,NYK 1,user15,50,marvalshot,9768,4655040915_15
Scottie Barnes (37851372),Max Strus (37851614),Franz Wagner (37851369),Pascal Siakam (37851401),Andre Drummond (37851556),Quentin Grimes (37851476),Matas Buzelis (37851566),Onyeka Okongwu (37851459),264.27057291666665,344.7673748227838,49800,0.10%,0,-99.9%,0,147.78,$-4.0,PHI 2,TOR 1,user2,1,marvalshot,17684,4655040906_2
Jalen Brunson (37851340),Jevon Carter (37851843),Kyle Kuzma (37851449),Giannis Antetokounmpo (37851317),Onyeka Okongwu (37851459),Tre Jones (37851720),Jeremy Sochan (37851514),Andre Drummond (37851556),274.99947048611114,372.65326643059825,49900,79.57%,0,14.56%,0,198.95999999999998,$0.58,CHI 2,MIL 2,user4,1,marvalshot,17735,4655040907_4
Tre Jones (37851720),Max Strus (37851614),Talen Horton-Tucker (37851832),Josh Hart (37851385),Alperen Sengun (37851332),Jalen Brunson (37851340),Julius Randle (37851443),Onyeka Okongwu (37851459),271.7133203125,357.51119693490114,50000,31.15%,0,-60.25%,0,185.62,$-2.41,CHI 2,NYK 2,user16,49,marvalshot,17750,4655040908_16
Tre Jones (37851720),Aaron Nesmith (37851609),Franz Wagner (37851369),Pascal Siakam (37851401),Julius Randle (37851443),Jalen Brunson (37851340),Matas Buzelis (37851566),Onyeka Okongwu (37851459),257.0915972222222,338.3780030674736,50000,0.00%,0,-100.0%,0,168.09,$-4.0,CHI 2,IND 2,user16,45,marvalshot,6562,4655040909_16
Tre Jones (37851720),Caris LeVert (37851534),Talen Horton-Tucker (37851832),Guerschon Yabusele (37851548),Julius Randle (37851443),Jalen Brunson (37851340),Giannis Antetokounmpo (37851317),Onyeka Okongwu (37851459),271.7525954861111,366.48490961021895,50000,30.64%,0,-61.3%,0,201.92,$-2.45,CHI 2,ATL 2,user16,37,marvalshot,15622,4655040910_16
Donte DiVincenzo (37851505),Andrew Nembhard (37851576),Kyle Kuzma (37851449),Paolo Banchero (37851362),Andre Drummond (37851556),Max Strus (37851614),Matas Buzelis (37851566),Giannis Antetokounmpo (37851317),293.3363758680556,379.67289239544476,50000,100.00%,24756,467.99%,0,156.05,$18.72,MIL 2,MIN 1,user19,1,marvalshot,17787,4655040911_19
Jevon Carter (37851843),Stephon Castle (37851463),Kyle Kuzma (37851449),Matas Buzelis (37851566),Andre Drummond (37851556),Tre Jones (37851720),Giannis Antetokounmpo (37851317),Jalen Brunson (37851340),278.1725954861111,373.7991452633414,49000,98.44%,0,50.2%,0,208.17999999999998,$2.01,CHI 3,MIL 2,user42,1,marvalshot,17836,4655040912_42
Jalen Brunson (37851340),Ja'Kobe Walter (37851749),Ziaire Williams (37851558),Paolo Banchero (37851362),Andre Drummond (37851556),Tre Jones (37851720),Max Strus (37851614),Giannis Antetokounmpo (37851317),291.2207248263889,381.2636064275993,50000,100.00%,8458,283.97%,0,179.37,$11.36,NYK 1,TOR 1,user30,1,marvalshot,17873,4655040913_30
Tre Jones (37851720),Talen Horton-Tucker (37851832),Josh Hart (37851385),Pascal Siakam (37851401),Alperen Sengun (37851332),Stephon Castle (37851463),Kyle Kuzma (37851449),Onyeka Okongwu (37851459),263.2637673611111,347.354709574212,49900,0.02%,0,-99.97%,0,157.95,$-4.0,CHI 2,NYK 1,user16,50,marvalshot,5058,4655040914_16
Jalen Brunson (37851340),Aaron Nesmith (37851609),Franz Wagner (37851369),Giannis Antetokounmpo (37851317),Onyeka Okongwu (37851459),Tre Jones (37851720),Talen Horton-Tucker (37851832),Jalen Smith (37851692),260.79299913194444,356.5745060382428,49800,0.00%,0,-100.0%,0,186.45,$-4.0,CHI 3,NYK 1,user16,50,marvalshot,9768,4655040915_16
Scottie Barnes (37851372),Quentin Grimes (37851476),Franz Wagner (37851369),Pascal Siakam (37851401),Andre Drummond (37851556),Tre Jones (37851720),Jeremy Sochan (37851514),Onyeka Okongwu (37851459),264.01057291666666,348.3273748227838,50000,0.08%,0,-99.92%,0,150.57999999999998,$-4.0,PHI 2,TOR 1,user4,1,marvalshot,17687,4655040906_4
Jalen Brunson (37851340),Keon Johnson (37851530),Kyle Kuzma (37851449),Giannis Antetokounmpo (37851317),Onyeka Okongwu (37851459),Tre Jones (37851720),Talen Horton-Tucker (37851832),Andre Drummond (37851556),274.56947048611113,372.76326643059826,49700,74.94%,0,7.21%,0,198.19,$0.29,MIL 2,CHI 2,user17,1,marvalshot,17748,4655040907_17
Tre Jones (37851720),Max Strus (37851614),Talen Horton-Tucker (37851832),Josh Hart (37851385),Alperen Sengun (37851332),Jalen Brunson (37851340),Julius Randle (37851443),Onyeka Okongwu (37851459),271.7133203125,357.51119693490114,50000,31.15%,0,-60.25%,0,185.62,$-2.41,CHI 2,NYK 2,user17,49,marvalshot,17750,4655040908_17
Tre Jones (37851720),Aaron Nesmith (37851609),Franz Wagner (37851369),Pascal Siakam (37851401),Julius Randle (37851443),Jalen Brunson (37851340),Matas Buzelis (37851566),Onyeka Okongwu (37851459),257.0915972222222,338.3780030674736,50000,0.00%,0,-100.0%,0,168.09,$-4.0,CHI 2,IND 2,user17,45,marvalshot,6562,4655040909_17
Tre Jones (37851720),Caris LeVert (37851534),Talen Horton-Tucker (37851832),Guerschon Yabusele (37851548),Julius Randle (37851443),Jalen Brunson (37851340),Giannis Antetokounmpo (37851317),Onyeka Okongwu (37851459),271.7525954861111,366.48490961021895,50000,30.64%,0,-61.3%,0,201.92,$-2.45,CHI 2,ATL 2,user17,37,marvalshot,15622,4655040910_17
Tre Jones (37851720),Andrew Nembhard (37851576),Kyle Kuzma (37851449),Paolo Banchero (37851362),Andre Drummond (37851556),Ty Jerome (37851543),Matas Buzelis (37851566),Giannis Antetokounmpo (37851317),293.50637586805556,384.88289239544474,49000,100.00%,26207,463.66%,0,175.02999999999997,$18.55,CHI 2,MIL 2,user22,1,marvalshot,17790,4655040911_22
D'Angelo Russell (37851518),Max Strus (37851614),Kyle Kuzma (37851449),Guerschon Yabusele (37851548),Andre Drummond (37851556),Tre Jones (37851720),Giannis Antetokounmpo (37851317),Jalen Brunson (37851340),278.1225954861111,371.54914526334136,50000,97.75%,0,49.73%,0,166.88,$1.99,MIL 2,PHI 2,user44,1,marvalshot,17838,4655040912_44
Jalen Brunson (37851340),Ja'Kobe Walter (37851749),Talen Horton-Tucker (37851832),Paolo Banchero (37851362),Andre Drummond (37851556),Max Strus (37851614),Matas Buzelis (37851566),Giannis Antetokounmpo (37851317),291.0607248263889,381.54360642759934,49200,100.00%,7292,272.59%,0,199.67,$10.9,CHI 2,NYK 1,user35,1,marvalshot,17878,4655040913_35
Tre Jones (37851720),Talen Horton-Tucker (37851832),Josh Hart (37851385),Pascal Siakam (37851401),Alperen Sengun (37851332),Stephon Castle (37851463),Kyle Kuzma (37851449),Onyeka Okongwu (37851459),263.2637673611111,347.354709574212,49900,0.02%,0,-99.97%,0,157.95,$-4.0,CHI 2,NYK 1,user17,50,marvalshot,5058,4655040914_17
Jalen Brunson (37851340),Aaron Nesmith (37851609),Franz Wagner (37851369),Giannis Antetokounmpo (37851317),Onyeka Okongwu (37851459),Tre Jones (37851720),Talen Horton-Tucker (37851832),Jalen Smith (37851692),260.79299913194444,356.5745060382428,49800,0.00%,0,-100.0%,0,186.45,$-4.0,CHI 3,NYK 1,user17,50,marvalshot,9768,4655040915_17
Scottie Barnes (37851372),Quentin Grimes (37851476),Franz Wagner (37851369),Pascal Siakam (37851401),Andre Drummond (37851556),Stephon Castle (37851463),Talen Horton-Tucker (37851832),Onyeka Okongwu (37851459),264.22057291666664,350.1873748227838,50000,0.07%,0,-99.93%,0,166.18,$-4.0,PHI 2,TOR 1,user12,1,marvalshot,17696,4655040906_12
Jalen Brunson (37851340),Talen Horton-Tucker (37851832),Kyle Kuzma (37851449),Giannis Antetokounmpo (37851317),Onyeka Okongwu (37851459),Tre Jones (37851720),Julius Randle (37851443),Jalen Smith (37851692),274.49947048611114,374.27326643059826,50000,74.73%,0,6.79%,0,198.82999999999998,$0.27,CHI 3,MIL 2,user9,32,marvalshot,17740,4655040907_9
Tre Jones (37851720),Max Strus (37851614),Talen Horton-Tucker (37851832),Josh Hart (37851385),Alperen Sengun (37851332),Jalen Brunson (37851340),Julius Randle (37851443),Onyeka Okongwu (37851459),271.7133203125,357.51119693490114,50000,31.15%,0,-60.25%,0,185.62,$-2.41,CHI 2,NYK 2,user18,49,marvalshot,17750,4655040908_18
Tre Jones (37851720),Aaron Nesmith (37851609),Franz Wagner (37851369),Pascal Siakam (37851401),Julius Randle (37851443),Jalen Brunson (37851340),Matas Buzelis (37851566),Onyeka Okongwu (37851459),257.0915972222222,338.3780030674736,50000,0.00%,0,-100.0%,0,168.09,$-4.0,CHI 2,IND 2,user18,45,marvalshot,6562,4655040909_18
Tre Jones (37851720),Caris LeVert (37851534),Talen Horton-Tucker (37851832),Guerschon Yabusele (37851548),Julius Randle (37851443),Jalen Brunson (37851340),Giannis Antetokounmpo (37851317),Onyeka Okongwu (37851459),271.7525954861111,366.48490961021895,50000,30.64%,0,-61.3%,0,201.92,$-2.45,CHI 2,ATL 2,user18,37,marvalshot,15622,4655040910_18
Tre Jones (37851720),Andrew Nembhard (37851576),Kyle Kuzma (37851449),Paolo Banchero (37851362),Andre Drummond (37851556),Ty Jerome (37851543),Devin Vassell (37851496),Giannis Antetokounmpo (37851317),293.36637586805557,385.4128923954447,49900,100.00%,25037,454.6%,0,164.22,$18.18,MIL 2,CHI 1,user14,1,marvalshot,17782,4655040911_14
Tre Jones (37851720),Kelly Oubre Jr. (37851433),Kyle Kuzma (37851449),Guerschon Yabusele (37851548),Andre Drummond (37851556),Jevon Carter (37851843),Giannis Antetokounmpo (37851317),Jalen Brunson (37851340),278.0725954861111,368.34914526334137,49700,98.05%,0,49.57%,0,191.39999999999998,$1.98,PHI 3,CHI 2,user10,1,marvalshot,17804,4655040912_10
Jalen Brunson (37851340),Ja'Kobe Walter (37851749),Dalen Terry (37851785),Paolo Banchero (37851362),Andre Drummond (37851556),Ty Jerome (37851543),Matas Buzelis (37851566),Giannis Antetokounmpo (37851317),290.6407248263889,383.59360642759935,50000,100.00%,6796,261.03%,0,159.08999999999997,$10.44,CHI 2,NYK 1,user19,1,marvalshot,17862,4655040913_19
Tre Jones (37851720),Talen Horton-Tucker (37851832),Josh Hart (37851385),Pascal Siakam (37851401),Alperen Sengun (37851332),Stephon Castle (37851463),Kyle Kuzma (37851449),Onyeka Okongwu (37851459),263.2637673611111,347.354709574212,49900,0.02%,0,-99.97%,0,157.95,$-4.0,CHI 2,NYK 1,user18,50,marvalshot,5058,4655040914_18
Jalen Brunson (37851340),Aaron Nesmith (37851609),Franz Wagner (37851369),Giannis Antetokounmpo (37851317),Onyeka Okongwu (37851459),Tre Jones (37851720),Talen Horton-Tucker (37851832),Jalen Smith (37851692),260.79299913194444,356.5745060382428,49800,0.00%,0,-100.0%,0,186.45,$-4.0,CHI 3,NYK 1,user18,50,marvalshot,9768,4655040915_18
Scottie Barnes (37851372),Stephon Castle (37851463),Franz Wagner (37851369),Pascal Siakam (37851401),Andre Drummond (37851556),Tre Jones (37851720),Max Strus (37851614),Onyeka Okongwu (37851459),264.17057291666663,348.74737482278374,49100,0.06%,0,-99.95%,0,162.10999999999999,$-4.0,TOR 1,SAS 1,user37,1,marvalshot,17722,4655040906_37
Jalen Brunson (37851340),Talen Horton-Tucker (37851832),Kyle Kuzma (37851449),Giannis Antetokounmpo (37851317),Onyeka Okongwu (37851459),Tre Jones (37851720),Julius Randle (37851443),Jalen Smith (37851692),274.49947048611114,374.27326643059826,50000,74.73%,0,6.79%,0,198.82999999999998,$0.27,CHI 3,MIL 2,user19,32,marvalshot,17740,4655040907_19
Tre Jones (37851720),Max Strus (37851614),Talen Horton-Tucker (37851832),Josh Hart (37851385),Alperen Sengun (37851332),Jalen Brunson (37851340),Julius Randle (37851443),Onyeka Okongwu (37851459),271.7133203125,357.51119693490114,50000,31.15%,0,-60.25%,0,185.62,$-2.41,CHI 2,NYK 2,user19,49,marvalshot,17750,4655040908_19
Tre Jones (37851720),Aaron Nesmith (37851609),Franz Wagner (37851369),Pascal Siakam (37851401),Julius Randle (37851443),Jalen Brunson (37851340),Matas Buzelis (37851566),Onyeka Okongwu (37851459),257.0915972222222,338.3780030674736,50000,0.00%,0,-100.0%,0,168.09,$-4.0,CHI 2,IND 2,user19,45,marvalshot,6562,4655040909_19
Tre Jones (37851720),Caris LeVert (37851534),Talen Horton-Tucker (37851832),Guerschon Yabusele (37851548),Julius Randle (37851443),Jalen Brunson (37851340),Giannis Antetokounmpo (37851317),Onyeka Okongwu (37851459),271.7525954861111,366.48490961021895,50000,30.64%,0,-61.3%,0,201.92,$-2.45,CHI 2,ATL 2,user19,37,marvalshot,15622,4655040910_19
Tre Jones (37851720),Andrew Nembhard (37851576),Kyle Kuzma (37851449),Paolo Banchero (37851362),Andre Drummond (37851556),Stephon Castle (37851463),Keldon Johnson (37851583),Giannis Antetokounmpo (37851317),293.40637586805553,385.2228923954447,49900,100.00%,25505,449.22%,0,173.67000000000002,$17.97,MIL 2,SAS 2,user1,1,marvalshot,17769,4655040911_1
Tre Jones (37851720),Keon Johnson (37851530),Kyle Kuzma (37851449),Julius Randle (37851443),Andre Drummond (37851556),Talen Horton-Tucker (37851832),Giannis Antetokounmpo (37851317),Jalen Brunson (37851340),277.9525954861111,376.10914526334136,50000,98.19%,0,49.34%,0,206.94,$1.97,CHI 2,MIL 2,user39,1,marvalshot,17833,4655040912_39
Jalen Brunson (37851340),Ja'Kobe Walter (37851749),Keldon Johnson (37851583),Paolo Banchero (37851362),Andre Drummond (37851556),Tre Jones (37851720),Max Strus (37851614),Giannis Antetokounmpo (37851317),290.7607248263889,382.0736064275993,49700,100.00%,6074,257.63%,0,183.57,$10.31,NYK 1,TOR 1,user26,1,marvalshot,17869,4655040913_26
Tre Jones (37851720),Talen Horton-Tucker (37851832),Josh Hart (37851385),Pascal Siakam (37851401),Alperen Sengun (37851332),Stephon Castle (37851463),Kyle Kuzma (37851449),Onyeka Okongwu (37851459),263.2637673611111,347.354709574212,49900,0.02%,0,-99.97%,0,157.95,$-4.0,CHI 2,NYK 1,user19,50,marvalshot,5058,4655040914_19
Jalen Brunson (37851340),Aaron Nesmith (37851609),Franz Wagner (37851369),Giannis Antetokounmpo (37851317),Onyeka Okongwu (37851459),Tre Jones (37851720),Talen Horton-Tucker (37851832),Jalen Smith (37851692),260.79299913194444,356.5745060382428,49800,0.00%,0,-100.0%,0,186.45,$-4.0,CHI 3,NYK 1,user19,50,marvalshot,9768,4655040915_19
Scottie Barnes (37851372),Devin Vassell (37851496),Franz Wagner (37851369),Pascal Siakam (37851401),Andre Drummond (37851556),Tre Jones (37851720),Guerschon Yabusele (37851548),Onyeka Okongwu (37851459),264.02057291666665,345.7973748227838,49200,0.06%,0,-99.95%,0,154.51999999999998,$-4.0,PHI 2,TOR 1,user42,1,marvalshot,17727,4655040906_42
Jalen Brunson (37851340),Talen Horton-Tucker (37851832),Kyle Kuzma (37851449),Giannis Antetokounmpo (37851317),Onyeka Okongwu (37851459),Tre Jones (37851720),Julius Randle (37851443),Jalen Smith (37851692),274.49947048611114,374.27326643059826,50000,74.73%,0,6.79%,0,198.82999999999998,$0.27,CHI 3,MIL 2,user20,32,marvalshot,17740,4655040907_20
Tre Jones (37851720),Max Strus (37851614),Talen Horton-Tucker (37851832),Josh Hart (37851385),Alperen Sengun (37851332),Jalen Brunson (37851340),Julius Randle (37851443),Onyeka Okongwu (37851459),271.7133203125,357.51119693490114,50000,31.15%,0,-60.25%,0,185.62,$-2.41,CHI 2,NYK 2,user20,49,marvalshot,17750,4655040908_20
Tre Jones (37851720),Aaron Nesmith (37851609),Franz Wagner (37851369),Pascal Siakam (37851401),Julius Randle (37851443),Jalen Brunson (37851340),Matas Buzelis (37851566),Onyeka Okongwu (37851459),257.0915972222222,338.3780030674736,50000,0.00%,0,-100.0%,0,168.09,$-4.0,CHI 2,IND 2,user20,45,marvalshot,6562,4655040909_20
Tre Jones (37851720),Caris LeVert (37851534),Talen Horton-Tucker (37851832),Guerschon Yabusele (37851548),Julius Randle (37851443),Jalen Brunson (37851340),Giannis Antetokounmpo (37851317),Onyeka Okongwu (37851459),271.7525954861111,366.48490961021895,50000,30.64%,0,-61.3%,0,201.92,$-2.45,CHI 2,ATL 2,user20,37,marvalshot,15622,4655040910_20
Tre Jones (37851720),Andrew Nembhard (37851576),Kyle Kuzma (37851449),Paolo Banchero (37851362),Andre Drummond (37851556),Max Strus (37851614),Guerschon Yabusele (37851548),Giannis Antetokounmpo (37851317),293.39637586805554,378.9728923954447,48800,100.00%,25077,441.95%,0,177.1,$17.68,MIL 2,PHI 2,user26,1,marvalshot,17794,4655040911_26
Tre Jones (37851720),Coby White (37851438),Kyle Kuzma (37851449),Dalen Terry (37851785),Andre Drummond (37851556),Max Strus (37851614),Giannis Antetokounmpo (37851317),Jalen Brunson (37851340),278.0025954861111,370.54914526334136,49600,97.47%,0,48.91%,0,163.41,$1.96,CHI 3,MIL 2,user,1,marvalshot,15142,4655040912
Jalen Brunson (37851340),Ja'Kobe Walter (37851749),Talen Horton-Tucker (37851832),Paolo Banchero (37851362),Andre Drummond (37851556),Tre Jones (37851720),Jeremy Sochan (37851514),Giannis Antetokounmpo (37851317),290.8007248263889,385.1036064275993,49400,100.00%,5645,255.02%,0,202.46999999999997,$10.2,CHI 2,NYK 1,user13,1,marvalshot,17856,4655040913_13
Tre Jones (37851720),Talen Horton-Tucker (37851832),Josh Hart (37851385),Pascal Siakam (37851401),Alperen Sengun (37851332),Stephon Castle (37851463),Kyle Kuzma (37851449),Onyeka Okongwu (37851459),263.2637673611111,347.354709574212,49900,0.02%,0,-99.97%,0,157.95,$-4.0,CHI 2,NYK 1,user20,50,marvalshot,5058,4655040914_20
Jalen Brunson (37851340),Aaron Nesmith (37851609),Franz Wagner (37851369),Giannis Antetokounmpo (37851317),Onyeka Okongwu (37851459),Tre Jones (37851720),Talen Horton-Tucker (37851832),Jalen Smith (37851692),260.79299913194444,356.5745060382428,49800,0.00%,0,-100.0%,0,186.45,$-4.0,CHI 3,NYK 1,user20,50,marvalshot,9768,4655040915_20
Scottie Barnes (37851372),Ziaire Williams (37851558),Franz Wagner (37851369),Pascal Siakam (37851401),Andre Drummond (37851556),Tre Jones (37851720),Julius Randle (37851443),Onyeka Okongwu (37851459),263.88057291666667,349.26737482278384,49900,0.05%,0,-99.96%,0,167.01999999999998,$-4.0,TOR 1,BKN 1,user23,1,marvalshot,17708,4655040906_23
Jalen Brunson (37851340),Talen Horton-Tucker (37851832),Kyle Kuzma (37851449),Giannis Antetokounmpo (37851317),Onyeka Okongwu (37851459),Tre Jones (37851720),Julius Randle (37851443),Jalen Smith (37851692),274.49947048611114,374.27326643059826,50000,74.73%,0,6.79%,0,198.82999999999998,$0.27,CHI 3,MIL 2,user21,32,marvalshot,17740,4655040907_21
Tre Jones (37851720),Max Strus (37851614),Talen Horton-Tucker (37851832),Josh Hart (37851385),Alperen Sengun (37851332),Jalen Brunson (37851340),Julius Randle (37851443),Onyeka Okongwu (37851459),271.7133203125,357.51119693490114,50000,31.15%,0,-60.25%,0,185.62,$-2.41,CHI 2,NYK 2,user21,49,marvalshot,17750,4655040908_21
Tre Jones (37851720),Aaron Nesmith (37851609),Franz Wagner (37851369),Pascal Siakam (37851401),Julius Randle (37851443),Jalen Brunson (37851340),Matas Buzelis (37851566),Onyeka Okongwu (37851459),257.0915972222222,338.3780030674736,50000,0.00%,0,-100.0%,0,168.09,$-4.0,CHI 2,IND 2,user21,45,marvalshot,6562,4655040909_21
Tre Jones (37851720),Caris LeVert (37851534),Talen Horton-Tucker (37851832),Guerschon Yabusele (37851548),Julius Randle (37851443),Jalen Brunson (37851340),Giannis Antetokounmpo (37851317),Onyeka Okongwu (37851459),271.7525954861111,366.48490961021895,50000,30.64%,0,-61.3%,0,201.92,$-2.45,CHI 2,ATL 2,user21,37,marvalshot,15622,4655040910_21
Jevon Carter (37851843),Andrew Nembhard (37851576),Kyle Kuzma (37851449),Paolo Banchero (37851362),Andre Drummond (37851556),Tre Jones (37851720),Paul George (37851397),Giannis Antetokounmpo (37851317),293.2963758680555,381.3828923954447,49800,100.00%,24363,439.35%,0,196.95,$17.57,CHI 2,MIL 2,user24,1,marvalshot,17792,4655040911_24
Tre Jones (37851720),Ziaire Williams (37851558),Kyle Kuzma (37851449),Julius Randle (37851443),Andre Drummond (37851556),Talen Horton-Tucker (37851832),Giannis Antetokounmpo (37851317),Jalen Brunson (37851340),277.3925954861111,374.68914526334135,49700,96.95%,0,45.85%,0,207.0,$1.83,CHI 2,MIL 2,user47,1,marvalshot,17841,4655040912_47
Jalen Brunson (37851340),Ja'Kobe Walter (37851749),Talen Horton-Tucker (37851832),Paolo Banchero (37851362),Andre Drummond (37851556),Jevon Carter (37851843),Julius Randle (37851443),Giannis Antetokounmpo (37851317),290.75072482638893,385.15360642759936,49700,100.00%,5449,254.65%,0,233.48,$10.19,CHI 2,NYK 1,user27,1,marvalshot,17870,4655040913_27
Tre Jones (37851720),Talen Horton-Tucker (37851832),Josh Hart (37851385),Pascal Siakam (37851401),Alperen Sengun (37851332),Stephon Castle (37851463),Kyle Kuzma (37851449),Onyeka Okongwu (37851459),263.2637673611111,347.354709574212,49900,0.02%,0,-99.97%,0,157.95,$-4.0,CHI 2,NYK 1,user21,50,marvalshot,5058,4655040914_21
Jalen Brunson (37851340),Aaron Nesmith (37851609),Franz Wagner (37851369),Giannis Antetokounmpo (37851317),Onyeka Okongwu (37851459),Tre Jones (37851720),Talen Horton-Tucker (37851832),Jalen Smith (37851692),260.79299913194444,356.5745060382428,49800,0.00%,0,-100.0%,0,186.45,$-4.0,CHI 3,NYK 1,user21,50,marvalshot,9768,4655040915_21
Scottie Barnes (37851372),Donte DiVincenzo (37851505),Franz Wagner (37851369),Pascal Siakam (37851401),Andre Drummond (37851556),Tre Jones (37851720),Guerschon Yabusele (37851548),Onyeka Okongwu (37851459),263.7405729166667,345.6673748227838,49100,0.04%,0,-99.96%,0,150.01,$-4.0,PHI 2,TOR 1,user32,1,marvalshot,17717,4655040906_32
Jalen Brunson (37851340),Talen Horton-Tucker (37851832),Kyle Kuzma (37851449),Giannis Antetokounmpo (37851317),Onyeka Okongwu (37851459),Tre Jones (37851720),Julius Randle (37851443),Jalen Smith (37851692),274.49947048611114,374.27326643059826,50000,74.73%,0,6.79%,0,198.82999999999998,$0.27,CHI 3,MIL 2,user22,32,marvalshot,17740,4655040907_22
Tre Jones (37851720),Max Strus (37851614),Talen Horton-Tucker (37851832),Josh Hart (37851385),Alperen Sengun (37851332),Jalen Brunson (37851340),Julius Randle (37851443),Onyeka Okongwu (37851459),271.7133203125,357.51119693490114,50000,31.15%,0,-60.25%,0,185.62,$-2.41,CHI 2,NYK 2,user22,49,marvalshot,17750,4655040908_22
Tre Jones (37851720),Aaron Nesmith (37851609),Franz Wagner (37851369),Pascal Siakam (37851401),Julius Randle (37851443),Jalen Brunson (37851340),Matas Buzelis (37851566),Onyeka Okongwu (37851459),257.0915972222222,338.3780030674736,50000,0.00%,0,-100.0%,0,168.09,$-4.0,CHI 2,IND 2,user22,45,marvalshot,6562,4655040909_22
Tre Jones (37851720),Caris LeVert (37851534),Talen Horton-Tucker (37851832),Guerschon Yabusele (37851548),Julius Randle (37851443),Jalen Brunson (37851340),Giannis Antetokounmpo (37851317),Onyeka Okongwu (37851459),271.7525954861111,366.48490961021895,50000,30.64%,0,-61.3%,0,201.92,$-2.45,CHI 2,ATL 2,user22,37,marvalshot,15622,4655040910_22
Tre Jones (37851720),Andrew Nembhard (37851576),Kyle Kuzma (37851449),Paolo Banchero (37851362),Jarrett Allen (37851461),Max Strus (37851614),Guerschon Yabusele (37851548),Giannis Antetokounmpo (37851317),292.89637586805554,377.8428923954447,50000,100.00%,21091,416.8%,0,162.48000000000002,$16.67,MIL 2,CLE 2,user3,1,marvalshot,17771,4655040911_3
Tre Jones (37851720),Julian Champagnie (37851710),Kyle Kuzma (37851449),Matas Buzelis (37851566),Andre Drummond (37851556),Stephon Castle (37851463),Giannis Antetokounmpo (37851317),Jalen Brunson (37851340),277.5725954861111,372.49914526334135,49800,96.45%,0,45.74%,0,176.57,$1.83,CHI 2,SAS 2,user37,1,marvalshot,17831,4655040912_37
Jalen Brunson (37851340),Ja'Kobe Walter (37851749),Talen Horton-Tucker (37851832),Paolo Banchero (37851362),Zach Collins (37851479),Tre Jones (37851720),Matas Buzelis (37851566),Giannis Antetokounmpo (37851317),290.74072482638894,380.3836064275994,49600,100.00%,6047,254.15%,0,185.64,$10.17,CHI 4,NYK 1,user10,1,marvalshot,17853,4655040913_10
Tre Jones (37851720),Talen Horton-Tucker (37851832),Josh Hart (37851385),Pascal Siakam (37851401),Alperen Sengun (37851332),Stephon Castle (37851463),Kyle Kuzma (37851449),Onyeka Okongwu (37851459),263.2637673611111,347.354709574212,49900,0.02%,0,-99.97%,0,157.95,$-4.0,CHI 2,NYK 1,user22,50,marvalshot,5058,4655040914_22
Jalen Brunson (37851340),Aaron Nesmith (37851609),Franz Wagner (37851369),Giannis Antetokounmpo (37851317),Onyeka Okongwu (37851459),Tre Jones (37851720),Talen Horton-Tucker (37851832),Jalen Smith (37851692),260.79299913194444,356.5745060382428,49800,0.00%,0,-100.0%,0,186.45,$-4.0,CHI 3,NYK 1,user22,50,marvalshot,9768,4655040915_22
Scottie Barnes (37851372),Devin Vassell (37851496),Franz Wagner (37851369),Pascal Siakam (37851401),Andre Drummond (37851556),Ty Jerome (37851543),Matas Buzelis (37851566),Onyeka Okongwu (37851459),262.16057291666664,347.8773748227838,50000,0.02%,0,-99.97%,0,133.70999999999998,$-4.0,TOR 1,SAS 1,user1,1,marvalshot,17682,4655040906_1
Jalen Brunson (37851340),Talen Horton-Tucker (37851832),Kyle Kuzma (37851449),Giannis Antetokounmpo (37851317),Onyeka Okongwu (37851459),Tre Jones (37851720),Julius Randle (37851443),Jalen Smith (37851692),274.49947048611114,374.27326643059826,50000,74.73%,0,6.79%,0,198.82999999999998,$0.27,CHI 3,MIL 2,user23,32,marvalshot,17740,4655040907_23
Tre Jones (37851720),Max Strus (37851614),Talen Horton-Tucker (37851832),Josh Hart (37851385),Alperen Sengun (37851332),Jalen Brunson (37851340),Julius Randle (37851443),Onyeka Okongwu (37851459),271.7133203125,357.51119693490114,50000,31.15%,0,-60.25%,0,185.62,$-2.41,CHI 2,NYK 2,user23,49,marvalshot,17750,4655040908_23
Tre Jones (37851720),Aaron Nesmith (37851609),Franz Wagner (37851369),Pascal Siakam (37851401),Julius Randle (37851443),Jalen Brunson (37851340),Matas Buzelis (37851566),Onyeka Okongwu (37851459),257.0915972222222,338.3780030674736,50000,0.00%,0,-100.0%,0,168.09,$-4.0,CHI 2,IND 2,user23,45,marvalshot,6562,4655040909_23
Tre Jones (37851720),Caris LeVert (37851534),Talen Horton-Tucker (37851832),Guerschon Yabusele (37851548),Julius Randle (37851443),Jalen Brunson (37851340),Giannis Antetokounmpo (37851317),Onyeka Okongwu (37851459),271.7525954861111,366.48490961021895,50000,30.64%,0,-61.3%,0,201.92,$-2.45,CHI 2,ATL 2,user23,37,marvalshot,15622,4655040910_23
D'Angelo Russell (37851518),Andrew Nembhard (37851576),Kyle Kuzma (37851449),Paolo Banchero (37851362),Andre Drummond (37851556),Tre Jones (37851720),Guerschon Yabusele (37851548),Giannis Antetokounmpo (37851317),292.9263758680555,381.99289239544464,49700,100.00%,21048,399.56%,0,167.14999999999998,$15.98,MIL 2,PHI 2,user13,1,marvalshot,17781,4655040911_13
Tre Jones (37851720),Talen Horton-Tucker (37851832),Kyle Kuzma (37851449),Matas Buzelis (37851566),Zach Collins (37851479),Quentin Grimes (37851476),Giannis Antetokounmpo (37851317),Jalen Brunson (37851340),277.46259548611107,369.0291452633413,50000,96.51%,0,45.68%,0,173.73,$1.83,CHI 4,MIL 2,user11,1,marvalshot,17805,4655040912_11
Jalen Brunson (37851340),Ja'Kobe Walter (37851749),Dalen Terry (37851785),Paolo Banchero (37851362),Andre Drummond (37851556),Max Strus (37851614),Guerschon Yabusele (37851548),Giannis Antetokounmpo (37851317),290.5307248263889,377.68360642759933,49800,100.00%,5872,253.14%,0,161.15999999999997,$10.13,PHI 2,NYK 1,user41,1,marvalshot,17884,4655040913_41
Tre Jones (37851720),Talen Horton-Tucker (37851832),Josh Hart (37851385),Pascal Siakam (37851401),Alperen Sengun (37851332),Stephon Castle (37851463),Kyle Kuzma (37851449),Onyeka Okongwu (37851459),263.2637673611111,347.354709574212,49900,0.02%,0,-99.97%,0,157.95,$-4.0,CHI 2,NYK 1,user23,50,marvalshot,5058,4655040914_23
Jalen Brunson (37851340),Aaron Nesmith (37851609),Franz Wagner (37851369),Giannis Antetokounmpo (37851317),Onyeka Okongwu (37851459),Tre Jones (37851720),Talen Horton-Tucker (37851832),Jalen Smith (37851692),260.79299913194444,356.5745060382428,49800,0.00%,0,-100.0%,0,186.45,$-4.0,CHI 3,NYK 1,user23,50,marvalshot,9768,4655040915_23
Scottie Barnes (37851372),Coby White (37851438),Franz Wagner (37851369),Pascal Siakam (37851401),Andre Drummond (37851556),Talen Horton-Tucker (37851832),Guerschon Yabusele (37851548),Onyeka Okongwu (37851459),263.8505729166667,346.87737482278385,49600,0.02%,0,-99.97%,0,157.95999999999998,$-4.0,CHI 2,PHI 2,user20,1,marvalshot,17704,4655040906_20
Jalen Brunson (37851340),Talen Horton-Tucker (37851832),Kyle Kuzma (37851449),Giannis Antetokounmpo (37851317),Onyeka Okongwu (37851459),Tre Jones (37851720),Julius Randle (37851443),Jalen Smith (37851692),274.49947048611114,374.27326643059826,50000,74.73%,0,6.79%,0,198.82999999999998,$0.27,CHI 3,MIL 2,user24,32,marvalshot,17740,4655040907_24
Tre Jones (37851720),Max Strus (37851614),Talen Horton-Tucker (37851832),Josh Hart (37851385),Alperen Sengun (37851332),Jalen Brunson (37851340),Julius Randle (37851443),Onyeka Okongwu (37851459),271.7133203125,357.51119693490114,50000,31.15%,0,-60.25%,0,185.62,$-2.41,CHI 2,NYK 2,user24,49,marvalshot,17750,4655040908_24
Tre Jones (37851720),Aaron Nesmith (37851609),Franz Wagner (37851369),Pascal Siakam (37851401),Julius Randle (37851443),Jalen Brunson (37851340),Matas Buzelis (37851566),Onyeka Okongwu (37851459),257.0915972222222,338.3780030674736,50000,0.00%,0,-100.0%,0,168.09,$-4.0,CHI 2,IND 2,user24,45,marvalshot,6562,4655040909_24
Tre Jones (37851720),Caris LeVert (37851534),Talen Horton-Tucker (37851832),Guerschon Yabusele (37851548),Julius Randle (37851443),Jalen Brunson (37851340),Giannis Antetokounmpo (37851317),Onyeka Okongwu (37851459),271.7525954861111,366.48490961021895,50000,30.64%,0,-61.3%,0,201.92,$-2.45,CHI 2,ATL 2,user24,37,marvalshot,15622,4655040910_24
Jevon Carter (37851843),Andrew Nembhard (37851576),Kyle Kuzma (37851449),Paolo Banchero (37851362),Andre Drummond (37851556),Coby White (37851438),Matas Buzelis (37851566),Giannis Antetokounmpo (37851317),292.71637586805554,380.4328923954447,49800,100.00%,19544,395.6%,0,182.68,$15.82,CHI 3,MIL 2,user6,1,marvalshot,17774,4655040911_6
Jevon Carter (37851843),Kelly Oubre Jr. (37851433),Kyle Kuzma (37851449),Matas Buzelis (37851566),Andre Drummond (37851556),Tre Jones (37851720),Giannis Antetokounmpo (37851317),Jalen Brunson (37851340),277.2125954861111,368.5691452633414,49300,95.80%,0,43.59%,0,198.26,$1.74,CHI 3,PHI 2,user29,1,marvalshot,17823,4655040912_29
Jalen Brunson (37851340),Ja'Kobe Walter (37851749),Max Strus (37851614),Paolo Banchero (37851362),Andre Drummond (37851556),Donte DiVincenzo (37851505),Talen Horton-Tucker (37851832),Giannis Antetokounmpo (37851317),290.64072482638886,381.9436064275993,50000,100.00%,5634,252.35%,0,184.35,$10.09,NYK 1,TOR 1,user17,1,marvalshot,17860,4655040913_17
Tre Jones (37851720),Talen Horton-Tucker (37851832),Josh Hart (37851385),Pascal Siakam (37851401),Alperen Sengun (37851332),Stephon Castle (37851463),Kyle Kuzma (37851449),Onyeka Okongwu (37851459),263.2637673611111,347.354709574212,49900,0.02%,0,-99.97%,0,157.95,$-4.0,CHI 2,NYK 1,user24,50,marvalshot,5058,4655040914_24
Jalen Brunson (37851340),Aaron Nesmith (37851609),Franz Wagner (37851369),Giannis Antetokounmpo (37851317),Onyeka Okongwu (37851459),Tre Jones (37851720),Talen Horton-Tucker (37851832),Jalen Smith (37851692),260.79299913194444,356.5745060382428,49800,0.00%,0,-100.0%,0,186.45,$-4.0,CHI 3,NYK 1,user24,50,marvalshot,9768,4655040915_24
Scottie Barnes (37851372),Donte DiVincenzo (37851505),Franz Wagner (37851369),Pascal Siakam (37851401),Andre Drummond (37851556),Tre Jones (37851720),Matas Buzelis (37851566),Onyeka Okongwu (37851459),262.88057291666667,345.88737482278384,48700,0.03%,0,-99.97%,0,156.87,$-4.0,CHI 2,TOR 1,user45,1,marvalshot,17730,4655040906_45
Jalen Brunson (37851340),Talen Horton-Tucker (37851832),Kyle Kuzma (37851449),Giannis Antetokounmpo (37851317),Onyeka Okongwu (37851459),Tre Jones (37851720),Julius Randle (37851443),Jalen Smith (37851692),274.49947048611114,374.27326643059826,50000,74.73%,0,6.79%,0,198.82999999999998,$0.27,CHI 3,MIL 2,user25,32,marvalshot,17740,4655040907_25
Tre Jones (37851720),Max Strus (37851614),Talen Horton-Tucker (37851832),Josh Hart (37851385),Alperen Sengun (37851332),Jalen Brunson (37851340),Julius Randle (37851443),Onyeka Okongwu (37851459),271.7133203125,357.51119693490114,50000,31.15%,0,-60.25%,0,185.62,$-2.41,CHI 2,NYK 2,user25,49,marvalshot,17750,4655040908_25
Tre Jones (37851720),Aaron Nesmith (37851609),Franz Wagner (37851369),Pascal Siakam (37851401),Julius Randle (37851443),Jalen Brunson (37851340),Matas Buzelis (37851566),Onyeka Okongwu (37851459),257.0915972222222,338.3780030674736,50000,0.00%,0,-100.0%,0,168.09,$-4.0,CHI 2,IND 2,user25,45,marvalshot,6562,4655040909_25
Tre Jones (37851720),Caris LeVert (37851534),Talen Horton-Tucker (37851832),Guerschon Yabusele (37851548),Julius Randle (37851443),Jalen Brunson (37851340),Giannis Antetokounmpo (37851317),Onyeka Okongwu (37851459),271.7525954861111,366.48490961021895,50000,30.64%,0,-61.3%,0,201.92,$-2.45,CHI 2,ATL 2,user25,37,marvalshot,15622,4655040910_25
Tre Jones (37851720),Andrew Nembhard (37851576),Kyle Kuzma (37851449),Paolo Banchero (37851362),Andre Drummond (37851556),Coby White (37851438),Dalen Terry (37851785),Giannis Antetokounmpo (37851317),292.80637586805557,380.99289239544476,49300,100.00%,20174,393.94%,0,163.68,$15.76,CHI 3,MIL 2,user4,1,marvalshot,17772,4655040911_4
Tre Jones (37851720),Jevon Carter (37851843),Kyle Kuzma (37851449),Naz Reid (37851381),Andre Drummond (37851556),Talen Horton-Tucker (37851832),Giannis Antetokounmpo (37851317),Jalen Brunson (37851340),277.0225954861111,372.4691452633414,49300,95.94%,0,43.24%,0,213.73,$1.73,CHI 3,MIL 2,user33,1,marvalshot,17827,4655040912_33
Jalen Brunson (37851340),Ja'Kobe Walter (37851749),Julian Champagnie (37851710),Paolo Banchero (37851362),Andre Drummond (37851556),Tre Jones (37851720),Guerschon Yabusele (37851548),Giannis Antetokounmpo (37851317),290.59072482638885,379.57360642759926,49700,100.00%,5500,249.81%,0,179.88,$9.99,PHI 2,NYK 1,user40,1,marvalshot,17883,4655040913_40
Tre Jones (37851720),Talen Horton-Tucker (37851832),Josh Hart (37851385),Pascal Siakam (37851401),Alperen Sengun (37851332),Stephon Castle (37851463),Kyle Kuzma (37851449),Onyeka Okongwu (37851459),263.2637673611111,347.354709574212,49900,0.02%,0,-99.97%,0,157.95,$-4.0,CHI 2,NYK 1,user25,50,marvalshot,5058,4655040914_25
Jalen Brunson (37851340),Aaron Nesmith (37851609),Franz Wagner (37851369),Giannis Antetokounmpo (37851317),Onyeka Okongwu (37851459),Tre Jones (37851720),Talen Horton-Tucker (37851832),Jalen Smith (37851692),260.79299913194444,356.5745060382428,49800,0.00%,0,-100.0%,0,186.45,$-4.0,CHI 3,NYK 1,user25,50,marvalshot,9768,4655040915_25
Scottie Barnes (37851372),Donte DiVincenzo (37851505),Franz Wagner (37851369),Pascal Siakam (37851401),Andre Drummond (37851556),Talen Horton-Tucker (37851832),Julius Randle (37851443),Onyeka Okongwu (37851459),263.3005729166666,349.9473748227838,49900,0.01%,0,-99.98%,0,172.0,$-4.0,MIN 2,TOR 1,user15,1,marvalshot,17699,4655040906_15
Jalen Brunson (37851340),Talen Horton-Tucker (37851832),Kyle Kuzma (37851449),Giannis Antetokounmpo (37851317),Onyeka Okongwu (37851459),Tre Jones (37851720),Julius Randle (37851443),Jalen Smith (37851692),274.49947048611114,374.27326643059826,50000,74.73%,0,6.79%,0,198.82999999999998,$0.27,CHI 3,MIL 2,user26,32,marvalshot,17740,4655040907_26
Tre Jones (37851720),Max Strus (37851614),Talen Horton-Tucker (37851832),Josh Hart (37851385),Alperen Sengun (37851332),Jalen Brunson (37851340),Julius Randle (37851443),Onyeka Okongwu (37851459),271.7133203125,357.51119693490114,50000,31.15%,0,-60.25%,0,185.62,$-2.41,CHI 2,NYK 2,user26,49,marvalshot,17750,4655040908_26
Tre Jones (37851720),Aaron Nesmith (37851609),Franz Wagner (37851369),Pascal Siakam (37851401),Julius Randle (37851443),Jalen Brunson (37851340),Matas Buzelis (37851566),Onyeka Okongwu (37851459),257.0915972222222,338.3780030674736,50000,0.00%,0,-100.0%,0,168.09,$-4.0,CHI 2,IND 2,user26,45,marvalshot,6562,4655040909_26
Tre Jones (37851720),Caris LeVert (37851534),Talen Horton-Tucker (37851832),Guerschon Yabusele (37851548),Julius Randle (37851443),Jalen Brunson (37851340),Giannis Antetokounmpo (37851317),Onyeka Okongwu (37851459),271.7525954861111,366.48490961021895,50000,30.64%,0,-61.3%,0,201.92,$-2.45,CHI 2,ATL 2,user26,37,marvalshot,15622,4655040910_26
Tre Jones (37851720),Andrew Nembhard (37851576),Kyle Kuzma (37851449),Paolo Banchero (37851362),Zach Collins (37851479),Talen Horton-Tucker (37851832),Julius Randle (37851443),Giannis Antetokounmpo (37851317),292.63637586805555,382.0928923954447,50000,100.00%,18654,364.78%,0,185.06,$14.59,CHI 3,MIL 2,user21,24,marvalshot,17789,4655040911_21
Darius Garland (37851392),Max Strus (37851614),Kyle Kuzma (37851449),Dalen Terry (37851785),Andre Drummond (37851556),Talen Horton-Tucker (37851832),Giannis Antetokounmpo (37851317),Jalen Brunson (37851340),277.1925954861111,373.5291452633414,49900,95.44%,0,43.1%,0,181.46999999999997,$1.72,CLE 2,MIL 2,user7,1,marvalshot,17801,4655040912_7
Jalen Brunson (37851340),Ja'Kobe Walter (37851749),Max Strus (37851614),Paolo Banchero (37851362),Guerschon Yabusele (37851548),Tre Jones (37851720),Matas Buzelis (37851566),Giannis Antetokounmpo (37851317),290.4307248263889,374.1636064275993,49900,100.00%,5426,246.47%,0,169.43,$9.86,CHI 2,NYK 1,user4,1,marvalshot,17847,4655040913_4
Tre Jones (37851720),Talen Horton-Tucker (37851832),Josh Hart (37851385),Pascal Siakam (37851401),Alperen Sengun (37851332),Stephon Castle (37851463),Kyle Kuzma (37851449),Onyeka Okongwu (37851459),263.2637673611111,347.354709574212,49900,0.02%,0,-99.97%,0,157.95,$-4.0,CHI 2,NYK 1,user26,50,marvalshot,5058,4655040914_26
Jalen Brunson (37851340),Aaron Nesmith (37851609),Franz Wagner (37851369),Giannis Antetokounmpo (37851317),Onyeka Okongwu (37851459),Tre Jones (37851720),Talen Horton-Tucker (37851832),Jalen Smith (37851692),260.79299913194444,356.5745060382428,49800,0.00%,0,-100.0%,0,186.45,$-4.0,CHI 3,NYK 1,user26,50,marvalshot,9768,4655040915_26
Scottie Barnes (37851372),Talen Horton-Tucker (37851832),Franz Wagner (37851369),Pascal Siakam (37851401),Andre Drummond (37851556),Tre Jones (37851720),Paul George (37851397),Onyeka Okongwu (37851459),263.57057291666666,348.0473748227838,49200,0.02%,0,-99.98%,0,179.08999999999997,$-4.0,CHI 2,PHI 2,user34,1,marvalshot,17719,4655040906_34
Jalen Brunson (37851340),Talen Horton-Tucker (37851832),Kyle Kuzma (37851449),Giannis Antetokounmpo (37851317),Onyeka Okongwu (37851459),Tre Jones (37851720),Julius Randle (37851443),Jalen Smith (37851692),274.49947048611114,374.27326643059826,50000,74.73%,0,6.79%,0,198.82999999999998,$0.27,CHI 3,MIL 2,user27,32,marvalshot,17740,4655040907_27
Tre Jones (37851720),Max Strus (37851614),Talen Horton-Tucker (37851832),Josh Hart (37851385),Alperen Sengun (37851332),Jalen Brunson (37851340),Julius Randle (37851443),Onyeka Okongwu (37851459),271.7133203125,357.51119693490114,50000,31.15%,0,-60.25%,0,185.62,$-2.41,CHI 2,NYK 2,user27,49,marvalshot,17750,4655040908_27
Tre Jones (37851720),Aaron Nesmith (37851609),Franz Wagner (37851369),Pascal Siakam (37851401),Julius Randle (37851443),Jalen Brunson (37851340),Matas Buzelis (37851566),Onyeka Okongwu (37851459),257.0915972222222,338.3780030674736,50000,0.00%,0,-100.0%,0,168.09,$-4.0,CHI 2,IND 2,user27,45,marvalshot,6562,4655040909_27
Tre Jones (37851720),Caris LeVert (37851534),Talen Horton-Tucker (37851832),Guerschon Yabusele (37851548),Julius Randle (37851443),Jalen Brunson (37851340),Giannis Antetokounmpo (37851317),Onyeka Okongwu (37851459),271.7525954861111,366.48490961021895,50000,30.64%,0,-61.3%,0,201.92,$-2.45,CHI 2,ATL 2,user27,37,marvalshot,15622,4655040910_27
Tre Jones (37851720),Andrew Nembhard (37851576),Kyle Kuzma (37851449),Paolo Banchero (37851362),Zach Collins (37851479),Talen Horton-Tucker (37851832),Julius Randle (37851443),Giannis Antetokounmpo (37851317),292.63637586805555,382.0928923954447,50000,100.00%,18654,364.78%,0,185.06,$14.59,CHI 3,MIL 2,user27,24,marvalshot,17789,4655040911_27
Stephon Castle (37851463),Max Strus (37851614),Kyle Kuzma (37851449),Guerschon Yabusele (37851548),Andre Drummond (37851556),Jevon Carter (37851843),Giannis Antetokounmpo (37851317),Jalen Brunson (37851340),277.0625954861111,369.74914526334135,50000,94.96%,0,42.1%,0,182.57999999999998,$1.68,MIL 2,PHI 2,user6,1,marvalshot,17800,4655040912_6
Jalen Brunson (37851340),Ja'Kobe Walter (37851749),Nickeil Alexander-Walker (37851604),Paolo Banchero (37851362),Andre Drummond (37851556),Tre Jones (37851720),Matas Buzelis (37851566),Giannis Antetokounmpo (37851317),290.25072482638893,379.42360642759934,49700,100.00%,4068,233.41%,0,183.51,$9.34,CHI 2,NYK 1,user42,1,marvalshot,17885,4655040913_42
Tre Jones (37851720),Talen Horton-Tucker (37851832),Josh Hart (37851385),Pascal Siakam (37851401),Alperen Sengun (37851332),Stephon Castle (37851463),Kyle Kuzma (37851449),Onyeka Okongwu (37851459),263.2637673611111,347.354709574212,49900,0.02%,0,-99.97%,0,157.95,$-4.0,CHI 2,NYK 1,user27,50,marvalshot,5058,4655040914_27
Jalen Brunson (37851340),Aaron Nesmith (37851609),Franz Wagner (37851369),Giannis Antetokounmpo (37851317),Onyeka Okongwu (37851459),Tre Jones (37851720),Talen Horton-Tucker (37851832),Jalen Smith (37851692),260.79299913194444,356.5745060382428,49800,0.00%,0,-100.0%,0,186.45,$-4.0,CHI 3,NYK 1,user27,50,marvalshot,9768,4655040915_27
Scottie Barnes (37851372),Talen Horton-Tucker (37851832),Franz Wagner (37851369),Pascal Siakam (37851401),Andre Drummond (37851556),Coby White (37851438),Matas Buzelis (37851566),Onyeka Okongwu (37851459),262.9905729166667,347.0973748227838,49200,0.01%,0,-99.98%,0,164.82,$-4.0,CHI 3,TOR 1,user8,1,marvalshot,17691,4655040906_8
Jalen Brunson (37851340),Talen Horton-Tucker (37851832),Kyle Kuzma (37851449),Giannis Antetokounmpo (37851317),Onyeka Okongwu (37851459),Tre Jones (37851720),Julius Randle (37851443),Jalen Smith (37851692),274.49947048611114,374.27326643059826,50000,74.73%,0,6.79%,0,198.82999999999998,$0.27,CHI 3,MIL 2,user28,32,marvalshot,17740,4655040907_28
Tre Jones (37851720),Max Strus (37851614),Talen Horton-Tucker (37851832),Josh Hart (37851385),Alperen Sengun (37851332),Jalen Brunson (37851340),Julius Randle (37851443),Onyeka Okongwu (37851459),271.7133203125,357.51119693490114,50000,31.15%,0,-60.25%,0,185.62,$-2.41,CHI 2,NYK 2,user28,49,marvalshot,17750,4655040908_28
Tre Jones (37851720),Aaron Nesmith (37851609),Franz Wagner (37851369),Pascal Siakam (37851401),Julius Randle (37851443),Jalen Brunson (37851340),Matas Buzelis (37851566),Onyeka Okongwu (37851459),257.0915972222222,338.3780030674736,50000,0.00%,0,-100.0%,0,168.09,$-4.0,CHI 2,IND 2,user28,45,marvalshot,6562,4655040909_28
Tre Jones (37851720),Caris LeVert (37851534),Talen Horton-Tucker (37851832),Guerschon Yabusele (37851548),Julius Randle (37851443),Jalen Brunson (37851340),Giannis Antetokounmpo (37851317),Onyeka Okongwu (37851459),271.7525954861111,366.48490961021895,50000,30.64%,0,-61.3%,0,201.92,$-2.45,CHI 2,ATL 2,user28,37,marvalshot,15622,4655040910_28
Tre Jones (37851720),Andrew Nembhard (37851576),Kyle Kuzma (37851449),Paolo Banchero (37851362),Zach Collins (37851479),Talen Horton-Tucker (37851832),Julius Randle (37851443),Giannis Antetokounmpo (37851317),292.63637586805555,382.0928923954447,50000,100.00%,18654,364.78%,0,185.06,$14.59,CHI 3,MIL 2,user28,24,marvalshot,17789,4655040911_28
Darius Garland (37851392),Talen Horton-Tucker (37851832),Kyle Kuzma (37851449),Guerschon Yabusele (37851548),Jalen Smith (37851692),Tre Jones (37851720),Giannis Antetokounmpo (37851317),Jalen Brunson (37851340),276.7825954861111,373.8691452633414,49900,93.86%,0,40.02%,0,181.14999999999998,$1.6,CHI 3,MIL 2,user18,1,marvalshot,17812,4655040912_18
Jalen Brunson (37851340),Ja'Kobe Walter (37851749),Dalen Terry (37851785),Paolo Banchero (37851362),Andre Drummond (37851556),Tre Jones (37851720),De'Andre Hunter (37851523),Giannis Antetokounmpo (37851317),290.07072482638887,381.0436064275993,49400,100.00%,3782,227.22%,0,172.73,$9.09,CHI 2,NYK 1,user16,1,marvalshot,17859,4655040913_16
Tre Jones (37851720),Talen Horton-Tucker (37851832),Josh Hart (37851385),Pascal Siakam (37851401),Alperen Sengun (37851332),Stephon Castle (37851463),Kyle Kuzma (37851449),Onyeka Okongwu (37851459),263.2637673611111,347.354709574212,49900,0.02%,0,-99.97%,0,157.95,$-4.0,CHI 2,NYK 1,user28,50,marvalshot,5058,4655040914_28
Jalen Brunson (37851340),Aaron Nesmith (37851609),Franz Wagner (37851369),Giannis Antetokounmpo (37851317),Onyeka Okongwu (37851459),Tre Jones (37851720),Talen Horton-Tucker (37851832),Jalen Smith (37851692),260.79299913194444,356.5745060382428,49800,0.00%,0,-100.0%,0,186.45,$-4.0,CHI 3,NYK 1,user28,50,marvalshot,9768,4655040915_28
Scottie Barnes (37851372),Jevon Carter (37851843),Franz Wagner (37851369),Pascal Siakam (37851401),Andre Drummond (37851556),Tre Jones (37851720),Naz Reid (37851381),Onyeka Okongwu (37851459),263.51057291666666,347.0473748227838,49500,0.02%,0,-99.98%,0,173.75,$-4.0,CHI 2,TOR 1,user25,1,marvalshot,17710,4655040906_25
Jalen Brunson (37851340),Talen Horton-Tucker (37851832),Kyle Kuzma (37851449),Giannis Antetokounmpo (37851317),Onyeka Okongwu (37851459),Tre Jones (37851720),Julius Randle (37851443),Jalen Smith (37851692),274.49947048611114,374.27326643059826,50000,74.73%,0,6.79%,0,198.82999999999998,$0.27,CHI 3,MIL 2,user29,32,marvalshot,17740,4655040907_29
Tre Jones (37851720),Max Strus (37851614),Talen Horton-Tucker (37851832),Josh Hart (37851385),Alperen Sengun (37851332),Jalen Brunson (37851340),Julius Randle (37851443),Onyeka Okongwu (37851459),271.7133203125,357.51119693490114,50000,31.15%,0,-60.25%,0,185.62,$-2.41,CHI 2,NYK 2,user29,49,marvalshot,17750,4655040908_29
Tre Jones (37851720),Aaron Nesmith (37851609),Franz Wagner (37851369),Pascal Siakam (37851401),Julius Randle (37851443),Jalen Brunson (37851340),Matas Buzelis (37851566),Onyeka Okongwu (37851459),257.0915972222222,338.3780030674736,50000,0.00%,0,-100.0%,0,168.09,$-4.0,CHI 2,IND 2,user29,45,marvalshot,6562,4655040909_29
Tre Jones (37851720),Caris LeVert (37851534),Talen Horton-Tucker (37851832),Guerschon Yabusele (37851548),Julius Randle (37851443),Jalen Brunson (37851340),Giannis Antetokounmpo (37851317),Onyeka Okongwu (37851459),271.7525954861111,366.48490961021895,50000,30.64%,0,-61.3%,0,201.92,$-2.45,CHI 2,ATL 2,user29,37,marvalshot,15622,4655040910_29
Tre Jones (37851720),Andrew Nembhard (37851576),Kyle Kuzma (37851449),Paolo Banchero (37851362),Zach Collins (37851479),Talen Horton-Tucker (37851832),Julius Randle (37851443),Giannis Antetokounmpo (37851317),292.63637586805555,382.0928923954447,50000,100.00%,18654,364.78%,0,185.06,$14.59,CHI 3,MIL 2,user29,24,marvalshot,17789,4655040911_29
Stephon Castle (37851463),Jevon Carter (37851843),Kyle Kuzma (37851449),De'Andre Hunter (37851523),Andre Drummond (37851556),Tre Jones (37851720),Giannis Antetokounmpo (37851317),Jalen Brunson (37851340),276.6025954861111,373.1091452633414,49600,92.77%,0,37.7%,0,194.14999999999998,$1.51,CHI 2,MIL 2,user16,1,marvalshot,17810,4655040912_16
Jalen Brunson (37851340),Ja'Kobe Walter (37851749),De'Andre Hunter (37851523),Paolo Banchero (37851362),Andre Drummond (37851556),Jevon Carter (37851843),Matas Buzelis (37851566),Giannis Antetokounmpo (37851317),289.9807248263889,380.48360642759934,49900,100.00%,3827,226.7%,0,191.73,$9.07,CHI 2,NYK 1,user15,1,marvalshot,17858,4655040913_15
Tre Jones (37851720),Talen Horton-Tucker (37851832),Josh Hart (37851385),Pascal Siakam (37851401),Alperen Sengun (37851332),Stephon Castle (37851463),Kyle Kuzma (37851449),Onyeka Okongwu (37851459),263.2637673611111,347.354709574212,49900,0.02%,0,-99.97%,0,157.95,$-4.0,CHI 2,NYK 1,user29,50,marvalshot,5058,4655040914_29
Jalen Brunson (37851340),Aaron Nesmith (37851609),Franz Wagner (37851369),Giannis Antetokounmpo (37851317),Onyeka Okongwu (37851459),Tre Jones (37851720),Talen Horton-Tucker (37851832),Jalen Smith (37851692),260.79299913194444,356.5745060382428,49800,0.00%,0,-100.0%,0,186.45,$-4.0,CHI 3,NYK 1,user29,50,marvalshot,9768,4655040915_29
Scottie Barnes (37851372),Devin Vassell (37851496),Franz Wagner (37851369),Pascal Siakam (37851401),Andre Drummond (37851556),Tre Jones (37851720),Matas Buzelis (37851566),Onyeka Okongwu (37851459),263.16057291666664,346.0173748227838,48800,0.02%,0,-99.98%,0,161.38,$-4.0,CHI 2,TOR 1,user46,1,marvalshot,17731,4655040906_46
Jalen Brunson (37851340),Talen Horton-Tucker (37851832),Kyle Kuzma (37851449),Giannis Antetokounmpo (37851317),Onyeka Okongwu (37851459),Tre Jones (37851720),Julius Randle (37851443),Jalen Smith (37851692),274.49947048611114,374.27326643059826,50000,74.73%,0,6.79%,0,198.82999999999998,$0.27,CHI 3,MIL 2,user30,32,marvalshot,17740,4655040907_30
Tre Jones (37851720),Max Strus (37851614),Talen Horton-Tucker (37851832),Josh Hart (37851385),Alperen Sengun (37851332),Jalen Brunson (37851340),Julius Randle (37851443),Onyeka Okongwu (37851459),271.7133203125,357.51119693490114,50000,31.15%,0,-60.25%,0,185.62,$-2.41,CHI 2,NYK 2,user30,49,marvalshot,17750,4655040908_30
Tre Jones (37851720),Aaron Nesmith (37851609),Franz Wagner (37851369),Pascal Siakam (37851401),Julius Randle (37851443),Jalen Brunson (37851340),Matas Buzelis (37851566),Onyeka Okongwu (37851459),257.0915972222222,338.3780030674736,50000,0.00%,0,-100.0%,0,168.09,$-4.0,CHI 2,IND 2,user30,45,marvalshot,6562,4655040909_30
Tre Jones (37851720),Caris LeVert (37851534),Talen Horton-Tucker (37851832),Guerschon Yabusele (37851548),Julius Randle (37851443),Jalen Brunson (37851340),Giannis Antetokounmpo (37851317),Onyeka Okongwu (37851459),271.7525954861111,366.48490961021895,50000,30.64%,0,-61.3%,0,201.92,$-2.45,CHI 2,ATL 2,user30,37,marvalshot,15622,4655040910_30
Tre Jones (37851720),Andrew Nembhard (37851576),Kyle Kuzma (37851449),Paolo Banchero (37851362),Zach Collins (37851479),Talen Horton-Tucker (37851832),Julius Randle (37851443),Giannis Antetokounmpo (37851317),292.63637586805555,382.0928923954447,50000,100.00%,18654,364.78%,0,185.06,$14.59,CHI 3,MIL 2,user30,24,marvalshot,17789,4655040911_30
Tre Jones (37851720),Jevon Carter (37851843),Kyle Kuzma (37851449),Dalen Terry (37851785),Andre Drummond (37851556),Darius Garland (37851392),Giannis Antetokounmpo (37851317),Jalen Brunson (37851340),276.4625954861111,373.0791452633414,49200,92.12%,0,36.48%,0,200.15,$1.46,CHI 3,MIL 2,user20,1,marvalshot,17814,4655040912_20
Jalen Brunson (37851340),Ja'Kobe Walter (37851749),Coby White (37851438),Paolo Banchero (37851362),Andre Drummond (37851556),Jevon Carter (37851843),Talen Horton-Tucker (37851832),Giannis Antetokounmpo (37851317),290.0207248263889,382.7036064275993,49800,100.00%,3004,222.42%,0,210.98000000000002,$8.9,CHI 3,NYK 1,user14,1,marvalshot,17857,4655040913_14
Tre Jones (37851720),Talen Horton-Tucker (37851832),Josh Hart (37851385),Pascal Siakam (37851401),Alperen Sengun (37851332),Stephon Castle (37851463),Kyle Kuzma (37851449),Onyeka Okongwu (37851459),263.2637673611111,347.354709574212,49900,0.02%,0,-99.97%,0,157.95,$-4.0,CHI 2,NYK 1,user30,50,marvalshot,5058,4655040914_30
Jalen Brunson (37851340),Aaron Nesmith (37851609),Franz Wagner (37851369),Giannis Antetokounmpo (37851317),Onyeka Okongwu (37851459),Tre Jones (37851720),Talen Horton-Tucker (37851832),Jalen Smith (37851692),260.79299913194444,356.5745060382428,49800,0.00%,0,-100.0%,0,186.45,$-4.0,CHI 3,NYK 1,user30,50,marvalshot,9768,4655040915_30
Scottie Barnes (37851372),Quentin Grimes (37851476),Franz Wagner (37851369),Pascal Siakam (37851401),Andre Drummond (37851556),Tre Jones (37851720),Max Strus (37851614),Onyeka Okongwu (37851459),263.0505729166666,344.6873748227838,49000,0.01%,0,-99.98%,0,160.37,$-4.0,PHI 2,TOR 1,user38,1,marvalshot,17723,4655040906_38
Jalen Brunson (37851340),Talen Horton-Tucker (37851832),Kyle Kuzma (37851449),Giannis Antetokounmpo (37851317),Onyeka Okongwu (37851459),Tre Jones (37851720),Julius Randle (37851443),Jalen Smith (37851692),274.49947048611114,374.27326643059826,50000,74.73%,0,6.79%,0,198.82999999999998,$0.27,CHI 3,MIL 2,user31,32,marvalshot,17740,4655040907_31
Tre Jones (37851720),Max Strus (37851614),Talen Horton-Tucker (37851832),Josh Hart (37851385),Alperen Sengun (37851332),Jalen Brunson (37851340),Julius Randle (37851443),Onyeka Okongwu (37851459),271.7133203125,357.51119693490114,50000,31.15%,0,-60.25%,0,185.62,$-2.41,CHI 2,NYK 2,user31,49,marvalshot,17750,4655040908_31
Tre Jones (37851720),Aaron Nesmith (37851609),Franz Wagner (37851369),Pascal Siakam (37851401),Julius Randle (37851443),Jalen Brunson (37851340),Matas Buzelis (37851566),Onyeka Okongwu (37851459),257.0915972222222,338.3780030674736,50000,0.00%,0,-100.0%,0,168.09,$-4.0,CHI 2,IND 2,user31,45,marvalshot,6562,4655040909_31
Tre Jones (37851720),Caris LeVert (37851534),Talen Horton-Tucker (37851832),Guerschon Yabusele (37851548),Julius Randle (37851443),Jalen Brunson (37851340),Giannis Antetokounmpo (37851317),Onyeka Okongwu (37851459),271.7525954861111,366.48490961021895,50000,30.64%,0,-61.3%,0,201.92,$-2.45,CHI 2,ATL 2,user31,37,marvalshot,15622,4655040910_31
Tre Jones (37851720),Andrew Nembhard (37851576),Kyle Kuzma (37851449),Paolo Banchero (37851362),Zach Collins (37851479),Talen Horton-Tucker (37851832),Julius Randle (37851443),Giannis Antetokounmpo (37851317),292.63637586805555,382.0928923954447,50000,100.00%,18654,364.78%,0,185.06,$14.59,CHI 3,MIL 2,user31,24,marvalshot,17789,4655040911_31
Tre Jones (37851720),Quentin Grimes (37851476),Kyle Kuzma (37851449),Matas Buzelis (37851566),Andre Drummond (37851556),Julian Champagnie (37851710),Giannis Antetokounmpo (37851317),Jalen Brunson (37851340),276.45259548611114,368.4391452633414,49700,91.08%,0,34.85%,0,174.82999999999998,$1.39,CHI 2,PHI 2,user38,1,marvalshot,17832,4655040912_38
Jalen Brunson (37851340),Ja'Kobe Walter (37851749),Dalen Terry (37851785),Paolo Banchero (37851362),Andre Drummond (37851556),Max Strus (37851614),Matas Buzelis (37851566),Giannis Antetokounmpo (37851317),289.6707248263889,377.90360642759936,49400,100.00%,2946,213.37%,0,168.01999999999998,$8.53,CHI 2,NYK 1,user25,1,marvalshot,17868,4655040913_25
Tre Jones (37851720),Talen Horton-Tucker (37851832),Josh Hart (37851385),Pascal Siakam (37851401),Alperen Sengun (37851332),Stephon Castle (37851463),Kyle Kuzma (37851449),Onyeka Okongwu (37851459),263.2637673611111,347.354709574212,49900,0.02%,0,-99.97%,0,157.95,$-4.0,CHI 2,NYK 1,user31,50,marvalshot,5058,4655040914_31
Jalen Brunson (37851340),Aaron Nesmith (37851609),Franz Wagner (37851369),Giannis Antetokounmpo (37851317),Onyeka Okongwu (37851459),Tre Jones (37851720),Talen Horton-Tucker (37851832),Jalen Smith (37851692),260.79299913194444,356.5745060382428,49800,0.00%,0,-100.0%,0,186.45,$-4.0,CHI 3,NYK 1,user31,50,marvalshot,9768,4655040915_31
Scottie Barnes (37851372),Kelly Oubre Jr. (37851433),Franz Wagner (37851369),Pascal Siakam (37851401),Andre Drummond (37851556),Tre Jones (37851720),Max Strus (37851614),Onyeka Okongwu (37851459),263.2105729166667,343.51737482278384,49400,0.02%,0,-99.98%,0,152.19,$-4.0,PHI 2,TOR 1,user6,1,marvalshot,17689,4655040906_6
Jalen Brunson (37851340),Talen Horton-Tucker (37851832),Kyle Kuzma (37851449),Giannis Antetokounmpo (37851317),Onyeka Okongwu (37851459),Tre Jones (37851720),Julius Randle (37851443),Jalen Smith (37851692),274.49947048611114,374.27326643059826,50000,74.73%,0,6.79%,0,198.82999999999998,$0.27,CHI 3,MIL 2,user32,32,marvalshot,17740,4655040907_32
Tre Jones (37851720),Max Strus (37851614),Talen Horton-Tucker (37851832),Josh Hart (37851385),Alperen Sengun (37851332),Jalen Brunson (37851340),Julius Randle (37851443),Onyeka Okongwu (37851459),271.7133203125,357.51119693490114,50000,31.15%,0,-60.25%,0,185.62,$-2.41,CHI 2,NYK 2,user32,49,marvalshot,17750,4655040908_32
Tre Jones (37851720),Aaron Nesmith (37851609),Franz Wagner (37851369),Pascal Siakam (37851401),Julius Randle (37851443),Jalen Brunson (37851340),Matas Buzelis (37851566),Onyeka Okongwu (37851459),257.0915972222222,338.3780030674736,50000,0.00%,0,-100.0%,0,168.09,$-4.0,CHI 2,IND 2,user32,45,marvalshot,6562,4655040909_32
Tre Jones (37851720),Caris LeVert (37851534),Talen Horton-Tucker (37851832),Guerschon Yabusele (37851548),Julius Randle (37851443),Jalen Brunson (37851340),Giannis Antetokounmpo (37851317),Onyeka Okongwu (37851459),271.7525954861111,366.48490961021895,50000,30.64%,0,-61.3%,0,201.92,$-2.45,CHI 2,ATL 2,user32,37,marvalshot,15622,4655040910_32
Tre Jones (37851720),Andrew Nembhard (37851576),Kyle Kuzma (37851449),Paolo Banchero (37851362),Zach Collins (37851479),Talen Horton-Tucker (37851832),Julius Randle (37851443),Giannis Antetokounmpo (37851317),292.63637586805555,382.0928923954447,50000,100.00%,18654,364.78%,0,185.06,$14.59,CHI 3,MIL 2,user32,24,marvalshot,17789,4655040911_32
Tre Jones (37851720),Keon Johnson (37851530),Kyle Kuzma (37851449),Matas Buzelis (37851566),Andre Drummond (37851556),Ty Jerome (37851543),Giannis Antetokounmpo (37851317),Jalen Brunson (37851340),276.5325954861111,373.90914526334143,50000,90.83%,0,34.78%,0,164.14,$1.39,CHI 2,MIL 2,user22,1,marvalshot,17816,4655040912_22
Jalen Brunson (37851340),Ja'Kobe Walter (37851749),Julian Champagnie (37851710),Paolo Banchero (37851362),Andre Drummond (37851556),Tre Jones (37851720),Matas Buzelis (37851566),Giannis Antetokounmpo (37851317),289.7307248263889,379.79360642759934,49300,100.00%,2573,211.57%,0,186.73999999999998,$8.46,CHI 2,NYK 1,user39,1,marvalshot,17882,4655040913_39
Tre Jones (37851720),Talen Horton-Tucker (37851832),Josh Hart (37851385),Pascal Siakam (37851401),Alperen Sengun (37851332),Stephon Castle (37851463),Kyle Kuzma (37851449),Onyeka Okongwu (37851459),263.2637673611111,347.354709574212,49900,0.02%,0,-99.97%,0,157.95,$-4.0,CHI 2,NYK 1,user32,50,marvalshot,5058,4655040914_32
Jalen Brunson (37851340),Aaron Nesmith (37851609),Franz Wagner (37851369),Giannis Antetokounmpo (37851317),Onyeka Okongwu (37851459),Tre Jones (37851720),Talen Horton-Tucker (37851832),Jalen Smith (37851692),260.79299913194444,356.5745060382428,49800,0.00%,0,-100.0%,0,186.45,$-4.0,CHI 3,NYK 1,user32,50,marvalshot,9768,4655040915_32
Scottie Barnes (37851372),Talen Horton-Tucker (37851832),Franz Wagner (37851369),Pascal Siakam (37851401),Andre Drummond (37851556),Devin Vassell (37851496),Julius Randle (37851443),Onyeka Okongwu (37851459),263.58057291666665,350.0773748227838,50000,0.01%,0,-99.99%,0,176.51,$-4.0,TOR 1,CHI 1,user5,1,marvalshot,17688,4655040906_5
Jalen Brunson (37851340),Talen Horton-Tucker (37851832),Kyle Kuzma (37851449),Giannis Antetokounmpo (37851317),Onyeka Okongwu (37851459),Tre Jones (37851720),Julius Randle (37851443),Jalen Smith (37851692),274.49947048611114,374.27326643059826,50000,74.73%,0,6.79%,0,198.82999999999998,$0.27,CHI 3,MIL 2,user33,32,marvalshot,17740,4655040907_33
Tre Jones (37851720),Max Strus (37851614),Talen Horton-Tucker (37851832),Josh Hart (37851385),Alperen Sengun (37851332),Jalen Brunson (37851340),Julius Randle (37851443),Onyeka Okongwu (37851459),271.7133203125,357.51119693490114,50000,31.15%,0,-60.25%,0,185.62,$-2.41,CHI 2,NYK 2,user33,49,marvalshot,17750,4655040908_33
Tre Jones (37851720),Aaron Nesmith (37851609),Franz Wagner (37851369),Pascal Siakam (37851401),Julius Randle (37851443),Jalen Brunson (37851340),Matas Buzelis (37851566),Onyeka Okongwu (37851459),257.0915972222222,338.3780030674736,50000,0.00%,0,-100.0%,0,168.09,$-4.0,CHI 2,IND 2,user33,45,marvalshot,6562,4655040909_33
Tre Jones (37851720),Caris LeVert (37851534),Talen Horton-Tucker (37851832),Guerschon Yabusele (37851548),Julius Randle (37851443),Jalen Brunson (37851340),Giannis Antetokounmpo (37851317),Onyeka Okongwu (37851459),271.7525954861111,366.48490961021895,50000,30.64%,0,-61.3%,0,201.92,$-2.45,CHI 2,ATL 2,user33,37,marvalshot,15622,4655040910_33
Tre Jones (37851720),Andrew Nembhard (37851576),Kyle Kuzma (37851449),Paolo Banchero (37851362),Zach Collins (37851479),Talen Horton-Tucker (37851832),Julius Randle (37851443),Giannis Antetokounmpo (37851317),292.63637586805555,382.0928923954447,50000,100.00%,18654,364.78%,0,185.06,$14.59,CHI 3,MIL 2,user33,24,marvalshot,17789,4655040911_33
Tre Jones (37851720),Talen Horton-Tucker (37851832),Kyle Kuzma (37851449),Matas Buzelis (37851566),Jarrett Allen (37851461),Devin Vassell (37851496),Giannis Antetokounmpo (37851317),Jalen Brunson (37851340),276.1725954861111,370.3091452633414,49800,90.46%,0,33.37%,0,186.74,$1.33,CHI 3,MIL 2,user32,1,marvalshot,17826,4655040912_32
Jalen Brunson (37851340),Ja'Kobe Walter (37851749),Talen Horton-Tucker (37851832),Paolo Banchero (37851362),Andre Drummond (37851556),Tre Jones (37851720),Max Strus (37851614),Giannis Antetokounmpo (37851317),289.8407248263889,381.4636064275993,48400,100.00%,1909,209.75%,0,212.26,$8.39,CHI 2,NYK 1,user43,1,marvalshot,17886,4655040913_43
Tre Jones (37851720),Talen Horton-Tucker (37851832),Josh Hart (37851385),Pascal Siakam (37851401),Alperen Sengun (37851332),Stephon Castle (37851463),Kyle Kuzma (37851449),Onyeka Okongwu (37851459),263.2637673611111,347.354709574212,49900,0.02%,0,-99.97%,0,157.95,$-4.0,CHI 2,NYK 1,user33,50,marvalshot,5058,4655040914_33
Jalen Brunson (37851340),Aaron Nesmith (37851609),Franz Wagner (37851369),Giannis Antetokounmpo (37851317),Onyeka Okongwu (37851459),Tre Jones (37851720),Talen Horton-Tucker (37851832),Jalen Smith (37851692),260.79299913194444,356.5745060382428,49800,0.00%,0,-100.0%,0,186.45,$-4.0,CHI 3,NYK 1,user33,50,marvalshot,9768,4655040915_33
Scottie Barnes (37851372),Coby White (37851438),Franz Wagner (37851369),Pascal Siakam (37851401),Andre Drummond (37851556),Tre Jones (37851720),Keldon Johnson (37851583),Onyeka Okongwu (37851459),262.69057291666667,347.6273748227838,49700,0.01%,0,-99.99%,0,148.71999999999997,$-4.0,CHI 2,TOR 1,user43,1,marvalshot,17728,4655040906_43
Jalen Brunson (37851340),Talen Horton-Tucker (37851832),Kyle Kuzma (37851449),Giannis Antetokounmpo (37851317),Onyeka Okongwu (37851459),Tre Jones (37851720),Julius Randle (37851443),Jalen Smith (37851692),274.49947048611114,374.27326643059826,50000,74.73%,0,6.79%,0,198.82999999999998,$0.27,CHI 3,MIL 2,user34,32,marvalshot,17740,4655040907_34
Tre Jones (37851720),Max Strus (37851614),Talen Horton-Tucker (37851832),Josh Hart (37851385),Alperen Sengun (37851332),Jalen Brunson (37851340),Julius Randle (37851443),Onyeka Okongwu (37851459),271.7133203125,357.51119693490114,50000,31.15%,0,-60.25%,0,185.62,$-2.41,CHI 2,NYK 2,user34,49,marvalshot,17750,4655040908_34
Tre Jones (37851720),Aaron Nesmith (37851609),Franz Wagner (37851369),Pascal Siakam (37851401),Julius Randle (37851443),Jalen Brunson (37851340),Matas Buzelis (37851566),Onyeka Okongwu (37851459),257.0915972222222,338.3780030674736,50000,0.00%,0,-100.0%,0,168.09,$-4.0,CHI 2,IND 2,user34,45,marvalshot,6562,4655040909_34
Tre Jones (37851720),Caris LeVert (37851534),Talen Horton-Tucker (37851832),Guerschon Yabusele (37851548),Julius Randle (37851443),Jalen Brunson (37851340),Giannis Antetokounmpo (37851317),Onyeka Okongwu (37851459),271.7525954861111,366.48490961021895,50000,30.64%,0,-61.3%,0,201.92,$-2.45,CHI 2,ATL 2,user34,37,marvalshot,15622,4655040910_34
Tre Jones (37851720),Andrew Nembhard (37851576),Kyle Kuzma (37851449),Paolo Banchero (37851362),Zach Collins (37851479),Talen Horton-Tucker (37851832),Julius Randle (37851443),Giannis Antetokounmpo (37851317),292.63637586805555,382.0928923954447,50000,100.00%,18654,364.78%,0,185.06,$14.59,CHI 3,MIL 2,user34,24,marvalshot,17789,4655040911_34
Tre Jones (37851720),Cam Thomas (37851426),Kyle Kuzma (37851449),Guerschon Yabusele (37851548),Andre Drummond (37851556),Talen Horton-Tucker (37851832),Giannis Antetokounmpo (37851317),Jalen Brunson (37851340),276.2025954861111,373.29914526334136,49900,90.40%,0,33.36%,0,187.7,$1.33,CHI 2,MIL 2,user28,1,marvalshot,17822,4655040912_28
Jalen Brunson (37851340),Ja'Kobe Walter (37851749),Dalen Terry (37851785),Paolo Banchero (37851362),Andre Drummond (37851556),Stephon Castle (37851463),Talen Horton-Tucker (37851832),Giannis Antetokounmpo (37851317),289.6207248263889,383.3236064275993,49600,100.00%,2296,207.79%,0,186.42,$8.31,CHI 2,NYK 1,user12,1,marvalshot,17855,4655040913_12
Tre Jones (37851720),Talen Horton-Tucker (37851832),Josh Hart (37851385),Pascal Siakam (37851401),Alperen Sengun (37851332),Stephon Castle (37851463),Kyle Kuzma (37851449),Onyeka Okongwu (37851459),263.2637673611111,347.354709574212,49900,0.02%,0,-99.97%,0,157.95,$-4.0,CHI 2,NYK 1,user34,50,marvalshot,5058,4655040914_34
Jalen Brunson (37851340),Aaron Nesmith (37851609),Franz Wagner (37851369),Giannis Antetokounmpo (37851317),Onyeka Okongwu (37851459),Tre Jones (37851720),Talen Horton-Tucker (37851832),Jalen Smith (37851692),260.79299913194444,356.5745060382428,49800,0.00%,0,-100.0%,0,186.45,$-4.0,CHI 3,NYK 1,user34,50,marvalshot,9768,4655040915_34
Scottie Barnes (37851372),Donte DiVincenzo (37851505),Franz Wagner (37851369),Pascal Siakam (37851401),Andre Drummond (37851556),Talen Horton-Tucker (37851832),Coby White (37851438),Onyeka Okongwu (37851459),262.5705729166666,347.49737482278374,50000,0.01%,0,-99.99%,0,149.5,$-4.0,CHI 2,TOR 1,user7,1,marvalshot,17690,4655040906_7
Jalen Brunson (37851340),Talen Horton-Tucker (37851832),Kyle Kuzma (37851449),Giannis Antetokounmpo (37851317),Onyeka Okongwu (37851459),Tre Jones (37851720),Julius Randle (37851443),Jalen Smith (37851692),274.49947048611114,374.27326643059826,50000,74.73%,0,6.79%,0,198.82999999999998,$0.27,CHI 3,MIL 2,user35,32,marvalshot,17740,4655040907_35
Tre Jones (37851720),Max Strus (37851614),Talen Horton-Tucker (37851832),Josh Hart (37851385),Alperen Sengun (37851332),Jalen Brunson (37851340),Julius Randle (37851443),Onyeka Okongwu (37851459),271.7133203125,357.51119693490114,50000,31.15%,0,-60.25%,0,185.62,$-2.41,CHI 2,NYK 2,user35,49,marvalshot,17750,4655040908_35
Tre Jones (37851720),Aaron Nesmith (37851609),Franz Wagner (37851369),Pascal Siakam (37851401),Julius Randle (37851443),Jalen Brunson (37851340),Matas Buzelis (37851566),Onyeka Okongwu (37851459),257.0915972222222,338.3780030674736,50000,0.00%,0,-100.0%,0,168.09,$-4.0,CHI 2,IND 2,user35,45,marvalshot,6562,4655040909_35
Tre Jones (37851720),Caris LeVert (37851534),Talen Horton-Tucker (37851832),Guerschon Yabusele (37851548),Julius Randle (37851443),Jalen Brunson (37851340),Giannis Antetokounmpo (37851317),Onyeka Okongwu (37851459),271.7525954861111,366.48490961021895,50000,30.64%,0,-61.3%,0,201.92,$-2.45,CHI 2,ATL 2,user35,37,marvalshot,15622,4655040910_35
Tre Jones (37851720),Andrew Nembhard (37851576),Kyle Kuzma (37851449),Paolo Banchero (37851362),Zach Collins (37851479),Talen Horton-Tucker (37851832),Julius Randle (37851443),Giannis Antetokounmpo (37851317),292.63637586805555,382.0928923954447,50000,100.00%,18654,364.78%,0,185.06,$14.59,CHI 3,MIL 2,user35,24,marvalshot,17789,4655040911_35
Tre Jones (37851720),Kelly Oubre Jr. (37851433),Kyle Kuzma (37851449),Dalen Terry (37851785),Andre Drummond (37851556),Ty Jerome (37851543),Giannis Antetokounmpo (37851317),Jalen Brunson (37851340),276.3025954861111,370.98914526334136,50000,89.24%,0,31.98%,0,151.59,$1.28,CHI 2,PHI 2,user48,1,marvalshot,17842,4655040912_48
Jalen Brunson (37851340),Ja'Kobe Walter (37851749),Max Strus (37851614),Paolo Banchero (37851362),Andre Drummond (37851556),Talen Horton-Tucker (37851832),De'Andre Hunter (37851523),Giannis Antetokounmpo (37851317),289.4907248263889,380.8536064275993,49800,100.00%,1994,202.59%,0,185.64,$8.1,CLE 2,NYK 1,user,1,marvalshot,2938,4655040913
Tre Jones (37851720),Talen Horton-Tucker (37851832),Josh Hart (37851385),Pascal Siakam (37851401),Alperen Sengun (37851332),Stephon Castle (37851463),Kyle Kuzma (37851449),Onyeka Okongwu (37851459),263.2637673611111,347.354709574212,49900,0.02%,0,-99.97%,0,157.95,$-4.0,CHI 2,NYK 1,user35,50,marvalshot,5058,4655040914_35
Jalen Brunson (37851340),Aaron Nesmith (37851609),Franz Wagner (37851369),Giannis Antetokounmpo (37851317),Onyeka Okongwu (37851459),Tre Jones (37851720),Talen Horton-Tucker (37851832),Jalen Smith (37851692),260.79299913194444,356.5745060382428,49800,0.00%,0,-100.0%,0,186.45,$-4.0,CHI 3,NYK 1,user35,50,marvalshot,9768,4655040915_35
Scottie Barnes (37851372),Talen Horton-Tucker (37851832),Franz Wagner (37851369),Pascal Siakam (37851401),Andre Drummond (37851556),Stephon Castle (37851463),Guerschon Yabusele (37851548),Onyeka Okongwu (37851459),262.14057291666666,346.85737482278375,49100,0.01%,0,-99.99%,0,164.99,$-4.0,PHI 2,TOR 1,user9,1,marvalshot,17692,4655040906_9
Jalen Brunson (37851340),Talen Horton-Tucker (37851832),Kyle Kuzma (37851449),Giannis Antetokounmpo (37851317),Onyeka Okongwu (37851459),Tre Jones (37851720),Julius Randle (37851443),Jalen Smith (37851692),274.49947048611114,374.27326643059826,50000,74.73%,0,6.79%,0,198.82999999999998,$0.27,CHI 3,MIL 2,user36,32,marvalshot,17740,4655040907_36
Tre Jones (37851720),Max Strus (37851614),Talen Horton-Tucker (37851832),Josh Hart (37851385),Alperen Sengun (37851332),Jalen Brunson (37851340),Julius Randle (37851443),Onyeka Okongwu (37851459),271.7133203125,357.51119693490114,50000,31.15%,0,-60.25%,0,185.62,$-2.41,CHI 2,NYK 2,user36,49,marvalshot,17750,4655040908_36
Tre Jones (37851720),Aaron Nesmith (37851609),Franz Wagner (37851369),Pascal Siakam (37851401),Julius Randle (37851443),Jalen Brunson (37851340),Matas Buzelis (37851566),Onyeka Okongwu (37851459),257.0915972222222,338.3780030674736,50000,0.00%,0,-100.0%,0,168.09,$-4.0,CHI 2,IND 2,user36,45,marvalshot,6562,4655040909_36
Tre Jones (37851720),Caris LeVert (37851534),Talen Horton-Tucker (37851832),Guerschon Yabusele (37851548),Julius Randle (37851443),Jalen Brunson (37851340),Giannis Antetokounmpo (37851317),Onyeka Okongwu (37851459),271.7525954861111,366.48490961021895,50000,30.64%,0,-61.3%,0,201.92,$-2.45,CHI 2,ATL 2,user36,37,marvalshot,15622,4655040910_36
Tre Jones (37851720),Andrew Nembhard (37851576),Kyle Kuzma (37851449),Paolo Banchero (37851362),Zach Collins (37851479),Talen Horton-Tucker (37851832),Julius Randle (37851443),Giannis Antetokounmpo (37851317),292.63637586805555,382.0928923954447,50000,100.00%,18654,364.78%,0,185.06,$14.59,CHI 3,MIL 2,user36,24,marvalshot,17789,4655040911_36
Stephon Castle (37851463),Tyrese Martin (37851717),Kyle Kuzma (37851449),Matas Buzelis (37851566),Andre Drummond (37851556),Tre Jones (37851720),Giannis Antetokounmpo (37851317),Jalen Brunson (37851340),276.1725954861111,370.5591452633414,49700,89.25%,0,31.47%,0,173.76999999999998,$1.26,MIL 2,CHI 2,user23,1,marvalshot,17817,4655040912_23
Jalen Brunson (37851340),Ja'Kobe Walter (37851749),Dalen Terry (37851785),Paolo Banchero (37851362),Andre Drummond (37851556),Tre Jones (37851720),Jeremy Sochan (37851514),Giannis Antetokounmpo (37851317),289.4107248263889,381.4636064275993,49600,100.00%,2191,201.93%,0,170.82,$8.08,CHI 2,NYK 1,user29,1,marvalshot,17872,4655040913_29
Tre Jones (37851720),Talen Horton-Tucker (37851832),Josh Hart (37851385),Pascal Siakam (37851401),Alperen Sengun (37851332),Stephon Castle (37851463),Kyle Kuzma (37851449),Onyeka Okongwu (37851459),263.2637673611111,347.354709574212,49900,0.02%,0,-99.97%,0,157.95,$-4.0,CHI 2,NYK 1,user36,50,marvalshot,5058,4655040914_36
Jalen Brunson (37851340),Aaron Nesmith (37851609),Franz Wagner (37851369),Giannis Antetokounmpo (37851317),Onyeka Okongwu (37851459),Tre Jones (37851720),Talen Horton-Tucker (37851832),Jalen Smith (37851692),260.79299913194444,356.5745060382428,49800,0.00%,0,-100.0%,0,186.45,$-4.0,CHI 3,NYK 1,user36,50,marvalshot,9768,4655040915_36
Scottie Barnes (37851372),Coby White (37851438),Franz Wagner (37851369),Pascal Siakam (37851401),Andre Drummond (37851556),Tre Jones (37851720),Ziaire Williams (37851558),Onyeka Okongwu (37851459),263.15057291666665,346.8173748227838,50000,0.02%,0,-99.99%,0,144.51999999999998,$-4.0,CHI 2,TOR 1,user29,1,marvalshot,17714,4655040906_29
Jalen Brunson (37851340),Talen Horton-Tucker (37851832),Kyle Kuzma (37851449),Giannis Antetokounmpo (37851317),Onyeka Okongwu (37851459),Tre Jones (37851720),Julius Randle (37851443),Jalen Smith (37851692),274.49947048611114,374.27326643059826,50000,74.73%,0,6.79%,0,198.82999999999998,$0.27,CHI 3,MIL 2,user37,32,marvalshot,17740,4655040907_37
Tre Jones (37851720),Max Strus (37851614),Talen Horton-Tucker (37851832),Josh Hart (37851385),Alperen Sengun (37851332),Jalen Brunson (37851340),Julius Randle (37851443),Onyeka Okongwu (37851459),271.7133203125,357.51119693490114,50000,31.15%,0,-60.25%,0,185.62,$-2.41,CHI 2,NYK 2,user37,49,marvalshot,17750,4655040908_37
Tre Jones (37851720),Aaron Nesmith (37851609),Franz Wagner (37851369),Pascal Siakam (37851401),Julius Randle (37851443),Jalen Brunson (37851340),Matas Buzelis (37851566),Onyeka Okongwu (37851459),257.0915972222222,338.3780030674736,50000,0.00%,0,-100.0%,0,168.09,$-4.0,CHI 2,IND 2,user37,45,marvalshot,6562,4655040909_37
Tre Jones (37851720),Caris LeVert (37851534),Talen Horton-Tucker (37851832),Guerschon Yabusele (37851548),Julius Randle (37851443),Jalen Brunson (37851340),Giannis Antetokounmpo (37851317),Onyeka Okongwu (37851459),271.7525954861111,366.48490961021895,50000,30.64%,0,-61.3%,0,201.92,$-2.45,CHI 2,ATL 2,user37,37,marvalshot,15622,4655040910_37
Tre Jones (37851720),Andrew Nembhard (37851576),Kyle Kuzma (37851449),Paolo Banchero (37851362),Zach Collins (37851479),Talen Horton-Tucker (37851832),Julius Randle (37851443),Giannis Antetokounmpo (37851317),292.63637586805555,382.0928923954447,50000,100.00%,18654,364.78%,0,185.06,$14.59,CHI 3,MIL 2,user37,24,marvalshot,17789,4655040911_37
Darius Garland (37851392),Talen Horton-Tucker (37851832),Kyle Kuzma (37851449),Matas Buzelis (37851566),Jalen Smith (37851692),Tre Jones (37851720),Giannis Antetokounmpo (37851317),Jalen Brunson (37851340),275.9225954861111,374.0891452633414,49500,89.09%,0,30.96%,0,188.01,$1.24,CHI 4,MIL 2,user12,1,marvalshot,17806,4655040912_12
Jalen Brunson (37851340),Ja'Kobe Walter (37851749),Dalen Terry (37851785),Paolo Banchero (37851362),Zach Collins (37851479),Tre Jones (37851720),Matas Buzelis (37851566),Giannis Antetokounmpo (37851317),289.3507248263889,376.74360642759933,49800,100.00%,2450,201.7%,0,153.98999999999998,$8.07,CHI 4,NYK 1,user3,1,marvalshot,17846,4655040913_3
Tre Jones (37851720),Talen Horton-Tucker (37851832),Josh Hart (37851385),Pascal Siakam (37851401),Alperen Sengun (37851332),Stephon Castle (37851463),Kyle Kuzma (37851449),Onyeka Okongwu (37851459),263.2637673611111,347.354709574212,49900,0.02%,0,-99.97%,0,157.95,$-4.0,CHI 2,NYK 1,user37,50,marvalshot,5058,4655040914_37
Jalen Brunson (37851340),Aaron Nesmith (37851609),Franz Wagner (37851369),Giannis Antetokounmpo (37851317),Onyeka Okongwu (37851459),Tre Jones (37851720),Talen Horton-Tucker (37851832),Jalen Smith (37851692),260.79299913194444,356.5745060382428,49800,0.00%,0,-100.0%,0,186.45,$-4.0,CHI 3,NYK 1,user37,50,marvalshot,9768,4655040915_37
Scottie Barnes (37851372),Donte DiVincenzo (37851505),Franz Wagner (37851369),Pascal Siakam (37851401),Andre Drummond (37851556),Tre Jones (37851720),Devin Vassell (37851496),Onyeka Okongwu (37851459),262.7405729166667,346.4173748227838,49600,0.01%,0,-99.99%,0,146.06,$-4.0,TOR 1,MIN 1,user14,1,marvalshot,17698,4655040906_14
Jalen Brunson (37851340),Talen Horton-Tucker (37851832),Kyle Kuzma (37851449),Giannis Antetokounmpo (37851317),Onyeka Okongwu (37851459),Tre Jones (37851720),Julius Randle (37851443),Jalen Smith (37851692),274.49947048611114,374.27326643059826,50000,74.73%,0,6.79%,0,198.82999999999998,$0.27,CHI 3,MIL 2,user38,32,marvalshot,17740,4655040907_38
Tre Jones (37851720),Max Strus (37851614),Talen Horton-Tucker (37851832),Josh Hart (37851385),Alperen Sengun (37851332),Jalen Brunson (37851340),Julius Randle (37851443),Onyeka Okongwu (37851459),271.7133203125,357.51119693490114,50000,31.15%,0,-60.25%,0,185.62,$-2.41,CHI 2,NYK 2,user38,49,marvalshot,17750,4655040908_38
Tre Jones (37851720),Aaron Nesmith (37851609),Franz Wagner (37851369),Pascal Siakam (37851401),Julius Randle (37851443),Jalen Brunson (37851340),Matas Buzelis (37851566),Onyeka Okongwu (37851459),257.0915972222222,338.3780030674736,50000,0.00%,0,-100.0%,0,168.09,$-4.0,CHI 2,IND 2,user38,45,marvalshot,6562,4655040909_38
Tre Jones (37851720),Caris LeVert (37851534),Talen Horton-Tucker (37851832),Guerschon Yabusele (37851548),Julius Randle (37851443),Jalen Brunson (37851340),Giannis Antetokounmpo (37851317),Onyeka Okongwu (37851459),271.7525954861111,366.48490961021895,50000,30.64%,0,-61.3%,0,201.92,$-2.45,CHI 2,ATL 2,user38,37,marvalshot,15622,4655040910_38
Tre Jones (37851720),Andrew Nembhard (37851576),Kyle Kuzma (37851449),Paolo Banchero (37851362),Zach Collins (37851479),Talen Horton-Tucker (37851832),Julius Randle (37851443),Giannis Antetokounmpo (37851317),292.63637586805555,382.0928923954447,50000,100.00%,18654,364.78%,0,185.06,$14.59,CHI 3,MIL 2,user38,24,marvalshot,17789,4655040911_38
Jevon Carter (37851843),Max Strus (37851614),Kyle Kuzma (37851449),Guerschon Yabusele (37851548),Andre Drummond (37851556),Quentin Grimes (37851476),Giannis Antetokounmpo (37851317),Jalen Brunson (37851340),275.9425954861111,365.6891452633414,49900,88.30%,0,29.49%,0,180.84,$1.18,PHI 3,MIL 2,user45,1,marvalshot,17839,4655040912_45
Jalen Brunson (37851340),Ja'Kobe Walter (37851749),Dalen Terry (37851785),Paolo Banchero (37851362),Andre Drummond (37851556),Jevon Carter (37851843),Julius Randle (37851443),Giannis Antetokounmpo (37851317),289.3607248263889,381.5136064275993,49900,100.00%,2195,201.03%,0,201.82999999999998,$8.04,CHI 2,NYK 1,user5,1,marvalshot,17848,4655040913_5
Tre Jones (37851720),Talen Horton-Tucker (37851832),Josh Hart (37851385),Pascal Siakam (37851401),Alperen Sengun (37851332),Stephon Castle (37851463),Kyle Kuzma (37851449),Onyeka Okongwu (37851459),263.2637673611111,347.354709574212,49900,0.02%,0,-99.97%,0,157.95,$-4.0,CHI 2,NYK 1,user38,50,marvalshot,5058,4655040914_38
Jalen Brunson (37851340),Aaron Nesmith (37851609),Franz Wagner (37851369),Giannis Antetokounmpo (37851317),Onyeka Okongwu (37851459),Tre Jones (37851720),Talen Horton-Tucker (37851832),Jalen Smith (37851692),260.79299913194444,356.5745060382428,49800,0.00%,0,-100.0%,0,186.45,$-4.0,CHI 3,NYK 1,user38,50,marvalshot,9768,4655040915_38
Scottie Barnes (37851372),Devin Vassell (37851496),Franz Wagner (37851369),Pascal Siakam (37851401),Jarrett Allen (37851461),Tre Jones (37851720),Matas Buzelis (37851566),Onyeka Okongwu (37851459),262.66057291666664,344.8873748227838,50000,0.01%,0,-99.99%,0,146.76,$-4.0,CHI 2,TOR 1,user3,1,marvalshot,17685,4655040906_3
Jalen Brunson (37851340),Talen Horton-Tucker (37851832),Kyle Kuzma (37851449),Giannis Antetokounmpo (37851317),Onyeka Okongwu (37851459),Tre Jones (37851720),Julius Randle (37851443),Jalen Smith (37851692),274.49947048611114,374.27326643059826,50000,74.73%,0,6.79%,0,198.82999999999998,$0.27,CHI 3,MIL 2,user39,32,marvalshot,17740,4655040907_39
Tre Jones (37851720),Max Strus (37851614),Talen Horton-Tucker (37851832),Josh Hart (37851385),Alperen Sengun (37851332),Jalen Brunson (37851340),Julius Randle (37851443),Onyeka Okongwu (37851459),271.7133203125,357.51119693490114,50000,31.15%,0,-60.25%,0,185.62,$-2.41,CHI 2,NYK 2,user39,49,marvalshot,17750,4655040908_39
Tre Jones (37851720),Aaron Nesmith (37851609),Franz Wagner (37851369),Pascal Siakam (37851401),Julius Randle (37851443),Jalen Brunson (37851340),Matas Buzelis (37851566),Onyeka Okongwu (37851459),257.0915972222222,338.3780030674736,50000,0.00%,0,-100.0%,0,168.09,$-4.0,CHI 2,IND 2,user39,45,marvalshot,6562,4655040909_39
Tre Jones (37851720),Caris LeVert (37851534),Talen Horton-Tucker (37851832),Guerschon Yabusele (37851548),Julius Randle (37851443),Jalen Brunson (37851340),Giannis Antetokounmpo (37851317),Onyeka Okongwu (37851459),271.7525954861111,366.48490961021895,50000,30.64%,0,-61.3%,0,201.92,$-2.45,CHI 2,ATL 2,user39,37,marvalshot,15622,4655040910_39
Tre Jones (37851720),Andrew Nembhard (37851576),Kyle Kuzma (37851449),Paolo Banchero (37851362),Zach Collins (37851479),Talen Horton-Tucker (37851832),Julius Randle (37851443),Giannis Antetokounmpo (37851317),292.63637586805555,382.0928923954447,50000,100.00%,18654,364.78%,0,185.06,$14.59,CHI 3,MIL 2,user39,24,marvalshot,17789,4655040911_39
Tre Jones (37851720),Jevon Carter (37851843),Kyle Kuzma (37851449),Matas Buzelis (37851566),Zach Collins (37851479),Stephon Castle (37851463),Giannis Antetokounmpo (37851317),Jalen Brunson (37851340),275.8825954861111,368.80914526334135,50000,88.21%,0,29.19%,0,175.41,$1.17,CHI 4,MIL 2,user3,1,marvalshot,17797,4655040912_3
Jalen Brunson (37851340),Ja'Kobe Walter (37851749),Talen Horton-Tucker (37851832),Paolo Banchero (37851362),Jarrett Allen (37851461),Tre Jones (37851720),Max Strus (37851614),Giannis Antetokounmpo (37851317),289.3407248263889,380.3336064275993,49600,100.00%,1701,196.68%,0,197.64,$7.87,CHI 2,CLE 2,user6,1,marvalshot,17849,4655040913_6
Tre Jones (37851720),Talen Horton-Tucker (37851832),Josh Hart (37851385),Pascal Siakam (37851401),Alperen Sengun (37851332),Stephon Castle (37851463),Kyle Kuzma (37851449),Onyeka Okongwu (37851459),263.2637673611111,347.354709574212,49900,0.02%,0,-99.97%,0,157.95,$-4.0,CHI 2,NYK 1,user39,50,marvalshot,5058,4655040914_39
Jalen Brunson (37851340),Aaron Nesmith (37851609),Franz Wagner (37851369),Giannis Antetokounmpo (37851317),Onyeka Okongwu (37851459),Tre Jones (37851720),Talen Horton-Tucker (37851832),Jalen Smith (37851692),260.79299913194444,356.5745060382428,49800,0.00%,0,-100.0%,0,186.45,$-4.0,CHI 3,NYK 1,user39,50,marvalshot,9768,4655040915_39
Scottie Barnes (37851372),Donte DiVincenzo (37851505),Franz Wagner (37851369),Pascal Siakam (37851401),Jarrett Allen (37851461),Tre Jones (37851720),Matas Buzelis (37851566),Onyeka Okongwu (37851459),262.38057291666667,344.7573748227838,49900,0.01%,0,-99.99%,0,142.25,$-4.0,CHI 2,TOR 1,user16,1,marvalshot,17700,4655040906_16
Jalen Brunson (37851340),Talen Horton-Tucker (37851832),Kyle Kuzma (37851449),Giannis Antetokounmpo (37851317),Onyeka Okongwu (37851459),Tre Jones (37851720),Julius Randle (37851443),Jalen Smith (37851692),274.49947048611114,374.27326643059826,50000,74.73%,0,6.79%,0,198.82999999999998,$0.27,CHI 3,MIL 2,user40,32,marvalshot,17740,4655040907_40
Tre Jones (37851720),Max Strus (37851614),Talen Horton-Tucker (37851832),Josh Hart (37851385),Alperen Sengun (37851332),Jalen Brunson (37851340),Julius Randle (37851443),Onyeka Okongwu (37851459),271.7133203125,357.51119693490114,50000,31.15%,0,-60.25%,0,185.62,$-2.41,CHI 2,NYK 2,user40,49,marvalshot,17750,4655040908_40
Tre Jones (37851720),Aaron Nesmith (37851609),Franz Wagner (37851369),Pascal Siakam (37851401),Julius Randle (37851443),Jalen Brunson (37851340),Matas Buzelis (37851566),Onyeka Okongwu (37851459),257.0915972222222,338.3780030674736,50000,0.00%,0,-100.0%,0,168.09,$-4.0,CHI 2,IND 2,user40,45,marvalshot,6562,4655040909_40
Tre Jones (37851720),Caris LeVert (37851534),Talen Horton-Tucker (37851832),Guerschon Yabusele (37851548),Julius Randle (37851443),Jalen Brunson (37851340),Giannis Antetokounmpo (37851317),Onyeka Okongwu (37851459),271.7525954861111,366.48490961021895,50000,30.64%,0,-61.3%,0,201.92,$-2.45,CHI 2,ATL 2,user40,37,marvalshot,15622,4655040910_40
Tre Jones (37851720),Andrew Nembhard (37851576),Kyle Kuzma (37851449),Paolo Banchero (37851362),Zach Collins (37851479),Talen Horton-Tucker (37851832),Julius Randle (37851443),Giannis Antetokounmpo (37851317),292.63637586805555,382.0928923954447,50000,100.00%,18654,364.78%,0,185.06,$14.59,CHI 3,MIL 2,user40,24,marvalshot,17789,4655040911_40
Donte DiVincenzo (37851505),Talen Horton-Tucker (37851832),Kyle Kuzma (37851449),Matas Buzelis (37851566),Jarrett Allen (37851461),Tre Jones (37851720),Giannis Antetokounmpo (37851317),Jalen Brunson (37851340),275.89259548611113,370.1791452633414,49700,87.99%,0,29.16%,0,182.23000000000002,$1.17,CHI 3,MIL 2,user25,1,marvalshot,17819,4655040912_25
Jalen Brunson (37851340),Ja'Kobe Walter (37851749),Max Strus (37851614),Paolo Banchero (37851362),Andre Drummond (37851556),Jevon Carter (37851843),Guerschon Yabusele (37851548),Giannis Antetokounmpo (37851317),289.22072482638885,377.0436064275993,49500,100.00%,1755,195.91%,0,192.75,$7.84,PHI 2,NYK 1,user33,1,marvalshot,17876,4655040913_33
Tre Jones (37851720),Talen Horton-Tucker (37851832),Josh Hart (37851385),Pascal Siakam (37851401),Alperen Sengun (37851332),Stephon Castle (37851463),Kyle Kuzma (37851449),Onyeka Okongwu (37851459),263.2637673611111,347.354709574212,49900,0.02%,0,-99.97%,0,157.95,$-4.0,CHI 2,NYK 1,user40,50,marvalshot,5058,4655040914_40
Jalen Brunson (37851340),Aaron Nesmith (37851609),Franz Wagner (37851369),Giannis Antetokounmpo (37851317),Onyeka Okongwu (37851459),Tre Jones (37851720),Talen Horton-Tucker (37851832),Jalen Smith (37851692),260.79299913194444,356.5745060382428,49800,0.00%,0,-100.0%,0,186.45,$-4.0,CHI 3,NYK 1,user40,50,marvalshot,9768,4655040915_40
Scottie Barnes (37851372),Coby White (37851438),Franz Wagner (37851369),Pascal Siakam (37851401),Guerschon Yabusele (37851548),Tre Jones (37851720),Matas Buzelis (37851566),Onyeka Okongwu (37851459),262.3605729166667,339.7173748227838,49900,0.00%,0,-99.99%,0,134.57999999999998,$-4.0,CHI 3,TOR 1,user13,1,marvalshot,17697,4655040906_13
Jalen Brunson (37851340),Talen Horton-Tucker (37851832),Kyle Kuzma (37851449),Giannis Antetokounmpo (37851317),Onyeka Okongwu (37851459),Tre Jones (37851720),Julius Randle (37851443),Jalen Smith (37851692),274.49947048611114,374.27326643059826,50000,74.73%,0,6.79%,0,198.82999999999998,$0.27,CHI 3,MIL 2,user41,32,marvalshot,17740,4655040907_41
Tre Jones (37851720),Max Strus (37851614),Talen Horton-Tucker (37851832),Josh Hart (37851385),Alperen Sengun (37851332),Jalen Brunson (37851340),Julius Randle (37851443),Onyeka Okongwu (37851459),271.7133203125,357.51119693490114,50000,31.15%,0,-60.25%,0,185.62,$-2.41,CHI 2,NYK 2,user41,49,marvalshot,17750,4655040908_41
Tre Jones (37851720),Aaron Nesmith (37851609),Franz Wagner (37851369),Pascal Siakam (37851401),Julius Randle (37851443),Jalen Brunson (37851340),Matas Buzelis (37851566),Onyeka Okongwu (37851459),257.0915972222222,338.3780030674736,50000,0.00%,0,-100.0%,0,168.09,$-4.0,CHI 2,IND 2,user41,45,marvalshot,6562,4655040909_41
Tre Jones (37851720),Caris LeVert (37851534),Talen Horton-Tucker (37851832),Guerschon Yabusele (37851548),Julius Randle (37851443),Jalen Brunson (37851340),Giannis Antetokounmpo (37851317),Onyeka Okongwu (37851459),271.7525954861111,366.48490961021895,50000,30.64%,0,-61.3%,0,201.92,$-2.45,CHI 2,ATL 2,user41,37,marvalshot,15622,4655040910_41
Tre Jones (37851720),Andrew Nembhard (37851576),Kyle Kuzma (37851449),Paolo Banchero (37851362),Zach Collins (37851479),Talen Horton-Tucker (37851832),Julius Randle (37851443),Giannis Antetokounmpo (37851317),292.63637586805555,382.0928923954447,50000,100.00%,18654,364.78%,0,185.06,$14.59,CHI 3,MIL 2,user41,24,marvalshot,17789,4655040911_41
Tre Jones (37851720),Donovan Mitchell (37851343),Kyle Kuzma (37851449),Ricky Council IV (37852093),Andre Drummond (37851556),Talen Horton-Tucker (37851832),Giannis Antetokounmpo (37851317),Jalen Brunson (37851340),275.8125954861111,376.2091452633414,50000,87.90%,0,28.78%,0,190.95,$1.15,CHI 2,MIL 2,user2,1,marvalshot,17796,4655040912_2
Jalen Brunson (37851340),Ja'Kobe Walter (37851749),Ziaire Williams (37851558),Paolo Banchero (37851362),Andre Drummond (37851556),Talen Horton-Tucker (37851832),Guerschon Yabusele (37851548),Giannis Antetokounmpo (37851317),289.1907248263889,379.37360642759927,50000,100.00%,1574,193.23%,0,182.25,$7.73,PHI 2,NYK 1,user7,1,marvalshot,17850,4655040913_7
Tre Jones (37851720),Talen Horton-Tucker (37851832),Josh Hart (37851385),Pascal Siakam (37851401),Alperen Sengun (37851332),Stephon Castle (37851463),Kyle Kuzma (37851449),Onyeka Okongwu (37851459),263.2637673611111,347.354709574212,49900,0.02%,0,-99.97%,0,157.95,$-4.0,CHI 2,NYK 1,user41,50,marvalshot,5058,4655040914_41
Jalen Brunson (37851340),Aaron Nesmith (37851609),Franz Wagner (37851369),Giannis Antetokounmpo (37851317),Onyeka Okongwu (37851459),Tre Jones (37851720),Talen Horton-Tucker (37851832),Jalen Smith (37851692),260.79299913194444,356.5745060382428,49800,0.00%,0,-100.0%,0,186.45,$-4.0,CHI 3,NYK 1,user41,50,marvalshot,9768,4655040915_41
Scottie Barnes (37851372),Donovan Mitchell (37851343),Franz Wagner (37851369),Pascal Siakam (37851401),Andre Drummond (37851556),Jevon Carter (37851843),Talen Horton-Tucker (37851832),Onyeka Okongwu (37851459),262.50057291666667,352.76737482278384,49800,0.00%,0,-100.0%,0,189.33999999999997,$-4.0,CHI 2,TOR 1,user18,1,marvalshot,17702,4655040906_18
Jalen Brunson (37851340),Talen Horton-Tucker (37851832),Kyle Kuzma (37851449),Giannis Antetokounmpo (37851317),Onyeka Okongwu (37851459),Tre Jones (37851720),Julius Randle (37851443),Jalen Smith (37851692),274.49947048611114,374.27326643059826,50000,74.73%,0,6.79%,0,198.82999999999998,$0.27,CHI 3,MIL 2,user42,32,marvalshot,17740,4655040907_42
Tre Jones (37851720),Max Strus (37851614),Talen Horton-Tucker (37851832),Josh Hart (37851385),Alperen Sengun (37851332),Jalen Brunson (37851340),Julius Randle (37851443),Onyeka Okongwu (37851459),271.7133203125,357.51119693490114,50000,31.15%,0,-60.25%,0,185.62,$-2.41,CHI 2,NYK 2,user42,49,marvalshot,17750,4655040908_42
Tre Jones (37851720),Aaron Nesmith (37851609),Franz Wagner (37851369),Pascal Siakam (37851401),Julius Randle (37851443),Jalen Brunson (37851340),Matas Buzelis (37851566),Onyeka Okongwu (37851459),257.0915972222222,338.3780030674736,50000,0.00%,0,-100.0%,0,168.09,$-4.0,CHI 2,IND 2,user42,45,marvalshot,6562,4655040909_42
Tre Jones (37851720),Caris LeVert (37851534),Talen Horton-Tucker (37851832),Guerschon Yabusele (37851548),Julius Randle (37851443),Jalen Brunson (37851340),Giannis Antetokounmpo (37851317),Onyeka Okongwu (37851459),271.7525954861111,366.48490961021895,50000,30.64%,0,-61.3%,0,201.92,$-2.45,CHI 2,ATL 2,user42,37,marvalshot,15622,4655040910_42
Tre Jones (37851720),Andrew Nembhard (37851576),Kyle Kuzma (37851449),Paolo Banchero (37851362),Zach Collins (37851479),Talen Horton-Tucker (37851832),Julius Randle (37851443),Giannis Antetokounmpo (37851317),292.63637586805555,382.0928923954447,50000,100.00%,18654,364.78%,0,185.06,$14.59,CHI 3,MIL 2,user42,24,marvalshot,17789,4655040911_42
Tre Jones (37851720),Talen Horton-Tucker (37851832),Kyle Kuzma (37851449),Dean Wade (37851816),Andre Drummond (37851556),Darius Garland (37851392),Giannis Antetokounmpo (37851317),Jalen Brunson (37851340),275.8125954861111,373.0691452633414,49200,87.74%,0,28.41%,0,199.76999999999998,$1.14,CHI 2,MIL 2,user35,1,marvalshot,17829,4655040912_35
Jalen Brunson (37851340),Ja'Kobe Walter (37851749),Talen Horton-Tucker (37851832),Paolo Banchero (37851362),Andre Drummond (37851556),Keon Johnson (37851530),Matas Buzelis (37851566),Giannis Antetokounmpo (37851317),288.8907248263889,381.01360642759937,49900,100.00%,1121,183.7%,0,189.04999999999998,$7.35,CHI 2,NYK 1,user11,1,marvalshot,17854,4655040913_11
Tre Jones (37851720),Talen Horton-Tucker (37851832),Josh Hart (37851385),Pascal Siakam (37851401),Alperen Sengun (37851332),Stephon Castle (37851463),Kyle Kuzma (37851449),Onyeka Okongwu (37851459),263.2637673611111,347.354709574212,49900,0.02%,0,-99.97%,0,157.95,$-4.0,CHI 2,NYK 1,user42,50,marvalshot,5058,4655040914_42
Jalen Brunson (37851340),Aaron Nesmith (37851609),Franz Wagner (37851369),Giannis Antetokounmpo (37851317),Onyeka Okongwu (37851459),Tre Jones (37851720),Talen Horton-Tucker (37851832),Jalen Smith (37851692),260.79299913194444,356.5745060382428,49800,0.00%,0,-100.0%,0,186.45,$-4.0,CHI 3,NYK 1,user42,50,marvalshot,9768,4655040915_42
Scottie Barnes (37851372),Talen Horton-Tucker (37851832),Franz Wagner (37851369),Pascal Siakam (37851401),Andre Drummond (37851556),Tre Jones (37851720),Julius Randle (37851443),Onyeka Okongwu (37851459),262.50057291666667,349.4673748227838,48300,0.00%,0,-100.0%,0,199.91,$-4.0,CHI 2,TOR 1,user44,1,marvalshot,17729,4655040906_44
Jalen Brunson (37851340),Talen Horton-Tucker (37851832),Kyle Kuzma (37851449),Giannis Antetokounmpo (37851317),Onyeka Okongwu (37851459),Tre Jones (37851720),Julius Randle (37851443),Jalen Smith (37851692),274.49947048611114,374.27326643059826,50000,74.73%,0,6.79%,0,198.82999999999998,$0.27,CHI 3,MIL 2,user43,32,marvalshot,17740,4655040907_43
Tre Jones (37851720),Max Strus (37851614),Talen Horton-Tucker (37851832),Josh Hart (37851385),Alperen Sengun (37851332),Jalen Brunson (37851340),Julius Randle (37851443),Onyeka Okongwu (37851459),271.7133203125,357.51119693490114,50000,31.15%,0,-60.25%,0,185.62,$-2.41,CHI 2,NYK 2,user43,49,marvalshot,17750,4655040908_43
Tre Jones (37851720),Aaron Nesmith (37851609),Franz Wagner (37851369),Pascal Siakam (37851401),Julius Randle (37851443),Jalen Brunson (37851340),Matas Buzelis (37851566),Onyeka Okongwu (37851459),257.0915972222222,338.3780030674736,50000,0.00%,0,-100.0%,0,168.09,$-4.0,CHI 2,IND 2,user43,45,marvalshot,6562,4655040909_43
Tre Jones (37851720),Caris LeVert (37851534),Talen Horton-Tucker (37851832),Guerschon Yabusele (37851548),Julius Randle (37851443),Jalen Brunson (37851340),Giannis Antetokounmpo (37851317),Onyeka Okongwu (37851459),271.7525954861111,366.48490961021895,50000,30.64%,0,-61.3%,0,201.92,$-2.45,CHI 2,ATL 2,user43,37,marvalshot,15622,4655040910_43
Tre Jones (37851720),Andrew Nembhard (37851576),Kyle Kuzma (37851449),Paolo Banchero (37851362),Zach Collins (37851479),Talen Horton-Tucker (37851832),Julius Randle (37851443),Giannis Antetokounmpo (37851317),292.63637586805555,382.0928923954447,50000,100.00%,18654,364.78%,0,185.06,$14.59,CHI 3,MIL 2,user43,24,marvalshot,17789,4655040911_43
D'Angelo Russell (37851518),Stephon Castle (37851463),Kyle Kuzma (37851449),Dalen Terry (37851785),Andre Drummond (37851556),Tre Jones (37851720),Giannis Antetokounmpo (37851317),Jalen Brunson (37851340),275.82259548611114,373.5491452633414,50000,86.15%,0,26.05%,0,160.48999999999998,$1.04,MIL 2,CHI 2,user9,1,marvalshot,17803,4655040912_9
Jalen Brunson (37851340),Ja'Kobe Walter (37851749),Max Strus (37851614),Paolo Banchero (37851362),Andre Drummond (37851556),Ty Jerome (37851543),Talen Horton-Tucker (37851832),Giannis Antetokounmpo (37851317),288.84072482638885,383.3236064275993,49600,100.00%,1065,181.55%,0,184.58999999999997,$7.26,CLE 2,NYK 1,user20,1,marvalshot,17863,4655040913_20
Tre Jones (37851720),Talen Horton-Tucker (37851832),Josh Hart (37851385),Pascal Siakam (37851401),Alperen Sengun (37851332),Stephon Castle (37851463),Kyle Kuzma (37851449),Onyeka Okongwu (37851459),263.2637673611111,347.354709574212,49900,0.02%,0,-99.97%,0,157.95,$-4.0,CHI 2,NYK 1,user43,50,marvalshot,5058,4655040914_43
Jalen Brunson (37851340),Aaron Nesmith (37851609),Franz Wagner (37851369),Giannis Antetokounmpo (37851317),Onyeka Okongwu (37851459),Tre Jones (37851720),Talen Horton-Tucker (37851832),Jalen Smith (37851692),260.79299913194444,356.5745060382428,49800,0.00%,0,-100.0%,0,186.45,$-4.0,CHI 3,NYK 1,user43,50,marvalshot,9768,4655040915_43
Scottie Barnes (37851372),Talen Horton-Tucker (37851832),Franz Wagner (37851369),Pascal Siakam (37851401),Jarrett Allen (37851461),Tre Jones (37851720),Julius Randle (37851443),Onyeka Okongwu (37851459),262.00057291666667,348.3373748227838,49500,0.00%,0,-100.0%,0,185.29,$-4.0,CHI 2,TOR 1,user21,4,marvalshot,17706,4655040906_21
Jalen Brunson (37851340),Talen Horton-Tucker (37851832),Kyle Kuzma (37851449),Giannis Antetokounmpo (37851317),Onyeka Okongwu (37851459),Tre Jones (37851720),Julius Randle (37851443),Jalen Smith (37851692),274.49947048611114,374.27326643059826,50000,74.73%,0,6.79%,0,198.82999999999998,$0.27,CHI 3,MIL 2,user44,32,marvalshot,17740,4655040907_44
Tre Jones (37851720),Max Strus (37851614),Talen Horton-Tucker (37851832),Josh Hart (37851385),Alperen Sengun (37851332),Jalen Brunson (37851340),Julius Randle (37851443),Onyeka Okongwu (37851459),271.7133203125,357.51119693490114,50000,31.15%,0,-60.25%,0,185.62,$-2.41,CHI 2,NYK 2,user44,49,marvalshot,17750,4655040908_44
Tre Jones (37851720),Aaron Nesmith (37851609),Franz Wagner (37851369),Pascal Siakam (37851401),Julius Randle (37851443),Jalen Brunson (37851340),Matas Buzelis (37851566),Onyeka Okongwu (37851459),257.0915972222222,338.3780030674736,50000,0.00%,0,-100.0%,0,168.09,$-4.0,CHI 2,IND 2,user44,45,marvalshot,6562,4655040909_44
Tre Jones (37851720),Caris LeVert (37851534),Talen Horton-Tucker (37851832),Guerschon Yabusele (37851548),Julius Randle (37851443),Jalen Brunson (37851340),Giannis Antetokounmpo (37851317),Onyeka Okongwu (37851459),271.7525954861111,366.48490961021895,50000,30.64%,0,-61.3%,0,201.92,$-2.45,CHI 2,ATL 2,user44,37,marvalshot,15622,4655040910_44
Tre Jones (37851720),Andrew Nembhard (37851576),Kyle Kuzma (37851449),Paolo Banchero (37851362),Zach Collins (37851479),Talen Horton-Tucker (37851832),Julius Randle (37851443),Giannis Antetokounmpo (37851317),292.63637586805555,382.0928923954447,50000,100.00%,18654,364.78%,0,185.06,$14.59,CHI 3,MIL 2,user44,24,marvalshot,17789,4655040911_44
Darius Garland (37851392),Max Strus (37851614),Kyle Kuzma (37851449),Ricky Council IV (37852093),Andre Drummond (37851556),Tre Jones (37851720),Giannis Antetokounmpo (37851317),Jalen Brunson (37851340),275.6825954861111,370.9091452633414,50000,85.73%,0,25.19%,0,174.69,$1.01,CLE 2,MIL 2,user41,1,marvalshot,17835,4655040912_41
Jalen Brunson (37851340),Ja'Kobe Walter (37851749),Max Strus (37851614),Paolo Banchero (37851362),Andre Drummond (37851556),Talen Horton-Tucker (37851832),Jeremy Sochan (37851514),Giannis Antetokounmpo (37851317),288.83072482638886,381.2736064275993,50000,100.00%,1031,181.45%,0,183.73,$7.26,NYK 1,TOR 1,user18,1,marvalshot,17861,4655040913_18
Tre Jones (37851720),Talen Horton-Tucker (37851832),Josh Hart (37851385),Pascal Siakam (37851401),Alperen Sengun (37851332),Stephon Castle (37851463),Kyle Kuzma (37851449),Onyeka Okongwu (37851459),263.2637673611111,347.354709574212,49900,0.02%,0,-99.97%,0,157.95,$-4.0,CHI 2,NYK 1,user44,50,marvalshot,5058,4655040914_44
Jalen Brunson (37851340),Aaron Nesmith (37851609),Franz Wagner (37851369),Giannis Antetokounmpo (37851317),Onyeka Okongwu (37851459),Tre Jones (37851720),Talen Horton-Tucker (37851832),Jalen Smith (37851692),260.79299913194444,356.5745060382428,49800,0.00%,0,-100.0%,0,186.45,$-4.0,CHI 3,NYK 1,user44,50,marvalshot,9768,4655040915_44
Scottie Barnes (37851372),Talen Horton-Tucker (37851832),Franz Wagner (37851369),Pascal Siakam (37851401),Jarrett Allen (37851461),Tre Jones (37851720),Julius Randle (37851443),Onyeka Okongwu (37851459),262.00057291666667,348.3373748227838,49500,0.00%,0,-100.0%,0,185.29,$-4.0,CHI 2,TOR 1,user47,4,marvalshot,17706,4655040906_47
Jalen Brunson (37851340),Talen Horton-Tucker (37851832),Kyle Kuzma (37851449),Giannis Antetokounmpo (37851317),Onyeka Okongwu (37851459),Tre Jones (37851720),Julius Randle (37851443),Jalen Smith (37851692),274.49947048611114,374.27326643059826,50000,74.73%,0,6.79%,0,198.82999999999998,$0.27,CHI 3,MIL 2,user45,32,marvalshot,17740,4655040907_45
Tre Jones (37851720),Max Strus (37851614),Talen Horton-Tucker (37851832),Josh Hart (37851385),Alperen Sengun (37851332),Jalen Brunson (37851340),Julius Randle (37851443),Onyeka Okongwu (37851459),271.7133203125,357.51119693490114,50000,31.15%,0,-60.25%,0,185.62,$-2.41,CHI 2,NYK 2,user45,49,marvalshot,17750,4655040908_45
Tre Jones (37851720),Aaron Nesmith (37851609),Franz Wagner (37851369),Pascal Siakam (37851401),Julius Randle (37851443),Jalen Brunson (37851340),Matas Buzelis (37851566),Onyeka Okongwu (37851459),257.0915972222222,338.3780030674736,50000,0.00%,0,-100.0%,0,168.09,$-4.0,CHI 2,IND 2,user45,45,marvalshot,6562,4655040909_45
Tre Jones (37851720),Caris LeVert (37851534),Talen Horton-Tucker (37851832),Guerschon Yabusele (37851548),Julius Randle (37851443),Jalen Brunson (37851340),Giannis Antetokounmpo (37851317),Onyeka Okongwu (37851459),271.7525954861111,366.48490961021895,50000,30.64%,0,-61.3%,0,201.92,$-2.45,CHI 2,ATL 2,user45,37,marvalshot,15622,4655040910_45
Tre Jones (37851720),Andrew Nembhard (37851576),Kyle Kuzma (37851449),Paolo Banchero (37851362),Zach Collins (37851479),Talen Horton-Tucker (37851832),Julius Randle (37851443),Giannis Antetokounmpo (37851317),292.63637586805555,382.0928923954447,50000,100.00%,18654,364.78%,0,185.06,$14.59,CHI 3,MIL 2,user45,24,marvalshot,17789,4655040911_45
Ty Jerome (37851543),Talen Horton-Tucker (37851832),Kyle Kuzma (37851449),Matas Buzelis (37851566),Andre Drummond (37851556),Devin Vassell (37851496),Giannis Antetokounmpo (37851317),Jalen Brunson (37851340),275.6725954861111,373.2991452633414,49800,85.65%,0,24.96%,0,173.69,$1.0,CHI 2,MIL 2,user19,1,marvalshot,17813,4655040912_19
Jalen Brunson (37851340),Ja'Kobe Walter (37851749),Max Strus (37851614),Paolo Banchero (37851362),Julius Randle (37851443),Tre Jones (37851720),Talen Horton-Tucker (37851832),Giannis Antetokounmpo (37851317),288.7707248263889,378.36360642759934,49900,100.00%,883,178.07%,0,204.01,$7.12,CHI 2,NYK 1,user2,5,marvalshot,17845,4655040913_2
Tre Jones (37851720),Talen Horton-Tucker (37851832),Josh Hart (37851385),Pascal Siakam (37851401),Alperen Sengun (37851332),Stephon Castle (37851463),Kyle Kuzma (37851449),Onyeka Okongwu (37851459),263.2637673611111,347.354709574212,49900,0.02%,0,-99.97%,0,157.95,$-4.0,CHI 2,NYK 1,user45,50,marvalshot,5058,4655040914_45
Jalen Brunson (37851340),Aaron Nesmith (37851609),Franz Wagner (37851369),Giannis Antetokounmpo (37851317),Onyeka Okongwu (37851459),Tre Jones (37851720),Talen Horton-Tucker (37851832),Jalen Smith (37851692),260.79299913194444,356.5745060382428,49800,0.00%,0,-100.0%,0,186.45,$-4.0,CHI 3,NYK 1,user45,50,marvalshot,9768,4655040915_45
Scottie Barnes (37851372),Talen Horton-Tucker (37851832),Franz Wagner (37851369),Pascal Siakam (37851401),Jarrett Allen (37851461),Tre Jones (37851720),Julius Randle (37851443),Onyeka Okongwu (37851459),262.00057291666667,348.3373748227838,49500,0.00%,0,-100.0%,0,185.29,$-4.0,CHI 2,TOR 1,user48,4,marvalshot,17706,4655040906_48
Jalen Brunson (37851340),Talen Horton-Tucker (37851832),Kyle Kuzma (37851449),Giannis Antetokounmpo (37851317),Onyeka Okongwu (37851459),Tre Jones (37851720),Julius Randle (37851443),Jalen Smith (37851692),274.49947048611114,374.27326643059826,50000,74.73%,0,6.79%,0,198.82999999999998,$0.27,CHI 3,MIL 2,user46,32,marvalshot,17740,4655040907_46
Tre Jones (37851720),Max Strus (37851614),Talen Horton-Tucker (37851832),Josh Hart (37851385),Alperen Sengun (37851332),Jalen Brunson (37851340),Julius Randle (37851443),Onyeka Okongwu (37851459),271.7133203125,357.51119693490114,50000,31.15%,0,-60.25%,0,185.62,$-2.41,CHI 2,NYK 2,user46,49,marvalshot,17750,4655040908_46
Tre Jones (37851720),Aaron Nesmith (37851609),Franz Wagner (37851369),Pascal Siakam (37851401),Julius Randle (37851443),Jalen Brunson (37851340),Matas Buzelis (37851566),Onyeka Okongwu (37851459),257.0915972222222,338.3780030674736,50000,0.00%,0,-100.0%,0,168.09,$-4.0,CHI 2,IND 2,user46,45,marvalshot,6562,4655040909_46
Tre Jones (37851720),Caris LeVert (37851534),Talen Horton-Tucker (37851832),Guerschon Yabusele (37851548),Julius Randle (37851443),Jalen Brunson (37851340),Giannis Antetokounmpo (37851317),Onyeka Okongwu (37851459),271.7525954861111,366.48490961021895,50000,30.64%,0,-61.3%,0,201.92,$-2.45,CHI 2,ATL 2,user46,37,marvalshot,15622,4655040910_46
Tre Jones (37851720),Andrew Nembhard (37851576),Kyle Kuzma (37851449),Paolo Banchero (37851362),Zach Collins (37851479),Talen Horton-Tucker (37851832),Julius Randle (37851443),Giannis Antetokounmpo (37851317),292.63637586805555,382.0928923954447,50000,100.00%,18654,364.78%,0,185.06,$14.59,CHI 3,MIL 2,user46,24,marvalshot,17789,4655040911_46
Tre Jones (37851720),Jevon Carter (37851843),Kyle Kuzma (37851449),De'Andre Hunter (37851523),Andre Drummond (37851556),Kelly Oubre Jr. (37851433),Giannis Antetokounmpo (37851317),Jalen Brunson (37851340),275.6425954861111,367.87914526334134,49900,85.55%,0,24.78%,0,184.23,$0.99,CHI 2,MIL 2,user36,1,marvalshot,17830,4655040912_36
Jalen Brunson (37851340),Ja'Kobe Walter (37851749),Talen Horton-Tucker (37851832),Paolo Banchero (37851362),Julius Randle (37851443),Tre Jones (37851720),Max Strus (37851614),Giannis Antetokounmpo (37851317),288.7707248263889,378.36360642759934,49900,100.00%,883,178.07%,0,204.01,$7.12,CHI 2,NYK 1,user46,5,marvalshot,17845,4655040913_46
Tre Jones (37851720),Talen Horton-Tucker (37851832),Josh Hart (37851385),Pascal Siakam (37851401),Alperen Sengun (37851332),Stephon Castle (37851463),Kyle Kuzma (37851449),Onyeka Okongwu (37851459),263.2637673611111,347.354709574212,49900,0.02%,0,-99.97%,0,157.95,$-4.0,CHI 2,NYK 1,user46,50,marvalshot,5058,4655040914_46
Jalen Brunson (37851340),Aaron Nesmith (37851609),Franz Wagner (37851369),Giannis Antetokounmpo (37851317),Onyeka Okongwu (37851459),Tre Jones (37851720),Talen Horton-Tucker (37851832),Jalen Smith (37851692),260.79299913194444,356.5745060382428,49800,0.00%,0,-100.0%,0,186.45,$-4.0,CHI 3,NYK 1,user46,50,marvalshot,9768,4655040915_46
Scottie Barnes (37851372),Talen Horton-Tucker (37851832),Franz Wagner (37851369),Pascal Siakam (37851401),Jarrett Allen (37851461),Tre Jones (37851720),Julius Randle (37851443),Onyeka Okongwu (37851459),262.00057291666667,348.3373748227838,49500,0.00%,0,-100.0%,0,185.29,$-4.0,CHI 2,TOR 1,user49,4,marvalshot,17706,4655040906_49
Jalen Brunson (37851340),Talen Horton-Tucker (37851832),Kyle Kuzma (37851449),Giannis Antetokounmpo (37851317),Onyeka Okongwu (37851459),Tre Jones (37851720),Julius Randle (37851443),Jalen Smith (37851692),274.49947048611114,374.27326643059826,50000,74.73%,0,6.79%,0,198.82999999999998,$0.27,CHI 3,MIL 2,user47,32,marvalshot,17740,4655040907_47
Tre Jones (37851720),Max Strus (37851614),Talen Horton-Tucker (37851832),Josh Hart (37851385),Alperen Sengun (37851332),Jalen Brunson (37851340),Julius Randle (37851443),Onyeka Okongwu (37851459),271.7133203125,357.51119693490114,50000,31.15%,0,-60.25%,0,185.62,$-2.41,CHI 2,NYK 2,user47,49,marvalshot,17750,4655040908_47
Tre Jones (37851720),Aaron Nesmith (37851609),Franz Wagner (37851369),Pascal Siakam (37851401),Julius Randle (37851443),Jalen Brunson (37851340),Matas Buzelis (37851566),Onyeka Okongwu (37851459),257.0915972222222,338.3780030674736,50000,0.00%,0,-100.0%,0,168.09,$-4.0,CHI 2,IND 2,user47,45,marvalshot,6562,4655040909_47
Tre Jones (37851720),Caris LeVert (37851534),Talen Horton-Tucker (37851832),Guerschon Yabusele (37851548),Julius Randle (37851443),Jalen Brunson (37851340),Giannis Antetokounmpo (37851317),Onyeka Okongwu (37851459),271.7525954861111,366.48490961021895,50000,30.64%,0,-61.3%,0,201.92,$-2.45,CHI 2,ATL 2,user47,37,marvalshot,15622,4655040910_47
Tre Jones (37851720),Andrew Nembhard (37851576),Kyle Kuzma (37851449),Paolo Banchero (37851362),Zach Collins (37851479),Talen Horton-Tucker (37851832),Julius Randle (37851443),Giannis Antetokounmpo (37851317),292.63637586805555,382.0928923954447,50000,100.00%,18654,364.78%,0,185.06,$14.59,CHI 3,MIL 2,user47,24,marvalshot,17789,4655040911_47
Tre Jones (37851720),Stephon Castle (37851463),Kyle Kuzma (37851449),Julius Randle (37851443),Jalen Smith (37851692),Talen Horton-Tucker (37851832),Giannis Antetokounmpo (37851317),Jalen Brunson (37851340),275.4425954861111,375.1491452633414,49900,85.37%,0,24.4%,0,192.11,$0.98,CHI 3,MIL 2,user1,1,marvalshot,17795,4655040912_1
Jalen Brunson (37851340),Ja'Kobe Walter (37851749),Talen Horton-Tucker (37851832),Paolo Banchero (37851362),Julius Randle (37851443),Tre Jones (37851720),Max Strus (37851614),Giannis Antetokounmpo (37851317),288.7707248263889,378.36360642759934,49900,100.00%,883,178.07%,0,204.01,$7.12,CHI 2,NYK 1,user47,5,marvalshot,17845,4655040913_47
Tre Jones (37851720),Talen Horton-Tucker (37851832),Josh Hart (37851385),Pascal Siakam (37851401),Alperen Sengun (37851332),Stephon Castle (37851463),Kyle Kuzma (37851449),Onyeka Okongwu (37851459),263.2637673611111,347.354709574212,49900,0.02%,0,-99.97%,0,157.95,$-4.0,CHI 2,NYK 1,user47,50,marvalshot,5058,4655040914_47
Jalen Brunson (37851340),Aaron Nesmith (37851609),Franz Wagner (37851369),Giannis Antetokounmpo (37851317),Onyeka Okongwu (37851459),Tre Jones (37851720),Talen Horton-Tucker (37851832),Jalen Smith (37851692),260.79299913194444,356.5745060382428,49800,0.00%,0,-100.0%,0,186.45,$-4.0,CHI 3,NYK 1,user47,50,marvalshot,9768,4655040915_47
Scottie Barnes (37851372),Jevon Carter (37851843),Franz Wagner (37851369),Pascal Siakam (37851401),Andre Drummond (37851556),Darius Garland (37851392),Max Strus (37851614),Onyeka Okongwu (37851459),262.3705729166667,347.4673748227838,49800,0.00%,0,-100.0%,0,173.07999999999998,$-4.0,CLE 2,TOR 1,user41,1,marvalshot,17726,4655040906_41
Jalen Brunson (37851340),Talen Horton-Tucker (37851832),Kyle Kuzma (37851449),Giannis Antetokounmpo (37851317),Onyeka Okongwu (37851459),Tre Jones (37851720),Julius Randle (37851443),Jalen Smith (37851692),274.49947048611114,374.27326643059826,50000,74.73%,0,6.79%,0,198.82999999999998,$0.27,CHI 3,MIL 2,user48,32,marvalshot,17740,4655040907_48
Tre Jones (37851720),Max Strus (37851614),Talen Horton-Tucker (37851832),Josh Hart (37851385),Alperen Sengun (37851332),Jalen Brunson (37851340),Julius Randle (37851443),Onyeka Okongwu (37851459),271.7133203125,357.51119693490114,50000,31.15%,0,-60.25%,0,185.62,$-2.41,CHI 2,NYK 2,user48,49,marvalshot,17750,4655040908_48
Tre Jones (37851720),Aaron Nesmith (37851609),Franz Wagner (37851369),Pascal Siakam (37851401),Julius Randle (37851443),Jalen Brunson (37851340),Matas Buzelis (37851566),Onyeka Okongwu (37851459),257.0915972222222,338.3780030674736,50000,0.00%,0,-100.0%,0,168.09,$-4.0,CHI 2,IND 2,user48,45,marvalshot,6562,4655040909_48
Tre Jones (37851720),Caris LeVert (37851534),Talen Horton-Tucker (37851832),Guerschon Yabusele (37851548),Julius Randle (37851443),Jalen Brunson (37851340),Giannis Antetokounmpo (37851317),Onyeka Okongwu (37851459),271.7525954861111,366.48490961021895,50000,30.64%,0,-61.3%,0,201.92,$-2.45,CHI 2,ATL 2,user48,37,marvalshot,15622,4655040910_48
Tre Jones (37851720),Andrew Nembhard (37851576),Kyle Kuzma (37851449),Paolo Banchero (37851362),Zach Collins (37851479),Talen Horton-Tucker (37851832),Julius Randle (37851443),Giannis Antetokounmpo (37851317),292.63637586805555,382.0928923954447,50000,100.00%,18654,364.78%,0,185.06,$14.59,CHI 3,MIL 2,user48,24,marvalshot,17789,4655040911_48
Tre Jones (37851720),Donte DiVincenzo (37851505),Kyle Kuzma (37851449),Dean Wade (37851816),Andre Drummond (37851556),Stephon Castle (37851463),Giannis Antetokounmpo (37851317),Jalen Brunson (37851340),275.7125954861111,370.5491452633414,50000,84.93%,0,24.14%,0,160.82999999999998,$0.97,MIL 2,CHI 1,user31,1,marvalshot,17825,4655040912_31
Jalen Brunson (37851340),Ja'Kobe Walter (37851749),Talen Horton-Tucker (37851832),Paolo Banchero (37851362),Julius Randle (37851443),Tre Jones (37851720),Max Strus (37851614),Giannis Antetokounmpo (37851317),288.7707248263889,378.36360642759934,49900,100.00%,883,178.07%,0,204.01,$7.12,CHI 2,NYK 1,user48,5,marvalshot,17845,4655040913_48
Tre Jones (37851720),Talen Horton-Tucker (37851832),Josh Hart (37851385),Pascal Siakam (37851401),Alperen Sengun (37851332),Stephon Castle (37851463),Kyle Kuzma (37851449),Onyeka Okongwu (37851459),263.2637673611111,347.354709574212,49900,0.02%,0,-99.97%,0,157.95,$-4.0,CHI 2,NYK 1,user48,50,marvalshot,5058,4655040914_48
Jalen Brunson (37851340),Aaron Nesmith (37851609),Franz Wagner (37851369),Giannis Antetokounmpo (37851317),Onyeka Okongwu (37851459),Tre Jones (37851720),Talen Horton-Tucker (37851832),Jalen Smith (37851692),260.79299913194444,356.5745060382428,49800,0.00%,0,-100.0%,0,186.45,$-4.0,CHI 3,NYK 1,user48,50,marvalshot,9768,4655040915_48
Scottie Barnes (37851372),Max Strus (37851614),Franz Wagner (37851369),Pascal Siakam (37851401),Andre Drummond (37851556),Devin Vassell (37851496),Guerschon Yabusele (37851548),Onyeka Okongwu (37851459),262.0505729166666,341.96737482278377,49800,0.00%,0,-100.0%,0,135.78,$-4.0,PHI 2,TOR 1,user40,1,marvalshot,17725,4655040906_40
Jalen Brunson (37851340),Talen Horton-Tucker (37851832),Kyle Kuzma (37851449),Giannis Antetokounmpo (37851317),Onyeka Okongwu (37851459),Tre Jones (37851720),Julius Randle (37851443),Jalen Smith (37851692),274.49947048611114,374.27326643059826,50000,74.73%,0,6.79%,0,198.82999999999998,$0.27,CHI 3,MIL 2,user49,32,marvalshot,17740,4655040907_49
Tre Jones (37851720),Max Strus (37851614),Talen Horton-Tucker (37851832),Josh Hart (37851385),Alperen Sengun (37851332),Jalen Brunson (37851340),Julius Randle (37851443),Onyeka Okongwu (37851459),271.7133203125,357.51119693490114,50000,31.15%,0,-60.25%,0,185.62,$-2.41,CHI 2,NYK 2,user49,49,marvalshot,17750,4655040908_49
Tre Jones (37851720),Aaron Nesmith (37851609),Franz Wagner (37851369),Pascal Siakam (37851401),Julius Randle (37851443),Jalen Brunson (37851340),Matas Buzelis (37851566),Onyeka Okongwu (37851459),257.0915972222222,338.3780030674736,50000,0.00%,0,-100.0%,0,168.09,$-4.0,CHI 2,IND 2,user49,45,marvalshot,6562,4655040909_49
Tre Jones (37851720),Caris LeVert (37851534),Talen Horton-Tucker (37851832),Guerschon Yabusele (37851548),Julius Randle (37851443),Jalen Brunson (37851340),Giannis Antetokounmpo (37851317),Onyeka Okongwu (37851459),271.7525954861111,366.48490961021895,50000,30.64%,0,-61.3%,0,201.92,$-2.45,CHI 2,ATL 2,user49,37,marvalshot,15622,4655040910_49
Tre Jones (37851720),Andrew Nembhard (37851576),Kyle Kuzma (37851449),Paolo Banchero (37851362),Zach Collins (37851479),Talen Horton-Tucker (37851832),Julius Randle (37851443),Giannis Antetokounmpo (37851317),292.63637586805555,382.0928923954447,50000,100.00%,18654,364.78%,0,185.06,$14.59,CHI 3,MIL 2,user49,24,marvalshot,17789,4655040911_49
Jevon Carter (37851843),Quentin Grimes (37851476),Kyle Kuzma (37851449),De'Andre Hunter (37851523),Andre Drummond (37851556),Tre Jones (37851720),Giannis Antetokounmpo (37851317),Jalen Brunson (37851340),275.4825954861111,369.0491452633414,49500,84.17%,0,22.57%,0,192.40999999999997,$0.9,CHI 2,PHI 2,user43,1,marvalshot,17837,4655040912_43
Jalen Brunson (37851340),Ja'Kobe Walter (37851749),Talen Horton-Tucker (37851832),Paolo Banchero (37851362),Julius Randle (37851443),Tre Jones (37851720),Max Strus (37851614),Giannis Antetokounmpo (37851317),288.7707248263889,378.36360642759934,49900,100.00%,883,178.07%,0,204.01,$7.12,CHI 2,NYK 1,user49,5,marvalshot,17845,4655040913_49
Tre Jones (37851720),Talen Horton-Tucker (37851832),Josh Hart (37851385),Pascal Siakam (37851401),Alperen Sengun (37851332),Stephon Castle (37851463),Kyle Kuzma (37851449),Onyeka Okongwu (37851459),263.2637673611111,347.354709574212,49900,0.02%,0,-99.97%,0,157.95,$-4.0,CHI 2,NYK 1,user49,50,marvalshot,5058,4655040914_49
Jalen Brunson (37851340),Aaron Nesmith (37851609),Franz Wagner (37851369),Giannis Antetokounmpo (37851317),Onyeka Okongwu (37851459),Tre Jones (37851720),Talen Horton-Tucker (37851832),Jalen Smith (37851692),260.79299913194444,356.5745060382428,49800,0.00%,0,-100.0%,0,186.45,$-4.0,CHI 3,NYK 1,user49,50,marvalshot,9768,4655040915_49
