PG,SG,SF,PF,C,G,F,UTIL,Proj,Ceiling,Salary,Cash %,Top 1%,ROI%,Wins,Own Sum,Avg Return,Stack1,Stack2,Lineup,Dupes,User,Index,Entry ID
Jared Butler (38027702),Lonnie Walker IV (38027834),Jaylen Brown (38027189),Kessler Edwards (38027689),Onyeka Okongwu (38027263),Desmond Bane (38027201),Naji Marshall (38027277),Josh Giddey (38027174),319.35,410.82000000000005,49900,100.00%,49996,57052.72%,16107,136.23,$2282.11,PHI 2,DAL 2,user10,2,marvalshot,4408,4660811703_10
Scotty Pippen Jr. (38027693),Lonnie Walker IV (38027834),Naji Marshall (38027277),John Collins (38027297),Onyeka Okongwu (38027263),Josh Giddey (38027174),Bennedict Mathurin (38027432),Ja Morant (38027166),313.05999999999995,406.78,50000,100.00%,33829,1200.26%,26,124.39,$48.01,MEM 2,PHI 1,user9,1,marvalshot,17520,4660811704_9
Jared Butler (38027702),Lonnie Walker IV (38027834),Ricky Council IV (38028162),Bam Adebayo (38027134),Onyeka Okongwu (38027263),Desmond Bane (38027201),Naji Marshall (38027277),Josh Giddey (38027174),314.71000000000004,406.19000000000005,49900,100.00%,45745,1082.73%,22,138.51,$43.31,PHI 3,MIA 1,user,50,marvalshot,368,4660811705
Payton Pritchard (38027372),Lonnie Walker IV (38027834),Naji Marshall (38027277),Michael Porter Jr. (38027306),Onyeka Okongwu (38027263),Desmond Bane (38027201),Kessler Edwards (38027689),Tyler Herro (38027152),312.38,394.98,49900,100.00%,27753,831.11%,11,125.66,$33.24,DAL 2,BOS 1,user46,1,marvalshot,17582,4660811706_46
Josh Giddey (38027174),Jared Butler (38027702),Naji Marshall (38027277),Kessler Edwards (38027689),Onyeka Okongwu (38027263),Ja Morant (38027166),Chet Holmgren (38027230),Scotty Pippen Jr. (38027693),314.08,409.03999999999996,50000,100.00%,40999,2582.51%,127,127.13000000000001,$103.3,DAL 2,MEM 2,user4,1,marvalshot,17589,4660811707_4
Jared Butler (38027702),Desmond Bane (38027201),Scottie Barnes (38027184),Ricky Council IV (38028162),Onyeka Okongwu (38027263),Scotty Pippen Jr. (38027693),Naji Marshall (38027277),Josh Giddey (38027174),310.88,408.61,49500,100.00%,14919,277.2%,0,139.13000000000002,$11.09,PHI 2,MEM 2,user5,1,marvalshot,17640,4660811708_5
Scotty Pippen Jr. (38027693),Lonnie Walker IV (38027834),Ricky Council IV (38028162),Kessler Edwards (38027689),Onyeka Okongwu (38027263),Josh Giddey (38027174),Naji Marshall (38027277),Nikola Jokic (38027106),316.07,408.58,49600,100.00%,48387,10824.37%,1140,140.75,$432.97,PHI 2,DAL 2,user29,1,marvalshot,17675,4660811709_29
Luka Doncic (38027108),Jared Butler (38027702),Justin Edwards (38027654),Naji Marshall (38027277),Onyeka Okongwu (38027263),Lonnie Walker IV (38027834),Kessler Edwards (38027689),Josh Giddey (38027174),314.18999999999994,402.90999999999997,49900,100.00%,43428,1542.16%,15,126.74,$61.69,PHI 3,DAL 2,user,1,marvalshot,224,4660811710
Jared Butler (38027702),Lonnie Walker IV (38027834),Jaylen Brown (38027189),Naji Marshall (38027277),Onyeka Okongwu (38027263),Desmond Bane (38027201),Kessler Edwards (38027689),Ja Morant (38027166),318.40999999999997,412.21,50000,100.00%,49997,34902.44%,4950,140.35000000000002,$1396.1,PHI 2,DAL 2,user24,1,marvalshot,17491,4660811703_24
Josh Giddey (38027174),Lonnie Walker IV (38027834),Naji Marshall (38027277),John Collins (38027297),Onyeka Okongwu (38027263),Ja Morant (38027166),Klay Thompson (38027341),Jay Huff (38028099),312.54999999999995,406.59,49800,100.00%,29229,939.29%,22,117.68,$37.57,DAL 2,MEM 2,user13,1,marvalshot,17524,4660811704_13
Jared Butler (38027702),Lonnie Walker IV (38027834),Ricky Council IV (38028162),Bam Adebayo (38027134),Onyeka Okongwu (38027263),Josh Giddey (38027174),Naji Marshall (38027277),Desmond Bane (38027201),314.71,406.18999999999994,49900,100.00%,45745,1082.73%,22,138.51,$43.31,PHI 3,MIA 1,user1,50,marvalshot,368,4660811705_1
Payton Pritchard (38027372),Lonnie Walker IV (38027834),Bennedict Mathurin (38027432),Chet Holmgren (38027230),Onyeka Okongwu (38027263),Spencer Dinwiddie (38027386),Naji Marshall (38027277),Tyler Herro (38027152),311.46,397.09,49800,100.00%,19820,588.4%,10,116.94,$23.54,DAL 2,BOS 1,user48,1,marvalshot,17584,4660811706_48
Ja Morant (38027166),Jared Butler (38027702),Bennedict Mathurin (38027432),Naji Marshall (38027277),Onyeka Okongwu (38027263),Scotty Pippen Jr. (38027693),Klay Thompson (38027341),Josh Giddey (38027174),313.6,408.17,49900,100.00%,37591,2138.43%,129,127.99000000000001,$85.54,MEM 2,DAL 2,user40,1,marvalshot,17626,4660811707_40
Jared Butler (38027702),Devin Booker (38027145),Scottie Barnes (38027184),Ricky Council IV (38028162),Onyeka Okongwu (38027263),Josh Giddey (38027174),Naji Marshall (38027277),Jay Huff (38028099),310.29999999999995,406.7199999999999,49700,100.00%,11380,257.39%,0,124.98000000000002,$10.3,PHI 2,PHX 1,user2,1,marvalshot,17637,4660811708_2
Devin Booker (38027145),Lonnie Walker IV (38027834),Ricky Council IV (38028162),Naji Marshall (38027277),Onyeka Okongwu (38027263),Desmond Bane (38027201),Kessler Edwards (38027689),Josh Giddey (38027174),315.66999999999996,400.94999999999993,49700,100.00%,47725,6710.59%,306,126.14,$268.42,PHI 2,DAL 2,user10,1,marvalshot,17656,4660811709_10
Luka Doncic (38027108),Jared Butler (38027702),Justin Edwards (38027654),Kessler Edwards (38027689),Onyeka Okongwu (38027263),Lonnie Walker IV (38027834),Naji Marshall (38027277),Ja Morant (38027166),313.25,404.3,50000,100.00%,36077,532.4%,5,130.85999999999999,$21.3,PHI 3,DAL 2,user1,49,marvalshot,17696,4660811710_1
Jared Butler (38027702),Lonnie Walker IV (38027834),Jaylen Brown (38027189),Naji Marshall (38027277),Onyeka Okongwu (38027263),Shai Gilgeous-Alexander (38027111),Kessler Edwards (38027689),Russell Westbrook (38027394),316.89,413.49,50000,100.00%,49804,12965.27%,856,143.03,$518.61,PHI 2,DAL 2,user7,1,marvalshot,17477,4660811703_7
Josh Giddey (38027174),Lonnie Walker IV (38027834),Bennedict Mathurin (38027432),John Collins (38027297),Onyeka Okongwu (38027263),Ja Morant (38027166),Naji Marshall (38027277),Kessler Edwards (38027689),312.22999999999996,401.12999999999994,50000,100.00%,26511,608.95%,8,110.03,$24.36,DAL 2,CHI 1,user17,1,marvalshot,17528,4660811704_17
Jared Butler (38027702),Lonnie Walker IV (38027834),Ricky Council IV (38028162),Bam Adebayo (38027134),Onyeka Okongwu (38027263),Josh Giddey (38027174),Naji Marshall (38027277),Desmond Bane (38027201),314.71,406.18999999999994,49900,100.00%,45745,1082.73%,22,138.51,$43.31,PHI 3,MIA 1,user2,50,marvalshot,368,4660811705_2
Payton Pritchard (38027372),Lonnie Walker IV (38027834),Naji Marshall (38027277),Gregory Jackson (38027792),Onyeka Okongwu (38027263),Ja Morant (38027166),Klay Thompson (38027341),Tyler Herro (38027152),310.65,400.07,50000,100.00%,13361,340.62%,3,121.58,$13.62,DAL 2,MEM 2,user16,1,marvalshot,17552,4660811706_16
Josh Giddey (38027174),Jared Butler (38027702),Naji Marshall (38027277),Pascal Siakam (38027194),Onyeka Okongwu (38027263),Ja Morant (38027166),Kessler Edwards (38027689),Jay Huff (38028099),313.38,406.94,49900,100.00%,35809,1692.87%,60,122.05,$67.71,DAL 2,MEM 2,user11,1,marvalshot,17596,4660811707_11
Jared Butler (38027702),Desmond Bane (38027201),Scottie Barnes (38027184),Ricky Council IV (38028162),Onyeka Okongwu (38027263),Ja Morant (38027166),Naji Marshall (38027277),Scotty Pippen Jr. (38027693),309.94,410.0,49600,100.00%,8184,213.98%,0,143.25,$8.56,MEM 3,PHI 2,user3,1,marvalshot,17638,4660811708_3
Shai Gilgeous-Alexander (38027111),Lonnie Walker IV (38027834),Ricky Council IV (38028162),Naji Marshall (38027277),Onyeka Okongwu (38027263),Scotty Pippen Jr. (38027693),Klay Thompson (38027341),Josh Giddey (38027174),315.26,411.66999999999996,49700,100.00%,46517,5935.76%,354,136.86,$237.43,PHI 2,DAL 2,user27,1,marvalshot,17673,4660811709_27
Luka Doncic (38027108),Jared Butler (38027702),Justin Edwards (38027654),Naji Marshall (38027277),Onyeka Okongwu (38027263),Lonnie Walker IV (38027834),Kessler Edwards (38027689),Ja Morant (38027166),313.25,404.3,50000,100.00%,36077,532.4%,5,130.86,$21.3,PHI 3,DAL 2,user2,49,marvalshot,17696,4660811710_2
Jared Butler (38027702),Lonnie Walker IV (38027834),Jaylen Brown (38027189),Naji Marshall (38027277),Onyeka Okongwu (38027263),Russell Westbrook (38027394),Michael Porter Jr. (38027306),Josh Giddey (38027174),316.17999999999995,407.63,49800,100.00%,49477,6616.88%,208,136.36,$264.68,PHI 2,DEN 2,user26,2,marvalshot,4302,4660811703_26
Russell Westbrook (38027394),Lonnie Walker IV (38027834),Naji Marshall (38027277),John Collins (38027297),Onyeka Okongwu (38027263),Desmond Bane (38027201),Kessler Edwards (38027689),Josh Giddey (38027174),312.02,399.03999999999996,49600,100.00%,24772,488.25%,1,123.79,$19.53,DAL 2,DEN 1,user19,1,marvalshot,17530,4660811704_19
Jared Butler (38027702),Lonnie Walker IV (38027834),Ricky Council IV (38028162),Bam Adebayo (38027134),Onyeka Okongwu (38027263),Josh Giddey (38027174),Naji Marshall (38027277),Desmond Bane (38027201),314.71,406.18999999999994,49900,100.00%,45745,1082.73%,22,138.51,$43.31,PHI 3,MIA 1,user3,50,marvalshot,368,4660811705_3
Payton Pritchard (38027372),Lonnie Walker IV (38027834),Naji Marshall (38027277),Kevin Durant (38027138),Onyeka Okongwu (38027263),Tre Jones (38027488),Kessler Edwards (38027689),Tyler Herro (38027152),310.66,392.71000000000004,49900,100.00%,13738,327.29%,0,117.55000000000001,$13.09,DAL 2,BOS 1,user13,1,marvalshot,17549,4660811706_13
Josh Giddey (38027174),Jared Butler (38027702),Klay Thompson (38027341),Naji Marshall (38027277),Onyeka Okongwu (38027263),Ja Morant (38027166),Bennedict Mathurin (38027432),Kessler Edwards (38027689),312.77,402.52,49900,100.00%,31415,865.02%,3,113.63,$34.6,DAL 3,CHI 1,user35,1,marvalshot,17621,4660811707_35
Jared Butler (38027702),Desmond Bane (38027201),Scottie Barnes (38027184),Ricky Council IV (38028162),Onyeka Okongwu (38027263),Josh Giddey (38027174),Kessler Edwards (38027689),Naji Marshall (38027277),310.04999999999995,402.9599999999999,49500,100.00%,9013,208.31%,0,124.77000000000001,$8.33,PHI 2,DAL 2,user1,1,marvalshot,17636,4660811708_1
Ja Morant (38027166),Lonnie Walker IV (38027834),Ricky Council IV (38028162),Kessler Edwards (38027689),Onyeka Okongwu (38027263),Scotty Pippen Jr. (38027693),Naji Marshall (38027277),Nikola Jokic (38027106),315.13,409.96999999999997,49700,100.00%,46187,5250.98%,285,144.87,$210.04,MEM 2,PHI 2,user43,1,marvalshot,17689,4660811709_43
Luka Doncic (38027108),Jared Butler (38027702),Justin Edwards (38027654),Naji Marshall (38027277),Onyeka Okongwu (38027263),Lonnie Walker IV (38027834),Kessler Edwards (38027689),Ja Morant (38027166),313.25,404.3,50000,100.00%,36077,532.4%,5,130.86,$21.3,PHI 3,DAL 2,user3,49,marvalshot,17696,4660811710_3
Jared Butler (38027702),Lonnie Walker IV (38027834),Jaylen Brown (38027189),Naji Marshall (38027277),Onyeka Okongwu (38027263),Josh Giddey (38027174),Michael Porter Jr. (38027306),Spencer Dinwiddie (38027386),315.81,404.97,49900,100.00%,48739,6448.06%,364,121.45,$257.92,PHI 2,DAL 2,user35,1,marvalshot,17501,4660811703_35
Josh Giddey (38027174),Lonnie Walker IV (38027834),Naji Marshall (38027277),John Collins (38027297),Onyeka Okongwu (38027263),Desmond Bane (38027201),Kessler Edwards (38027689),Spencer Dinwiddie (38027386),311.65,396.38,49700,100.00%,21419,425.29%,0,108.88,$17.01,DAL 3,CHI 1,user20,1,marvalshot,17531,4660811704_20
Jared Butler (38027702),Lonnie Walker IV (38027834),Ricky Council IV (38028162),Bam Adebayo (38027134),Onyeka Okongwu (38027263),Josh Giddey (38027174),Naji Marshall (38027277),Desmond Bane (38027201),314.71,406.18999999999994,49900,100.00%,45745,1082.73%,22,138.51,$43.31,PHI 3,MIA 1,user4,50,marvalshot,368,4660811705_4
Payton Pritchard (38027372),Lonnie Walker IV (38027834),Naji Marshall (38027277),Kessler Edwards (38027689),Onyeka Okongwu (38027263),Scotty Pippen Jr. (38027693),Kevin Durant (38027138),Tyler Herro (38027152),310.28,394.45,49100,100.00%,10966,259.55%,0,137.25,$10.38,DAL 2,BOS 1,user33,1,marvalshot,17569,4660811706_33
Josh Giddey (38027174),Jared Butler (38027702),Bennedict Mathurin (38027432),Naji Marshall (38027277),Onyeka Okongwu (38027263),Ja Morant (38027166),Kessler Edwards (38027689),Russell Westbrook (38027394),312.69,401.61,49400,100.00%,30532,833.2%,5,127.99000000000001,$33.33,DAL 2,CHI 1,user32,1,marvalshot,17618,4660811707_32
Jared Butler (38027702),Devin Booker (38027145),Scottie Barnes (38027184),Ricky Council IV (38028162),Onyeka Okongwu (38027263),Ja Morant (38027166),Naji Marshall (38027277),Jay Huff (38028099),309.36,408.11,49800,100.00%,5949,200.22%,0,129.10000000000002,$8.01,PHI 2,MEM 2,user11,1,marvalshot,17646,4660811708_11
Ja Morant (38027166),Lonnie Walker IV (38027834),Ricky Council IV (38028162),Naji Marshall (38027277),Onyeka Okongwu (38027263),Max Christie (38027411),Chet Holmgren (38027230),Josh Giddey (38027174),314.54999999999995,403.3299999999999,50000,100.00%,43461,3934.51%,304,122.03999999999999,$157.38,PHI 2,DAL 2,user18,1,marvalshot,17664,4660811709_18
Luka Doncic (38027108),Jared Butler (38027702),Justin Edwards (38027654),Naji Marshall (38027277),Onyeka Okongwu (38027263),Lonnie Walker IV (38027834),Kessler Edwards (38027689),Ja Morant (38027166),313.25,404.3,50000,100.00%,36077,532.4%,5,130.86,$21.3,PHI 3,DAL 2,user4,49,marvalshot,17696,4660811710_4
Jared Butler (38027702),Lonnie Walker IV (38027834),Jaylen Brown (38027189),Naji Marshall (38027277),Onyeka Okongwu (38027263),Desmond Bane (38027201),Kevin Durant (38027138),Jay Huff (38028099),315.47,410.23,49800,100.00%,48046,4982.53%,170,142.58,$199.3,PHI 2,MEM 2,user23,1,marvalshot,17490,4660811703_23
Russell Westbrook (38027394),Lonnie Walker IV (38027834),Naji Marshall (38027277),John Collins (38027297),Onyeka Okongwu (38027263),Ja Morant (38027166),Kessler Edwards (38027689),Desmond Bane (38027201),311.08,400.42999999999995,49700,100.00%,15983,318.94%,0,127.91000000000001,$12.76,DAL 2,MEM 2,user21,1,marvalshot,17532,4660811704_21
Jared Butler (38027702),Lonnie Walker IV (38027834),Ricky Council IV (38028162),Bam Adebayo (38027134),Onyeka Okongwu (38027263),Josh Giddey (38027174),Naji Marshall (38027277),Desmond Bane (38027201),314.71,406.18999999999994,49900,100.00%,45745,1082.73%,22,138.51,$43.31,PHI 3,MIA 1,user5,50,marvalshot,368,4660811705_5
Payton Pritchard (38027372),Lonnie Walker IV (38027834),Klay Thompson (38027341),Naji Marshall (38027277),Onyeka Okongwu (38027263),Tre Jones (38027488),Chet Holmgren (38027230),Tyler Herro (38027152),309.66,398.11,49800,100.00%,7791,233.45%,1,114.08,$9.34,DAL 2,BOS 1,user27,1,marvalshot,17563,4660811706_27
Russell Westbrook (38027394),Jared Butler (38027702),Klay Thompson (38027341),Kessler Edwards (38027689),Onyeka Okongwu (38027263),Josh Giddey (38027174),Naji Marshall (38027277),Desmond Bane (38027201),312.56,400.43,49500,100.00%,29522,708.15%,2,127.39,$28.33,DAL 3,DEN 1,user25,1,marvalshot,17610,4660811707_25
Jared Butler (38027702),Desmond Bane (38027201),Scottie Barnes (38027184),Ricky Council IV (38028162),Onyeka Okongwu (38027263),Tyus Jones (38027611),Naji Marshall (38027277),Josh Giddey (38027174),309.06999999999994,403.62999999999994,49800,100.00%,4889,174.73%,0,121.32000000000002,$6.99,PHI 2,MEM 1,user8,1,marvalshot,17643,4660811708_8
Ja Morant (38027166),Lonnie Walker IV (38027834),Ricky Council IV (38028162),Naji Marshall (38027277),Onyeka Okongwu (38027263),Scotty Pippen Jr. (38027693),Pascal Siakam (38027194),Josh Giddey (38027174),314.67999999999995,408.54999999999995,49500,100.00%,44563,3825.33%,227,138.07,$153.01,MEM 2,PHI 2,user32,1,marvalshot,17678,4660811709_32
Luka Doncic (38027108),Jared Butler (38027702),Justin Edwards (38027654),Naji Marshall (38027277),Onyeka Okongwu (38027263),Lonnie Walker IV (38027834),Kessler Edwards (38027689),Ja Morant (38027166),313.25,404.3,50000,100.00%,36077,532.4%,5,130.86,$21.3,PHI 3,DAL 2,user5,49,marvalshot,17696,4660811710_5
Jared Butler (38027702),Lonnie Walker IV (38027834),Jaylen Brown (38027189),Chet Holmgren (38027230),Onyeka Okongwu (38027263),Scotty Pippen Jr. (38027693),Naji Marshall (38027277),Josh Giddey (38027174),315.47,413.3,49300,100.00%,48512,4212.46%,106,141.36,$168.5,PHI 2,BOS 1,user49,1,marvalshot,17511,4660811703_49
Josh Giddey (38027174),Lonnie Walker IV (38027834),Naji Marshall (38027277),John Collins (38027297),Onyeka Okongwu (38027263),Russell Westbrook (38027394),Pascal Siakam (38027194),Scotty Pippen Jr. (38027693),310.83,403.76,49900,100.00%,14704,315.33%,1,127.68,$12.61,CHI 1,PHI 1,user1,1,marvalshot,17512,4660811704_1
Jared Butler (38027702),Lonnie Walker IV (38027834),Ricky Council IV (38028162),Bam Adebayo (38027134),Onyeka Okongwu (38027263),Josh Giddey (38027174),Naji Marshall (38027277),Desmond Bane (38027201),314.71,406.18999999999994,49900,100.00%,45745,1082.73%,22,138.51,$43.31,PHI 3,MIA 1,user6,50,marvalshot,368,4660811705_6
Payton Pritchard (38027372),Lonnie Walker IV (38027834),Klay Thompson (38027341),Michael Porter Jr. (38027306),Onyeka Okongwu (38027263),Spencer Dinwiddie (38027386),Naji Marshall (38027277),Tyler Herro (38027152),309.62,391.52,49600,100.00%,7645,227.68%,0,113.86999999999999,$9.11,DAL 3,BOS 1,user43,1,marvalshot,17579,4660811706_43
Scotty Pippen Jr. (38027693),Jared Butler (38027702),Klay Thompson (38027341),Naji Marshall (38027277),Onyeka Okongwu (38027263),Russell Westbrook (38027394),Kessler Edwards (38027689),Nikola Jokic (38027106),311.82,406.57,50000,100.00%,22772,556.01%,9,138.07999999999998,$22.24,DAL 3,DEN 2,user26,1,marvalshot,17611,4660811707_26
Jared Butler (38027702),Desmond Bane (38027201),Scottie Barnes (38027184),Ricky Council IV (38028162),Onyeka Okongwu (38027263),Ja Morant (38027166),Naji Marshall (38027277),Kessler Edwards (38027689),309.10999999999996,404.34999999999997,49600,100.00%,4199,171.16%,0,128.89000000000001,$6.85,PHI 2,MEM 2,user10,1,marvalshot,17645,4660811708_10
Devin Booker (38027145),Lonnie Walker IV (38027834),Ricky Council IV (38028162),Naji Marshall (38027277),Onyeka Okongwu (38027263),Josh Giddey (38027174),Dante Exum (38027642),Desmond Bane (38027201),314.53,402.15999999999997,49900,100.00%,43354,3349.58%,151,129.47,$133.98,PHI 2,DAL 2,user4,1,marvalshot,17650,4660811709_4
Luka Doncic (38027108),Jared Butler (38027702),Justin Edwards (38027654),Naji Marshall (38027277),Onyeka Okongwu (38027263),Lonnie Walker IV (38027834),Kessler Edwards (38027689),Ja Morant (38027166),313.25,404.3,50000,100.00%,36077,532.4%,5,130.86,$21.3,PHI 3,DAL 2,user6,49,marvalshot,17696,4660811710_6
Jared Butler (38027702),Lonnie Walker IV (38027834),Jaylen Brown (38027189),Michael Porter Jr. (38027306),Onyeka Okongwu (38027263),Russell Westbrook (38027394),Naji Marshall (38027277),Ja Morant (38027166),315.24,409.02,49900,100.00%,47903,3773.55%,67,140.48000000000002,$150.94,PHI 2,DEN 2,user29,1,marvalshot,17495,4660811703_29
Russell Westbrook (38027394),Lonnie Walker IV (38027834),Dante Exum (38027642),John Collins (38027297),Onyeka Okongwu (38027263),Desmond Bane (38027201),Naji Marshall (38027277),Josh Giddey (38027174),310.88,400.25,49800,100.00%,14949,306.23%,0,127.11999999999999,$12.25,DAL 2,DEN 1,user12,1,marvalshot,17523,4660811704_12
Jared Butler (38027702),Lonnie Walker IV (38027834),Ricky Council IV (38028162),Bam Adebayo (38027134),Onyeka Okongwu (38027263),Josh Giddey (38027174),Naji Marshall (38027277),Desmond Bane (38027201),314.71,406.18999999999994,49900,100.00%,45745,1082.73%,22,138.51,$43.31,PHI 3,MIA 1,user7,50,marvalshot,368,4660811705_7
Payton Pritchard (38027372),Lonnie Walker IV (38027834),Naji Marshall (38027277),Dillon Brooks (38027530),Onyeka Okongwu (38027263),Josh Giddey (38027174),Bennedict Mathurin (38027432),Tyler Herro (38027152),309.79,392.38,50000,100.00%,8136,223.18%,0,115.56,$8.93,BOS 1,PHI 1,user49,1,marvalshot,17585,4660811706_49
Russell Westbrook (38027394),Jared Butler (38027702),Michael Porter Jr. (38027306),Kessler Edwards (38027689),Onyeka Okongwu (38027263),Desmond Bane (38027201),Naji Marshall (38027277),Josh Giddey (38027174),311.78,398.03999999999996,49800,100.00%,22524,432.71%,1,124.4,$17.31,DEN 2,DAL 2,user42,1,marvalshot,17628,4660811707_42
Jared Butler (38027702),Spencer Dinwiddie (38027386),Scottie Barnes (38027184),Ricky Council IV (38028162),Onyeka Okongwu (38027263),Josh Giddey (38027174),Naji Marshall (38027277),Myles Turner (38027281),308.73,400.83000000000004,49900,100.00%,4067,169.56%,0,109.72,$6.78,PHI 2,DAL 2,user4,1,marvalshot,17639,4660811708_4
Josh Giddey (38027174),Lonnie Walker IV (38027834),Ricky Council IV (38028162),Michael Porter Jr. (38027306),Onyeka Okongwu (38027263),Scotty Pippen Jr. (38027693),Naji Marshall (38027277),Shai Gilgeous-Alexander (38027111),314.48,409.28,50000,100.00%,43133,3153.54%,133,133.87,$126.14,PHI 2,CHI 1,user16,1,marvalshot,17662,4660811709_16
Luka Doncic (38027108),Jared Butler (38027702),Justin Edwards (38027654),Naji Marshall (38027277),Onyeka Okongwu (38027263),Lonnie Walker IV (38027834),Kessler Edwards (38027689),Ja Morant (38027166),313.25,404.3,50000,100.00%,36077,532.4%,5,130.86,$21.3,PHI 3,DAL 2,user7,49,marvalshot,17696,4660811710_7
Jared Butler (38027702),Lonnie Walker IV (38027834),Jaylen Brown (38027189),Naji Marshall (38027277),Onyeka Okongwu (38027263),Josh Giddey (38027174),Chet Holmgren (38027230),Nick Richards (38027533),315.03000000000003,413.94000000000005,49900,100.00%,47140,3210.36%,72,120.84,$128.41,PHI 2,BOS 1,user18,1,marvalshot,17485,4660811703_18
Josh Giddey (38027174),Lonnie Walker IV (38027834),Naji Marshall (38027277),John Collins (38027297),Onyeka Okongwu (38027263),Scotty Pippen Jr. (38027693),Pascal Siakam (38027194),Spencer Dinwiddie (38027386),310.46000000000004,401.1,50000,100.00%,12277,281.38%,0,112.77000000000001,$11.26,DAL 2,CHI 1,user11,1,marvalshot,17522,4660811704_11
Jared Butler (38027702),Lonnie Walker IV (38027834),Ricky Council IV (38028162),Bam Adebayo (38027134),Onyeka Okongwu (38027263),Josh Giddey (38027174),Naji Marshall (38027277),Desmond Bane (38027201),314.71,406.18999999999994,49900,100.00%,45745,1082.73%,22,138.51,$43.31,PHI 3,MIA 1,user8,50,marvalshot,368,4660811705_8
Payton Pritchard (38027372),Lonnie Walker IV (38027834),Bennedict Mathurin (38027432),Pascal Siakam (38027194),Onyeka Okongwu (38027263),Tre Jones (38027488),Naji Marshall (38027277),Tyler Herro (38027152),309.47,396.20000000000005,49900,100.00%,6887,217.55%,0,115.71000000000001,$8.7,IND 2,BOS 1,user38,1,marvalshot,17574,4660811706_38
Russell Westbrook (38027394),Jared Butler (38027702),Naji Marshall (38027277),Kessler Edwards (38027689),Onyeka Okongwu (38027263),Ja Morant (38027166),Klay Thompson (38027341),Desmond Bane (38027201),311.62,401.82,49600,100.00%,21031,424.82%,0,131.51000000000002,$16.99,DAL 3,MEM 2,user38,1,marvalshot,17624,4660811707_38
Jared Butler (38027702),Desmond Bane (38027201),Scottie Barnes (38027184),Ricky Council IV (38028162),Onyeka Okongwu (38027263),Josh Giddey (38027174),Dante Exum (38027642),Naji Marshall (38027277),308.90999999999997,404.16999999999996,49700,100.00%,4060,168.75%,0,128.10000000000002,$6.75,PHI 2,DAL 2,user7,1,marvalshot,17642,4660811708_7
Ja Morant (38027166),Lonnie Walker IV (38027834),Ricky Council IV (38028162),Naji Marshall (38027277),Onyeka Okongwu (38027263),Scotty Pippen Jr. (38027693),Klay Thompson (38027341),Shai Gilgeous-Alexander (38027111),314.32,413.06,49800,100.00%,42601,3070.89%,131,140.98,$122.84,MEM 2,PHI 2,user30,1,marvalshot,17676,4660811709_30
Luka Doncic (38027108),Jared Butler (38027702),Justin Edwards (38027654),Naji Marshall (38027277),Onyeka Okongwu (38027263),Lonnie Walker IV (38027834),Kessler Edwards (38027689),Ja Morant (38027166),313.25,404.3,50000,100.00%,36077,532.4%,5,130.86,$21.3,PHI 3,DAL 2,user8,49,marvalshot,17696,4660811710_8
Jared Butler (38027702),Lonnie Walker IV (38027834),Jaylen Brown (38027189),Naji Marshall (38027277),Onyeka Okongwu (38027263),Shai Gilgeous-Alexander (38027111),Bennedict Mathurin (38027432),Scotty Pippen Jr. (38027693),314.92,415.9,49700,100.00%,46805,3115.52%,99,145.9,$124.62,PHI 2,BOS 1,user34,1,marvalshot,17500,4660811703_34
Ja Morant (38027166),Lonnie Walker IV (38027834),Naji Marshall (38027277),John Collins (38027297),Onyeka Okongwu (38027263),Desmond Bane (38027201),Kessler Edwards (38027689),Spencer Dinwiddie (38027386),310.71,397.77,49800,100.00%,13252,280.85%,0,113.0,$11.23,DAL 3,MEM 2,user22,1,marvalshot,17533,4660811704_22
Jared Butler (38027702),Lonnie Walker IV (38027834),Ricky Council IV (38028162),Bam Adebayo (38027134),Onyeka Okongwu (38027263),Josh Giddey (38027174),Naji Marshall (38027277),Desmond Bane (38027201),314.71,406.18999999999994,49900,100.00%,45745,1082.73%,22,138.51,$43.31,PHI 3,MIA 1,user9,50,marvalshot,368,4660811705_9
Payton Pritchard (38027372),Lonnie Walker IV (38027834),Bennedict Mathurin (38027432),Naji Marshall (38027277),Onyeka Okongwu (38027263),Russell Westbrook (38027394),Coby White (38027240),Tyler Herro (38027152),309.26,392.96,49600,100.00%,5711,201.9%,0,128.64,$8.08,BOS 1,PHI 1,user11,1,marvalshot,17547,4660811706_11
Russell Westbrook (38027394),Jared Butler (38027702),Dante Exum (38027642),Naji Marshall (38027277),Onyeka Okongwu (38027263),Josh Giddey (38027174),Klay Thompson (38027341),Desmond Bane (38027201),311.41999999999996,401.64,49700,100.00%,19412,406.1%,2,130.72,$16.24,DAL 3,DEN 1,user3,1,marvalshot,17588,4660811707_3
Jared Butler (38027702),Spencer Dinwiddie (38027386),Scottie Barnes (38027184),Ricky Council IV (38028162),Onyeka Okongwu (38027263),Shai Gilgeous-Alexander (38027111),Naji Marshall (38027277),Scotty Pippen Jr. (38027693),308.05,408.62,49700,100.00%,2247,150.17%,0,131.02,$6.01,PHI 2,DAL 2,user6,1,marvalshot,17641,4660811708_6
Josh Giddey (38027174),Lonnie Walker IV (38027834),Ricky Council IV (38028162),Naji Marshall (38027277),Onyeka Okongwu (38027263),Spencer Dinwiddie (38027386),Klay Thompson (38027341),Alperen Sengun (38027129),314.03,401.34,49800,100.00%,40409,2555.37%,138,113.82999999999998,$102.21,DAL 3,PHI 2,user2,1,marvalshot,17648,4660811709_2
Luka Doncic (38027108),Jared Butler (38027702),Justin Edwards (38027654),Naji Marshall (38027277),Onyeka Okongwu (38027263),Lonnie Walker IV (38027834),Kessler Edwards (38027689),Ja Morant (38027166),313.25,404.3,50000,100.00%,36077,532.4%,5,130.86,$21.3,PHI 3,DAL 2,user9,49,marvalshot,17696,4660811710_9
Jared Butler (38027702),Lonnie Walker IV (38027834),Jaylen Brown (38027189),Naji Marshall (38027277),Onyeka Okongwu (38027263),Devin Booker (38027145),Chet Holmgren (38027230),Scotty Pippen Jr. (38027693),314.33000000000004,411.81000000000006,49900,100.00%,43950,2074.19%,57,137.44,$82.97,PHI 2,BOS 1,user28,1,marvalshot,17494,4660811703_28
Spencer Dinwiddie (38027386),Lonnie Walker IV (38027834),Dante Exum (38027642),John Collins (38027297),Onyeka Okongwu (38027263),Desmond Bane (38027201),Naji Marshall (38027277),Josh Giddey (38027174),310.51,397.59,49900,100.00%,12454,277.83%,1,112.21,$11.11,DAL 3,PHI 1,user7,1,marvalshot,17518,4660811704_7
Jared Butler (38027702),Lonnie Walker IV (38027834),Ricky Council IV (38028162),Bam Adebayo (38027134),Onyeka Okongwu (38027263),Josh Giddey (38027174),Naji Marshall (38027277),Desmond Bane (38027201),314.71,406.18999999999994,49900,100.00%,45745,1082.73%,22,138.51,$43.31,PHI 3,MIA 1,user10,50,marvalshot,368,4660811705_10
Payton Pritchard (38027372),Lonnie Walker IV (38027834),Naji Marshall (38027277),Kevin Durant (38027138),Onyeka Okongwu (38027263),Scotty Pippen Jr. (38027693),Dante Exum (38027642),Tyler Herro (38027152),309.14,395.65999999999997,49300,100.00%,5301,193.68%,0,140.58,$7.75,DAL 2,BOS 1,user19,1,marvalshot,17555,4660811706_19
Scotty Pippen Jr. (38027693),Jared Butler (38027702),Coby White (38027240),Naji Marshall (38027277),Onyeka Okongwu (38027263),Josh Giddey (38027174),Kessler Edwards (38027689),Ja Morant (38027166),311.51,402.25,49900,100.00%,19956,391.89%,0,123.92,$15.68,MEM 2,CHI 2,user1,1,marvalshot,17586,4660811707_1
Jared Butler (38027702),Desmond Bane (38027201),Scottie Barnes (38027184),Ricky Council IV (38028162),Onyeka Okongwu (38027263),Tyus Jones (38027611),Naji Marshall (38027277),Ja Morant (38027166),308.13,405.02,49900,100.00%,2045,147.67%,0,125.44000000000001,$5.91,PHI 2,MEM 2,user9,1,marvalshot,17644,4660811708_9
Josh Giddey (38027174),Lonnie Walker IV (38027834),Ricky Council IV (38028162),Kessler Edwards (38027689),Onyeka Okongwu (38027263),Klay Thompson (38027341),Naji Marshall (38027277),Shai Gilgeous-Alexander (38027111),314.43,406.02,49700,100.00%,43636,2230.07%,12,122.49999999999999,$89.2,DAL 3,PHI 2,user15,1,marvalshot,17661,4660811709_15
Luka Doncic (38027108),Jared Butler (38027702),Justin Edwards (38027654),Naji Marshall (38027277),Onyeka Okongwu (38027263),Lonnie Walker IV (38027834),Kessler Edwards (38027689),Ja Morant (38027166),313.25,404.3,50000,100.00%,36077,532.4%,5,130.86,$21.3,PHI 3,DAL 2,user10,49,marvalshot,17696,4660811710_10
Jared Butler (38027702),Lonnie Walker IV (38027834),Jaylen Brown (38027189),Chet Holmgren (38027230),Onyeka Okongwu (38027263),Ja Morant (38027166),Naji Marshall (38027277),Scotty Pippen Jr. (38027693),314.53000000000003,414.69000000000005,49400,100.00%,45712,2071.86%,24,145.48000000000002,$82.87,PHI 2,MEM 2,user27,1,marvalshot,17493,4660811703_27
Scotty Pippen Jr. (38027693),Lonnie Walker IV (38027834),Naji Marshall (38027277),John Collins (38027297),Onyeka Okongwu (38027263),Josh Giddey (38027174),Kessler Edwards (38027689),Alperen Sengun (38027129),310.52,401.28999999999996,49700,100.00%,12190,263.34%,0,117.76,$10.53,DAL 2,MEM 1,user6,1,marvalshot,17517,4660811704_6
Jared Butler (38027702),Lonnie Walker IV (38027834),Ricky Council IV (38028162),Bam Adebayo (38027134),Onyeka Okongwu (38027263),Josh Giddey (38027174),Naji Marshall (38027277),Desmond Bane (38027201),314.71,406.18999999999994,49900,100.00%,45745,1082.73%,22,138.51,$43.31,PHI 3,MIA 1,user11,50,marvalshot,368,4660811705_11
Payton Pritchard (38027372),Lonnie Walker IV (38027834),Devin Vassell (38027330),Naji Marshall (38027277),Onyeka Okongwu (38027263),Desmond Bane (38027201),Kessler Edwards (38027689),Tyler Herro (38027152),309.33,391.92999999999995,49700,100.00%,5892,190.52%,0,123.72999999999999,$7.62,DAL 2,BOS 1,user14,1,marvalshot,17550,4660811706_14
Spencer Dinwiddie (38027386),Jared Butler (38027702),Klay Thompson (38027341),Pascal Siakam (38027194),Onyeka Okongwu (38027263),Scotty Pippen Jr. (38027693),Naji Marshall (38027277),Josh Giddey (38027174),311.0,402.49,49900,100.00%,16384,383.21%,4,116.37,$15.33,DAL 3,PHI 1,user15,1,marvalshot,17600,4660811707_15
Jared Butler (38027702),Desmond Bane (38027201),Scottie Barnes (38027184),Ricky Council IV (38028162),Onyeka Okongwu (38027263),Dante Exum (38027642),Naji Marshall (38027277),Ja Morant (38027166),307.97,405.56000000000006,49800,100.00%,1681,141.77%,0,132.22000000000003,$5.67,PHI 2,MEM 2,user,39,marvalshot,6434,4660811708
Shai Gilgeous-Alexander (38027111),Lonnie Walker IV (38027834),Ricky Council IV (38028162),Naji Marshall (38027277),Onyeka Okongwu (38027263),Desmond Bane (38027201),Bennedict Mathurin (38027432),Russell Westbrook (38027394),313.86,407.63,49800,100.00%,39520,2194.81%,101,141.32,$87.79,PHI 2,OKC 1,user47,1,marvalshot,17693,4660811709_47
Luka Doncic (38027108),Jared Butler (38027702),Justin Edwards (38027654),Naji Marshall (38027277),Onyeka Okongwu (38027263),Lonnie Walker IV (38027834),Kessler Edwards (38027689),Ja Morant (38027166),313.25,404.3,50000,100.00%,36077,532.4%,5,130.86,$21.3,PHI 3,DAL 2,user11,49,marvalshot,17696,4660811710_11
Jared Butler (38027702),Lonnie Walker IV (38027834),Jaylen Brown (38027189),Chet Holmgren (38027230),Onyeka Okongwu (38027263),Josh Giddey (38027174),Naji Marshall (38027277),Kessler Edwards (38027689),314.64,407.65,49300,100.00%,46651,1719.94%,0,127.0,$68.8,PHI 2,DAL 2,user40,1,marvalshot,17506,4660811703_40
Ja Morant (38027166),Lonnie Walker IV (38027834),Dante Exum (38027642),John Collins (38027297),Onyeka Okongwu (38027263),Desmond Bane (38027201),Naji Marshall (38027277),Russell Westbrook (38027394),309.94,401.64,49900,100.00%,8357,226.51%,1,131.24,$9.06,MEM 2,DAL 2,user5,1,marvalshot,17516,4660811704_5
Jared Butler (38027702),Lonnie Walker IV (38027834),Ricky Council IV (38028162),Bam Adebayo (38027134),Onyeka Okongwu (38027263),Josh Giddey (38027174),Naji Marshall (38027277),Desmond Bane (38027201),314.71,406.18999999999994,49900,100.00%,45745,1082.73%,22,138.51,$43.31,PHI 3,MIA 1,user12,50,marvalshot,368,4660811705_12
Payton Pritchard (38027372),Lonnie Walker IV (38027834),Bennedict Mathurin (38027432),Chet Holmgren (38027230),Onyeka Okongwu (38027263),Josh Giddey (38027174),Kessler Edwards (38027689),Tyler Herro (38027152),308.71999999999997,396.0,49900,100.00%,4700,182.36%,0,108.53999999999999,$7.29,BOS 1,PHI 1,user44,1,marvalshot,17580,4660811706_44
Russell Westbrook (38027394),Jared Butler (38027702),Bennedict Mathurin (38027432),Chet Holmgren (38027230),Onyeka Okongwu (38027263),Spencer Dinwiddie (38027386),Naji Marshall (38027277),Josh Giddey (38027174),310.86,400.15,49700,100.00%,15138,359.96%,3,115.68,$14.4,DAL 2,DEN 1,user24,1,marvalshot,17609,4660811707_24
Jared Butler (38027702),Desmond Bane (38027201),Scottie Barnes (38027184),Ricky Council IV (38028162),Onyeka Okongwu (38027263),Ja Morant (38027166),Dante Exum (38027642),Naji Marshall (38027277),307.96999999999997,405.55999999999995,49800,100.00%,1681,141.77%,0,132.22000000000003,$5.67,PHI 2,MEM 2,user12,39,marvalshot,6434,4660811708_12
Russell Westbrook (38027394),Lonnie Walker IV (38027834),Ricky Council IV (38028162),Kessler Edwards (38027689),Onyeka Okongwu (38027263),Shai Gilgeous-Alexander (38027111),Naji Marshall (38027277),Josh Giddey (38027174),314.35,405.11,49200,100.00%,43053,2187.88%,28,136.85999999999999,$87.52,PHI 2,DAL 2,user1,1,marvalshot,17647,4660811709_1
Luka Doncic (38027108),Jared Butler (38027702),Justin Edwards (38027654),Naji Marshall (38027277),Onyeka Okongwu (38027263),Lonnie Walker IV (38027834),Kessler Edwards (38027689),Ja Morant (38027166),313.25,404.3,50000,100.00%,36077,532.4%,5,130.86,$21.3,PHI 3,DAL 2,user12,49,marvalshot,17696,4660811710_12
Jared Butler (38027702),Lonnie Walker IV (38027834),Jaylen Brown (38027189),Chet Holmgren (38027230),Onyeka Okongwu (38027263),Ja Morant (38027166),Naji Marshall (38027277),Nick Richards (38027533),314.09000000000003,415.33000000000004,50000,100.00%,42657,1710.25%,28,124.96000000000001,$68.41,PHI 2,BOS 1,user16,1,marvalshot,17484,4660811703_16
Scotty Pippen Jr. (38027693),Lonnie Walker IV (38027834),Naji Marshall (38027277),John Collins (38027297),Onyeka Okongwu (38027263),Russell Westbrook (38027394),Pascal Siakam (38027194),Ja Morant (38027166),309.89,405.15,50000,100.00%,8142,223.62%,0,131.8,$8.94,MEM 2,PHI 1,user4,1,marvalshot,17515,4660811704_4
Jared Butler (38027702),Lonnie Walker IV (38027834),Ricky Council IV (38028162),Bam Adebayo (38027134),Onyeka Okongwu (38027263),Josh Giddey (38027174),Naji Marshall (38027277),Desmond Bane (38027201),314.71,406.18999999999994,49900,100.00%,45745,1082.73%,22,138.51,$43.31,PHI 3,MIA 1,user13,50,marvalshot,368,4660811705_13
Payton Pritchard (38027372),Lonnie Walker IV (38027834),Naji Marshall (38027277),Kessler Edwards (38027689),Onyeka Okongwu (38027263),De'Aaron Fox (38027159),Bennedict Mathurin (38027432),Tyler Herro (38027152),308.03000000000003,390.45000000000005,49800,100.00%,1950,147.97%,0,120.19999999999999,$5.92,DAL 2,BOS 1,user34,1,marvalshot,17570,4660811706_34
Josh Giddey (38027174),Jared Butler (38027702),Bennedict Mathurin (38027432),Naji Marshall (38027277),Onyeka Okongwu (38027263),Shai Gilgeous-Alexander (38027111),Kessler Edwards (38027689),Jay Huff (38028099),311.0799999999999,405.9099999999999,49300,100.00%,16682,341.84%,1,123.71000000000001,$13.67,DAL 2,CHI 1,user20,1,marvalshot,17605,4660811707_20
Jared Butler (38027702),Desmond Bane (38027201),Scottie Barnes (38027184),Ricky Council IV (38028162),Onyeka Okongwu (38027263),Ja Morant (38027166),Dante Exum (38027642),Naji Marshall (38027277),307.96999999999997,405.55999999999995,49800,100.00%,1681,141.77%,0,132.22000000000003,$5.67,PHI 2,MEM 2,user13,39,marvalshot,6434,4660811708_13
Josh Giddey (38027174),Lonnie Walker IV (38027834),Ricky Council IV (38028162),Naji Marshall (38027277),Onyeka Okongwu (38027263),Russell Westbrook (38027394),Michael Porter Jr. (38027306),Alperen Sengun (38027129),313.61999999999995,401.60999999999996,50000,100.00%,37771,1553.75%,40,125.74999999999999,$62.15,PHI 2,DEN 2,user13,1,marvalshot,17659,4660811709_13
Luka Doncic (38027108),Jared Butler (38027702),Justin Edwards (38027654),Naji Marshall (38027277),Onyeka Okongwu (38027263),Lonnie Walker IV (38027834),Kessler Edwards (38027689),Ja Morant (38027166),313.25,404.3,50000,100.00%,36077,532.4%,5,130.86,$21.3,PHI 3,DAL 2,user13,49,marvalshot,17696,4660811710_13
Jared Butler (38027702),Lonnie Walker IV (38027834),Jaylen Brown (38027189),Naji Marshall (38027277),Onyeka Okongwu (38027263),Desmond Bane (38027201),Bennedict Mathurin (38027432),Chet Holmgren (38027230),314.15000000000003,410.1700000000001,49900,100.00%,43408,1463.48%,5,131.46,$58.54,PHI 2,BOS 1,user42,2,marvalshot,4345,4660811703_42
Scotty Pippen Jr. (38027693),Lonnie Walker IV (38027834),Naji Marshall (38027277),John Collins (38027297),Onyeka Okongwu (38027263),Josh Giddey (38027174),Bennedict Mathurin (38027432),Desmond Bane (38027201),310.04999999999995,401.44999999999993,49300,100.00%,8992,218.98%,0,126.66,$8.76,MEM 2,PHI 1,user14,1,marvalshot,17525,4660811704_14
Jared Butler (38027702),Lonnie Walker IV (38027834),Ricky Council IV (38028162),Bam Adebayo (38027134),Onyeka Okongwu (38027263),Josh Giddey (38027174),Naji Marshall (38027277),Desmond Bane (38027201),314.71,406.18999999999994,49900,100.00%,45745,1082.73%,22,138.51,$43.31,PHI 3,MIA 1,user14,50,marvalshot,368,4660811705_14
Payton Pritchard (38027372),Lonnie Walker IV (38027834),Dante Exum (38027642),Naji Marshall (38027277),Onyeka Okongwu (38027263),Desmond Bane (38027201),Tari Eason (38027346),Tyler Herro (38027152),307.72,393.46000000000004,49800,100.00%,1681,142.67%,0,127.88000000000001,$5.71,DAL 2,BOS 1,user29,1,marvalshot,17565,4660811706_29
Josh Giddey (38027174),Jared Butler (38027702),Naji Marshall (38027277),Chet Holmgren (38027230),Onyeka Okongwu (38027263),Ja Morant (38027166),Aaron Nesmith (38027457),Jay Huff (38028099),310.52,405.61,50000,100.00%,12820,302.37%,3,113.64,$12.09,MEM 2,CHI 1,user44,1,marvalshot,17630,4660811707_44
Jared Butler (38027702),Desmond Bane (38027201),Scottie Barnes (38027184),Ricky Council IV (38028162),Onyeka Okongwu (38027263),Ja Morant (38027166),Dante Exum (38027642),Naji Marshall (38027277),307.96999999999997,405.55999999999995,49800,100.00%,1681,141.77%,0,132.22000000000003,$5.67,PHI 2,MEM 2,user14,39,marvalshot,6434,4660811708_14
Russell Westbrook (38027394),Lonnie Walker IV (38027834),Ricky Council IV (38028162),Naji Marshall (38027277),Onyeka Okongwu (38027263),Desmond Bane (38027201),Chet Holmgren (38027230),Ja Morant (38027166),313.47,406.42,49500,100.00%,37130,1456.84%,23,140.89999999999998,$58.27,PHI 2,MEM 2,user28,1,marvalshot,17674,4660811709_28
Luka Doncic (38027108),Jared Butler (38027702),Justin Edwards (38027654),Naji Marshall (38027277),Onyeka Okongwu (38027263),Lonnie Walker IV (38027834),Kessler Edwards (38027689),Ja Morant (38027166),313.25,404.3,50000,100.00%,36077,532.4%,5,130.86,$21.3,PHI 3,DAL 2,user14,49,marvalshot,17696,4660811710_14
Jared Butler (38027702),Lonnie Walker IV (38027834),Jaylen Brown (38027189),Naji Marshall (38027277),Onyeka Okongwu (38027263),Devin Booker (38027145),Pascal Siakam (38027194),Jay Huff (38028099),313.63,409.71,49800,100.00%,39027,1410.6%,36,132.36,$56.42,PHI 2,BOS 1,user33,1,marvalshot,17499,4660811703_33
Russell Westbrook (38027394),Lonnie Walker IV (38027834),Naji Marshall (38027277),John Collins (38027297),Onyeka Okongwu (38027263),Josh Giddey (38027174),Kessler Edwards (38027689),Pascal Siakam (38027194),310.0,398.11,49900,100.00%,8650,217.18%,0,113.32000000000001,$8.69,DAL 2,DEN 1,user15,1,marvalshot,17526,4660811704_15
Jared Butler (38027702),Lonnie Walker IV (38027834),Ricky Council IV (38028162),Bam Adebayo (38027134),Onyeka Okongwu (38027263),Josh Giddey (38027174),Naji Marshall (38027277),Desmond Bane (38027201),314.71,406.18999999999994,49900,100.00%,45745,1082.73%,22,138.51,$43.31,PHI 3,MIA 1,user15,50,marvalshot,368,4660811705_15
Payton Pritchard (38027372),Lonnie Walker IV (38027834),Bennedict Mathurin (38027432),Naji Marshall (38027277),Onyeka Okongwu (38027263),Devin Booker (38027145),Gregory Jackson (38027792),Tyler Herro (38027152),307.57,393.03999999999996,49700,100.00%,1418,140.01%,0,116.41,$5.6,BOS 1,PHI 1,user18,1,marvalshot,17554,4660811706_18
Scotty Pippen Jr. (38027693),Jared Butler (38027702),Naji Marshall (38027277),Kessler Edwards (38027689),Onyeka Okongwu (38027263),Josh Giddey (38027174),Chet Holmgren (38027230),Desmond Bane (38027201),311.07,403.71,49300,100.00%,16305,302.05%,0,129.39999999999998,$12.08,MEM 2,DAL 2,user,1,marvalshot,10078,4660811707
Jared Butler (38027702),Desmond Bane (38027201),Scottie Barnes (38027184),Ricky Council IV (38028162),Onyeka Okongwu (38027263),Ja Morant (38027166),Dante Exum (38027642),Naji Marshall (38027277),307.96999999999997,405.55999999999995,49800,100.00%,1681,141.77%,0,132.22000000000003,$5.67,PHI 2,MEM 2,user15,39,marvalshot,6434,4660811708_15
Devin Booker (38027145),Lonnie Walker IV (38027834),Ricky Council IV (38028162),Chet Holmgren (38027230),Onyeka Okongwu (38027263),Desmond Bane (38027201),Naji Marshall (38027277),Russell Westbrook (38027394),313.27000000000004,403.54,50000,100.00%,35072,1388.72%,28,132.86,$55.55,PHI 2,PHX 1,user14,1,marvalshot,17660,4660811709_14
Luka Doncic (38027108),Jared Butler (38027702),Justin Edwards (38027654),Naji Marshall (38027277),Onyeka Okongwu (38027263),Lonnie Walker IV (38027834),Kessler Edwards (38027689),Ja Morant (38027166),313.25,404.3,50000,100.00%,36077,532.4%,5,130.86,$21.3,PHI 3,DAL 2,user15,49,marvalshot,17696,4660811710_15
Jared Butler (38027702),Lonnie Walker IV (38027834),Jaylen Brown (38027189),Naji Marshall (38027277),Onyeka Okongwu (38027263),Spencer Dinwiddie (38027386),Bennedict Mathurin (38027432),Alperen Sengun (38027129),313.69,405.57,49800,100.00%,39720,1294.46%,3,122.87,$51.78,PHI 2,DAL 2,user6,1,marvalshot,17476,4660811703_6
Tre Jones (38027488),Lonnie Walker IV (38027834),Naji Marshall (38027277),John Collins (38027297),Onyeka Okongwu (38027263),Ja Morant (38027166),Kessler Edwards (38027689),Josh Giddey (38027174),309.98,398.58000000000004,49600,100.00%,8151,211.44%,0,106.62,$8.46,CHI 2,DAL 2,user3,1,marvalshot,17514,4660811704_3
Jared Butler (38027702),Lonnie Walker IV (38027834),Ricky Council IV (38028162),Bam Adebayo (38027134),Onyeka Okongwu (38027263),Josh Giddey (38027174),Naji Marshall (38027277),Desmond Bane (38027201),314.71,406.18999999999994,49900,100.00%,45745,1082.73%,22,138.51,$43.31,PHI 3,MIA 1,user16,50,marvalshot,368,4660811705_16
Payton Pritchard (38027372),Lonnie Walker IV (38027834),Bennedict Mathurin (38027432),Naji Marshall (38027277),Onyeka Okongwu (38027263),Tyus Jones (38027611),Pascal Siakam (38027194),Tyler Herro (38027152),307.28000000000003,392.96000000000004,49400,100.00%,1086,133.82%,0,117.6,$5.35,IND 2,BOS 1,user9,1,marvalshot,17545,4660811706_9
Ja Morant (38027166),Jared Butler (38027702),Naji Marshall (38027277),Kessler Edwards (38027689),Onyeka Okongwu (38027263),Russell Westbrook (38027394),Michael Porter Jr. (38027306),Desmond Bane (38027201),310.84,399.42999999999995,49900,100.00%,14304,292.0%,0,128.51999999999998,$11.68,MEM 2,DAL 2,user23,1,marvalshot,17608,4660811707_23
Jared Butler (38027702),Desmond Bane (38027201),Scottie Barnes (38027184),Ricky Council IV (38028162),Onyeka Okongwu (38027263),Ja Morant (38027166),Dante Exum (38027642),Naji Marshall (38027277),307.96999999999997,405.55999999999995,49800,100.00%,1681,141.77%,0,132.22000000000003,$5.67,PHI 2,MEM 2,user16,39,marvalshot,6434,4660811708_16
Josh Giddey (38027174),Lonnie Walker IV (38027834),Ricky Council IV (38028162),Michael Porter Jr. (38027306),Onyeka Okongwu (38027263),Shai Gilgeous-Alexander (38027111),Kessler Edwards (38027689),Naji Marshall (38027277),313.65,403.63,50000,100.00%,38464,1312.9%,15,119.50999999999999,$52.52,PHI 2,DAL 2,user5,1,marvalshot,17651,4660811709_5
Luka Doncic (38027108),Jared Butler (38027702),Justin Edwards (38027654),Naji Marshall (38027277),Onyeka Okongwu (38027263),Lonnie Walker IV (38027834),Kessler Edwards (38027689),Ja Morant (38027166),313.25,404.3,50000,100.00%,36077,532.4%,5,130.86,$21.3,PHI 3,DAL 2,user16,49,marvalshot,17696,4660811710_16
Jared Butler (38027702),Lonnie Walker IV (38027834),Jaylen Brown (38027189),Naji Marshall (38027277),Onyeka Okongwu (38027263),Klay Thompson (38027341),Bennedict Mathurin (38027432),Josh Giddey (38027174),314.15999999999997,406.78,49200,100.00%,43852,1281.5%,4,127.86,$51.26,PHI 2,DAL 2,user17,2,marvalshot,4434,4660811703_17
Ja Morant (38027166),Lonnie Walker IV (38027834),Naji Marshall (38027277),John Collins (38027297),Onyeka Okongwu (38027263),Desmond Bane (38027201),Dante Exum (38027642),Spencer Dinwiddie (38027386),309.57,398.98,50000,100.00%,6665,202.86%,0,116.33000000000001,$8.11,DAL 3,MEM 2,user,1,marvalshot,6522,4660811704
Jared Butler (38027702),Lonnie Walker IV (38027834),Ricky Council IV (38028162),Bam Adebayo (38027134),Onyeka Okongwu (38027263),Josh Giddey (38027174),Naji Marshall (38027277),Desmond Bane (38027201),314.71,406.18999999999994,49900,100.00%,45745,1082.73%,22,138.51,$43.31,PHI 3,MIA 1,user17,50,marvalshot,368,4660811705_17
Payton Pritchard (38027372),Lonnie Walker IV (38027834),Gregory Jackson (38027792),Tari Eason (38027346),Onyeka Okongwu (38027263),Josh Giddey (38027174),Naji Marshall (38027277),Tyler Herro (38027152),307.29,393.56,49900,100.00%,1015,132.58%,0,113.36000000000001,$5.3,BOS 1,PHI 1,user30,1,marvalshot,17566,4660811706_30
Ja Morant (38027166),Jared Butler (38027702),Naji Marshall (38027277),Pascal Siakam (38027194),Onyeka Okongwu (38027263),Russell Westbrook (38027394),Klay Thompson (38027341),Scotty Pippen Jr. (38027693),310.43,406.54,49900,100.00%,11953,291.53%,1,135.4,$11.66,MEM 2,DAL 2,user17,1,marvalshot,17602,4660811707_17
Jared Butler (38027702),Desmond Bane (38027201),Scottie Barnes (38027184),Ricky Council IV (38028162),Onyeka Okongwu (38027263),Ja Morant (38027166),Dante Exum (38027642),Naji Marshall (38027277),307.96999999999997,405.55999999999995,49800,100.00%,1681,141.77%,0,132.22000000000003,$5.67,PHI 2,MEM 2,user17,39,marvalshot,6434,4660811708_17
Shai Gilgeous-Alexander (38027111),Lonnie Walker IV (38027834),Ricky Council IV (38028162),Kessler Edwards (38027689),Onyeka Okongwu (38027263),Klay Thompson (38027341),Naji Marshall (38027277),Ja Morant (38027166),313.49,407.41,49800,100.00%,37639,1270.36%,16,126.62,$50.81,DAL 3,PHI 2,user,1,marvalshot,8875,4660811709
Luka Doncic (38027108),Jared Butler (38027702),Justin Edwards (38027654),Naji Marshall (38027277),Onyeka Okongwu (38027263),Lonnie Walker IV (38027834),Kessler Edwards (38027689),Ja Morant (38027166),313.25,404.3,50000,100.00%,36077,532.4%,5,130.86,$21.3,PHI 3,DAL 2,user17,49,marvalshot,17696,4660811710_17
Jared Butler (38027702),Lonnie Walker IV (38027834),Jaylen Brown (38027189),Kessler Edwards (38027689),Onyeka Okongwu (38027263),Max Christie (38027411),Naji Marshall (38027277),Shai Gilgeous-Alexander (38027111),314.02,406.46,49900,100.00%,42785,1227.88%,2,130.56,$49.12,DAL 3,PHI 2,user46,2,marvalshot,4362,4660811703_46
Josh Giddey (38027174),Lonnie Walker IV (38027834),Bennedict Mathurin (38027432),John Collins (38027297),Onyeka Okongwu (38027263),Ja Morant (38027166),Naji Marshall (38027277),Jay Huff (38028099),309.66999999999996,402.43999999999994,49000,100.00%,6845,200.26%,0,120.55000000000001,$8.01,MEM 2,CHI 1,user18,1,marvalshot,17529,4660811704_18
Jared Butler (38027702),Lonnie Walker IV (38027834),Ricky Council IV (38028162),Bam Adebayo (38027134),Onyeka Okongwu (38027263),Josh Giddey (38027174),Naji Marshall (38027277),Desmond Bane (38027201),314.71,406.18999999999994,49900,100.00%,45745,1082.73%,22,138.51,$43.31,PHI 3,MIA 1,user18,50,marvalshot,368,4660811705_18
Payton Pritchard (38027372),Lonnie Walker IV (38027834),Dante Exum (38027642),Kessler Edwards (38027689),Onyeka Okongwu (38027263),Josh Giddey (38027174),Pascal Siakam (38027194),Tyler Herro (38027152),306.81000000000006,392.99000000000007,49800,100.00%,1056,127.73%,0,112.56,$5.11,DAL 2,BOS 1,user23,1,marvalshot,17559,4660811706_23
Devin Booker (38027145),Jared Butler (38027702),Naji Marshall (38027277),Chet Holmgren (38027230),Onyeka Okongwu (38027263),Josh Giddey (38027174),Kessler Edwards (38027689),Jay Huff (38028099),310.49,401.82,49500,100.00%,12597,282.5%,3,115.25,$11.3,DAL 2,PHX 1,user43,1,marvalshot,17629,4660811707_43
Jared Butler (38027702),Desmond Bane (38027201),Scottie Barnes (38027184),Ricky Council IV (38028162),Onyeka Okongwu (38027263),Ja Morant (38027166),Dante Exum (38027642),Naji Marshall (38027277),307.96999999999997,405.55999999999995,49800,100.00%,1681,141.77%,0,132.22000000000003,$5.67,PHI 2,MEM 2,user18,39,marvalshot,6434,4660811708_18
Devin Booker (38027145),Lonnie Walker IV (38027834),Ricky Council IV (38028162),Kessler Edwards (38027689),Onyeka Okongwu (38027263),Shai Gilgeous-Alexander (38027111),Naji Marshall (38027277),Russell Westbrook (38027394),313.21000000000004,403.62,49800,100.00%,34992,1165.04%,18,132.94,$46.6,PHI 2,DAL 2,user37,1,marvalshot,17683,4660811709_37
Luka Doncic (38027108),Jared Butler (38027702),Justin Edwards (38027654),Naji Marshall (38027277),Onyeka Okongwu (38027263),Lonnie Walker IV (38027834),Kessler Edwards (38027689),Ja Morant (38027166),313.25,404.3,50000,100.00%,36077,532.4%,5,130.86,$21.3,PHI 3,DAL 2,user18,49,marvalshot,17696,4660811710_18
Jared Butler (38027702),Lonnie Walker IV (38027834),Jaylen Brown (38027189),Kessler Edwards (38027689),Onyeka Okongwu (38027263),Shai Gilgeous-Alexander (38027111),Bennedict Mathurin (38027432),Naji Marshall (38027277),314.09,410.24999999999994,49700,100.00%,43669,1222.22%,0,131.54,$48.89,PHI 2,DAL 2,user41,1,marvalshot,17507,4660811703_41
Josh Giddey (38027174),Lonnie Walker IV (38027834),Naji Marshall (38027277),John Collins (38027297),Onyeka Okongwu (38027263),Desmond Bane (38027201),Bennedict Mathurin (38027432),Nick Richards (38027533),309.61,402.09000000000003,49900,100.00%,7038,200.18%,0,106.13999999999999,$8.01,CHI 1,PHI 1,user23,1,marvalshot,17534,4660811704_23
Jared Butler (38027702),Lonnie Walker IV (38027834),Ricky Council IV (38028162),Bam Adebayo (38027134),Onyeka Okongwu (38027263),Josh Giddey (38027174),Naji Marshall (38027277),Desmond Bane (38027201),314.71,406.18999999999994,49900,100.00%,45745,1082.73%,22,138.51,$43.31,PHI 3,MIA 1,user19,50,marvalshot,368,4660811705_19
Payton Pritchard (38027372),Lonnie Walker IV (38027834),Dante Exum (38027642),Naji Marshall (38027277),Onyeka Okongwu (38027263),De'Aaron Fox (38027159),Bennedict Mathurin (38027432),Tyler Herro (38027152),306.89000000000004,391.66,50000,100.00%,696,126.47%,0,123.53,$5.06,DAL 2,BOS 1,user10,1,marvalshot,17546,4660811706_10
Josh Giddey (38027174),Jared Butler (38027702),Naji Marshall (38027277),Chet Holmgren (38027230),Onyeka Okongwu (38027263),Desmond Bane (38027201),Kessler Edwards (38027689),Nick Richards (38027533),310.63,404.35,49900,100.00%,13353,274.17%,0,108.88,$10.97,DAL 2,CHI 1,user34,1,marvalshot,17620,4660811707_34
Jared Butler (38027702),Desmond Bane (38027201),Scottie Barnes (38027184),Ricky Council IV (38028162),Onyeka Okongwu (38027263),Ja Morant (38027166),Dante Exum (38027642),Naji Marshall (38027277),307.96999999999997,405.55999999999995,49800,100.00%,1681,141.77%,0,132.22000000000003,$5.67,PHI 2,MEM 2,user19,39,marvalshot,6434,4660811708_19
Russell Westbrook (38027394),Lonnie Walker IV (38027834),Ricky Council IV (38028162),Naji Marshall (38027277),Onyeka Okongwu (38027263),Josh Giddey (38027174),Dante Exum (38027642),Shai Gilgeous-Alexander (38027111),313.21000000000004,406.32000000000005,49400,100.00%,34961,1086.38%,13,140.19,$43.46,PHI 2,DAL 2,user7,1,marvalshot,17653,4660811709_7
Luka Doncic (38027108),Jared Butler (38027702),Justin Edwards (38027654),Naji Marshall (38027277),Onyeka Okongwu (38027263),Lonnie Walker IV (38027834),Kessler Edwards (38027689),Ja Morant (38027166),313.25,404.3,50000,100.00%,36077,532.4%,5,130.86,$21.3,PHI 3,DAL 2,user19,49,marvalshot,17696,4660811710_19
Jared Butler (38027702),Lonnie Walker IV (38027834),Jaylen Brown (38027189),Naji Marshall (38027277),Onyeka Okongwu (38027263),Josh Giddey (38027174),Gregory Jackson (38027792),Desmond Bane (38027201),313.83,408.19,49600,100.00%,41604,995.22%,0,131.43,$39.81,PHI 2,MEM 2,user9,1,marvalshot,17479,4660811703_9
Spencer Dinwiddie (38027386),Lonnie Walker IV (38027834),Naji Marshall (38027277),John Collins (38027297),Onyeka Okongwu (38027263),Josh Giddey (38027174),Kessler Edwards (38027689),Pascal Siakam (38027194),309.63,395.45,50000,100.00%,6855,199.53%,0,98.41,$7.98,DAL 3,PHI 1,user10,1,marvalshot,17521,4660811704_10
Jared Butler (38027702),Lonnie Walker IV (38027834),Ricky Council IV (38028162),Bam Adebayo (38027134),Onyeka Okongwu (38027263),Josh Giddey (38027174),Naji Marshall (38027277),Desmond Bane (38027201),314.71,406.18999999999994,49900,100.00%,45745,1082.73%,22,138.51,$43.31,PHI 3,MIA 1,user20,50,marvalshot,368,4660811705_20
Payton Pritchard (38027372),Lonnie Walker IV (38027834),Keldon Johnson (38027497),Kessler Edwards (38027689),Onyeka Okongwu (38027263),Josh Giddey (38027174),Naji Marshall (38027277),Tyler Herro (38027152),306.93,390.3,49000,100.00%,521,125.07%,0,117.66,$5.0,DAL 2,BOS 1,user8,1,marvalshot,17544,4660811706_8
Ja Morant (38027166),Jared Butler (38027702),Klay Thompson (38027341),Naji Marshall (38027277),Onyeka Okongwu (38027263),Desmond Bane (38027201),Dante Exum (38027642),Russell Westbrook (38027394),310.48,403.03000000000003,49800,100.00%,12078,273.94%,0,134.84,$10.96,DAL 3,MEM 2,user39,1,marvalshot,17625,4660811707_39
Jared Butler (38027702),Desmond Bane (38027201),Scottie Barnes (38027184),Ricky Council IV (38028162),Onyeka Okongwu (38027263),Ja Morant (38027166),Dante Exum (38027642),Naji Marshall (38027277),307.96999999999997,405.55999999999995,49800,100.00%,1681,141.77%,0,132.22000000000003,$5.67,PHI 2,MEM 2,user20,39,marvalshot,6434,4660811708_20
Spencer Dinwiddie (38027386),Lonnie Walker IV (38027834),Ricky Council IV (38028162),Kessler Edwards (38027689),Onyeka Okongwu (38027263),Shai Gilgeous-Alexander (38027111),Naji Marshall (38027277),Ja Morant (38027166),313.03999999999996,403.84,49400,100.00%,33770,1013.63%,19,126.07,$40.55,DAL 3,PHI 2,user26,1,marvalshot,17672,4660811709_26
Luka Doncic (38027108),Jared Butler (38027702),Justin Edwards (38027654),Naji Marshall (38027277),Onyeka Okongwu (38027263),Lonnie Walker IV (38027834),Kessler Edwards (38027689),Ja Morant (38027166),313.25,404.3,50000,100.00%,36077,532.4%,5,130.86,$21.3,PHI 3,DAL 2,user20,49,marvalshot,17696,4660811710_20
Jared Butler (38027702),Lonnie Walker IV (38027834),Jaylen Brown (38027189),Naji Marshall (38027277),Onyeka Okongwu (38027263),Devin Booker (38027145),Chet Holmgren (38027230),Kessler Edwards (38027689),313.5,406.15999999999997,49900,100.00%,39030,880.25%,0,123.08000000000001,$35.21,PHI 2,DAL 2,user22,1,marvalshot,17489,4660811703_22
Scotty Pippen Jr. (38027693),Lonnie Walker IV (38027834),Naji Marshall (38027277),John Collins (38027297),Onyeka Okongwu (38027263),Ja Morant (38027166),Kessler Edwards (38027689),Alperen Sengun (38027129),309.58,402.67999999999995,49800,100.00%,6501,196.63%,0,121.88,$7.87,MEM 2,DAL 2,user8,1,marvalshot,17519,4660811704_8
Jared Butler (38027702),Lonnie Walker IV (38027834),Ricky Council IV (38028162),Bam Adebayo (38027134),Onyeka Okongwu (38027263),Josh Giddey (38027174),Naji Marshall (38027277),Desmond Bane (38027201),314.71,406.18999999999994,49900,100.00%,45745,1082.73%,22,138.51,$43.31,PHI 3,MIA 1,user21,50,marvalshot,368,4660811705_21
Payton Pritchard (38027372),Lonnie Walker IV (38027834),Kevin Durant (38027138),Keldon Johnson (38027497),Onyeka Okongwu (38027263),Scotty Pippen Jr. (38027693),Naji Marshall (38027277),Tyler Herro (38027152),306.44,394.04999999999995,49900,100.00%,436,119.12%,0,127.85000000000001,$4.76,BOS 1,PHI 1,user17,1,marvalshot,17553,4660811706_17
Shai Gilgeous-Alexander (38027111),Jared Butler (38027702),Bennedict Mathurin (38027432),Naji Marshall (38027277),Onyeka Okongwu (38027263),Scotty Pippen Jr. (38027693),Kessler Edwards (38027689),Desmond Bane (38027201),310.5199999999999,406.30999999999995,49700,100.00%,12276,264.95%,0,133.94,$10.6,DAL 2,MEM 2,user30,1,marvalshot,17616,4660811707_30
Jared Butler (38027702),Desmond Bane (38027201),Scottie Barnes (38027184),Ricky Council IV (38028162),Onyeka Okongwu (38027263),Ja Morant (38027166),Dante Exum (38027642),Naji Marshall (38027277),307.96999999999997,405.55999999999995,49800,100.00%,1681,141.77%,0,132.22000000000003,$5.67,PHI 2,MEM 2,user21,39,marvalshot,6434,4660811708_21
Josh Giddey (38027174),Lonnie Walker IV (38027834),Ricky Council IV (38028162),Chet Holmgren (38027230),Onyeka Okongwu (38027263),Scotty Pippen Jr. (38027693),Naji Marshall (38027277),Alperen Sengun (38027129),312.90999999999997,407.28,49500,100.00%,32264,913.26%,8,130.75,$36.53,PHI 2,CHI 1,user22,1,marvalshot,17668,4660811709_22
Luka Doncic (38027108),Jared Butler (38027702),Justin Edwards (38027654),Naji Marshall (38027277),Onyeka Okongwu (38027263),Lonnie Walker IV (38027834),Kessler Edwards (38027689),Ja Morant (38027166),313.25,404.3,50000,100.00%,36077,532.4%,5,130.86,$21.3,PHI 3,DAL 2,user21,49,marvalshot,17696,4660811710_21
Jared Butler (38027702),Lonnie Walker IV (38027834),Jaylen Brown (38027189),Chet Holmgren (38027230),Onyeka Okongwu (38027263),Josh Giddey (38027174),Dante Exum (38027642),Naji Marshall (38027277),313.5,408.86,49500,100.00%,39286,851.75%,1,130.32999999999998,$34.07,PHI 2,DAL 2,user8,1,marvalshot,17478,4660811703_8
Josh Giddey (38027174),Lonnie Walker IV (38027834),Klay Thompson (38027341),John Collins (38027297),Onyeka Okongwu (38027263),Desmond Bane (38027201),Naji Marshall (38027277),Jay Huff (38028099),309.53999999999996,401.26,49100,100.00%,6595,195.87%,0,119.95,$7.83,DAL 2,MEM 2,user16,1,marvalshot,17527,4660811704_16
Jared Butler (38027702),Lonnie Walker IV (38027834),Ricky Council IV (38028162),Bam Adebayo (38027134),Onyeka Okongwu (38027263),Josh Giddey (38027174),Naji Marshall (38027277),Desmond Bane (38027201),314.71,406.18999999999994,49900,100.00%,45745,1082.73%,22,138.51,$43.31,PHI 3,MIA 1,user22,50,marvalshot,368,4660811705_22
Payton Pritchard (38027372),Lonnie Walker IV (38027834),Klay Thompson (38027341),Kessler Edwards (38027689),Onyeka Okongwu (38027263),Russell Westbrook (38027394),Kevin Durant (38027138),Tyler Herro (38027152),306.26,390.01,49800,100.00%,621,118.83%,0,118.64999999999999,$4.75,DAL 2,BOS 1,user32,1,marvalshot,17568,4660811706_32
Spencer Dinwiddie (38027386),Jared Butler (38027702),Klay Thompson (38027341),Naji Marshall (38027277),Onyeka Okongwu (38027263),Scotty Pippen Jr. (38027693),Pascal Siakam (38027194),Ja Morant (38027166),310.05999999999995,403.87999999999994,50000,100.00%,9789,259.52%,1,120.49000000000001,$10.38,DAL 3,MEM 2,user47,1,marvalshot,17633,4660811707_47
Jared Butler (38027702),Desmond Bane (38027201),Scottie Barnes (38027184),Ricky Council IV (38028162),Onyeka Okongwu (38027263),Ja Morant (38027166),Dante Exum (38027642),Naji Marshall (38027277),307.96999999999997,405.55999999999995,49800,100.00%,1681,141.77%,0,132.22000000000003,$5.67,PHI 2,MEM 2,user22,39,marvalshot,6434,4660811708_22
Josh Giddey (38027174),Lonnie Walker IV (38027834),Ricky Council IV (38028162),Kevin Durant (38027138),Onyeka Okongwu (38027263),Klay Thompson (38027341),Naji Marshall (38027277),Spencer Dinwiddie (38027386),312.73,397.08000000000004,49700,100.00%,30933,853.32%,13,114.1,$34.13,DAL 3,PHI 2,user23,1,marvalshot,17669,4660811709_23
Luka Doncic (38027108),Jared Butler (38027702),Justin Edwards (38027654),Naji Marshall (38027277),Onyeka Okongwu (38027263),Lonnie Walker IV (38027834),Kessler Edwards (38027689),Ja Morant (38027166),313.25,404.3,50000,100.00%,36077,532.4%,5,130.86,$21.3,PHI 3,DAL 2,user22,49,marvalshot,17696,4660811710_22
Jared Butler (38027702),Lonnie Walker IV (38027834),Jaylen Brown (38027189),Kessler Edwards (38027689),Onyeka Okongwu (38027263),Josh Giddey (38027174),Klay Thompson (38027341),Ja Morant (38027166),312.90999999999997,407.65999999999997,49800,100.00%,32722,818.8%,6,120.16,$32.75,PHI 2,DAL 2,user20,1,marvalshot,17487,4660811703_20
Russell Westbrook (38027394),Lonnie Walker IV (38027834),Naji Marshall (38027277),John Collins (38027297),Onyeka Okongwu (38027263),Ja Morant (38027166),Gregory Jackson (38027792),Josh Giddey (38027174),309.51,401.74,50000,100.00%,6065,186.56%,0,116.72,$7.46,MEM 2,DEN 1,user2,26,marvalshot,17513,4660811704_2
Jared Butler (38027702),Lonnie Walker IV (38027834),Ricky Council IV (38028162),Bam Adebayo (38027134),Onyeka Okongwu (38027263),Josh Giddey (38027174),Naji Marshall (38027277),Desmond Bane (38027201),314.71,406.18999999999994,49900,100.00%,45745,1082.73%,22,138.51,$43.31,PHI 3,MIA 1,user23,50,marvalshot,368,4660811705_23
Payton Pritchard (38027372),Lonnie Walker IV (38027834),Dante Exum (38027642),Pascal Siakam (38027194),Onyeka Okongwu (38027263),Ja Morant (38027166),Kessler Edwards (38027689),Tyler Herro (38027152),305.87,394.38,49900,100.00%,403,113.5%,0,116.67999999999999,$4.54,DAL 2,BOS 1,user25,1,marvalshot,17561,4660811706_25
Scotty Pippen Jr. (38027693),Jared Butler (38027702),Naji Marshall (38027277),Kessler Edwards (38027689),Onyeka Okongwu (38027263),Josh Giddey (38027174),Michael Porter Jr. (38027306),Alperen Sengun (38027129),310.28,400.28999999999996,49900,100.00%,11045,251.43%,0,118.37,$10.06,DAL 2,MEM 1,user21,1,marvalshot,17606,4660811707_21
Jared Butler (38027702),Desmond Bane (38027201),Scottie Barnes (38027184),Ricky Council IV (38028162),Onyeka Okongwu (38027263),Ja Morant (38027166),Dante Exum (38027642),Naji Marshall (38027277),307.96999999999997,405.55999999999995,49800,100.00%,1681,141.77%,0,132.22000000000003,$5.67,PHI 2,MEM 2,user23,39,marvalshot,6434,4660811708_23
Josh Giddey (38027174),Lonnie Walker IV (38027834),Ricky Council IV (38028162),Pascal Siakam (38027194),Onyeka Okongwu (38027263),Dante Exum (38027642),Naji Marshall (38027277),Ja Morant (38027166),312.71000000000004,404.11,49700,100.00%,30815,796.76%,8,127.03999999999999,$31.87,PHI 2,DAL 2,user49,1,marvalshot,17695,4660811709_49
Luka Doncic (38027108),Jared Butler (38027702),Justin Edwards (38027654),Naji Marshall (38027277),Onyeka Okongwu (38027263),Lonnie Walker IV (38027834),Kessler Edwards (38027689),Ja Morant (38027166),313.25,404.3,50000,100.00%,36077,532.4%,5,130.86,$21.3,PHI 3,DAL 2,user23,49,marvalshot,17696,4660811710_23
Jared Butler (38027702),Lonnie Walker IV (38027834),Jaylen Brown (38027189),Pascal Siakam (38027194),Onyeka Okongwu (38027263),Desmond Bane (38027201),Naji Marshall (38027277),Kessler Edwards (38027689),313.37999999999994,405.94999999999993,49600,100.00%,38228,793.77%,0,132.14999999999998,$31.75,PHI 2,DAL 2,user39,1,marvalshot,17505,4660811703_39
Ja Morant (38027166),Lonnie Walker IV (38027834),Naji Marshall (38027277),John Collins (38027297),Onyeka Okongwu (38027263),Josh Giddey (38027174),Gregory Jackson (38027792),Russell Westbrook (38027394),309.51000000000005,401.74,50000,100.00%,6065,186.56%,0,116.72,$7.46,MEM 2,PHI 1,user25,26,marvalshot,17513,4660811704_25
Jared Butler (38027702),Lonnie Walker IV (38027834),Ricky Council IV (38028162),Bam Adebayo (38027134),Onyeka Okongwu (38027263),Josh Giddey (38027174),Naji Marshall (38027277),Desmond Bane (38027201),314.71,406.18999999999994,49900,100.00%,45745,1082.73%,22,138.51,$43.31,PHI 3,MIA 1,user24,50,marvalshot,368,4660811705_24
Payton Pritchard (38027372),Lonnie Walker IV (38027834),Coby White (38027240),Naji Marshall (38027277),Onyeka Okongwu (38027263),Russell Westbrook (38027394),Aaron Nesmith (38027457),Tyler Herro (38027152),305.63,387.40999999999997,49400,100.00%,166,107.5%,0,120.91999999999999,$4.3,BOS 1,PHI 1,user,1,marvalshot,5004,4660811706
Spencer Dinwiddie (38027386),Jared Butler (38027702),Naji Marshall (38027277),Chet Holmgren (38027230),Onyeka Okongwu (38027263),Ja Morant (38027166),Bennedict Mathurin (38027432),Russell Westbrook (38027394),309.92,401.54,49800,100.00%,9078,251.3%,1,119.8,$10.05,DAL 2,PHI 1,user46,1,marvalshot,17632,4660811707_46
Jared Butler (38027702),Desmond Bane (38027201),Scottie Barnes (38027184),Ricky Council IV (38028162),Onyeka Okongwu (38027263),Ja Morant (38027166),Dante Exum (38027642),Naji Marshall (38027277),307.96999999999997,405.55999999999995,49800,100.00%,1681,141.77%,0,132.22000000000003,$5.67,PHI 2,MEM 2,user24,39,marvalshot,6434,4660811708_24
Josh Giddey (38027174),Lonnie Walker IV (38027834),Ricky Council IV (38028162),Michael Porter Jr. (38027306),Onyeka Okongwu (38027263),Ja Morant (38027166),Klay Thompson (38027341),Naji Marshall (38027277),312.78,401.54999999999995,49600,100.00%,31315,740.68%,4,119.95,$29.63,PHI 2,DAL 2,user33,1,marvalshot,17679,4660811709_33
Luka Doncic (38027108),Jared Butler (38027702),Justin Edwards (38027654),Naji Marshall (38027277),Onyeka Okongwu (38027263),Lonnie Walker IV (38027834),Kessler Edwards (38027689),Ja Morant (38027166),313.25,404.3,50000,100.00%,36077,532.4%,5,130.86,$21.3,PHI 3,DAL 2,user24,49,marvalshot,17696,4660811710_24
Jared Butler (38027702),Lonnie Walker IV (38027834),Jaylen Brown (38027189),Naji Marshall (38027277),Onyeka Okongwu (38027263),Ja Morant (38027166),Klay Thompson (38027341),Bennedict Mathurin (38027432),313.22,408.1700000000001,49300,100.00%,36706,735.74%,0,131.98000000000002,$29.43,PHI 2,DAL 2,user36,1,marvalshot,17502,4660811703_36
Ja Morant (38027166),Lonnie Walker IV (38027834),Naji Marshall (38027277),John Collins (38027297),Onyeka Okongwu (38027263),Josh Giddey (38027174),Gregory Jackson (38027792),Russell Westbrook (38027394),309.51000000000005,401.74,50000,100.00%,6065,186.56%,0,116.72,$7.46,MEM 2,PHI 1,user26,26,marvalshot,17513,4660811704_26
Jared Butler (38027702),Lonnie Walker IV (38027834),Ricky Council IV (38028162),Bam Adebayo (38027134),Onyeka Okongwu (38027263),Josh Giddey (38027174),Naji Marshall (38027277),Desmond Bane (38027201),314.71,406.18999999999994,49900,100.00%,45745,1082.73%,22,138.51,$43.31,PHI 3,MIA 1,user25,50,marvalshot,368,4660811705_25
Payton Pritchard (38027372),Lonnie Walker IV (38027834),Gregory Jackson (38027792),Pascal Siakam (38027194),Onyeka Okongwu (38027263),Klay Thompson (38027341),Naji Marshall (38027277),Tyler Herro (38027152),305.62,393.81,49600,100.00%,163,107.32%,0,113.38,$4.29,DAL 2,BOS 1,user12,1,marvalshot,17548,4660811706_12
Devin Booker (38027145),Jared Butler (38027702),Bennedict Mathurin (38027432),Naji Marshall (38027277),Onyeka Okongwu (38027263),Shai Gilgeous-Alexander (38027111),Kessler Edwards (38027689),Jay Huff (38028099),309.93999999999994,404.41999999999996,49900,100.00%,9088,237.14%,0,119.78999999999999,$9.49,DAL 2,PHX 1,user9,1,marvalshot,17594,4660811707_9
Jared Butler (38027702),Desmond Bane (38027201),Scottie Barnes (38027184),Ricky Council IV (38028162),Onyeka Okongwu (38027263),Ja Morant (38027166),Dante Exum (38027642),Naji Marshall (38027277),307.96999999999997,405.55999999999995,49800,100.00%,1681,141.77%,0,132.22000000000003,$5.67,PHI 2,MEM 2,user25,39,marvalshot,6434,4660811708_25
Ja Morant (38027166),Lonnie Walker IV (38027834),Ricky Council IV (38028162),Naji Marshall (38027277),Onyeka Okongwu (38027263),Klay Thompson (38027341),Dante Exum (38027642),Shai Gilgeous-Alexander (38027111),312.35,408.62,50000,100.00%,27373,654.0%,3,129.95,$26.16,DAL 3,PHI 2,user17,1,marvalshot,17663,4660811709_17
Luka Doncic (38027108),Jared Butler (38027702),Justin Edwards (38027654),Naji Marshall (38027277),Onyeka Okongwu (38027263),Lonnie Walker IV (38027834),Kessler Edwards (38027689),Ja Morant (38027166),313.25,404.3,50000,100.00%,36077,532.4%,5,130.86,$21.3,PHI 3,DAL 2,user25,49,marvalshot,17696,4660811710_25
Jared Butler (38027702),Lonnie Walker IV (38027834),Jaylen Brown (38027189),Naji Marshall (38027277),Onyeka Okongwu (38027263),Dante Exum (38027642),Bennedict Mathurin (38027432),Shai Gilgeous-Alexander (38027111),312.95,411.46,49900,100.00%,33951,647.53%,3,134.87,$25.9,PHI 2,DAL 2,user14,2,marvalshot,4361,4660811703_14
Ja Morant (38027166),Lonnie Walker IV (38027834),Naji Marshall (38027277),John Collins (38027297),Onyeka Okongwu (38027263),Josh Giddey (38027174),Gregory Jackson (38027792),Russell Westbrook (38027394),309.51000000000005,401.74,50000,100.00%,6065,186.56%,0,116.72,$7.46,MEM 2,PHI 1,user27,26,marvalshot,17513,4660811704_27
Jared Butler (38027702),Lonnie Walker IV (38027834),Ricky Council IV (38028162),Bam Adebayo (38027134),Onyeka Okongwu (38027263),Josh Giddey (38027174),Naji Marshall (38027277),Desmond Bane (38027201),314.71,406.18999999999994,49900,100.00%,45745,1082.73%,22,138.51,$43.31,PHI 3,MIA 1,user26,50,marvalshot,368,4660811705_26
Payton Pritchard (38027372),Lonnie Walker IV (38027834),Dante Exum (38027642),Jalen Williams (38027180),Onyeka Okongwu (38027263),Spencer Dinwiddie (38027386),Naji Marshall (38027277),Tyler Herro (38027152),305.49,389.56,50000,100.00%,145,105.7%,0,119.06,$4.23,DAL 3,BOS 1,user20,1,marvalshot,17556,4660811706_20
Scotty Pippen Jr. (38027693),Jared Butler (38027702),Klay Thompson (38027341),Naji Marshall (38027277),Onyeka Okongwu (38027263),Ja Morant (38027166),Kessler Edwards (38027689),Alperen Sengun (38027129),310.11999999999995,404.06999999999994,49700,100.00%,9500,236.32%,1,125.47999999999999,$9.45,DAL 3,MEM 2,user6,1,marvalshot,17591,4660811707_6
Jared Butler (38027702),Desmond Bane (38027201),Scottie Barnes (38027184),Ricky Council IV (38028162),Onyeka Okongwu (38027263),Ja Morant (38027166),Dante Exum (38027642),Naji Marshall (38027277),307.96999999999997,405.55999999999995,49800,100.00%,1681,141.77%,0,132.22000000000003,$5.67,PHI 2,MEM 2,user26,39,marvalshot,6434,4660811708_26
Russell Westbrook (38027394),Lonnie Walker IV (38027834),Ricky Council IV (38028162),Pascal Siakam (38027194),Onyeka Okongwu (38027263),Josh Giddey (38027174),Chet Holmgren (38027230),Naji Marshall (38027277),312.39,404.09999999999997,49700,100.00%,27530,628.32%,6,126.31,$25.13,PHI 2,DEN 1,user9,1,marvalshot,17655,4660811709_9
Luka Doncic (38027108),Jared Butler (38027702),Justin Edwards (38027654),Naji Marshall (38027277),Onyeka Okongwu (38027263),Lonnie Walker IV (38027834),Kessler Edwards (38027689),Ja Morant (38027166),313.25,404.3,50000,100.00%,36077,532.4%,5,130.86,$21.3,PHI 3,DAL 2,user26,49,marvalshot,17696,4660811710_26
Jared Butler (38027702),Lonnie Walker IV (38027834),Jaylen Brown (38027189),Naji Marshall (38027277),Onyeka Okongwu (38027263),Ja Morant (38027166),Chet Holmgren (38027230),Dante Exum (38027642),312.56,410.25,49600,100.00%,30227,525.37%,1,134.45,$21.01,PHI 2,DAL 2,user21,1,marvalshot,17488,4660811703_21
Ja Morant (38027166),Lonnie Walker IV (38027834),Naji Marshall (38027277),John Collins (38027297),Onyeka Okongwu (38027263),Josh Giddey (38027174),Gregory Jackson (38027792),Russell Westbrook (38027394),309.51000000000005,401.74,50000,100.00%,6065,186.56%,0,116.72,$7.46,MEM 2,PHI 1,user28,26,marvalshot,17513,4660811704_28
Jared Butler (38027702),Lonnie Walker IV (38027834),Ricky Council IV (38028162),Bam Adebayo (38027134),Onyeka Okongwu (38027263),Josh Giddey (38027174),Naji Marshall (38027277),Desmond Bane (38027201),314.71,406.18999999999994,49900,100.00%,45745,1082.73%,22,138.51,$43.31,PHI 3,MIA 1,user27,50,marvalshot,368,4660811705_27
Payton Pritchard (38027372),Lonnie Walker IV (38027834),Naji Marshall (38027277),Paolo Banchero (38027142),Onyeka Okongwu (38027263),Scotty Pippen Jr. (38027693),Aaron Nesmith (38027457),Tyler Herro (38027152),305.23,391.21000000000004,49900,100.00%,103,102.46%,0,125.74,$4.1,BOS 1,PHI 1,user37,1,marvalshot,17573,4660811706_37
Russell Westbrook (38027394),Jared Butler (38027702),Klay Thompson (38027341),Gregory Jackson (38027792),Onyeka Okongwu (38027263),Josh Giddey (38027174),Naji Marshall (38027277),Ja Morant (38027166),310.04999999999995,403.12999999999994,49900,100.00%,9329,234.51%,1,120.32000000000001,$9.38,DAL 2,MEM 2,user19,1,marvalshot,17604,4660811707_19
Jared Butler (38027702),Desmond Bane (38027201),Scottie Barnes (38027184),Ricky Council IV (38028162),Onyeka Okongwu (38027263),Ja Morant (38027166),Dante Exum (38027642),Naji Marshall (38027277),307.96999999999997,405.55999999999995,49800,100.00%,1681,141.77%,0,132.22000000000003,$5.67,PHI 2,MEM 2,user27,39,marvalshot,6434,4660811708_27
Russell Westbrook (38027394),Lonnie Walker IV (38027834),Ricky Council IV (38028162),Naji Marshall (38027277),Onyeka Okongwu (38027263),Klay Thompson (38027341),Kevin Durant (38027138),Ja Morant (38027166),312.15999999999997,401.13,49700,100.00%,25617,623.99%,1,133.13,$24.96,PHI 2,DAL 2,user25,1,marvalshot,17671,4660811709_25
Luka Doncic (38027108),Jared Butler (38027702),Justin Edwards (38027654),Naji Marshall (38027277),Onyeka Okongwu (38027263),Lonnie Walker IV (38027834),Kessler Edwards (38027689),Ja Morant (38027166),313.25,404.3,50000,100.00%,36077,532.4%,5,130.86,$21.3,PHI 3,DAL 2,user27,49,marvalshot,17696,4660811710_27
Jared Butler (38027702),Lonnie Walker IV (38027834),Jaylen Brown (38027189),Tari Eason (38027346),Onyeka Okongwu (38027263),Josh Giddey (38027174),Klay Thompson (38027341),Naji Marshall (38027277),312.74,405.81,50000,100.00%,32043,514.37%,0,120.89,$20.57,PHI 2,DAL 2,user15,1,marvalshot,17483,4660811703_15
Ja Morant (38027166),Lonnie Walker IV (38027834),Naji Marshall (38027277),John Collins (38027297),Onyeka Okongwu (38027263),Josh Giddey (38027174),Gregory Jackson (38027792),Russell Westbrook (38027394),309.51000000000005,401.74,50000,100.00%,6065,186.56%,0,116.72,$7.46,MEM 2,PHI 1,user29,26,marvalshot,17513,4660811704_29
Jared Butler (38027702),Lonnie Walker IV (38027834),Ricky Council IV (38028162),Bam Adebayo (38027134),Onyeka Okongwu (38027263),Josh Giddey (38027174),Naji Marshall (38027277),Desmond Bane (38027201),314.71,406.18999999999994,49900,100.00%,45745,1082.73%,22,138.51,$43.31,PHI 3,MIA 1,user28,50,marvalshot,368,4660811705_28
Payton Pritchard (38027372),Lonnie Walker IV (38027834),Michael Porter Jr. (38027306),Kessler Edwards (38027689),Onyeka Okongwu (38027263),Coby White (38027240),Naji Marshall (38027277),Tyler Herro (38027152),305.1,385.02000000000004,49200,100.00%,66,100.58%,0,113.22,$4.02,DAL 2,BOS 1,user42,1,marvalshot,17578,4660811706_42
Josh Giddey (38027174),Jared Butler (38027702),Naji Marshall (38027277),Kessler Edwards (38027689),Onyeka Okongwu (38027263),Klay Thompson (38027341),Pascal Siakam (38027194),Spencer Dinwiddie (38027386),310.17,396.84000000000003,49900,100.00%,9937,233.88%,0,102.01,$9.36,DAL 4,CHI 1,user36,1,marvalshot,17622,4660811707_36
Jared Butler (38027702),Desmond Bane (38027201),Scottie Barnes (38027184),Ricky Council IV (38028162),Onyeka Okongwu (38027263),Ja Morant (38027166),Dante Exum (38027642),Naji Marshall (38027277),307.96999999999997,405.55999999999995,49800,100.00%,1681,141.77%,0,132.22000000000003,$5.67,PHI 2,MEM 2,user28,39,marvalshot,6434,4660811708_28
Shai Gilgeous-Alexander (38027111),Lonnie Walker IV (38027834),Ricky Council IV (38028162),Naji Marshall (38027277),Onyeka Okongwu (38027263),Tre Jones (38027488),Klay Thompson (38027341),Desmond Bane (38027201),311.69,405.99,49900,100.00%,21537,453.4%,2,123.55,$18.14,PHI 2,DAL 2,user46,1,marvalshot,17692,4660811709_46
Luka Doncic (38027108),Jared Butler (38027702),Justin Edwards (38027654),Naji Marshall (38027277),Onyeka Okongwu (38027263),Lonnie Walker IV (38027834),Kessler Edwards (38027689),Ja Morant (38027166),313.25,404.3,50000,100.00%,36077,532.4%,5,130.86,$21.3,PHI 3,DAL 2,user28,49,marvalshot,17696,4660811710_28
Jared Butler (38027702),Lonnie Walker IV (38027834),Jaylen Brown (38027189),Michael Porter Jr. (38027306),Onyeka Okongwu (38027263),Max Christie (38027411),Naji Marshall (38027277),Ja Morant (38027166),312.37,401.99,49800,100.00%,27688,489.7%,1,128.01,$19.59,PHI 2,DAL 2,user47,1,marvalshot,17509,4660811703_47
Ja Morant (38027166),Lonnie Walker IV (38027834),Naji Marshall (38027277),John Collins (38027297),Onyeka Okongwu (38027263),Josh Giddey (38027174),Gregory Jackson (38027792),Russell Westbrook (38027394),309.51000000000005,401.74,50000,100.00%,6065,186.56%,0,116.72,$7.46,MEM 2,PHI 1,user30,26,marvalshot,17513,4660811704_30
Jared Butler (38027702),Lonnie Walker IV (38027834),Ricky Council IV (38028162),Bam Adebayo (38027134),Onyeka Okongwu (38027263),Josh Giddey (38027174),Naji Marshall (38027277),Desmond Bane (38027201),314.71,406.18999999999994,49900,100.00%,45745,1082.73%,22,138.51,$43.31,PHI 3,MIA 1,user29,50,marvalshot,368,4660811705_29
Payton Pritchard (38027372),Lonnie Walker IV (38027834),Naji Marshall (38027277),Tari Eason (38027346),Onyeka Okongwu (38027263),Scotty Pippen Jr. (38027693),Chet Holmgren (38027230),Tyler Herro (38027152),304.98,394.73,49000,100.00%,56,99.06%,0,129.68,$3.96,BOS 1,PHI 1,user3,1,marvalshot,17539,4660811706_3
Josh Giddey (38027174),Jared Butler (38027702),Naji Marshall (38027277),Kevin Durant (38027138),Onyeka Okongwu (38027263),Russell Westbrook (38027394),Kessler Edwards (38027689),Tre Jones (38027488),310.06,395.77,49800,100.00%,9444,232.24%,0,116.28999999999999,$9.29,CHI 2,DAL 2,user27,1,marvalshot,17612,4660811707_27
Jared Butler (38027702),Desmond Bane (38027201),Scottie Barnes (38027184),Ricky Council IV (38028162),Onyeka Okongwu (38027263),Ja Morant (38027166),Dante Exum (38027642),Naji Marshall (38027277),307.96999999999997,405.55999999999995,49800,100.00%,1681,141.77%,0,132.22000000000003,$5.67,PHI 2,MEM 2,user29,39,marvalshot,6434,4660811708_29
Russell Westbrook (38027394),Lonnie Walker IV (38027834),Ricky Council IV (38028162),Chet Holmgren (38027230),Onyeka Okongwu (38027263),Spencer Dinwiddie (38027386),Naji Marshall (38027277),Shai Gilgeous-Alexander (38027111),311.58,405.03999999999996,49600,100.00%,20585,445.89%,2,128.67000000000002,$17.84,PHI 2,OKC 2,user39,1,marvalshot,17685,4660811709_39
Luka Doncic (38027108),Jared Butler (38027702),Justin Edwards (38027654),Naji Marshall (38027277),Onyeka Okongwu (38027263),Lonnie Walker IV (38027834),Kessler Edwards (38027689),Ja Morant (38027166),313.25,404.3,50000,100.00%,36077,532.4%,5,130.86,$21.3,PHI 3,DAL 2,user29,49,marvalshot,17696,4660811710_29
Jared Butler (38027702),Lonnie Walker IV (38027834),Jaylen Brown (38027189),Kessler Edwards (38027689),Onyeka Okongwu (38027263),Jamal Murray (38027204),Naji Marshall (38027277),Josh Giddey (38027174),312.72,401.39,49900,100.00%,32186,470.97%,0,123.07,$18.84,PHI 2,DAL 2,user5,1,marvalshot,17475,4660811703_5
Ja Morant (38027166),Lonnie Walker IV (38027834),Naji Marshall (38027277),John Collins (38027297),Onyeka Okongwu (38027263),Josh Giddey (38027174),Gregory Jackson (38027792),Russell Westbrook (38027394),309.51000000000005,401.74,50000,100.00%,6065,186.56%,0,116.72,$7.46,MEM 2,PHI 1,user31,26,marvalshot,17513,4660811704_31
Jared Butler (38027702),Lonnie Walker IV (38027834),Ricky Council IV (38028162),Bam Adebayo (38027134),Onyeka Okongwu (38027263),Josh Giddey (38027174),Naji Marshall (38027277),Desmond Bane (38027201),314.71,406.18999999999994,49900,100.00%,45745,1082.73%,22,138.51,$43.31,PHI 3,MIA 1,user30,50,marvalshot,368,4660811705_30
Payton Pritchard (38027372),Lonnie Walker IV (38027834),Dante Exum (38027642),Michael Porter Jr. (38027306),Onyeka Okongwu (38027263),Ja Morant (38027166),Klay Thompson (38027341),Tyler Herro (38027152),304.8,393.03000000000003,50000,100.00%,152,98.12%,0,112.92,$3.92,DAL 2,BOS 1,user35,1,marvalshot,17571,4660811706_35
Spencer Dinwiddie (38027386),Jared Butler (38027702),Bennedict Mathurin (38027432),Naji Marshall (38027277),Onyeka Okongwu (38027263),Russell Westbrook (38027394),Pascal Siakam (38027194),Desmond Bane (38027201),309.59999999999997,398.44999999999993,50000,100.00%,7712,230.21%,1,120.83000000000001,$9.21,DAL 2,IND 2,user12,1,marvalshot,17597,4660811707_12
Jared Butler (38027702),Desmond Bane (38027201),Scottie Barnes (38027184),Ricky Council IV (38028162),Onyeka Okongwu (38027263),Ja Morant (38027166),Dante Exum (38027642),Naji Marshall (38027277),307.96999999999997,405.55999999999995,49800,100.00%,1681,141.77%,0,132.22000000000003,$5.67,PHI 2,MEM 2,user30,39,marvalshot,6434,4660811708_30
Josh Giddey (38027174),Lonnie Walker IV (38027834),Ricky Council IV (38028162),Naji Marshall (38027277),Onyeka Okongwu (38027263),Desmond Bane (38027201),Keldon Johnson (38027497),Ja Morant (38027166),312.03,403.42999999999995,50000,100.00%,24513,412.66%,0,124.77999999999999,$16.51,PHI 2,MEM 2,user44,1,marvalshot,17690,4660811709_44
Luka Doncic (38027108),Jared Butler (38027702),Justin Edwards (38027654),Naji Marshall (38027277),Onyeka Okongwu (38027263),Lonnie Walker IV (38027834),Kessler Edwards (38027689),Ja Morant (38027166),313.25,404.3,50000,100.00%,36077,532.4%,5,130.86,$21.3,PHI 3,DAL 2,user30,49,marvalshot,17696,4660811710_30
Jared Butler (38027702),Lonnie Walker IV (38027834),Jaylen Brown (38027189),Pascal Siakam (38027194),Onyeka Okongwu (38027263),Desmond Bane (38027201),Dante Exum (38027642),Naji Marshall (38027277),312.23999999999995,407.15999999999997,49800,100.00%,26794,437.47%,0,135.48,$17.5,PHI 2,DAL 2,user43,2,marvalshot,4359,4660811703_43
Ja Morant (38027166),Lonnie Walker IV (38027834),Naji Marshall (38027277),John Collins (38027297),Onyeka Okongwu (38027263),Josh Giddey (38027174),Gregory Jackson (38027792),Russell Westbrook (38027394),309.51000000000005,401.74,50000,100.00%,6065,186.56%,0,116.72,$7.46,MEM 2,PHI 1,user32,26,marvalshot,17513,4660811704_32
Jared Butler (38027702),Lonnie Walker IV (38027834),Ricky Council IV (38028162),Bam Adebayo (38027134),Onyeka Okongwu (38027263),Josh Giddey (38027174),Naji Marshall (38027277),Desmond Bane (38027201),314.71,406.18999999999994,49900,100.00%,45745,1082.73%,22,138.51,$43.31,PHI 3,MIA 1,user31,50,marvalshot,368,4660811705_31
Payton Pritchard (38027372),Lonnie Walker IV (38027834),Naji Marshall (38027277),Lamar Stevens (38027971),Onyeka Okongwu (38027263),Shai Gilgeous-Alexander (38027111),Kessler Edwards (38027689),Tyler Herro (38027152),304.69,395.06,49700,100.00%,37,95.85%,0,115.44,$3.83,DAL 2,BOS 1,user4,1,marvalshot,17540,4660811706_4
Scotty Pippen Jr. (38027693),Jared Butler (38027702),Klay Thompson (38027341),Naji Marshall (38027277),Onyeka Okongwu (38027263),Josh Giddey (38027174),Dante Exum (38027642),Alperen Sengun (38027129),309.91999999999996,403.89,49800,100.00%,8970,228.99%,0,124.69,$9.16,DAL 3,MEM 1,user8,1,marvalshot,17593,4660811707_8
Jared Butler (38027702),Desmond Bane (38027201),Scottie Barnes (38027184),Ricky Council IV (38028162),Onyeka Okongwu (38027263),Ja Morant (38027166),Dante Exum (38027642),Naji Marshall (38027277),307.96999999999997,405.55999999999995,49800,100.00%,1681,141.77%,0,132.22000000000003,$5.67,PHI 2,MEM 2,user31,39,marvalshot,6434,4660811708_31
Cole Anthony (38027444),Lonnie Walker IV (38027834),Ricky Council IV (38028162),Chet Holmgren (38027230),Onyeka Okongwu (38027263),Ja Morant (38027166),Naji Marshall (38027277),Josh Giddey (38027174),311.62,405.12,49700,100.00%,20559,385.17%,0,116.15,$15.41,PHI 2,ORL 1,user19,1,marvalshot,17665,4660811709_19
Luka Doncic (38027108),Jared Butler (38027702),Justin Edwards (38027654),Naji Marshall (38027277),Onyeka Okongwu (38027263),Lonnie Walker IV (38027834),Kessler Edwards (38027689),Ja Morant (38027166),313.25,404.3,50000,100.00%,36077,532.4%,5,130.86,$21.3,PHI 3,DAL 2,user31,49,marvalshot,17696,4660811710_31
Jared Butler (38027702),Lonnie Walker IV (38027834),Jaylen Brown (38027189),Michael Porter Jr. (38027306),Onyeka Okongwu (38027263),Russell Westbrook (38027394),Naji Marshall (38027277),Desmond Bane (38027201),312.22999999999996,403.68999999999994,49200,100.00%,26659,396.6%,0,142.75,$15.86,PHI 2,DEN 2,user13,1,marvalshot,17482,4660811703_13
Ja Morant (38027166),Lonnie Walker IV (38027834),Naji Marshall (38027277),John Collins (38027297),Onyeka Okongwu (38027263),Josh Giddey (38027174),Gregory Jackson (38027792),Russell Westbrook (38027394),309.51000000000005,401.74,50000,100.00%,6065,186.56%,0,116.72,$7.46,MEM 2,PHI 1,user33,26,marvalshot,17513,4660811704_33
Jared Butler (38027702),Lonnie Walker IV (38027834),Ricky Council IV (38028162),Bam Adebayo (38027134),Onyeka Okongwu (38027263),Josh Giddey (38027174),Naji Marshall (38027277),Desmond Bane (38027201),314.71,406.18999999999994,49900,100.00%,45745,1082.73%,22,138.51,$43.31,PHI 3,MIA 1,user32,50,marvalshot,368,4660811705_32
Payton Pritchard (38027372),Lonnie Walker IV (38027834),Naji Marshall (38027277),Chet Holmgren (38027230),Onyeka Okongwu (38027263),Klay Thompson (38027341),Keldon Johnson (38027497),Tyler Herro (38027152),304.61,393.8,49800,100.00%,46,94.96%,0,110.01999999999998,$3.8,DAL 2,BOS 1,user36,1,marvalshot,17572,4660811706_36
Shai Gilgeous-Alexander (38027111),Jared Butler (38027702),Klay Thompson (38027341),Naji Marshall (38027277),Onyeka Okongwu (38027263),Desmond Bane (38027201),Kessler Edwards (38027689),Jay Huff (38028099),310.01,406.12,49500,100.00%,9161,226.78%,0,127.22999999999999,$9.07,DAL 3,MEM 2,user41,1,marvalshot,17627,4660811707_41
Jared Butler (38027702),Desmond Bane (38027201),Scottie Barnes (38027184),Ricky Council IV (38028162),Onyeka Okongwu (38027263),Ja Morant (38027166),Dante Exum (38027642),Naji Marshall (38027277),307.96999999999997,405.55999999999995,49800,100.00%,1681,141.77%,0,132.22000000000003,$5.67,PHI 2,MEM 2,user32,39,marvalshot,6434,4660811708_32
Scotty Pippen Jr. (38027693),Lonnie Walker IV (38027834),Ricky Council IV (38028162),Chet Holmgren (38027230),Onyeka Okongwu (38027263),Josh Giddey (38027174),Kevin Durant (38027138),Naji Marshall (38027277),311.61,403.02,49400,100.00%,20665,384.23%,1,131.01999999999998,$15.37,PHI 2,MEM 1,user6,1,marvalshot,17652,4660811709_6
Luka Doncic (38027108),Jared Butler (38027702),Justin Edwards (38027654),Naji Marshall (38027277),Onyeka Okongwu (38027263),Lonnie Walker IV (38027834),Kessler Edwards (38027689),Ja Morant (38027166),313.25,404.3,50000,100.00%,36077,532.4%,5,130.86,$21.3,PHI 3,DAL 2,user32,49,marvalshot,17696,4660811710_32
Jared Butler (38027702),Lonnie Walker IV (38027834),Jaylen Brown (38027189),Naji Marshall (38027277),Onyeka Okongwu (38027263),Spencer Dinwiddie (38027386),Devin Vassell (38027330),Ja Morant (38027166),311.82000000000005,403.31000000000006,49800,100.00%,22355,389.6%,0,123.64000000000001,$15.58,PHI 2,DAL 2,user32,1,marvalshot,17498,4660811703_32
Ja Morant (38027166),Lonnie Walker IV (38027834),Naji Marshall (38027277),John Collins (38027297),Onyeka Okongwu (38027263),Josh Giddey (38027174),Gregory Jackson (38027792),Russell Westbrook (38027394),309.51000000000005,401.74,50000,100.00%,6065,186.56%,0,116.72,$7.46,MEM 2,PHI 1,user34,26,marvalshot,17513,4660811704_34
Jared Butler (38027702),Lonnie Walker IV (38027834),Ricky Council IV (38028162),Bam Adebayo (38027134),Onyeka Okongwu (38027263),Josh Giddey (38027174),Naji Marshall (38027277),Desmond Bane (38027201),314.71,406.18999999999994,49900,100.00%,45745,1082.73%,22,138.51,$43.31,PHI 3,MIA 1,user33,50,marvalshot,368,4660811705_33
Payton Pritchard (38027372),Lonnie Walker IV (38027834),Keldon Johnson (38027497),Chet Holmgren (38027230),Onyeka Okongwu (38027263),Russell Westbrook (38027394),Naji Marshall (38027277),Tyler Herro (38027152),304.53000000000003,392.89000000000004,49300,100.00%,31,93.71%,0,124.38,$3.75,BOS 1,PHI 1,user1,1,marvalshot,17537,4660811706_1
Scotty Pippen Jr. (38027693),Jared Butler (38027702),Naji Marshall (38027277),Chet Holmgren (38027230),Onyeka Okongwu (38027263),Desmond Bane (38027201),Kessler Edwards (38027689),Devin Booker (38027145),309.92999999999995,402.2199999999999,49900,100.00%,8931,222.94%,0,125.47999999999999,$8.92,MEM 2,DAL 2,user45,1,marvalshot,17631,4660811707_45
Jared Butler (38027702),Desmond Bane (38027201),Scottie Barnes (38027184),Ricky Council IV (38028162),Onyeka Okongwu (38027263),Ja Morant (38027166),Dante Exum (38027642),Naji Marshall (38027277),307.96999999999997,405.55999999999995,49800,100.00%,1681,141.77%,0,132.22000000000003,$5.67,PHI 2,MEM 2,user33,39,marvalshot,6434,4660811708_33
Devin Booker (38027145),Lonnie Walker IV (38027834),Ricky Council IV (38028162),Chet Holmgren (38027230),Onyeka Okongwu (38027263),Ja Morant (38027166),Naji Marshall (38027277),Tre Jones (38027488),311.23,403.08000000000004,50000,100.00%,17577,381.28%,3,115.69,$15.25,PHI 2,PHX 1,user48,1,marvalshot,17694,4660811709_48
Luka Doncic (38027108),Jared Butler (38027702),Justin Edwards (38027654),Naji Marshall (38027277),Onyeka Okongwu (38027263),Lonnie Walker IV (38027834),Kessler Edwards (38027689),Ja Morant (38027166),313.25,404.3,50000,100.00%,36077,532.4%,5,130.86,$21.3,PHI 3,DAL 2,user33,49,marvalshot,17696,4660811710_33
Jared Butler (38027702),Lonnie Walker IV (38027834),Jaylen Brown (38027189),Naji Marshall (38027277),Onyeka Okongwu (38027263),Devin Booker (38027145),Coby White (38027240),Scotty Pippen Jr. (38027693),311.76000000000005,405.02000000000004,49800,100.00%,21929,373.89%,0,134.23000000000002,$14.96,PHI 2,BOS 1,user37,1,marvalshot,17503,4660811703_37
Ja Morant (38027166),Lonnie Walker IV (38027834),Naji Marshall (38027277),John Collins (38027297),Onyeka Okongwu (38027263),Josh Giddey (38027174),Gregory Jackson (38027792),Russell Westbrook (38027394),309.51000000000005,401.74,50000,100.00%,6065,186.56%,0,116.72,$7.46,MEM 2,PHI 1,user35,26,marvalshot,17513,4660811704_35
Jared Butler (38027702),Lonnie Walker IV (38027834),Ricky Council IV (38028162),Bam Adebayo (38027134),Onyeka Okongwu (38027263),Josh Giddey (38027174),Naji Marshall (38027277),Desmond Bane (38027201),314.71,406.18999999999994,49900,100.00%,45745,1082.73%,22,138.51,$43.31,PHI 3,MIA 1,user34,50,marvalshot,368,4660811705_34
Payton Pritchard (38027372),Lonnie Walker IV (38027834),Gregory Jackson (38027792),Kevin Durant (38027138),Onyeka Okongwu (38027263),Cole Anthony (38027444),Naji Marshall (38027277),Tyler Herro (38027152),304.39000000000004,390.63000000000005,49900,100.00%,36,92.41%,0,109.28999999999999,$3.7,BOS 1,PHI 1,user31,1,marvalshot,17567,4660811706_31
Josh Giddey (38027174),Jared Butler (38027702),Dante Exum (38027642),Naji Marshall (38027277),Onyeka Okongwu (38027263),Scotty Pippen Jr. (38027693),Chet Holmgren (38027230),Desmond Bane (38027201),309.93,404.92,49500,100.00%,8805,218.23%,0,132.73,$8.73,DAL 2,MEM 2,user28,1,marvalshot,17613,4660811707_28
Jared Butler (38027702),Desmond Bane (38027201),Scottie Barnes (38027184),Ricky Council IV (38028162),Onyeka Okongwu (38027263),Ja Morant (38027166),Dante Exum (38027642),Naji Marshall (38027277),307.96999999999997,405.55999999999995,49800,100.00%,1681,141.77%,0,132.22000000000003,$5.67,PHI 2,MEM 2,user34,39,marvalshot,6434,4660811708_34
Devin Booker (38027145),Lonnie Walker IV (38027834),Ricky Council IV (38028162),Michael Porter Jr. (38027306),Onyeka Okongwu (38027263),Ja Morant (38027166),Naji Marshall (38027277),Spencer Dinwiddie (38027386),311.19000000000005,396.49000000000007,49800,100.00%,17360,371.59%,1,115.48,$14.86,PHI 2,DAL 2,user12,1,marvalshot,17658,4660811709_12
Luka Doncic (38027108),Jared Butler (38027702),Justin Edwards (38027654),Naji Marshall (38027277),Onyeka Okongwu (38027263),Lonnie Walker IV (38027834),Kessler Edwards (38027689),Ja Morant (38027166),313.25,404.3,50000,100.00%,36077,532.4%,5,130.86,$21.3,PHI 3,DAL 2,user34,49,marvalshot,17696,4660811710_34
Jared Butler (38027702),Lonnie Walker IV (38027834),Jaylen Brown (38027189),Naji Marshall (38027277),Onyeka Okongwu (38027263),Ja Morant (38027166),Coby White (38027240),Scotty Pippen Jr. (38027693),311.96000000000004,407.90000000000003,49300,100.00%,23637,370.44%,0,142.27,$14.82,PHI 2,MEM 2,user31,1,marvalshot,17497,4660811703_31
Ja Morant (38027166),Lonnie Walker IV (38027834),Naji Marshall (38027277),John Collins (38027297),Onyeka Okongwu (38027263),Josh Giddey (38027174),Gregory Jackson (38027792),Russell Westbrook (38027394),309.51000000000005,401.74,50000,100.00%,6065,186.56%,0,116.72,$7.46,MEM 2,PHI 1,user36,26,marvalshot,17513,4660811704_36
Jared Butler (38027702),Lonnie Walker IV (38027834),Ricky Council IV (38028162),Bam Adebayo (38027134),Onyeka Okongwu (38027263),Josh Giddey (38027174),Naji Marshall (38027277),Desmond Bane (38027201),314.71,406.18999999999994,49900,100.00%,45745,1082.73%,22,138.51,$43.31,PHI 3,MIA 1,user35,50,marvalshot,368,4660811705_35
Payton Pritchard (38027372),Lonnie Walker IV (38027834),Bennedict Mathurin (38027432),Michael Porter Jr. (38027306),Onyeka Okongwu (38027263),Stephon Castle (38027318),Naji Marshall (38027277),Tyler Herro (38027152),304.12,389.82,49400,100.00%,18,89.13%,0,112.78,$3.57,BOS 1,PHI 1,user15,1,marvalshot,17551,4660811706_15
Scotty Pippen Jr. (38027693),Jared Butler (38027702),Bennedict Mathurin (38027432),Naji Marshall (38027277),Onyeka Okongwu (38027263),Josh Giddey (38027174),Michael Porter Jr. (38027306),Desmond Bane (38027201),309.80999999999995,400.44999999999993,49500,100.00%,8113,212.65%,0,127.27000000000001,$8.51,MEM 2,PHI 1,user16,1,marvalshot,17601,4660811707_16
Jared Butler (38027702),Desmond Bane (38027201),Scottie Barnes (38027184),Ricky Council IV (38028162),Onyeka Okongwu (38027263),Ja Morant (38027166),Dante Exum (38027642),Naji Marshall (38027277),307.96999999999997,405.55999999999995,49800,100.00%,1681,141.77%,0,132.22000000000003,$5.67,PHI 2,MEM 2,user35,39,marvalshot,6434,4660811708_35
Devin Booker (38027145),Lonnie Walker IV (38027834),Ricky Council IV (38028162),Naji Marshall (38027277),Onyeka Okongwu (38027263),Scotty Pippen Jr. (38027693),Bennedict Mathurin (38027432),Shai Gilgeous-Alexander (38027111),311.24,406.03,49500,100.00%,17656,362.28%,1,135.81,$14.49,PHI 2,PHX 1,user31,1,marvalshot,17677,4660811709_31
Luka Doncic (38027108),Jared Butler (38027702),Justin Edwards (38027654),Naji Marshall (38027277),Onyeka Okongwu (38027263),Lonnie Walker IV (38027834),Kessler Edwards (38027689),Ja Morant (38027166),313.25,404.3,50000,100.00%,36077,532.4%,5,130.86,$21.3,PHI 3,DAL 2,user35,49,marvalshot,17696,4660811710_35
Jared Butler (38027702),Lonnie Walker IV (38027834),Jaylen Brown (38027189),Chet Holmgren (38027230),Onyeka Okongwu (38027263),Tre Jones (38027488),Naji Marshall (38027277),Desmond Bane (38027201),311.9,407.61999999999995,49500,100.00%,23150,367.59%,0,128.05,$14.7,PHI 2,BOS 1,user4,1,marvalshot,17474,4660811703_4
Ja Morant (38027166),Lonnie Walker IV (38027834),Naji Marshall (38027277),John Collins (38027297),Onyeka Okongwu (38027263),Josh Giddey (38027174),Gregory Jackson (38027792),Russell Westbrook (38027394),309.51000000000005,401.74,50000,100.00%,6065,186.56%,0,116.72,$7.46,MEM 2,PHI 1,user37,26,marvalshot,17513,4660811704_37
Jared Butler (38027702),Lonnie Walker IV (38027834),Ricky Council IV (38028162),Bam Adebayo (38027134),Onyeka Okongwu (38027263),Josh Giddey (38027174),Naji Marshall (38027277),Desmond Bane (38027201),314.71,406.18999999999994,49900,100.00%,45745,1082.73%,22,138.51,$43.31,PHI 3,MIA 1,user36,50,marvalshot,368,4660811705_36
Payton Pritchard (38027372),Lonnie Walker IV (38027834),Dante Exum (38027642),Chet Holmgren (38027230),Onyeka Okongwu (38027263),Josh Giddey (38027174),Aaron Nesmith (38027457),Tyler Herro (38027152),303.95,391.65999999999997,49900,99.99%,57,88.36%,0,104.15,$3.53,BOS 1,PHI 1,user6,1,marvalshot,17542,4660811706_6
Shai Gilgeous-Alexander (38027111),Jared Butler (38027702),Naji Marshall (38027277),Kessler Edwards (38027689),Onyeka Okongwu (38027263),Scotty Pippen Jr. (38027693),Dante Exum (38027642),Josh Giddey (38027174),309.87,405.0,49300,100.00%,7975,211.23%,0,132.81,$8.45,DAL 3,OKC 1,user13,1,marvalshot,17598,4660811707_13
Jared Butler (38027702),Desmond Bane (38027201),Scottie Barnes (38027184),Ricky Council IV (38028162),Onyeka Okongwu (38027263),Ja Morant (38027166),Dante Exum (38027642),Naji Marshall (38027277),307.96999999999997,405.55999999999995,49800,100.00%,1681,141.77%,0,132.22000000000003,$5.67,PHI 2,MEM 2,user36,39,marvalshot,6434,4660811708_36
Ja Morant (38027166),Lonnie Walker IV (38027834),Ricky Council IV (38028162),Naji Marshall (38027277),Onyeka Okongwu (38027263),Scotty Pippen Jr. (38027693),Bennedict Mathurin (38027432),Shai Gilgeous-Alexander (38027111),311.44,408.90999999999997,49000,100.00%,19117,349.16%,0,143.85,$13.97,MEM 2,PHI 2,user38,1,marvalshot,17684,4660811709_38
Luka Doncic (38027108),Jared Butler (38027702),Justin Edwards (38027654),Naji Marshall (38027277),Onyeka Okongwu (38027263),Lonnie Walker IV (38027834),Kessler Edwards (38027689),Ja Morant (38027166),313.25,404.3,50000,100.00%,36077,532.4%,5,130.86,$21.3,PHI 3,DAL 2,user36,49,marvalshot,17696,4660811710_36
Jared Butler (38027702),Lonnie Walker IV (38027834),Jaylen Brown (38027189),Tari Eason (38027346),Onyeka Okongwu (38027263),Russell Westbrook (38027394),Naji Marshall (38027277),Ja Morant (38027166),311.72,406.29,49600,100.00%,20986,342.38%,0,139.37,$13.7,PHI 2,BOS 1,user11,1,marvalshot,17480,4660811703_11
Ja Morant (38027166),Lonnie Walker IV (38027834),Naji Marshall (38027277),John Collins (38027297),Onyeka Okongwu (38027263),Josh Giddey (38027174),Gregory Jackson (38027792),Russell Westbrook (38027394),309.51000000000005,401.74,50000,100.00%,6065,186.56%,0,116.72,$7.46,MEM 2,PHI 1,user38,26,marvalshot,17513,4660811704_38
Jared Butler (38027702),Lonnie Walker IV (38027834),Ricky Council IV (38028162),Bam Adebayo (38027134),Onyeka Okongwu (38027263),Josh Giddey (38027174),Naji Marshall (38027277),Desmond Bane (38027201),314.71,406.18999999999994,49900,100.00%,45745,1082.73%,22,138.51,$43.31,PHI 3,MIA 1,user37,50,marvalshot,368,4660811705_37
Payton Pritchard (38027372),Lonnie Walker IV (38027834),Naji Marshall (38027277),Zeke Nnaji (38027927),Onyeka Okongwu (38027263),Shai Gilgeous-Alexander (38027111),Kessler Edwards (38027689),Tyler Herro (38027152),303.61999999999995,391.78,49900,99.99%,3,83.79%,0,113.78,$3.35,DAL 2,BOS 1,user5,1,marvalshot,17541,4660811706_5
Ja Morant (38027166),Jared Butler (38027702),Bennedict Mathurin (38027432),Naji Marshall (38027277),Onyeka Okongwu (38027263),Josh Giddey (38027174),Devin Vassell (38027330),Scotty Pippen Jr. (38027693),309.77000000000004,402.73,50000,100.00%,7721,210.29%,0,123.07000000000001,$8.41,MEM 2,PHI 1,user18,1,marvalshot,17603,4660811707_18
Jared Butler (38027702),Desmond Bane (38027201),Scottie Barnes (38027184),Ricky Council IV (38028162),Onyeka Okongwu (38027263),Ja Morant (38027166),Dante Exum (38027642),Naji Marshall (38027277),307.96999999999997,405.55999999999995,49800,100.00%,1681,141.77%,0,132.22000000000003,$5.67,PHI 2,MEM 2,user37,39,marvalshot,6434,4660811708_37
Shai Gilgeous-Alexander (38027111),Lonnie Walker IV (38027834),Ricky Council IV (38028162),Kevin Durant (38027138),Onyeka Okongwu (38027263),Max Christie (38027411),Naji Marshall (38027277),Scotty Pippen Jr. (38027693),310.99,401.83000000000004,50000,100.00%,15907,332.66%,0,134.57999999999998,$13.31,PHI 2,DAL 2,user42,1,marvalshot,17688,4660811709_42
Luka Doncic (38027108),Jared Butler (38027702),Justin Edwards (38027654),Naji Marshall (38027277),Onyeka Okongwu (38027263),Lonnie Walker IV (38027834),Kessler Edwards (38027689),Ja Morant (38027166),313.25,404.3,50000,100.00%,36077,532.4%,5,130.86,$21.3,PHI 3,DAL 2,user37,49,marvalshot,17696,4660811710_37
Jared Butler (38027702),Lonnie Walker IV (38027834),Jaylen Brown (38027189),Naji Marshall (38027277),Onyeka Okongwu (38027263),Josh Giddey (38027174),Pascal Siakam (38027194),Gregory Jackson (38027792),311.81,407.26,49900,100.00%,22208,339.55%,0,120.96000000000001,$13.58,PHI 2,BOS 1,user3,1,marvalshot,17472,4660811703_3
Ja Morant (38027166),Lonnie Walker IV (38027834),Naji Marshall (38027277),John Collins (38027297),Onyeka Okongwu (38027263),Josh Giddey (38027174),Gregory Jackson (38027792),Russell Westbrook (38027394),309.51000000000005,401.74,50000,100.00%,6065,186.56%,0,116.72,$7.46,MEM 2,PHI 1,user39,26,marvalshot,17513,4660811704_39
Jared Butler (38027702),Lonnie Walker IV (38027834),Ricky Council IV (38028162),Bam Adebayo (38027134),Onyeka Okongwu (38027263),Josh Giddey (38027174),Naji Marshall (38027277),Desmond Bane (38027201),314.71,406.18999999999994,49900,100.00%,45745,1082.73%,22,138.51,$43.31,PHI 3,MIA 1,user38,50,marvalshot,368,4660811705_38
Payton Pritchard (38027372),Lonnie Walker IV (38027834),Dante Exum (38027642),Naji Marshall (38027277),Onyeka Okongwu (38027263),Shai Gilgeous-Alexander (38027111),Lamar Stevens (38027971),Tyler Herro (38027152),303.55,396.27,49900,100.00%,11,83.28%,0,118.77000000000001,$3.33,DAL 2,BOS 1,user39,1,marvalshot,17575,4660811706_39
Scotty Pippen Jr. (38027693),Jared Butler (38027702),Kevin Durant (38027138),Naji Marshall (38027277),Onyeka Okongwu (38027263),Josh Giddey (38027174),Kessler Edwards (38027689),Klay Thompson (38027341),309.76,398.41999999999996,49500,100.00%,7497,207.36%,0,121.63000000000001,$8.29,DAL 3,MEM 1,user5,1,marvalshot,17590,4660811707_5
Jared Butler (38027702),Desmond Bane (38027201),Scottie Barnes (38027184),Ricky Council IV (38028162),Onyeka Okongwu (38027263),Ja Morant (38027166),Dante Exum (38027642),Naji Marshall (38027277),307.96999999999997,405.55999999999995,49800,100.00%,1681,141.77%,0,132.22000000000003,$5.67,PHI 2,MEM 2,user38,39,marvalshot,6434,4660811708_38
Shai Gilgeous-Alexander (38027111),Lonnie Walker IV (38027834),Ricky Council IV (38028162),Kevin Durant (38027138),Onyeka Okongwu (38027263),Scotty Pippen Jr. (38027693),Bennedict Mathurin (38027432),Naji Marshall (38027277),311.06,405.62,49800,100.00%,16277,325.21%,0,135.56,$13.01,PHI 2,OKC 1,user21,1,marvalshot,17667,4660811709_21
Luka Doncic (38027108),Jared Butler (38027702),Justin Edwards (38027654),Naji Marshall (38027277),Onyeka Okongwu (38027263),Lonnie Walker IV (38027834),Kessler Edwards (38027689),Ja Morant (38027166),313.25,404.3,50000,100.00%,36077,532.4%,5,130.86,$21.3,PHI 3,DAL 2,user38,49,marvalshot,17696,4660811710_38
Jared Butler (38027702),Lonnie Walker IV (38027834),Jaylen Brown (38027189),Kessler Edwards (38027689),Onyeka Okongwu (38027263),Jamal Murray (38027204),Naji Marshall (38027277),Ja Morant (38027166),311.78,402.78,50000,100.00%,21787,318.17%,0,127.19,$12.73,PHI 2,DAL 2,user,1,marvalshot,4367,4660811703
Ja Morant (38027166),Lonnie Walker IV (38027834),Naji Marshall (38027277),John Collins (38027297),Onyeka Okongwu (38027263),Josh Giddey (38027174),Gregory Jackson (38027792),Russell Westbrook (38027394),309.51000000000005,401.74,50000,100.00%,6065,186.56%,0,116.72,$7.46,MEM 2,PHI 1,user40,26,marvalshot,17513,4660811704_40
Jared Butler (38027702),Lonnie Walker IV (38027834),Ricky Council IV (38028162),Bam Adebayo (38027134),Onyeka Okongwu (38027263),Josh Giddey (38027174),Naji Marshall (38027277),Desmond Bane (38027201),314.71,406.18999999999994,49900,100.00%,45745,1082.73%,22,138.51,$43.31,PHI 3,MIA 1,user39,50,marvalshot,368,4660811705_39
Payton Pritchard (38027372),Lonnie Walker IV (38027834),Gregory Jackson (38027792),Naji Marshall (38027277),Onyeka Okongwu (38027263),Russell Westbrook (38027394),Franz Wagner (38027163),Tyler Herro (38027152),303.16999999999996,388.77,49500,99.98%,5,79.32%,0,125.75999999999999,$3.17,BOS 1,PHI 1,user45,1,marvalshot,17581,4660811706_45
Scotty Pippen Jr. (38027693),Jared Butler (38027702),Bennedict Mathurin (38027432),Naji Marshall (38027277),Onyeka Okongwu (38027263),Desmond Bane (38027201),Klay Thompson (38027341),Devin Booker (38027145),309.45,401.35,49800,100.00%,6668,206.76%,0,126.34,$8.27,MEM 2,DAL 2,user48,1,marvalshot,17634,4660811707_48
Jared Butler (38027702),Desmond Bane (38027201),Scottie Barnes (38027184),Ricky Council IV (38028162),Onyeka Okongwu (38027263),Ja Morant (38027166),Dante Exum (38027642),Naji Marshall (38027277),307.96999999999997,405.55999999999995,49800,100.00%,1681,141.77%,0,132.22000000000003,$5.67,PHI 2,MEM 2,user39,39,marvalshot,6434,4660811708_39
Stephon Castle (38027318),Lonnie Walker IV (38027834),Ricky Council IV (38028162),Naji Marshall (38027277),Onyeka Okongwu (38027263),Shai Gilgeous-Alexander (38027111),Kessler Edwards (38027689),Josh Giddey (38027174),311.36,404.9,49900,100.00%,18261,321.11%,0,117.99,$12.84,PHI 2,DAL 2,user11,1,marvalshot,17657,4660811709_11
Luka Doncic (38027108),Jared Butler (38027702),Justin Edwards (38027654),Naji Marshall (38027277),Onyeka Okongwu (38027263),Lonnie Walker IV (38027834),Kessler Edwards (38027689),Ja Morant (38027166),313.25,404.3,50000,100.00%,36077,532.4%,5,130.86,$21.3,PHI 3,DAL 2,user39,49,marvalshot,17696,4660811710_39
Jared Butler (38027702),Lonnie Walker IV (38027834),Jaylen Brown (38027189),Naji Marshall (38027277),Onyeka Okongwu (38027263),Russell Westbrook (38027394),Gregory Jackson (38027792),Shai Gilgeous-Alexander (38027111),311.37,410.86,49700,100.00%,17850,302.4%,0,138.23000000000002,$12.1,PHI 2,BOS 1,user25,1,marvalshot,17492,4660811703_25
Ja Morant (38027166),Lonnie Walker IV (38027834),Naji Marshall (38027277),John Collins (38027297),Onyeka Okongwu (38027263),Josh Giddey (38027174),Gregory Jackson (38027792),Russell Westbrook (38027394),309.51000000000005,401.74,50000,100.00%,6065,186.56%,0,116.72,$7.46,MEM 2,PHI 1,user41,26,marvalshot,17513,4660811704_41
Jared Butler (38027702),Lonnie Walker IV (38027834),Ricky Council IV (38028162),Bam Adebayo (38027134),Onyeka Okongwu (38027263),Josh Giddey (38027174),Naji Marshall (38027277),Desmond Bane (38027201),314.71,406.18999999999994,49900,100.00%,45745,1082.73%,22,138.51,$43.31,PHI 3,MIA 1,user40,50,marvalshot,368,4660811705_40
Payton Pritchard (38027372),Lonnie Walker IV (38027834),Coby White (38027240),Pascal Siakam (38027194),Onyeka Okongwu (38027263),Russell Westbrook (38027394),Kessler Edwards (38027689),Tyler Herro (38027152),302.98,387.58000000000004,49800,99.97%,19,78.31%,0,112.74,$3.13,BOS 1,PHI 1,user2,1,marvalshot,17538,4660811706_2
Josh Giddey (38027174),Jared Butler (38027702),Dante Exum (38027642),Naji Marshall (38027277),Onyeka Okongwu (38027263),Ja Morant (38027166),Chet Holmgren (38027230),Jay Huff (38028099),309.54999999999995,405.90999999999997,49200,100.00%,6704,206.5%,1,126.62,$8.26,DAL 2,MEM 2,user37,1,marvalshot,17623,4660811707_37
Jared Butler (38027702),Desmond Bane (38027201),Scottie Barnes (38027184),Ricky Council IV (38028162),Onyeka Okongwu (38027263),Ja Morant (38027166),Dante Exum (38027642),Naji Marshall (38027277),307.96999999999997,405.55999999999995,49800,100.00%,1681,141.77%,0,132.22000000000003,$5.67,PHI 2,MEM 2,user40,39,marvalshot,6434,4660811708_40
Ja Morant (38027166),Lonnie Walker IV (38027834),Ricky Council IV (38028162),Naji Marshall (38027277),Onyeka Okongwu (38027263),Shai Gilgeous-Alexander (38027111),Bennedict Mathurin (38027432),Nick Richards (38027533),311.0,409.55,49600,100.00%,15521,315.88%,1,123.32999999999998,$12.64,PHI 2,MEM 1,user24,1,marvalshot,17670,4660811709_24
Luka Doncic (38027108),Jared Butler (38027702),Justin Edwards (38027654),Naji Marshall (38027277),Onyeka Okongwu (38027263),Lonnie Walker IV (38027834),Kessler Edwards (38027689),Ja Morant (38027166),313.25,404.3,50000,100.00%,36077,532.4%,5,130.86,$21.3,PHI 3,DAL 2,user40,49,marvalshot,17696,4660811710_40
Jared Butler (38027702),Lonnie Walker IV (38027834),Jaylen Brown (38027189),Naji Marshall (38027277),Onyeka Okongwu (38027263),Shai Gilgeous-Alexander (38027111),Gregory Jackson (38027792),Spencer Dinwiddie (38027386),311.0,408.2,49800,100.00%,14748,273.29%,0,123.32000000000001,$10.93,PHI 2,DAL 2,user45,2,marvalshot,4398,4660811703_45
Ja Morant (38027166),Lonnie Walker IV (38027834),Naji Marshall (38027277),John Collins (38027297),Onyeka Okongwu (38027263),Josh Giddey (38027174),Gregory Jackson (38027792),Russell Westbrook (38027394),309.51000000000005,401.74,50000,100.00%,6065,186.56%,0,116.72,$7.46,MEM 2,PHI 1,user42,26,marvalshot,17513,4660811704_42
Jared Butler (38027702),Lonnie Walker IV (38027834),Ricky Council IV (38028162),Bam Adebayo (38027134),Onyeka Okongwu (38027263),Josh Giddey (38027174),Naji Marshall (38027277),Desmond Bane (38027201),314.71,406.18999999999994,49900,100.00%,45745,1082.73%,22,138.51,$43.31,PHI 3,MIA 1,user41,50,marvalshot,368,4660811705_41
Payton Pritchard (38027372),Lonnie Walker IV (38027834),Naji Marshall (38027277),Lamar Stevens (38027971),Onyeka Okongwu (38027263),Ja Morant (38027166),Michael Porter Jr. (38027306),Tyler Herro (38027152),303.04,390.59000000000003,49600,99.97%,4,77.71%,0,112.88999999999999,$3.11,MEM 2,BOS 1,user40,1,marvalshot,17576,4660811706_40
Russell Westbrook (38027394),Jared Butler (38027702),Aaron Nesmith (38027457),Kevin Durant (38027138),Onyeka Okongwu (38027263),Josh Giddey (38027174),Naji Marshall (38027277),Scotty Pippen Jr. (38027693),309.51000000000005,398.4200000000001,50000,100.00%,7005,206.22%,0,126.34,$8.25,DEN 1,PHI 1,user10,1,marvalshot,17595,4660811707_10
Jared Butler (38027702),Desmond Bane (38027201),Scottie Barnes (38027184),Ricky Council IV (38028162),Onyeka Okongwu (38027263),Ja Morant (38027166),Dante Exum (38027642),Naji Marshall (38027277),307.96999999999997,405.55999999999995,49800,100.00%,1681,141.77%,0,132.22000000000003,$5.67,PHI 2,MEM 2,user41,39,marvalshot,6434,4660811708_41
Josh Giddey (38027174),Lonnie Walker IV (38027834),Ricky Council IV (38028162),Gregory Jackson (38027792),Onyeka Okongwu (38027263),Desmond Bane (38027201),Naji Marshall (38027277),Alperen Sengun (38027129),311.27,402.16999999999996,49800,100.00%,17680,310.85%,0,120.82000000000001,$12.43,PHI 2,MEM 2,user3,1,marvalshot,17649,4660811709_3
Luka Doncic (38027108),Jared Butler (38027702),Justin Edwards (38027654),Naji Marshall (38027277),Onyeka Okongwu (38027263),Lonnie Walker IV (38027834),Kessler Edwards (38027689),Ja Morant (38027166),313.25,404.3,50000,100.00%,36077,532.4%,5,130.86,$21.3,PHI 3,DAL 2,user41,49,marvalshot,17696,4660811710_41
Jared Butler (38027702),Lonnie Walker IV (38027834),Jaylen Brown (38027189),Pascal Siakam (38027194),Onyeka Okongwu (38027263),Russell Westbrook (38027394),Klay Thompson (38027341),Naji Marshall (38027277),310.98999999999995,405.15,49200,100.00%,14015,262.09%,0,135.26999999999998,$10.48,PHI 2,DAL 2,user12,1,marvalshot,17481,4660811703_12
Ja Morant (38027166),Lonnie Walker IV (38027834),Naji Marshall (38027277),John Collins (38027297),Onyeka Okongwu (38027263),Josh Giddey (38027174),Gregory Jackson (38027792),Russell Westbrook (38027394),309.51000000000005,401.74,50000,100.00%,6065,186.56%,0,116.72,$7.46,MEM 2,PHI 1,user43,26,marvalshot,17513,4660811704_43
Jared Butler (38027702),Lonnie Walker IV (38027834),Ricky Council IV (38028162),Bam Adebayo (38027134),Onyeka Okongwu (38027263),Josh Giddey (38027174),Naji Marshall (38027277),Desmond Bane (38027201),314.71,406.18999999999994,49900,100.00%,45745,1082.73%,22,138.51,$43.31,PHI 3,MIA 1,user42,50,marvalshot,368,4660811705_42
Payton Pritchard (38027372),Lonnie Walker IV (38027834),Jalen Williams (38027180),Naji Marshall (38027277),Onyeka Okongwu (38027263),Max Christie (38027411),Dante Exum (38027642),Tyler Herro (38027152),302.99,385.19,49800,99.99%,2,77.22%,0,121.5,$3.09,DAL 3,BOS 1,user21,1,marvalshot,17557,4660811706_21
Scotty Pippen Jr. (38027693),Jared Butler (38027702),Naji Marshall (38027277),Kessler Edwards (38027689),Onyeka Okongwu (38027263),Josh Giddey (38027174),Kevin Durant (38027138),Russell Westbrook (38027394),309.68,397.51,49000,100.00%,7139,203.34%,0,135.99,$8.13,DAL 2,MEM 1,user14,1,marvalshot,17599,4660811707_14
Jared Butler (38027702),Desmond Bane (38027201),Scottie Barnes (38027184),Ricky Council IV (38028162),Onyeka Okongwu (38027263),Ja Morant (38027166),Dante Exum (38027642),Naji Marshall (38027277),307.96999999999997,405.55999999999995,49800,100.00%,1681,141.77%,0,132.22000000000003,$5.67,PHI 2,MEM 2,user42,39,marvalshot,6434,4660811708_42
Devin Booker (38027145),Lonnie Walker IV (38027834),Ricky Council IV (38028162),Naji Marshall (38027277),Onyeka Okongwu (38027263),Desmond Bane (38027201),Klay Thompson (38027341),Myles Turner (38027281),310.85,398.45000000000005,49900,100.00%,14709,305.09%,1,118.03,$12.2,PHI 2,DAL 2,user45,1,marvalshot,17691,4660811709_45
Luka Doncic (38027108),Jared Butler (38027702),Justin Edwards (38027654),Naji Marshall (38027277),Onyeka Okongwu (38027263),Lonnie Walker IV (38027834),Kessler Edwards (38027689),Ja Morant (38027166),313.25,404.3,50000,100.00%,36077,532.4%,5,130.86,$21.3,PHI 3,DAL 2,user42,49,marvalshot,17696,4660811710_42
Jared Butler (38027702),Lonnie Walker IV (38027834),Jaylen Brown (38027189),Naji Marshall (38027277),Onyeka Okongwu (38027263),Shai Gilgeous-Alexander (38027111),Kessler Edwards (38027689),Cole Anthony (38027444),311.09,408.25,49600,100.00%,14898,261.86%,0,124.67,$10.47,PHI 2,DAL 2,user1,1,marvalshot,17468,4660811703_1
Ja Morant (38027166),Lonnie Walker IV (38027834),Naji Marshall (38027277),John Collins (38027297),Onyeka Okongwu (38027263),Josh Giddey (38027174),Gregory Jackson (38027792),Russell Westbrook (38027394),309.51000000000005,401.74,50000,100.00%,6065,186.56%,0,116.72,$7.46,MEM 2,PHI 1,user44,26,marvalshot,17513,4660811704_44
Jared Butler (38027702),Lonnie Walker IV (38027834),Ricky Council IV (38028162),Bam Adebayo (38027134),Onyeka Okongwu (38027263),Josh Giddey (38027174),Naji Marshall (38027277),Desmond Bane (38027201),314.71,406.18999999999994,49900,100.00%,45745,1082.73%,22,138.51,$43.31,PHI 3,MIA 1,user43,50,marvalshot,368,4660811705_43
Payton Pritchard (38027372),Lonnie Walker IV (38027834),Bennedict Mathurin (38027432),Michael Porter Jr. (38027306),Onyeka Okongwu (38027263),Ja Morant (38027166),Aaron Nesmith (38027457),Tyler Herro (38027152),302.89,388.58,50000,99.96%,12,76.98%,0,102.81,$3.08,IND 2,BOS 1,user26,1,marvalshot,17562,4660811706_26
Josh Giddey (38027174),Jared Butler (38027702),Klay Thompson (38027341),Kessler Edwards (38027689),Onyeka Okongwu (38027263),Desmond Bane (38027201),Bennedict Mathurin (38027432),Naji Marshall (38027277),309.76,397.19,49200,100.00%,7267,199.1%,0,115.9,$7.96,DAL 3,CHI 1,user2,1,marvalshot,17587,4660811707_2
Jared Butler (38027702),Desmond Bane (38027201),Scottie Barnes (38027184),Ricky Council IV (38028162),Onyeka Okongwu (38027263),Ja Morant (38027166),Dante Exum (38027642),Naji Marshall (38027277),307.96999999999997,405.55999999999995,49800,100.00%,1681,141.77%,0,132.22000000000003,$5.67,PHI 2,MEM 2,user43,39,marvalshot,6434,4660811708_43
Dante Exum (38027642),Lonnie Walker IV (38027834),Ricky Council IV (38028162),Chet Holmgren (38027230),Onyeka Okongwu (38027263),Josh Giddey (38027174),Naji Marshall (38027277),Alperen Sengun (38027129),310.94,402.84000000000003,49700,100.00%,15137,297.6%,0,119.72,$11.9,DAL 2,PHI 2,user36,1,marvalshot,17682,4660811709_36
Luka Doncic (38027108),Jared Butler (38027702),Justin Edwards (38027654),Naji Marshall (38027277),Onyeka Okongwu (38027263),Lonnie Walker IV (38027834),Kessler Edwards (38027689),Ja Morant (38027166),313.25,404.3,50000,100.00%,36077,532.4%,5,130.86,$21.3,PHI 3,DAL 2,user43,49,marvalshot,17696,4660811710_43
Jared Butler (38027702),Lonnie Walker IV (38027834),Jaylen Brown (38027189),Kessler Edwards (38027689),Onyeka Okongwu (38027263),Devin Booker (38027145),Naji Marshall (38027277),Myles Turner (38027281),311.0,400.15999999999997,49300,100.00%,14388,259.59%,0,122.60999999999999,$10.38,PHI 2,DAL 2,user48,1,marvalshot,17510,4660811703_48
Ja Morant (38027166),Lonnie Walker IV (38027834),Naji Marshall (38027277),John Collins (38027297),Onyeka Okongwu (38027263),Josh Giddey (38027174),Gregory Jackson (38027792),Russell Westbrook (38027394),309.51000000000005,401.74,50000,100.00%,6065,186.56%,0,116.72,$7.46,MEM 2,PHI 1,user45,26,marvalshot,17513,4660811704_45
Jared Butler (38027702),Lonnie Walker IV (38027834),Ricky Council IV (38028162),Bam Adebayo (38027134),Onyeka Okongwu (38027263),Josh Giddey (38027174),Naji Marshall (38027277),Desmond Bane (38027201),314.71,406.18999999999994,49900,100.00%,45745,1082.73%,22,138.51,$43.31,PHI 3,MIA 1,user44,50,marvalshot,368,4660811705_44
Payton Pritchard (38027372),Lonnie Walker IV (38027834),Dante Exum (38027642),Kessler Edwards (38027689),Onyeka Okongwu (38027263),Desmond Bane (38027201),Pascal Siakam (38027194),Tyler Herro (38027152),302.86,389.05,49200,99.99%,9,76.86%,0,118.95,$3.07,DAL 2,BOS 1,user7,1,marvalshot,17543,4660811706_7
Russell Westbrook (38027394),Jared Butler (38027702),Klay Thompson (38027341),Kessler Edwards (38027689),Onyeka Okongwu (38027263),Ja Morant (38027166),Naji Marshall (38027277),Pascal Siakam (38027194),309.6,400.89,49900,100.00%,6619,199.02%,0,121.04,$7.96,DAL 3,DEN 1,user31,1,marvalshot,17617,4660811707_31
Jared Butler (38027702),Desmond Bane (38027201),Scottie Barnes (38027184),Ricky Council IV (38028162),Onyeka Okongwu (38027263),Ja Morant (38027166),Dante Exum (38027642),Naji Marshall (38027277),307.96999999999997,405.55999999999995,49800,100.00%,1681,141.77%,0,132.22000000000003,$5.67,PHI 2,MEM 2,user44,39,marvalshot,6434,4660811708_44
Shai Gilgeous-Alexander (38027111),Lonnie Walker IV (38027834),Ricky Council IV (38028162),Naji Marshall (38027277),Onyeka Okongwu (38027263),Desmond Bane (38027201),Dante Exum (38027642),Myles Turner (38027281),310.78,404.62,50000,100.00%,14180,291.47%,0,128.95999999999998,$11.66,PHI 2,DAL 2,user41,1,marvalshot,17687,4660811709_41
Luka Doncic (38027108),Jared Butler (38027702),Justin Edwards (38027654),Naji Marshall (38027277),Onyeka Okongwu (38027263),Lonnie Walker IV (38027834),Kessler Edwards (38027689),Ja Morant (38027166),313.25,404.3,50000,100.00%,36077,532.4%,5,130.86,$21.3,PHI 3,DAL 2,user44,49,marvalshot,17696,4660811710_44
Jared Butler (38027702),Lonnie Walker IV (38027834),Jaylen Brown (38027189),Kessler Edwards (38027689),Onyeka Okongwu (38027263),Shai Gilgeous-Alexander (38027111),Naji Marshall (38027277),Nick Richards (38027533),311.02,410.08,49100,100.00%,14222,254.84%,0,127.30999999999999,$10.19,PHI 2,DAL 2,user38,1,marvalshot,17504,4660811703_38
Ja Morant (38027166),Lonnie Walker IV (38027834),Naji Marshall (38027277),John Collins (38027297),Onyeka Okongwu (38027263),Josh Giddey (38027174),Gregory Jackson (38027792),Russell Westbrook (38027394),309.51000000000005,401.74,50000,100.00%,6065,186.56%,0,116.72,$7.46,MEM 2,PHI 1,user46,26,marvalshot,17513,4660811704_46
Jared Butler (38027702),Lonnie Walker IV (38027834),Ricky Council IV (38028162),Bam Adebayo (38027134),Onyeka Okongwu (38027263),Josh Giddey (38027174),Naji Marshall (38027277),Desmond Bane (38027201),314.71,406.18999999999994,49900,100.00%,45745,1082.73%,22,138.51,$43.31,PHI 3,MIA 1,user45,50,marvalshot,368,4660811705_45
Payton Pritchard (38027372),Lonnie Walker IV (38027834),Klay Thompson (38027341),Naji Marshall (38027277),Onyeka Okongwu (38027263),Ja Morant (38027166),Peyton Watson (38027819),Tyler Herro (38027152),302.95,389.77,50000,99.99%,0,76.81%,0,113.97,$3.07,DAL 2,BOS 1,user22,1,marvalshot,17558,4660811706_22
Ja Morant (38027166),Jared Butler (38027702),Naji Marshall (38027277),Kessler Edwards (38027689),Onyeka Okongwu (38027263),Josh Giddey (38027174),Dante Exum (38027642),Myles Turner (38027281),309.61,398.6,49600,100.00%,6785,198.71%,0,115.63,$7.95,DAL 3,MEM 1,user29,1,marvalshot,17615,4660811707_29
Jared Butler (38027702),Desmond Bane (38027201),Scottie Barnes (38027184),Ricky Council IV (38028162),Onyeka Okongwu (38027263),Ja Morant (38027166),Dante Exum (38027642),Naji Marshall (38027277),307.96999999999997,405.55999999999995,49800,100.00%,1681,141.77%,0,132.22000000000003,$5.67,PHI 2,MEM 2,user45,39,marvalshot,6434,4660811708_45
Scotty Pippen Jr. (38027693),Lonnie Walker IV (38027834),Ricky Council IV (38028162),Tari Eason (38027346),Onyeka Okongwu (38027263),Josh Giddey (38027174),Naji Marshall (38027277),Shai Gilgeous-Alexander (38027111),310.96000000000004,406.55,49700,100.00%,15145,286.57%,0,132.76,$11.46,PHI 2,MEM 1,user34,1,marvalshot,17680,4660811709_34
Luka Doncic (38027108),Jared Butler (38027702),Justin Edwards (38027654),Naji Marshall (38027277),Onyeka Okongwu (38027263),Lonnie Walker IV (38027834),Kessler Edwards (38027689),Ja Morant (38027166),313.25,404.3,50000,100.00%,36077,532.4%,5,130.86,$21.3,PHI 3,DAL 2,user45,49,marvalshot,17696,4660811710_45
Jared Butler (38027702),Lonnie Walker IV (38027834),Jaylen Brown (38027189),Kessler Edwards (38027689),Onyeka Okongwu (38027263),Ja Morant (38027166),Coby White (38027240),Naji Marshall (38027277),311.13,402.25,49300,100.00%,14855,254.44%,0,127.91,$10.18,PHI 2,DAL 2,user2,1,marvalshot,17471,4660811703_2
Ja Morant (38027166),Lonnie Walker IV (38027834),Naji Marshall (38027277),John Collins (38027297),Onyeka Okongwu (38027263),Josh Giddey (38027174),Gregory Jackson (38027792),Russell Westbrook (38027394),309.51000000000005,401.74,50000,100.00%,6065,186.56%,0,116.72,$7.46,MEM 2,PHI 1,user47,26,marvalshot,17513,4660811704_47
Jared Butler (38027702),Lonnie Walker IV (38027834),Ricky Council IV (38028162),Bam Adebayo (38027134),Onyeka Okongwu (38027263),Josh Giddey (38027174),Naji Marshall (38027277),Desmond Bane (38027201),314.71,406.18999999999994,49900,100.00%,45745,1082.73%,22,138.51,$43.31,PHI 3,MIA 1,user46,50,marvalshot,368,4660811705_46
Payton Pritchard (38027372),Lonnie Walker IV (38027834),Devin Vassell (38027330),Naji Marshall (38027277),Onyeka Okongwu (38027263),Desmond Bane (38027201),Sandro Mamukelashvili (38027673),Tyler Herro (38027152),302.85,389.77000000000004,49900,99.98%,4,76.06%,0,115.83,$3.04,SAS 2,BOS 1,user47,1,marvalshot,17583,4660811706_47
Russell Westbrook (38027394),Jared Butler (38027702),Bennedict Mathurin (38027432),Naji Marshall (38027277),Onyeka Okongwu (38027263),Josh Giddey (38027174),Aaron Nesmith (38027457),Desmond Bane (38027201),309.51,397.19,49700,100.00%,6822,196.91%,0,120.61000000000001,$7.88,IND 2,DEN 1,user7,1,marvalshot,17592,4660811707_7
Jared Butler (38027702),Desmond Bane (38027201),Scottie Barnes (38027184),Ricky Council IV (38028162),Onyeka Okongwu (38027263),Ja Morant (38027166),Dante Exum (38027642),Naji Marshall (38027277),307.96999999999997,405.55999999999995,49800,100.00%,1681,141.77%,0,132.22000000000003,$5.67,PHI 2,MEM 2,user46,39,marvalshot,6434,4660811708_46
Scotty Pippen Jr. (38027693),Lonnie Walker IV (38027834),Ricky Council IV (38028162),Chet Holmgren (38027230),Onyeka Okongwu (38027263),Devin Booker (38027145),Naji Marshall (38027277),Ja Morant (38027166),310.85,404.82000000000005,49200,100.00%,14165,286.02%,1,135.39,$11.44,MEM 2,PHI 2,user40,1,marvalshot,17686,4660811709_40
Luka Doncic (38027108),Jared Butler (38027702),Justin Edwards (38027654),Naji Marshall (38027277),Onyeka Okongwu (38027263),Lonnie Walker IV (38027834),Kessler Edwards (38027689),Ja Morant (38027166),313.25,404.3,50000,100.00%,36077,532.4%,5,130.86,$21.3,PHI 3,DAL 2,user46,49,marvalshot,17696,4660811710_46
Jared Butler (38027702),Lonnie Walker IV (38027834),Jaylen Brown (38027189),Kessler Edwards (38027689),Onyeka Okongwu (38027263),Desmond Bane (38027201),Franz Wagner (38027163),Naji Marshall (38027277),311.01,401.82,50000,100.00%,14274,252.04%,0,130.17,$10.08,PHI 2,DAL 2,user30,1,marvalshot,17496,4660811703_30
Ja Morant (38027166),Lonnie Walker IV (38027834),Naji Marshall (38027277),John Collins (38027297),Onyeka Okongwu (38027263),Josh Giddey (38027174),Gregory Jackson (38027792),Russell Westbrook (38027394),309.51000000000005,401.74,50000,100.00%,6065,186.56%,0,116.72,$7.46,MEM 2,PHI 1,user48,26,marvalshot,17513,4660811704_48
Jared Butler (38027702),Lonnie Walker IV (38027834),Ricky Council IV (38028162),Bam Adebayo (38027134),Onyeka Okongwu (38027263),Josh Giddey (38027174),Naji Marshall (38027277),Desmond Bane (38027201),314.71,406.18999999999994,49900,100.00%,45745,1082.73%,22,138.51,$43.31,PHI 3,MIA 1,user47,50,marvalshot,368,4660811705_47
Payton Pritchard (38027372),Lonnie Walker IV (38027834),Klay Thompson (38027341),Naji Marshall (38027277),Onyeka Okongwu (38027263),Ja Morant (38027166),Zeke Nnaji (38027927),Tyler Herro (38027152),302.75,389.7,49500,99.97%,3,74.95%,0,114.22,$3.0,DAL 2,BOS 1,user24,1,marvalshot,17560,4660811706_24
Spencer Dinwiddie (38027386),Jared Butler (38027702),Naji Marshall (38027277),Kessler Edwards (38027689),Onyeka Okongwu (38027263),Russell Westbrook (38027394),Dante Exum (38027642),Nikola Jokic (38027106),309.4,398.55999999999995,49800,100.00%,5840,196.51%,0,126.5,$7.86,DAL 4,DEN 2,user33,1,marvalshot,17619,4660811707_33
Jared Butler (38027702),Desmond Bane (38027201),Scottie Barnes (38027184),Ricky Council IV (38028162),Onyeka Okongwu (38027263),Ja Morant (38027166),Dante Exum (38027642),Naji Marshall (38027277),307.96999999999997,405.55999999999995,49800,100.00%,1681,141.77%,0,132.22000000000003,$5.67,PHI 2,MEM 2,user47,39,marvalshot,6434,4660811708_47
Russell Westbrook (38027394),Lonnie Walker IV (38027834),Ricky Council IV (38028162),Naji Marshall (38027277),Onyeka Okongwu (38027263),Desmond Bane (38027201),Kevin Durant (38027138),Myles Turner (38027281),310.59,397.13,49700,100.00%,12805,274.07%,1,132.14,$10.96,PHI 2,DEN 1,user35,1,marvalshot,17681,4660811709_35
Luka Doncic (38027108),Jared Butler (38027702),Justin Edwards (38027654),Naji Marshall (38027277),Onyeka Okongwu (38027263),Lonnie Walker IV (38027834),Kessler Edwards (38027689),Ja Morant (38027166),313.25,404.3,50000,100.00%,36077,532.4%,5,130.86,$21.3,PHI 3,DAL 2,user47,49,marvalshot,17696,4660811710_47
Jared Butler (38027702),Lonnie Walker IV (38027834),Jaylen Brown (38027189),Gregory Jackson (38027792),Onyeka Okongwu (38027263),Ja Morant (38027166),Pascal Siakam (38027194),Naji Marshall (38027277),310.87,408.65,50000,100.00%,12944,250.15%,0,125.08,$10.01,PHI 2,MEM 2,user44,1,marvalshot,17508,4660811703_44
Ja Morant (38027166),Lonnie Walker IV (38027834),Naji Marshall (38027277),John Collins (38027297),Onyeka Okongwu (38027263),Josh Giddey (38027174),Gregory Jackson (38027792),Russell Westbrook (38027394),309.51000000000005,401.74,50000,100.00%,6065,186.56%,0,116.72,$7.46,MEM 2,PHI 1,user49,26,marvalshot,17513,4660811704_49
Jared Butler (38027702),Lonnie Walker IV (38027834),Ricky Council IV (38028162),Bam Adebayo (38027134),Onyeka Okongwu (38027263),Josh Giddey (38027174),Naji Marshall (38027277),Desmond Bane (38027201),314.71,406.18999999999994,49900,100.00%,45745,1082.73%,22,138.51,$43.31,PHI 3,MIA 1,user48,50,marvalshot,368,4660811705_48
Payton Pritchard (38027372),Lonnie Walker IV (38027834),Naji Marshall (38027277),Kevin Durant (38027138),Onyeka Okongwu (38027263),Dante Exum (38027642),Grayson Allen (38027668),Tyler Herro (38027152),302.69,385.71,49500,99.99%,4,74.37%,0,118.91000000000001,$2.97,DAL 2,PHX 2,user28,1,marvalshot,17564,4660811706_28
Russell Westbrook (38027394),Jared Butler (38027702),Naji Marshall (38027277),Pascal Siakam (38027194),Onyeka Okongwu (38027263),Josh Giddey (38027174),Klay Thompson (38027341),Dante Exum (38027642),309.4,400.71,50000,100.00%,6049,195.9%,0,120.25,$7.84,DAL 3,DEN 1,user22,1,marvalshot,17607,4660811707_22
Jared Butler (38027702),Desmond Bane (38027201),Scottie Barnes (38027184),Ricky Council IV (38028162),Onyeka Okongwu (38027263),Ja Morant (38027166),Dante Exum (38027642),Naji Marshall (38027277),307.96999999999997,405.55999999999995,49800,100.00%,1681,141.77%,0,132.22000000000003,$5.67,PHI 2,MEM 2,user48,39,marvalshot,6434,4660811708_48
Scotty Pippen Jr. (38027693),Lonnie Walker IV (38027834),Ricky Council IV (38028162),Kevin Durant (38027138),Onyeka Okongwu (38027263),Ja Morant (38027166),Chet Holmgren (38027230),Naji Marshall (38027277),310.67,404.41,49500,100.00%,12593,267.07%,0,135.14,$10.68,MEM 2,PHI 2,user8,1,marvalshot,17654,4660811709_8
Luka Doncic (38027108),Jared Butler (38027702),Justin Edwards (38027654),Naji Marshall (38027277),Onyeka Okongwu (38027263),Lonnie Walker IV (38027834),Kessler Edwards (38027689),Ja Morant (38027166),313.25,404.3,50000,100.00%,36077,532.4%,5,130.86,$21.3,PHI 3,DAL 2,user48,49,marvalshot,17696,4660811710_48
Jared Butler (38027702),Lonnie Walker IV (38027834),Jaylen Brown (38027189),Naji Marshall (38027277),Onyeka Okongwu (38027263),Coby White (38027240),Dante Exum (38027642),Josh Giddey (38027174),310.92999999999995,402.06999999999994,49400,100.00%,13296,248.17%,0,127.12,$9.93,PHI 2,DAL 2,user19,1,marvalshot,17486,4660811703_19
Josh Giddey (38027174),Lonnie Walker IV (38027834),Naji Marshall (38027277),John Collins (38027297),Onyeka Okongwu (38027263),Ja Morant (38027166),Kessler Edwards (38027689),Scotty Pippen Jr. (38027693),309.6,400.32000000000005,48800,100.00%,5808,186.52%,0,126.32,$7.46,DAL 2,MEM 2,user24,1,marvalshot,17535,4660811704_24
Jared Butler (38027702),Lonnie Walker IV (38027834),Ricky Council IV (38028162),Bam Adebayo (38027134),Onyeka Okongwu (38027263),Josh Giddey (38027174),Naji Marshall (38027277),Desmond Bane (38027201),314.71,406.18999999999994,49900,100.00%,45745,1082.73%,22,138.51,$43.31,PHI 3,MIA 1,user49,50,marvalshot,368,4660811705_49
Payton Pritchard (38027372),Lonnie Walker IV (38027834),Bennedict Mathurin (38027432),Kevin Durant (38027138),Onyeka Okongwu (38027263),Tyus Jones (38027611),Klay Thompson (38027341),Tyler Herro (38027152),302.48,387.44,49800,99.96%,7,73.54%,0,103.71000000000001,$2.94,PHX 2,BOS 1,user41,1,marvalshot,17577,4660811706_41
Josh Giddey (38027174),Jared Butler (38027702),Dante Exum (38027642),Naji Marshall (38027277),Onyeka Okongwu (38027263),Shai Gilgeous-Alexander (38027111),Kessler Edwards (38027689),Nick Richards (38027533),309.43,405.64,49900,100.00%,6070,192.82%,0,112.28999999999999,$7.71,DAL 3,CHI 1,user49,1,marvalshot,17635,4660811707_49
Jared Butler (38027702),Desmond Bane (38027201),Scottie Barnes (38027184),Ricky Council IV (38028162),Onyeka Okongwu (38027263),Ja Morant (38027166),Dante Exum (38027642),Naji Marshall (38027277),307.96999999999997,405.55999999999995,49800,100.00%,1681,141.77%,0,132.22000000000003,$5.67,PHI 2,MEM 2,user49,39,marvalshot,6434,4660811708_49
Scotty Pippen Jr. (38027693),Lonnie Walker IV (38027834),Ricky Council IV (38028162),Jalen Williams (38027180),Onyeka Okongwu (38027263),Josh Giddey (38027174),Naji Marshall (38027277),Ja Morant (38027166),310.62,404.03000000000003,49800,100.00%,12203,244.85%,0,136.17000000000002,$9.79,MEM 2,PHI 2,user20,1,marvalshot,17666,4660811709_20
Luka Doncic (38027108),Jared Butler (38027702),Justin Edwards (38027654),Naji Marshall (38027277),Onyeka Okongwu (38027263),Lonnie Walker IV (38027834),Kessler Edwards (38027689),Ja Morant (38027166),313.25,404.3,50000,100.00%,36077,532.4%,5,130.86,$21.3,PHI 3,DAL 2,user49,49,marvalshot,17696,4660811710_49
