PG,SG,SF,PF,C,G,F,UTIL,Proj,Ceiling,Salary,Cash %,Top 1%,ROI%,Wins,Own Sum,Avg Return,Stack1,Stack2,Lineup,Dupes,User,Index,Entry ID
KJ Simpson (38319544),Anfernee Simons (38319426),Jamison Battle (38319725),Miles Bridges (38319308),Jusuf Nurkic (38319623),Dennis Schroder (38319444),Evan Mobley (38319319),Ausar Thompson (38319458),300.71484375,387.78781188104875,49900,100.00%,6443,345.13%,0,165.01,$13.81,CHA 3,DET 2,user1,1,marvalshot,7410,4683987575_1
Donovan Mitchell (38319302),Collin Sexton (38319491),Jamison Battle (38319725),Pascal Siakam (38319373),Jusuf Nurkic (38319623),Dennis Schroder (38319444),Ausar Thompson (38319458),Anfernee Simons (38319426),302.0397048611111,395.338604591524,49900,100.00%,13914,478.6%,0,153.03,$19.14,DET 2,CLE 1,user2,1,marvalshot,7463,4683987576_2
Chris Paul (38319596),Dennis Schroder (38319444),Malik Beasley (38319469),Miles Bridges (38319308),Jusuf Nurkic (38319623),Donovan Mitchell (38319302),Jamison Battle (38319725),Anfernee Simons (38319426),301.76125,388.5991673669539,49700,100.00%,12384,451.89%,0,171.07,$18.08,DET 2,CHA 2,user12,1,marvalshot,7522,4683987577_12
Chris Paul (38319596),Donovan Mitchell (38319302),Malik Beasley (38319469),Pascal Siakam (38319373),Jusuf Nurkic (38319623),Dennis Schroder (38319444),Ja'Kobe Walter (38319586),Jalen Duren (38319381),305.6962326388889,398.2435655984748,49800,100.00%,43819,1387.68%,2,168.74,$55.51,DET 3,SAS 1,user38,1,marvalshot,7597,4683987578_38
KJ Simpson (38319544),Dennis Schroder (38319444),Jayson Tatum (38319278),Ausar Thompson (38319458),Jusuf Nurkic (38319623),Donovan Mitchell (38319302),Jamison Battle (38319725),Orlando Robinson (38319625),299.3053125,390.59066718463123,49700,100.00%,1717,235.11%,0,165.2,$9.4,CHA 2,DET 2,user46,1,marvalshot,7654,4683987579_46
KJ Simpson (38319544),Donovan Mitchell (38319302),Brice Sensabaugh (38319564),Pascal Siakam (38319373),Jusuf Nurkic (38319623),Anfernee Simons (38319426),Ausar Thompson (38319458),Dennis Schroder (38319444),310.04385416666673,399.38185028287353,50000,100.00%,49971,5645.1%,217,143.68,$225.8,CHA 2,DET 2,user14,1,marvalshot,7671,4683987580_14
Donovan Mitchell (38319302),Dennis Schroder (38319444),Jamison Battle (38319725),Pascal Siakam (38319373),Jusuf Nurkic (38319623),Darius Garland (38319349),Ausar Thompson (38319458),Ja'Kobe Walter (38319586),304.90623263888887,396.35356559847475,49700,100.00%,40412,1066.64%,0,161.86,$42.67,CLE 2,DET 2,user20,1,marvalshot,7726,4683987581_20
Malik Monk (38319403),Malik Beasley (38319469),Jamison Battle (38319725),Pascal Siakam (38319373),Jusuf Nurkic (38319623),KJ Simpson (38319544),Ausar Thompson (38319458),Domantas Sabonis (38319289),285.10826388888887,368.63862887542155,49900,34.07%,0,-49.29%,0,140.32,$-1.97,SAC 2,DET 2,user17,1,marvalshot,7772,4683987582_17
KJ Simpson (38319544),Dennis Schroder (38319444),Tari Eason (38319462),Miles Bridges (38319308),Jusuf Nurkic (38319623),Donovan Mitchell (38319302),Royce O'Neale (38319656),Donovan Clingan (38319495),299.31484374999997,387.86781188104874,49900,100.00%,2121,240.35%,0,175.09,$9.61,CHA 3,DET 1,user20,1,marvalshot,7432,4683987575_20
Donovan Mitchell (38319302),Collin Sexton (38319491),Jamison Battle (38319725),Pascal Siakam (38319373),Jusuf Nurkic (38319623),Chris Paul (38319596),Ausar Thompson (38319458),Evan Mobley (38319319),299.9997048611111,396.24860459152404,49900,100.00%,3576,283.77%,0,157.41,$11.35,CLE 2,UTA 1,user9,1,marvalshot,7470,4683987576_9
Anfernee Simons (38319426),Donovan Mitchell (38319302),Ausar Thompson (38319458),Miles Bridges (38319308),Jusuf Nurkic (38319623),Dennis Schroder (38319444),Jonathan Mogbo (38319664),Orlando Robinson (38319625),301.23125000000005,393.1391673669539,49900,100.00%,9365,398.96%,0,158.02999999999997,$15.96,DET 2,CHA 2,user10,1,marvalshot,7520,4683987577_10
Donovan Mitchell (38319302),Dennis Schroder (38319444),Ja'Kobe Walter (38319586),Pascal Siakam (38319373),Jusuf Nurkic (38319623),Shaedon Sharpe (38319366),Ausar Thompson (38319458),Orlando Robinson (38319625),302.2762326388889,394.2935655984748,49800,100.00%,16402,516.57%,0,136.01999999999998,$20.66,DET 2,TOR 2,user16,1,marvalshot,7575,4683987578_16
KJ Simpson (38319544),Donovan Mitchell (38319302),Jamison Battle (38319725),Matas Buzelis (38319518),Jusuf Nurkic (38319623),Dennis Schroder (38319444),Evan Mobley (38319319),Stephon Castle (38319386),299.2453125,387.5306671846312,50000,100.00%,1723,232.91%,0,162.41,$9.32,CHA 2,CLE 2,user30,1,marvalshot,7638,4683987579_30
KJ Simpson (38319544),Dennis Schroder (38319444),Brice Sensabaugh (38319564),Pascal Siakam (38319373),Jusuf Nurkic (38319623),Donovan Mitchell (38319302),Evan Mobley (38319319),Royce O'Neale (38319656),308.0638541666667,397.49185028287354,49900,100.00%,49522,2840.76%,0,164.32,$113.63,CHA 2,CLE 2,user1,1,marvalshot,7658,4683987580_1
Chris Paul (38319596),Dennis Schroder (38319444),Ausar Thompson (38319458),Pascal Siakam (38319373),Jusuf Nurkic (38319623),Darius Garland (38319349),Ja'Kobe Walter (38319586),Evan Mobley (38319319),303.5362326388889,396.5335655984748,49900,100.00%,27819,746.01%,0,151.19,$29.84,DET 2,CLE 2,user37,1,marvalshot,7743,4683987581_37
Malik Monk (38319403),Dennis Schroder (38319444),Kevin Huerter (38319486),Pascal Siakam (38319373),Jusuf Nurkic (38319623),KJ Simpson (38319544),Jamison Battle (38319725),Domantas Sabonis (38319289),285.0782638888889,367.9386288754216,49900,32.65%,0,-51.44%,0,148.23000000000002,$-2.06,SAC 2,CHA 2,user37,1,marvalshot,7792,4683987582_37
KJ Simpson (38319544),Dennis Schroder (38319444),Jamison Battle (38319725),Miles Bridges (38319308),Jusuf Nurkic (38319623),Malik Beasley (38319469),Evan Mobley (38319319),Anfernee Simons (38319426),298.6248437500001,382.75781188104884,49800,100.00%,1054,202.75%,0,157.75,$8.11,CHA 3,DET 2,user39,1,marvalshot,7451,4683987575_39
Anfernee Simons (38319426),Collin Sexton (38319491),Jamison Battle (38319725),Pascal Siakam (38319373),Jusuf Nurkic (38319623),Donovan Mitchell (38319302),Evan Mobley (38319319),Jonathan Mogbo (38319664),298.34970486111115,393.67860459152405,50000,100.00%,724,189.15%,0,161.15,$7.57,TOR 2,CLE 2,user10,1,marvalshot,7471,4683987576_10
Dennis Schroder (38319444),Anfernee Simons (38319426),Ausar Thompson (38319458),Miles Bridges (38319308),Jusuf Nurkic (38319623),Chris Paul (38319596),Sandro Mamukelashvili (38319706),Donovan Mitchell (38319302),300.73125000000005,394.55916736695394,49900,100.00%,6107,341.08%,0,160.42,$13.64,DET 2,CHA 2,user13,1,marvalshot,7523,4683987577_13
Darius Garland (38319349),Anfernee Simons (38319426),Jamison Battle (38319725),Pascal Siakam (38319373),Jusuf Nurkic (38319623),Chris Paul (38319596),Ausar Thompson (38319458),Deni Avdija (38319298),301.47623263888886,392.4535655984747,50000,100.00%,11519,434.4%,0,164.33,$17.38,POR 2,CLE 1,user6,1,marvalshot,7565,4683987578_6
KJ Simpson (38319544),Dennis Schroder (38319444),Jamison Battle (38319725),Jonathan Mogbo (38319664),Jusuf Nurkic (38319623),Devin Booker (38319285),Evan Mobley (38319319),Jalen Duren (38319381),298.1353125,387.03066718463117,49500,100.00%,763,184.65%,0,200.29,$7.39,CHA 2,DET 2,user23,1,marvalshot,7631,4683987579_23
KJ Simpson (38319544),Shaedon Sharpe (38319366),Brice Sensabaugh (38319564),Pascal Siakam (38319373),Jusuf Nurkic (38319623),Dennis Schroder (38319444),Evan Mobley (38319319),Donovan Clingan (38319495),306.9738541666666,395.0018502828734,50000,100.00%,47016,2085.39%,0,139.68,$83.42,CHA 2,POR 2,user29,1,marvalshot,7686,4683987580_29
Dennis Schroder (38319444),Malik Beasley (38319469),Jamison Battle (38319725),Pascal Siakam (38319373),Jusuf Nurkic (38319623),Donovan Mitchell (38319302),Tari Eason (38319462),Ausar Thompson (38319458),302.90623263888887,391.77356559847476,49600,100.00%,21917,602.3%,0,160.82,$24.09,DET 3,TOR 1,user18,1,marvalshot,7724,4683987581_18
Malik Monk (38319403),Donovan Mitchell (38319302),Jamison Battle (38319725),Pascal Siakam (38319373),Jusuf Nurkic (38319623),KJ Simpson (38319544),Jared Rhoden (38319974),Domantas Sabonis (38319289),284.47826388888893,372.65862887542164,49900,25.24%,0,-62.55%,0,144.71,$-2.5,SAC 2,TOR 2,user36,1,marvalshot,7791,4683987582_36
KJ Simpson (38319544),Ja'Kobe Walter (38319586),Ausar Thompson (38319458),Miles Bridges (38319308),Jusuf Nurkic (38319623),Donovan Mitchell (38319302),Malik Beasley (38319469),Donovan Clingan (38319495),298.48484375,385.68781188104873,50000,100.00%,1119,200.59%,0,139.55,$8.02,CHA 3,DET 2,user34,1,marvalshot,7446,4683987575_34
Devin Booker (38319285),Collin Sexton (38319491),Jamison Battle (38319725),Pascal Siakam (38319373),Jusuf Nurkic (38319623),Dennis Schroder (38319444),Evan Mobley (38319319),Bismack Biyombo (38319799),298.1597048611111,389.998604591524,49900,100.00%,908,187.13%,0,156.29000000000002,$7.49,PHX 1,UTA 1,user36,1,marvalshot,7497,4683987576_36
Donovan Mitchell (38319302),Dennis Schroder (38319444),Jamison Battle (38319725),Miles Bridges (38319308),Jusuf Nurkic (38319623),Malik Beasley (38319469),Sandro Mamukelashvili (38319706),Jalen Duren (38319381),300.61125,392.5091673669539,49900,100.00%,5937,334.45%,0,179.75,$13.38,DET 3,CHA 2,user28,1,marvalshot,7538,4683987577_28
Chris Paul (38319596),Donovan Mitchell (38319302),Jamison Battle (38319725),Pascal Siakam (38319373),Jusuf Nurkic (38319623),Dennis Schroder (38319444),Jalen Williams (38319345),Tari Eason (38319462),299.35623263888886,392.23356559847474,49700,100.00%,1508,233.96%,0,170.86,$9.36,SAS 1,CLE 1,user44,1,marvalshot,7603,4683987578_44
KJ Simpson (38319544),Donovan Mitchell (38319302),Matisse Thybulle (38319671),Deni Avdija (38319298),Jusuf Nurkic (38319623),Dennis Schroder (38319444),Malik Beasley (38319469),Donovan Clingan (38319495),298.06531249999995,383.3306671846311,50000,100.00%,637,180.85%,0,134.19,$7.23,POR 3,CHA 2,user44,1,marvalshot,7652,4683987579_44
KJ Simpson (38319544),Donovan Mitchell (38319302),Brice Sensabaugh (38319564),Pascal Siakam (38319373),Jusuf Nurkic (38319623),Dennis Schroder (38319444),Evan Mobley (38319319),Paul Reed (38319728),305.8038541666667,399.69185028287353,49500,100.00%,44015,1363.97%,0,138.84,$54.56,CHA 2,CLE 2,user4,1,marvalshot,7661,4683987580_4
Darius Garland (38319349),Dennis Schroder (38319444),Tari Eason (38319462),Pascal Siakam (38319373),Jusuf Nurkic (38319623),Donovan Mitchell (38319302),Jonathan Mogbo (38319664),Chris Paul (38319596),302.5562326388889,396.0935655984748,49900,100.00%,19169,566.61%,0,169.79,$22.66,CLE 2,DET 1,user3,1,marvalshot,7709,4683987581_3
Malik Monk (38319403),Dennis Schroder (38319444),Ausar Thompson (38319458),Pascal Siakam (38319373),Jusuf Nurkic (38319623),KJ Simpson (38319544),Jared Rhoden (38319974),Domantas Sabonis (38319289),283.3882638888889,369.73862887542157,49600,13.24%,0,-80.43%,0,131.05,$-3.22,SAC 2,DET 2,user1,1,marvalshot,7756,4683987582_1
KJ Simpson (38319544),Anfernee Simons (38319426),Jamison Battle (38319725),Miles Bridges (38319308),Jusuf Nurkic (38319623),Dennis Schroder (38319444),Tari Eason (38319462),Evan Mobley (38319319),297.96484375,385.42781188104874,49900,100.00%,481,174.3%,0,166.8,$6.97,CHA 3,POR 1,user9,1,marvalshot,7421,4683987575_9
Donovan Mitchell (38319302),Collin Sexton (38319491),Malik Beasley (38319469),Pascal Siakam (38319373),Jusuf Nurkic (38319623),Dennis Schroder (38319444),Tari Eason (38319462),Chris Paul (38319596),297.8197048611111,390.30860459152404,50000,100.00%,319,167.4%,0,139.73,$6.7,DET 2,CLE 1,user23,1,marvalshot,7484,4683987576_23
Dennis Schroder (38319444),Malik Beasley (38319469),Ja'Kobe Walter (38319586),Miles Bridges (38319308),Jusuf Nurkic (38319623),Anfernee Simons (38319426),Jamison Battle (38319725),Donovan Mitchell (38319302),300.33125,386.2891673669539,49800,100.00%,3978,300.82%,0,160.84,$12.03,DET 2,TOR 2,user8,1,marvalshot,7518,4683987577_8
Donovan Mitchell (38319302),Dennis Schroder (38319444),Tim Hardaway Jr. (38319568),Pascal Siakam (38319373),Jusuf Nurkic (38319623),Darius Garland (38319349),Ausar Thompson (38319458),Paul Reed (38319728),299.1662326388889,392.1535655984748,50000,100.00%,1483,225.65%,0,121.88,$9.03,DET 4,CLE 2,user49,1,marvalshot,7608,4683987578_49
KJ Simpson (38319544),Donovan Mitchell (38319302),Jamison Battle (38319725),Ausar Thompson (38319458),Jusuf Nurkic (38319623),Anfernee Simons (38319426),Jayson Tatum (38319278),Orlando Robinson (38319625),297.7353125000001,390.1306671846313,50000,100.00%,409,167.51%,0,158.37,$6.7,CHA 2,TOR 2,user13,1,marvalshot,7621,4683987579_13
KJ Simpson (38319544),Dennis Schroder (38319444),Brice Sensabaugh (38319564),Pascal Siakam (38319373),Jusuf Nurkic (38319623),Donovan Mitchell (38319302),Evan Mobley (38319319),Sandro Mamukelashvili (38319706),305.8338541666667,399.3218502828735,49600,100.00%,44493,1362.93%,0,144.81,$54.52,CHA 2,CLE 2,user6,1,marvalshot,7663,4683987580_6
Dennis Schroder (38319444),Coby White (38319323),Ja'Kobe Walter (38319586),Pascal Siakam (38319373),Jusuf Nurkic (38319623),Donovan Mitchell (38319302),Ausar Thompson (38319458),Bismack Biyombo (38319799),301.9462326388889,392.3235655984748,50000,100.00%,13973,477.02%,0,146.73000000000002,$19.08,DET 2,CHI 1,user17,1,marvalshot,7723,4683987581_17
Malik Monk (38319403),Dalen Terry (38319736),Jamison Battle (38319725),Pascal Siakam (38319373),Jusuf Nurkic (38319623),KJ Simpson (38319544),Evan Mobley (38319319),Domantas Sabonis (38319289),282.5982638888889,369.9586288754216,50000,8.57%,0,-87.36%,0,134.8,$-3.49,SAC 2,CHA 2,user46,1,marvalshot,7801,4683987582_46
KJ Simpson (38319544),Donovan Mitchell (38319302),Tari Eason (38319462),Miles Bridges (38319308),Jusuf Nurkic (38319623),Dennis Schroder (38319444),Malik Beasley (38319469),Jamison Battle (38319725),297.86484375,382.5778118810487,49800,100.00%,268,166.92%,0,162.38,$6.68,CHA 3,DET 2,user14,1,marvalshot,7426,4683987575_14
Dennis Schroder (38319444),Collin Sexton (38319491),Jamison Battle (38319725),Pascal Siakam (38319373),Jusuf Nurkic (38319623),Chris Paul (38319596),Evan Mobley (38319319),Alperen Sengun (38319306),297.61970486111113,394.12860459152404,50000,100.00%,372,163.67%,0,159.82,$6.55,DET 1,UTA 1,user12,1,marvalshot,7473,4683987576_12
Chris Paul (38319596),Dennis Schroder (38319444),Harrison Barnes (38319681),Miles Bridges (38319308),Jusuf Nurkic (38319623),Donovan Mitchell (38319302),Evan Mobley (38319319),Orlando Robinson (38319625),299.34125000000006,392.7091673669539,50000,100.00%,2453,244.96%,0,146.18,$9.8,SAS 2,CHA 2,user37,1,marvalshot,7547,4683987577_37
Dennis Schroder (38319444),Jaylen Brown (38319333),Malik Beasley (38319469),Pascal Siakam (38319373),Jusuf Nurkic (38319623),Donovan Mitchell (38319302),Jamison Battle (38319725),Chris Paul (38319596),297.30623263888884,386.8735655984747,50000,100.00%,90,148.07%,0,159.57,$5.92,DET 2,BOS 1,user5,1,marvalshot,7564,4683987578_5
KJ Simpson (38319544),Donovan Mitchell (38319302),Deni Avdija (38319298),Harrison Barnes (38319681),Jusuf Nurkic (38319623),Dennis Schroder (38319444),Tari Eason (38319462),Donovan Clingan (38319495),297.6253125,386.5106671846312,50000,100.00%,410,164.95%,0,151.70999999999998,$6.6,CHA 2,POR 2,user1,1,marvalshot,7609,4683987579_1
KJ Simpson (38319544),Donovan Mitchell (38319302),Brice Sensabaugh (38319564),Pascal Siakam (38319373),Jusuf Nurkic (38319623),Anfernee Simons (38319426),Evan Mobley (38319319),Sandro Mamukelashvili (38319706),304.2638541666667,398.86185028287355,49900,100.00%,33850,905.3%,0,137.98,$36.21,CHA 2,CLE 2,user12,1,marvalshot,7669,4683987580_12
Chris Paul (38319596),Dennis Schroder (38319444),Ausar Thompson (38319458),Pascal Siakam (38319373),Jusuf Nurkic (38319623),Anfernee Simons (38319426),Jayson Tatum (38319278),Bismack Biyombo (38319799),301.4062326388889,393.5835655984748,49600,100.00%,10661,420.37%,0,163.07999999999998,$16.81,SAS 2,DET 2,user22,1,marvalshot,7728,4683987581_22
Malik Monk (38319403),Dennis Schroder (38319444),Royce O'Neale (38319656),Pascal Siakam (38319373),Jusuf Nurkic (38319623),KJ Simpson (38319544),Matas Buzelis (38319518),Domantas Sabonis (38319289),282.7582638888889,366.3086288754216,49800,8.01%,0,-88.16%,0,155.25,$-3.53,SAC 2,CHA 2,user7,1,marvalshot,7762,4683987582_7
KJ Simpson (38319544),Dennis Schroder (38319444),Ausar Thompson (38319458),Miles Bridges (38319308),Jusuf Nurkic (38319623),Donovan Mitchell (38319302),Malik Beasley (38319469),Paul Reed (38319728),297.46484375,386.23781188104874,49800,100.00%,182,154.05%,0,136.70999999999998,$6.16,DET 4,CHA 3,user12,1,marvalshot,7424,4683987575_12
Dennis Schroder (38319444),Collin Sexton (38319491),Royce O'Neale (38319656),Pascal Siakam (38319373),Jusuf Nurkic (38319623),Anfernee Simons (38319426),Ausar Thompson (38319458),Evan Mobley (38319319),297.3997048611111,390.06860459152404,49800,100.00%,217,154.16%,0,153.18,$6.17,DET 2,UTA 1,user48,1,marvalshot,7509,4683987576_48
Chris Paul (38319596),Dennis Schroder (38319444),Ausar Thompson (38319458),Miles Bridges (38319308),Jusuf Nurkic (38319623),Darius Garland (38319349),Royce O'Neale (38319656),Jalen Duren (38319381),299.10125,389.63916736695387,49700,100.00%,2010,232.18%,0,193.22,$9.29,DET 3,CHA 2,user3,1,marvalshot,7513,4683987577_3
Dennis Schroder (38319444),Shaedon Sharpe (38319366),Deni Avdija (38319298),Pascal Siakam (38319373),Jusuf Nurkic (38319623),Stephon Castle (38319386),Jamison Battle (38319725),Paul Reed (38319728),296.3462326388889,386.68356559847484,49800,99.99%,90,130.09%,0,146.56,$5.2,DET 2,POR 2,user17,1,marvalshot,7576,4683987578_17
KJ Simpson (38319544),Dennis Schroder (38319444),Ausar Thompson (38319458),Evan Mobley (38319319),Jusuf Nurkic (38319623),Malik Beasley (38319469),Jonathan Mogbo (38319664),Deni Avdija (38319298),297.4653125,382.30066718463115,49900,100.00%,365,160.7%,0,159.03,$6.43,DET 3,CHA 2,user,1,marvalshot,3038,4683987579
KJ Simpson (38319544),Dennis Schroder (38319444),Brice Sensabaugh (38319564),Pascal Siakam (38319373),Jusuf Nurkic (38319623),Donovan Mitchell (38319302),Sandro Mamukelashvili (38319706),Alperen Sengun (38319306),303.8738541666667,398.92185028287355,50000,100.00%,30655,800.59%,0,143.23,$32.02,CHA 2,DET 1,user13,1,marvalshot,7670,4683987580_13
Dennis Schroder (38319444),Donovan Mitchell (38319302),Jamison Battle (38319725),Pascal Siakam (38319373),Jusuf Nurkic (38319623),Anfernee Simons (38319426),Jared Rhoden (38319974),Alperen Sengun (38319306),301.0762326388889,395.5735655984748,50000,100.00%,7733,371.99%,0,159.0,$14.88,TOR 2,DET 1,user4,1,marvalshot,7710,4683987581_4
Malik Monk (38319403),Malik Beasley (38319469),Tari Eason (38319462),Pascal Siakam (38319373),Jusuf Nurkic (38319623),KJ Simpson (38319544),Jamison Battle (38319725),Domantas Sabonis (38319289),282.3582638888889,366.27862887542165,49900,6.79%,0,-89.98%,0,142.11,$-3.6,SAC 2,CHA 2,user10,1,marvalshot,7765,4683987582_10
KJ Simpson (38319544),Anfernee Simons (38319426),Ausar Thompson (38319458),Miles Bridges (38319308),Jusuf Nurkic (38319623),Dennis Schroder (38319444),Jared Rhoden (38319974),Donovan Mitchell (38319302),297.32484375,385.5778118810488,49800,100.00%,156,150.5%,0,144.49,$6.02,CHA 3,DET 2,user48,1,marvalshot,7460,4683987575_48
Dennis Schroder (38319444),Collin Sexton (38319491),Jamison Battle (38319725),Pascal Siakam (38319373),Jusuf Nurkic (38319623),Donovan Mitchell (38319302),Coby White (38319323),Chris Paul (38319596),297.2797048611111,389.598604591524,50000,100.00%,122,148.63%,0,155.56,$5.95,DET 1,UTA 1,user47,1,marvalshot,7508,4683987576_47
Donovan Mitchell (38319302),Dennis Schroder (38319444),Ja'Kobe Walter (38319586),Miles Bridges (38319308),Jusuf Nurkic (38319623),Anfernee Simons (38319426),Ausar Thompson (38319458),Paul Reed (38319728),299.27125000000007,392.61916736695395,49900,100.00%,1535,231.21%,0,144.22,$9.25,DET 3,CHA 2,user27,1,marvalshot,7537,4683987577_27
Darius Garland (38319349),Shaedon Sharpe (38319366),Kevin Huerter (38319486),Pascal Siakam (38319373),Jusuf Nurkic (38319623),Chris Paul (38319596),Evan Mobley (38319319),Jamison Battle (38319725),295.9962326388889,384.2835655984748,50000,99.99%,89,124.12%,0,152.62,$4.96,CLE 2,POR 1,user,1,marvalshot,2538,4683987578
KJ Simpson (38319544),Donovan Mitchell (38319302),Ausar Thompson (38319458),Jayson Tatum (38319278),Jusuf Nurkic (38319623),Dennis Schroder (38319444),Jamison Battle (38319725),Royce O'Neale (38319656),297.6253125,385.4206671846312,49600,100.00%,144,157.12%,0,192.23,$6.28,CHA 2,DET 2,user25,1,marvalshot,7633,4683987579_25
KJ Simpson (38319544),Stephon Castle (38319386),Brice Sensabaugh (38319564),Pascal Siakam (38319373),Jusuf Nurkic (38319623),Donovan Mitchell (38319302),Royce O'Neale (38319656),Jalen Duren (38319381),303.02385416666664,394.3118502828735,49600,100.00%,23442,656.71%,0,170.07999999999998,$26.27,CHA 2,SAS 1,user45,1,marvalshot,7702,4683987580_45
Dennis Schroder (38319444),Stephon Castle (38319386),Deni Avdija (38319298),Pascal Siakam (38319373),Jusuf Nurkic (38319623),Ja'Kobe Walter (38319586),Ausar Thompson (38319458),Chris Paul (38319596),300.6362326388889,391.15356559847476,49900,100.00%,6187,335.45%,0,149.56,$13.42,DET 2,SAS 2,user19,1,marvalshot,7725,4683987581_19
Malik Monk (38319403),Malik Beasley (38319469),Ausar Thompson (38319458),Pascal Siakam (38319373),Jusuf Nurkic (38319623),KJ Simpson (38319544),Sandro Mamukelashvili (38319706),Domantas Sabonis (38319289),281.9882638888889,369.5686288754216,50000,5.33%,0,-92.14%,0,122.41,$-3.69,SAC 2,DET 2,user45,1,marvalshot,7800,4683987582_45
KJ Simpson (38319544),Dennis Schroder (38319444),Jamison Battle (38319725),Miles Bridges (38319308),Jusuf Nurkic (38319623),Chris Paul (38319596),Jalen Williams (38319345),Donovan Mitchell (38319302),297.06484375,385.39781188104877,49900,100.00%,91,142.4%,0,170.63,$5.7,CHA 3,DET 1,user41,1,marvalshot,7453,4683987575_41
Dennis Schroder (38319444),Collin Sexton (38319491),Ja'Kobe Walter (38319586),Pascal Siakam (38319373),Jusuf Nurkic (38319623),Chris Paul (38319596),Deni Avdija (38319298),Jalen Duren (38319381),297.0297048611111,391.508604591524,49700,100.00%,191,146.27%,0,163.2,$5.85,DET 2,UTA 1,user20,1,marvalshot,7481,4683987576_20
Darius Garland (38319349),Dennis Schroder (38319444),Jamison Battle (38319725),Miles Bridges (38319308),Jusuf Nurkic (38319623),Chris Paul (38319596),Ja'Kobe Walter (38319586),Donovan Mitchell (38319302),299.25125,388.6291673669539,49300,100.00%,1368,228.96%,0,175.29000000000002,$9.16,CLE 2,TOR 2,user18,1,marvalshot,7528,4683987577_18
Stephon Castle (38319386),Ja'Kobe Walter (38319586),Royce O'Neale (38319656),Pascal Siakam (38319373),Jusuf Nurkic (38319623),Donovan Mitchell (38319302),Deni Avdija (38319298),Sandro Mamukelashvili (38319706),295.3362326388889,389.55356559847473,50000,99.99%,10,110.39%,0,156.13,$4.42,SAS 2,TOR 1,user18,1,marvalshot,7577,4683987578_18
KJ Simpson (38319544),Donovan Mitchell (38319302),Jalen Williams (38319345),Evan Mobley (38319319),Jusuf Nurkic (38319623),Dennis Schroder (38319444),Jonathan Mogbo (38319664),Chris Paul (38319596),297.2053125,388.5106671846312,49900,100.00%,185,149.71%,0,170.0,$5.99,CHA 2,CLE 2,user28,1,marvalshot,7636,4683987579_28
KJ Simpson (38319544),Shaedon Sharpe (38319366),Brice Sensabaugh (38319564),Pascal Siakam (38319373),Jusuf Nurkic (38319623),Donovan Mitchell (38319302),Ja'Kobe Walter (38319586),Dennis Schroder (38319444),302.0238541666667,388.0518502828735,49100,100.00%,14069,474.31%,0,140.23,$18.97,CHA 2,POR 1,user39,1,marvalshot,7696,4683987580_39
Anfernee Simons (38319426),Dennis Schroder (38319444),Malik Beasley (38319469),Pascal Siakam (38319373),Jusuf Nurkic (38319623),Ja'Kobe Walter (38319586),Ausar Thompson (38319458),Jalen Duren (38319381),300.65623263888887,390.3135655984747,49100,100.00%,5508,329.77%,0,157.47,$13.19,DET 4,POR 1,user42,1,marvalshot,7748,4683987581_42
Malik Monk (38319403),Dennis Schroder (38319444),Kevin Huerter (38319486),Pascal Siakam (38319373),Jusuf Nurkic (38319623),KJ Simpson (38319544),Sandro Mamukelashvili (38319706),Domantas Sabonis (38319289),281.9582638888889,368.86862887542156,50000,4.68%,0,-93.09%,0,130.32,$-3.72,SAC 2,CHA 2,user48,1,marvalshot,7803,4683987582_48
KJ Simpson (38319544),Dennis Schroder (38319444),Tari Eason (38319462),Miles Bridges (38319308),Jusuf Nurkic (38319623),Donovan Mitchell (38319302),Ausar Thompson (38319458),Sandro Mamukelashvili (38319706),296.83484375,388.53781188104875,50000,100.00%,71,138.2%,0,151.73,$5.53,CHA 3,DET 2,user45,1,marvalshot,7457,4683987575_45
Donovan Mitchell (38319302),Collin Sexton (38319491),Ausar Thompson (38319458),Pascal Siakam (38319373),Jusuf Nurkic (38319623),Chris Paul (38319596),Ja'Kobe Walter (38319586),Darius Garland (38319349),296.4897048611111,392.238604591524,49900,99.99%,82,131.98%,0,135.33,$5.28,CLE 2,UTA 1,user16,1,marvalshot,7477,4683987576_16
Donovan Mitchell (38319302),Stephon Castle (38319386),Jamison Battle (38319725),Miles Bridges (38319308),Jusuf Nurkic (38319623),Anfernee Simons (38319426),Ausar Thompson (38319458),Bismack Biyombo (38319799),299.02125,388.7991673669539,49700,100.00%,1794,227.56%,0,162.11,$9.1,SAS 2,CHA 2,user35,1,marvalshot,7545,4683987577_35
Darius Garland (38319349),Donovan Mitchell (38319302),Tim Hardaway Jr. (38319568),Pascal Siakam (38319373),Jusuf Nurkic (38319623),Dennis Schroder (38319444),Malik Beasley (38319469),Dalen Terry (38319736),294.9562326388889,380.91356559847475,49900,99.98%,3,103.16%,0,108.07,$4.13,DET 3,CLE 2,user42,1,marvalshot,7601,4683987578_42
KJ Simpson (38319544),Dennis Schroder (38319444),Deni Avdija (38319298),Jalen Williams (38319345),Jusuf Nurkic (38319623),Donovan Mitchell (38319302),Jamison Battle (38319725),Orlando Robinson (38319625),297.1053125,387.06066718463126,50000,100.00%,142,146.68%,0,158.39999999999998,$5.87,CHA 2,TOR 2,user47,1,marvalshot,7655,4683987579_47
KJ Simpson (38319544),Stephon Castle (38319386),Brice Sensabaugh (38319564),Pascal Siakam (38319373),Jusuf Nurkic (38319623),Malik Beasley (38319469),Ausar Thompson (38319458),Evan Mobley (38319319),301.36385416666667,388.4918502828735,49900,100.00%,11267,422.66%,0,121.39,$16.91,CHA 2,DET 2,user19,1,marvalshot,7676,4683987580_19
Shaedon Sharpe (38319366),Donovan Mitchell (38319302),Royce O'Neale (38319656),Pascal Siakam (38319373),Jusuf Nurkic (38319623),Dennis Schroder (38319444),Ausar Thompson (38319458),Ja'Kobe Walter (38319586),300.5962326388889,389.1235655984748,49700,100.00%,4792,318.37%,0,163.04999999999998,$12.73,DET 2,POR 1,user44,1,marvalshot,7750,4683987581_44
Malik Monk (38319403),Kevin Huerter (38319486),Ausar Thompson (38319458),Pascal Siakam (38319373),Jusuf Nurkic (38319623),KJ Simpson (38319544),Jamison Battle (38319725),Domantas Sabonis (38319289),281.7482638888889,365.28862887542164,49700,3.98%,0,-94.14%,0,142.79000000000002,$-3.77,SAC 2,CHA 2,user24,1,marvalshot,7779,4683987582_24
KJ Simpson (38319544),Dennis Schroder (38319444),Dalen Terry (38319736),Miles Bridges (38319308),Jusuf Nurkic (38319623),Donovan Mitchell (38319302),Evan Mobley (38319319),Bismack Biyombo (38319799),296.73484375,385.2778118810487,49500,100.00%,128,137.6%,0,144.6,$5.5,CHA 3,CLE 2,user21,1,marvalshot,7433,4683987575_21
Dennis Schroder (38319444),Collin Sexton (38319491),Ja'Kobe Walter (38319586),Pascal Siakam (38319373),Jusuf Nurkic (38319623),Darius Garland (38319349),Royce O'Neale (38319656),Donovan Mitchell (38319302),296.5497048611111,389.43860459152404,49800,100.00%,37,130.52%,0,151.59,$5.22,CLE 2,DET 1,user37,1,marvalshot,7498,4683987576_37
Chris Paul (38319596),Dennis Schroder (38319444),Ja'Kobe Walter (38319586),Miles Bridges (38319308),Jusuf Nurkic (38319623),Anfernee Simons (38319426),Malik Beasley (38319469),Evan Mobley (38319319),298.96125,386.4691673669539,50000,100.00%,1630,222.78%,0,150.17000000000002,$8.91,DET 2,CHA 2,user2,1,marvalshot,7512,4683987577_2
Chris Paul (38319596),Shaedon Sharpe (38319366),Deni Avdija (38319298),Pascal Siakam (38319373),Jusuf Nurkic (38319623),Ja'Kobe Walter (38319586),Ausar Thompson (38319458),Tari Eason (38319462),294.49623263888884,383.8135655984747,49900,99.98%,4,98.44%,0,147.65,$3.94,POR 2,SAS 1,user24,1,marvalshot,7583,4683987578_24
KJ Simpson (38319544),Donovan Mitchell (38319302),Royce O'Neale (38319656),Jayson Tatum (38319278),Jusuf Nurkic (38319623),Chris Paul (38319596),Ausar Thompson (38319458),Donovan Clingan (38319495),296.92531249999996,388.48066718463116,49700,100.00%,211,144.92%,0,181.42000000000002,$5.8,CHA 2,CLE 1,user43,1,marvalshot,7651,4683987579_43
KJ Simpson (38319544),Anfernee Simons (38319426),Brice Sensabaugh (38319564),Pascal Siakam (38319373),Jusuf Nurkic (38319623),Donovan Mitchell (38319302),Jamison Battle (38319725),Coby White (38319323),301.3338541666667,388.63185028287353,49700,100.00%,9654,405.15%,0,148.6,$16.21,CHA 2,POR 1,user10,1,marvalshot,7667,4683987580_10
Donovan Mitchell (38319302),Ja'Kobe Walter (38319586),Deni Avdija (38319298),Pascal Siakam (38319373),Jusuf Nurkic (38319623),Stephon Castle (38319386),Jamison Battle (38319725),Orlando Robinson (38319625),300.1362326388889,393.79356559847474,50000,100.00%,4328,296.32%,0,147.01,$11.85,TOR 3,CLE 1,user,1,marvalshot,2540,4683987581
Malik Monk (38319403),Ja'Kobe Walter (38319586),Ausar Thompson (38319458),Pascal Siakam (38319373),Jusuf Nurkic (38319623),KJ Simpson (38319544),Matas Buzelis (38319518),Domantas Sabonis (38319289),281.2682638888889,366.79862887542157,50000,2.67%,0,-96.08%,0,128.76,$-3.84,SAC 2,CHA 2,user8,1,marvalshot,7763,4683987582_8
KJ Simpson (38319544),Donovan Mitchell (38319302),Harrison Barnes (38319681),Miles Bridges (38319308),Jusuf Nurkic (38319623),Dennis Schroder (38319444),Malik Beasley (38319469),Donovan Clingan (38319495),296.65484374999994,381.8978118810487,49600,100.00%,122,135.68%,0,138.68,$5.43,CHA 3,DET 2,user35,1,marvalshot,7447,4683987575_35
Donovan Mitchell (38319302),Collin Sexton (38319491),Ja'Kobe Walter (38319586),Pascal Siakam (38319373),Jusuf Nurkic (38319623),Dennis Schroder (38319444),Jonathan Mogbo (38319664),Darius Garland (38319349),296.4097048611111,390.128604591524,49700,100.00%,42,128.14%,0,145.89999999999998,$5.13,CLE 2,TOR 2,user34,1,marvalshot,7495,4683987576_34
Donovan Mitchell (38319302),Stephon Castle (38319386),Jamison Battle (38319725),Miles Bridges (38319308),Jusuf Nurkic (38319623),Dennis Schroder (38319444),Ausar Thompson (38319458),Sandro Mamukelashvili (38319706),298.84125,391.16916736695384,49900,100.00%,1027,209.11%,0,161.5,$8.36,SAS 2,CHA 2,user16,1,marvalshot,7526,4683987577_16
Devin Booker (38319285),Stephon Castle (38319386),Jamison Battle (38319725),Pascal Siakam (38319373),Jusuf Nurkic (38319623),Ja'Kobe Walter (38319586),Evan Mobley (38319319),Sandro Mamukelashvili (38319706),294.3462326388889,388.4635655984748,49900,99.96%,10,95.54%,0,148.70000000000002,$3.82,SAS 2,TOR 2,user26,1,marvalshot,7585,4683987578_26
KJ Simpson (38319544),Anfernee Simons (38319426),Ausar Thompson (38319458),Evan Mobley (38319319),Jusuf Nurkic (38319623),Shaedon Sharpe (38319366),Jamison Battle (38319725),Jalen Duren (38319381),296.78531250000003,385.6006671846312,49500,100.00%,194,142.13%,0,175.97,$5.69,CHA 2,POR 2,user19,1,marvalshot,7627,4683987579_19
KJ Simpson (38319544),Kevin Huerter (38319486),Brice Sensabaugh (38319564),Pascal Siakam (38319373),Jusuf Nurkic (38319623),Donovan Mitchell (38319302),Ausar Thompson (38319458),Anfernee Simons (38319426),301.26385416666665,388.35185028287344,49500,100.00%,9465,399.15%,0,133.45,$15.97,CHA 2,CHI 1,user23,1,marvalshot,7680,4683987580_23
Dennis Schroder (38319444),Stephon Castle (38319386),Royce O'Neale (38319656),Pascal Siakam (38319373),Jusuf Nurkic (38319623),Chris Paul (38319596),Evan Mobley (38319319),Anfernee Simons (38319426),300.096232638889,391.5835655984749,49400,100.00%,4041,290.03%,0,168.70000000000002,$11.6,SAS 2,DET 1,user27,1,marvalshot,7733,4683987581_27
Malik Monk (38319403),Dennis Schroder (38319444),Ronald Holland II (38319770),Pascal Siakam (38319373),Jusuf Nurkic (38319623),KJ Simpson (38319544),Ausar Thompson (38319458),Domantas Sabonis (38319289),281.3082638888889,367.2586288754216,50000,2.59%,0,-96.21%,0,116.87,$-3.85,DET 3,SAC 2,user42,1,marvalshot,7797,4683987582_42
KJ Simpson (38319544),Donovan Mitchell (38319302),Jamison Battle (38319725),Miles Bridges (38319308),Jusuf Nurkic (38319623),Dennis Schroder (38319444),Jared Rhoden (38319974),Deni Avdija (38319298),296.69484375,383.20781188104877,49900,100.00%,67,134.54%,0,164.05,$5.38,CHA 3,TOR 2,user27,1,marvalshot,7439,4683987575_27
Donovan Mitchell (38319302),Collin Sexton (38319491),Tari Eason (38319462),Pascal Siakam (38319373),Jusuf Nurkic (38319623),Dennis Schroder (38319444),Malik Beasley (38319469),Orlando Robinson (38319625),296.2297048611111,390.028604591524,49800,99.99%,54,126.14%,0,123.52,$5.05,DET 2,CLE 1,user33,1,marvalshot,7494,4683987576_33
Darius Garland (38319349),Anfernee Simons (38319426),Tari Eason (38319462),Miles Bridges (38319308),Jusuf Nurkic (38319623),Dennis Schroder (38319444),Ausar Thompson (38319458),Bismack Biyombo (38319799),298.54125,387.51916736695387,50000,100.00%,1471,206.96%,0,152.39,$8.28,CHA 2,DET 2,user33,1,marvalshot,7543,4683987577_33
Dennis Schroder (38319444),Tim Hardaway Jr. (38319568),Jayson Tatum (38319278),Pascal Siakam (38319373),Jusuf Nurkic (38319623),Chris Paul (38319596),Jamison Battle (38319725),Kristaps Porzingis (38319343),294.35623263888886,383.7035655984747,50000,99.95%,4,95.25%,0,151.56,$3.81,DET 2,BOS 2,user20,1,marvalshot,7579,4683987578_20
KJ Simpson (38319544),Dennis Schroder (38319444),Deni Avdija (38319298),Jonathan Mogbo (38319664),Jusuf Nurkic (38319623),Darius Garland (38319349),Ja'Kobe Walter (38319586),Evan Mobley (38319319),296.7153125,384.5206671846312,50000,100.00%,148,138.9%,0,161.86,$5.56,CHA 2,TOR 2,user2,1,marvalshot,7610,4683987579_2
KJ Simpson (38319544),Ja'Kobe Walter (38319586),Brice Sensabaugh (38319564),Pascal Siakam (38319373),Jusuf Nurkic (38319623),Dennis Schroder (38319444),Jalen Williams (38319345),Donovan Mitchell (38319302),301.2138541666667,390.31185028287354,49600,100.00%,8242,381.04%,0,137.62,$15.24,CHA 2,TOR 1,user28,1,marvalshot,7685,4683987580_28
Chris Paul (38319596),Donovan Mitchell (38319302),Jamison Battle (38319725),Pascal Siakam (38319373),Jusuf Nurkic (38319623),Dalen Terry (38319736),Jayson Tatum (38319278),Dennis Schroder (38319444),300.1662326388889,393.0335655984748,50000,100.00%,3657,289.82%,0,163.61,$11.59,SAS 1,CLE 1,user6,1,marvalshot,7712,4683987581_6
Malik Monk (38319403),AJ Lawson (38319782),Jamison Battle (38319725),Pascal Siakam (38319373),Jusuf Nurkic (38319623),KJ Simpson (38319544),Evan Mobley (38319319),Domantas Sabonis (38319289),280.7582638888889,368.3986288754216,49700,1.92%,0,-97.17%,0,132.85000000000002,$-3.89,SAC 2,TOR 2,user43,1,marvalshot,7798,4683987582_43
KJ Simpson (38319544),Dennis Schroder (38319444),Ja'Kobe Walter (38319586),Miles Bridges (38319308),Jusuf Nurkic (38319623),Donovan Mitchell (38319302),De'Andre Hunter (38319627),Jalen Duren (38319381),296.64484375,386.9478118810488,49900,100.00%,85,134.28%,0,160.2,$5.37,CHA 3,DET 2,user31,1,marvalshot,7443,4683987575_31
Anfernee Simons (38319426),Collin Sexton (38319491),Jamison Battle (38319725),Pascal Siakam (38319373),Jusuf Nurkic (38319623),Donovan Mitchell (38319302),Sandro Mamukelashvili (38319706),Evan Mobley (38319319),296.2597048611111,394.81860459152404,49800,100.00%,45,125.6%,0,147.33,$5.02,CLE 2,POR 1,user41,1,marvalshot,7502,4683987576_41
Chris Paul (38319596),Donovan Mitchell (38319302),Jamison Battle (38319725),Miles Bridges (38319308),Jusuf Nurkic (38319623),Shaedon Sharpe (38319366),Ja'Kobe Walter (38319586),Jalen Duren (38319381),298.61125000000004,389.3691673669539,50000,100.00%,1267,206.45%,0,185.42000000000002,$8.26,TOR 2,CHA 2,user42,1,marvalshot,7552,4683987577_42
Chris Paul (38319596),Donovan Mitchell (38319302),Jayson Tatum (38319278),Pascal Siakam (38319373),Jusuf Nurkic (38319623),Ja'Kobe Walter (38319586),Jared Rhoden (38319974),Tari Eason (38319462),293.16623263888886,388.59356559847475,50000,99.83%,0,80.64%,0,148.97000000000003,$3.23,TOR 2,SAS 1,user29,1,marvalshot,7588,4683987578_29
KJ Simpson (38319544),Stephon Castle (38319386),Ja'Kobe Walter (38319586),Evan Mobley (38319319),Jusuf Nurkic (38319623),Dennis Schroder (38319444),Tari Eason (38319462),Jalen Duren (38319381),296.6153125,388.27066718463124,49800,100.00%,136,136.48%,0,163.4,$5.46,CHA 2,DET 2,user3,1,marvalshot,7611,4683987579_3
KJ Simpson (38319544),Malik Beasley (38319469),Brice Sensabaugh (38319564),Pascal Siakam (38319373),Jusuf Nurkic (38319623),Donovan Mitchell (38319302),Deni Avdija (38319298),Paul Reed (38319728),300.8438541666667,390.63185028287353,49800,100.00%,8042,364.96%,0,126.66,$14.6,CHA 2,DET 2,user34,1,marvalshot,7691,4683987580_34
Chris Paul (38319596),Dennis Schroder (38319444),Ausar Thompson (38319458),Pascal Siakam (38319373),Jusuf Nurkic (38319623),Anfernee Simons (38319426),Deni Avdija (38319298),Ja'Kobe Walter (38319586),300.1462326388889,389.9935655984748,49200,100.00%,3474,287.71%,0,157.7,$11.51,DET 2,POR 2,user21,1,marvalshot,7727,4683987581_21
Malik Monk (38319403),Dennis Schroder (38319444),Ausar Thompson (38319458),Pascal Siakam (38319373),Jusuf Nurkic (38319623),KJ Simpson (38319544),Isaac Okoro (38319839),Domantas Sabonis (38319289),281.0282638888889,365.2186288754216,49700,1.92%,0,-97.19%,0,117.47999999999999,$-3.89,SAC 2,DET 2,user28,1,marvalshot,7783,4683987582_28
KJ Simpson (38319544),Dennis Schroder (38319444),Jayson Tatum (38319278),Miles Bridges (38319308),Jusuf Nurkic (38319623),Chris Paul (38319596),Jamison Battle (38319725),Donovan Clingan (38319495),296.22484375,384.33781188104876,49300,100.00%,52,126.04%,0,180.35,$5.04,CHA 3,DET 1,user47,1,marvalshot,7459,4683987575_47
Darius Garland (38319349),Collin Sexton (38319491),Ja'Kobe Walter (38319586),Pascal Siakam (38319373),Jusuf Nurkic (38319623),Chris Paul (38319596),Evan Mobley (38319319),Dennis Schroder (38319444),296.0697048611111,390.518604591524,49600,100.00%,45,123.05%,0,139.32,$4.92,CLE 2,UTA 1,user25,1,marvalshot,7486,4683987576_25
Chris Paul (38319596),Donovan Mitchell (38319302),Royce O'Neale (38319656),Miles Bridges (38319308),Jusuf Nurkic (38319623),Dennis Schroder (38319444),Sandro Mamukelashvili (38319706),Evan Mobley (38319319),298.75125,392.6691673669539,49800,100.00%,963,205.38%,0,181.06,$8.22,SAS 2,CLE 2,user45,1,marvalshot,7555,4683987577_45
Stephon Castle (38319386),Donovan Mitchell (38319302),Ja'Kobe Walter (38319586),Pascal Siakam (38319373),Jusuf Nurkic (38319623),Julian Champagnie (38319631),Evan Mobley (38319319),Orlando Robinson (38319625),292.82623263888894,388.4035655984748,49900,99.44%,1,76.58%,0,111.48,$3.06,SAS 2,CLE 2,user11,1,marvalshot,7570,4683987578_11
KJ Simpson (38319544),Donovan Mitchell (38319302),Ja'Kobe Walter (38319586),Sandro Mamukelashvili (38319706),Jusuf Nurkic (38319623),Dennis Schroder (38319444),Evan Mobley (38319319),Kristaps Porzingis (38319343),296.6853125,391.0506671846312,49900,100.00%,88,135.46%,0,146.12,$5.42,CHA 2,CLE 2,user35,1,marvalshot,7643,4683987579_35
KJ Simpson (38319544),Donovan Mitchell (38319302),Brice Sensabaugh (38319564),Pascal Siakam (38319373),Jusuf Nurkic (38319623),Jalen Green (38319357),Jamison Battle (38319725),Jalen Duren (38319381),300.5638541666667,390.92185028287355,49700,100.00%,6007,332.01%,0,166.01,$13.28,CHA 2,CLE 1,user3,1,marvalshot,7660,4683987580_3
Dennis Schroder (38319444),Malik Beasley (38319469),Tari Eason (38319462),Pascal Siakam (38319373),Jusuf Nurkic (38319623),Darius Garland (38319349),Royce O'Neale (38319656),Jalen Duren (38319381),299.9162326388889,389.9735655984748,50000,100.00%,3914,282.29%,0,174.32,$11.29,DET 3,HOU 1,user35,1,marvalshot,7741,4683987581_35
Malik Monk (38319403),Dennis Schroder (38319444),Ja'Kobe Walter (38319586),Pascal Siakam (38319373),Jusuf Nurkic (38319623),KJ Simpson (38319544),Tim Hardaway Jr. (38319568),Domantas Sabonis (38319289),280.4382638888889,362.8986288754216,49500,1.10%,0,-98.4%,0,120.41999999999999,$-3.94,SAC 2,DET 2,user27,1,marvalshot,7782,4683987582_27
KJ Simpson (38319544),Dennis Schroder (38319444),Jamison Battle (38319725),Miles Bridges (38319308),Jusuf Nurkic (38319623),Donovan Mitchell (38319302),Sandro Mamukelashvili (38319706),Darius Garland (38319349),295.79484375000004,385.84781188104876,49200,100.00%,7,115.36%,0,164.95999999999998,$4.61,CHA 3,CLE 2,user25,1,marvalshot,7437,4683987575_25
Dennis Schroder (38319444),Collin Sexton (38319491),Ausar Thompson (38319458),Pascal Siakam (38319373),Jusuf Nurkic (38319623),Shaedon Sharpe (38319366),Ja'Kobe Walter (38319586),Jalen Duren (38319381),295.7097048611111,388.158604591524,49800,99.99%,27,116.47%,0,146.46,$4.66,DET 3,UTA 1,user39,1,marvalshot,7500,4683987576_39
Donovan Mitchell (38319302),Malik Beasley (38319469),Jamison Battle (38319725),Miles Bridges (38319308),Jusuf Nurkic (38319623),Darius Garland (38319349),Ausar Thompson (38319458),Bismack Biyombo (38319799),298.53125,385.57916736695387,49700,100.00%,1290,204.01%,0,158.39000000000001,$8.16,CLE 2,DET 2,user26,1,marvalshot,7536,4683987577_26
Dennis Schroder (38319444),Shaedon Sharpe (38319366),Deni Avdija (38319298),Pascal Siakam (38319373),Jusuf Nurkic (38319623),Malik Beasley (38319469),Sandro Mamukelashvili (38319706),Nick Richards (38319547),292.6862326388889,383.14356559847477,49900,99.42%,0,75.48%,0,120.38999999999999,$3.02,DET 2,POR 2,user33,1,marvalshot,7592,4683987578_33
KJ Simpson (38319544),Dennis Schroder (38319444),Deni Avdija (38319298),Ausar Thompson (38319458),Jusuf Nurkic (38319623),Darius Garland (38319349),Malik Beasley (38319469),Chris Paul (38319596),296.4153125,380.81066718463126,49500,100.00%,93,131.0%,0,151.27,$5.24,DET 3,CHA 2,user18,1,marvalshot,7626,4683987579_18
KJ Simpson (38319544),Dennis Schroder (38319444),Brice Sensabaugh (38319564),Pascal Siakam (38319373),Jusuf Nurkic (38319623),Donovan Mitchell (38319302),Matas Buzelis (38319518),Immanuel Quickley (38319383),300.4738541666667,390.07185028287347,50000,100.00%,5222,318.38%,0,133.1,$12.74,CHA 2,DET 1,user5,1,marvalshot,7662,4683987580_5
Chris Paul (38319596),Malik Beasley (38319469),Tari Eason (38319462),Pascal Siakam (38319373),Jusuf Nurkic (38319623),Donovan Mitchell (38319302),Ja'Kobe Walter (38319586),Jalen Duren (38319381),299.6162326388889,393.2335655984748,49600,100.00%,2928,260.37%,0,165.09,$10.41,DET 2,SAS 1,user45,1,marvalshot,7751,4683987581_45
Malik Monk (38319403),Stephon Castle (38319386),Ja'Kobe Walter (38319586),Pascal Siakam (38319373),Jusuf Nurkic (38319623),KJ Simpson (38319544),Jonathan Mogbo (38319664),Domantas Sabonis (38319289),279.9682638888889,366.6486288754216,49700,0.71%,0,-98.95%,0,136.91,$-3.96,SAC 2,TOR 2,user2,1,marvalshot,7757,4683987582_2
KJ Simpson (38319544),Anfernee Simons (38319426),Ausar Thompson (38319458),Miles Bridges (38319308),Jusuf Nurkic (38319623),Kevin Huerter (38319486),Jamison Battle (38319725),Donovan Mitchell (38319302),295.68484375,381.1278118810488,49900,99.99%,16,114.53%,0,156.23,$4.58,CHA 3,POR 1,user23,1,marvalshot,7435,4683987575_23
Dennis Schroder (38319444),Collin Sexton (38319491),Kevin Huerter (38319486),Pascal Siakam (38319373),Jusuf Nurkic (38319623),Donovan Mitchell (38319302),Ausar Thompson (38319458),Ja'Kobe Walter (38319586),295.7797048611111,387.00860459152403,49900,100.00%,16,115.5%,0,130.18,$4.62,DET 2,UTA 1,user11,1,marvalshot,7472,4683987576_11
Dennis Schroder (38319444),Donovan Mitchell (38319302),Ausar Thompson (38319458),Miles Bridges (38319308),Jusuf Nurkic (38319623),Chris Paul (38319596),Jamison Battle (38319725),Fred VanVleet (38319423),298.72125,385.13916736695387,49900,100.00%,823,202.42%,0,169.65,$8.1,DET 2,CHA 2,user47,1,marvalshot,7557,4683987577_47
Cason Wallace (38319619),Donovan Mitchell (38319302),Ja'Kobe Walter (38319586),Pascal Siakam (38319373),Jusuf Nurkic (38319623),Chris Paul (38319596),Ausar Thompson (38319458),Evan Mobley (38319319),292.6662326388889,384.4535655984748,49000,99.54%,0,74.67%,0,137.09,$2.99,CLE 2,OKC 1,user48,1,marvalshot,7607,4683987578_48
KJ Simpson (38319544),Donovan Mitchell (38319302),Jamison Battle (38319725),Ausar Thompson (38319458),Jusuf Nurkic (38319623),Dennis Schroder (38319444),Kevin Huerter (38319486),Alperen Sengun (38319306),296.46531250000004,384.51066718463125,49700,100.00%,34,128.95%,0,164.94,$5.16,CHA 2,DET 2,user38,1,marvalshot,7646,4683987579_38
KJ Simpson (38319544),Donovan Mitchell (38319302),Brice Sensabaugh (38319564),Pascal Siakam (38319373),Jusuf Nurkic (38319623),Stephon Castle (38319386),Ausar Thompson (38319458),Matas Buzelis (38319518),300.3238541666667,388.7818502828735,49700,100.00%,5152,312.88%,0,130.73,$12.52,CHA 2,CLE 1,user2,1,marvalshot,7659,4683987580_2
Darius Garland (38319349),Anfernee Simons (38319426),Jamison Battle (38319725),Pascal Siakam (38319373),Jusuf Nurkic (38319623),Ja'Kobe Walter (38319586),Ausar Thompson (38319458),Evan Mobley (38319319),299.5862326388889,391.52356559847476,49500,100.00%,2578,255.89%,0,153.58,$10.24,CLE 2,TOR 2,user38,1,marvalshot,7744,4683987581_38
Malik Monk (38319403),Dalen Terry (38319736),Ausar Thompson (38319458),Pascal Siakam (38319373),Jusuf Nurkic (38319623),KJ Simpson (38319544),Malik Beasley (38319469),Domantas Sabonis (38319289),279.8382638888889,363.7286288754216,49900,0.71%,0,-98.95%,0,109.88999999999999,$-3.96,SAC 2,DET 2,user12,1,marvalshot,7767,4683987582_12
KJ Simpson (38319544),Donovan Mitchell (38319302),Ja'Kobe Walter (38319586),Miles Bridges (38319308),Jusuf Nurkic (38319623),Stephon Castle (38319386),Royce O'Neale (38319656),Dennis Schroder (38319444),295.61484375000003,382.2578118810488,49700,100.00%,6,112.72%,0,162.87,$4.51,CHA 3,CLE 1,user18,1,marvalshot,7430,4683987575_18
Shaedon Sharpe (38319366),Collin Sexton (38319491),Ausar Thompson (38319458),Pascal Siakam (38319373),Jusuf Nurkic (38319623),Dennis Schroder (38319444),Tari Eason (38319462),Donovan Clingan (38319495),295.5497048611111,387.39860459152396,49900,99.98%,36,114.36%,0,133.17,$4.57,POR 2,DET 2,user19,1,marvalshot,7480,4683987576_19
Donovan Mitchell (38319302),Anfernee Simons (38319426),Malik Beasley (38319469),Miles Bridges (38319308),Jusuf Nurkic (38319623),Chris Paul (38319596),Jamison Battle (38319725),Ausar Thompson (38319458),298.43125,385.9491673669538,49500,100.00%,676,192.16%,0,165.63,$7.69,DET 2,CHA 2,user32,1,marvalshot,7542,4683987577_32
Chris Paul (38319596),Shaedon Sharpe (38319366),Julian Champagnie (38319631),Pascal Siakam (38319373),Jusuf Nurkic (38319623),Donovan Mitchell (38319302),Deni Avdija (38319298),Bismack Biyombo (38319799),292.4962326388889,381.7535655984748,49700,99.40%,0,73.43%,0,138.93,$2.94,SAS 3,POR 2,user23,1,marvalshot,7582,4683987578_23
KJ Simpson (38319544),Dennis Schroder (38319444),Ausar Thompson (38319458),Deni Avdija (38319298),Jusuf Nurkic (38319623),Darius Garland (38319349),Keldon Johnson (38319533),Donovan Clingan (38319495),296.1953125,384.8706671846312,50000,100.00%,95,128.71%,0,140.05,$5.15,CHA 2,DET 2,user11,1,marvalshot,7619,4683987579_11
KJ Simpson (38319544),Donovan Mitchell (38319302),Brice Sensabaugh (38319564),Pascal Siakam (38319373),Jusuf Nurkic (38319623),Darius Garland (38319349),Sandro Mamukelashvili (38319706),Stephon Castle (38319386),300.2938541666667,393.7718502828735,49800,100.00%,5202,312.08%,0,127.21000000000001,$12.48,CHA 2,CLE 2,user7,1,marvalshot,7664,4683987580_7
Anfernee Simons (38319426),Stephon Castle (38319386),Jamison Battle (38319725),Pascal Siakam (38319373),Jusuf Nurkic (38319623),Dennis Schroder (38319444),Ja'Kobe Walter (38319586),Evan Mobley (38319319),299.5562326388889,390.1735655984748,49100,100.00%,2102,248.19%,0,156.87,$9.93,TOR 2,POR 1,user8,1,marvalshot,7714,4683987581_8
Malik Monk (38319403),Anfernee Simons (38319426),Malik Beasley (38319469),Pascal Siakam (38319373),Jusuf Nurkic (38319623),KJ Simpson (38319544),Jared Rhoden (38319974),Domantas Sabonis (38319289),279.72826388888893,364.2486288754216,49800,0.70%,0,-98.96%,0,116.96000000000001,$-3.96,SAC 2,CHA 2,user16,1,marvalshot,7771,4683987582_16
KJ Simpson (38319544),Dennis Schroder (38319444),Tari Eason (38319462),Miles Bridges (38319308),Jusuf Nurkic (38319623),Chris Paul (38319596),Matas Buzelis (38319518),Donovan Mitchell (38319302),295.45484375,383.04781188104874,49800,100.00%,10,110.66%,0,161.05,$4.43,CHA 3,DET 1,user46,1,marvalshot,7458,4683987575_46
Donovan Mitchell (38319302),Collin Sexton (38319491),Ausar Thompson (38319458),Pascal Siakam (38319373),Jusuf Nurkic (38319623),Josh Giddey (38319291),Jamison Battle (38319725),Bismack Biyombo (38319799),295.44970486111106,389.048604591524,49900,99.98%,33,112.62%,0,154.51,$4.5,CLE 1,UTA 1,user45,1,marvalshot,7506,4683987576_45
Donovan Mitchell (38319302),Anfernee Simons (38319426),Tari Eason (38319462),Miles Bridges (38319308),Jusuf Nurkic (38319623),Dennis Schroder (38319444),Ja'Kobe Walter (38319586),Bismack Biyombo (38319799),298.30125000000004,387.9791673669539,49500,100.00%,720,187.56%,0,159.42000000000002,$7.5,CHA 2,CLE 1,user9,1,marvalshot,7519,4683987577_9
Dennis Schroder (38319444),Malik Beasley (38319469),Deni Avdija (38319298),Pascal Siakam (38319373),Jusuf Nurkic (38319623),Chris Paul (38319596),Jabari Smith Jr. (38319514),Tari Eason (38319462),291.03623263888886,377.1935655984747,49600,97.66%,0,57.96%,0,139.32999999999998,$2.32,DET 2,HOU 2,user21,1,marvalshot,7580,4683987578_21
KJ Simpson (38319544),Anfernee Simons (38319426),Ja'Kobe Walter (38319586),Evan Mobley (38319319),Jusuf Nurkic (38319623),Darius Garland (38319349),Sandro Mamukelashvili (38319706),Donovan Mitchell (38319302),296.3453125,390.9506671846312,50000,100.00%,60,128.47%,0,142.14,$5.14,CLE 3,CHA 2,user31,1,marvalshot,7639,4683987579_31
KJ Simpson (38319544),Dennis Schroder (38319444),Brice Sensabaugh (38319564),Pascal Siakam (38319373),Jusuf Nurkic (38319623),Shaedon Sharpe (38319366),Tari Eason (38319462),Jalen Duren (38319381),300.0138541666667,387.60185028287356,49100,100.00%,4077,288.32%,0,158.35,$11.53,CHA 2,DET 2,user9,1,marvalshot,7666,4683987580_9
Dennis Schroder (38319444),Donovan Mitchell (38319302),Matisse Thybulle (38319671),Pascal Siakam (38319373),Jusuf Nurkic (38319623),Darius Garland (38319349),Ausar Thompson (38319458),Jamison Battle (38319725),299.52623263888887,389.40356559847476,49200,100.00%,1725,242.48%,0,147.07999999999998,$9.7,DET 2,CLE 2,user23,1,marvalshot,7729,4683987581_23
Malik Monk (38319403),Dennis Schroder (38319444),Royce O'Neale (38319656),Pascal Siakam (38319373),Jusuf Nurkic (38319623),KJ Simpson (38319544),Keldon Johnson (38319533),Domantas Sabonis (38319289),280.0582638888889,365.4386288754216,49500,0.63%,0,-99.07%,0,145.47,$-3.96,SAC 2,CHA 2,user19,1,marvalshot,7774,4683987582_19
KJ Simpson (38319544),Donovan Mitchell (38319302),Ausar Thompson (38319458),Miles Bridges (38319308),Jusuf Nurkic (38319623),Chris Paul (38319596),Keldon Johnson (38319533),Dennis Schroder (38319444),295.50484375,384.5378118810488,49500,100.00%,8,110.51%,0,149.48000000000002,$4.42,CHA 3,DET 2,user17,1,marvalshot,7429,4683987575_17
Darius Garland (38319349),Collin Sexton (38319491),Jayson Tatum (38319278),Pascal Siakam (38319373),Jusuf Nurkic (38319623),Dennis Schroder (38319444),Jamison Battle (38319725),Bismack Biyombo (38319799),295.4097048611111,388.178604591524,49900,99.98%,26,111.96%,0,154.44,$4.48,CLE 1,UTA 1,user8,1,marvalshot,7469,4683987576_8
Chris Paul (38319596),Donovan Mitchell (38319302),Ausar Thompson (38319458),Miles Bridges (38319308),Jusuf Nurkic (38319623),Stephon Castle (38319386),Sandro Mamukelashvili (38319706),Donovan Clingan (38319495),298.14125,394.2291673669539,50000,100.00%,908,187.26%,0,150.69,$7.49,SAS 3,CHA 2,user29,1,marvalshot,7539,4683987577_29
Dennis Schroder (38319444),Donovan Mitchell (38319302),Dalen Terry (38319736),Pascal Siakam (38319373),Jusuf Nurkic (38319623),Julian Champagnie (38319631),Kevin Huerter (38319486),Evan Mobley (38319319),290.84623263888886,380.30356559847473,49900,96.99%,0,55.67%,0,113.71,$2.23,CLE 2,CHI 2,user2,1,marvalshot,7561,4683987578_2
KJ Simpson (38319544),Anfernee Simons (38319426),Ausar Thompson (38319458),Evan Mobley (38319319),Jusuf Nurkic (38319623),Malik Beasley (38319469),Tari Eason (38319462),Dennis Schroder (38319444),296.3753125,382.52066718463124,49500,100.00%,46,128.14%,0,145.35,$5.13,DET 3,CHA 2,user5,1,marvalshot,7613,4683987579_5
KJ Simpson (38319544),Devin Booker (38319285),Brice Sensabaugh (38319564),Pascal Siakam (38319373),Jusuf Nurkic (38319623),Dennis Schroder (38319444),Sandro Mamukelashvili (38319706),Darius Garland (38319349),299.9538541666667,389.7018502828735,49700,100.00%,4163,286.97%,0,136.87,$11.48,CHA 2,PHX 1,user31,1,marvalshot,7688,4683987580_31
Stephon Castle (38319386),Donovan Mitchell (38319302),Jamison Battle (38319725),Pascal Siakam (38319373),Jusuf Nurkic (38319623),Chris Paul (38319596),Ja'Kobe Walter (38319586),Alperen Sengun (38319306),299.3062326388889,395.0535655984748,50000,100.00%,1915,236.43%,0,161.12,$9.46,SAS 2,TOR 2,user15,1,marvalshot,7721,4683987581_15
Malik Monk (38319403),Anfernee Simons (38319426),Jamison Battle (38319725),Pascal Siakam (38319373),Jusuf Nurkic (38319623),KJ Simpson (38319544),Keldon Johnson (38319533),Domantas Sabonis (38319289),279.3782638888889,365.8786288754216,49400,0.44%,0,-99.36%,0,137.04,$-3.97,SAC 2,CHA 2,user15,1,marvalshot,7770,4683987582_15
KJ Simpson (38319544),Dennis Schroder (38319444),Jamison Battle (38319725),Miles Bridges (38319308),Jusuf Nurkic (38319623),Blake Wesley (38319801),Evan Mobley (38319319),Donovan Mitchell (38319302),295.46484375,383.7578118810487,49500,99.99%,8,109.87%,0,157.11,$4.39,CHA 3,CLE 2,user5,1,marvalshot,7417,4683987575_5
Donovan Mitchell (38319302),Collin Sexton (38319491),Jayson Tatum (38319278),Pascal Siakam (38319373),Jusuf Nurkic (38319623),Chris Paul (38319596),Jamison Battle (38319725),Orlando Robinson (38319625),295.42970486111113,393.54860459152405,50000,99.98%,23,111.61%,0,151.3,$4.46,TOR 2,CLE 1,user29,1,marvalshot,7490,4683987576_29
Immanuel Quickley (38319383),Donovan Mitchell (38319302),Royce O'Neale (38319656),Miles Bridges (38319308),Jusuf Nurkic (38319623),Dennis Schroder (38319444),Jamison Battle (38319725),Donovan Clingan (38319495),298.14124999999996,389.13916736695387,49900,100.00%,586,180.5%,0,181.79,$7.22,TOR 2,CHA 2,user41,1,marvalshot,7551,4683987577_41
Dennis Schroder (38319444),Ja'Kobe Walter (38319586),Malik Beasley (38319469),Pascal Siakam (38319373),Jusuf Nurkic (38319623),Fred VanVleet (38319423),Jalen Williams (38319345),Ausar Thompson (38319458),290.79623263888885,375.3835655984747,49800,96.86%,0,55.21%,0,122.40999999999998,$2.21,DET 3,TOR 1,user13,1,marvalshot,7572,4683987578_13
KJ Simpson (38319544),Devin Booker (38319285),Jamison Battle (38319725),Ausar Thompson (38319458),Jusuf Nurkic (38319623),Darius Garland (38319349),Evan Mobley (38319319),Orlando Robinson (38319625),296.12531250000006,386.49066718463126,50000,99.99%,115,127.78%,0,150.14999999999998,$5.11,CHA 2,TOR 2,user8,1,marvalshot,7616,4683987579_8
KJ Simpson (38319544),Dennis Schroder (38319444),Brice Sensabaugh (38319564),Pascal Siakam (38319373),Jusuf Nurkic (38319623),Anfernee Simons (38319426),Jayson Tatum (38319278),Royce O'Neale (38319656),300.04385416666673,387.1418502828736,49500,100.00%,3706,285.27%,0,163.14999999999998,$11.41,CHA 2,DET 1,user38,1,marvalshot,7695,4683987580_38
Devin Booker (38319285),Dennis Schroder (38319444),Jamison Battle (38319725),Pascal Siakam (38319373),Jusuf Nurkic (38319623),Donovan Mitchell (38319302),Matisse Thybulle (38319671),Chris Paul (38319596),299.2962326388889,388.8035655984748,49500,100.00%,1611,232.54%,0,159.03,$9.3,PHX 1,DET 1,user39,1,marvalshot,7745,4683987581_39
Malik Monk (38319403),Anfernee Simons (38319426),Tari Eason (38319462),Pascal Siakam (38319373),Jusuf Nurkic (38319623),KJ Simpson (38319544),Jared Rhoden (38319974),Domantas Sabonis (38319289),279.0682638888889,366.91862887542163,49900,0.40%,0,-99.41%,0,126.01,$-3.98,SAC 2,CHA 2,user23,1,marvalshot,7778,4683987582_23
KJ Simpson (38319544),Dalen Terry (38319736),Malik Beasley (38319469),Miles Bridges (38319308),Jusuf Nurkic (38319623),Donovan Mitchell (38319302),Ausar Thompson (38319458),Dennis Schroder (38319444),295.34484375000005,380.0278118810488,49800,99.99%,6,108.13%,0,130.16,$4.33,CHA 3,DET 3,user43,1,marvalshot,7455,4683987575_43
Donovan Mitchell (38319302),Collin Sexton (38319491),Jamison Battle (38319725),Pascal Siakam (38319373),Jusuf Nurkic (38319623),Malik Beasley (38319469),Tari Eason (38319462),Dennis Schroder (38319444),295.4397048611111,385.75860459152403,49300,100.00%,2,109.2%,0,148.95,$4.37,DET 2,CLE 1,user26,1,marvalshot,7487,4683987576_26
Donovan Mitchell (38319302),Dennis Schroder (38319444),Jamison Battle (38319725),Miles Bridges (38319308),Jusuf Nurkic (38319623),Anfernee Simons (38319426),Sandro Mamukelashvili (38319706),Jarrett Allen (38319419),298.05125,391.4991673669539,49900,100.00%,433,175.42%,0,158.44,$7.02,CLE 2,CHA 2,user7,1,marvalshot,7517,4683987577_7
Devin Booker (38319285),Stephon Castle (38319386),Harrison Barnes (38319681),Pascal Siakam (38319373),Jusuf Nurkic (38319623),Anfernee Simons (38319426),Sandro Mamukelashvili (38319706),Donovan Clingan (38319495),290.52623263888887,384.17356559847474,49400,95.30%,0,52.28%,0,127.19999999999999,$2.09,SAS 3,POR 2,user14,1,marvalshot,7573,4683987578_14
KJ Simpson (38319544),Anfernee Simons (38319426),Ronald Holland II (38319770),Ausar Thompson (38319458),Jusuf Nurkic (38319623),Donovan Mitchell (38319302),Evan Mobley (38319319),Dennis Schroder (38319444),296.4153125,386.4206671846312,49900,100.00%,22,126.98%,0,133.77,$5.08,DET 3,CHA 2,user29,1,marvalshot,7637,4683987579_29
KJ Simpson (38319544),Dennis Schroder (38319444),Brice Sensabaugh (38319564),Pascal Siakam (38319373),Jusuf Nurkic (38319623),Coby White (38319323),Sandro Mamukelashvili (38319706),Donovan Mitchell (38319302),299.7838541666667,390.0218502828735,49500,100.00%,2838,264.13%,0,137.51999999999998,$10.57,CHA 2,DET 1,user22,1,marvalshot,7679,4683987580_22
Dennis Schroder (38319444),Kevin Huerter (38319486),Jamison Battle (38319725),Pascal Siakam (38319373),Jusuf Nurkic (38319623),Donovan Mitchell (38319302),Evan Mobley (38319319),De'Andre Hunter (38319627),299.2462326388889,389.40356559847476,49900,100.00%,1430,227.24%,0,152.57,$9.09,CLE 3,DET 1,user16,1,marvalshot,7722,4683987581_16
Malik Monk (38319403),Dalen Terry (38319736),Ausar Thompson (38319458),Pascal Siakam (38319373),Jusuf Nurkic (38319623),KJ Simpson (38319544),Tari Eason (38319462),Domantas Sabonis (38319289),279.17826388888886,366.39862887542154,50000,0.38%,0,-99.44%,0,118.94,$-3.98,SAC 2,CHA 2,user4,1,marvalshot,7759,4683987582_4
KJ Simpson (38319544),Donovan Mitchell (38319302),Ja'Kobe Walter (38319586),Miles Bridges (38319308),Jusuf Nurkic (38319623),Kevin Huerter (38319486),Ausar Thompson (38319458),Donovan Clingan (38319495),295.12484374999997,382.3378118810487,49800,99.97%,19,106.9%,0,142.01999999999998,$4.28,CHA 3,CLE 1,user42,1,marvalshot,7454,4683987575_42
Chris Paul (38319596),Collin Sexton (38319491),Jayson Tatum (38319278),Pascal Siakam (38319373),Jusuf Nurkic (38319623),Dennis Schroder (38319444),Jamison Battle (38319725),Anfernee Simons (38319426),295.3097048611111,388.548604591524,49700,99.97%,6,108.19%,0,161.68,$4.33,SAS 1,UTA 1,user24,1,marvalshot,7485,4683987576_24
Dennis Schroder (38319444),Anfernee Simons (38319426),Ausar Thompson (38319458),Miles Bridges (38319308),Jusuf Nurkic (38319623),Donovan Mitchell (38319302),Matisse Thybulle (38319671),Orlando Robinson (38319625),297.83125000000007,388.6391673669539,49900,100.00%,450,170.13%,0,127.88999999999999,$6.81,DET 2,POR 2,user24,1,marvalshot,7534,4683987577_24
Dennis Schroder (38319444),Ja'Kobe Walter (38319586),Isaac Okoro (38319839),Pascal Siakam (38319373),Jusuf Nurkic (38319623),Shaedon Sharpe (38319366),Deni Avdija (38319298),Anfernee Simons (38319426),290.4562326388889,375.3635655984748,49400,96.39%,0,52.12%,0,123.58999999999999,$2.08,POR 3,DET 1,user31,1,marvalshot,7590,4683987578_31
KJ Simpson (38319544),Dennis Schroder (38319444),Ausar Thompson (38319458),Jayson Tatum (38319278),Jusuf Nurkic (38319623),Chris Paul (38319596),Royce O'Neale (38319656),Evan Mobley (38319319),296.25531250000006,385.6006671846313,49800,100.00%,53,126.73%,0,181.56,$5.07,CHA 2,DET 2,user20,1,marvalshot,7628,4683987579_20
KJ Simpson (38319544),Donovan Mitchell (38319302),Brice Sensabaugh (38319564),Pascal Siakam (38319373),Jusuf Nurkic (38319623),Anfernee Simons (38319426),Jalen Williams (38319345),Orlando Robinson (38319625),299.48385416666673,391.88185028287353,49600,100.00%,2733,253.5%,0,124.81,$10.14,CHA 2,CLE 1,user25,1,marvalshot,7682,4683987580_25
Darius Garland (38319349),Dennis Schroder (38319444),Royce O'Neale (38319656),Pascal Siakam (38319373),Jusuf Nurkic (38319623),Chris Paul (38319596),Tari Eason (38319462),Evan Mobley (38319319),298.9462326388889,391.03356559847475,49500,100.00%,1516,218.94%,0,174.03,$8.76,CLE 2,DET 1,user14,1,marvalshot,7720,4683987581_14
Malik Monk (38319403),Anfernee Simons (38319426),Ja'Kobe Walter (38319586),Pascal Siakam (38319373),Jusuf Nurkic (38319623),KJ Simpson (38319544),Jonathan Mogbo (38319664),Domantas Sabonis (38319289),279.4782638888889,365.48862887542157,49000,0.36%,0,-99.46%,0,145.05,$-3.98,SAC 2,TOR 2,user32,1,marvalshot,7787,4683987582_32
KJ Simpson (38319544),Malik Beasley (38319469),Tari Eason (38319462),Miles Bridges (38319308),Jusuf Nurkic (38319623),Dennis Schroder (38319444),Ausar Thompson (38319458),Anfernee Simons (38319426),295.20484375,379.1978118810488,49800,99.99%,4,106.52%,0,141.89,$4.26,CHA 3,DET 3,user28,1,marvalshot,7440,4683987575_28
Donovan Mitchell (38319302),Collin Sexton (38319491),Tari Eason (38319462),Pascal Siakam (38319373),Jusuf Nurkic (38319623),Stephon Castle (38319386),Ausar Thompson (38319458),Bismack Biyombo (38319799),295.0797048611111,390.50860459152403,50000,99.96%,16,106.83%,0,130.76999999999998,$4.27,SAS 2,CLE 1,user13,1,marvalshot,7474,4683987576_13
Anfernee Simons (38319426),Dennis Schroder (38319444),Deni Avdija (38319298),Miles Bridges (38319308),Jusuf Nurkic (38319623),Chris Paul (38319596),Jamison Battle (38319725),Tari Eason (38319462),297.81125,385.51916736695387,49900,100.00%,381,168.56%,0,179.19,$6.74,POR 2,CHA 2,user11,1,marvalshot,7521,4683987577_11
Josh Giddey (38319291),Dennis Schroder (38319444),Harrison Barnes (38319681),Pascal Siakam (38319373),Jusuf Nurkic (38319623),Malik Beasley (38319469),Jared Rhoden (38319974),Evan Mobley (38319319),290.4262326388889,378.51356559847477,49800,95.21%,0,51.36%,0,125.85000000000001,$2.05,DET 2,CHI 1,user25,1,marvalshot,7584,4683987578_25
KJ Simpson (38319544),Dennis Schroder (38319444),Ausar Thompson (38319458),Matas Buzelis (38319518),Jusuf Nurkic (38319623),Chris Paul (38319596),Deni Avdija (38319298),Evan Mobley (38319319),296.0853125,382.9806671846312,49600,100.00%,52,124.41%,0,161.79000000000002,$4.98,CHA 2,DET 2,user36,1,marvalshot,7644,4683987579_36
KJ Simpson (38319544),Anfernee Simons (38319426),Brice Sensabaugh (38319564),Pascal Siakam (38319373),Jusuf Nurkic (38319623),Donovan Mitchell (38319302),Evan Mobley (38319319),Blake Wesley (38319801),299.4738541666667,390.5218502828735,49400,100.00%,2405,248.72%,0,127.5,$9.95,CHA 2,CLE 2,user47,1,marvalshot,7704,4683987580_47
Jamal Shead (38319583),Anfernee Simons (38319426),Malik Beasley (38319469),Pascal Siakam (38319373),Jusuf Nurkic (38319623),Dennis Schroder (38319444),Evan Mobley (38319319),Donovan Clingan (38319495),298.84623263888886,388.8235655984747,50000,100.00%,1693,218.38%,0,127.49,$8.74,POR 2,DET 2,user11,1,marvalshot,7717,4683987581_11
Malik Monk (38319403),Stephon Castle (38319386),Jamison Battle (38319725),Pascal Siakam (38319373),Jusuf Nurkic (38319623),KJ Simpson (38319544),Tim Hardaway Jr. (38319568),Domantas Sabonis (38319289),278.40826388888894,361.35862887542163,49700,0.18%,0,-99.73%,0,124.9,$-3.99,SAC 2,CHA 2,user40,1,marvalshot,7795,4683987582_40
KJ Simpson (38319544),Dennis Schroder (38319444),Malik Beasley (38319469),Miles Bridges (38319308),Jusuf Nurkic (38319623),Darius Garland (38319349),Ja'Kobe Walter (38319586),Anfernee Simons (38319426),295.11484375,378.74781188104873,49800,100.00%,9,105.86%,0,135.67,$4.23,CHA 3,DET 2,user2,1,marvalshot,7412,4683987575_2
Anfernee Simons (38319426),Collin Sexton (38319491),Ausar Thompson (38319458),Pascal Siakam (38319373),Jusuf Nurkic (38319623),Dennis Schroder (38319444),Evan Mobley (38319319),Sandro Mamukelashvili (38319706),295.1697048611111,391.89860459152396,49500,99.98%,9,106.53%,0,133.67000000000002,$4.26,DET 2,POR 1,user3,1,marvalshot,7464,4683987576_3
Dennis Schroder (38319444),Donovan Mitchell (38319302),Tari Eason (38319462),Miles Bridges (38319308),Jusuf Nurkic (38319623),Dalen Terry (38319736),Jamison Battle (38319725),Jalen Duren (38319381),297.80125,389.33916736695386,49900,100.00%,375,167.8%,0,176.28,$6.71,DET 2,CHA 2,user43,1,marvalshot,7553,4683987577_43
Stephon Castle (38319386),Donovan Mitchell (38319302),Ausar Thompson (38319458),Pascal Siakam (38319373),Jusuf Nurkic (38319623),Dalano Banton (38319560),Jamison Battle (38319725),Jarrett Allen (38319419),290.39623263888893,383.74356559847485,50000,94.59%,0,50.29%,0,127.05,$2.01,CLE 2,SAS 1,user7,1,marvalshot,7566,4683987578_7
KJ Simpson (38319544),Kevin Huerter (38319486),Deni Avdija (38319298),Ausar Thompson (38319458),Jusuf Nurkic (38319623),Dennis Schroder (38319444),Evan Mobley (38319319),Orlando Robinson (38319625),295.9253125,383.4306671846312,49900,100.00%,63,122.45%,0,140.15999999999997,$4.9,CHA 2,DET 2,user22,1,marvalshot,7630,4683987579_22
KJ Simpson (38319544),Malik Beasley (38319469),Brice Sensabaugh (38319564),Pascal Siakam (38319373),Jusuf Nurkic (38319623),Dennis Schroder (38319444),Jalen Williams (38319345),Darius Garland (38319349),299.36385416666667,384.82185028287347,50000,100.00%,2381,245.18%,0,123.32999999999998,$9.81,CHA 2,DET 2,user36,1,marvalshot,7693,4683987580_36
Anfernee Simons (38319426),Dennis Schroder (38319444),Tari Eason (38319462),Pascal Siakam (38319373),Jusuf Nurkic (38319623),Malik Beasley (38319469),Jamison Battle (38319725),Alperen Sengun (38319306),298.9562326388889,389.1935655984748,50000,100.00%,1374,218.02%,0,156.39999999999998,$8.72,DET 2,HOU 2,user47,1,marvalshot,7753,4683987581_47
Malik Monk (38319403),Dennis Schroder (38319444),Ronald Holland II (38319770),Pascal Siakam (38319373),Jusuf Nurkic (38319623),KJ Simpson (38319544),Tari Eason (38319462),Domantas Sabonis (38319289),278.5582638888889,364.89862887542165,50000,0.15%,0,-99.78%,0,118.66,$-3.99,SAC 2,DET 2,user11,1,marvalshot,7766,4683987582_11
KJ Simpson (38319544),Donovan Mitchell (38319302),Royce O'Neale (38319656),Miles Bridges (38319308),Jusuf Nurkic (38319623),Anfernee Simons (38319426),Kevin Huerter (38319486),Donovan Clingan (38319495),295.04484375000004,381.3878118810488,49900,99.98%,21,105.83%,0,161.68,$4.23,CHA 3,POR 2,user36,1,marvalshot,7448,4683987575_36
Donovan Mitchell (38319302),Collin Sexton (38319491),Malik Beasley (38319469),Pascal Siakam (38319373),Jusuf Nurkic (38319623),Dennis Schroder (38319444),Sandro Mamukelashvili (38319706),Ausar Thompson (38319458),295.0697048611111,389.04860459152405,49400,99.99%,1,104.09%,0,129.25,$4.16,DET 3,CLE 1,user31,1,marvalshot,7492,4683987576_31
Donovan Mitchell (38319302),Anfernee Simons (38319426),Ausar Thompson (38319458),Miles Bridges (38319308),Jusuf Nurkic (38319623),Chris Paul (38319596),Tari Eason (38319462),Jamison Battle (38319725),297.77125,388.6191673669539,49600,100.00%,319,166.04%,0,174.68,$6.64,CHA 2,CLE 1,user30,1,marvalshot,7540,4683987577_30
Immanuel Quickley (38319383),Donovan Mitchell (38319302),Keldon Johnson (38319533),Pascal Siakam (38319373),Jusuf Nurkic (38319623),Chris Paul (38319596),Ja'Kobe Walter (38319586),Stephon Castle (38319386),290.0862326388889,386.26356559847477,49800,93.88%,0,47.15%,0,123.3,$1.89,SAS 3,TOR 2,user10,1,marvalshot,7569,4683987578_10
KJ Simpson (38319544),Donovan Mitchell (38319302),Jayson Tatum (38319278),Evan Mobley (38319319),Jusuf Nurkic (38319623),Chris Paul (38319596),Royce O'Neale (38319656),Bismack Biyombo (38319799),295.97531250000003,387.5406671846312,49700,100.00%,63,122.4%,0,184.75,$4.9,CHA 2,CLE 2,user26,1,marvalshot,7634,4683987579_26
KJ Simpson (38319544),Coby White (38319323),Brice Sensabaugh (38319564),Pascal Siakam (38319373),Jusuf Nurkic (38319623),Malik Beasley (38319469),Ausar Thompson (38319458),Jalen Duren (38319381),299.1738541666667,385.5618502828735,49900,100.00%,2422,239.32%,0,139.60999999999999,$9.57,DET 3,CHA 2,user24,1,marvalshot,7681,4683987580_24
Donovan Mitchell (38319302),Dennis Schroder (38319444),Harrison Barnes (38319681),Pascal Siakam (38319373),Jusuf Nurkic (38319623),Shaedon Sharpe (38319366),Ja'Kobe Walter (38319586),Anfernee Simons (38319426),299.0362326388889,388.0135655984748,50000,100.00%,1152,217.05%,0,134.3,$8.68,POR 2,CLE 1,user5,1,marvalshot,7711,4683987581_5
Malik Monk (38319403),Isaac Okoro (38319839),Jamison Battle (38319725),Pascal Siakam (38319373),Jusuf Nurkic (38319623),KJ Simpson (38319544),Evan Mobley (38319319),Domantas Sabonis (38319289),278.36826388888886,363.76862887542154,49500,0.12%,0,-99.82%,0,129.69,$-3.99,SAC 2,CLE 2,user47,1,marvalshot,7802,4683987582_47
KJ Simpson (38319544),Anfernee Simons (38319426),Jamison Battle (38319725),Miles Bridges (38319308),Jusuf Nurkic (38319623),Ja'Kobe Walter (38319586),Evan Mobley (38319319),Jalen Duren (38319381),295.04484375000004,384.6978118810488,49200,99.98%,16,105.4%,0,178.5,$4.22,CHA 3,TOR 2,user16,1,marvalshot,7428,4683987575_16
Donovan Mitchell (38319302),Collin Sexton (38319491),Ja'Kobe Walter (38319586),Pascal Siakam (38319373),Jusuf Nurkic (38319623),Darius Garland (38319349),Ausar Thompson (38319458),Orlando Robinson (38319625),294.8997048611111,391.958604591524,49700,99.96%,11,103.15%,0,119.11999999999999,$4.13,CLE 2,TOR 2,user15,1,marvalshot,7476,4683987576_15
Chris Paul (38319596),Donovan Mitchell (38319302),Deni Avdija (38319298),Miles Bridges (38319308),Jusuf Nurkic (38319623),Dennis Schroder (38319444),Harrison Barnes (38319681),Bismack Biyombo (38319799),297.64125,386.0791673669539,49700,100.00%,376,164.5%,0,161.66,$6.58,SAS 3,CHA 2,user38,1,marvalshot,7548,4683987577_38
Chris Paul (38319596),Donovan Mitchell (38319302),Keldon Johnson (38319533),Pascal Siakam (38319373),Jusuf Nurkic (38319623),Devin Vassell (38319398),Ja'Kobe Walter (38319586),Jalen Duren (38319381),289.66623263888886,384.48356559847474,49700,91.27%,0,41.78%,0,147.62,$1.67,SAS 3,CLE 1,user39,1,marvalshot,7598,4683987578_39
KJ Simpson (38319544),Dennis Schroder (38319444),Jamison Battle (38319725),Evan Mobley (38319319),Jusuf Nurkic (38319623),Shai Gilgeous-Alexander (38319275),Ausar Thompson (38319458),Chris Paul (38319596),296.0653125,388.3706671846312,50000,100.00%,22,121.69%,0,181.39999999999998,$4.87,CHA 2,DET 2,user40,1,marvalshot,7648,4683987579_40
KJ Simpson (38319544),Donovan Mitchell (38319302),Brice Sensabaugh (38319564),Pascal Siakam (38319373),Jusuf Nurkic (38319623),Anfernee Simons (38319426),Jabari Walker (38319825),Deni Avdija (38319298),299.2338541666667,388.7418502828735,50000,100.00%,1759,233.36%,0,122.72,$9.33,POR 3,CHA 2,user27,1,marvalshot,7684,4683987580_27
Chris Paul (38319596),Dalen Terry (38319736),Deni Avdija (38319298),Pascal Siakam (38319373),Jusuf Nurkic (38319623),Donovan Mitchell (38319302),Jamison Battle (38319725),Darius Garland (38319349),298.86623263888885,390.92356559847474,50000,100.00%,1375,216.27%,0,154.39,$8.65,CLE 2,SAS 1,user41,1,marvalshot,7747,4683987581_41
Malik Monk (38319403),Anfernee Simons (38319426),Malik Beasley (38319469),Pascal Siakam (38319373),Jusuf Nurkic (38319623),KJ Simpson (38319544),Jabari Walker (38319825),Domantas Sabonis (38319289),278.2582638888889,363.0186288754216,50000,0.13%,0,-99.82%,0,105.24000000000001,$-3.99,SAC 2,POR 2,user,1,marvalshot,663,4683987582
KJ Simpson (38319544),Dennis Schroder (38319444),Tari Eason (38319462),Miles Bridges (38319308),Jusuf Nurkic (38319623),Malik Beasley (38319469),Evan Mobley (38319319),Orlando Robinson (38319625),294.90484375000005,382.4778118810488,49800,99.97%,18,103.75%,0,135.5,$4.15,CHA 3,DET 2,user4,1,marvalshot,7416,4683987575_4
Dennis Schroder (38319444),Collin Sexton (38319491),Tari Eason (38319462),Pascal Siakam (38319373),Jusuf Nurkic (38319623),Ja'Kobe Walter (38319586),Ausar Thompson (38319458),Evan Mobley (38319319),294.7297048611111,388.658604591524,49700,99.97%,6,100.16%,0,135.31,$4.01,DET 2,UTA 1,user42,1,marvalshot,7503,4683987576_42
Stephon Castle (38319386),Donovan Mitchell (38319302),Harrison Barnes (38319681),Miles Bridges (38319308),Jusuf Nurkic (38319623),Dennis Schroder (38319444),Jamison Battle (38319725),Ausar Thompson (38319458),297.75124999999997,386.03916736695385,50000,100.00%,268,164.12%,0,153.65,$6.56,SAS 2,CHA 2,user48,1,marvalshot,7558,4683987577_48
Blake Wesley (38319801),Shaedon Sharpe (38319366),Jayson Tatum (38319278),Pascal Siakam (38319373),Jusuf Nurkic (38319623),Chris Paul (38319596),Ja'Kobe Walter (38319586),Jalen Duren (38319381),289.6262326388889,382.89356559847477,49800,90.80%,0,41.45%,0,152.25,$1.66,SAS 2,POR 1,user40,1,marvalshot,7599,4683987578_40
KJ Simpson (38319544),Stephon Castle (38319386),Ja'Kobe Walter (38319586),Ausar Thompson (38319458),Jusuf Nurkic (38319623),Darius Garland (38319349),Evan Mobley (38319319),Donovan Clingan (38319495),295.7853125,386.7706671846312,49700,99.99%,92,121.08%,0,136.66,$4.84,CHA 2,CLE 2,user9,1,marvalshot,7617,4683987579_9
KJ Simpson (38319544),Donovan Mitchell (38319302),Brice Sensabaugh (38319564),Pascal Siakam (38319373),Jusuf Nurkic (38319623),Stephon Castle (38319386),Jalen Williams (38319345),Jamison Battle (38319725),299.1838541666667,388.7718502828735,49800,100.00%,1755,231.0%,0,142.1,$9.24,CHA 2,CLE 1,user33,1,marvalshot,7690,4683987580_33
Anfernee Simons (38319426),Shaedon Sharpe (38319366),Ausar Thompson (38319458),Pascal Siakam (38319373),Jusuf Nurkic (38319623),Donovan Mitchell (38319302),Royce O'Neale (38319656),Orlando Robinson (38319625),298.8662326388889,390.6935655984748,49700,100.00%,1373,215.69%,0,150.24,$8.63,POR 2,DET 1,user49,1,marvalshot,7755,4683987581_49
Malik Monk (38319403),Ja'Kobe Walter (38319586),Keldon Johnson (38319533),Pascal Siakam (38319373),Jusuf Nurkic (38319623),KJ Simpson (38319544),Ausar Thompson (38319458),Domantas Sabonis (38319289),278.5682638888889,365.9286288754216,49700,0.12%,0,-99.84%,0,118.97999999999999,$-3.99,SAC 2,CHA 2,user14,1,marvalshot,7769,4683987582_14
KJ Simpson (38319544),Dennis Schroder (38319444),Coby White (38319323),Miles Bridges (38319308),Jusuf Nurkic (38319623),Donovan Mitchell (38319302),Jonathan Mogbo (38319664),Bismack Biyombo (38319799),294.92484375,380.67781188104874,49700,99.98%,12,103.46%,0,163.65,$4.14,CHA 3,DET 1,user22,1,marvalshot,7434,4683987575_22
Chris Paul (38319596),Collin Sexton (38319491),Deni Avdija (38319298),Pascal Siakam (38319373),Jusuf Nurkic (38319623),Darius Garland (38319349),Jonathan Mogbo (38319664),Dennis Schroder (38319444),294.54970486111114,386.68860459152404,49700,99.95%,8,98.93%,0,155.2,$3.96,SAS 1,UTA 1,user27,1,marvalshot,7488,4683987576_27
Chris Paul (38319596),Stephon Castle (38319386),Ausar Thompson (38319458),Miles Bridges (38319308),Jusuf Nurkic (38319623),Dennis Schroder (38319444),Tari Eason (38319462),Donovan Clingan (38319495),297.42125,388.01916736695387,49600,100.00%,394,159.68%,0,156.73,$6.39,SAS 2,DET 2,user14,1,marvalshot,7524,4683987577_14
Stephon Castle (38319386),Dennis Schroder (38319444),Tari Eason (38319462),Pascal Siakam (38319373),Jusuf Nurkic (38319623),Malik Beasley (38319469),Sandro Mamukelashvili (38319706),Nikola Vucevic (38319361),289.6162326388889,382.1135655984748,49500,91.05%,0,41.28%,0,125.97999999999999,$1.65,SAS 2,DET 2,user4,1,marvalshot,7563,4683987578_4
KJ Simpson (38319544),Donovan Mitchell (38319302),Kevin Huerter (38319486),Royce O'Neale (38319656),Jusuf Nurkic (38319623),Anfernee Simons (38319426),Ausar Thompson (38319458),Evan Mobley (38319319),295.9653125,383.55066718463115,50000,100.00%,26,120.65%,0,161.29,$4.83,CHA 2,CLE 2,user24,1,marvalshot,7632,4683987579_24
KJ Simpson (38319544),Ja'Kobe Walter (38319586),Brice Sensabaugh (38319564),Pascal Siakam (38319373),Jusuf Nurkic (38319623),Shai Gilgeous-Alexander (38319275),Ausar Thompson (38319458),Dennis Schroder (38319444),299.0438541666667,389.9618502828735,50000,100.00%,1282,219.43%,0,144.93,$8.78,CHA 2,DET 2,user21,1,marvalshot,7678,4683987580_21
Darius Garland (38319349),Dennis Schroder (38319444),De'Andre Hunter (38319627),Pascal Siakam (38319373),Jusuf Nurkic (38319623),Donovan Mitchell (38319302),Sandro Mamukelashvili (38319706),Anfernee Simons (38319426),298.87623263888895,394.6535655984748,50000,100.00%,1142,211.48%,0,135.43,$8.46,CLE 3,DET 1,user28,1,marvalshot,7734,4683987581_28
Malik Monk (38319403),Anfernee Simons (38319426),Royce O'Neale (38319656),Pascal Siakam (38319373),Jusuf Nurkic (38319623),KJ Simpson (38319544),Keldon Johnson (38319533),Domantas Sabonis (38319289),278.4882638888889,364.97862887542163,49800,0.12%,0,-99.84%,0,138.64,$-3.99,SAC 2,CHA 2,user18,1,marvalshot,7773,4683987582_18
KJ Simpson (38319544),Dennis Schroder (38319444),Dalen Terry (38319736),Miles Bridges (38319308),Jusuf Nurkic (38319623),Donovan Mitchell (38319302),Sandro Mamukelashvili (38319706),Evan Mobley (38319319),294.98484375,387.18781188104873,50000,99.98%,10,103.21%,0,137.16,$4.13,CHA 3,CLE 2,user40,1,marvalshot,7452,4683987575_40
Donovan Mitchell (38319302),Collin Sexton (38319491),Malik Beasley (38319469),Pascal Siakam (38319373),Jusuf Nurkic (38319623),Dennis Schroder (38319444),Dalen Terry (38319736),Anfernee Simons (38319426),294.6797048611111,385.39860459152396,49800,99.96%,8,98.89%,0,115.34,$3.96,DET 2,CLE 1,user21,1,marvalshot,7482,4683987576_21
Devin Booker (38319285),Dennis Schroder (38319444),Jamison Battle (38319725),Miles Bridges (38319308),Jusuf Nurkic (38319623),Malik Beasley (38319469),Ja'Kobe Walter (38319586),Donovan Clingan (38319495),297.40125,381.88916736695387,49800,100.00%,358,158.16%,0,160.76999999999998,$6.33,DET 2,TOR 2,user49,1,marvalshot,7559,4683987577_49
Stephon Castle (38319386),Dennis Schroder (38319444),Malik Beasley (38319469),Pascal Siakam (38319373),Jusuf Nurkic (38319623),Ja'Kobe Walter (38319586),Coby White (38319323),Keldon Johnson (38319533),289.4762326388889,376.07356559847483,49900,90.18%,0,39.49%,0,112.16,$1.58,SAS 2,DET 2,user19,1,marvalshot,7578,4683987578_19
KJ Simpson (38319544),Dennis Schroder (38319444),Jamison Battle (38319725),Deni Avdija (38319298),Jusuf Nurkic (38319623),Darius Garland (38319349),Ausar Thompson (38319458),Jarrett Allen (38319419),295.8253125,382.78066718463117,49600,100.00%,44,118.9%,0,156.55,$4.76,CHA 2,DET 2,user49,1,marvalshot,7657,4683987579_49
KJ Simpson (38319544),Stephon Castle (38319386),Brice Sensabaugh (38319564),Pascal Siakam (38319373),Jusuf Nurkic (38319623),Donovan Mitchell (38319302),Patrick Williams (38319717),Darius Garland (38319349),298.37385416666666,387.8018502828735,49800,100.00%,984,194.84%,0,113.76,$7.79,CHA 2,CLE 2,user17,1,marvalshot,7674,4683987580_17
Darius Garland (38319349),Malik Beasley (38319469),Jamison Battle (38319725),Pascal Siakam (38319373),Jusuf Nurkic (38319623),Dennis Schroder (38319444),Evan Mobley (38319319),Nick Richards (38319547),298.7662326388889,389.92356559847474,49600,100.00%,1333,210.83%,0,138.19,$8.43,CLE 2,DET 2,user48,1,marvalshot,7754,4683987581_48
Malik Monk (38319403),Dennis Schroder (38319444),Tari Eason (38319462),Pascal Siakam (38319373),Jusuf Nurkic (38319623),KJ Simpson (38319544),Isaac Okoro (38319839),Domantas Sabonis (38319289),278.2782638888889,362.8586288754216,49700,0.10%,0,-99.85%,0,119.27,$-3.99,SAC 2,CHA 2,user44,1,marvalshot,7799,4683987582_44
KJ Simpson (38319544),Donovan Mitchell (38319302),Dalen Terry (38319736),Miles Bridges (38319308),Jusuf Nurkic (38319623),Dennis Schroder (38319444),Tari Eason (38319462),Donovan Clingan (38319495),294.93484374999997,383.85781188104875,49500,99.98%,8,103.04%,0,143.06,$4.12,CHA 3,CLE 1,user11,1,marvalshot,7423,4683987575_11
Donovan Mitchell (38319302),Collin Sexton (38319491),Dalen Terry (38319736),Pascal Siakam (38319373),Jusuf Nurkic (38319623),Dennis Schroder (38319444),Jonathan Mogbo (38319664),Evan Mobley (38319319),294.6497048611111,389.228604591524,49700,99.97%,1,98.76%,0,137.54999999999998,$3.95,CLE 2,UTA 1,user6,1,marvalshot,7467,4683987576_6
Anfernee Simons (38319426),Devin Booker (38319285),Malik Beasley (38319469),Miles Bridges (38319308),Jusuf Nurkic (38319623),Chris Paul (38319596),Jamison Battle (38319725),Donovan Clingan (38319495),297.26124999999996,383.73916736695384,50000,100.00%,446,157.46%,0,164.17,$6.3,POR 2,CHA 2,user21,1,marvalshot,7531,4683987577_21
Shai Gilgeous-Alexander (38319275),Dennis Schroder (38319444),Ronald Holland II (38319770),Pascal Siakam (38319373),Jusuf Nurkic (38319623),Anfernee Simons (38319426),Royce O'Neale (38319656),Donovan Clingan (38319495),289.4562326388889,383.08356559847476,49700,90.32%,0,39.42%,0,153.51,$1.58,DET 2,POR 2,user12,1,marvalshot,7571,4683987578_12
KJ Simpson (38319544),Dennis Schroder (38319444),Malik Beasley (38319469),Evan Mobley (38319319),Jusuf Nurkic (38319623),Anfernee Simons (38319426),Keldon Johnson (38319533),Jalen Duren (38319381),295.65531250000004,384.62066718463126,49700,99.99%,50,116.15%,0,150.39,$4.65,DET 3,CHA 2,user7,1,marvalshot,7615,4683987579_7
KJ Simpson (38319544),Coby White (38319323),Brice Sensabaugh (38319564),Pascal Siakam (38319373),Jusuf Nurkic (38319623),Donovan Mitchell (38319302),Sandro Mamukelashvili (38319706),Anfernee Simons (38319426),298.2138541666667,389.5618502828735,49800,100.00%,711,185.32%,0,130.69,$7.41,CHA 2,CHI 1,user37,1,marvalshot,7694,4683987580_37
Blake Wesley (38319801),Donovan Mitchell (38319302),Tari Eason (38319462),Pascal Siakam (38319373),Jusuf Nurkic (38319623),Anfernee Simons (38319426),Ausar Thompson (38319458),Dennis Schroder (38319444),298.8462326388889,391.5835655984748,49800,100.00%,903,207.58%,0,138.3,$8.3,DET 2,SAS 1,user9,1,marvalshot,7715,4683987581_9
Malik Monk (38319403),AJ Lawson (38319782),Ausar Thompson (38319458),Pascal Siakam (38319373),Jusuf Nurkic (38319623),KJ Simpson (38319544),Malik Beasley (38319469),Domantas Sabonis (38319289),277.9982638888889,362.16862887542163,49600,0.10%,0,-99.86%,0,107.94,$-3.99,SAC 2,DET 2,user22,1,marvalshot,7777,4683987582_22
KJ Simpson (38319544),Stephon Castle (38319386),Ja'Kobe Walter (38319586),Miles Bridges (38319308),Jusuf Nurkic (38319623),Donovan Mitchell (38319302),Jamison Battle (38319725),Anfernee Simons (38319426),294.93484375,382.6978118810488,49600,99.99%,3,102.4%,0,154.44,$4.1,CHA 3,TOR 2,user24,1,marvalshot,7436,4683987575_24
Darius Garland (38319349),Collin Sexton (38319491),Ja'Kobe Walter (38319586),Pascal Siakam (38319373),Jusuf Nurkic (38319623),Chris Paul (38319596),Evan Mobley (38319319),Anfernee Simons (38319426),294.4997048611111,390.05860459152404,49900,99.93%,6,97.91%,0,132.49,$3.92,CLE 2,UTA 1,user7,1,marvalshot,7468,4683987576_7
Dennis Schroder (38319444),Anfernee Simons (38319426),Jamison Battle (38319725),Miles Bridges (38319308),Jusuf Nurkic (38319623),Chris Paul (38319596),Tari Eason (38319462),Evan Mobley (38319319),297.35125,386.89916736695386,49300,100.00%,197,153.12%,0,178.67000000000002,$6.12,CHA 2,DET 1,user46,1,marvalshot,7556,4683987577_46
Darius Garland (38319349),Dennis Schroder (38319444),Jaylen Brown (38319333),Pascal Siakam (38319373),Jusuf Nurkic (38319623),Chris Paul (38319596),Tari Eason (38319462),Ja'Kobe Walter (38319586),289.3862326388889,381.16356559847475,49600,90.20%,0,38.85%,0,145.09,$1.55,CLE 1,DET 1,user28,1,marvalshot,7587,4683987578_28
KJ Simpson (38319544),Dennis Schroder (38319444),Jamison Battle (38319725),Evan Mobley (38319319),Jusuf Nurkic (38319623),Anfernee Simons (38319426),Ja'Kobe Walter (38319586),Devin Booker (38319285),295.7653125,381.9506671846312,49200,100.00%,20,115.58%,0,167.56,$4.62,CHA 2,TOR 2,user41,1,marvalshot,7649,4683987579_41
KJ Simpson (38319544),Donovan Mitchell (38319302),Brice Sensabaugh (38319564),Pascal Siakam (38319373),Jusuf Nurkic (38319623),Shai Gilgeous-Alexander (38319275),Royce O'Neale (38319656),Jamison Battle (38319725),298.29385416666673,389.74185028287354,49900,100.00%,530,184.16%,0,179.64,$7.37,CHA 2,CLE 1,user48,1,marvalshot,7705,4683987580_48
Dennis Schroder (38319444),Anfernee Simons (38319426),Jamison Battle (38319725),Pascal Siakam (38319373),Jusuf Nurkic (38319623),Shai Gilgeous-Alexander (38319275),Royce O'Neale (38319656),Donovan Clingan (38319495),298.6762326388889,392.14356559847477,49900,100.00%,1005,202.49%,0,189.66,$8.1,POR 2,DET 1,user36,1,marvalshot,7742,4683987581_36
Malik Monk (38319403),Stephon Castle (38319386),Royce O'Neale (38319656),Pascal Siakam (38319373),Jusuf Nurkic (38319623),KJ Simpson (38319544),Jonathan Mogbo (38319664),Domantas Sabonis (38319289),278.1282638888889,363.5086288754216,49300,0.06%,0,-99.91%,0,157.96,$-4.0,SAC 2,CHA 2,user13,1,marvalshot,7768,4683987582_13
KJ Simpson (38319544),Donovan Mitchell (38319302),Isaac Okoro (38319839),Miles Bridges (38319308),Jusuf Nurkic (38319623),Anfernee Simons (38319426),Ausar Thompson (38319458),Dennis Schroder (38319444),294.96484375000006,381.0578118810488,49900,99.99%,0,102.11%,0,130.92000000000002,$4.08,CHA 3,CLE 2,user37,1,marvalshot,7449,4683987575_37
Donovan Mitchell (38319302),Collin Sexton (38319491),Ausar Thompson (38319458),Pascal Siakam (38319373),Jusuf Nurkic (38319623),Darius Garland (38319349),Jonathan Mogbo (38319664),Chris Paul (38319596),294.50970486111106,389.78860459152395,49400,99.94%,6,97.61%,0,150.69,$3.9,CLE 2,UTA 1,user43,1,marvalshot,7504,4683987576_43
Dennis Schroder (38319444),Donovan Mitchell (38319302),Jamison Battle (38319725),Miles Bridges (38319308),Jusuf Nurkic (38319623),Josh Giddey (38319291),Jonathan Mogbo (38319664),Bismack Biyombo (38319799),297.18125,385.22916736695385,49600,100.00%,210,149.78%,0,190.38,$5.99,TOR 2,CHA 2,user4,1,marvalshot,7514,4683987577_4
Anfernee Simons (38319426),Donovan Mitchell (38319302),Luguentz Dort (38319599),Pascal Siakam (38319373),Jusuf Nurkic (38319623),Immanuel Quickley (38319383),Jamison Battle (38319725),Donovan Clingan (38319495),289.39623263888893,380.79356559847486,49000,88.82%,0,37.18%,0,137.44,$1.49,POR 2,TOR 2,user47,1,marvalshot,7606,4683987578_47
KJ Simpson (38319544),Ja'Kobe Walter (38319586),Ausar Thompson (38319458),Keldon Johnson (38319533),Jusuf Nurkic (38319623),Donovan Mitchell (38319302),Deni Avdija (38319298),Dennis Schroder (38319444),295.7053125,384.1706671846312,49900,100.00%,12,114.81%,0,143.23000000000002,$4.59,CHA 2,DET 2,user34,1,marvalshot,7642,4683987579_34
KJ Simpson (38319544),Stephon Castle (38319386),Brice Sensabaugh (38319564),Pascal Siakam (38319373),Jusuf Nurkic (38319623),Devin Booker (38319285),Jamison Battle (38319725),Anfernee Simons (38319426),298.14385416666664,384.3118502828735,49300,100.00%,726,184.0%,0,145.8,$7.36,CHA 2,SAS 1,user41,1,marvalshot,7698,4683987580_41
Donovan Mitchell (38319302),Anfernee Simons (38319426),Ja'Kobe Walter (38319586),Pascal Siakam (38319373),Jusuf Nurkic (38319623),Dalen Terry (38319736),Ausar Thompson (38319458),Jalen Duren (38319381),298.5662326388889,393.3535655984748,49500,100.00%,944,199.19%,0,147.95999999999998,$7.97,DET 2,CLE 1,user31,1,marvalshot,7737,4683987581_31
Malik Monk (38319403),Stephon Castle (38319386),Ja'Kobe Walter (38319586),Pascal Siakam (38319373),Jusuf Nurkic (38319623),KJ Simpson (38319544),Sandro Mamukelashvili (38319706),Domantas Sabonis (38319289),277.8782638888889,367.78862887542164,49500,0.06%,0,-99.92%,0,123.08999999999999,$-4.0,SAC 2,SAS 2,user5,1,marvalshot,7760,4683987582_5
KJ Simpson (38319544),Dennis Schroder (38319444),Jamison Battle (38319725),Miles Bridges (38319308),Jusuf Nurkic (38319623),Malik Beasley (38319469),Ausar Thompson (38319458),Alperen Sengun (38319306),294.90484375000005,380.1678118810488,49700,99.98%,4,101.98%,0,157.56,$4.08,CHA 3,DET 3,user44,1,marvalshot,7456,4683987575_44
Chris Paul (38319596),Collin Sexton (38319491),Ausar Thompson (38319458),Pascal Siakam (38319373),Jusuf Nurkic (38319623),Ja'Kobe Walter (38319586),Jayson Tatum (38319278),Dennis Schroder (38319444),294.4997048611111,388.59860459152407,50000,99.95%,3,96.88%,0,143.62,$3.88,DET 2,SAS 1,user18,1,marvalshot,7479,4683987576_18
Chris Paul (38319596),Stephon Castle (38319386),Ausar Thompson (38319458),Miles Bridges (38319308),Jusuf Nurkic (38319623),Dennis Schroder (38319444),Jared Rhoden (38319974),Donovan Mitchell (38319302),297.20124999999996,388.2091673669538,49900,100.00%,150,149.02%,0,148.22,$5.96,SAS 2,DET 2,user6,1,marvalshot,7516,4683987577_6
Dennis Schroder (38319444),Jaylen Brown (38319333),Ja'Kobe Walter (38319586),Pascal Siakam (38319373),Jusuf Nurkic (38319623),Dalen Terry (38319736),Evan Mobley (38319319),Donovan Clingan (38319495),289.1962326388889,381.4735655984748,49300,87.62%,0,34.89%,0,128.57,$1.4,DET 1,BOS 1,user8,1,marvalshot,7567,4683987578_8
KJ Simpson (38319544),Ja'Kobe Walter (38319586),Ausar Thompson (38319458),Sandro Mamukelashvili (38319706),Jusuf Nurkic (38319623),Donovan Mitchell (38319302),Deni Avdija (38319298),Jalen Duren (38319381),295.5453125,389.7506671846312,49600,99.99%,24,114.48%,0,167.41000000000003,$4.58,CHA 2,DET 2,user16,1,marvalshot,7624,4683987579_16
KJ Simpson (38319544),Donovan Mitchell (38319302),Brice Sensabaugh (38319564),Pascal Siakam (38319373),Jusuf Nurkic (38319623),Josh Giddey (38319291),Jamison Battle (38319725),Matas Buzelis (38319518),297.94385416666665,384.96185028287346,49600,100.00%,453,173.02%,0,156.26,$6.92,CHA 2,CHI 2,user8,1,marvalshot,7665,4683987580_8
Dennis Schroder (38319444),Stephon Castle (38319386),Malik Beasley (38319469),Pascal Siakam (38319373),Jusuf Nurkic (38319623),Coby White (38319323),Jamison Battle (38319725),Donovan Clingan (38319495),298.35623263888886,384.97356559847475,49800,100.00%,1027,193.96%,0,144.61,$7.76,DET 2,SAS 1,user29,1,marvalshot,7735,4683987581_29
Malik Monk (38319403),Dennis Schroder (38319444),Keldon Johnson (38319533),Pascal Siakam (38319373),Jusuf Nurkic (38319623),KJ Simpson (38319544),Sandro Mamukelashvili (38319706),Domantas Sabonis (38319289),277.8282638888889,367.2686288754216,49200,0.05%,0,-99.93%,0,125.96,$-4.0,SAC 2,SAS 2,user26,1,marvalshot,7781,4683987582_26
KJ Simpson (38319544),Dennis Schroder (38319444),Tari Eason (38319462),Miles Bridges (38319308),Jusuf Nurkic (38319623),Donovan Mitchell (38319302),Malik Beasley (38319469),Sandro Mamukelashvili (38319706),294.74484375,383.5078118810487,49900,99.98%,2,99.99%,0,144.47,$4.0,CHA 3,DET 2,user29,1,marvalshot,7441,4683987575_29
Chris Paul (38319596),Collin Sexton (38319491),Kevin Huerter (38319486),Pascal Siakam (38319373),Jusuf Nurkic (38319623),Donovan Mitchell (38319302),Tari Eason (38319462),Dennis Schroder (38319444),294.45970486111116,386.9586045915241,49800,99.96%,1,96.15%,0,142.2,$3.85,SAS 1,UTA 1,user22,1,marvalshot,7483,4683987576_22
Dennis Schroder (38319444),Anfernee Simons (38319426),Royce O'Neale (38319656),Miles Bridges (38319308),Jusuf Nurkic (38319623),Malik Beasley (38319469),Evan Mobley (38319319),Chris Paul (38319596),297.12125,383.32916736695387,49600,100.00%,187,148.23%,0,171.22,$5.93,DET 2,CHA 2,user36,1,marvalshot,7546,4683987577_36
Darius Garland (38319349),Coby White (38319323),Ausar Thompson (38319458),Pascal Siakam (38319373),Jusuf Nurkic (38319623),Shaedon Sharpe (38319366),Jonathan Mogbo (38319664),Paul Reed (38319728),288.83623263888893,379.9035655984748,49800,83.76%,0,28.78%,0,131.37,$1.15,DET 2,CLE 1,user1,1,marvalshot,7560,4683987578_1
KJ Simpson (38319544),Stephon Castle (38319386),Jamison Battle (38319725),Tari Eason (38319462),Jusuf Nurkic (38319623),Darius Garland (38319349),Ausar Thompson (38319458),Donovan Mitchell (38319302),295.5853125,385.3806671846312,49800,100.00%,28,113.95%,0,155.5,$4.56,CHA 2,CLE 2,user42,1,marvalshot,7650,4683987579_42
KJ Simpson (38319544),Dennis Schroder (38319444),Brice Sensabaugh (38319564),Pascal Siakam (38319373),Jusuf Nurkic (38319623),Malik Beasley (38319469),Jayson Tatum (38319278),Nick Richards (38319547),297.7338541666667,386.0318502828735,49800,100.00%,441,167.98%,0,121.26999999999998,$6.72,CHA 2,DET 2,user42,1,marvalshot,7699,4683987580_42
Dennis Schroder (38319444),Devin Booker (38319285),Jamison Battle (38319725),Pascal Siakam (38319373),Jusuf Nurkic (38319623),Chris Paul (38319596),Ausar Thompson (38319458),Immanuel Quickley (38319383),298.37623263888884,389.93356559847473,50000,100.00%,729,190.17%,0,161.56,$7.61,DET 2,TOR 2,user46,1,marvalshot,7752,4683987581_46
Malik Monk (38319403),AJ Lawson (38319782),Ausar Thompson (38319458),Pascal Siakam (38319373),Jusuf Nurkic (38319623),KJ Simpson (38319544),Tari Eason (38319462),Domantas Sabonis (38319289),277.3382638888889,364.8386288754216,49700,0.05%,0,-99.93%,0,116.99,$-4.0,SAC 2,CHA 2,user9,1,marvalshot,7764,4683987582_9
KJ Simpson (38319544),Donovan Mitchell (38319302),Jamison Battle (38319725),Miles Bridges (38319308),Jusuf Nurkic (38319623),AJ Lawson (38319782),Evan Mobley (38319319),Anfernee Simons (38319426),294.69484375,384.23781188104874,49900,99.97%,8,99.31%,0,146.29000000000002,$3.97,CHA 3,CLE 2,user13,1,marvalshot,7425,4683987575_13
Darius Garland (38319349),Collin Sexton (38319491),Jamison Battle (38319725),Pascal Siakam (38319373),Jusuf Nurkic (38319623),Dennis Schroder (38319444),Malik Beasley (38319469),Kristaps Porzingis (38319343),294.35970486111114,384.48860459152405,50000,99.94%,4,95.7%,0,132.85,$3.83,DET 2,CLE 1,user4,1,marvalshot,7465,4683987576_4
Darius Garland (38319349),Dennis Schroder (38319444),Ausar Thompson (38319458),Miles Bridges (38319308),Jusuf Nurkic (38319623),Chris Paul (38319596),Ja'Kobe Walter (38319586),Stephon Castle (38319386),297.08124999999995,386.40916736695385,50000,100.00%,212,148.05%,0,146.66,$5.92,DET 2,CHA 2,user40,1,marvalshot,7550,4683987577_40
Chris Paul (38319596),AJ Lawson (38319782),Jayson Tatum (38319278),Pascal Siakam (38319373),Jusuf Nurkic (38319623),Malik Beasley (38319469),Harrison Barnes (38319681),Donovan Mitchell (38319302),288.6962326388889,379.5935655984748,49600,83.42%,0,27.34%,0,123.2,$1.09,SAS 2,TOR 1,user37,1,marvalshot,7596,4683987578_37
KJ Simpson (38319544),Donovan Mitchell (38319302),Ausar Thompson (38319458),Jayson Tatum (38319278),Jusuf Nurkic (38319623),Dennis Schroder (38319444),Dalen Terry (38319736),Chris Paul (38319596),295.6253125,385.96066718463123,49900,100.00%,12,113.28%,0,150.98,$4.53,CHA 2,DET 2,user32,1,marvalshot,7640,4683987579_32
KJ Simpson (38319544),Anfernee Simons (38319426),Brice Sensabaugh (38319564),Pascal Siakam (38319373),Jusuf Nurkic (38319623),Donovan Mitchell (38319302),Jonathan Mogbo (38319664),Nikola Vucevic (38319361),297.6838541666667,388.1518502828735,49200,100.00%,344,165.67%,0,145.85,$6.63,CHA 2,POR 1,user18,1,marvalshot,7675,4683987580_18
Darius Garland (38319349),Ja'Kobe Walter (38319586),Tari Eason (38319462),Pascal Siakam (38319373),Jusuf Nurkic (38319623),Dennis Schroder (38319444),Jamison Battle (38319725),Evan Mobley (38319319),298.40623263888887,389.6235655984748,49200,100.00%,653,189.1%,0,162.2,$7.56,CLE 2,TOR 2,user1,1,marvalshot,7707,4683987581_1
Malik Monk (38319403),Donovan Mitchell (38319302),Jamison Battle (38319725),Pascal Siakam (38319373),Jusuf Nurkic (38319623),KJ Simpson (38319544),Kris Murray (38319853),Domantas Sabonis (38319289),277.6082638888889,363.0586288754216,50000,0.03%,0,-99.95%,0,130.32999999999998,$-4.0,SAC 2,CHA 2,user49,1,marvalshot,7804,4683987582_49
KJ Simpson (38319544),Dennis Schroder (38319444),Keldon Johnson (38319533),Miles Bridges (38319308),Jusuf Nurkic (38319623),Darius Garland (38319349),Ausar Thompson (38319458),Donovan Clingan (38319495),294.56484374999997,382.9278118810487,49700,99.96%,9,98.79%,0,136.07,$3.95,CHA 3,DET 2,user38,1,marvalshot,7450,4683987575_38
Stephon Castle (38319386),Collin Sexton (38319491),Jamison Battle (38319725),Pascal Siakam (38319373),Jusuf Nurkic (38319623),Donovan Mitchell (38319302),Jonathan Mogbo (38319664),Darius Garland (38319349),294.3797048611111,388.588604591524,49900,99.93%,3,95.57%,0,150.38,$3.82,TOR 2,CLE 2,user30,1,marvalshot,7491,4683987576_30
Dennis Schroder (38319444),Ja'Kobe Walter (38319586),Ausar Thompson (38319458),Miles Bridges (38319308),Jusuf Nurkic (38319623),Fred VanVleet (38319423),Jamison Battle (38319725),Donovan Mitchell (38319302),297.29125,382.82916736695387,50000,100.00%,91,147.47%,0,159.42,$5.9,DET 2,TOR 2,user15,1,marvalshot,7525,4683987577_15
Anfernee Simons (38319426),Donovan Mitchell (38319302),Ryan Dunn (38319638),Pascal Siakam (38319373),Jusuf Nurkic (38319623),Immanuel Quickley (38319383),Matisse Thybulle (38319671),Dennis Schroder (38319444),288.6662326388889,380.3335655984748,49700,83.10%,0,26.63%,0,105.03,$1.07,POR 2,CLE 1,user35,1,marvalshot,7594,4683987578_35
KJ Simpson (38319544),Anfernee Simons (38319426),Jamison Battle (38319725),Ausar Thompson (38319458),Jusuf Nurkic (38319623),Dennis Schroder (38319444),Jayson Tatum (38319278),Jarrett Allen (38319419),295.5553125,384.4306671846312,49900,100.00%,21,113.2%,0,158.94,$4.53,CHA 2,DET 2,user21,1,marvalshot,7629,4683987579_21
KJ Simpson (38319544),Stephon Castle (38319386),Brice Sensabaugh (38319564),Pascal Siakam (38319373),Jusuf Nurkic (38319623),Donovan Mitchell (38319302),Keldon Johnson (38319533),Ausar Thompson (38319458),297.62385416666666,387.9118502828735,49400,100.00%,335,163.5%,0,120.95,$6.54,CHA 2,SAS 2,user43,1,marvalshot,7700,4683987580_43
Stephon Castle (38319386),Malik Beasley (38319469),Jayson Tatum (38319278),Pascal Siakam (38319373),Jusuf Nurkic (38319623),Chris Paul (38319596),Jamison Battle (38319725),Donovan Clingan (38319495),298.09623263888886,389.20356559847477,50000,100.00%,1011,187.36%,0,156.56,$7.49,SAS 2,DET 1,user32,1,marvalshot,7738,4683987581_32
Malik Monk (38319403),Dennis Schroder (38319444),De'Andre Hunter (38319627),Pascal Siakam (38319373),Jusuf Nurkic (38319623),KJ Simpson (38319544),Keldon Johnson (38319533),Domantas Sabonis (38319289),277.22826388888893,363.75862887542166,49600,0.02%,0,-99.96%,0,117.28999999999999,$-4.0,SAC 2,CHA 2,user38,1,marvalshot,7793,4683987582_38
KJ Simpson (38319544),Dalen Terry (38319736),Ausar Thompson (38319458),Miles Bridges (38319308),Jusuf Nurkic (38319623),Dennis Schroder (38319444),Tari Eason (38319462),Donovan Mitchell (38319302),294.68484375,382.6978118810488,49900,99.98%,3,98.67%,0,139.20999999999998,$3.95,CHA 3,DET 2,user10,1,marvalshot,7422,4683987575_10
Dennis Schroder (38319444),Collin Sexton (38319491),Jayson Tatum (38319278),Pascal Siakam (38319373),Jusuf Nurkic (38319623),Chris Paul (38319596),Jonathan Mogbo (38319664),Anfernee Simons (38319426),294.2797048611111,388.338604591524,50000,99.93%,3,94.4%,0,157.59,$3.78,DET 1,UTA 1,user40,1,marvalshot,7501,4683987576_40
Anfernee Simons (38319426),Shaedon Sharpe (38319366),Jamison Battle (38319725),Miles Bridges (38319308),Jusuf Nurkic (38319623),Dennis Schroder (38319444),Malik Beasley (38319469),Ausar Thompson (38319458),297.15124999999995,379.4991673669538,49900,100.00%,146,147.08%,0,153.4,$5.88,DET 3,POR 2,user19,1,marvalshot,7529,4683987577_19
Donovan Mitchell (38319302),Anfernee Simons (38319426),Tari Eason (38319462),Pascal Siakam (38319373),Jusuf Nurkic (38319623),Dalen Terry (38319736),Ja'Kobe Walter (38319586),Jalen Green (38319357),288.60623263888886,380.3335655984747,49900,82.83%,0,25.85%,0,121.77,$1.03,HOU 2,CLE 1,user27,1,marvalshot,7586,4683987578_27
KJ Simpson (38319544),Ja'Kobe Walter (38319586),Deni Avdija (38319298),Jonathan Mogbo (38319664),Jusuf Nurkic (38319623),Dennis Schroder (38319444),Jayson Tatum (38319278),Donovan Clingan (38319495),295.3953125,383.7606671846312,50000,99.99%,26,111.94%,0,170.01,$4.48,CHA 2,TOR 2,user10,1,marvalshot,7618,4683987579_10
KJ Simpson (38319544),Anfernee Simons (38319426),Brice Sensabaugh (38319564),Pascal Siakam (38319373),Jusuf Nurkic (38319623),Darius Garland (38319349),Dalen Terry (38319736),Donovan Mitchell (38319302),297.6538541666667,386.7718502828735,49000,100.00%,297,162.99%,0,122.83,$6.52,CHA 2,CLE 2,user30,1,marvalshot,7687,4683987580_30
Dennis Schroder (38319444),Donovan Mitchell (38319302),Ja'Kobe Walter (38319586),Pascal Siakam (38319373),Jusuf Nurkic (38319623),Devin Booker (38319285),Max Strus (38319608),Jamison Battle (38319725),298.4262326388889,387.4635655984748,50000,100.00%,544,187.01%,0,148.39,$7.48,CLE 2,TOR 2,user33,1,marvalshot,7739,4683987581_33
Malik Monk (38319403),Stephon Castle (38319386),Ja'Kobe Walter (38319586),Pascal Siakam (38319373),Jusuf Nurkic (38319623),KJ Simpson (38319544),De'Andre Hunter (38319627),Domantas Sabonis (38319289),277.2782638888889,364.2786288754216,49900,0.02%,0,-99.97%,0,114.41999999999999,$-4.0,SAC 2,CHA 2,user35,1,marvalshot,7790,4683987582_35
KJ Simpson (38319544),Dennis Schroder (38319444),Coby White (38319323),Miles Bridges (38319308),Jusuf Nurkic (38319623),Anfernee Simons (38319426),Ausar Thompson (38319458),Jamison Battle (38319725),294.66484375,378.48781188104874,49800,99.97%,1,98.51%,0,157.72,$3.94,CHA 3,DET 2,user6,1,marvalshot,7418,4683987575_6
Chris Paul (38319596),Collin Sexton (38319491),Deni Avdija (38319298),Pascal Siakam (38319373),Jusuf Nurkic (38319623),Anfernee Simons (38319426),Matas Buzelis (38319518),Dennis Schroder (38319444),294.2497048611111,385.0286045915241,49900,99.94%,1,94.06%,0,143.51,$3.76,POR 2,SAS 1,user38,1,marvalshot,7499,4683987576_38
Chris Paul (38319596),Anfernee Simons (38319426),Jamison Battle (38319725),Miles Bridges (38319308),Jusuf Nurkic (38319623),Donovan Mitchell (38319302),Keldon Johnson (38319533),Jalen Duren (38319381),297.05125000000004,390.7191673669539,49800,100.00%,193,146.89%,0,179.72,$5.88,SAS 2,CHA 2,user39,1,marvalshot,7549,4683987577_39
Donovan Mitchell (38319302),Stephon Castle (38319386),Jamison Battle (38319725),Pascal Siakam (38319373),Jusuf Nurkic (38319623),Max Strus (38319608),Coby White (38319323),Nick Richards (38319547),288.6662326388889,380.8335655984748,50000,81.93%,0,25.3%,0,115.03,$1.01,CLE 2,SAS 1,user36,1,marvalshot,7595,4683987578_36
KJ Simpson (38319544),Devin Booker (38319285),Royce O'Neale (38319656),Ausar Thompson (38319458),Jusuf Nurkic (38319623),Donovan Mitchell (38319302),Matas Buzelis (38319518),Donovan Clingan (38319495),295.35531249999997,382.79066718463116,50000,99.99%,31,111.86%,0,168.08999999999997,$4.47,CHA 2,PHX 2,user48,1,marvalshot,7656,4683987579_48
KJ Simpson (38319544),Donovan Mitchell (38319302),Brice Sensabaugh (38319564),Pascal Siakam (38319373),Jusuf Nurkic (38319623),Kevin Huerter (38319486),Sandro Mamukelashvili (38319706),Deni Avdija (38319298),297.5138541666667,386.9118502828735,49700,100.00%,377,161.95%,0,135.1,$6.48,CHA 2,CLE 1,user20,1,marvalshot,7677,4683987580_20
Devin Booker (38319285),Donovan Mitchell (38319302),Ja'Kobe Walter (38319586),Pascal Siakam (38319373),Jusuf Nurkic (38319623),Chris Paul (38319596),Malik Beasley (38319469),Jonathan Mogbo (38319664),298.22623263888886,387.86356559847474,50000,100.00%,742,186.97%,0,157.02,$7.48,TOR 2,PHX 1,user34,1,marvalshot,7740,4683987581_34
Malik Monk (38319403),AJ Lawson (38319782),Harrison Barnes (38319681),Pascal Siakam (38319373),Jusuf Nurkic (38319623),KJ Simpson (38319544),Evan Mobley (38319319),Domantas Sabonis (38319289),276.54826388888887,364.19862887542155,49900,0.02%,0,-99.97%,0,107.09,$-4.0,SAC 2,CHA 2,user6,1,marvalshot,7761,4683987582_6
KJ Simpson (38319544),Donovan Mitchell (38319302),Jamison Battle (38319725),Miles Bridges (38319308),Jusuf Nurkic (38319623),Darius Garland (38319349),Jared Rhoden (38319974),Jalen Duren (38319381),294.55484375000003,385.40781188104876,49600,99.95%,4,98.29%,0,171.44,$3.93,CHA 3,CLE 2,user33,1,marvalshot,7445,4683987575_33
Donovan Mitchell (38319302),Collin Sexton (38319491),Ausar Thompson (38319458),Pascal Siakam (38319373),Jusuf Nurkic (38319623),Anfernee Simons (38319426),Matas Buzelis (38319518),Chris Paul (38319596),294.2097048611111,388.12860459152404,49600,99.93%,1,93.38%,0,139.0,$3.74,CLE 1,UTA 1,user1,1,marvalshot,7462,4683987576_1
Dennis Schroder (38319444),Malik Beasley (38319469),Jamison Battle (38319725),Miles Bridges (38319308),Jusuf Nurkic (38319623),Ja'Kobe Walter (38319586),Evan Mobley (38319319),Stephon Castle (38319386),297.07125,383.0791673669539,50000,100.00%,200,146.36%,0,151.25,$5.85,DET 2,TOR 2,user31,1,marvalshot,7541,4683987577_31
Jamal Shead (38319583),Ja'Kobe Walter (38319586),Julian Champagnie (38319631),Pascal Siakam (38319373),Jusuf Nurkic (38319623),Donovan Mitchell (38319302),Deni Avdija (38319298),Dennis Schroder (38319444),288.5062326388889,377.76356559847477,49800,82.09%,0,24.46%,0,119.85,$0.98,TOR 2,SAS 1,user32,1,marvalshot,7591,4683987578_32
KJ Simpson (38319544),Malik Beasley (38319469),Royce O'Neale (38319656),Jayson Tatum (38319278),Jusuf Nurkic (38319623),Dennis Schroder (38319444),Jamison Battle (38319725),Donovan Mitchell (38319302),295.5353125,380.3906671846312,49500,100.00%,5,111.02%,0,184.96999999999997,$4.44,CHA 2,DET 2,user27,1,marvalshot,7635,4683987579_27
KJ Simpson (38319544),Anfernee Simons (38319426),Brice Sensabaugh (38319564),Pascal Siakam (38319373),Jusuf Nurkic (38319623),Stephon Castle (38319386),Ja'Kobe Walter (38319586),Deni Avdija (38319298),297.2238541666667,384.1718502828735,49300,100.00%,204,151.47%,0,130.73,$6.06,CHA 2,POR 2,user32,1,marvalshot,7689,4683987580_32
Anfernee Simons (38319426),Donovan Mitchell (38319302),Royce O'Neale (38319656),Pascal Siakam (38319373),Jusuf Nurkic (38319623),Ja'Kobe Walter (38319586),Evan Mobley (38319319),Nick Richards (38319547),298.15623263888887,394.05356559847473,49900,100.00%,555,180.43%,0,147.25,$7.22,CLE 2,PHX 2,user13,1,marvalshot,7719,4683987581_13
Malik Monk (38319403),Dalen Terry (38319736),Tari Eason (38319462),Pascal Siakam (38319373),Jusuf Nurkic (38319623),KJ Simpson (38319544),Malik Beasley (38319469),Domantas Sabonis (38319289),277.0882638888889,361.36862887542156,49900,0.02%,0,-99.97%,0,111.67999999999999,$-4.0,SAC 2,CHA 2,user25,1,marvalshot,7780,4683987582_25
KJ Simpson (38319544),Anfernee Simons (38319426),Deni Avdija (38319298),Miles Bridges (38319308),Jusuf Nurkic (38319623),Malik Beasley (38319469),Ausar Thompson (38319458),Bismack Biyombo (38319799),294.38484375,377.74781188104873,49800,99.95%,7,96.79%,0,142.36,$3.87,CHA 3,POR 2,user49,1,marvalshot,7461,4683987575_49
Darius Garland (38319349),Collin Sexton (38319491),Royce O'Neale (38319656),Pascal Siakam (38319373),Jusuf Nurkic (38319623),Dennis Schroder (38319444),Jamison Battle (38319725),Devin Booker (38319285),294.1797048611111,383.82860459152397,49900,99.95%,0,92.9%,0,165.73,$3.72,PHX 2,CLE 1,user32,1,marvalshot,7493,4683987576_32
Donovan Mitchell (38319302),Anfernee Simons (38319426),De'Andre Hunter (38319627),Miles Bridges (38319308),Jusuf Nurkic (38319623),Dennis Schroder (38319444),Jonathan Mogbo (38319664),Donovan Clingan (38319495),296.97125,387.4491673669539,49500,100.00%,170,144.3%,0,160.73,$5.77,CLE 2,POR 2,user25,1,marvalshot,7535,4683987577_25
Darius Garland (38319349),Dennis Schroder (38319444),Ronald Holland II (38319770),Pascal Siakam (38319373),Jusuf Nurkic (38319623),Immanuel Quickley (38319383),Tari Eason (38319462),Anfernee Simons (38319426),288.39623263888893,381.30356559847485,50000,80.16%,0,21.89%,0,113.86,$0.88,DET 2,CLE 1,user34,1,marvalshot,7593,4683987578_34
KJ Simpson (38319544),Shaedon Sharpe (38319366),Deni Avdija (38319298),Ausar Thompson (38319458),Jusuf Nurkic (38319623),Darius Garland (38319349),Jamison Battle (38319725),Donovan Clingan (38319495),295.23531249999996,380.82066718463113,49700,99.98%,35,110.42%,0,158.37,$4.42,POR 3,CHA 2,user12,1,marvalshot,7620,4683987579_12
KJ Simpson (38319544),AJ Lawson (38319782),Brice Sensabaugh (38319564),Pascal Siakam (38319373),Jusuf Nurkic (38319623),Anfernee Simons (38319426),Deni Avdija (38319298),Evan Mobley (38319319),296.9838541666667,385.71185028287346,49600,100.00%,279,148.03%,0,122.58,$5.92,CHA 2,POR 2,user16,1,marvalshot,7673,4683987580_16
Darius Garland (38319349),Donovan Mitchell (38319302),Ausar Thompson (38319458),Pascal Siakam (38319373),Jusuf Nurkic (38319623),Blake Wesley (38319801),Jonathan Mogbo (38319664),Jalen Duren (38319381),297.7962326388889,393.5635655984748,49900,100.00%,594,173.49%,0,159.37,$6.94,CLE 2,DET 2,user26,1,marvalshot,7732,4683987581_26
Malik Monk (38319403),Sam Merrill (38319749),Malik Beasley (38319469),Pascal Siakam (38319373),Jusuf Nurkic (38319623),KJ Simpson (38319544),Ausar Thompson (38319458),Domantas Sabonis (38319289),276.60826388888887,358.68862887542156,49800,0.02%,0,-99.97%,0,105.03,$-4.0,SAC 2,DET 2,user29,1,marvalshot,7784,4683987582_29
KJ Simpson (38319544),Ja'Kobe Walter (38319586),Jayson Tatum (38319278),Miles Bridges (38319308),Jusuf Nurkic (38319623),Dennis Schroder (38319444),Jamison Battle (38319725),Ausar Thompson (38319458),294.5448437499999,380.8678118810487,49800,99.98%,2,96.68%,0,166.26999999999998,$3.87,CHA 3,TOR 2,user30,1,marvalshot,7442,4683987575_30
Chris Paul (38319596),Collin Sexton (38319491),Ausar Thompson (38319458),Pascal Siakam (38319373),Jusuf Nurkic (38319623),Darius Garland (38319349),Jamison Battle (38319725),Devin Booker (38319285),294.11970486111113,386.62860459152404,50000,99.87%,5,92.85%,0,149.47,$3.71,SAS 1,UTA 1,user5,1,marvalshot,7466,4683987576_5
Anfernee Simons (38319426),Dennis Schroder (38319444),Ausar Thompson (38319458),Miles Bridges (38319308),Jusuf Nurkic (38319623),Chris Paul (38319596),Evan Mobley (38319319),Paul Reed (38319728),296.95125,390.5591673669539,49300,100.00%,159,143.87%,0,153.0,$5.75,DET 3,CHA 2,user23,1,marvalshot,7533,4683987577_23
Shai Gilgeous-Alexander (38319275),Dennis Schroder (38319444),Max Strus (38319608),Pascal Siakam (38319373),Jusuf Nurkic (38319623),Ja'Kobe Walter (38319586),Sandro Mamukelashvili (38319706),Jalen Duren (38319381),288.22623263888886,386.4435655984747,49700,78.65%,0,19.27%,0,151.98000000000002,$0.77,DET 2,OKC 1,user41,1,marvalshot,7600,4683987578_41
KJ Simpson (38319544),Donovan Mitchell (38319302),Deni Avdija (38319298),Ausar Thompson (38319458),Jusuf Nurkic (38319623),Chris Paul (38319596),Jonathan Mogbo (38319664),Stephon Castle (38319386),295.20531250000005,384.55066718463127,49600,99.99%,12,108.3%,0,165.95,$4.33,CHA 2,SAS 2,user33,1,marvalshot,7641,4683987579_33
KJ Simpson (38319544),Dennis Schroder (38319444),Brice Sensabaugh (38319564),Pascal Siakam (38319373),Jusuf Nurkic (38319623),Donovan Mitchell (38319302),Jabari Smith Jr. (38319514),Jarrett Allen (38319419),297.02385416666664,385.3018502828735,49400,99.99%,99,143.03%,0,122.53,$5.72,CHA 2,CLE 2,user46,1,marvalshot,7703,4683987580_46
Anfernee Simons (38319426),Donovan Mitchell (38319302),Jamison Battle (38319725),Pascal Siakam (38319373),Jusuf Nurkic (38319623),Jalen Green (38319357),Royce O'Neale (38319656),Dennis Schroder (38319444),298.11623263888896,387.11356559847485,49700,100.00%,257,171.97%,0,176.89999999999998,$6.88,POR 1,CLE 1,user2,1,marvalshot,7708,4683987581_2
Malik Monk (38319403),Dennis Schroder (38319444),Keldon Johnson (38319533),Pascal Siakam (38319373),Jusuf Nurkic (38319623),KJ Simpson (38319544),Max Strus (38319608),Domantas Sabonis (38319289),277.0782638888889,362.5986288754216,49800,0.02%,0,-99.98%,0,109.23,$-4.0,SAC 2,CHA 2,user20,1,marvalshot,7775,4683987582_20
KJ Simpson (38319544),Dennis Schroder (38319444),Ausar Thompson (38319458),Miles Bridges (38319308),Jusuf Nurkic (38319623),Devin Booker (38319285),Jared Rhoden (38319974),Donovan Clingan (38319495),294.39484375,381.17781188104874,49800,99.93%,7,96.48%,0,144.42,$3.86,CHA 3,DET 2,user8,1,marvalshot,7420,4683987575_8
Anfernee Simons (38319426),Collin Sexton (38319491),Ausar Thompson (38319458),Pascal Siakam (38319373),Jusuf Nurkic (38319623),Stephon Castle (38319386),Tari Eason (38319462),Donovan Clingan (38319495),294.0397048611111,389.26860459152397,50000,99.85%,8,92.15%,0,124.6,$3.69,POR 2,UTA 1,user,1,marvalshot,1391,4683987576
Chris Paul (38319596),Malik Beasley (38319469),Deni Avdija (38319298),Miles Bridges (38319308),Jusuf Nurkic (38319623),Donovan Mitchell (38319302),Jamison Battle (38319725),Royce O'Neale (38319656),296.91125,382.6791673669539,50000,100.00%,144,142.63%,0,186.79000000000002,$5.71,CHA 2,SAS 1,user22,1,marvalshot,7532,4683987577_22
Marcus Sasser (38319756),Dennis Schroder (38319444),Jayson Tatum (38319278),Pascal Siakam (38319373),Jusuf Nurkic (38319623),Ja'Kobe Walter (38319586),Ausar Thompson (38319458),Anfernee Simons (38319426),288.0962326388889,378.2935655984748,50000,78.68%,0,18.62%,0,126.97,$0.74,DET 3,BOS 1,user9,1,marvalshot,7568,4683987578_9
KJ Simpson (38319544),Devin Booker (38319285),Tari Eason (38319462),Ausar Thompson (38319458),Jusuf Nurkic (38319623),Dennis Schroder (38319444),Jamison Battle (38319725),Darius Garland (38319349),295.2453125,381.3106671846312,49700,99.99%,11,108.18%,0,165.16,$4.33,CHA 2,DET 2,user14,1,marvalshot,7622,4683987579_14
KJ Simpson (38319544),Anfernee Simons (38319426),Brice Sensabaugh (38319564),Pascal Siakam (38319373),Jusuf Nurkic (38319623),Stephon Castle (38319386),Jalen Williams (38319345),Donovan Clingan (38319495),296.7738541666667,386.5518502828735,49400,100.00%,225,142.27%,0,125.46,$5.69,CHA 2,POR 2,user26,1,marvalshot,7683,4683987580_26
Anfernee Simons (38319426),Malik Beasley (38319469),Tari Eason (38319462),Pascal Siakam (38319373),Jusuf Nurkic (38319623),Dennis Schroder (38319444),Sandro Mamukelashvili (38319706),Evan Mobley (38319319),297.7962326388889,390.52356559847476,49700,100.00%,425,169.16%,0,140.07,$6.77,DET 2,POR 1,user10,1,marvalshot,7716,4683987581_10
Malik Monk (38319403),Anfernee Simons (38319426),Ja'Kobe Walter (38319586),Pascal Siakam (38319373),Jusuf Nurkic (38319623),KJ Simpson (38319544),Max Strus (38319608),Domantas Sabonis (38319289),276.6382638888889,361.9586288754216,49400,0.01%,0,-99.98%,0,114.5,$-4.0,SAC 2,CHA 2,user21,1,marvalshot,7776,4683987582_21
KJ Simpson (38319544),Kevin Huerter (38319486),Ausar Thompson (38319458),Miles Bridges (38319308),Jusuf Nurkic (38319623),Dennis Schroder (38319444),Ja'Kobe Walter (38319586),Evan Mobley (38319319),294.45484375,379.45781188104877,49900,99.98%,2,96.4%,0,142.16,$3.86,CHA 3,DET 2,user7,1,marvalshot,7419,4683987575_7
Stephon Castle (38319386),Collin Sexton (38319491),Jamison Battle (38319725),Pascal Siakam (38319373),Jusuf Nurkic (38319623),Darius Garland (38319349),Evan Mobley (38319319),Chris Paul (38319596),294.03970486111115,388.97860459152406,49800,99.89%,4,91.43%,0,143.8,$3.66,SAS 2,CLE 2,user14,1,marvalshot,7475,4683987576_14
Donovan Mitchell (38319302),Anfernee Simons (38319426),Ausar Thompson (38319458),Miles Bridges (38319308),Jusuf Nurkic (38319623),Ja'Kobe Walter (38319586),Malik Beasley (38319469),Jamison Battle (38319725),297.00125,383.63916736695387,49600,100.00%,88,141.64%,0,155.39999999999998,$5.67,DET 2,CHA 2,user17,1,marvalshot,7527,4683987577_17
Chris Paul (38319596),Malik Beasley (38319469),Deni Avdija (38319298),Pascal Siakam (38319373),Jusuf Nurkic (38319623),Julian Champagnie (38319631),Tari Eason (38319462),Darius Garland (38319349),288.0262326388889,376.1035655984748,49900,76.19%,0,15.4%,0,125.24000000000001,$0.62,SAS 2,DET 1,user43,1,marvalshot,7602,4683987578_43
KJ Simpson (38319544),Dennis Schroder (38319444),Jamison Battle (38319725),Ausar Thompson (38319458),Jusuf Nurkic (38319623),Immanuel Quickley (38319383),Evan Mobley (38319319),Jalen Duren (38319381),295.2353125,387.0306671846312,49100,99.99%,9,107.7%,0,177.99,$4.31,DET 3,CHA 2,user4,1,marvalshot,7612,4683987579_4
KJ Simpson (38319544),Dennis Schroder (38319444),Brice Sensabaugh (38319564),Pascal Siakam (38319373),Jusuf Nurkic (38319623),Devin Booker (38319285),Patrick Williams (38319717),Kristaps Porzingis (38319343),296.8038541666667,383.37185028287354,49900,100.00%,188,141.8%,0,120.57,$5.67,CHA 2,DET 1,user49,1,marvalshot,7706,4683987580_49
Dennis Schroder (38319444),Shaedon Sharpe (38319366),Ja'Kobe Walter (38319586),Pascal Siakam (38319373),Jusuf Nurkic (38319623),Coby White (38319323),Jamison Battle (38319725),Jalen Duren (38319381),297.79623263888885,386.0735655984747,50000,100.00%,422,168.65%,0,168.69,$6.75,DET 2,TOR 2,user43,1,marvalshot,7749,4683987581_43
Malik Monk (38319403),Anfernee Simons (38319426),Dalen Terry (38319736),Pascal Siakam (38319373),Jusuf Nurkic (38319623),KJ Simpson (38319544),Matas Buzelis (38319518),Domantas Sabonis (38319289),276.80826388888886,361.83862887542153,49700,0.02%,0,-99.98%,0,116.38999999999999,$-4.0,SAC 2,CHI 2,user39,1,marvalshot,7794,4683987582_39
KJ Simpson (38319544),Anfernee Simons (38319426),Jayson Tatum (38319278),Miles Bridges (38319308),Jusuf Nurkic (38319623),Dennis Schroder (38319444),Royce O'Neale (38319656),Jamison Battle (38319725),294.46484375,379.91781188104875,49900,99.99%,2,95.95%,0,185.93,$3.84,CHA 3,POR 1,user19,1,marvalshot,7431,4683987575_19
Chris Paul (38319596),Collin Sexton (38319491),Jamison Battle (38319725),Pascal Siakam (38319373),Jusuf Nurkic (38319623),Anfernee Simons (38319426),Deni Avdija (38319298),Darius Garland (38319349),294.0097048611111,386.43860459152404,49700,99.91%,2,91.28%,0,152.45999999999998,$3.65,POR 2,SAS 1,user28,1,marvalshot,7489,4683987576_28
Anfernee Simons (38319426),Donovan Mitchell (38319302),Tari Eason (38319462),Miles Bridges (38319308),Jusuf Nurkic (38319623),Chris Paul (38319596),Ausar Thompson (38319458),Royce O'Neale (38319656),296.88125,387.7191673669539,50000,100.00%,117,141.02%,0,176.28,$5.64,CHA 2,POR 1,user,1,marvalshot,2105,4683987577
Darius Garland (38319349),Ja'Kobe Walter (38319586),Jayson Tatum (38319278),Pascal Siakam (38319373),Jusuf Nurkic (38319623),Julian Champagnie (38319631),Ausar Thompson (38319458),Chris Paul (38319596),287.9962326388889,380.14356559847477,49800,76.00%,0,14.81%,0,130.06,$0.59,SAS 2,CLE 1,user3,1,marvalshot,7562,4683987578_3
KJ Simpson (38319544),Dennis Schroder (38319444),Deni Avdija (38319298),Jared Rhoden (38319974),Jusuf Nurkic (38319623),Anfernee Simons (38319426),Ausar Thompson (38319458),Evan Mobley (38319319),295.2053125,383.1506671846312,49600,99.99%,14,107.61%,0,147.01999999999998,$4.3,CHA 2,DET 2,user45,1,marvalshot,7653,4683987579_45
KJ Simpson (38319544),Dalen Terry (38319736),Brice Sensabaugh (38319564),Pascal Siakam (38319373),Jusuf Nurkic (38319623),Coby White (38319323),Evan Mobley (38319319),Jalen Duren (38319381),296.6638541666667,386.88185028287353,50000,99.99%,242,141.39%,0,134.08999999999997,$5.66,CHA 2,CHI 2,user44,1,marvalshot,7701,4683987580_44
Josh Giddey (38319291),Ja'Kobe Walter (38319586),Ausar Thompson (38319458),Pascal Siakam (38319373),Jusuf Nurkic (38319623),Dennis Schroder (38319444),Sandro Mamukelashvili (38319706),Jalen Duren (38319381),297.7362326388889,393.6135655984748,49900,100.00%,442,167.18%,0,164.20999999999998,$6.69,DET 3,CHI 1,user7,1,marvalshot,7713,4683987581_7
Malik Monk (38319403),Dennis Schroder (38319444),Keldon Johnson (38319533),Pascal Siakam (38319373),Jusuf Nurkic (38319623),KJ Simpson (38319544),Matisse Thybulle (38319671),Domantas Sabonis (38319289),276.5182638888889,361.62862887542155,49400,0.01%,0,-99.98%,0,109.64,$-4.0,SAC 2,CHA 2,user30,1,marvalshot,7785,4683987582_30
KJ Simpson (38319544),Ja'Kobe Walter (38319586),Malik Beasley (38319469),Miles Bridges (38319308),Jusuf Nurkic (38319623),Donovan Mitchell (38319302),Jamison Battle (38319725),Darius Garland (38319349),294.44484375,379.47781188104875,49600,99.97%,2,95.81%,0,150.72,$3.83,CHA 3,TOR 2,user32,1,marvalshot,7444,4683987575_32
Chris Paul (38319596),Collin Sexton (38319491),Malik Beasley (38319469),Pascal Siakam (38319373),Jusuf Nurkic (38319623),Dennis Schroder (38319444),Tari Eason (38319462),Evan Mobley (38319319),294.06970486111106,385.938604591524,49500,99.92%,1,91.26%,0,138.28,$3.65,DET 2,SAS 1,user49,1,marvalshot,7510,4683987576_49
Anfernee Simons (38319426),Stephon Castle (38319386),Jamison Battle (38319725),Miles Bridges (38319308),Jusuf Nurkic (38319623),Dennis Schroder (38319444),Evan Mobley (38319319),Sandro Mamukelashvili (38319706),296.85125,388.9891673669539,49900,100.00%,133,140.15%,0,158.66,$5.61,SAS 2,CHA 2,user20,1,marvalshot,7530,4683987577_20
Chris Paul (38319596),Ja'Kobe Walter (38319586),Jayson Tatum (38319278),Pascal Siakam (38319373),Jusuf Nurkic (38319623),Stephon Castle (38319386),Chet Holmgren (38319394),Jamison Battle (38319725),287.7162326388889,380.81356559847484,49800,73.07%,0,9.92%,0,167.25,$0.4,SAS 2,TOR 2,user15,1,marvalshot,7574,4683987578_15
KJ Simpson (38319544),Malik Beasley (38319469),Royce O'Neale (38319656),Evan Mobley (38319319),Jusuf Nurkic (38319623),Dennis Schroder (38319444),Ausar Thompson (38319458),Alperen Sengun (38319306),295.1853125,382.59066718463123,49800,99.99%,22,107.58%,0,162.62,$4.3,DET 3,CHA 2,user39,1,marvalshot,7647,4683987579_39
KJ Simpson (38319544),Stephon Castle (38319386),Brice Sensabaugh (38319564),Pascal Siakam (38319373),Jusuf Nurkic (38319623),Devin Booker (38319285),Malik Beasley (38319469),Chris Paul (38319596),296.6738541666667,381.6418502828735,49400,100.00%,153,138.79%,0,130.70999999999998,$5.55,CHA 2,SAS 2,user15,1,marvalshot,7672,4683987580_15
Anfernee Simons (38319426),Dennis Schroder (38319444),Max Strus (38319608),Pascal Siakam (38319373),Jusuf Nurkic (38319623),Darius Garland (38319349),Ausar Thompson (38319458),Donovan Clingan (38319495),297.67623263888885,388.15356559847476,49200,100.00%,417,166.3%,0,130.03,$6.65,POR 2,DET 2,user40,1,marvalshot,7746,4683987581_40
Malik Monk (38319403),Malik Beasley (38319469),Kevin Huerter (38319486),Pascal Siakam (38319373),Jusuf Nurkic (38319623),KJ Simpson (38319544),Sandro Mamukelashvili (38319706),Domantas Sabonis (38319289),276.53826388888893,361.1886288754216,49700,0.02%,0,-99.98%,0,117.61999999999999,$-4.0,SAC 2,CHA 2,user41,1,marvalshot,7796,4683987582_41
KJ Simpson (38319544),Dennis Schroder (38319444),Matisse Thybulle (38319671),Miles Bridges (38319308),Jusuf Nurkic (38319623),Darius Garland (38319349),Jamison Battle (38319725),Donovan Mitchell (38319302),294.48484375,380.2078118810487,49400,99.97%,1,95.67%,0,148.64,$3.83,CHA 3,CLE 2,user15,1,marvalshot,7427,4683987575_15
Darius Garland (38319349),Collin Sexton (38319491),Ausar Thompson (38319458),Pascal Siakam (38319373),Jusuf Nurkic (38319623),Donovan Mitchell (38319302),Ja'Kobe Walter (38319586),Jamison Battle (38319725),294.10970486111114,387.68860459152404,49200,99.92%,0,91.19%,0,144.55,$3.65,CLE 2,TOR 2,user17,1,marvalshot,7478,4683987576_17
Dennis Schroder (38319444),Ja'Kobe Walter (38319586),Kevin Huerter (38319486),Miles Bridges (38319308),Jusuf Nurkic (38319623),Anfernee Simons (38319426),Jamison Battle (38319725),Donovan Mitchell (38319302),296.97125,382.9391673669539,49600,100.00%,57,138.67%,0,163.31,$5.55,TOR 2,CHA 2,user1,1,marvalshot,7511,4683987577_1
Stephon Castle (38319386),Shaedon Sharpe (38319366),Harrison Barnes (38319681),Pascal Siakam (38319373),Jusuf Nurkic (38319623),Dennis Schroder (38319444),Coby White (38319323),Jonathan Mogbo (38319664),287.74623263888884,373.05356559847473,49600,72.29%,0,9.14%,0,132.78,$0.37,SAS 2,POR 1,user22,1,marvalshot,7581,4683987578_22
KJ Simpson (38319544),Devin Booker (38319285),Ausar Thompson (38319458),Jonathan Mogbo (38319664),Jusuf Nurkic (38319623),Donovan Mitchell (38319302),Ja'Kobe Walter (38319586),Anfernee Simons (38319426),295.15531250000004,383.46066718463123,49800,99.99%,9,106.82%,0,159.48,$4.27,CHA 2,TOR 2,user37,1,marvalshot,7645,4683987579_37
KJ Simpson (38319544),Ja'Kobe Walter (38319586),Brice Sensabaugh (38319564),Pascal Siakam (38319373),Jusuf Nurkic (38319623),Donovan Mitchell (38319302),Jayson Tatum (38319278),Matisse Thybulle (38319671),296.7838541666667,386.3018502828735,50000,100.00%,93,138.4%,0,122.91999999999999,$5.54,CHA 2,TOR 1,user40,1,marvalshot,7697,4683987580_40
Dennis Schroder (38319444),Stephon Castle (38319386),Ja'Kobe Walter (38319586),Pascal Siakam (38319373),Jusuf Nurkic (38319623),Chris Paul (38319596),Jalen Williams (38319345),Jalen Duren (38319381),297.5962326388889,391.93356559847484,49900,100.00%,403,163.12%,0,159.37,$6.52,DET 2,SAS 2,user12,1,marvalshot,7718,4683987581_12
Malik Monk (38319403),Dalen Terry (38319736),Coby White (38319323),Pascal Siakam (38319373),Jusuf Nurkic (38319623),KJ Simpson (38319544),Jamison Battle (38319725),Domantas Sabonis (38319289),276.5482638888889,360.65862887542164,49900,0.01%,0,-99.98%,0,127.51,$-4.0,SAC 2,CHI 2,user34,1,marvalshot,7789,4683987582_34
KJ Simpson (38319544),Devin Booker (38319285),Jamison Battle (38319725),Miles Bridges (38319308),Jusuf Nurkic (38319623),Dennis Schroder (38319444),Matas Buzelis (38319518),Ausar Thompson (38319458),294.40484375,377.48781188104874,50000,99.96%,5,95.59%,0,163.17000000000002,$3.82,CHA 3,DET 2,user3,1,marvalshot,7415,4683987575_3
Donovan Mitchell (38319302),Collin Sexton (38319491),Royce O'Neale (38319656),Pascal Siakam (38319373),Jusuf Nurkic (38319623),Darius Garland (38319349),Jamison Battle (38319725),Anfernee Simons (38319426),294.0297048611111,386.738604591524,49300,99.94%,1,90.33%,0,164.21,$3.61,CLE 2,UTA 1,user46,1,marvalshot,7507,4683987576_46
Donovan Mitchell (38319302),Dennis Schroder (38319444),Ausar Thompson (38319458),Miles Bridges (38319308),Jusuf Nurkic (38319623),Ja'Kobe Walter (38319586),Tari Eason (38319462),Jonathan Mogbo (38319664),296.88125,386.5591673669539,49700,100.00%,57,138.4%,0,167.19,$5.54,DET 2,CHA 2,user44,1,marvalshot,7554,4683987577_44
Chris Paul (38319596),Shaedon Sharpe (38319366),Jayson Tatum (38319278),Pascal Siakam (38319373),Jusuf Nurkic (38319623),Darius Garland (38319349),Sandro Mamukelashvili (38319706),Dalen Terry (38319736),287.6962326388889,381.71356559847476,50000,71.49%,0,8.02%,0,128.39,$0.32,SAS 2,POR 1,user30,1,marvalshot,7589,4683987578_30
KJ Simpson (38319544),Anfernee Simons (38319426),Royce O'Neale (38319656),Evan Mobley (38319319),Jusuf Nurkic (38319623),Shaedon Sharpe (38319366),Ja'Kobe Walter (38319586),Donovan Mitchell (38319302),295.15531250000004,382.7906671846313,49900,100.00%,5,106.56%,0,161.24,$4.26,CHA 2,POR 2,user17,1,marvalshot,7625,4683987579_17
KJ Simpson (38319544),Coby White (38319323),Brice Sensabaugh (38319564),Pascal Siakam (38319373),Jusuf Nurkic (38319623),Donovan Mitchell (38319302),Tari Eason (38319462),Jamison Battle (38319725),296.8238541666667,384.0818502828735,49200,100.00%,85,138.4%,0,151.78,$5.54,CHA 2,CHI 1,user,1,marvalshot,471,4683987580
Chris Paul (38319596),Anfernee Simons (38319426),Jayson Tatum (38319278),Pascal Siakam (38319373),Jusuf Nurkic (38319623),Dennis Schroder (38319444),Malik Beasley (38319469),Paul Reed (38319728),297.53623263888886,390.83356559847476,49900,100.00%,366,160.86%,0,142.41,$6.43,DET 3,SAS 1,user30,1,marvalshot,7736,4683987581_30
Malik Monk (38319403),Stephon Castle (38319386),Harrison Barnes (38319681),Pascal Siakam (38319373),Jusuf Nurkic (38319623),KJ Simpson (38319544),Ja'Kobe Walter (38319586),Domantas Sabonis (38319289),276.7882638888889,362.6586288754216,49600,0.01%,0,-99.99%,0,115.24000000000001,$-4.0,SAC 2,SAS 2,user3,1,marvalshot,7758,4683987582_3
KJ Simpson (38319544),Anfernee Simons (38319426),Jamison Battle (38319725),Miles Bridges (38319308),Jusuf Nurkic (38319623),Fred VanVleet (38319423),Evan Mobley (38319319),Donovan Clingan (38319495),294.26484375,379.99781188104873,49900,99.91%,15,94.79%,0,153.35,$3.79,CHA 3,POR 2,user26,1,marvalshot,7438,4683987575_26
Donovan Mitchell (38319302),Collin Sexton (38319491),Tari Eason (38319462),Pascal Siakam (38319373),Jusuf Nurkic (38319623),Anfernee Simons (38319426),Dalen Terry (38319736),Dennis Schroder (38319444),294.0197048611111,388.06860459152404,49900,99.91%,1,90.14%,0,124.39,$3.61,CLE 1,UTA 1,user35,1,marvalshot,7496,4683987576_35
Dennis Schroder (38319444),Shaedon Sharpe (38319366),Malik Beasley (38319469),Miles Bridges (38319308),Jusuf Nurkic (38319623),Donovan Mitchell (38319302),Jamison Battle (38319725),Sandro Mamukelashvili (38319706),296.69124999999997,383.80916736695383,50000,100.00%,93,135.68%,0,155.98,$5.43,DET 2,CHA 2,user34,1,marvalshot,7544,4683987577_34
Immanuel Quickley (38319383),Dennis Schroder (38319444),Keldon Johnson (38319533),Pascal Siakam (38319373),Jusuf Nurkic (38319623),Chris Paul (38319596),Sandro Mamukelashvili (38319706),Jayson Tatum (38319278),287.3862326388889,385.3135655984748,49800,68.10%,0,2.3%,0,135.28,$0.09,SAS 3,TOR 1,user46,1,marvalshot,7605,4683987578_46
KJ Simpson (38319544),Dennis Schroder (38319444),Ausar Thompson (38319458),Evan Mobley (38319319),Jusuf Nurkic (38319623),Shaedon Sharpe (38319366),Matas Buzelis (38319518),Donovan Clingan (38319495),295.0153125,380.7906671846312,49300,99.98%,22,105.72%,0,148.89999999999998,$4.23,CHA 2,DET 2,user15,1,marvalshot,7623,4683987579_15
KJ Simpson (38319544),Donovan Mitchell (38319302),Brice Sensabaugh (38319564),Pascal Siakam (38319373),Jusuf Nurkic (38319623),Malik Beasley (38319469),Coby White (38319323),Royce O'Neale (38319656),296.59385416666674,380.5118502828736,49500,100.00%,77,133.92%,0,144.32999999999998,$5.36,CHA 2,CLE 1,user35,1,marvalshot,7692,4683987580_35
Chris Paul (38319596),Donovan Mitchell (38319302),Ja'Kobe Walter (38319586),Pascal Siakam (38319373),Jusuf Nurkic (38319623),Anfernee Simons (38319426),De'Andre Hunter (38319627),Deni Avdija (38319298),297.51623263888894,390.3335655984748,50000,100.00%,236,158.32%,0,144.78,$6.33,CLE 2,POR 2,user24,1,marvalshot,7730,4683987581_24
Malik Monk (38319403),Kevin Huerter (38319486),Ausar Thompson (38319458),Pascal Siakam (38319373),Jusuf Nurkic (38319623),KJ Simpson (38319544),Dalen Terry (38319736),Domantas Sabonis (38319289),276.4782638888889,360.37862887542155,49700,0.01%,0,-99.99%,0,112.36,$-4.0,SAC 2,CHI 2,user33,1,marvalshot,7788,4683987582_33
KJ Simpson (38319544),Donovan Mitchell (38319302),Ja'Kobe Walter (38319586),Miles Bridges (38319308),Jusuf Nurkic (38319623),Dennis Schroder (38319444),Tim Hardaway Jr. (38319568),Anfernee Simons (38319426),294.37484374999997,378.73781188104874,49700,99.98%,1,94.32%,0,133.86,$3.77,CHA 3,DET 2,user,1,marvalshot,1263,4683987575
Donovan Mitchell (38319302),Collin Sexton (38319491),Jamison Battle (38319725),Pascal Siakam (38319373),Jusuf Nurkic (38319623),Coby White (38319323),Royce O'Neale (38319656),Dennis Schroder (38319444),294.0097048611111,384.1486045915241,49700,99.94%,0,89.6%,0,166.38,$3.58,CLE 1,UTA 1,user44,1,marvalshot,7505,4683987576_44
Dennis Schroder (38319444),Stephon Castle (38319386),Dalen Terry (38319736),Miles Bridges (38319308),Jusuf Nurkic (38319623),Donovan Mitchell (38319302),Jamison Battle (38319725),Ausar Thompson (38319458),296.69124999999997,385.3291673669538,49800,100.00%,75,133.98%,0,148.98,$5.36,DET 2,CHA 2,user5,1,marvalshot,7515,4683987577_5
Anfernee Simons (38319426),Devin Booker (38319285),Jaylen Brown (38319333),Pascal Siakam (38319373),Jusuf Nurkic (38319623),Dennis Schroder (38319444),Jabari Walker (38319825),Bismack Biyombo (38319799),287.3762326388889,377.3835655984748,50000,67.10%,0,1.04%,0,125.19,$0.04,POR 2,PHX 1,user45,1,marvalshot,7604,4683987578_45
KJ Simpson (38319544),Dennis Schroder (38319444),Jamison Battle (38319725),Jabari Smith Jr. (38319514),Jusuf Nurkic (38319623),Stephon Castle (38319386),Evan Mobley (38319319),Donovan Mitchell (38319302),295.1653125,383.26066718463125,50000,99.99%,7,105.65%,0,150.44,$4.23,CHA 2,CLE 2,user6,1,marvalshot,7614,4683987579_6
KJ Simpson (38319544),Jaylen Brown (38319333),Brice Sensabaugh (38319564),Pascal Siakam (38319373),Jusuf Nurkic (38319623),Donovan Mitchell (38319302),Royce O'Neale (38319656),Dennis Schroder (38319444),296.6638541666667,384.4818502828735,49600,100.00%,23,132.11%,0,156.43,$5.28,CHA 2,BOS 1,user11,1,marvalshot,7668,4683987580_11
Fred VanVleet (38319423),Dennis Schroder (38319444),Ja'Kobe Walter (38319586),Pascal Siakam (38319373),Jusuf Nurkic (38319623),Anfernee Simons (38319426),Jamison Battle (38319725),Donovan Mitchell (38319302),297.6862326388889,384.89356559847477,49000,100.00%,104,156.2%,0,157.78,$6.25,TOR 2,HOU 1,user25,1,marvalshot,7731,4683987581_25
Malik Monk (38319403),Malik Beasley (38319469),Keldon Johnson (38319533),Pascal Siakam (38319373),Jusuf Nurkic (38319623),KJ Simpson (38319544),Ja'Kobe Walter (38319586),Domantas Sabonis (38319289),276.4782638888889,360.89862887542154,49600,0.00%,0,-100.0%,0,111.72,$-4.0,SAC 2,CHA 2,user31,1,marvalshot,7786,4683987582_31
