PG,SG,SF,PF,C,G,F,UTIL,Proj,Ceiling,Salary,Cash %,Top 1%,ROI%,Wins,Own Sum,Avg Return,Stack1,Stack2,Lineup,Dupes,User,Index,Entry ID
Jose Alvarado (38188072),Jordan Hawkins (38188226),LeBron James (38187831),Paolo Banchero (38187839),DeAndre Jordan (38188451),Jared Butler (38187963),Michael Porter Jr. (38187929),Justin Edwards (38188054),298.07000000000005,390.7900000000001,50000,100.00%,49885,39521.22%,5092,238.04000000000002,$1580.85,NOP 2,DEN 2,user8,1,marvalshot,14776,4673321688_8
Jose Alvarado (38188072),Jordan Hawkins (38188226),Scottie Barnes (38187870),LeBron James (38187831),DeAndre Jordan (38188451),Jeff Dowtin (38188058),Justin Edwards (38188054),Josh Giddey (38187852),292.14,388.02,50000,100.00%,22519,310.14%,2,266.19,$12.41,NOP 2,PHI 2,user2,1,marvalshot,14786,4673321689_2
Jordan Hawkins (38188226),Anthony Edwards (38187845),Josh Giddey (38187852),Paolo Banchero (38187839),Yves Missi (38188145),Jose Alvarado (38188072),Justin Edwards (38188054),DeAndre Jordan (38188451),298.14,390.11,49900,100.00%,49949,42826.47%,5808,255.64000000000004,$1713.06,NOP 3,MIN 1,user26,1,marvalshot,14811,4673321690_26
Jared Butler (38187963),Anthony Edwards (38187845),Keion Brooks Jr. (38188338),Paolo Banchero (38187839),DeAndre Jordan (38188451),Josh Giddey (38187852),Justin Edwards (38188054),Jordan Hawkins (38188226),295.71,386.44,49800,100.00%,47881,869.73%,386,237.74,$34.79,PHI 2,NOP 2,user,51,marvalshot,3177,4673321691
Jared Butler (38187963),Anthony Edwards (38187845),LeBron James (38187831),Michael Porter Jr. (38187929),Kelly Olynyk (38188016),Jordan Hawkins (38188226),Justin Edwards (38188054),DeAndre Jordan (38188451),297.32000000000005,392.0400000000001,50000,100.00%,49544,22907.43%,2671,239.99,$916.3,PHI 2,DEN 2,user8,1,marvalshot,14840,4673321692_8
Scottie Barnes (38187870),Jordan Hawkins (38188226),LeBron James (38187831),Justin Edwards (38188054),DeAndre Jordan (38188451),Josh Giddey (38187852),Kelly Olynyk (38188016),Yves Missi (38188145),291.42,390.24,49900,100.00%,15650,232.87%,0,249.14,$9.31,NOP 3,TOR 1,user7,1,marvalshot,14871,4673321693_7
Jamal Murray (38187885),Jared Butler (38187963),Justin Edwards (38188054),Paolo Banchero (38187839),Yves Missi (38188145),Jordan Hawkins (38188226),Josh Giddey (38187852),DeAndre Jordan (38188451),296.99,387.15,49700,100.00%,49656,17328.06%,1970,233.98000000000002,$693.12,DEN 2,PHI 2,user35,1,marvalshot,14907,4673321694_35
Jose Alvarado (38188072),Jordan Hawkins (38188226),Justin Edwards (38188054),Michael Porter Jr. (38187929),Kelly Olynyk (38188016),Josh Giddey (38187852),Aaron Gordon (38187939),Jamal Murray (38187885),293.53,381.30999999999995,49700,100.00%,35830,1282.02%,83,225.96,$51.28,NOP 3,DEN 3,user30,1,marvalshot,14946,4673321695_30
Jared Butler (38187963),Jordan Hawkins (38188226),LeBron James (38187831),Paolo Banchero (38187839),Kelly Olynyk (38188016),Jose Alvarado (38188072),Justin Edwards (38188054),Yves Missi (38188145),298.0,395.05,50000,100.00%,49928,35593.72%,4415,248.87,$1423.75,NOP 4,PHI 2,user10,1,marvalshot,14778,4673321688_10
Josh Giddey (38187852),Jordan Hawkins (38188226),Scottie Barnes (38187870),LeBron James (38187831),DeAndre Jordan (38188451),Jose Alvarado (38188072),Justin Edwards (38188054),Yves Missi (38188145),291.30999999999995,388.04999999999995,49500,100.00%,15116,226.97%,0,247.66000000000003,$9.08,NOP 3,CHI 1,user3,1,marvalshot,14787,4673321689_3
Jose Alvarado (38188072),Anthony Edwards (38187845),Justin Edwards (38188054),Paolo Banchero (38187839),DeAndre Jordan (38188451),Jordan Hawkins (38188226),Kelly Olynyk (38188016),Jamal Murray (38187885),297.81000000000006,390.7700000000001,49700,100.00%,49949,22954.77%,3712,258.87,$918.19,NOP 3,DEN 2,user13,2,marvalshot,3184,4673321690_13
Jared Butler (38187963),Anthony Edwards (38187845),Keion Brooks Jr. (38188338),Paolo Banchero (38187839),DeAndre Jordan (38188451),Josh Giddey (38187852),Justin Edwards (38188054),Jordan Hawkins (38188226),295.71,386.44,49800,100.00%,47881,869.73%,386,237.74,$34.79,PHI 2,NOP 2,user1,51,marvalshot,3177,4673321691_1
Jordan Hawkins (38188226),Anthony Edwards (38187845),LeBron James (38187831),Kelly Olynyk (38188016),Yves Missi (38188145),Jamal Murray (38187885),Justin Edwards (38188054),DeAndre Jordan (38188451),297.36,393.44,49700,100.00%,49594,20044.24%,2218,254.26999999999998,$801.77,NOP 3,DEN 2,user1,1,marvalshot,14833,4673321692_1
Scottie Barnes (38187870),Jordan Hawkins (38188226),LeBron James (38187831),Kelly Olynyk (38188016),Yves Missi (38188145),Jose Alvarado (38188072),Josh Giddey (38187852),DeAndre Jordan (38188451),290.85,394.99,49800,100.00%,11441,214.47%,0,239.42000000000002,$8.58,NOP 4,TOR 1,user5,1,marvalshot,14869,4673321693_5
Jeff Dowtin (38188058),Jordan Hawkins (38188226),Michael Porter Jr. (38187929),Paolo Banchero (38187839),Kelly Olynyk (38188016),Josh Giddey (38187852),Justin Edwards (38188054),Jose Alvarado (38188072),295.62,385.65,50000,100.00%,48112,7474.63%,816,265.91,$298.99,NOP 3,PHI 2,user1,1,marvalshot,14876,4673321694_1
Jose Alvarado (38188072),Jamal Murray (38187885),Josh Giddey (38187852),Aaron Gordon (38187939),Yves Missi (38188145),Jared Butler (38187963),Michael Porter Jr. (38187929),Jordan Hawkins (38188226),292.92,384.45000000000005,50000,100.00%,29531,1100.75%,77,189.91000000000003,$44.03,NOP 3,DEN 3,user15,1,marvalshot,14931,4673321695_15
Jordan Hawkins (38188226),Jamal Murray (38187885),LeBron James (38187831),Paolo Banchero (38187839),Yves Missi (38188145),Jose Alvarado (38188072),Justin Edwards (38188054),DeAndre Jordan (38188451),298.11,392.19,49700,100.00%,49909,32436.66%,3382,252.32000000000002,$1297.47,NOP 3,DEN 2,user1,1,marvalshot,14768,4673321688_1
Jordan Hawkins (38188226),Jamal Murray (38187885),Scottie Barnes (38187870),LeBron James (38187831),Kelly Olynyk (38188016),Jose Alvarado (38188072),Justin Edwards (38188054),DeAndre Jordan (38188451),290.98,388.71000000000004,49300,100.00%,12142,211.59%,0,250.89,$8.46,NOP 3,DEN 2,user,1,marvalshot,8010,4673321689
Jordan Hawkins (38188226),Anthony Edwards (38187845),Justin Edwards (38188054),Paolo Banchero (38187839),DeAndre Jordan (38188451),Jeff Dowtin (38188058),Josh Giddey (38187852),Yves Missi (38188145),296.45,387.66999999999996,50000,100.00%,49168,10082.84%,810,270.37,$403.31,NOP 2,PHI 2,user27,1,marvalshot,14812,4673321690_27
Jared Butler (38187963),Anthony Edwards (38187845),Keion Brooks Jr. (38188338),Paolo Banchero (38187839),DeAndre Jordan (38188451),Josh Giddey (38187852),Justin Edwards (38188054),Jordan Hawkins (38188226),295.71,386.44,49800,100.00%,47881,869.73%,386,237.74,$34.79,PHI 2,NOP 2,user2,51,marvalshot,3177,4673321691_2
Jose Alvarado (38188072),Anthony Edwards (38187845),LeBron James (38187831),Michael Porter Jr. (38187929),DeAndre Jordan (38188451),Jared Butler (38187963),Justin Edwards (38188054),Jordan Hawkins (38188226),297.21,389.85,49600,100.00%,49402,14761.75%,1089,238.51000000000002,$590.47,NOP 2,DEN 2,user25,1,marvalshot,14857,4673321692_25
Scottie Barnes (38187870),Jordan Hawkins (38188226),LeBron James (38187831),Justin Edwards (38188054),Kelly Olynyk (38188016),Jeff Dowtin (38188058),Michael Porter Jr. (38187929),Jose Alvarado (38188072),289.57,385.6,50000,100.00%,4984,184.23%,0,256.49,$7.37,NOP 3,PHI 2,user9,1,marvalshot,14873,4673321693_9
Jose Alvarado (38188072),Jamal Murray (38187885),Justin Edwards (38188054),Paolo Banchero (38187839),DeAndre Jordan (38188451),Jordan Hawkins (38188226),Josh Giddey (38187852),Christian Braun (38187973),295.39,381.71999999999997,50000,100.00%,47185,3105.24%,190,232.94,$124.21,DEN 3,NOP 2,user13,1,marvalshot,14888,4673321694_13
Jared Butler (38187963),Jordan Hawkins (38188226),Michael Porter Jr. (38187929),Kelly Olynyk (38188016),Nikola Vucevic (38187902),Jamal Murray (38187885),Josh Giddey (38187852),DeAndre Jordan (38188451),292.21,387.16999999999996,50000,100.00%,23080,430.6%,14,199.70000000000002,$17.22,DEN 3,NOP 2,user48,1,marvalshot,14964,4673321695_48
Jose Alvarado (38188072),Jamal Murray (38187885),LeBron James (38187831),Paolo Banchero (38187839),DeAndre Jordan (38188451),Jordan Hawkins (38188226),Kelly Olynyk (38188016),Yves Missi (38188145),297.65000000000003,399.13,50000,100.00%,49793,24935.04%,2847,244.08,$997.4,NOP 4,DEN 2,user9,1,marvalshot,14777,4673321688_9
Jordan Hawkins (38188226),Jared Butler (38187963),Scottie Barnes (38187870),LeBron James (38187831),Yves Missi (38188145),Jamal Murray (38187885),Justin Edwards (38188054),DeAndre Jordan (38188451),290.94000000000005,387.1000000000001,49700,100.00%,12623,204.95%,0,224.56,$8.2,NOP 2,PHI 2,user4,47,marvalshot,14785,4673321689_4
Jamal Murray (38187885),Anthony Edwards (38187845),Justin Edwards (38188054),Paolo Banchero (38187839),DeAndre Jordan (38188451),Jeff Dowtin (38188058),Kelly Olynyk (38188016),Jordan Hawkins (38188226),296.12,388.33,49800,100.00%,48899,5714.48%,472,273.6,$228.58,DEN 2,PHI 2,user8,1,marvalshot,14795,4673321690_8
Jared Butler (38187963),Anthony Edwards (38187845),Keion Brooks Jr. (38188338),Paolo Banchero (38187839),DeAndre Jordan (38188451),Josh Giddey (38187852),Justin Edwards (38188054),Jordan Hawkins (38188226),295.71,386.44,49800,100.00%,47881,869.73%,386,237.74,$34.79,PHI 2,NOP 2,user3,51,marvalshot,3177,4673321691_3
Jared Butler (38187963),Anthony Edwards (38187845),LeBron James (38187831),Kelly Olynyk (38188016),Yves Missi (38188145),Jordan Hawkins (38188226),Justin Edwards (38188054),Jose Alvarado (38188072),297.14000000000004,394.11,49600,100.00%,49556,13811.52%,1114,249.33999999999997,$552.46,NOP 4,PHI 2,user14,1,marvalshot,14846,4673321692_14
Scottie Barnes (38187870),Jordan Hawkins (38188226),LeBron James (38187831),Justin Edwards (38188054),DeAndre Jordan (38188451),Jeff Dowtin (38188058),Josh Giddey (38187852),Yves Missi (38188145),289.61999999999995,385.60999999999996,49600,100.00%,5018,178.72%,0,262.39,$7.15,NOP 2,PHI 2,user11,1,marvalshot,14875,4673321693_11
Jamal Murray (38187885),Jordan Hawkins (38188226),Justin Edwards (38188054),Paolo Banchero (38187839),Kelly Olynyk (38188016),Jeff Dowtin (38188058),Josh Giddey (38187852),DeAndre Jordan (38188451),295.34,386.31999999999994,49400,100.00%,47691,2277.41%,202,275.04,$91.1,DEN 2,NOP 2,user27,3,marvalshot,5603,4673321694_27
Coby White (38187889),Jordan Hawkins (38188226),Josh Giddey (38187852),Aaron Gordon (38187939),DeAndre Jordan (38188451),Jamal Murray (38187885),Justin Edwards (38188054),Jared Butler (38187963),292.39,378.33,49800,100.00%,24717,382.26%,7,209.53,$15.29,DEN 3,CHI 2,user29,1,marvalshot,14945,4673321695_29
Jamal Murray (38187885),Jordan Hawkins (38188226),LeBron James (38187831),Paolo Banchero (38187839),DeAndre Jordan (38188451),Jeff Dowtin (38188058),Justin Edwards (38188054),Yves Missi (38188145),296.41999999999996,389.74999999999994,49800,100.00%,48724,7392.94%,493,267.05,$295.72,DEN 2,NOP 2,user6,1,marvalshot,14774,4673321688_6
Jordan Hawkins (38188226),Jared Butler (38187963),Scottie Barnes (38187870),LeBron James (38187831),Yves Missi (38188145),Jamal Murray (38187885),Justin Edwards (38188054),DeAndre Jordan (38188451),290.94000000000005,387.1000000000001,49700,100.00%,12623,204.95%,0,224.56,$8.2,NOP 2,PHI 2,user5,47,marvalshot,14785,4673321689_5
Jordan Hawkins (38188226),Anthony Edwards (38187845),Michael Porter Jr. (38187929),Paolo Banchero (38187839),Kelly Olynyk (38188016),Jose Alvarado (38188072),Justin Edwards (38188054),Yves Missi (38188145),295.56999999999994,387.68999999999994,49900,100.00%,47828,3029.75%,145,245.94000000000003,$121.19,NOP 4,MIN 1,user9,1,marvalshot,14796,4673321690_9
Jared Butler (38187963),Anthony Edwards (38187845),Keion Brooks Jr. (38188338),Paolo Banchero (38187839),DeAndre Jordan (38188451),Josh Giddey (38187852),Justin Edwards (38188054),Jordan Hawkins (38188226),295.71,386.44,49800,100.00%,47881,869.73%,386,237.74,$34.79,PHI 2,NOP 2,user4,51,marvalshot,3177,4673321691_4
Jose Alvarado (38188072),Anthony Edwards (38187845),LeBron James (38187831),Kelly Olynyk (38188016),DeAndre Jordan (38188451),Jordan Hawkins (38188226),Michael Porter Jr. (38187929),Jared Butler (38187963),296.75,396.79,49900,100.00%,48799,12554.15%,1179,230.26999999999998,$502.17,NOP 3,DEN 2,user16,1,marvalshot,14848,4673321692_16
Scottie Barnes (38187870),Jordan Hawkins (38188226),LeBron James (38187831),Justin Edwards (38188054),DeAndre Jordan (38188451),Jamal Murray (38187885),Christian Braun (38187973),Jose Alvarado (38188072),289.34,381.66999999999996,50000,100.00%,4238,174.57%,0,223.51999999999998,$6.98,DEN 3,NOP 2,user10,1,marvalshot,14874,4673321693_10
Josh Giddey (38187852),Jordan Hawkins (38188226),Justin Edwards (38188054),Paolo Banchero (38187839),Yves Missi (38188145),Jamal Murray (38187885),Keion Brooks Jr. (38188338),Jared Butler (38187963),294.88,384.21,49900,100.00%,44611,2131.34%,161,221.23,$85.25,NOP 3,PHI 2,user17,2,marvalshot,5598,4673321694_17
Josh Giddey (38187852),Jamal Murray (38187885),Justin Edwards (38188054),Michael Porter Jr. (38187929),DeAndre Jordan (38188451),Jordan Hawkins (38188226),Kelly Olynyk (38188016),Coby White (38187889),292.18000000000006,379.07000000000005,49300,100.00%,22589,325.71%,3,231.89,$13.03,DEN 3,CHI 2,user28,1,marvalshot,14944,4673321695_28
Jeff Dowtin (38188058),Jared Butler (38187963),LeBron James (38187831),Paolo Banchero (38187839),DeAndre Jordan (38188451),Jordan Hawkins (38188226),Michael Porter Jr. (38187929),Jose Alvarado (38188072),295.81,393.1,50000,100.00%,46984,5514.94%,363,243.05,$220.6,PHI 2,DEN 2,user3,1,marvalshot,14770,4673321688_3
Jordan Hawkins (38188226),Jared Butler (38187963),Scottie Barnes (38187870),LeBron James (38187831),Yves Missi (38188145),Jamal Murray (38187885),Justin Edwards (38188054),DeAndre Jordan (38188451),290.94000000000005,387.1000000000001,49700,100.00%,12623,204.95%,0,224.56,$8.2,NOP 2,PHI 2,user6,47,marvalshot,14785,4673321689_6
Jamal Murray (38187885),Anthony Edwards (38187845),Justin Edwards (38188054),Paolo Banchero (38187839),Kelly Olynyk (38188016),Jordan Hawkins (38188226),Keion Brooks Jr. (38188338),Jose Alvarado (38188072),295.70000000000005,387.83000000000004,49900,100.00%,48021,2738.17%,300,246.12000000000003,$109.53,NOP 4,DEN 1,user36,3,marvalshot,3067,4673321690_36
Jared Butler (38187963),Anthony Edwards (38187845),Keion Brooks Jr. (38188338),Paolo Banchero (38187839),DeAndre Jordan (38188451),Josh Giddey (38187852),Justin Edwards (38188054),Jordan Hawkins (38188226),295.71,386.44,49800,100.00%,47881,869.73%,386,237.74,$34.79,PHI 2,NOP 2,user5,51,marvalshot,3177,4673321691_5
Jose Alvarado (38188072),Anthony Edwards (38187845),LeBron James (38187831),Justin Edwards (38188054),DeAndre Jordan (38188451),Coby White (38187889),Kelly Olynyk (38188016),Jordan Hawkins (38188226),296.53999999999996,391.4,50000,100.00%,48607,9716.45%,956,255.04000000000002,$388.66,NOP 3,MIN 1,user19,1,marvalshot,14850,4673321692_19
Scottie Barnes (38187870),Jordan Hawkins (38188226),LeBron James (38187831),Kelly Olynyk (38188016),DeAndre Jordan (38188451),Jeff Dowtin (38188058),Josh Giddey (38187852),Yves Missi (38188145),289.15999999999997,392.54999999999995,49900,100.00%,3801,173.39%,0,254.14999999999998,$6.94,NOP 3,TOR 1,user3,1,marvalshot,14867,4673321693_3
Jordan Hawkins (38188226),Coby White (38187889),Justin Edwards (38188054),Paolo Banchero (38187839),Kelly Olynyk (38188016),Jared Butler (38187963),Michael Porter Jr. (38187929),Jose Alvarado (38188072),293.6,382.69000000000005,50000,100.00%,36113,780.97%,15,225.05,$31.24,NOP 3,PHI 2,user48,1,marvalshot,14918,4673321694_48
Jamal Murray (38187885),Jordan Hawkins (38188226),Josh Giddey (38187852),Justin Edwards (38188054),Karlo Matkovic (38188167),Coby White (38187889),Kelly Olynyk (38188016),Jared Butler (38187963),291.03,380.03,50000,100.00%,12577,265.11%,4,211.29000000000002,$10.6,NOP 3,CHI 2,user21,1,marvalshot,14937,4673321695_21
Jeff Dowtin (38188058),Jordan Hawkins (38188226),LeBron James (38187831),Paolo Banchero (38187839),Yves Missi (38188145),Jared Butler (38187963),Justin Edwards (38188054),Jose Alvarado (38188072),296.20000000000005,390.4200000000001,49700,100.00%,48469,5215.06%,282,262.12,$208.6,PHI 3,NOP 3,user4,1,marvalshot,14771,4673321688_4
Jordan Hawkins (38188226),Jared Butler (38187963),Scottie Barnes (38187870),LeBron James (38187831),Yves Missi (38188145),Jamal Murray (38187885),Justin Edwards (38188054),DeAndre Jordan (38188451),290.94000000000005,387.1000000000001,49700,100.00%,12623,204.95%,0,224.56,$8.2,NOP 2,PHI 2,user7,47,marvalshot,14785,4673321689_7
Jordan Hawkins (38188226),Anthony Edwards (38187845),Josh Giddey (38187852),Paolo Banchero (38187839),DeAndre Jordan (38188451),Jose Alvarado (38188072),Keion Brooks Jr. (38188338),Jared Butler (38187963),295.14,391.19,49700,100.00%,45232,2704.69%,209,228.01999999999998,$108.19,NOP 3,MIN 1,user48,1,marvalshot,14831,4673321690_48
Jared Butler (38187963),Anthony Edwards (38187845),Keion Brooks Jr. (38188338),Paolo Banchero (38187839),DeAndre Jordan (38188451),Josh Giddey (38187852),Justin Edwards (38188054),Jordan Hawkins (38188226),295.71,386.44,49800,100.00%,47881,869.73%,386,237.74,$34.79,PHI 2,NOP 2,user6,51,marvalshot,3177,4673321691_6
Jordan Hawkins (38188226),Anthony Edwards (38187845),LeBron James (38187831),Michael Porter Jr. (38187929),Yves Missi (38188145),Jeff Dowtin (38188058),Justin Edwards (38188054),Jose Alvarado (38188072),295.84000000000003,388.14000000000004,50000,100.00%,46756,6730.62%,615,258.39,$269.22,NOP 3,PHI 2,user24,1,marvalshot,14856,4673321692_24
Scottie Barnes (38187870),Jamal Murray (38187885),LeBron James (38187831),Justin Edwards (38188054),DeAndre Jordan (38188451),Jordan Hawkins (38188226),Kelly Olynyk (38188016),Jeff Dowtin (38188058),289.29,386.27000000000004,49400,100.00%,3457,172.13%,0,265.62,$6.89,DEN 2,PHI 2,user6,1,marvalshot,14870,4673321693_6
Josh Giddey (38187852),Jordan Hawkins (38188226),Justin Edwards (38188054),Paolo Banchero (38187839),Kelly Olynyk (38188016),Jeff Dowtin (38188058),Aaron Gordon (38187939),Jose Alvarado (38188072),293.35,384.11,49700,100.00%,34454,703.82%,17,266.08000000000004,$28.15,NOP 3,PHI 2,user15,1,marvalshot,14890,4673321694_15
Jose Alvarado (38188072),Jordan Hawkins (38188226),Justin Edwards (38188054),Aaron Gordon (38187939),Kelly Olynyk (38188016),Josh Giddey (38187852),Cameron Johnson (38187925),Jamal Murray (38187885),291.18,380.01,49900,100.00%,13495,259.36%,1,221.53000000000003,$10.37,NOP 3,DEN 2,user18,1,marvalshot,14934,4673321695_18
Jose Alvarado (38188072),Jamal Murray (38187885),LeBron James (38187831),Paolo Banchero (38187839),Yves Missi (38188145),Jordan Hawkins (38188226),Keion Brooks Jr. (38188338),Justin Edwards (38188054),296.0,389.25,49900,100.00%,47814,4857.1%,284,239.57000000000002,$194.28,NOP 4,DEN 1,user13,1,marvalshot,14781,4673321688_13
Jordan Hawkins (38188226),Jared Butler (38187963),Scottie Barnes (38187870),LeBron James (38187831),Yves Missi (38188145),Jamal Murray (38187885),Justin Edwards (38188054),DeAndre Jordan (38188451),290.94000000000005,387.1000000000001,49700,100.00%,12623,204.95%,0,224.56,$8.2,NOP 2,PHI 2,user8,47,marvalshot,14785,4673321689_8
Jared Butler (38187963),Anthony Edwards (38187845),Michael Porter Jr. (38187929),Paolo Banchero (38187839),DeAndre Jordan (38188451),Jordan Hawkins (38188226),Justin Edwards (38188054),Kelly Olynyk (38188016),295.25,386.96000000000004,49600,100.00%,46729,1682.95%,50,240.79,$67.32,PHI 2,DEN 2,user47,1,marvalshot,14830,4673321690_47
Jared Butler (38187963),Anthony Edwards (38187845),Keion Brooks Jr. (38188338),Paolo Banchero (38187839),DeAndre Jordan (38188451),Josh Giddey (38187852),Justin Edwards (38188054),Jordan Hawkins (38188226),295.71,386.44,49800,100.00%,47881,869.73%,386,237.74,$34.79,PHI 2,NOP 2,user7,51,marvalshot,3177,4673321691_7
Jamal Murray (38187885),Anthony Edwards (38187845),LeBron James (38187831),Michael Porter Jr. (38187929),DeAndre Jordan (38188451),Jordan Hawkins (38188226),Justin Edwards (38188054),Keion Brooks Jr. (38188338),295.32,386.24,49900,100.00%,45130,3325.11%,262,230.69,$133.0,DEN 3,NOP 2,user9,1,marvalshot,14841,4673321692_9
Scottie Barnes (38187870),Jordan Hawkins (38188226),LeBron James (38187831),Justin Edwards (38188054),Yves Missi (38188145),Josh Giddey (38187852),Keion Brooks Jr. (38188338),Jose Alvarado (38188072),289.2,385.11,49700,100.00%,3526,171.26%,0,234.91,$6.85,NOP 4,TOR 1,user8,1,marvalshot,14872,4673321693_8
Jordan Hawkins (38188226),Jared Butler (38187963),Josh Giddey (38187852),Paolo Banchero (38187839),DeAndre Jordan (38188451),Jose Alvarado (38188072),Michael Porter Jr. (38187929),Kelly Olynyk (38188016),293.9,389.7,49100,100.00%,39342,683.54%,14,232.51,$27.34,NOP 3,DEN 2,user9,1,marvalshot,14884,4673321694_9
Jeff Dowtin (38188058),Jordan Hawkins (38188226),Josh Giddey (38187852),Justin Edwards (38188054),Kelly Olynyk (38188016),Jared Butler (38187963),Cameron Johnson (38187925),Jamal Murray (38187885),291.26,380.45,49600,100.00%,13728,256.13%,1,240.29000000000002,$10.25,PHI 3,NOP 2,user43,1,marvalshot,14959,4673321695_43
Jose Alvarado (38188072),Jordan Hawkins (38188226),LeBron James (38187831),Paolo Banchero (38187839),DeAndre Jordan (38188451),Josh Giddey (38187852),Keion Brooks Jr. (38188338),Justin Edwards (38188054),296.05000000000007,389.4700000000001,49400,100.00%,48394,4674.92%,282,257.52,$187.0,NOP 3,LAL 1,user14,1,marvalshot,14782,4673321688_14
Jordan Hawkins (38188226),Jared Butler (38187963),Scottie Barnes (38187870),LeBron James (38187831),Yves Missi (38188145),Jamal Murray (38187885),Justin Edwards (38188054),DeAndre Jordan (38188451),290.94000000000005,387.1000000000001,49700,100.00%,12623,204.95%,0,224.56,$8.2,NOP 2,PHI 2,user9,47,marvalshot,14785,4673321689_9
Josh Giddey (38187852),Anthony Edwards (38187845),Chuma Okeke (38188147),Paolo Banchero (38187839),DeAndre Jordan (38188451),Jordan Hawkins (38188226),Justin Edwards (38188054),Jose Alvarado (38188072),294.90000000000003,382.14000000000004,49900,100.00%,44928,1496.52%,31,239.28,$59.86,PHI 2,NOP 2,user4,1,marvalshot,14792,4673321690_4
Jared Butler (38187963),Anthony Edwards (38187845),Keion Brooks Jr. (38188338),Paolo Banchero (38187839),DeAndre Jordan (38188451),Josh Giddey (38187852),Justin Edwards (38188054),Jordan Hawkins (38188226),295.71,386.44,49800,100.00%,47881,869.73%,386,237.74,$34.79,PHI 2,NOP 2,user8,51,marvalshot,3177,4673321691_8
Jeff Dowtin (38188058),Anthony Edwards (38187845),LeBron James (38187831),Kelly Olynyk (38188016),Yves Missi (38188145),Jordan Hawkins (38188226),Justin Edwards (38188054),Jared Butler (38187963),295.45000000000005,391.6700000000001,49700,100.00%,46254,3058.42%,149,264.07,$122.34,PHI 3,NOP 3,user12,1,marvalshot,14844,4673321692_12
Scottie Barnes (38187870),Jordan Hawkins (38188226),LeBron James (38187831),Aaron Gordon (38187939),Yves Missi (38188145),Jose Alvarado (38188072),Justin Edwards (38188054),Jared Butler (38187963),288.95,384.89,50000,100.00%,3481,169.08%,0,215.60000000000002,$6.76,NOP 3,PHI 2,user2,1,marvalshot,14866,4673321693_2
Jordan Hawkins (38188226),Jamal Murray (38187885),Christian Braun (38187973),Paolo Banchero (38187839),DeAndre Jordan (38188451),Jeff Dowtin (38188058),Josh Giddey (38187852),Jose Alvarado (38188072),293.13,384.03,50000,100.00%,31487,664.04%,21,237.95000000000002,$26.56,DEN 3,NOP 2,user11,1,marvalshot,14886,4673321694_11
Jordan Hawkins (38188226),Jamal Murray (38187885),Christian Braun (38187973),Justin Edwards (38188054),Nikola Vucevic (38187902),Jose Alvarado (38188072),Kelly Olynyk (38188016),Josh Giddey (38187852),291.0,379.06,50000,100.00%,12232,251.86%,2,217.73000000000002,$10.07,NOP 3,DEN 2,user40,1,marvalshot,14956,4673321695_40
Jose Alvarado (38188072),Jordan Hawkins (38188226),LeBron James (38187831),Paolo Banchero (38187839),DeAndre Jordan (38188451),Josh Giddey (38187852),Keion Brooks Jr. (38188338),Kelly Olynyk (38188016),295.59000000000003,396.41,49700,100.00%,47144,4148.21%,338,249.28,$165.93,NOP 4,LAL 1,user12,1,marvalshot,14780,4673321688_12
Jordan Hawkins (38188226),Jared Butler (38187963),Scottie Barnes (38187870),LeBron James (38187831),Yves Missi (38188145),Jamal Murray (38187885),Justin Edwards (38188054),DeAndre Jordan (38188451),290.94000000000005,387.1000000000001,49700,100.00%,12623,204.95%,0,224.56,$8.2,NOP 2,PHI 2,user10,47,marvalshot,14785,4673321689_10
Jordan Hawkins (38188226),Anthony Edwards (38187845),Justin Edwards (38188054),Paolo Banchero (38187839),Yves Missi (38188145),Jamal Murray (38187885),Kelly Olynyk (38188016),DeAndre Jordan (38188451),295.29,388.36,49300,100.00%,46978,1215.0%,4,255.07,$48.6,NOP 3,DEN 2,user49,1,marvalshot,14832,4673321690_49
Jared Butler (38187963),Anthony Edwards (38187845),Keion Brooks Jr. (38188338),Paolo Banchero (38187839),DeAndre Jordan (38188451),Josh Giddey (38187852),Justin Edwards (38188054),Jordan Hawkins (38188226),295.71,386.44,49800,100.00%,47881,869.73%,386,237.74,$34.79,PHI 2,NOP 2,user9,51,marvalshot,3177,4673321691_9
Jose Alvarado (38188072),Anthony Edwards (38187845),LeBron James (38187831),Aaron Gordon (38187939),DeAndre Jordan (38188451),Jordan Hawkins (38188226),Justin Edwards (38188054),Michael Porter Jr. (38187929),295.44,386.97,50000,100.00%,45601,2851.28%,131,234.48000000000002,$114.05,DEN 3,NOP 2,user26,1,marvalshot,14858,4673321692_26
Scottie Barnes (38187870),Jamal Murray (38187885),LeBron James (38187831),Justin Edwards (38188054),Kelly Olynyk (38188016),Jose Alvarado (38188072),Keion Brooks Jr. (38188338),Jordan Hawkins (38188226),288.87,385.77,49500,100.00%,2443,165.95%,0,238.14000000000001,$6.64,NOP 4,TOR 1,user1,1,marvalshot,14865,4673321693_1
Jose Alvarado (38188072),Coby White (38187889),Justin Edwards (38188054),Paolo Banchero (38187839),Yves Missi (38188145),Jordan Hawkins (38188226),Kelly Olynyk (38188016),Jamal Murray (38187885),293.64,384.09,49700,100.00%,36763,636.1%,10,239.33000000000004,$25.44,NOP 4,CHI 1,user44,1,marvalshot,14914,4673321694_44
Jordan Hawkins (38188226),Christian Braun (38187973),Josh Giddey (38187852),Justin Edwards (38188054),Yves Missi (38188145),Jamal Murray (38187885),Michael Porter Jr. (38187929),Jared Butler (38187963),291.14,374.74,49600,100.00%,13763,247.04%,0,198.82,$9.88,DEN 3,NOP 2,user45,1,marvalshot,14961,4673321695_45
Jose Alvarado (38188072),Jared Butler (38187963),LeBron James (38187831),Paolo Banchero (38187839),Yves Missi (38188145),Jordan Hawkins (38188226),Kelly Olynyk (38188016),Jeff Dowtin (38188058),295.74000000000007,397.36000000000007,50000,100.00%,47234,3979.25%,294,253.88,$159.17,NOP 4,PHI 2,user,2,marvalshot,2280,4673321688
Jordan Hawkins (38188226),Jared Butler (38187963),Scottie Barnes (38187870),LeBron James (38187831),Yves Missi (38188145),Jamal Murray (38187885),Justin Edwards (38188054),DeAndre Jordan (38188451),290.94000000000005,387.1000000000001,49700,100.00%,12623,204.95%,0,224.56,$8.2,NOP 2,PHI 2,user11,47,marvalshot,14785,4673321689_11
Jordan Hawkins (38188226),Anthony Edwards (38187845),Justin Edwards (38188054),Paolo Banchero (38187839),Yves Missi (38188145),Jose Alvarado (38188072),Kelly Olynyk (38188016),Jared Butler (38187963),295.07,389.03,49200,100.00%,46705,1070.13%,2,250.14000000000001,$42.81,NOP 4,PHI 2,user10,1,marvalshot,14797,4673321690_10
Jared Butler (38187963),Anthony Edwards (38187845),Keion Brooks Jr. (38188338),Paolo Banchero (38187839),DeAndre Jordan (38188451),Josh Giddey (38187852),Justin Edwards (38188054),Jordan Hawkins (38188226),295.71,386.44,49800,100.00%,47881,869.73%,386,237.74,$34.79,PHI 2,NOP 2,user10,51,marvalshot,3177,4673321691_10
Jared Butler (38187963),Anthony Edwards (38187845),LeBron James (38187831),Michael Porter Jr. (38187929),DeAndre Jordan (38188451),Jordan Hawkins (38188226),Kelly Olynyk (38188016),Jeff Dowtin (38188058),295.06,394.35,50000,100.00%,43648,2839.19%,159,245.0,$113.57,PHI 2,DEN 2,user5,1,marvalshot,14837,4673321692_5
Scottie Barnes (38187870),Jared Butler (38187963),LeBron James (38187831),Justin Edwards (38188054),DeAndre Jordan (38188451),Jordan Hawkins (38188226),Josh Giddey (38187852),Keion Brooks Jr. (38188338),288.88,384.38,49400,100.00%,2659,164.09%,0,229.76,$6.56,PHI 2,NOP 2,user4,1,marvalshot,14868,4673321693_4
Jared Butler (38187963),Jamal Murray (38187885),Justin Edwards (38188054),Paolo Banchero (38187839),DeAndre Jordan (38188451),Josh Giddey (38187852),Chuma Okeke (38188147),Jordan Hawkins (38188226),293.75,379.18,49700,100.00%,38089,604.81%,10,217.62,$24.19,PHI 3,DEN 2,user40,1,marvalshot,14911,4673321694_40
Jamal Murray (38187885),Jordan Hawkins (38188226),Justin Edwards (38188054),Aaron Gordon (38187939),Kelly Olynyk (38188016),Josh Giddey (38187852),Michael Porter Jr. (38187929),Yves Missi (38188145),291.01,378.9,49300,100.00%,12214,238.09%,1,222.16000000000003,$9.52,DEN 3,NOP 3,user36,1,marvalshot,14952,4673321695_36
Jared Butler (38187963),Jordan Hawkins (38188226),LeBron James (38187831),Paolo Banchero (38187839),DeAndre Jordan (38188451),Jose Alvarado (38188072),Justin Edwards (38188054),Aaron Gordon (38187939),295.8,389.25,49700,100.00%,47400,3148.29%,107,238.20999999999998,$125.93,PHI 2,NOP 2,user11,1,marvalshot,14779,4673321688_11
Jordan Hawkins (38188226),Jared Butler (38187963),Scottie Barnes (38187870),LeBron James (38187831),Yves Missi (38188145),Jamal Murray (38187885),Justin Edwards (38188054),DeAndre Jordan (38188451),290.94000000000005,387.1000000000001,49700,100.00%,12623,204.95%,0,224.56,$8.2,NOP 2,PHI 2,user12,47,marvalshot,14785,4673321689_12
Jose Alvarado (38188072),Anthony Edwards (38187845),Justin Edwards (38188054),Paolo Banchero (38187839),DeAndre Jordan (38188451),Jordan Hawkins (38188226),Josh Giddey (38187852),Karlo Matkovic (38188167),294.58,386.01,49800,100.00%,43527,1047.96%,24,246.74,$41.92,NOP 3,MIN 1,user22,1,marvalshot,14807,4673321690_22
Jared Butler (38187963),Anthony Edwards (38187845),Keion Brooks Jr. (38188338),Paolo Banchero (38187839),DeAndre Jordan (38188451),Josh Giddey (38187852),Justin Edwards (38188054),Jordan Hawkins (38188226),295.71,386.44,49800,100.00%,47881,869.73%,386,237.74,$34.79,PHI 2,NOP 2,user11,51,marvalshot,3177,4673321691_11
Josh Giddey (38187852),Anthony Edwards (38187845),LeBron James (38187831),Kelly Olynyk (38188016),DeAndre Jordan (38188451),Jordan Hawkins (38188226),Justin Edwards (38188054),Keion Brooks Jr. (38188338),295.3,390.72,49400,100.00%,45894,2826.83%,218,259.47,$113.07,NOP 3,CHI 1,user27,1,marvalshot,14859,4673321692_27
Scottie Barnes (38187870),Jared Butler (38187963),LeBron James (38187831),Justin Edwards (38188054),Yves Missi (38188145),Jordan Hawkins (38188226),Keion Brooks Jr. (38188338),Jamal Murray (38187885),288.83000000000004,384.16,49900,100.00%,3117,162.36%,0,211.81,$6.49,NOP 3,PHI 2,user,39,marvalshot,8012,4673321693
Jordan Hawkins (38188226),Jared Butler (38187963),Josh Giddey (38187852),Paolo Banchero (38187839),Yves Missi (38188145),Coby White (38187889),Kelly Olynyk (38188016),DeAndre Jordan (38188451),293.19,389.64,49900,100.00%,32161,549.55%,9,222.71000000000004,$21.98,NOP 3,CHI 2,user49,1,marvalshot,14919,4673321694_49
Jose Alvarado (38188072),Jordan Hawkins (38188226),Josh Giddey (38187852),Justin Edwards (38188054),DeAndre Jordan (38188451),Jamal Murray (38187885),Kelly Olynyk (38188016),Anthony Davis (38187835),291.41,387.6,49600,100.00%,14829,235.1%,0,254.76999999999998,$9.4,NOP 3,DEN 2,user10,1,marvalshot,14926,4673321695_10
Jordan Hawkins (38188226),Jamal Murray (38187885),LeBron James (38187831),Paolo Banchero (38187839),DeAndre Jordan (38188451),Jared Butler (38187963),Justin Edwards (38188054),Keion Brooks Jr. (38188338),295.68,388.52,49600,100.00%,47195,3020.97%,196,234.42,$120.84,NOP 2,DEN 2,user7,1,marvalshot,14775,4673321688_7
Jordan Hawkins (38188226),Jared Butler (38187963),Scottie Barnes (38187870),LeBron James (38187831),Yves Missi (38188145),Jamal Murray (38187885),Justin Edwards (38188054),DeAndre Jordan (38188451),290.94000000000005,387.1000000000001,49700,100.00%,12623,204.95%,0,224.56,$8.2,NOP 2,PHI 2,user13,47,marvalshot,14785,4673321689_13
Jared Butler (38187963),Anthony Edwards (38187845),Michael Porter Jr. (38187929),Paolo Banchero (38187839),DeAndre Jordan (38188451),Jose Alvarado (38188072),Kelly Olynyk (38188016),Jordan Hawkins (38188226),294.67999999999995,391.7099999999999,49500,100.00%,43920,994.71%,12,231.07000000000002,$39.79,NOP 3,DEN 2,user17,1,marvalshot,14803,4673321690_17
Jared Butler (38187963),Anthony Edwards (38187845),Keion Brooks Jr. (38188338),Paolo Banchero (38187839),DeAndre Jordan (38188451),Josh Giddey (38187852),Justin Edwards (38188054),Jordan Hawkins (38188226),295.71,386.44,49800,100.00%,47881,869.73%,386,237.74,$34.79,PHI 2,NOP 2,user12,51,marvalshot,3177,4673321691_12
Jose Alvarado (38188072),Anthony Edwards (38187845),LeBron James (38187831),Kelly Olynyk (38188016),Yves Missi (38188145),Jordan Hawkins (38188226),Justin Edwards (38188054),Aaron Gordon (38187939),295.37000000000006,391.2300000000001,50000,100.00%,45612,2813.91%,143,245.31,$112.56,NOP 4,MIN 1,user7,1,marvalshot,14839,4673321692_7
Scottie Barnes (38187870),Jared Butler (38187963),LeBron James (38187831),Justin Edwards (38188054),Yves Missi (38188145),Jordan Hawkins (38188226),Keion Brooks Jr. (38188338),Jamal Murray (38187885),288.83000000000004,384.16,49900,100.00%,3117,162.36%,0,211.81,$6.49,NOP 3,PHI 2,user12,39,marvalshot,8012,4673321693_12
Coby White (38187889),Jordan Hawkins (38188226),Josh Giddey (38187852),Paolo Banchero (38187839),Yves Missi (38188145),Jared Butler (38187963),Justin Edwards (38188054),DeAndre Jordan (38188451),293.65000000000003,382.70000000000005,49600,100.00%,36618,516.86%,1,230.95000000000002,$20.67,CHI 2,NOP 2,user5,1,marvalshot,14880,4673321694_5
Jordan Hawkins (38188226),Jared Butler (38187963),Josh Giddey (38187852),Justin Edwards (38188054),Yves Missi (38188145),Jamal Murray (38187885),Anthony Davis (38187835),DeAndre Jordan (38188451),291.37,385.99,50000,100.00%,15123,232.42%,0,228.44,$9.3,NOP 2,PHI 2,user13,1,marvalshot,14929,4673321695_13
Jordan Hawkins (38188226),Jared Butler (38187963),LeBron James (38187831),Paolo Banchero (38187839),DeAndre Jordan (38188451),Jose Alvarado (38188072),Aaron Gordon (38187939),Kelly Olynyk (38188016),295.34000000000003,396.19000000000005,50000,100.00%,45767,2824.2%,164,229.96999999999997,$112.97,NOP 3,DEN 2,user5,1,marvalshot,14772,4673321688_5
Jordan Hawkins (38188226),Jared Butler (38187963),Scottie Barnes (38187870),LeBron James (38187831),Yves Missi (38188145),Jamal Murray (38187885),Justin Edwards (38188054),DeAndre Jordan (38188451),290.94000000000005,387.1000000000001,49700,100.00%,12623,204.95%,0,224.56,$8.2,NOP 2,PHI 2,user14,47,marvalshot,14785,4673321689_14
Jamal Murray (38187885),Anthony Edwards (38187845),Justin Edwards (38188054),Paolo Banchero (38187839),Kelly Olynyk (38188016),Jordan Hawkins (38188226),Keion Brooks Jr. (38188338),Jeff Dowtin (38188058),294.01000000000005,385.39000000000004,50000,100.00%,39519,979.15%,48,260.85,$39.17,NOP 3,PHI 2,user37,1,marvalshot,14820,4673321690_37
Jared Butler (38187963),Anthony Edwards (38187845),Keion Brooks Jr. (38188338),Paolo Banchero (38187839),DeAndre Jordan (38188451),Josh Giddey (38187852),Justin Edwards (38188054),Jordan Hawkins (38188226),295.71,386.44,49800,100.00%,47881,869.73%,386,237.74,$34.79,PHI 2,NOP 2,user13,51,marvalshot,3177,4673321691_13
Jordan Hawkins (38188226),Anthony Edwards (38187845),LeBron James (38187831),Justin Edwards (38188054),Kelly Olynyk (38188016),Jamal Murray (38187885),Keion Brooks Jr. (38188338),Yves Missi (38188145),295.25,390.5,49900,100.00%,45061,2769.59%,152,241.51999999999998,$110.78,NOP 4,MIN 1,user13,1,marvalshot,14845,4673321692_13
Scottie Barnes (38187870),Jared Butler (38187963),LeBron James (38187831),Justin Edwards (38188054),Yves Missi (38188145),Jordan Hawkins (38188226),Keion Brooks Jr. (38188338),Jamal Murray (38187885),288.83000000000004,384.16,49900,100.00%,3117,162.36%,0,211.81,$6.49,NOP 3,PHI 2,user13,39,marvalshot,8012,4673321693_13
Jeff Dowtin (38188058),Jordan Hawkins (38188226),Michael Porter Jr. (38187929),Paolo Banchero (38187839),Yves Missi (38188145),Josh Giddey (38187852),Justin Edwards (38188054),Kelly Olynyk (38188016),293.1,383.24,49600,100.00%,32031,488.69%,3,262.11,$19.55,NOP 3,PHI 2,user38,2,marvalshot,4944,4673321694_38
Jamal Murray (38187885),Jordan Hawkins (38188226),Justin Edwards (38188054),Michael Porter Jr. (38187929),Yves Missi (38188145),Jose Alvarado (38188072),Cameron Johnson (38187925),Josh Giddey (38187852),290.82,376.95,49400,100.00%,11130,231.87%,1,216.08,$9.27,NOP 3,DEN 2,user35,1,marvalshot,14951,4673321695_35
Jared Butler (38187963),Jamal Murray (38187885),LeBron James (38187831),Paolo Banchero (38187839),Kelly Olynyk (38188016),Jordan Hawkins (38188226),Keion Brooks Jr. (38188338),DeAndre Jordan (38188451),295.22,395.46000000000004,49900,100.00%,45160,812.47%,251,226.17999999999998,$32.5,NOP 3,DEN 2,user2,36,marvalshot,14769,4673321688_2
Jordan Hawkins (38188226),Jared Butler (38187963),Scottie Barnes (38187870),LeBron James (38187831),Yves Missi (38188145),Jamal Murray (38187885),Justin Edwards (38188054),DeAndre Jordan (38188451),290.94000000000005,387.1000000000001,49700,100.00%,12623,204.95%,0,224.56,$8.2,NOP 2,PHI 2,user15,47,marvalshot,14785,4673321689_15
Jared Butler (38187963),Anthony Edwards (38187845),Justin Edwards (38188054),Paolo Banchero (38187839),DeAndre Jordan (38188451),Jordan Hawkins (38188226),Karlo Matkovic (38188167),Jamal Murray (38187885),294.21000000000004,385.06000000000006,50000,100.00%,40361,927.26%,39,223.64,$37.09,PHI 2,DEN 2,user43,1,marvalshot,14826,4673321690_43
Jared Butler (38187963),Anthony Edwards (38187845),Keion Brooks Jr. (38188338),Paolo Banchero (38187839),DeAndre Jordan (38188451),Josh Giddey (38187852),Justin Edwards (38188054),Jordan Hawkins (38188226),295.71,386.44,49800,100.00%,47881,869.73%,386,237.74,$34.79,PHI 2,NOP 2,user14,51,marvalshot,3177,4673321691_14
Jeff Dowtin (38188058),Anthony Edwards (38187845),LeBron James (38187831),Justin Edwards (38188054),DeAndre Jordan (38188451),Jordan Hawkins (38188226),Michael Porter Jr. (38187929),Jared Butler (38187963),295.52,387.40999999999997,49700,100.00%,46312,2731.46%,97,253.23999999999998,$109.26,PHI 3,DEN 2,user28,1,marvalshot,14860,4673321692_28
Scottie Barnes (38187870),Jared Butler (38187963),LeBron James (38187831),Justin Edwards (38188054),Yves Missi (38188145),Jordan Hawkins (38188226),Keion Brooks Jr. (38188338),Jamal Murray (38187885),288.83000000000004,384.16,49900,100.00%,3117,162.36%,0,211.81,$6.49,NOP 3,PHI 2,user14,39,marvalshot,8012,4673321693_14
Jordan Hawkins (38188226),Jared Butler (38187963),Justin Edwards (38188054),Paolo Banchero (38187839),DeAndre Jordan (38188451),Jamal Murray (38187885),Josh Giddey (38187852),Karlo Matkovic (38188167),293.43,383.04999999999995,49600,100.00%,34866,477.26%,4,225.08,$19.09,NOP 2,PHI 2,user18,1,marvalshot,14892,4673321694_18
Jeff Dowtin (38188058),Jamal Murray (38187885),Josh Giddey (38187852),Justin Edwards (38188054),Nikola Vucevic (38187902),Jose Alvarado (38188072),Kelly Olynyk (38188016),Jordan Hawkins (38188226),290.84,381.46999999999997,49000,100.00%,10603,222.6%,0,258.35,$8.9,NOP 3,PHI 2,user,1,marvalshot,13415,4673321695
Jared Butler (38187963),Jordan Hawkins (38188226),LeBron James (38187831),Paolo Banchero (38187839),Kelly Olynyk (38188016),Jamal Murray (38187885),Keion Brooks Jr. (38188338),DeAndre Jordan (38188451),295.22,395.46000000000004,49900,100.00%,45160,812.47%,251,226.18,$32.5,NOP 3,DEN 2,user15,36,marvalshot,14769,4673321688_15
Jordan Hawkins (38188226),Jared Butler (38187963),Scottie Barnes (38187870),LeBron James (38187831),Yves Missi (38188145),Jamal Murray (38187885),Justin Edwards (38188054),DeAndre Jordan (38188451),290.94000000000005,387.1000000000001,49700,100.00%,12623,204.95%,0,224.56,$8.2,NOP 2,PHI 2,user16,47,marvalshot,14785,4673321689_16
Jordan Hawkins (38188226),Anthony Edwards (38187845),Justin Edwards (38188054),Paolo Banchero (38187839),Yves Missi (38188145),Jeff Dowtin (38188058),Michael Porter Jr. (38187929),Kelly Olynyk (38188016),293.88,385.25,50000,100.00%,38695,908.95%,32,260.67,$36.36,NOP 3,PHI 2,user21,1,marvalshot,14806,4673321690_21
Jared Butler (38187963),Anthony Edwards (38187845),Keion Brooks Jr. (38188338),Paolo Banchero (38187839),DeAndre Jordan (38188451),Josh Giddey (38187852),Justin Edwards (38188054),Jordan Hawkins (38188226),295.71,386.44,49800,100.00%,47881,869.73%,386,237.74,$34.79,PHI 2,NOP 2,user15,51,marvalshot,3177,4673321691_15
Jose Alvarado (38188072),Anthony Edwards (38187845),LeBron James (38187831),Justin Edwards (38188054),Yves Missi (38188145),Jordan Hawkins (38188226),Keion Brooks Jr. (38188338),Jamal Murray (38187885),295.14,388.30999999999995,49500,100.00%,44339,2219.86%,110,240.04000000000002,$88.79,NOP 4,MIN 1,user3,1,marvalshot,14835,4673321692_3
Scottie Barnes (38187870),Jared Butler (38187963),LeBron James (38187831),Justin Edwards (38188054),Yves Missi (38188145),Jordan Hawkins (38188226),Keion Brooks Jr. (38188338),Jamal Murray (38187885),288.83000000000004,384.16,49900,100.00%,3117,162.36%,0,211.81,$6.49,NOP 3,PHI 2,user15,39,marvalshot,8012,4673321693_15
Jordan Hawkins (38188226),Jared Butler (38187963),Justin Edwards (38188054),Paolo Banchero (38187839),Nic Claxton (38187999),Jose Alvarado (38188072),Kelly Olynyk (38188016),Josh Giddey (38187852),293.23,385.55,50000,100.00%,33401,470.01%,2,223.99,$18.8,NOP 3,PHI 2,user20,1,marvalshot,14894,4673321694_20
Jamal Murray (38187885),Jared Butler (38187963),Josh Giddey (38187852),PJ Washington (38187881),Yves Missi (38188145),Jose Alvarado (38188072),Justin Edwards (38188054),Jordan Hawkins (38188226),290.85999999999996,376.46999999999997,49900,100.00%,11230,218.32%,0,216.3,$8.73,NOP 3,PHI 2,user44,1,marvalshot,14960,4673321695_44
Jared Butler (38187963),Jordan Hawkins (38188226),LeBron James (38187831),Paolo Banchero (38187839),Kelly Olynyk (38188016),Jamal Murray (38187885),Keion Brooks Jr. (38188338),DeAndre Jordan (38188451),295.22,395.46000000000004,49900,100.00%,45160,812.47%,251,226.18,$32.5,NOP 3,DEN 2,user16,36,marvalshot,14769,4673321688_16
Jordan Hawkins (38188226),Jared Butler (38187963),Scottie Barnes (38187870),LeBron James (38187831),Yves Missi (38188145),Jamal Murray (38187885),Justin Edwards (38188054),DeAndre Jordan (38188451),290.94000000000005,387.1000000000001,49700,100.00%,12623,204.95%,0,224.56,$8.2,NOP 2,PHI 2,user17,47,marvalshot,14785,4673321689_17
Jared Butler (38187963),Anthony Edwards (38187845),Justin Edwards (38188054),Paolo Banchero (38187839),DeAndre Jordan (38188451),Josh Giddey (38187852),Keion Brooks Jr. (38188338),Jordan Hawkins (38188226),295.71000000000004,386.44000000000005,49800,100.00%,47881,869.73%,386,237.74,$34.79,PHI 2,NOP 2,user18,51,marvalshot,3177,4673321690_18
Jared Butler (38187963),Anthony Edwards (38187845),Keion Brooks Jr. (38188338),Paolo Banchero (38187839),DeAndre Jordan (38188451),Josh Giddey (38187852),Justin Edwards (38188054),Jordan Hawkins (38188226),295.71,386.44,49800,100.00%,47881,869.73%,386,237.74,$34.79,PHI 2,NOP 2,user16,51,marvalshot,3177,4673321691_16
Jamal Murray (38187885),Anthony Edwards (38187845),LeBron James (38187831),Michael Porter Jr. (38187929),DeAndre Jordan (38188451),Jordan Hawkins (38188226),Keion Brooks Jr. (38188338),Jose Alvarado (38188072),294.75,390.99,49800,100.00%,41916,2028.05%,117,220.97,$81.12,DEN 3,NOP 3,user18,1,marvalshot,14851,4673321692_18
Scottie Barnes (38187870),Jared Butler (38187963),LeBron James (38187831),Justin Edwards (38188054),Yves Missi (38188145),Jordan Hawkins (38188226),Keion Brooks Jr. (38188338),Jamal Murray (38187885),288.83000000000004,384.16,49900,100.00%,3117,162.36%,0,211.81,$6.49,NOP 3,PHI 2,user17,39,marvalshot,8012,4673321693_17
Jose Alvarado (38188072),Kevin Huerter (38188001),Josh Giddey (38187852),Paolo Banchero (38187839),Kelly Olynyk (38188016),Jordan Hawkins (38188226),Justin Edwards (38188054),Jared Butler (38187963),293.17,381.59000000000003,50000,100.00%,32714,459.96%,4,227.82000000000002,$18.4,NOP 3,CHI 2,user14,1,marvalshot,14889,4673321694_14
Josh Giddey (38187852),Jordan Hawkins (38188226),Justin Edwards (38188054),Kelly Olynyk (38188016),Yves Missi (38188145),Coby White (38187889),Christian Braun (38187973),Jamal Murray (38187885),290.46999999999997,376.28999999999996,50000,100.00%,8859,214.72%,0,215.35000000000002,$8.59,NOP 3,CHI 2,user6,2,marvalshot,13474,4673321695_6
Jared Butler (38187963),Jordan Hawkins (38188226),LeBron James (38187831),Paolo Banchero (38187839),Kelly Olynyk (38188016),Jamal Murray (38187885),Keion Brooks Jr. (38188338),DeAndre Jordan (38188451),295.22,395.46000000000004,49900,100.00%,45160,812.47%,251,226.18,$32.5,NOP 3,DEN 2,user17,36,marvalshot,14769,4673321688_17
Jordan Hawkins (38188226),Jared Butler (38187963),Scottie Barnes (38187870),LeBron James (38187831),Yves Missi (38188145),Jamal Murray (38187885),Justin Edwards (38188054),DeAndre Jordan (38188451),290.94000000000005,387.1000000000001,49700,100.00%,12623,204.95%,0,224.56,$8.2,NOP 2,PHI 2,user18,47,marvalshot,14785,4673321689_18
Coby White (38187889),Anthony Edwards (38187845),Justin Edwards (38188054),Paolo Banchero (38187839),DeAndre Jordan (38188451),Jordan Hawkins (38188226),Kelly Olynyk (38188016),Jose Alvarado (38188072),294.47,386.32000000000005,49600,100.00%,42955,803.36%,4,255.84000000000003,$32.13,NOP 3,CHI 1,user16,1,marvalshot,14802,4673321690_16
Jared Butler (38187963),Anthony Edwards (38187845),Keion Brooks Jr. (38188338),Paolo Banchero (38187839),DeAndre Jordan (38188451),Josh Giddey (38187852),Justin Edwards (38188054),Jordan Hawkins (38188226),295.71,386.44,49800,100.00%,47881,869.73%,386,237.74,$34.79,PHI 2,NOP 2,user17,51,marvalshot,3177,4673321691_17
Jared Butler (38187963),Anthony Edwards (38187845),LeBron James (38187831),Justin Edwards (38188054),Kelly Olynyk (38188016),Jordan Hawkins (38188226),Aaron Gordon (38187939),DeAndre Jordan (38188451),295.05000000000007,390.50000000000006,49700,100.00%,44361,1754.48%,63,240.16000000000003,$70.18,PHI 2,NOP 2,user11,1,marvalshot,14843,4673321692_11
Scottie Barnes (38187870),Jared Butler (38187963),LeBron James (38187831),Justin Edwards (38188054),Yves Missi (38188145),Jordan Hawkins (38188226),Keion Brooks Jr. (38188338),Jamal Murray (38187885),288.83000000000004,384.16,49900,100.00%,3117,162.36%,0,211.81,$6.49,NOP 3,PHI 2,user16,39,marvalshot,8012,4673321693_16
Jordan Hawkins (38188226),Christian Braun (38187973),Michael Porter Jr. (38187929),Paolo Banchero (38187839),Kelly Olynyk (38188016),Jose Alvarado (38188072),Justin Edwards (38188054),Jamal Murray (38187885),292.81999999999994,379.29999999999995,50000,100.00%,29067,438.19%,5,223.24,$17.53,NOP 3,DEN 3,user46,1,marvalshot,14916,4673321694_46
Jose Alvarado (38188072),Jordan Hawkins (38188226),Josh Giddey (38187852),Michael Porter Jr. (38187929),Kelly Olynyk (38188016),Jamal Murray (38187885),Cameron Johnson (38187925),Yves Missi (38188145),290.35999999999996,383.89,49700,100.00%,8270,211.96%,0,207.84,$8.48,NOP 4,DEN 2,user37,1,marvalshot,14953,4673321695_37
Jared Butler (38187963),Jordan Hawkins (38188226),LeBron James (38187831),Paolo Banchero (38187839),Kelly Olynyk (38188016),Jamal Murray (38187885),Keion Brooks Jr. (38188338),DeAndre Jordan (38188451),295.22,395.46000000000004,49900,100.00%,45160,812.47%,251,226.18,$32.5,NOP 3,DEN 2,user18,36,marvalshot,14769,4673321688_18
Jordan Hawkins (38188226),Jared Butler (38187963),Scottie Barnes (38187870),LeBron James (38187831),Yves Missi (38188145),Jamal Murray (38187885),Justin Edwards (38188054),DeAndre Jordan (38188451),290.94000000000005,387.1000000000001,49700,100.00%,12623,204.95%,0,224.56,$8.2,NOP 2,PHI 2,user20,47,marvalshot,14785,4673321689_20
Jordan Hawkins (38188226),Anthony Edwards (38187845),Michael Porter Jr. (38187929),Paolo Banchero (38187839),Yves Missi (38188145),Jose Alvarado (38188072),Justin Edwards (38188054),Jeff Dowtin (38188058),293.77,383.06,49600,100.00%,37531,654.44%,3,259.19000000000005,$26.18,NOP 3,PHI 2,user31,1,marvalshot,14816,4673321690_31
Jared Butler (38187963),Anthony Edwards (38187845),Keion Brooks Jr. (38188338),Paolo Banchero (38187839),DeAndre Jordan (38188451),Josh Giddey (38187852),Justin Edwards (38188054),Jordan Hawkins (38188226),295.71,386.44,49800,100.00%,47881,869.73%,386,237.74,$34.79,PHI 2,NOP 2,user18,51,marvalshot,3177,4673321691_18
Jose Alvarado (38188072),Anthony Edwards (38187845),LeBron James (38187831),Justin Edwards (38188054),DeAndre Jordan (38188451),Jordan Hawkins (38188226),Josh Giddey (38187852),Keion Brooks Jr. (38188338),295.19,388.53,49000,100.00%,45216,1599.23%,37,257.99,$63.97,NOP 3,MIN 1,user23,1,marvalshot,14855,4673321692_23
Scottie Barnes (38187870),Jared Butler (38187963),LeBron James (38187831),Justin Edwards (38188054),Yves Missi (38188145),Jordan Hawkins (38188226),Keion Brooks Jr. (38188338),Jamal Murray (38187885),288.83000000000004,384.16,49900,100.00%,3117,162.36%,0,211.81,$6.49,NOP 3,PHI 2,user18,39,marvalshot,8012,4673321693_18
Jordan Hawkins (38188226),Jamal Murray (38187885),Justin Edwards (38188054),Paolo Banchero (38187839),Yves Missi (38188145),Jose Alvarado (38188072),Aaron Gordon (38187939),Michael Porter Jr. (38187929),292.53999999999996,379.65999999999997,49700,100.00%,26187,382.78%,2,218.77000000000004,$15.31,NOP 3,DEN 3,user43,1,marvalshot,14913,4673321694_43
Jose Alvarado (38188072),Jordan Hawkins (38188226),Michael Porter Jr. (38187929),Kelly Olynyk (38188016),Yves Missi (38188145),Jamal Murray (38187885),Aaron Gordon (38187939),Josh Giddey (38187852),290.44,383.65,49200,100.00%,8686,210.48%,0,212.44,$8.42,NOP 4,DEN 3,user49,1,marvalshot,14965,4673321695_49
Jared Butler (38187963),Jordan Hawkins (38188226),LeBron James (38187831),Paolo Banchero (38187839),Kelly Olynyk (38188016),Jamal Murray (38187885),Keion Brooks Jr. (38188338),DeAndre Jordan (38188451),295.22,395.46000000000004,49900,100.00%,45160,812.47%,251,226.18,$32.5,NOP 3,DEN 2,user19,36,marvalshot,14769,4673321688_19
Jordan Hawkins (38188226),Jared Butler (38187963),Scottie Barnes (38187870),LeBron James (38187831),Yves Missi (38188145),Jamal Murray (38187885),Justin Edwards (38188054),DeAndre Jordan (38188451),290.94000000000005,387.1000000000001,49700,100.00%,12623,204.95%,0,224.56,$8.2,NOP 2,PHI 2,user19,47,marvalshot,14785,4673321689_19
Jose Alvarado (38188072),Anthony Edwards (38187845),Michael Porter Jr. (38187929),Paolo Banchero (38187839),Yves Missi (38188145),Jeff Dowtin (38188058),Kelly Olynyk (38188016),Jordan Hawkins (38188226),293.30999999999995,389.99999999999994,49900,100.00%,33725,594.12%,9,250.95000000000002,$23.76,NOP 4,MIN 1,user25,1,marvalshot,14810,4673321690_25
Jared Butler (38187963),Anthony Edwards (38187845),Keion Brooks Jr. (38188338),Paolo Banchero (38187839),DeAndre Jordan (38188451),Josh Giddey (38187852),Justin Edwards (38188054),Jordan Hawkins (38188226),295.71,386.44,49800,100.00%,47881,869.73%,386,237.74,$34.79,PHI 2,NOP 2,user19,51,marvalshot,3177,4673321691_19
Josh Giddey (38187852),Anthony Edwards (38187845),LeBron James (38187831),Kelly Olynyk (38188016),DeAndre Jordan (38188451),Jose Alvarado (38188072),Keion Brooks Jr. (38188338),Jordan Hawkins (38188226),294.73,395.47,49300,100.00%,42875,1433.12%,52,249.75,$57.32,NOP 4,CHI 1,user22,1,marvalshot,14854,4673321692_22
Scottie Barnes (38187870),Jared Butler (38187963),LeBron James (38187831),Justin Edwards (38188054),Yves Missi (38188145),Jordan Hawkins (38188226),Keion Brooks Jr. (38188338),Jamal Murray (38187885),288.83000000000004,384.16,49900,100.00%,3117,162.36%,0,211.81,$6.49,NOP 3,PHI 2,user19,39,marvalshot,8012,4673321693_19
Jose Alvarado (38188072),Jordan Hawkins (38188226),Josh Giddey (38187852),Paolo Banchero (38187839),Yves Missi (38188145),Jared Butler (38187963),Christian Braun (38187973),Justin Edwards (38188054),292.65000000000003,379.98,49500,100.00%,27267,354.03%,1,224.21,$14.16,NOP 3,PHI 2,user34,1,marvalshot,14906,4673321694_34
Jared Butler (38187963),Jamal Murray (38187885),Justin Edwards (38188054),Aaron Gordon (38187939),Karlo Matkovic (38188167),Josh Giddey (38187852),Michael Porter Jr. (38187929),Jordan Hawkins (38188226),289.93,375.6,50000,100.00%,6540,203.02%,0,190.73000000000002,$8.12,DEN 3,PHI 2,user32,1,marvalshot,14948,4673321695_32
Jared Butler (38187963),Jordan Hawkins (38188226),LeBron James (38187831),Paolo Banchero (38187839),Kelly Olynyk (38188016),Jamal Murray (38187885),Keion Brooks Jr. (38188338),DeAndre Jordan (38188451),295.22,395.46000000000004,49900,100.00%,45160,812.47%,251,226.18,$32.5,NOP 3,DEN 2,user20,36,marvalshot,14769,4673321688_20
Jordan Hawkins (38188226),Jared Butler (38187963),Scottie Barnes (38187870),LeBron James (38187831),Yves Missi (38188145),Jamal Murray (38187885),Justin Edwards (38188054),DeAndre Jordan (38188451),290.94000000000005,387.1000000000001,49700,100.00%,12623,204.95%,0,224.56,$8.2,NOP 2,PHI 2,user21,47,marvalshot,14785,4673321689_21
Jose Alvarado (38188072),Anthony Edwards (38187845),Justin Edwards (38188054),Paolo Banchero (38187839),Yves Missi (38188145),Jared Butler (38187963),Christian Braun (38187973),Jordan Hawkins (38188226),293.43,381.99,49900,100.00%,34619,540.67%,5,222.77,$21.63,NOP 3,PHI 2,user29,1,marvalshot,14814,4673321690_29
Jared Butler (38187963),Anthony Edwards (38187845),Keion Brooks Jr. (38188338),Paolo Banchero (38187839),DeAndre Jordan (38188451),Josh Giddey (38187852),Justin Edwards (38188054),Jordan Hawkins (38188226),295.71,386.44,49800,100.00%,47881,869.73%,386,237.74,$34.79,PHI 2,NOP 2,user20,51,marvalshot,3177,4673321691_20
Jose Alvarado (38188072),Anthony Edwards (38187845),LeBron James (38187831),Kelly Olynyk (38188016),Yves Missi (38188145),Jamal Murray (38187885),Keion Brooks Jr. (38188338),Jordan Hawkins (38188226),294.68,395.25,49800,100.00%,42221,1425.15%,42,231.8,$57.01,NOP 5,MIN 1,user,1,marvalshot,8045,4673321692
Scottie Barnes (38187870),Jared Butler (38187963),LeBron James (38187831),Justin Edwards (38188054),Yves Missi (38188145),Jordan Hawkins (38188226),Keion Brooks Jr. (38188338),Jamal Murray (38187885),288.83000000000004,384.16,49900,100.00%,3117,162.36%,0,211.81,$6.49,NOP 3,PHI 2,user20,39,marvalshot,8012,4673321693_20
Jose Alvarado (38188072),Jordan Hawkins (38188226),Christian Braun (38187973),Paolo Banchero (38187839),Yves Missi (38188145),Josh Giddey (38187852),Kelly Olynyk (38188016),Jared Butler (38187963),292.19,386.92,49800,100.00%,22581,332.53%,2,215.97,$13.3,NOP 4,DEN 1,user3,1,marvalshot,14878,4673321694_3
Jeff Dowtin (38188058),Coby White (38187889),Josh Giddey (38187852),Justin Edwards (38188054),DeAndre Jordan (38188451),Jamal Murray (38187885),Michael Porter Jr. (38187929),Jordan Hawkins (38188226),290.38,374.44,49000,100.00%,7630,202.22%,0,245.14000000000001,$8.09,DEN 3,PHI 2,user24,1,marvalshot,14940,4673321695_24
Jared Butler (38187963),Jordan Hawkins (38188226),LeBron James (38187831),Paolo Banchero (38187839),Kelly Olynyk (38188016),Jamal Murray (38187885),Keion Brooks Jr. (38188338),DeAndre Jordan (38188451),295.22,395.46000000000004,49900,100.00%,45160,812.47%,251,226.18,$32.5,NOP 3,DEN 2,user21,36,marvalshot,14769,4673321688_21
Jordan Hawkins (38188226),Jared Butler (38187963),Scottie Barnes (38187870),LeBron James (38187831),Yves Missi (38188145),Jamal Murray (38187885),Justin Edwards (38188054),DeAndre Jordan (38188451),290.94000000000005,387.1000000000001,49700,100.00%,12623,204.95%,0,224.56,$8.2,NOP 2,PHI 2,user22,47,marvalshot,14785,4673321689_22
Jamal Murray (38187885),Anthony Edwards (38187845),Justin Edwards (38188054),Paolo Banchero (38187839),DeAndre Jordan (38188451),Jordan Hawkins (38188226),Christian Braun (38187973),Yves Missi (38188145),293.65,381.32,50000,100.00%,36431,519.47%,4,227.70000000000002,$20.78,DEN 3,NOP 2,user30,1,marvalshot,14815,4673321690_30
Jared Butler (38187963),Anthony Edwards (38187845),Keion Brooks Jr. (38188338),Paolo Banchero (38187839),DeAndre Jordan (38188451),Josh Giddey (38187852),Justin Edwards (38188054),Jordan Hawkins (38188226),295.71,386.44,49800,100.00%,47881,869.73%,386,237.74,$34.79,PHI 2,NOP 2,user21,51,marvalshot,3177,4673321691_21
Jordan Hawkins (38188226),Anthony Edwards (38187845),LeBron James (38187831),Justin Edwards (38188054),DeAndre Jordan (38188451),Jared Butler (38187963),Cameron Johnson (38187925),Jose Alvarado (38188072),294.86,388.55,49800,100.00%,42969,1391.76%,47,234.08,$55.67,NOP 2,PHI 2,user29,1,marvalshot,14861,4673321692_29
Scottie Barnes (38187870),Jared Butler (38187963),LeBron James (38187831),Justin Edwards (38188054),Yves Missi (38188145),Jordan Hawkins (38188226),Keion Brooks Jr. (38188338),Jamal Murray (38187885),288.83000000000004,384.16,49900,100.00%,3117,162.36%,0,211.81,$6.49,NOP 3,PHI 2,user21,39,marvalshot,8012,4673321693_21
Josh Giddey (38187852),Jordan Hawkins (38188226),Justin Edwards (38188054),Paolo Banchero (38187839),Yves Missi (38188145),Jose Alvarado (38188072),Cameron Johnson (38187925),Kelly Olynyk (38188016),292.44000000000005,384.38000000000005,49700,100.00%,24972,310.31%,0,242.95000000000002,$12.41,NOP 4,CHI 1,user25,1,marvalshot,14898,4673321694_25
Jordan Hawkins (38188226),Jamal Murray (38187885),Justin Edwards (38188054),Cameron Johnson (38187925),Yves Missi (38188145),Josh Giddey (38187852),Kelly Olynyk (38188016),Jared Butler (38187963),290.43,380.48,49100,100.00%,7721,199.45%,0,221.76,$7.98,NOP 3,PHI 2,user4,1,marvalshot,14922,4673321695_4
Jared Butler (38187963),Jordan Hawkins (38188226),LeBron James (38187831),Paolo Banchero (38187839),Kelly Olynyk (38188016),Jamal Murray (38187885),Keion Brooks Jr. (38188338),DeAndre Jordan (38188451),295.22,395.46000000000004,49900,100.00%,45160,812.47%,251,226.18,$32.5,NOP 3,DEN 2,user22,36,marvalshot,14769,4673321688_22
Jordan Hawkins (38188226),Jared Butler (38187963),Scottie Barnes (38187870),LeBron James (38187831),Yves Missi (38188145),Jamal Murray (38187885),Justin Edwards (38188054),DeAndre Jordan (38188451),290.94000000000005,387.1000000000001,49700,100.00%,12623,204.95%,0,224.56,$8.2,NOP 2,PHI 2,user23,47,marvalshot,14785,4673321689_23
Jordan Hawkins (38188226),Anthony Edwards (38187845),Josh Giddey (38187852),Paolo Banchero (38187839),DeAndre Jordan (38188451),Jared Butler (38187963),Keion Brooks Jr. (38188338),Jeff Dowtin (38188058),293.45000000000005,388.75000000000006,49800,100.00%,34559,499.8%,13,242.75,$19.99,NOP 2,PHI 2,user19,1,marvalshot,14804,4673321690_19
Jared Butler (38187963),Anthony Edwards (38187845),Keion Brooks Jr. (38188338),Paolo Banchero (38187839),DeAndre Jordan (38188451),Josh Giddey (38187852),Justin Edwards (38188054),Jordan Hawkins (38188226),295.71,386.44,49800,100.00%,47881,869.73%,386,237.74,$34.79,PHI 2,NOP 2,user22,51,marvalshot,3177,4673321691_22
Jared Butler (38187963),Anthony Edwards (38187845),LeBron James (38187831),Aaron Gordon (38187939),DeAndre Jordan (38188451),Jordan Hawkins (38188226),Justin Edwards (38188054),Jose Alvarado (38188072),294.94000000000005,388.31000000000006,49300,100.00%,43607,1273.58%,27,238.68,$50.94,PHI 2,DEN 2,user17,1,marvalshot,14849,4673321692_17
Scottie Barnes (38187870),Jared Butler (38187963),LeBron James (38187831),Justin Edwards (38188054),Yves Missi (38188145),Jordan Hawkins (38188226),Keion Brooks Jr. (38188338),Jamal Murray (38187885),288.83000000000004,384.16,49900,100.00%,3117,162.36%,0,211.81,$6.49,NOP 3,PHI 2,user22,39,marvalshot,8012,4673321693_22
Jared Butler (38187963),Jordan Hawkins (38188226),Josh Giddey (38187852),Paolo Banchero (38187839),Nikola Vucevic (38187902),Jeff Dowtin (38188058),Justin Edwards (38188054),DeAndre Jordan (38188451),292.49,383.03000000000003,49700,100.00%,25507,308.22%,1,248.06,$12.33,PHI 3,CHI 2,user24,1,marvalshot,14897,4673321694_24
Coby White (38187889),Jared Butler (38187963),Michael Porter Jr. (38187929),Aaron Gordon (38187939),Yves Missi (38188145),Jordan Hawkins (38188226),Josh Giddey (38187852),Jose Alvarado (38188072),289.58000000000004,380.0,49900,100.00%,5648,199.4%,0,186.88,$7.98,NOP 3,CHI 2,user11,1,marvalshot,14927,4673321695_11
Jared Butler (38187963),Jordan Hawkins (38188226),LeBron James (38187831),Paolo Banchero (38187839),Kelly Olynyk (38188016),Jamal Murray (38187885),Keion Brooks Jr. (38188338),DeAndre Jordan (38188451),295.22,395.46000000000004,49900,100.00%,45160,812.47%,251,226.18,$32.5,NOP 3,DEN 2,user23,36,marvalshot,14769,4673321688_23
Jordan Hawkins (38188226),Jared Butler (38187963),Scottie Barnes (38187870),LeBron James (38187831),Yves Missi (38188145),Jamal Murray (38187885),Justin Edwards (38188054),DeAndre Jordan (38188451),290.94000000000005,387.1000000000001,49700,100.00%,12623,204.95%,0,224.56,$8.2,NOP 2,PHI 2,user24,47,marvalshot,14785,4673321689_24
Jordan Hawkins (38188226),Anthony Edwards (38187845),Keion Brooks Jr. (38188338),Paolo Banchero (38187839),Yves Missi (38188145),Josh Giddey (38187852),Michael Porter Jr. (38187929),DeAndre Jordan (38188451),293.12,387.44,50000,100.00%,31065,494.9%,7,220.02,$19.8,NOP 3,DEN 2,user44,1,marvalshot,14827,4673321690_44
Jared Butler (38187963),Anthony Edwards (38187845),Keion Brooks Jr. (38188338),Paolo Banchero (38187839),DeAndre Jordan (38188451),Josh Giddey (38187852),Justin Edwards (38188054),Jordan Hawkins (38188226),295.71,386.44,49800,100.00%,47881,869.73%,386,237.74,$34.79,PHI 2,NOP 2,user23,51,marvalshot,3177,4673321691_23
Jordan Hawkins (38188226),Anthony Edwards (38187845),LeBron James (38187831),Chuma Okeke (38188147),Yves Missi (38188145),Josh Giddey (38187852),Justin Edwards (38188054),DeAndre Jordan (38188451),294.45000000000005,384.81000000000006,49900,100.00%,40617,1268.12%,45,234.68,$50.72,NOP 2,PHI 2,user20,1,marvalshot,14852,4673321692_20
Scottie Barnes (38187870),Jared Butler (38187963),LeBron James (38187831),Justin Edwards (38188054),Yves Missi (38188145),Jordan Hawkins (38188226),Keion Brooks Jr. (38188338),Jamal Murray (38187885),288.83000000000004,384.16,49900,100.00%,3117,162.36%,0,211.81,$6.49,NOP 3,PHI 2,user23,39,marvalshot,8012,4673321693_23
Coby White (38187889),Jordan Hawkins (38188226),Justin Edwards (38188054),Paolo Banchero (38187839),DeAndre Jordan (38188451),Jeff Dowtin (38188058),Michael Porter Jr. (38187929),Jamal Murray (38187885),292.02,377.39,49800,100.00%,21105,288.76%,0,243.23000000000002,$11.55,DEN 3,PHI 2,user23,1,marvalshot,14896,4673321694_23
Jamal Murray (38187885),Jared Butler (38187963),Michael Porter Jr. (38187929),Cameron Johnson (38187925),DeAndre Jordan (38188451),Josh Giddey (38187852),Justin Edwards (38188054),Jordan Hawkins (38188226),290.5,376.22,49100,100.00%,8220,197.99%,0,210.93,$7.92,DEN 3,PHI 2,user33,1,marvalshot,14949,4673321695_33
Jared Butler (38187963),Jordan Hawkins (38188226),LeBron James (38187831),Paolo Banchero (38187839),Kelly Olynyk (38188016),Jamal Murray (38187885),Keion Brooks Jr. (38188338),DeAndre Jordan (38188451),295.22,395.46000000000004,49900,100.00%,45160,812.47%,251,226.18,$32.5,NOP 3,DEN 2,user24,36,marvalshot,14769,4673321688_24
Jordan Hawkins (38188226),Jared Butler (38187963),Scottie Barnes (38187870),LeBron James (38187831),Yves Missi (38188145),Jamal Murray (38187885),Justin Edwards (38188054),DeAndre Jordan (38188451),290.94000000000005,387.1000000000001,49700,100.00%,12623,204.95%,0,224.56,$8.2,NOP 2,PHI 2,user25,47,marvalshot,14785,4673321689_25
Jordan Hawkins (38188226),Anthony Edwards (38187845),Josh Giddey (38187852),Paolo Banchero (38187839),DeAndre Jordan (38188451),Jeff Dowtin (38188058),Justin Edwards (38188054),Chuma Okeke (38188147),293.21000000000004,379.70000000000005,50000,100.00%,32942,429.93%,3,254.01,$17.2,PHI 3,NOP 1,user34,1,marvalshot,14818,4673321690_34
Jared Butler (38187963),Anthony Edwards (38187845),Keion Brooks Jr. (38188338),Paolo Banchero (38187839),DeAndre Jordan (38188451),Josh Giddey (38187852),Justin Edwards (38188054),Jordan Hawkins (38188226),295.71,386.44,49800,100.00%,47881,869.73%,386,237.74,$34.79,PHI 2,NOP 2,user24,51,marvalshot,3177,4673321691_24
Jordan Hawkins (38188226),Anthony Edwards (38187845),LeBron James (38187831),Justin Edwards (38188054),DeAndre Jordan (38188451),Jamal Murray (38187885),Keion Brooks Jr. (38188338),Jared Butler (38187963),294.82000000000005,387.58000000000004,49200,100.00%,43104,1174.06%,42,234.89,$46.96,NOP 2,PHI 2,user30,1,marvalshot,14862,4673321692_30
Scottie Barnes (38187870),Jared Butler (38187963),LeBron James (38187831),Justin Edwards (38188054),Yves Missi (38188145),Jordan Hawkins (38188226),Keion Brooks Jr. (38188338),Jamal Murray (38187885),288.83000000000004,384.16,49900,100.00%,3117,162.36%,0,211.81,$6.49,NOP 3,PHI 2,user24,39,marvalshot,8012,4673321693_24
Jeff Dowtin (38188058),Jordan Hawkins (38188226),Josh Giddey (38187852),Paolo Banchero (38187839),DeAndre Jordan (38188451),Jared Butler (38187963),Kelly Olynyk (38188016),Michael Porter Jr. (38187929),292.21000000000004,387.26000000000005,49200,100.00%,22723,288.53%,1,247.24,$11.54,PHI 2,NOP 2,user12,1,marvalshot,14887,4673321694_12
Jamal Murray (38187885),Jordan Hawkins (38188226),Keion Brooks Jr. (38188338),Justin Edwards (38188054),Kelly Olynyk (38188016),Coby White (38187889),Josh Giddey (38187852),Michael Porter Jr. (38187929),290.07,376.13,49500,100.00%,6423,193.78%,0,219.14000000000001,$7.75,NOP 3,DEN 2,user27,1,marvalshot,14943,4673321695_27
Jared Butler (38187963),Jordan Hawkins (38188226),LeBron James (38187831),Paolo Banchero (38187839),Kelly Olynyk (38188016),Jamal Murray (38187885),Keion Brooks Jr. (38188338),DeAndre Jordan (38188451),295.22,395.46000000000004,49900,100.00%,45160,812.47%,251,226.18,$32.5,NOP 3,DEN 2,user25,36,marvalshot,14769,4673321688_25
Jordan Hawkins (38188226),Jared Butler (38187963),Scottie Barnes (38187870),LeBron James (38187831),Yves Missi (38188145),Jamal Murray (38187885),Justin Edwards (38188054),DeAndre Jordan (38188451),290.94000000000005,387.1000000000001,49700,100.00%,12623,204.95%,0,224.56,$8.2,NOP 2,PHI 2,user26,47,marvalshot,14785,4673321689_26
Jose Alvarado (38188072),Anthony Edwards (38187845),Michael Porter Jr. (38187929),Paolo Banchero (38187839),DeAndre Jordan (38188451),Jordan Hawkins (38188226),Aaron Gordon (38187939),Justin Edwards (38188054),293.37,381.89,49600,100.00%,34397,420.33%,0,235.28,$16.81,DEN 3,NOP 2,user5,1,marvalshot,14793,4673321690_5
Jared Butler (38187963),Anthony Edwards (38187845),Keion Brooks Jr. (38188338),Paolo Banchero (38187839),DeAndre Jordan (38188451),Josh Giddey (38187852),Justin Edwards (38188054),Jordan Hawkins (38188226),295.71,386.44,49800,100.00%,47881,869.73%,386,237.74,$34.79,PHI 2,NOP 2,user25,51,marvalshot,3177,4673321691_25
Jared Butler (38187963),Anthony Edwards (38187845),LeBron James (38187831),Kelly Olynyk (38188016),DeAndre Jordan (38188451),Jordan Hawkins (38188226),Aaron Gordon (38187939),Jose Alvarado (38188072),294.4800000000001,395.25000000000006,49600,100.00%,40651,1112.6%,24,230.44,$44.5,NOP 3,DEN 2,user6,1,marvalshot,14838,4673321692_6
Scottie Barnes (38187870),Jared Butler (38187963),LeBron James (38187831),Justin Edwards (38188054),Yves Missi (38188145),Jordan Hawkins (38188226),Keion Brooks Jr. (38188338),Jamal Murray (38187885),288.83000000000004,384.16,49900,100.00%,3117,162.36%,0,211.81,$6.49,NOP 3,PHI 2,user25,39,marvalshot,8012,4673321693_25
Jordan Hawkins (38188226),Christian Braun (38187973),Justin Edwards (38188054),Paolo Banchero (38187839),DeAndre Jordan (38188451),Coby White (38187889),Josh Giddey (38187852),Jose Alvarado (38188072),292.05,377.27,49900,100.00%,20950,286.41%,1,229.91000000000003,$11.46,NOP 2,DEN 2,user26,1,marvalshot,14899,4673321694_26
Josh Giddey (38187852),Jamal Murray (38187885),Cameron Johnson (38187925),Michael Porter Jr. (38187929),DeAndre Jordan (38188451),Jared Butler (38187963),Kelly Olynyk (38188016),Jordan Hawkins (38188226),290.04,383.16,49400,100.00%,6264,191.09%,0,202.69,$7.64,DEN 3,NOP 2,user3,2,marvalshot,13247,4673321695_3
Jared Butler (38187963),Jordan Hawkins (38188226),LeBron James (38187831),Paolo Banchero (38187839),Kelly Olynyk (38188016),Jamal Murray (38187885),Keion Brooks Jr. (38188338),DeAndre Jordan (38188451),295.22,395.46000000000004,49900,100.00%,45160,812.47%,251,226.18,$32.5,NOP 3,DEN 2,user26,36,marvalshot,14769,4673321688_26
Jordan Hawkins (38188226),Jared Butler (38187963),Scottie Barnes (38187870),LeBron James (38187831),Yves Missi (38188145),Jamal Murray (38187885),Justin Edwards (38188054),DeAndre Jordan (38188451),290.94000000000005,387.1000000000001,49700,100.00%,12623,204.95%,0,224.56,$8.2,NOP 2,PHI 2,user27,47,marvalshot,14785,4673321689_27
Jordan Hawkins (38188226),Anthony Edwards (38187845),Justin Edwards (38188054),Paolo Banchero (38187839),Yves Missi (38188145),Jose Alvarado (38188072),Kelly Olynyk (38188016),Aaron Gordon (38187939),293.3,386.15000000000003,49600,100.00%,33893,418.4%,1,246.11,$16.74,NOP 4,MIN 1,user2,1,marvalshot,14790,4673321690_2
Jared Butler (38187963),Anthony Edwards (38187845),Keion Brooks Jr. (38188338),Paolo Banchero (38187839),DeAndre Jordan (38188451),Josh Giddey (38187852),Justin Edwards (38188054),Jordan Hawkins (38188226),295.71,386.44,49800,100.00%,47881,869.73%,386,237.74,$34.79,PHI 2,NOP 2,user26,51,marvalshot,3177,4673321691_26
Jordan Hawkins (38188226),Anthony Edwards (38187845),LeBron James (38187831),Kelly Olynyk (38188016),DeAndre Jordan (38188451),Jose Alvarado (38188072),Justin Edwards (38188054),Nikola Vucevic (38187902),294.55,391.76,49600,100.00%,41625,975.12%,19,253.62,$39.0,NOP 3,MIN 1,user2,1,marvalshot,14834,4673321692_2
Scottie Barnes (38187870),Jared Butler (38187963),LeBron James (38187831),Justin Edwards (38188054),Yves Missi (38188145),Jordan Hawkins (38188226),Keion Brooks Jr. (38188338),Jamal Murray (38187885),288.83000000000004,384.16,49900,100.00%,3117,162.36%,0,211.81,$6.49,NOP 3,PHI 2,user26,39,marvalshot,8012,4673321693_26
Jordan Hawkins (38188226),Jamal Murray (38187885),Justin Edwards (38188054),Paolo Banchero (38187839),Yves Missi (38188145),Jared Butler (38187963),Aaron Gordon (38187939),Kelly Olynyk (38188016),292.15,383.19,49400,100.00%,22224,282.6%,0,224.45,$11.3,NOP 3,DEN 2,user32,1,marvalshot,14904,4673321694_32
Jose Alvarado (38188072),Jamal Murray (38187885),Josh Giddey (38187852),Justin Edwards (38188054),Kelly Olynyk (38188016),Jared Butler (38187963),Aaron Gordon (38187939),Jeff Dowtin (38188058),289.68,380.54,50000,100.00%,5254,190.43%,0,224.45,$7.62,PHI 3,NOP 2,user20,1,marvalshot,14936,4673321695_20
Jared Butler (38187963),Jordan Hawkins (38188226),LeBron James (38187831),Paolo Banchero (38187839),Kelly Olynyk (38188016),Jamal Murray (38187885),Keion Brooks Jr. (38188338),DeAndre Jordan (38188451),295.22,395.46000000000004,49900,100.00%,45160,812.47%,251,226.18,$32.5,NOP 3,DEN 2,user27,36,marvalshot,14769,4673321688_27
Jordan Hawkins (38188226),Jared Butler (38187963),Scottie Barnes (38187870),LeBron James (38187831),Yves Missi (38188145),Jamal Murray (38187885),Justin Edwards (38188054),DeAndre Jordan (38188451),290.94000000000005,387.1000000000001,49700,100.00%,12623,204.95%,0,224.56,$8.2,NOP 2,PHI 2,user28,47,marvalshot,14785,4673321689_28
Jose Alvarado (38188072),Anthony Edwards (38187845),Chuma Okeke (38188147),Paolo Banchero (38187839),DeAndre Jordan (38188451),Jeff Dowtin (38188058),Josh Giddey (38187852),Jordan Hawkins (38188226),292.64,384.45,49900,100.00%,27211,412.99%,5,244.29000000000002,$16.52,NOP 2,PHI 2,user1,1,marvalshot,14789,4673321690_1
Jared Butler (38187963),Anthony Edwards (38187845),Keion Brooks Jr. (38188338),Paolo Banchero (38187839),DeAndre Jordan (38188451),Josh Giddey (38187852),Justin Edwards (38188054),Jordan Hawkins (38188226),295.71,386.44,49800,100.00%,47881,869.73%,386,237.74,$34.79,PHI 2,NOP 2,user27,51,marvalshot,3177,4673321691_27
Jamal Murray (38187885),Anthony Edwards (38187845),LeBron James (38187831),Kelly Olynyk (38188016),DeAndre Jordan (38188451),Jared Butler (38187963),Keion Brooks Jr. (38188338),Jordan Hawkins (38188226),294.36,394.52,49500,100.00%,39995,920.08%,37,226.65,$36.8,NOP 3,DEN 2,user21,1,marvalshot,14853,4673321692_21
Scottie Barnes (38187870),Jared Butler (38187963),LeBron James (38187831),Justin Edwards (38188054),Yves Missi (38188145),Jordan Hawkins (38188226),Keion Brooks Jr. (38188338),Jamal Murray (38187885),288.83000000000004,384.16,49900,100.00%,3117,162.36%,0,211.81,$6.49,NOP 3,PHI 2,user27,39,marvalshot,8012,4673321693_27
Jordan Hawkins (38188226),Jared Butler (38187963),Cameron Johnson (38187925),Paolo Banchero (38187839),Kelly Olynyk (38188016),Jamal Murray (38187885),Justin Edwards (38188054),Yves Missi (38188145),292.07,383.43,49900,100.00%,21253,281.45%,1,219.85,$11.26,NOP 3,PHI 2,user31,1,marvalshot,14903,4673321694_31
Jose Alvarado (38188072),Jordan Hawkins (38188226),Cameron Johnson (38187925),Kelly Olynyk (38188016),Yves Missi (38188145),Jared Butler (38187963),Josh Giddey (38187852),Jamal Murray (38187885),289.86,385.23,49000,100.00%,5266,187.81%,0,212.04,$7.51,NOP 4,BKN 1,user14,1,marvalshot,14930,4673321695_14
Jared Butler (38187963),Jordan Hawkins (38188226),LeBron James (38187831),Paolo Banchero (38187839),Kelly Olynyk (38188016),Jamal Murray (38187885),Keion Brooks Jr. (38188338),DeAndre Jordan (38188451),295.22,395.46000000000004,49900,100.00%,45160,812.47%,251,226.18,$32.5,NOP 3,DEN 2,user28,36,marvalshot,14769,4673321688_28
Jordan Hawkins (38188226),Jared Butler (38187963),Scottie Barnes (38187870),LeBron James (38187831),Yves Missi (38188145),Jamal Murray (38187885),Justin Edwards (38188054),DeAndre Jordan (38188451),290.94000000000005,387.1000000000001,49700,100.00%,12623,204.95%,0,224.56,$8.2,NOP 2,PHI 2,user29,47,marvalshot,14785,4673321689_29
Jared Butler (38187963),Anthony Edwards (38187845),Justin Edwards (38188054),Paolo Banchero (38187839),Yves Missi (38188145),Jeff Dowtin (38188058),Kelly Olynyk (38188016),Jordan Hawkins (38188226),293.38,386.59,49300,100.00%,35038,403.43%,1,264.87,$16.14,PHI 3,NOP 3,user11,1,marvalshot,14798,4673321690_11
Jared Butler (38187963),Anthony Edwards (38187845),Keion Brooks Jr. (38188338),Paolo Banchero (38187839),DeAndre Jordan (38188451),Josh Giddey (38187852),Justin Edwards (38188054),Jordan Hawkins (38188226),295.71,386.44,49800,100.00%,47881,869.73%,386,237.74,$34.79,PHI 2,NOP 2,user28,51,marvalshot,3177,4673321691_28
Jared Butler (38187963),Anthony Edwards (38187845),LeBron James (38187831),Michael Porter Jr. (38187929),Yves Missi (38188145),Jordan Hawkins (38188226),Justin Edwards (38188054),DeAndre Jordan (38188451),294.69000000000005,387.44000000000005,49200,100.00%,42254,890.05%,4,234.71000000000004,$35.6,PHI 2,DEN 2,user10,1,marvalshot,14842,4673321692_10
Scottie Barnes (38187870),Jared Butler (38187963),LeBron James (38187831),Justin Edwards (38188054),Yves Missi (38188145),Jordan Hawkins (38188226),Keion Brooks Jr. (38188338),Jamal Murray (38187885),288.83000000000004,384.16,49900,100.00%,3117,162.36%,0,211.81,$6.49,NOP 3,PHI 2,user28,39,marvalshot,8012,4673321693_28
Jamal Murray (38187885),Jordan Hawkins (38188226),Justin Edwards (38188054),Paolo Banchero (38187839),DeAndre Jordan (38188451),Jared Butler (38187963),Michael Porter Jr. (38187929),Cameron Johnson (38187925),292.14,379.16999999999996,49900,100.00%,22082,272.41%,1,209.02,$10.9,DEN 3,PHI 2,user22,1,marvalshot,14895,4673321694_22
Jeff Dowtin (38188058),Jared Butler (38187963),Justin Edwards (38188054),Kelly Olynyk (38188016),Yves Missi (38188145),Josh Giddey (38187852),Michael Porter Jr. (38187929),Jamal Murray (38187885),289.43,379.67,49900,100.00%,4386,186.74%,1,220.48000000000002,$7.47,PHI 3,NOP 2,user23,1,marvalshot,14939,4673321695_23
Jared Butler (38187963),Jordan Hawkins (38188226),LeBron James (38187831),Paolo Banchero (38187839),Kelly Olynyk (38188016),Jamal Murray (38187885),Keion Brooks Jr. (38188338),DeAndre Jordan (38188451),295.22,395.46000000000004,49900,100.00%,45160,812.47%,251,226.18,$32.5,NOP 3,DEN 2,user29,36,marvalshot,14769,4673321688_29
Jordan Hawkins (38188226),Jared Butler (38187963),Scottie Barnes (38187870),LeBron James (38187831),Yves Missi (38188145),Jamal Murray (38187885),Justin Edwards (38188054),DeAndre Jordan (38188451),290.94000000000005,387.1000000000001,49700,100.00%,12623,204.95%,0,224.56,$8.2,NOP 2,PHI 2,user30,47,marvalshot,14785,4673321689_30
Jose Alvarado (38188072),Anthony Edwards (38187845),Michael Porter Jr. (38187929),Paolo Banchero (38187839),DeAndre Jordan (38188451),Jordan Hawkins (38188226),Kelly Olynyk (38188016),Aaron Gordon (38187939),292.91,388.83000000000004,49900,100.00%,29877,388.3%,2,227.04,$15.53,NOP 3,DEN 3,user6,1,marvalshot,14794,4673321690_6
Jared Butler (38187963),Anthony Edwards (38187845),Keion Brooks Jr. (38188338),Paolo Banchero (38187839),DeAndre Jordan (38188451),Josh Giddey (38187852),Justin Edwards (38188054),Jordan Hawkins (38188226),295.71,386.44,49800,100.00%,47881,869.73%,386,237.74,$34.79,PHI 2,NOP 2,user29,51,marvalshot,3177,4673321691_29
Jordan Hawkins (38188226),Anthony Edwards (38187845),LeBron James (38187831),Kelly Olynyk (38188016),Yves Missi (38188145),Jared Butler (38187963),Michael Porter Jr. (38187929),DeAndre Jordan (38188451),294.23,394.38,49500,100.00%,39032,797.59%,5,226.47,$31.9,NOP 3,DEN 2,user15,1,marvalshot,14847,4673321692_15
Scottie Barnes (38187870),Jared Butler (38187963),LeBron James (38187831),Justin Edwards (38188054),Yves Missi (38188145),Jordan Hawkins (38188226),Keion Brooks Jr. (38188338),Jamal Murray (38187885),288.83000000000004,384.16,49900,100.00%,3117,162.36%,0,211.81,$6.49,NOP 3,PHI 2,user29,39,marvalshot,8012,4673321693_29
Jordan Hawkins (38188226),Jared Butler (38187963),Justin Edwards (38188054),Paolo Banchero (38187839),Yves Missi (38188145),Jamal Murray (38187885),Cameron Johnson (38187925),Jose Alvarado (38188072),291.96000000000004,381.24,49500,100.00%,20319,269.96%,0,218.37,$10.8,NOP 3,PHI 2,user29,1,marvalshot,14901,4673321694_29
Jamal Murray (38187885),Jordan Hawkins (38188226),Josh Giddey (38187852),Justin Edwards (38188054),Karlo Matkovic (38188167),Jose Alvarado (38188072),Michael Porter Jr. (38187929),Nikola Vucevic (38187902),289.42999999999995,376.85999999999996,49900,100.00%,4537,185.34%,0,204.19,$7.41,NOP 3,DEN 2,user1,1,marvalshot,14920,4673321695_1
Jared Butler (38187963),Jordan Hawkins (38188226),LeBron James (38187831),Paolo Banchero (38187839),Kelly Olynyk (38188016),Jamal Murray (38187885),Keion Brooks Jr. (38188338),DeAndre Jordan (38188451),295.22,395.46000000000004,49900,100.00%,45160,812.47%,251,226.18,$32.5,NOP 3,DEN 2,user30,36,marvalshot,14769,4673321688_30
Jordan Hawkins (38188226),Jared Butler (38187963),Scottie Barnes (38187870),LeBron James (38187831),Yves Missi (38188145),Jamal Murray (38187885),Justin Edwards (38188054),DeAndre Jordan (38188451),290.94000000000005,387.1000000000001,49700,100.00%,12623,204.95%,0,224.56,$8.2,NOP 2,PHI 2,user31,47,marvalshot,14785,4673321689_31
Jordan Hawkins (38188226),Anthony Edwards (38187845),Michael Porter Jr. (38187929),Paolo Banchero (38187839),DeAndre Jordan (38188451),Jeff Dowtin (38188058),Justin Edwards (38188054),Jared Butler (38187963),293.45,382.33,49300,100.00%,35508,387.62%,1,254.04000000000002,$15.5,PHI 3,DEN 2,user39,1,marvalshot,14822,4673321690_39
Jared Butler (38187963),Anthony Edwards (38187845),Keion Brooks Jr. (38188338),Paolo Banchero (38187839),DeAndre Jordan (38188451),Josh Giddey (38187852),Justin Edwards (38188054),Jordan Hawkins (38188226),295.71,386.44,49800,100.00%,47881,869.73%,386,237.74,$34.79,PHI 2,NOP 2,user30,51,marvalshot,3177,4673321691_30
Jordan Hawkins (38188226),Anthony Edwards (38187845),LeBron James (38187831),Justin Edwards (38188054),Kelly Olynyk (38188016),Jose Alvarado (38188072),Michael Porter Jr. (38187929),DeAndre Jordan (38188451),294.73,389.05,48800,100.00%,43545,759.46%,0,261.04,$30.38,NOP 3,DEN 2,user31,1,marvalshot,14863,4673321692_31
Scottie Barnes (38187870),Jared Butler (38187963),LeBron James (38187831),Justin Edwards (38188054),Yves Missi (38188145),Jordan Hawkins (38188226),Keion Brooks Jr. (38188338),Jamal Murray (38187885),288.83000000000004,384.16,49900,100.00%,3117,162.36%,0,211.81,$6.49,NOP 3,PHI 2,user30,39,marvalshot,8012,4673321693_30
Jared Butler (38187963),Jordan Hawkins (38188226),Keion Brooks Jr. (38188338),Paolo Banchero (38187839),Kelly Olynyk (38188016),Jose Alvarado (38188072),Josh Giddey (38187852),Michael Porter Jr. (38187929),291.79,386.76,49300,100.00%,18646,266.0%,1,219.76000000000002,$10.64,NOP 4,PHI 1,user37,1,marvalshot,14909,4673321694_37
Coby White (38187889),Jordan Hawkins (38188226),Josh Giddey (38187852),Kelly Olynyk (38188016),DeAndre Jordan (38188451),Jamal Murray (38187885),Aaron Gordon (38187939),Justin Edwards (38188054),289.91,377.53000000000003,49000,100.00%,4987,185.06%,0,232.06,$7.4,DEN 3,CHI 2,user38,1,marvalshot,14954,4673321695_38
Jared Butler (38187963),Jordan Hawkins (38188226),LeBron James (38187831),Paolo Banchero (38187839),Kelly Olynyk (38188016),Jamal Murray (38187885),Keion Brooks Jr. (38188338),DeAndre Jordan (38188451),295.22,395.46000000000004,49900,100.00%,45160,812.47%,251,226.18,$32.5,NOP 3,DEN 2,user31,36,marvalshot,14769,4673321688_31
Jordan Hawkins (38188226),Jared Butler (38187963),Scottie Barnes (38187870),LeBron James (38187831),Yves Missi (38188145),Jamal Murray (38187885),Justin Edwards (38188054),DeAndre Jordan (38188451),290.94000000000005,387.1000000000001,49700,100.00%,12623,204.95%,0,224.56,$8.2,NOP 2,PHI 2,user32,47,marvalshot,14785,4673321689_32
Jordan Hawkins (38188226),Anthony Edwards (38187845),Justin Edwards (38188054),Paolo Banchero (38187839),Kelly Olynyk (38188016),Jared Butler (38187963),Keion Brooks Jr. (38188338),Michael Porter Jr. (38187929),293.14,384.02,49800,100.00%,32289,386.74%,3,228.04000000000002,$15.47,NOP 3,PHI 2,user14,1,marvalshot,14800,4673321690_14
Jared Butler (38187963),Anthony Edwards (38187845),Keion Brooks Jr. (38188338),Paolo Banchero (38187839),DeAndre Jordan (38188451),Josh Giddey (38187852),Justin Edwards (38188054),Jordan Hawkins (38188226),295.71,386.44,49800,100.00%,47881,869.73%,386,237.74,$34.79,PHI 2,NOP 2,user31,51,marvalshot,3177,4673321691_31
Jordan Hawkins (38188226),Anthony Edwards (38187845),LeBron James (38187831),Justin Edwards (38188054),Yves Missi (38188145),Josh Giddey (38187852),Karlo Matkovic (38188167),DeAndre Jordan (38188451),294.13000000000005,388.68000000000006,49800,100.00%,38507,560.85%,28,242.14,$22.43,NOP 3,MIN 1,user33,18,marvalshot,14836,4673321692_33
Scottie Barnes (38187870),Jared Butler (38187963),LeBron James (38187831),Justin Edwards (38188054),Yves Missi (38188145),Jordan Hawkins (38188226),Keion Brooks Jr. (38188338),Jamal Murray (38187885),288.83000000000004,384.16,49900,100.00%,3117,162.36%,0,211.81,$6.49,NOP 3,PHI 2,user31,39,marvalshot,8012,4673321693_31
Jose Alvarado (38188072),Jordan Hawkins (38188226),Michael Porter Jr. (38187929),Paolo Banchero (38187839),Kelly Olynyk (38188016),Jared Butler (38187963),Justin Edwards (38188054),Nikola Vucevic (38187902),291.60999999999996,383.04999999999995,49600,100.00%,17318,257.56%,0,223.63,$10.3,NOP 3,PHI 2,user19,1,marvalshot,14893,4673321694_19
Coby White (38187889),Jamal Murray (38187885),Josh Giddey (38187852),Justin Edwards (38188054),Kelly Olynyk (38188016),Jordan Hawkins (38188226),Cameron Johnson (38187925),DeAndre Jordan (38188451),289.83,377.77,49500,100.00%,4855,184.36%,0,227.46,$7.37,CHI 2,DEN 2,user31,1,marvalshot,14947,4673321695_31
Jared Butler (38187963),Jordan Hawkins (38188226),LeBron James (38187831),Paolo Banchero (38187839),Kelly Olynyk (38188016),Jamal Murray (38187885),Keion Brooks Jr. (38188338),DeAndre Jordan (38188451),295.22,395.46000000000004,49900,100.00%,45160,812.47%,251,226.18,$32.5,NOP 3,DEN 2,user32,36,marvalshot,14769,4673321688_32
Jordan Hawkins (38188226),Jared Butler (38187963),Scottie Barnes (38187870),LeBron James (38187831),Yves Missi (38188145),Jamal Murray (38187885),Justin Edwards (38188054),DeAndre Jordan (38188451),290.94000000000005,387.1000000000001,49700,100.00%,12623,204.95%,0,224.56,$8.2,NOP 2,PHI 2,user33,47,marvalshot,14785,4673321689_33
Jeff Dowtin (38188058),Anthony Edwards (38187845),Justin Edwards (38188054),Paolo Banchero (38187839),DeAndre Jordan (38188451),Jordan Hawkins (38188226),Karlo Matkovic (38188167),Josh Giddey (38187852),292.89,383.57,49900,100.00%,29476,358.38%,3,261.47,$14.34,PHI 2,NOP 2,user7,2,marvalshot,3196,4673321690_7
Jared Butler (38187963),Anthony Edwards (38187845),Keion Brooks Jr. (38188338),Paolo Banchero (38187839),DeAndre Jordan (38188451),Josh Giddey (38187852),Justin Edwards (38188054),Jordan Hawkins (38188226),295.71,386.44,49800,100.00%,47881,869.73%,386,237.74,$34.79,PHI 2,NOP 2,user32,51,marvalshot,3177,4673321691_32
Jordan Hawkins (38188226),Anthony Edwards (38187845),LeBron James (38187831),Justin Edwards (38188054),Yves Missi (38188145),Josh Giddey (38187852),Karlo Matkovic (38188167),DeAndre Jordan (38188451),294.13000000000005,388.68000000000006,49800,100.00%,38507,560.85%,28,242.14,$22.43,NOP 3,MIN 1,user34,18,marvalshot,14836,4673321692_34
Scottie Barnes (38187870),Jared Butler (38187963),LeBron James (38187831),Justin Edwards (38188054),Yves Missi (38188145),Jordan Hawkins (38188226),Keion Brooks Jr. (38188338),Jamal Murray (38187885),288.83000000000004,384.16,49900,100.00%,3117,162.36%,0,211.81,$6.49,NOP 3,PHI 2,user32,39,marvalshot,8012,4673321693_32
Jose Alvarado (38188072),Jared Butler (38187963),Cameron Johnson (38187925),Paolo Banchero (38187839),Yves Missi (38188145),Jordan Hawkins (38188226),Kelly Olynyk (38188016),Jamal Murray (38187885),291.5,388.18,49800,100.00%,16162,249.13%,0,210.13000000000002,$9.97,NOP 4,PHI 1,user6,1,marvalshot,14881,4673321694_6
Russell Westbrook (38187904),Jordan Hawkins (38188226),Josh Giddey (38187852),Justin Edwards (38188054),Yves Missi (38188145),Jamal Murray (38187885),Kelly Olynyk (38188016),Jared Butler (38187963),289.78000000000003,381.63,49600,100.00%,4686,181.99%,0,217.51,$7.28,NOP 3,DEN 2,user34,1,marvalshot,14950,4673321695_34
Jared Butler (38187963),Jordan Hawkins (38188226),LeBron James (38187831),Paolo Banchero (38187839),Kelly Olynyk (38188016),Jamal Murray (38187885),Keion Brooks Jr. (38188338),DeAndre Jordan (38188451),295.22,395.46000000000004,49900,100.00%,45160,812.47%,251,226.18,$32.5,NOP 3,DEN 2,user33,36,marvalshot,14769,4673321688_33
Jordan Hawkins (38188226),Jared Butler (38187963),Scottie Barnes (38187870),LeBron James (38187831),Yves Missi (38188145),Jamal Murray (38187885),Justin Edwards (38188054),DeAndre Jordan (38188451),290.94000000000005,387.1000000000001,49700,100.00%,12623,204.95%,0,224.56,$8.2,NOP 2,PHI 2,user34,47,marvalshot,14785,4673321689_34
Jeff Dowtin (38188058),Anthony Edwards (38187845),Justin Edwards (38188054),Paolo Banchero (38187839),DeAndre Jordan (38188451),Jordan Hawkins (38188226),Kelly Olynyk (38188016),Coby White (38187889),292.78000000000003,383.88,49700,100.00%,28789,353.95%,0,270.57,$14.16,PHI 2,NOP 2,user15,1,marvalshot,14801,4673321690_15
Jared Butler (38187963),Anthony Edwards (38187845),Keion Brooks Jr. (38188338),Paolo Banchero (38187839),DeAndre Jordan (38188451),Josh Giddey (38187852),Justin Edwards (38188054),Jordan Hawkins (38188226),295.71,386.44,49800,100.00%,47881,869.73%,386,237.74,$34.79,PHI 2,NOP 2,user33,51,marvalshot,3177,4673321691_33
Jordan Hawkins (38188226),Anthony Edwards (38187845),LeBron James (38187831),Justin Edwards (38188054),Yves Missi (38188145),Josh Giddey (38187852),Karlo Matkovic (38188167),DeAndre Jordan (38188451),294.13000000000005,388.68000000000006,49800,100.00%,38507,560.85%,28,242.14,$22.43,NOP 3,MIN 1,user35,18,marvalshot,14836,4673321692_35
Scottie Barnes (38187870),Jared Butler (38187963),LeBron James (38187831),Justin Edwards (38188054),Yves Missi (38188145),Jordan Hawkins (38188226),Keion Brooks Jr. (38188338),Jamal Murray (38187885),288.83000000000004,384.16,49900,100.00%,3117,162.36%,0,211.81,$6.49,NOP 3,PHI 2,user33,39,marvalshot,8012,4673321693_33
Josh Giddey (38187852),Jared Butler (38187963),Justin Edwards (38188054),Paolo Banchero (38187839),Kelly Olynyk (38188016),Jordan Hawkins (38188226),Cameron Johnson (38187925),DeAndre Jordan (38188451),292.12000000000006,383.6500000000001,49400,100.00%,21470,247.45%,0,237.8,$9.9,PHI 2,NOP 2,user33,1,marvalshot,14905,4673321694_33
Jordan Hawkins (38188226),Jamal Murray (38187885),Justin Edwards (38188054),Anthony Davis (38187835),DeAndre Jordan (38188451),Jeff Dowtin (38188058),Josh Giddey (38187852),Kelly Olynyk (38188016),289.72,385.16,49700,100.00%,4311,181.41%,0,269.5,$7.26,NOP 2,DEN 2,user8,1,marvalshot,14924,4673321695_8
Jared Butler (38187963),Jordan Hawkins (38188226),LeBron James (38187831),Paolo Banchero (38187839),Kelly Olynyk (38188016),Jamal Murray (38187885),Keion Brooks Jr. (38188338),DeAndre Jordan (38188451),295.22,395.46000000000004,49900,100.00%,45160,812.47%,251,226.18,$32.5,NOP 3,DEN 2,user34,36,marvalshot,14769,4673321688_34
Jordan Hawkins (38188226),Jared Butler (38187963),Scottie Barnes (38187870),LeBron James (38187831),Yves Missi (38188145),Jamal Murray (38187885),Justin Edwards (38188054),DeAndre Jordan (38188451),290.94000000000005,387.1000000000001,49700,100.00%,12623,204.95%,0,224.56,$8.2,NOP 2,PHI 2,user35,47,marvalshot,14785,4673321689_35
Jamal Murray (38187885),Anthony Edwards (38187845),Keion Brooks Jr. (38188338),Paolo Banchero (38187839),Yves Missi (38188145),Jordan Hawkins (38188226),Justin Edwards (38188054),Kelly Olynyk (38188016),293.18000000000006,385.4200000000001,49500,100.00%,32284,350.76%,0,242.32000000000002,$14.03,NOP 4,DEN 1,user42,1,marvalshot,14825,4673321690_42
Jared Butler (38187963),Anthony Edwards (38187845),Keion Brooks Jr. (38188338),Paolo Banchero (38187839),DeAndre Jordan (38188451),Josh Giddey (38187852),Justin Edwards (38188054),Jordan Hawkins (38188226),295.71,386.44,49800,100.00%,47881,869.73%,386,237.74,$34.79,PHI 2,NOP 2,user34,51,marvalshot,3177,4673321691_34
Jordan Hawkins (38188226),Anthony Edwards (38187845),LeBron James (38187831),Justin Edwards (38188054),Yves Missi (38188145),Josh Giddey (38187852),Karlo Matkovic (38188167),DeAndre Jordan (38188451),294.13000000000005,388.68000000000006,49800,100.00%,38507,560.85%,28,242.14,$22.43,NOP 3,MIN 1,user36,18,marvalshot,14836,4673321692_36
Scottie Barnes (38187870),Jared Butler (38187963),LeBron James (38187831),Justin Edwards (38188054),Yves Missi (38188145),Jordan Hawkins (38188226),Keion Brooks Jr. (38188338),Jamal Murray (38187885),288.83000000000004,384.16,49900,100.00%,3117,162.36%,0,211.81,$6.49,NOP 3,PHI 2,user34,39,marvalshot,8012,4673321693_34
Coby White (38187889),Jordan Hawkins (38188226),Justin Edwards (38188054),Paolo Banchero (38187839),Kelly Olynyk (38188016),Jared Butler (38187963),Aaron Gordon (38187939),Jose Alvarado (38188072),291.33000000000004,381.15000000000003,49700,100.00%,14719,242.25%,1,225.22000000000003,$9.69,NOP 3,PHI 2,user45,1,marvalshot,14915,4673321694_45
Russell Westbrook (38187904),Jamal Murray (38187885),Michael Porter Jr. (38187929),Justin Edwards (38188054),DeAndre Jordan (38188451),Jordan Hawkins (38188226),Josh Giddey (38187852),Jared Butler (38187963),289.84999999999997,377.37,49600,100.00%,4718,181.26%,0,206.68,$7.25,DEN 4,PHI 2,user19,1,marvalshot,14935,4673321695_19
Jared Butler (38187963),Jordan Hawkins (38188226),LeBron James (38187831),Paolo Banchero (38187839),Kelly Olynyk (38188016),Jamal Murray (38187885),Keion Brooks Jr. (38188338),DeAndre Jordan (38188451),295.22,395.46000000000004,49900,100.00%,45160,812.47%,251,226.18,$32.5,NOP 3,DEN 2,user35,36,marvalshot,14769,4673321688_35
Jordan Hawkins (38188226),Jared Butler (38187963),Scottie Barnes (38187870),LeBron James (38187831),Yves Missi (38188145),Jamal Murray (38187885),Justin Edwards (38188054),DeAndre Jordan (38188451),290.94000000000005,387.1000000000001,49700,100.00%,12623,204.95%,0,224.56,$8.2,NOP 2,PHI 2,user36,47,marvalshot,14785,4673321689_36
Jamal Murray (38187885),Anthony Edwards (38187845),Justin Edwards (38188054),Paolo Banchero (38187839),DeAndre Jordan (38188451),Jordan Hawkins (38188226),Keion Brooks Jr. (38188338),Michael Porter Jr. (38187929),293.25,381.15999999999997,49500,100.00%,33361,345.05%,0,231.49,$13.8,DEN 3,NOP 2,user24,1,marvalshot,14809,4673321690_24
Jared Butler (38187963),Anthony Edwards (38187845),Keion Brooks Jr. (38188338),Paolo Banchero (38187839),DeAndre Jordan (38188451),Josh Giddey (38187852),Justin Edwards (38188054),Jordan Hawkins (38188226),295.71,386.44,49800,100.00%,47881,869.73%,386,237.74,$34.79,PHI 2,NOP 2,user35,51,marvalshot,3177,4673321691_35
Jordan Hawkins (38188226),Anthony Edwards (38187845),LeBron James (38187831),Justin Edwards (38188054),Yves Missi (38188145),Josh Giddey (38187852),Karlo Matkovic (38188167),DeAndre Jordan (38188451),294.13000000000005,388.68000000000006,49800,100.00%,38507,560.85%,28,242.14,$22.43,NOP 3,MIN 1,user37,18,marvalshot,14836,4673321692_37
Scottie Barnes (38187870),Jared Butler (38187963),LeBron James (38187831),Justin Edwards (38188054),Yves Missi (38188145),Jordan Hawkins (38188226),Keion Brooks Jr. (38188338),Jamal Murray (38187885),288.83000000000004,384.16,49900,100.00%,3117,162.36%,0,211.81,$6.49,NOP 3,PHI 2,user35,39,marvalshot,8012,4673321693_35
Jordan Hawkins (38188226),Jared Butler (38187963),Justin Edwards (38188054),Paolo Banchero (38187839),Nic Claxton (38187999),Jose Alvarado (38188072),Josh Giddey (38187852),Jeff Dowtin (38188058),291.43,380.92,49700,100.00%,15067,241.91%,1,237.24,$9.68,PHI 3,NOP 2,user41,1,marvalshot,14912,4673321694_41
Jordan Hawkins (38188226),Jared Butler (38187963),Cameron Johnson (38187925),Justin Edwards (38188054),Nic Claxton (38187999),Jose Alvarado (38188072),Josh Giddey (38187852),Jamal Murray (38187885),289.26,376.82,49900,100.00%,3352,180.58%,1,192.69000000000003,$7.22,NOP 2,PHI 2,user42,1,marvalshot,14958,4673321695_42
Jared Butler (38187963),Jordan Hawkins (38188226),LeBron James (38187831),Paolo Banchero (38187839),Kelly Olynyk (38188016),Jamal Murray (38187885),Keion Brooks Jr. (38188338),DeAndre Jordan (38188451),295.22,395.46000000000004,49900,100.00%,45160,812.47%,251,226.18,$32.5,NOP 3,DEN 2,user36,36,marvalshot,14769,4673321688_36
Jordan Hawkins (38188226),Jared Butler (38187963),Scottie Barnes (38187870),LeBron James (38187831),Yves Missi (38188145),Jamal Murray (38187885),Justin Edwards (38188054),DeAndre Jordan (38188451),290.94000000000005,387.1000000000001,49700,100.00%,12623,204.95%,0,224.56,$8.2,NOP 2,PHI 2,user37,47,marvalshot,14785,4673321689_37
Jamal Murray (38187885),Anthony Edwards (38187845),Keion Brooks Jr. (38188338),Paolo Banchero (38187839),DeAndre Jordan (38188451),Jordan Hawkins (38188226),Kelly Olynyk (38188016),Michael Porter Jr. (38187929),292.79,388.1,49800,100.00%,28667,341.56%,5,223.25,$13.66,DEN 3,NOP 3,user35,1,marvalshot,14819,4673321690_35
Jared Butler (38187963),Anthony Edwards (38187845),Keion Brooks Jr. (38188338),Paolo Banchero (38187839),DeAndre Jordan (38188451),Josh Giddey (38187852),Justin Edwards (38188054),Jordan Hawkins (38188226),295.71,386.44,49800,100.00%,47881,869.73%,386,237.74,$34.79,PHI 2,NOP 2,user36,51,marvalshot,3177,4673321691_36
Jordan Hawkins (38188226),Anthony Edwards (38187845),LeBron James (38187831),Justin Edwards (38188054),Yves Missi (38188145),Josh Giddey (38187852),Karlo Matkovic (38188167),DeAndre Jordan (38188451),294.13000000000005,388.68000000000006,49800,100.00%,38507,560.85%,28,242.14,$22.43,NOP 3,MIN 1,user38,18,marvalshot,14836,4673321692_38
Scottie Barnes (38187870),Jared Butler (38187963),LeBron James (38187831),Justin Edwards (38188054),Yves Missi (38188145),Jordan Hawkins (38188226),Keion Brooks Jr. (38188338),Jamal Murray (38187885),288.83000000000004,384.16,49900,100.00%,3117,162.36%,0,211.81,$6.49,NOP 3,PHI 2,user36,39,marvalshot,8012,4673321693_36
Jose Alvarado (38188072),Jamal Murray (38187885),Josh Giddey (38187852),Paolo Banchero (38187839),DeAndre Jordan (38188451),Keon Johnson (38187978),Justin Edwards (38188054),Jordan Hawkins (38188226),291.66999999999996,379.14,49900,100.00%,17210,236.8%,0,224.32,$9.47,NOP 2,DEN 2,user39,1,marvalshot,14910,4673321694_39
Jeff Dowtin (38188058),Jamal Murray (38187885),Josh Giddey (38187852),Anthony Davis (38187835),DeAndre Jordan (38188451),Jordan Hawkins (38188226),Justin Edwards (38188054),Jose Alvarado (38188072),289.61,382.97,49300,100.00%,4017,180.24%,0,268.02,$7.21,PHI 2,DEN 2,user25,1,marvalshot,14941,4673321695_25
Jared Butler (38187963),Jordan Hawkins (38188226),LeBron James (38187831),Paolo Banchero (38187839),Kelly Olynyk (38188016),Jamal Murray (38187885),Keion Brooks Jr. (38188338),DeAndre Jordan (38188451),295.22,395.46000000000004,49900,100.00%,45160,812.47%,251,226.18,$32.5,NOP 3,DEN 2,user37,36,marvalshot,14769,4673321688_37
Jordan Hawkins (38188226),Jared Butler (38187963),Scottie Barnes (38187870),LeBron James (38187831),Yves Missi (38188145),Jamal Murray (38187885),Justin Edwards (38188054),DeAndre Jordan (38188451),290.94000000000005,387.1000000000001,49700,100.00%,12623,204.95%,0,224.56,$8.2,NOP 2,PHI 2,user38,47,marvalshot,14785,4673321689_38
Jeff Dowtin (38188058),Anthony Edwards (38187845),Josh Giddey (38187852),Paolo Banchero (38187839),DeAndre Jordan (38188451),Jordan Hawkins (38188226),Karlo Matkovic (38188167),Jose Alvarado (38188072),292.32,388.32,49800,100.00%,24237,338.99%,3,251.75,$13.56,NOP 3,PHI 1,user33,1,marvalshot,14817,4673321690_33
Jared Butler (38187963),Anthony Edwards (38187845),Keion Brooks Jr. (38188338),Paolo Banchero (38187839),DeAndre Jordan (38188451),Josh Giddey (38187852),Justin Edwards (38188054),Jordan Hawkins (38188226),295.71,386.44,49800,100.00%,47881,869.73%,386,237.74,$34.79,PHI 2,NOP 2,user37,51,marvalshot,3177,4673321691_37
Jordan Hawkins (38188226),Anthony Edwards (38187845),LeBron James (38187831),Justin Edwards (38188054),Yves Missi (38188145),Josh Giddey (38187852),Karlo Matkovic (38188167),DeAndre Jordan (38188451),294.13000000000005,388.68000000000006,49800,100.00%,38507,560.85%,28,242.14,$22.43,NOP 3,MIN 1,user39,18,marvalshot,14836,4673321692_39
Scottie Barnes (38187870),Jared Butler (38187963),LeBron James (38187831),Justin Edwards (38188054),Yves Missi (38188145),Jordan Hawkins (38188226),Keion Brooks Jr. (38188338),Jamal Murray (38187885),288.83000000000004,384.16,49900,100.00%,3117,162.36%,0,211.81,$6.49,NOP 3,PHI 2,user37,39,marvalshot,8012,4673321693_37
Jose Alvarado (38188072),Jared Butler (38187963),Cameron Johnson (38187925),Paolo Banchero (38187839),DeAndre Jordan (38188451),Jordan Hawkins (38188226),Kelly Olynyk (38188016),Josh Giddey (38187852),291.55,388.4,49300,100.00%,16054,234.37%,0,228.08,$9.37,NOP 3,PHI 1,user47,1,marvalshot,14917,4673321694_47
Jamal Murray (38187885),Coby White (38187889),Josh Giddey (38187852),Kelly Olynyk (38188016),DeAndre Jordan (38188451),Jordan Hawkins (38188226),Christian Braun (38187973),Jared Butler (38187963),289.58,380.31,49600,100.00%,4589,180.12%,0,200.48000000000002,$7.2,DEN 3,CHI 2,user47,1,marvalshot,14963,4673321695_47
Jared Butler (38187963),Jordan Hawkins (38188226),LeBron James (38187831),Paolo Banchero (38187839),Kelly Olynyk (38188016),Jamal Murray (38187885),Keion Brooks Jr. (38188338),DeAndre Jordan (38188451),295.22,395.46000000000004,49900,100.00%,45160,812.47%,251,226.18,$32.5,NOP 3,DEN 2,user38,36,marvalshot,14769,4673321688_38
Jordan Hawkins (38188226),Jared Butler (38187963),Scottie Barnes (38187870),LeBron James (38187831),Yves Missi (38188145),Jamal Murray (38187885),Justin Edwards (38188054),DeAndre Jordan (38188451),290.94000000000005,387.1000000000001,49700,100.00%,12623,204.95%,0,224.56,$8.2,NOP 2,PHI 2,user39,47,marvalshot,14785,4673321689_39
Jared Butler (38187963),Anthony Edwards (38187845),Cameron Johnson (38187925),Paolo Banchero (38187839),DeAndre Jordan (38188451),Jordan Hawkins (38188226),Justin Edwards (38188054),Kelly Olynyk (38188016),292.9,385.65999999999997,49800,100.00%,30138,313.69%,1,236.35999999999999,$12.55,PHI 2,NOP 2,user23,1,marvalshot,14808,4673321690_23
Jared Butler (38187963),Anthony Edwards (38187845),Keion Brooks Jr. (38188338),Paolo Banchero (38187839),DeAndre Jordan (38188451),Josh Giddey (38187852),Justin Edwards (38188054),Jordan Hawkins (38188226),295.71,386.44,49800,100.00%,47881,869.73%,386,237.74,$34.79,PHI 2,NOP 2,user38,51,marvalshot,3177,4673321691_38
Jordan Hawkins (38188226),Anthony Edwards (38187845),LeBron James (38187831),Justin Edwards (38188054),Yves Missi (38188145),Josh Giddey (38187852),Karlo Matkovic (38188167),DeAndre Jordan (38188451),294.13000000000005,388.68000000000006,49800,100.00%,38507,560.85%,28,242.14,$22.43,NOP 3,MIN 1,user40,18,marvalshot,14836,4673321692_40
Scottie Barnes (38187870),Jared Butler (38187963),LeBron James (38187831),Justin Edwards (38188054),Yves Missi (38188145),Jordan Hawkins (38188226),Keion Brooks Jr. (38188338),Jamal Murray (38187885),288.83000000000004,384.16,49900,100.00%,3117,162.36%,0,211.81,$6.49,NOP 3,PHI 2,user38,39,marvalshot,8012,4673321693_38
Jose Alvarado (38188072),Jordan Hawkins (38188226),Justin Edwards (38188054),Paolo Banchero (38187839),Kelly Olynyk (38188016),Josh Giddey (38187852),Keion Brooks Jr. (38188338),Coby White (38187889),291.58000000000004,381.37,49400,100.00%,16014,233.83%,0,244.53000000000003,$9.35,NOP 4,CHI 2,user42,2,marvalshot,5181,4673321694_42
Jordan Hawkins (38188226),Jared Butler (38187963),Josh Giddey (38187852),Aaron Gordon (38187939),Nic Claxton (38187999),Jamal Murray (38187885),Justin Edwards (38188054),Kelly Olynyk (38188016),289.45000000000005,378.77000000000004,49800,100.00%,3973,180.04%,0,198.77000000000004,$7.2,NOP 2,PHI 2,user5,1,marvalshot,14923,4673321695_5
Jared Butler (38187963),Jordan Hawkins (38188226),LeBron James (38187831),Paolo Banchero (38187839),Kelly Olynyk (38188016),Jamal Murray (38187885),Keion Brooks Jr. (38188338),DeAndre Jordan (38188451),295.22,395.46000000000004,49900,100.00%,45160,812.47%,251,226.18,$32.5,NOP 3,DEN 2,user39,36,marvalshot,14769,4673321688_39
Jordan Hawkins (38188226),Jared Butler (38187963),Scottie Barnes (38187870),LeBron James (38187831),Yves Missi (38188145),Jamal Murray (38187885),Justin Edwards (38188054),DeAndre Jordan (38188451),290.94000000000005,387.1000000000001,49700,100.00%,12623,204.95%,0,224.56,$8.2,NOP 2,PHI 2,user40,47,marvalshot,14785,4673321689_40
Jose Alvarado (38188072),Anthony Edwards (38187845),Justin Edwards (38188054),Paolo Banchero (38187839),Karlo Matkovic (38188167),Jordan Hawkins (38188226),Keion Brooks Jr. (38188338),Josh Giddey (38187852),292.47,383.07000000000005,50000,100.00%,25475,310.38%,3,233.99,$12.42,NOP 4,MIN 1,user38,1,marvalshot,14821,4673321690_38
Jared Butler (38187963),Anthony Edwards (38187845),Keion Brooks Jr. (38188338),Paolo Banchero (38187839),DeAndre Jordan (38188451),Josh Giddey (38187852),Justin Edwards (38188054),Jordan Hawkins (38188226),295.71,386.44,49800,100.00%,47881,869.73%,386,237.74,$34.79,PHI 2,NOP 2,user39,51,marvalshot,3177,4673321691_39
Jordan Hawkins (38188226),Anthony Edwards (38187845),LeBron James (38187831),Justin Edwards (38188054),Yves Missi (38188145),Josh Giddey (38187852),Karlo Matkovic (38188167),DeAndre Jordan (38188451),294.13000000000005,388.68000000000006,49800,100.00%,38507,560.85%,28,242.14,$22.43,NOP 3,MIN 1,user41,18,marvalshot,14836,4673321692_41
Scottie Barnes (38187870),Jared Butler (38187963),LeBron James (38187831),Justin Edwards (38188054),Yves Missi (38188145),Jordan Hawkins (38188226),Keion Brooks Jr. (38188338),Jamal Murray (38187885),288.83000000000004,384.16,49900,100.00%,3117,162.36%,0,211.81,$6.49,NOP 3,PHI 2,user39,39,marvalshot,8012,4673321693_39
Jeff Dowtin (38188058),Jordan Hawkins (38188226),Kevin Huerter (38188001),Paolo Banchero (38187839),DeAndre Jordan (38188451),Jamal Murray (38187885),Josh Giddey (38187852),Jose Alvarado (38188072),291.02000000000004,381.0400000000001,49700,100.00%,12542,232.5%,1,236.28000000000003,$9.3,NOP 2,CHI 2,user30,1,marvalshot,14902,4673321694_30
Jamal Murray (38187885),Jared Butler (38187963),Josh Giddey (38187852),Aaron Gordon (38187939),Kelly Olynyk (38188016),Jordan Hawkins (38188226),Kevin Huerter (38188001),Justin Edwards (38188054),289.39,374.81,49800,100.00%,3592,178.32%,0,202.60000000000002,$7.13,DEN 2,PHI 2,user9,1,marvalshot,14925,4673321695_9
Jared Butler (38187963),Jordan Hawkins (38188226),LeBron James (38187831),Paolo Banchero (38187839),Kelly Olynyk (38188016),Jamal Murray (38187885),Keion Brooks Jr. (38188338),DeAndre Jordan (38188451),295.22,395.46000000000004,49900,100.00%,45160,812.47%,251,226.18,$32.5,NOP 3,DEN 2,user40,36,marvalshot,14769,4673321688_40
Jordan Hawkins (38188226),Jared Butler (38187963),Scottie Barnes (38187870),LeBron James (38187831),Yves Missi (38188145),Jamal Murray (38187885),Justin Edwards (38188054),DeAndre Jordan (38188451),290.94000000000005,387.1000000000001,49700,100.00%,12623,204.95%,0,224.56,$8.2,NOP 2,PHI 2,user41,47,marvalshot,14785,4673321689_41
Jose Alvarado (38188072),Anthony Edwards (38187845),Justin Edwards (38188054),Paolo Banchero (38187839),Kelly Olynyk (38188016),Jordan Hawkins (38188226),Chuma Okeke (38188147),Michael Porter Jr. (38187929),292.33000000000004,379.72,49900,100.00%,24393,305.23%,0,229.58,$12.21,NOP 3,PHI 2,user3,1,marvalshot,14791,4673321690_3
Jared Butler (38187963),Anthony Edwards (38187845),Keion Brooks Jr. (38188338),Paolo Banchero (38187839),DeAndre Jordan (38188451),Josh Giddey (38187852),Justin Edwards (38188054),Jordan Hawkins (38188226),295.71,386.44,49800,100.00%,47881,869.73%,386,237.74,$34.79,PHI 2,NOP 2,user40,51,marvalshot,3177,4673321691_40
Jordan Hawkins (38188226),Anthony Edwards (38187845),LeBron James (38187831),Justin Edwards (38188054),Yves Missi (38188145),Josh Giddey (38187852),Karlo Matkovic (38188167),DeAndre Jordan (38188451),294.13000000000005,388.68000000000006,49800,100.00%,38507,560.85%,28,242.14,$22.43,NOP 3,MIN 1,user42,18,marvalshot,14836,4673321692_42
Scottie Barnes (38187870),Jared Butler (38187963),LeBron James (38187831),Justin Edwards (38188054),Yves Missi (38188145),Jordan Hawkins (38188226),Keion Brooks Jr. (38188338),Jamal Murray (38187885),288.83000000000004,384.16,49900,100.00%,3117,162.36%,0,211.81,$6.49,NOP 3,PHI 2,user40,39,marvalshot,8012,4673321693_40
Jared Butler (38187963),Jordan Hawkins (38188226),Keion Brooks Jr. (38188338),Paolo Banchero (38187839),Yves Missi (38188145),Josh Giddey (38187852),Justin Edwards (38188054),Coby White (38187889),291.54,379.76,49800,100.00%,16497,231.08%,0,218.20000000000002,$9.24,NOP 3,PHI 2,user21,2,marvalshot,5209,4673321694_21
Jared Butler (38187963),Jordan Hawkins (38188226),Josh Giddey (38187852),Anthony Davis (38187835),Kelly Olynyk (38188016),Jose Alvarado (38188072),Justin Edwards (38188054),Jeff Dowtin (38188058),289.50000000000006,385.83000000000004,49600,100.00%,3217,178.05%,0,264.57000000000005,$7.12,PHI 3,NOP 3,user16,1,marvalshot,14932,4673321695_16
Jared Butler (38187963),Jordan Hawkins (38188226),LeBron James (38187831),Paolo Banchero (38187839),Kelly Olynyk (38188016),Jamal Murray (38187885),Keion Brooks Jr. (38188338),DeAndre Jordan (38188451),295.22,395.46000000000004,49900,100.00%,45160,812.47%,251,226.18,$32.5,NOP 3,DEN 2,user41,36,marvalshot,14769,4673321688_41
Jordan Hawkins (38188226),Jared Butler (38187963),Scottie Barnes (38187870),LeBron James (38187831),Yves Missi (38188145),Jamal Murray (38187885),Justin Edwards (38188054),DeAndre Jordan (38188451),290.94000000000005,387.1000000000001,49700,100.00%,12623,204.95%,0,224.56,$8.2,NOP 2,PHI 2,user42,47,marvalshot,14785,4673321689_42
Jordan Hawkins (38188226),Anthony Edwards (38187845),Justin Edwards (38188054),Paolo Banchero (38187839),Kelly Olynyk (38188016),Jared Butler (38187963),Aaron Gordon (38187939),DeAndre Jordan (38188451),292.98,385.42,49300,100.00%,31048,302.66%,0,240.96,$12.11,NOP 2,PHI 2,user12,1,marvalshot,14799,4673321690_12
Jared Butler (38187963),Anthony Edwards (38187845),Keion Brooks Jr. (38188338),Paolo Banchero (38187839),DeAndre Jordan (38188451),Josh Giddey (38187852),Justin Edwards (38188054),Jordan Hawkins (38188226),295.71,386.44,49800,100.00%,47881,869.73%,386,237.74,$34.79,PHI 2,NOP 2,user41,51,marvalshot,3177,4673321691_41
Jordan Hawkins (38188226),Anthony Edwards (38187845),LeBron James (38187831),Justin Edwards (38188054),Yves Missi (38188145),Josh Giddey (38187852),Karlo Matkovic (38188167),DeAndre Jordan (38188451),294.13000000000005,388.68000000000006,49800,100.00%,38507,560.85%,28,242.14,$22.43,NOP 3,MIN 1,user43,18,marvalshot,14836,4673321692_43
Scottie Barnes (38187870),Jared Butler (38187963),LeBron James (38187831),Justin Edwards (38188054),Yves Missi (38188145),Jordan Hawkins (38188226),Keion Brooks Jr. (38188338),Jamal Murray (38187885),288.83000000000004,384.16,49900,100.00%,3117,162.36%,0,211.81,$6.49,NOP 3,PHI 2,user41,39,marvalshot,8012,4673321693_41
Coby White (38187889),Jordan Hawkins (38188226),Justin Edwards (38188054),Paolo Banchero (38187839),Yves Missi (38188145),Jared Butler (38187963),Michael Porter Jr. (38187929),Kelly Olynyk (38188016),291.08000000000004,380.28000000000003,49600,100.00%,12794,227.17%,0,221.25,$9.09,NOP 3,PHI 2,user28,1,marvalshot,14900,4673321694_28
Jordan Hawkins (38188226),Jamal Murray (38187885),Chuma Okeke (38188147),Justin Edwards (38188054),Nikola Vucevic (38187902),Jared Butler (38187963),Josh Giddey (38187852),Kelly Olynyk (38188016),289.36,376.52,49700,100.00%,3522,177.53%,0,202.41000000000003,$7.1,PHI 3,NOP 2,user2,1,marvalshot,14921,4673321695_2
Jared Butler (38187963),Jordan Hawkins (38188226),LeBron James (38187831),Paolo Banchero (38187839),Kelly Olynyk (38188016),Jamal Murray (38187885),Keion Brooks Jr. (38188338),DeAndre Jordan (38188451),295.22,395.46000000000004,49900,100.00%,45160,812.47%,251,226.18,$32.5,NOP 3,DEN 2,user42,36,marvalshot,14769,4673321688_42
Jordan Hawkins (38188226),Jared Butler (38187963),Scottie Barnes (38187870),LeBron James (38187831),Yves Missi (38188145),Jamal Murray (38187885),Justin Edwards (38188054),DeAndre Jordan (38188451),290.94000000000005,387.1000000000001,49700,100.00%,12623,204.95%,0,224.56,$8.2,NOP 2,PHI 2,user43,47,marvalshot,14785,4673321689_43
Jamal Murray (38187885),Anthony Edwards (38187845),Keion Brooks Jr. (38188338),Paolo Banchero (38187839),Yves Missi (38188145),Jose Alvarado (38188072),Kelly Olynyk (38188016),Jordan Hawkins (38188226),292.61,390.17,49400,100.00%,26449,297.27%,0,232.60000000000002,$11.89,NOP 5,DEN 1,user45,1,marvalshot,14828,4673321690_45
Jared Butler (38187963),Anthony Edwards (38187845),Keion Brooks Jr. (38188338),Paolo Banchero (38187839),DeAndre Jordan (38188451),Josh Giddey (38187852),Justin Edwards (38188054),Jordan Hawkins (38188226),295.71,386.44,49800,100.00%,47881,869.73%,386,237.74,$34.79,PHI 2,NOP 2,user42,51,marvalshot,3177,4673321691_42
Jordan Hawkins (38188226),Anthony Edwards (38187845),LeBron James (38187831),Justin Edwards (38188054),Yves Missi (38188145),Josh Giddey (38187852),Karlo Matkovic (38188167),DeAndre Jordan (38188451),294.13000000000005,388.68000000000006,49800,100.00%,38507,560.85%,28,242.14,$22.43,NOP 3,MIN 1,user44,18,marvalshot,14836,4673321692_44
Scottie Barnes (38187870),Jared Butler (38187963),LeBron James (38187831),Justin Edwards (38188054),Yves Missi (38188145),Jordan Hawkins (38188226),Keion Brooks Jr. (38188338),Jamal Murray (38187885),288.83000000000004,384.16,49900,100.00%,3117,162.36%,0,211.81,$6.49,NOP 3,PHI 2,user42,39,marvalshot,8012,4673321693_42
Jamal Murray (38187885),Jordan Hawkins (38188226),Michael Porter Jr. (38187929),Paolo Banchero (38187839),Yves Missi (38188145),Jeff Dowtin (38188058),Aaron Gordon (38187939),Justin Edwards (38188054),290.85,377.22,49800,100.00%,11548,226.87%,0,233.5,$9.07,DEN 3,NOP 2,user8,1,marvalshot,14883,4673321694_8
Jamal Murray (38187885),Jordan Hawkins (38188226),Josh Giddey (38187852),Kelly Olynyk (38188016),DeAndre Jordan (38188451),Jose Alvarado (38188072),Cameron Johnson (38187925),Coby White (38187889),289.26,382.52,49400,100.00%,3237,175.88%,0,217.74,$7.04,NOP 3,DEN 2,user26,1,marvalshot,14942,4673321695_26
Jared Butler (38187963),Jordan Hawkins (38188226),LeBron James (38187831),Paolo Banchero (38187839),Kelly Olynyk (38188016),Jamal Murray (38187885),Keion Brooks Jr. (38188338),DeAndre Jordan (38188451),295.22,395.46000000000004,49900,100.00%,45160,812.47%,251,226.18,$32.5,NOP 3,DEN 2,user43,36,marvalshot,14769,4673321688_43
Jordan Hawkins (38188226),Jared Butler (38187963),Scottie Barnes (38187870),LeBron James (38187831),Yves Missi (38188145),Jamal Murray (38187885),Justin Edwards (38188054),DeAndre Jordan (38188451),290.94000000000005,387.1000000000001,49700,100.00%,12623,204.95%,0,224.56,$8.2,NOP 2,PHI 2,user44,47,marvalshot,14785,4673321689_44
Jordan Hawkins (38188226),Anthony Edwards (38187845),Cameron Johnson (38187925),Paolo Banchero (38187839),DeAndre Jordan (38188451),Jose Alvarado (38188072),Justin Edwards (38188054),Jared Butler (38187963),292.78999999999996,383.46999999999997,49400,100.00%,28571,296.22%,0,234.88,$11.85,NOP 2,PHI 2,user40,1,marvalshot,14823,4673321690_40
Jared Butler (38187963),Anthony Edwards (38187845),Keion Brooks Jr. (38188338),Paolo Banchero (38187839),DeAndre Jordan (38188451),Josh Giddey (38187852),Justin Edwards (38188054),Jordan Hawkins (38188226),295.71,386.44,49800,100.00%,47881,869.73%,386,237.74,$34.79,PHI 2,NOP 2,user43,51,marvalshot,3177,4673321691_43
Jordan Hawkins (38188226),Anthony Edwards (38187845),LeBron James (38187831),Justin Edwards (38188054),Yves Missi (38188145),Josh Giddey (38187852),Karlo Matkovic (38188167),DeAndre Jordan (38188451),294.13000000000005,388.68000000000006,49800,100.00%,38507,560.85%,28,242.14,$22.43,NOP 3,MIN 1,user45,18,marvalshot,14836,4673321692_45
Scottie Barnes (38187870),Jared Butler (38187963),LeBron James (38187831),Justin Edwards (38188054),Yves Missi (38188145),Jordan Hawkins (38188226),Keion Brooks Jr. (38188338),Jamal Murray (38187885),288.83000000000004,384.16,49900,100.00%,3117,162.36%,0,211.81,$6.49,NOP 3,PHI 2,user43,39,marvalshot,8012,4673321693_43
Jamal Murray (38187885),Jordan Hawkins (38188226),Josh Giddey (38187852),Paolo Banchero (38187839),Nic Claxton (38187999),Jose Alvarado (38188072),Justin Edwards (38188054),Keion Brooks Jr. (38188338),291.22999999999996,379.75,49900,100.00%,13706,225.6%,0,214.69,$9.02,NOP 3,DEN 1,user2,1,marvalshot,14877,4673321694_2
Russell Westbrook (38187904),Jamal Murray (38187885),Josh Giddey (38187852),Michael Porter Jr. (38187929),DeAndre Jordan (38188451),Jared Butler (38187963),Kelly Olynyk (38188016),Jordan Hawkins (38188226),289.39,384.31,49900,100.00%,3524,175.36%,0,198.44,$7.01,DEN 4,NOP 2,user39,1,marvalshot,14955,4673321695_39
Jared Butler (38187963),Jordan Hawkins (38188226),LeBron James (38187831),Paolo Banchero (38187839),Kelly Olynyk (38188016),Jamal Murray (38187885),Keion Brooks Jr. (38188338),DeAndre Jordan (38188451),295.22,395.46000000000004,49900,100.00%,45160,812.47%,251,226.18,$32.5,NOP 3,DEN 2,user44,36,marvalshot,14769,4673321688_44
Jordan Hawkins (38188226),Jared Butler (38187963),Scottie Barnes (38187870),LeBron James (38187831),Yves Missi (38188145),Jamal Murray (38187885),Justin Edwards (38188054),DeAndre Jordan (38188451),290.94000000000005,387.1000000000001,49700,100.00%,12623,204.95%,0,224.56,$8.2,NOP 2,PHI 2,user45,47,marvalshot,14785,4673321689_45
Jordan Hawkins (38188226),Anthony Edwards (38187845),Justin Edwards (38188054),Paolo Banchero (38187839),DeAndre Jordan (38188451),Josh Giddey (38187852),Kelly Olynyk (38188016),Keion Brooks Jr. (38188338),293.23,385.64,49000,100.00%,33471,289.27%,0,260.27,$11.57,NOP 3,MIN 1,user,1,marvalshot,3174,4673321690
Jared Butler (38187963),Anthony Edwards (38187845),Keion Brooks Jr. (38188338),Paolo Banchero (38187839),DeAndre Jordan (38188451),Josh Giddey (38187852),Justin Edwards (38188054),Jordan Hawkins (38188226),295.71,386.44,49800,100.00%,47881,869.73%,386,237.74,$34.79,PHI 2,NOP 2,user44,51,marvalshot,3177,4673321691_44
Jordan Hawkins (38188226),Anthony Edwards (38187845),LeBron James (38187831),Justin Edwards (38188054),Yves Missi (38188145),Josh Giddey (38187852),Karlo Matkovic (38188167),DeAndre Jordan (38188451),294.13000000000005,388.68000000000006,49800,100.00%,38507,560.85%,28,242.14,$22.43,NOP 3,MIN 1,user46,18,marvalshot,14836,4673321692_46
Scottie Barnes (38187870),Jared Butler (38187963),LeBron James (38187831),Justin Edwards (38188054),Yves Missi (38188145),Jordan Hawkins (38188226),Keion Brooks Jr. (38188338),Jamal Murray (38187885),288.83000000000004,384.16,49900,100.00%,3117,162.36%,0,211.81,$6.49,NOP 3,PHI 2,user44,39,marvalshot,8012,4673321693_44
Jordan Hawkins (38188226),Jamal Murray (38187885),Justin Edwards (38188054),Paolo Banchero (38187839),Karlo Matkovic (38188167),Jared Butler (38187963),Josh Giddey (38187852),Keion Brooks Jr. (38188338),291.32,380.11,49800,100.00%,14530,225.11%,0,212.32999999999998,$9.0,NOP 3,PHI 2,user7,1,marvalshot,14882,4673321694_7
Jamal Murray (38187885),Jordan Hawkins (38188226),Josh Giddey (38187852),Anthony Davis (38187835),DeAndre Jordan (38188451),Jose Alvarado (38188072),Kelly Olynyk (38188016),Jeff Dowtin (38188058),289.15000000000003,389.91,49600,100.00%,2946,174.03%,0,259.78,$6.96,NOP 3,DEN 2,user17,1,marvalshot,14933,4673321695_17
Jared Butler (38187963),Jordan Hawkins (38188226),LeBron James (38187831),Paolo Banchero (38187839),Kelly Olynyk (38188016),Jamal Murray (38187885),Keion Brooks Jr. (38188338),DeAndre Jordan (38188451),295.22,395.46000000000004,49900,100.00%,45160,812.47%,251,226.18,$32.5,NOP 3,DEN 2,user45,36,marvalshot,14769,4673321688_45
Jordan Hawkins (38188226),Jared Butler (38187963),Scottie Barnes (38187870),LeBron James (38187831),Yves Missi (38188145),Jamal Murray (38187885),Justin Edwards (38188054),DeAndre Jordan (38188451),290.94000000000005,387.1000000000001,49700,100.00%,12623,204.95%,0,224.56,$8.2,NOP 2,PHI 2,user46,47,marvalshot,14785,4673321689_46
Jose Alvarado (38188072),Anthony Edwards (38187845),Cameron Johnson (38187925),Paolo Banchero (38187839),DeAndre Jordan (38188451),Jordan Hawkins (38188226),Kelly Olynyk (38188016),Jared Butler (38187963),292.33,390.40999999999997,49700,100.00%,24351,284.91%,1,226.64000000000001,$11.4,NOP 3,MIN 1,user28,1,marvalshot,14813,4673321690_28
Jared Butler (38187963),Anthony Edwards (38187845),Keion Brooks Jr. (38188338),Paolo Banchero (38187839),DeAndre Jordan (38188451),Josh Giddey (38187852),Justin Edwards (38188054),Jordan Hawkins (38188226),295.71,386.44,49800,100.00%,47881,869.73%,386,237.74,$34.79,PHI 2,NOP 2,user45,51,marvalshot,3177,4673321691_45
Jordan Hawkins (38188226),Anthony Edwards (38187845),LeBron James (38187831),Justin Edwards (38188054),Yves Missi (38188145),Josh Giddey (38187852),Karlo Matkovic (38188167),DeAndre Jordan (38188451),294.13000000000005,388.68000000000006,49800,100.00%,38507,560.85%,28,242.14,$22.43,NOP 3,MIN 1,user47,18,marvalshot,14836,4673321692_47
Scottie Barnes (38187870),Jared Butler (38187963),LeBron James (38187831),Justin Edwards (38188054),Yves Missi (38188145),Jordan Hawkins (38188226),Keion Brooks Jr. (38188338),Jamal Murray (38187885),288.83000000000004,384.16,49900,100.00%,3117,162.36%,0,211.81,$6.49,NOP 3,PHI 2,user45,39,marvalshot,8012,4673321693_45
Jose Alvarado (38188072),Coby White (38187889),Justin Edwards (38188054),Paolo Banchero (38187839),Yves Missi (38188145),Josh Giddey (38187852),Chuma Okeke (38188147),Jordan Hawkins (38188226),290.73,375.46000000000004,49900,100.00%,10285,214.3%,0,219.74,$8.57,NOP 3,CHI 2,user,2,marvalshot,5175,4673321694
Jordan Hawkins (38188226),Jared Butler (38187963),Justin Edwards (38188054),Kelly Olynyk (38188016),Nikola Vucevic (38187902),Coby White (38187889),Josh Giddey (38187852),Yves Missi (38188145),289.26,380.03999999999996,49600,100.00%,3191,173.83%,0,215.74,$6.95,NOP 3,CHI 3,user22,1,marvalshot,14938,4673321695_22
Jared Butler (38187963),Jordan Hawkins (38188226),LeBron James (38187831),Paolo Banchero (38187839),Kelly Olynyk (38188016),Jamal Murray (38187885),Keion Brooks Jr. (38188338),DeAndre Jordan (38188451),295.22,395.46000000000004,49900,100.00%,45160,812.47%,251,226.18,$32.5,NOP 3,DEN 2,user46,36,marvalshot,14769,4673321688_46
Jordan Hawkins (38188226),Jared Butler (38187963),Scottie Barnes (38187870),LeBron James (38187831),Yves Missi (38188145),Jamal Murray (38187885),Justin Edwards (38188054),DeAndre Jordan (38188451),290.94000000000005,387.1000000000001,49700,100.00%,12623,204.95%,0,224.56,$8.2,NOP 2,PHI 2,user47,47,marvalshot,14785,4673321689_47
Jose Alvarado (38188072),Anthony Edwards (38187845),Keion Brooks Jr. (38188338),Paolo Banchero (38187839),Kelly Olynyk (38188016),Coby White (38187889),Justin Edwards (38188054),Jordan Hawkins (38188226),292.35999999999996,383.37999999999994,49800,100.00%,24399,280.88%,0,243.09,$11.24,NOP 4,MIN 1,user32,2,marvalshot,3248,4673321690_32
Jared Butler (38187963),Anthony Edwards (38187845),Keion Brooks Jr. (38188338),Paolo Banchero (38187839),DeAndre Jordan (38188451),Josh Giddey (38187852),Justin Edwards (38188054),Jordan Hawkins (38188226),295.71,386.44,49800,100.00%,47881,869.73%,386,237.74,$34.79,PHI 2,NOP 2,user46,51,marvalshot,3177,4673321691_46
Jordan Hawkins (38188226),Anthony Edwards (38187845),LeBron James (38187831),Justin Edwards (38188054),Yves Missi (38188145),Josh Giddey (38187852),Karlo Matkovic (38188167),DeAndre Jordan (38188451),294.13000000000005,388.68000000000006,49800,100.00%,38507,560.85%,28,242.14,$22.43,NOP 3,MIN 1,user48,18,marvalshot,14836,4673321692_48
Scottie Barnes (38187870),Jared Butler (38187963),LeBron James (38187831),Justin Edwards (38188054),Yves Missi (38188145),Jordan Hawkins (38188226),Keion Brooks Jr. (38188338),Jamal Murray (38187885),288.83000000000004,384.16,49900,100.00%,3117,162.36%,0,211.81,$6.49,NOP 3,PHI 2,user46,39,marvalshot,8012,4673321693_46
Jared Butler (38187963),Jamal Murray (38187885),Justin Edwards (38188054),Paolo Banchero (38187839),Nikola Vucevic (38187902),Jose Alvarado (38188072),Karlo Matkovic (38188167),Jordan Hawkins (38188226),290.57,381.15,50000,100.00%,9921,210.95%,0,206.48000000000002,$8.44,NOP 3,PHI 2,user16,1,marvalshot,14891,4673321694_16
Josh Giddey (38187852),Jordan Hawkins (38188226),Justin Edwards (38188054),Anthony Davis (38187835),Kelly Olynyk (38188016),Jose Alvarado (38188072),Michael Porter Jr. (38187929),Yves Missi (38188145),289.16999999999996,384.52,49800,100.00%,2650,173.63%,0,241.84000000000003,$6.95,NOP 4,CHI 1,user12,1,marvalshot,14928,4673321695_12
Jared Butler (38187963),Jordan Hawkins (38188226),LeBron James (38187831),Paolo Banchero (38187839),Kelly Olynyk (38188016),Jamal Murray (38187885),Keion Brooks Jr. (38188338),DeAndre Jordan (38188451),295.22,395.46000000000004,49900,100.00%,45160,812.47%,251,226.18,$32.5,NOP 3,DEN 2,user47,36,marvalshot,14769,4673321688_47
Jordan Hawkins (38188226),Jared Butler (38187963),Scottie Barnes (38187870),LeBron James (38187831),Yves Missi (38188145),Jamal Murray (38187885),Justin Edwards (38188054),DeAndre Jordan (38188451),290.94000000000005,387.1000000000001,49700,100.00%,12623,204.95%,0,224.56,$8.2,NOP 2,PHI 2,user48,47,marvalshot,14785,4673321689_48
Jose Alvarado (38188072),Anthony Edwards (38187845),Justin Edwards (38188054),Paolo Banchero (38187839),Nikola Vucevic (38187902),Jordan Hawkins (38188226),Kelly Olynyk (38188016),DeAndre Jordan (38188451),292.47999999999996,386.67999999999995,49200,100.00%,25940,277.79%,0,254.42000000000002,$11.11,NOP 3,MIN 1,user20,1,marvalshot,14805,4673321690_20
Jared Butler (38187963),Anthony Edwards (38187845),Keion Brooks Jr. (38188338),Paolo Banchero (38187839),DeAndre Jordan (38188451),Josh Giddey (38187852),Justin Edwards (38188054),Jordan Hawkins (38188226),295.71,386.44,49800,100.00%,47881,869.73%,386,237.74,$34.79,PHI 2,NOP 2,user47,51,marvalshot,3177,4673321691_47
Jordan Hawkins (38188226),Anthony Edwards (38187845),LeBron James (38187831),Justin Edwards (38188054),Yves Missi (38188145),Josh Giddey (38187852),Karlo Matkovic (38188167),DeAndre Jordan (38188451),294.13000000000005,388.68000000000006,49800,100.00%,38507,560.85%,28,242.14,$22.43,NOP 3,MIN 1,user49,18,marvalshot,14836,4673321692_49
Scottie Barnes (38187870),Jared Butler (38187963),LeBron James (38187831),Justin Edwards (38188054),Yves Missi (38188145),Jordan Hawkins (38188226),Keion Brooks Jr. (38188338),Jamal Murray (38187885),288.83000000000004,384.16,49900,100.00%,3117,162.36%,0,211.81,$6.49,NOP 3,PHI 2,user47,39,marvalshot,8012,4673321693_47
Jordan Hawkins (38188226),Christian Braun (38187973),Keion Brooks Jr. (38188338),Paolo Banchero (38187839),Yves Missi (38188145),Jamal Murray (38187885),Justin Edwards (38188054),Josh Giddey (38187852),290.76,376.37,49800,100.00%,10461,210.63%,0,216.39,$8.43,NOP 3,DEN 2,user36,1,marvalshot,14908,4673321694_36
Jose Alvarado (38188072),Jamal Murray (38187885),Justin Edwards (38188054),Anthony Davis (38187835),Kelly Olynyk (38188016),Josh Giddey (38187852),Keion Brooks Jr. (38188338),Jordan Hawkins (38188226),289.3,384.66,49800,100.00%,2914,173.52%,0,242.02,$6.94,NOP 4,DEN 1,user7,2,marvalshot,12969,4673321695_7
Jared Butler (38187963),Jordan Hawkins (38188226),LeBron James (38187831),Paolo Banchero (38187839),Kelly Olynyk (38188016),Jamal Murray (38187885),Keion Brooks Jr. (38188338),DeAndre Jordan (38188451),295.22,395.46000000000004,49900,100.00%,45160,812.47%,251,226.18,$32.5,NOP 3,DEN 2,user48,36,marvalshot,14769,4673321688_48
Jordan Hawkins (38188226),Jared Butler (38187963),Scottie Barnes (38187870),LeBron James (38187831),Yves Missi (38188145),Jamal Murray (38187885),Justin Edwards (38188054),DeAndre Jordan (38188451),290.94000000000005,387.1000000000001,49700,100.00%,12623,204.95%,0,224.56,$8.2,NOP 2,PHI 2,user49,47,marvalshot,14785,4673321689_49
Jordan Hawkins (38188226),Anthony Edwards (38187845),Josh Giddey (38187852),Paolo Banchero (38187839),DeAndre Jordan (38188451),Jared Butler (38187963),Keion Brooks Jr. (38188338),Yves Missi (38188145),292.62,388.78,49300,100.00%,26393,277.24%,1,224.22000000000003,$11.09,NOP 3,MIN 1,user46,1,marvalshot,14829,4673321690_46
Jared Butler (38187963),Anthony Edwards (38187845),Keion Brooks Jr. (38188338),Paolo Banchero (38187839),DeAndre Jordan (38188451),Josh Giddey (38187852),Justin Edwards (38188054),Jordan Hawkins (38188226),295.71,386.44,49800,100.00%,47881,869.73%,386,237.74,$34.79,PHI 2,NOP 2,user48,51,marvalshot,3177,4673321691_48
Josh Giddey (38187852),Anthony Edwards (38187845),LeBron James (38187831),Karlo Matkovic (38188167),DeAndre Jordan (38188451),Jordan Hawkins (38188226),Justin Edwards (38188054),Yves Missi (38188145),294.13,388.68,49800,100.00%,38507,560.85%,28,242.14000000000001,$22.43,NOP 3,CHI 1,user4,18,marvalshot,14836,4673321692_4
Scottie Barnes (38187870),Jared Butler (38187963),LeBron James (38187831),Justin Edwards (38188054),Yves Missi (38188145),Jordan Hawkins (38188226),Keion Brooks Jr. (38188338),Jamal Murray (38187885),288.83000000000004,384.16,49900,100.00%,3117,162.36%,0,211.81,$6.49,NOP 3,PHI 2,user48,39,marvalshot,8012,4673321693_48
Jamal Murray (38187885),Jordan Hawkins (38188226),Ziaire Williams (38188112),Paolo Banchero (38187839),DeAndre Jordan (38188451),Jared Butler (38187963),Josh Giddey (38187852),Jose Alvarado (38188072),290.73,382.84000000000003,49700,100.00%,10174,206.03%,0,203.72000000000003,$8.24,DEN 2,NOP 2,user10,1,marvalshot,14885,4673321694_10
Jamal Murray (38187885),Jared Butler (38187963),Josh Giddey (38187852),Justin Edwards (38188054),Yves Missi (38188145),Jordan Hawkins (38188226),PJ Washington (38187881),Jeff Dowtin (38188058),289.17,374.03,50000,100.00%,3031,171.68%,0,231.03000000000003,$6.87,PHI 3,NOP 2,user46,1,marvalshot,14962,4673321695_46
Jared Butler (38187963),Jordan Hawkins (38188226),LeBron James (38187831),Paolo Banchero (38187839),Kelly Olynyk (38188016),Jamal Murray (38187885),Keion Brooks Jr. (38188338),DeAndre Jordan (38188451),295.22,395.46000000000004,49900,100.00%,45160,812.47%,251,226.18,$32.5,NOP 3,DEN 2,user49,36,marvalshot,14769,4673321688_49
Jordan Hawkins (38188226),Jared Butler (38187963),Scottie Barnes (38187870),LeBron James (38187831),DeAndre Jordan (38188451),Jamal Murray (38187885),Justin Edwards (38188054),Yves Missi (38188145),290.94,387.1,49700,100.00%,12623,204.95%,0,224.56,$8.2,NOP 2,PHI 2,user1,47,marvalshot,14785,4673321689_1
Jose Alvarado (38188072),Anthony Edwards (38187845),Justin Edwards (38188054),Paolo Banchero (38187839),DeAndre Jordan (38188451),Jordan Hawkins (38188226),Josh Giddey (38187852),Ziaire Williams (38188112),292.45,381.04999999999995,50000,100.00%,25118,274.95%,0,235.10000000000002,$11.0,NOP 2,MIN 1,user41,1,marvalshot,14824,4673321690_41
Jared Butler (38187963),Anthony Edwards (38187845),Keion Brooks Jr. (38188338),Paolo Banchero (38187839),DeAndre Jordan (38188451),Josh Giddey (38187852),Justin Edwards (38188054),Jordan Hawkins (38188226),295.71,386.44,49800,100.00%,47881,869.73%,386,237.74,$34.79,PHI 2,NOP 2,user49,51,marvalshot,3177,4673321691_49
Jared Butler (38187963),Anthony Edwards (38187845),LeBron James (38187831),Kelly Olynyk (38188016),DeAndre Jordan (38188451),Jose Alvarado (38188072),Justin Edwards (38188054),Jordan Hawkins (38188226),294.23,390.39,48100,100.00%,40801,475.13%,0,265.24,$19.01,NOP 3,PHI 2,user32,1,marvalshot,14864,4673321692_32
Scottie Barnes (38187870),Jared Butler (38187963),LeBron James (38187831),Justin Edwards (38188054),Yves Missi (38188145),Jordan Hawkins (38188226),Keion Brooks Jr. (38188338),Jamal Murray (38187885),288.83000000000004,384.16,49900,100.00%,3117,162.36%,0,211.81,$6.49,NOP 3,PHI 2,user49,39,marvalshot,8012,4673321693_49
Jared Butler (38187963),Jordan Hawkins (38188226),Josh Giddey (38187852),Paolo Banchero (38187839),DeAndre Jordan (38188451),Jose Alvarado (38188072),Trendon Watford (38188086),Jamal Murray (38187885),290.78,385.77,49800,100.00%,10486,205.99%,0,195.27,$8.24,NOP 2,DEN 2,user4,1,marvalshot,14879,4673321694_4
Jordan Hawkins (38188226),Coby White (38187889),Josh Giddey (38187852),Justin Edwards (38188054),DeAndre Jordan (38188451),Russell Westbrook (38187904),Kelly Olynyk (38188016),Jamal Murray (38187885),289.18,378.91999999999996,50000,100.00%,2631,171.01%,0,223.20999999999998,$6.84,DEN 3,NOP 2,user41,1,marvalshot,14957,4673321695_41
