PG,SG,SF,PF,C,G,F,UTIL,Proj,Ceiling,Salary,Cash %,Top 1%,ROI%,Wins,Own Sum,Avg Return,Stack1,Stack2,Lineup,Dupes,User,Index,Entry ID
Scottie Barnes (37851372),Talen Horton-Tucker (37851832),Franz Wagner (37851369),Pascal Siakam (37851401),Jarrett Allen (37851461),Tre Jones (37851720),Julius Randle (37851443),Onyeka Okongwu (37851459),298.5953472222222,391.8441425115037,49500,100.00%,6762,245.53%,0,182.51,$9.82,CHI 2,TOR 1,user,50,marvalshot,3196,4655040906
Jalen Brunson (37851340),Talen Horton-Tucker (37851832),Kyle Kuzma (37851449),Giannis Antetokounmpo (37851317),Onyeka Okongwu (37851459),Tre Jones (37851720),Julius Randle (37851443),Jalen Smith (37851692),301.49,403.93,50000,100.00%,27475,524.9%,0,194.45,$21.0,CHI 3,MIL 2,user6,1,marvalshot,17794,4655040907_6
Tre Jones (37851720),Max Strus (37851614),Talen Horton-Tucker (37851832),Josh Hart (37851385),Alperen Sengun (37851332),Jalen Brunson (37851340),Julius Randle (37851443),Onyeka Okongwu (37851459),300.7532465277778,390.7714262285723,50000,100.00%,21122,451.77%,0,185.05,$18.07,CHI 2,NYK 2,user44,1,marvalshot,17879,4655040908_44
Tre Jones (37851720),Aaron Nesmith (37851609),Franz Wagner (37851369),Pascal Siakam (37851401),Julius Randle (37851443),Jalen Brunson (37851340),Matas Buzelis (37851566),Onyeka Okongwu (37851459),292.9218055555555,380.7121813174289,50000,100.00%,20,106.99%,0,167.76,$4.28,CHI 2,IND 2,user44,1,marvalshot,17928,4655040909_44
Tre Jones (37851720),Caris LeVert (37851534),Talen Horton-Tucker (37851832),Guerschon Yabusele (37851548),Julius Randle (37851443),Jalen Brunson (37851340),Giannis Antetokounmpo (37851317),Onyeka Okongwu (37851459),296.28999999999996,394.79999999999995,50000,100.00%,432,160.25%,0,189.14,$6.41,CHI 2,ATL 2,user5,1,marvalshot,17938,4655040910_5
Tre Jones (37851720),Andrew Nembhard (37851576),Kyle Kuzma (37851449),Paolo Banchero (37851362),Zach Collins (37851479),Talen Horton-Tucker (37851832),Julius Randle (37851443),Giannis Antetokounmpo (37851317),308.7946527777778,403.3801609199204,50000,100.00%,49996,10550.93%,5,188.91,$422.04,CHI 3,MIL 2,user40,1,marvalshot,18022,4655040911_40
Tre Jones (37851720),Talen Horton-Tucker (37851832),Kyle Kuzma (37851449),Julius Randle (37851443),Jalen Smith (37851692),Stephon Castle (37851463),Giannis Antetokounmpo (37851317),Jalen Brunson (37851340),296.07,397.76,49900,100.00%,413,157.2%,0,192.84,$6.29,CHI 3,MIL 2,user29,1,marvalshot,18060,4655040912_29
Jalen Brunson (37851340),Ja'Kobe Walter (37851749),Talen Horton-Tucker (37851832),Paolo Banchero (37851362),Julius Randle (37851443),Tre Jones (37851720),Max Strus (37851614),Giannis Antetokounmpo (37851317),304.2696875,398.9050667065294,49900,100.00%,47130,1500.21%,1,206.87,$60.01,CHI 2,NYK 1,user22,1,marvalshot,18102,4655040913_22
Tre Jones (37851720),Talen Horton-Tucker (37851832),Josh Hart (37851385),Pascal Siakam (37851401),Alperen Sengun (37851332),Stephon Castle (37851463),Kyle Kuzma (37851449),Onyeka Okongwu (37851459),295.1640451388889,386.3360443518918,49900,100.00%,409,142.11%,0,161.31,$5.68,CHI 2,NYK 1,user36,1,marvalshot,18165,4655040914_36
Jalen Brunson (37851340),Aaron Nesmith (37851609),Franz Wagner (37851369),Giannis Antetokounmpo (37851317),Onyeka Okongwu (37851459),Tre Jones (37851720),Talen Horton-Tucker (37851832),Jalen Smith (37851692),293.9810069444444,396.27756319410935,49800,100.00%,36,120.21%,0,185.57,$4.81,CHI 3,NYK 1,user2,1,marvalshot,18180,4655040915_2
Scottie Barnes (37851372),Talen Horton-Tucker (37851832),Franz Wagner (37851369),Pascal Siakam (37851401),Onyeka Okongwu (37851459),Tre Jones (37851720),Julius Randle (37851443),Jarrett Allen (37851461),298.59534722222224,391.8441425115037,49500,100.00%,6762,245.53%,0,182.51,$9.82,CHI 2,TOR 1,user1,50,marvalshot,3196,4655040906_1
Jalen Brunson (37851340),Donte DiVincenzo (37851505),Talen Horton-Tucker (37851832),Giannis Antetokounmpo (37851317),Onyeka Okongwu (37851459),Tre Jones (37851720),Julius Randle (37851443),Matas Buzelis (37851566),299.88,397.65999999999997,49900,100.00%,12424,327.45%,0,203.3,$13.1,CHI 3,MIN 2,user26,1,marvalshot,17813,4655040907_26
Jalen Brunson (37851340),Jevon Carter (37851843),Max Strus (37851614),Giannis Antetokounmpo (37851317),Alperen Sengun (37851332),Tre Jones (37851720),Talen Horton-Tucker (37851832),Onyeka Okongwu (37851459),300.20324652777776,401.68142622857226,50000,100.00%,16080,373.43%,0,206.91000000000003,$14.94,CHI 3,NYK 1,user5,1,marvalshot,17840,4655040908_5
Tre Jones (37851720),Aaron Nesmith (37851609),Franz Wagner (37851369),Pascal Siakam (37851401),Onyeka Okongwu (37851459),Talen Horton-Tucker (37851832),Giannis Antetokounmpo (37851317),Devin Vassell (37851496),290.2318055555555,387.40218131742887,49900,100.00%,0,77.31%,0,172.12,$3.09,CHI 2,IND 2,user22,1,marvalshot,17906,4655040909_22
Donovan Mitchell (37851343),Talen Horton-Tucker (37851832),Georges Niang (37851649),Julius Randle (37851443),Onyeka Okongwu (37851459),Tre Jones (37851720),Giannis Antetokounmpo (37851317),Zach Collins (37851479),295.96,397.15,49800,100.00%,414,154.5%,0,189.88,$6.18,CHI 3,ATL 2,user4,1,marvalshot,17937,4655040910_4
Jalen Brunson (37851340),Andrew Nembhard (37851576),Mikal Bridges (37851487),Paolo Banchero (37851362),Onyeka Okongwu (37851459),Talen Horton-Tucker (37851832),Julius Randle (37851443),Jarrett Allen (37851461),308.1246527777778,395.6501609199204,49900,100.00%,49960,8614.32%,16,174.26,$344.57,NYK 2,IND 1,user30,1,marvalshot,18012,4655040911_30
Tre Jones (37851720),Donovan Mitchell (37851343),Talen Horton-Tucker (37851832),Giannis Antetokounmpo (37851317),Jarrett Allen (37851461),Stephon Castle (37851463),Max Strus (37851614),Onyeka Okongwu (37851459),295.41999999999996,398.96999999999997,49900,100.00%,195,143.4%,0,191.26999999999998,$5.74,CLE 3,CHI 2,user23,1,marvalshot,18054,4655040912_23
Jalen Brunson (37851340),Ja'Kobe Walter (37851749),Max Strus (37851614),Paolo Banchero (37851362),Onyeka Okongwu (37851459),Tre Jones (37851720),Giannis Antetokounmpo (37851317),Talen Horton-Tucker (37851832),304.26968750000003,400.3950667065294,49600,100.00%,46698,1500.11%,0,197.48,$60.0,CHI 2,NYK 1,user4,1,marvalshot,18084,4655040913_4
Jalen Brunson (37851340),Quentin Grimes (37851476),Talen Horton-Tucker (37851832),Pascal Siakam (37851401),Alperen Sengun (37851332),Tre Jones (37851720),Julius Randle (37851443),Andre Drummond (37851556),294.3540451388889,389.4860443518918,49900,100.00%,106,126.69%,0,166.06,$5.07,PHI 2,CHI 2,user19,1,marvalshot,18148,4655040914_19
Donovan Mitchell (37851343),Aaron Nesmith (37851609),Franz Wagner (37851369),Julius Randle (37851443),Onyeka Okongwu (37851459),Tre Jones (37851720),Talen Horton-Tucker (37851832),Jalen Brunson (37851340),293.24100694444445,386.3675631941094,50000,100.00%,8,110.32%,0,187.13,$4.41,CHI 2,CLE 1,user25,1,marvalshot,18203,4655040915_25
Scottie Barnes (37851372),Talen Horton-Tucker (37851832),Franz Wagner (37851369),Pascal Siakam (37851401),Onyeka Okongwu (37851459),Tre Jones (37851720),Julius Randle (37851443),Jarrett Allen (37851461),298.59534722222224,391.8441425115037,49500,100.00%,6762,245.53%,0,182.51,$9.82,CHI 2,TOR 1,user2,50,marvalshot,3196,4655040906_2
Tre Jones (37851720),Quentin Grimes (37851476),Talen Horton-Tucker (37851832),Matas Buzelis (37851566),Zach Collins (37851479),Jalen Brunson (37851340),Giannis Antetokounmpo (37851317),Onyeka Okongwu (37851459),298.9,396.4,49900,100.00%,7214,268.61%,0,192.86,$10.74,CHI 4,PHI 1,user14,1,marvalshot,17802,4655040907_14
Tre Jones (37851720),Brandin Podziemski (37851483),Kyle Kuzma (37851449),Julius Randle (37851443),Alperen Sengun (37851332),Jalen Brunson (37851340),Talen Horton-Tucker (37851832),Onyeka Okongwu (37851459),299.91324652777774,391.9014262285723,50000,100.00%,14463,361.59%,0,174.45,$14.46,CHI 2,GSW 1,user4,1,marvalshot,17839,4655040908_4
Tre Jones (37851720),Aaron Nesmith (37851609),Franz Wagner (37851369),Pascal Siakam (37851401),Julius Randle (37851443),Jalen Brunson (37851340),Max Strus (37851614),Onyeka Okongwu (37851459),290.1118055555555,377.1421813174288,49800,99.97%,0,76.64%,0,154.07,$3.07,IND 2,CHI 1,user4,1,marvalshot,17888,4655040909_4
Jalen Brunson (37851340),Quentin Grimes (37851476),Talen Horton-Tucker (37851832),Julius Randle (37851443),Onyeka Okongwu (37851459),Darius Garland (37851392),Josh Hart (37851385),Tre Jones (37851720),295.73999999999995,383.9599999999999,49900,100.00%,373,150.05%,0,195.26,$6.0,NYK 2,CHI 2,user2,1,marvalshot,17935,4655040910_2
Ty Jerome (37851543),Andrew Nembhard (37851576),Talen Horton-Tucker (37851832),Paolo Banchero (37851362),Onyeka Okongwu (37851459),Tre Jones (37851720),Giannis Antetokounmpo (37851317),Darius Garland (37851392),307.6946527777778,408.8801609199204,50000,100.00%,49958,6898.17%,4,186.23000000000002,$275.93,CLE 2,CHI 2,user24,1,marvalshot,18006,4655040911_24
Stephon Castle (37851463),Talen Horton-Tucker (37851832),Josh Hart (37851385),Julius Randle (37851443),Onyeka Okongwu (37851459),Tre Jones (37851720),De'Andre Hunter (37851523),Giannis Antetokounmpo (37851317),295.28,391.59,50000,100.00%,152,139.79%,0,188.25,$5.59,CHI 2,SAS 1,user10,1,marvalshot,18041,4655040912_10
Jalen Brunson (37851340),Ja'Kobe Walter (37851749),Talen Horton-Tucker (37851832),Paolo Banchero (37851362),Jarrett Allen (37851461),Anthony Edwards (37851329),Julius Randle (37851443),Tre Jones (37851720),303.46968749999996,394.3050667065294,49900,100.00%,42829,1153.0%,0,196.99,$46.12,CHI 2,MIN 2,user28,1,marvalshot,18108,4655040913_28
Tre Jones (37851720),Stephon Castle (37851463),Georges Niang (37851649),Pascal Siakam (37851401),Alperen Sengun (37851332),Talen Horton-Tucker (37851832),Matas Buzelis (37851566),Giannis Antetokounmpo (37851317),293.6740451388889,393.4560443518918,49600,100.00%,38,116.84%,0,189.18,$4.67,CHI 3,SAS 1,user32,1,marvalshot,18161,4655040914_32
Tre Jones (37851720),Aaron Nesmith (37851609),Franz Wagner (37851369),Georges Niang (37851649),Onyeka Okongwu (37851459),Jalen Brunson (37851340),Talen Horton-Tucker (37851832),Giannis Antetokounmpo (37851317),293.11100694444445,390.7375631941094,50000,100.00%,6,108.72%,0,194.87,$4.35,CHI 2,ATL 2,user27,1,marvalshot,18205,4655040915_27
Scottie Barnes (37851372),Talen Horton-Tucker (37851832),Franz Wagner (37851369),Pascal Siakam (37851401),Onyeka Okongwu (37851459),Tre Jones (37851720),Julius Randle (37851443),Jarrett Allen (37851461),298.59534722222224,391.8441425115037,49500,100.00%,6762,245.53%,0,182.51,$9.82,CHI 2,TOR 1,user3,50,marvalshot,3196,4655040906_3
Jalen Brunson (37851340),Quentin Grimes (37851476),Max Strus (37851614),Giannis Antetokounmpo (37851317),Onyeka Okongwu (37851459),Tre Jones (37851720),Talen Horton-Tucker (37851832),Jarrett Allen (37851461),298.39000000000004,397.18000000000006,49900,100.00%,4849,239.68%,0,196.79,$9.59,CLE 2,CHI 2,user15,1,marvalshot,17803,4655040907_15
Tre Jones (37851720),Mikal Bridges (37851487),Talen Horton-Tucker (37851832),Kyle Kuzma (37851449),Alperen Sengun (37851332),Jalen Brunson (37851340),Julius Randle (37851443),Onyeka Okongwu (37851459),299.89324652777776,389.43142622857226,50000,100.00%,14239,355.91%,0,171.69,$14.24,CHI 2,NYK 2,user14,1,marvalshot,17849,4655040908_14
Donte DiVincenzo (37851505),Aaron Nesmith (37851609),Franz Wagner (37851369),Pascal Siakam (37851401),Onyeka Okongwu (37851459),Tre Jones (37851720),Giannis Antetokounmpo (37851317),Talen Horton-Tucker (37851832),289.39180555555555,386.6821813174289,49800,99.97%,0,69.49%,0,167.99,$2.78,IND 2,CHI 2,user8,1,marvalshot,17892,4655040909_8
Tre Jones (37851720),Talen Horton-Tucker (37851832),Mikal Bridges (37851487),Kyle Kuzma (37851449),Giannis Antetokounmpo (37851317),Jalen Brunson (37851340),Max Strus (37851614),Onyeka Okongwu (37851459),295.63,389.14,49900,100.00%,250,147.89%,0,176.25,$5.92,CHI 2,NYK 2,user3,1,marvalshot,17936,4655040910_3
Tre Jones (37851720),Andrew Nembhard (37851576),Talen Horton-Tucker (37851832),Paolo Banchero (37851362),Giannis Antetokounmpo (37851317),Ty Jerome (37851543),Matas Buzelis (37851566),Jalen Brunson (37851340),306.3546527777778,404.4901609199204,49800,100.00%,49752,3712.0%,0,195.67000000000002,$148.48,CHI 3,IND 1,user5,1,marvalshot,17987,4655040911_5
Jalen Brunson (37851340),Mikal Bridges (37851487),Talen Horton-Tucker (37851832),Josh Hart (37851385),Onyeka Okongwu (37851459),Tre Jones (37851720),Julius Randle (37851443),Darius Garland (37851392),294.9,381.27,49800,100.00%,124,133.59%,0,186.2,$5.34,NYK 3,CHI 2,user3,1,marvalshot,18034,4655040912_3
Stephon Castle (37851463),Ja'Kobe Walter (37851749),Talen Horton-Tucker (37851832),Paolo Banchero (37851362),Onyeka Okongwu (37851459),Tre Jones (37851720),Giannis Antetokounmpo (37851317),Darius Garland (37851392),302.9996875,402.1850667065294,49900,100.00%,39800,924.19%,0,200.12,$36.97,CHI 2,SAS 1,user10,1,marvalshot,18090,4655040913_10
Tre Jones (37851720),Jevon Carter (37851843),Talen Horton-Tucker (37851832),Pascal Siakam (37851401),Alperen Sengun (37851332),Lonnie Walker IV (37851827),Giannis Antetokounmpo (37851317),Jalen Brunson (37851340),292.9440451388889,394.7160443518918,49900,100.00%,15,107.42%,0,186.87,$4.3,CHI 3,IND 1,user27,1,marvalshot,18156,4655040914_27
Jalen Brunson (37851340),Aaron Nesmith (37851609),Franz Wagner (37851369),Julius Randle (37851443),Onyeka Okongwu (37851459),Talen Horton-Tucker (37851832),Kyle Kuzma (37851449),Jarrett Allen (37851461),291.81100694444444,381.8675631941094,49900,100.00%,4,94.11%,0,176.41,$3.76,NYK 1,IND 1,user35,1,marvalshot,18213,4655040915_35
Scottie Barnes (37851372),Talen Horton-Tucker (37851832),Franz Wagner (37851369),Pascal Siakam (37851401),Onyeka Okongwu (37851459),Tre Jones (37851720),Julius Randle (37851443),Jarrett Allen (37851461),298.59534722222224,391.8441425115037,49500,100.00%,6762,245.53%,0,182.51,$9.82,CHI 2,TOR 1,user4,50,marvalshot,3196,4655040906_4
Tre Jones (37851720),Donovan Mitchell (37851343),Talen Horton-Tucker (37851832),Kyle Kuzma (37851449),Jarrett Allen (37851461),Jalen Brunson (37851340),Julius Randle (37851443),Onyeka Okongwu (37851459),298.34,393.78,49900,100.00%,4945,237.64%,0,193.43,$9.51,CHI 2,CLE 2,user38,1,marvalshot,17824,4655040907_38
Trae Young (37851321),Talen Horton-Tucker (37851832),Kyle Kuzma (37851449),Julius Randle (37851443),Alperen Sengun (37851332),Tre Jones (37851720),Matas Buzelis (37851566),Onyeka Okongwu (37851459),299.7432465277778,392.47142622857234,50000,100.00%,13177,343.71%,0,179.93,$13.75,CHI 3,ATL 2,user21,1,marvalshot,17856,4655040908_21
Tre Jones (37851720),Aaron Nesmith (37851609),Franz Wagner (37851369),Pascal Siakam (37851401),Zach Collins (37851479),Jalen Brunson (37851340),Matas Buzelis (37851566),Onyeka Okongwu (37851459),288.21180555555554,376.12218131742884,49500,99.57%,0,61.39%,0,147.56,$2.46,CHI 3,IND 2,user17,1,marvalshot,17901,4655040909_17
Stephon Castle (37851463),Donovan Mitchell (37851343),Georges Niang (37851649),Julius Randle (37851443),Onyeka Okongwu (37851459),Tre Jones (37851720),Talen Horton-Tucker (37851832),Giannis Antetokounmpo (37851317),295.25,397.06,49900,100.00%,125,139.44%,0,199.07999999999998,$5.58,ATL 2,CHI 2,user,1,marvalshot,12036,4655040910
Jalen Brunson (37851340),Andrew Nembhard (37851576),Talen Horton-Tucker (37851832),Paolo Banchero (37851362),Jalen Smith (37851692),Trae Young (37851321),Matas Buzelis (37851566),Onyeka Okongwu (37851459),306.08465277777776,399.7501609199204,50000,100.00%,49041,3692.92%,1,162.93,$147.72,CHI 3,ATL 2,user44,1,marvalshot,18026,4655040911_44
Tre Jones (37851720),Max Strus (37851614),Paul George (37851397),Giannis Antetokounmpo (37851317),Jarrett Allen (37851461),Darius Garland (37851392),Talen Horton-Tucker (37851832),Onyeka Okongwu (37851459),294.88,393.28,50000,100.00%,114,133.48%,0,189.38,$5.34,CLE 3,CHI 2,user17,1,marvalshot,18048,4655040912_17
Donovan Mitchell (37851343),Ja'Kobe Walter (37851749),Talen Horton-Tucker (37851832),Paolo Banchero (37851362),Julius Randle (37851443),Tre Jones (37851720),Matas Buzelis (37851566),Giannis Antetokounmpo (37851317),302.7996875,400.23506670652944,50000,100.00%,39263,796.35%,0,212.82999999999998,$31.85,CHI 3,CLE 1,user36,1,marvalshot,18116,4655040913_36
Tre Jones (37851720),Cam Thomas (37851426),Talen Horton-Tucker (37851832),Pascal Siakam (37851401),Alperen Sengun (37851332),Jalen Brunson (37851340),Matas Buzelis (37851566),Onyeka Okongwu (37851459),292.5540451388889,388.2560443518918,49800,100.00%,11,102.46%,0,165.64,$4.1,CHI 3,BKN 1,user42,1,marvalshot,18171,4655040914_42
Tre Jones (37851720),Aaron Nesmith (37851609),Franz Wagner (37851369),Julius Randle (37851443),Onyeka Okongwu (37851459),Quentin Grimes (37851476),Giannis Antetokounmpo (37851317),Talen Horton-Tucker (37851832),291.55100694444445,386.74756319410943,49500,100.00%,0,90.83%,0,194.51,$3.63,CHI 2,IND 1,user39,1,marvalshot,18217,4655040915_39
Scottie Barnes (37851372),Talen Horton-Tucker (37851832),Franz Wagner (37851369),Pascal Siakam (37851401),Onyeka Okongwu (37851459),Tre Jones (37851720),Julius Randle (37851443),Jarrett Allen (37851461),298.59534722222224,391.8441425115037,49500,100.00%,6762,245.53%,0,182.51,$9.82,CHI 2,TOR 1,user5,50,marvalshot,3196,4655040906_5
Jalen Brunson (37851340),Devin Vassell (37851496),Talen Horton-Tucker (37851832),Matas Buzelis (37851566),Giannis Antetokounmpo (37851317),Tre Jones (37851720),Julius Randle (37851443),Jarrett Allen (37851461),298.31000000000006,396.65000000000003,50000,100.00%,4001,231.28%,0,214.24,$9.25,CHI 3,NYK 1,user31,1,marvalshot,17818,4655040907_31
Tre Jones (37851720),Donte DiVincenzo (37851505),Max Strus (37851614),Giannis Antetokounmpo (37851317),Alperen Sengun (37851332),Talen Horton-Tucker (37851832),Julius Randle (37851443),Onyeka Okongwu (37851459),299.5032465277778,398.6614262285723,50000,100.00%,10910,310.92%,0,179.82999999999998,$12.44,CHI 2,MIN 2,user47,1,marvalshot,17882,4655040908_47
Jalen Brunson (37851340),Aaron Nesmith (37851609),Franz Wagner (37851369),Pascal Siakam (37851401),Zach Collins (37851479),Tre Jones (37851720),Julius Randle (37851443),Matas Buzelis (37851566),288.21180555555554,374.6321813174289,49800,99.71%,0,61.1%,0,156.95000000000002,$2.44,CHI 3,IND 2,user40,1,marvalshot,17924,4655040909_40
Jalen Brunson (37851340),Caris LeVert (37851534),Georges Niang (37851649),Julius Randle (37851443),Giannis Antetokounmpo (37851317),Talen Horton-Tucker (37851832),Matas Buzelis (37851566),Onyeka Okongwu (37851459),295.13000000000005,392.32000000000005,49900,100.00%,111,137.59%,0,199.86,$5.5,ATL 3,CHI 2,user44,1,marvalshot,17977,4655040910_44
Tre Jones (37851720),Andrew Nembhard (37851576),Talen Horton-Tucker (37851832),Paolo Banchero (37851362),Jalen Smith (37851692),Trae Young (37851321),Matas Buzelis (37851566),Giannis Antetokounmpo (37851317),305.8146527777777,406.02016091992033,49900,100.00%,49273,2962.81%,0,186.99,$118.51,CHI 4,IND 1,user23,1,marvalshot,18005,4655040911_23
Tre Jones (37851720),Stephon Castle (37851463),Talen Horton-Tucker (37851832),Jeremy Sochan (37851514),Giannis Antetokounmpo (37851317),Darius Garland (37851392),Julius Randle (37851443),Onyeka Okongwu (37851459),294.55,395.8,50000,100.00%,47,127.54%,0,192.41,$5.1,CHI 2,SAS 2,user48,1,marvalshot,18079,4655040912_48
Jalen Brunson (37851340),Ja'Kobe Walter (37851749),Kyle Kuzma (37851449),Paolo Banchero (37851362),Giannis Antetokounmpo (37851317),Tre Jones (37851720),Matas Buzelis (37851566),Talen Horton-Tucker (37851832),302.74968750000005,396.8850667065294,49900,100.00%,38770,789.72%,0,206.5,$31.59,CHI 3,MIL 2,user3,1,marvalshot,18083,4655040913_3
Tre Jones (37851720),Brandin Podziemski (37851483),Kyle Kuzma (37851449),Pascal Siakam (37851401),Alperen Sengun (37851332),Jevon Carter (37851843),Talen Horton-Tucker (37851832),Giannis Antetokounmpo (37851317),292.4840451388889,391.50604435189183,50000,100.00%,4,102.04%,0,184.05,$4.08,CHI 3,MIL 2,user35,1,marvalshot,18164,4655040914_35
Tre Jones (37851720),Aaron Nesmith (37851609),Franz Wagner (37851369),Julius Randle (37851443),Jarrett Allen (37851461),Jalen Brunson (37851340),Talen Horton-Tucker (37851832),Donovan Mitchell (37851343),290.8310069444444,384.63756319410936,50000,100.00%,0,83.39%,0,193.94,$3.34,CHI 2,CLE 2,user33,1,marvalshot,18211,4655040915_33
Scottie Barnes (37851372),Talen Horton-Tucker (37851832),Franz Wagner (37851369),Pascal Siakam (37851401),Onyeka Okongwu (37851459),Tre Jones (37851720),Julius Randle (37851443),Jarrett Allen (37851461),298.59534722222224,391.8441425115037,49500,100.00%,6762,245.53%,0,182.51,$9.82,CHI 2,TOR 1,user6,50,marvalshot,3196,4655040906_6
Tre Jones (37851720),Caris LeVert (37851534),Josh Hart (37851385),Julius Randle (37851443),Jarrett Allen (37851461),Talen Horton-Tucker (37851832),Giannis Antetokounmpo (37851317),Onyeka Okongwu (37851459),298.27,396.81999999999994,50000,100.00%,4118,230.56%,0,207.52999999999997,$9.22,CHI 2,ATL 2,user,1,marvalshot,12034,4655040907
Tre Jones (37851720),Talen Horton-Tucker (37851832),Kyle Kuzma (37851449),Josh Hart (37851385),Alperen Sengun (37851332),Jalen Brunson (37851340),Matas Buzelis (37851566),Onyeka Okongwu (37851459),299.23324652777774,388.75142622857226,50000,100.00%,9980,302.38%,0,184.68,$12.1,CHI 3,NYK 2,user16,1,marvalshot,17851,4655040908_16
Brandin Podziemski (37851483),Aaron Nesmith (37851609),Franz Wagner (37851369),Pascal Siakam (37851401),Zach Collins (37851479),Tre Jones (37851720),Talen Horton-Tucker (37851832),Giannis Antetokounmpo (37851317),287.59180555555554,383.7121813174289,50000,99.55%,0,56.75%,0,160.64,$2.27,CHI 3,IND 2,user43,1,marvalshot,17927,4655040909_43
Tre Jones (37851720),Mikal Bridges (37851487),Talen Horton-Tucker (37851832),Georges Niang (37851649),Julius Randle (37851443),Jalen Brunson (37851340),Giannis Antetokounmpo (37851317),Jarrett Allen (37851461),294.97,390.85,49800,100.00%,94,134.34%,0,202.35,$5.37,CHI 2,NYK 2,user40,1,marvalshot,17973,4655040910_40
Tre Jones (37851720),Andrew Nembhard (37851576),Max Strus (37851614),Paolo Banchero (37851362),Onyeka Okongwu (37851459),Talen Horton-Tucker (37851832),Naz Reid (37851381),Giannis Antetokounmpo (37851317),305.3646527777778,398.4801609199204,49700,100.00%,48864,2350.05%,0,177.70999999999998,$94.0,CHI 2,IND 1,user45,1,marvalshot,18027,4655040911_45
Donovan Mitchell (37851343),Mikal Bridges (37851487),Kyle Kuzma (37851449),Matas Buzelis (37851566),Giannis Antetokounmpo (37851317),Tre Jones (37851720),Talen Horton-Tucker (37851832),Onyeka Okongwu (37851459),294.16,390.47,50000,100.00%,47,122.75%,0,182.21,$4.91,CHI 3,MIL 2,user49,1,marvalshot,18080,4655040912_49
Jalen Brunson (37851340),Ja'Kobe Walter (37851749),Talen Horton-Tucker (37851832),Paolo Banchero (37851362),Julius Randle (37851443),Tre Jones (37851720),Giannis Antetokounmpo (37851317),Jalen Smith (37851692),302.5596875,402.2950667065294,49400,100.00%,37602,703.45%,0,202.8,$28.14,CHI 3,NYK 1,user47,1,marvalshot,18127,4655040913_47
Tre Jones (37851720),Coby White (37851438),Talen Horton-Tucker (37851832),Pascal Siakam (37851401),Alperen Sengun (37851332),Donovan Mitchell (37851343),Julius Randle (37851443),Max Strus (37851614),292.29404513888886,385.21604435189175,49900,100.00%,6,99.99%,0,160.89,$4.0,CHI 3,CLE 2,user47,1,marvalshot,18176,4655040914_47
Tre Jones (37851720),Aaron Nesmith (37851609),Franz Wagner (37851369),Julius Randle (37851443),Onyeka Okongwu (37851459),Ty Jerome (37851543),Giannis Antetokounmpo (37851317),Matas Buzelis (37851566),290.4910069444444,387.41756319410933,50000,99.99%,0,80.02%,0,170.35999999999999,$3.2,CHI 2,IND 1,user20,1,marvalshot,18198,4655040915_20
Scottie Barnes (37851372),Talen Horton-Tucker (37851832),Franz Wagner (37851369),Pascal Siakam (37851401),Onyeka Okongwu (37851459),Tre Jones (37851720),Julius Randle (37851443),Jarrett Allen (37851461),298.59534722222224,391.8441425115037,49500,100.00%,6762,245.53%,0,182.51,$9.82,CHI 2,TOR 1,user7,50,marvalshot,3196,4655040906_7
Tre Jones (37851720),Talen Horton-Tucker (37851832),Caris LeVert (37851534),Giannis Antetokounmpo (37851317),Onyeka Okongwu (37851459),Darius Garland (37851392),Julius Randle (37851443),Jarrett Allen (37851461),298.2,400.61,49800,100.00%,3734,225.66%,0,211.89,$9.03,CHI 2,ATL 2,user10,1,marvalshot,17798,4655040907_10
Darius Garland (37851392),Donovan Mitchell (37851343),Talen Horton-Tucker (37851832),Matas Buzelis (37851566),Alperen Sengun (37851332),Tre Jones (37851720),Julius Randle (37851443),Onyeka Okongwu (37851459),299.21324652777776,395.8914262285723,49900,100.00%,9483,298.08%,0,195.37,$11.92,CHI 3,CLE 2,user18,1,marvalshot,17853,4655040908_18
Tre Jones (37851720),Aaron Nesmith (37851609),Franz Wagner (37851369),Pascal Siakam (37851401),Jalen Smith (37851692),Darius Garland (37851392),Talen Horton-Tucker (37851832),Giannis Antetokounmpo (37851317),287.03180555555554,388.7621813174289,49600,99.26%,0,53.44%,0,177.67000000000002,$2.14,CHI 3,IND 2,user10,1,marvalshot,17894,4655040909_10
Tre Jones (37851720),Coby White (37851438),Max Strus (37851614),Julius Randle (37851443),Onyeka Okongwu (37851459),Trae Young (37851321),Talen Horton-Tucker (37851832),Jalen Brunson (37851340),294.71,384.93999999999994,49800,100.00%,88,131.2%,0,172.22,$5.25,CHI 3,ATL 2,user31,1,marvalshot,17964,4655040910_31
Trae Young (37851321),Andrew Nembhard (37851576),Talen Horton-Tucker (37851832),Paolo Banchero (37851362),Jarrett Allen (37851461),Tre Jones (37851720),Paul George (37851397),Onyeka Okongwu (37851459),305.0046527777778,395.2801609199204,50000,100.00%,47590,2244.85%,0,168.61,$89.79,ATL 2,CHI 2,user17,1,marvalshot,17999,4655040911_17
Trae Young (37851321),Devin Vassell (37851496),Talen Horton-Tucker (37851832),Dalen Terry (37851785),Onyeka Okongwu (37851459),Tre Jones (37851720),Julius Randle (37851443),Giannis Antetokounmpo (37851317),294.15999999999997,392.84,50000,100.00%,41,121.93%,0,171.32,$4.88,CHI 3,ATL 2,user43,1,marvalshot,18074,4655040912_43
Tre Jones (37851720),Ja'Kobe Walter (37851749),Talen Horton-Tucker (37851832),Paolo Banchero (37851362),Giannis Antetokounmpo (37851317),Anthony Edwards (37851329),Julius Randle (37851443),Jalen Smith (37851692),302.3396875,402.21506670652946,49900,100.00%,35327,683.44%,0,190.28,$27.34,CHI 3,MIN 2,user1,1,marvalshot,18081,4655040913_1
Tre Jones (37851720),Talen Horton-Tucker (37851832),De'Andre Hunter (37851523),Pascal Siakam (37851401),Alperen Sengun (37851332),Caris LeVert (37851534),Matas Buzelis (37851566),Giannis Antetokounmpo (37851317),292.22404513888887,391.7560443518918,49800,100.00%,5,98.84%,0,174.76,$3.95,CHI 3,CLE 1,user18,1,marvalshot,18147,4655040914_18
Darius Garland (37851392),Aaron Nesmith (37851609),Franz Wagner (37851369),Julius Randle (37851443),Onyeka Okongwu (37851459),Tre Jones (37851720),Max Strus (37851614),Jalen Brunson (37851340),290.1010069444444,377.77756319410935,50000,99.98%,0,76.54%,0,166.39,$3.06,CLE 2,IND 1,user42,1,marvalshot,18220,4655040915_42
Scottie Barnes (37851372),Talen Horton-Tucker (37851832),Franz Wagner (37851369),Pascal Siakam (37851401),Onyeka Okongwu (37851459),Tre Jones (37851720),Julius Randle (37851443),Jarrett Allen (37851461),298.59534722222224,391.8441425115037,49500,100.00%,6762,245.53%,0,182.51,$9.82,CHI 2,TOR 1,user8,50,marvalshot,3196,4655040906_8
Tre Jones (37851720),Mikal Bridges (37851487),Talen Horton-Tucker (37851832),Matas Buzelis (37851566),Zach Collins (37851479),Jalen Brunson (37851340),Giannis Antetokounmpo (37851317),Onyeka Okongwu (37851459),298.05999999999995,393.7099999999999,49800,100.00%,3596,223.49%,0,183.8,$8.94,CHI 4,NYK 2,user32,1,marvalshot,17819,4655040907_32
Jalen Brunson (37851340),Donovan Mitchell (37851343),Talen Horton-Tucker (37851832),Dalen Terry (37851785),Alperen Sengun (37851332),Tre Jones (37851720),Julius Randle (37851443),Onyeka Okongwu (37851459),299.0332465277778,395.8114262285724,50000,100.00%,8757,286.88%,0,173.34,$11.48,CHI 3,NYK 1,user33,1,marvalshot,17868,4655040908_33
Tre Jones (37851720),Aaron Nesmith (37851609),Franz Wagner (37851369),Pascal Siakam (37851401),Onyeka Okongwu (37851459),Talen Horton-Tucker (37851832),Giannis Antetokounmpo (37851317),Guerschon Yabusele (37851548),287.01180555555555,383.3821813174289,49400,99.08%,0,53.25%,0,165.10000000000002,$2.13,CHI 2,IND 2,user49,1,marvalshot,17933,4655040909_49
Tre Jones (37851720),Anthony Edwards (37851329),Dalen Terry (37851785),Kyle Kuzma (37851449),Giannis Antetokounmpo (37851317),Talen Horton-Tucker (37851832),Julius Randle (37851443),Jarrett Allen (37851461),294.68000000000006,392.93000000000006,50000,100.00%,93,130.42%,0,183.94,$5.22,CHI 3,MIN 2,user18,1,marvalshot,17951,4655040910_18
Tre Jones (37851720),Andrew Nembhard (37851576),Talen Horton-Tucker (37851832),Paolo Banchero (37851362),Jalen Smith (37851692),Darius Garland (37851392),Julius Randle (37851443),Giannis Antetokounmpo (37851317),305.0146527777777,405.0901609199203,49200,100.00%,48608,2035.96%,0,200.49,$81.44,CHI 3,IND 1,user36,1,marvalshot,18018,4655040911_36
Tre Jones (37851720),Talen Horton-Tucker (37851832),OG Anunoby (37851472),Giannis Antetokounmpo (37851317),Onyeka Okongwu (37851459),Coby White (37851438),Kyle Kuzma (37851449),Julius Randle (37851443),293.99,386.98,49900,100.00%,13,119.62%,0,179.04000000000002,$4.78,CHI 3,MIL 2,user42,1,marvalshot,18073,4655040912_42
Tre Jones (37851720),Ja'Kobe Walter (37851749),Josh Hart (37851385),Paolo Banchero (37851362),Giannis Antetokounmpo (37851317),Quentin Grimes (37851476),Talen Horton-Tucker (37851832),Onyeka Okongwu (37851459),301.7596875,394.3650667065294,50000,100.00%,29888,574.08%,0,193.55,$22.96,CHI 2,TOR 1,user23,1,marvalshot,18103,4655040913_23
Tre Jones (37851720),Quentin Grimes (37851476),De'Andre Hunter (37851523),Pascal Siakam (37851401),Alperen Sengun (37851332),Talen Horton-Tucker (37851832),Giannis Antetokounmpo (37851317),Jalen Smith (37851692),292.04404513888886,394.6160443518918,49900,100.00%,5,97.32%,0,155.54,$3.89,CHI 3,PHI 1,user17,1,marvalshot,18146,4655040914_17
Tre Jones (37851720),Aaron Nesmith (37851609),Franz Wagner (37851369),Julius Randle (37851443),Onyeka Okongwu (37851459),Talen Horton-Tucker (37851832),Giannis Antetokounmpo (37851317),Draymond Green (37851467),290.07100694444443,387.3475631941094,49600,99.99%,1,75.36%,0,182.32,$3.01,CHI 2,IND 1,user,1,marvalshot,11426,4655040915
Scottie Barnes (37851372),Talen Horton-Tucker (37851832),Franz Wagner (37851369),Pascal Siakam (37851401),Onyeka Okongwu (37851459),Tre Jones (37851720),Julius Randle (37851443),Jarrett Allen (37851461),298.59534722222224,391.8441425115037,49500,100.00%,6762,245.53%,0,182.51,$9.82,CHI 2,TOR 1,user9,50,marvalshot,3196,4655040906_9
Tre Jones (37851720),Devin Vassell (37851496),Max Strus (37851614),Julius Randle (37851443),Onyeka Okongwu (37851459),Jalen Brunson (37851340),Giannis Antetokounmpo (37851317),Talen Horton-Tucker (37851832),297.90999999999997,394.80999999999995,49800,100.00%,2685,212.99%,0,193.74,$8.52,CHI 2,SAS 1,user20,1,marvalshot,17807,4655040907_20
Tre Jones (37851720),Talen Horton-Tucker (37851832),Georges Niang (37851649),Giannis Antetokounmpo (37851317),Alperen Sengun (37851332),Darius Garland (37851392),Matas Buzelis (37851566),Onyeka Okongwu (37851459),299.08324652777776,400.2614262285723,49900,100.00%,8550,284.09%,0,203.11,$11.36,CHI 3,ATL 2,user30,1,marvalshot,17865,4655040908_30
Jalen Brunson (37851340),Aaron Nesmith (37851609),Franz Wagner (37851369),Pascal Siakam (37851401),Julius Randle (37851443),Tre Jones (37851720),Keldon Johnson (37851583),Onyeka Okongwu (37851459),286.9218055555555,376.00218131742884,49900,98.54%,0,52.9%,0,147.71,$2.12,IND 2,NYK 1,user5,1,marvalshot,17889,4655040909_5
Trae Young (37851321),Anthony Edwards (37851329),Max Strus (37851614),Kyle Kuzma (37851449),Julius Randle (37851443),Tre Jones (37851720),Talen Horton-Tucker (37851832),Onyeka Okongwu (37851459),294.28000000000003,384.25,50000,100.00%,73,124.8%,0,163.5,$4.99,ATL 2,MIN 2,user14,1,marvalshot,17947,4655040910_14
Jalen Brunson (37851340),Andrew Nembhard (37851576),Max Strus (37851614),Paolo Banchero (37851362),Julius Randle (37851443),Tre Jones (37851720),Coby White (37851438),Onyeka Okongwu (37851459),303.97465277777775,388.4901609199204,49500,100.00%,44385,1460.39%,0,159.02999999999997,$58.42,CHI 2,NYK 1,user33,1,marvalshot,18015,4655040911_33
Jalen Brunson (37851340),Coby White (37851438),Talen Horton-Tucker (37851832),Matas Buzelis (37851566),Julius Randle (37851443),Tre Jones (37851720),Giannis Antetokounmpo (37851317),Andre Drummond (37851556),293.94,393.23,49800,100.00%,13,119.01%,0,196.42,$4.76,CHI 4,NYK 1,user22,1,marvalshot,18053,4655040912_22
Tre Jones (37851720),Ja'Kobe Walter (37851749),Max Strus (37851614),Paolo Banchero (37851362),Giannis Antetokounmpo (37851317),Jalen Brunson (37851340),Talen Horton-Tucker (37851832),Jarrett Allen (37851461),301.8596875,398.6650667065294,49600,100.00%,31133,564.71%,0,204.29,$22.59,CHI 2,CLE 2,user25,1,marvalshot,18105,4655040913_25
Jalen Brunson (37851340),Anthony Edwards (37851329),Dalen Terry (37851785),Pascal Siakam (37851401),Alperen Sengun (37851332),Tre Jones (37851720),Max Strus (37851614),Talen Horton-Tucker (37851832),291.9940451388889,383.9860443518918,49700,100.00%,8,96.7%,0,147.01,$3.87,CHI 3,NYK 1,user21,1,marvalshot,18150,4655040914_21
Tre Jones (37851720),Aaron Nesmith (37851609),Franz Wagner (37851369),Josh Hart (37851385),Julius Randle (37851443),Talen Horton-Tucker (37851832),Matas Buzelis (37851566),Giannis Antetokounmpo (37851317),290.05100694444445,381.8875631941094,49700,100.00%,0,75.07%,0,207.82999999999998,$3.0,CHI 3,IND 1,user32,1,marvalshot,18210,4655040915_32
Scottie Barnes (37851372),Talen Horton-Tucker (37851832),Franz Wagner (37851369),Pascal Siakam (37851401),Onyeka Okongwu (37851459),Tre Jones (37851720),Julius Randle (37851443),Jarrett Allen (37851461),298.59534722222224,391.8441425115037,49500,100.00%,6762,245.53%,0,182.51,$9.82,CHI 2,TOR 1,user10,50,marvalshot,3196,4655040906_10
Darius Garland (37851392),Talen Horton-Tucker (37851832),Coby White (37851438),Matas Buzelis (37851566),Onyeka Okongwu (37851459),Tre Jones (37851720),Julius Randle (37851443),Giannis Antetokounmpo (37851317),297.7,395.43,49700,100.00%,2121,203.76%,0,207.88,$8.15,CHI 4,CLE 1,user45,1,marvalshot,17831,4655040907_45
Jalen Brunson (37851340),Talen Horton-Tucker (37851832),Josh Hart (37851385),Julius Randle (37851443),Alperen Sengun (37851332),Tre Jones (37851720),Matas Buzelis (37851566),Zach Collins (37851479),298.8532465277778,388.2614262285723,50000,100.00%,7483,272.68%,0,187.93,$10.91,CHI 4,NYK 2,user43,1,marvalshot,17878,4655040908_43
Jalen Brunson (37851340),Aaron Nesmith (37851609),Franz Wagner (37851369),Pascal Siakam (37851401),Naz Reid (37851381),Tre Jones (37851720),Talen Horton-Tucker (37851832),Jarrett Allen (37851461),286.8018055555556,376.14218131742894,49900,98.71%,0,52.25%,0,166.92,$2.09,IND 2,CHI 2,user29,1,marvalshot,17913,4655040909_29
Tre Jones (37851720),Talen Horton-Tucker (37851832),Kyle Kuzma (37851449),Matas Buzelis (37851566),Giannis Antetokounmpo (37851317),Jalen Brunson (37851340),Jeremy Sochan (37851514),Julius Randle (37851443),294.3,390.5,50000,100.00%,23,124.04%,0,198.79000000000002,$4.96,CHI 3,MIL 2,user12,1,marvalshot,17945,4655040910_12
Tre Jones (37851720),Andrew Nembhard (37851576),Talen Horton-Tucker (37851832),Paolo Banchero (37851362),Giannis Antetokounmpo (37851317),Stephon Castle (37851463),Matas Buzelis (37851566),Josh Hart (37851385),304.1846527777777,396.80016091992036,49700,100.00%,46466,1387.56%,0,202.89000000000001,$55.5,CHI 3,IND 1,user41,1,marvalshot,18023,4655040911_41
Donovan Mitchell (37851343),Talen Horton-Tucker (37851832),Mikal Bridges (37851487),Giannis Antetokounmpo (37851317),Zach Collins (37851479),Tre Jones (37851720),Matas Buzelis (37851566),Onyeka Okongwu (37851459),293.78,391.46999999999997,49700,100.00%,30,117.82%,0,176.07,$4.71,CHI 4,CLE 1,user45,1,marvalshot,18076,4655040912_45
Jalen Brunson (37851340),Ja'Kobe Walter (37851749),Kyle Kuzma (37851449),Paolo Banchero (37851362),Julius Randle (37851443),Tre Jones (37851720),Talen Horton-Tucker (37851832),Anthony Edwards (37851329),301.5496875,388.9550667065294,50000,100.00%,27995,537.58%,0,185.51,$21.5,MIN 2,CHI 2,user26,1,marvalshot,18106,4655040913_26
Tre Jones (37851720),Anthony Edwards (37851329),Talen Horton-Tucker (37851832),Pascal Siakam (37851401),Alperen Sengun (37851332),Gary Trent Jr. (37851698),Julius Randle (37851443),Onyeka Okongwu (37851459),292.04404513888886,385.27604435189176,49600,100.00%,6,96.66%,0,152.21,$3.87,CHI 2,MIN 2,user,1,marvalshot,6194,4655040914
Tre Jones (37851720),Aaron Nesmith (37851609),Franz Wagner (37851369),Matas Buzelis (37851566),Giannis Antetokounmpo (37851317),Darius Garland (37851392),Talen Horton-Tucker (37851832),Onyeka Okongwu (37851459),289.98100694444446,387.16756319410945,49200,100.00%,0,74.4%,0,202.8,$2.98,CHI 3,IND 1,user41,1,marvalshot,18219,4655040915_41
Scottie Barnes (37851372),Talen Horton-Tucker (37851832),Franz Wagner (37851369),Pascal Siakam (37851401),Onyeka Okongwu (37851459),Tre Jones (37851720),Julius Randle (37851443),Jarrett Allen (37851461),298.59534722222224,391.8441425115037,49500,100.00%,6762,245.53%,0,182.51,$9.82,CHI 2,TOR 1,user11,50,marvalshot,3196,4655040906_11
Ty Jerome (37851543),Talen Horton-Tucker (37851832),Josh Hart (37851385),Giannis Antetokounmpo (37851317),Onyeka Okongwu (37851459),Tre Jones (37851720),Julius Randle (37851443),Jarrett Allen (37851461),297.64000000000004,398.50000000000006,49900,100.00%,2421,203.55%,0,196.17,$8.14,CLE 2,CHI 2,user18,1,marvalshot,17806,4655040907_18
Tre Jones (37851720),Talen Horton-Tucker (37851832),Dalen Terry (37851785),Georges Niang (37851649),Alperen Sengun (37851332),Jalen Brunson (37851340),Giannis Antetokounmpo (37851317),Onyeka Okongwu (37851459),298.90324652777775,400.18142622857226,50000,100.00%,7649,272.43%,0,181.08,$10.9,CHI 3,ATL 2,user2,1,marvalshot,17837,4655040908_2
D'Angelo Russell (37851518),Aaron Nesmith (37851609),Franz Wagner (37851369),Pascal Siakam (37851401),Giannis Antetokounmpo (37851317),Talen Horton-Tucker (37851832),Julius Randle (37851443),Tre Jones (37851720),286.71180555555554,384.49218131742884,50000,99.12%,0,51.85%,0,177.60999999999999,$2.07,IND 2,CHI 2,user25,1,marvalshot,17909,4655040909_25
Darius Garland (37851392),Jevon Carter (37851843),Talen Horton-Tucker (37851832),Giannis Antetokounmpo (37851317),Onyeka Okongwu (37851459),Trae Young (37851321),Matas Buzelis (37851566),Tre Jones (37851720),294.19999999999993,395.2199999999999,49800,100.00%,27,122.7%,0,216.3,$4.91,CHI 4,ATL 2,user47,1,marvalshot,17980,4655040910_47
Jevon Carter (37851843),Andrew Nembhard (37851576),Josh Hart (37851385),Paolo Banchero (37851362),Julius Randle (37851443),Tre Jones (37851720),Matas Buzelis (37851566),Giannis Antetokounmpo (37851317),303.53465277777775,393.4901609199204,50000,100.00%,42815,1118.49%,0,208.14,$44.74,CHI 3,IND 1,user10,1,marvalshot,17992,4655040911_10
Trae Young (37851321),Max Strus (37851614),Talen Horton-Tucker (37851832),Keldon Johnson (37851583),Giannis Antetokounmpo (37851317),Tre Jones (37851720),Julius Randle (37851443),Onyeka Okongwu (37851459),293.81,393.06,50000,100.00%,10,117.07%,0,178.5,$4.68,ATL 2,CHI 2,user38,1,marvalshot,18069,4655040912_38
Stephon Castle (37851463),Ja'Kobe Walter (37851749),Talen Horton-Tucker (37851832),Paolo Banchero (37851362),Giannis Antetokounmpo (37851317),Jalen Brunson (37851340),Matas Buzelis (37851566),Tre Jones (37851720),301.65968749999996,397.7950667065294,49700,100.00%,29146,525.64%,0,209.56,$21.03,CHI 3,SAS 1,user49,1,marvalshot,18129,4655040913_49
Ty Jerome (37851543),Stephon Castle (37851463),Talen Horton-Tucker (37851832),Pascal Siakam (37851401),Alperen Sengun (37851332),Donovan Mitchell (37851343),Julius Randle (37851443),Tre Jones (37851720),291.9640451388889,391.20604435189176,50000,100.00%,7,96.18%,0,158.81,$3.85,CLE 2,CHI 2,user40,1,marvalshot,18169,4655040914_40
Darius Garland (37851392),Aaron Nesmith (37851609),Franz Wagner (37851369),Matas Buzelis (37851566),Giannis Antetokounmpo (37851317),Tre Jones (37851720),Talen Horton-Tucker (37851832),Julius Randle (37851443),289.98100694444446,385.67756319410944,49500,100.00%,0,74.3%,0,212.19000000000003,$2.97,CHI 3,CLE 1,user31,1,marvalshot,18209,4655040915_31
Scottie Barnes (37851372),Talen Horton-Tucker (37851832),Franz Wagner (37851369),Pascal Siakam (37851401),Onyeka Okongwu (37851459),Tre Jones (37851720),Julius Randle (37851443),Jarrett Allen (37851461),298.59534722222224,391.8441425115037,49500,100.00%,6762,245.53%,0,182.51,$9.82,CHI 2,TOR 1,user12,50,marvalshot,3196,4655040906_12
Trae Young (37851321),Coby White (37851438),Talen Horton-Tucker (37851832),Matas Buzelis (37851566),Onyeka Okongwu (37851459),Jalen Brunson (37851340),Julius Randle (37851443),Tre Jones (37851720),297.52,388.51,50000,100.00%,2178,199.51%,0,185.91,$7.98,CHI 4,ATL 2,user22,1,marvalshot,17809,4655040907_22
Tre Jones (37851720),Talen Horton-Tucker (37851832),De'Andre Hunter (37851523),Giannis Antetokounmpo (37851317),Alperen Sengun (37851332),Max Strus (37851614),Julius Randle (37851443),Onyeka Okongwu (37851459),298.9132465277778,398.1614262285723,49800,100.00%,7356,268.98%,0,180.19,$10.76,CHI 2,CLE 2,user26,1,marvalshot,17861,4655040908_26
Ty Jerome (37851543),Aaron Nesmith (37851609),Franz Wagner (37851369),Pascal Siakam (37851401),Onyeka Okongwu (37851459),Talen Horton-Tucker (37851832),Giannis Antetokounmpo (37851317),Max Strus (37851614),286.59180555555554,385.17218131742885,50000,98.53%,0,51.4%,0,147.96,$2.06,CLE 2,IND 2,user1,1,marvalshot,17885,4655040909_1
Tre Jones (37851720),Anthony Edwards (37851329),Talen Horton-Tucker (37851832),Kyle Kuzma (37851449),Onyeka Okongwu (37851459),Ty Jerome (37851543),Matas Buzelis (37851566),Giannis Antetokounmpo (37851317),294.09,393.96,49800,100.00%,54,122.02%,0,176.57999999999998,$4.88,CHI 3,MIL 2,user37,1,marvalshot,17970,4655040910_37
Trae Young (37851321),Andrew Nembhard (37851576),Max Strus (37851614),Paolo Banchero (37851362),Jalen Smith (37851692),Jalen Brunson (37851340),Talen Horton-Tucker (37851832),Onyeka Okongwu (37851459),303.27465277777776,396.18016091992035,49800,100.00%,40348,1061.21%,0,149.24,$42.45,ATL 2,CHI 2,user28,1,marvalshot,18010,4655040911_28
Jalen Brunson (37851340),Talen Horton-Tucker (37851832),Caris LeVert (37851534),De'Andre Hunter (37851523),Onyeka Okongwu (37851459),Tre Jones (37851720),Giannis Antetokounmpo (37851317),Kyle Kuzma (37851449),293.75,392.01,50000,100.00%,13,116.97%,0,178.32999999999998,$4.68,CHI 2,ATL 2,user21,1,marvalshot,18052,4655040912_21
Tre Jones (37851720),Ja'Kobe Walter (37851749),Josh Hart (37851385),Paolo Banchero (37851362),Jarrett Allen (37851461),Talen Horton-Tucker (37851832),Giannis Antetokounmpo (37851317),Zach Collins (37851479),301.3696875,396.7550667065294,50000,100.00%,26307,518.86%,0,193.37,$20.75,CHI 3,TOR 1,user46,1,marvalshot,18126,4655040913_46
Tre Jones (37851720),Stephon Castle (37851463),Talen Horton-Tucker (37851832),Pascal Siakam (37851401),Alperen Sengun (37851332),Jalen Brunson (37851340),Paul George (37851397),Jalen Smith (37851692),291.84404513888893,387.8260443518918,49900,100.00%,4,95.13%,0,151.32,$3.81,CHI 3,SAS 1,user43,1,marvalshot,18172,4655040914_43
Tre Jones (37851720),Aaron Nesmith (37851609),Franz Wagner (37851369),Matas Buzelis (37851566),Onyeka Okongwu (37851459),De'Aaron Fox (37851365),Giannis Antetokounmpo (37851317),Talen Horton-Tucker (37851832),289.9210069444444,386.15756319410934,49900,99.99%,0,73.97%,0,186.32999999999998,$2.96,CHI 3,IND 1,user3,1,marvalshot,18181,4655040915_3
Scottie Barnes (37851372),Talen Horton-Tucker (37851832),Franz Wagner (37851369),Pascal Siakam (37851401),Onyeka Okongwu (37851459),Tre Jones (37851720),Julius Randle (37851443),Jarrett Allen (37851461),298.59534722222224,391.8441425115037,49500,100.00%,6762,245.53%,0,182.51,$9.82,CHI 2,TOR 1,user13,50,marvalshot,3196,4655040906_13
Jalen Brunson (37851340),Talen Horton-Tucker (37851832),Coby White (37851438),Dalen Terry (37851785),Julius Randle (37851443),Tre Jones (37851720),Giannis Antetokounmpo (37851317),Onyeka Okongwu (37851459),297.52,395.34999999999997,49800,100.00%,1800,197.33%,0,185.85,$7.89,CHI 4,NYK 1,user11,1,marvalshot,17799,4655040907_11
Tre Jones (37851720),Talen Horton-Tucker (37851832),Max Strus (37851614),Julius Randle (37851443),Alperen Sengun (37851332),Caris LeVert (37851534),Giannis Antetokounmpo (37851317),Onyeka Okongwu (37851459),298.89324652777776,398.9514262285723,49700,100.00%,6902,266.66%,0,191.05,$10.67,CHI 2,ATL 2,user25,1,marvalshot,17860,4655040908_25
Tre Jones (37851720),Aaron Nesmith (37851609),Franz Wagner (37851369),Pascal Siakam (37851401),Zach Collins (37851479),Talen Horton-Tucker (37851832),Giannis Antetokounmpo (37851317),Brook Lopez (37851492),286.0418055555556,380.94218131742895,49900,97.57%,0,48.21%,0,157.32,$1.93,CHI 3,IND 2,user24,1,marvalshot,17908,4655040909_24
Stephon Castle (37851463),Max Strus (37851614),Josh Hart (37851385),Matas Buzelis (37851566),Giannis Antetokounmpo (37851317),Tre Jones (37851720),Talen Horton-Tucker (37851832),Jalen Brunson (37851340),293.88,387.88,50000,100.00%,11,118.98%,0,201.69,$4.76,CHI 3,NYK 2,user35,1,marvalshot,17968,4655040910_35
Tre Jones (37851720),Andrew Nembhard (37851576),Jimmy Butler (37851377),Paolo Banchero (37851362),Onyeka Okongwu (37851459),Jalen Brunson (37851340),Julius Randle (37851443),Talen Horton-Tucker (37851832),303.6246527777778,392.0701609199204,49600,100.00%,44345,1058.94%,0,179.38,$42.36,CHI 2,IND 1,user7,1,marvalshot,17989,4655040911_7
Darius Garland (37851392),Coby White (37851438),Kyle Kuzma (37851449),Matas Buzelis (37851566),Onyeka Okongwu (37851459),Jalen Brunson (37851340),Talen Horton-Tucker (37851832),Julius Randle (37851443),293.64000000000004,382.08000000000004,49900,100.00%,39,116.39%,0,179.15,$4.66,CHI 3,CLE 1,user11,1,marvalshot,18042,4655040912_11
Jalen Brunson (37851340),Ja'Kobe Walter (37851749),Georges Niang (37851649),Paolo Banchero (37851362),Giannis Antetokounmpo (37851317),Talen Horton-Tucker (37851832),Julius Randle (37851443),Tre Jones (37851720),301.6896875,396.7550667065294,49600,100.00%,29795,518.71%,0,212.1,$20.75,CHI 2,NYK 1,user30,1,marvalshot,18110,4655040913_30
Jalen Brunson (37851340),Talen Horton-Tucker (37851832),De'Andre Hunter (37851523),Pascal Siakam (37851401),Alperen Sengun (37851332),Tre Jones (37851720),Julius Randle (37851443),Donte DiVincenzo (37851505),291.8540451388889,383.6160443518918,49700,100.00%,1,94.71%,0,155.07,$3.79,CHI 2,MIN 2,user25,1,marvalshot,18154,4655040914_25
Tre Jones (37851720),Aaron Nesmith (37851609),Franz Wagner (37851369),Matas Buzelis (37851566),Julius Randle (37851443),Trae Young (37851321),Talen Horton-Tucker (37851832),Jalen Brunson (37851340),289.80100694444445,378.7575631941094,49800,99.98%,0,72.92%,0,190.22,$2.92,CHI 3,IND 1,user16,1,marvalshot,18194,4655040915_16
Scottie Barnes (37851372),Talen Horton-Tucker (37851832),Franz Wagner (37851369),Pascal Siakam (37851401),Onyeka Okongwu (37851459),Tre Jones (37851720),Julius Randle (37851443),Jarrett Allen (37851461),298.59534722222224,391.8441425115037,49500,100.00%,6762,245.53%,0,182.51,$9.82,CHI 2,TOR 1,user14,50,marvalshot,3196,4655040906_14
Jalen Brunson (37851340),Donte DiVincenzo (37851505),Talen Horton-Tucker (37851832),Giannis Antetokounmpo (37851317),Julius Randle (37851443),Tre Jones (37851720),Matas Buzelis (37851566),Jarrett Allen (37851461),297.47,395.93,49900,100.00%,1626,195.26%,0,210.10999999999999,$7.81,CHI 3,MIN 2,user21,1,marvalshot,17808,4655040907_21
Trae Young (37851321),Stephon Castle (37851463),Talen Horton-Tucker (37851832),Matas Buzelis (37851566),Alperen Sengun (37851332),Tre Jones (37851720),Julius Randle (37851443),Onyeka Okongwu (37851459),298.65324652777775,393.3814262285723,49800,100.00%,6641,259.72%,0,182.99,$10.39,CHI 3,ATL 2,user29,1,marvalshot,17864,4655040908_29
Donovan Mitchell (37851343),Aaron Nesmith (37851609),Franz Wagner (37851369),Pascal Siakam (37851401),Giannis Antetokounmpo (37851317),Tre Jones (37851720),Talen Horton-Tucker (37851832),Jevon Carter (37851843),285.81180555555557,385.97218131742886,50000,97.88%,0,47.7%,0,196.73000000000002,$1.91,CHI 3,IND 2,user18,1,marvalshot,17902,4655040909_18
Tre Jones (37851720),Talen Horton-Tucker (37851832),Max Strus (37851614),Giannis Antetokounmpo (37851317),Onyeka Okongwu (37851459),Anthony Edwards (37851329),Caris LeVert (37851534),Jarrett Allen (37851461),293.83000000000004,394.06000000000006,49600,100.00%,27,118.12%,0,185.73000000000002,$4.72,CHI 2,CLE 2,user17,1,marvalshot,17950,4655040910_17
Tre Jones (37851720),Andrew Nembhard (37851576),Devin Vassell (37851496),Paolo Banchero (37851362),Zach Collins (37851479),Talen Horton-Tucker (37851832),Giannis Antetokounmpo (37851317),Julius Randle (37851443),303.5046527777778,397.6501609199204,49300,100.00%,43615,1036.22%,0,184.13,$41.45,CHI 3,IND 1,user,1,marvalshot,1800,4655040911
Jalen Brunson (37851340),Stephon Castle (37851463),Talen Horton-Tucker (37851832),Julius Randle (37851443),Onyeka Okongwu (37851459),Tre Jones (37851720),Terance Mann (37851677),Giannis Antetokounmpo (37851317),293.75,392.34,49900,100.00%,7,115.91%,0,189.86,$4.64,CHI 2,ATL 2,user4,1,marvalshot,18035,4655040912_4
Tre Jones (37851720),Ja'Kobe Walter (37851749),Talen Horton-Tucker (37851832),Paolo Banchero (37851362),Onyeka Okongwu (37851459),Anthony Edwards (37851329),Georges Niang (37851649),Giannis Antetokounmpo (37851317),301.46968749999996,398.1650667065294,49800,100.00%,27178,517.16%,0,190.19,$20.69,CHI 2,ATL 2,user7,1,marvalshot,18087,4655040913_7
Tre Jones (37851720),Donte DiVincenzo (37851505),Talen Horton-Tucker (37851832),Pascal Siakam (37851401),Alperen Sengun (37851332),Brandin Podziemski (37851483),Giannis Antetokounmpo (37851317),Jalen Smith (37851692),291.8140451388889,394.8960443518918,50000,100.00%,7,94.7%,0,148.88,$3.79,CHI 3,MIN 1,user44,1,marvalshot,18173,4655040914_44
Jalen Brunson (37851340),Aaron Nesmith (37851609),Franz Wagner (37851369),Giannis Antetokounmpo (37851317),Julius Randle (37851443),Talen Horton-Tucker (37851832),Dalen Terry (37851785),Tre Jones (37851720),289.8010069444444,385.59756319410934,49600,99.99%,0,72.66%,0,190.16,$2.91,CHI 3,NYK 1,user30,1,marvalshot,18208,4655040915_30
Scottie Barnes (37851372),Talen Horton-Tucker (37851832),Franz Wagner (37851369),Pascal Siakam (37851401),Onyeka Okongwu (37851459),Tre Jones (37851720),Julius Randle (37851443),Jarrett Allen (37851461),298.59534722222224,391.8441425115037,49500,100.00%,6762,245.53%,0,182.51,$9.82,CHI 2,TOR 1,user15,50,marvalshot,3196,4655040906_15
Tre Jones (37851720),Talen Horton-Tucker (37851832),Kyle Kuzma (37851449),Julius Randle (37851443),Onyeka Okongwu (37851459),Donovan Mitchell (37851343),Giannis Antetokounmpo (37851317),Jalen Smith (37851692),297.21,401.69,49900,100.00%,1728,190.03%,0,186.72,$7.6,CHI 3,MIL 2,user30,1,marvalshot,17817,4655040907_30
Tre Jones (37851720),Stephon Castle (37851463),Dalen Terry (37851785),Giannis Antetokounmpo (37851317),Alperen Sengun (37851332),Talen Horton-Tucker (37851832),Julius Randle (37851443),Onyeka Okongwu (37851459),298.6532465277778,400.22142622857234,49600,100.00%,6077,254.2%,0,182.93,$10.17,CHI 3,SAS 1,user8,1,marvalshot,17843,4655040908_8
Tre Jones (37851720),Aaron Nesmith (37851609),Franz Wagner (37851369),Pascal Siakam (37851401),Giannis Antetokounmpo (37851317),Talen Horton-Tucker (37851832),Devin Vassell (37851496),Kyle Kuzma (37851449),285.90180555555554,380.3221813174289,50000,97.53%,0,47.53%,0,167.45,$1.9,CHI 2,IND 2,user27,1,marvalshot,17911,4655040909_27
Tre Jones (37851720),Max Strus (37851614),Georges Niang (37851649),Matas Buzelis (37851566),Giannis Antetokounmpo (37851317),Jalen Brunson (37851340),Julius Randle (37851443),Jarrett Allen (37851461),293.78000000000003,388.52000000000004,49800,100.00%,24,117.94%,0,196.2,$4.72,CHI 2,CLE 2,user48,1,marvalshot,17981,4655040910_48
Darius Garland (37851392),Andrew Nembhard (37851576),Talen Horton-Tucker (37851832),Paolo Banchero (37851362),Jarrett Allen (37851461),Jalen Brunson (37851340),Matas Buzelis (37851566),Kyle Kuzma (37851449),303.0646527777778,391.6801609199204,49800,100.00%,39425,973.18%,0,186.94,$38.93,CLE 2,CHI 2,user32,1,marvalshot,18014,4655040911_32
Donovan Mitchell (37851343),Stephon Castle (37851463),Talen Horton-Tucker (37851832),Matas Buzelis (37851566),Jarrett Allen (37851461),Tre Jones (37851720),Giannis Antetokounmpo (37851317),Zach Collins (37851479),293.52,396.46,49900,100.00%,14,114.45%,0,194.14999999999998,$4.58,CHI 4,CLE 2,user35,1,marvalshot,18066,4655040912_35
Jalen Brunson (37851340),Ja'Kobe Walter (37851749),Max Strus (37851614),Paolo Banchero (37851362),Julius Randle (37851443),Talen Horton-Tucker (37851832),Giannis Antetokounmpo (37851317),Jalen Smith (37851692),300.9996875,398.81506670652936,50000,100.00%,22938,449.37%,0,182.91000000000003,$17.97,CHI 2,NYK 1,user31,1,marvalshot,18111,4655040913_31
Tre Jones (37851720),Brandin Podziemski (37851483),Talen Horton-Tucker (37851832),Pascal Siakam (37851401),Alperen Sengun (37851332),Jalen Brunson (37851340),Jeremy Sochan (37851514),Jarrett Allen (37851461),291.6940451388889,386.9060443518918,50000,100.00%,7,93.23%,0,155.75,$3.73,CHI 2,GSW 1,user4,1,marvalshot,18133,4655040914_4
Jalen Brunson (37851340),Aaron Nesmith (37851609),Franz Wagner (37851369),Julius Randle (37851443),Onyeka Okongwu (37851459),Kelly Oubre Jr. (37851433),Talen Horton-Tucker (37851832),Jarrett Allen (37851461),289.68100694444445,377.6475631941094,50000,99.97%,0,72.46%,0,166.41,$2.9,NYK 1,IND 1,user48,1,marvalshot,18226,4655040915_48
Scottie Barnes (37851372),Talen Horton-Tucker (37851832),Franz Wagner (37851369),Pascal Siakam (37851401),Onyeka Okongwu (37851459),Tre Jones (37851720),Julius Randle (37851443),Jarrett Allen (37851461),298.59534722222224,391.8441425115037,49500,100.00%,6762,245.53%,0,182.51,$9.82,CHI 2,TOR 1,user16,50,marvalshot,3196,4655040906_16
Trae Young (37851321),Talen Horton-Tucker (37851832),Georges Niang (37851649),Julius Randle (37851443),Giannis Antetokounmpo (37851317),Tre Jones (37851720),Matas Buzelis (37851566),Onyeka Okongwu (37851459),297.23,395.62,49800,100.00%,1268,186.02%,0,203.78,$7.44,ATL 3,CHI 3,user40,1,marvalshot,17826,4655040907_40
Jevon Carter (37851843),Coby White (37851438),Talen Horton-Tucker (37851832),Julius Randle (37851443),Alperen Sengun (37851332),Tre Jones (37851720),Giannis Antetokounmpo (37851317),Onyeka Okongwu (37851459),298.6732465277778,399.2714262285723,49800,100.00%,5718,251.97%,0,207.13,$10.08,CHI 4,MIN 1,user17,1,marvalshot,17852,4655040908_17
Stephon Castle (37851463),Aaron Nesmith (37851609),Franz Wagner (37851369),Pascal Siakam (37851401),Onyeka Okongwu (37851459),Jevon Carter (37851843),Talen Horton-Tucker (37851832),Giannis Antetokounmpo (37851317),285.70180555555555,384.11218131742885,49700,97.26%,0,46.75%,0,182.26,$1.87,IND 2,CHI 2,user30,1,marvalshot,17914,4655040909_30
Brandin Podziemski (37851483),Donovan Mitchell (37851343),Talen Horton-Tucker (37851832),Matas Buzelis (37851566),Giannis Antetokounmpo (37851317),Tre Jones (37851720),Julius Randle (37851443),Zach Collins (37851479),293.8,392.45,50000,100.00%,18,117.88%,0,188.22,$4.72,CHI 4,GSW 1,user34,1,marvalshot,17967,4655040910_34
Trae Young (37851321),Andrew Nembhard (37851576),Talen Horton-Tucker (37851832),Paolo Banchero (37851362),Zach Collins (37851479),Max Strus (37851614),Julius Randle (37851443),Onyeka Okongwu (37851459),302.8646527777778,390.7701609199204,49500,100.00%,38128,893.89%,0,151.19,$35.76,ATL 2,CHI 2,user43,1,marvalshot,18025,4655040911_43
Tre Jones (37851720),Talen Horton-Tucker (37851832),Georges Niang (37851649),Giannis Antetokounmpo (37851317),Jarrett Allen (37851461),Donovan Mitchell (37851343),Julius Randle (37851443),Zach Collins (37851479),293.55,395.42,49800,100.00%,12,114.41%,0,196.69,$4.58,CHI 3,CLE 2,user19,1,marvalshot,18050,4655040912_19
Tre Jones (37851720),Ja'Kobe Walter (37851749),Talen Horton-Tucker (37851832),Paolo Banchero (37851362),Onyeka Okongwu (37851459),Brandin Podziemski (37851483),Josh Hart (37851385),Giannis Antetokounmpo (37851317),300.9396875,394.1450667065294,49900,100.00%,22253,441.94%,0,187.25,$17.68,CHI 2,TOR 1,user42,1,marvalshot,18122,4655040913_42
Donovan Mitchell (37851343),Jevon Carter (37851843),Dalen Terry (37851785),Pascal Siakam (37851401),Alperen Sengun (37851332),Tre Jones (37851720),Talen Horton-Tucker (37851832),Giannis Antetokounmpo (37851317),291.6040451388889,395.4160443518918,50000,100.00%,0,91.98%,0,182.94,$3.68,CHI 4,CLE 1,user31,1,marvalshot,18160,4655040914_31
Jevon Carter (37851843),Aaron Nesmith (37851609),Franz Wagner (37851369),Matas Buzelis (37851566),Giannis Antetokounmpo (37851317),Jalen Brunson (37851340),Talen Horton-Tucker (37851832),Onyeka Okongwu (37851459),289.7710069444445,386.52756319410946,49800,99.98%,0,72.36%,0,205.63,$2.89,CHI 3,IND 1,user29,1,marvalshot,18206,4655040915_29
Scottie Barnes (37851372),Talen Horton-Tucker (37851832),Franz Wagner (37851369),Pascal Siakam (37851401),Onyeka Okongwu (37851459),Tre Jones (37851720),Julius Randle (37851443),Jarrett Allen (37851461),298.59534722222224,391.8441425115037,49500,100.00%,6762,245.53%,0,182.51,$9.82,CHI 2,TOR 1,user17,50,marvalshot,3196,4655040906_17
Jalen Brunson (37851340),Stephon Castle (37851463),Talen Horton-Tucker (37851832),Julius Randle (37851443),Giannis Antetokounmpo (37851317),Tre Jones (37851720),Georges Niang (37851649),Jarrett Allen (37851461),297.12000000000006,397.57000000000005,50000,100.00%,1374,185.07%,0,213.62,$7.4,CHI 2,NYK 1,user16,1,marvalshot,17804,4655040907_16
Tre Jones (37851720),Jevon Carter (37851843),Talen Horton-Tucker (37851832),Julius Randle (37851443),Alperen Sengun (37851332),Jalen Brunson (37851340),Giannis Antetokounmpo (37851317),Jalen Smith (37851692),298.4932465277778,403.58142622857235,49800,100.00%,5082,243.51%,0,212.23000000000002,$9.74,CHI 4,MIN 1,user36,1,marvalshot,17871,4655040908_36
Stephon Castle (37851463),Aaron Nesmith (37851609),Franz Wagner (37851369),Pascal Siakam (37851401),Onyeka Okongwu (37851459),Tre Jones (37851720),Talen Horton-Tucker (37851832),Trae Young (37851321),285.7318055555556,377.8321813174289,49400,96.36%,0,45.8%,0,157.45999999999998,$1.83,IND 2,ATL 2,user14,1,marvalshot,17898,4655040909_14
Darius Garland (37851392),Donovan Mitchell (37851343),Talen Horton-Tucker (37851832),Julius Randle (37851443),Onyeka Okongwu (37851459),Tre Jones (37851720),Max Strus (37851614),Anthony Edwards (37851329),293.75,387.66999999999996,49900,100.00%,26,117.03%,0,178.94,$4.68,CLE 3,CHI 2,user19,1,marvalshot,17952,4655040910_19
Jalen Brunson (37851340),Andrew Nembhard (37851576),Josh Hart (37851385),Paolo Banchero (37851362),Jalen Smith (37851692),Tre Jones (37851720),Julius Randle (37851443),Stephon Castle (37851463),302.5946527777778,390.8001609199205,50000,100.00%,36223,854.55%,0,162.41000000000003,$34.18,NYK 2,CHI 2,user3,1,marvalshot,17985,4655040911_3
De'Aaron Fox (37851365),Jevon Carter (37851843),Josh Hart (37851385),Giannis Antetokounmpo (37851317),Onyeka Okongwu (37851459),Tre Jones (37851720),Julius Randle (37851443),Talen Horton-Tucker (37851832),293.41,389.49,50000,100.00%,6,112.12%,0,208.97000000000003,$4.48,CHI 3,SAS 1,user39,1,marvalshot,18070,4655040912_39
Tre Jones (37851720),Ja'Kobe Walter (37851749),Keldon Johnson (37851583),Paolo Banchero (37851362),Onyeka Okongwu (37851459),Jalen Brunson (37851340),Talen Horton-Tucker (37851832),Giannis Antetokounmpo (37851317),301.0796875,399.25506670652936,49700,100.00%,23426,440.21%,0,191.12,$17.61,CHI 2,TOR 1,user6,1,marvalshot,18086,4655040913_6
Darius Garland (37851392),Lonnie Walker IV (37851827),Talen Horton-Tucker (37851832),Pascal Siakam (37851401),Alperen Sengun (37851332),Tre Jones (37851720),Max Strus (37851614),Giannis Antetokounmpo (37851317),291.5940451388889,391.8760443518918,49900,100.00%,2,91.92%,0,164.15,$3.68,CLE 2,CHI 2,user33,1,marvalshot,18162,4655040914_33
Tre Jones (37851720),Aaron Nesmith (37851609),Franz Wagner (37851369),Giannis Antetokounmpo (37851317),Jalen Smith (37851692),Donovan Mitchell (37851343),Talen Horton-Tucker (37851832),Julius Randle (37851443),289.70100694444443,392.5475631941094,50000,99.99%,0,72.11%,0,187.23,$2.88,CHI 3,IND 1,user6,1,marvalshot,18184,4655040915_6
Scottie Barnes (37851372),Talen Horton-Tucker (37851832),Franz Wagner (37851369),Pascal Siakam (37851401),Onyeka Okongwu (37851459),Tre Jones (37851720),Julius Randle (37851443),Jarrett Allen (37851461),298.59534722222224,391.8441425115037,49500,100.00%,6762,245.53%,0,182.51,$9.82,CHI 2,TOR 1,user18,50,marvalshot,3196,4655040906_18
Jalen Brunson (37851340),Stephon Castle (37851463),Talen Horton-Tucker (37851832),Josh Hart (37851385),Onyeka Okongwu (37851459),Darius Garland (37851392),Julius Randle (37851443),Tre Jones (37851720),297.04999999999995,387.98999999999995,50000,100.00%,1552,184.95%,0,197.46999999999997,$7.4,NYK 2,CHI 2,user25,1,marvalshot,17812,4655040907_25
Jalen Brunson (37851340),Max Strus (37851614),Talen Horton-Tucker (37851832),Julius Randle (37851443),Alperen Sengun (37851332),Tre Jones (37851720),Josh Hart (37851385),Jarrett Allen (37851461),298.3432465277778,389.04142622857233,50000,100.00%,5238,241.73%,0,191.86,$9.67,NYK 2,CLE 2,user12,1,marvalshot,17847,4655040908_12
Tre Jones (37851720),Aaron Nesmith (37851609),Franz Wagner (37851369),Pascal Siakam (37851401),Brook Lopez (37851492),Talen Horton-Tucker (37851832),Giannis Antetokounmpo (37851317),Stephon Castle (37851463),285.33180555555555,380.85218131742886,50000,95.65%,0,43.75%,0,166.52,$1.75,CHI 2,IND 2,user33,1,marvalshot,17917,4655040909_33
Stephon Castle (37851463),Anthony Edwards (37851329),De'Andre Hunter (37851523),Giannis Antetokounmpo (37851317),Onyeka Okongwu (37851459),Tre Jones (37851720),Matas Buzelis (37851566),Talen Horton-Tucker (37851832),293.65000000000003,392.40000000000003,49800,100.00%,32,115.9%,0,180.14,$4.64,CHI 3,SAS 1,user27,1,marvalshot,17960,4655040910_27
Jalen Brunson (37851340),Andrew Nembhard (37851576),Talen Horton-Tucker (37851832),Paolo Banchero (37851362),Andre Drummond (37851556),Max Strus (37851614),Giannis Antetokounmpo (37851317),Tre Jones (37851720),302.96465277777776,400.99016091992036,49500,100.00%,40137,821.29%,0,183.71,$32.85,CHI 2,NYK 1,user49,1,marvalshot,18031,4655040911_49
Tre Jones (37851720),Quentin Grimes (37851476),Paul George (37851397),Matas Buzelis (37851566),Giannis Antetokounmpo (37851317),Darius Garland (37851392),Talen Horton-Tucker (37851832),Onyeka Okongwu (37851459),293.37,388.38,50000,100.00%,4,112.01%,0,192.44,$4.48,CHI 3,PHI 2,user5,1,marvalshot,18036,4655040912_5
Tre Jones (37851720),Ja'Kobe Walter (37851749),Keldon Johnson (37851583),Paolo Banchero (37851362),Julius Randle (37851443),Jalen Brunson (37851340),Giannis Antetokounmpo (37851317),Talen Horton-Tucker (37851832),301.0796875,397.7650667065294,50000,100.00%,23442,432.17%,0,200.51,$17.29,CHI 2,TOR 1,user9,1,marvalshot,18089,4655040913_9
Ty Jerome (37851543),Talen Horton-Tucker (37851832),Max Strus (37851614),Pascal Siakam (37851401),Alperen Sengun (37851332),Darius Garland (37851392),Julius Randle (37851443),Onyeka Okongwu (37851459),291.5840451388889,386.8460443518918,49500,99.99%,2,91.7%,0,147.73000000000002,$3.67,CLE 3,CHI 1,user8,1,marvalshot,18137,4655040914_8
Darius Garland (37851392),Aaron Nesmith (37851609),Franz Wagner (37851369),Matas Buzelis (37851566),Jalen Smith (37851692),Tre Jones (37851720),Giannis Antetokounmpo (37851317),Onyeka Okongwu (37851459),289.37100694444445,389.0175631941094,49900,99.94%,0,69.88%,0,170.79000000000002,$2.8,CHI 3,CLE 1,user19,1,marvalshot,18197,4655040915_19
Scottie Barnes (37851372),Talen Horton-Tucker (37851832),Franz Wagner (37851369),Pascal Siakam (37851401),Onyeka Okongwu (37851459),Tre Jones (37851720),Julius Randle (37851443),Jarrett Allen (37851461),298.59534722222224,391.8441425115037,49500,100.00%,6762,245.53%,0,182.51,$9.82,CHI 2,TOR 1,user19,50,marvalshot,3196,4655040906_19
Tre Jones (37851720),Anthony Edwards (37851329),Kyle Kuzma (37851449),Giannis Antetokounmpo (37851317),Onyeka Okongwu (37851459),Talen Horton-Tucker (37851832),Dalen Terry (37851785),Julius Randle (37851443),297.09,394.65999999999997,50000,100.00%,1442,184.84%,0,177.13,$7.39,CHI 3,MIN 2,user9,1,marvalshot,17797,4655040907_9
Tre Jones (37851720),Jevon Carter (37851843),Kyle Kuzma (37851449),Julius Randle (37851443),Alperen Sengun (37851332),Talen Horton-Tucker (37851832),Giannis Antetokounmpo (37851317),Onyeka Okongwu (37851459),298.46324652777776,398.6614262285723,49500,100.00%,4858,240.67%,0,210.93,$9.63,CHI 3,MIL 2,user42,1,marvalshot,17877,4655040908_42
Keon Johnson (37851530),Aaron Nesmith (37851609),Franz Wagner (37851369),Pascal Siakam (37851401),Julius Randle (37851443),Jalen Brunson (37851340),Talen Horton-Tucker (37851832),Onyeka Okongwu (37851459),285.28180555555554,374.67218131742885,49900,94.99%,0,42.89%,0,151.87,$1.72,IND 2,BKN 1,user9,1,marvalshot,17893,4655040909_9
Tre Jones (37851720),Anthony Edwards (37851329),Talen Horton-Tucker (37851832),Matas Buzelis (37851566),Giannis Antetokounmpo (37851317),Caris LeVert (37851534),Julius Randle (37851443),Stephon Castle (37851463),293.63,391.7,50000,100.00%,12,115.21%,0,200.39000000000001,$4.61,CHI 3,MIN 2,user38,1,marvalshot,17971,4655040910_38
Darius Garland (37851392),Andrew Nembhard (37851576),Max Strus (37851614),Paolo Banchero (37851362),Julius Randle (37851443),Jalen Brunson (37851340),Kyle Kuzma (37851449),Talen Horton-Tucker (37851832),302.6646527777778,388.3501609199204,49900,100.00%,37212,802.3%,0,175.82999999999998,$32.09,CLE 2,IND 1,user29,1,marvalshot,18011,4655040911_29
Donovan Mitchell (37851343),Brandin Podziemski (37851483),Max Strus (37851614),Giannis Antetokounmpo (37851317),Julius Randle (37851443),Tre Jones (37851720),Talen Horton-Tucker (37851832),Jarrett Allen (37851461),293.29,393.23,50000,100.00%,10,110.91%,0,192.14999999999998,$4.44,CLE 3,CHI 2,user37,1,marvalshot,18068,4655040912_37
Jalen Brunson (37851340),Ja'Kobe Walter (37851749),Talen Horton-Tucker (37851832),Paolo Banchero (37851362),Onyeka Okongwu (37851459),Donovan Mitchell (37851343),Matas Buzelis (37851566),Jarrett Allen (37851461),300.6596875,393.72506670652945,49800,100.00%,19973,427.5%,0,186.19,$17.1,CHI 2,CLE 2,user29,1,marvalshot,18109,4655040913_29
Tre Jones (37851720),Anthony Edwards (37851329),Talen Horton-Tucker (37851832),Pascal Siakam (37851401),Alperen Sengun (37851332),Brandin Podziemski (37851483),Kyle Kuzma (37851449),Matas Buzelis (37851566),291.4040451388889,381.40604435189175,49800,100.00%,4,89.98%,0,154.08,$3.6,CHI 3,MIN 1,user41,1,marvalshot,18170,4655040914_41
Tre Jones (37851720),Aaron Nesmith (37851609),Franz Wagner (37851369),Julius Randle (37851443),Zach Collins (37851479),Talen Horton-Tucker (37851832),Giannis Antetokounmpo (37851317),Coby White (37851438),289.45100694444443,384.3975631941094,49900,99.98%,0,69.74%,0,179.05,$2.79,CHI 4,IND 1,user22,1,marvalshot,18200,4655040915_22
Scottie Barnes (37851372),Talen Horton-Tucker (37851832),Franz Wagner (37851369),Pascal Siakam (37851401),Onyeka Okongwu (37851459),Tre Jones (37851720),Julius Randle (37851443),Jarrett Allen (37851461),298.59534722222224,391.8441425115037,49500,100.00%,6762,245.53%,0,182.51,$9.82,CHI 2,TOR 1,user20,50,marvalshot,3196,4655040906_20
Tre Jones (37851720),Anthony Edwards (37851329),Mikal Bridges (37851487),Julius Randle (37851443),Zach Collins (37851479),Jalen Brunson (37851340),Talen Horton-Tucker (37851832),Onyeka Okongwu (37851459),296.85999999999996,385.78,49900,100.00%,1464,180.45%,0,162.81,$7.22,CHI 3,MIN 2,user23,1,marvalshot,17810,4655040907_23
Jalen Brunson (37851340),Jevon Carter (37851843),Talen Horton-Tucker (37851832),Giannis Antetokounmpo (37851317),Alperen Sengun (37851332),Tre Jones (37851720),Matas Buzelis (37851566),Zach Collins (37851479),298.3032465277778,399.17142622857233,50000,100.00%,4524,235.93%,0,209.79000000000002,$9.44,CHI 5,NYK 1,user15,1,marvalshot,17850,4655040908_15
Jalen Brunson (37851340),Aaron Nesmith (37851609),Franz Wagner (37851369),Pascal Siakam (37851401),Onyeka Okongwu (37851459),Stephon Castle (37851463),Devin Vassell (37851496),Talen Horton-Tucker (37851832),285.08180555555555,374.9621813174289,49900,93.73%,0,40.64%,0,146.45000000000002,$1.63,IND 2,SAS 2,user26,1,marvalshot,17910,4655040909_26
Tre Jones (37851720),Brandin Podziemski (37851483),Talen Horton-Tucker (37851832),Josh Hart (37851385),Onyeka Okongwu (37851459),Jalen Brunson (37851340),Matas Buzelis (37851566),Anthony Edwards (37851329),293.36,380.76,49800,100.00%,18,112.29%,0,176.49,$4.49,CHI 3,NYK 2,user21,1,marvalshot,17954,4655040910_21
Tre Jones (37851720),Andrew Nembhard (37851576),Talen Horton-Tucker (37851832),Paolo Banchero (37851362),Julius Randle (37851443),Coby White (37851438),Giannis Antetokounmpo (37851317),Nic Claxton (37851494),302.90465277777776,398.7501609199204,50000,100.00%,39890,801.31%,0,181.12,$32.05,CHI 3,IND 1,user11,1,marvalshot,17993,4655040911_11
Tre Jones (37851720),Talen Horton-Tucker (37851832),Kyle Kuzma (37851449),Julius Randle (37851443),Giannis Antetokounmpo (37851317),Max Strus (37851614),Naz Reid (37851381),Onyeka Okongwu (37851459),293.32,386.53999999999996,49500,100.00%,1,110.87%,0,180.53,$4.43,CHI 2,MIL 2,user27,1,marvalshot,18058,4655040912_27
Tre Jones (37851720),Ja'Kobe Walter (37851749),Mikal Bridges (37851487),Paolo Banchero (37851362),Julius Randle (37851443),Darius Garland (37851392),Talen Horton-Tucker (37851832),Giannis Antetokounmpo (37851317),300.84968749999996,393.97506670652933,50000,100.00%,21406,421.84%,0,198.24,$16.87,CHI 2,TOR 1,user13,1,marvalshot,18093,4655040913_13
Jevon Carter (37851843),Brandin Podziemski (37851483),Talen Horton-Tucker (37851832),Pascal Siakam (37851401),Alperen Sengun (37851332),Tre Jones (37851720),Giannis Antetokounmpo (37851317),Stephon Castle (37851463),291.39404513888894,392.41604435189186,49800,100.00%,0,89.62%,0,187.11,$3.58,CHI 3,GSW 1,user24,1,marvalshot,18153,4655040914_24
Brandin Podziemski (37851483),Aaron Nesmith (37851609),Franz Wagner (37851369),Giannis Antetokounmpo (37851317),Onyeka Okongwu (37851459),Max Strus (37851614),Talen Horton-Tucker (37851832),Julius Randle (37851443),289.17100694444446,383.04756319410944,50000,99.96%,0,67.42%,0,168.32,$2.7,GSW 1,IND 1,user18,1,marvalshot,18196,4655040915_18
Scottie Barnes (37851372),Talen Horton-Tucker (37851832),Franz Wagner (37851369),Pascal Siakam (37851401),Onyeka Okongwu (37851459),Tre Jones (37851720),Julius Randle (37851443),Jarrett Allen (37851461),298.59534722222224,391.8441425115037,49500,100.00%,6762,245.53%,0,182.51,$9.82,CHI 2,TOR 1,user21,50,marvalshot,3196,4655040906_21
Jalen Brunson (37851340),Donovan Mitchell (37851343),Talen Horton-Tucker (37851832),Matas Buzelis (37851566),Onyeka Okongwu (37851459),Tre Jones (37851720),Julius Randle (37851443),Josh Hart (37851385),296.84999999999997,387.53,49800,100.00%,1092,176.99%,0,200.79,$7.08,CHI 3,NYK 2,user13,1,marvalshot,17801,4655040907_13
Tre Jones (37851720),Max Strus (37851614),Talen Horton-Tucker (37851832),Giannis Antetokounmpo (37851317),Alperen Sengun (37851332),Ty Jerome (37851543),Julius Randle (37851443),Onyeka Okongwu (37851459),298.26324652777777,400.6314262285723,49600,100.00%,4431,233.39%,0,179.69,$9.34,CHI 2,CLE 2,user35,1,marvalshot,17870,4655040908_35
Darius Garland (37851392),Aaron Nesmith (37851609),Franz Wagner (37851369),Pascal Siakam (37851401),Onyeka Okongwu (37851459),Tre Jones (37851720),Kyle Kuzma (37851449),Zach Collins (37851479),285.22180555555553,373.43218131742884,49800,93.36%,0,40.48%,0,133.45,$1.62,IND 2,CHI 2,user15,1,marvalshot,17899,4655040909_15
Trae Young (37851321),Stephon Castle (37851463),Kyle Kuzma (37851449),Josh Hart (37851385),Onyeka Okongwu (37851459),Tre Jones (37851720),Julius Randle (37851443),Talen Horton-Tucker (37851832),293.3,382.33,50000,100.00%,19,111.37%,0,174.3,$4.45,ATL 2,CHI 2,user26,1,marvalshot,17959,4655040910_26
Darius Garland (37851392),Andrew Nembhard (37851576),Coby White (37851438),Paolo Banchero (37851362),Giannis Antetokounmpo (37851317),Talen Horton-Tucker (37851832),Max Strus (37851614),Tre Jones (37851720),302.60465277777774,396.7201609199204,49800,100.00%,37228,737.26%,0,186.7,$29.49,CHI 3,CLE 2,user16,1,marvalshot,17998,4655040911_16
Tre Jones (37851720),Anthony Edwards (37851329),Paul George (37851397),Matas Buzelis (37851566),Onyeka Okongwu (37851459),Talen Horton-Tucker (37851832),Kyle Kuzma (37851449),Jalen Brunson (37851340),293.23,380.67,49900,100.00%,18,110.82%,0,170.65,$4.43,CHI 3,MIN 1,user16,1,marvalshot,18047,4655040912_16
Jalen Brunson (37851340),Ja'Kobe Walter (37851749),Mikal Bridges (37851487),Paolo Banchero (37851362),Onyeka Okongwu (37851459),Tre Jones (37851720),Talen Horton-Tucker (37851832),Trae Young (37851321),300.6696875,388.5450667065294,50000,100.00%,19974,415.76%,0,166.88,$16.63,NYK 2,ATL 2,user37,1,marvalshot,18117,4655040913_37
Tre Jones (37851720),Talen Horton-Tucker (37851832),Coby White (37851438),Pascal Siakam (37851401),Alperen Sengun (37851332),Stephon Castle (37851463),Julius Randle (37851443),Jarrett Allen (37851461),291.3340451388889,385.1060443518918,49000,99.99%,1,89.1%,0,173.12,$3.56,CHI 3,IND 1,user12,1,marvalshot,18141,4655040914_12
Tre Jones (37851720),Aaron Nesmith (37851609),Franz Wagner (37851369),Kyle Kuzma (37851449),Onyeka Okongwu (37851459),Donovan Mitchell (37851343),Talen Horton-Tucker (37851832),Jalen Brunson (37851340),288.91100694444447,380.7775631941094,49800,99.91%,0,65.82%,0,173.07,$2.63,CHI 2,IND 1,user5,1,marvalshot,18183,4655040915_5
Scottie Barnes (37851372),Talen Horton-Tucker (37851832),Franz Wagner (37851369),Pascal Siakam (37851401),Onyeka Okongwu (37851459),Tre Jones (37851720),Julius Randle (37851443),Jarrett Allen (37851461),298.59534722222224,391.8441425115037,49500,100.00%,6762,245.53%,0,182.51,$9.82,CHI 2,TOR 1,user22,50,marvalshot,3196,4655040906_22
Tre Jones (37851720),Talen Horton-Tucker (37851832),De'Andre Hunter (37851523),Julius Randle (37851443),Andre Drummond (37851556),Jalen Brunson (37851340),Giannis Antetokounmpo (37851317),Onyeka Okongwu (37851459),296.86999999999995,399.3499999999999,50000,100.00%,1005,176.87%,0,182.76000000000002,$7.07,CHI 2,CLE 1,user4,1,marvalshot,17792,4655040907_4
Darius Garland (37851392),Stephon Castle (37851463),Talen Horton-Tucker (37851832),Julius Randle (37851443),Alperen Sengun (37851332),Jalen Brunson (37851340),Matas Buzelis (37851566),Tre Jones (37851720),298.07324652777777,391.9614262285723,49900,100.00%,4199,228.41%,0,201.49,$9.14,CHI 3,CLE 1,user23,1,marvalshot,17858,4655040908_23
Jalen Brunson (37851340),Aaron Nesmith (37851609),Franz Wagner (37851369),Pascal Siakam (37851401),Julius Randle (37851443),Talen Horton-Tucker (37851832),Guerschon Yabusele (37851548),Jarrett Allen (37851461),284.87180555555557,373.8921813174289,49800,93.33%,0,39.53%,0,157.24,$1.58,IND 2,NYK 1,user13,1,marvalshot,17897,4655040909_13
Jalen Brunson (37851340),Devin Vassell (37851496),Kyle Kuzma (37851449),Matas Buzelis (37851566),Jalen Smith (37851692),Talen Horton-Tucker (37851832),Giannis Antetokounmpo (37851317),Onyeka Okongwu (37851459),293.12,392.7,49900,100.00%,24,109.79%,0,169.41,$4.39,CHI 3,MIL 2,user15,1,marvalshot,17948,4655040910_15
Jalen Brunson (37851340),Andrew Nembhard (37851576),Talen Horton-Tucker (37851832),Paolo Banchero (37851362),Onyeka Okongwu (37851459),Ty Jerome (37851543),Matas Buzelis (37851566),Donovan Mitchell (37851343),302.34465277777775,395.98016091992037,49800,100.00%,34211,715.14%,0,163.88000000000002,$28.61,CHI 2,CLE 2,user4,1,marvalshot,17986,4655040911_4
Tre Jones (37851720),Mikal Bridges (37851487),Max Strus (37851614),Giannis Antetokounmpo (37851317),Jarrett Allen (37851461),Donovan Mitchell (37851343),Talen Horton-Tucker (37851832),Julius Randle (37851443),293.27000000000004,390.76000000000005,50000,100.00%,13,110.7%,0,189.39,$4.43,CLE 3,CHI 2,user44,1,marvalshot,18075,4655040912_44
Tre Jones (37851720),Ja'Kobe Walter (37851749),OG Anunoby (37851472),Paolo Banchero (37851362),Onyeka Okongwu (37851459),Talen Horton-Tucker (37851832),Giannis Antetokounmpo (37851317),Darius Garland (37851392),300.7396875,395.7150667065294,49900,100.00%,20363,413.82%,0,191.42000000000002,$16.55,CHI 2,TOR 1,user8,1,marvalshot,18088,4655040913_8
Tre Jones (37851720),Donovan Mitchell (37851343),Talen Horton-Tucker (37851832),Pascal Siakam (37851401),Alperen Sengun (37851332),Quentin Grimes (37851476),Caris LeVert (37851534),Julius Randle (37851443),291.28404513888887,385.4960443518918,50000,99.99%,0,88.65%,0,167.95999999999998,$3.55,CHI 2,CLE 1,user6,1,marvalshot,18135,4655040914_6
De'Aaron Fox (37851365),Aaron Nesmith (37851609),Franz Wagner (37851369),Julius Randle (37851443),Onyeka Okongwu (37851459),Jalen Brunson (37851340),Talen Horton-Tucker (37851832),Tre Jones (37851720),288.9410069444444,378.3075631941093,49500,99.93%,0,65.76%,0,177.86,$2.63,CHI 2,SAS 1,user47,1,marvalshot,18225,4655040915_47
Scottie Barnes (37851372),Talen Horton-Tucker (37851832),Franz Wagner (37851369),Pascal Siakam (37851401),Onyeka Okongwu (37851459),Tre Jones (37851720),Julius Randle (37851443),Jarrett Allen (37851461),298.59534722222224,391.8441425115037,49500,100.00%,6762,245.53%,0,182.51,$9.82,CHI 2,TOR 1,user23,50,marvalshot,3196,4655040906_23
Darius Garland (37851392),Talen Horton-Tucker (37851832),Max Strus (37851614),Matas Buzelis (37851566),Jarrett Allen (37851461),Tre Jones (37851720),Giannis Antetokounmpo (37851317),Jalen Brunson (37851340),296.82000000000005,396.11,49900,100.00%,962,176.02%,0,214.47,$7.04,CLE 3,CHI 3,user1,1,marvalshot,17789,4655040907_1
Jalen Brunson (37851340),Devin Vassell (37851496),Talen Horton-Tucker (37851832),Julius Randle (37851443),Alperen Sengun (37851332),Tre Jones (37851720),Coby White (37851438),Onyeka Okongwu (37851459),298.0532465277778,390.1214262285723,50000,100.00%,4281,227.64%,0,171.32,$9.11,CHI 3,NYK 1,user46,1,marvalshot,17881,4655040908_46
Ty Jerome (37851543),Aaron Nesmith (37851609),Franz Wagner (37851369),Pascal Siakam (37851401),Onyeka Okongwu (37851459),Talen Horton-Tucker (37851832),Giannis Antetokounmpo (37851317),Jalen Smith (37851692),284.88180555555556,388.5621813174289,49500,92.69%,0,38.65%,0,143.89,$1.55,IND 2,CHI 2,user23,1,marvalshot,17907,4655040909_23
Tre Jones (37851720),Donovan Mitchell (37851343),Talen Horton-Tucker (37851832),Julius Randle (37851443),Zach Collins (37851479),Max Strus (37851614),Giannis Antetokounmpo (37851317),Stephon Castle (37851463),293.12,393.13,50000,100.00%,7,109.32%,0,183.04000000000002,$4.37,CHI 3,CLE 2,user8,1,marvalshot,17941,4655040910_8
Ty Jerome (37851543),Andrew Nembhard (37851576),Talen Horton-Tucker (37851832),Paolo Banchero (37851362),Onyeka Okongwu (37851459),Anthony Edwards (37851329),Coby White (37851438),Julius Randle (37851443),302.0646527777778,392.1601609199204,50000,100.00%,31823,678.54%,0,145.62,$27.14,CHI 2,MIN 2,user2,1,marvalshot,17984,4655040911_2
De'Aaron Fox (37851365),Talen Horton-Tucker (37851832),Dalen Terry (37851785),Julius Randle (37851443),Giannis Antetokounmpo (37851317),Tre Jones (37851720),Matas Buzelis (37851566),Jalen Brunson (37851340),293.28000000000003,389.54,49900,100.00%,3,110.39%,0,191.70999999999998,$4.42,CHI 4,SAS 1,user34,1,marvalshot,18065,4655040912_34
Jalen Brunson (37851340),Ja'Kobe Walter (37851749),Coby White (37851438),Paolo Banchero (37851362),Jarrett Allen (37851461),Talen Horton-Tucker (37851832),Julius Randle (37851443),Onyeka Okongwu (37851459),300.5996875,389.98506670652944,49500,100.00%,19535,413.13%,0,180.45,$16.53,CHI 2,NYK 1,user14,1,marvalshot,18094,4655040913_14
Jalen Brunson (37851340),Jevon Carter (37851843),Talen Horton-Tucker (37851832),Pascal Siakam (37851401),Alperen Sengun (37851332),Darius Garland (37851392),Max Strus (37851614),Jarrett Allen (37851461),291.1140451388889,386.1660443518918,49900,100.00%,3,86.92%,0,181.76,$3.48,CLE 3,CHI 2,user38,1,marvalshot,18167,4655040914_38
Jalen Brunson (37851340),Aaron Nesmith (37851609),Franz Wagner (37851369),Kyle Kuzma (37851449),Onyeka Okongwu (37851459),Stephon Castle (37851463),Julius Randle (37851443),Talen Horton-Tucker (37851832),288.80100694444445,377.42756319410944,49800,99.93%,0,64.85%,0,167.99,$2.59,NYK 1,IND 1,user14,1,marvalshot,18192,4655040915_14
Scottie Barnes (37851372),Talen Horton-Tucker (37851832),Franz Wagner (37851369),Pascal Siakam (37851401),Onyeka Okongwu (37851459),Tre Jones (37851720),Julius Randle (37851443),Jarrett Allen (37851461),298.59534722222224,391.8441425115037,49500,100.00%,6762,245.53%,0,182.51,$9.82,CHI 2,TOR 1,user24,50,marvalshot,3196,4655040906_24
Tre Jones (37851720),Talen Horton-Tucker (37851832),De'Andre Hunter (37851523),Matas Buzelis (37851566),Giannis Antetokounmpo (37851317),Jalen Brunson (37851340),Julius Randle (37851443),Jarrett Allen (37851461),296.88000000000005,395.43000000000006,49700,100.00%,901,175.83%,0,210.47,$7.03,CHI 3,CLE 2,user48,1,marvalshot,17834,4655040907_48
Darius Garland (37851392),Anthony Edwards (37851329),Talen Horton-Tucker (37851832),Georges Niang (37851649),Alperen Sengun (37851332),Tre Jones (37851720),Julius Randle (37851443),Onyeka Okongwu (37851459),297.88324652777777,392.3314262285723,50000,100.00%,4026,221.71%,0,182.12,$8.87,MIN 2,CHI 2,user38,1,marvalshot,17873,4655040908_38
Jevon Carter (37851843),Aaron Nesmith (37851609),Franz Wagner (37851369),Pascal Siakam (37851401),Giannis Antetokounmpo (37851317),Talen Horton-Tucker (37851832),Kelly Oubre Jr. (37851433),Onyeka Okongwu (37851459),284.66180555555553,378.98218131742885,50000,92.67%,0,38.05%,0,169.2,$1.52,CHI 2,IND 2,user11,1,marvalshot,17895,4655040909_11
Tre Jones (37851720),Max Strus (37851614),Kyle Kuzma (37851449),Giannis Antetokounmpo (37851317),Julius Randle (37851443),Anthony Edwards (37851329),Matas Buzelis (37851566),Talen Horton-Tucker (37851832),293.12,386.78,49500,100.00%,1,108.62%,0,194.91,$4.34,CHI 3,MIL 2,user23,1,marvalshot,17956,4655040910_23
Tre Jones (37851720),Andrew Nembhard (37851576),Caris LeVert (37851534),Paolo Banchero (37851362),Jalen Smith (37851692),Talen Horton-Tucker (37851832),Giannis Antetokounmpo (37851317),Anthony Edwards (37851329),302.2446527777778,402.5501609199204,49700,100.00%,33990,666.7%,0,176.75,$26.67,CHI 3,IND 1,user19,1,marvalshot,18001,4655040911_19
Tre Jones (37851720),Devin Vassell (37851496),Max Strus (37851614),Dalen Terry (37851785),Julius Randle (37851443),Jalen Brunson (37851340),Giannis Antetokounmpo (37851317),Onyeka Okongwu (37851459),293.12,387.47,50000,100.00%,19,109.32%,0,156.93,$4.37,CHI 2,SAS 1,user1,1,marvalshot,18032,4655040912_1
Tre Jones (37851720),Ja'Kobe Walter (37851749),Talen Horton-Tucker (37851832),Paolo Banchero (37851362),Jarrett Allen (37851461),Darius Garland (37851392),Giannis Antetokounmpo (37851317),Stephon Castle (37851463),300.58968749999997,400.45506670652935,49900,100.00%,19064,396.4%,0,206.93,$15.86,CHI 2,CLE 2,user43,1,marvalshot,18123,4655040913_43
Jalen Brunson (37851340),Devin Vassell (37851496),Josh Hart (37851385),Pascal Siakam (37851401),Alperen Sengun (37851332),Tre Jones (37851720),Talen Horton-Tucker (37851832),Jalen Smith (37851692),290.9940451388889,384.6160443518918,49700,100.00%,2,85.75%,0,154.76999999999998,$3.43,CHI 3,NYK 2,user22,1,marvalshot,18151,4655040914_22
Tre Jones (37851720),Aaron Nesmith (37851609),Franz Wagner (37851369),Georges Niang (37851649),Onyeka Okongwu (37851459),Donovan Mitchell (37851343),Giannis Antetokounmpo (37851317),Talen Horton-Tucker (37851832),288.8310069444444,388.4975631941094,49900,99.96%,0,64.78%,0,187.14,$2.59,CHI 2,ATL 2,user34,1,marvalshot,18212,4655040915_34
Scottie Barnes (37851372),Talen Horton-Tucker (37851832),Franz Wagner (37851369),Pascal Siakam (37851401),Onyeka Okongwu (37851459),Tre Jones (37851720),Julius Randle (37851443),Jarrett Allen (37851461),298.59534722222224,391.8441425115037,49500,100.00%,6762,245.53%,0,182.51,$9.82,CHI 2,TOR 1,user25,50,marvalshot,3196,4655040906_25
Tre Jones (37851720),Anthony Edwards (37851329),Talen Horton-Tucker (37851832),Julius Randle (37851443),Zach Collins (37851479),Trae Young (37851321),Matas Buzelis (37851566),Onyeka Okongwu (37851459),296.71,388.81999999999994,49900,100.00%,1280,175.58%,0,171.05,$7.02,CHI 4,MIN 2,user34,1,marvalshot,17821,4655040907_34
Tre Jones (37851720),Jevon Carter (37851843),Max Strus (37851614),Giannis Antetokounmpo (37851317),Alperen Sengun (37851332),Jalen Brunson (37851340),Talen Horton-Tucker (37851832),Jarrett Allen (37851461),297.7932465277778,399.95142622857236,50000,100.00%,3315,214.91%,0,213.72,$8.6,CHI 3,CLE 2,user19,1,marvalshot,17854,4655040908_19
Tre Jones (37851720),Aaron Nesmith (37851609),Franz Wagner (37851369),Pascal Siakam (37851401),Onyeka Okongwu (37851459),Jevon Carter (37851843),Giannis Antetokounmpo (37851317),Brook Lopez (37851492),284.68180555555557,379.0321813174289,50000,91.90%,0,37.17%,0,162.38,$1.49,CHI 2,IND 2,user2,1,marvalshot,17886,4655040909_2
Darius Garland (37851392),Anthony Edwards (37851329),Kyle Kuzma (37851449),Matas Buzelis (37851566),Jalen Smith (37851692),Talen Horton-Tucker (37851832),Giannis Antetokounmpo (37851317),Tre Jones (37851720),292.96999999999997,394.06999999999994,50000,100.00%,5,107.85%,0,186.39999999999998,$4.31,CHI 4,MIL 2,user29,1,marvalshot,17962,4655040910_29
Stephon Castle (37851463),Andrew Nembhard (37851576),Max Strus (37851614),Paolo Banchero (37851362),Onyeka Okongwu (37851459),Trae Young (37851321),Talen Horton-Tucker (37851832),Julius Randle (37851443),302.15465277777776,390.68016091992035,49600,100.00%,32978,660.71%,0,160.39,$26.43,ATL 2,SAS 1,user37,1,marvalshot,18019,4655040911_37
Jalen Brunson (37851340),Caris LeVert (37851534),Talen Horton-Tucker (37851832),Giannis Antetokounmpo (37851317),Onyeka Okongwu (37851459),Tre Jones (37851720),Kyle Kuzma (37851449),Ty Jerome (37851543),293.09999999999997,394.47999999999996,49800,100.00%,10,108.72%,0,177.82999999999998,$4.35,ATL 2,CHI 2,user18,1,marvalshot,18049,4655040912_18
Tre Jones (37851720),Ja'Kobe Walter (37851749),Talen Horton-Tucker (37851832),Paolo Banchero (37851362),Onyeka Okongwu (37851459),Trae Young (37851321),Dalen Terry (37851785),Giannis Antetokounmpo (37851317),300.5196875,398.4250667065294,49800,100.00%,18235,388.68%,0,175.06,$15.55,CHI 3,ATL 2,user44,1,marvalshot,18124,4655040913_44
Jalen Brunson (37851340),Max Strus (37851614),Georges Niang (37851649),Pascal Siakam (37851401),Alperen Sengun (37851332),Darius Garland (37851392),Matas Buzelis (37851566),Tre Jones (37851720),290.91404513888887,380.45604435189176,50000,99.99%,2,85.27%,0,158.85,$3.41,CLE 2,CHI 2,user10,1,marvalshot,18139,4655040914_10
Jalen Brunson (37851340),Aaron Nesmith (37851609),Franz Wagner (37851369),Matas Buzelis (37851566),Giannis Antetokounmpo (37851317),Tre Jones (37851720),Talen Horton-Tucker (37851832),Devin Vassell (37851496),288.88100694444444,383.64756319410935,49900,99.93%,0,64.59%,0,193.88,$2.58,CHI 3,NYK 1,user26,1,marvalshot,18204,4655040915_26
Scottie Barnes (37851372),Talen Horton-Tucker (37851832),Franz Wagner (37851369),Pascal Siakam (37851401),Onyeka Okongwu (37851459),Tre Jones (37851720),Julius Randle (37851443),Jarrett Allen (37851461),298.59534722222224,391.8441425115037,49500,100.00%,6762,245.53%,0,182.51,$9.82,CHI 2,TOR 1,user26,50,marvalshot,3196,4655040906_26
Darius Garland (37851392),Donovan Mitchell (37851343),Talen Horton-Tucker (37851832),Julius Randle (37851443),Onyeka Okongwu (37851459),Tre Jones (37851720),Matas Buzelis (37851566),Jalen Brunson (37851340),296.78,391.31999999999994,49600,100.00%,975,174.52%,0,205.14999999999998,$6.98,CHI 3,CLE 2,user17,1,marvalshot,17805,4655040907_17
Tre Jones (37851720),Stephon Castle (37851463),Devin Vassell (37851496),Giannis Antetokounmpo (37851317),Alperen Sengun (37851332),Talen Horton-Tucker (37851832),Matas Buzelis (37851566),Onyeka Okongwu (37851459),297.7332465277778,398.2714262285723,49900,100.00%,3112,212.18%,0,186.64999999999998,$8.49,CHI 3,SAS 2,user28,1,marvalshot,17863,4655040908_28
Jalen Brunson (37851340),Aaron Nesmith (37851609),Franz Wagner (37851369),Pascal Siakam (37851401),Draymond Green (37851467),Tre Jones (37851720),Julius Randle (37851443),Matas Buzelis (37851566),284.71180555555554,371.11218131742885,49900,91.63%,0,36.84%,0,151.75,$1.47,IND 2,CHI 2,user34,1,marvalshot,17918,4655040909_34
Trae Young (37851321),Donovan Mitchell (37851343),Talen Horton-Tucker (37851832),Matas Buzelis (37851566),Julius Randle (37851443),Tre Jones (37851720),Kyle Kuzma (37851449),Onyeka Okongwu (37851459),293.03,385.65999999999997,49600,100.00%,6,107.7%,0,181.98000000000002,$4.31,CHI 3,ATL 2,user43,1,marvalshot,17976,4655040910_43
Tre Jones (37851720),Andrew Nembhard (37851576),Kyle Kuzma (37851449),Paolo Banchero (37851362),Giannis Antetokounmpo (37851317),Talen Horton-Tucker (37851832),Julius Randle (37851443),Caris LeVert (37851534),302.4346527777778,396.22016091992043,49200,100.00%,36747,657.31%,0,197.35999999999999,$26.29,CHI 2,MIL 2,user35,1,marvalshot,18017,4655040911_35
D'Angelo Russell (37851518),Stephon Castle (37851463),Talen Horton-Tucker (37851832),Giannis Antetokounmpo (37851317),Onyeka Okongwu (37851459),Tre Jones (37851720),Julius Randle (37851443),Darius Garland (37851392),293.12,395.18,49900,100.00%,5,108.69%,0,192.48,$4.35,CHI 2,BKN 1,user24,1,marvalshot,18055,4655040912_24
Tre Jones (37851720),Ja'Kobe Walter (37851749),Paul George (37851397),Paolo Banchero (37851362),Julius Randle (37851443),Talen Horton-Tucker (37851832),Giannis Antetokounmpo (37851317),Zach Collins (37851479),300.4296875,393.5650667065294,50000,100.00%,17509,378.07%,0,184.66,$15.12,CHI 3,TOR 1,user41,1,marvalshot,18121,4655040913_41
Donovan Mitchell (37851343),Stephon Castle (37851463),Talen Horton-Tucker (37851832),Pascal Siakam (37851401),Alperen Sengun (37851332),Tre Jones (37851720),Guerschon Yabusele (37851548),Julius Randle (37851443),290.8240451388889,385.9360443518918,50000,99.99%,2,83.85%,0,156.06,$3.35,CHI 2,CLE 1,user45,1,marvalshot,18174,4655040914_45
Darius Garland (37851392),Aaron Nesmith (37851609),Franz Wagner (37851369),Matas Buzelis (37851566),Onyeka Okongwu (37851459),Jalen Brunson (37851340),Kyle Kuzma (37851449),Tre Jones (37851720),288.5810069444444,375.75756319410937,50000,99.75%,0,63.74%,0,166.02,$2.55,CHI 2,CLE 1,user13,1,marvalshot,18191,4655040915_13
Scottie Barnes (37851372),Talen Horton-Tucker (37851832),Franz Wagner (37851369),Pascal Siakam (37851401),Onyeka Okongwu (37851459),Tre Jones (37851720),Julius Randle (37851443),Jarrett Allen (37851461),298.59534722222224,391.8441425115037,49500,100.00%,6762,245.53%,0,182.51,$9.82,CHI 2,TOR 1,user27,50,marvalshot,3196,4655040906_27
Jalen Brunson (37851340),Talen Horton-Tucker (37851832),Georges Niang (37851649),Josh Hart (37851385),Onyeka Okongwu (37851459),Tre Jones (37851720),Giannis Antetokounmpo (37851317),Matas Buzelis (37851566),296.71999999999997,391.9,49800,100.00%,758,172.41%,0,208.52999999999997,$6.9,CHI 3,NYK 2,user42,1,marvalshot,17828,4655040907_42
Tre Jones (37851720),Coby White (37851438),Talen Horton-Tucker (37851832),Julius Randle (37851443),Alperen Sengun (37851332),Jalen Brunson (37851340),Matas Buzelis (37851566),Onyeka Okongwu (37851459),297.8132465277778,389.2514262285723,49100,100.00%,2889,211.46%,0,189.68,$8.46,CHI 4,MIN 1,user37,1,marvalshot,17872,4655040908_37
Jevon Carter (37851843),Aaron Nesmith (37851609),Franz Wagner (37851369),Pascal Siakam (37851401),Jarrett Allen (37851461),Talen Horton-Tucker (37851832),Kyle Kuzma (37851449),Giannis Antetokounmpo (37851317),284.38180555555556,381.47218131742886,49900,91.58%,0,36.05%,0,186.01,$1.44,CHI 2,IND 2,user47,1,marvalshot,17931,4655040909_47
Jalen Brunson (37851340),Talen Horton-Tucker (37851832),Dalen Terry (37851785),Giannis Antetokounmpo (37851317),Zach Collins (37851479),Max Strus (37851614),Julius Randle (37851443),Jarrett Allen (37851461),292.96000000000004,390.53000000000003,49800,100.00%,9,107.58%,0,170.43,$4.3,CHI 3,CLE 2,user7,1,marvalshot,17940,4655040910_7
Stephon Castle (37851463),Andrew Nembhard (37851576),Talen Horton-Tucker (37851832),Paolo Banchero (37851362),Jarrett Allen (37851461),Jalen Brunson (37851340),Josh Hart (37851385),Matas Buzelis (37851566),302.04465277777774,388.80016091992036,49800,100.00%,32073,653.48%,0,185.64000000000001,$26.14,CHI 2,NYK 2,user13,1,marvalshot,17995,4655040911_13
Tre Jones (37851720),Anthony Edwards (37851329),Talen Horton-Tucker (37851832),Matas Buzelis (37851566),Julius Randle (37851443),Ty Jerome (37851543),Giannis Antetokounmpo (37851317),Stephon Castle (37851463),293.0,393.38,49900,100.00%,7,107.3%,0,189.03,$4.29,CHI 3,MIN 2,user30,1,marvalshot,18061,4655040912_30
Stephon Castle (37851463),Ja'Kobe Walter (37851749),Max Strus (37851614),Paolo Banchero (37851362),Jarrett Allen (37851461),Tre Jones (37851720),Giannis Antetokounmpo (37851317),Onyeka Okongwu (37851459),300.1296875,396.5050667065294,49800,100.00%,16027,370.82%,0,174.04,$14.83,CLE 2,SAS 1,user,1,marvalshot,3911,4655040913
Tre Jones (37851720),Anthony Edwards (37851329),Talen Horton-Tucker (37851832),Pascal Siakam (37851401),Alperen Sengun (37851332),Stephon Castle (37851463),Dalen Terry (37851785),Darius Garland (37851392),290.72404513888887,385.77604435189176,50000,99.98%,3,83.16%,0,149.65,$3.33,CHI 3,MIN 1,user34,1,marvalshot,18163,4655040914_34
Tre Jones (37851720),Aaron Nesmith (37851609),Franz Wagner (37851369),Julius Randle (37851443),Giannis Antetokounmpo (37851317),Stephon Castle (37851463),Coby White (37851438),Talen Horton-Tucker (37851832),288.74100694444445,384.30756319410943,50000,99.95%,0,63.66%,0,188.25,$2.55,CHI 3,IND 1,user37,1,marvalshot,18215,4655040915_37
Scottie Barnes (37851372),Talen Horton-Tucker (37851832),Franz Wagner (37851369),Pascal Siakam (37851401),Onyeka Okongwu (37851459),Tre Jones (37851720),Julius Randle (37851443),Jarrett Allen (37851461),298.59534722222224,391.8441425115037,49500,100.00%,6762,245.53%,0,182.51,$9.82,CHI 2,TOR 1,user28,50,marvalshot,3196,4655040906_28
Tre Jones (37851720),Talen Horton-Tucker (37851832),Max Strus (37851614),Julius Randle (37851443),Onyeka Okongwu (37851459),Jalen Brunson (37851340),Giannis Antetokounmpo (37851317),Nic Claxton (37851494),296.71999999999997,396.29999999999995,49900,100.00%,715,170.91%,0,188.39000000000001,$6.84,CHI 2,CLE 1,user27,1,marvalshot,17814,4655040907_27
Tre Jones (37851720),Devin Vassell (37851496),Georges Niang (37851649),Giannis Antetokounmpo (37851317),Alperen Sengun (37851332),Talen Horton-Tucker (37851832),Julius Randle (37851443),Onyeka Okongwu (37851459),297.76324652777777,397.23142622857233,49800,100.00%,2844,210.44%,0,189.19,$8.42,CHI 2,ATL 2,user48,1,marvalshot,17883,4655040908_48
Tre Jones (37851720),Aaron Nesmith (37851609),Franz Wagner (37851369),Pascal Siakam (37851401),Onyeka Okongwu (37851459),Jalen Brunson (37851340),Josh Hart (37851385),Jevon Carter (37851843),284.57180555555556,370.8021813174289,49700,90.97%,0,35.58%,0,167.46,$1.42,CHI 2,IND 2,user6,1,marvalshot,17890,4655040909_6
Damian Lillard (37851334),Caris LeVert (37851534),Talen Horton-Tucker (37851832),Julius Randle (37851443),Onyeka Okongwu (37851459),Tre Jones (37851720),Matas Buzelis (37851566),Giannis Antetokounmpo (37851317),293.05,390.5,49800,100.00%,1,107.27%,0,199.95,$4.29,CHI 3,MIL 2,user45,1,marvalshot,17978,4655040910_45
Tre Jones (37851720),Andrew Nembhard (37851576),Talen Horton-Tucker (37851832),Paolo Banchero (37851362),Dean Wade (37851816),Jalen Brunson (37851340),Coby White (37851438),Giannis Antetokounmpo (37851317),302.27465277777776,396.3301609199204,50000,100.00%,34546,644.87%,0,177.86,$25.79,CHI 3,IND 1,user38,1,marvalshot,18020,4655040911_38
Tre Jones (37851720),Stephon Castle (37851463),OG Anunoby (37851472),Matas Buzelis (37851566),Onyeka Okongwu (37851459),Donovan Mitchell (37851343),Talen Horton-Tucker (37851832),Giannis Antetokounmpo (37851317),292.96,391.63,50000,100.00%,7,107.01%,0,187.83999999999997,$4.28,CHI 3,SAS 1,user6,1,marvalshot,18037,4655040912_6
Donovan Mitchell (37851343),Ja'Kobe Walter (37851749),Talen Horton-Tucker (37851832),Paolo Banchero (37851362),Julius Randle (37851443),Jalen Brunson (37851340),Max Strus (37851614),Onyeka Okongwu (37851459),300.2596875,390.3950667065294,49900,100.00%,16579,370.66%,0,175.07999999999998,$14.83,CLE 2,TOR 1,user39,1,marvalshot,18119,4655040913_39
Trae Young (37851321),Max Strus (37851614),Talen Horton-Tucker (37851832),Pascal Siakam (37851401),Alperen Sengun (37851332),Tre Jones (37851720),Julius Randle (37851443),Andre Drummond (37851556),290.5540451388889,386.2660443518918,49600,99.98%,3,81.04%,0,151.55,$3.24,CHI 2,ATL 1,user1,1,marvalshot,18130,4655040914_1
Darius Garland (37851392),Aaron Nesmith (37851609),Franz Wagner (37851369),Julius Randle (37851443),Giannis Antetokounmpo (37851317),Tre Jones (37851720),Caris LeVert (37851534),Talen Horton-Tucker (37851832),288.7710069444445,386.11756319410944,50000,99.97%,0,63.51%,0,200.92,$2.54,CHI 2,CLE 1,user8,1,marvalshot,18186,4655040915_8
Scottie Barnes (37851372),Talen Horton-Tucker (37851832),Franz Wagner (37851369),Pascal Siakam (37851401),Onyeka Okongwu (37851459),Tre Jones (37851720),Julius Randle (37851443),Jarrett Allen (37851461),298.59534722222224,391.8441425115037,49500,100.00%,6762,245.53%,0,182.51,$9.82,CHI 2,TOR 1,user29,50,marvalshot,3196,4655040906_29
Tre Jones (37851720),De'Aaron Fox (37851365),Max Strus (37851614),Giannis Antetokounmpo (37851317),Onyeka Okongwu (37851459),Talen Horton-Tucker (37851832),Julius Randle (37851443),Jarrett Allen (37851461),296.54,395.59000000000003,49800,100.00%,693,165.95%,0,193.0,$6.64,CHI 2,CLE 2,user5,1,marvalshot,17793,4655040907_5
Tre Jones (37851720),Talen Horton-Tucker (37851832),Coby White (37851438),Julius Randle (37851443),Alperen Sengun (37851332),Anthony Edwards (37851329),Matas Buzelis (37851566),Onyeka Okongwu (37851459),297.59324652777775,389.1714262285723,49600,100.00%,2774,205.68%,0,177.16000000000003,$8.23,CHI 4,MIN 2,user45,1,marvalshot,17880,4655040908_45
Jevon Carter (37851843),Aaron Nesmith (37851609),Franz Wagner (37851369),Pascal Siakam (37851401),Onyeka Okongwu (37851459),Talen Horton-Tucker (37851832),Giannis Antetokounmpo (37851317),Quentin Grimes (37851476),284.39180555555555,380.0821813174289,49600,91.14%,0,35.48%,0,180.05,$1.42,CHI 2,IND 2,user38,1,marvalshot,17922,4655040909_38
Tre Jones (37851720),Jevon Carter (37851843),Caris LeVert (37851534),Matas Buzelis (37851566),Julius Randle (37851443),Anthony Edwards (37851329),Giannis Antetokounmpo (37851317),Onyeka Okongwu (37851459),292.98,389.88,50000,100.00%,6,107.27%,0,196.25,$4.29,CHI 3,ATL 2,user41,1,marvalshot,17974,4655040910_41
Jalen Brunson (37851340),Andrew Nembhard (37851576),De'Andre Hunter (37851523),Paolo Banchero (37851362),Jarrett Allen (37851461),Stephon Castle (37851463),Julius Randle (37851443),Tre Jones (37851720),301.8846527777778,390.2801609199204,49800,100.00%,30573,639.21%,0,164.26,$25.57,CLE 2,NYK 1,user48,1,marvalshot,18030,4655040911_48
Tre Jones (37851720),Jevon Carter (37851843),Talen Horton-Tucker (37851832),Giannis Antetokounmpo (37851317),Zach Collins (37851479),Darius Garland (37851392),Kyle Kuzma (37851449),Jalen Brunson (37851340),292.88,391.90999999999997,50000,100.00%,8,106.68%,0,205.46,$4.27,CHI 4,MIL 2,user26,1,marvalshot,18057,4655040912_26
Donovan Mitchell (37851343),Ja'Kobe Walter (37851749),Talen Horton-Tucker (37851832),Paolo Banchero (37851362),Jarrett Allen (37851461),Tre Jones (37851720),Giannis Antetokounmpo (37851317),Matas Buzelis (37851566),300.3896875,399.99506670652937,49700,100.00%,17041,369.99%,0,210.25,$14.8,CHI 3,CLE 2,user24,1,marvalshot,18104,4655040913_24
Jevon Carter (37851843),Talen Horton-Tucker (37851832),Paul George (37851397),Pascal Siakam (37851401),Alperen Sengun (37851332),Jalen Brunson (37851340),Max Strus (37851614),Onyeka Okongwu (37851459),290.2440451388889,380.6760443518918,49800,99.98%,0,78.03%,0,159.3,$3.12,CHI 2,PHI 1,user26,1,marvalshot,18155,4655040914_26
Stephon Castle (37851463),Aaron Nesmith (37851609),Franz Wagner (37851369),Giannis Antetokounmpo (37851317),Julius Randle (37851443),Tre Jones (37851720),Kyle Kuzma (37851449),Talen Horton-Tucker (37851832),288.53100694444447,383.6975631941094,49700,99.94%,0,61.62%,0,192.05,$2.46,MIL 2,CHI 2,user49,1,marvalshot,18227,4655040915_49
Scottie Barnes (37851372),Talen Horton-Tucker (37851832),Franz Wagner (37851369),Pascal Siakam (37851401),Onyeka Okongwu (37851459),Tre Jones (37851720),Julius Randle (37851443),Jarrett Allen (37851461),298.59534722222224,391.8441425115037,49500,100.00%,6762,245.53%,0,182.51,$9.82,CHI 2,TOR 1,user30,50,marvalshot,3196,4655040906_30
Tre Jones (37851720),Anthony Edwards (37851329),Josh Hart (37851385),Julius Randle (37851443),Onyeka Okongwu (37851459),Jalen Brunson (37851340),Talen Horton-Tucker (37851832),Jalen Smith (37851692),296.39,389.51,49700,100.00%,781,165.89%,0,178.24,$6.64,CHI 3,MIN 2,user46,1,marvalshot,17832,4655040907_46
Tre Jones (37851720),Talen Horton-Tucker (37851832),Caris LeVert (37851534),Matas Buzelis (37851566),Alperen Sengun (37851332),Coby White (37851438),Giannis Antetokounmpo (37851317),Onyeka Okongwu (37851459),297.58324652777776,397.5414262285723,50000,100.00%,2598,205.06%,0,186.88,$8.2,CHI 4,ATL 2,user9,1,marvalshot,17844,4655040908_9
D'Angelo Russell (37851518),Aaron Nesmith (37851609),Franz Wagner (37851369),Pascal Siakam (37851401),Jarrett Allen (37851461),Tre Jones (37851720),Talen Horton-Tucker (37851832),Giannis Antetokounmpo (37851317),284.3018055555556,384.2521813174289,49700,90.51%,0,34.43%,0,175.02999999999997,$1.38,IND 2,CHI 2,user46,1,marvalshot,17930,4655040909_46
Jalen Brunson (37851340),Donte DiVincenzo (37851505),Talen Horton-Tucker (37851832),Zaccharie Risacher (37851569),Onyeka Okongwu (37851459),Tre Jones (37851720),Julius Randle (37851443),Giannis Antetokounmpo (37851317),293.03999999999996,390.73999999999995,50000,100.00%,2,107.25%,0,180.35,$4.29,MIN 2,CHI 2,user11,1,marvalshot,17944,4655040910_11
Jalen Brunson (37851340),Andrew Nembhard (37851576),Devin Vassell (37851496),Paolo Banchero (37851362),Jarrett Allen (37851461),Talen Horton-Tucker (37851832),Julius Randle (37851443),Coby White (37851438),301.95465277777777,389.2601609199204,50000,100.00%,31144,637.1%,0,169.22,$25.48,CHI 2,NYK 1,user20,1,marvalshot,18002,4655040911_20
Tre Jones (37851720),Max Strus (37851614),Talen Horton-Tucker (37851832),Julius Randle (37851443),Jalen Smith (37851692),Trae Young (37851321),Giannis Antetokounmpo (37851317),Jarrett Allen (37851461),292.88,395.86,49400,100.00%,4,106.1%,0,187.60000000000002,$4.24,CHI 3,CLE 2,user40,1,marvalshot,18071,4655040912_40
Tre Jones (37851720),Ja'Kobe Walter (37851749),Josh Hart (37851385),Paolo Banchero (37851362),Giannis Antetokounmpo (37851317),Talen Horton-Tucker (37851832),Matas Buzelis (37851566),Darius Garland (37851392),300.1896875,393.2950667065294,50000,100.00%,15536,355.64%,0,211.23000000000002,$14.23,CHI 3,TOR 1,user20,1,marvalshot,18100,4655040913_20
Tre Jones (37851720),Caris LeVert (37851534),Kyle Kuzma (37851449),Pascal Siakam (37851401),Alperen Sengun (37851332),Talen Horton-Tucker (37851832),Dalen Terry (37851785),Giannis Antetokounmpo (37851317),290.2440451388889,389.3360443518918,49600,99.98%,1,77.59%,0,160.75,$3.1,CHI 3,MIL 2,user29,1,marvalshot,18158,4655040914_29
Jalen Brunson (37851340),Aaron Nesmith (37851609),Franz Wagner (37851369),Georges Niang (37851649),Zach Collins (37851479),Tre Jones (37851720),Giannis Antetokounmpo (37851317),Talen Horton-Tucker (37851832),288.4010069444444,384.6575631941094,49800,99.87%,0,61.57%,0,184.06,$2.46,CHI 3,NYK 1,user43,1,marvalshot,18221,4655040915_43
Scottie Barnes (37851372),Talen Horton-Tucker (37851832),Franz Wagner (37851369),Pascal Siakam (37851401),Onyeka Okongwu (37851459),Tre Jones (37851720),Julius Randle (37851443),Jarrett Allen (37851461),298.59534722222224,391.8441425115037,49500,100.00%,6762,245.53%,0,182.51,$9.82,CHI 2,TOR 1,user31,50,marvalshot,3196,4655040906_31
Tre Jones (37851720),Donovan Mitchell (37851343),Talen Horton-Tucker (37851832),Matas Buzelis (37851566),Giannis Antetokounmpo (37851317),Devin Vassell (37851496),Julius Randle (37851443),Onyeka Okongwu (37851459),296.44,396.14,49900,100.00%,554,164.55%,0,199.7,$6.58,CHI 3,CLE 1,user19,2,marvalshot,13098,4655040907_19
Jalen Brunson (37851340),Brandin Podziemski (37851483),Kyle Kuzma (37851449),Julius Randle (37851443),Alperen Sengun (37851332),Tre Jones (37851720),Talen Horton-Tucker (37851832),Jarrett Allen (37851461),297.50324652777783,390.1714262285724,50000,100.00%,2953,205.0%,0,181.26,$8.2,CHI 2,NYK 1,user40,1,marvalshot,17875,4655040908_40
Darius Garland (37851392),Aaron Nesmith (37851609),Franz Wagner (37851369),Pascal Siakam (37851401),Onyeka Okongwu (37851459),Tre Jones (37851720),Talen Horton-Tucker (37851832),Damian Lillard (37851334),284.35180555555553,375.13218131742883,49800,89.40%,0,32.94%,0,163.0,$1.32,IND 2,CHI 2,user19,1,marvalshot,17903,4655040909_19
Tre Jones (37851720),Quentin Grimes (37851476),Devin Vassell (37851496),Julius Randle (37851443),Jarrett Allen (37851461),Darius Garland (37851392),Talen Horton-Tucker (37851832),Giannis Antetokounmpo (37851317),292.91999999999996,390.84,50000,100.00%,3,106.5%,0,200.98000000000002,$4.26,CHI 2,CLE 2,user24,1,marvalshot,17957,4655040910_24
Ty Jerome (37851543),Andrew Nembhard (37851576),Kyle Kuzma (37851449),Paolo Banchero (37851362),Onyeka Okongwu (37851459),Anthony Edwards (37851329),Talen Horton-Tucker (37851832),Julius Randle (37851443),301.85465277777774,391.55016091992036,49700,100.00%,30383,619.95%,0,149.42000000000002,$24.8,MIN 2,CLE 1,user42,1,marvalshot,18024,4655040911_42
Tre Jones (37851720),Talen Horton-Tucker (37851832),Kyle Kuzma (37851449),Georges Niang (37851649),Giannis Antetokounmpo (37851317),Trae Young (37851321),Matas Buzelis (37851566),Onyeka Okongwu (37851459),292.9,390.03,49600,100.00%,3,105.92%,0,189.72,$4.24,CHI 3,ATL 3,user8,1,marvalshot,18039,4655040912_8
Jalen Brunson (37851340),Ja'Kobe Walter (37851749),Max Strus (37851614),Paolo Banchero (37851362),Giannis Antetokounmpo (37851317),Talen Horton-Tucker (37851832),Coby White (37851438),Tre Jones (37851720),300.1496875,393.92506670652944,50000,100.00%,15143,348.4%,0,189.01,$13.94,CHI 3,NYK 1,user2,1,marvalshot,18082,4655040913_2
Tre Jones (37851720),Caris LeVert (37851534),Talen Horton-Tucker (37851832),Pascal Siakam (37851401),Alperen Sengun (37851332),D'Angelo Russell (37851518),Giannis Antetokounmpo (37851317),Matas Buzelis (37851566),290.13404513888884,391.5560443518917,49900,99.99%,0,76.55%,0,174.63,$3.06,CHI 3,ATL 1,user2,1,marvalshot,18131,4655040914_2
Trae Young (37851321),Aaron Nesmith (37851609),Franz Wagner (37851369),Julius Randle (37851443),Onyeka Okongwu (37851459),Tre Jones (37851720),Matas Buzelis (37851566),Stephon Castle (37851463),288.07100694444443,376.5975631941094,50000,99.60%,0,59.95%,0,159.97,$2.4,ATL 2,CHI 2,user45,1,marvalshot,18223,4655040915_45
Scottie Barnes (37851372),Talen Horton-Tucker (37851832),Franz Wagner (37851369),Pascal Siakam (37851401),Onyeka Okongwu (37851459),Tre Jones (37851720),Julius Randle (37851443),Jarrett Allen (37851461),298.59534722222224,391.8441425115037,49500,100.00%,6762,245.53%,0,182.51,$9.82,CHI 2,TOR 1,user32,50,marvalshot,3196,4655040906_32
Tre Jones (37851720),Max Strus (37851614),De'Andre Hunter (37851523),Julius Randle (37851443),Onyeka Okongwu (37851459),Jalen Brunson (37851340),Giannis Antetokounmpo (37851317),Talen Horton-Tucker (37851832),296.47999999999996,393.59,49500,100.00%,470,164.17%,0,189.96999999999997,$6.57,CHI 2,CLE 2,user47,1,marvalshot,17833,4655040907_47
Jalen Brunson (37851340),Jevon Carter (37851843),Georges Niang (37851649),Giannis Antetokounmpo (37851317),Alperen Sengun (37851332),Tre Jones (37851720),Talen Horton-Tucker (37851832),Julius Randle (37851443),297.6232465277778,398.0414262285723,50000,100.00%,2374,204.19%,0,221.53,$8.17,CHI 3,NYK 1,user13,1,marvalshot,17848,4655040908_13
Darius Garland (37851392),Aaron Nesmith (37851609),Franz Wagner (37851369),Pascal Siakam (37851401),Giannis Antetokounmpo (37851317),Talen Horton-Tucker (37851832),Matas Buzelis (37851566),Dalen Terry (37851785),284.10180555555553,379.66218131742886,49900,88.91%,0,31.7%,0,166.67,$1.27,CHI 3,IND 2,user48,1,marvalshot,17932,4655040909_48
Tre Jones (37851720),Coby White (37851438),Talen Horton-Tucker (37851832),Giannis Antetokounmpo (37851317),Zach Collins (37851479),Jalen Brunson (37851340),Dalen Terry (37851785),Julius Randle (37851443),292.81,389.27,49600,100.00%,1,105.05%,0,175.04,$4.2,CHI 5,MIL 1,user9,1,marvalshot,17942,4655040910_9
De'Aaron Fox (37851365),Andrew Nembhard (37851576),Coby White (37851438),Paolo Banchero (37851362),Jarrett Allen (37851461),Tre Jones (37851720),Talen Horton-Tucker (37851832),Jalen Brunson (37851340),301.9646527777778,391.19016091992046,50000,100.00%,31406,619.92%,0,172.87,$24.8,CHI 3,SAS 1,user22,1,marvalshot,18004,4655040911_22
D'Angelo Russell (37851518),Talen Horton-Tucker (37851832),Kyle Kuzma (37851449),Matas Buzelis (37851566),Julius Randle (37851443),Tre Jones (37851720),Giannis Antetokounmpo (37851317),Jalen Brunson (37851340),292.87,389.88,49900,100.00%,3,105.48%,0,198.86,$4.22,CHI 3,MIL 2,user28,1,marvalshot,18059,4655040912_28
Jalen Brunson (37851340),Ja'Kobe Walter (37851749),Dalen Terry (37851785),Paolo Banchero (37851362),Jarrett Allen (37851461),Tre Jones (37851720),Matas Buzelis (37851566),Giannis Antetokounmpo (37851317),299.8796875,394.8950667065294,50000,100.00%,13967,345.51%,0,181.17000000000002,$13.82,CHI 3,NYK 1,user40,1,marvalshot,18120,4655040913_40
Tre Jones (37851720),Mikal Bridges (37851487),Zaccharie Risacher (37851569),Pascal Siakam (37851401),Alperen Sengun (37851332),Talen Horton-Tucker (37851832),Matas Buzelis (37851566),Giannis Antetokounmpo (37851317),290.0740451388889,385.5360443518918,50000,99.97%,0,75.93%,0,163.42000000000002,$3.04,CHI 3,NYK 1,user46,1,marvalshot,18175,4655040914_46
Tre Jones (37851720),Aaron Nesmith (37851609),Franz Wagner (37851369),Julius Randle (37851443),Jarrett Allen (37851461),Ty Jerome (37851543),Matas Buzelis (37851566),Giannis Antetokounmpo (37851317),288.0810069444444,385.6875631941094,50000,99.74%,0,59.77%,0,177.17,$2.39,CHI 2,CLE 2,user12,1,marvalshot,18190,4655040915_12
Scottie Barnes (37851372),Talen Horton-Tucker (37851832),Franz Wagner (37851369),Pascal Siakam (37851401),Onyeka Okongwu (37851459),Tre Jones (37851720),Julius Randle (37851443),Jarrett Allen (37851461),298.59534722222224,391.8441425115037,49500,100.00%,6762,245.53%,0,182.51,$9.82,CHI 2,TOR 1,user33,50,marvalshot,3196,4655040906_33
Darius Garland (37851392),Stephon Castle (37851463),Talen Horton-Tucker (37851832),Matas Buzelis (37851566),Giannis Antetokounmpo (37851317),Tre Jones (37851720),Julius Randle (37851443),Onyeka Okongwu (37851459),296.4,395.72999999999996,49200,100.00%,414,161.84%,0,214.74,$6.47,CHI 3,CLE 1,user24,1,marvalshot,17811,4655040907_24
Tre Jones (37851720),Mikal Bridges (37851487),Talen Horton-Tucker (37851832),Kyle Kuzma (37851449),Alperen Sengun (37851332),Jalen Brunson (37851340),Julius Randle (37851443),Jarrett Allen (37851461),297.4832465277778,387.70142622857236,50000,100.00%,2819,203.6%,0,178.5,$8.14,CHI 2,NYK 2,user6,1,marvalshot,17841,4655040908_6
Donte DiVincenzo (37851505),Aaron Nesmith (37851609),Franz Wagner (37851369),Pascal Siakam (37851401),Onyeka Okongwu (37851459),Stephon Castle (37851463),Talen Horton-Tucker (37851832),Jalen Brunson (37851340),284.2418055555556,374.2421813174289,49800,88.38%,0,31.38%,0,142.32,$1.26,IND 2,MIN 1,user32,1,marvalshot,17916,4655040909_32
Tre Jones (37851720),Anthony Edwards (37851329),Devin Vassell (37851496),Kyle Kuzma (37851449),Jarrett Allen (37851461),Talen Horton-Tucker (37851832),Julius Randle (37851443),Jalen Brunson (37851340),292.78,383.13,49900,100.00%,5,105.05%,0,179.19,$4.2,CHI 2,MIN 2,user22,1,marvalshot,17955,4655040910_22
Trae Young (37851321),Andrew Nembhard (37851576),Talen Horton-Tucker (37851832),Paolo Banchero (37851362),Julius Randle (37851443),Jalen Brunson (37851340),Dalen Terry (37851785),Matas Buzelis (37851566),301.90465277777776,389.07016091992034,49800,100.00%,30725,610.54%,0,167.52,$24.42,CHI 3,ATL 1,user39,1,marvalshot,18021,4655040911_39
Tre Jones (37851720),Kelly Oubre Jr. (37851433),De'Andre Hunter (37851523),Giannis Antetokounmpo (37851317),Julius Randle (37851443),Jalen Brunson (37851340),Matas Buzelis (37851566),Talen Horton-Tucker (37851832),292.83,385.85999999999996,49900,100.00%,1,105.13%,0,188.99,$4.21,CHI 3,PHI 1,user7,1,marvalshot,18038,4655040912_7
Tre Jones (37851720),Ja'Kobe Walter (37851749),Kyle Kuzma (37851449),Paolo Banchero (37851362),Giannis Antetokounmpo (37851317),Talen Horton-Tucker (37851832),Julius Randle (37851443),Jarrett Allen (37851461),300.11968750000005,395.64506670652946,49100,100.00%,14240,338.96%,0,208.31,$13.56,CHI 2,MIL 2,user48,1,marvalshot,18128,4655040913_48
Darius Garland (37851392),Talen Horton-Tucker (37851832),Keldon Johnson (37851583),Pascal Siakam (37851401),Alperen Sengun (37851332),Tre Jones (37851720),Giannis Antetokounmpo (37851317),Jevon Carter (37851843),290.0640451388889,393.0260443518918,49900,99.98%,1,75.58%,0,192.64999999999998,$3.02,CHI 3,CLE 1,user9,1,marvalshot,18138,4655040914_9
Jalen Brunson (37851340),Aaron Nesmith (37851609),Franz Wagner (37851369),Giannis Antetokounmpo (37851317),Onyeka Okongwu (37851459),Lonnie Walker IV (37851827),Talen Horton-Tucker (37851832),Matas Buzelis (37851566),288.1110069444444,384.2375631941094,49900,99.74%,0,59.76%,0,170.76999999999998,$2.39,CHI 2,NYK 1,user11,1,marvalshot,18189,4655040915_11
Scottie Barnes (37851372),Talen Horton-Tucker (37851832),Franz Wagner (37851369),Pascal Siakam (37851401),Onyeka Okongwu (37851459),Tre Jones (37851720),Julius Randle (37851443),Jarrett Allen (37851461),298.59534722222224,391.8441425115037,49500,100.00%,6762,245.53%,0,182.51,$9.82,CHI 2,TOR 1,user34,50,marvalshot,3196,4655040906_34
Tre Jones (37851720),Talen Horton-Tucker (37851832),Kyle Kuzma (37851449),Giannis Antetokounmpo (37851317),Onyeka Okongwu (37851459),Darius Garland (37851392),De'Andre Hunter (37851523),Julius Randle (37851443),296.29999999999995,394.4699999999999,50000,100.00%,532,161.31%,0,189.55,$6.45,CHI 2,MIL 2,user33,1,marvalshot,17820,4655040907_33
Jalen Brunson (37851340),Caris LeVert (37851534),Talen Horton-Tucker (37851832),Matas Buzelis (37851566),Alperen Sengun (37851332),Tre Jones (37851720),Giannis Antetokounmpo (37851317),Jalen Smith (37851692),297.40324652777775,401.8514262285723,50000,100.00%,2292,200.18%,0,191.98000000000002,$8.01,CHI 4,NYK 1,user,1,marvalshot,8126,4655040908
Tre Jones (37851720),Aaron Nesmith (37851609),Franz Wagner (37851369),Pascal Siakam (37851401),Onyeka Okongwu (37851459),Quentin Grimes (37851476),Paul George (37851397),Julius Randle (37851443),284.2518055555555,367.68218131742884,49900,88.19%,0,30.96%,0,138.85,$1.24,IND 2,PHI 2,user28,1,marvalshot,17912,4655040909_28
Stephon Castle (37851463),Anthony Edwards (37851329),Talen Horton-Tucker (37851832),Julius Randle (37851443),Jalen Smith (37851692),Tre Jones (37851720),Mikal Bridges (37851487),Giannis Antetokounmpo (37851317),292.61,391.87,50000,100.00%,4,103.12%,0,172.11,$4.12,CHI 3,MIN 2,user30,1,marvalshot,17963,4655040910_30
Darius Garland (37851392),Andrew Nembhard (37851576),Talen Horton-Tucker (37851832),Paolo Banchero (37851362),Julius Randle (37851443),Anthony Edwards (37851329),Georges Niang (37851649),Jarrett Allen (37851461),301.7846527777778,391.47016091992043,50000,100.00%,29740,595.38%,0,180.02,$23.82,CLE 2,MIN 2,user34,1,marvalshot,18016,4655040911_34
Tre Jones (37851720),Stephon Castle (37851463),Talen Horton-Tucker (37851832),De'Andre Hunter (37851523),Jarrett Allen (37851461),Darius Garland (37851392),Julius Randle (37851443),Giannis Antetokounmpo (37851317),292.79999999999995,393.65,49800,100.00%,2,105.02%,0,199.42,$4.2,CLE 3,CHI 2,user2,1,marvalshot,18033,4655040912_2
Jalen Brunson (37851340),Ja'Kobe Walter (37851749),Talen Horton-Tucker (37851832),Paolo Banchero (37851362),Onyeka Okongwu (37851459),Darius Garland (37851392),Kyle Kuzma (37851449),Zach Collins (37851479),299.64968749999997,388.9250667065294,50000,100.00%,13131,337.46%,0,162.19,$13.5,CHI 2,NYK 1,user11,1,marvalshot,18091,4655040913_11
Jevon Carter (37851843),Talen Horton-Tucker (37851832),Devin Vassell (37851496),Pascal Siakam (37851401),Alperen Sengun (37851332),Tre Jones (37851720),Giannis Antetokounmpo (37851317),Zach Collins (37851479),290.03404513888887,390.1160443518918,49400,99.98%,0,75.33%,0,178.57999999999998,$3.01,CHI 4,SAS 1,user39,1,marvalshot,18168,4655040914_39
Tre Jones (37851720),Aaron Nesmith (37851609),Franz Wagner (37851369),Jeremy Sochan (37851514),Onyeka Okongwu (37851459),Talen Horton-Tucker (37851832),Giannis Antetokounmpo (37851317),Darius Garland (37851392),288.13100694444444,387.2375631941094,50000,99.82%,0,59.73%,0,180.47,$2.39,CHI 2,IND 1,user7,1,marvalshot,18185,4655040915_7
Scottie Barnes (37851372),Talen Horton-Tucker (37851832),Franz Wagner (37851369),Pascal Siakam (37851401),Onyeka Okongwu (37851459),Tre Jones (37851720),Julius Randle (37851443),Jarrett Allen (37851461),298.59534722222224,391.8441425115037,49500,100.00%,6762,245.53%,0,182.51,$9.82,CHI 2,TOR 1,user35,50,marvalshot,3196,4655040906_35
Tre Jones (37851720),De'Aaron Fox (37851365),Talen Horton-Tucker (37851832),Matas Buzelis (37851566),Onyeka Okongwu (37851459),Stephon Castle (37851463),Julius Randle (37851443),Giannis Antetokounmpo (37851317),296.34,394.71999999999997,49900,100.00%,405,160.78%,0,198.26999999999998,$6.43,CHI 3,SAS 2,user28,1,marvalshot,17815,4655040907_28
Jalen Brunson (37851340),Anthony Edwards (37851329),Talen Horton-Tucker (37851832),Matas Buzelis (37851566),Alperen Sengun (37851332),Tre Jones (37851720),Julius Randle (37851443),Jalen Smith (37851692),297.4132465277778,393.48142622857233,49600,100.00%,2291,199.51%,0,182.26,$7.98,CHI 4,MIN 2,user34,1,marvalshot,17869,4655040908_34
Tre Jones (37851720),Aaron Nesmith (37851609),Franz Wagner (37851369),Pascal Siakam (37851401),Jalen Smith (37851692),Max Strus (37851614),Giannis Antetokounmpo (37851317),Jarrett Allen (37851461),284.16180555555553,383.0821813174289,49500,88.08%,0,30.87%,0,151.59,$1.23,CHI 2,IND 2,user12,1,marvalshot,17896,4655040909_12
Tre Jones (37851720),Anthony Edwards (37851329),Georges Niang (37851649),Giannis Antetokounmpo (37851317),Jarrett Allen (37851461),Jevon Carter (37851843),Talen Horton-Tucker (37851832),Jalen Brunson (37851340),292.56000000000006,393.1500000000001,49900,100.00%,2,102.62%,0,216.21,$4.1,CHI 3,MIN 1,user33,1,marvalshot,17966,4655040910_33
Ty Jerome (37851543),Andrew Nembhard (37851576),Talen Horton-Tucker (37851832),Paolo Banchero (37851362),Julius Randle (37851443),Stephon Castle (37851463),Matas Buzelis (37851566),Giannis Antetokounmpo (37851317),301.96465277777776,398.9001609199204,49700,100.00%,31558,592.65%,0,182.86,$23.71,CHI 2,CLE 1,user47,1,marvalshot,18029,4655040911_47
Tre Jones (37851720),Stephon Castle (37851463),Talen Horton-Tucker (37851832),Giannis Antetokounmpo (37851317),Onyeka Okongwu (37851459),Jevon Carter (37851843),Kyle Kuzma (37851449),Trae Young (37851321),292.75,393.24,50000,100.00%,3,104.62%,0,196.16,$4.18,CHI 3,MIL 2,user47,1,marvalshot,18078,4655040912_47
Donovan Mitchell (37851343),Ja'Kobe Walter (37851749),Max Strus (37851614),Paolo Banchero (37851362),Onyeka Okongwu (37851459),Tre Jones (37851720),Giannis Antetokounmpo (37851317),Talen Horton-Tucker (37851832),299.9896875,398.1550667065294,49500,100.00%,13880,333.87%,0,189.75,$13.35,CLE 2,CHI 2,user35,1,marvalshot,18115,4655040913_35
Tre Jones (37851720),Kelly Oubre Jr. (37851433),Max Strus (37851614),Pascal Siakam (37851401),Alperen Sengun (37851332),Donovan Mitchell (37851343),Talen Horton-Tucker (37851832),Julius Randle (37851443),289.9540451388889,380.38604435189177,49700,99.96%,0,75.17%,0,154.69,$3.01,CHI 2,CLE 2,user30,1,marvalshot,18159,4655040914_30
Darius Garland (37851392),Aaron Nesmith (37851609),Franz Wagner (37851369),Giannis Antetokounmpo (37851317),Onyeka Okongwu (37851459),Ty Jerome (37851543),Talen Horton-Tucker (37851832),Tre Jones (37851720),288.1410069444444,389.2875631941094,49600,99.83%,0,59.68%,0,180.17,$2.39,CLE 2,CHI 2,user44,1,marvalshot,18222,4655040915_44
Scottie Barnes (37851372),Talen Horton-Tucker (37851832),Franz Wagner (37851369),Pascal Siakam (37851401),Onyeka Okongwu (37851459),Tre Jones (37851720),Julius Randle (37851443),Jarrett Allen (37851461),298.59534722222224,391.8441425115037,49500,100.00%,6762,245.53%,0,182.51,$9.82,CHI 2,TOR 1,user36,50,marvalshot,3196,4655040906_36
Tre Jones (37851720),Anthony Edwards (37851329),Max Strus (37851614),Giannis Antetokounmpo (37851317),Onyeka Okongwu (37851459),Talen Horton-Tucker (37851832),De'Andre Hunter (37851523),Julius Randle (37851443),296.26,393.51,50000,100.00%,521,160.74%,0,177.45,$6.43,CHI 2,MIN 2,user29,1,marvalshot,17816,4655040907_29
Trae Young (37851321),Talen Horton-Tucker (37851832),Kyle Kuzma (37851449),Matas Buzelis (37851566),Alperen Sengun (37851332),Tre Jones (37851720),Julius Randle (37851443),Jarrett Allen (37851461),297.3332465277778,390.7414262285723,50000,100.00%,2561,199.22%,0,186.74,$7.97,CHI 3,ATL 1,user1,1,marvalshot,17836,4655040908_1
Ty Jerome (37851543),Aaron Nesmith (37851609),Franz Wagner (37851369),Pascal Siakam (37851401),Julius Randle (37851443),Talen Horton-Tucker (37851832),Georges Niang (37851649),Giannis Antetokounmpo (37851317),284.01180555555555,381.53218131742886,50000,88.32%,0,30.83%,0,162.58,$1.23,IND 2,CLE 1,user7,1,marvalshot,17891,4655040909_7
Stephon Castle (37851463),Talen Horton-Tucker (37851832),Josh Hart (37851385),Julius Randle (37851443),Giannis Antetokounmpo (37851317),Max Strus (37851614),Matas Buzelis (37851566),Jarrett Allen (37851461),292.5,386.73,50000,100.00%,5,101.92%,0,197.29999999999998,$4.08,CHI 2,CLE 2,user49,1,marvalshot,17982,4655040910_49
Trae Young (37851321),Andrew Nembhard (37851576),Coby White (37851438),Paolo Banchero (37851362),Onyeka Okongwu (37851459),Talen Horton-Tucker (37851832),Matas Buzelis (37851566),Zach Collins (37851479),301.5546527777778,389.3601609199204,49800,100.00%,27797,568.23%,0,147.02,$22.73,CHI 4,ATL 2,user21,1,marvalshot,18003,4655040911_21
Darius Garland (37851392),Anthony Edwards (37851329),Talen Horton-Tucker (37851832),Matas Buzelis (37851566),Onyeka Okongwu (37851459),Quentin Grimes (37851476),Julius Randle (37851443),Jarrett Allen (37851461),292.72999999999996,383.61999999999995,49700,100.00%,9,104.45%,0,182.76,$4.18,CLE 2,MIN 2,user33,1,marvalshot,18064,4655040912_33
Tre Jones (37851720),Ja'Kobe Walter (37851749),Max Strus (37851614),Paolo Banchero (37851362),Julius Randle (37851443),Donovan Mitchell (37851343),Talen Horton-Tucker (37851832),Giannis Antetokounmpo (37851317),299.9896875,396.6650667065294,49800,100.00%,13451,331.04%,0,199.14,$13.24,CHI 2,CLE 2,user27,1,marvalshot,18107,4655040913_27
Tre Jones (37851720),Talen Horton-Tucker (37851832),Kyle Kuzma (37851449),Pascal Siakam (37851401),Alperen Sengun (37851332),Julian Champagnie (37851710),Matas Buzelis (37851566),Giannis Antetokounmpo (37851317),289.9340451388889,387.3660443518918,49600,99.98%,0,74.51%,0,172.43,$2.98,CHI 3,MIL 2,user13,1,marvalshot,18142,4655040914_13
Tre Jones (37851720),Aaron Nesmith (37851609),Franz Wagner (37851369),Matas Buzelis (37851566),Giannis Antetokounmpo (37851317),Max Strus (37851614),Talen Horton-Tucker (37851832),Trae Young (37851321),287.97100694444447,383.03756319410945,50000,99.79%,0,58.58%,0,185.0,$2.34,CHI 3,IND 1,user28,1,marvalshot,18207,4655040915_28
Scottie Barnes (37851372),Talen Horton-Tucker (37851832),Franz Wagner (37851369),Pascal Siakam (37851401),Onyeka Okongwu (37851459),Tre Jones (37851720),Julius Randle (37851443),Jarrett Allen (37851461),298.59534722222224,391.8441425115037,49500,100.00%,6762,245.53%,0,182.51,$9.82,CHI 2,TOR 1,user37,50,marvalshot,3196,4655040906_37
Tre Jones (37851720),Caris LeVert (37851534),Talen Horton-Tucker (37851832),Giannis Antetokounmpo (37851317),Julius Randle (37851443),Darius Garland (37851392),Kyle Kuzma (37851449),Onyeka Okongwu (37851459),296.28,395.26,49900,100.00%,462,160.45%,0,200.41,$6.42,CHI 2,ATL 2,user44,1,marvalshot,17830,4655040907_44
Jalen Brunson (37851340),Quentin Grimes (37851476),Talen Horton-Tucker (37851832),Julius Randle (37851443),Alperen Sengun (37851332),Tre Jones (37851720),OG Anunoby (37851472),Onyeka Okongwu (37851459),297.38324652777777,386.56142622857226,49900,100.00%,2425,198.81%,0,175.11,$7.95,NYK 2,CHI 2,user49,1,marvalshot,17884,4655040908_49
Darius Garland (37851392),Aaron Nesmith (37851609),Franz Wagner (37851369),Pascal Siakam (37851401),Zach Collins (37851479),Stephon Castle (37851463),Julius Randle (37851443),Tre Jones (37851720),284.13180555555556,372.85218131742886,49900,87.58%,0,30.06%,0,145.9,$1.2,IND 2,CHI 2,user37,1,marvalshot,17921,4655040909_37
Stephon Castle (37851463),Talen Horton-Tucker (37851832),Max Strus (37851614),Julius Randle (37851443),Giannis Antetokounmpo (37851317),Darius Garland (37851392),Matas Buzelis (37851566),Jarrett Allen (37851461),292.43,390.52,49800,100.00%,2,100.94%,0,201.66000000000003,$4.04,CLE 3,CHI 2,user20,1,marvalshot,17953,4655040910_20
Stephon Castle (37851463),Andrew Nembhard (37851576),Josh Hart (37851385),Paolo Banchero (37851362),Andre Drummond (37851556),Tre Jones (37851720),Talen Horton-Tucker (37851832),Giannis Antetokounmpo (37851317),301.76465277777777,398.9901609199204,50000,100.00%,30011,559.74%,0,181.99,$22.39,CHI 2,SAS 1,user26,1,marvalshot,18008,4655040911_26
Donte DiVincenzo (37851505),Max Strus (37851614),Talen Horton-Tucker (37851832),Kyle Kuzma (37851449),Julius Randle (37851443),Tre Jones (37851720),Giannis Antetokounmpo (37851317),Jalen Brunson (37851340),292.74,387.01,49800,100.00%,2,104.29%,0,184.94,$4.17,MIN 2,CHI 2,user14,1,marvalshot,18045,4655040912_14
Tre Jones (37851720),Ja'Kobe Walter (37851749),OG Anunoby (37851472),Paolo Banchero (37851362),Onyeka Okongwu (37851459),Jalen Brunson (37851340),Julius Randle (37851443),Jarrett Allen (37851461),299.69968750000004,385.7550667065294,49600,100.00%,12831,328.99%,0,170.56,$13.16,NYK 2,CHI 1,user15,1,marvalshot,18095,4655040913_15
Tre Jones (37851720),De'Aaron Fox (37851365),Devin Vassell (37851496),Pascal Siakam (37851401),Alperen Sengun (37851332),Stephon Castle (37851463),Talen Horton-Tucker (37851832),Julius Randle (37851443),289.7440451388889,381.8960443518918,50000,99.95%,0,72.96%,0,153.81,$2.92,SAS 3,CHI 2,user48,1,marvalshot,18177,4655040914_48
Tre Jones (37851720),Aaron Nesmith (37851609),Franz Wagner (37851369),Julius Randle (37851443),Jalen Smith (37851692),Jevon Carter (37851843),Giannis Antetokounmpo (37851317),Jalen Brunson (37851340),287.91100694444447,386.79756319410944,50000,99.77%,0,58.51%,0,189.20999999999998,$2.34,CHI 3,IND 1,user1,1,marvalshot,18179,4655040915_1
Scottie Barnes (37851372),Talen Horton-Tucker (37851832),Franz Wagner (37851369),Pascal Siakam (37851401),Onyeka Okongwu (37851459),Tre Jones (37851720),Julius Randle (37851443),Jarrett Allen (37851461),298.59534722222224,391.8441425115037,49500,100.00%,6762,245.53%,0,182.51,$9.82,CHI 2,TOR 1,user38,50,marvalshot,3196,4655040906_38
Tre Jones (37851720),Anthony Edwards (37851329),Max Strus (37851614),Julius Randle (37851443),Giannis Antetokounmpo (37851317),Caris LeVert (37851534),Talen Horton-Tucker (37851832),Onyeka Okongwu (37851459),296.24,394.3,49900,100.00%,486,159.91%,0,188.31,$6.4,CHI 2,MIN 2,user36,1,marvalshot,17822,4655040907_36
Tre Jones (37851720),Talen Horton-Tucker (37851832),Kyle Kuzma (37851449),Julius Randle (37851443),Alperen Sengun (37851332),Anthony Edwards (37851329),Matas Buzelis (37851566),Onyeka Okongwu (37851459),297.38324652777777,388.5614262285723,49300,100.00%,2366,197.32%,0,180.96,$7.89,CHI 3,MIN 2,user39,1,marvalshot,17874,4655040908_39
Stephon Castle (37851463),Aaron Nesmith (37851609),Franz Wagner (37851369),Pascal Siakam (37851401),Giannis Antetokounmpo (37851317),Donte DiVincenzo (37851505),Talen Horton-Tucker (37851832),Tre Jones (37851720),283.9718055555556,380.51218131742894,49700,87.88%,0,30.02%,0,166.38,$1.2,IND 2,CHI 2,user21,1,marvalshot,17905,4655040909_21
Tre Jones (37851720),Donovan Mitchell (37851343),Talen Horton-Tucker (37851832),Julius Randle (37851443),Jarrett Allen (37851461),Quentin Grimes (37851476),Giannis Antetokounmpo (37851317),Jalen Smith (37851692),292.4,396.84,49600,100.00%,3,100.79%,0,194.38,$4.03,CHI 3,CLE 2,user1,1,marvalshot,17934,4655040910_1
Tre Jones (37851720),Andrew Nembhard (37851576),Caris LeVert (37851534),Paolo Banchero (37851362),Jarrett Allen (37851461),Quentin Grimes (37851476),Matas Buzelis (37851566),Giannis Antetokounmpo (37851317),301.53465277777775,394.8901609199204,50000,100.00%,27443,555.38%,0,181.38,$22.22,CHI 2,IND 1,user27,1,marvalshot,18009,4655040911_27
Tre Jones (37851720),Talen Horton-Tucker (37851832),Kyle Kuzma (37851449),Giannis Antetokounmpo (37851317),Jalen Smith (37851692),Donovan Mitchell (37851343),Julius Randle (37851443),Zach Collins (37851479),292.5,395.61,49700,100.00%,1,102.04%,0,175.91,$4.08,CHI 4,MIL 2,user46,1,marvalshot,18077,4655040912_46
Tre Jones (37851720),Ja'Kobe Walter (37851749),Max Strus (37851614),Paolo Banchero (37851362),Onyeka Okongwu (37851459),Darius Garland (37851392),Matas Buzelis (37851566),Giannis Antetokounmpo (37851317),299.65968749999996,393.13506670652936,49700,100.00%,12454,323.38%,0,182.7,$12.94,CHI 2,CLE 2,user19,1,marvalshot,18099,4655040913_19
Jevon Carter (37851843),Stephon Castle (37851463),Josh Hart (37851385),Pascal Siakam (37851401),Alperen Sengun (37851332),Jalen Brunson (37851340),Talen Horton-Tucker (37851832),Tre Jones (37851720),289.73404513888886,381.41604435189174,49400,99.97%,0,72.75%,0,188.87,$2.91,CHI 3,NYK 2,user5,1,marvalshot,18134,4655040914_5
Jevon Carter (37851843),Aaron Nesmith (37851609),Franz Wagner (37851369),Julius Randle (37851443),Onyeka Okongwu (37851459),Tre Jones (37851720),Kyle Kuzma (37851449),Giannis Antetokounmpo (37851317),287.88100694444444,381.8775631941094,49700,99.78%,0,58.23%,0,187.91,$2.33,CHI 2,MIL 2,user15,1,marvalshot,18193,4655040915_15
Scottie Barnes (37851372),Talen Horton-Tucker (37851832),Franz Wagner (37851369),Pascal Siakam (37851401),Onyeka Okongwu (37851459),Tre Jones (37851720),Julius Randle (37851443),Jarrett Allen (37851461),298.59534722222224,391.8441425115037,49500,100.00%,6762,245.53%,0,182.51,$9.82,CHI 2,TOR 1,user39,50,marvalshot,3196,4655040906_39
Stephon Castle (37851463),Talen Horton-Tucker (37851832),Kyle Kuzma (37851449),Giannis Antetokounmpo (37851317),Onyeka Okongwu (37851459),Tre Jones (37851720),Coby White (37851438),Julius Randle (37851443),296.25,393.45,49900,100.00%,487,159.91%,0,187.73999999999998,$6.4,CHI 3,MIL 2,user2,1,marvalshot,17790,4655040907_2
Tre Jones (37851720),Caris LeVert (37851534),Kyle Kuzma (37851449),Giannis Antetokounmpo (37851317),Alperen Sengun (37851332),Talen Horton-Tucker (37851832),Matas Buzelis (37851566),Onyeka Okongwu (37851459),297.3732465277778,396.93142622857226,49700,100.00%,2088,196.86%,0,190.68,$7.87,CHI 3,ATL 2,user3,1,marvalshot,17838,4655040908_3
Tre Jones (37851720),Aaron Nesmith (37851609),Franz Wagner (37851369),Pascal Siakam (37851401),Onyeka Okongwu (37851459),Stephon Castle (37851463),Josh Hart (37851385),Zach Collins (37851479),284.20180555555555,370.5521813174289,49800,87.39%,0,29.89%,0,132.15,$1.2,CHI 2,IND 2,user20,1,marvalshot,17904,4655040909_20
Tre Jones (37851720),Talen Horton-Tucker (37851832),Paul George (37851397),Julius Randle (37851443),Jalen Smith (37851692),Ty Jerome (37851543),Giannis Antetokounmpo (37851317),Jalen Brunson (37851340),292.4,394.64,50000,100.00%,1,100.59%,0,174.7,$4.02,CHI 3,PHI 1,user46,1,marvalshot,17979,4655040910_46
Brandin Podziemski (37851483),Andrew Nembhard (37851576),Talen Horton-Tucker (37851832),Paolo Banchero (37851362),Zach Collins (37851479),Jalen Brunson (37851340),Julius Randle (37851443),Kyle Kuzma (37851449),301.51465277777777,386.6901609199204,49800,100.00%,27576,555.24%,0,154.73000000000002,$22.21,CHI 2,GSW 1,user25,1,marvalshot,18007,4655040911_25
Jalen Brunson (37851340),Talen Horton-Tucker (37851832),Dalen Terry (37851785),Giannis Antetokounmpo (37851317),Jarrett Allen (37851461),Donovan Mitchell (37851343),Max Strus (37851614),Tre Jones (37851720),292.35999999999996,393.78999999999996,49900,100.00%,3,100.2%,0,184.70999999999998,$4.01,CHI 3,CLE 3,user25,1,marvalshot,18056,4655040912_25
Tre Jones (37851720),Ja'Kobe Walter (37851749),Max Strus (37851614),Paolo Banchero (37851362),Julius Randle (37851443),Darius Garland (37851392),Matas Buzelis (37851566),Giannis Antetokounmpo (37851317),299.65968749999996,391.64506670652935,50000,100.00%,11995,320.64%,0,192.08999999999997,$12.83,CHI 2,CLE 2,user32,1,marvalshot,18112,4655040913_32
Tre Jones (37851720),Stephon Castle (37851463),Keldon Johnson (37851583),Pascal Siakam (37851401),Alperen Sengun (37851332),Jalen Brunson (37851340),Talen Horton-Tucker (37851832),Jarrett Allen (37851461),289.6740451388889,386.3760443518918,49300,99.94%,0,72.61%,0,166.54,$2.9,CHI 2,SAS 2,user49,1,marvalshot,18178,4655040914_49
Trae Young (37851321),Aaron Nesmith (37851609),Franz Wagner (37851369),Paul George (37851397),Onyeka Okongwu (37851459),Tre Jones (37851720),Talen Horton-Tucker (37851832),Julius Randle (37851443),287.86100694444445,375.92756319410944,49900,99.64%,0,58.11%,0,165.13,$2.32,ATL 2,CHI 2,user38,1,marvalshot,18216,4655040915_38
Scottie Barnes (37851372),Talen Horton-Tucker (37851832),Franz Wagner (37851369),Pascal Siakam (37851401),Onyeka Okongwu (37851459),Tre Jones (37851720),Julius Randle (37851443),Jarrett Allen (37851461),298.59534722222224,391.8441425115037,49500,100.00%,6762,245.53%,0,182.51,$9.82,CHI 2,TOR 1,user40,50,marvalshot,3196,4655040906_40
Jalen Brunson (37851340),Jevon Carter (37851843),Talen Horton-Tucker (37851832),Giannis Antetokounmpo (37851317),Julius Randle (37851443),Stephon Castle (37851463),Matas Buzelis (37851566),Onyeka Okongwu (37851459),296.19,395.09,49800,100.00%,480,159.61%,0,217.57000000000002,$6.38,CHI 3,NYK 1,user39,1,marvalshot,17825,4655040907_39
Tre Jones (37851720),Caris LeVert (37851534),Kyle Kuzma (37851449),Matas Buzelis (37851566),Alperen Sengun (37851332),Talen Horton-Tucker (37851832),Giannis Antetokounmpo (37851317),Julius Randle (37851443),297.3732465277778,395.4414262285723,50000,100.00%,1983,195.99%,0,200.07,$7.84,CHI 3,MIL 2,user7,1,marvalshot,17842,4655040908_7
Pat Spencer (37852136),Aaron Nesmith (37851609),Franz Wagner (37851369),Pascal Siakam (37851401),Onyeka Okongwu (37851459),Talen Horton-Tucker (37851832),Julius Randle (37851443),Giannis Antetokounmpo (37851317),283.8718055555555,380.36218131742885,49900,87.30%,0,29.07%,0,158.5,$1.16,IND 2,GSW 1,user45,1,marvalshot,17929,4655040909_45
Tre Jones (37851720),Jevon Carter (37851843),OG Anunoby (37851472),Giannis Antetokounmpo (37851317),Onyeka Okongwu (37851459),Trae Young (37851321),Talen Horton-Tucker (37851832),Jarrett Allen (37851461),292.41,392.12,49900,100.00%,4,100.56%,0,198.94,$4.02,CHI 3,ATL 2,user16,1,marvalshot,17949,4655040910_16
Jalen Brunson (37851340),Andrew Nembhard (37851576),Georges Niang (37851649),Paolo Banchero (37851362),Nic Claxton (37851494),Talen Horton-Tucker (37851832),Giannis Antetokounmpo (37851317),Tre Jones (37851720),301.85465277777774,399.0101609199204,49900,100.00%,30921,551.42%,0,186.13,$22.06,CHI 2,NYK 1,user8,1,marvalshot,17990,4655040911_8
Jalen Brunson (37851340),Coby White (37851438),Talen Horton-Tucker (37851832),De'Andre Hunter (37851523),Onyeka Okongwu (37851459),Tre Jones (37851720),Max Strus (37851614),Giannis Antetokounmpo (37851317),292.36,388.61,49600,100.00%,0,100.08%,0,172.11,$4.0,CHI 3,CLE 2,user20,1,marvalshot,18051,4655040912_20
Stephon Castle (37851463),Ja'Kobe Walter (37851749),Paul George (37851397),Paolo Banchero (37851362),Onyeka Okongwu (37851459),Talen Horton-Tucker (37851832),Giannis Antetokounmpo (37851317),Tre Jones (37851720),299.71968749999996,394.96506670652934,49800,100.00%,11956,316.7%,0,184.47,$12.67,CHI 2,SAS 1,user33,1,marvalshot,18113,4655040913_33
Darius Garland (37851392),Quentin Grimes (37851476),Talen Horton-Tucker (37851832),Pascal Siakam (37851401),Alperen Sengun (37851332),Jalen Brunson (37851340),Matas Buzelis (37851566),Jevon Carter (37851843),289.60404513888886,381.26604435189176,49900,99.96%,0,72.1%,0,184.82,$2.88,CHI 3,CLE 1,user14,1,marvalshot,18143,4655040914_14
Jalen Brunson (37851340),Aaron Nesmith (37851609),Franz Wagner (37851369),Kyle Kuzma (37851449),Jarrett Allen (37851461),Coby White (37851438),Talen Horton-Tucker (37851832),Onyeka Okongwu (37851459),287.69100694444444,376.88756319410936,50000,99.54%,0,57.92%,0,158.55,$2.32,CHI 2,NYK 1,user40,1,marvalshot,18218,4655040915_40
Scottie Barnes (37851372),Talen Horton-Tucker (37851832),Franz Wagner (37851369),Pascal Siakam (37851401),Onyeka Okongwu (37851459),Tre Jones (37851720),Julius Randle (37851443),Jarrett Allen (37851461),298.59534722222224,391.8441425115037,49500,100.00%,6762,245.53%,0,182.51,$9.82,CHI 2,TOR 1,user41,50,marvalshot,3196,4655040906_41
Jalen Brunson (37851340),Quentin Grimes (37851476),Max Strus (37851614),Giannis Antetokounmpo (37851317),Zach Collins (37851479),Tre Jones (37851720),Talen Horton-Tucker (37851832),Julius Randle (37851443),296.09,391.34,50000,100.00%,451,158.89%,0,188.56,$6.36,CHI 3,NYK 1,user49,1,marvalshot,17835,4655040907_49
Tre Jones (37851720),Max Strus (37851614),Josh Hart (37851385),Giannis Antetokounmpo (37851317),Alperen Sengun (37851332),Talen Horton-Tucker (37851832),Julius Randle (37851443),Jalen Smith (37851692),297.2132465277778,396.95142622857236,50000,100.00%,1949,192.87%,0,185.14999999999998,$7.71,CHI 3,CLE 1,user41,1,marvalshot,17876,4655040908_41
Stephon Castle (37851463),Aaron Nesmith (37851609),Franz Wagner (37851369),Pascal Siakam (37851401),Jalen Smith (37851692),Tre Jones (37851720),Matas Buzelis (37851566),Giannis Antetokounmpo (37851317),283.96180555555554,382.2121813174289,49600,87.09%,0,29.03%,0,156.86,$1.16,CHI 3,IND 2,user,1,marvalshot,9040,4655040909
Tre Jones (37851720),Talen Horton-Tucker (37851832),Dalen Terry (37851785),Julius Randle (37851443),Zach Collins (37851479),Anthony Edwards (37851329),Kyle Kuzma (37851449),Giannis Antetokounmpo (37851317),292.38,388.58,49800,100.00%,1,100.51%,0,166.32,$4.02,CHI 4,MIN 2,user28,1,marvalshot,17961,4655040910_28
Jalen Brunson (37851340),Andrew Nembhard (37851576),Talen Horton-Tucker (37851832),Paolo Banchero (37851362),Julius Randle (37851443),Tre Jones (37851720),De'Andre Hunter (37851523),Donovan Mitchell (37851343),301.7446527777778,391.9301609199204,49500,100.00%,29792,545.31%,0,179.97,$21.81,CHI 2,CLE 2,user31,1,marvalshot,18013,4655040911_31
Jalen Brunson (37851340),Talen Horton-Tucker (37851832),Caris LeVert (37851534),Julius Randle (37851443),Giannis Antetokounmpo (37851317),Tre Jones (37851720),Zaccharie Risacher (37851569),Onyeka Okongwu (37851459),292.43,391.03,49700,100.00%,0,100.07%,0,191.57,$4.0,ATL 3,CHI 2,user12,1,marvalshot,18043,4655040912_12
Darius Garland (37851392),Ja'Kobe Walter (37851749),Talen Horton-Tucker (37851832),Paolo Banchero (37851362),Julius Randle (37851443),Jevon Carter (37851843),Giannis Antetokounmpo (37851317),Onyeka Okongwu (37851459),299.6896875,396.93506670652937,49600,100.00%,11714,314.73%,0,213.42000000000002,$12.59,CHI 2,CLE 1,user12,1,marvalshot,18092,4655040913_12
Jevon Carter (37851843),Lonnie Walker IV (37851827),Kyle Kuzma (37851449),Pascal Siakam (37851401),Alperen Sengun (37851332),Talen Horton-Tucker (37851832),Julius Randle (37851443),Giannis Antetokounmpo (37851317),289.6440451388889,388.2160443518918,50000,99.96%,1,71.8%,0,171.0,$2.87,CHI 2,MIL 2,user20,1,marvalshot,18149,4655040914_20
Tre Jones (37851720),Aaron Nesmith (37851609),Franz Wagner (37851369),De'Andre Hunter (37851523),Onyeka Okongwu (37851459),Anthony Edwards (37851329),Julius Randle (37851443),Jarrett Allen (37851461),287.5310069444444,376.77756319410935,50000,99.16%,0,56.71%,0,147.29,$2.27,CLE 2,MIN 2,user23,1,marvalshot,18201,4655040915_23
Scottie Barnes (37851372),Talen Horton-Tucker (37851832),Franz Wagner (37851369),Pascal Siakam (37851401),Onyeka Okongwu (37851459),Tre Jones (37851720),Julius Randle (37851443),Jarrett Allen (37851461),298.59534722222224,391.8441425115037,49500,100.00%,6762,245.53%,0,182.51,$9.82,CHI 2,TOR 1,user42,50,marvalshot,3196,4655040906_42
Tre Jones (37851720),Donovan Mitchell (37851343),Talen Horton-Tucker (37851832),Matas Buzelis (37851566),Onyeka Okongwu (37851459),Brandin Podziemski (37851483),Giannis Antetokounmpo (37851317),Jarrett Allen (37851461),296.1,398.29,49900,100.00%,545,157.54%,0,196.45,$6.3,CHI 3,CLE 2,user35,2,marvalshot,15271,4655040907_35
Stephon Castle (37851463),Jevon Carter (37851843),Talen Horton-Tucker (37851832),Giannis Antetokounmpo (37851317),Alperen Sengun (37851332),Tre Jones (37851720),Julius Randle (37851443),Onyeka Okongwu (37851459),297.3732465277778,399.5714262285723,49300,100.00%,1692,192.73%,0,213.99,$7.71,CHI 3,SAS 1,user32,1,marvalshot,17867,4655040908_32
Donovan Mitchell (37851343),Aaron Nesmith (37851609),Franz Wagner (37851369),Pascal Siakam (37851401),Jarrett Allen (37851461),Devin Vassell (37851496),Talen Horton-Tucker (37851832),Onyeka Okongwu (37851459),283.81180555555557,377.1621813174289,49900,85.49%,0,26.29%,0,147.14,$1.05,CLE 2,IND 2,user3,1,marvalshot,17887,4655040909_3
Trae Young (37851321),Lonnie Walker IV (37851827),Talen Horton-Tucker (37851832),Dalen Terry (37851785),Onyeka Okongwu (37851459),Tre Jones (37851720),Giannis Antetokounmpo (37851317),Jalen Brunson (37851340),292.36,392.85,50000,100.00%,2,100.07%,0,159.41,$4.0,CHI 3,ATL 2,user6,1,marvalshot,17939,4655040910_6
Stephon Castle (37851463),Andrew Nembhard (37851576),De'Andre Hunter (37851523),Paolo Banchero (37851362),Onyeka Okongwu (37851459),Talen Horton-Tucker (37851832),Julius Randle (37851443),Jalen Brunson (37851340),301.6346527777778,390.0701609199204,49200,100.00%,28582,542.84%,0,165.5,$21.71,SAS 1,IND 1,user9,1,marvalshot,17991,4655040911_9
Jalen Brunson (37851340),Jevon Carter (37851843),Josh Hart (37851385),Giannis Antetokounmpo (37851317),Onyeka Okongwu (37851459),Talen Horton-Tucker (37851832),Devin Vassell (37851496),Tre Jones (37851720),292.37,388.46999999999997,49700,100.00%,2,100.01%,0,207.13000000000002,$4.0,CHI 3,NYK 2,user,1,marvalshot,12037,4655040912
Brandin Podziemski (37851483),Ja'Kobe Walter (37851749),Talen Horton-Tucker (37851832),Paolo Banchero (37851362),Giannis Antetokounmpo (37851317),Tre Jones (37851720),Naz Reid (37851381),Onyeka Okongwu (37851459),299.5096875,393.2250667065294,50000,100.00%,10759,303.58%,0,174.15000000000003,$12.14,CHI 2,GSW 1,user38,1,marvalshot,18118,4655040913_38
Jalen Brunson (37851340),Anthony Edwards (37851329),Georges Niang (37851649),Pascal Siakam (37851401),Alperen Sengun (37851332),Jevon Carter (37851843),Matas Buzelis (37851566),Talen Horton-Tucker (37851832),289.3840451388889,381.27604435189176,49900,99.95%,0,70.09%,0,177.1,$2.8,CHI 3,NYK 1,user11,1,marvalshot,18140,4655040914_11
Tre Jones (37851720),Aaron Nesmith (37851609),Franz Wagner (37851369),Julius Randle (37851443),Jarrett Allen (37851461),Anthony Edwards (37851329),Caris LeVert (37851534),Onyeka Okongwu (37851459),287.51100694444443,377.5675631941094,49900,99.24%,0,56.66%,0,158.14999999999998,$2.27,MIN 2,ATL 2,user21,1,marvalshot,18199,4655040915_21
Scottie Barnes (37851372),Talen Horton-Tucker (37851832),Franz Wagner (37851369),Pascal Siakam (37851401),Onyeka Okongwu (37851459),Tre Jones (37851720),Julius Randle (37851443),Jarrett Allen (37851461),298.59534722222224,391.8441425115037,49500,100.00%,6762,245.53%,0,182.51,$9.82,CHI 2,TOR 1,user43,50,marvalshot,3196,4655040906_43
Tre Jones (37851720),Mikal Bridges (37851487),Talen Horton-Tucker (37851832),Matas Buzelis (37851566),Onyeka Okongwu (37851459),Donovan Mitchell (37851343),Giannis Antetokounmpo (37851317),Jarrett Allen (37851461),296.08,395.82,49900,100.00%,533,157.54%,0,193.69,$6.3,CHI 3,CLE 2,user7,1,marvalshot,17795,4655040907_7
Jalen Brunson (37851340),Donte DiVincenzo (37851505),Talen Horton-Tucker (37851832),Julius Randle (37851443),Alperen Sengun (37851332),Tre Jones (37851720),Coby White (37851438),Onyeka Okongwu (37851459),297.21324652777776,389.4014262285723,49900,100.00%,2049,191.78%,0,167.19,$7.67,CHI 3,MIN 2,user22,1,marvalshot,17857,4655040908_22
Brandin Podziemski (37851483),Aaron Nesmith (37851609),Franz Wagner (37851369),Pascal Siakam (37851401),Julius Randle (37851443),Jevon Carter (37851843),Talen Horton-Tucker (37851832),Giannis Antetokounmpo (37851317),283.57180555555556,378.3721813174289,49800,85.37%,0,25.73%,0,183.14,$1.03,IND 2,CHI 2,user35,1,marvalshot,17919,4655040909_35
Tre Jones (37851720),Max Strus (37851614),Talen Horton-Tucker (37851832),Julius Randle (37851443),Giannis Antetokounmpo (37851317),Caris LeVert (37851534),Coby White (37851438),Jalen Brunson (37851340),292.34000000000003,387.91,49800,100.00%,0,99.82%,0,192.36,$3.99,CHI 3,CLE 1,user39,1,marvalshot,17972,4655040910_39
Tre Jones (37851720),Andrew Nembhard (37851576),Talen Horton-Tucker (37851832),Paolo Banchero (37851362),Jalen Smith (37851692),Anthony Edwards (37851329),Jeremy Sochan (37851514),Giannis Antetokounmpo (37851317),301.60465277777774,402.18016091992035,50000,100.00%,28389,541.48%,0,165.69,$21.66,CHI 3,IND 1,user15,1,marvalshot,17997,4655040911_15
Jalen Brunson (37851340),Talen Horton-Tucker (37851832),Mikal Bridges (37851487),Julius Randle (37851443),Jarrett Allen (37851461),Darius Garland (37851392),Devin Vassell (37851496),Onyeka Okongwu (37851459),292.34999999999997,381.88,50000,100.00%,7,100.01%,0,167.85999999999999,$4.0,NYK 2,CLE 2,user32,1,marvalshot,18063,4655040912_32
Jalen Brunson (37851340),Ja'Kobe Walter (37851749),Talen Horton-Tucker (37851832),Paolo Banchero (37851362),Zach Collins (37851479),Tre Jones (37851720),Max Strus (37851614),Giannis Antetokounmpo (37851317),299.5596875,394.3150667065294,49400,100.00%,10771,303.51%,0,186.67000000000002,$12.14,CHI 3,NYK 1,user18,1,marvalshot,18098,4655040913_18
Tre Jones (37851720),Max Strus (37851614),Kyle Kuzma (37851449),Pascal Siakam (37851401),Alperen Sengun (37851332),Quentin Grimes (37851476),Coby White (37851438),Onyeka Okongwu (37851459),289.2040451388889,375.6760443518918,49900,99.82%,1,69.73%,0,122.1,$2.79,CHI 2,CLE 1,user3,1,marvalshot,18132,4655040914_3
Tre Jones (37851720),Aaron Nesmith (37851609),Franz Wagner (37851369),Josh Hart (37851385),Andre Drummond (37851556),Talen Horton-Tucker (37851832),Giannis Antetokounmpo (37851317),Onyeka Okongwu (37851459),287.63100694444444,385.5675631941094,49700,99.58%,0,56.64%,0,177.54000000000002,$2.27,CHI 2,IND 1,user17,1,marvalshot,18195,4655040915_17
Scottie Barnes (37851372),Talen Horton-Tucker (37851832),Franz Wagner (37851369),Pascal Siakam (37851401),Onyeka Okongwu (37851459),Tre Jones (37851720),Julius Randle (37851443),Jarrett Allen (37851461),298.59534722222224,391.8441425115037,49500,100.00%,6762,245.53%,0,182.51,$9.82,CHI 2,TOR 1,user44,50,marvalshot,3196,4655040906_44
Tre Jones (37851720),Donovan Mitchell (37851343),Talen Horton-Tucker (37851832),Julius Randle (37851443),Onyeka Okongwu (37851459),Jalen Brunson (37851340),Kyle Kuzma (37851449),Zach Collins (37851479),296.04,389.43,49700,100.00%,601,157.54%,0,175.81,$6.3,CHI 3,CLE 1,user41,1,marvalshot,17827,4655040907_41
Jalen Brunson (37851340),Talen Horton-Tucker (37851832),Kyle Kuzma (37851449),Julius Randle (37851443),Alperen Sengun (37851332),Ty Jerome (37851543),Matas Buzelis (37851566),Onyeka Okongwu (37851459),297.01324652777777,390.8514262285723,50000,100.00%,2239,189.85%,0,164.65,$7.59,CHI 2,NYK 1,user11,1,marvalshot,17846,4655040908_11
Jevon Carter (37851843),Aaron Nesmith (37851609),Franz Wagner (37851369),Pascal Siakam (37851401),Onyeka Okongwu (37851459),Brandin Podziemski (37851483),Talen Horton-Tucker (37851832),Giannis Antetokounmpo (37851317),283.57180555555556,379.8621813174289,49500,84.38%,0,24.16%,0,173.75,$0.97,CHI 2,IND 2,user39,1,marvalshot,17923,4655040909_39
Tre Jones (37851720),Talen Horton-Tucker (37851832),Coby White (37851438),Josh Hart (37851385),Julius Randle (37851443),Stephon Castle (37851463),Matas Buzelis (37851566),Giannis Antetokounmpo (37851317),292.35,385.47,49800,100.00%,0,99.77%,0,201.91,$3.99,CHI 4,NYK 1,user36,1,marvalshot,17969,4655040910_36
Jalen Brunson (37851340),Andrew Nembhard (37851576),Caris LeVert (37851534),Paolo Banchero (37851362),Julius Randle (37851443),Devin Vassell (37851496),Matas Buzelis (37851566),Onyeka Okongwu (37851459),301.3246527777777,386.2501609199203,50000,100.00%,25664,534.02%,0,154.27,$21.36,ATL 2,NYK 1,user12,1,marvalshot,17994,4655040911_12
Trae Young (37851321),Talen Horton-Tucker (37851832),Dalen Terry (37851785),Giannis Antetokounmpo (37851317),Julius Randle (37851443),Max Strus (37851614),Matas Buzelis (37851566),Onyeka Okongwu (37851459),292.36,388.49,49700,100.00%,4,99.88%,0,169.79,$4.0,CHI 3,ATL 2,user15,1,marvalshot,18046,4655040912_15
Darius Garland (37851392),Ja'Kobe Walter (37851749),Kyle Kuzma (37851449),Paolo Banchero (37851362),Zach Collins (37851479),Talen Horton-Tucker (37851832),Giannis Antetokounmpo (37851317),Tre Jones (37851720),299.3796875,395.19506670652936,49900,100.00%,10144,297.78%,0,186.25,$11.91,CHI 3,MIL 2,user5,1,marvalshot,18085,4655040913_5
Darius Garland (37851392),Talen Horton-Tucker (37851832),Georges Niang (37851649),Pascal Siakam (37851401),Alperen Sengun (37851332),Jalen Brunson (37851340),Dean Wade (37851816),Onyeka Okongwu (37851459),289.2640451388889,382.51604435189176,49800,99.86%,0,69.23%,0,148.62,$2.77,CLE 2,ATL 2,user16,1,marvalshot,18145,4655040914_16
Tre Jones (37851720),Aaron Nesmith (37851609),Franz Wagner (37851369),Naz Reid (37851381),Onyeka Okongwu (37851459),Jalen Brunson (37851340),Julius Randle (37851443),Talen Horton-Tucker (37851832),287.6410069444444,374.6075631941094,49100,99.60%,0,56.55%,0,176.87,$2.26,CHI 2,MIN 2,user24,1,marvalshot,18202,4655040915_24
Scottie Barnes (37851372),Talen Horton-Tucker (37851832),Franz Wagner (37851369),Pascal Siakam (37851401),Onyeka Okongwu (37851459),Tre Jones (37851720),Julius Randle (37851443),Jarrett Allen (37851461),298.59534722222224,391.8441425115037,49500,100.00%,6762,245.53%,0,182.51,$9.82,CHI 2,TOR 1,user45,50,marvalshot,3196,4655040906_45
Tre Jones (37851720),Stephon Castle (37851463),Dalen Terry (37851785),Giannis Antetokounmpo (37851317),Onyeka Okongwu (37851459),Talen Horton-Tucker (37851832),Julius Randle (37851443),Anthony Edwards (37851329),296.0,395.57,49800,100.00%,401,154.56%,0,180.19,$6.18,CHI 3,MIN 2,user8,1,marvalshot,17796,4655040907_8
Darius Garland (37851392),Max Strus (37851614),Talen Horton-Tucker (37851832),Julius Randle (37851443),Alperen Sengun (37851332),Tre Jones (37851720),Giannis Antetokounmpo (37851317),Jalen Smith (37851692),297.14324652777776,400.7414262285723,49800,100.00%,1736,189.48%,0,189.51,$7.58,CHI 3,CLE 2,user24,1,marvalshot,17859,4655040908_24
Dyson Daniels (37851412),Aaron Nesmith (37851609),Franz Wagner (37851369),Pascal Siakam (37851401),Onyeka Okongwu (37851459),Tre Jones (37851720),Talen Horton-Tucker (37851832),Anthony Edwards (37851329),283.6818055555555,372.12218131742884,49600,83.94%,0,23.85%,0,148.13,$0.95,ATL 2,IND 2,user31,1,marvalshot,17915,4655040909_31
Tre Jones (37851720),Donovan Mitchell (37851343),Talen Horton-Tucker (37851832),Matas Buzelis (37851566),Giannis Antetokounmpo (37851317),Devin Vassell (37851496),Coby White (37851438),Onyeka Okongwu (37851459),292.32,391.15999999999997,50000,100.00%,0,99.55%,0,181.84,$3.98,CHI 4,CLE 1,user32,1,marvalshot,17965,4655040910_32
Darius Garland (37851392),Andrew Nembhard (37851576),Keldon Johnson (37851583),Paolo Banchero (37851362),Julius Randle (37851443),Jalen Brunson (37851340),Talen Horton-Tucker (37851832),Jarrett Allen (37851461),301.3946527777778,392.56016091992046,49900,100.00%,26368,504.62%,0,180.95,$20.18,CLE 2,IND 1,user6,1,marvalshot,17988,4655040911_6
Jalen Brunson (37851340),Coby White (37851438),Talen Horton-Tucker (37851832),Julius Randle (37851443),Onyeka Okongwu (37851459),De'Aaron Fox (37851365),Kyle Kuzma (37851449),Tre Jones (37851720),292.3299999999999,380.9799999999999,49800,100.00%,3,99.77%,0,168.88,$3.99,CHI 3,NYK 1,user36,1,marvalshot,18067,4655040912_36
Tre Jones (37851720),Ja'Kobe Walter (37851749),Talen Horton-Tucker (37851832),Paolo Banchero (37851362),Zach Collins (37851479),Jalen Brunson (37851340),Giannis Antetokounmpo (37851317),Guerschon Yabusele (37851548),299.3896875,394.7350667065294,50000,100.00%,9992,296.5%,0,174.98000000000002,$11.86,CHI 3,TOR 1,user21,1,marvalshot,18101,4655040913_21
Trae Young (37851321),Stephon Castle (37851463),De'Andre Hunter (37851523),Pascal Siakam (37851401),Alperen Sengun (37851332),Tre Jones (37851720),Talen Horton-Tucker (37851832),Matas Buzelis (37851566),289.17404513888886,382.6160443518918,49700,99.86%,1,68.43%,0,153.01,$2.74,CHI 3,ATL 1,user23,1,marvalshot,18152,4655040914_23
Tre Jones (37851720),Aaron Nesmith (37851609),Franz Wagner (37851369),Josh Hart (37851385),Giannis Antetokounmpo (37851317),Talen Horton-Tucker (37851832),Julius Randle (37851443),Andre Drummond (37851556),287.6310069444445,384.0775631941095,50000,99.71%,0,56.32%,0,186.93,$2.25,CHI 2,IND 1,user36,1,marvalshot,18214,4655040915_36
Scottie Barnes (37851372),Talen Horton-Tucker (37851832),Franz Wagner (37851369),Pascal Siakam (37851401),Onyeka Okongwu (37851459),Tre Jones (37851720),Julius Randle (37851443),Jarrett Allen (37851461),298.59534722222224,391.8441425115037,49500,100.00%,6762,245.53%,0,182.51,$9.82,CHI 2,TOR 1,user46,50,marvalshot,3196,4655040906_46
Tre Jones (37851720),Talen Horton-Tucker (37851832),Coby White (37851438),Julius Randle (37851443),Onyeka Okongwu (37851459),Brandin Podziemski (37851483),Giannis Antetokounmpo (37851317),Jarrett Allen (37851461),296.04,394.55,49600,100.00%,401,154.03%,0,190.71000000000004,$6.16,CHI 3,MIN 1,user43,1,marvalshot,17829,4655040907_43
Stephon Castle (37851463),Brandin Podziemski (37851483),Talen Horton-Tucker (37851832),Giannis Antetokounmpo (37851317),Alperen Sengun (37851332),Tre Jones (37851720),Max Strus (37851614),Onyeka Okongwu (37851459),296.9932465277778,397.09142622857235,50000,100.00%,1831,186.6%,0,172.29,$7.46,CHI 2,SAS 1,user27,1,marvalshot,17862,4655040908_27
Darius Garland (37851392),Aaron Nesmith (37851609),Franz Wagner (37851369),Pascal Siakam (37851401),Jarrett Allen (37851461),Tre Jones (37851720),Josh Hart (37851385),Matas Buzelis (37851566),283.6218055555555,369.80218131742885,49900,83.42%,0,22.97%,0,165.24,$0.92,CLE 2,IND 2,user16,1,marvalshot,17900,4655040909_16
Tre Jones (37851720),Donovan Mitchell (37851343),Talen Horton-Tucker (37851832),Giannis Antetokounmpo (37851317),Jarrett Allen (37851461),Stephon Castle (37851463),Keldon Johnson (37851583),Onyeka Okongwu (37851459),292.23,397.83000000000004,50000,100.00%,1,98.46%,0,184.90999999999997,$3.94,CHI 2,CLE 2,user42,1,marvalshot,17975,4655040910_42
Donovan Mitchell (37851343),Andrew Nembhard (37851576),Talen Horton-Tucker (37851832),Paolo Banchero (37851362),Andre Drummond (37851556),Tre Jones (37851720),Matas Buzelis (37851566),Giannis Antetokounmpo (37851317),301.4946527777778,402.3201609199204,49600,100.00%,27582,498.74%,0,189.67000000000002,$19.95,CHI 3,CLE 1,user46,1,marvalshot,18028,4655040911_46
Tre Jones (37851720),Max Strus (37851614),Kyle Kuzma (37851449),Josh Hart (37851385),Jarrett Allen (37851461),Talen Horton-Tucker (37851832),Giannis Antetokounmpo (37851317),Julius Randle (37851443),292.34000000000003,385.73,49400,100.00%,0,99.68%,0,200.44,$3.99,CHI 2,CLE 2,user9,1,marvalshot,18040,4655040912_9
Tre Jones (37851720),Ja'Kobe Walter (37851749),Josh Hart (37851385),Paolo Banchero (37851362),Jarrett Allen (37851461),Quentin Grimes (37851476),Talen Horton-Tucker (37851832),Giannis Antetokounmpo (37851317),299.3496875,392.6350667065294,50000,100.00%,9744,294.36%,0,200.36,$11.77,CHI 2,TOR 1,user45,1,marvalshot,18125,4655040913_45
Stephon Castle (37851463),Talen Horton-Tucker (37851832),Caris LeVert (37851534),Pascal Siakam (37851401),Alperen Sengun (37851332),Trae Young (37851321),Matas Buzelis (37851566),Tre Jones (37851720),289.1540451388888,383.4060443518917,49600,99.90%,0,67.91%,0,163.87,$2.72,CHI 3,ATL 2,user37,1,marvalshot,18166,4655040914_37
Tre Jones (37851720),Aaron Nesmith (37851609),Franz Wagner (37851369),Julius Randle (37851443),Andre Drummond (37851556),Darius Garland (37851392),Giannis Antetokounmpo (37851317),Talen Horton-Tucker (37851832),287.56100694444444,387.8675631941094,49800,99.70%,0,55.83%,0,191.29,$2.23,CHI 2,IND 1,user10,1,marvalshot,18188,4655040915_10
Scottie Barnes (37851372),Talen Horton-Tucker (37851832),Franz Wagner (37851369),Pascal Siakam (37851401),Onyeka Okongwu (37851459),Tre Jones (37851720),Julius Randle (37851443),Jarrett Allen (37851461),298.59534722222224,391.8441425115037,49500,100.00%,6762,245.53%,0,182.51,$9.82,CHI 2,TOR 1,user47,50,marvalshot,3196,4655040906_47
Tre Jones (37851720),Mikal Bridges (37851487),Talen Horton-Tucker (37851832),Julius Randle (37851443),Onyeka Okongwu (37851459),Coby White (37851438),Giannis Antetokounmpo (37851317),Jarrett Allen (37851461),296.02000000000004,392.08000000000004,49600,100.00%,379,153.79%,0,187.95,$6.15,CHI 3,NYK 1,user12,1,marvalshot,17800,4655040907_12
Donte DiVincenzo (37851505),Talen Horton-Tucker (37851832),Max Strus (37851614),Julius Randle (37851443),Alperen Sengun (37851332),Tre Jones (37851720),Giannis Antetokounmpo (37851317),Jarrett Allen (37851461),297.0932465277778,396.9314262285724,50000,100.00%,1586,186.36%,0,186.64,$7.45,MIN 2,CHI 2,user10,1,marvalshot,17845,4655040908_10
Donovan Mitchell (37851343),Aaron Nesmith (37851609),Franz Wagner (37851369),Pascal Siakam (37851401),Zach Collins (37851479),Brandin Podziemski (37851483),Talen Horton-Tucker (37851832),Onyeka Okongwu (37851459),283.5818055555556,375.20218131742894,50000,82.16%,0,21.33%,0,128.85000000000002,$0.85,IND 2,CHI 2,user36,1,marvalshot,17920,4655040909_36
Trae Young (37851321),Mikal Bridges (37851487),Max Strus (37851614),Giannis Antetokounmpo (37851317),Julius Randle (37851443),Tre Jones (37851720),Talen Horton-Tucker (37851832),Matas Buzelis (37851566),292.23999999999995,384.87999999999994,49800,100.00%,1,98.43%,0,185.67,$3.94,CHI 3,ATL 1,user13,1,marvalshot,17946,4655040910_13
Jalen Brunson (37851340),Andrew Nembhard (37851576),Max Strus (37851614),Paolo Banchero (37851362),Julius Randle (37851443),Donovan Mitchell (37851343),Talen Horton-Tucker (37851832),Matas Buzelis (37851566),301.3746527777777,388.80016091992036,49500,100.00%,26312,492.8%,0,182.20999999999998,$19.71,CLE 2,CHI 2,user14,1,marvalshot,17996,4655040911_14
Jalen Brunson (37851340),Max Strus (37851614),Talen Horton-Tucker (37851832),De'Andre Hunter (37851523),Onyeka Okongwu (37851459),Stephon Castle (37851463),Giannis Antetokounmpo (37851317),Matas Buzelis (37851566),292.30999999999995,388.99999999999994,49900,100.00%,2,99.65%,0,172.77,$3.99,CLE 2,CHI 2,user31,1,marvalshot,18062,4655040912_31
Brandin Podziemski (37851483),Ja'Kobe Walter (37851749),Talen Horton-Tucker (37851832),Paolo Banchero (37851362),Onyeka Okongwu (37851459),Caris LeVert (37851534),Julius Randle (37851443),Giannis Antetokounmpo (37851317),299.34968749999996,394.56506670652936,50000,100.00%,9662,292.27%,0,178.58,$11.69,ATL 2,GSW 1,user34,1,marvalshot,18114,4655040913_34
Jalen Brunson (37851340),Quentin Grimes (37851476),Kelly Oubre Jr. (37851433),Pascal Siakam (37851401),Alperen Sengun (37851332),Talen Horton-Tucker (37851832),Caris LeVert (37851534),Tre Jones (37851720),289.1040451388889,377.92604435189185,50000,99.87%,0,67.83%,0,151.63,$2.71,PHI 2,CHI 2,user28,1,marvalshot,18157,4655040914_28
Tre Jones (37851720),Aaron Nesmith (37851609),Franz Wagner (37851369),Matas Buzelis (37851566),Julius Randle (37851443),Jalen Brunson (37851340),Talen Horton-Tucker (37851832),Anthony Edwards (37851329),287.44100694444444,374.8475631941094,49100,99.65%,0,55.31%,0,191.25,$2.21,CHI 3,MIN 2,user46,1,marvalshot,18224,4655040915_46
Scottie Barnes (37851372),Talen Horton-Tucker (37851832),Franz Wagner (37851369),Pascal Siakam (37851401),Onyeka Okongwu (37851459),Tre Jones (37851720),Julius Randle (37851443),Jarrett Allen (37851461),298.59534722222224,391.8441425115037,49500,100.00%,6762,245.53%,0,182.51,$9.82,CHI 2,TOR 1,user48,50,marvalshot,3196,4655040906_48
Tre Jones (37851720),Jevon Carter (37851843),Talen Horton-Tucker (37851832),Giannis Antetokounmpo (37851317),Onyeka Okongwu (37851459),Anthony Edwards (37851329),Coby White (37851438),Julius Randle (37851443),296.02,394.62,50000,100.00%,325,153.78%,0,204.39000000000001,$6.15,CHI 4,MIN 2,user37,1,marvalshot,17823,4655040907_37
Tre Jones (37851720),Mikal Bridges (37851487),Max Strus (37851614),Giannis Antetokounmpo (37851317),Alperen Sengun (37851332),Stephon Castle (37851463),Talen Horton-Tucker (37851832),Onyeka Okongwu (37851459),296.9732465277778,394.6214262285723,50000,100.00%,1830,186.18%,0,169.53,$7.45,CHI 2,NYK 1,user20,1,marvalshot,17855,4655040908_20
Stephon Castle (37851463),Aaron Nesmith (37851609),Franz Wagner (37851369),Pascal Siakam (37851401),Onyeka Okongwu (37851459),Anthony Edwards (37851329),Caris LeVert (37851534),Talen Horton-Tucker (37851832),283.4118055555556,374.45218131742894,50000,81.51%,0,19.81%,0,141.02,$0.79,IND 2,ATL 2,user41,1,marvalshot,17925,4655040909_41
Donte DiVincenzo (37851505),Anthony Edwards (37851329),Kelly Oubre Jr. (37851433),Julius Randle (37851443),Onyeka Okongwu (37851459),Tre Jones (37851720),Talen Horton-Tucker (37851832),Jalen Brunson (37851340),292.22,379.92,49900,100.00%,2,98.39%,0,158.25,$3.94,MIN 3,CHI 2,user10,1,marvalshot,17943,4655040910_10
Jevon Carter (37851843),Andrew Nembhard (37851576),Talen Horton-Tucker (37851832),Paolo Banchero (37851362),Jarrett Allen (37851461),Donovan Mitchell (37851343),Giannis Antetokounmpo (37851317),Tre Jones (37851720),301.3846527777777,402.06016091992035,49300,100.00%,26503,475.0%,0,216.97000000000003,$19.0,CHI 3,CLE 2,user1,1,marvalshot,17983,4655040911_1
Tre Jones (37851720),Talen Horton-Tucker (37851832),Coby White (37851438),Julius Randle (37851443),Giannis Antetokounmpo (37851317),De'Aaron Fox (37851365),Georges Niang (37851649),Onyeka Okongwu (37851459),292.25,388.7,49900,100.00%,0,98.57%,0,182.95000000000002,$3.94,CHI 3,ATL 2,user13,1,marvalshot,18044,4655040912_13
Donovan Mitchell (37851343),Ja'Kobe Walter (37851749),Talen Horton-Tucker (37851832),Paolo Banchero (37851362),Jarrett Allen (37851461),Tre Jones (37851720),Julius Randle (37851443),Jalen Brunson (37851340),299.4096875,392.1450667065294,49300,100.00%,9518,290.2%,0,201.78,$11.61,CLE 2,CHI 2,user16,1,marvalshot,18096,4655040913_16
Tre Jones (37851720),Caris LeVert (37851534),Dalen Terry (37851785),Pascal Siakam (37851401),Alperen Sengun (37851332),Talen Horton-Tucker (37851832),Giannis Antetokounmpo (37851317),Stephon Castle (37851463),289.15404513888893,390.24604435189184,49400,99.92%,0,67.66%,0,163.81,$2.71,CHI 3,ATL 1,user7,1,marvalshot,18136,4655040914_7
Tre Jones (37851720),Aaron Nesmith (37851609),Franz Wagner (37851369),Dalen Terry (37851785),Jarrett Allen (37851461),Talen Horton-Tucker (37851832),Giannis Antetokounmpo (37851317),Jalen Brunson (37851340),287.3910069444445,385.35756319410945,49300,99.55%,0,55.07%,0,187.57999999999998,$2.2,CHI 3,IND 1,user9,1,marvalshot,18187,4655040915_9
Scottie Barnes (37851372),Talen Horton-Tucker (37851832),Franz Wagner (37851369),Pascal Siakam (37851401),Onyeka Okongwu (37851459),Tre Jones (37851720),Julius Randle (37851443),Jarrett Allen (37851461),298.59534722222224,391.8441425115037,49500,100.00%,6762,245.53%,0,182.51,$9.82,CHI 2,TOR 1,user49,50,marvalshot,3196,4655040906_49
Tre Jones (37851720),Jevon Carter (37851843),Kyle Kuzma (37851449),Giannis Antetokounmpo (37851317),Julius Randle (37851443),Jalen Brunson (37851340),Talen Horton-Tucker (37851832),Onyeka Okongwu (37851459),296.03,394.09,49200,100.00%,161,152.19%,0,220.71,$6.09,CHI 3,MIL 2,user3,1,marvalshot,17791,4655040907_3
Jalen Brunson (37851340),Donte DiVincenzo (37851505),Talen Horton-Tucker (37851832),Kyle Kuzma (37851449),Alperen Sengun (37851332),Tre Jones (37851720),Julius Randle (37851443),Onyeka Okongwu (37851459),297.0032465277778,388.7914262285723,49600,100.00%,1591,183.87%,0,170.99,$7.35,MIN 2,CHI 2,user31,1,marvalshot,17866,4655040908_31
Jalen Brunson (37851340),Aaron Nesmith (37851609),Franz Wagner (37851369),Pascal Siakam (37851401),Onyeka Okongwu (37851459),Tre Jones (37851720),OG Anunoby (37851472),Ty Jerome (37851543),283.40180555555554,371.6821813174289,50000,79.61%,0,17.1%,0,125.43,$0.68,NYK 2,IND 2,user42,1,marvalshot,17926,4655040909_42
Tre Jones (37851720),Donovan Mitchell (37851343),Georges Niang (37851649),Dalen Terry (37851785),Julius Randle (37851443),Talen Horton-Tucker (37851832),Giannis Antetokounmpo (37851317),Jalen Brunson (37851340),292.19000000000005,391.88000000000005,49900,100.00%,0,98.09%,0,192.51999999999998,$3.92,CHI 3,CLE 1,user25,1,marvalshot,17958,4655040910_25
Stephon Castle (37851463),Andrew Nembhard (37851576),De'Andre Hunter (37851523),Paolo Banchero (37851362),Julius Randle (37851443),Talen Horton-Tucker (37851832),Giannis Antetokounmpo (37851317),Tre Jones (37851720),301.36465277777774,396.3401609199203,49100,100.00%,26217,465.4%,0,189.56,$18.62,CHI 2,SAS 1,user18,1,marvalshot,18000,4655040911_18
Ty Jerome (37851543),Kelly Oubre Jr. (37851433),Talen Horton-Tucker (37851832),Matas Buzelis (37851566),Giannis Antetokounmpo (37851317),Tre Jones (37851720),Julius Randle (37851443),Jalen Brunson (37851340),292.18,388.33,49700,100.00%,1,97.72%,0,188.49,$3.91,CHI 3,CLE 1,user41,1,marvalshot,18072,4655040912_41
Dyson Daniels (37851412),Ja'Kobe Walter (37851749),Talen Horton-Tucker (37851832),Paolo Banchero (37851362),Julius Randle (37851443),Tre Jones (37851720),Giannis Antetokounmpo (37851317),Jarrett Allen (37851461),299.3396875,394.7550667065294,49800,100.00%,9016,285.68%,0,201.01,$11.43,CHI 2,ATL 1,user17,1,marvalshot,18097,4655040913_17
Jalen Brunson (37851340),Brandin Podziemski (37851483),Zaccharie Risacher (37851569),Pascal Siakam (37851401),Alperen Sengun (37851332),Tre Jones (37851720),Julius Randle (37851443),Talen Horton-Tucker (37851832),289.1140451388889,380.1560443518918,49600,99.89%,0,67.5%,0,157.71,$2.7,CHI 2,NYK 1,user15,1,marvalshot,18144,4655040914_15
Cam Thomas (37851426),Aaron Nesmith (37851609),Franz Wagner (37851369),Giannis Antetokounmpo (37851317),Julius Randle (37851443),Tre Jones (37851720),Talen Horton-Tucker (37851832),Onyeka Okongwu (37851459),287.3310069444444,386.2175631941094,50000,99.55%,0,54.59%,0,182.57999999999998,$2.18,CHI 2,BKN 1,user4,1,marvalshot,18182,4655040915_4
