PG,SG,SF,PF,C,G,F,UTIL,Proj,Ceiling,Salary,Cash %,Top 1%,ROI%,Wins,Own Sum,Avg Return,Stack1,Stack2,Lineup,Dupes,User,Index,Entry ID
Stephon Castle (38084005),Cason Wallace (38084201),Trey Murphy III (38083947),Karlo Matkovic (38084160),Isaiah Hartenstein (38083966),Scotty Pippen Jr. (38084268),Jabari Smith Jr. (38084102),Giannis Antetokounmpo (38083860),298.1732638888889,390.4005995965638,49900,100.00%,11260,291.59%,0,187.24,$8.75,OKC 2,NOP 2,user3,1,marvalshot,11882,4665146606_3
Russell Westbrook (38084014),Stephon Castle (38084005),Justin Champagnie (38084078),Kenrich Williams (38084292),Alperen Sengun (38083870),Jordan Hawkins (38084276),Giannis Antetokounmpo (38083860),Scotty Pippen Jr. (38084268),291.31664930555553,390.2917952101494,49800,100.00%,6,137.9%,0,242.13,$4.14,DEN 1,SAS 1,user15,1,marvalshot,11944,4665146607_15
Shai Gilgeous-Alexander (38083864),Stephon Castle (38084005),Dillon Brooks (38084093),Justin Champagnie (38084078),Jabari Smith Jr. (38084102),Russell Westbrook (38084014),Trey Murphy III (38083947),Scotty Pippen Jr. (38084268),304.3453342013888,388.963996983173,49900,100.00%,49241,9297.9%,294,215.77,$278.94,HOU 2,OKC 1,user1,1,marvalshot,11959,4665146608_1
Shai Gilgeous-Alexander (38083864),Cason Wallace (38084201),Trey Murphy III (38083947),Jabari Smith Jr. (38084102),Isaiah Hartenstein (38083966),Scotty Pippen Jr. (38084268),Dillon Brooks (38084093),Stephon Castle (38084005),303.4085980902778,384.0445965797368,50000,100.00%,48694,4576.54%,46,171.31,$137.3,OKC 3,HOU 2,user45,1,marvalshot,12005,4665146609_45
Cason Wallace (38084201),Stephon Castle (38084005),Jaime Jaquez Jr. (38084296),Kenrich Williams (38084292),Jabari Smith Jr. (38084102),Scotty Pippen Jr. (38084268),Giannis Antetokounmpo (38083860),Shai Gilgeous-Alexander (38083864),303.46831597222223,395.3469483093812,49400,100.00%,49475,3680.38%,3,207.88,$110.41,OKC 3,SAS 1,user24,1,marvalshot,12033,4665146610_24
Shai Gilgeous-Alexander (38083864),Stephon Castle (38084005),Justin Champagnie (38084078),Jaime Jaquez Jr. (38084296),Jabari Smith Jr. (38084102),Scotty Pippen Jr. (38084268),Giannis Antetokounmpo (38083860),Blake Wesley (38084468),300.4053342013888,398.153996983173,49700,100.00%,32396,527.09%,0,210.38,$15.81,SAS 2,OKC 1,user29,2,marvalshot,3253,4665146611_29
Blake Wesley (38084468),Cason Wallace (38084201),Justin Champagnie (38084078),Jaime Jaquez Jr. (38084296),Alperen Sengun (38083870),Russell Westbrook (38084014),Giannis Antetokounmpo (38083860),Stephon Castle (38084005),302.2263324652778,398.1911561160588,49800,100.00%,43545,2806.74%,15,208.36999999999998,$84.2,SAS 2,OKC 1,user31,1,marvalshot,12134,4665146612_31
Scotty Pippen Jr. (38084268),Stephon Castle (38084005),Justin Champagnie (38084078),Karlo Matkovic (38084160),Isaiah Hartenstein (38083966),Russell Westbrook (38084014),Trey Murphy III (38083947),Alperen Sengun (38083870),287.6269314236111,378.96944348050494,49900,100.00%,0,100.2%,0,207.97,$3.01,NOP 2,MEM 1,user5,1,marvalshot,12157,4665146613_5
Shai Gilgeous-Alexander (38083864),Stephon Castle (38084005),Kevin Huerter (38084121),Kenrich Williams (38084292),Giannis Antetokounmpo (38083860),Jordan Hawkins (38084276),Jabari Smith Jr. (38084102),Scotty Pippen Jr. (38084268),295.7419835069444,389.1557921933224,50000,100.00%,1528,195.52%,0,217.4,$5.87,OKC 2,SAS 1,user4,1,marvalshot,12205,4665146614_4
Scotty Pippen Jr. (38084268),Stephon Castle (38084005),Kevin Huerter (38084121),Jabari Smith Jr. (38084102),Isaiah Hartenstein (38083966),Russell Westbrook (38084014),Trey Murphy III (38083947),Alperen Sengun (38083870),289.1669314236111,376.979443480505,49900,100.00%,0,113.31%,0,213.7,$3.4,HOU 2,MEM 1,user22,1,marvalshot,12270,4665146615_22
Scotty Pippen Jr. (38084268),Cason Wallace (38084201),Christian Braun (38084009),Giannis Antetokounmpo (38083860),Isaiah Hartenstein (38083966),Stephon Castle (38084005),Jabari Smith Jr. (38084102),Russell Westbrook (38084014),297.7432638888889,388.91059959656377,49900,100.00%,8427,263.85%,0,212.42,$7.92,OKC 2,DEN 2,user34,1,marvalshot,11914,4665146606_34
Russell Westbrook (38084014),Stephon Castle (38084005),Trey Murphy III (38083947),Kenrich Williams (38084292),Nikola Jokic (38083858),Tre Jones (38084046),Jabari Smith Jr. (38084102),Scotty Pippen Jr. (38084268),290.78664930555556,384.39179521014944,50000,100.00%,11,131.38%,0,248.14999999999998,$3.94,DEN 2,SAS 1,user,1,marvalshot,7191,4665146607
Shai Gilgeous-Alexander (38083864),Stephon Castle (38084005),Trey Murphy III (38083947),Justin Champagnie (38084078),Jabari Smith Jr. (38084102),Scotty Pippen Jr. (38084268),Kevin Huerter (38084121),Russell Westbrook (38084014),304.11533420138886,389.433996983173,49700,100.00%,49093,7374.38%,164,227.29,$221.23,OKC 1,SAS 1,user3,1,marvalshot,11961,4665146608_3
Shai Gilgeous-Alexander (38083864),Cason Wallace (38084201),Kevin Huerter (38084121),Justin Champagnie (38084078),Isaiah Hartenstein (38083966),Stephon Castle (38084005),Trey Murphy III (38083947),Scotty Pippen Jr. (38084268),302.45859809027775,385.15459657973673,50000,100.00%,46081,2545.67%,16,181.38,$76.37,OKC 3,CHI 1,user42,1,marvalshot,12002,4665146609_42
Cason Wallace (38084201),Stephon Castle (38084005),Marcus Smart (38084223),Kenrich Williams (38084292),Giannis Antetokounmpo (38083860),Scotty Pippen Jr. (38084268),Jabari Smith Jr. (38084102),Shai Gilgeous-Alexander (38083864),303.11831597222226,395.24694830938125,49900,100.00%,48720,3159.13%,1,190.57,$94.77,OKC 3,SAS 1,user22,1,marvalshot,12031,4665146610_22
Shai Gilgeous-Alexander (38083864),Jordan Hawkins (38084276),Jaime Jaquez Jr. (38084296),Jabari Smith Jr. (38084102),Alperen Sengun (38083870),Tre Jones (38084046),Trey Murphy III (38083947),Scotty Pippen Jr. (38084268),298.74533420138886,386.523996983173,50000,100.00%,18129,425.45%,2,205.34,$12.76,NOP 2,HOU 2,user11,1,marvalshot,12067,4665146611_11
Scotty Pippen Jr. (38084268),Cason Wallace (38084201),Trey Murphy III (38083947),Jabari Smith Jr. (38084102),Karlo Matkovic (38084160),Russell Westbrook (38084014),Andrew Wiggins (38084002),Nikola Jokic (38083858),300.9263324652778,391.33115611605876,50000,100.00%,35774,1508.83%,3,192.22,$45.26,NOP 2,DEN 2,user6,1,marvalshot,12110,4665146612_6
Russell Westbrook (38084014),Aaron Holiday (38084416),Trey Murphy III (38083947),Giannis Antetokounmpo (38083860),Isaiah Hartenstein (38083966),Stephon Castle (38084005),Jabari Smith Jr. (38084102),Scotty Pippen Jr. (38084268),286.2969314236111,381.979443480505,50000,100.00%,0,90.93%,0,209.15,$2.73,HOU 2,DEN 1,user36,1,marvalshot,12188,4665146613_36
Shai Gilgeous-Alexander (38083864),Jordan Hawkins (38084276),Jaime Jaquez Jr. (38084296),Kenrich Williams (38084292),Giannis Antetokounmpo (38083860),Trey Murphy III (38083947),Jabari Smith Jr. (38084102),Scotty Pippen Jr. (38084268),291.51198350694443,385.40579219332244,50000,100.00%,4,140.13%,0,191.48,$4.2,OKC 2,NOP 2,user44,1,marvalshot,12244,4665146614_44
Stephon Castle (38084005),Luke Kennard (38084197),Jaime Jaquez Jr. (38084296),Giannis Antetokounmpo (38083860),Isaiah Hartenstein (38083966),Russell Westbrook (38084014),Trey Murphy III (38083947),Scotty Pippen Jr. (38084268),286.99693142361104,384.7594434805049,49900,100.00%,0,95.46%,0,243.5,$2.86,MEM 2,SAS 1,user41,1,marvalshot,12289,4665146615_41
Scotty Pippen Jr. (38084268),Cason Wallace (38084201),Kevin Huerter (38084121),Jabari Smith Jr. (38084102),Isaiah Hartenstein (38083966),Trey Murphy III (38083947),Giannis Antetokounmpo (38083860),Russell Westbrook (38084014),296.9432638888889,385.57059959656374,49900,100.00%,4903,235.54%,0,199.16,$7.07,OKC 2,MEM 1,user31,1,marvalshot,11911,4665146606_31
Russell Westbrook (38084014),Stephon Castle (38084005),Jaime Jaquez Jr. (38084296),Kenrich Williams (38084292),Alperen Sengun (38083870),Tre Jones (38084046),Giannis Antetokounmpo (38083860),Scotty Pippen Jr. (38084268),290.33664930555557,389.6717952101494,50000,100.00%,2,125.46%,0,264.76,$3.76,DEN 1,SAS 1,user29,1,marvalshot,11958,4665146607_29
Shai Gilgeous-Alexander (38083864),Stephon Castle (38084005),Trey Murphy III (38083947),Justin Champagnie (38084078),Karlo Matkovic (38084160),Russell Westbrook (38084014),Jabari Smith Jr. (38084102),Scotty Pippen Jr. (38084268),303.29533420138887,390.783996983173,49500,100.00%,47845,4401.08%,28,223.01,$132.03,NOP 2,OKC 1,user2,1,marvalshot,11960,4665146608_2
Shai Gilgeous-Alexander (38083864),Cason Wallace (38084201),Trey Murphy III (38083947),Karlo Matkovic (38084160),Isaiah Hartenstein (38083966),Scotty Pippen Jr. (38084268),Jabari Smith Jr. (38084102),Stephon Castle (38084005),302.35859809027784,385.8645965797368,49600,100.00%,46118,2232.65%,3,178.55,$66.98,OKC 3,NOP 2,user40,1,marvalshot,12000,4665146609_40
Cason Wallace (38084201),Stephon Castle (38084005),Trey Murphy III (38083947),Kenrich Williams (38084292),Jabari Smith Jr. (38084102),Scotty Pippen Jr. (38084268),Josh Hart (38083926),Shai Gilgeous-Alexander (38083864),302.5483159722222,381.7969483093812,49900,100.00%,46507,2666.14%,6,174.57999999999998,$79.98,OKC 3,SAS 1,user,1,marvalshot,560,4665146610
Shai Gilgeous-Alexander (38083864),Stephon Castle (38084005),Coby White (38083942),Kelly Olynyk (38084082),Jabari Smith Jr. (38084102),Russell Westbrook (38084014),Justin Champagnie (38084078),Scotty Pippen Jr. (38084268),298.2853342013889,386.78399698317304,50000,100.00%,14339,312.56%,0,204.39999999999998,$9.38,OKC 1,SAS 1,user31,1,marvalshot,12086,4665146611_31
Stephon Castle (38084005),Cason Wallace (38084201),Christian Braun (38084009),Jabari Smith Jr. (38084102),Nikola Jokic (38083858),Jose Alvarado (38084168),Trey Murphy III (38083947),Scotty Pippen Jr. (38084268),300.94633246527775,392.3911561160587,50000,100.00%,35780,1422.31%,4,177.59,$42.67,DEN 2,NOP 2,user20,1,marvalshot,12123,4665146612_20
Russell Westbrook (38084014),Stephon Castle (38084005),Kevin Huerter (38084121),Karlo Matkovic (38084160),Isaiah Hartenstein (38083966),Scotty Pippen Jr. (38084268),Jabari Smith Jr. (38084102),Nikola Jokic (38083858),286.14693142361114,381.159443480505,49900,100.00%,0,89.9%,0,221.66,$2.7,DEN 2,SAS 1,user42,1,marvalshot,12194,4665146613_42
Shai Gilgeous-Alexander (38083864),Stephon Castle (38084005),Kevin Huerter (38084121),Kenrich Williams (38084292),Giannis Antetokounmpo (38083860),Scotty Pippen Jr. (38084268),Jabari Smith Jr. (38084102),Mo Bamba (38084375),291.5219835069444,386.66579219332243,49600,100.00%,1,139.82%,0,199.66,$4.19,OKC 2,SAS 1,user49,1,marvalshot,12248,4665146614_49
Russell Westbrook (38084014),Stephon Castle (38084005),Trey Murphy III (38083947),Jabari Smith Jr. (38084102),Isaiah Hartenstein (38083966),Scotty Pippen Jr. (38084268),Kevin Huerter (38084121),Karl-Anthony Towns (38083872),286.5369314236111,374.12944348050496,49900,100.00%,0,92.5%,0,214.14,$2.77,DEN 1,SAS 1,user46,1,marvalshot,12294,4665146615_46
Stephon Castle (38084005),Cason Wallace (38084201),Devin Vassell (38083987),Karlo Matkovic (38084160),Isaiah Hartenstein (38083966),Russell Westbrook (38084014),Giannis Antetokounmpo (38083860),Scotty Pippen Jr. (38084268),296.68326388888886,390.6605995965637,49900,100.00%,3947,227.24%,0,216.39,$6.82,SAS 2,OKC 2,user5,1,marvalshot,11885,4665146606_5
Scotty Pippen Jr. (38084268),Stephon Castle (38084005),Devin Vassell (38083987),Kenrich Williams (38084292),Giannis Antetokounmpo (38083860),Russell Westbrook (38084014),Jabari Smith Jr. (38084102),Trey Murphy III (38083947),290.1366493055556,384.00179521014945,50000,100.00%,0,123.23%,0,221.56,$3.7,SAS 2,MEM 1,user14,1,marvalshot,11943,4665146607_14
Shai Gilgeous-Alexander (38083864),Stephon Castle (38084005),Trey Murphy III (38083947),Jabari Smith Jr. (38084102),Kelly Olynyk (38084082),Russell Westbrook (38084014),Justin Champagnie (38084078),Scotty Pippen Jr. (38084268),303.25533420138885,392.793996983173,50000,100.00%,47452,4325.96%,42,213.69,$129.78,NOP 2,OKC 1,user,1,marvalshot,3054,4665146608
Shai Gilgeous-Alexander (38083864),Cason Wallace (38084201),Justin Champagnie (38084078),Dillon Brooks (38084093),Isaiah Hartenstein (38083966),Russell Westbrook (38084014),Trey Murphy III (38083947),Scotty Pippen Jr. (38084268),300.6385980902777,381.2045965797367,50000,100.00%,33865,998.77%,3,177.5,$29.96,OKC 3,WAS 1,user20,1,marvalshot,11981,4665146609_20
Cason Wallace (38084201),Stephon Castle (38084005),Trey Murphy III (38083947),Kenrich Williams (38084292),Alexandre Sarr (38084017),Russell Westbrook (38084014),Jabari Smith Jr. (38084102),Shai Gilgeous-Alexander (38083864),302.2083159722222,383.52694830938117,49900,100.00%,44223,2534.23%,20,177.39999999999998,$76.03,OKC 3,SAS 1,user21,1,marvalshot,12030,4665146610_21
Shai Gilgeous-Alexander (38083864),Jordan Hawkins (38084276),Keldon Johnson (38084146),Jabari Smith Jr. (38084102),Alperen Sengun (38083870),Scotty Pippen Jr. (38084268),Justin Champagnie (38084078),Stephon Castle (38084005),298.44533420138896,388.85399698317315,49600,100.00%,15573,307.55%,0,190.56,$9.23,SAS 2,HOU 2,user41,1,marvalshot,12096,4665146611_41
Russell Westbrook (38084014),Cason Wallace (38084201),Trey Murphy III (38083947),Karlo Matkovic (38084160),Nikola Jokic (38083858),Stephon Castle (38084005),Justin Champagnie (38084078),Jaime Jaquez Jr. (38084296),300.73633246527777,393.3811561160588,50000,100.00%,34384,1350.96%,20,199.68,$40.53,DEN 2,NOP 2,user48,1,marvalshot,12151,4665146612_48
CJ McCollum (38083974),Stephon Castle (38084005),Jaime Jaquez Jr. (38084296),Jabari Smith Jr. (38084102),Isaiah Hartenstein (38083966),Russell Westbrook (38084014),Giannis Antetokounmpo (38083860),Scotty Pippen Jr. (38084268),286.0169314236111,383.89944348050494,49700,100.00%,0,88.9%,0,230.23,$2.67,NOP 1,SAS 1,user29,1,marvalshot,12181,4665146613_29
Shai Gilgeous-Alexander (38083864),Jordan Hawkins (38084276),Jaime Jaquez Jr. (38084296),Kenrich Williams (38084292),Alexandre Sarr (38084017),Scotty Pippen Jr. (38084268),Giannis Antetokounmpo (38083860),Stephon Castle (38084005),291.50198350694444,390.50579219332246,49800,100.00%,8,139.68%,0,210.06,$4.19,OKC 2,NOP 1,user20,1,marvalshot,12221,4665146614_20
Russell Westbrook (38084014),Stephon Castle (38084005),Trey Murphy III (38083947),Jabari Smith Jr. (38084102),Isaiah Hartenstein (38083966),Scotty Pippen Jr. (38084268),Jeremy Sochan (38084132),Alperen Sengun (38083870),285.9869314236111,376.64944348050494,49900,100.00%,0,88.86%,0,198.89,$2.67,SAS 2,HOU 2,user36,1,marvalshot,12284,4665146615_36
Stephon Castle (38084005),Cason Wallace (38084201),Keldon Johnson (38084146),Jabari Smith Jr. (38084102),Isaiah Hartenstein (38083966),Scotty Pippen Jr. (38084268),Trey Murphy III (38083947),Giannis Antetokounmpo (38083860),296.06326388888886,388.8505995965637,50000,100.00%,1852,202.81%,0,178.27999999999997,$6.08,SAS 2,OKC 2,user19,1,marvalshot,11899,4665146606_19
Russell Westbrook (38084014),Stephon Castle (38084005),Trey Murphy III (38083947),Kenrich Williams (38084292),Alexandre Sarr (38084017),Scotty Pippen Jr. (38084268),Jabari Smith Jr. (38084102),Giannis Antetokounmpo (38083860),289.5666493055556,385.36179521014947,49600,100.00%,0,116.75%,0,218.63,$3.5,DEN 1,SAS 1,user22,1,marvalshot,11951,4665146607_22
Shai Gilgeous-Alexander (38083864),Stephon Castle (38084005),Justin Champagnie (38084078),Jabari Smith Jr. (38084102),Mo Bamba (38084375),Jordan Hawkins (38084276),Giannis Antetokounmpo (38083860),Scotty Pippen Jr. (38084268),303.1553342013888,401.62399698317296,50000,100.00%,47323,1584.77%,17,210.14999999999998,$47.54,NOP 2,OKC 1,user4,46,marvalshot,11962,4665146608_4
Shai Gilgeous-Alexander (38083864),Cason Wallace (38084201),Trey Murphy III (38083947),Justin Champagnie (38084078),Isaiah Hartenstein (38083966),Scotty Pippen Jr. (38084268),Kevin Huerter (38084121),Russell Westbrook (38084014),300.4085980902778,381.6745965797368,49800,100.00%,32198,799.81%,0,189.02,$23.99,OKC 3,NOP 1,user3,1,marvalshot,11965,4665146609_3
Cason Wallace (38084201),Stephon Castle (38084005),Jaime Jaquez Jr. (38084296),Kenrich Williams (38084292),Giannis Antetokounmpo (38083860),Scotty Pippen Jr. (38084268),Justin Champagnie (38084078),Shai Gilgeous-Alexander (38083864),302.7483159722222,395.9869483093812,49600,100.00%,48258,2452.31%,8,206.42999999999998,$73.57,OKC 3,SAS 1,user36,1,marvalshot,12045,4665146610_36
Shai Gilgeous-Alexander (38083864),Jordan Hawkins (38084276),Dillon Brooks (38084093),Jaime Jaquez Jr. (38084296),Giannis Antetokounmpo (38083860),Scotty Pippen Jr. (38084268),Kevin Huerter (38084121),Russell Westbrook (38084014),297.8353342013889,391.363996983173,49900,100.00%,11184,292.22%,0,229.32999999999998,$8.77,OKC 1,NOP 1,user44,1,marvalshot,12099,4665146611_44
Stephon Castle (38084005),Cason Wallace (38084201),Jaylen Wells (38084213),Justin Champagnie (38084078),Alperen Sengun (38083870),Scotty Pippen Jr. (38084268),Karlo Matkovic (38084160),Giannis Antetokounmpo (38083860),300.67633246527777,394.8711561160587,49800,100.00%,34217,1029.69%,0,180.82999999999998,$30.89,MEM 2,SAS 1,user42,1,marvalshot,12145,4665146612_42
Russell Westbrook (38084014),Stephon Castle (38084005),Kevin Huerter (38084121),Giannis Antetokounmpo (38083860),Isaiah Hartenstein (38083966),Scotty Pippen Jr. (38084268),Dillon Brooks (38084093),Tre Jones (38084046),286.0069314236111,378.4394434805049,49800,100.00%,0,88.82%,0,248.55,$2.66,CHI 2,DEN 1,user40,1,marvalshot,12192,4665146613_40
Shai Gilgeous-Alexander (38083864),Stephon Castle (38084005),Corey Kispert (38084256),Kenrich Williams (38084292),Jabari Smith Jr. (38084102),Scotty Pippen Jr. (38084268),Karlo Matkovic (38084160),Giannis Antetokounmpo (38083860),291.19198350694444,386.20579219332245,50000,100.00%,2,135.59%,0,186.79,$4.07,OKC 2,SAS 1,user41,1,marvalshot,12241,4665146614_41
Scotty Pippen Jr. (38084268),Stephon Castle (38084005),Justin Champagnie (38084078),Jaime Jaquez Jr. (38084296),Isaiah Hartenstein (38083966),CJ McCollum (38083974),Giannis Antetokounmpo (38083860),Russell Westbrook (38084014),285.2969314236111,384.53944348050493,49900,99.99%,0,84.16%,0,228.77999999999997,$2.52,MEM 1,SAS 1,user37,1,marvalshot,12285,4665146615_37
Russell Westbrook (38084014),Cason Wallace (38084201),Kevin Huerter (38084121),Justin Champagnie (38084078),Isaiah Hartenstein (38083966),Stephon Castle (38084005),Jabari Smith Jr. (38084102),Giannis Antetokounmpo (38083860),295.5632638888889,383.55059959656376,50000,100.00%,1373,193.8%,0,195.71999999999997,$5.81,OKC 2,DEN 1,user45,1,marvalshot,11925,4665146606_45
Russell Westbrook (38084014),Stephon Castle (38084005),Jaime Jaquez Jr. (38084296),Kenrich Williams (38084292),Giannis Antetokounmpo (38083860),Scotty Pippen Jr. (38084268),Jabari Smith Jr. (38084102),Alperen Sengun (38083870),289.4566493055556,387.81179521014946,49500,100.00%,0,114.92%,0,238.75,$3.45,HOU 2,DEN 1,user27,1,marvalshot,11956,4665146607_27
Shai Gilgeous-Alexander (38083864),Jordan Hawkins (38084276),Justin Champagnie (38084078),Jabari Smith Jr. (38084102),Mo Bamba (38084375),Stephon Castle (38084005),Giannis Antetokounmpo (38083860),Scotty Pippen Jr. (38084268),303.1553342013888,401.62399698317296,50000,100.00%,47323,1584.77%,17,210.14999999999998,$47.54,NOP 2,OKC 1,user5,46,marvalshot,11962,4665146608_5
Shai Gilgeous-Alexander (38083864),Cason Wallace (38084201),Kevin Huerter (38084121),Justin Champagnie (38084078),Isaiah Hartenstein (38083966),Stephon Castle (38084005),Jabari Smith Jr. (38084102),Russell Westbrook (38084014),299.74859809027777,379.01459657973675,49700,100.00%,26312,504.22%,0,187.02999999999997,$15.13,OKC 3,CHI 1,user4,1,marvalshot,11966,4665146609_4
Cason Wallace (38084201),Stephon Castle (38084005),Jaime Jaquez Jr. (38084296),Kenrich Williams (38084292),Alperen Sengun (38083870),Russell Westbrook (38084014),Jabari Smith Jr. (38084102),Shai Gilgeous-Alexander (38083864),302.0983159722223,385.97694830938127,49800,100.00%,43993,2115.9%,6,197.51999999999998,$63.48,OKC 3,HOU 2,user14,1,marvalshot,12023,4665146610_14
Shai Gilgeous-Alexander (38083864),Jordan Hawkins (38084276),Jaime Jaquez Jr. (38084296),Karlo Matkovic (38084160),Giannis Antetokounmpo (38083860),Stephon Castle (38084005),Kelly Olynyk (38084082),Scotty Pippen Jr. (38084268),297.9753342013889,400.023996983173,50000,100.00%,11148,279.59%,0,215.32999999999998,$8.39,NOP 3,OKC 1,user28,1,marvalshot,12084,4665146611_28
Stephon Castle (38084005),Cason Wallace (38084201),Devin Vassell (38083987),Giannis Antetokounmpo (38083860),Alexandre Sarr (38084017),Scotty Pippen Jr. (38084268),Kelly Olynyk (38084082),Russell Westbrook (38084014),300.4663324652778,397.15115611605876,49500,100.00%,32135,1021.47%,1,204.2,$30.64,SAS 2,OKC 1,user13,1,marvalshot,12117,4665146612_13
Russell Westbrook (38084014),Jordan Hawkins (38084276),Marcus Smart (38084223),Giannis Antetokounmpo (38083860),Isaiah Hartenstein (38083966),Scotty Pippen Jr. (38084268),Trey Murphy III (38083947),Stephon Castle (38084005),285.9169314236111,384.539443480505,49700,100.00%,0,88.42%,0,229.12,$2.65,NOP 2,DEN 1,user18,1,marvalshot,12170,4665146613_18
Shai Gilgeous-Alexander (38083864),Kevin Huerter (38084121),Justin Champagnie (38084078),Kenrich Williams (38084292),Mo Bamba (38084375),Scotty Pippen Jr. (38084268),Giannis Antetokounmpo (38083860),Stephon Castle (38084005),290.80198350694445,387.3057921933224,49800,100.00%,2,130.67%,0,198.20999999999998,$3.92,OKC 2,CHI 1,user29,1,marvalshot,12230,4665146614_29
Scotty Pippen Jr. (38084268),Luke Kennard (38084197),Trey Murphy III (38083947),Karlo Matkovic (38084160),Isaiah Hartenstein (38083966),Stephon Castle (38084005),Jabari Smith Jr. (38084102),Giannis Antetokounmpo (38083860),285.2069314236111,380.08944348050494,49900,100.00%,0,83.64%,0,198.12,$2.51,MEM 2,NOP 2,user9,1,marvalshot,12257,4665146615_9
Scotty Pippen Jr. (38084268),Cason Wallace (38084201),OG Anunoby (38083970),Jabari Smith Jr. (38084102),Isaiah Hartenstein (38083966),Tre Jones (38084046),Giannis Antetokounmpo (38083860),Stephon Castle (38084005),295.5532638888889,383.33059959656373,49900,100.00%,1364,193.56%,0,203.23000000000002,$5.81,OKC 2,MEM 1,user24,1,marvalshot,11904,4665146606_24
Russell Westbrook (38084014),Jordan Hawkins (38084276),Dillon Brooks (38084093),Kenrich Williams (38084292),Alperen Sengun (38083870),Scotty Pippen Jr. (38084268),Giannis Antetokounmpo (38083860),Stephon Castle (38084005),289.33664930555557,386.02179521014943,49700,100.00%,0,114.88%,0,236.40999999999997,$3.45,HOU 2,DEN 1,user10,1,marvalshot,11939,4665146607_10
Shai Gilgeous-Alexander (38083864),Jordan Hawkins (38084276),Justin Champagnie (38084078),Jabari Smith Jr. (38084102),Mo Bamba (38084375),Stephon Castle (38084005),Giannis Antetokounmpo (38083860),Scotty Pippen Jr. (38084268),303.1553342013888,401.62399698317296,50000,100.00%,47323,1584.77%,17,210.14999999999998,$47.54,NOP 2,OKC 1,user6,46,marvalshot,11962,4665146608_6
Shai Gilgeous-Alexander (38083864),Cason Wallace (38084201),Devin Vassell (38083987),Jaime Jaquez Jr. (38084296),Isaiah Hartenstein (38083966),Stephon Castle (38084005),Trey Murphy III (38083947),Scotty Pippen Jr. (38084268),299.50859809027776,384.5045965797367,50000,100.00%,23740,501.58%,0,178.42000000000002,$15.05,OKC 3,SAS 2,user49,1,marvalshot,12009,4665146609_49
Cason Wallace (38084201),Stephon Castle (38084005),Gary Payton II (38084239),Kenrich Williams (38084292),Giannis Antetokounmpo (38083860),Scotty Pippen Jr. (38084268),Jabari Smith Jr. (38084102),Shai Gilgeous-Alexander (38083864),302.4483159722222,394.4269483093812,49800,100.00%,47171,1882.67%,0,187.45999999999998,$56.48,OKC 3,SAS 1,user13,1,marvalshot,12022,4665146610_13
Shai Gilgeous-Alexander (38083864),Jordan Hawkins (38084276),Julian Champagnie (38084347),Giannis Antetokounmpo (38083860),Karlo Matkovic (38084160),Scotty Pippen Jr. (38084268),Jabari Smith Jr. (38084102),Stephon Castle (38084005),298.04533420138887,394.823996983173,49600,100.00%,11767,273.21%,0,205.82999999999998,$8.2,NOP 2,SAS 2,user21,1,marvalshot,12077,4665146611_21
Russell Westbrook (38084014),Cason Wallace (38084201),Trey Murphy III (38083947),Kelly Olynyk (38084082),Giannis Antetokounmpo (38083860),Scotty Pippen Jr. (38084268),Andrew Wiggins (38084002),Tre Jones (38084046),299.6963324652778,392.4411561160588,50000,100.00%,25706,776.36%,0,217.02999999999997,$23.29,NOP 2,DEN 1,user1,1,marvalshot,12105,4665146612_1
Russell Westbrook (38084014),Luke Kennard (38084197),Andrew Wiggins (38084002),Jabari Smith Jr. (38084102),Isaiah Hartenstein (38083966),Stephon Castle (38084005),Giannis Antetokounmpo (38083860),Scotty Pippen Jr. (38084268),285.8069314236111,380.68944348050496,50000,100.00%,0,87.57%,0,232.6,$2.63,MEM 2,DEN 1,user27,1,marvalshot,12179,4665146613_27
Shai Gilgeous-Alexander (38083864),Stephon Castle (38084005),Justin Champagnie (38084078),Kenrich Williams (38084292),Giannis Antetokounmpo (38083860),Jose Alvarado (38084168),Jaime Jaquez Jr. (38084296),Scotty Pippen Jr. (38084268),290.6219835069444,388.9757921933224,49800,100.00%,2,128.3%,0,209.14999999999998,$3.85,OKC 2,SAS 1,user35,1,marvalshot,12236,4665146614_35
Tre Jones (38084046),Stephon Castle (38084005),Keldon Johnson (38084146),Giannis Antetokounmpo (38083860),Isaiah Hartenstein (38083966),Russell Westbrook (38084014),Justin Champagnie (38084078),Scotty Pippen Jr. (38084268),285.05693142361105,382.5094434805049,49800,99.99%,0,82.82%,0,241.03,$2.48,SAS 2,CHI 1,user40,1,marvalshot,12288,4665146615_40
Russell Westbrook (38084014),Cason Wallace (38084201),Trey Murphy III (38083947),Karlo Matkovic (38084160),Isaiah Hartenstein (38083966),Scotty Pippen Jr. (38084268),Justin Champagnie (38084078),Giannis Antetokounmpo (38083860),295.4032638888889,387.56059959656375,49900,100.00%,1138,191.61%,0,193.42999999999998,$5.75,OKC 2,NOP 2,user35,1,marvalshot,11915,4665146606_35
Russell Westbrook (38084014),Stephon Castle (38084005),Justin Champagnie (38084078),Kenrich Williams (38084292),Nikola Jokic (38083858),Scotty Pippen Jr. (38084268),Trey Murphy III (38083947),Jabari Smith Jr. (38084102),289.1866493055556,383.17179521014947,49700,100.00%,0,113.06%,0,220.69,$3.39,DEN 2,SAS 1,user3,1,marvalshot,11932,4665146607_3
Shai Gilgeous-Alexander (38083864),Jordan Hawkins (38084276),Justin Champagnie (38084078),Jabari Smith Jr. (38084102),Mo Bamba (38084375),Stephon Castle (38084005),Giannis Antetokounmpo (38083860),Scotty Pippen Jr. (38084268),303.1553342013888,401.62399698317296,50000,100.00%,47323,1584.77%,17,210.14999999999998,$47.54,NOP 2,OKC 1,user7,46,marvalshot,11962,4665146608_7
Shai Gilgeous-Alexander (38083864),Cason Wallace (38084201),Trey Murphy III (38083947),Justin Champagnie (38084078),Isaiah Hartenstein (38083966),Stephon Castle (38084005),Keldon Johnson (38084146),Scotty Pippen Jr. (38084268),299.52859809027774,384.95459657973674,49900,100.00%,24049,479.12%,1,168.14,$14.37,OKC 3,SAS 2,user41,1,marvalshot,12001,4665146609_41
Cason Wallace (38084201),Stephon Castle (38084005),Justin Champagnie (38084078),Kenrich Williams (38084292),Alperen Sengun (38083870),Scotty Pippen Jr. (38084268),Jabari Smith Jr. (38084102),Shai Gilgeous-Alexander (38083864),302.25831597222225,385.92694830938126,49100,100.00%,45946,1812.47%,0,182.82,$54.37,OKC 3,HOU 2,user18,1,marvalshot,12027,4665146610_18
Shai Gilgeous-Alexander (38083864),Jordan Hawkins (38084276),Kevin Huerter (38084121),Giannis Antetokounmpo (38083860),Karlo Matkovic (38084160),Scotty Pippen Jr. (38084268),Corey Kispert (38084256),Stephon Castle (38084005),297.68533420138886,394.203996983173,50000,100.00%,9933,268.61%,0,207.43,$8.06,NOP 2,OKC 1,user27,1,marvalshot,12083,4665146611_27
Russell Westbrook (38084014),Cason Wallace (38084201),OG Anunoby (38083970),Justin Champagnie (38084078),Alperen Sengun (38083870),CJ McCollum (38083974),Trey Murphy III (38083947),Scotty Pippen Jr. (38084268),299.4963324652777,382.2211561160587,49900,100.00%,24015,751.2%,0,172.39,$22.54,NOP 2,DEN 1,user29,1,marvalshot,12132,4665146612_29
Jordan Hawkins (38084276),Miles McBride (38084056),Trey Murphy III (38083947),Giannis Antetokounmpo (38083860),Isaiah Hartenstein (38083966),Stephon Castle (38084005),Jabari Smith Jr. (38084102),Scotty Pippen Jr. (38084268),285.6869314236111,378.45944348050494,50000,99.99%,0,86.91%,0,194.51999999999998,$2.61,NOP 2,NYK 1,user25,1,marvalshot,12177,4665146613_25
Shai Gilgeous-Alexander (38083864),Stephon Castle (38084005),Trey Murphy III (38083947),Kenrich Williams (38084292),Kelly Olynyk (38084082),Russell Westbrook (38084014),Devin Vassell (38083987),Scotty Pippen Jr. (38084268),290.5319835069444,379.66579219332243,49900,100.00%,2,127.95%,0,203.61999999999998,$3.84,OKC 2,SAS 2,user27,1,marvalshot,12228,4665146614_27
Scotty Pippen Jr. (38084268),Stephon Castle (38084005),Trey Murphy III (38083947),Justin Champagnie (38084078),Isaiah Hartenstein (38083966),Russell Westbrook (38084014),Karlo Matkovic (38084160),Karl-Anthony Towns (38083872),284.99693142361116,376.119443480505,49900,99.98%,0,82.6%,0,208.40999999999997,$2.48,NOP 2,MEM 1,user2,1,marvalshot,12250,4665146615_2
Stephon Castle (38084005),Cason Wallace (38084201),Trey Murphy III (38083947),Karlo Matkovic (38084160),Isaiah Hartenstein (38083966),Kevin Huerter (38084121),Giannis Antetokounmpo (38083860),Scotty Pippen Jr. (38084268),295.24326388888886,387.2405995965637,49800,100.00%,671,187.11%,0,191.59,$5.61,OKC 2,NOP 2,user49,1,marvalshot,11929,4665146606_49
Stephon Castle (38084005),Jordan Hawkins (38084276),Kevin Huerter (38084121),Kenrich Williams (38084292),Alperen Sengun (38083870),Russell Westbrook (38084014),Giannis Antetokounmpo (38083860),Scotty Pippen Jr. (38084268),289.10664930555555,386.4917952101494,49500,100.00%,1,112.53%,0,247.93,$3.38,SAS 1,NOP 1,user19,1,marvalshot,11948,4665146607_19
Shai Gilgeous-Alexander (38083864),Jordan Hawkins (38084276),Justin Champagnie (38084078),Jabari Smith Jr. (38084102),Mo Bamba (38084375),Stephon Castle (38084005),Giannis Antetokounmpo (38083860),Scotty Pippen Jr. (38084268),303.1553342013888,401.62399698317296,50000,100.00%,47323,1584.77%,17,210.14999999999998,$47.54,NOP 2,OKC 1,user8,46,marvalshot,11962,4665146608_8
Shai Gilgeous-Alexander (38083864),Cason Wallace (38084201),Justin Champagnie (38084078),Karlo Matkovic (38084160),Isaiah Hartenstein (38083966),Russell Westbrook (38084014),Jabari Smith Jr. (38084102),Stephon Castle (38084005),298.9285980902778,380.36459657973677,49500,100.00%,18555,379.56%,0,182.75,$11.39,OKC 3,WAS 1,user5,1,marvalshot,11967,4665146609_5
Cason Wallace (38084201),Stephon Castle (38084005),Corey Kispert (38084256),Kenrich Williams (38084292),Jabari Smith Jr. (38084102),Scotty Pippen Jr. (38084268),Giannis Antetokounmpo (38083860),Shai Gilgeous-Alexander (38083864),302.3183159722222,392.8869483093812,49700,100.00%,46668,1802.72%,0,186.38,$54.08,OKC 3,SAS 1,user27,1,marvalshot,12036,4665146610_27
Shai Gilgeous-Alexander (38083864),Jalen Green (38083952),Trey Murphy III (38083947),Kelly Olynyk (38084082),Jabari Smith Jr. (38084102),Scotty Pippen Jr. (38084268),Jaime Jaquez Jr. (38084296),Stephon Castle (38084005),297.33533420138895,386.0239969831731,49900,100.00%,7921,258.52%,0,181.28999999999996,$7.76,HOU 2,NOP 2,user20,1,marvalshot,12076,4665146611_20
Russell Westbrook (38084014),Cason Wallace (38084201),Marcus Smart (38084223),Dillon Brooks (38084093),Jabari Smith Jr. (38084102),Stephon Castle (38084005),Trey Murphy III (38083947),Giannis Antetokounmpo (38083860),300.0863324652778,388.0611561160588,49700,100.00%,29202,750.07%,0,184.7,$22.5,HOU 2,DEN 1,user9,1,marvalshot,12113,4665146612_9
Scotty Pippen Jr. (38084268),Stephon Castle (38084005),Dillon Brooks (38084093),Karlo Matkovic (38084160),Isaiah Hartenstein (38083966),Russell Westbrook (38084014),Trey Murphy III (38083947),Alperen Sengun (38083870),285.6469314236111,374.69944348050495,49800,100.00%,0,86.64%,0,202.25,$2.6,HOU 2,NOP 2,user13,1,marvalshot,12165,4665146613_13
Shai Gilgeous-Alexander (38083864),Kevin Huerter (38084121),Justin Champagnie (38084078),Kenrich Williams (38084292),Giannis Antetokounmpo (38083860),Scotty Pippen Jr. (38084268),Jaime Jaquez Jr. (38084296),Russell Westbrook (38084014),290.3919835069445,384.4757921933225,49900,100.00%,0,125.39%,0,218.76,$3.76,OKC 2,CHI 1,user36,2,marvalshot,2579,4665146614_36
Russell Westbrook (38084014),Stephon Castle (38084005),Trey Murphy III (38083947),Jeremy Sochan (38084132),Isaiah Hartenstein (38083966),Scotty Pippen Jr. (38084268),Giannis Antetokounmpo (38083860),Blake Wesley (38084468),284.66693142361106,384.4294434805049,49900,99.98%,0,80.45%,0,214.65,$2.41,SAS 3,DEN 1,user31,1,marvalshot,12279,4665146615_31
Stephon Castle (38084005),Cason Wallace (38084201),Trey Murphy III (38083947),Jaime Jaquez Jr. (38084296),Isaiah Hartenstein (38083966),Scotty Pippen Jr. (38084268),Jabari Smith Jr. (38084102),Nikola Jokic (38083858),295.0932638888889,387.57059959656374,49800,100.00%,784,185.72%,0,187.69,$5.57,OKC 2,SAS 1,user46,1,marvalshot,11926,4665146606_46
Russell Westbrook (38084014),Stephon Castle (38084005),Marcus Smart (38084223),Kenrich Williams (38084292),Alperen Sengun (38083870),Scotty Pippen Jr. (38084268),Giannis Antetokounmpo (38083860),Jabari Smith Jr. (38084102),289.10664930555555,387.71179521014943,50000,100.00%,0,112.12%,0,221.44,$3.36,HOU 2,DEN 1,user24,1,marvalshot,11953,4665146607_24
Shai Gilgeous-Alexander (38083864),Jordan Hawkins (38084276),Justin Champagnie (38084078),Jabari Smith Jr. (38084102),Mo Bamba (38084375),Stephon Castle (38084005),Giannis Antetokounmpo (38083860),Scotty Pippen Jr. (38084268),303.1553342013888,401.62399698317296,50000,100.00%,47323,1584.77%,17,210.14999999999998,$47.54,NOP 2,OKC 1,user9,46,marvalshot,11962,4665146608_9
Shai Gilgeous-Alexander (38083864),Cason Wallace (38084201),Kevin Huerter (38084121),Dillon Brooks (38084093),Isaiah Hartenstein (38083966),Scotty Pippen Jr. (38084268),Trey Murphy III (38083947),Russell Westbrook (38084014),298.4285980902778,377.40459657973673,49700,100.00%,14452,362.35%,0,183.29999999999998,$10.87,OKC 3,CHI 1,user39,1,marvalshot,11999,4665146609_39
Cason Wallace (38084201),Stephon Castle (38084005),Jaime Jaquez Jr. (38084296),Kenrich Williams (38084292),Alperen Sengun (38083870),Russell Westbrook (38084014),Justin Champagnie (38084078),Shai Gilgeous-Alexander (38083864),301.37831597222225,386.61694830938126,50000,100.00%,39410,1487.76%,6,196.07,$44.63,OKC 3,SAS 1,user10,1,marvalshot,12019,4665146610_10
Shai Gilgeous-Alexander (38083864),Jordan Hawkins (38084276),Kevin Huerter (38084121),Kelly Olynyk (38084082),Mo Bamba (38084375),Scotty Pippen Jr. (38084268),Giannis Antetokounmpo (38083860),Stephon Castle (38084005),297.1553342013889,398.023996983173,49900,100.00%,7023,237.09%,0,206.7,$7.11,NOP 3,OKC 1,user12,1,marvalshot,12068,4665146611_12
Stephon Castle (38084005),Cason Wallace (38084201),Justin Champagnie (38084078),Karlo Matkovic (38084160),Giannis Antetokounmpo (38083860),Trey Murphy III (38083947),Andrew Wiggins (38084002),Scotty Pippen Jr. (38084268),300.18633246527776,392.6911561160588,49400,100.00%,30514,715.13%,0,191.25,$21.45,NOP 2,SAS 1,user12,1,marvalshot,12116,4665146612_12
Russell Westbrook (38084014),Stephon Castle (38084005),Trey Murphy III (38083947),Justin Champagnie (38084078),Isaiah Hartenstein (38083966),Scotty Pippen Jr. (38084268),Keldon Johnson (38084146),Alperen Sengun (38083870),285.5169314236111,377.4194434805049,50000,99.99%,0,85.9%,0,199.01,$2.58,SAS 2,DEN 1,user,1,marvalshot,6315,4665146613
Shai Gilgeous-Alexander (38083864),Stephon Castle (38084005),Jaime Jaquez Jr. (38084296),Kenrich Williams (38084292),Alperen Sengun (38083870),Russell Westbrook (38084014),Jonathan Kuminga (38084041),Scotty Pippen Jr. (38084268),290.2119835069444,385.0057921933224,49800,100.00%,1,124.14%,0,217.60999999999999,$3.72,OKC 2,SAS 1,user3,1,marvalshot,12204,4665146614_3
Scotty Pippen Jr. (38084268),Stephon Castle (38084005),Dillon Brooks (38084093),Kelly Olynyk (38084082),Isaiah Hartenstein (38083966),Russell Westbrook (38084014),Jabari Smith Jr. (38084102),Giannis Antetokounmpo (38083860),284.26693142361114,379.939443480505,49600,99.96%,0,78.17%,0,208.94,$2.35,HOU 2,MEM 1,user48,1,marvalshot,12296,4665146615_48
Scotty Pippen Jr. (38084268),Cason Wallace (38084201),Coby White (38083942),Jaime Jaquez Jr. (38084296),Isaiah Hartenstein (38083966),Russell Westbrook (38084014),Giannis Antetokounmpo (38083860),Stephon Castle (38084005),294.9932638888889,389.06059959656375,49900,100.00%,592,183.34%,0,223.32999999999998,$5.5,OKC 2,MEM 1,user9,1,marvalshot,11889,4665146606_9
Scotty Pippen Jr. (38084268),Stephon Castle (38084005),Trey Murphy III (38083947),Kenrich Williams (38084292),Alexandre Sarr (38084017),Russell Westbrook (38084014),Justin Champagnie (38084078),Giannis Antetokounmpo (38083860),288.84664930555556,386.0017952101494,49800,100.00%,0,109.74%,0,217.18,$3.29,WAS 2,MEM 1,user1,1,marvalshot,11930,4665146607_1
Shai Gilgeous-Alexander (38083864),Jordan Hawkins (38084276),Justin Champagnie (38084078),Jabari Smith Jr. (38084102),Mo Bamba (38084375),Stephon Castle (38084005),Giannis Antetokounmpo (38083860),Scotty Pippen Jr. (38084268),303.1553342013888,401.62399698317296,50000,100.00%,47323,1584.77%,17,210.14999999999998,$47.54,NOP 2,OKC 1,user10,46,marvalshot,11962,4665146608_10
Shai Gilgeous-Alexander (38083864),Cason Wallace (38084201),Justin Champagnie (38084078),Jabari Smith Jr. (38084102),Isaiah Hartenstein (38083966),Scotty Pippen Jr. (38084268),Trey Murphy III (38083947),Alexandre Sarr (38084017),298.1285980902777,380.16459657973667,49900,100.00%,12047,297.06%,0,136.23,$8.91,OKC 3,WAS 2,user32,1,marvalshot,11992,4665146609_32
Cason Wallace (38084201),Stephon Castle (38084005),Julian Champagnie (38084347),Kenrich Williams (38084292),Alperen Sengun (38083870),Scotty Pippen Jr. (38084268),Trey Murphy III (38083947),Shai Gilgeous-Alexander (38083864),301.0883159722222,387.1169483093812,49900,100.00%,37651,1290.87%,11,173.12,$38.73,OKC 3,SAS 2,user1,1,marvalshot,12010,4665146610_1
Shai Gilgeous-Alexander (38083864),Kevin Huerter (38084121),Dillon Brooks (38084093),Jabari Smith Jr. (38084102),Alexandre Sarr (38084017),Scotty Pippen Jr. (38084268),Trey Murphy III (38083947),Stephon Castle (38084005),296.92533420138886,380.493996983173,49600,100.00%,6002,236.84%,0,173.13,$7.11,HOU 2,OKC 1,user30,1,marvalshot,12085,4665146611_30
Scotty Pippen Jr. (38084268),Cason Wallace (38084201),Gary Payton II (38084239),Karlo Matkovic (38084160),Karl-Anthony Towns (38083872),Stephon Castle (38084005),Trey Murphy III (38083947),Alperen Sengun (38083870),299.5763324652778,390.33115611605876,50000,100.00%,24562,706.37%,0,168.5,$21.19,NOP 2,MEM 1,user,1,marvalshot,5006,4665146612
Jordan Hawkins (38084276),Trey Murphy III (38083947),Justin Champagnie (38084078),Giannis Antetokounmpo (38083860),Isaiah Hartenstein (38083966),Russell Westbrook (38084014),Jabari Smith Jr. (38084102),Scotty Pippen Jr. (38084268),285.4569314236111,378.9394434805049,49500,99.99%,0,85.45%,0,207.17,$2.56,NOP 2,WAS 1,user49,1,marvalshot,12201,4665146613_49
Shai Gilgeous-Alexander (38083864),Stephon Castle (38084005),Kevin Huerter (38084121),Kenrich Williams (38084292),Bam Adebayo (38083887),Russell Westbrook (38084014),Jabari Smith Jr. (38084102),Scotty Pippen Jr. (38084268),289.3419835069444,374.3657921933224,49700,100.00%,0,114.6%,0,217.16,$3.44,OKC 2,SAS 1,user32,1,marvalshot,12233,4665146614_32
Scotty Pippen Jr. (38084268),Jordan Hawkins (38084276),Coby White (38083942),Jabari Smith Jr. (38084102),Isaiah Hartenstein (38083966),Tre Jones (38084046),Giannis Antetokounmpo (38083860),Stephon Castle (38084005),284.13693142361114,377.629443480505,50000,99.95%,0,77.48%,0,217.7,$2.32,CHI 2,MEM 1,user,1,marvalshot,6318,4665146615
Stephon Castle (38084005),Cason Wallace (38084201),Keldon Johnson (38084146),Jabari Smith Jr. (38084102),Isaiah Hartenstein (38083966),Jalen Green (38083952),Giannis Antetokounmpo (38083860),Scotty Pippen Jr. (38084268),294.5332638888888,386.15059959656367,50000,100.00%,390,176.42%,0,173.64,$5.29,SAS 2,OKC 2,user39,1,marvalshot,11919,4665146606_39
Jordan Hawkins (38084276),Stephon Castle (38084005),Justin Champagnie (38084078),Kenrich Williams (38084292),Karl-Anthony Towns (38083872),Scotty Pippen Jr. (38084268),Giannis Antetokounmpo (38083860),Russell Westbrook (38084014),288.68664930555553,387.4417952101494,49800,100.00%,1,108.46%,0,242.57,$3.25,NOP 1,SAS 1,user12,1,marvalshot,11941,4665146607_12
Shai Gilgeous-Alexander (38083864),Jordan Hawkins (38084276),Justin Champagnie (38084078),Jabari Smith Jr. (38084102),Mo Bamba (38084375),Stephon Castle (38084005),Giannis Antetokounmpo (38083860),Scotty Pippen Jr. (38084268),303.1553342013888,401.62399698317296,50000,100.00%,47323,1584.77%,17,210.14999999999998,$47.54,NOP 2,OKC 1,user11,46,marvalshot,11962,4665146608_11
Shai Gilgeous-Alexander (38083864),Cason Wallace (38084201),Jaime Jaquez Jr. (38084296),Karlo Matkovic (38084160),Isaiah Hartenstein (38083966),Jordan Hawkins (38084276),Giannis Antetokounmpo (38083860),Scotty Pippen Jr. (38084268),298.0585980902777,392.0645965797367,49900,100.00%,10768,287.13%,0,186.31,$8.61,OKC 3,NOP 2,user7,1,marvalshot,11969,4665146609_7
Cason Wallace (38084201),Stephon Castle (38084005),Justin Champagnie (38084078),Kenrich Williams (38084292),Giannis Antetokounmpo (38083860),Scotty Pippen Jr. (38084268),Gary Payton II (38084239),Shai Gilgeous-Alexander (38083864),301.7283159722222,395.0669483093812,50000,100.00%,43598,1285.93%,1,186.01,$38.58,OKC 3,SAS 1,user29,1,marvalshot,12038,4665146610_29
Shai Gilgeous-Alexander (38083864),Stephon Castle (38084005),OG Anunoby (38083970),Justin Champagnie (38084078),Karlo Matkovic (38084160),Scotty Pippen Jr. (38084268),Andrew Wiggins (38084002),Russell Westbrook (38084014),296.68533420138886,382.803996983173,50000,100.00%,5606,236.1%,0,209.76,$7.08,OKC 1,SAS 1,user17,1,marvalshot,12073,4665146611_17
Scotty Pippen Jr. (38084268),Cason Wallace (38084201),Trey Murphy III (38083947),Justin Champagnie (38084078),Alexandre Sarr (38084017),Russell Westbrook (38084014),Jonathan Kuminga (38084041),Giannis Antetokounmpo (38083860),299.54633246527777,395.58115611605876,49900,100.00%,24326,626.34%,0,178.04000000000002,$18.79,WAS 2,MEM 1,user26,1,marvalshot,12129,4665146612_26
Scotty Pippen Jr. (38084268),Stephon Castle (38084005),Trey Murphy III (38083947),Giannis Antetokounmpo (38083860),Isaiah Hartenstein (38083966),Jordan Hawkins (38084276),Karlo Matkovic (38084160),Tre Jones (38084046),285.3569314236111,381.82944348050495,49700,100.00%,0,84.57%,0,227.06,$2.54,NOP 3,MEM 1,user34,1,marvalshot,12186,4665146613_34
Shai Gilgeous-Alexander (38083864),Jalen Green (38083952),Trey Murphy III (38083947),Kenrich Williams (38084292),Jabari Smith Jr. (38084102),Russell Westbrook (38084014),Kelly Olynyk (38084082),Scotty Pippen Jr. (38084268),288.44198350694444,373.22579219332243,49700,100.00%,0,106.58%,0,177.46999999999997,$3.2,OKC 2,HOU 2,user26,1,marvalshot,12227,4665146614_26
Scotty Pippen Jr. (38084268),Stephon Castle (38084005),Keldon Johnson (38084146),Jabari Smith Jr. (38084102),Isaiah Hartenstein (38083966),Russell Westbrook (38084014),Justin Champagnie (38084078),Giannis Antetokounmpo (38083860),284.1769314236111,380.64944348050494,49300,99.97%,0,77.42%,0,215.02,$2.32,SAS 2,MEM 1,user6,1,marvalshot,12254,4665146615_6
Russell Westbrook (38084014),Cason Wallace (38084201),Trey Murphy III (38083947),Justin Champagnie (38084078),Isaiah Hartenstein (38083966),Jose Alvarado (38084168),Giannis Antetokounmpo (38083860),Scotty Pippen Jr. (38084268),294.4032638888889,387.2305995965637,49800,100.00%,415,175.6%,0,195.73999999999998,$5.27,OKC 2,NOP 2,user21,1,marvalshot,11901,4665146606_21
Scotty Pippen Jr. (38084268),Stephon Castle (38084005),Trey Murphy III (38083947),Kenrich Williams (38084292),Giannis Antetokounmpo (38083860),Tre Jones (38084046),Jabari Smith Jr. (38084102),Russell Westbrook (38084014),288.7166493055556,381.63179521014945,49000,100.00%,0,108.3%,0,256.27,$3.25,MEM 1,SAS 1,user26,1,marvalshot,11955,4665146607_26
Shai Gilgeous-Alexander (38083864),Jordan Hawkins (38084276),Justin Champagnie (38084078),Jabari Smith Jr. (38084102),Mo Bamba (38084375),Stephon Castle (38084005),Giannis Antetokounmpo (38083860),Scotty Pippen Jr. (38084268),303.1553342013888,401.62399698317296,50000,100.00%,47323,1584.77%,17,210.14999999999998,$47.54,NOP 2,OKC 1,user12,46,marvalshot,11962,4665146608_12
Shai Gilgeous-Alexander (38083864),Cason Wallace (38084201),Julian Champagnie (38084347),Jabari Smith Jr. (38084102),Isaiah Hartenstein (38083966),Scotty Pippen Jr. (38084268),Giannis Antetokounmpo (38083860),Jordan Hawkins (38084276),298.0885980902778,388.87459657973676,50000,100.00%,11515,284.47%,0,167.49,$8.53,OKC 3,SAS 1,user,1,marvalshot,369,4665146609
Cason Wallace (38084201),Stephon Castle (38084005),Corey Kispert (38084256),Kenrich Williams (38084292),Giannis Antetokounmpo (38083860),Scotty Pippen Jr. (38084268),Justin Champagnie (38084078),Shai Gilgeous-Alexander (38083864),301.5983159722222,393.5269483093812,49900,100.00%,42814,1182.53%,1,184.92999999999998,$35.48,OKC 3,WAS 2,user4,1,marvalshot,12013,4665146610_4
Shai Gilgeous-Alexander (38083864),Trey Murphy III (38083947),Justin Champagnie (38084078),Jaime Jaquez Jr. (38084296),Jabari Smith Jr. (38084102),Scotty Pippen Jr. (38084268),Coby White (38083942),Stephon Castle (38084005),296.9653342013888,383.153996983173,49900,100.00%,5544,230.52%,0,184.44,$6.92,OKC 1,NOP 1,user7,1,marvalshot,12063,4665146611_7
Jordan Hawkins (38084276),Cason Wallace (38084201),Justin Champagnie (38084078),Giannis Antetokounmpo (38083860),Jabari Smith Jr. (38084102),Scotty Pippen Jr. (38084268),Corey Kispert (38084256),Nikola Jokic (38083858),299.91633246527783,398.24115611605885,50000,100.00%,27454,618.1%,0,172.62,$18.54,WAS 2,NOP 1,user38,1,marvalshot,12141,4665146612_38
Stephon Castle (38084005),Jordan Hawkins (38084276),Gary Payton II (38084239),Giannis Antetokounmpo (38083860),Isaiah Hartenstein (38083966),Russell Westbrook (38084014),Trey Murphy III (38083947),Scotty Pippen Jr. (38084268),285.2469314236111,383.719443480505,49600,99.99%,0,84.02%,0,226.01,$2.52,NOP 2,SAS 1,user45,1,marvalshot,12197,4665146613_45
Shai Gilgeous-Alexander (38083864),Jordan Hawkins (38084276),Jaime Jaquez Jr. (38084296),Kenrich Williams (38084292),Alperen Sengun (38083870),Russell Westbrook (38084014),Josh Hart (38083926),Scotty Pippen Jr. (38084268),288.4219835069444,375.9257921933224,50000,100.00%,0,106.53%,0,204.51999999999998,$3.2,OKC 2,NOP 1,user12,1,marvalshot,12213,4665146614_12
Scotty Pippen Jr. (38084268),Jordan Hawkins (38084276),Jaime Jaquez Jr. (38084296),Giannis Antetokounmpo (38083860),Isaiah Hartenstein (38083966),Russell Westbrook (38084014),Karlo Matkovic (38084160),Alperen Sengun (38083870),284.0469314236111,384.52944348050494,50000,99.95%,0,76.96%,0,217.17999999999998,$2.31,NOP 2,MEM 1,user24,1,marvalshot,12272,4665146615_24
Scotty Pippen Jr. (38084268),Cason Wallace (38084201),Trey Murphy III (38083947),Jaime Jaquez Jr. (38084296),Isaiah Hartenstein (38083966),Stephon Castle (38084005),Justin Champagnie (38084078),Nikola Jokic (38083858),294.3732638888889,388.2105995965637,50000,100.00%,391,175.21%,0,186.23999999999998,$5.26,OKC 2,MEM 1,user17,1,marvalshot,11897,4665146606_17
Scotty Pippen Jr. (38084268),Stephon Castle (38084005),Justin Champagnie (38084078),Kenrich Williams (38084292),Alperen Sengun (38083870),Russell Westbrook (38084014),Jaime Jaquez Jr. (38084296),Giannis Antetokounmpo (38083860),288.7366493055556,388.45179521014944,49700,100.00%,0,108.18%,0,237.3,$3.25,MEM 1,SAS 1,user4,1,marvalshot,11933,4665146607_4
Shai Gilgeous-Alexander (38083864),Jordan Hawkins (38084276),Justin Champagnie (38084078),Jabari Smith Jr. (38084102),Mo Bamba (38084375),Stephon Castle (38084005),Giannis Antetokounmpo (38083860),Scotty Pippen Jr. (38084268),303.1553342013888,401.62399698317296,50000,100.00%,47323,1584.77%,17,210.14999999999998,$47.54,NOP 2,OKC 1,user13,46,marvalshot,11962,4665146608_13
Shai Gilgeous-Alexander (38083864),Cason Wallace (38084201),Kevin Huerter (38084121),Jabari Smith Jr. (38084102),Isaiah Hartenstein (38083966),Jordan Hawkins (38084276),Trey Murphy III (38083947),Stephon Castle (38084005),297.93859809027776,376.78459657973673,49700,100.00%,10891,283.91%,0,164.10000000000002,$8.52,OKC 3,NOP 2,user44,1,marvalshot,12004,4665146609_44
Cason Wallace (38084201),Stephon Castle (38084005),Jaime Jaquez Jr. (38084296),Kenrich Williams (38084292),Mo Bamba (38084375),Russell Westbrook (38084014),Giannis Antetokounmpo (38083860),Shai Gilgeous-Alexander (38083864),300.9483159722222,395.3869483093812,50000,100.00%,36767,1001.73%,1,208.21999999999997,$30.05,OKC 3,SAS 1,user11,1,marvalshot,12020,4665146610_11
Shai Gilgeous-Alexander (38083864),Jordan Hawkins (38084276),Jaime Jaquez Jr. (38084296),Justin Champagnie (38084078),Jeremy Sochan (38084132),Russell Westbrook (38084014),Giannis Antetokounmpo (38083860),Scotty Pippen Jr. (38084268),296.63533420138884,395.30399698317296,50000,100.00%,5173,225.22%,0,220.24,$6.76,OKC 1,NOP 1,user18,1,marvalshot,12074,4665146611_18
Stephon Castle (38084005),Cason Wallace (38084201),Justin Champagnie (38084078),Corey Kispert (38084256),Giannis Antetokounmpo (38083860),Russell Westbrook (38084014),Jabari Smith Jr. (38084102),Jalen Green (38083952),299.73633246527777,387.27115611605876,49600,100.00%,26122,590.55%,0,181.58999999999997,$17.72,WAS 2,HOU 2,user33,1,marvalshot,12136,4665146612_33
Russell Westbrook (38084014),Stephon Castle (38084005),OG Anunoby (38083970),Dillon Brooks (38084093),Isaiah Hartenstein (38083966),Jordan Hawkins (38084276),Giannis Antetokounmpo (38083860),Scotty Pippen Jr. (38084268),285.2169314236111,377.6694434805049,49900,99.99%,0,83.97%,0,220.67,$2.52,DEN 1,SAS 1,user31,1,marvalshot,12183,4665146613_31
Shai Gilgeous-Alexander (38083864),Jalen Green (38083952),Justin Champagnie (38084078),Kenrich Williams (38084292),Jabari Smith Jr. (38084102),Stephon Castle (38084005),Trey Murphy III (38083947),Jordan Hawkins (38084276),288.3219835069445,369.4157921933225,49800,100.00%,0,105.67%,0,158.89999999999998,$3.17,OKC 2,HOU 2,user42,1,marvalshot,12242,4665146614_42
Jordan Hawkins (38084276),Stephon Castle (38084005),Dillon Brooks (38084093),Giannis Antetokounmpo (38083860),Isaiah Hartenstein (38083966),Jalen Green (38083952),Jabari Smith Jr. (38084102),Scotty Pippen Jr. (38084268),283.9969314236111,375.44944348050495,49600,99.92%,0,76.56%,0,189.17,$2.3,HOU 3,NOP 1,user20,1,marvalshot,12268,4665146615_20
Scotty Pippen Jr. (38084268),Cason Wallace (38084201),Trey Murphy III (38083947),Dillon Brooks (38084093),Isaiah Hartenstein (38083966),Russell Westbrook (38084014),Kevin Huerter (38084121),Giannis Antetokounmpo (38083860),294.2432638888889,381.94059959656374,50000,100.00%,403,174.01%,0,191.98999999999998,$5.22,OKC 2,MEM 1,user11,1,marvalshot,11891,4665146606_11
Scotty Pippen Jr. (38084268),Stephon Castle (38084005),Josh Hart (38083926),Kenrich Williams (38084292),Jabari Smith Jr. (38084102),Russell Westbrook (38084014),Trey Murphy III (38083947),Alperen Sengun (38083870),288.53664930555556,374.26179521014944,50000,100.00%,0,107.62%,0,205.45,$3.23,HOU 2,MEM 1,user13,1,marvalshot,11942,4665146607_13
Shai Gilgeous-Alexander (38083864),Jordan Hawkins (38084276),Justin Champagnie (38084078),Jabari Smith Jr. (38084102),Mo Bamba (38084375),Stephon Castle (38084005),Giannis Antetokounmpo (38083860),Scotty Pippen Jr. (38084268),303.1553342013888,401.62399698317296,50000,100.00%,47323,1584.77%,17,210.14999999999998,$47.54,NOP 2,OKC 1,user14,46,marvalshot,11962,4665146608_14
Shai Gilgeous-Alexander (38083864),Cason Wallace (38084201),Justin Champagnie (38084078),Jabari Smith Jr. (38084102),Isaiah Hartenstein (38083966),Scotty Pippen Jr. (38084268),Jaime Jaquez Jr. (38084296),Alperen Sengun (38083870),298.01859809027775,382.6145965797367,49800,100.00%,10757,281.55%,0,156.35,$8.45,OKC 3,HOU 2,user21,1,marvalshot,11982,4665146609_21
Cason Wallace (38084201),Stephon Castle (38084005),Jaime Jaquez Jr. (38084296),Kenrich Williams (38084292),Giannis Antetokounmpo (38083860),Scotty Pippen Jr. (38084268),Dillon Brooks (38084093),Shai Gilgeous-Alexander (38083864),300.76831597222224,391.7169483093812,49500,100.00%,36569,754.76%,0,200.70999999999998,$22.64,OKC 3,SAS 1,user32,1,marvalshot,12041,4665146610_32
Shai Gilgeous-Alexander (38083864),Trey Murphy III (38083947),Josh Hart (38083926),Karlo Matkovic (38084160),Mo Bamba (38084375),Scotty Pippen Jr. (38084268),Jabari Smith Jr. (38084102),Stephon Castle (38084005),296.6253342013889,383.78399698317304,49900,100.00%,4705,222.81%,0,173.54,$6.68,NOP 3,OKC 1,user9,1,marvalshot,12065,4665146611_9
Russell Westbrook (38084014),Cason Wallace (38084201),Jaime Jaquez Jr. (38084296),Keldon Johnson (38084146),Nikola Jokic (38083858),Scotty Pippen Jr. (38084268),Justin Champagnie (38084078),Alperen Sengun (38083870),299.0763324652778,395.70115611605877,50000,100.00%,20560,582.27%,0,193.6,$17.47,DEN 2,OKC 1,user47,1,marvalshot,12150,4665146612_47
Stephon Castle (38084005),Trey Murphy III (38083947),Julian Champagnie (38084347),Giannis Antetokounmpo (38083860),Isaiah Hartenstein (38083966),Russell Westbrook (38084014),Karlo Matkovic (38084160),Scotty Pippen Jr. (38084268),285.1169314236111,383.38944348050495,50000,99.99%,0,83.18%,0,214.28,$2.5,SAS 2,NOP 2,user16,1,marvalshot,12168,4665146613_16
Shai Gilgeous-Alexander (38083864),Stephon Castle (38084005),Jaime Jaquez Jr. (38084296),Kenrich Williams (38084292),Jabari Smith Jr. (38084102),Scotty Pippen Jr. (38084268),Gary Payton II (38084239),Nikola Jokic (38083858),288.24198350694445,384.91579219332243,50000,100.00%,0,104.38%,0,188.32,$3.13,OKC 2,SAS 1,user8,1,marvalshot,12209,4665146614_8
Scotty Pippen Jr. (38084268),Stephon Castle (38084005),Kevin Huerter (38084121),Jonathan Kuminga (38084041),Isaiah Hartenstein (38083966),Russell Westbrook (38084014),Justin Champagnie (38084078),Giannis Antetokounmpo (38083860),283.6769314236111,382.57944348050495,50000,99.95%,0,74.93%,0,215.81,$2.25,MEM 1,SAS 1,user39,1,marvalshot,12287,4665146615_39
Scotty Pippen Jr. (38084268),Cason Wallace (38084201),Devin Vassell (38083987),Justin Champagnie (38084078),Isaiah Hartenstein (38083966),Stephon Castle (38084005),Trey Murphy III (38083947),Alperen Sengun (38083870),294.11326388888887,379.6205995965637,50000,100.00%,357,171.78%,0,162.04999999999998,$5.15,OKC 2,SAS 2,user1,1,marvalshot,11877,4665146606_1
Scotty Pippen Jr. (38084268),Stephon Castle (38084005),Devin Vassell (38083987),Kenrich Williams (38084292),Giannis Antetokounmpo (38083860),Jalen Green (38083952),Jabari Smith Jr. (38084102),Russell Westbrook (38084014),288.6066493055556,381.30179521014946,50000,100.00%,0,107.5%,0,216.92,$3.22,SAS 2,HOU 2,user2,1,marvalshot,11931,4665146607_2
Shai Gilgeous-Alexander (38083864),Jordan Hawkins (38084276),Justin Champagnie (38084078),Jabari Smith Jr. (38084102),Mo Bamba (38084375),Stephon Castle (38084005),Giannis Antetokounmpo (38083860),Scotty Pippen Jr. (38084268),303.1553342013888,401.62399698317296,50000,100.00%,47323,1584.77%,17,210.14999999999998,$47.54,NOP 2,OKC 1,user15,46,marvalshot,11962,4665146608_15
Shai Gilgeous-Alexander (38083864),Cason Wallace (38084201),Kevin Huerter (38084121),Jabari Smith Jr. (38084102),Isaiah Hartenstein (38083966),Stephon Castle (38084005),Dillon Brooks (38084093),Russell Westbrook (38084014),297.7685980902778,374.74459657973676,49600,100.00%,9487,278.84%,0,181.31,$8.37,OKC 3,HOU 2,user46,1,marvalshot,12006,4665146609_46
Cason Wallace (38084201),Stephon Castle (38084005),Justin Champagnie (38084078),Kenrich Williams (38084292),Mo Bamba (38084375),Scotty Pippen Jr. (38084268),Giannis Antetokounmpo (38083860),Shai Gilgeous-Alexander (38083864),301.1083159722222,395.3369483093812,49300,100.00%,39226,737.05%,0,193.51999999999998,$22.11,OKC 3,SAS 1,user41,1,marvalshot,12050,4665146610_41
Shai Gilgeous-Alexander (38083864),Jordan Hawkins (38084276),Jaime Jaquez Jr. (38084296),Jabari Smith Jr. (38084102),Nikola Jokic (38083858),Scotty Pippen Jr. (38084268),Marcus Smart (38084223),Russell Westbrook (38084014),296.2853342013889,393.41399698317304,50000,100.00%,4387,222.03%,0,215.36,$6.66,DEN 2,OKC 1,user13,1,marvalshot,12069,4665146611_13
Scotty Pippen Jr. (38084268),Cason Wallace (38084201),Justin Champagnie (38084078),Kelly Olynyk (38084082),Nikola Jokic (38083858),Trey Murphy III (38083947),Jabari Smith Jr. (38084102),Russell Westbrook (38084014),299.5263324652778,391.22115611605875,49400,100.00%,24328,578.95%,0,184.75,$17.37,NOP 2,DEN 2,user28,1,marvalshot,12131,4665146612_28
Russell Westbrook (38084014),Stephon Castle (38084005),Devin Vassell (38083987),Giannis Antetokounmpo (38083860),Isaiah Hartenstein (38083966),Scotty Pippen Jr. (38084268),Jaime Jaquez Jr. (38084296),Tre Jones (38084046),285.0369314236111,382.059443480505,49900,99.99%,0,82.53%,0,251.30999999999997,$2.48,SAS 2,DEN 1,user32,1,marvalshot,12184,4665146613_32
Shai Gilgeous-Alexander (38083864),Stephon Castle (38084005),Jaime Jaquez Jr. (38084296),Kenrich Williams (38084292),Alperen Sengun (38083870),Trey Murphy III (38083947),Marcus Smart (38084223),Scotty Pippen Jr. (38084268),288.1819835069444,379.7457921933224,49800,100.00%,0,104.0%,0,183.54,$3.12,OKC 2,SAS 1,user34,1,marvalshot,12235,4665146614_34
Scotty Pippen Jr. (38084268),Jalen Green (38083952),Trey Murphy III (38083947),Jabari Smith Jr. (38084102),Isaiah Hartenstein (38083966),Stephon Castle (38084005),OG Anunoby (38083970),Russell Westbrook (38084014),283.5269314236111,365.4894434805049,49400,99.85%,0,74.67%,0,193.87,$2.24,HOU 2,MEM 1,user30,1,marvalshot,12278,4665146615_30
Russell Westbrook (38084014),Cason Wallace (38084201),Kyle Kuzma (38084026),Justin Champagnie (38084078),Isaiah Hartenstein (38083966),Stephon Castle (38084005),Giannis Antetokounmpo (38083860),Scotty Pippen Jr. (38084268),294.1932638888889,386.66059959656377,49900,100.00%,199,171.71%,0,212.33999999999997,$5.15,OKC 2,MIL 2,user,1,marvalshot,4030,4665146606
Russell Westbrook (38084014),Trey Murphy III (38083947),Andrew Wiggins (38084002),Kenrich Williams (38084292),Giannis Antetokounmpo (38083860),Scotty Pippen Jr. (38084268),Jabari Smith Jr. (38084102),Stephon Castle (38084005),288.4766493055555,382.53179521014937,49800,100.00%,0,106.36%,0,226.95999999999998,$3.19,DEN 1,NOP 1,user6,1,marvalshot,11935,4665146607_6
Shai Gilgeous-Alexander (38083864),Jordan Hawkins (38084276),Justin Champagnie (38084078),Jabari Smith Jr. (38084102),Mo Bamba (38084375),Stephon Castle (38084005),Giannis Antetokounmpo (38083860),Scotty Pippen Jr. (38084268),303.1553342013888,401.62399698317296,50000,100.00%,47323,1584.77%,17,210.14999999999998,$47.54,NOP 2,OKC 1,user16,46,marvalshot,11962,4665146608_16
Shai Gilgeous-Alexander (38083864),Cason Wallace (38084201),Trey Murphy III (38083947),Jaime Jaquez Jr. (38084296),Isaiah Hartenstein (38083966),Scotty Pippen Jr. (38084268),Andrew Wiggins (38084002),Stephon Castle (38084005),297.84859809027773,383.03459657973673,49800,100.00%,9291,277.79%,0,183.82,$8.33,OKC 3,MIA 2,user35,1,marvalshot,11995,4665146609_35
Cason Wallace (38084201),Jordan Hawkins (38084276),OG Anunoby (38083970),Kenrich Williams (38084292),Jabari Smith Jr. (38084102),Scotty Pippen Jr. (38084268),Giannis Antetokounmpo (38083860),Shai Gilgeous-Alexander (38083864),300.5383159722222,386.9369483093812,50000,100.00%,33572,719.01%,0,172.55,$21.57,OKC 3,NOP 1,user6,1,marvalshot,12015,4665146610_6
Shai Gilgeous-Alexander (38083864),Trey Murphy III (38083947),Dillon Brooks (38084093),Justin Champagnie (38084078),Jabari Smith Jr. (38084102),Russell Westbrook (38084014),Jaime Jaquez Jr. (38084296),Stephon Castle (38084005),296.5253342013889,379.39399698317305,49700,100.00%,4418,221.6%,0,192.20999999999998,$6.65,HOU 2,OKC 1,user19,1,marvalshot,12075,4665146611_19
Stephon Castle (38084005),Cason Wallace (38084201),Trey Murphy III (38083947),Jeff Green (38084442),Karl-Anthony Towns (38083872),Jordan Hawkins (38084276),Giannis Antetokounmpo (38083860),Scotty Pippen Jr. (38084268),299.4763324652777,394.3011561160587,50000,100.00%,23680,561.87%,1,193.48000000000002,$16.86,NOP 2,SAS 1,user4,1,marvalshot,12108,4665146612_4
Scotty Pippen Jr. (38084268),Stephon Castle (38084005),Jaime Jaquez Jr. (38084296),Giannis Antetokounmpo (38083860),Isaiah Hartenstein (38083966),Tre Jones (38084046),Jabari Smith Jr. (38084102),Jalen Green (38083952),284.9969314236111,379.09944348050493,49900,100.00%,0,82.29%,0,217.52,$2.47,HOU 2,MEM 1,user12,1,marvalshot,12164,4665146613_12
Shai Gilgeous-Alexander (38083864),Kevin Huerter (38084121),Justin Champagnie (38084078),Kenrich Williams (38084292),Nikola Jokic (38083858),Scotty Pippen Jr. (38084268),Jabari Smith Jr. (38084102),Jordan Hawkins (38084276),288.10198350694446,378.81579219332247,49900,100.00%,1,103.75%,0,178.66,$3.11,OKC 2,CHI 1,user24,1,marvalshot,12225,4665146614_24
Scotty Pippen Jr. (38084268),Jordan Hawkins (38084276),Justin Champagnie (38084078),Giannis Antetokounmpo (38083860),Isaiah Hartenstein (38083966),Jalen Green (38083952),Dillon Brooks (38084093),Stephon Castle (38084005),283.27693142361113,376.089443480505,49800,99.82%,0,73.2%,0,187.72,$2.2,HOU 2,MEM 1,user15,1,marvalshot,12263,4665146615_15
Russell Westbrook (38084014),Cason Wallace (38084201),Keldon Johnson (38084146),Jabari Smith Jr. (38084102),Isaiah Hartenstein (38083966),Scotty Pippen Jr. (38084268),Trey Murphy III (38083947),Giannis Antetokounmpo (38083860),294.0132638888889,385.37059959656375,49800,100.00%,214,169.9%,0,185.92,$5.1,OKC 2,DEN 1,user22,1,marvalshot,11902,4665146606_22
Russell Westbrook (38084014),Stephon Castle (38084005),Gary Payton II (38084239),Kenrich Williams (38084292),Alperen Sengun (38083870),Scotty Pippen Jr. (38084268),Jabari Smith Jr. (38084102),Giannis Antetokounmpo (38083860),288.43664930555553,386.8917952101494,49900,100.00%,0,106.06%,0,218.32999999999998,$3.18,HOU 2,DEN 1,user16,1,marvalshot,11945,4665146607_16
Shai Gilgeous-Alexander (38083864),Jordan Hawkins (38084276),Justin Champagnie (38084078),Jabari Smith Jr. (38084102),Mo Bamba (38084375),Stephon Castle (38084005),Giannis Antetokounmpo (38083860),Scotty Pippen Jr. (38084268),303.1553342013888,401.62399698317296,50000,100.00%,47323,1584.77%,17,210.14999999999998,$47.54,NOP 2,OKC 1,user17,46,marvalshot,11962,4665146608_17
Shai Gilgeous-Alexander (38083864),Cason Wallace (38084201),Justin Champagnie (38084078),OG Anunoby (38083970),Isaiah Hartenstein (38083966),Stephon Castle (38084005),Jabari Smith Jr. (38084102),Scotty Pippen Jr. (38084268),298.13859809027775,377.57459657973675,49300,100.00%,11255,274.99%,0,167.07999999999998,$8.25,OKC 3,WAS 1,user23,1,marvalshot,11983,4665146609_23
Cason Wallace (38084201),Stephon Castle (38084005),Marcus Smart (38084223),Kenrich Williams (38084292),Giannis Antetokounmpo (38083860),Scotty Pippen Jr. (38084268),Dillon Brooks (38084093),Shai Gilgeous-Alexander (38083864),300.4183159722222,391.6169483093812,50000,100.00%,32585,689.94%,1,183.39999999999998,$20.7,OKC 3,SAS 1,user30,1,marvalshot,12039,4665146610_30
Shai Gilgeous-Alexander (38083864),Stephon Castle (38084005),Josh Hart (38083926),Jabari Smith Jr. (38084102),Karlo Matkovic (38084160),Blake Wesley (38084468),Trey Murphy III (38083947),Scotty Pippen Jr. (38084268),296.4553342013889,382.15399698317304,49700,100.00%,4338,220.98%,0,178.6,$6.63,SAS 2,NOP 2,user38,1,marvalshot,12093,4665146611_38
Scotty Pippen Jr. (38084268),Cason Wallace (38084201),Kevin Huerter (38084121),Giannis Antetokounmpo (38083860),Karl-Anthony Towns (38083872),Stephon Castle (38084005),Keldon Johnson (38084146),Karlo Matkovic (38084160),299.36633246527776,395.36115611605874,50000,100.00%,22559,551.41%,1,191.75,$16.54,SAS 2,MEM 1,user24,1,marvalshot,12127,4665146612_24
Russell Westbrook (38084014),Stephon Castle (38084005),Trey Murphy III (38083947),Keldon Johnson (38084146),Isaiah Hartenstein (38083966),Blake Wesley (38084468),Giannis Antetokounmpo (38083860),Scotty Pippen Jr. (38084268),284.9169314236111,384.55944348050497,49800,99.99%,0,81.94%,0,216.22,$2.46,SAS 3,DEN 1,user33,1,marvalshot,12185,4665146613_33
Shai Gilgeous-Alexander (38083864),Jordan Hawkins (38084276),Justin Champagnie (38084078),Kenrich Williams (38084292),Brandon Clarke (38084228),Stephon Castle (38084005),Giannis Antetokounmpo (38083860),Scotty Pippen Jr. (38084268),288.13198350694444,385.7357921933224,49400,100.00%,0,103.53%,0,197.73999999999998,$3.11,OKC 2,MEM 2,user15,1,marvalshot,12216,4665146614_15
Russell Westbrook (38084014),Stephon Castle (38084005),Keldon Johnson (38084146),Karlo Matkovic (38084160),Isaiah Hartenstein (38083966),Scotty Pippen Jr. (38084268),Jabari Smith Jr. (38084102),Nikola Jokic (38083858),283.21693142361113,380.959443480505,49800,99.78%,0,73.19%,0,208.42000000000002,$2.2,DEN 2,SAS 2,user3,1,marvalshot,12251,4665146615_3
Stephon Castle (38084005),Cason Wallace (38084201),OG Anunoby (38083970),Justin Champagnie (38084078),Isaiah Hartenstein (38083966),Scotty Pippen Jr. (38084268),Giannis Antetokounmpo (38083860),Jabari Smith Jr. (38084102),293.9532638888889,382.1105995965637,49600,100.00%,108,168.06%,0,175.76999999999998,$5.04,OKC 2,SAS 1,user12,1,marvalshot,11892,4665146606_12
Scotty Pippen Jr. (38084268),Stephon Castle (38084005),Corey Kispert (38084256),Kenrich Williams (38084292),Alperen Sengun (38083870),Russell Westbrook (38084014),Jabari Smith Jr. (38084102),Giannis Antetokounmpo (38083860),288.3066493055556,385.3517952101495,49800,100.00%,0,105.05%,0,217.25,$3.15,HOU 2,MEM 1,user25,1,marvalshot,11954,4665146607_25
Shai Gilgeous-Alexander (38083864),Jordan Hawkins (38084276),Justin Champagnie (38084078),Jabari Smith Jr. (38084102),Mo Bamba (38084375),Stephon Castle (38084005),Giannis Antetokounmpo (38083860),Scotty Pippen Jr. (38084268),303.1553342013888,401.62399698317296,50000,100.00%,47323,1584.77%,17,210.14999999999998,$47.54,NOP 2,OKC 1,user18,46,marvalshot,11962,4665146608_18
Shai Gilgeous-Alexander (38083864),Cason Wallace (38084201),Dillon Brooks (38084093),Keldon Johnson (38084146),Isaiah Hartenstein (38083966),Scotty Pippen Jr. (38084268),Trey Murphy III (38083947),Stephon Castle (38084005),297.5485980902778,380.68459657973676,49800,100.00%,8076,269.55%,0,162.42000000000002,$8.09,OKC 3,SAS 2,user36,1,marvalshot,11996,4665146609_36
Cason Wallace (38084201),Stephon Castle (38084005),Andrew Wiggins (38084002),Kenrich Williams (38084292),Alperen Sengun (38083870),Scotty Pippen Jr. (38084268),Karlo Matkovic (38084160),Shai Gilgeous-Alexander (38083864),299.86831597222226,386.23694830938126,49900,100.00%,27259,649.04%,1,181.04,$19.47,OKC 3,SAS 1,user39,1,marvalshot,12048,4665146610_39
Shai Gilgeous-Alexander (38083864),Stephon Castle (38084005),Harrison Barnes (38084183),Jabari Smith Jr. (38084102),Alperen Sengun (38083870),Russell Westbrook (38084014),Julian Champagnie (38084347),Scotty Pippen Jr. (38084268),296.2553342013889,385.863996983173,49900,100.00%,3734,215.48%,0,200.43,$6.46,SAS 3,HOU 2,user,1,marvalshot,3055,4665146611
Scotty Pippen Jr. (38084268),Cason Wallace (38084201),Trey Murphy III (38083947),Jabari Smith Jr. (38084102),Nikola Jokic (38083858),Stephon Castle (38084005),Devin Vassell (38083987),Jaime Jaquez Jr. (38084296),299.48633246527777,390.6911561160588,49300,100.00%,23781,548.57%,0,187.75,$16.46,SAS 2,MEM 1,user18,1,marvalshot,12121,4665146612_18
Scotty Pippen Jr. (38084268),Stephon Castle (38084005),Justin Champagnie (38084078),Jaime Jaquez Jr. (38084296),Isaiah Hartenstein (38083966),Trey Murphy III (38083947),Giannis Antetokounmpo (38083860),Jabari Smith Jr. (38084102),284.9269314236111,380.57944348050495,49600,99.99%,0,81.81%,0,194.7,$2.45,MEM 1,SAS 1,user2,1,marvalshot,12154,4665146613_2
Shai Gilgeous-Alexander (38083864),Stephon Castle (38084005),Jaime Jaquez Jr. (38084296),Kenrich Williams (38084292),Jabari Smith Jr. (38084102),Scotty Pippen Jr. (38084268),Corey Kispert (38084256),Nikola Jokic (38083858),288.11198350694445,383.37579219332247,49900,100.00%,0,103.25%,0,187.24,$3.1,OKC 2,SAS 1,user17,1,marvalshot,12218,4665146614_17
Stephon Castle (38084005),Marcus Smart (38084223),Trey Murphy III (38083947),Giannis Antetokounmpo (38083860),Isaiah Hartenstein (38083966),Scotty Pippen Jr. (38084268),Jaime Jaquez Jr. (38084296),Russell Westbrook (38084014),283.33693142361113,382.699443480505,49600,99.89%,0,73.17%,0,224.29,$2.2,SAS 1,WAS 1,user27,1,marvalshot,12275,4665146615_27
Stephon Castle (38084005),Cason Wallace (38084201),Trey Murphy III (38083947),Giannis Antetokounmpo (38083860),Isaiah Hartenstein (38083966),Scotty Pippen Jr. (38084268),Jaime Jaquez Jr. (38084296),Tre Jones (38084046),293.9032638888889,386.67059959656376,49300,100.00%,92,167.95%,0,221.82,$5.04,OKC 2,SAS 1,user15,1,marvalshot,11895,4665146606_15
CJ McCollum (38083974),Stephon Castle (38084005),Trey Murphy III (38083947),Kenrich Williams (38084292),Giannis Antetokounmpo (38083860),Russell Westbrook (38084014),Karlo Matkovic (38084160),Scotty Pippen Jr. (38084268),288.24664930555554,385.8917952101494,50000,100.00%,0,104.61%,0,226.56,$3.14,NOP 3,SAS 1,user11,1,marvalshot,11940,4665146607_11
Shai Gilgeous-Alexander (38083864),Jordan Hawkins (38084276),Justin Champagnie (38084078),Jabari Smith Jr. (38084102),Mo Bamba (38084375),Stephon Castle (38084005),Giannis Antetokounmpo (38083860),Scotty Pippen Jr. (38084268),303.1553342013888,401.62399698317296,50000,100.00%,47323,1584.77%,17,210.14999999999998,$47.54,NOP 2,OKC 1,user19,46,marvalshot,11962,4665146608_19
Shai Gilgeous-Alexander (38083864),Cason Wallace (38084201),Justin Champagnie (38084078),Keldon Johnson (38084146),Isaiah Hartenstein (38083966),Scotty Pippen Jr. (38084268),Trey Murphy III (38083947),Russell Westbrook (38084014),297.4785980902778,381.4745965797367,49700,100.00%,8210,266.62%,0,175.77999999999997,$8.0,OKC 3,WAS 1,user6,1,marvalshot,11968,4665146609_6
Cason Wallace (38084201),Stephon Castle (38084005),Trey Murphy III (38083947),Kenrich Williams (38084292),Jabari Smith Jr. (38084102),Russell Westbrook (38084014),Christian Braun (38084009),Shai Gilgeous-Alexander (38083864),300.08831597222223,378.6069483093812,50000,100.00%,29479,644.7%,0,176.43,$19.34,OKC 3,DEN 2,user7,1,marvalshot,12016,4665146610_7
Shai Gilgeous-Alexander (38083864),Luke Kennard (38084197),Dillon Brooks (38084093),Jabari Smith Jr. (38084102),Giannis Antetokounmpo (38083860),Scotty Pippen Jr. (38084268),Justin Champagnie (38084078),Jordan Hawkins (38084276),296.41533420138893,386.8639969831731,49900,100.00%,4136,214.99%,0,188.62,$6.45,MEM 2,HOU 2,user36,1,marvalshot,12091,4665146611_36
Scotty Pippen Jr. (38084268),Cason Wallace (38084201),Khris Middleton (38084036),Jabari Smith Jr. (38084102),Nikola Jokic (38083858),Russell Westbrook (38084014),Devin Vassell (38083987),Stephon Castle (38084005),299.3563324652778,392.02115611605876,49800,100.00%,22821,548.21%,0,205.96999999999997,$16.45,DEN 2,SAS 2,user19,1,marvalshot,12122,4665146612_19
Jordan Hawkins (38084276),Trey Murphy III (38083947),Dillon Brooks (38084093),Giannis Antetokounmpo (38083860),Isaiah Hartenstein (38083966),Scotty Pippen Jr. (38084268),Justin Champagnie (38084078),Stephon Castle (38084005),284.8069314236111,378.78944348050493,49800,99.99%,0,81.13%,0,192.36,$2.43,NOP 2,HOU 1,user43,1,marvalshot,12195,4665146613_43
Shai Gilgeous-Alexander (38083864),Jordan Hawkins (38084276),Jaime Jaquez Jr. (38084296),Kenrich Williams (38084292),Jabari Smith Jr. (38084102),Russell Westbrook (38084014),Justin Champagnie (38084078),Giannis Antetokounmpo (38083860),288.0819835069444,379.90579219332244,49900,100.00%,0,102.83%,0,195.68,$3.08,OKC 2,NOP 1,user46,1,marvalshot,12245,4665146614_46
Scotty Pippen Jr. (38084268),Jordan Hawkins (38084276),Keldon Johnson (38084146),Giannis Antetokounmpo (38083860),Isaiah Hartenstein (38083966),Stephon Castle (38084005),Trey Murphy III (38083947),Tre Jones (38084046),283.2469314236111,380.27944348050494,49800,99.85%,0,73.17%,0,218.1,$2.19,NOP 2,SAS 2,user14,1,marvalshot,12262,4665146615_14
Jose Alvarado (38084168),Cason Wallace (38084201),Justin Champagnie (38084078),Giannis Antetokounmpo (38083860),Isaiah Hartenstein (38083966),Russell Westbrook (38084014),Jabari Smith Jr. (38084102),Stephon Castle (38084005),293.7432638888889,384.57059959656374,49700,100.00%,227,166.98%,0,193.75,$5.01,OKC 2,NOP 1,user13,1,marvalshot,11893,4665146606_13
Scotty Pippen Jr. (38084268),Jalen Green (38083952),Jaime Jaquez Jr. (38084296),Kenrich Williams (38084292),Giannis Antetokounmpo (38083860),Russell Westbrook (38084014),Trey Murphy III (38083947),Stephon Castle (38084005),288.1366493055556,383.90179521014943,49700,100.00%,0,103.52%,0,233.22000000000003,$3.11,MEM 1,HOU 1,user17,1,marvalshot,11946,4665146607_17
Shai Gilgeous-Alexander (38083864),Jordan Hawkins (38084276),Justin Champagnie (38084078),Jabari Smith Jr. (38084102),Mo Bamba (38084375),Stephon Castle (38084005),Giannis Antetokounmpo (38083860),Scotty Pippen Jr. (38084268),303.1553342013888,401.62399698317296,50000,100.00%,47323,1584.77%,17,210.14999999999998,$47.54,NOP 2,OKC 1,user20,46,marvalshot,11962,4665146608_20
Shai Gilgeous-Alexander (38083864),Cason Wallace (38084201),Kevin Huerter (38084121),Karlo Matkovic (38084160),Isaiah Hartenstein (38083966),Scotty Pippen Jr. (38084268),Trey Murphy III (38083947),Russell Westbrook (38084014),297.37859809027776,379.2245965797367,49300,100.00%,7105,262.89%,0,190.54,$7.89,OKC 3,NOP 2,user48,1,marvalshot,12008,4665146609_48
Cason Wallace (38084201),Stephon Castle (38084005),Trey Murphy III (38083947),Kenrich Williams (38084292),Alperen Sengun (38083870),Scotty Pippen Jr. (38084268),Zeke Nnaji (38084390),Shai Gilgeous-Alexander (38083864),299.87831597222225,385.48694830938126,49800,100.00%,27280,607.02%,0,172.16,$18.21,OKC 3,SAS 1,user23,1,marvalshot,12032,4665146610_23
Shai Gilgeous-Alexander (38083864),Jordan Hawkins (38084276),Devin Vassell (38083987),Giannis Antetokounmpo (38083860),Jabari Smith Jr. (38084102),Scotty Pippen Jr. (38084268),Justin Champagnie (38084078),Blake Wesley (38084468),296.29533420138887,390.48399698317303,50000,100.00%,4126,214.44%,0,177.33999999999997,$6.43,SAS 2,OKC 1,user24,1,marvalshot,12080,4665146611_24
Russell Westbrook (38084014),Cason Wallace (38084201),Kevin Huerter (38084121),Karlo Matkovic (38084160),Jeremy Sochan (38084132),Stephon Castle (38084005),Giannis Antetokounmpo (38083860),Trey Murphy III (38083947),299.24633246527776,390.73115611605874,50000,100.00%,21837,546.47%,0,194.5,$16.39,NOP 2,SAS 2,user10,1,marvalshot,12114,4665146612_10
Scotty Pippen Jr. (38084268),Jordan Hawkins (38084276),Trey Murphy III (38083947),Karlo Matkovic (38084160),Isaiah Hartenstein (38083966),Russell Westbrook (38084014),Jabari Smith Jr. (38084102),Nikola Jokic (38083858),284.4969314236111,379.24944348050497,50000,99.96%,0,79.73%,0,200.57,$2.39,NOP 3,DEN 2,user24,1,marvalshot,12176,4665146613_24
Shai Gilgeous-Alexander (38083864),Stephon Castle (38084005),Marcus Smart (38084223),Kenrich Williams (38084292),Karl-Anthony Towns (38083872),Russell Westbrook (38084014),Dillon Brooks (38084093),Scotty Pippen Jr. (38084268),287.96198350694436,376.69579219332235,49800,100.00%,0,102.66%,0,206.01999999999998,$3.08,OKC 2,SAS 1,user28,1,marvalshot,12229,4665146614_28
Scotty Pippen Jr. (38084268),Trey Murphy III (38083947),Harrison Barnes (38084183),Jaime Jaquez Jr. (38084296),Isaiah Hartenstein (38083966),Russell Westbrook (38084014),Giannis Antetokounmpo (38083860),Stephon Castle (38084005),283.1769314236111,381.06944348050496,50000,99.85%,0,72.42%,0,219.26,$2.17,SAS 2,MEM 1,user16,1,marvalshot,12264,4665146615_16
Stephon Castle (38084005),Cason Wallace (38084201),Kevin Huerter (38084121),Giannis Antetokounmpo (38083860),Isaiah Hartenstein (38083966),Jalen Green (38083952),Karlo Matkovic (38084160),Scotty Pippen Jr. (38084268),293.71326388888883,384.54059959656365,49800,100.00%,162,166.11%,0,186.95,$4.98,OKC 2,SAS 1,user48,1,marvalshot,11928,4665146606_48
Scotty Pippen Jr. (38084268),Stephon Castle (38084005),Josh Hart (38083926),Kenrich Williams (38084292),Jabari Smith Jr. (38084102),Russell Westbrook (38084014),Giannis Antetokounmpo (38083860),Tre Jones (38084046),288.0766493055556,379.3517952101494,49800,100.00%,0,103.21%,0,247.47,$3.1,MEM 1,SAS 1,user23,1,marvalshot,11952,4665146607_23
Shai Gilgeous-Alexander (38083864),Jordan Hawkins (38084276),Justin Champagnie (38084078),Jabari Smith Jr. (38084102),Mo Bamba (38084375),Stephon Castle (38084005),Giannis Antetokounmpo (38083860),Scotty Pippen Jr. (38084268),303.1553342013888,401.62399698317296,50000,100.00%,47323,1584.77%,17,210.14999999999998,$47.54,NOP 2,OKC 1,user21,46,marvalshot,11962,4665146608_21
Shai Gilgeous-Alexander (38083864),Cason Wallace (38084201),Trey Murphy III (38083947),Jaime Jaquez Jr. (38084296),Isaiah Hartenstein (38083966),Jalen Green (38083952),Jabari Smith Jr. (38084102),Scotty Pippen Jr. (38084268),297.4185980902778,378.06459657973676,49800,100.00%,7327,260.33%,0,152.27,$7.81,OKC 3,HOU 2,user9,1,marvalshot,11971,4665146609_9
Cason Wallace (38084201),Stephon Castle (38084005),Kevin Huerter (38084121),Kenrich Williams (38084292),Giannis Antetokounmpo (38083860),Scotty Pippen Jr. (38084268),Jaime Jaquez Jr. (38084296),Shai Gilgeous-Alexander (38083864),300.5383159722222,392.1869483093812,49300,100.00%,34792,604.19%,0,212.23,$18.13,OKC 3,SAS 1,user43,1,marvalshot,12052,4665146610_43
Shai Gilgeous-Alexander (38083864),Stephon Castle (38084005),Michael Porter Jr. (38083977),Jabari Smith Jr. (38084102),Karlo Matkovic (38084160),Russell Westbrook (38084014),Devin Vassell (38083987),Scotty Pippen Jr. (38084268),296.16533420138893,383.38399698317306,49900,100.00%,3462,212.41%,0,205.41,$6.37,SAS 2,DEN 2,user49,1,marvalshot,12104,4665146611_49
Tre Jones (38084046),Cason Wallace (38084201),Trey Murphy III (38083947),Giannis Antetokounmpo (38083860),Jabari Smith Jr. (38084102),Stephon Castle (38084005),Devin Vassell (38083987),Jaime Jaquez Jr. (38084296),299.37633246527776,387.6211561160587,50000,100.00%,22857,541.16%,0,189.68,$16.23,SAS 2,CHI 1,user5,1,marvalshot,12109,4665146612_5
Stephon Castle (38084005),Jamal Murray (38083938),Justin Champagnie (38084078),Jabari Smith Jr. (38084102),Isaiah Hartenstein (38083966),Jordan Hawkins (38084276),Giannis Antetokounmpo (38083860),Scotty Pippen Jr. (38084268),284.2469314236111,380.049443480505,49900,99.97%,0,78.21%,0,190.13,$2.35,SAS 1,DEN 1,user3,1,marvalshot,12155,4665146613_3
Shai Gilgeous-Alexander (38083864),Stephon Castle (38084005),Jaime Jaquez Jr. (38084296),Kenrich Williams (38084292),Zach Edey (38084111),Scotty Pippen Jr. (38084268),Giannis Antetokounmpo (38083860),Jabari Smith Jr. (38084102),288.13198350694444,385.62579219332247,50000,100.00%,0,102.65%,0,195.35999999999999,$3.08,OKC 2,MEM 2,user30,1,marvalshot,12231,4665146614_30
Luke Kennard (38084197),Trey Murphy III (38083947),Keldon Johnson (38084146),Jabari Smith Jr. (38084102),Isaiah Hartenstein (38083966),Stephon Castle (38084005),Giannis Antetokounmpo (38083860),Scotty Pippen Jr. (38084268),283.09693142361107,378.53944348050493,50000,99.82%,0,72.36%,0,189.16,$2.17,MEM 2,SAS 2,user1,1,marvalshot,12249,4665146615_1
Stephon Castle (38084005),Cason Wallace (38084201),Devin Vassell (38083987),Giannis Antetokounmpo (38083860),Isaiah Hartenstein (38083966),Tre Jones (38084046),Justin Champagnie (38084078),Scotty Pippen Jr. (38084268),293.6532638888889,384.7105995965637,49800,100.00%,139,165.1%,0,204.07,$4.95,SAS 2,OKC 2,user37,1,marvalshot,11917,4665146606_37
Russell Westbrook (38084014),Stephon Castle (38084005),Justin Champagnie (38084078),Kenrich Williams (38084292),Giannis Antetokounmpo (38083860),Scotty Pippen Jr. (38084268),Trey Murphy III (38083947),Tre Jones (38084046),287.9966493055556,382.27179521014943,49200,100.00%,0,102.47%,0,254.82,$3.07,DEN 1,SAS 1,user28,1,marvalshot,11957,4665146607_28
Shai Gilgeous-Alexander (38083864),Jordan Hawkins (38084276),Justin Champagnie (38084078),Jabari Smith Jr. (38084102),Mo Bamba (38084375),Stephon Castle (38084005),Giannis Antetokounmpo (38083860),Scotty Pippen Jr. (38084268),303.1553342013888,401.62399698317296,50000,100.00%,47323,1584.77%,17,210.14999999999998,$47.54,NOP 2,OKC 1,user22,46,marvalshot,11962,4665146608_22
Shai Gilgeous-Alexander (38083864),Cason Wallace (38084201),Trey Murphy III (38083947),Jaime Jaquez Jr. (38084296),Isaiah Hartenstein (38083966),Russell Westbrook (38084014),Jabari Smith Jr. (38084102),Tre Jones (38084046),297.1185980902778,376.48459657973683,50000,100.00%,6762,258.02%,0,188.57,$7.74,OKC 3,NOP 1,user24,1,marvalshot,11984,4665146609_24
Cason Wallace (38084201),Stephon Castle (38084005),Dillon Brooks (38084093),Kenrich Williams (38084292),Alperen Sengun (38083870),Scotty Pippen Jr. (38084268),Jabari Smith Jr. (38084102),Shai Gilgeous-Alexander (38083864),300.27831597222223,381.6569483093812,49000,100.00%,31470,579.01%,0,177.09999999999997,$17.37,OKC 3,HOU 3,user46,1,marvalshot,12055,4665146610_46
Shai Gilgeous-Alexander (38083864),Stephon Castle (38084005),Marcus Smart (38084223),Justin Champagnie (38084078),Karlo Matkovic (38084160),Blake Wesley (38084468),Giannis Antetokounmpo (38083860),Scotty Pippen Jr. (38084268),296.3053342013889,396.2439969831731,49900,100.00%,3457,211.59%,0,193.14,$6.35,SAS 2,WAS 2,user23,1,marvalshot,12079,4665146611_23
Scotty Pippen Jr. (38084268),Cason Wallace (38084201),Justin Champagnie (38084078),Karlo Matkovic (38084160),Giannis Antetokounmpo (38083860),Stephon Castle (38084005),Jabari Smith Jr. (38084102),Bam Adebayo (38083887),299.79633246527777,392.22115611605875,49700,100.00%,26752,497.19%,0,185.79,$14.92,MEM 1,OKC 1,user35,1,marvalshot,12138,4665146612_35
Stephon Castle (38084005),Jordan Hawkins (38084276),Christian Braun (38084009),Giannis Antetokounmpo (38083860),Isaiah Hartenstein (38083966),Russell Westbrook (38084014),Jabari Smith Jr. (38084102),Scotty Pippen Jr. (38084268),284.0469314236111,378.479443480505,49200,99.96%,0,76.83%,0,226.22999999999996,$2.3,DEN 2,SAS 1,user44,1,marvalshot,12196,4665146613_44
Shai Gilgeous-Alexander (38083864),Stephon Castle (38084005),Coby White (38083942),Kenrich Williams (38084292),Karlo Matkovic (38084160),Tre Jones (38084046),Trey Murphy III (38083947),Scotty Pippen Jr. (38084268),287.9719835069444,373.2457921933224,49900,100.00%,0,102.51%,0,200.51,$3.08,OKC 2,CHI 2,user2,1,marvalshot,12203,4665146614_2
Jose Alvarado (38084168),Trey Murphy III (38083947),Kevin Huerter (38084121),Karlo Matkovic (38084160),Isaiah Hartenstein (38083966),Stephon Castle (38084005),Giannis Antetokounmpo (38083860),Scotty Pippen Jr. (38084268),283.1169314236111,380.229443480505,50000,99.82%,0,72.28%,0,194.31,$2.17,NOP 3,CHI 1,user18,1,marvalshot,12266,4665146615_18
Stephon Castle (38084005),Cason Wallace (38084201),Dillon Brooks (38084093),Jabari Smith Jr. (38084102),Isaiah Hartenstein (38083966),Kevin Huerter (38084121),Giannis Antetokounmpo (38083860),Russell Westbrook (38084014),293.5832638888889,379.2805995965637,49900,100.00%,113,164.88%,0,190.0,$4.95,OKC 2,HOU 2,user25,1,marvalshot,11905,4665146606_25
Tre Jones (38084046),Stephon Castle (38084005),Kevin Huerter (38084121),Kenrich Williams (38084292),Nikola Jokic (38083858),Scotty Pippen Jr. (38084268),Trey Murphy III (38083947),Russell Westbrook (38084014),287.85664930555555,381.2317952101494,49900,100.00%,0,101.97%,0,252.5,$3.06,CHI 2,DEN 2,user8,1,marvalshot,11937,4665146607_8
Shai Gilgeous-Alexander (38083864),Jordan Hawkins (38084276),Justin Champagnie (38084078),Jabari Smith Jr. (38084102),Mo Bamba (38084375),Stephon Castle (38084005),Giannis Antetokounmpo (38083860),Scotty Pippen Jr. (38084268),303.1553342013888,401.62399698317296,50000,100.00%,47323,1584.77%,17,210.14999999999998,$47.54,NOP 2,OKC 1,user23,46,marvalshot,11962,4665146608_23
Shai Gilgeous-Alexander (38083864),Cason Wallace (38084201),Justin Champagnie (38084078),Jeremy Sochan (38084132),Isaiah Hartenstein (38083966),Scotty Pippen Jr. (38084268),Trey Murphy III (38083947),Russell Westbrook (38084014),297.2285980902778,381.34459657973673,49800,100.00%,6941,254.31%,0,174.20999999999998,$7.63,OKC 3,WAS 1,user25,1,marvalshot,11985,4665146609_25
Cason Wallace (38084201),Jordan Hawkins (38084276),Trey Murphy III (38083947),Kenrich Williams (38084292),Alperen Sengun (38083870),Stephon Castle (38084005),Jaime Jaquez Jr. (38084296),Shai Gilgeous-Alexander (38083864),299.5683159722222,384.3869483093812,50000,100.00%,24404,570.87%,0,173.14,$17.13,OKC 3,NOP 2,user2,1,marvalshot,12011,4665146610_2
Shai Gilgeous-Alexander (38083864),Stephon Castle (38084005),Julian Champagnie (38084347),Karlo Matkovic (38084160),Alperen Sengun (38083870),Russell Westbrook (38084014),Jeremy Sochan (38084132),Scotty Pippen Jr. (38084268),295.80533420138886,389.693996983173,50000,100.00%,2929,210.45%,0,203.74,$6.31,SAS 3,OKC 1,user42,1,marvalshot,12097,4665146611_42
Jordan Hawkins (38084276),Cason Wallace (38084201),Julian Champagnie (38084347),Giannis Antetokounmpo (38083860),Nikola Jokic (38083858),Scotty Pippen Jr. (38084268),Jabari Smith Jr. (38084102),Tre Jones (38084046),298.9463324652778,396.9211561160588,49800,100.00%,19561,475.88%,0,202.82999999999998,$14.28,NOP 1,OKC 1,user15,1,marvalshot,12118,4665146612_15
Scotty Pippen Jr. (38084268),Stephon Castle (38084005),Trey Murphy III (38083947),Giannis Antetokounmpo (38083860),Isaiah Hartenstein (38083966),Tre Jones (38084046),Justin Champagnie (38084078),Blake Wesley (38084468),283.9969314236111,380.15944348050493,49600,99.96%,0,76.66%,0,212.86,$2.3,SAS 2,MEM 1,user15,1,marvalshot,12167,4665146613_15
Shai Gilgeous-Alexander (38083864),Jordan Hawkins (38084276),Justin Champagnie (38084078),Kenrich Williams (38084292),Nikola Jokic (38083858),Russell Westbrook (38084014),Corey Kispert (38084256),Scotty Pippen Jr. (38084268),287.9219835069444,382.3757921933224,50000,100.00%,0,102.48%,0,198.26,$3.07,OKC 2,WAS 2,user22,1,marvalshot,12223,4665146614_22
Scotty Pippen Jr. (38084268),Jordan Hawkins (38084276),Trey Murphy III (38083947),Jeremy Sochan (38084132),Isaiah Hartenstein (38083966),Stephon Castle (38084005),Giannis Antetokounmpo (38083860),Tre Jones (38084046),282.9969314236111,380.14944348050494,49900,99.74%,0,72.0%,0,216.53,$2.16,NOP 2,SAS 2,user10,1,marvalshot,12258,4665146615_10
Scotty Pippen Jr. (38084268),Cason Wallace (38084201),Marcus Smart (38084223),Giannis Antetokounmpo (38083860),Isaiah Hartenstein (38083966),Tre Jones (38084046),Trey Murphy III (38083947),Stephon Castle (38084005),293.55326388888886,386.57059959656374,49800,100.00%,132,164.19%,0,204.51,$4.93,OKC 2,MEM 1,user6,1,marvalshot,11886,4665146606_6
Russell Westbrook (38084014),Stephon Castle (38084005),Mikal Bridges (38083992),Kenrich Williams (38084292),Jabari Smith Jr. (38084102),Scotty Pippen Jr. (38084268),Trey Murphy III (38083947),Giannis Antetokounmpo (38083860),287.8266493055556,378.98179521014947,50000,100.00%,0,101.08%,0,217.01999999999998,$3.03,DEN 1,SAS 1,user18,1,marvalshot,11947,4665146607_18
Shai Gilgeous-Alexander (38083864),Jordan Hawkins (38084276),Justin Champagnie (38084078),Jabari Smith Jr. (38084102),Mo Bamba (38084375),Stephon Castle (38084005),Giannis Antetokounmpo (38083860),Scotty Pippen Jr. (38084268),303.1553342013888,401.62399698317296,50000,100.00%,47323,1584.77%,17,210.14999999999998,$47.54,NOP 2,OKC 1,user24,46,marvalshot,11962,4665146608_24
Shai Gilgeous-Alexander (38083864),Cason Wallace (38084201),Jaime Jaquez Jr. (38084296),Justin Champagnie (38084078),Isaiah Hartenstein (38083966),Stephon Castle (38084005),Jabari Smith Jr. (38084102),Trey Murphy III (38083947),297.56859809027776,378.7445965797367,49900,100.00%,7713,253.02%,0,153.47,$7.59,OKC 3,MIA 1,user8,1,marvalshot,11970,4665146609_8
Cason Wallace (38084201),Stephon Castle (38084005),Marcus Smart (38084223),Kenrich Williams (38084292),Giannis Antetokounmpo (38083860),Scotty Pippen Jr. (38084268),Kevin Huerter (38084121),Shai Gilgeous-Alexander (38083864),300.1883159722222,392.08694830938117,49800,100.00%,30691,565.17%,0,194.92,$16.96,OKC 3,SAS 1,user16,1,marvalshot,12025,4665146610_16
Shai Gilgeous-Alexander (38083864),Jalen Green (38083952),Trey Murphy III (38083947),Jonathan Kuminga (38084041),Mo Bamba (38084375),Scotty Pippen Jr. (38084268),Jabari Smith Jr. (38084102),Stephon Castle (38084005),296.05533420138886,386.903996983173,50000,100.00%,3459,209.38%,0,165.18,$6.28,HOU 2,NOP 2,user6,1,marvalshot,12062,4665146611_6
Scotty Pippen Jr. (38084268),Cason Wallace (38084201),Julian Champagnie (38084347),Giannis Antetokounmpo (38083860),Jabari Smith Jr. (38084102),Jose Alvarado (38084168),Trey Murphy III (38083947),Alperen Sengun (38083870),298.9063324652778,392.4911561160588,49900,100.00%,18972,460.9%,0,157.84,$13.83,HOU 2,NOP 2,user21,1,marvalshot,12124,4665146612_21
Stephon Castle (38084005),Gary Payton II (38084239),Justin Champagnie (38084078),Giannis Antetokounmpo (38083860),Isaiah Hartenstein (38083966),Trey Murphy III (38083947),Jabari Smith Jr. (38084102),Scotty Pippen Jr. (38084268),283.9069314236111,379.659443480505,50000,99.94%,0,76.31%,0,174.28,$2.29,SAS 1,GSW 1,user41,1,marvalshot,12193,4665146613_41
Shai Gilgeous-Alexander (38083864),Stephon Castle (38084005),Jaime Jaquez Jr. (38084296),Kenrich Williams (38084292),Jabari Smith Jr. (38084102),Jordan Hawkins (38084276),Kevin Huerter (38084121),Giannis Antetokounmpo (38083860),287.92198350694446,379.58579219332245,49800,100.00%,0,101.65%,0,193.84,$3.05,OKC 2,SAS 1,user37,1,marvalshot,12237,4665146614_37
Russell Westbrook (38084014),Stephon Castle (38084005),Kevin Huerter (38084121),Lamar Stevens (38084394),Isaiah Hartenstein (38083966),Trey Murphy III (38083947),Giannis Antetokounmpo (38083860),Scotty Pippen Jr. (38084268),283.0369314236111,379.599443480505,50000,99.84%,0,71.99%,0,213.75,$2.16,MEM 2,DEN 1,user28,1,marvalshot,12276,4665146615_28
Stephon Castle (38084005),Cason Wallace (38084201),Andrew Wiggins (38084002),Jabari Smith Jr. (38084102),Isaiah Hartenstein (38083966),Scotty Pippen Jr. (38084268),Giannis Antetokounmpo (38083860),Alexandre Sarr (38084017),293.56326388888886,386.3305995965637,50000,100.00%,120,164.04%,0,173.27999999999997,$4.92,OKC 2,SAS 1,user26,1,marvalshot,11906,4665146606_26
Russell Westbrook (38084014),Trey Murphy III (38083947),Justin Champagnie (38084078),Kenrich Williams (38084292),Giannis Antetokounmpo (38083860),Stephon Castle (38084005),Andrew Wiggins (38084002),Scotty Pippen Jr. (38084268),287.7566493055555,383.1717952101494,50000,100.00%,0,100.84%,0,225.51,$3.03,DEN 1,NOP 1,user20,1,marvalshot,11949,4665146607_20
Shai Gilgeous-Alexander (38083864),Jordan Hawkins (38084276),Justin Champagnie (38084078),Jabari Smith Jr. (38084102),Mo Bamba (38084375),Stephon Castle (38084005),Giannis Antetokounmpo (38083860),Scotty Pippen Jr. (38084268),303.1553342013888,401.62399698317296,50000,100.00%,47323,1584.77%,17,210.14999999999998,$47.54,NOP 2,OKC 1,user25,46,marvalshot,11962,4665146608_25
Shai Gilgeous-Alexander (38083864),Cason Wallace (38084201),Kevin Huerter (38084121),Keldon Johnson (38084146),Isaiah Hartenstein (38083966),Scotty Pippen Jr. (38084268),Trey Murphy III (38083947),Stephon Castle (38084005),297.31859809027776,381.15459657973673,49600,100.00%,6497,251.31%,0,173.94,$7.54,OKC 3,SAS 2,user29,1,marvalshot,11989,4665146609_29
Cason Wallace (38084201),Stephon Castle (38084005),Christian Braun (38084009),Kenrich Williams (38084292),Alperen Sengun (38083870),Scotty Pippen Jr. (38084268),Kevin Huerter (38084121),Shai Gilgeous-Alexander (38083864),299.6583159722222,382.7969483093812,50000,100.00%,25036,543.98%,0,176.01999999999998,$16.32,OKC 3,SAS 1,user9,1,marvalshot,12018,4665146610_9
Shai Gilgeous-Alexander (38083864),Luke Kennard (38084197),Kevin Huerter (38084121),Karlo Matkovic (38084160),Mo Bamba (38084375),Scotty Pippen Jr. (38084268),Giannis Antetokounmpo (38083860),Russell Westbrook (38084014),295.8753342013889,392.65399698317304,49900,100.00%,2962,208.35%,0,220.73,$6.25,MEM 2,NOP 2,user40,1,marvalshot,12095,4665146611_40
Stephon Castle (38084005),Cason Wallace (38084201),Trey Murphy III (38083947),Justin Champagnie (38084078),Giannis Antetokounmpo (38083860),Tre Jones (38084046),Jeremy Sochan (38084132),Jabari Smith Jr. (38084102),299.1463324652778,387.9411561160588,50000,100.00%,20831,457.91%,0,177.82999999999998,$13.74,SAS 2,OKC 1,user46,1,marvalshot,12149,4665146612_46
Scotty Pippen Jr. (38084268),Stephon Castle (38084005),Devin Vassell (38083987),Jabari Smith Jr. (38084102),Isaiah Hartenstein (38083966),Russell Westbrook (38084014),Giannis Antetokounmpo (38083860),Marcus Smart (38084223),283.8069314236111,380.099443480505,49900,99.92%,0,75.7%,0,207.99,$2.27,SAS 2,MEM 1,user28,1,marvalshot,12180,4665146613_28
Shai Gilgeous-Alexander (38083864),Jordan Hawkins (38084276),Trey Murphy III (38083947),Kenrich Williams (38084292),Steven Adams (38084373),Scotty Pippen Jr. (38084268),Giannis Antetokounmpo (38083860),Justin Champagnie (38084078),287.72198350694447,383.26579219332245,49900,100.00%,0,100.68%,0,171.34,$3.02,OKC 2,NOP 2,user39,1,marvalshot,12239,4665146614_39
Tre Jones (38084046),Jordan Hawkins (38084276),Dillon Brooks (38084093),Giannis Antetokounmpo (38083860),Isaiah Hartenstein (38083966),Stephon Castle (38084005),Justin Champagnie (38084078),Russell Westbrook (38084014),282.9769314236111,374.50944348050496,50000,99.75%,0,71.99%,0,224.01999999999998,$2.16,CHI 1,NOP 1,user44,1,marvalshot,12292,4665146615_44
Scotty Pippen Jr. (38084268),Cason Wallace (38084201),Trey Murphy III (38083947),Justin Champagnie (38084078),Isaiah Hartenstein (38083966),Russell Westbrook (38084014),Keldon Johnson (38084146),Giannis Antetokounmpo (38083860),293.2932638888889,386.0105995965637,50000,100.00%,85,161.02%,0,184.47,$4.83,OKC 2,MEM 1,user38,1,marvalshot,11918,4665146606_38
Stephon Castle (38084005),Kevin Huerter (38084121),Justin Champagnie (38084078),Kenrich Williams (38084292),Alperen Sengun (38083870),Scotty Pippen Jr. (38084268),Giannis Antetokounmpo (38083860),Jabari Smith Jr. (38084102),287.7666493055556,382.4317952101494,49900,100.00%,0,100.63%,0,196.2,$3.02,HOU 2,SAS 1,user21,1,marvalshot,11950,4665146607_21
Shai Gilgeous-Alexander (38083864),Jordan Hawkins (38084276),Justin Champagnie (38084078),Jabari Smith Jr. (38084102),Mo Bamba (38084375),Stephon Castle (38084005),Giannis Antetokounmpo (38083860),Scotty Pippen Jr. (38084268),303.1553342013888,401.62399698317296,50000,100.00%,47323,1584.77%,17,210.14999999999998,$47.54,NOP 2,OKC 1,user26,46,marvalshot,11962,4665146608_26
Shai Gilgeous-Alexander (38083864),Cason Wallace (38084201),Coby White (38083942),Justin Champagnie (38084078),Isaiah Hartenstein (38083966),Scotty Pippen Jr. (38084268),Kevin Huerter (38084121),Stephon Castle (38084005),297.4885980902777,379.1445965797367,50000,100.00%,7353,250.95%,0,172.08999999999997,$7.53,OKC 3,CHI 2,user11,1,marvalshot,11972,4665146609_11
Cason Wallace (38084201),Stephon Castle (38084005),Kevin Huerter (38084121),Kenrich Williams (38084292),Giannis Antetokounmpo (38083860),Scotty Pippen Jr. (38084268),Jaylen Wells (38084213),Shai Gilgeous-Alexander (38083864),300.0483159722222,389.0869483093812,50000,100.00%,29187,530.6%,0,190.01999999999998,$15.92,OKC 3,MEM 2,user40,1,marvalshot,12049,4665146610_40
Shai Gilgeous-Alexander (38083864),Jordan Hawkins (38084276),Trey Murphy III (38083947),Jaime Jaquez Jr. (38084296),Jabari Smith Jr. (38084102),Russell Westbrook (38084014),Devin Vassell (38083987),Stephon Castle (38084005),295.92533420138886,381.053996983173,49600,100.00%,3107,207.2%,0,205.59999999999997,$6.22,NOP 2,SAS 2,user1,1,marvalshot,12057,4665146611_1
Scotty Pippen Jr. (38084268),Cason Wallace (38084201),OG Anunoby (38083970),Jabari Smith Jr. (38084102),Alexandre Sarr (38084017),Stephon Castle (38084005),Andrew Wiggins (38084002),Giannis Antetokounmpo (38083860),299.1363324652778,388.71115611605876,49800,100.00%,20751,452.25%,0,171.05,$13.57,MEM 1,OKC 1,user3,1,marvalshot,12107,4665146612_3
Russell Westbrook (38084014),Stephon Castle (38084005),Kevin Huerter (38084121),Giannis Antetokounmpo (38083860),Isaiah Hartenstein (38083966),Jordan Hawkins (38084276),Devin Vassell (38083987),Scotty Pippen Jr. (38084268),283.8069314236111,378.87944348050496,49400,99.93%,0,75.56%,0,234.48,$2.27,SAS 2,DEN 1,user8,1,marvalshot,12160,4665146613_8
Shai Gilgeous-Alexander (38083864),Miles McBride (38084056),Jaime Jaquez Jr. (38084296),Kenrich Williams (38084292),Karlo Matkovic (38084160),Russell Westbrook (38084014),Giannis Antetokounmpo (38083860),Scotty Pippen Jr. (38084268),287.75198350694444,381.8657921933224,50000,100.00%,0,100.49%,0,209.47,$3.01,OKC 2,NYK 1,user43,1,marvalshot,12243,4665146614_43
Russell Westbrook (38084014),Stephon Castle (38084005),Trey Murphy III (38083947),Justin Champagnie (38084078),Isaiah Hartenstein (38083966),Scotty Pippen Jr. (38084268),Jabari Smith Jr. (38084102),Damian Lillard (38083884),282.98693142361105,369.22944348050487,49500,99.71%,0,71.82%,0,199.60999999999999,$2.15,DEN 1,SAS 1,user49,1,marvalshot,12297,4665146615_49
Russell Westbrook (38084014),Cason Wallace (38084201),Kevin Huerter (38084121),Karlo Matkovic (38084160),Isaiah Hartenstein (38083966),Trey Murphy III (38083947),Giannis Antetokounmpo (38083860),Scotty Pippen Jr. (38084268),293.1932638888889,383.76059959656374,49600,100.00%,43,159.92%,0,199.23,$4.8,OKC 2,NOP 2,user20,1,marvalshot,11900,4665146606_20
Scotty Pippen Jr. (38084268),Stephon Castle (38084005),Jaime Jaquez Jr. (38084296),Kenrich Williams (38084292),Karl-Anthony Towns (38083872),Russell Westbrook (38084014),Giannis Antetokounmpo (38083860),Tre Jones (38084046),287.7066493055556,386.8217952101494,50000,100.00%,0,100.23%,0,265.2,$3.01,MEM 1,SAS 1,user5,1,marvalshot,11934,4665146607_5
Shai Gilgeous-Alexander (38083864),Jordan Hawkins (38084276),Justin Champagnie (38084078),Jabari Smith Jr. (38084102),Mo Bamba (38084375),Stephon Castle (38084005),Giannis Antetokounmpo (38083860),Scotty Pippen Jr. (38084268),303.1553342013888,401.62399698317296,50000,100.00%,47323,1584.77%,17,210.14999999999998,$47.54,NOP 2,OKC 1,user27,46,marvalshot,11962,4665146608_27
Shai Gilgeous-Alexander (38083864),Cason Wallace (38084201),Jaime Jaquez Jr. (38084296),Giannis Antetokounmpo (38083860),Isaiah Hartenstein (38083966),Scotty Pippen Jr. (38084268),Jabari Smith Jr. (38084102),Mo Bamba (38084375),297.5885980902778,391.3845965797368,49800,100.00%,7468,248.09%,0,168.5,$7.44,OKC 3,MIA 1,user12,1,marvalshot,11973,4665146609_12
Cason Wallace (38084201),Stephon Castle (38084005),Jaime Jaquez Jr. (38084296),Kenrich Williams (38084292),Giannis Antetokounmpo (38083860),Scotty Pippen Jr. (38084268),Jonathan Kuminga (38084041),Shai Gilgeous-Alexander (38083864),300.0383159722222,397.07694830938124,50000,100.00%,29072,516.71%,0,195.42999999999998,$15.5,OKC 3,SAS 1,user20,1,marvalshot,12029,4665146610_20
Shai Gilgeous-Alexander (38083864),Stephon Castle (38084005),Corey Kispert (38084256),Jaime Jaquez Jr. (38084296),Karl-Anthony Towns (38083872),Russell Westbrook (38084014),Justin Champagnie (38084078),Scotty Pippen Jr. (38084268),295.98533420138887,387.923996983173,49700,100.00%,2963,206.82%,0,219.01,$6.2,WAS 2,OKC 1,user45,1,marvalshot,12100,4665146611_45
Scotty Pippen Jr. (38084268),Cason Wallace (38084201),Trey Murphy III (38083947),Dillon Brooks (38084093),Giannis Antetokounmpo (38083860),Russell Westbrook (38084014),Gary Payton II (38084239),Jalen Green (38083952),298.54633246527777,387.20115611605877,49700,100.00%,16304,444.48%,0,178.94,$13.33,HOU 2,MEM 1,user32,1,marvalshot,12135,4665146612_32
Scotty Pippen Jr. (38084268),Trey Murphy III (38083947),Dillon Brooks (38084093),Giannis Antetokounmpo (38083860),Isaiah Hartenstein (38083966),Tre Jones (38084046),Jaime Jaquez Jr. (38084296),Stephon Castle (38084005),283.8269314236111,378.1694434805049,50000,99.95%,0,75.52%,0,214.98999999999998,$2.27,MEM 1,NOP 1,user4,1,marvalshot,12156,4665146613_4
Shai Gilgeous-Alexander (38083864),Jordan Hawkins (38084276),Jaime Jaquez Jr. (38084296),Kenrich Williams (38084292),Karlo Matkovic (38084160),Trey Murphy III (38083947),Giannis Antetokounmpo (38083860),Scotty Pippen Jr. (38084268),287.76198350694443,383.59579219332244,49700,100.00%,0,100.36%,0,191.55,$3.01,NOP 3,OKC 2,user11,1,marvalshot,12212,4665146614_11
Russell Westbrook (38084014),Jordan Hawkins (38084276),Devin Vassell (38083987),Kelly Olynyk (38084082),Isaiah Hartenstein (38083966),Stephon Castle (38084005),Giannis Antetokounmpo (38083860),Scotty Pippen Jr. (38084268),282.9469314236111,382.2394434805049,49700,99.73%,0,71.76%,0,220.88,$2.15,NOP 2,SAS 2,user29,1,marvalshot,12277,4665146615_29
Stephon Castle (38084005),Cason Wallace (38084201),Kevin Huerter (38084121),OG Anunoby (38083970),Isaiah Hartenstein (38083966),Scotty Pippen Jr. (38084268),Trey Murphy III (38083947),Alperen Sengun (38083870),293.0832638888889,375.08059959656373,50000,100.00%,133,158.91%,0,165.56,$4.77,OKC 2,SAS 1,user41,1,marvalshot,11921,4665146606_41
Jalen Green (38083952),Stephon Castle (38084005),Justin Champagnie (38084078),Kenrich Williams (38084292),Nikola Jokic (38083858),Scotty Pippen Jr. (38084268),Jabari Smith Jr. (38084102),Russell Westbrook (38084014),287.65664930555556,380.4717952101494,49700,100.00%,0,100.13%,0,216.05,$3.0,HOU 2,DEN 2,user9,1,marvalshot,11938,4665146607_9
Shai Gilgeous-Alexander (38083864),Jordan Hawkins (38084276),Justin Champagnie (38084078),Jabari Smith Jr. (38084102),Mo Bamba (38084375),Stephon Castle (38084005),Giannis Antetokounmpo (38083860),Scotty Pippen Jr. (38084268),303.1553342013888,401.62399698317296,50000,100.00%,47323,1584.77%,17,210.14999999999998,$47.54,NOP 2,OKC 1,user28,46,marvalshot,11962,4665146608_28
Shai Gilgeous-Alexander (38083864),Cason Wallace (38084201),Jaime Jaquez Jr. (38084296),Jabari Smith Jr. (38084102),Isaiah Hartenstein (38083966),Blake Wesley (38084468),Giannis Antetokounmpo (38083860),Scotty Pippen Jr. (38084268),297.4185980902777,389.7545965797367,49600,100.00%,6601,245.53%,0,173.56,$7.37,OKC 3,MIA 1,user17,1,marvalshot,11978,4665146609_17
Cason Wallace (38084201),Stephon Castle (38084005),Dillon Brooks (38084093),Kenrich Williams (38084292),Brandon Clarke (38084228),Scotty Pippen Jr. (38084268),Giannis Antetokounmpo (38083860),Shai Gilgeous-Alexander (38083864),299.8483159722222,391.89694830938123,50000,100.00%,26693,513.4%,0,178.20999999999998,$15.4,OKC 3,MEM 2,user31,1,marvalshot,12040,4665146610_31
Shai Gilgeous-Alexander (38083864),Jordan Hawkins (38084276),Justin Champagnie (38084078),Kelly Olynyk (38084082),Karl-Anthony Towns (38083872),Scotty Pippen Jr. (38084268),Jabari Smith Jr. (38084102),Russell Westbrook (38084014),295.8353342013889,386.08399698317305,49800,100.00%,3245,206.29%,0,198.27999999999997,$6.19,NOP 2,OKC 1,user37,1,marvalshot,12092,4665146611_37
Blake Wesley (38084468),Cason Wallace (38084201),Dillon Brooks (38084093),Zeke Nnaji (38084390),Nikola Jokic (38083858),Stephon Castle (38084005),Giannis Antetokounmpo (38083860),Scotty Pippen Jr. (38084268),298.75633246527775,399.42115611605874,50000,100.00%,17424,431.41%,0,185.17999999999998,$12.94,SAS 2,DEN 2,user39,1,marvalshot,12142,4665146612_39
Stephon Castle (38084005),Trey Murphy III (38083947),Corey Kispert (38084256),Jabari Smith Jr. (38084102),Isaiah Hartenstein (38083966),Scotty Pippen Jr. (38084268),Justin Champagnie (38084078),Giannis Antetokounmpo (38083860),283.77693142361113,378.11944348050497,49900,99.94%,0,75.51%,0,173.2,$2.27,WAS 2,SAS 1,user30,1,marvalshot,12182,4665146613_30
Shai Gilgeous-Alexander (38083864),Stephon Castle (38084005),Jaime Jaquez Jr. (38084296),Kenrich Williams (38084292),Alperen Sengun (38083870),Trey Murphy III (38083947),Gary Payton II (38084239),Scotty Pippen Jr. (38084268),287.51198350694443,378.9257921933224,49700,100.00%,0,98.86%,0,180.43,$2.97,OKC 2,SAS 1,user48,1,marvalshot,12247,4665146614_48
Russell Westbrook (38084014),Stephon Castle (38084005),Justin Champagnie (38084078),OG Anunoby (38083970),Isaiah Hartenstein (38083966),Jalen Green (38083952),Trey Murphy III (38083947),Scotty Pippen Jr. (38084268),282.8069314236111,366.12944348050496,49600,99.55%,0,71.32%,0,192.42000000000002,$2.14,DEN 1,SAS 1,user11,1,marvalshot,12259,4665146615_11
Stephon Castle (38084005),Cason Wallace (38084201),Kevin Huerter (38084121),Keldon Johnson (38084146),Isaiah Hartenstein (38083966),Scotty Pippen Jr. (38084268),Giannis Antetokounmpo (38083860),Trey Murphy III (38083947),293.13326388888885,385.6905995965637,49900,100.00%,39,158.85%,0,182.63,$4.77,SAS 2,OKC 2,user8,1,marvalshot,11888,4665146606_8
Scotty Pippen Jr. (38084268),Jordan Hawkins (38084276),Jaime Jaquez Jr. (38084296),Kenrich Williams (38084292),Nikola Jokic (38083858),Stephon Castle (38084005),Jabari Smith Jr. (38084102),Giannis Antetokounmpo (38083860),287.65664930555556,392.21179521014943,50000,100.00%,0,99.74%,0,222.26,$2.99,MEM 1,NOP 1,user7,21,marvalshot,11936,4665146607_7
Shai Gilgeous-Alexander (38083864),Jordan Hawkins (38084276),Justin Champagnie (38084078),Jabari Smith Jr. (38084102),Mo Bamba (38084375),Stephon Castle (38084005),Giannis Antetokounmpo (38083860),Scotty Pippen Jr. (38084268),303.1553342013888,401.62399698317296,50000,100.00%,47323,1584.77%,17,210.14999999999998,$47.54,NOP 2,OKC 1,user29,46,marvalshot,11962,4665146608_29
Shai Gilgeous-Alexander (38083864),Cason Wallace (38084201),Kevin Huerter (38084121),Dillon Brooks (38084093),Isaiah Hartenstein (38083966),Russell Westbrook (38084014),Justin Champagnie (38084078),Stephon Castle (38084005),297.0485980902778,375.38459657973675,49800,100.00%,6038,243.18%,0,179.85999999999999,$7.3,OKC 3,CHI 1,user18,1,marvalshot,11979,4665146609_18
Cason Wallace (38084201),Stephon Castle (38084005),Kevin Huerter (38084121),Kenrich Williams (38084292),Alperen Sengun (38083870),Scotty Pippen Jr. (38084268),Jabari Smith Jr. (38084102),Shai Gilgeous-Alexander (38083864),300.0483159722222,382.1269483093812,48800,100.00%,29263,505.87%,0,188.62,$15.18,OKC 3,HOU 2,user47,1,marvalshot,12056,4665146610_47
Shai Gilgeous-Alexander (38083864),Jordan Hawkins (38084276),Jaime Jaquez Jr. (38084296),Jabari Smith Jr. (38084102),Nikola Jokic (38083858),Scotty Pippen Jr. (38084268),Karlo Matkovic (38084160),Tre Jones (38084046),295.7253342013889,390.70399698317306,50000,100.00%,2981,205.39%,0,213.3,$6.16,NOP 2,OKC 1,user4,1,marvalshot,12060,4665146611_4
Scotty Pippen Jr. (38084268),Cason Wallace (38084201),Julian Champagnie (38084347),Karlo Matkovic (38084160),Alperen Sengun (38083870),Russell Westbrook (38084014),Devin Vassell (38083987),Giannis Antetokounmpo (38083860),298.41633246527783,393.0811561160588,50000,100.00%,15500,429.69%,0,184.68,$12.89,SAS 2,MEM 1,user37,1,marvalshot,12140,4665146612_37
Stephon Castle (38084005),Miles McBride (38084056),Justin Champagnie (38084078),Giannis Antetokounmpo (38083860),Isaiah Hartenstein (38083966),Russell Westbrook (38084014),Karlo Matkovic (38084160),Scotty Pippen Jr. (38084268),283.7469314236111,378.87944348050496,49700,99.95%,0,75.47%,0,217.52,$2.26,SAS 1,NYK 1,user20,1,marvalshot,12172,4665146613_20
Shai Gilgeous-Alexander (38083864),Trey Murphy III (38083947),Michael Porter Jr. (38083977),Kenrich Williams (38084292),Alexandre Sarr (38084017),Stephon Castle (38084005),Jabari Smith Jr. (38084102),Scotty Pippen Jr. (38084268),287.3919835069444,373.8057921933224,49900,100.00%,0,98.15%,0,161.74,$2.94,OKC 2,NOP 1,user47,1,marvalshot,12246,4665146614_47
Stephon Castle (38084005),Trey Murphy III (38083947),Jaime Jaquez Jr. (38084296),Jabari Smith Jr. (38084102),Isaiah Hartenstein (38083966),Scotty Pippen Jr. (38084268),Dillon Brooks (38084093),Giannis Antetokounmpo (38083860),282.9469314236111,376.3094434805049,49500,99.85%,0,71.3%,0,188.98,$2.14,HOU 2,SAS 1,user5,1,marvalshot,12253,4665146615_5
Scotty Pippen Jr. (38084268),Cason Wallace (38084201),Trey Murphy III (38083947),Jabari Smith Jr. (38084102),Isaiah Hartenstein (38083966),Russell Westbrook (38084014),Jaime Jaquez Jr. (38084296),Nikola Jokic (38083858),293.04326388888893,384.0905995965638,49600,100.00%,72,158.41%,0,195.33,$4.75,OKC 2,DEN 2,user47,1,marvalshot,11927,4665146606_47
Scotty Pippen Jr. (38084268),Jordan Hawkins (38084276),Jaime Jaquez Jr. (38084296),Kenrich Williams (38084292),Jabari Smith Jr. (38084102),Stephon Castle (38084005),Giannis Antetokounmpo (38083860),Nikola Jokic (38083858),287.65664930555556,392.21179521014943,50000,100.00%,0,99.74%,0,222.26,$2.99,MEM 1,NOP 1,user30,21,marvalshot,11936,4665146607_30
Shai Gilgeous-Alexander (38083864),Jordan Hawkins (38084276),Justin Champagnie (38084078),Jabari Smith Jr. (38084102),Mo Bamba (38084375),Stephon Castle (38084005),Giannis Antetokounmpo (38083860),Scotty Pippen Jr. (38084268),303.1553342013888,401.62399698317296,50000,100.00%,47323,1584.77%,17,210.14999999999998,$47.54,NOP 2,OKC 1,user30,46,marvalshot,11962,4665146608_30
Shai Gilgeous-Alexander (38083864),Cason Wallace (38084201),Trey Murphy III (38083947),Jonathan Kuminga (38084041),Isaiah Hartenstein (38083966),Scotty Pippen Jr. (38084268),Karlo Matkovic (38084160),Russell Westbrook (38084014),296.8785980902778,384.11459657973677,50000,100.00%,5293,242.23%,0,173.74,$7.27,OKC 3,NOP 2,user27,1,marvalshot,11987,4665146609_27
Cason Wallace (38084201),Stephon Castle (38084005),Kevin Huerter (38084121),Kenrich Williams (38084292),Jabari Smith Jr. (38084102),Blake Wesley (38084468),Giannis Antetokounmpo (38083860),Shai Gilgeous-Alexander (38083864),299.8083159722222,387.7369483093812,50000,100.00%,26841,496.15%,0,172.18,$14.88,OKC 3,SAS 2,user33,1,marvalshot,12042,4665146610_33
Shai Gilgeous-Alexander (38083864),Stephon Castle (38084005),Jaime Jaquez Jr. (38084296),Giannis Antetokounmpo (38083860),Jabari Smith Jr. (38084102),Scotty Pippen Jr. (38084268),Kelly Olynyk (38084082),Steven Adams (38084373),296.0753342013889,397.21399698317305,49900,100.00%,2548,203.92%,0,191.73999999999998,$6.12,HOU 2,OKC 1,user3,1,marvalshot,12059,4665146611_3
Scotty Pippen Jr. (38084268),Cason Wallace (38084201),Jaime Jaquez Jr. (38084296),Karlo Matkovic (38084160),Nikola Jokic (38083858),Luke Kennard (38084197),Jabari Smith Jr. (38084102),Giannis Antetokounmpo (38083860),298.7663324652778,398.3711561160588,49900,100.00%,17285,422.08%,0,192.71,$12.66,MEM 2,OKC 1,user14,2,marvalshot,5092,4665146612_14
Russell Westbrook (38084014),Trey Murphy III (38083947),Justin Champagnie (38084078),Jaime Jaquez Jr. (38084296),Isaiah Hartenstein (38083966),Scotty Pippen Jr. (38084268),Giannis Antetokounmpo (38083860),Tre Jones (38084046),283.7569314236111,378.95944348050494,49900,99.93%,0,75.35%,0,228.35000000000002,$2.26,DEN 1,NOP 1,user9,1,marvalshot,12161,4665146613_9
Shai Gilgeous-Alexander (38083864),Stephon Castle (38084005),Trey Murphy III (38083947),Kenrich Williams (38084292),Mo Bamba (38084375),Russell Westbrook (38084014),Jimmy Butler (38083930),Scotty Pippen Jr. (38084268),287.24198350694445,376.76579219332245,49600,100.00%,0,97.06%,0,203.95999999999998,$2.91,OKC 2,NOP 2,user6,1,marvalshot,12207,4665146614_6
Scotty Pippen Jr. (38084268),Trey Murphy III (38083947),Jaime Jaquez Jr. (38084296),Jabari Smith Jr. (38084102),Isaiah Hartenstein (38083966),Russell Westbrook (38084014),Justin Champagnie (38084078),Giannis Antetokounmpo (38083860),282.8769314236111,377.09944348050493,49400,99.78%,0,71.15%,0,202.34,$2.13,MEM 1,NOP 1,user33,1,marvalshot,12281,4665146615_33
Tre Jones (38084046),Cason Wallace (38084201),Justin Champagnie (38084078),Jabari Smith Jr. (38084102),Isaiah Hartenstein (38083966),Trey Murphy III (38083947),Giannis Antetokounmpo (38083860),Scotty Pippen Jr. (38084268),293.0932638888889,380.9705995965637,49600,100.00%,47,158.21%,0,182.56,$4.75,OKC 2,CHI 1,user44,1,marvalshot,11924,4665146606_44
Scotty Pippen Jr. (38084268),Jordan Hawkins (38084276),Jaime Jaquez Jr. (38084296),Kenrich Williams (38084292),Jabari Smith Jr. (38084102),Stephon Castle (38084005),Giannis Antetokounmpo (38083860),Nikola Jokic (38083858),287.65664930555556,392.21179521014943,50000,100.00%,0,99.74%,0,222.26,$2.99,MEM 1,NOP 1,user31,21,marvalshot,11936,4665146607_31
Shai Gilgeous-Alexander (38083864),Jordan Hawkins (38084276),Justin Champagnie (38084078),Jabari Smith Jr. (38084102),Mo Bamba (38084375),Stephon Castle (38084005),Giannis Antetokounmpo (38083860),Scotty Pippen Jr. (38084268),303.1553342013888,401.62399698317296,50000,100.00%,47323,1584.77%,17,210.14999999999998,$47.54,NOP 2,OKC 1,user31,46,marvalshot,11962,4665146608_31
Shai Gilgeous-Alexander (38083864),Cason Wallace (38084201),Jaime Jaquez Jr. (38084296),Jabari Smith Jr. (38084102),Isaiah Hartenstein (38083966),Stephon Castle (38084005),Devin Vassell (38083987),Russell Westbrook (38084014),296.7985980902778,378.3645965797367,49700,100.00%,4521,229.87%,0,184.07,$6.9,OKC 3,SAS 2,user19,1,marvalshot,11980,4665146609_19
Cason Wallace (38084201),Stephon Castle (38084005),Kyle Kuzma (38084026),Kenrich Williams (38084292),Alperen Sengun (38083870),Scotty Pippen Jr. (38084268),Jabari Smith Jr. (38084102),Shai Gilgeous-Alexander (38083864),299.75831597222225,383.06694830938125,49900,100.00%,26376,491.74%,0,173.04,$14.75,OKC 3,HOU 2,user44,1,marvalshot,12053,4665146610_44
Shai Gilgeous-Alexander (38083864),Jordan Hawkins (38084276),Jaime Jaquez Jr. (38084296),Justin Champagnie (38084078),Mo Bamba (38084375),Trey Murphy III (38083947),Giannis Antetokounmpo (38083860),Scotty Pippen Jr. (38084268),295.99533420138886,394.713996983173,49900,100.00%,2716,203.81%,0,188.57999999999998,$6.11,NOP 3,OKC 1,user33,1,marvalshot,12088,4665146611_33
Scotty Pippen Jr. (38084268),Cason Wallace (38084201),Keldon Johnson (38084146),Giannis Antetokounmpo (38083860),Mo Bamba (38084375),Tyler Herro (38083915),Trey Murphy III (38083947),Stephon Castle (38084005),298.76633246527774,394.79115611605874,49900,100.00%,17618,412.66%,0,175.41,$12.38,SAS 2,NOP 2,user45,1,marvalshot,12148,4665146612_45
Scotty Pippen Jr. (38084268),Jordan Hawkins (38084276),Trey Murphy III (38083947),Kelly Olynyk (38084082),Isaiah Hartenstein (38083966),Stephon Castle (38084005),Justin Champagnie (38084078),Giannis Antetokounmpo (38083860),283.7169314236111,382.6194434805049,49900,99.94%,0,75.11%,0,190.27999999999997,$2.25,NOP 3,MEM 1,user26,1,marvalshot,12178,4665146613_26
Shai Gilgeous-Alexander (38083864),Jordan Hawkins (38084276),Harrison Barnes (38084183),Kenrich Williams (38084292),Giannis Antetokounmpo (38083860),Russell Westbrook (38084014),Jabari Smith Jr. (38084102),Scotty Pippen Jr. (38084268),287.2119835069444,379.7057921933224,49400,100.00%,0,96.87%,0,206.99,$2.91,OKC 2,NOP 1,user5,1,marvalshot,12206,4665146614_5
Scotty Pippen Jr. (38084268),Khris Middleton (38084036),Dillon Brooks (38084093),Giannis Antetokounmpo (38083860),Isaiah Hartenstein (38083966),Stephon Castle (38084005),Jabari Smith Jr. (38084102),Russell Westbrook (38084014),282.81693142361115,377.639443480505,50000,99.71%,0,71.1%,0,207.2,$2.13,HOU 2,MEM 1,user47,1,marvalshot,12295,4665146615_47
Stephon Castle (38084005),Cason Wallace (38084201),Justin Champagnie (38084078),Giannis Antetokounmpo (38083860),Isaiah Hartenstein (38083966),Luke Kennard (38084197),Jabari Smith Jr. (38084102),Russell Westbrook (38084014),292.90326388888894,381.2705995965638,49500,100.00%,61,156.7%,0,201.91,$4.7,OKC 2,SAS 1,user42,1,marvalshot,11922,4665146606_42
Scotty Pippen Jr. (38084268),Jordan Hawkins (38084276),Jaime Jaquez Jr. (38084296),Kenrich Williams (38084292),Jabari Smith Jr. (38084102),Stephon Castle (38084005),Giannis Antetokounmpo (38083860),Nikola Jokic (38083858),287.65664930555556,392.21179521014943,50000,100.00%,0,99.74%,0,222.26,$2.99,MEM 1,NOP 1,user32,21,marvalshot,11936,4665146607_32
Shai Gilgeous-Alexander (38083864),Jordan Hawkins (38084276),Justin Champagnie (38084078),Jabari Smith Jr. (38084102),Mo Bamba (38084375),Stephon Castle (38084005),Giannis Antetokounmpo (38083860),Scotty Pippen Jr. (38084268),303.1553342013888,401.62399698317296,50000,100.00%,47323,1584.77%,17,210.14999999999998,$47.54,NOP 2,OKC 1,user32,46,marvalshot,11962,4665146608_32
Shai Gilgeous-Alexander (38083864),Cason Wallace (38084201),Trey Murphy III (38083947),Justin Champagnie (38084078),Isaiah Hartenstein (38083966),Scotty Pippen Jr. (38084268),Jaime Jaquez Jr. (38084296),Jalen Green (38083952),296.69859809027776,378.70459657973674,50000,100.00%,4413,229.23%,0,150.82,$6.88,OKC 3,NOP 1,user14,1,marvalshot,11975,4665146609_14
Cason Wallace (38084201),Stephon Castle (38084005),Jaime Jaquez Jr. (38084296),Kenrich Williams (38084292),Steven Adams (38084373),Russell Westbrook (38084014),Giannis Antetokounmpo (38083860),Shai Gilgeous-Alexander (38083864),299.51831597222224,393.25694830938124,50000,100.00%,23859,489.72%,0,202.44,$14.69,OKC 3,SAS 1,user3,3,marvalshot,12012,4665146610_3
Shai Gilgeous-Alexander (38083864),Stephon Castle (38084005),Julian Champagnie (38084347),Karlo Matkovic (38084160),Nikola Jokic (38083858),Scotty Pippen Jr. (38084268),Jabari Smith Jr. (38084102),Blake Wesley (38084468),295.7253342013889,393.46399698317305,50000,100.00%,2615,202.45%,0,185.03,$6.07,SAS 3,OKC 1,user34,1,marvalshot,12089,4665146611_34
Russell Westbrook (38084014),Cason Wallace (38084201),Andrew Wiggins (38084002),OG Anunoby (38083970),Giannis Antetokounmpo (38083860),Scotty Pippen Jr. (38084268),Keldon Johnson (38084146),Stephon Castle (38084005),298.48633246527777,390.02115611605876,49600,100.00%,15366,382.6%,0,210.6,$11.48,SAS 2,DEN 1,user8,1,marvalshot,12112,4665146612_8
Jordan Hawkins (38084276),Trey Murphy III (38083947),Justin Champagnie (38084078),Giannis Antetokounmpo (38083860),Isaiah Hartenstein (38083966),Stephon Castle (38084005),Karlo Matkovic (38084160),Scotty Pippen Jr. (38084268),283.7569314236111,380.6094434805049,49400,99.96%,0,75.11%,0,199.6,$2.25,NOP 3,WAS 1,user22,1,marvalshot,12174,4665146613_22
Shai Gilgeous-Alexander (38083864),Jordan Hawkins (38084276),Kevin Huerter (38084121),Kenrich Williams (38084292),Giannis Antetokounmpo (38083860),Stephon Castle (38084005),Justin Champagnie (38084078),Jaime Jaquez Jr. (38084296),287.20198350694443,380.22579219332243,50000,100.00%,0,96.64%,0,192.39,$2.9,OKC 2,NOP 1,user7,1,marvalshot,12208,4665146614_7
Tre Jones (38084046),Trey Murphy III (38083947),Julian Champagnie (38084347),Giannis Antetokounmpo (38083860),Isaiah Hartenstein (38083966),Scotty Pippen Jr. (38084268),Jabari Smith Jr. (38084102),Stephon Castle (38084005),282.8069314236111,376.7994434805049,49700,99.70%,0,71.1%,0,203.41,$2.13,SAS 2,CHI 1,user32,1,marvalshot,12280,4665146615_32
Russell Westbrook (38084014),Cason Wallace (38084201),Andrew Wiggins (38084002),Giannis Antetokounmpo (38083860),Isaiah Hartenstein (38083966),Scotty Pippen Jr. (38084268),Keldon Johnson (38084146),Stephon Castle (38084005),292.9132638888889,387.64059959656373,49800,100.00%,43,156.5%,0,212.82999999999998,$4.7,OKC 2,SAS 2,user16,1,marvalshot,11896,4665146606_16
Scotty Pippen Jr. (38084268),Jordan Hawkins (38084276),Jaime Jaquez Jr. (38084296),Kenrich Williams (38084292),Jabari Smith Jr. (38084102),Stephon Castle (38084005),Giannis Antetokounmpo (38083860),Nikola Jokic (38083858),287.65664930555556,392.21179521014943,50000,100.00%,0,99.74%,0,222.26,$2.99,MEM 1,NOP 1,user33,21,marvalshot,11936,4665146607_33
Shai Gilgeous-Alexander (38083864),Jordan Hawkins (38084276),Justin Champagnie (38084078),Jabari Smith Jr. (38084102),Mo Bamba (38084375),Stephon Castle (38084005),Giannis Antetokounmpo (38083860),Scotty Pippen Jr. (38084268),303.1553342013888,401.62399698317296,50000,100.00%,47323,1584.77%,17,210.14999999999998,$47.54,NOP 2,OKC 1,user33,46,marvalshot,11962,4665146608_33
Shai Gilgeous-Alexander (38083864),Cason Wallace (38084201),Devin Vassell (38083987),Justin Champagnie (38084078),Isaiah Hartenstein (38083966),Scotty Pippen Jr. (38084268),Jabari Smith Jr. (38084102),Stephon Castle (38084005),296.95859809027775,378.31459657973676,49000,100.00%,4131,222.69%,0,169.37,$6.68,OKC 3,SAS 2,user47,1,marvalshot,12007,4665146609_47
Cason Wallace (38084201),Stephon Castle (38084005),Jaime Jaquez Jr. (38084296),Kenrich Williams (38084292),Steven Adams (38084373),Russell Westbrook (38084014),Giannis Antetokounmpo (38083860),Shai Gilgeous-Alexander (38083864),299.51831597222224,393.25694830938124,50000,100.00%,23859,489.72%,0,202.44,$14.69,OKC 3,SAS 1,user48,3,marvalshot,12012,4665146610_48
Shai Gilgeous-Alexander (38083864),Jalen Green (38083952),Jaime Jaquez Jr. (38084296),OG Anunoby (38083970),Alexandre Sarr (38084017),Stephon Castle (38084005),Jabari Smith Jr. (38084102),Scotty Pippen Jr. (38084268),295.60533420138887,380.673996983173,50000,100.00%,2345,200.12%,0,168.95999999999998,$6.0,HOU 2,OKC 1,user10,1,marvalshot,12066,4665146611_10
Stephon Castle (38084005),Cason Wallace (38084201),Justin Champagnie (38084078),Pascal Siakam (38083919),Jabari Smith Jr. (38084102),Jalen Green (38083952),Trey Murphy III (38083947),Russell Westbrook (38084014),298.43633246527776,377.72115611605875,50000,100.00%,15668,380.71%,0,165.76,$11.42,HOU 2,SAS 1,user27,1,marvalshot,12130,4665146612_27
Russell Westbrook (38084014),Miles McBride (38084056),Trey Murphy III (38083947),Jabari Smith Jr. (38084102),Isaiah Hartenstein (38083966),Scotty Pippen Jr. (38084268),Giannis Antetokounmpo (38083860),Jordan Hawkins (38084276),283.63693142361114,374.979443480505,49800,99.88%,0,75.08%,0,202.16,$2.25,NOP 2,DEN 1,user7,1,marvalshot,12159,4665146613_7
Shai Gilgeous-Alexander (38083864),Stephon Castle (38084005),Christian Braun (38084009),Kenrich Williams (38084292),Jabari Smith Jr. (38084102),Russell Westbrook (38084014),Trey Murphy III (38083947),Luke Kennard (38084197),287.12198350694445,368.2957921933224,50000,100.00%,0,96.37%,0,187.31,$2.89,OKC 2,DEN 2,user19,1,marvalshot,12220,4665146614_19
Scotty Pippen Jr. (38084268),Jordan Hawkins (38084276),OG Anunoby (38083970),Jaime Jaquez Jr. (38084296),Isaiah Hartenstein (38083966),Stephon Castle (38084005),Trey Murphy III (38083947),Giannis Antetokounmpo (38083860),282.8069314236111,377.86944348050497,49900,99.83%,0,71.03%,0,198.63,$2.13,NOP 2,MEM 1,user45,1,marvalshot,12293,4665146615_45
Stephon Castle (38084005),Cason Wallace (38084201),Kevin Huerter (38084121),Jeremy Sochan (38084132),Isaiah Hartenstein (38083966),Scotty Pippen Jr. (38084268),Trey Murphy III (38083947),Giannis Antetokounmpo (38083860),292.8832638888889,385.56059959656375,50000,100.00%,29,155.83%,0,181.06,$4.67,SAS 2,OKC 2,user23,1,marvalshot,11903,4665146606_23
Scotty Pippen Jr. (38084268),Jordan Hawkins (38084276),Jaime Jaquez Jr. (38084296),Kenrich Williams (38084292),Jabari Smith Jr. (38084102),Stephon Castle (38084005),Giannis Antetokounmpo (38083860),Nikola Jokic (38083858),287.65664930555556,392.21179521014943,50000,100.00%,0,99.74%,0,222.26,$2.99,MEM 1,NOP 1,user34,21,marvalshot,11936,4665146607_34
Shai Gilgeous-Alexander (38083864),Jordan Hawkins (38084276),Justin Champagnie (38084078),Jabari Smith Jr. (38084102),Mo Bamba (38084375),Stephon Castle (38084005),Giannis Antetokounmpo (38083860),Scotty Pippen Jr. (38084268),303.1553342013888,401.62399698317296,50000,100.00%,47323,1584.77%,17,210.14999999999998,$47.54,NOP 2,OKC 1,user34,46,marvalshot,11962,4665146608_34
Shai Gilgeous-Alexander (38083864),Cason Wallace (38084201),Jaime Jaquez Jr. (38084296),Justin Champagnie (38084078),Isaiah Hartenstein (38083966),Scotty Pippen Jr. (38084268),Giannis Antetokounmpo (38083860),Mo Bamba (38084375),296.86859809027777,392.02459657973674,50000,100.00%,4242,222.12%,0,167.05,$6.66,OKC 3,MIA 1,user1,1,marvalshot,11963,4665146609_1
Cason Wallace (38084201),Stephon Castle (38084005),Jaime Jaquez Jr. (38084296),Kenrich Williams (38084292),Steven Adams (38084373),Russell Westbrook (38084014),Giannis Antetokounmpo (38083860),Shai Gilgeous-Alexander (38083864),299.51831597222224,393.25694830938124,50000,100.00%,23859,489.72%,0,202.44,$14.69,OKC 3,SAS 1,user49,3,marvalshot,12012,4665146610_49
Shai Gilgeous-Alexander (38083864),Jordan Hawkins (38084276),Jaime Jaquez Jr. (38084296),Jabari Smith Jr. (38084102),Alperen Sengun (38083870),Russell Westbrook (38084014),Justin Champagnie (38084078),Tre Jones (38084046),295.3153342013889,381.02399698317305,49900,100.00%,2443,197.37%,0,209.54,$5.92,HOU 2,OKC 1,user48,1,marvalshot,12103,4665146611_48
Russell Westbrook (38084014),Cason Wallace (38084201),Dillon Brooks (38084093),Jabari Smith Jr. (38084102),Bam Adebayo (38083887),Scotty Pippen Jr. (38084268),Giannis Antetokounmpo (38083860),Justin Champagnie (38084078),298.79633246527777,386.92115611605874,49900,100.00%,17796,379.81%,0,186.19,$11.39,HOU 2,DEN 1,user17,1,marvalshot,12120,4665146612_17
Russell Westbrook (38084014),Stephon Castle (38084005),Dillon Brooks (38084093),Karlo Matkovic (38084160),Isaiah Hartenstein (38083966),Scotty Pippen Jr. (38084268),Justin Champagnie (38084078),Giannis Antetokounmpo (38083860),283.5869314236111,378.5694434805049,49300,99.92%,0,74.52%,0,216.81,$2.24,DEN 1,SAS 1,user39,1,marvalshot,12191,4665146613_39
Shai Gilgeous-Alexander (38083864),Jalen Green (38083952),Trey Murphy III (38083947),Kenrich Williams (38084292),Karlo Matkovic (38084160),Scotty Pippen Jr. (38084268),Jonathan Kuminga (38084041),Stephon Castle (38084005),287.10198350694446,376.4257921933225,50000,100.00%,0,96.31%,0,166.7,$2.89,OKC 2,NOP 2,user,1,marvalshot,2307,4665146614
Russell Westbrook (38084014),Jordan Hawkins (38084276),Trey Murphy III (38083947),Jonathan Kuminga (38084041),Isaiah Hartenstein (38083966),Scotty Pippen Jr. (38084268),Jabari Smith Jr. (38084102),Giannis Antetokounmpo (38083860),282.7469314236111,380.02944348050494,49900,99.65%,0,70.94%,0,196.17,$2.13,NOP 2,DEN 1,user4,1,marvalshot,12252,4665146615_4
Stephon Castle (38084005),Cason Wallace (38084201),Devin Vassell (38083987),Justin Champagnie (38084078),Isaiah Hartenstein (38083966),Scotty Pippen Jr. (38084268),Giannis Antetokounmpo (38083860),Jabari Smith Jr. (38084102),292.7732638888889,382.8505995965637,49300,100.00%,15,154.25%,0,178.06,$4.63,SAS 2,OKC 2,user43,1,marvalshot,11923,4665146606_43
Scotty Pippen Jr. (38084268),Jordan Hawkins (38084276),Jaime Jaquez Jr. (38084296),Kenrich Williams (38084292),Jabari Smith Jr. (38084102),Stephon Castle (38084005),Giannis Antetokounmpo (38083860),Nikola Jokic (38083858),287.65664930555556,392.21179521014943,50000,100.00%,0,99.74%,0,222.26,$2.99,MEM 1,NOP 1,user35,21,marvalshot,11936,4665146607_35
Shai Gilgeous-Alexander (38083864),Jordan Hawkins (38084276),Justin Champagnie (38084078),Jabari Smith Jr. (38084102),Mo Bamba (38084375),Stephon Castle (38084005),Giannis Antetokounmpo (38083860),Scotty Pippen Jr. (38084268),303.1553342013888,401.62399698317296,50000,100.00%,47323,1584.77%,17,210.14999999999998,$47.54,NOP 2,OKC 1,user35,46,marvalshot,11962,4665146608_35
Shai Gilgeous-Alexander (38083864),Cason Wallace (38084201),Justin Champagnie (38084078),Karlo Matkovic (38084160),Isaiah Hartenstein (38083966),Scotty Pippen Jr. (38084268),Coby White (38083942),Stephon Castle (38084005),296.6685980902778,380.49459657973676,49800,100.00%,3847,221.16%,0,167.81,$6.63,OKC 3,WAS 1,user30,1,marvalshot,11990,4665146609_30
Cason Wallace (38084201),Stephon Castle (38084005),Trey Murphy III (38083947),Kenrich Williams (38084292),Jabari Smith Jr. (38084102),Russell Westbrook (38084014),Justin Champagnie (38084078),Shai Gilgeous-Alexander (38083864),299.75831597222225,378.57694830938124,49000,100.00%,26479,476.98%,0,187.57999999999998,$14.31,OKC 3,SAS 1,user26,1,marvalshot,12035,4665146610_26
Shai Gilgeous-Alexander (38083864),Stephon Castle (38084005),Julian Champagnie (38084347),Giannis Antetokounmpo (38083860),Jeremy Sochan (38084132),Scotty Pippen Jr. (38084268),Jabari Smith Jr. (38084102),Jordan Hawkins (38084276),295.6853342013889,393.1439969831731,49800,100.00%,1907,196.72%,0,195.29999999999998,$5.9,SAS 3,OKC 1,user32,1,marvalshot,12087,4665146611_32
Stephon Castle (38084005),Cason Wallace (38084201),Jaime Jaquez Jr. (38084296),Giannis Antetokounmpo (38083860),Nikola Jokic (38083858),Jose Alvarado (38084168),Zeke Nnaji (38084390),Scotty Pippen Jr. (38084268),298.51633246527774,403.1911561160587,50000,100.00%,15473,378.62%,0,202.57999999999998,$11.36,DEN 2,SAS 1,user36,1,marvalshot,12139,4665146612_36
Stephon Castle (38084005),Trey Murphy III (38083947),Jaime Jaquez Jr. (38084296),Jabari Smith Jr. (38084102),Isaiah Hartenstein (38083966),Russell Westbrook (38084014),Justin Champagnie (38084078),Alperen Sengun (38083870),283.5569314236111,371.20944348050494,50000,99.88%,0,74.5%,0,184.33999999999997,$2.24,HOU 2,SAS 1,user1,1,marvalshot,12153,4665146613_1
Shai Gilgeous-Alexander (38083864),Stephon Castle (38084005),Aaron Nesmith (38084086),Kenrich Williams (38084292),Jabari Smith Jr. (38084102),Scotty Pippen Jr. (38084268),Trey Murphy III (38083947),Jalen Green (38083952),287.10198350694446,369.3457921933225,49900,100.00%,0,96.2%,0,165.26,$2.89,OKC 2,HOU 2,user13,1,marvalshot,12214,4665146614_13
Scotty Pippen Jr. (38084268),Carlton Carrington (38084067),Dillon Brooks (38084093),Jabari Smith Jr. (38084102),Isaiah Hartenstein (38083966),Russell Westbrook (38084014),Giannis Antetokounmpo (38083860),Stephon Castle (38084005),282.7969314236111,374.349443480505,49800,99.69%,0,70.93%,0,207.39999999999998,$2.13,HOU 2,MEM 1,user38,1,marvalshot,12286,4665146615_38
Stephon Castle (38084005),Cason Wallace (38084201),Jaime Jaquez Jr. (38084296),Justin Champagnie (38084078),Isaiah Hartenstein (38083966),Tyler Herro (38083915),Giannis Antetokounmpo (38083860),Scotty Pippen Jr. (38084268),292.7232638888889,386.32059959656374,50000,100.00%,15,154.03%,0,188.04,$4.62,OKC 2,MIA 2,user2,1,marvalshot,11879,4665146606_2
Scotty Pippen Jr. (38084268),Jordan Hawkins (38084276),Jaime Jaquez Jr. (38084296),Kenrich Williams (38084292),Jabari Smith Jr. (38084102),Stephon Castle (38084005),Giannis Antetokounmpo (38083860),Nikola Jokic (38083858),287.65664930555556,392.21179521014943,50000,100.00%,0,99.74%,0,222.26,$2.99,MEM 1,NOP 1,user36,21,marvalshot,11936,4665146607_36
Shai Gilgeous-Alexander (38083864),Jordan Hawkins (38084276),Justin Champagnie (38084078),Jabari Smith Jr. (38084102),Mo Bamba (38084375),Stephon Castle (38084005),Giannis Antetokounmpo (38083860),Scotty Pippen Jr. (38084268),303.1553342013888,401.62399698317296,50000,100.00%,47323,1584.77%,17,210.14999999999998,$47.54,NOP 2,OKC 1,user36,46,marvalshot,11962,4665146608_36
Shai Gilgeous-Alexander (38083864),Cason Wallace (38084201),Justin Champagnie (38084078),Giannis Antetokounmpo (38083860),Isaiah Hartenstein (38083966),Scotty Pippen Jr. (38084268),Jaime Jaquez Jr. (38084296),Blake Wesley (38084468),296.69859809027776,390.39459657973674,49800,100.00%,3651,219.3%,0,172.10999999999999,$6.58,OKC 3,WAS 1,user10,3,marvalshot,386,4665146609_10
Cason Wallace (38084201),Stephon Castle (38084005),Dillon Brooks (38084093),Kenrich Williams (38084292),Giannis Antetokounmpo (38083860),Scotty Pippen Jr. (38084268),Gary Payton II (38084239),Shai Gilgeous-Alexander (38083864),299.7483159722222,390.7969483093812,49900,100.00%,25793,476.66%,0,180.29,$14.3,OKC 3,SAS 1,user17,1,marvalshot,12026,4665146610_17
Shai Gilgeous-Alexander (38083864),Stephon Castle (38084005),Justin Champagnie (38084078),Corey Kispert (38084256),Mo Bamba (38084375),Scotty Pippen Jr. (38084268),Karlo Matkovic (38084160),Giannis Antetokounmpo (38083860),295.67533420138886,395.513996983173,49900,100.00%,1931,196.24%,0,183.89,$5.89,WAS 2,NOP 2,user47,1,marvalshot,12102,4665146611_47
Scotty Pippen Jr. (38084268),Cason Wallace (38084201),Trey Murphy III (38083947),Karlo Matkovic (38084160),Giannis Antetokounmpo (38083860),Stephon Castle (38084005),Marcus Smart (38084223),Jamal Murray (38083938),298.48633246527777,393.65115611605876,49800,100.00%,15183,371.76%,0,176.89,$11.15,NOP 2,MEM 1,user22,1,marvalshot,12125,4665146612_22
CJ McCollum (38083974),Stephon Castle (38084005),Justin Champagnie (38084078),Karlo Matkovic (38084160),Isaiah Hartenstein (38083966),Scotty Pippen Jr. (38084268),Jabari Smith Jr. (38084102),Giannis Antetokounmpo (38083860),283.50693142361115,379.86944348050497,49900,99.86%,0,74.26%,0,183.39999999999998,$2.23,NOP 2,SAS 1,user46,1,marvalshot,12198,4665146613_46
Shai Gilgeous-Alexander (38083864),Stephon Castle (38084005),Trey Murphy III (38083947),Kenrich Williams (38084292),Jabari Smith Jr. (38084102),Scotty Pippen Jr. (38084268),Jaime Jaquez Jr. (38084296),Bam Adebayo (38083887),287.16198350694447,374.0957921933225,49900,100.00%,0,96.1%,0,183.59999999999997,$2.88,OKC 2,MIA 2,user14,1,marvalshot,12215,4665146614_14
Scotty Pippen Jr. (38084268),Stephon Castle (38084005),Trey Murphy III (38083947),Justin Champagnie (38084078),Isaiah Hartenstein (38083966),Tre Jones (38084046),Jabari Smith Jr. (38084102),Karl-Anthony Towns (38083872),282.68693142361116,369.529443480505,49600,99.58%,0,70.91%,0,197.54,$2.13,MEM 1,SAS 1,user13,1,marvalshot,12261,4665146615_13
Russell Westbrook (38084014),Cason Wallace (38084201),Justin Champagnie (38084078),Keldon Johnson (38084146),Isaiah Hartenstein (38083966),Stephon Castle (38084005),Jabari Smith Jr. (38084102),Giannis Antetokounmpo (38083860),292.6332638888889,383.3505995965637,49900,100.00%,41,153.36%,0,182.48,$4.6,OKC 2,SAS 2,user40,1,marvalshot,11920,4665146606_40
Scotty Pippen Jr. (38084268),Jordan Hawkins (38084276),Jaime Jaquez Jr. (38084296),Kenrich Williams (38084292),Jabari Smith Jr. (38084102),Stephon Castle (38084005),Giannis Antetokounmpo (38083860),Nikola Jokic (38083858),287.65664930555556,392.21179521014943,50000,100.00%,0,99.74%,0,222.26,$2.99,MEM 1,NOP 1,user37,21,marvalshot,11936,4665146607_37
Shai Gilgeous-Alexander (38083864),Jordan Hawkins (38084276),Justin Champagnie (38084078),Jabari Smith Jr. (38084102),Mo Bamba (38084375),Stephon Castle (38084005),Giannis Antetokounmpo (38083860),Scotty Pippen Jr. (38084268),303.1553342013888,401.62399698317296,50000,100.00%,47323,1584.77%,17,210.14999999999998,$47.54,NOP 2,OKC 1,user37,46,marvalshot,11962,4665146608_37
Shai Gilgeous-Alexander (38083864),Cason Wallace (38084201),Trey Murphy III (38083947),Keldon Johnson (38084146),Isaiah Hartenstein (38083966),Scotty Pippen Jr. (38084268),Kelly Olynyk (38084082),Stephon Castle (38084005),296.45859809027775,384.5145965797367,49900,100.00%,3373,219.12%,0,160.34,$6.57,OKC 3,NOP 2,user43,1,marvalshot,12003,4665146609_43
Cason Wallace (38084201),Stephon Castle (38084005),Jaime Jaquez Jr. (38084296),Kenrich Williams (38084292),Giannis Antetokounmpo (38083860),Scotty Pippen Jr. (38084268),Kyshawn George (38084049),Shai Gilgeous-Alexander (38083864),299.77831597222223,391.5569483093812,49900,100.00%,26283,462.16%,0,198.75,$13.86,OKC 3,SAS 1,user19,1,marvalshot,12028,4665146610_19
Shai Gilgeous-Alexander (38083864),Jordan Hawkins (38084276),Dillon Brooks (38084093),Jabari Smith Jr. (38084102),Alexandre Sarr (38084017),Scotty Pippen Jr. (38084268),Giannis Antetokounmpo (38083860),Jaime Jaquez Jr. (38084296),295.55533420138886,389.85399698317303,50000,100.00%,1951,195.57%,0,176.54,$5.87,HOU 2,OKC 1,user35,1,marvalshot,12090,4665146611_35
Russell Westbrook (38084014),Cason Wallace (38084201),Justin Champagnie (38084078),Lamar Stevens (38084394),Alperen Sengun (38083870),Scotty Pippen Jr. (38084268),Jabari Smith Jr. (38084102),Nikola Jokic (38083858),298.3163324652778,391.6211561160588,49800,100.00%,14632,365.87%,0,178.93,$10.98,DEN 2,MEM 2,user44,1,marvalshot,12147,4665146612_44
Scotty Pippen Jr. (38084268),Luke Kennard (38084197),Trey Murphy III (38083947),Giannis Antetokounmpo (38083860),Isaiah Hartenstein (38083966),Jose Alvarado (38084168),Justin Champagnie (38084078),Stephon Castle (38084005),283.48693142361105,380.39944348050494,50000,99.90%,0,74.19%,0,198.98,$2.23,MEM 2,NOP 2,user11,1,marvalshot,12163,4665146613_11
Shai Gilgeous-Alexander (38083864),Jordan Hawkins (38084276),Justin Champagnie (38084078),Kenrich Williams (38084292),Karlo Matkovic (38084160),Scotty Pippen Jr. (38084268),Giannis Antetokounmpo (38083860),Alexandre Sarr (38084017),286.94198350694444,382.9957921933225,49800,100.00%,0,94.99%,0,170.87,$2.85,OKC 2,NOP 2,user31,1,marvalshot,12232,4665146614_31
Scotty Pippen Jr. (38084268),Jordan Hawkins (38084276),OG Anunoby (38083970),Giannis Antetokounmpo (38083860),Isaiah Hartenstein (38083966),Stephon Castle (38084005),Jabari Smith Jr. (38084102),Alexandre Sarr (38084017),282.7069314236111,376.62944348050496,49800,99.59%,0,70.81%,0,179.39999999999998,$2.12,MEM 1,NOP 1,user43,1,marvalshot,12291,4665146615_43
Stephon Castle (38084005),Cason Wallace (38084201),Devin Vassell (38083987),Jaime Jaquez Jr. (38084296),Isaiah Hartenstein (38083966),Russell Westbrook (38084014),Jabari Smith Jr. (38084102),Giannis Antetokounmpo (38083860),292.6132638888889,382.9005995965638,50000,100.00%,29,153.23%,0,192.76,$4.6,SAS 2,OKC 2,user30,1,marvalshot,11910,4665146606_30
Scotty Pippen Jr. (38084268),Jordan Hawkins (38084276),Jaime Jaquez Jr. (38084296),Kenrich Williams (38084292),Jabari Smith Jr. (38084102),Stephon Castle (38084005),Giannis Antetokounmpo (38083860),Nikola Jokic (38083858),287.65664930555556,392.21179521014943,50000,100.00%,0,99.74%,0,222.26,$2.99,MEM 1,NOP 1,user38,21,marvalshot,11936,4665146607_38
Shai Gilgeous-Alexander (38083864),Jordan Hawkins (38084276),Justin Champagnie (38084078),Jabari Smith Jr. (38084102),Mo Bamba (38084375),Stephon Castle (38084005),Giannis Antetokounmpo (38083860),Scotty Pippen Jr. (38084268),303.1553342013888,401.62399698317296,50000,100.00%,47323,1584.77%,17,210.14999999999998,$47.54,NOP 2,OKC 1,user38,46,marvalshot,11962,4665146608_38
Shai Gilgeous-Alexander (38083864),Cason Wallace (38084201),Coby White (38083942),Jabari Smith Jr. (38084102),Isaiah Hartenstein (38083966),Scotty Pippen Jr. (38084268),Dillon Brooks (38084093),Russell Westbrook (38084014),296.3885980902778,374.55459657973677,49800,100.00%,3374,217.01%,0,169.66,$6.51,OKC 3,HOU 2,user15,1,marvalshot,11976,4665146609_15
Cason Wallace (38084201),Stephon Castle (38084005),Justin Champagnie (38084078),Kenrich Williams (38084292),Alperen Sengun (38083870),Scotty Pippen Jr. (38084268),Dillon Brooks (38084093),Shai Gilgeous-Alexander (38083864),299.5583159722222,382.2969483093812,49200,100.00%,24068,457.81%,0,175.64999999999998,$13.73,OKC 3,HOU 2,user45,1,marvalshot,12054,4665146610_45
Shai Gilgeous-Alexander (38083864),Stephon Castle (38084005),Kevin Huerter (38084121),Jabari Smith Jr. (38084102),Karlo Matkovic (38084160),Scotty Pippen Jr. (38084268),Justin Champagnie (38084078),Damian Lillard (38083884),295.5553342013889,381.25399698317307,50000,100.00%,1895,195.47%,0,182.11,$5.86,OKC 1,SAS 1,user14,1,marvalshot,12070,4665146611_14
Russell Westbrook (38084014),Cason Wallace (38084201),Justin Champagnie (38084078),Jaime Jaquez Jr. (38084296),Nikola Jokic (38083858),Stephon Castle (38084005),Jimmy Butler (38083930),Scotty Pippen Jr. (38084268),298.43633246527776,392.71115611605876,49600,100.00%,14839,365.46%,0,219.51,$10.96,DEN 2,OKC 1,user2,1,marvalshot,12106,4665146612_2
Scotty Pippen Jr. (38084268),Stephon Castle (38084005),Kevin Huerter (38084121),Giannis Antetokounmpo (38083860),Isaiah Hartenstein (38083966),Tre Jones (38084046),Jabari Smith Jr. (38084102),Alexandre Sarr (38084017),283.4969314236111,377.39944348050494,49700,99.89%,0,74.09%,0,207.27999999999997,$2.22,CHI 2,MEM 1,user23,1,marvalshot,12175,4665146613_23
Shai Gilgeous-Alexander (38083864),Jordan Hawkins (38084276),Devin Vassell (38083987),Kenrich Williams (38084292),Karl-Anthony Towns (38083872),Scotty Pippen Jr. (38084268),Jabari Smith Jr. (38084102),Russell Westbrook (38084014),286.9019835069445,372.75579219332246,49500,100.00%,0,94.88%,0,197.45999999999998,$2.85,OKC 2,NOP 1,user38,1,marvalshot,12238,4665146614_38
Scotty Pippen Jr. (38084268),Stephon Castle (38084005),Coby White (38083942),Justin Champagnie (38084078),Isaiah Hartenstein (38083966),Russell Westbrook (38084014),Karlo Matkovic (38084160),Alperen Sengun (38083870),282.6569314236111,372.959443480505,49900,99.46%,0,70.73%,0,198.68,$2.12,MEM 1,SAS 1,user7,1,marvalshot,12255,4665146615_7
Stephon Castle (38084005),Cason Wallace (38084201),Michael Porter Jr. (38083977),Giannis Antetokounmpo (38083860),Isaiah Hartenstein (38083966),Scotty Pippen Jr. (38084268),Jabari Smith Jr. (38084102),Tre Jones (38084046),292.6532638888889,383.08059959656373,49800,100.00%,25,153.22%,0,202.82999999999998,$4.6,OKC 2,SAS 1,user7,1,marvalshot,11887,4665146606_7
Scotty Pippen Jr. (38084268),Jordan Hawkins (38084276),Jaime Jaquez Jr. (38084296),Kenrich Williams (38084292),Jabari Smith Jr. (38084102),Stephon Castle (38084005),Giannis Antetokounmpo (38083860),Nikola Jokic (38083858),287.65664930555556,392.21179521014943,50000,100.00%,0,99.74%,0,222.26,$2.99,MEM 1,NOP 1,user39,21,marvalshot,11936,4665146607_39
Shai Gilgeous-Alexander (38083864),Jordan Hawkins (38084276),Justin Champagnie (38084078),Jabari Smith Jr. (38084102),Mo Bamba (38084375),Stephon Castle (38084005),Giannis Antetokounmpo (38083860),Scotty Pippen Jr. (38084268),303.1553342013888,401.62399698317296,50000,100.00%,47323,1584.77%,17,210.14999999999998,$47.54,NOP 2,OKC 1,user39,46,marvalshot,11962,4665146608_39
Shai Gilgeous-Alexander (38083864),Cason Wallace (38084201),Trey Murphy III (38083947),Justin Champagnie (38084078),Isaiah Hartenstein (38083966),Jordan Hawkins (38084276),Karlo Matkovic (38084160),Stephon Castle (38084005),296.3985980902778,378.7745965797368,49700,100.00%,3425,215.14%,0,158.37,$6.45,OKC 3,NOP 3,user37,1,marvalshot,11997,4665146609_37
Cason Wallace (38084201),Stephon Castle (38084005),Corey Kispert (38084256),Kenrich Williams (38084292),Giannis Antetokounmpo (38083860),Scotty Pippen Jr. (38084268),Dillon Brooks (38084093),Shai Gilgeous-Alexander (38083864),299.61831597222226,389.25694830938124,49800,100.00%,24351,456.95%,0,179.20999999999998,$13.71,OKC 3,SAS 1,user12,1,marvalshot,12021,4665146610_12
Shai Gilgeous-Alexander (38083864),Stephon Castle (38084005),Kevin Huerter (38084121),Justin Champagnie (38084078),Jabari Smith Jr. (38084102),Tre Jones (38084046),Karlo Matkovic (38084160),Trey Murphy III (38083947),295.3853342013889,377.0539969831731,50000,100.00%,1872,194.71%,0,184.36,$5.84,CHI 2,NOP 2,user2,1,marvalshot,12058,4665146611_2
Russell Westbrook (38084014),Cason Wallace (38084201),Trey Murphy III (38083947),Kelly Olynyk (38084082),Quinten Post (38084218),Stephon Castle (38084005),Jabari Smith Jr. (38084102),Giannis Antetokounmpo (38083860),298.4463324652778,391.5411561160588,49900,100.00%,15042,362.36%,0,177.58999999999997,$10.87,NOP 2,DEN 1,user7,1,marvalshot,12111,4665146612_7
Scotty Pippen Jr. (38084268),Jalen Green (38083952),Trey Murphy III (38083947),Jabari Smith Jr. (38084102),Isaiah Hartenstein (38083966),Russell Westbrook (38084014),Jaime Jaquez Jr. (38084296),Alperen Sengun (38083870),283.40693142361107,370.52944348050494,49900,99.86%,0,74.07%,0,183.14,$2.22,HOU 3,MEM 1,user37,1,marvalshot,12189,4665146613_37
Shai Gilgeous-Alexander (38083864),Jordan Hawkins (38084276),Moses Moody (38084126),Kenrich Williams (38084292),Giannis Antetokounmpo (38083860),Scotty Pippen Jr. (38084268),Kevin Huerter (38084121),Stephon Castle (38084005),286.74198350694445,379.57579219332246,49900,100.00%,0,93.63%,0,204.27999999999997,$2.81,OKC 2,NOP 1,user25,1,marvalshot,12226,4665146614_25
Stephon Castle (38084005),Tyler Herro (38083915),Trey Murphy III (38083947),Jabari Smith Jr. (38084102),Isaiah Hartenstein (38083966),Russell Westbrook (38084014),Andrew Wiggins (38084002),Scotty Pippen Jr. (38084268),282.6369314236111,368.32944348050495,49900,99.53%,0,70.72%,0,199.88,$2.12,MIA 2,SAS 1,user25,1,marvalshot,12273,4665146615_25
Stephon Castle (38084005),Cason Wallace (38084201),OG Anunoby (38083970),Jabari Smith Jr. (38084102),Isaiah Hartenstein (38083966),Russell Westbrook (38084014),Justin Champagnie (38084078),Alperen Sengun (38083870),292.5832638888889,372.74059959656375,50000,100.00%,68,152.83%,0,165.41,$4.59,OKC 2,HOU 2,user4,1,marvalshot,11884,4665146606_4
Scotty Pippen Jr. (38084268),Jordan Hawkins (38084276),Jaime Jaquez Jr. (38084296),Kenrich Williams (38084292),Jabari Smith Jr. (38084102),Stephon Castle (38084005),Giannis Antetokounmpo (38083860),Nikola Jokic (38083858),287.65664930555556,392.21179521014943,50000,100.00%,0,99.74%,0,222.26,$2.99,MEM 1,NOP 1,user40,21,marvalshot,11936,4665146607_40
Shai Gilgeous-Alexander (38083864),Jordan Hawkins (38084276),Justin Champagnie (38084078),Jabari Smith Jr. (38084102),Mo Bamba (38084375),Stephon Castle (38084005),Giannis Antetokounmpo (38083860),Scotty Pippen Jr. (38084268),303.1553342013888,401.62399698317296,50000,100.00%,47323,1584.77%,17,210.14999999999998,$47.54,NOP 2,OKC 1,user40,46,marvalshot,11962,4665146608_40
Shai Gilgeous-Alexander (38083864),Cason Wallace (38084201),Dillon Brooks (38084093),Justin Champagnie (38084078),Isaiah Hartenstein (38083966),Stephon Castle (38084005),Karlo Matkovic (38084160),Russell Westbrook (38084014),296.2285980902778,376.7345965797368,49600,100.00%,3084,214.61%,0,175.58,$6.44,OKC 3,HOU 1,user34,1,marvalshot,11994,4665146609_34
Cason Wallace (38084201),Stephon Castle (38084005),Kevin Huerter (38084121),Kenrich Williams (38084292),Quinten Post (38084218),Scotty Pippen Jr. (38084268),Giannis Antetokounmpo (38083860),Shai Gilgeous-Alexander (38083864),299.63831597222224,391.7369483093812,49900,100.00%,24877,445.94%,0,189.89,$13.38,OKC 3,SAS 1,user28,1,marvalshot,12037,4665146610_28
Shai Gilgeous-Alexander (38083864),Stephon Castle (38084005),Trey Murphy III (38083947),Dillon Brooks (38084093),Karlo Matkovic (38084160),Scotty Pippen Jr. (38084268),Justin Champagnie (38084078),Alexandre Sarr (38084017),295.3853342013889,382.48399698317303,49600,100.00%,1721,193.85%,0,167.4,$5.82,NOP 2,WAS 2,user5,1,marvalshot,12061,4665146611_5
Stephon Castle (38084005),Cason Wallace (38084201),Justin Champagnie (38084078),Jabari Smith Jr. (38084102),Alexandre Sarr (38084017),Russell Westbrook (38084014),Kelly Olynyk (38084082),Giannis Antetokounmpo (38083860),298.5263324652778,391.39115611605877,49400,100.00%,15769,357.59%,0,179.25,$10.73,WAS 2,SAS 1,user49,1,marvalshot,12152,4665146612_49
Scotty Pippen Jr. (38084268),Stephon Castle (38084005),Trey Murphy III (38083947),Jabari Smith Jr. (38084102),Isaiah Hartenstein (38083966),Russell Westbrook (38084014),Jeremy Sochan (38084132),Karl-Anthony Towns (38083872),283.3569314236111,373.799443480505,49900,99.80%,0,73.88%,0,199.32999999999998,$2.22,SAS 2,MEM 1,user14,1,marvalshot,12166,4665146613_14
Shai Gilgeous-Alexander (38083864),Jordan Hawkins (38084276),Dillon Brooks (38084093),Kenrich Williams (38084292),Giannis Antetokounmpo (38083860),Scotty Pippen Jr. (38084268),Marcus Smart (38084223),Stephon Castle (38084005),286.7219835069444,381.1857921933224,49300,100.00%,0,93.42%,0,197.20999999999998,$2.8,OKC 2,NOP 1,user40,1,marvalshot,12240,4665146614_40
Russell Westbrook (38084014),Jordan Hawkins (38084276),Gregory Jackson (38084249),Giannis Antetokounmpo (38083860),Isaiah Hartenstein (38083966),Scotty Pippen Jr. (38084268),Trey Murphy III (38083947),Stephon Castle (38084005),282.6869314236111,380.429443480505,49500,99.75%,0,70.56%,0,226.13,$2.12,NOP 2,MEM 2,user21,1,marvalshot,12269,4665146615_21
Scotty Pippen Jr. (38084268),Cason Wallace (38084201),Kevin Huerter (38084121),Jabari Smith Jr. (38084102),Isaiah Hartenstein (38083966),Stephon Castle (38084005),Devin Vassell (38083987),Nikola Jokic (38083858),292.6332638888889,381.81059959656375,50000,100.00%,44,152.75%,0,175.73999999999998,$4.58,OKC 2,SAS 2,user33,1,marvalshot,11913,4665146606_33
Scotty Pippen Jr. (38084268),Jordan Hawkins (38084276),Jaime Jaquez Jr. (38084296),Kenrich Williams (38084292),Jabari Smith Jr. (38084102),Stephon Castle (38084005),Giannis Antetokounmpo (38083860),Nikola Jokic (38083858),287.65664930555556,392.21179521014943,50000,100.00%,0,99.74%,0,222.26,$2.99,MEM 1,NOP 1,user41,21,marvalshot,11936,4665146607_41
Shai Gilgeous-Alexander (38083864),Jordan Hawkins (38084276),Justin Champagnie (38084078),Jabari Smith Jr. (38084102),Mo Bamba (38084375),Stephon Castle (38084005),Giannis Antetokounmpo (38083860),Scotty Pippen Jr. (38084268),303.1553342013888,401.62399698317296,50000,100.00%,47323,1584.77%,17,210.14999999999998,$47.54,NOP 2,OKC 1,user41,46,marvalshot,11962,4665146608_41
Shai Gilgeous-Alexander (38083864),Cason Wallace (38084201),Jaime Jaquez Jr. (38084296),Jabari Smith Jr. (38084102),Isaiah Hartenstein (38083966),Stephon Castle (38084005),Josh Hart (38083926),Scotty Pippen Jr. (38084268),296.56859809027776,377.9945965797367,49300,100.00%,2818,213.5%,0,178.32,$6.4,OKC 3,MIA 1,user13,1,marvalshot,11974,4665146609_13
Cason Wallace (38084201),Stephon Castle (38084005),Jaime Jaquez Jr. (38084296),Kenrich Williams (38084292),Kelly Olynyk (38084082),Scotty Pippen Jr. (38084268),Giannis Antetokounmpo (38083860),Shai Gilgeous-Alexander (38083864),299.6783159722222,395.5469483093812,49600,100.00%,25181,442.05%,0,198.63,$13.26,OKC 3,SAS 1,user8,1,marvalshot,12017,4665146610_8
Shai Gilgeous-Alexander (38083864),Stephon Castle (38084005),Justin Champagnie (38084078),Corey Kispert (38084256),Karlo Matkovic (38084160),Scotty Pippen Jr. (38084268),Giannis Antetokounmpo (38083860),Blake Wesley (38084468),295.50533420138885,393.883996983173,49700,100.00%,1609,193.28%,0,188.95,$5.8,SAS 2,WAS 2,user16,1,marvalshot,12072,4665146611_16
Russell Westbrook (38084014),Cason Wallace (38084201),Josh Hart (38083926),Giannis Antetokounmpo (38083860),Jeremy Sochan (38084132),Stephon Castle (38084005),Keldon Johnson (38084146),Scotty Pippen Jr. (38084268),298.3463324652777,392.23115611605874,49800,100.00%,14277,355.25%,0,204.58999999999997,$10.66,SAS 3,DEN 1,user34,1,marvalshot,12137,4665146612_34
Scotty Pippen Jr. (38084268),Jordan Hawkins (38084276),Trey Murphy III (38083947),Jaime Jaquez Jr. (38084296),Isaiah Hartenstein (38083966),Stephon Castle (38084005),Giannis Antetokounmpo (38083860),CJ McCollum (38083974),283.4869314236111,382.30944348050497,49900,99.92%,0,73.75%,0,205.85,$2.21,NOP 3,MEM 1,user6,1,marvalshot,12158,4665146613_6
Shai Gilgeous-Alexander (38083864),Luke Kennard (38084197),Jaime Jaquez Jr. (38084296),Kenrich Williams (38084292),Kelly Olynyk (38084082),Scotty Pippen Jr. (38084268),Giannis Antetokounmpo (38083860),Stephon Castle (38084005),286.7119835069444,385.2357921933224,49600,100.00%,0,93.08%,0,209.51,$2.79,OKC 2,MEM 2,user16,1,marvalshot,12217,4665146614_16
Russell Westbrook (38084014),Stephon Castle (38084005),Justin Champagnie (38084078),Karlo Matkovic (38084160),Isaiah Hartenstein (38083966),Jose Alvarado (38084168),Giannis Antetokounmpo (38083860),Jabari Smith Jr. (38084102),282.6169314236111,377.88944348050495,50000,99.63%,0,70.51%,0,194.15999999999997,$2.12,NOP 2,DEN 1,user34,1,marvalshot,12282,4665146615_34
Stephon Castle (38084005),Cason Wallace (38084201),Duncan Robinson (38084192),Giannis Antetokounmpo (38083860),Isaiah Hartenstein (38083966),Trey Murphy III (38083947),Jabari Smith Jr. (38084102),Scotty Pippen Jr. (38084268),292.62326388888886,382.6705995965637,49700,100.00%,15,152.71%,0,175.5,$4.58,OKC 2,SAS 1,user32,1,marvalshot,11912,4665146606_32
Scotty Pippen Jr. (38084268),Jordan Hawkins (38084276),Jaime Jaquez Jr. (38084296),Kenrich Williams (38084292),Jabari Smith Jr. (38084102),Stephon Castle (38084005),Giannis Antetokounmpo (38083860),Nikola Jokic (38083858),287.65664930555556,392.21179521014943,50000,100.00%,0,99.74%,0,222.26,$2.99,MEM 1,NOP 1,user42,21,marvalshot,11936,4665146607_42
Shai Gilgeous-Alexander (38083864),Jordan Hawkins (38084276),Justin Champagnie (38084078),Jabari Smith Jr. (38084102),Mo Bamba (38084375),Stephon Castle (38084005),Giannis Antetokounmpo (38083860),Scotty Pippen Jr. (38084268),303.1553342013888,401.62399698317296,50000,100.00%,47323,1584.77%,17,210.14999999999998,$47.54,NOP 2,OKC 1,user42,46,marvalshot,11962,4665146608_42
Shai Gilgeous-Alexander (38083864),Cason Wallace (38084201),Gary Payton II (38084239),Jabari Smith Jr. (38084102),Isaiah Hartenstein (38083966),Blake Wesley (38084468),Giannis Antetokounmpo (38083860),Scotty Pippen Jr. (38084268),296.39859809027774,388.83459657973674,50000,100.00%,3143,212.64%,0,153.14,$6.38,OKC 3,GSW 1,user22,2,marvalshot,364,4665146609_22
Cason Wallace (38084201),Stephon Castle (38084005),Kevin Huerter (38084121),Kenrich Williams (38084292),Brandon Clarke (38084228),Scotty Pippen Jr. (38084268),Giannis Antetokounmpo (38083860),Shai Gilgeous-Alexander (38083864),299.6183159722222,392.3669483093812,49800,100.00%,24650,435.25%,0,189.73,$13.06,OKC 3,MEM 2,user42,1,marvalshot,12051,4665146610_42
Shai Gilgeous-Alexander (38083864),Luke Kennard (38084197),Jaime Jaquez Jr. (38084296),Corey Kispert (38084256),Giannis Antetokounmpo (38083860),Scotty Pippen Jr. (38084268),Justin Champagnie (38084078),Stephon Castle (38084005),295.4753342013889,392.53399698317304,49900,100.00%,1391,191.84%,0,207.27,$5.76,MEM 2,WAS 2,user43,1,marvalshot,12098,4665146611_43
Scotty Pippen Jr. (38084268),Cason Wallace (38084201),Josh Hart (38083926),Jabari Smith Jr. (38084102),Karl-Anthony Towns (38083872),Stephon Castle (38084005),Kelly Olynyk (38084082),Trey Murphy III (38083947),298.2963324652777,382.9411561160587,49900,100.00%,14163,355.03%,0,162.31,$10.65,NYK 2,NOP 2,user11,1,marvalshot,12115,4665146612_11
Russell Westbrook (38084014),Stephon Castle (38084005),Devin Vassell (38083987),Josh Hart (38083926),Isaiah Hartenstein (38083966),Scotty Pippen Jr. (38084268),Jabari Smith Jr. (38084102),Trey Murphy III (38083947),283.2369314236111,366.64944348050494,49900,99.78%,0,73.41%,0,192.0,$2.2,SAS 2,DEN 1,user17,1,marvalshot,12169,4665146613_17
Shai Gilgeous-Alexander (38083864),Jordan Hawkins (38084276),Trey Murphy III (38083947),Kenrich Williams (38084292),Draymond Green (38083997),Russell Westbrook (38084014),Jabari Smith Jr. (38084102),Stephon Castle (38084005),286.5219835069445,369.81579219332247,49600,100.00%,0,92.52%,0,188.26999999999998,$2.78,OKC 2,NOP 2,user10,1,marvalshot,12211,4665146614_10
Scotty Pippen Jr. (38084268),Stephon Castle (38084005),Jaime Jaquez Jr. (38084296),OG Anunoby (38083970),Isaiah Hartenstein (38083966),Russell Westbrook (38084014),Giannis Antetokounmpo (38083860),Dillon Brooks (38084093),282.63693142361114,375.829443480505,49800,99.73%,0,70.48%,0,215.83999999999997,$2.11,MEM 1,SAS 1,user19,1,marvalshot,12267,4665146615_19
Stephon Castle (38084005),Cason Wallace (38084201),Kevin Huerter (38084121),Jabari Smith Jr. (38084102),Isaiah Hartenstein (38083966),Russell Westbrook (38084014),Karlo Matkovic (38084160),Giannis Antetokounmpo (38083860),292.5332638888889,381.1005995965637,49500,100.00%,23,152.16%,0,197.23999999999998,$4.56,OKC 2,SAS 1,user18,1,marvalshot,11898,4665146606_18
Scotty Pippen Jr. (38084268),Jordan Hawkins (38084276),Jaime Jaquez Jr. (38084296),Kenrich Williams (38084292),Jabari Smith Jr. (38084102),Stephon Castle (38084005),Giannis Antetokounmpo (38083860),Nikola Jokic (38083858),287.65664930555556,392.21179521014943,50000,100.00%,0,99.74%,0,222.26,$2.99,MEM 1,NOP 1,user43,21,marvalshot,11936,4665146607_43
Shai Gilgeous-Alexander (38083864),Jordan Hawkins (38084276),Justin Champagnie (38084078),Jabari Smith Jr. (38084102),Mo Bamba (38084375),Stephon Castle (38084005),Giannis Antetokounmpo (38083860),Scotty Pippen Jr. (38084268),303.1553342013888,401.62399698317296,50000,100.00%,47323,1584.77%,17,210.14999999999998,$47.54,NOP 2,OKC 1,user43,46,marvalshot,11962,4665146608_43
Shai Gilgeous-Alexander (38083864),Cason Wallace (38084201),Trey Murphy III (38083947),Dillon Brooks (38084093),Isaiah Hartenstein (38083966),Scotty Pippen Jr. (38084268),Jabari Smith Jr. (38084102),Alexandre Sarr (38084017),296.14859809027774,375.8945965797367,49800,100.00%,2728,210.22%,0,130.51,$6.31,OKC 3,HOU 2,user16,1,marvalshot,11977,4665146609_16
Cason Wallace (38084201),Stephon Castle (38084005),Jaime Jaquez Jr. (38084296),Kenrich Williams (38084292),Giannis Antetokounmpo (38083860),Scotty Pippen Jr. (38084268),Karlo Matkovic (38084160),Shai Gilgeous-Alexander (38083864),299.7183159722222,393.53694830938116,49100,100.00%,25782,433.57%,0,207.95,$13.01,OKC 3,SAS 1,user25,1,marvalshot,12034,4665146610_25
Shai Gilgeous-Alexander (38083864),Stephon Castle (38084005),Jaime Jaquez Jr. (38084296),Jabari Smith Jr. (38084102),Kelly Olynyk (38084082),Scotty Pippen Jr. (38084268),Bam Adebayo (38083887),Russell Westbrook (38084014),295.3253342013889,387.04399698317303,50000,100.00%,1481,191.34%,0,215.01999999999998,$5.74,MIA 2,OKC 1,user26,1,marvalshot,12082,4665146611_26
Scotty Pippen Jr. (38084268),Cason Wallace (38084201),Christian Braun (38084009),Giannis Antetokounmpo (38083860),Myles Turner (38083968),Russell Westbrook (38084014),Kevin Huerter (38084121),Stephon Castle (38084005),298.4763324652778,389.20115611605877,49700,100.00%,14884,354.12%,0,212.54000000000002,$10.62,DEN 2,MEM 1,user30,1,marvalshot,12133,4665146612_30
Stephon Castle (38084005),Jalen Green (38083952),Jaime Jaquez Jr. (38084296),Jabari Smith Jr. (38084102),Isaiah Hartenstein (38083966),Scotty Pippen Jr. (38084268),Justin Champagnie (38084078),Giannis Antetokounmpo (38083860),283.39693142361114,377.87944348050496,49600,99.92%,0,73.35%,0,190.06,$2.2,HOU 2,SAS 1,user19,1,marvalshot,12171,4665146613_19
Shai Gilgeous-Alexander (38083864),Jordan Hawkins (38084276),Justin Champagnie (38084078),Kenrich Williams (38084292),Alperen Sengun (38083870),Trey Murphy III (38083947),Karlo Matkovic (38084160),Scotty Pippen Jr. (38084268),286.5519835069444,374.1757921933224,49400,100.00%,0,92.48%,0,166.49,$2.77,NOP 3,OKC 2,user45,2,marvalshot,2331,4665146614_45
Russell Westbrook (38084014),Stephon Castle (38084005),Trey Murphy III (38083947),Jaime Jaquez Jr. (38084296),Isaiah Hartenstein (38083966),Scotty Pippen Jr. (38084268),Gary Payton II (38084239),Giannis Antetokounmpo (38083860),282.6669314236111,381.87944348050496,49500,99.77%,0,70.41%,0,221.18,$2.11,DEN 1,SAS 1,user26,1,marvalshot,12274,4665146615_26
Stephon Castle (38084005),Cason Wallace (38084201),Christian Braun (38084009),Giannis Antetokounmpo (38083860),Isaiah Hartenstein (38083966),Russell Westbrook (38084014),Jabari Smith Jr. (38084102),Jordan Hawkins (38084276),292.5032638888889,381.18059959656375,49800,100.00%,41,151.84%,0,193.69,$4.56,OKC 2,DEN 2,user14,1,marvalshot,11894,4665146606_14
Scotty Pippen Jr. (38084268),Jordan Hawkins (38084276),Jaime Jaquez Jr. (38084296),Kenrich Williams (38084292),Jabari Smith Jr. (38084102),Stephon Castle (38084005),Giannis Antetokounmpo (38083860),Nikola Jokic (38083858),287.65664930555556,392.21179521014943,50000,100.00%,0,99.74%,0,222.26,$2.99,MEM 1,NOP 1,user44,21,marvalshot,11936,4665146607_44
Shai Gilgeous-Alexander (38083864),Jordan Hawkins (38084276),Justin Champagnie (38084078),Jabari Smith Jr. (38084102),Mo Bamba (38084375),Stephon Castle (38084005),Giannis Antetokounmpo (38083860),Scotty Pippen Jr. (38084268),303.1553342013888,401.62399698317296,50000,100.00%,47323,1584.77%,17,210.14999999999998,$47.54,NOP 2,OKC 1,user44,46,marvalshot,11962,4665146608_44
Shai Gilgeous-Alexander (38083864),Cason Wallace (38084201),Corey Kispert (38084256),Jabari Smith Jr. (38084102),Isaiah Hartenstein (38083966),Scotty Pippen Jr. (38084268),Giannis Antetokounmpo (38083860),Blake Wesley (38084468),296.26859809027775,387.2945965797367,49900,100.00%,2836,209.73%,0,152.06,$6.29,OKC 3,WAS 1,user2,1,marvalshot,11964,4665146609_2
Cason Wallace (38084201),Stephon Castle (38084005),Gregory Jackson (38084249),Kenrich Williams (38084292),Jabari Smith Jr. (38084102),Scotty Pippen Jr. (38084268),Giannis Antetokounmpo (38083860),Shai Gilgeous-Alexander (38083864),299.88831597222224,391.13694830938124,49700,100.00%,27815,425.47%,0,187.57999999999998,$12.76,OKC 3,MEM 2,user5,1,marvalshot,12014,4665146610_5
Shai Gilgeous-Alexander (38083864),Jordan Hawkins (38084276),Jaime Jaquez Jr. (38084296),Jabari Smith Jr. (38084102),Mo Bamba (38084375),Stephon Castle (38084005),Justin Champagnie (38084078),Giannis Antetokounmpo (38083860),295.33533420138883,392.05399698317296,49800,100.00%,1549,190.84%,0,186.59,$5.73,NOP 2,OKC 1,user39,1,marvalshot,12094,4665146611_39
Stephon Castle (38084005),Cason Wallace (38084201),Josh Hart (38083926),Justin Champagnie (38084078),Giannis Antetokounmpo (38083860),Scotty Pippen Jr. (38084268),Devin Vassell (38083987),Jordan Hawkins (38084276),298.63633246527775,388.1311561160587,49400,100.00%,16335,347.48%,0,190.45,$10.42,SAS 2,OKC 1,user43,1,marvalshot,12146,4665146612_43
Scotty Pippen Jr. (38084268),Stephon Castle (38084005),Kevin Huerter (38084121),Justin Champagnie (38084078),Isaiah Hartenstein (38083966),Russell Westbrook (38084014),Giannis Antetokounmpo (38083860),Kelly Olynyk (38084082),283.3169314236111,381.0494434805049,49600,99.87%,0,73.29%,0,219.01,$2.2,MEM 1,SAS 1,user47,1,marvalshot,12199,4665146613_47
Shai Gilgeous-Alexander (38083864),Jordan Hawkins (38084276),Dillon Brooks (38084093),Kenrich Williams (38084292),Jabari Smith Jr. (38084102),Stephon Castle (38084005),Giannis Antetokounmpo (38083860),Mo Bamba (38084375),286.5119835069445,378.4657921933225,49700,100.00%,0,92.14%,0,169.40999999999997,$2.76,OKC 2,NOP 2,user9,1,marvalshot,12210,4665146614_9
Luke Kennard (38084197),Kevin Huerter (38084121),Justin Champagnie (38084078),Jabari Smith Jr. (38084102),Isaiah Hartenstein (38083966),Stephon Castle (38084005),Giannis Antetokounmpo (38083860),Russell Westbrook (38084014),282.5969314236111,373.239443480505,50000,99.75%,0,70.35%,0,206.59999999999997,$2.11,MEM 1,CHI 1,user8,1,marvalshot,12256,4665146615_8
Russell Westbrook (38084014),Cason Wallace (38084201),Kevin Huerter (38084121),Giannis Antetokounmpo (38083860),Isaiah Hartenstein (38083966),Stephon Castle (38084005),Kelly Olynyk (38084082),Jabari Smith Jr. (38084102),292.4932638888889,383.11059959656376,50000,100.00%,43,151.57%,0,187.92,$4.55,OKC 2,DEN 1,user36,1,marvalshot,11916,4665146606_36
Scotty Pippen Jr. (38084268),Jordan Hawkins (38084276),Jaime Jaquez Jr. (38084296),Kenrich Williams (38084292),Jabari Smith Jr. (38084102),Stephon Castle (38084005),Giannis Antetokounmpo (38083860),Nikola Jokic (38083858),287.65664930555556,392.21179521014943,50000,100.00%,0,99.74%,0,222.26,$2.99,MEM 1,NOP 1,user45,21,marvalshot,11936,4665146607_45
Shai Gilgeous-Alexander (38083864),Jordan Hawkins (38084276),Justin Champagnie (38084078),Jabari Smith Jr. (38084102),Mo Bamba (38084375),Stephon Castle (38084005),Giannis Antetokounmpo (38083860),Scotty Pippen Jr. (38084268),303.1553342013888,401.62399698317296,50000,100.00%,47323,1584.77%,17,210.14999999999998,$47.54,NOP 2,OKC 1,user45,46,marvalshot,11962,4665146608_45
Shai Gilgeous-Alexander (38083864),Cason Wallace (38084201),Trey Murphy III (38083947),Karlo Matkovic (38084160),Isaiah Hartenstein (38083966),Scotty Pippen Jr. (38084268),Jeremy Sochan (38084132),Stephon Castle (38084005),296.2485980902778,382.3745965797368,49500,100.00%,2325,209.32%,0,168.08999999999997,$6.28,OKC 3,NOP 2,user28,1,marvalshot,11988,4665146609_28
Cason Wallace (38084201),Kevin Huerter (38084121),Justin Champagnie (38084078),Kenrich Williams (38084292),Giannis Antetokounmpo (38083860),Scotty Pippen Jr. (38084268),Jabari Smith Jr. (38084102),Shai Gilgeous-Alexander (38083864),299.7283159722223,386.48694830938126,49600,100.00%,25986,417.9%,0,172.96999999999997,$12.54,OKC 3,CHI 1,user37,1,marvalshot,12046,4665146610_37
Shai Gilgeous-Alexander (38083864),Luke Kennard (38084197),Marcus Smart (38084223),Jabari Smith Jr. (38084102),Mo Bamba (38084375),Stephon Castle (38084005),Giannis Antetokounmpo (38083860),Scotty Pippen Jr. (38084268),295.35533420138887,393.60399698317303,49600,100.00%,1493,190.8%,0,199.99999999999997,$5.72,MEM 2,OKC 1,user8,1,marvalshot,12064,4665146611_8
Scotty Pippen Jr. (38084268),Cason Wallace (38084201),Dillon Brooks (38084093),Giannis Antetokounmpo (38083860),Karl-Anthony Towns (38083872),Stephon Castle (38084005),Christian Braun (38084009),Blake Wesley (38084468),298.1063324652777,391.0511561160587,50000,100.00%,12629,341.05%,0,177.24,$10.23,SAS 2,MEM 1,user16,1,marvalshot,12119,4665146612_16
Tre Jones (38084046),Jordan Hawkins (38084276),Trey Murphy III (38083947),Kelly Olynyk (38084082),Isaiah Hartenstein (38083966),Russell Westbrook (38084014),Giannis Antetokounmpo (38083860),Scotty Pippen Jr. (38084268),283.2669314236111,380.3594434805049,50000,99.81%,0,73.25%,0,225.38,$2.2,NOP 3,CHI 1,user48,1,marvalshot,12200,4665146613_48
Shai Gilgeous-Alexander (38083864),Stephon Castle (38084005),Devin Vassell (38083987),Kenrich Williams (38084292),Alperen Sengun (38083870),Blake Wesley (38084468),Justin Champagnie (38084078),Scotty Pippen Jr. (38084268),286.47198350694447,375.6057921933225,49300,100.00%,0,91.6%,0,175.25,$2.75,SAS 3,OKC 2,user1,1,marvalshot,12202,4665146614_1
Russell Westbrook (38084014),Jordan Hawkins (38084276),Trey Murphy III (38083947),Giannis Antetokounmpo (38083860),Isaiah Hartenstein (38083966),Stephon Castle (38084005),Jaime Jaquez Jr. (38084296),Jose Alvarado (38084168),282.5969314236111,380.329443480505,50000,99.80%,0,70.34%,0,216.60999999999999,$2.11,NOP 3,DEN 1,user35,1,marvalshot,12283,4665146615_35
Scotty Pippen Jr. (38084268),Cason Wallace (38084201),Trey Murphy III (38083947),Harrison Barnes (38084183),Isaiah Hartenstein (38083966),Stephon Castle (38084005),Giannis Antetokounmpo (38083860),Jabari Smith Jr. (38084102),292.5132638888889,383.08059959656373,49700,100.00%,8,151.26%,0,173.47,$4.54,OKC 2,SAS 2,user29,1,marvalshot,11909,4665146606_29
Scotty Pippen Jr. (38084268),Jordan Hawkins (38084276),Jaime Jaquez Jr. (38084296),Kenrich Williams (38084292),Jabari Smith Jr. (38084102),Stephon Castle (38084005),Giannis Antetokounmpo (38083860),Nikola Jokic (38083858),287.65664930555556,392.21179521014943,50000,100.00%,0,99.74%,0,222.26,$2.99,MEM 1,NOP 1,user46,21,marvalshot,11936,4665146607_46
Shai Gilgeous-Alexander (38083864),Jordan Hawkins (38084276),Justin Champagnie (38084078),Jabari Smith Jr. (38084102),Mo Bamba (38084375),Stephon Castle (38084005),Giannis Antetokounmpo (38083860),Scotty Pippen Jr. (38084268),303.1553342013888,401.62399698317296,50000,100.00%,47323,1584.77%,17,210.14999999999998,$47.54,NOP 2,OKC 1,user46,46,marvalshot,11962,4665146608_46
Shai Gilgeous-Alexander (38083864),Cason Wallace (38084201),Marcus Smart (38084223),Josh Hart (38083926),Isaiah Hartenstein (38083966),Scotty Pippen Jr. (38084268),Jabari Smith Jr. (38084102),Stephon Castle (38084005),296.21859809027774,377.8945965797367,49800,100.00%,2563,208.17%,0,161.01,$6.25,OKC 3,WAS 1,user33,1,marvalshot,11993,4665146609_33
Cason Wallace (38084201),Stephon Castle (38084005),Justin Champagnie (38084078),Kenrich Williams (38084292),Steven Adams (38084373),Scotty Pippen Jr. (38084268),Giannis Antetokounmpo (38083860),Shai Gilgeous-Alexander (38083864),299.6783159722222,393.2069483093812,49300,100.00%,25321,417.65%,0,187.74,$12.53,OKC 3,SAS 1,user38,1,marvalshot,12047,4665146610_38
Shai Gilgeous-Alexander (38083864),Stephon Castle (38084005),Marcus Smart (38084223),Jabari Smith Jr. (38084102),Brandon Clarke (38084228),Jordan Hawkins (38084276),Giannis Antetokounmpo (38083860),Scotty Pippen Jr. (38084268),295.3453342013889,394.313996983173,49700,100.00%,1469,190.62%,0,193.33999999999997,$5.72,MEM 2,OKC 1,user15,1,marvalshot,12071,4665146611_15
Scotty Pippen Jr. (38084268),Cason Wallace (38084201),Andrew Wiggins (38084002),Giannis Antetokounmpo (38083860),Mo Bamba (38084375),CJ McCollum (38083974),Trey Murphy III (38083947),Stephon Castle (38084005),298.27633246527773,393.74115611605873,49600,100.00%,13525,335.51%,0,184.59,$10.07,NOP 3,MEM 1,user40,1,marvalshot,12143,4665146612_40
Russell Westbrook (38084014),Jordan Hawkins (38084276),Trey Murphy III (38083947),Justin Champagnie (38084078),Isaiah Hartenstein (38083966),Stephon Castle (38084005),Kevin Huerter (38084121),Alperen Sengun (38083870),283.20693142361114,369.889443480505,50000,99.83%,0,73.25%,0,193.51999999999998,$2.2,NOP 2,DEN 1,user21,1,marvalshot,12173,4665146613_21
Shai Gilgeous-Alexander (38083864),Stephon Castle (38084005),Duncan Robinson (38084192),Kenrich Williams (38084292),Giannis Antetokounmpo (38083860),Marcus Smart (38084223),Jabari Smith Jr. (38084102),Scotty Pippen Jr. (38084268),286.44198350694444,380.83579219332245,50000,100.00%,0,91.5%,0,179.23999999999998,$2.75,OKC 2,SAS 1,user33,1,marvalshot,12234,4665146614_33
Stephon Castle (38084005),Luke Kennard (38084197),OG Anunoby (38083970),Giannis Antetokounmpo (38083860),Isaiah Hartenstein (38083966),Scotty Pippen Jr. (38084268),Jabari Smith Jr. (38084102),Tre Jones (38084046),282.58693142361113,373.01944348050495,49900,99.59%,0,70.31%,0,214.11,$2.11,MEM 2,SAS 1,user23,1,marvalshot,12271,4665146615_23
Stephon Castle (38084005),Cason Wallace (38084201),Jaime Jaquez Jr. (38084296),Josh Hart (38083926),Isaiah Hartenstein (38083966),Scotty Pippen Jr. (38084268),Jabari Smith Jr. (38084102),Giannis Antetokounmpo (38083860),292.3832638888889,382.5305995965637,49600,100.00%,5,150.14%,0,187.01,$4.5,OKC 2,SAS 1,user10,1,marvalshot,11890,4665146606_10
Scotty Pippen Jr. (38084268),Jordan Hawkins (38084276),Jaime Jaquez Jr. (38084296),Kenrich Williams (38084292),Jabari Smith Jr. (38084102),Stephon Castle (38084005),Giannis Antetokounmpo (38083860),Nikola Jokic (38083858),287.65664930555556,392.21179521014943,50000,100.00%,0,99.74%,0,222.26,$2.99,MEM 1,NOP 1,user47,21,marvalshot,11936,4665146607_47
Shai Gilgeous-Alexander (38083864),Jordan Hawkins (38084276),Justin Champagnie (38084078),Jabari Smith Jr. (38084102),Mo Bamba (38084375),Stephon Castle (38084005),Giannis Antetokounmpo (38083860),Scotty Pippen Jr. (38084268),303.1553342013888,401.62399698317296,50000,100.00%,47323,1584.77%,17,210.14999999999998,$47.54,NOP 2,OKC 1,user47,46,marvalshot,11962,4665146608_47
Shai Gilgeous-Alexander (38083864),Cason Wallace (38084201),Devin Vassell (38083987),Justin Champagnie (38084078),Isaiah Hartenstein (38083966),Stephon Castle (38084005),Jaime Jaquez Jr. (38084296),Russell Westbrook (38084014),296.07859809027775,379.0045965797367,49900,100.00%,2485,207.42%,0,182.62,$6.22,OKC 3,SAS 2,user31,1,marvalshot,11991,4665146609_31
Cason Wallace (38084201),Stephon Castle (38084005),Justin Champagnie (38084078),Kenrich Williams (38084292),Karl-Anthony Towns (38083872),Scotty Pippen Jr. (38084268),Jabari Smith Jr. (38084102),Shai Gilgeous-Alexander (38083864),299.62831597222225,383.07694830938124,49100,100.00%,24982,414.16%,0,183.26,$12.42,OKC 3,SAS 1,user15,1,marvalshot,12024,4665146610_15
Shai Gilgeous-Alexander (38083864),Stephon Castle (38084005),Jaime Jaquez Jr. (38084296),Kelly Olynyk (38084082),Jabari Smith Jr. (38084102),Scotty Pippen Jr. (38084268),Giannis Antetokounmpo (38083860),Julian Champagnie (38084347),295.4253342013889,394.9939969831731,50000,100.00%,1201,190.56%,0,191.67999999999998,$5.72,SAS 2,OKC 1,user22,1,marvalshot,12078,4665146611_22
Russell Westbrook (38084014),Cason Wallace (38084201),Dillon Brooks (38084093),Jabari Smith Jr. (38084102),Giannis Antetokounmpo (38083860),Stephon Castle (38084005),Justin Champagnie (38084078),Michael Porter Jr. (38083977),298.4663324652778,385.21115611605876,49900,100.00%,14972,334.97%,0,181.57,$10.05,DEN 2,HOU 2,user41,1,marvalshot,12144,4665146612_41
Blake Wesley (38084468),Stephon Castle (38084005),Trey Murphy III (38083947),Dillon Brooks (38084093),Isaiah Hartenstein (38083966),Scotty Pippen Jr. (38084268),Jabari Smith Jr. (38084102),Nikola Jokic (38083858),283.20693142361114,376.789443480505,50000,99.80%,0,73.15%,0,173.01,$2.19,SAS 2,HOU 2,user35,1,marvalshot,12187,4665146613_35
Shai Gilgeous-Alexander (38083864),Stephon Castle (38084005),Jaime Jaquez Jr. (38084296),Kenrich Williams (38084292),Karlo Matkovic (38084160),Scotty Pippen Jr. (38084268),OG Anunoby (38083970),Alperen Sengun (38083870),286.43198350694445,374.69579219332246,49600,100.00%,0,91.47%,0,182.32999999999998,$2.74,OKC 2,SAS 1,user21,1,marvalshot,12222,4665146614_21
Stephon Castle (38084005),Marcus Smart (38084223),Trey Murphy III (38083947),Jabari Smith Jr. (38084102),Isaiah Hartenstein (38083966),Scotty Pippen Jr. (38084268),Dillon Brooks (38084093),Giannis Antetokounmpo (38083860),282.59693142361107,376.2094434805049,50000,99.64%,0,70.26%,0,171.67,$2.11,HOU 2,SAS 1,user12,1,marvalshot,12260,4665146615_12
Scotty Pippen Jr. (38084268),Cason Wallace (38084201),Trey Murphy III (38083947),Dillon Brooks (38084093),Isaiah Hartenstein (38083966),Stephon Castle (38084005),Jaime Jaquez Jr. (38084296),Nikola Jokic (38083858),292.3932638888889,383.94059959656374,49900,100.00%,24,150.11%,0,180.51999999999998,$4.5,OKC 2,MEM 1,user28,1,marvalshot,11908,4665146606_28
Scotty Pippen Jr. (38084268),Jordan Hawkins (38084276),Jaime Jaquez Jr. (38084296),Kenrich Williams (38084292),Jabari Smith Jr. (38084102),Stephon Castle (38084005),Giannis Antetokounmpo (38083860),Nikola Jokic (38083858),287.65664930555556,392.21179521014943,50000,100.00%,0,99.74%,0,222.26,$2.99,MEM 1,NOP 1,user48,21,marvalshot,11936,4665146607_48
Shai Gilgeous-Alexander (38083864),Jordan Hawkins (38084276),Justin Champagnie (38084078),Jabari Smith Jr. (38084102),Mo Bamba (38084375),Stephon Castle (38084005),Giannis Antetokounmpo (38083860),Scotty Pippen Jr. (38084268),303.1553342013888,401.62399698317296,50000,100.00%,47323,1584.77%,17,210.14999999999998,$47.54,NOP 2,OKC 1,user48,46,marvalshot,11962,4665146608_48
Shai Gilgeous-Alexander (38083864),Cason Wallace (38084201),OG Anunoby (38083970),Jabari Smith Jr. (38084102),Isaiah Hartenstein (38083966),Scotty Pippen Jr. (38084268),Dillon Brooks (38084093),Stephon Castle (38084005),296.1585980902778,373.30459657973677,49200,100.00%,2092,204.56%,0,161.36,$6.14,OKC 3,HOU 2,user38,1,marvalshot,11998,4665146609_38
Cason Wallace (38084201),Stephon Castle (38084005),Gary Payton II (38084239),Kenrich Williams (38084292),Giannis Antetokounmpo (38083860),Scotty Pippen Jr. (38084268),Kevin Huerter (38084121),Shai Gilgeous-Alexander (38083864),299.51831597222224,391.26694830938123,49700,100.00%,23466,411.15%,0,191.81,$12.33,OKC 3,SAS 1,user35,1,marvalshot,12044,4665146610_35
Shai Gilgeous-Alexander (38083864),Kevin Huerter (38084121),Jaime Jaquez Jr. (38084296),Justin Champagnie (38084078),Karlo Matkovic (38084160),Scotty Pippen Jr. (38084268),Giannis Antetokounmpo (38083860),Jabari Smith Jr. (38084102),295.4453342013889,389.123996983173,49900,100.00%,1145,190.54%,0,184.84,$5.72,OKC 1,CHI 1,user25,1,marvalshot,12081,4665146611_25
Russell Westbrook (38084014),Cason Wallace (38084201),Josh Hart (38083926),Zeke Nnaji (38084390),Jabari Smith Jr. (38084102),Scotty Pippen Jr. (38084268),Giannis Antetokounmpo (38083860),Trey Murphy III (38083947),298.2263324652778,385.5411561160588,49700,100.00%,13304,330.89%,0,182.65999999999997,$9.93,DEN 2,OKC 1,user23,1,marvalshot,12126,4665146612_23
Scotty Pippen Jr. (38084268),Stephon Castle (38084005),Trey Murphy III (38083947),Jaime Jaquez Jr. (38084296),Isaiah Hartenstein (38083966),Russell Westbrook (38084014),Duncan Robinson (38084192),Giannis Antetokounmpo (38083860),283.2869314236111,380.65944348050493,50000,99.89%,0,72.91%,0,221.29000000000002,$2.19,MIA 2,MEM 1,user10,1,marvalshot,12162,4665146613_10
Shai Gilgeous-Alexander (38083864),Trey Murphy III (38083947),Devin Vassell (38083987),Kenrich Williams (38084292),Alexandre Sarr (38084017),Scotty Pippen Jr. (38084268),Dillon Brooks (38084093),Stephon Castle (38084005),286.41198350694447,371.1657921933225,49800,99.99%,0,91.38%,0,157.26,$2.74,OKC 2,SAS 2,user23,1,marvalshot,12224,4665146614_23
Scotty Pippen Jr. (38084268),Stephon Castle (38084005),Khris Middleton (38084036),Giannis Antetokounmpo (38083860),Isaiah Hartenstein (38083966),Kevin Huerter (38084121),Jabari Smith Jr. (38084102),Russell Westbrook (38084014),282.58693142361113,378.109443480505,49800,99.70%,0,70.13%,0,218.71999999999997,$2.1,MEM 1,SAS 1,user42,1,marvalshot,12290,4665146615_42
Scotty Pippen Jr. (38084268),Cason Wallace (38084201),Justin Champagnie (38084078),Jaime Jaquez Jr. (38084296),Isaiah Hartenstein (38083966),Russell Westbrook (38084014),Trey Murphy III (38083947),Nikola Jokic (38083858),292.3232638888889,384.7305995965637,49800,100.00%,34,149.73%,0,193.88,$4.49,OKC 2,DEN 2,user27,1,marvalshot,11907,4665146606_27
Scotty Pippen Jr. (38084268),Jordan Hawkins (38084276),Jaime Jaquez Jr. (38084296),Kenrich Williams (38084292),Jabari Smith Jr. (38084102),Stephon Castle (38084005),Giannis Antetokounmpo (38083860),Nikola Jokic (38083858),287.65664930555556,392.21179521014943,50000,100.00%,0,99.74%,0,222.26,$2.99,MEM 1,NOP 1,user49,21,marvalshot,11936,4665146607_49
Shai Gilgeous-Alexander (38083864),Jordan Hawkins (38084276),Justin Champagnie (38084078),Jabari Smith Jr. (38084102),Mo Bamba (38084375),Stephon Castle (38084005),Giannis Antetokounmpo (38083860),Scotty Pippen Jr. (38084268),303.1553342013888,401.62399698317296,50000,100.00%,47323,1584.77%,17,210.14999999999998,$47.54,NOP 2,OKC 1,user49,46,marvalshot,11962,4665146608_49
Shai Gilgeous-Alexander (38083864),Cason Wallace (38084201),Jaime Jaquez Jr. (38084296),Giannis Antetokounmpo (38083860),Isaiah Hartenstein (38083966),Scotty Pippen Jr. (38084268),Jabari Smith Jr. (38084102),Steven Adams (38084373),296.1585980902778,389.25459657973676,49800,100.00%,1887,202.97%,0,162.72,$6.09,OKC 3,HOU 2,user26,1,marvalshot,11986,4665146609_26
Cason Wallace (38084201),Stephon Castle (38084005),Julian Champagnie (38084347),Kenrich Williams (38084292),Jabari Smith Jr. (38084102),Scotty Pippen Jr. (38084268),Giannis Antetokounmpo (38083860),Shai Gilgeous-Alexander (38083864),299.7483159722222,390.3469483093812,49200,100.00%,26277,402.98%,0,189.13,$12.09,OKC 3,SAS 2,user34,1,marvalshot,12043,4665146610_34
Shai Gilgeous-Alexander (38083864),Stephon Castle (38084005),Kevin Huerter (38084121),Justin Champagnie (38084078),Alperen Sengun (38083870),Scotty Pippen Jr. (38084268),Gregory Jackson (38084249),Jabari Smith Jr. (38084102),295.21533420138894,383.00399698317307,49900,100.00%,1287,188.28%,0,178.67,$5.65,HOU 2,MEM 2,user46,1,marvalshot,12101,4665146611_46
Stephon Castle (38084005),Cason Wallace (38084201),Kevin Huerter (38084121),Karlo Matkovic (38084160),Giannis Antetokounmpo (38083860),Scotty Pippen Jr. (38084268),Justin Champagnie (38084078),Stephen Curry (38083881),298.23633246527777,391.34115611605876,49800,100.00%,12760,314.1%,0,189.95999999999998,$9.42,SAS 1,OKC 1,user25,1,marvalshot,12128,4665146612_25
Russell Westbrook (38084014),Stephon Castle (38084005),Justin Champagnie (38084078),Jaime Jaquez Jr. (38084296),Isaiah Hartenstein (38083966),Scotty Pippen Jr. (38084268),Jabari Smith Jr. (38084102),Nikola Jokic (38083858),283.20693142361114,379.36944348050497,49100,99.87%,0,72.75%,0,224.43,$2.18,DEN 2,SAS 1,user38,1,marvalshot,12190,4665146613_38
Shai Gilgeous-Alexander (38083864),Stephon Castle (38084005),Trey Murphy III (38083947),Kenrich Williams (38084292),Mo Bamba (38084375),Scotty Pippen Jr. (38084268),Josh Hart (38083926),Alexandre Sarr (38084017),286.36198350694445,374.46579219332244,49900,100.00%,0,91.16%,0,159.01999999999998,$2.73,OKC 2,NOP 2,user18,1,marvalshot,12219,4665146614_18
Russell Westbrook (38084014),Stephon Castle (38084005),Jaime Jaquez Jr. (38084296),Corey Kispert (38084256),Isaiah Hartenstein (38083966),Trey Murphy III (38083947),Giannis Antetokounmpo (38083860),Scotty Pippen Jr. (38084268),282.5369314236111,380.339443480505,49400,99.69%,0,69.95%,0,220.1,$2.1,DEN 1,SAS 1,user17,1,marvalshot,12265,4665146615_17
