PG,SG,SF,PF,C,G,F,UTIL,Proj,Ceiling,Salary,Cash %,Top 1%,ROI%,Wins,Own Sum,Avg Return,Stack1,Stack2,Lineup,Dupes,User,Index,Entry ID
Damion Baugh (37770458),Desmond Bane (37770125),LeBron James (37770008),Chris Boucher (37770396),Kelly Olynyk (37770294),Ja Morant (37770078),Karlo Matkovic (37770342),Alperen Sengun (37770052),268.0471180555556,364.6377498669872,50000,99.95%,0,69.19%,0,140.95,$2.77,MEM 2,NOP 2,user2,1,marvalshot,17798,4649272436_2
Stephen Curry (37770033),Payton Pritchard (37770208),Sam Hauser (37770402),Chris Boucher (37770396),Alperen Sengun (37770052),Jalen Green (37770115),Karlo Matkovic (37770342),Ja Morant (37770078),277.2943055555555,364.5552474156647,50000,100.00%,12614,189.83%,0,122.64999999999999,$7.59,BOS 2,HOU 2,user,1,marvalshot,3692,4649272437
Brandin Podziemski (37770175),Payton Pritchard (37770208),Bradley Beal (37770150),Karlo Matkovic (37770342),Jarrett Allen (37770161),Vince Williams Jr. (37770467),LeBron James (37770008),Alperen Sengun (37770052),278.82934027777776,367.74813344155746,50000,100.00%,23478,225.46%,0,150.04,$9.02,GSW 1,BOS 1,user,50,marvalshot,8417,4649272438
Stephen Curry (37770033),RJ Barrett (37770118),Zion Williamson (37770048),Sam Hauser (37770402),Neemias Queta (37770755),Damion Baugh (37770458),Bradley Beal (37770150),Alperen Sengun (37770052),279.1701215277777,368.89946628819354,49900,100.00%,26262,245.33%,0,133.76,$9.81,BOS 2,GSW 1,user,50,marvalshot,1981,4649272439
Stephen Curry (37770033),Desmond Bane (37770125),Vince Williams Jr. (37770467),Jaren Jackson Jr. (37770099),Karlo Matkovic (37770342),Damion Baugh (37770458),Bradley Beal (37770150),Alperen Sengun (37770052),277.45,368.72,49900,100.00%,12716,185.18%,0,167.03,$7.41,MEM 3,GSW 1,user1,1,marvalshot,17848,4649272440_1
Stephen Curry (37770033),Damion Baugh (37770458),Jaylen Brown (37770094),Olivier-Maxence Prosper (37770416),Kristaps Porzingis (37770106),Ja Morant (37770078),Karlo Matkovic (37770342),Jarrett Allen (37770161),248.77647569444443,332.8567049281743,49900,0.02%,0,-99.99%,0,100.7,$-4.0,BOS 2,GSW 1,user,1,marvalshot,8843,4649272441
Brandin Podziemski (37770175),Jaylen Brown (37770094),Vince Williams Jr. (37770467),Karlo Matkovic (37770342),Neemias Queta (37770755),Desmond Bane (37770125),LeBron James (37770008),Alperen Sengun (37770052),281.3309548611111,371.60602166010494,50000,100.00%,41030,349.19%,0,148.16000000000003,$13.97,BOS 2,MEM 2,user,50,marvalshot,4584,4649272442
Damion Baugh (37770458),Desmond Bane (37770125),LeBron James (37770008),Chris Boucher (37770396),Jaren Jackson Jr. (37770099),Stephen Curry (37770033),Karlo Matkovic (37770342),Kelly Olynyk (37770294),263.9371180555555,358.6777498669871,49900,96.13%,0,41.23%,0,120.06,$1.65,MEM 2,NOP 2,user40,1,marvalshot,17922,4649272443_40
Damion Baugh (37770458),Desmond Bane (37770125),LeBron James (37770008),Jaren Jackson Jr. (37770099),Neemias Queta (37770755),Brandin Podziemski (37770175),Karlo Matkovic (37770342),Alperen Sengun (37770052),284.71171875,378.84253442586237,50000,100.00%,49468,884.81%,0,160.9,$35.39,MEM 2,CHA 1,user,50,marvalshot,11343,4649272444
Payton Pritchard (37770208),Damion Baugh (37770458),Sam Hauser (37770402),Karlo Matkovic (37770342),Alperen Sengun (37770052),Ja Morant (37770078),Jaren Jackson Jr. (37770099),Stephen Curry (37770033),287.7371875,377.04749754867765,50000,100.00%,49987,2970.8%,9,158.6,$118.83,BOS 2,MEM 2,user,50,marvalshot,3950,4649272445
Damion Baugh (37770458),Jalen Green (37770115),LeBron James (37770008),Chris Boucher (37770396),Alperen Sengun (37770052),Vince Williams Jr. (37770467),Karlo Matkovic (37770342),Stephen Curry (37770033),268.04711805555553,362.8277498669871,50000,99.95%,0,69.07%,0,123.81,$2.76,HOU 2,CHA 1,user41,1,marvalshot,17838,4649272436_41
Luka Doncic (37770002),Payton Pritchard (37770208),Sam Hauser (37770402),Chris Boucher (37770396),Karlo Matkovic (37770342),Ja Morant (37770078),Tari Eason (37770190),Alperen Sengun (37770052),274.46430555555554,364.94524741566477,50000,100.00%,1996,133.09%,0,135.13,$5.32,BOS 2,HOU 2,user1,49,marvalshot,17847,4649272437_1
Brandin Podziemski (37770175),Payton Pritchard (37770208),Bradley Beal (37770150),Karlo Matkovic (37770342),Jarrett Allen (37770161),Vince Williams Jr. (37770467),LeBron James (37770008),Alperen Sengun (37770052),278.82934027777776,367.74813344155746,50000,100.00%,23478,225.46%,0,150.04,$9.02,GSW 1,BOS 1,user1,50,marvalshot,8417,4649272438_1
Stephen Curry (37770033),RJ Barrett (37770118),Zion Williamson (37770048),Sam Hauser (37770402),Neemias Queta (37770755),Damion Baugh (37770458),Bradley Beal (37770150),Alperen Sengun (37770052),279.1701215277777,368.89946628819354,49900,100.00%,26262,245.33%,0,133.76,$9.81,BOS 2,GSW 1,user1,50,marvalshot,1981,4649272439_1
Damion Baugh (37770458),Vince Williams Jr. (37770467),LeBron James (37770008),Santi Aldama (37770228),Karlo Matkovic (37770342),Jalen Green (37770115),Jaren Jackson Jr. (37770099),Alperen Sengun (37770052),277.32,373.36,50000,100.00%,12068,184.54%,0,158.31,$7.38,MEM 3,HOU 2,user16,1,marvalshot,17863,4649272440_16
Brandin Podziemski (37770175),Desmond Bane (37770125),Jaylen Brown (37770094),Karlo Matkovic (37770342),Kristaps Porzingis (37770106),Damion Baugh (37770458),Jaren Jackson Jr. (37770099),Jarrett Allen (37770161),249.74647569444443,332.12670492817426,49900,0.02%,0,-99.99%,0,134.74,$-4.0,MEM 2,BOS 2,user3,1,marvalshot,17879,4649272441_3
Brandin Podziemski (37770175),Jaylen Brown (37770094),Vince Williams Jr. (37770467),Karlo Matkovic (37770342),Neemias Queta (37770755),Desmond Bane (37770125),LeBron James (37770008),Alperen Sengun (37770052),281.3309548611111,371.60602166010494,50000,100.00%,41030,349.19%,0,148.16000000000003,$13.97,BOS 2,MEM 2,user1,50,marvalshot,4584,4649272442_1
Damion Baugh (37770458),De'Aaron Fox (37770044),Vince Williams Jr. (37770467),Chris Boucher (37770396),Kelly Olynyk (37770294),Desmond Bane (37770125),LeBron James (37770008),Alperen Sengun (37770052),263.39711805555555,359.91774986698715,50000,94.88%,0,37.14%,0,145.25,$1.49,MEM 2,CHA 1,user3,1,marvalshot,17885,4649272443_3
Damion Baugh (37770458),Desmond Bane (37770125),LeBron James (37770008),Jaren Jackson Jr. (37770099),Neemias Queta (37770755),Brandin Podziemski (37770175),Karlo Matkovic (37770342),Alperen Sengun (37770052),284.71171875,378.84253442586237,50000,100.00%,49468,884.81%,0,160.9,$35.39,MEM 2,CHA 1,user1,50,marvalshot,11343,4649272444_1
Payton Pritchard (37770208),Damion Baugh (37770458),Sam Hauser (37770402),Karlo Matkovic (37770342),Alperen Sengun (37770052),Ja Morant (37770078),Jaren Jackson Jr. (37770099),Stephen Curry (37770033),287.7371875,377.04749754867765,50000,100.00%,49987,2970.8%,9,158.6,$118.83,BOS 2,MEM 2,user1,50,marvalshot,3950,4649272445_1
Ja Morant (37770078),Bradley Beal (37770150),LeBron James (37770008),Chris Boucher (37770396),Alperen Sengun (37770052),Vince Williams Jr. (37770467),Karlo Matkovic (37770342),Santi Aldama (37770228),267.20711805555555,361.9977498669871,49900,99.91%,0,62.56%,0,145.34,$2.5,MEM 3,PHX 1,user27,1,marvalshot,17824,4649272436_27
Luka Doncic (37770002),Payton Pritchard (37770208),Sam Hauser (37770402),Chris Boucher (37770396),Karlo Matkovic (37770342),Ja Morant (37770078),Tari Eason (37770190),Alperen Sengun (37770052),274.46430555555554,364.94524741566477,50000,100.00%,1996,133.09%,0,135.13,$5.32,BOS 2,HOU 2,user2,49,marvalshot,17847,4649272437_2
Brandin Podziemski (37770175),Payton Pritchard (37770208),Bradley Beal (37770150),Karlo Matkovic (37770342),Jarrett Allen (37770161),Vince Williams Jr. (37770467),LeBron James (37770008),Alperen Sengun (37770052),278.82934027777776,367.74813344155746,50000,100.00%,23478,225.46%,0,150.04,$9.02,GSW 1,BOS 1,user2,50,marvalshot,8417,4649272438_2
Stephen Curry (37770033),RJ Barrett (37770118),Zion Williamson (37770048),Sam Hauser (37770402),Neemias Queta (37770755),Damion Baugh (37770458),Bradley Beal (37770150),Alperen Sengun (37770052),279.1701215277777,368.89946628819354,49900,100.00%,26262,245.33%,0,133.76,$9.81,BOS 2,GSW 1,user2,50,marvalshot,1981,4649272439_2
Ja Morant (37770078),Damion Baugh (37770458),Bradley Beal (37770150),Karlo Matkovic (37770342),Alperen Sengun (37770052),Stephen Curry (37770033),Kelly Olynyk (37770294),Brandin Podziemski (37770175),277.3,368.62,50000,100.00%,12457,184.43%,0,143.76,$7.38,NOP 2,GSW 2,user25,1,marvalshot,17872,4649272440_25
Damion Baugh (37770458),Bradley Beal (37770150),Jaylen Brown (37770094),Tari Eason (37770190),Kristaps Porzingis (37770106),Stephen Curry (37770033),Karlo Matkovic (37770342),Jarrett Allen (37770161),248.89647569444443,328.49670492817427,50000,0.02%,0,-99.99%,0,100.69,$-4.0,BOS 2,CHA 1,user1,1,marvalshot,17877,4649272441_1
Brandin Podziemski (37770175),Jaylen Brown (37770094),Vince Williams Jr. (37770467),Karlo Matkovic (37770342),Neemias Queta (37770755),Desmond Bane (37770125),LeBron James (37770008),Alperen Sengun (37770052),281.3309548611111,371.60602166010494,50000,100.00%,41030,349.19%,0,148.16000000000003,$13.97,BOS 2,MEM 2,user2,50,marvalshot,4584,4649272442_2
Brandin Podziemski (37770175),Damion Baugh (37770458),Jimmy Butler (37770090),Chris Boucher (37770396),Alperen Sengun (37770052),Desmond Bane (37770125),Karlo Matkovic (37770342),Kevin Durant (37770029),263.65711805555554,351.7477498669871,50000,94.04%,0,37.1%,0,110.96,$1.48,GSW 2,CHA 1,user32,1,marvalshot,17914,4649272443_32
Damion Baugh (37770458),Desmond Bane (37770125),LeBron James (37770008),Jaren Jackson Jr. (37770099),Neemias Queta (37770755),Brandin Podziemski (37770175),Karlo Matkovic (37770342),Alperen Sengun (37770052),284.71171875,378.84253442586237,50000,100.00%,49468,884.81%,0,160.9,$35.39,MEM 2,CHA 1,user2,50,marvalshot,11343,4649272444_2
Payton Pritchard (37770208),Damion Baugh (37770458),Sam Hauser (37770402),Karlo Matkovic (37770342),Alperen Sengun (37770052),Ja Morant (37770078),Jaren Jackson Jr. (37770099),Stephen Curry (37770033),287.7371875,377.04749754867765,50000,100.00%,49987,2970.8%,9,158.6,$118.83,BOS 2,MEM 2,user2,50,marvalshot,3950,4649272445_2
Damion Baugh (37770458),Desmond Bane (37770125),Bradley Beal (37770150),Chris Boucher (37770396),Alperen Sengun (37770052),Brandin Podziemski (37770175),Karlo Matkovic (37770342),LeBron James (37770008),266.89711805555555,356.36774986698714,49700,99.79%,0,60.58%,0,135.38,$2.42,CHA 1,MEM 1,user45,1,marvalshot,17842,4649272436_45
Luka Doncic (37770002),Payton Pritchard (37770208),Sam Hauser (37770402),Chris Boucher (37770396),Karlo Matkovic (37770342),Ja Morant (37770078),Tari Eason (37770190),Alperen Sengun (37770052),274.46430555555554,364.94524741566477,50000,100.00%,1996,133.09%,0,135.13,$5.32,BOS 2,HOU 2,user3,49,marvalshot,17847,4649272437_3
Brandin Podziemski (37770175),Payton Pritchard (37770208),Bradley Beal (37770150),Karlo Matkovic (37770342),Jarrett Allen (37770161),Vince Williams Jr. (37770467),LeBron James (37770008),Alperen Sengun (37770052),278.82934027777776,367.74813344155746,50000,100.00%,23478,225.46%,0,150.04,$9.02,GSW 1,BOS 1,user3,50,marvalshot,8417,4649272438_3
Stephen Curry (37770033),RJ Barrett (37770118),Zion Williamson (37770048),Sam Hauser (37770402),Neemias Queta (37770755),Damion Baugh (37770458),Bradley Beal (37770150),Alperen Sengun (37770052),279.1701215277777,368.89946628819354,49900,100.00%,26262,245.33%,0,133.76,$9.81,BOS 2,GSW 1,user3,50,marvalshot,1981,4649272439_3
Damion Baugh (37770458),Vince Williams Jr. (37770467),Bradley Beal (37770150),Jaren Jackson Jr. (37770099),Alperen Sengun (37770052),Brandin Podziemski (37770175),Karlo Matkovic (37770342),LeBron James (37770008),277.35,369.87,49900,100.00%,11857,179.93%,0,171.97,$7.2,MEM 2,CHA 1,user5,1,marvalshot,17852,4649272440_5
Damion Baugh (37770458),Desmond Bane (37770125),Jaylen Brown (37770094),Karlo Matkovic (37770342),Kristaps Porzingis (37770106),Jalen Green (37770115),Bradley Beal (37770150),Jarrett Allen (37770161),248.92647569444446,325.11670492817433,50000,0.02%,0,-99.99%,0,113.47999999999999,$-4.0,BOS 2,CHA 1,user5,1,marvalshot,17881,4649272441_5
Brandin Podziemski (37770175),Jaylen Brown (37770094),Vince Williams Jr. (37770467),Karlo Matkovic (37770342),Neemias Queta (37770755),Desmond Bane (37770125),LeBron James (37770008),Alperen Sengun (37770052),281.3309548611111,371.60602166010494,50000,100.00%,41030,349.19%,0,148.16000000000003,$13.97,BOS 2,MEM 2,user3,50,marvalshot,4584,4649272442_3
Damion Baugh (37770458),Jalen Green (37770115),Zion Williamson (37770048),Chris Boucher (37770396),Kelly Olynyk (37770294),Devin Booker (37770025),Karlo Matkovic (37770342),Alperen Sengun (37770052),263.21711805555555,359.37774986698713,49600,92.74%,0,33.27%,0,100.9,$1.33,NOP 3,HOU 2,user4,1,marvalshot,17886,4649272443_4
Damion Baugh (37770458),Desmond Bane (37770125),LeBron James (37770008),Jaren Jackson Jr. (37770099),Neemias Queta (37770755),Brandin Podziemski (37770175),Karlo Matkovic (37770342),Alperen Sengun (37770052),284.71171875,378.84253442586237,50000,100.00%,49468,884.81%,0,160.9,$35.39,MEM 2,CHA 1,user3,50,marvalshot,11343,4649272444_3
Payton Pritchard (37770208),Damion Baugh (37770458),Sam Hauser (37770402),Karlo Matkovic (37770342),Alperen Sengun (37770052),Ja Morant (37770078),Jaren Jackson Jr. (37770099),Stephen Curry (37770033),287.7371875,377.04749754867765,50000,100.00%,49987,2970.8%,9,158.6,$118.83,BOS 2,MEM 2,user3,50,marvalshot,3950,4649272445_3
Damion Baugh (37770458),Moses Moody (37770253),LeBron James (37770008),Chris Boucher (37770396),Alperen Sengun (37770052),Desmond Bane (37770125),Karlo Matkovic (37770342),Jaren Jackson Jr. (37770099),266.82711805555556,361.16774986698715,50000,99.77%,0,60.37%,0,139.94,$2.41,MEM 2,CHA 1,user36,1,marvalshot,17833,4649272436_36
Luka Doncic (37770002),Payton Pritchard (37770208),Sam Hauser (37770402),Chris Boucher (37770396),Karlo Matkovic (37770342),Ja Morant (37770078),Tari Eason (37770190),Alperen Sengun (37770052),274.46430555555554,364.94524741566477,50000,100.00%,1996,133.09%,0,135.13,$5.32,BOS 2,HOU 2,user4,49,marvalshot,17847,4649272437_4
Brandin Podziemski (37770175),Payton Pritchard (37770208),Bradley Beal (37770150),Karlo Matkovic (37770342),Jarrett Allen (37770161),Vince Williams Jr. (37770467),LeBron James (37770008),Alperen Sengun (37770052),278.82934027777776,367.74813344155746,50000,100.00%,23478,225.46%,0,150.04,$9.02,GSW 1,BOS 1,user4,50,marvalshot,8417,4649272438_4
Stephen Curry (37770033),RJ Barrett (37770118),Zion Williamson (37770048),Sam Hauser (37770402),Neemias Queta (37770755),Damion Baugh (37770458),Bradley Beal (37770150),Alperen Sengun (37770052),279.1701215277777,368.89946628819354,49900,100.00%,26262,245.33%,0,133.76,$9.81,BOS 2,GSW 1,user4,50,marvalshot,1981,4649272439_4
Damion Baugh (37770458),Desmond Bane (37770125),Bradley Beal (37770150),Santi Aldama (37770228),Alperen Sengun (37770052),Jalen Green (37770115),Jaren Jackson Jr. (37770099),Karlo Matkovic (37770342),276.93,365.52,49900,100.00%,9981,176.38%,0,155.58999999999997,$7.06,MEM 3,HOU 2,user9,1,marvalshot,17856,4649272440_9
Brandin Podziemski (37770175),Vince Williams Jr. (37770467),Jaylen Brown (37770094),Karlo Matkovic (37770342),Kristaps Porzingis (37770106),Desmond Bane (37770125),Jaren Jackson Jr. (37770099),Jarrett Allen (37770161),249.09647569444448,333.3667049281744,49900,0.01%,0,-100.0%,0,144.73000000000002,$-4.0,MEM 3,BOS 2,user4,1,marvalshot,17880,4649272441_4
Brandin Podziemski (37770175),Jaylen Brown (37770094),Vince Williams Jr. (37770467),Karlo Matkovic (37770342),Neemias Queta (37770755),Desmond Bane (37770125),LeBron James (37770008),Alperen Sengun (37770052),281.3309548611111,371.60602166010494,50000,100.00%,41030,349.19%,0,148.16000000000003,$13.97,BOS 2,MEM 2,user4,50,marvalshot,4584,4649272442_4
Stephen Curry (37770033),Damion Baugh (37770458),Bradley Beal (37770150),Chris Boucher (37770396),Alperen Sengun (37770052),Devin Booker (37770025),Draymond Green (37770171),Vince Williams Jr. (37770467),262.58711805555555,351.41774986698715,49900,89.86%,0,26.05%,0,121.92,$1.04,GSW 2,PHX 2,user31,1,marvalshot,17913,4649272443_31
Damion Baugh (37770458),Desmond Bane (37770125),LeBron James (37770008),Jaren Jackson Jr. (37770099),Neemias Queta (37770755),Brandin Podziemski (37770175),Karlo Matkovic (37770342),Alperen Sengun (37770052),284.71171875,378.84253442586237,50000,100.00%,49468,884.81%,0,160.9,$35.39,MEM 2,CHA 1,user4,50,marvalshot,11343,4649272444_4
Payton Pritchard (37770208),Damion Baugh (37770458),Sam Hauser (37770402),Karlo Matkovic (37770342),Alperen Sengun (37770052),Ja Morant (37770078),Jaren Jackson Jr. (37770099),Stephen Curry (37770033),287.7371875,377.04749754867765,50000,100.00%,49987,2970.8%,9,158.6,$118.83,BOS 2,MEM 2,user4,50,marvalshot,3950,4649272445_4
Damion Baugh (37770458),Desmond Bane (37770125),Bradley Beal (37770150),Chris Boucher (37770396),Alperen Sengun (37770052),Ja Morant (37770078),Karlo Matkovic (37770342),Jaren Jackson Jr. (37770099),266.89711805555555,357.3977498669871,49600,99.85%,0,60.36%,0,163.37,$2.41,MEM 3,CHA 1,user17,1,marvalshot,17814,4649272436_17
Luka Doncic (37770002),Payton Pritchard (37770208),Sam Hauser (37770402),Chris Boucher (37770396),Karlo Matkovic (37770342),Ja Morant (37770078),Tari Eason (37770190),Alperen Sengun (37770052),274.46430555555554,364.94524741566477,50000,100.00%,1996,133.09%,0,135.13,$5.32,BOS 2,HOU 2,user5,49,marvalshot,17847,4649272437_5
Brandin Podziemski (37770175),Payton Pritchard (37770208),Bradley Beal (37770150),Karlo Matkovic (37770342),Jarrett Allen (37770161),Vince Williams Jr. (37770467),LeBron James (37770008),Alperen Sengun (37770052),278.82934027777776,367.74813344155746,50000,100.00%,23478,225.46%,0,150.04,$9.02,GSW 1,BOS 1,user5,50,marvalshot,8417,4649272438_5
Stephen Curry (37770033),RJ Barrett (37770118),Zion Williamson (37770048),Sam Hauser (37770402),Neemias Queta (37770755),Damion Baugh (37770458),Bradley Beal (37770150),Alperen Sengun (37770052),279.1701215277777,368.89946628819354,49900,100.00%,26262,245.33%,0,133.76,$9.81,BOS 2,GSW 1,user5,50,marvalshot,1981,4649272439_5
Brandin Podziemski (37770175),Damion Baugh (37770458),LeBron James (37770008),Olivier-Maxence Prosper (37770416),Alperen Sengun (37770052),Stephen Curry (37770033),Santi Aldama (37770228),Karlo Matkovic (37770342),276.78,372.22999999999996,49900,100.00%,9906,172.56%,0,114.82,$6.9,GSW 2,CHA 1,user24,1,marvalshot,17871,4649272440_24
Damion Baugh (37770458),Jalen Green (37770115),Jaylen Brown (37770094),Karlo Matkovic (37770342),Kristaps Porzingis (37770106),Stephen Curry (37770033),Kelly Olynyk (37770294),Jarrett Allen (37770161),248.80647569444446,331.4667049281743,49800,0.02%,0,-100.0%,0,94.63,$-4.0,BOS 2,NOP 2,user2,1,marvalshot,17878,4649272441_2
Brandin Podziemski (37770175),Jaylen Brown (37770094),Vince Williams Jr. (37770467),Karlo Matkovic (37770342),Neemias Queta (37770755),Desmond Bane (37770125),LeBron James (37770008),Alperen Sengun (37770052),281.3309548611111,371.60602166010494,50000,100.00%,41030,349.19%,0,148.16000000000003,$13.97,BOS 2,MEM 2,user5,50,marvalshot,4584,4649272442_5
Ja Morant (37770078),Devin Booker (37770025),Rui Hachimura (37770179),Chris Boucher (37770396),Alperen Sengun (37770052),Vince Williams Jr. (37770467),Santi Aldama (37770228),Brandin Podziemski (37770175),262.4371180555555,352.7877498669871,50000,88.35%,0,23.56%,0,133.93,$0.94,MEM 3,PHX 1,user23,1,marvalshot,17905,4649272443_23
Damion Baugh (37770458),Desmond Bane (37770125),LeBron James (37770008),Jaren Jackson Jr. (37770099),Neemias Queta (37770755),Brandin Podziemski (37770175),Karlo Matkovic (37770342),Alperen Sengun (37770052),284.71171875,378.84253442586237,50000,100.00%,49468,884.81%,0,160.9,$35.39,MEM 2,CHA 1,user5,50,marvalshot,11343,4649272444_5
Payton Pritchard (37770208),Damion Baugh (37770458),Sam Hauser (37770402),Karlo Matkovic (37770342),Alperen Sengun (37770052),Ja Morant (37770078),Jaren Jackson Jr. (37770099),Stephen Curry (37770033),287.7371875,377.04749754867765,50000,100.00%,49987,2970.8%,9,158.6,$118.83,BOS 2,MEM 2,user5,50,marvalshot,3950,4649272445_5
Stephen Curry (37770033),Damion Baugh (37770458),LeBron James (37770008),Chris Boucher (37770396),Alperen Sengun (37770052),Bradley Beal (37770150),Karlo Matkovic (37770342),Zach Edey (37770302),266.72711805555554,359.7377498669871,50000,99.64%,0,59.76%,0,115.19,$2.39,GSW 1,CHA 1,user22,1,marvalshot,17819,4649272436_22
Luka Doncic (37770002),Payton Pritchard (37770208),Sam Hauser (37770402),Chris Boucher (37770396),Karlo Matkovic (37770342),Ja Morant (37770078),Tari Eason (37770190),Alperen Sengun (37770052),274.46430555555554,364.94524741566477,50000,100.00%,1996,133.09%,0,135.13,$5.32,BOS 2,HOU 2,user6,49,marvalshot,17847,4649272437_6
Brandin Podziemski (37770175),Payton Pritchard (37770208),Bradley Beal (37770150),Karlo Matkovic (37770342),Jarrett Allen (37770161),Vince Williams Jr. (37770467),LeBron James (37770008),Alperen Sengun (37770052),278.82934027777776,367.74813344155746,50000,100.00%,23478,225.46%,0,150.04,$9.02,GSW 1,BOS 1,user6,50,marvalshot,8417,4649272438_6
Stephen Curry (37770033),RJ Barrett (37770118),Zion Williamson (37770048),Sam Hauser (37770402),Neemias Queta (37770755),Damion Baugh (37770458),Bradley Beal (37770150),Alperen Sengun (37770052),279.1701215277777,368.89946628819354,49900,100.00%,26262,245.33%,0,133.76,$9.81,BOS 2,GSW 1,user6,50,marvalshot,1981,4649272439_6
Brandin Podziemski (37770175),Damion Baugh (37770458),Bradley Beal (37770150),Jaren Jackson Jr. (37770099),Alperen Sengun (37770052),Stephen Curry (37770033),Kelly Olynyk (37770294),Karlo Matkovic (37770342),276.84000000000003,368.38,49600,100.00%,9293,172.22%,0,150.39999999999998,$6.89,GSW 2,NOP 2,user21,1,marvalshot,17868,4649272440_21
Austin Reaves (37770083),Damion Baugh (37770458),Jaylen Brown (37770094),Kelly Olynyk (37770294),Kristaps Porzingis (37770106),Stephen Curry (37770033),Vince Williams Jr. (37770467),Jarrett Allen (37770161),246.23647569444444,329.99670492817427,49900,0.00%,0,-100.0%,0,104.99,$-4.0,BOS 2,LAL 1,user6,44,marvalshot,17882,4649272441_6
Brandin Podziemski (37770175),Jaylen Brown (37770094),Vince Williams Jr. (37770467),Karlo Matkovic (37770342),Neemias Queta (37770755),Desmond Bane (37770125),LeBron James (37770008),Alperen Sengun (37770052),281.3309548611111,371.60602166010494,50000,100.00%,41030,349.19%,0,148.16000000000003,$13.97,BOS 2,MEM 2,user6,50,marvalshot,4584,4649272442_6
Damion Baugh (37770458),Bradley Beal (37770150),Moses Moody (37770253),Chris Boucher (37770396),Jaren Jackson Jr. (37770099),Brandin Podziemski (37770175),Kevin Durant (37770029),Alperen Sengun (37770052),262.3771180555555,348.7177498669871,49900,88.38%,0,23.34%,0,138.60999999999999,$0.93,PHX 2,GSW 2,user2,1,marvalshot,17884,4649272443_2
Damion Baugh (37770458),Desmond Bane (37770125),LeBron James (37770008),Jaren Jackson Jr. (37770099),Neemias Queta (37770755),Brandin Podziemski (37770175),Karlo Matkovic (37770342),Alperen Sengun (37770052),284.71171875,378.84253442586237,50000,100.00%,49468,884.81%,0,160.9,$35.39,MEM 2,CHA 1,user6,50,marvalshot,11343,4649272444_6
Payton Pritchard (37770208),Damion Baugh (37770458),Sam Hauser (37770402),Karlo Matkovic (37770342),Alperen Sengun (37770052),Ja Morant (37770078),Jaren Jackson Jr. (37770099),Stephen Curry (37770033),287.7371875,377.04749754867765,50000,100.00%,49987,2970.8%,9,158.6,$118.83,BOS 2,MEM 2,user6,50,marvalshot,3950,4649272445_6
Brandin Podziemski (37770175),Bradley Beal (37770150),Zion Williamson (37770048),Chris Boucher (37770396),Alperen Sengun (37770052),Stephen Curry (37770033),Karlo Matkovic (37770342),Damion Baugh (37770458),266.63711805555556,361.7577498669871,49900,99.68%,0,59.1%,0,112.74,$2.36,GSW 2,NOP 2,user5,1,marvalshot,17802,4649272436_5
Luka Doncic (37770002),Payton Pritchard (37770208),Sam Hauser (37770402),Chris Boucher (37770396),Karlo Matkovic (37770342),Ja Morant (37770078),Tari Eason (37770190),Alperen Sengun (37770052),274.46430555555554,364.94524741566477,50000,100.00%,1996,133.09%,0,135.13,$5.32,BOS 2,HOU 2,user7,49,marvalshot,17847,4649272437_7
Brandin Podziemski (37770175),Payton Pritchard (37770208),Bradley Beal (37770150),Karlo Matkovic (37770342),Jarrett Allen (37770161),Vince Williams Jr. (37770467),LeBron James (37770008),Alperen Sengun (37770052),278.82934027777776,367.74813344155746,50000,100.00%,23478,225.46%,0,150.04,$9.02,GSW 1,BOS 1,user7,50,marvalshot,8417,4649272438_7
Stephen Curry (37770033),RJ Barrett (37770118),Zion Williamson (37770048),Sam Hauser (37770402),Neemias Queta (37770755),Damion Baugh (37770458),Bradley Beal (37770150),Alperen Sengun (37770052),279.1701215277777,368.89946628819354,49900,100.00%,26262,245.33%,0,133.76,$9.81,BOS 2,GSW 1,user7,50,marvalshot,1981,4649272439_7
Damion Baugh (37770458),Desmond Bane (37770125),Bradley Beal (37770150),Jaren Jackson Jr. (37770099),Alperen Sengun (37770052),Austin Reaves (37770083),Karlo Matkovic (37770342),Kelly Olynyk (37770294),276.73,365.54,50000,100.00%,9049,171.78%,0,147.12,$6.87,MEM 2,NOP 2,user3,1,marvalshot,17850,4649272440_3
Austin Reaves (37770083),Damion Baugh (37770458),Jaylen Brown (37770094),Kelly Olynyk (37770294),Kristaps Porzingis (37770106),Stephen Curry (37770033),Vince Williams Jr. (37770467),Jarrett Allen (37770161),246.23647569444444,329.99670492817427,49900,0.00%,0,-100.0%,0,104.99,$-4.0,BOS 2,LAL 1,user7,44,marvalshot,17882,4649272441_7
Brandin Podziemski (37770175),Jaylen Brown (37770094),Vince Williams Jr. (37770467),Karlo Matkovic (37770342),Neemias Queta (37770755),Desmond Bane (37770125),LeBron James (37770008),Alperen Sengun (37770052),281.3309548611111,371.60602166010494,50000,100.00%,41030,349.19%,0,148.16000000000003,$13.97,BOS 2,MEM 2,user7,50,marvalshot,4584,4649272442_7
Stephen Curry (37770033),Damion Baugh (37770458),Zion Williamson (37770048),Chris Boucher (37770396),Kelly Olynyk (37770294),Vince Williams Jr. (37770467),Jaren Jackson Jr. (37770099),Alperen Sengun (37770052),262.29711805555553,365.6577498669871,49200,88.64%,0,23.32%,0,145.98,$0.93,NOP 2,MEM 2,user25,1,marvalshot,17907,4649272443_25
Damion Baugh (37770458),Desmond Bane (37770125),LeBron James (37770008),Jaren Jackson Jr. (37770099),Neemias Queta (37770755),Brandin Podziemski (37770175),Karlo Matkovic (37770342),Alperen Sengun (37770052),284.71171875,378.84253442586237,50000,100.00%,49468,884.81%,0,160.9,$35.39,MEM 2,CHA 1,user7,50,marvalshot,11343,4649272444_7
Payton Pritchard (37770208),Damion Baugh (37770458),Sam Hauser (37770402),Karlo Matkovic (37770342),Alperen Sengun (37770052),Ja Morant (37770078),Jaren Jackson Jr. (37770099),Stephen Curry (37770033),287.7371875,377.04749754867765,50000,100.00%,49987,2970.8%,9,158.6,$118.83,BOS 2,MEM 2,user7,50,marvalshot,3950,4649272445_7
Stephen Curry (37770033),Brandin Podziemski (37770175),LeBron James (37770008),Chris Boucher (37770396),Alperen Sengun (37770052),Damion Baugh (37770458),Karlo Matkovic (37770342),Moses Moody (37770253),266.0171180555555,359.4877498669871,49900,99.35%,0,55.28%,0,108.88000000000001,$2.21,GSW 3,LAL 1,user12,1,marvalshot,17809,4649272436_12
Luka Doncic (37770002),Payton Pritchard (37770208),Sam Hauser (37770402),Chris Boucher (37770396),Karlo Matkovic (37770342),Ja Morant (37770078),Tari Eason (37770190),Alperen Sengun (37770052),274.46430555555554,364.94524741566477,50000,100.00%,1996,133.09%,0,135.13,$5.32,BOS 2,HOU 2,user8,49,marvalshot,17847,4649272437_8
Brandin Podziemski (37770175),Payton Pritchard (37770208),Bradley Beal (37770150),Karlo Matkovic (37770342),Jarrett Allen (37770161),Vince Williams Jr. (37770467),LeBron James (37770008),Alperen Sengun (37770052),278.82934027777776,367.74813344155746,50000,100.00%,23478,225.46%,0,150.04,$9.02,GSW 1,BOS 1,user8,50,marvalshot,8417,4649272438_8
Stephen Curry (37770033),RJ Barrett (37770118),Zion Williamson (37770048),Sam Hauser (37770402),Neemias Queta (37770755),Damion Baugh (37770458),Bradley Beal (37770150),Alperen Sengun (37770052),279.1701215277777,368.89946628819354,49900,100.00%,26262,245.33%,0,133.76,$9.81,BOS 2,GSW 1,user8,50,marvalshot,1981,4649272439_8
Damion Baugh (37770458),Bradley Beal (37770150),LeBron James (37770008),Karlo Matkovic (37770342),Alperen Sengun (37770052),Stephen Curry (37770033),Olivier-Maxence Prosper (37770416),Kelly Olynyk (37770294),276.68,369.76,49800,100.00%,9055,170.01%,0,119.43,$6.8,NOP 2,CHA 1,user22,1,marvalshot,17869,4649272440_22
Austin Reaves (37770083),Damion Baugh (37770458),Jaylen Brown (37770094),Kelly Olynyk (37770294),Kristaps Porzingis (37770106),Stephen Curry (37770033),Vince Williams Jr. (37770467),Jarrett Allen (37770161),246.23647569444444,329.99670492817427,49900,0.00%,0,-100.0%,0,104.99,$-4.0,BOS 2,LAL 1,user8,44,marvalshot,17882,4649272441_8
Brandin Podziemski (37770175),Jaylen Brown (37770094),Vince Williams Jr. (37770467),Karlo Matkovic (37770342),Neemias Queta (37770755),Desmond Bane (37770125),LeBron James (37770008),Alperen Sengun (37770052),281.3309548611111,371.60602166010494,50000,100.00%,41030,349.19%,0,148.16000000000003,$13.97,BOS 2,MEM 2,user8,50,marvalshot,4584,4649272442_8
Damion Baugh (37770458),De'Aaron Fox (37770044),Rui Hachimura (37770179),Chris Boucher (37770396),Alperen Sengun (37770052),Ja Morant (37770078),Jaren Jackson Jr. (37770099),Vince Williams Jr. (37770467),262.0471180555556,354.0677498669871,50000,86.94%,0,19.32%,0,159.35,$0.77,MEM 3,CHA 1,user12,1,marvalshot,17894,4649272443_12
Damion Baugh (37770458),Desmond Bane (37770125),LeBron James (37770008),Jaren Jackson Jr. (37770099),Neemias Queta (37770755),Brandin Podziemski (37770175),Karlo Matkovic (37770342),Alperen Sengun (37770052),284.71171875,378.84253442586237,50000,100.00%,49468,884.81%,0,160.9,$35.39,MEM 2,CHA 1,user8,50,marvalshot,11343,4649272444_8
Payton Pritchard (37770208),Damion Baugh (37770458),Sam Hauser (37770402),Karlo Matkovic (37770342),Alperen Sengun (37770052),Ja Morant (37770078),Jaren Jackson Jr. (37770099),Stephen Curry (37770033),287.7371875,377.04749754867765,50000,100.00%,49987,2970.8%,9,158.6,$118.83,BOS 2,MEM 2,user8,50,marvalshot,3950,4649272445_8
Brandin Podziemski (37770175),Vince Williams Jr. (37770467),Zion Williamson (37770048),Chris Boucher (37770396),Alperen Sengun (37770052),Bradley Beal (37770150),Karlo Matkovic (37770342),Stephen Curry (37770033),265.9871180555555,362.9977498669871,49900,99.57%,0,55.11%,0,122.72999999999999,$2.2,GSW 2,NOP 2,user14,1,marvalshot,17811,4649272436_14
Luka Doncic (37770002),Payton Pritchard (37770208),Sam Hauser (37770402),Chris Boucher (37770396),Karlo Matkovic (37770342),Ja Morant (37770078),Tari Eason (37770190),Alperen Sengun (37770052),274.46430555555554,364.94524741566477,50000,100.00%,1996,133.09%,0,135.13,$5.32,BOS 2,HOU 2,user9,49,marvalshot,17847,4649272437_9
Brandin Podziemski (37770175),Payton Pritchard (37770208),Bradley Beal (37770150),Karlo Matkovic (37770342),Jarrett Allen (37770161),Vince Williams Jr. (37770467),LeBron James (37770008),Alperen Sengun (37770052),278.82934027777776,367.74813344155746,50000,100.00%,23478,225.46%,0,150.04,$9.02,GSW 1,BOS 1,user9,50,marvalshot,8417,4649272438_9
Stephen Curry (37770033),RJ Barrett (37770118),Zion Williamson (37770048),Sam Hauser (37770402),Neemias Queta (37770755),Damion Baugh (37770458),Bradley Beal (37770150),Alperen Sengun (37770052),279.1701215277777,368.89946628819354,49900,100.00%,26262,245.33%,0,133.76,$9.81,BOS 2,GSW 1,user9,50,marvalshot,1981,4649272439_9
Devin Booker (37770025),Damion Baugh (37770458),Vince Williams Jr. (37770467),Kelly Olynyk (37770294),Alperen Sengun (37770052),Stephen Curry (37770033),Karlo Matkovic (37770342),Jaren Jackson Jr. (37770099),276.59999999999997,371.84,49900,100.00%,8178,169.31%,0,147.8,$6.77,MEM 2,NOP 2,user11,1,marvalshot,17858,4649272440_11
Austin Reaves (37770083),Damion Baugh (37770458),Jaylen Brown (37770094),Kelly Olynyk (37770294),Kristaps Porzingis (37770106),Stephen Curry (37770033),Vince Williams Jr. (37770467),Jarrett Allen (37770161),246.23647569444444,329.99670492817427,49900,0.00%,0,-100.0%,0,104.99,$-4.0,BOS 2,LAL 1,user9,44,marvalshot,17882,4649272441_9
Brandin Podziemski (37770175),Jaylen Brown (37770094),Vince Williams Jr. (37770467),Karlo Matkovic (37770342),Neemias Queta (37770755),Desmond Bane (37770125),LeBron James (37770008),Alperen Sengun (37770052),281.3309548611111,371.60602166010494,50000,100.00%,41030,349.19%,0,148.16000000000003,$13.97,BOS 2,MEM 2,user9,50,marvalshot,4584,4649272442_9
Damion Baugh (37770458),Desmond Bane (37770125),Zion Williamson (37770048),Chris Boucher (37770396),Draymond Green (37770171),Austin Reaves (37770083),Karlo Matkovic (37770342),Alperen Sengun (37770052),262.08711805555555,357.03774986698716,49900,83.71%,0,15.15%,0,94.62,$0.61,NOP 2,CHA 1,user21,1,marvalshot,17903,4649272443_21
Damion Baugh (37770458),Desmond Bane (37770125),LeBron James (37770008),Jaren Jackson Jr. (37770099),Neemias Queta (37770755),Brandin Podziemski (37770175),Karlo Matkovic (37770342),Alperen Sengun (37770052),284.71171875,378.84253442586237,50000,100.00%,49468,884.81%,0,160.9,$35.39,MEM 2,CHA 1,user9,50,marvalshot,11343,4649272444_9
Payton Pritchard (37770208),Damion Baugh (37770458),Sam Hauser (37770402),Karlo Matkovic (37770342),Alperen Sengun (37770052),Ja Morant (37770078),Jaren Jackson Jr. (37770099),Stephen Curry (37770033),287.7371875,377.04749754867765,50000,100.00%,49987,2970.8%,9,158.6,$118.83,BOS 2,MEM 2,user9,50,marvalshot,3950,4649272445_9
Brandin Podziemski (37770175),Jalen Green (37770115),Rui Hachimura (37770179),Chris Boucher (37770396),Alperen Sengun (37770052),Bradley Beal (37770150),Karlo Matkovic (37770342),Jaren Jackson Jr. (37770099),265.85711805555553,350.6877498669871,49800,99.22%,0,54.24%,0,131.62,$2.17,HOU 2,GSW 1,user23,1,marvalshot,17820,4649272436_23
Luka Doncic (37770002),Payton Pritchard (37770208),Sam Hauser (37770402),Chris Boucher (37770396),Karlo Matkovic (37770342),Ja Morant (37770078),Tari Eason (37770190),Alperen Sengun (37770052),274.46430555555554,364.94524741566477,50000,100.00%,1996,133.09%,0,135.13,$5.32,BOS 2,HOU 2,user10,49,marvalshot,17847,4649272437_10
Brandin Podziemski (37770175),Payton Pritchard (37770208),Bradley Beal (37770150),Karlo Matkovic (37770342),Jarrett Allen (37770161),Vince Williams Jr. (37770467),LeBron James (37770008),Alperen Sengun (37770052),278.82934027777776,367.74813344155746,50000,100.00%,23478,225.46%,0,150.04,$9.02,GSW 1,BOS 1,user10,50,marvalshot,8417,4649272438_10
Stephen Curry (37770033),RJ Barrett (37770118),Zion Williamson (37770048),Sam Hauser (37770402),Neemias Queta (37770755),Damion Baugh (37770458),Bradley Beal (37770150),Alperen Sengun (37770052),279.1701215277777,368.89946628819354,49900,100.00%,26262,245.33%,0,133.76,$9.81,BOS 2,GSW 1,user10,50,marvalshot,1981,4649272439_10
Damion Baugh (37770458),Vince Williams Jr. (37770467),LeBron James (37770008),Jaren Jackson Jr. (37770099),Alperen Sengun (37770052),Desmond Bane (37770125),Karlo Matkovic (37770342),Santi Aldama (37770228),276.65999999999997,373.5899999999999,49800,100.00%,7955,167.19%,0,167.66,$6.69,MEM 4,CHA 1,user8,1,marvalshot,17855,4649272440_8
Austin Reaves (37770083),Damion Baugh (37770458),Jaylen Brown (37770094),Kelly Olynyk (37770294),Kristaps Porzingis (37770106),Stephen Curry (37770033),Vince Williams Jr. (37770467),Jarrett Allen (37770161),246.23647569444444,329.99670492817427,49900,0.00%,0,-100.0%,0,104.99,$-4.0,BOS 2,LAL 1,user10,44,marvalshot,17882,4649272441_10
Brandin Podziemski (37770175),Jaylen Brown (37770094),Vince Williams Jr. (37770467),Karlo Matkovic (37770342),Neemias Queta (37770755),Desmond Bane (37770125),LeBron James (37770008),Alperen Sengun (37770052),281.3309548611111,371.60602166010494,50000,100.00%,41030,349.19%,0,148.16000000000003,$13.97,BOS 2,MEM 2,user10,50,marvalshot,4584,4649272442_10
Devin Booker (37770025),Brandin Podziemski (37770175),LeBron James (37770008),Chris Boucher (37770396),Karlo Matkovic (37770342),Vince Williams Jr. (37770467),Kelly Olynyk (37770294),Stephen Curry (37770033),261.7471180555556,355.0077498669871,50000,82.87%,0,12.49%,0,98.61,$0.5,GSW 2,NOP 2,user9,1,marvalshot,17891,4649272443_9
Damion Baugh (37770458),Desmond Bane (37770125),LeBron James (37770008),Jaren Jackson Jr. (37770099),Neemias Queta (37770755),Brandin Podziemski (37770175),Karlo Matkovic (37770342),Alperen Sengun (37770052),284.71171875,378.84253442586237,50000,100.00%,49468,884.81%,0,160.9,$35.39,MEM 2,CHA 1,user10,50,marvalshot,11343,4649272444_10
Payton Pritchard (37770208),Damion Baugh (37770458),Sam Hauser (37770402),Karlo Matkovic (37770342),Alperen Sengun (37770052),Ja Morant (37770078),Jaren Jackson Jr. (37770099),Stephen Curry (37770033),287.7371875,377.04749754867765,50000,100.00%,49987,2970.8%,9,158.6,$118.83,BOS 2,MEM 2,user10,50,marvalshot,3950,4649272445_10
Damion Baugh (37770458),Brandin Podziemski (37770175),Bradley Beal (37770150),Chris Boucher (37770396),Alperen Sengun (37770052),Stephen Curry (37770033),Kelly Olynyk (37770294),Ja Morant (37770078),265.85711805555553,357.93774986698713,49800,99.38%,0,54.17%,0,142.51999999999998,$2.17,GSW 2,CHA 1,user33,1,marvalshot,17830,4649272436_33
Luka Doncic (37770002),Payton Pritchard (37770208),Sam Hauser (37770402),Chris Boucher (37770396),Karlo Matkovic (37770342),Ja Morant (37770078),Tari Eason (37770190),Alperen Sengun (37770052),274.46430555555554,364.94524741566477,50000,100.00%,1996,133.09%,0,135.13,$5.32,BOS 2,HOU 2,user11,49,marvalshot,17847,4649272437_11
Brandin Podziemski (37770175),Payton Pritchard (37770208),Bradley Beal (37770150),Karlo Matkovic (37770342),Jarrett Allen (37770161),Vince Williams Jr. (37770467),LeBron James (37770008),Alperen Sengun (37770052),278.82934027777776,367.74813344155746,50000,100.00%,23478,225.46%,0,150.04,$9.02,GSW 1,BOS 1,user11,50,marvalshot,8417,4649272438_11
Stephen Curry (37770033),RJ Barrett (37770118),Zion Williamson (37770048),Sam Hauser (37770402),Neemias Queta (37770755),Damion Baugh (37770458),Bradley Beal (37770150),Alperen Sengun (37770052),279.1701215277777,368.89946628819354,49900,100.00%,26262,245.33%,0,133.76,$9.81,BOS 2,GSW 1,user11,50,marvalshot,1981,4649272439_11
Damion Baugh (37770458),Brandin Podziemski (37770175),LeBron James (37770008),Karlo Matkovic (37770342),Alperen Sengun (37770052),Ja Morant (37770078),Santi Aldama (37770228),Kelly Olynyk (37770294),276.51,373.49,49900,100.00%,8261,167.17%,0,144.39,$6.69,NOP 2,MEM 2,user14,1,marvalshot,17861,4649272440_14
Austin Reaves (37770083),Damion Baugh (37770458),Jaylen Brown (37770094),Kelly Olynyk (37770294),Kristaps Porzingis (37770106),Stephen Curry (37770033),Vince Williams Jr. (37770467),Jarrett Allen (37770161),246.23647569444444,329.99670492817427,49900,0.00%,0,-100.0%,0,104.99,$-4.0,BOS 2,LAL 1,user11,44,marvalshot,17882,4649272441_11
Brandin Podziemski (37770175),Jaylen Brown (37770094),Vince Williams Jr. (37770467),Karlo Matkovic (37770342),Neemias Queta (37770755),Desmond Bane (37770125),LeBron James (37770008),Alperen Sengun (37770052),281.3309548611111,371.60602166010494,50000,100.00%,41030,349.19%,0,148.16000000000003,$13.97,BOS 2,MEM 2,user11,50,marvalshot,4584,4649272442_11
Damion Baugh (37770458),Vince Williams Jr. (37770467),LeBron James (37770008),Chris Boucher (37770396),Alperen Sengun (37770052),Amen Thompson (37770054),Sandro Mamukelashvili (37770382),Jaren Jackson Jr. (37770099),261.64711805555555,358.2277498669871,49800,83.10%,0,11.99%,0,148.78000000000003,$0.48,MEM 2,HOU 2,user46,1,marvalshot,17928,4649272443_46
Damion Baugh (37770458),Desmond Bane (37770125),LeBron James (37770008),Jaren Jackson Jr. (37770099),Neemias Queta (37770755),Brandin Podziemski (37770175),Karlo Matkovic (37770342),Alperen Sengun (37770052),284.71171875,378.84253442586237,50000,100.00%,49468,884.81%,0,160.9,$35.39,MEM 2,CHA 1,user11,50,marvalshot,11343,4649272444_11
Payton Pritchard (37770208),Damion Baugh (37770458),Sam Hauser (37770402),Karlo Matkovic (37770342),Alperen Sengun (37770052),Ja Morant (37770078),Jaren Jackson Jr. (37770099),Stephen Curry (37770033),287.7371875,377.04749754867765,50000,100.00%,49987,2970.8%,9,158.6,$118.83,BOS 2,MEM 2,user11,50,marvalshot,3950,4649272445_11
Brandin Podziemski (37770175),Damion Baugh (37770458),Bradley Beal (37770150),Chris Boucher (37770396),Alperen Sengun (37770052),Vince Williams Jr. (37770467),Jaren Jackson Jr. (37770099),LeBron James (37770008),265.90711805555554,359.18774986698713,49700,99.73%,0,54.07%,0,170.73,$2.16,MEM 2,GSW 1,user8,1,marvalshot,17805,4649272436_8
Luka Doncic (37770002),Payton Pritchard (37770208),Sam Hauser (37770402),Chris Boucher (37770396),Karlo Matkovic (37770342),Ja Morant (37770078),Tari Eason (37770190),Alperen Sengun (37770052),274.46430555555554,364.94524741566477,50000,100.00%,1996,133.09%,0,135.13,$5.32,BOS 2,HOU 2,user12,49,marvalshot,17847,4649272437_12
Brandin Podziemski (37770175),Payton Pritchard (37770208),Bradley Beal (37770150),Karlo Matkovic (37770342),Jarrett Allen (37770161),Vince Williams Jr. (37770467),LeBron James (37770008),Alperen Sengun (37770052),278.82934027777776,367.74813344155746,50000,100.00%,23478,225.46%,0,150.04,$9.02,GSW 1,BOS 1,user12,50,marvalshot,8417,4649272438_12
Stephen Curry (37770033),RJ Barrett (37770118),Zion Williamson (37770048),Sam Hauser (37770402),Neemias Queta (37770755),Damion Baugh (37770458),Bradley Beal (37770150),Alperen Sengun (37770052),279.1701215277777,368.89946628819354,49900,100.00%,26262,245.33%,0,133.76,$9.81,BOS 2,GSW 1,user12,50,marvalshot,1981,4649272439_12
Ja Morant (37770078),Bradley Beal (37770150),Vince Williams Jr. (37770467),Kelly Olynyk (37770294),Alperen Sengun (37770052),Brandin Podziemski (37770175),Karlo Matkovic (37770342),Stephen Curry (37770033),276.65,369.85999999999996,50000,100.00%,8117,167.0%,0,153.75,$6.68,MEM 2,NOP 2,user,1,marvalshot,15436,4649272440
Austin Reaves (37770083),Damion Baugh (37770458),Jaylen Brown (37770094),Kelly Olynyk (37770294),Kristaps Porzingis (37770106),Stephen Curry (37770033),Vince Williams Jr. (37770467),Jarrett Allen (37770161),246.23647569444444,329.99670492817427,49900,0.00%,0,-100.0%,0,104.99,$-4.0,BOS 2,LAL 1,user12,44,marvalshot,17882,4649272441_12
Brandin Podziemski (37770175),Jaylen Brown (37770094),Vince Williams Jr. (37770467),Karlo Matkovic (37770342),Neemias Queta (37770755),Desmond Bane (37770125),LeBron James (37770008),Alperen Sengun (37770052),281.3309548611111,371.60602166010494,50000,100.00%,41030,349.19%,0,148.16000000000003,$13.97,BOS 2,MEM 2,user12,50,marvalshot,4584,4649272442_12
Ja Morant (37770078),Damion Baugh (37770458),Nick Smith Jr. (37770212),Chris Boucher (37770396),Sandro Mamukelashvili (37770382),Stephen Curry (37770033),Jaren Jackson Jr. (37770099),Alperen Sengun (37770052),261.72711805555554,356.8577498669871,49900,81.84%,0,11.0%,0,134.79999999999998,$0.44,MEM 2,CHA 2,user28,1,marvalshot,17910,4649272443_28
Damion Baugh (37770458),Desmond Bane (37770125),LeBron James (37770008),Jaren Jackson Jr. (37770099),Neemias Queta (37770755),Brandin Podziemski (37770175),Karlo Matkovic (37770342),Alperen Sengun (37770052),284.71171875,378.84253442586237,50000,100.00%,49468,884.81%,0,160.9,$35.39,MEM 2,CHA 1,user12,50,marvalshot,11343,4649272444_12
Payton Pritchard (37770208),Damion Baugh (37770458),Sam Hauser (37770402),Karlo Matkovic (37770342),Alperen Sengun (37770052),Ja Morant (37770078),Jaren Jackson Jr. (37770099),Stephen Curry (37770033),287.7371875,377.04749754867765,50000,100.00%,49987,2970.8%,9,158.6,$118.83,BOS 2,MEM 2,user12,50,marvalshot,3950,4649272445_12
Luka Doncic (37770002),Damion Baugh (37770458),Bradley Beal (37770150),Chris Boucher (37770396),Karlo Matkovic (37770342),Ja Morant (37770078),Kelly Olynyk (37770294),Alperen Sengun (37770052),265.72711805555554,359.2477498669871,49800,99.21%,0,53.44%,0,141.14,$2.14,NOP 2,LAL 1,user3,1,marvalshot,17800,4649272436_3
Luka Doncic (37770002),Payton Pritchard (37770208),Sam Hauser (37770402),Chris Boucher (37770396),Karlo Matkovic (37770342),Ja Morant (37770078),Tari Eason (37770190),Alperen Sengun (37770052),274.46430555555554,364.94524741566477,50000,100.00%,1996,133.09%,0,135.13,$5.32,BOS 2,HOU 2,user13,49,marvalshot,17847,4649272437_13
Brandin Podziemski (37770175),Payton Pritchard (37770208),Bradley Beal (37770150),Karlo Matkovic (37770342),Jarrett Allen (37770161),Vince Williams Jr. (37770467),LeBron James (37770008),Alperen Sengun (37770052),278.82934027777776,367.74813344155746,50000,100.00%,23478,225.46%,0,150.04,$9.02,GSW 1,BOS 1,user13,50,marvalshot,8417,4649272438_13
Stephen Curry (37770033),RJ Barrett (37770118),Zion Williamson (37770048),Sam Hauser (37770402),Neemias Queta (37770755),Damion Baugh (37770458),Bradley Beal (37770150),Alperen Sengun (37770052),279.1701215277777,368.89946628819354,49900,100.00%,26262,245.33%,0,133.76,$9.81,BOS 2,GSW 1,user13,50,marvalshot,1981,4649272439_13
Stephen Curry (37770033),Jalen Green (37770115),Bradley Beal (37770150),Santi Aldama (37770228),Alperen Sengun (37770052),Brandin Podziemski (37770175),Karlo Matkovic (37770342),Olivier-Maxence Prosper (37770416),276.4,365.4,50000,100.00%,8092,165.68%,0,112.74000000000001,$6.63,GSW 2,HOU 2,user20,1,marvalshot,17867,4649272440_20
Austin Reaves (37770083),Damion Baugh (37770458),Jaylen Brown (37770094),Kelly Olynyk (37770294),Kristaps Porzingis (37770106),Stephen Curry (37770033),Vince Williams Jr. (37770467),Jarrett Allen (37770161),246.23647569444444,329.99670492817427,49900,0.00%,0,-100.0%,0,104.99,$-4.0,BOS 2,LAL 1,user13,44,marvalshot,17882,4649272441_13
Brandin Podziemski (37770175),Jaylen Brown (37770094),Vince Williams Jr. (37770467),Karlo Matkovic (37770342),Neemias Queta (37770755),Desmond Bane (37770125),LeBron James (37770008),Alperen Sengun (37770052),281.3309548611111,371.60602166010494,50000,100.00%,41030,349.19%,0,148.16000000000003,$13.97,BOS 2,MEM 2,user13,50,marvalshot,4584,4649272442_13
Damion Baugh (37770458),Desmond Bane (37770125),Vince Williams Jr. (37770467),Chris Boucher (37770396),Alperen Sengun (37770052),Stephen Curry (37770033),Jaren Jackson Jr. (37770099),Draymond Green (37770171),261.56711805555557,356.15774986698716,49300,81.97%,0,9.99%,0,150.95,$0.4,MEM 3,GSW 2,user19,1,marvalshot,17901,4649272443_19
Damion Baugh (37770458),Desmond Bane (37770125),LeBron James (37770008),Jaren Jackson Jr. (37770099),Neemias Queta (37770755),Brandin Podziemski (37770175),Karlo Matkovic (37770342),Alperen Sengun (37770052),284.71171875,378.84253442586237,50000,100.00%,49468,884.81%,0,160.9,$35.39,MEM 2,CHA 1,user13,50,marvalshot,11343,4649272444_13
Payton Pritchard (37770208),Damion Baugh (37770458),Sam Hauser (37770402),Karlo Matkovic (37770342),Alperen Sengun (37770052),Ja Morant (37770078),Jaren Jackson Jr. (37770099),Stephen Curry (37770033),287.7371875,377.04749754867765,50000,100.00%,49987,2970.8%,9,158.6,$118.83,BOS 2,MEM 2,user13,50,marvalshot,3950,4649272445_13
Ja Morant (37770078),Damion Baugh (37770458),Vince Williams Jr. (37770467),Chris Boucher (37770396),Alperen Sengun (37770052),Desmond Bane (37770125),LeBron James (37770008),Santi Aldama (37770228),265.6771180555556,363.14774986698717,50000,99.49%,0,53.08%,0,159.78,$2.12,MEM 4,CHA 1,user35,1,marvalshot,17832,4649272436_35
Luka Doncic (37770002),Payton Pritchard (37770208),Sam Hauser (37770402),Chris Boucher (37770396),Karlo Matkovic (37770342),Ja Morant (37770078),Tari Eason (37770190),Alperen Sengun (37770052),274.46430555555554,364.94524741566477,50000,100.00%,1996,133.09%,0,135.13,$5.32,BOS 2,HOU 2,user14,49,marvalshot,17847,4649272437_14
Brandin Podziemski (37770175),Payton Pritchard (37770208),Bradley Beal (37770150),Karlo Matkovic (37770342),Jarrett Allen (37770161),Vince Williams Jr. (37770467),LeBron James (37770008),Alperen Sengun (37770052),278.82934027777776,367.74813344155746,50000,100.00%,23478,225.46%,0,150.04,$9.02,GSW 1,BOS 1,user14,50,marvalshot,8417,4649272438_14
Stephen Curry (37770033),RJ Barrett (37770118),Zion Williamson (37770048),Sam Hauser (37770402),Neemias Queta (37770755),Damion Baugh (37770458),Bradley Beal (37770150),Alperen Sengun (37770052),279.1701215277777,368.89946628819354,49900,100.00%,26262,245.33%,0,133.76,$9.81,BOS 2,GSW 1,user14,50,marvalshot,1981,4649272439_14
Stephen Curry (37770033),Damion Baugh (37770458),LeBron James (37770008),Sandro Mamukelashvili (37770382),Kelly Olynyk (37770294),Bradley Beal (37770150),Karlo Matkovic (37770342),Alperen Sengun (37770052),276.46999999999997,371.46,50000,100.00%,7952,164.75%,0,118.94,$6.59,NOP 2,GSW 1,user27,1,marvalshot,17874,4649272440_27
Austin Reaves (37770083),Damion Baugh (37770458),Jaylen Brown (37770094),Kelly Olynyk (37770294),Kristaps Porzingis (37770106),Stephen Curry (37770033),Vince Williams Jr. (37770467),Jarrett Allen (37770161),246.23647569444444,329.99670492817427,49900,0.00%,0,-100.0%,0,104.99,$-4.0,BOS 2,LAL 1,user14,44,marvalshot,17882,4649272441_14
Brandin Podziemski (37770175),Jaylen Brown (37770094),Vince Williams Jr. (37770467),Karlo Matkovic (37770342),Neemias Queta (37770755),Desmond Bane (37770125),LeBron James (37770008),Alperen Sengun (37770052),281.3309548611111,371.60602166010494,50000,100.00%,41030,349.19%,0,148.16000000000003,$13.97,BOS 2,MEM 2,user14,50,marvalshot,4584,4649272442_14
Stephen Curry (37770033),Vince Williams Jr. (37770467),Nick Smith Jr. (37770212),Chris Boucher (37770396),Alperen Sengun (37770052),Damion Baugh (37770458),Zion Williamson (37770048),Jaren Jackson Jr. (37770099),261.5571180555555,360.8777498669871,49900,81.54%,0,9.62%,0,137.5,$0.38,MEM 2,CHA 2,user18,1,marvalshot,17900,4649272443_18
Damion Baugh (37770458),Desmond Bane (37770125),LeBron James (37770008),Jaren Jackson Jr. (37770099),Neemias Queta (37770755),Brandin Podziemski (37770175),Karlo Matkovic (37770342),Alperen Sengun (37770052),284.71171875,378.84253442586237,50000,100.00%,49468,884.81%,0,160.9,$35.39,MEM 2,CHA 1,user14,50,marvalshot,11343,4649272444_14
Payton Pritchard (37770208),Damion Baugh (37770458),Sam Hauser (37770402),Karlo Matkovic (37770342),Alperen Sengun (37770052),Ja Morant (37770078),Jaren Jackson Jr. (37770099),Stephen Curry (37770033),287.7371875,377.04749754867765,50000,100.00%,49987,2970.8%,9,158.6,$118.83,BOS 2,MEM 2,user14,50,marvalshot,3950,4649272445_14
Ja Morant (37770078),Devin Booker (37770025),Bradley Beal (37770150),Chris Boucher (37770396),Alperen Sengun (37770052),Brandin Podziemski (37770175),Olivier-Maxence Prosper (37770416),Karlo Matkovic (37770342),265.6371180555555,354.04774986698703,49900,98.94%,0,53.0%,0,120.14,$2.12,PHX 2,MEM 1,user11,1,marvalshot,17808,4649272436_11
Luka Doncic (37770002),Payton Pritchard (37770208),Sam Hauser (37770402),Chris Boucher (37770396),Karlo Matkovic (37770342),Ja Morant (37770078),Tari Eason (37770190),Alperen Sengun (37770052),274.46430555555554,364.94524741566477,50000,100.00%,1996,133.09%,0,135.13,$5.32,BOS 2,HOU 2,user15,49,marvalshot,17847,4649272437_15
Brandin Podziemski (37770175),Payton Pritchard (37770208),Bradley Beal (37770150),Karlo Matkovic (37770342),Jarrett Allen (37770161),Vince Williams Jr. (37770467),LeBron James (37770008),Alperen Sengun (37770052),278.82934027777776,367.74813344155746,50000,100.00%,23478,225.46%,0,150.04,$9.02,GSW 1,BOS 1,user15,50,marvalshot,8417,4649272438_15
Stephen Curry (37770033),RJ Barrett (37770118),Zion Williamson (37770048),Sam Hauser (37770402),Neemias Queta (37770755),Damion Baugh (37770458),Bradley Beal (37770150),Alperen Sengun (37770052),279.1701215277777,368.89946628819354,49900,100.00%,26262,245.33%,0,133.76,$9.81,BOS 2,GSW 1,user15,50,marvalshot,1981,4649272439_15
Stephen Curry (37770033),Vince Williams Jr. (37770467),Zion Williamson (37770048),Jaren Jackson Jr. (37770099),Karlo Matkovic (37770342),Damion Baugh (37770458),Santi Aldama (37770228),Alperen Sengun (37770052),276.4,378.97999999999996,50000,100.00%,7389,164.33%,0,145.02,$6.57,MEM 3,NOP 2,user13,1,marvalshot,17860,4649272440_13
Austin Reaves (37770083),Damion Baugh (37770458),Jaylen Brown (37770094),Kelly Olynyk (37770294),Kristaps Porzingis (37770106),Stephen Curry (37770033),Vince Williams Jr. (37770467),Jarrett Allen (37770161),246.23647569444444,329.99670492817427,49900,0.00%,0,-100.0%,0,104.99,$-4.0,BOS 2,LAL 1,user15,44,marvalshot,17882,4649272441_15
Brandin Podziemski (37770175),Jaylen Brown (37770094),Vince Williams Jr. (37770467),Karlo Matkovic (37770342),Neemias Queta (37770755),Desmond Bane (37770125),LeBron James (37770008),Alperen Sengun (37770052),281.3309548611111,371.60602166010494,50000,100.00%,41030,349.19%,0,148.16000000000003,$13.97,BOS 2,MEM 2,user15,50,marvalshot,4584,4649272442_15
De'Aaron Fox (37770044),Vince Williams Jr. (37770467),Moses Moody (37770253),Chris Boucher (37770396),Karlo Matkovic (37770342),Brandin Podziemski (37770175),LeBron James (37770008),Alperen Sengun (37770052),261.60711805555553,355.3677498669871,49800,81.07%,0,8.69%,0,120.75,$0.35,GSW 2,SAS 1,user33,1,marvalshot,17915,4649272443_33
Damion Baugh (37770458),Desmond Bane (37770125),LeBron James (37770008),Jaren Jackson Jr. (37770099),Neemias Queta (37770755),Brandin Podziemski (37770175),Karlo Matkovic (37770342),Alperen Sengun (37770052),284.71171875,378.84253442586237,50000,100.00%,49468,884.81%,0,160.9,$35.39,MEM 2,CHA 1,user15,50,marvalshot,11343,4649272444_15
Payton Pritchard (37770208),Damion Baugh (37770458),Sam Hauser (37770402),Karlo Matkovic (37770342),Alperen Sengun (37770052),Ja Morant (37770078),Jaren Jackson Jr. (37770099),Stephen Curry (37770033),287.7371875,377.04749754867765,50000,100.00%,49987,2970.8%,9,158.6,$118.83,BOS 2,MEM 2,user15,50,marvalshot,3950,4649272445_15
Damion Baugh (37770458),Bradley Beal (37770150),Amen Thompson (37770054),Chris Boucher (37770396),Karlo Matkovic (37770342),Desmond Bane (37770125),Jaren Jackson Jr. (37770099),Alperen Sengun (37770052),265.56711805555557,352.49774986698714,49900,99.26%,0,52.59%,0,147.3,$2.1,HOU 2,MEM 2,user29,1,marvalshot,17826,4649272436_29
Luka Doncic (37770002),Payton Pritchard (37770208),Sam Hauser (37770402),Chris Boucher (37770396),Karlo Matkovic (37770342),Ja Morant (37770078),Tari Eason (37770190),Alperen Sengun (37770052),274.46430555555554,364.94524741566477,50000,100.00%,1996,133.09%,0,135.13,$5.32,BOS 2,HOU 2,user16,49,marvalshot,17847,4649272437_16
Brandin Podziemski (37770175),Payton Pritchard (37770208),Bradley Beal (37770150),Karlo Matkovic (37770342),Jarrett Allen (37770161),Vince Williams Jr. (37770467),LeBron James (37770008),Alperen Sengun (37770052),278.82934027777776,367.74813344155746,50000,100.00%,23478,225.46%,0,150.04,$9.02,GSW 1,BOS 1,user16,50,marvalshot,8417,4649272438_16
Stephen Curry (37770033),RJ Barrett (37770118),Zion Williamson (37770048),Sam Hauser (37770402),Neemias Queta (37770755),Damion Baugh (37770458),Bradley Beal (37770150),Alperen Sengun (37770052),279.1701215277777,368.89946628819354,49900,100.00%,26262,245.33%,0,133.76,$9.81,BOS 2,GSW 1,user16,50,marvalshot,1981,4649272439_16
Damion Baugh (37770458),Brandin Podziemski (37770175),Bradley Beal (37770150),Karlo Matkovic (37770342),Alperen Sengun (37770052),Ja Morant (37770078),Tari Eason (37770190),Jaren Jackson Jr. (37770099),276.3,366.93,50000,100.00%,6789,162.1%,0,169.12,$6.48,HOU 2,MEM 2,user7,1,marvalshot,17854,4649272440_7
Austin Reaves (37770083),Damion Baugh (37770458),Jaylen Brown (37770094),Kelly Olynyk (37770294),Kristaps Porzingis (37770106),Stephen Curry (37770033),Vince Williams Jr. (37770467),Jarrett Allen (37770161),246.23647569444444,329.99670492817427,49900,0.00%,0,-100.0%,0,104.99,$-4.0,BOS 2,LAL 1,user16,44,marvalshot,17882,4649272441_16
Brandin Podziemski (37770175),Jaylen Brown (37770094),Vince Williams Jr. (37770467),Karlo Matkovic (37770342),Neemias Queta (37770755),Desmond Bane (37770125),LeBron James (37770008),Alperen Sengun (37770052),281.3309548611111,371.60602166010494,50000,100.00%,41030,349.19%,0,148.16000000000003,$13.97,BOS 2,MEM 2,user16,50,marvalshot,4584,4649272442_16
CJ McCollum (37770108),Austin Reaves (37770083),Bradley Beal (37770150),Chris Boucher (37770396),Alperen Sengun (37770052),Vince Williams Jr. (37770467),Karlo Matkovic (37770342),Jimmy Butler (37770090),261.4871180555555,347.6877498669871,50000,79.17%,0,5.87%,0,99.69,$0.23,NOP 2,LAL 1,user38,1,marvalshot,17920,4649272443_38
Damion Baugh (37770458),Desmond Bane (37770125),LeBron James (37770008),Jaren Jackson Jr. (37770099),Neemias Queta (37770755),Brandin Podziemski (37770175),Karlo Matkovic (37770342),Alperen Sengun (37770052),284.71171875,378.84253442586237,50000,100.00%,49468,884.81%,0,160.9,$35.39,MEM 2,CHA 1,user16,50,marvalshot,11343,4649272444_16
Payton Pritchard (37770208),Damion Baugh (37770458),Sam Hauser (37770402),Karlo Matkovic (37770342),Alperen Sengun (37770052),Ja Morant (37770078),Jaren Jackson Jr. (37770099),Stephen Curry (37770033),287.7371875,377.04749754867765,50000,100.00%,49987,2970.8%,9,158.6,$118.83,BOS 2,MEM 2,user16,50,marvalshot,3950,4649272445_16
Damion Baugh (37770458),Desmond Bane (37770125),Vince Williams Jr. (37770467),Chris Boucher (37770396),Alperen Sengun (37770052),Jalen Green (37770115),Jaren Jackson Jr. (37770099),Ja Morant (37770078),265.37711805555557,359.55774986698714,49900,99.50%,0,51.68%,0,178.45,$2.07,MEM 4,HOU 2,user18,1,marvalshot,17815,4649272436_18
Luka Doncic (37770002),Payton Pritchard (37770208),Sam Hauser (37770402),Chris Boucher (37770396),Karlo Matkovic (37770342),Ja Morant (37770078),Tari Eason (37770190),Alperen Sengun (37770052),274.46430555555554,364.94524741566477,50000,100.00%,1996,133.09%,0,135.13,$5.32,BOS 2,HOU 2,user17,49,marvalshot,17847,4649272437_17
Brandin Podziemski (37770175),Payton Pritchard (37770208),Bradley Beal (37770150),Karlo Matkovic (37770342),Jarrett Allen (37770161),Vince Williams Jr. (37770467),LeBron James (37770008),Alperen Sengun (37770052),278.82934027777776,367.74813344155746,50000,100.00%,23478,225.46%,0,150.04,$9.02,GSW 1,BOS 1,user17,50,marvalshot,8417,4649272438_17
Stephen Curry (37770033),RJ Barrett (37770118),Zion Williamson (37770048),Sam Hauser (37770402),Neemias Queta (37770755),Damion Baugh (37770458),Bradley Beal (37770150),Alperen Sengun (37770052),279.1701215277777,368.89946628819354,49900,100.00%,26262,245.33%,0,133.76,$9.81,BOS 2,GSW 1,user17,50,marvalshot,1981,4649272439_17
Brandin Podziemski (37770175),Jalen Green (37770115),Bradley Beal (37770150),Karlo Matkovic (37770342),Alperen Sengun (37770052),Ja Morant (37770078),Kelly Olynyk (37770294),Santi Aldama (37770228),276.13,366.65999999999997,50000,100.00%,6496,160.38%,0,142.31,$6.42,HOU 2,NOP 2,user12,1,marvalshot,17859,4649272440_12
Austin Reaves (37770083),Damion Baugh (37770458),Jaylen Brown (37770094),Kelly Olynyk (37770294),Kristaps Porzingis (37770106),Stephen Curry (37770033),Vince Williams Jr. (37770467),Jarrett Allen (37770161),246.23647569444444,329.99670492817427,49900,0.00%,0,-100.0%,0,104.99,$-4.0,BOS 2,LAL 1,user17,44,marvalshot,17882,4649272441_17
Brandin Podziemski (37770175),Jaylen Brown (37770094),Vince Williams Jr. (37770467),Karlo Matkovic (37770342),Neemias Queta (37770755),Desmond Bane (37770125),LeBron James (37770008),Alperen Sengun (37770052),281.3309548611111,371.60602166010494,50000,100.00%,41030,349.19%,0,148.16000000000003,$13.97,BOS 2,MEM 2,user17,50,marvalshot,4584,4649272442_17
Ja Morant (37770078),Brandin Podziemski (37770175),LeBron James (37770008),Chris Boucher (37770396),Kelly Olynyk (37770294),Stephen Curry (37770033),Santi Aldama (37770228),Damion Baugh (37770458),261.41711805555553,357.0877498669871,50000,79.14%,0,5.83%,0,115.62,$0.23,MEM 2,GSW 2,user43,1,marvalshot,17925,4649272443_43
Damion Baugh (37770458),Desmond Bane (37770125),LeBron James (37770008),Jaren Jackson Jr. (37770099),Neemias Queta (37770755),Brandin Podziemski (37770175),Karlo Matkovic (37770342),Alperen Sengun (37770052),284.71171875,378.84253442586237,50000,100.00%,49468,884.81%,0,160.9,$35.39,MEM 2,CHA 1,user17,50,marvalshot,11343,4649272444_17
Payton Pritchard (37770208),Damion Baugh (37770458),Sam Hauser (37770402),Karlo Matkovic (37770342),Alperen Sengun (37770052),Ja Morant (37770078),Jaren Jackson Jr. (37770099),Stephen Curry (37770033),287.7371875,377.04749754867765,50000,100.00%,49987,2970.8%,9,158.6,$118.83,BOS 2,MEM 2,user17,50,marvalshot,3950,4649272445_17
Damion Baugh (37770458),Brandin Podziemski (37770175),Vince Williams Jr. (37770467),Chris Boucher (37770396),Alperen Sengun (37770052),Stephen Curry (37770033),Tari Eason (37770190),LeBron James (37770008),265.34711805555554,361.9077498669871,50000,99.12%,0,51.32%,0,137.67,$2.05,GSW 2,HOU 2,user1,1,marvalshot,17796,4649272436_1
Luka Doncic (37770002),Payton Pritchard (37770208),Sam Hauser (37770402),Chris Boucher (37770396),Karlo Matkovic (37770342),Ja Morant (37770078),Tari Eason (37770190),Alperen Sengun (37770052),274.46430555555554,364.94524741566477,50000,100.00%,1996,133.09%,0,135.13,$5.32,BOS 2,HOU 2,user18,49,marvalshot,17847,4649272437_18
Brandin Podziemski (37770175),Payton Pritchard (37770208),Bradley Beal (37770150),Karlo Matkovic (37770342),Jarrett Allen (37770161),Vince Williams Jr. (37770467),LeBron James (37770008),Alperen Sengun (37770052),278.82934027777776,367.74813344155746,50000,100.00%,23478,225.46%,0,150.04,$9.02,GSW 1,BOS 1,user18,50,marvalshot,8417,4649272438_18
Stephen Curry (37770033),RJ Barrett (37770118),Zion Williamson (37770048),Sam Hauser (37770402),Neemias Queta (37770755),Damion Baugh (37770458),Bradley Beal (37770150),Alperen Sengun (37770052),279.1701215277777,368.89946628819354,49900,100.00%,26262,245.33%,0,133.76,$9.81,BOS 2,GSW 1,user18,50,marvalshot,1981,4649272439_18
Ja Morant (37770078),Damion Baugh (37770458),LeBron James (37770008),Karlo Matkovic (37770342),Kelly Olynyk (37770294),Jalen Green (37770115),Olivier-Maxence Prosper (37770416),Alperen Sengun (37770052),276.05,371.28000000000003,50000,100.00%,6379,159.88%,0,132.09,$6.4,NOP 2,HOU 2,user23,1,marvalshot,17870,4649272440_23
Austin Reaves (37770083),Damion Baugh (37770458),Jaylen Brown (37770094),Kelly Olynyk (37770294),Kristaps Porzingis (37770106),Stephen Curry (37770033),Vince Williams Jr. (37770467),Jarrett Allen (37770161),246.23647569444444,329.99670492817427,49900,0.00%,0,-100.0%,0,104.99,$-4.0,BOS 2,LAL 1,user18,44,marvalshot,17882,4649272441_18
Brandin Podziemski (37770175),Jaylen Brown (37770094),Vince Williams Jr. (37770467),Karlo Matkovic (37770342),Neemias Queta (37770755),Desmond Bane (37770125),LeBron James (37770008),Alperen Sengun (37770052),281.3309548611111,371.60602166010494,50000,100.00%,41030,349.19%,0,148.16000000000003,$13.97,BOS 2,MEM 2,user18,50,marvalshot,4584,4649272442_18
Luka Doncic (37770002),Vince Williams Jr. (37770467),LeBron James (37770008),Chris Boucher (37770396),Sandro Mamukelashvili (37770382),Damion Baugh (37770458),Rui Hachimura (37770179),Alperen Sengun (37770052),261.3671180555556,357.5977498669871,50000,79.02%,0,5.25%,0,126.86000000000001,$0.21,LAL 3,MEM 1,user15,1,marvalshot,17897,4649272443_15
Damion Baugh (37770458),Desmond Bane (37770125),LeBron James (37770008),Jaren Jackson Jr. (37770099),Neemias Queta (37770755),Brandin Podziemski (37770175),Karlo Matkovic (37770342),Alperen Sengun (37770052),284.71171875,378.84253442586237,50000,100.00%,49468,884.81%,0,160.9,$35.39,MEM 2,CHA 1,user18,50,marvalshot,11343,4649272444_18
Payton Pritchard (37770208),Damion Baugh (37770458),Sam Hauser (37770402),Karlo Matkovic (37770342),Alperen Sengun (37770052),Ja Morant (37770078),Jaren Jackson Jr. (37770099),Stephen Curry (37770033),287.7371875,377.04749754867765,50000,100.00%,49987,2970.8%,9,158.6,$118.83,BOS 2,MEM 2,user18,50,marvalshot,3950,4649272445_18
Austin Reaves (37770083),Damion Baugh (37770458),Bradley Beal (37770150),Chris Boucher (37770396),Kelly Olynyk (37770294),Desmond Bane (37770125),Jaren Jackson Jr. (37770099),Alperen Sengun (37770052),265.2871180555556,354.85774986698715,49800,98.95%,0,50.97%,0,145.88,$2.04,MEM 2,LAL 1,user9,1,marvalshot,17806,4649272436_9
Luka Doncic (37770002),Payton Pritchard (37770208),Sam Hauser (37770402),Chris Boucher (37770396),Karlo Matkovic (37770342),Ja Morant (37770078),Tari Eason (37770190),Alperen Sengun (37770052),274.46430555555554,364.94524741566477,50000,100.00%,1996,133.09%,0,135.13,$5.32,BOS 2,HOU 2,user19,49,marvalshot,17847,4649272437_19
Brandin Podziemski (37770175),Payton Pritchard (37770208),Bradley Beal (37770150),Karlo Matkovic (37770342),Jarrett Allen (37770161),Vince Williams Jr. (37770467),LeBron James (37770008),Alperen Sengun (37770052),278.82934027777776,367.74813344155746,50000,100.00%,23478,225.46%,0,150.04,$9.02,GSW 1,BOS 1,user19,50,marvalshot,8417,4649272438_19
Stephen Curry (37770033),RJ Barrett (37770118),Zion Williamson (37770048),Sam Hauser (37770402),Neemias Queta (37770755),Damion Baugh (37770458),Bradley Beal (37770150),Alperen Sengun (37770052),279.1701215277777,368.89946628819354,49900,100.00%,26262,245.33%,0,133.76,$9.81,BOS 2,GSW 1,user19,50,marvalshot,1981,4649272439_19
Devin Booker (37770025),Brandin Podziemski (37770175),Bradley Beal (37770150),Karlo Matkovic (37770342),Jaren Jackson Jr. (37770099),Damion Baugh (37770458),Kelly Olynyk (37770294),Alperen Sengun (37770052),276.10999999999996,365.15,49800,100.00%,5970,158.35%,0,150.01999999999998,$6.33,PHX 2,NOP 2,user2,1,marvalshot,17849,4649272440_2
Austin Reaves (37770083),Damion Baugh (37770458),Jaylen Brown (37770094),Kelly Olynyk (37770294),Kristaps Porzingis (37770106),Stephen Curry (37770033),Vince Williams Jr. (37770467),Jarrett Allen (37770161),246.23647569444444,329.99670492817427,49900,0.00%,0,-100.0%,0,104.99,$-4.0,BOS 2,LAL 1,user19,44,marvalshot,17882,4649272441_19
Brandin Podziemski (37770175),Jaylen Brown (37770094),Vince Williams Jr. (37770467),Karlo Matkovic (37770342),Neemias Queta (37770755),Desmond Bane (37770125),LeBron James (37770008),Alperen Sengun (37770052),281.3309548611111,371.60602166010494,50000,100.00%,41030,349.19%,0,148.16000000000003,$13.97,BOS 2,MEM 2,user19,50,marvalshot,4584,4649272442_19
Brandin Podziemski (37770175),Desmond Bane (37770125),Bradley Beal (37770150),Chris Boucher (37770396),Kelly Olynyk (37770294),Stephen Curry (37770033),Karlo Matkovic (37770342),Devin Booker (37770025),261.35711805555553,347.1677498669871,49900,78.41%,0,4.12%,0,95.89,$0.16,GSW 2,PHX 2,user45,1,marvalshot,17927,4649272443_45
Damion Baugh (37770458),Desmond Bane (37770125),LeBron James (37770008),Jaren Jackson Jr. (37770099),Neemias Queta (37770755),Brandin Podziemski (37770175),Karlo Matkovic (37770342),Alperen Sengun (37770052),284.71171875,378.84253442586237,50000,100.00%,49468,884.81%,0,160.9,$35.39,MEM 2,CHA 1,user19,50,marvalshot,11343,4649272444_19
Payton Pritchard (37770208),Damion Baugh (37770458),Sam Hauser (37770402),Karlo Matkovic (37770342),Alperen Sengun (37770052),Ja Morant (37770078),Jaren Jackson Jr. (37770099),Stephen Curry (37770033),287.7371875,377.04749754867765,50000,100.00%,49987,2970.8%,9,158.6,$118.83,BOS 2,MEM 2,user19,50,marvalshot,3950,4649272445_19
Austin Reaves (37770083),Damion Baugh (37770458),LeBron James (37770008),Chris Boucher (37770396),Karlo Matkovic (37770342),Brandin Podziemski (37770175),Rui Hachimura (37770179),Alperen Sengun (37770052),265.3171180555555,352.9977498669871,50000,98.56%,0,50.77%,0,99.36,$2.03,LAL 3,CHA 1,user47,1,marvalshot,17844,4649272436_47
Luka Doncic (37770002),Payton Pritchard (37770208),Sam Hauser (37770402),Chris Boucher (37770396),Karlo Matkovic (37770342),Ja Morant (37770078),Tari Eason (37770190),Alperen Sengun (37770052),274.46430555555554,364.94524741566477,50000,100.00%,1996,133.09%,0,135.13,$5.32,BOS 2,HOU 2,user20,49,marvalshot,17847,4649272437_20
Brandin Podziemski (37770175),Payton Pritchard (37770208),Bradley Beal (37770150),Karlo Matkovic (37770342),Jarrett Allen (37770161),Vince Williams Jr. (37770467),LeBron James (37770008),Alperen Sengun (37770052),278.82934027777776,367.74813344155746,50000,100.00%,23478,225.46%,0,150.04,$9.02,GSW 1,BOS 1,user20,50,marvalshot,8417,4649272438_20
Stephen Curry (37770033),RJ Barrett (37770118),Zion Williamson (37770048),Sam Hauser (37770402),Neemias Queta (37770755),Damion Baugh (37770458),Bradley Beal (37770150),Alperen Sengun (37770052),279.1701215277777,368.89946628819354,49900,100.00%,26262,245.33%,0,133.76,$9.81,BOS 2,GSW 1,user20,50,marvalshot,1981,4649272439_20
Brandin Podziemski (37770175),Jalen Green (37770115),Bradley Beal (37770150),Karlo Matkovic (37770342),Alperen Sengun (37770052),Damion Baugh (37770458),Santi Aldama (37770228),Stephen Curry (37770033),276.12,363.84000000000003,49800,100.00%,6496,157.99%,0,124.53,$6.32,GSW 2,HOU 2,user17,1,marvalshot,17864,4649272440_17
Austin Reaves (37770083),Damion Baugh (37770458),Jaylen Brown (37770094),Kelly Olynyk (37770294),Kristaps Porzingis (37770106),Stephen Curry (37770033),Vince Williams Jr. (37770467),Jarrett Allen (37770161),246.23647569444444,329.99670492817427,49900,0.00%,0,-100.0%,0,104.99,$-4.0,BOS 2,LAL 1,user20,44,marvalshot,17882,4649272441_20
Brandin Podziemski (37770175),Jaylen Brown (37770094),Vince Williams Jr. (37770467),Karlo Matkovic (37770342),Neemias Queta (37770755),Desmond Bane (37770125),LeBron James (37770008),Alperen Sengun (37770052),281.3309548611111,371.60602166010494,50000,100.00%,41030,349.19%,0,148.16000000000003,$13.97,BOS 2,MEM 2,user20,50,marvalshot,4584,4649272442_20
Stephen Curry (37770033),Brandin Podziemski (37770175),Zion Williamson (37770048),Chris Boucher (37770396),Karlo Matkovic (37770342),Jalen Green (37770115),Jaren Jackson Jr. (37770099),Vince Williams Jr. (37770467),261.2471180555556,358.55774986698714,50000,78.21%,0,3.36%,0,114.5,$0.13,GSW 2,NOP 2,user11,1,marvalshot,17893,4649272443_11
Damion Baugh (37770458),Desmond Bane (37770125),LeBron James (37770008),Jaren Jackson Jr. (37770099),Neemias Queta (37770755),Brandin Podziemski (37770175),Karlo Matkovic (37770342),Alperen Sengun (37770052),284.71171875,378.84253442586237,50000,100.00%,49468,884.81%,0,160.9,$35.39,MEM 2,CHA 1,user20,50,marvalshot,11343,4649272444_20
Payton Pritchard (37770208),Damion Baugh (37770458),Sam Hauser (37770402),Karlo Matkovic (37770342),Alperen Sengun (37770052),Ja Morant (37770078),Jaren Jackson Jr. (37770099),Stephen Curry (37770033),287.7371875,377.04749754867765,50000,100.00%,49987,2970.8%,9,158.6,$118.83,BOS 2,MEM 2,user20,50,marvalshot,3950,4649272445_20
Austin Reaves (37770083),Bradley Beal (37770150),Zion Williamson (37770048),Chris Boucher (37770396),Karlo Matkovic (37770342),Brandin Podziemski (37770175),Kelly Olynyk (37770294),Alperen Sengun (37770052),265.2671180555555,359.81774986698707,50000,98.68%,0,50.74%,0,102.82,$2.03,NOP 3,LAL 1,user10,1,marvalshot,17807,4649272436_10
Luka Doncic (37770002),Payton Pritchard (37770208),Sam Hauser (37770402),Chris Boucher (37770396),Karlo Matkovic (37770342),Ja Morant (37770078),Tari Eason (37770190),Alperen Sengun (37770052),274.46430555555554,364.94524741566477,50000,100.00%,1996,133.09%,0,135.13,$5.32,BOS 2,HOU 2,user21,49,marvalshot,17847,4649272437_21
Brandin Podziemski (37770175),Payton Pritchard (37770208),Bradley Beal (37770150),Karlo Matkovic (37770342),Jarrett Allen (37770161),Vince Williams Jr. (37770467),LeBron James (37770008),Alperen Sengun (37770052),278.82934027777776,367.74813344155746,50000,100.00%,23478,225.46%,0,150.04,$9.02,GSW 1,BOS 1,user21,50,marvalshot,8417,4649272438_21
Stephen Curry (37770033),RJ Barrett (37770118),Zion Williamson (37770048),Sam Hauser (37770402),Neemias Queta (37770755),Damion Baugh (37770458),Bradley Beal (37770150),Alperen Sengun (37770052),279.1701215277777,368.89946628819354,49900,100.00%,26262,245.33%,0,133.76,$9.81,BOS 2,GSW 1,user21,50,marvalshot,1981,4649272439_21
Brandin Podziemski (37770175),Damion Baugh (37770458),Zion Williamson (37770048),Karlo Matkovic (37770342),Jaren Jackson Jr. (37770099),Desmond Bane (37770125),Kelly Olynyk (37770294),Alperen Sengun (37770052),276.09999999999997,376.16999999999996,50000,100.00%,5930,157.89%,0,152.84,$6.32,NOP 3,MEM 2,user10,1,marvalshot,17857,4649272440_10
Austin Reaves (37770083),Damion Baugh (37770458),Jaylen Brown (37770094),Kelly Olynyk (37770294),Kristaps Porzingis (37770106),Stephen Curry (37770033),Vince Williams Jr. (37770467),Jarrett Allen (37770161),246.23647569444444,329.99670492817427,49900,0.00%,0,-100.0%,0,104.99,$-4.0,BOS 2,LAL 1,user21,44,marvalshot,17882,4649272441_21
Brandin Podziemski (37770175),Jaylen Brown (37770094),Vince Williams Jr. (37770467),Karlo Matkovic (37770342),Neemias Queta (37770755),Desmond Bane (37770125),LeBron James (37770008),Alperen Sengun (37770052),281.3309548611111,371.60602166010494,50000,100.00%,41030,349.19%,0,148.16000000000003,$13.97,BOS 2,MEM 2,user21,50,marvalshot,4584,4649272442_21
Damion Baugh (37770458),Moses Moody (37770253),Jimmy Butler (37770090),Chris Boucher (37770396),Alperen Sengun (37770052),Ja Morant (37770078),Jaren Jackson Jr. (37770099),Santi Aldama (37770228),261.28711805555554,355.8677498669871,49700,77.91%,0,3.2%,0,141.64,$0.13,MEM 3,GSW 2,user26,1,marvalshot,17908,4649272443_26
Damion Baugh (37770458),Desmond Bane (37770125),LeBron James (37770008),Jaren Jackson Jr. (37770099),Neemias Queta (37770755),Brandin Podziemski (37770175),Karlo Matkovic (37770342),Alperen Sengun (37770052),284.71171875,378.84253442586237,50000,100.00%,49468,884.81%,0,160.9,$35.39,MEM 2,CHA 1,user21,50,marvalshot,11343,4649272444_21
Payton Pritchard (37770208),Damion Baugh (37770458),Sam Hauser (37770402),Karlo Matkovic (37770342),Alperen Sengun (37770052),Ja Morant (37770078),Jaren Jackson Jr. (37770099),Stephen Curry (37770033),287.7371875,377.04749754867765,50000,100.00%,49987,2970.8%,9,158.6,$118.83,BOS 2,MEM 2,user21,50,marvalshot,3950,4649272445_21
Luka Doncic (37770002),Vince Williams Jr. (37770467),LeBron James (37770008),Chris Boucher (37770396),Alperen Sengun (37770052),Damion Baugh (37770458),Karlo Matkovic (37770342),Tari Eason (37770190),265.21711805555555,363.2177498669871,50000,98.85%,0,50.54%,0,136.29000000000002,$2.02,LAL 2,HOU 2,user19,1,marvalshot,17816,4649272436_19
Luka Doncic (37770002),Payton Pritchard (37770208),Sam Hauser (37770402),Chris Boucher (37770396),Karlo Matkovic (37770342),Ja Morant (37770078),Tari Eason (37770190),Alperen Sengun (37770052),274.46430555555554,364.94524741566477,50000,100.00%,1996,133.09%,0,135.13,$5.32,BOS 2,HOU 2,user22,49,marvalshot,17847,4649272437_22
Brandin Podziemski (37770175),Payton Pritchard (37770208),Bradley Beal (37770150),Karlo Matkovic (37770342),Jarrett Allen (37770161),Vince Williams Jr. (37770467),LeBron James (37770008),Alperen Sengun (37770052),278.82934027777776,367.74813344155746,50000,100.00%,23478,225.46%,0,150.04,$9.02,GSW 1,BOS 1,user22,50,marvalshot,8417,4649272438_22
Stephen Curry (37770033),RJ Barrett (37770118),Zion Williamson (37770048),Sam Hauser (37770402),Neemias Queta (37770755),Damion Baugh (37770458),Bradley Beal (37770150),Alperen Sengun (37770052),279.1701215277777,368.89946628819354,49900,100.00%,26262,245.33%,0,133.76,$9.81,BOS 2,GSW 1,user22,50,marvalshot,1981,4649272439_22
Stephen Curry (37770033),Vince Williams Jr. (37770467),LeBron James (37770008),Santi Aldama (37770228),Karlo Matkovic (37770342),Brandin Podziemski (37770175),Olivier-Maxence Prosper (37770416),Alperen Sengun (37770052),276.13,373.47,49900,100.00%,6462,157.62%,0,124.81,$6.3,GSW 2,MEM 2,user26,1,marvalshot,17873,4649272440_26
Austin Reaves (37770083),Damion Baugh (37770458),Jaylen Brown (37770094),Kelly Olynyk (37770294),Kristaps Porzingis (37770106),Stephen Curry (37770033),Vince Williams Jr. (37770467),Jarrett Allen (37770161),246.23647569444444,329.99670492817427,49900,0.00%,0,-100.0%,0,104.99,$-4.0,BOS 2,LAL 1,user22,44,marvalshot,17882,4649272441_22
Brandin Podziemski (37770175),Jaylen Brown (37770094),Vince Williams Jr. (37770467),Karlo Matkovic (37770342),Neemias Queta (37770755),Desmond Bane (37770125),LeBron James (37770008),Alperen Sengun (37770052),281.3309548611111,371.60602166010494,50000,100.00%,41030,349.19%,0,148.16000000000003,$13.97,BOS 2,MEM 2,user22,50,marvalshot,4584,4649272442_22
Luka Doncic (37770002),Damion Baugh (37770458),Vince Williams Jr. (37770467),Chris Boucher (37770396),Kelly Olynyk (37770294),Jalen Green (37770115),Jimmy Butler (37770090),Alperen Sengun (37770052),261.1871180555556,356.66774986698715,49800,77.25%,0,1.52%,0,134.37,$0.06,HOU 2,LAL 1,user29,1,marvalshot,17911,4649272443_29
Damion Baugh (37770458),Desmond Bane (37770125),LeBron James (37770008),Jaren Jackson Jr. (37770099),Neemias Queta (37770755),Brandin Podziemski (37770175),Karlo Matkovic (37770342),Alperen Sengun (37770052),284.71171875,378.84253442586237,50000,100.00%,49468,884.81%,0,160.9,$35.39,MEM 2,CHA 1,user22,50,marvalshot,11343,4649272444_22
Payton Pritchard (37770208),Damion Baugh (37770458),Sam Hauser (37770402),Karlo Matkovic (37770342),Alperen Sengun (37770052),Ja Morant (37770078),Jaren Jackson Jr. (37770099),Stephen Curry (37770033),287.7371875,377.04749754867765,50000,100.00%,49987,2970.8%,9,158.6,$118.83,BOS 2,MEM 2,user22,50,marvalshot,3950,4649272445_22
Damion Baugh (37770458),Desmond Bane (37770125),Bradley Beal (37770150),Chris Boucher (37770396),Kelly Olynyk (37770294),Trey Murphy III (37770073),Jaren Jackson Jr. (37770099),Alperen Sengun (37770052),265.09711805555554,353.80774986698714,49900,98.84%,0,49.91%,0,148.6,$2.0,MEM 2,NOP 2,user32,1,marvalshot,17829,4649272436_32
Luka Doncic (37770002),Payton Pritchard (37770208),Sam Hauser (37770402),Chris Boucher (37770396),Karlo Matkovic (37770342),Ja Morant (37770078),Tari Eason (37770190),Alperen Sengun (37770052),274.46430555555554,364.94524741566477,50000,100.00%,1996,133.09%,0,135.13,$5.32,BOS 2,HOU 2,user23,49,marvalshot,17847,4649272437_23
Brandin Podziemski (37770175),Payton Pritchard (37770208),Bradley Beal (37770150),Karlo Matkovic (37770342),Jarrett Allen (37770161),Vince Williams Jr. (37770467),LeBron James (37770008),Alperen Sengun (37770052),278.82934027777776,367.74813344155746,50000,100.00%,23478,225.46%,0,150.04,$9.02,GSW 1,BOS 1,user23,50,marvalshot,8417,4649272438_23
Stephen Curry (37770033),RJ Barrett (37770118),Zion Williamson (37770048),Sam Hauser (37770402),Neemias Queta (37770755),Damion Baugh (37770458),Bradley Beal (37770150),Alperen Sengun (37770052),279.1701215277777,368.89946628819354,49900,100.00%,26262,245.33%,0,133.76,$9.81,BOS 2,GSW 1,user23,50,marvalshot,1981,4649272439_23
Austin Reaves (37770083),Vince Williams Jr. (37770467),Bradley Beal (37770150),Karlo Matkovic (37770342),Jaren Jackson Jr. (37770099),Desmond Bane (37770125),Kelly Olynyk (37770294),Alperen Sengun (37770052),276.08,366.78,50000,100.00%,5525,157.0%,0,157.11,$6.28,MEM 3,NOP 2,user4,1,marvalshot,17851,4649272440_4
Austin Reaves (37770083),Damion Baugh (37770458),Jaylen Brown (37770094),Kelly Olynyk (37770294),Kristaps Porzingis (37770106),Stephen Curry (37770033),Vince Williams Jr. (37770467),Jarrett Allen (37770161),246.23647569444444,329.99670492817427,49900,0.00%,0,-100.0%,0,104.99,$-4.0,BOS 2,LAL 1,user23,44,marvalshot,17882,4649272441_23
Brandin Podziemski (37770175),Jaylen Brown (37770094),Vince Williams Jr. (37770467),Karlo Matkovic (37770342),Neemias Queta (37770755),Desmond Bane (37770125),LeBron James (37770008),Alperen Sengun (37770052),281.3309548611111,371.60602166010494,50000,100.00%,41030,349.19%,0,148.16000000000003,$13.97,BOS 2,MEM 2,user23,50,marvalshot,4584,4649272442_23
Ja Morant (37770078),Brandin Podziemski (37770175),LeBron James (37770008),Chris Boucher (37770396),Alperen Sengun (37770052),Vince Williams Jr. (37770467),Kelly Olynyk (37770294),Nick Smith Jr. (37770212),261.01711805555556,356.62774986698713,49800,75.46%,0,-1.84%,0,146.86,$-0.07,MEM 2,GSW 1,user35,1,marvalshot,17917,4649272443_35
Damion Baugh (37770458),Desmond Bane (37770125),LeBron James (37770008),Jaren Jackson Jr. (37770099),Neemias Queta (37770755),Brandin Podziemski (37770175),Karlo Matkovic (37770342),Alperen Sengun (37770052),284.71171875,378.84253442586237,50000,100.00%,49468,884.81%,0,160.9,$35.39,MEM 2,CHA 1,user23,50,marvalshot,11343,4649272444_23
Payton Pritchard (37770208),Damion Baugh (37770458),Sam Hauser (37770402),Karlo Matkovic (37770342),Alperen Sengun (37770052),Ja Morant (37770078),Jaren Jackson Jr. (37770099),Stephen Curry (37770033),287.7371875,377.04749754867765,50000,100.00%,49987,2970.8%,9,158.6,$118.83,BOS 2,MEM 2,user23,50,marvalshot,3950,4649272445_23
Ja Morant (37770078),Devin Booker (37770025),Bradley Beal (37770150),Chris Boucher (37770396),Alperen Sengun (37770052),Brandin Podziemski (37770175),Kelly Olynyk (37770294),Damion Baugh (37770458),265.1271180555555,354.70774986698706,50000,98.72%,0,49.86%,0,142.14000000000001,$1.99,PHX 2,MEM 1,user15,1,marvalshot,17812,4649272436_15
Luka Doncic (37770002),Payton Pritchard (37770208),Sam Hauser (37770402),Chris Boucher (37770396),Karlo Matkovic (37770342),Ja Morant (37770078),Tari Eason (37770190),Alperen Sengun (37770052),274.46430555555554,364.94524741566477,50000,100.00%,1996,133.09%,0,135.13,$5.32,BOS 2,HOU 2,user24,49,marvalshot,17847,4649272437_24
Brandin Podziemski (37770175),Payton Pritchard (37770208),Bradley Beal (37770150),Karlo Matkovic (37770342),Jarrett Allen (37770161),Vince Williams Jr. (37770467),LeBron James (37770008),Alperen Sengun (37770052),278.82934027777776,367.74813344155746,50000,100.00%,23478,225.46%,0,150.04,$9.02,GSW 1,BOS 1,user24,50,marvalshot,8417,4649272438_24
Stephen Curry (37770033),RJ Barrett (37770118),Zion Williamson (37770048),Sam Hauser (37770402),Neemias Queta (37770755),Damion Baugh (37770458),Bradley Beal (37770150),Alperen Sengun (37770052),279.1701215277777,368.89946628819354,49900,100.00%,26262,245.33%,0,133.76,$9.81,BOS 2,GSW 1,user24,50,marvalshot,1981,4649272439_24
Brandin Podziemski (37770175),Bradley Beal (37770150),Vince Williams Jr. (37770467),Karlo Matkovic (37770342),Alperen Sengun (37770052),Stephen Curry (37770033),Jaren Jackson Jr. (37770099),Kelly Olynyk (37770294),276.19,369.62,49600,100.00%,5507,156.86%,0,160.39,$6.27,GSW 2,MEM 2,user18,1,marvalshot,17865,4649272440_18
Austin Reaves (37770083),Damion Baugh (37770458),Jaylen Brown (37770094),Kelly Olynyk (37770294),Kristaps Porzingis (37770106),Stephen Curry (37770033),Vince Williams Jr. (37770467),Jarrett Allen (37770161),246.23647569444444,329.99670492817427,49900,0.00%,0,-100.0%,0,104.99,$-4.0,BOS 2,LAL 1,user24,44,marvalshot,17882,4649272441_24
Brandin Podziemski (37770175),Jaylen Brown (37770094),Vince Williams Jr. (37770467),Karlo Matkovic (37770342),Neemias Queta (37770755),Desmond Bane (37770125),LeBron James (37770008),Alperen Sengun (37770052),281.3309548611111,371.60602166010494,50000,100.00%,41030,349.19%,0,148.16000000000003,$13.97,BOS 2,MEM 2,user24,50,marvalshot,4584,4649272442_24
Damion Baugh (37770458),Nick Smith Jr. (37770212),LeBron James (37770008),Chris Boucher (37770396),Alperen Sengun (37770052),Brandin Podziemski (37770175),Vince Williams Jr. (37770467),Stephen Curry (37770033),261.00711805555557,353.80774986698714,49600,75.36%,0,-1.85%,0,129.08,$-0.07,CHA 2,GSW 2,user8,1,marvalshot,17890,4649272443_8
Damion Baugh (37770458),Desmond Bane (37770125),LeBron James (37770008),Jaren Jackson Jr. (37770099),Neemias Queta (37770755),Brandin Podziemski (37770175),Karlo Matkovic (37770342),Alperen Sengun (37770052),284.71171875,378.84253442586237,50000,100.00%,49468,884.81%,0,160.9,$35.39,MEM 2,CHA 1,user24,50,marvalshot,11343,4649272444_24
Payton Pritchard (37770208),Damion Baugh (37770458),Sam Hauser (37770402),Karlo Matkovic (37770342),Alperen Sengun (37770052),Ja Morant (37770078),Jaren Jackson Jr. (37770099),Stephen Curry (37770033),287.7371875,377.04749754867765,50000,100.00%,49987,2970.8%,9,158.6,$118.83,BOS 2,MEM 2,user24,50,marvalshot,3950,4649272445_24
Luka Doncic (37770002),Bradley Beal (37770150),Vince Williams Jr. (37770467),Chris Boucher (37770396),Sandro Mamukelashvili (37770382),Stephen Curry (37770033),Karlo Matkovic (37770342),Alperen Sengun (37770052),265.13711805555556,360.92774986698714,50000,98.39%,0,49.68%,0,121.07,$1.99,LAL 1,PHX 1,user20,1,marvalshot,17817,4649272436_20
Luka Doncic (37770002),Payton Pritchard (37770208),Sam Hauser (37770402),Chris Boucher (37770396),Karlo Matkovic (37770342),Ja Morant (37770078),Tari Eason (37770190),Alperen Sengun (37770052),274.46430555555554,364.94524741566477,50000,100.00%,1996,133.09%,0,135.13,$5.32,BOS 2,HOU 2,user25,49,marvalshot,17847,4649272437_25
Brandin Podziemski (37770175),Payton Pritchard (37770208),Bradley Beal (37770150),Karlo Matkovic (37770342),Jarrett Allen (37770161),Vince Williams Jr. (37770467),LeBron James (37770008),Alperen Sengun (37770052),278.82934027777776,367.74813344155746,50000,100.00%,23478,225.46%,0,150.04,$9.02,GSW 1,BOS 1,user25,50,marvalshot,8417,4649272438_25
Stephen Curry (37770033),RJ Barrett (37770118),Zion Williamson (37770048),Sam Hauser (37770402),Neemias Queta (37770755),Damion Baugh (37770458),Bradley Beal (37770150),Alperen Sengun (37770052),279.1701215277777,368.89946628819354,49900,100.00%,26262,245.33%,0,133.76,$9.81,BOS 2,GSW 1,user25,50,marvalshot,1981,4649272439_25
Damion Baugh (37770458),Bradley Beal (37770150),Moses Moody (37770253),Jaren Jackson Jr. (37770099),Alperen Sengun (37770052),Stephen Curry (37770033),Karlo Matkovic (37770342),Brandin Podziemski (37770175),276.08,365.15,50000,100.00%,5817,156.72%,0,142.75,$6.27,GSW 3,CHA 1,user15,1,marvalshot,17862,4649272440_15
Austin Reaves (37770083),Damion Baugh (37770458),Jaylen Brown (37770094),Kelly Olynyk (37770294),Kristaps Porzingis (37770106),Stephen Curry (37770033),Vince Williams Jr. (37770467),Jarrett Allen (37770161),246.23647569444444,329.99670492817427,49900,0.00%,0,-100.0%,0,104.99,$-4.0,BOS 2,LAL 1,user25,44,marvalshot,17882,4649272441_25
Brandin Podziemski (37770175),Jaylen Brown (37770094),Vince Williams Jr. (37770467),Karlo Matkovic (37770342),Neemias Queta (37770755),Desmond Bane (37770125),LeBron James (37770008),Alperen Sengun (37770052),281.3309548611111,371.60602166010494,50000,100.00%,41030,349.19%,0,148.16000000000003,$13.97,BOS 2,MEM 2,user25,50,marvalshot,4584,4649272442_25
Brandin Podziemski (37770175),Bradley Beal (37770150),LeBron James (37770008),Chris Boucher (37770396),Brandon Clarke (37770406),Jalen Green (37770115),Sandro Mamukelashvili (37770382),Alperen Sengun (37770052),261.03711805555554,353.9877498669871,50000,74.03%,0,-2.53%,0,113.42000000000002,$-0.1,HOU 2,GSW 1,user16,1,marvalshot,17898,4649272443_16
Damion Baugh (37770458),Desmond Bane (37770125),LeBron James (37770008),Jaren Jackson Jr. (37770099),Neemias Queta (37770755),Brandin Podziemski (37770175),Karlo Matkovic (37770342),Alperen Sengun (37770052),284.71171875,378.84253442586237,50000,100.00%,49468,884.81%,0,160.9,$35.39,MEM 2,CHA 1,user25,50,marvalshot,11343,4649272444_25
Payton Pritchard (37770208),Damion Baugh (37770458),Sam Hauser (37770402),Karlo Matkovic (37770342),Alperen Sengun (37770052),Ja Morant (37770078),Jaren Jackson Jr. (37770099),Stephen Curry (37770033),287.7371875,377.04749754867765,50000,100.00%,49987,2970.8%,9,158.6,$118.83,BOS 2,MEM 2,user25,50,marvalshot,3950,4649272445_25
Stephen Curry (37770033),Devin Booker (37770025),Bradley Beal (37770150),Chris Boucher (37770396),Alperen Sengun (37770052),Vince Williams Jr. (37770467),Santi Aldama (37770228),Kelly Olynyk (37770294),265.07711805555556,357.91774986698715,49900,98.67%,0,49.6%,0,125.81,$1.98,PHX 2,MEM 2,user37,1,marvalshot,17834,4649272436_37
Luka Doncic (37770002),Payton Pritchard (37770208),Sam Hauser (37770402),Chris Boucher (37770396),Karlo Matkovic (37770342),Ja Morant (37770078),Tari Eason (37770190),Alperen Sengun (37770052),274.46430555555554,364.94524741566477,50000,100.00%,1996,133.09%,0,135.13,$5.32,BOS 2,HOU 2,user26,49,marvalshot,17847,4649272437_26
Brandin Podziemski (37770175),Payton Pritchard (37770208),Bradley Beal (37770150),Karlo Matkovic (37770342),Jarrett Allen (37770161),Vince Williams Jr. (37770467),LeBron James (37770008),Alperen Sengun (37770052),278.82934027777776,367.74813344155746,50000,100.00%,23478,225.46%,0,150.04,$9.02,GSW 1,BOS 1,user26,50,marvalshot,8417,4649272438_26
Stephen Curry (37770033),RJ Barrett (37770118),Zion Williamson (37770048),Sam Hauser (37770402),Neemias Queta (37770755),Damion Baugh (37770458),Bradley Beal (37770150),Alperen Sengun (37770052),279.1701215277777,368.89946628819354,49900,100.00%,26262,245.33%,0,133.76,$9.81,BOS 2,GSW 1,user26,50,marvalshot,1981,4649272439_26
Ja Morant (37770078),Desmond Bane (37770125),Vince Williams Jr. (37770467),Santi Aldama (37770228),Kelly Olynyk (37770294),Stephen Curry (37770033),Karlo Matkovic (37770342),Alperen Sengun (37770052),275.96,373.58,49900,100.00%,5373,155.94%,0,149.44,$6.24,MEM 4,NOP 2,user6,1,marvalshot,17853,4649272440_6
Austin Reaves (37770083),Damion Baugh (37770458),Jaylen Brown (37770094),Kelly Olynyk (37770294),Kristaps Porzingis (37770106),Stephen Curry (37770033),Vince Williams Jr. (37770467),Jarrett Allen (37770161),246.23647569444444,329.99670492817427,49900,0.00%,0,-100.0%,0,104.99,$-4.0,BOS 2,LAL 1,user26,44,marvalshot,17882,4649272441_26
Brandin Podziemski (37770175),Jaylen Brown (37770094),Vince Williams Jr. (37770467),Karlo Matkovic (37770342),Neemias Queta (37770755),Desmond Bane (37770125),LeBron James (37770008),Alperen Sengun (37770052),281.3309548611111,371.60602166010494,50000,100.00%,41030,349.19%,0,148.16000000000003,$13.97,BOS 2,MEM 2,user26,50,marvalshot,4584,4649272442_26
Luka Doncic (37770002),Damion Baugh (37770458),Keldon Johnson (37770235),Chris Boucher (37770396),Alperen Sengun (37770052),Vince Williams Jr. (37770467),Jaren Jackson Jr. (37770099),Desmond Bane (37770125),260.9371180555555,358.3777498669871,50000,74.72%,0,-3.15%,0,164.36,$-0.13,MEM 3,LAL 1,user48,1,marvalshot,17930,4649272443_48
Damion Baugh (37770458),Desmond Bane (37770125),LeBron James (37770008),Jaren Jackson Jr. (37770099),Neemias Queta (37770755),Brandin Podziemski (37770175),Karlo Matkovic (37770342),Alperen Sengun (37770052),284.71171875,378.84253442586237,50000,100.00%,49468,884.81%,0,160.9,$35.39,MEM 2,CHA 1,user26,50,marvalshot,11343,4649272444_26
Payton Pritchard (37770208),Damion Baugh (37770458),Sam Hauser (37770402),Karlo Matkovic (37770342),Alperen Sengun (37770052),Ja Morant (37770078),Jaren Jackson Jr. (37770099),Stephen Curry (37770033),287.7371875,377.04749754867765,50000,100.00%,49987,2970.8%,9,158.6,$118.83,BOS 2,MEM 2,user26,50,marvalshot,3950,4649272445_26
Damion Baugh (37770458),Trey Murphy III (37770073),Rui Hachimura (37770179),Chris Boucher (37770396),Karlo Matkovic (37770342),Ja Morant (37770078),Jaren Jackson Jr. (37770099),Alperen Sengun (37770052),265.12711805555557,352.9777498669871,50000,98.40%,0,49.52%,0,130.07,$1.98,NOP 2,MEM 2,user31,1,marvalshot,17828,4649272436_31
Luka Doncic (37770002),Payton Pritchard (37770208),Sam Hauser (37770402),Chris Boucher (37770396),Karlo Matkovic (37770342),Ja Morant (37770078),Tari Eason (37770190),Alperen Sengun (37770052),274.46430555555554,364.94524741566477,50000,100.00%,1996,133.09%,0,135.13,$5.32,BOS 2,HOU 2,user27,49,marvalshot,17847,4649272437_27
Brandin Podziemski (37770175),Payton Pritchard (37770208),Bradley Beal (37770150),Karlo Matkovic (37770342),Jarrett Allen (37770161),Vince Williams Jr. (37770467),LeBron James (37770008),Alperen Sengun (37770052),278.82934027777776,367.74813344155746,50000,100.00%,23478,225.46%,0,150.04,$9.02,GSW 1,BOS 1,user27,50,marvalshot,8417,4649272438_27
Stephen Curry (37770033),RJ Barrett (37770118),Zion Williamson (37770048),Sam Hauser (37770402),Neemias Queta (37770755),Damion Baugh (37770458),Bradley Beal (37770150),Alperen Sengun (37770052),279.1701215277777,368.89946628819354,49900,100.00%,26262,245.33%,0,133.76,$9.81,BOS 2,GSW 1,user27,50,marvalshot,1981,4649272439_27
Damion Baugh (37770458),Devin Booker (37770025),LeBron James (37770008),Olivier-Maxence Prosper (37770416),Kelly Olynyk (37770294),Bradley Beal (37770150),Karlo Matkovic (37770342),Alperen Sengun (37770052),275.95,366.53,50000,100.00%,5788,155.72%,0,119.05,$6.23,PHX 2,NOP 2,user19,1,marvalshot,17866,4649272440_19
Austin Reaves (37770083),Damion Baugh (37770458),Jaylen Brown (37770094),Kelly Olynyk (37770294),Kristaps Porzingis (37770106),Stephen Curry (37770033),Vince Williams Jr. (37770467),Jarrett Allen (37770161),246.23647569444444,329.99670492817427,49900,0.00%,0,-100.0%,0,104.99,$-4.0,BOS 2,LAL 1,user27,44,marvalshot,17882,4649272441_27
Brandin Podziemski (37770175),Jaylen Brown (37770094),Vince Williams Jr. (37770467),Karlo Matkovic (37770342),Neemias Queta (37770755),Desmond Bane (37770125),LeBron James (37770008),Alperen Sengun (37770052),281.3309548611111,371.60602166010494,50000,100.00%,41030,349.19%,0,148.16000000000003,$13.97,BOS 2,MEM 2,user27,50,marvalshot,4584,4649272442_27
Ja Morant (37770078),Damion Baugh (37770458),Keldon Johnson (37770235),Chris Boucher (37770396),Alperen Sengun (37770052),Desmond Bane (37770125),LeBron James (37770008),Vince Williams Jr. (37770467),260.8671180555555,357.4877498669871,49900,73.73%,0,-4.98%,0,154.13,$-0.2,MEM 3,CHA 1,user13,1,marvalshot,17895,4649272443_13
Damion Baugh (37770458),Desmond Bane (37770125),LeBron James (37770008),Jaren Jackson Jr. (37770099),Neemias Queta (37770755),Brandin Podziemski (37770175),Karlo Matkovic (37770342),Alperen Sengun (37770052),284.71171875,378.84253442586237,50000,100.00%,49468,884.81%,0,160.9,$35.39,MEM 2,CHA 1,user27,50,marvalshot,11343,4649272444_27
Payton Pritchard (37770208),Damion Baugh (37770458),Sam Hauser (37770402),Karlo Matkovic (37770342),Alperen Sengun (37770052),Ja Morant (37770078),Jaren Jackson Jr. (37770099),Stephen Curry (37770033),287.7371875,377.04749754867765,50000,100.00%,49987,2970.8%,9,158.6,$118.83,BOS 2,MEM 2,user27,50,marvalshot,3950,4649272445_27
Stephen Curry (37770033),De'Aaron Fox (37770044),Vince Williams Jr. (37770467),Chris Boucher (37770396),Karlo Matkovic (37770342),Desmond Bane (37770125),Santi Aldama (37770228),Alperen Sengun (37770052),265.12711805555557,360.0877498669871,50000,98.38%,0,49.5%,0,121.26,$1.98,MEM 3,GSW 1,user30,1,marvalshot,17827,4649272436_30
Luka Doncic (37770002),Payton Pritchard (37770208),Sam Hauser (37770402),Chris Boucher (37770396),Karlo Matkovic (37770342),Ja Morant (37770078),Tari Eason (37770190),Alperen Sengun (37770052),274.46430555555554,364.94524741566477,50000,100.00%,1996,133.09%,0,135.13,$5.32,BOS 2,HOU 2,user28,49,marvalshot,17847,4649272437_28
Brandin Podziemski (37770175),Payton Pritchard (37770208),Bradley Beal (37770150),Karlo Matkovic (37770342),Jarrett Allen (37770161),Vince Williams Jr. (37770467),LeBron James (37770008),Alperen Sengun (37770052),278.82934027777776,367.74813344155746,50000,100.00%,23478,225.46%,0,150.04,$9.02,GSW 1,BOS 1,user28,50,marvalshot,8417,4649272438_28
Stephen Curry (37770033),RJ Barrett (37770118),Zion Williamson (37770048),Sam Hauser (37770402),Neemias Queta (37770755),Damion Baugh (37770458),Bradley Beal (37770150),Alperen Sengun (37770052),279.1701215277777,368.89946628819354,49900,100.00%,26262,245.33%,0,133.76,$9.81,BOS 2,GSW 1,user28,50,marvalshot,1981,4649272439_28
Stephen Curry (37770033),Bradley Beal (37770150),LeBron James (37770008),Olivier-Maxence Prosper (37770416),Alperen Sengun (37770052),Vince Williams Jr. (37770467),Karlo Matkovic (37770342),Kelly Olynyk (37770294),276.03,370.99999999999994,49800,100.00%,5769,155.57%,0,129.42000000000002,$6.22,NOP 2,GSW 1,user28,1,marvalshot,17875,4649272440_28
Austin Reaves (37770083),Damion Baugh (37770458),Jaylen Brown (37770094),Kelly Olynyk (37770294),Kristaps Porzingis (37770106),Stephen Curry (37770033),Vince Williams Jr. (37770467),Jarrett Allen (37770161),246.23647569444444,329.99670492817427,49900,0.00%,0,-100.0%,0,104.99,$-4.0,BOS 2,LAL 1,user28,44,marvalshot,17882,4649272441_28
Brandin Podziemski (37770175),Jaylen Brown (37770094),Vince Williams Jr. (37770467),Karlo Matkovic (37770342),Neemias Queta (37770755),Desmond Bane (37770125),LeBron James (37770008),Alperen Sengun (37770052),281.3309548611111,371.60602166010494,50000,100.00%,41030,349.19%,0,148.16000000000003,$13.97,BOS 2,MEM 2,user28,50,marvalshot,4584,4649272442_28
Stephen Curry (37770033),Brandin Podziemski (37770175),Trey Murphy III (37770073),Chris Boucher (37770396),Kelly Olynyk (37770294),Bradley Beal (37770150),Karlo Matkovic (37770342),Ja Morant (37770078),260.8771180555555,347.00774986698707,50000,72.81%,0,-5.31%,0,97.58,$-0.21,NOP 3,GSW 2,user24,1,marvalshot,17906,4649272443_24
Damion Baugh (37770458),Desmond Bane (37770125),LeBron James (37770008),Jaren Jackson Jr. (37770099),Neemias Queta (37770755),Brandin Podziemski (37770175),Karlo Matkovic (37770342),Alperen Sengun (37770052),284.71171875,378.84253442586237,50000,100.00%,49468,884.81%,0,160.9,$35.39,MEM 2,CHA 1,user28,50,marvalshot,11343,4649272444_28
Payton Pritchard (37770208),Damion Baugh (37770458),Sam Hauser (37770402),Karlo Matkovic (37770342),Alperen Sengun (37770052),Ja Morant (37770078),Jaren Jackson Jr. (37770099),Stephen Curry (37770033),287.7371875,377.04749754867765,50000,100.00%,49987,2970.8%,9,158.6,$118.83,BOS 2,MEM 2,user28,50,marvalshot,3950,4649272445_28
Devin Booker (37770025),Damion Baugh (37770458),Trey Murphy III (37770073),Chris Boucher (37770396),Alperen Sengun (37770052),Stephen Curry (37770033),Karlo Matkovic (37770342),Olivier-Maxence Prosper (37770416),265.20711805555555,353.68774986698713,50000,97.90%,0,49.45%,0,82.94999999999999,$1.98,NOP 2,PHX 1,user4,1,marvalshot,17801,4649272436_4
Luka Doncic (37770002),Payton Pritchard (37770208),Sam Hauser (37770402),Chris Boucher (37770396),Karlo Matkovic (37770342),Ja Morant (37770078),Tari Eason (37770190),Alperen Sengun (37770052),274.46430555555554,364.94524741566477,50000,100.00%,1996,133.09%,0,135.13,$5.32,BOS 2,HOU 2,user29,49,marvalshot,17847,4649272437_29
Brandin Podziemski (37770175),Payton Pritchard (37770208),Bradley Beal (37770150),Karlo Matkovic (37770342),Jarrett Allen (37770161),Vince Williams Jr. (37770467),LeBron James (37770008),Alperen Sengun (37770052),278.82934027777776,367.74813344155746,50000,100.00%,23478,225.46%,0,150.04,$9.02,GSW 1,BOS 1,user29,50,marvalshot,8417,4649272438_29
Stephen Curry (37770033),RJ Barrett (37770118),Zion Williamson (37770048),Sam Hauser (37770402),Neemias Queta (37770755),Damion Baugh (37770458),Bradley Beal (37770150),Alperen Sengun (37770052),279.1701215277777,368.89946628819354,49900,100.00%,26262,245.33%,0,133.76,$9.81,BOS 2,GSW 1,user29,50,marvalshot,1981,4649272439_29
Damion Baugh (37770458),Brandin Podziemski (37770175),Zion Williamson (37770048),Karlo Matkovic (37770342),Alperen Sengun (37770052),Vince Williams Jr. (37770467),Tari Eason (37770190),LeBron James (37770008),273.2,373.86,49900,100.00%,508,117.26%,0,137.95,$4.69,NOP 2,HOU 2,user29,21,marvalshot,17876,4649272440_29
Austin Reaves (37770083),Damion Baugh (37770458),Jaylen Brown (37770094),Kelly Olynyk (37770294),Kristaps Porzingis (37770106),Stephen Curry (37770033),Vince Williams Jr. (37770467),Jarrett Allen (37770161),246.23647569444444,329.99670492817427,49900,0.00%,0,-100.0%,0,104.99,$-4.0,BOS 2,LAL 1,user29,44,marvalshot,17882,4649272441_29
Brandin Podziemski (37770175),Jaylen Brown (37770094),Vince Williams Jr. (37770467),Karlo Matkovic (37770342),Neemias Queta (37770755),Desmond Bane (37770125),LeBron James (37770008),Alperen Sengun (37770052),281.3309548611111,371.60602166010494,50000,100.00%,41030,349.19%,0,148.16000000000003,$13.97,BOS 2,MEM 2,user29,50,marvalshot,4584,4649272442_29
Damion Baugh (37770458),Devin Booker (37770025),Bradley Beal (37770150),Chris Boucher (37770396),Karlo Matkovic (37770342),Ja Morant (37770078),Kelly Olynyk (37770294),LeBron James (37770008),260.81711805555557,349.16774986698715,49800,72.75%,0,-5.93%,0,109.64,$-0.24,PHX 2,NOP 2,user5,1,marvalshot,17887,4649272443_5
Damion Baugh (37770458),Desmond Bane (37770125),LeBron James (37770008),Jaren Jackson Jr. (37770099),Neemias Queta (37770755),Brandin Podziemski (37770175),Karlo Matkovic (37770342),Alperen Sengun (37770052),284.71171875,378.84253442586237,50000,100.00%,49468,884.81%,0,160.9,$35.39,MEM 2,CHA 1,user29,50,marvalshot,11343,4649272444_29
Payton Pritchard (37770208),Damion Baugh (37770458),Sam Hauser (37770402),Karlo Matkovic (37770342),Alperen Sengun (37770052),Ja Morant (37770078),Jaren Jackson Jr. (37770099),Stephen Curry (37770033),287.7371875,377.04749754867765,50000,100.00%,49987,2970.8%,9,158.6,$118.83,BOS 2,MEM 2,user29,50,marvalshot,3950,4649272445_29
Stephen Curry (37770033),Austin Reaves (37770083),Bradley Beal (37770150),Chris Boucher (37770396),Alperen Sengun (37770052),Desmond Bane (37770125),Vince Williams Jr. (37770467),Damion Baugh (37770458),265.08711805555555,353.5177498669871,50000,98.67%,0,49.4%,0,131.45,$1.98,MEM 2,GSW 1,user48,1,marvalshot,17845,4649272436_48
Luka Doncic (37770002),Payton Pritchard (37770208),Sam Hauser (37770402),Chris Boucher (37770396),Karlo Matkovic (37770342),Ja Morant (37770078),Tari Eason (37770190),Alperen Sengun (37770052),274.46430555555554,364.94524741566477,50000,100.00%,1996,133.09%,0,135.13,$5.32,BOS 2,HOU 2,user30,49,marvalshot,17847,4649272437_30
Brandin Podziemski (37770175),Payton Pritchard (37770208),Bradley Beal (37770150),Karlo Matkovic (37770342),Jarrett Allen (37770161),Vince Williams Jr. (37770467),LeBron James (37770008),Alperen Sengun (37770052),278.82934027777776,367.74813344155746,50000,100.00%,23478,225.46%,0,150.04,$9.02,GSW 1,BOS 1,user30,50,marvalshot,8417,4649272438_30
Stephen Curry (37770033),RJ Barrett (37770118),Zion Williamson (37770048),Sam Hauser (37770402),Neemias Queta (37770755),Damion Baugh (37770458),Bradley Beal (37770150),Alperen Sengun (37770052),279.1701215277777,368.89946628819354,49900,100.00%,26262,245.33%,0,133.76,$9.81,BOS 2,GSW 1,user30,50,marvalshot,1981,4649272439_30
Damion Baugh (37770458),Brandin Podziemski (37770175),Zion Williamson (37770048),Karlo Matkovic (37770342),Alperen Sengun (37770052),Vince Williams Jr. (37770467),Tari Eason (37770190),LeBron James (37770008),273.2,373.86,49900,100.00%,508,117.26%,0,137.95,$4.69,NOP 2,HOU 2,user30,21,marvalshot,17876,4649272440_30
Austin Reaves (37770083),Damion Baugh (37770458),Jaylen Brown (37770094),Kelly Olynyk (37770294),Kristaps Porzingis (37770106),Stephen Curry (37770033),Vince Williams Jr. (37770467),Jarrett Allen (37770161),246.23647569444444,329.99670492817427,49900,0.00%,0,-100.0%,0,104.99,$-4.0,BOS 2,LAL 1,user30,44,marvalshot,17882,4649272441_30
Brandin Podziemski (37770175),Jaylen Brown (37770094),Vince Williams Jr. (37770467),Karlo Matkovic (37770342),Neemias Queta (37770755),Desmond Bane (37770125),LeBron James (37770008),Alperen Sengun (37770052),281.3309548611111,371.60602166010494,50000,100.00%,41030,349.19%,0,148.16000000000003,$13.97,BOS 2,MEM 2,user30,50,marvalshot,4584,4649272442_30
Brandin Podziemski (37770175),Trey Murphy III (37770073),Amen Thompson (37770054),Chris Boucher (37770396),Alperen Sengun (37770052),Vince Williams Jr. (37770467),Santi Aldama (37770228),Bradley Beal (37770150),260.82711805555556,346.3377498669871,50000,72.94%,0,-6.13%,0,127.87,$-0.25,HOU 2,MEM 2,user10,1,marvalshot,17892,4649272443_10
Damion Baugh (37770458),Desmond Bane (37770125),LeBron James (37770008),Jaren Jackson Jr. (37770099),Neemias Queta (37770755),Brandin Podziemski (37770175),Karlo Matkovic (37770342),Alperen Sengun (37770052),284.71171875,378.84253442586237,50000,100.00%,49468,884.81%,0,160.9,$35.39,MEM 2,CHA 1,user30,50,marvalshot,11343,4649272444_30
Payton Pritchard (37770208),Damion Baugh (37770458),Sam Hauser (37770402),Karlo Matkovic (37770342),Alperen Sengun (37770052),Ja Morant (37770078),Jaren Jackson Jr. (37770099),Stephen Curry (37770033),287.7371875,377.04749754867765,50000,100.00%,49987,2970.8%,9,158.6,$118.83,BOS 2,MEM 2,user30,50,marvalshot,3950,4649272445_30
Stephen Curry (37770033),Brandin Podziemski (37770175),LeBron James (37770008),Chris Boucher (37770396),Alperen Sengun (37770052),Damion Baugh (37770458),Santi Aldama (37770228),Sandro Mamukelashvili (37770382),265.1271180555555,363.2477498669871,49900,98.27%,0,49.34%,0,113.09,$1.97,GSW 2,LAL 1,user7,1,marvalshot,17804,4649272436_7
Luka Doncic (37770002),Payton Pritchard (37770208),Sam Hauser (37770402),Chris Boucher (37770396),Karlo Matkovic (37770342),Ja Morant (37770078),Tari Eason (37770190),Alperen Sengun (37770052),274.46430555555554,364.94524741566477,50000,100.00%,1996,133.09%,0,135.13,$5.32,BOS 2,HOU 2,user31,49,marvalshot,17847,4649272437_31
Brandin Podziemski (37770175),Payton Pritchard (37770208),Bradley Beal (37770150),Karlo Matkovic (37770342),Jarrett Allen (37770161),Vince Williams Jr. (37770467),LeBron James (37770008),Alperen Sengun (37770052),278.82934027777776,367.74813344155746,50000,100.00%,23478,225.46%,0,150.04,$9.02,GSW 1,BOS 1,user31,50,marvalshot,8417,4649272438_31
Stephen Curry (37770033),RJ Barrett (37770118),Zion Williamson (37770048),Sam Hauser (37770402),Neemias Queta (37770755),Damion Baugh (37770458),Bradley Beal (37770150),Alperen Sengun (37770052),279.1701215277777,368.89946628819354,49900,100.00%,26262,245.33%,0,133.76,$9.81,BOS 2,GSW 1,user31,50,marvalshot,1981,4649272439_31
Damion Baugh (37770458),Brandin Podziemski (37770175),Zion Williamson (37770048),Karlo Matkovic (37770342),Alperen Sengun (37770052),Vince Williams Jr. (37770467),Tari Eason (37770190),LeBron James (37770008),273.2,373.86,49900,100.00%,508,117.26%,0,137.95,$4.69,NOP 2,HOU 2,user31,21,marvalshot,17876,4649272440_31
Austin Reaves (37770083),Damion Baugh (37770458),Jaylen Brown (37770094),Kelly Olynyk (37770294),Kristaps Porzingis (37770106),Stephen Curry (37770033),Vince Williams Jr. (37770467),Jarrett Allen (37770161),246.23647569444444,329.99670492817427,49900,0.00%,0,-100.0%,0,104.99,$-4.0,BOS 2,LAL 1,user31,44,marvalshot,17882,4649272441_31
Brandin Podziemski (37770175),Jaylen Brown (37770094),Vince Williams Jr. (37770467),Karlo Matkovic (37770342),Neemias Queta (37770755),Desmond Bane (37770125),LeBron James (37770008),Alperen Sengun (37770052),281.3309548611111,371.60602166010494,50000,100.00%,41030,349.19%,0,148.16000000000003,$13.97,BOS 2,MEM 2,user31,50,marvalshot,4584,4649272442_31
Ja Morant (37770078),Vince Williams Jr. (37770467),Bradley Beal (37770150),Chris Boucher (37770396),Sandro Mamukelashvili (37770382),Luka Doncic (37770002),Kelly Olynyk (37770294),Alperen Sengun (37770052),260.76711805555556,358.3777498669871,49600,72.32%,0,-7.42%,0,149.89000000000001,$-0.3,MEM 2,PHX 1,user47,1,marvalshot,17929,4649272443_47
Damion Baugh (37770458),Desmond Bane (37770125),LeBron James (37770008),Jaren Jackson Jr. (37770099),Neemias Queta (37770755),Brandin Podziemski (37770175),Karlo Matkovic (37770342),Alperen Sengun (37770052),284.71171875,378.84253442586237,50000,100.00%,49468,884.81%,0,160.9,$35.39,MEM 2,CHA 1,user31,50,marvalshot,11343,4649272444_31
Payton Pritchard (37770208),Damion Baugh (37770458),Sam Hauser (37770402),Karlo Matkovic (37770342),Alperen Sengun (37770052),Ja Morant (37770078),Jaren Jackson Jr. (37770099),Stephen Curry (37770033),287.7371875,377.04749754867765,50000,100.00%,49987,2970.8%,9,158.6,$118.83,BOS 2,MEM 2,user31,50,marvalshot,3950,4649272445_31
Stephen Curry (37770033),Damion Baugh (37770458),Jimmy Butler (37770090),Chris Boucher (37770396),Alperen Sengun (37770052),Brandin Podziemski (37770175),Vince Williams Jr. (37770467),Jaren Jackson Jr. (37770099),264.9271180555555,360.31774986698707,49900,98.92%,0,49.31%,0,149.21,$1.97,GSW 3,MEM 2,user24,1,marvalshot,17821,4649272436_24
Luka Doncic (37770002),Payton Pritchard (37770208),Sam Hauser (37770402),Chris Boucher (37770396),Karlo Matkovic (37770342),Ja Morant (37770078),Tari Eason (37770190),Alperen Sengun (37770052),274.46430555555554,364.94524741566477,50000,100.00%,1996,133.09%,0,135.13,$5.32,BOS 2,HOU 2,user32,49,marvalshot,17847,4649272437_32
Brandin Podziemski (37770175),Payton Pritchard (37770208),Bradley Beal (37770150),Karlo Matkovic (37770342),Jarrett Allen (37770161),Vince Williams Jr. (37770467),LeBron James (37770008),Alperen Sengun (37770052),278.82934027777776,367.74813344155746,50000,100.00%,23478,225.46%,0,150.04,$9.02,GSW 1,BOS 1,user32,50,marvalshot,8417,4649272438_32
Stephen Curry (37770033),RJ Barrett (37770118),Zion Williamson (37770048),Sam Hauser (37770402),Neemias Queta (37770755),Damion Baugh (37770458),Bradley Beal (37770150),Alperen Sengun (37770052),279.1701215277777,368.89946628819354,49900,100.00%,26262,245.33%,0,133.76,$9.81,BOS 2,GSW 1,user32,50,marvalshot,1981,4649272439_32
Damion Baugh (37770458),Brandin Podziemski (37770175),Zion Williamson (37770048),Karlo Matkovic (37770342),Alperen Sengun (37770052),Vince Williams Jr. (37770467),Tari Eason (37770190),LeBron James (37770008),273.2,373.86,49900,100.00%,508,117.26%,0,137.95,$4.69,NOP 2,HOU 2,user32,21,marvalshot,17876,4649272440_32
Austin Reaves (37770083),Damion Baugh (37770458),Jaylen Brown (37770094),Kelly Olynyk (37770294),Kristaps Porzingis (37770106),Stephen Curry (37770033),Vince Williams Jr. (37770467),Jarrett Allen (37770161),246.23647569444444,329.99670492817427,49900,0.00%,0,-100.0%,0,104.99,$-4.0,BOS 2,LAL 1,user32,44,marvalshot,17882,4649272441_32
Brandin Podziemski (37770175),Jaylen Brown (37770094),Vince Williams Jr. (37770467),Karlo Matkovic (37770342),Neemias Queta (37770755),Desmond Bane (37770125),LeBron James (37770008),Alperen Sengun (37770052),281.3309548611111,371.60602166010494,50000,100.00%,41030,349.19%,0,148.16000000000003,$13.97,BOS 2,MEM 2,user32,50,marvalshot,4584,4649272442_32
Luka Doncic (37770002),Brandin Podziemski (37770175),Rui Hachimura (37770179),Chris Boucher (37770396),Quinten Post (37770380),Desmond Bane (37770125),Karlo Matkovic (37770342),Alperen Sengun (37770052),260.78711805555554,351.7177498669871,50000,70.45%,0,-8.82%,0,110.69,$-0.35,LAL 2,GSW 2,user36,1,marvalshot,17918,4649272443_36
Damion Baugh (37770458),Desmond Bane (37770125),LeBron James (37770008),Jaren Jackson Jr. (37770099),Neemias Queta (37770755),Brandin Podziemski (37770175),Karlo Matkovic (37770342),Alperen Sengun (37770052),284.71171875,378.84253442586237,50000,100.00%,49468,884.81%,0,160.9,$35.39,MEM 2,CHA 1,user32,50,marvalshot,11343,4649272444_32
Payton Pritchard (37770208),Damion Baugh (37770458),Sam Hauser (37770402),Karlo Matkovic (37770342),Alperen Sengun (37770052),Ja Morant (37770078),Jaren Jackson Jr. (37770099),Stephen Curry (37770033),287.7371875,377.04749754867765,50000,100.00%,49987,2970.8%,9,158.6,$118.83,BOS 2,MEM 2,user32,50,marvalshot,3950,4649272445_32
Brandin Podziemski (37770175),Damion Baugh (37770458),Vince Williams Jr. (37770467),Chris Boucher (37770396),Alperen Sengun (37770052),Austin Reaves (37770083),LeBron James (37770008),Bradley Beal (37770150),264.9871180555555,354.6677498669871,50000,98.81%,0,49.28%,0,136.39,$1.97,LAL 2,GSW 1,user13,1,marvalshot,17810,4649272436_13
Luka Doncic (37770002),Payton Pritchard (37770208),Sam Hauser (37770402),Chris Boucher (37770396),Karlo Matkovic (37770342),Ja Morant (37770078),Tari Eason (37770190),Alperen Sengun (37770052),274.46430555555554,364.94524741566477,50000,100.00%,1996,133.09%,0,135.13,$5.32,BOS 2,HOU 2,user33,49,marvalshot,17847,4649272437_33
Brandin Podziemski (37770175),Payton Pritchard (37770208),Bradley Beal (37770150),Karlo Matkovic (37770342),Jarrett Allen (37770161),Vince Williams Jr. (37770467),LeBron James (37770008),Alperen Sengun (37770052),278.82934027777776,367.74813344155746,50000,100.00%,23478,225.46%,0,150.04,$9.02,GSW 1,BOS 1,user33,50,marvalshot,8417,4649272438_33
Stephen Curry (37770033),RJ Barrett (37770118),Zion Williamson (37770048),Sam Hauser (37770402),Neemias Queta (37770755),Damion Baugh (37770458),Bradley Beal (37770150),Alperen Sengun (37770052),279.1701215277777,368.89946628819354,49900,100.00%,26262,245.33%,0,133.76,$9.81,BOS 2,GSW 1,user33,50,marvalshot,1981,4649272439_33
Damion Baugh (37770458),Brandin Podziemski (37770175),Zion Williamson (37770048),Karlo Matkovic (37770342),Alperen Sengun (37770052),Vince Williams Jr. (37770467),Tari Eason (37770190),LeBron James (37770008),273.2,373.86,49900,100.00%,508,117.26%,0,137.95,$4.69,NOP 2,HOU 2,user33,21,marvalshot,17876,4649272440_33
Austin Reaves (37770083),Damion Baugh (37770458),Jaylen Brown (37770094),Kelly Olynyk (37770294),Kristaps Porzingis (37770106),Stephen Curry (37770033),Vince Williams Jr. (37770467),Jarrett Allen (37770161),246.23647569444444,329.99670492817427,49900,0.00%,0,-100.0%,0,104.99,$-4.0,BOS 2,LAL 1,user33,44,marvalshot,17882,4649272441_33
Brandin Podziemski (37770175),Jaylen Brown (37770094),Vince Williams Jr. (37770467),Karlo Matkovic (37770342),Neemias Queta (37770755),Desmond Bane (37770125),LeBron James (37770008),Alperen Sengun (37770052),281.3309548611111,371.60602166010494,50000,100.00%,41030,349.19%,0,148.16000000000003,$13.97,BOS 2,MEM 2,user33,50,marvalshot,4584,4649272442_33
Damion Baugh (37770458),Nick Smith Jr. (37770212),Vince Williams Jr. (37770467),Chris Boucher (37770396),Alperen Sengun (37770052),Luka Doncic (37770002),LeBron James (37770008),Kelly Olynyk (37770294),260.64711805555555,357.3377498669871,49900,70.92%,0,-9.98%,0,137.91000000000003,$-0.4,CHA 2,LAL 2,user49,1,marvalshot,17931,4649272443_49
Damion Baugh (37770458),Desmond Bane (37770125),LeBron James (37770008),Jaren Jackson Jr. (37770099),Neemias Queta (37770755),Brandin Podziemski (37770175),Karlo Matkovic (37770342),Alperen Sengun (37770052),284.71171875,378.84253442586237,50000,100.00%,49468,884.81%,0,160.9,$35.39,MEM 2,CHA 1,user33,50,marvalshot,11343,4649272444_33
Payton Pritchard (37770208),Damion Baugh (37770458),Sam Hauser (37770402),Karlo Matkovic (37770342),Alperen Sengun (37770052),Ja Morant (37770078),Jaren Jackson Jr. (37770099),Stephen Curry (37770033),287.7371875,377.04749754867765,50000,100.00%,49987,2970.8%,9,158.6,$118.83,BOS 2,MEM 2,user33,50,marvalshot,3950,4649272445_33
Stephen Curry (37770033),Damion Baugh (37770458),Zion Williamson (37770048),Chris Boucher (37770396),Alperen Sengun (37770052),Vince Williams Jr. (37770467),Santi Aldama (37770228),Jaren Jackson Jr. (37770099),264.9571180555555,368.29774986698703,49800,98.67%,0,49.09%,0,143.78,$1.96,MEM 3,GSW 1,user44,1,marvalshot,17841,4649272436_44
Luka Doncic (37770002),Payton Pritchard (37770208),Sam Hauser (37770402),Chris Boucher (37770396),Karlo Matkovic (37770342),Ja Morant (37770078),Tari Eason (37770190),Alperen Sengun (37770052),274.46430555555554,364.94524741566477,50000,100.00%,1996,133.09%,0,135.13,$5.32,BOS 2,HOU 2,user34,49,marvalshot,17847,4649272437_34
Brandin Podziemski (37770175),Payton Pritchard (37770208),Bradley Beal (37770150),Karlo Matkovic (37770342),Jarrett Allen (37770161),Vince Williams Jr. (37770467),LeBron James (37770008),Alperen Sengun (37770052),278.82934027777776,367.74813344155746,50000,100.00%,23478,225.46%,0,150.04,$9.02,GSW 1,BOS 1,user34,50,marvalshot,8417,4649272438_34
Stephen Curry (37770033),RJ Barrett (37770118),Zion Williamson (37770048),Sam Hauser (37770402),Neemias Queta (37770755),Damion Baugh (37770458),Bradley Beal (37770150),Alperen Sengun (37770052),279.1701215277777,368.89946628819354,49900,100.00%,26262,245.33%,0,133.76,$9.81,BOS 2,GSW 1,user34,50,marvalshot,1981,4649272439_34
Damion Baugh (37770458),Brandin Podziemski (37770175),Zion Williamson (37770048),Karlo Matkovic (37770342),Alperen Sengun (37770052),Vince Williams Jr. (37770467),Tari Eason (37770190),LeBron James (37770008),273.2,373.86,49900,100.00%,508,117.26%,0,137.95,$4.69,NOP 2,HOU 2,user34,21,marvalshot,17876,4649272440_34
Austin Reaves (37770083),Damion Baugh (37770458),Jaylen Brown (37770094),Kelly Olynyk (37770294),Kristaps Porzingis (37770106),Stephen Curry (37770033),Vince Williams Jr. (37770467),Jarrett Allen (37770161),246.23647569444444,329.99670492817427,49900,0.00%,0,-100.0%,0,104.99,$-4.0,BOS 2,LAL 1,user34,44,marvalshot,17882,4649272441_34
Brandin Podziemski (37770175),Jaylen Brown (37770094),Vince Williams Jr. (37770467),Karlo Matkovic (37770342),Neemias Queta (37770755),Desmond Bane (37770125),LeBron James (37770008),Alperen Sengun (37770052),281.3309548611111,371.60602166010494,50000,100.00%,41030,349.19%,0,148.16000000000003,$13.97,BOS 2,MEM 2,user34,50,marvalshot,4584,4649272442_34
Damion Baugh (37770458),Bradley Beal (37770150),Moses Moody (37770253),Chris Boucher (37770396),Alperen Sengun (37770052),Ja Morant (37770078),Sandro Mamukelashvili (37770382),Luka Doncic (37770002),260.65711805555554,353.9077498669871,50000,69.46%,0,-10.34%,0,132.25,$-0.41,CHA 1,PHX 1,user1,1,marvalshot,17883,4649272443_1
Damion Baugh (37770458),Desmond Bane (37770125),LeBron James (37770008),Jaren Jackson Jr. (37770099),Neemias Queta (37770755),Brandin Podziemski (37770175),Karlo Matkovic (37770342),Alperen Sengun (37770052),284.71171875,378.84253442586237,50000,100.00%,49468,884.81%,0,160.9,$35.39,MEM 2,CHA 1,user34,50,marvalshot,11343,4649272444_34
Payton Pritchard (37770208),Damion Baugh (37770458),Sam Hauser (37770402),Karlo Matkovic (37770342),Alperen Sengun (37770052),Ja Morant (37770078),Jaren Jackson Jr. (37770099),Stephen Curry (37770033),287.7371875,377.04749754867765,50000,100.00%,49987,2970.8%,9,158.6,$118.83,BOS 2,MEM 2,user34,50,marvalshot,3950,4649272445_34
Ja Morant (37770078),Trey Murphy III (37770073),Vince Williams Jr. (37770467),Chris Boucher (37770396),Kelly Olynyk (37770294),Stephen Curry (37770033),Karlo Matkovic (37770342),Alperen Sengun (37770052),265.01711805555556,359.41774986698715,49800,98.43%,0,48.86%,0,122.89000000000001,$1.95,NOP 3,MEM 2,user39,1,marvalshot,17836,4649272436_39
Luka Doncic (37770002),Payton Pritchard (37770208),Sam Hauser (37770402),Chris Boucher (37770396),Karlo Matkovic (37770342),Ja Morant (37770078),Tari Eason (37770190),Alperen Sengun (37770052),274.46430555555554,364.94524741566477,50000,100.00%,1996,133.09%,0,135.13,$5.32,BOS 2,HOU 2,user35,49,marvalshot,17847,4649272437_35
Brandin Podziemski (37770175),Payton Pritchard (37770208),Bradley Beal (37770150),Karlo Matkovic (37770342),Jarrett Allen (37770161),Vince Williams Jr. (37770467),LeBron James (37770008),Alperen Sengun (37770052),278.82934027777776,367.74813344155746,50000,100.00%,23478,225.46%,0,150.04,$9.02,GSW 1,BOS 1,user35,50,marvalshot,8417,4649272438_35
Stephen Curry (37770033),RJ Barrett (37770118),Zion Williamson (37770048),Sam Hauser (37770402),Neemias Queta (37770755),Damion Baugh (37770458),Bradley Beal (37770150),Alperen Sengun (37770052),279.1701215277777,368.89946628819354,49900,100.00%,26262,245.33%,0,133.76,$9.81,BOS 2,GSW 1,user35,50,marvalshot,1981,4649272439_35
Damion Baugh (37770458),Brandin Podziemski (37770175),Zion Williamson (37770048),Karlo Matkovic (37770342),Alperen Sengun (37770052),Vince Williams Jr. (37770467),Tari Eason (37770190),LeBron James (37770008),273.2,373.86,49900,100.00%,508,117.26%,0,137.95,$4.69,NOP 2,HOU 2,user35,21,marvalshot,17876,4649272440_35
Austin Reaves (37770083),Damion Baugh (37770458),Jaylen Brown (37770094),Kelly Olynyk (37770294),Kristaps Porzingis (37770106),Stephen Curry (37770033),Vince Williams Jr. (37770467),Jarrett Allen (37770161),246.23647569444444,329.99670492817427,49900,0.00%,0,-100.0%,0,104.99,$-4.0,BOS 2,LAL 1,user35,44,marvalshot,17882,4649272441_35
Brandin Podziemski (37770175),Jaylen Brown (37770094),Vince Williams Jr. (37770467),Karlo Matkovic (37770342),Neemias Queta (37770755),Desmond Bane (37770125),LeBron James (37770008),Alperen Sengun (37770052),281.3309548611111,371.60602166010494,50000,100.00%,41030,349.19%,0,148.16000000000003,$13.97,BOS 2,MEM 2,user35,50,marvalshot,4584,4649272442_35
Damion Baugh (37770458),Vince Williams Jr. (37770467),Jimmy Butler (37770090),Chris Boucher (37770396),Karlo Matkovic (37770342),Stephen Curry (37770033),LeBron James (37770008),Jaren Jackson Jr. (37770099),260.6171180555555,354.7777498669871,49700,70.19%,0,-10.54%,0,116.71,$-0.42,MEM 2,GSW 2,user41,1,marvalshot,17923,4649272443_41
Damion Baugh (37770458),Desmond Bane (37770125),LeBron James (37770008),Jaren Jackson Jr. (37770099),Neemias Queta (37770755),Brandin Podziemski (37770175),Karlo Matkovic (37770342),Alperen Sengun (37770052),284.71171875,378.84253442586237,50000,100.00%,49468,884.81%,0,160.9,$35.39,MEM 2,CHA 1,user35,50,marvalshot,11343,4649272444_35
Payton Pritchard (37770208),Damion Baugh (37770458),Sam Hauser (37770402),Karlo Matkovic (37770342),Alperen Sengun (37770052),Ja Morant (37770078),Jaren Jackson Jr. (37770099),Stephen Curry (37770033),287.7371875,377.04749754867765,50000,100.00%,49987,2970.8%,9,158.6,$118.83,BOS 2,MEM 2,user35,50,marvalshot,3950,4649272445_35
Luka Doncic (37770002),Damion Baugh (37770458),Vince Williams Jr. (37770467),Chris Boucher (37770396),Alperen Sengun (37770052),Brandin Podziemski (37770175),Santi Aldama (37770228),Stephen Curry (37770033),264.9371180555555,362.3577498669871,50000,98.55%,0,48.83%,0,138.95,$1.95,MEM 2,GSW 2,user,1,marvalshot,14975,4649272436
Luka Doncic (37770002),Payton Pritchard (37770208),Sam Hauser (37770402),Chris Boucher (37770396),Karlo Matkovic (37770342),Ja Morant (37770078),Tari Eason (37770190),Alperen Sengun (37770052),274.46430555555554,364.94524741566477,50000,100.00%,1996,133.09%,0,135.13,$5.32,BOS 2,HOU 2,user36,49,marvalshot,17847,4649272437_36
Brandin Podziemski (37770175),Payton Pritchard (37770208),Bradley Beal (37770150),Karlo Matkovic (37770342),Jarrett Allen (37770161),Vince Williams Jr. (37770467),LeBron James (37770008),Alperen Sengun (37770052),278.82934027777776,367.74813344155746,50000,100.00%,23478,225.46%,0,150.04,$9.02,GSW 1,BOS 1,user36,50,marvalshot,8417,4649272438_36
Stephen Curry (37770033),RJ Barrett (37770118),Zion Williamson (37770048),Sam Hauser (37770402),Neemias Queta (37770755),Damion Baugh (37770458),Bradley Beal (37770150),Alperen Sengun (37770052),279.1701215277777,368.89946628819354,49900,100.00%,26262,245.33%,0,133.76,$9.81,BOS 2,GSW 1,user36,50,marvalshot,1981,4649272439_36
Damion Baugh (37770458),Brandin Podziemski (37770175),Zion Williamson (37770048),Karlo Matkovic (37770342),Alperen Sengun (37770052),Vince Williams Jr. (37770467),Tari Eason (37770190),LeBron James (37770008),273.2,373.86,49900,100.00%,508,117.26%,0,137.95,$4.69,NOP 2,HOU 2,user36,21,marvalshot,17876,4649272440_36
Austin Reaves (37770083),Damion Baugh (37770458),Jaylen Brown (37770094),Kelly Olynyk (37770294),Kristaps Porzingis (37770106),Stephen Curry (37770033),Vince Williams Jr. (37770467),Jarrett Allen (37770161),246.23647569444444,329.99670492817427,49900,0.00%,0,-100.0%,0,104.99,$-4.0,BOS 2,LAL 1,user36,44,marvalshot,17882,4649272441_36
Brandin Podziemski (37770175),Jaylen Brown (37770094),Vince Williams Jr. (37770467),Karlo Matkovic (37770342),Neemias Queta (37770755),Desmond Bane (37770125),LeBron James (37770008),Alperen Sengun (37770052),281.3309548611111,371.60602166010494,50000,100.00%,41030,349.19%,0,148.16000000000003,$13.97,BOS 2,MEM 2,user36,50,marvalshot,4584,4649272442_36
Brandin Podziemski (37770175),Vince Williams Jr. (37770467),Naji Marshall (37770265),Chris Boucher (37770396),Alperen Sengun (37770052),Luka Doncic (37770002),Karlo Matkovic (37770342),Zion Williamson (37770048),260.6171180555556,361.99774986698714,50000,69.34%,0,-11.31%,0,120.52,$-0.45,NOP 2,GSW 1,user,1,marvalshot,14978,4649272443
Damion Baugh (37770458),Desmond Bane (37770125),LeBron James (37770008),Jaren Jackson Jr. (37770099),Neemias Queta (37770755),Brandin Podziemski (37770175),Karlo Matkovic (37770342),Alperen Sengun (37770052),284.71171875,378.84253442586237,50000,100.00%,49468,884.81%,0,160.9,$35.39,MEM 2,CHA 1,user36,50,marvalshot,11343,4649272444_36
Payton Pritchard (37770208),Damion Baugh (37770458),Sam Hauser (37770402),Karlo Matkovic (37770342),Alperen Sengun (37770052),Ja Morant (37770078),Jaren Jackson Jr. (37770099),Stephen Curry (37770033),287.7371875,377.04749754867765,50000,100.00%,49987,2970.8%,9,158.6,$118.83,BOS 2,MEM 2,user36,50,marvalshot,3950,4649272445_36
Stephen Curry (37770033),Brandin Podziemski (37770175),Bradley Beal (37770150),Chris Boucher (37770396),Alperen Sengun (37770052),Moses Moody (37770253),Jaren Jackson Jr. (37770099),Olivier-Maxence Prosper (37770416),264.9171180555556,356.02774986698716,50000,98.36%,0,48.53%,0,129.72,$1.94,GSW 3,PHX 1,user21,1,marvalshot,17818,4649272436_21
Luka Doncic (37770002),Payton Pritchard (37770208),Sam Hauser (37770402),Chris Boucher (37770396),Karlo Matkovic (37770342),Ja Morant (37770078),Tari Eason (37770190),Alperen Sengun (37770052),274.46430555555554,364.94524741566477,50000,100.00%,1996,133.09%,0,135.13,$5.32,BOS 2,HOU 2,user37,49,marvalshot,17847,4649272437_37
Brandin Podziemski (37770175),Payton Pritchard (37770208),Bradley Beal (37770150),Karlo Matkovic (37770342),Jarrett Allen (37770161),Vince Williams Jr. (37770467),LeBron James (37770008),Alperen Sengun (37770052),278.82934027777776,367.74813344155746,50000,100.00%,23478,225.46%,0,150.04,$9.02,GSW 1,BOS 1,user37,50,marvalshot,8417,4649272438_37
Stephen Curry (37770033),RJ Barrett (37770118),Zion Williamson (37770048),Sam Hauser (37770402),Neemias Queta (37770755),Damion Baugh (37770458),Bradley Beal (37770150),Alperen Sengun (37770052),279.1701215277777,368.89946628819354,49900,100.00%,26262,245.33%,0,133.76,$9.81,BOS 2,GSW 1,user37,50,marvalshot,1981,4649272439_37
Damion Baugh (37770458),Brandin Podziemski (37770175),Zion Williamson (37770048),Karlo Matkovic (37770342),Alperen Sengun (37770052),Vince Williams Jr. (37770467),Tari Eason (37770190),LeBron James (37770008),273.2,373.86,49900,100.00%,508,117.26%,0,137.95,$4.69,NOP 2,HOU 2,user37,21,marvalshot,17876,4649272440_37
Austin Reaves (37770083),Damion Baugh (37770458),Jaylen Brown (37770094),Kelly Olynyk (37770294),Kristaps Porzingis (37770106),Stephen Curry (37770033),Vince Williams Jr. (37770467),Jarrett Allen (37770161),246.23647569444444,329.99670492817427,49900,0.00%,0,-100.0%,0,104.99,$-4.0,BOS 2,LAL 1,user37,44,marvalshot,17882,4649272441_37
Brandin Podziemski (37770175),Jaylen Brown (37770094),Vince Williams Jr. (37770467),Karlo Matkovic (37770342),Neemias Queta (37770755),Desmond Bane (37770125),LeBron James (37770008),Alperen Sengun (37770052),281.3309548611111,371.60602166010494,50000,100.00%,41030,349.19%,0,148.16000000000003,$13.97,BOS 2,MEM 2,user37,50,marvalshot,4584,4649272442_37
Stephen Curry (37770033),Jalen Green (37770115),LeBron James (37770008),Chris Boucher (37770396),Karlo Matkovic (37770342),Vince Williams Jr. (37770467),Olivier-Maxence Prosper (37770416),Ja Morant (37770078),260.53711805555554,353.8977498669871,49800,68.34%,0,-12.77%,0,103.1,$-0.51,MEM 2,GSW 1,user44,1,marvalshot,17926,4649272443_44
Damion Baugh (37770458),Desmond Bane (37770125),LeBron James (37770008),Jaren Jackson Jr. (37770099),Neemias Queta (37770755),Brandin Podziemski (37770175),Karlo Matkovic (37770342),Alperen Sengun (37770052),284.71171875,378.84253442586237,50000,100.00%,49468,884.81%,0,160.9,$35.39,MEM 2,CHA 1,user37,50,marvalshot,11343,4649272444_37
Payton Pritchard (37770208),Damion Baugh (37770458),Sam Hauser (37770402),Karlo Matkovic (37770342),Alperen Sengun (37770052),Ja Morant (37770078),Jaren Jackson Jr. (37770099),Stephen Curry (37770033),287.7371875,377.04749754867765,50000,100.00%,49987,2970.8%,9,158.6,$118.83,BOS 2,MEM 2,user37,50,marvalshot,3950,4649272445_37
Luka Doncic (37770002),Damion Baugh (37770458),Bradley Beal (37770150),Chris Boucher (37770396),Kelly Olynyk (37770294),Stephen Curry (37770033),Vince Williams Jr. (37770467),Alperen Sengun (37770052),264.8371180555555,359.88774986698706,49900,98.50%,0,48.36%,0,143.56,$1.93,LAL 1,CHA 1,user16,1,marvalshot,17813,4649272436_16
Luka Doncic (37770002),Payton Pritchard (37770208),Sam Hauser (37770402),Chris Boucher (37770396),Karlo Matkovic (37770342),Ja Morant (37770078),Tari Eason (37770190),Alperen Sengun (37770052),274.46430555555554,364.94524741566477,50000,100.00%,1996,133.09%,0,135.13,$5.32,BOS 2,HOU 2,user38,49,marvalshot,17847,4649272437_38
Brandin Podziemski (37770175),Payton Pritchard (37770208),Bradley Beal (37770150),Karlo Matkovic (37770342),Jarrett Allen (37770161),Vince Williams Jr. (37770467),LeBron James (37770008),Alperen Sengun (37770052),278.82934027777776,367.74813344155746,50000,100.00%,23478,225.46%,0,150.04,$9.02,GSW 1,BOS 1,user38,50,marvalshot,8417,4649272438_38
Stephen Curry (37770033),RJ Barrett (37770118),Zion Williamson (37770048),Sam Hauser (37770402),Neemias Queta (37770755),Damion Baugh (37770458),Bradley Beal (37770150),Alperen Sengun (37770052),279.1701215277777,368.89946628819354,49900,100.00%,26262,245.33%,0,133.76,$9.81,BOS 2,GSW 1,user38,50,marvalshot,1981,4649272439_38
Damion Baugh (37770458),Brandin Podziemski (37770175),Zion Williamson (37770048),Karlo Matkovic (37770342),Alperen Sengun (37770052),Vince Williams Jr. (37770467),Tari Eason (37770190),LeBron James (37770008),273.2,373.86,49900,100.00%,508,117.26%,0,137.95,$4.69,NOP 2,HOU 2,user38,21,marvalshot,17876,4649272440_38
Austin Reaves (37770083),Damion Baugh (37770458),Jaylen Brown (37770094),Kelly Olynyk (37770294),Kristaps Porzingis (37770106),Stephen Curry (37770033),Vince Williams Jr. (37770467),Jarrett Allen (37770161),246.23647569444444,329.99670492817427,49900,0.00%,0,-100.0%,0,104.99,$-4.0,BOS 2,LAL 1,user38,44,marvalshot,17882,4649272441_38
Brandin Podziemski (37770175),Jaylen Brown (37770094),Vince Williams Jr. (37770467),Karlo Matkovic (37770342),Neemias Queta (37770755),Desmond Bane (37770125),LeBron James (37770008),Alperen Sengun (37770052),281.3309548611111,371.60602166010494,50000,100.00%,41030,349.19%,0,148.16000000000003,$13.97,BOS 2,MEM 2,user38,50,marvalshot,4584,4649272442_38
Stephen Curry (37770033),Damion Baugh (37770458),Vince Williams Jr. (37770467),Chris Boucher (37770396),Alperen Sengun (37770052),Ja Morant (37770078),Tari Eason (37770190),CJ McCollum (37770108),260.4871180555555,354.2977498669871,49700,67.80%,0,-13.81%,0,133.86,$-0.55,MEM 2,HOU 2,user14,1,marvalshot,17896,4649272443_14
Damion Baugh (37770458),Desmond Bane (37770125),LeBron James (37770008),Jaren Jackson Jr. (37770099),Neemias Queta (37770755),Brandin Podziemski (37770175),Karlo Matkovic (37770342),Alperen Sengun (37770052),284.71171875,378.84253442586237,50000,100.00%,49468,884.81%,0,160.9,$35.39,MEM 2,CHA 1,user38,50,marvalshot,11343,4649272444_38
Payton Pritchard (37770208),Damion Baugh (37770458),Sam Hauser (37770402),Karlo Matkovic (37770342),Alperen Sengun (37770052),Ja Morant (37770078),Jaren Jackson Jr. (37770099),Stephen Curry (37770033),287.7371875,377.04749754867765,50000,100.00%,49987,2970.8%,9,158.6,$118.83,BOS 2,MEM 2,user38,50,marvalshot,3950,4649272445_38
Stephen Curry (37770033),Bradley Beal (37770150),Vince Williams Jr. (37770467),Chris Boucher (37770396),Alperen Sengun (37770052),Damion Baugh (37770458),PJ Washington (37770111),Jaren Jackson Jr. (37770099),264.8171180555555,354.81774986698707,50000,98.62%,0,48.16%,0,146.62,$1.93,MEM 2,GSW 1,user25,1,marvalshot,17822,4649272436_25
Luka Doncic (37770002),Payton Pritchard (37770208),Sam Hauser (37770402),Chris Boucher (37770396),Karlo Matkovic (37770342),Ja Morant (37770078),Tari Eason (37770190),Alperen Sengun (37770052),274.46430555555554,364.94524741566477,50000,100.00%,1996,133.09%,0,135.13,$5.32,BOS 2,HOU 2,user39,49,marvalshot,17847,4649272437_39
Brandin Podziemski (37770175),Payton Pritchard (37770208),Bradley Beal (37770150),Karlo Matkovic (37770342),Jarrett Allen (37770161),Vince Williams Jr. (37770467),LeBron James (37770008),Alperen Sengun (37770052),278.82934027777776,367.74813344155746,50000,100.00%,23478,225.46%,0,150.04,$9.02,GSW 1,BOS 1,user39,50,marvalshot,8417,4649272438_39
Stephen Curry (37770033),RJ Barrett (37770118),Zion Williamson (37770048),Sam Hauser (37770402),Neemias Queta (37770755),Damion Baugh (37770458),Bradley Beal (37770150),Alperen Sengun (37770052),279.1701215277777,368.89946628819354,49900,100.00%,26262,245.33%,0,133.76,$9.81,BOS 2,GSW 1,user39,50,marvalshot,1981,4649272439_39
Damion Baugh (37770458),Brandin Podziemski (37770175),Zion Williamson (37770048),Karlo Matkovic (37770342),Alperen Sengun (37770052),Vince Williams Jr. (37770467),Tari Eason (37770190),LeBron James (37770008),273.2,373.86,49900,100.00%,508,117.26%,0,137.95,$4.69,NOP 2,HOU 2,user39,21,marvalshot,17876,4649272440_39
Austin Reaves (37770083),Damion Baugh (37770458),Jaylen Brown (37770094),Kelly Olynyk (37770294),Kristaps Porzingis (37770106),Stephen Curry (37770033),Vince Williams Jr. (37770467),Jarrett Allen (37770161),246.23647569444444,329.99670492817427,49900,0.00%,0,-100.0%,0,104.99,$-4.0,BOS 2,LAL 1,user39,44,marvalshot,17882,4649272441_39
Brandin Podziemski (37770175),Jaylen Brown (37770094),Vince Williams Jr. (37770467),Karlo Matkovic (37770342),Neemias Queta (37770755),Desmond Bane (37770125),LeBron James (37770008),Alperen Sengun (37770052),281.3309548611111,371.60602166010494,50000,100.00%,41030,349.19%,0,148.16000000000003,$13.97,BOS 2,MEM 2,user39,50,marvalshot,4584,4649272442_39
Austin Reaves (37770083),Damion Baugh (37770458),Trey Murphy III (37770073),Chris Boucher (37770396),Alperen Sengun (37770052),Vince Williams Jr. (37770467),LeBron James (37770008),Sandro Mamukelashvili (37770382),260.4871180555555,352.7977498669871,49800,67.64%,0,-14.23%,0,105.53,$-0.57,LAL 2,CHA 1,user42,1,marvalshot,17924,4649272443_42
Damion Baugh (37770458),Desmond Bane (37770125),LeBron James (37770008),Jaren Jackson Jr. (37770099),Neemias Queta (37770755),Brandin Podziemski (37770175),Karlo Matkovic (37770342),Alperen Sengun (37770052),284.71171875,378.84253442586237,50000,100.00%,49468,884.81%,0,160.9,$35.39,MEM 2,CHA 1,user39,50,marvalshot,11343,4649272444_39
Payton Pritchard (37770208),Damion Baugh (37770458),Sam Hauser (37770402),Karlo Matkovic (37770342),Alperen Sengun (37770052),Ja Morant (37770078),Jaren Jackson Jr. (37770099),Stephen Curry (37770033),287.7371875,377.04749754867765,50000,100.00%,49987,2970.8%,9,158.6,$118.83,BOS 2,MEM 2,user39,50,marvalshot,3950,4649272445_39
Austin Reaves (37770083),Damion Baugh (37770458),LeBron James (37770008),Chris Boucher (37770396),Alperen Sengun (37770052),Brandin Podziemski (37770175),Tari Eason (37770190),Karlo Matkovic (37770342),264.85711805555553,356.50774986698707,49800,97.88%,0,47.77%,0,107.55000000000001,$1.91,LAL 2,HOU 2,user28,1,marvalshot,17825,4649272436_28
Luka Doncic (37770002),Payton Pritchard (37770208),Sam Hauser (37770402),Chris Boucher (37770396),Karlo Matkovic (37770342),Ja Morant (37770078),Tari Eason (37770190),Alperen Sengun (37770052),274.46430555555554,364.94524741566477,50000,100.00%,1996,133.09%,0,135.13,$5.32,BOS 2,HOU 2,user40,49,marvalshot,17847,4649272437_40
Brandin Podziemski (37770175),Payton Pritchard (37770208),Bradley Beal (37770150),Karlo Matkovic (37770342),Jarrett Allen (37770161),Vince Williams Jr. (37770467),LeBron James (37770008),Alperen Sengun (37770052),278.82934027777776,367.74813344155746,50000,100.00%,23478,225.46%,0,150.04,$9.02,GSW 1,BOS 1,user40,50,marvalshot,8417,4649272438_40
Stephen Curry (37770033),RJ Barrett (37770118),Zion Williamson (37770048),Sam Hauser (37770402),Neemias Queta (37770755),Damion Baugh (37770458),Bradley Beal (37770150),Alperen Sengun (37770052),279.1701215277777,368.89946628819354,49900,100.00%,26262,245.33%,0,133.76,$9.81,BOS 2,GSW 1,user40,50,marvalshot,1981,4649272439_40
Damion Baugh (37770458),Brandin Podziemski (37770175),Zion Williamson (37770048),Karlo Matkovic (37770342),Alperen Sengun (37770052),Vince Williams Jr. (37770467),Tari Eason (37770190),LeBron James (37770008),273.2,373.86,49900,100.00%,508,117.26%,0,137.95,$4.69,NOP 2,HOU 2,user40,21,marvalshot,17876,4649272440_40
Austin Reaves (37770083),Damion Baugh (37770458),Jaylen Brown (37770094),Kelly Olynyk (37770294),Kristaps Porzingis (37770106),Stephen Curry (37770033),Vince Williams Jr. (37770467),Jarrett Allen (37770161),246.23647569444444,329.99670492817427,49900,0.00%,0,-100.0%,0,104.99,$-4.0,BOS 2,LAL 1,user40,44,marvalshot,17882,4649272441_40
Brandin Podziemski (37770175),Jaylen Brown (37770094),Vince Williams Jr. (37770467),Karlo Matkovic (37770342),Neemias Queta (37770755),Desmond Bane (37770125),LeBron James (37770008),Alperen Sengun (37770052),281.3309548611111,371.60602166010494,50000,100.00%,41030,349.19%,0,148.16000000000003,$13.97,BOS 2,MEM 2,user40,50,marvalshot,4584,4649272442_40
De'Aaron Fox (37770044),Vince Williams Jr. (37770467),Trey Murphy III (37770073),Chris Boucher (37770396),Jaren Jackson Jr. (37770099),Damion Baugh (37770458),Rui Hachimura (37770179),Alperen Sengun (37770052),260.47711805555554,348.25774986698707,50000,67.93%,0,-14.32%,0,134.37,$-0.57,MEM 2,SAS 1,user39,1,marvalshot,17921,4649272443_39
Damion Baugh (37770458),Desmond Bane (37770125),LeBron James (37770008),Jaren Jackson Jr. (37770099),Neemias Queta (37770755),Brandin Podziemski (37770175),Karlo Matkovic (37770342),Alperen Sengun (37770052),284.71171875,378.84253442586237,50000,100.00%,49468,884.81%,0,160.9,$35.39,MEM 2,CHA 1,user40,50,marvalshot,11343,4649272444_40
Payton Pritchard (37770208),Damion Baugh (37770458),Sam Hauser (37770402),Karlo Matkovic (37770342),Alperen Sengun (37770052),Ja Morant (37770078),Jaren Jackson Jr. (37770099),Stephen Curry (37770033),287.7371875,377.04749754867765,50000,100.00%,49987,2970.8%,9,158.6,$118.83,BOS 2,MEM 2,user40,50,marvalshot,3950,4649272445_40
Austin Reaves (37770083),Vince Williams Jr. (37770467),Trey Murphy III (37770073),Chris Boucher (37770396),Alperen Sengun (37770052),Damion Baugh (37770458),Karlo Matkovic (37770342),LeBron James (37770008),264.79711805555553,354.9077498669871,50000,98.11%,0,47.6%,0,106.77,$1.9,LAL 2,NOP 2,user46,1,marvalshot,17843,4649272436_46
Luka Doncic (37770002),Payton Pritchard (37770208),Sam Hauser (37770402),Chris Boucher (37770396),Karlo Matkovic (37770342),Ja Morant (37770078),Tari Eason (37770190),Alperen Sengun (37770052),274.46430555555554,364.94524741566477,50000,100.00%,1996,133.09%,0,135.13,$5.32,BOS 2,HOU 2,user41,49,marvalshot,17847,4649272437_41
Brandin Podziemski (37770175),Payton Pritchard (37770208),Bradley Beal (37770150),Karlo Matkovic (37770342),Jarrett Allen (37770161),Vince Williams Jr. (37770467),LeBron James (37770008),Alperen Sengun (37770052),278.82934027777776,367.74813344155746,50000,100.00%,23478,225.46%,0,150.04,$9.02,GSW 1,BOS 1,user41,50,marvalshot,8417,4649272438_41
Stephen Curry (37770033),RJ Barrett (37770118),Zion Williamson (37770048),Sam Hauser (37770402),Neemias Queta (37770755),Damion Baugh (37770458),Bradley Beal (37770150),Alperen Sengun (37770052),279.1701215277777,368.89946628819354,49900,100.00%,26262,245.33%,0,133.76,$9.81,BOS 2,GSW 1,user41,50,marvalshot,1981,4649272439_41
Damion Baugh (37770458),Brandin Podziemski (37770175),Zion Williamson (37770048),Karlo Matkovic (37770342),Alperen Sengun (37770052),Vince Williams Jr. (37770467),Tari Eason (37770190),LeBron James (37770008),273.2,373.86,49900,100.00%,508,117.26%,0,137.95,$4.69,NOP 2,HOU 2,user41,21,marvalshot,17876,4649272440_41
Austin Reaves (37770083),Damion Baugh (37770458),Jaylen Brown (37770094),Kelly Olynyk (37770294),Kristaps Porzingis (37770106),Stephen Curry (37770033),Vince Williams Jr. (37770467),Jarrett Allen (37770161),246.23647569444444,329.99670492817427,49900,0.00%,0,-100.0%,0,104.99,$-4.0,BOS 2,LAL 1,user41,44,marvalshot,17882,4649272441_41
Brandin Podziemski (37770175),Jaylen Brown (37770094),Vince Williams Jr. (37770467),Karlo Matkovic (37770342),Neemias Queta (37770755),Desmond Bane (37770125),LeBron James (37770008),Alperen Sengun (37770052),281.3309548611111,371.60602166010494,50000,100.00%,41030,349.19%,0,148.16000000000003,$13.97,BOS 2,MEM 2,user41,50,marvalshot,4584,4649272442_41
Damion Baugh (37770458),Vince Williams Jr. (37770467),Trey Murphy III (37770073),Chris Boucher (37770396),Alperen Sengun (37770052),Stephen Curry (37770033),Moses Moody (37770253),Zion Williamson (37770048),260.4271180555555,356.8577498669871,50000,66.79%,0,-15.16%,0,106.71,$-0.61,NOP 2,GSW 2,user20,1,marvalshot,17902,4649272443_20
Damion Baugh (37770458),Desmond Bane (37770125),LeBron James (37770008),Jaren Jackson Jr. (37770099),Neemias Queta (37770755),Brandin Podziemski (37770175),Karlo Matkovic (37770342),Alperen Sengun (37770052),284.71171875,378.84253442586237,50000,100.00%,49468,884.81%,0,160.9,$35.39,MEM 2,CHA 1,user41,50,marvalshot,11343,4649272444_41
Payton Pritchard (37770208),Damion Baugh (37770458),Sam Hauser (37770402),Karlo Matkovic (37770342),Alperen Sengun (37770052),Ja Morant (37770078),Jaren Jackson Jr. (37770099),Stephen Curry (37770033),287.7371875,377.04749754867765,50000,100.00%,49987,2970.8%,9,158.6,$118.83,BOS 2,MEM 2,user41,50,marvalshot,3950,4649272445_41
Damion Baugh (37770458),Desmond Bane (37770125),Bradley Beal (37770150),Chris Boucher (37770396),Karlo Matkovic (37770342),Luka Doncic (37770002),Tari Eason (37770190),Alperen Sengun (37770052),264.82711805555556,355.37774986698713,49900,97.85%,0,47.57%,0,133.57,$1.9,HOU 2,CHA 1,user34,1,marvalshot,17831,4649272436_34
Luka Doncic (37770002),Payton Pritchard (37770208),Sam Hauser (37770402),Chris Boucher (37770396),Karlo Matkovic (37770342),Ja Morant (37770078),Tari Eason (37770190),Alperen Sengun (37770052),274.46430555555554,364.94524741566477,50000,100.00%,1996,133.09%,0,135.13,$5.32,BOS 2,HOU 2,user42,49,marvalshot,17847,4649272437_42
Brandin Podziemski (37770175),Payton Pritchard (37770208),Bradley Beal (37770150),Karlo Matkovic (37770342),Jarrett Allen (37770161),Vince Williams Jr. (37770467),LeBron James (37770008),Alperen Sengun (37770052),278.82934027777776,367.74813344155746,50000,100.00%,23478,225.46%,0,150.04,$9.02,GSW 1,BOS 1,user42,50,marvalshot,8417,4649272438_42
Stephen Curry (37770033),RJ Barrett (37770118),Zion Williamson (37770048),Sam Hauser (37770402),Neemias Queta (37770755),Damion Baugh (37770458),Bradley Beal (37770150),Alperen Sengun (37770052),279.1701215277777,368.89946628819354,49900,100.00%,26262,245.33%,0,133.76,$9.81,BOS 2,GSW 1,user42,50,marvalshot,1981,4649272439_42
Damion Baugh (37770458),Brandin Podziemski (37770175),Zion Williamson (37770048),Karlo Matkovic (37770342),Alperen Sengun (37770052),Vince Williams Jr. (37770467),Tari Eason (37770190),LeBron James (37770008),273.2,373.86,49900,100.00%,508,117.26%,0,137.95,$4.69,NOP 2,HOU 2,user42,21,marvalshot,17876,4649272440_42
Austin Reaves (37770083),Damion Baugh (37770458),Jaylen Brown (37770094),Kelly Olynyk (37770294),Kristaps Porzingis (37770106),Stephen Curry (37770033),Vince Williams Jr. (37770467),Jarrett Allen (37770161),246.23647569444444,329.99670492817427,49900,0.00%,0,-100.0%,0,104.99,$-4.0,BOS 2,LAL 1,user42,44,marvalshot,17882,4649272441_42
Brandin Podziemski (37770175),Jaylen Brown (37770094),Vince Williams Jr. (37770467),Karlo Matkovic (37770342),Neemias Queta (37770755),Desmond Bane (37770125),LeBron James (37770008),Alperen Sengun (37770052),281.3309548611111,371.60602166010494,50000,100.00%,41030,349.19%,0,148.16000000000003,$13.97,BOS 2,MEM 2,user42,50,marvalshot,4584,4649272442_42
Stephen Curry (37770033),Damion Baugh (37770458),Jimmy Butler (37770090),Chris Boucher (37770396),Jaren Jackson Jr. (37770099),Vince Williams Jr. (37770467),Kelly Olynyk (37770294),LeBron James (37770008),260.38711805555556,356.99774986698714,50000,67.61%,0,-15.66%,0,126.92000000000002,$-0.63,GSW 2,MEM 2,user30,1,marvalshot,17912,4649272443_30
Damion Baugh (37770458),Desmond Bane (37770125),LeBron James (37770008),Jaren Jackson Jr. (37770099),Neemias Queta (37770755),Brandin Podziemski (37770175),Karlo Matkovic (37770342),Alperen Sengun (37770052),284.71171875,378.84253442586237,50000,100.00%,49468,884.81%,0,160.9,$35.39,MEM 2,CHA 1,user42,50,marvalshot,11343,4649272444_42
Payton Pritchard (37770208),Damion Baugh (37770458),Sam Hauser (37770402),Karlo Matkovic (37770342),Alperen Sengun (37770052),Ja Morant (37770078),Jaren Jackson Jr. (37770099),Stephen Curry (37770033),287.7371875,377.04749754867765,50000,100.00%,49987,2970.8%,9,158.6,$118.83,BOS 2,MEM 2,user42,50,marvalshot,3950,4649272445_42
Brandin Podziemski (37770175),De'Aaron Fox (37770044),Vince Williams Jr. (37770467),Chris Boucher (37770396),Jaren Jackson Jr. (37770099),Jalen Green (37770115),Karlo Matkovic (37770342),Alperen Sengun (37770052),264.72711805555554,357.6477498669871,49900,98.27%,0,47.49%,0,144.87,$1.9,MEM 2,HOU 2,user38,1,marvalshot,17835,4649272436_38
Luka Doncic (37770002),Payton Pritchard (37770208),Sam Hauser (37770402),Chris Boucher (37770396),Karlo Matkovic (37770342),Ja Morant (37770078),Tari Eason (37770190),Alperen Sengun (37770052),274.46430555555554,364.94524741566477,50000,100.00%,1996,133.09%,0,135.13,$5.32,BOS 2,HOU 2,user43,49,marvalshot,17847,4649272437_43
Brandin Podziemski (37770175),Payton Pritchard (37770208),Bradley Beal (37770150),Karlo Matkovic (37770342),Jarrett Allen (37770161),Vince Williams Jr. (37770467),LeBron James (37770008),Alperen Sengun (37770052),278.82934027777776,367.74813344155746,50000,100.00%,23478,225.46%,0,150.04,$9.02,GSW 1,BOS 1,user43,50,marvalshot,8417,4649272438_43
Stephen Curry (37770033),RJ Barrett (37770118),Zion Williamson (37770048),Sam Hauser (37770402),Neemias Queta (37770755),Damion Baugh (37770458),Bradley Beal (37770150),Alperen Sengun (37770052),279.1701215277777,368.89946628819354,49900,100.00%,26262,245.33%,0,133.76,$9.81,BOS 2,GSW 1,user43,50,marvalshot,1981,4649272439_43
Damion Baugh (37770458),Brandin Podziemski (37770175),Zion Williamson (37770048),Karlo Matkovic (37770342),Alperen Sengun (37770052),Vince Williams Jr. (37770467),Tari Eason (37770190),LeBron James (37770008),273.2,373.86,49900,100.00%,508,117.26%,0,137.95,$4.69,NOP 2,HOU 2,user43,21,marvalshot,17876,4649272440_43
Austin Reaves (37770083),Damion Baugh (37770458),Jaylen Brown (37770094),Kelly Olynyk (37770294),Kristaps Porzingis (37770106),Stephen Curry (37770033),Vince Williams Jr. (37770467),Jarrett Allen (37770161),246.23647569444444,329.99670492817427,49900,0.00%,0,-100.0%,0,104.99,$-4.0,BOS 2,LAL 1,user43,44,marvalshot,17882,4649272441_43
Brandin Podziemski (37770175),Jaylen Brown (37770094),Vince Williams Jr. (37770467),Karlo Matkovic (37770342),Neemias Queta (37770755),Desmond Bane (37770125),LeBron James (37770008),Alperen Sengun (37770052),281.3309548611111,371.60602166010494,50000,100.00%,41030,349.19%,0,148.16000000000003,$13.97,BOS 2,MEM 2,user43,50,marvalshot,4584,4649272442_43
Devin Booker (37770025),Brandin Podziemski (37770175),Bradley Beal (37770150),Chris Boucher (37770396),Kelly Olynyk (37770294),Vince Williams Jr. (37770467),Jaren Jackson Jr. (37770099),Stephen Curry (37770033),260.3671180555556,349.98774986698714,49900,67.80%,0,-15.85%,0,131.24,$-0.63,PHX 2,GSW 2,user34,1,marvalshot,17916,4649272443_34
Damion Baugh (37770458),Desmond Bane (37770125),LeBron James (37770008),Jaren Jackson Jr. (37770099),Neemias Queta (37770755),Brandin Podziemski (37770175),Karlo Matkovic (37770342),Alperen Sengun (37770052),284.71171875,378.84253442586237,50000,100.00%,49468,884.81%,0,160.9,$35.39,MEM 2,CHA 1,user43,50,marvalshot,11343,4649272444_43
Payton Pritchard (37770208),Damion Baugh (37770458),Sam Hauser (37770402),Karlo Matkovic (37770342),Alperen Sengun (37770052),Ja Morant (37770078),Jaren Jackson Jr. (37770099),Stephen Curry (37770033),287.7371875,377.04749754867765,50000,100.00%,49987,2970.8%,9,158.6,$118.83,BOS 2,MEM 2,user43,50,marvalshot,3950,4649272445_43
Brandin Podziemski (37770175),Damion Baugh (37770458),Bradley Beal (37770150),Chris Boucher (37770396),Alperen Sengun (37770052),Devin Booker (37770025),Jaren Jackson Jr. (37770099),Kelly Olynyk (37770294),264.66711805555553,354.4677498669871,49600,98.24%,0,47.39%,0,148.78,$1.9,PHX 2,GSW 1,user26,1,marvalshot,17823,4649272436_26
Luka Doncic (37770002),Payton Pritchard (37770208),Sam Hauser (37770402),Chris Boucher (37770396),Karlo Matkovic (37770342),Ja Morant (37770078),Tari Eason (37770190),Alperen Sengun (37770052),274.46430555555554,364.94524741566477,50000,100.00%,1996,133.09%,0,135.13,$5.32,BOS 2,HOU 2,user44,49,marvalshot,17847,4649272437_44
Brandin Podziemski (37770175),Payton Pritchard (37770208),Bradley Beal (37770150),Karlo Matkovic (37770342),Jarrett Allen (37770161),Vince Williams Jr. (37770467),LeBron James (37770008),Alperen Sengun (37770052),278.82934027777776,367.74813344155746,50000,100.00%,23478,225.46%,0,150.04,$9.02,GSW 1,BOS 1,user44,50,marvalshot,8417,4649272438_44
Stephen Curry (37770033),RJ Barrett (37770118),Zion Williamson (37770048),Sam Hauser (37770402),Neemias Queta (37770755),Damion Baugh (37770458),Bradley Beal (37770150),Alperen Sengun (37770052),279.1701215277777,368.89946628819354,49900,100.00%,26262,245.33%,0,133.76,$9.81,BOS 2,GSW 1,user44,50,marvalshot,1981,4649272439_44
Damion Baugh (37770458),Brandin Podziemski (37770175),Zion Williamson (37770048),Karlo Matkovic (37770342),Alperen Sengun (37770052),Vince Williams Jr. (37770467),Tari Eason (37770190),LeBron James (37770008),273.2,373.86,49900,100.00%,508,117.26%,0,137.95,$4.69,NOP 2,HOU 2,user44,21,marvalshot,17876,4649272440_44
Austin Reaves (37770083),Damion Baugh (37770458),Jaylen Brown (37770094),Kelly Olynyk (37770294),Kristaps Porzingis (37770106),Stephen Curry (37770033),Vince Williams Jr. (37770467),Jarrett Allen (37770161),246.23647569444444,329.99670492817427,49900,0.00%,0,-100.0%,0,104.99,$-4.0,BOS 2,LAL 1,user44,44,marvalshot,17882,4649272441_44
Brandin Podziemski (37770175),Jaylen Brown (37770094),Vince Williams Jr. (37770467),Karlo Matkovic (37770342),Neemias Queta (37770755),Desmond Bane (37770125),LeBron James (37770008),Alperen Sengun (37770052),281.3309548611111,371.60602166010494,50000,100.00%,41030,349.19%,0,148.16000000000003,$13.97,BOS 2,MEM 2,user44,50,marvalshot,4584,4649272442_44
Stephen Curry (37770033),Jalen Green (37770115),Vince Williams Jr. (37770467),Chris Boucher (37770396),Alperen Sengun (37770052),Moses Moody (37770253),Karlo Matkovic (37770342),Trey Murphy III (37770073),260.4171180555556,348.7677498669872,49400,66.24%,0,-16.18%,0,98.21000000000001,$-0.65,GSW 2,HOU 2,user27,1,marvalshot,17909,4649272443_27
Damion Baugh (37770458),Desmond Bane (37770125),LeBron James (37770008),Jaren Jackson Jr. (37770099),Neemias Queta (37770755),Brandin Podziemski (37770175),Karlo Matkovic (37770342),Alperen Sengun (37770052),284.71171875,378.84253442586237,50000,100.00%,49468,884.81%,0,160.9,$35.39,MEM 2,CHA 1,user44,50,marvalshot,11343,4649272444_44
Payton Pritchard (37770208),Damion Baugh (37770458),Sam Hauser (37770402),Karlo Matkovic (37770342),Alperen Sengun (37770052),Ja Morant (37770078),Jaren Jackson Jr. (37770099),Stephen Curry (37770033),287.7371875,377.04749754867765,50000,100.00%,49987,2970.8%,9,158.6,$118.83,BOS 2,MEM 2,user44,50,marvalshot,3950,4649272445_44
Stephen Curry (37770033),Brandin Podziemski (37770175),Amen Thompson (37770054),Chris Boucher (37770396),Alperen Sengun (37770052),Damion Baugh (37770458),Karlo Matkovic (37770342),Bradley Beal (37770150),264.75711805555557,350.8177498669871,49800,98.00%,0,47.16%,0,116.24,$1.89,GSW 2,HOU 2,user42,1,marvalshot,17839,4649272436_42
Luka Doncic (37770002),Payton Pritchard (37770208),Sam Hauser (37770402),Chris Boucher (37770396),Karlo Matkovic (37770342),Ja Morant (37770078),Tari Eason (37770190),Alperen Sengun (37770052),274.46430555555554,364.94524741566477,50000,100.00%,1996,133.09%,0,135.13,$5.32,BOS 2,HOU 2,user45,49,marvalshot,17847,4649272437_45
Brandin Podziemski (37770175),Payton Pritchard (37770208),Bradley Beal (37770150),Karlo Matkovic (37770342),Jarrett Allen (37770161),Vince Williams Jr. (37770467),LeBron James (37770008),Alperen Sengun (37770052),278.82934027777776,367.74813344155746,50000,100.00%,23478,225.46%,0,150.04,$9.02,GSW 1,BOS 1,user45,50,marvalshot,8417,4649272438_45
Stephen Curry (37770033),RJ Barrett (37770118),Zion Williamson (37770048),Sam Hauser (37770402),Neemias Queta (37770755),Damion Baugh (37770458),Bradley Beal (37770150),Alperen Sengun (37770052),279.1701215277777,368.89946628819354,49900,100.00%,26262,245.33%,0,133.76,$9.81,BOS 2,GSW 1,user45,50,marvalshot,1981,4649272439_45
Damion Baugh (37770458),Brandin Podziemski (37770175),Zion Williamson (37770048),Karlo Matkovic (37770342),Alperen Sengun (37770052),Vince Williams Jr. (37770467),Tari Eason (37770190),LeBron James (37770008),273.2,373.86,49900,100.00%,508,117.26%,0,137.95,$4.69,NOP 2,HOU 2,user45,21,marvalshot,17876,4649272440_45
Austin Reaves (37770083),Damion Baugh (37770458),Jaylen Brown (37770094),Kelly Olynyk (37770294),Kristaps Porzingis (37770106),Stephen Curry (37770033),Vince Williams Jr. (37770467),Jarrett Allen (37770161),246.23647569444444,329.99670492817427,49900,0.00%,0,-100.0%,0,104.99,$-4.0,BOS 2,LAL 1,user45,44,marvalshot,17882,4649272441_45
Brandin Podziemski (37770175),Jaylen Brown (37770094),Vince Williams Jr. (37770467),Karlo Matkovic (37770342),Neemias Queta (37770755),Desmond Bane (37770125),LeBron James (37770008),Alperen Sengun (37770052),281.3309548611111,371.60602166010494,50000,100.00%,41030,349.19%,0,148.16000000000003,$13.97,BOS 2,MEM 2,user45,50,marvalshot,4584,4649272442_45
Damion Baugh (37770458),De'Aaron Fox (37770044),LeBron James (37770008),Chris Boucher (37770396),Karlo Matkovic (37770342),Moses Moody (37770253),Draymond Green (37770171),Alperen Sengun (37770052),260.37711805555557,352.41774986698715,49900,65.44%,0,-16.6%,0,98.33000000000001,$-0.66,GSW 2,CHA 1,user17,1,marvalshot,17899,4649272443_17
Damion Baugh (37770458),Desmond Bane (37770125),LeBron James (37770008),Jaren Jackson Jr. (37770099),Neemias Queta (37770755),Brandin Podziemski (37770175),Karlo Matkovic (37770342),Alperen Sengun (37770052),284.71171875,378.84253442586237,50000,100.00%,49468,884.81%,0,160.9,$35.39,MEM 2,CHA 1,user45,50,marvalshot,11343,4649272444_45
Payton Pritchard (37770208),Damion Baugh (37770458),Sam Hauser (37770402),Karlo Matkovic (37770342),Alperen Sengun (37770052),Ja Morant (37770078),Jaren Jackson Jr. (37770099),Stephen Curry (37770033),287.7371875,377.04749754867765,50000,100.00%,49987,2970.8%,9,158.6,$118.83,BOS 2,MEM 2,user45,50,marvalshot,3950,4649272445_45
Ja Morant (37770078),Jalen Green (37770115),Vince Williams Jr. (37770467),Chris Boucher (37770396),Alperen Sengun (37770052),Luka Doncic (37770002),Olivier-Maxence Prosper (37770416),Karlo Matkovic (37770342),264.71711805555555,360.7477498669871,50000,97.85%,0,47.02%,0,134.22000000000003,$1.88,MEM 2,HOU 2,user43,1,marvalshot,17840,4649272436_43
Luka Doncic (37770002),Payton Pritchard (37770208),Sam Hauser (37770402),Chris Boucher (37770396),Karlo Matkovic (37770342),Ja Morant (37770078),Tari Eason (37770190),Alperen Sengun (37770052),274.46430555555554,364.94524741566477,50000,100.00%,1996,133.09%,0,135.13,$5.32,BOS 2,HOU 2,user46,49,marvalshot,17847,4649272437_46
Brandin Podziemski (37770175),Payton Pritchard (37770208),Bradley Beal (37770150),Karlo Matkovic (37770342),Jarrett Allen (37770161),Vince Williams Jr. (37770467),LeBron James (37770008),Alperen Sengun (37770052),278.82934027777776,367.74813344155746,50000,100.00%,23478,225.46%,0,150.04,$9.02,GSW 1,BOS 1,user46,50,marvalshot,8417,4649272438_46
Stephen Curry (37770033),RJ Barrett (37770118),Zion Williamson (37770048),Sam Hauser (37770402),Neemias Queta (37770755),Damion Baugh (37770458),Bradley Beal (37770150),Alperen Sengun (37770052),279.1701215277777,368.89946628819354,49900,100.00%,26262,245.33%,0,133.76,$9.81,BOS 2,GSW 1,user46,50,marvalshot,1981,4649272439_46
Damion Baugh (37770458),Brandin Podziemski (37770175),Zion Williamson (37770048),Karlo Matkovic (37770342),Alperen Sengun (37770052),Vince Williams Jr. (37770467),Tari Eason (37770190),LeBron James (37770008),273.2,373.86,49900,100.00%,508,117.26%,0,137.95,$4.69,NOP 2,HOU 2,user46,21,marvalshot,17876,4649272440_46
Austin Reaves (37770083),Damion Baugh (37770458),Jaylen Brown (37770094),Kelly Olynyk (37770294),Kristaps Porzingis (37770106),Stephen Curry (37770033),Vince Williams Jr. (37770467),Jarrett Allen (37770161),246.23647569444444,329.99670492817427,49900,0.00%,0,-100.0%,0,104.99,$-4.0,BOS 2,LAL 1,user46,44,marvalshot,17882,4649272441_46
Brandin Podziemski (37770175),Jaylen Brown (37770094),Vince Williams Jr. (37770467),Karlo Matkovic (37770342),Neemias Queta (37770755),Desmond Bane (37770125),LeBron James (37770008),Alperen Sengun (37770052),281.3309548611111,371.60602166010494,50000,100.00%,41030,349.19%,0,148.16000000000003,$13.97,BOS 2,MEM 2,user46,50,marvalshot,4584,4649272442_46
Damion Baugh (37770458),Trey Murphy III (37770073),Nick Smith Jr. (37770212),Chris Boucher (37770396),Alperen Sengun (37770052),Stephen Curry (37770033),Olivier-Maxence Prosper (37770416),Jaren Jackson Jr. (37770099),260.3671180555555,349.3477498669871,49700,65.84%,0,-16.76%,0,110.31,$-0.67,CHA 2,NOP 1,user7,1,marvalshot,17889,4649272443_7
Damion Baugh (37770458),Desmond Bane (37770125),LeBron James (37770008),Jaren Jackson Jr. (37770099),Neemias Queta (37770755),Brandin Podziemski (37770175),Karlo Matkovic (37770342),Alperen Sengun (37770052),284.71171875,378.84253442586237,50000,100.00%,49468,884.81%,0,160.9,$35.39,MEM 2,CHA 1,user46,50,marvalshot,11343,4649272444_46
Payton Pritchard (37770208),Damion Baugh (37770458),Sam Hauser (37770402),Karlo Matkovic (37770342),Alperen Sengun (37770052),Ja Morant (37770078),Jaren Jackson Jr. (37770099),Stephen Curry (37770033),287.7371875,377.04749754867765,50000,100.00%,49987,2970.8%,9,158.6,$118.83,BOS 2,MEM 2,user46,50,marvalshot,3950,4649272445_46
Austin Reaves (37770083),Brandin Podziemski (37770175),LeBron James (37770008),Chris Boucher (37770396),Alperen Sengun (37770052),Vince Williams Jr. (37770467),Rui Hachimura (37770179),Karlo Matkovic (37770342),264.66711805555553,354.2377498669871,50000,97.95%,0,47.02%,0,109.35000000000001,$1.88,LAL 3,GSW 1,user49,1,marvalshot,17846,4649272436_49
Luka Doncic (37770002),Payton Pritchard (37770208),Sam Hauser (37770402),Chris Boucher (37770396),Karlo Matkovic (37770342),Ja Morant (37770078),Tari Eason (37770190),Alperen Sengun (37770052),274.46430555555554,364.94524741566477,50000,100.00%,1996,133.09%,0,135.13,$5.32,BOS 2,HOU 2,user47,49,marvalshot,17847,4649272437_47
Brandin Podziemski (37770175),Payton Pritchard (37770208),Bradley Beal (37770150),Karlo Matkovic (37770342),Jarrett Allen (37770161),Vince Williams Jr. (37770467),LeBron James (37770008),Alperen Sengun (37770052),278.82934027777776,367.74813344155746,50000,100.00%,23478,225.46%,0,150.04,$9.02,GSW 1,BOS 1,user47,50,marvalshot,8417,4649272438_47
Stephen Curry (37770033),RJ Barrett (37770118),Zion Williamson (37770048),Sam Hauser (37770402),Neemias Queta (37770755),Damion Baugh (37770458),Bradley Beal (37770150),Alperen Sengun (37770052),279.1701215277777,368.89946628819354,49900,100.00%,26262,245.33%,0,133.76,$9.81,BOS 2,GSW 1,user47,50,marvalshot,1981,4649272439_47
Damion Baugh (37770458),Brandin Podziemski (37770175),Zion Williamson (37770048),Karlo Matkovic (37770342),Alperen Sengun (37770052),Vince Williams Jr. (37770467),Tari Eason (37770190),LeBron James (37770008),273.2,373.86,49900,100.00%,508,117.26%,0,137.95,$4.69,NOP 2,HOU 2,user47,21,marvalshot,17876,4649272440_47
Austin Reaves (37770083),Damion Baugh (37770458),Jaylen Brown (37770094),Kelly Olynyk (37770294),Kristaps Porzingis (37770106),Stephen Curry (37770033),Vince Williams Jr. (37770467),Jarrett Allen (37770161),246.23647569444444,329.99670492817427,49900,0.00%,0,-100.0%,0,104.99,$-4.0,BOS 2,LAL 1,user47,44,marvalshot,17882,4649272441_47
Brandin Podziemski (37770175),Jaylen Brown (37770094),Vince Williams Jr. (37770467),Karlo Matkovic (37770342),Neemias Queta (37770755),Desmond Bane (37770125),LeBron James (37770008),Alperen Sengun (37770052),281.3309548611111,371.60602166010494,50000,100.00%,41030,349.19%,0,148.16000000000003,$13.97,BOS 2,MEM 2,user47,50,marvalshot,4584,4649272442_47
Ja Morant (37770078),Bradley Beal (37770150),Zion Williamson (37770048),Chris Boucher (37770396),Quinten Post (37770380),Brandin Podziemski (37770175),Kelly Olynyk (37770294),Alperen Sengun (37770052),260.32711805555556,359.2277498669871,49900,66.14%,0,-17.0%,0,129.27999999999997,$-0.68,NOP 2,GSW 2,user22,1,marvalshot,17904,4649272443_22
Damion Baugh (37770458),Desmond Bane (37770125),LeBron James (37770008),Jaren Jackson Jr. (37770099),Neemias Queta (37770755),Brandin Podziemski (37770175),Karlo Matkovic (37770342),Alperen Sengun (37770052),284.71171875,378.84253442586237,50000,100.00%,49468,884.81%,0,160.9,$35.39,MEM 2,CHA 1,user47,50,marvalshot,11343,4649272444_47
Payton Pritchard (37770208),Damion Baugh (37770458),Sam Hauser (37770402),Karlo Matkovic (37770342),Alperen Sengun (37770052),Ja Morant (37770078),Jaren Jackson Jr. (37770099),Stephen Curry (37770033),287.7371875,377.04749754867765,50000,100.00%,49987,2970.8%,9,158.6,$118.83,BOS 2,MEM 2,user47,50,marvalshot,3950,4649272445_47
Stephen Curry (37770033),Brandin Podziemski (37770175),Bradley Beal (37770150),Chris Boucher (37770396),Sandro Mamukelashvili (37770382),Austin Reaves (37770083),Karlo Matkovic (37770342),Alperen Sengun (37770052),264.77711805555555,354.2177498669871,49800,97.45%,0,46.65%,0,92.33000000000001,$1.87,GSW 2,PHX 1,user40,1,marvalshot,17837,4649272436_40
Luka Doncic (37770002),Payton Pritchard (37770208),Sam Hauser (37770402),Chris Boucher (37770396),Karlo Matkovic (37770342),Ja Morant (37770078),Tari Eason (37770190),Alperen Sengun (37770052),274.46430555555554,364.94524741566477,50000,100.00%,1996,133.09%,0,135.13,$5.32,BOS 2,HOU 2,user48,49,marvalshot,17847,4649272437_48
Brandin Podziemski (37770175),Payton Pritchard (37770208),Bradley Beal (37770150),Karlo Matkovic (37770342),Jarrett Allen (37770161),Vince Williams Jr. (37770467),LeBron James (37770008),Alperen Sengun (37770052),278.82934027777776,367.74813344155746,50000,100.00%,23478,225.46%,0,150.04,$9.02,GSW 1,BOS 1,user48,50,marvalshot,8417,4649272438_48
Stephen Curry (37770033),RJ Barrett (37770118),Zion Williamson (37770048),Sam Hauser (37770402),Neemias Queta (37770755),Damion Baugh (37770458),Bradley Beal (37770150),Alperen Sengun (37770052),279.1701215277777,368.89946628819354,49900,100.00%,26262,245.33%,0,133.76,$9.81,BOS 2,GSW 1,user48,50,marvalshot,1981,4649272439_48
Damion Baugh (37770458),Brandin Podziemski (37770175),Zion Williamson (37770048),Karlo Matkovic (37770342),Alperen Sengun (37770052),Vince Williams Jr. (37770467),Tari Eason (37770190),LeBron James (37770008),273.2,373.86,49900,100.00%,508,117.26%,0,137.95,$4.69,NOP 2,HOU 2,user48,21,marvalshot,17876,4649272440_48
Austin Reaves (37770083),Damion Baugh (37770458),Jaylen Brown (37770094),Kelly Olynyk (37770294),Kristaps Porzingis (37770106),Stephen Curry (37770033),Vince Williams Jr. (37770467),Jarrett Allen (37770161),246.23647569444444,329.99670492817427,49900,0.00%,0,-100.0%,0,104.99,$-4.0,BOS 2,LAL 1,user48,44,marvalshot,17882,4649272441_48
Brandin Podziemski (37770175),Jaylen Brown (37770094),Vince Williams Jr. (37770467),Karlo Matkovic (37770342),Neemias Queta (37770755),Desmond Bane (37770125),LeBron James (37770008),Alperen Sengun (37770052),281.3309548611111,371.60602166010494,50000,100.00%,41030,349.19%,0,148.16000000000003,$13.97,BOS 2,MEM 2,user48,50,marvalshot,4584,4649272442_48
Brandin Podziemski (37770175),Bradley Beal (37770150),Naji Marshall (37770265),Chris Boucher (37770396),Alperen Sengun (37770052),CJ McCollum (37770108),Jaren Jackson Jr. (37770099),Santi Aldama (37770228),260.29711805555553,349.9177498669871,49900,65.31%,0,-18.0%,0,130.95000000000002,$-0.72,MEM 2,GSW 1,user37,1,marvalshot,17919,4649272443_37
Damion Baugh (37770458),Desmond Bane (37770125),LeBron James (37770008),Jaren Jackson Jr. (37770099),Neemias Queta (37770755),Brandin Podziemski (37770175),Karlo Matkovic (37770342),Alperen Sengun (37770052),284.71171875,378.84253442586237,50000,100.00%,49468,884.81%,0,160.9,$35.39,MEM 2,CHA 1,user48,50,marvalshot,11343,4649272444_48
Payton Pritchard (37770208),Damion Baugh (37770458),Sam Hauser (37770402),Karlo Matkovic (37770342),Alperen Sengun (37770052),Ja Morant (37770078),Jaren Jackson Jr. (37770099),Stephen Curry (37770033),287.7371875,377.04749754867765,50000,100.00%,49987,2970.8%,9,158.6,$118.83,BOS 2,MEM 2,user48,50,marvalshot,3950,4649272445_48
Damion Baugh (37770458),Austin Reaves (37770083),Nick Smith Jr. (37770212),Chris Boucher (37770396),Karlo Matkovic (37770342),Stephen Curry (37770033),Jaren Jackson Jr. (37770099),Alperen Sengun (37770052),264.65711805555554,354.2077498669871,50000,97.38%,0,46.05%,0,108.34,$1.84,CHA 2,LAL 1,user6,1,marvalshot,17803,4649272436_6
Luka Doncic (37770002),Payton Pritchard (37770208),Sam Hauser (37770402),Chris Boucher (37770396),Karlo Matkovic (37770342),Ja Morant (37770078),Tari Eason (37770190),Alperen Sengun (37770052),274.46430555555554,364.94524741566477,50000,100.00%,1996,133.09%,0,135.13,$5.32,BOS 2,HOU 2,user49,49,marvalshot,17847,4649272437_49
Brandin Podziemski (37770175),Payton Pritchard (37770208),Bradley Beal (37770150),Karlo Matkovic (37770342),Jarrett Allen (37770161),Vince Williams Jr. (37770467),LeBron James (37770008),Alperen Sengun (37770052),278.82934027777776,367.74813344155746,50000,100.00%,23478,225.46%,0,150.04,$9.02,GSW 1,BOS 1,user49,50,marvalshot,8417,4649272438_49
Stephen Curry (37770033),RJ Barrett (37770118),Zion Williamson (37770048),Sam Hauser (37770402),Neemias Queta (37770755),Damion Baugh (37770458),Bradley Beal (37770150),Alperen Sengun (37770052),279.1701215277777,368.89946628819354,49900,100.00%,26262,245.33%,0,133.76,$9.81,BOS 2,GSW 1,user49,50,marvalshot,1981,4649272439_49
Damion Baugh (37770458),Brandin Podziemski (37770175),Zion Williamson (37770048),Karlo Matkovic (37770342),Alperen Sengun (37770052),Vince Williams Jr. (37770467),Tari Eason (37770190),LeBron James (37770008),273.2,373.86,49900,100.00%,508,117.26%,0,137.95,$4.69,NOP 2,HOU 2,user49,21,marvalshot,17876,4649272440_49
Austin Reaves (37770083),Damion Baugh (37770458),Jaylen Brown (37770094),Kelly Olynyk (37770294),Kristaps Porzingis (37770106),Stephen Curry (37770033),Vince Williams Jr. (37770467),Jarrett Allen (37770161),246.23647569444444,329.99670492817427,49900,0.00%,0,-100.0%,0,104.99,$-4.0,BOS 2,LAL 1,user49,44,marvalshot,17882,4649272441_49
Brandin Podziemski (37770175),Jaylen Brown (37770094),Vince Williams Jr. (37770467),Karlo Matkovic (37770342),Neemias Queta (37770755),Desmond Bane (37770125),LeBron James (37770008),Alperen Sengun (37770052),281.3309548611111,371.60602166010494,50000,100.00%,41030,349.19%,0,148.16000000000003,$13.97,BOS 2,MEM 2,user49,50,marvalshot,4584,4649272442_49
Damion Baugh (37770458),Jalen Green (37770115),LeBron James (37770008),Chris Boucher (37770396),Sandro Mamukelashvili (37770382),Stephen Curry (37770033),Kelly Olynyk (37770294),Jaren Jackson Jr. (37770099),260.28711805555554,356.3377498669871,49900,65.40%,0,-18.13%,0,109.47,$-0.73,CHA 1,HOU 1,user6,1,marvalshot,17888,4649272443_6
Damion Baugh (37770458),Desmond Bane (37770125),LeBron James (37770008),Jaren Jackson Jr. (37770099),Neemias Queta (37770755),Brandin Podziemski (37770175),Karlo Matkovic (37770342),Alperen Sengun (37770052),284.71171875,378.84253442586237,50000,100.00%,49468,884.81%,0,160.9,$35.39,MEM 2,CHA 1,user49,50,marvalshot,11343,4649272444_49
Payton Pritchard (37770208),Damion Baugh (37770458),Sam Hauser (37770402),Karlo Matkovic (37770342),Alperen Sengun (37770052),Ja Morant (37770078),Jaren Jackson Jr. (37770099),Stephen Curry (37770033),287.7371875,377.04749754867765,50000,100.00%,49987,2970.8%,9,158.6,$118.83,BOS 2,MEM 2,user49,50,marvalshot,3950,4649272445_49
