PG,SG,SF,PF,C,G,F,UTIL,Proj,Ceiling,Salary,Cash %,Top 1%,ROI%,Wins,Own Sum,Avg Return,Stack1,Stack2,Lineup,Dupes,User,Index,Entry ID
Trae Young (37750915),Bradley Beal (37751061),RJ Barrett (37751003),Georges Niang (37751274),Wendell Carter Jr. (37751163),Vince Williams Jr. (37751460),Paolo Banchero (37750942),Jarrett Allen (37751052),281.26,371.16999999999996,49900,100.00%,49852,3121.73%,3658,157.94,$93.65,ATL 2,ORL 2,user,50,marvalshot,3490,4647704632
Trae Young (37750915),Cole Anthony (37751114),Ausar Thompson (37751085),Georges Niang (37751274),Onyeka Okongwu (37751069),Anthony Edwards (37750911),Kelly Olynyk (37751258),Jarrett Allen (37751052),281.11,375.22,50000,100.00%,49807,20145.36%,4367,170.69,$604.36,ATL 3,ORL 1,user,1,marvalshot,3491,4647704633
Cole Anthony (37751114),RJ Barrett (37751003),Franz Wagner (37750931),Paolo Banchero (37750942),Onyeka Okongwu (37751069),Vince Williams Jr. (37751460),Kelly Olynyk (37751258),Jarrett Allen (37751052),279.28999999999996,374.76,49800,100.00%,48634,1024.09%,308,208.66,$30.72,ORL 3,TOR 1,user,50,marvalshot,3492,4647704634
Cole Anthony (37751114),RJ Barrett (37751003),Caris LeVert (37751093),Kelly Olynyk (37751258),Wendell Carter Jr. (37751163),Trae Young (37750915),Vince Williams Jr. (37751460),Cade Cunningham (37750905),279.15999999999997,374.46999999999997,49800,100.00%,49176,894.92%,95,190.05,$26.85,ORL 2,ATL 2,user,50,marvalshot,3493,4647704635
Jordan Poole (37750986),Cole Anthony (37751114),Ausar Thompson (37751085),Paolo Banchero (37750942),Onyeka Okongwu (37751069),Trae Young (37750915),Vince Williams Jr. (37751460),Kelly Olynyk (37751258),275.77,371.92999999999995,49800,100.00%,33719,226.14%,0,176.96999999999997,$6.78,ORL 2,ATL 2,user,50,marvalshot,3494,4647704636
Trae Young (37750915),Cole Anthony (37751114),Zaccharie Risacher (37751214),Paolo Banchero (37750942),Jarrett Allen (37751052),Vince Williams Jr. (37751460),Zion Williamson (37750934),Davion Mitchell (37751323),273.96,371.08,49900,100.00%,18807,173.09%,1,176.82999999999998,$5.19,ATL 2,ORL 2,user,50,marvalshot,3496,4647704637
Trae Young (37750915),Vince Williams Jr. (37751460),Zaccharie Risacher (37751214),Georges Niang (37751274),Wendell Carter Jr. (37751163),Donovan Mitchell (37750950),Kyshawn George (37751149),Cade Cunningham (37750905),272.68,361.81,49700,100.00%,10318,149.35%,0,123.27000000000001,$4.48,ATL 3,MEM 1,user,50,marvalshot,3497,4647704638
Anthony Edwards (37750911),Cole Anthony (37751114),Vince Williams Jr. (37751460),Zaccharie Risacher (37751214),Onyeka Okongwu (37751069),RJ Barrett (37751003),Naz Reid (37750978),Jarrett Allen (37751052),276.27,363.53,49800,100.00%,36611,494.51%,5,183.44,$14.84,MIN 2,ATL 2,user,1,marvalshot,3498,4647704639
Trae Young (37750915),Cole Anthony (37751114),Zaccharie Risacher (37751214),Paolo Banchero (37750942),Jalen Duren (37751019),Vince Williams Jr. (37751460),Evan Mobley (37750964),Davion Mitchell (37751323),275.06,369.87,49900,100.00%,27416,226.01%,9,173.94,$6.78,ATL 2,ORL 2,user,50,marvalshot,3499,4647704640
Davion Mitchell (37751323),Cole Anthony (37751114),Nickeil Alexander-Walker (37751134),Santi Aldama (37751160),Onyeka Okongwu (37751069),Anthony Edwards (37750911),Zion Williamson (37750934),Jalen Duren (37751019),270.56,362.25,50000,100.00%,2827,121.29%,0,145.75,$3.64,MIN 2,MIA 1,user1,1,marvalshot,11374,4647704641_1
Trae Young (37750915),Bradley Beal (37751061),RJ Barrett (37751003),Georges Niang (37751274),Wendell Carter Jr. (37751163),Vince Williams Jr. (37751460),Paolo Banchero (37750942),Jarrett Allen (37751052),281.26,371.16999999999996,49900,100.00%,49852,3121.73%,3658,157.94,$93.65,ATL 2,ORL 2,user1,50,marvalshot,3490,4647704632_1
Trae Young (37750915),Cole Anthony (37751114),Ausar Thompson (37751085),Georges Niang (37751274),Onyeka Okongwu (37751069),Donovan Mitchell (37750950),Vince Williams Jr. (37751460),Evan Mobley (37750964),275.8,372.58000000000004,50000,100.00%,33662,263.4%,2,170.28000000000003,$7.9,ATL 3,CLE 2,user1,49,marvalshot,11371,4647704633_1
Cole Anthony (37751114),RJ Barrett (37751003),Franz Wagner (37750931),Paolo Banchero (37750942),Onyeka Okongwu (37751069),Vince Williams Jr. (37751460),Kelly Olynyk (37751258),Jarrett Allen (37751052),279.28999999999996,374.76,49800,100.00%,48634,1024.09%,308,208.66,$30.72,ORL 3,TOR 1,user1,50,marvalshot,3492,4647704634_1
Cole Anthony (37751114),RJ Barrett (37751003),Caris LeVert (37751093),Kelly Olynyk (37751258),Wendell Carter Jr. (37751163),Trae Young (37750915),Vince Williams Jr. (37751460),Cade Cunningham (37750905),279.15999999999997,374.46999999999997,49800,100.00%,49176,894.92%,95,190.05,$26.85,ORL 2,ATL 2,user1,50,marvalshot,3493,4647704635_1
Jordan Poole (37750986),Cole Anthony (37751114),Ausar Thompson (37751085),Paolo Banchero (37750942),Onyeka Okongwu (37751069),Trae Young (37750915),Vince Williams Jr. (37751460),Kelly Olynyk (37751258),275.77,371.92999999999995,49800,100.00%,33719,226.14%,0,176.96999999999997,$6.78,ORL 2,ATL 2,user1,50,marvalshot,3494,4647704636_1
Trae Young (37750915),Cole Anthony (37751114),Zaccharie Risacher (37751214),Paolo Banchero (37750942),Jarrett Allen (37751052),Vince Williams Jr. (37751460),Zion Williamson (37750934),Davion Mitchell (37751323),273.96,371.08,49900,100.00%,18807,173.09%,1,176.82999999999998,$5.19,ATL 2,ORL 2,user1,50,marvalshot,3496,4647704637_1
Trae Young (37750915),Vince Williams Jr. (37751460),Zaccharie Risacher (37751214),Georges Niang (37751274),Wendell Carter Jr. (37751163),Donovan Mitchell (37750950),Kyshawn George (37751149),Cade Cunningham (37750905),272.68,361.81,49700,100.00%,10318,149.35%,0,123.27000000000001,$4.48,ATL 3,MEM 1,user1,50,marvalshot,3497,4647704638_1
Anthony Edwards (37750911),Cole Anthony (37751114),Vince Williams Jr. (37751460),Zaccharie Risacher (37751214),Onyeka Okongwu (37751069),RJ Barrett (37751003),Jaren Jackson Jr. (37750968),Jarrett Allen (37751052),276.01,367.78,50000,100.00%,34905,419.63%,5,190.2,$12.59,MEM 2,ATL 2,user1,1,marvalshot,11372,4647704639_1
Trae Young (37750915),Cole Anthony (37751114),Zaccharie Risacher (37751214),Paolo Banchero (37750942),Jalen Duren (37751019),Vince Williams Jr. (37751460),Evan Mobley (37750964),Davion Mitchell (37751323),275.06,369.87,49900,100.00%,27416,226.01%,9,173.94,$6.78,ATL 2,ORL 2,user1,50,marvalshot,3499,4647704640_1
Davion Mitchell (37751323),Cole Anthony (37751114),Jaden McDaniels (37751034),Evan Mobley (37750964),Onyeka Okongwu (37751069),Anthony Edwards (37750911),Vince Williams Jr. (37751460),Jalen Duren (37751019),269.62,356.32,49600,100.00%,984,106.6%,0,158.56,$3.2,MIN 2,MIA 1,user,1,marvalshot,3500,4647704641
Trae Young (37750915),Bradley Beal (37751061),RJ Barrett (37751003),Georges Niang (37751274),Wendell Carter Jr. (37751163),Vince Williams Jr. (37751460),Paolo Banchero (37750942),Jarrett Allen (37751052),281.26,371.16999999999996,49900,100.00%,49852,3121.73%,3658,157.94,$93.65,ATL 2,ORL 2,user2,50,marvalshot,3490,4647704632_2
Trae Young (37750915),Cole Anthony (37751114),Ausar Thompson (37751085),Georges Niang (37751274),Onyeka Okongwu (37751069),Donovan Mitchell (37750950),Vince Williams Jr. (37751460),Evan Mobley (37750964),275.8,372.58000000000004,50000,100.00%,33662,263.4%,2,170.28000000000003,$7.9,ATL 3,CLE 2,user2,49,marvalshot,11371,4647704633_2
Cole Anthony (37751114),RJ Barrett (37751003),Franz Wagner (37750931),Paolo Banchero (37750942),Onyeka Okongwu (37751069),Vince Williams Jr. (37751460),Kelly Olynyk (37751258),Jarrett Allen (37751052),279.28999999999996,374.76,49800,100.00%,48634,1024.09%,308,208.66,$30.72,ORL 3,TOR 1,user2,50,marvalshot,3492,4647704634_2
Cole Anthony (37751114),RJ Barrett (37751003),Caris LeVert (37751093),Kelly Olynyk (37751258),Wendell Carter Jr. (37751163),Trae Young (37750915),Vince Williams Jr. (37751460),Cade Cunningham (37750905),279.15999999999997,374.46999999999997,49800,100.00%,49176,894.92%,95,190.05,$26.85,ORL 2,ATL 2,user2,50,marvalshot,3493,4647704635_2
Jordan Poole (37750986),Cole Anthony (37751114),Ausar Thompson (37751085),Paolo Banchero (37750942),Onyeka Okongwu (37751069),Trae Young (37750915),Vince Williams Jr. (37751460),Kelly Olynyk (37751258),275.77,371.92999999999995,49800,100.00%,33719,226.14%,0,176.96999999999997,$6.78,ORL 2,ATL 2,user2,50,marvalshot,3494,4647704636_2
Trae Young (37750915),Cole Anthony (37751114),Zaccharie Risacher (37751214),Paolo Banchero (37750942),Jarrett Allen (37751052),Vince Williams Jr. (37751460),Zion Williamson (37750934),Davion Mitchell (37751323),273.96,371.08,49900,100.00%,18807,173.09%,1,176.82999999999998,$5.19,ATL 2,ORL 2,user2,50,marvalshot,3496,4647704637_2
Trae Young (37750915),Vince Williams Jr. (37751460),Zaccharie Risacher (37751214),Georges Niang (37751274),Wendell Carter Jr. (37751163),Donovan Mitchell (37750950),Kyshawn George (37751149),Cade Cunningham (37750905),272.68,361.81,49700,100.00%,10318,149.35%,0,123.27000000000001,$4.48,ATL 3,MEM 1,user2,50,marvalshot,3497,4647704638_2
Donovan Mitchell (37750950),Cole Anthony (37751114),Zion Williamson (37750934),Zaccharie Risacher (37751214),Onyeka Okongwu (37751069),RJ Barrett (37751003),Vince Williams Jr. (37751460),Jarrett Allen (37751052),273.22999999999996,372.78999999999996,49900,100.00%,13690,157.77%,0,183.98,$4.73,CLE 2,ATL 2,user2,48,marvalshot,11373,4647704639_2
Trae Young (37750915),Cole Anthony (37751114),Zaccharie Risacher (37751214),Paolo Banchero (37750942),Jalen Duren (37751019),Vince Williams Jr. (37751460),Evan Mobley (37750964),Davion Mitchell (37751323),275.06,369.87,49900,100.00%,27416,226.01%,9,173.94,$6.78,ATL 2,ORL 2,user2,50,marvalshot,3499,4647704640_2
Davion Mitchell (37751323),Cole Anthony (37751114),Nickeil Alexander-Walker (37751134),Evan Mobley (37750964),Onyeka Okongwu (37751069),Anthony Edwards (37750911),Santi Aldama (37751160),Jalen Duren (37751019),269.44000000000005,356.25000000000006,49400,100.00%,1072,106.54%,0,152.81,$3.2,MIN 2,MIA 1,user2,1,marvalshot,11375,4647704641_2
Trae Young (37750915),Bradley Beal (37751061),RJ Barrett (37751003),Georges Niang (37751274),Wendell Carter Jr. (37751163),Vince Williams Jr. (37751460),Paolo Banchero (37750942),Jarrett Allen (37751052),281.26,371.16999999999996,49900,100.00%,49852,3121.73%,3658,157.94,$93.65,ATL 2,ORL 2,user3,50,marvalshot,3490,4647704632_3
Trae Young (37750915),Cole Anthony (37751114),Ausar Thompson (37751085),Georges Niang (37751274),Onyeka Okongwu (37751069),Donovan Mitchell (37750950),Vince Williams Jr. (37751460),Evan Mobley (37750964),275.8,372.58000000000004,50000,100.00%,33662,263.4%,2,170.28000000000003,$7.9,ATL 3,CLE 2,user3,49,marvalshot,11371,4647704633_3
Cole Anthony (37751114),RJ Barrett (37751003),Franz Wagner (37750931),Paolo Banchero (37750942),Onyeka Okongwu (37751069),Vince Williams Jr. (37751460),Kelly Olynyk (37751258),Jarrett Allen (37751052),279.28999999999996,374.76,49800,100.00%,48634,1024.09%,308,208.66,$30.72,ORL 3,TOR 1,user3,50,marvalshot,3492,4647704634_3
Cole Anthony (37751114),RJ Barrett (37751003),Caris LeVert (37751093),Kelly Olynyk (37751258),Wendell Carter Jr. (37751163),Trae Young (37750915),Vince Williams Jr. (37751460),Cade Cunningham (37750905),279.15999999999997,374.46999999999997,49800,100.00%,49176,894.92%,95,190.05,$26.85,ORL 2,ATL 2,user3,50,marvalshot,3493,4647704635_3
Jordan Poole (37750986),Cole Anthony (37751114),Ausar Thompson (37751085),Paolo Banchero (37750942),Onyeka Okongwu (37751069),Trae Young (37750915),Vince Williams Jr. (37751460),Kelly Olynyk (37751258),275.77,371.92999999999995,49800,100.00%,33719,226.14%,0,176.96999999999997,$6.78,ORL 2,ATL 2,user3,50,marvalshot,3494,4647704636_3
Trae Young (37750915),Cole Anthony (37751114),Zaccharie Risacher (37751214),Paolo Banchero (37750942),Jarrett Allen (37751052),Vince Williams Jr. (37751460),Zion Williamson (37750934),Davion Mitchell (37751323),273.96,371.08,49900,100.00%,18807,173.09%,1,176.82999999999998,$5.19,ATL 2,ORL 2,user3,50,marvalshot,3496,4647704637_3
Trae Young (37750915),Vince Williams Jr. (37751460),Zaccharie Risacher (37751214),Georges Niang (37751274),Wendell Carter Jr. (37751163),Donovan Mitchell (37750950),Kyshawn George (37751149),Cade Cunningham (37750905),272.68,361.81,49700,100.00%,10318,149.35%,0,123.27000000000001,$4.48,ATL 3,MEM 1,user3,50,marvalshot,3497,4647704638_3
Donovan Mitchell (37750950),Cole Anthony (37751114),Zion Williamson (37750934),Zaccharie Risacher (37751214),Onyeka Okongwu (37751069),RJ Barrett (37751003),Vince Williams Jr. (37751460),Jarrett Allen (37751052),273.22999999999996,372.78999999999996,49900,100.00%,13690,157.77%,0,183.98,$4.73,CLE 2,ATL 2,user3,48,marvalshot,11373,4647704639_3
Trae Young (37750915),Cole Anthony (37751114),Zaccharie Risacher (37751214),Paolo Banchero (37750942),Jalen Duren (37751019),Vince Williams Jr. (37751460),Evan Mobley (37750964),Davion Mitchell (37751323),275.06,369.87,49900,100.00%,27416,226.01%,9,173.94,$6.78,ATL 2,ORL 2,user3,50,marvalshot,3499,4647704640_3
Davion Mitchell (37751323),Cole Anthony (37751114),Vince Williams Jr. (37751460),Naz Reid (37750978),Onyeka Okongwu (37751069),Anthony Edwards (37750911),Chet Holmgren (37750996),Jalen Duren (37751019),269.4,356.96999999999997,49900,100.00%,825,104.57%,0,149.91,$3.14,MIN 2,MIA 1,user3,1,marvalshot,11376,4647704641_3
Trae Young (37750915),Bradley Beal (37751061),RJ Barrett (37751003),Georges Niang (37751274),Wendell Carter Jr. (37751163),Vince Williams Jr. (37751460),Paolo Banchero (37750942),Jarrett Allen (37751052),281.26,371.16999999999996,49900,100.00%,49852,3121.73%,3658,157.94,$93.65,ATL 2,ORL 2,user4,50,marvalshot,3490,4647704632_4
Trae Young (37750915),Cole Anthony (37751114),Ausar Thompson (37751085),Georges Niang (37751274),Onyeka Okongwu (37751069),Donovan Mitchell (37750950),Vince Williams Jr. (37751460),Evan Mobley (37750964),275.8,372.58000000000004,50000,100.00%,33662,263.4%,2,170.28000000000003,$7.9,ATL 3,CLE 2,user4,49,marvalshot,11371,4647704633_4
Cole Anthony (37751114),RJ Barrett (37751003),Franz Wagner (37750931),Paolo Banchero (37750942),Onyeka Okongwu (37751069),Vince Williams Jr. (37751460),Kelly Olynyk (37751258),Jarrett Allen (37751052),279.28999999999996,374.76,49800,100.00%,48634,1024.09%,308,208.66,$30.72,ORL 3,TOR 1,user4,50,marvalshot,3492,4647704634_4
Cole Anthony (37751114),RJ Barrett (37751003),Caris LeVert (37751093),Kelly Olynyk (37751258),Wendell Carter Jr. (37751163),Trae Young (37750915),Vince Williams Jr. (37751460),Cade Cunningham (37750905),279.15999999999997,374.46999999999997,49800,100.00%,49176,894.92%,95,190.05,$26.85,ORL 2,ATL 2,user4,50,marvalshot,3493,4647704635_4
Jordan Poole (37750986),Cole Anthony (37751114),Ausar Thompson (37751085),Paolo Banchero (37750942),Onyeka Okongwu (37751069),Trae Young (37750915),Vince Williams Jr. (37751460),Kelly Olynyk (37751258),275.77,371.92999999999995,49800,100.00%,33719,226.14%,0,176.96999999999997,$6.78,ORL 2,ATL 2,user4,50,marvalshot,3494,4647704636_4
Trae Young (37750915),Cole Anthony (37751114),Zaccharie Risacher (37751214),Paolo Banchero (37750942),Jarrett Allen (37751052),Vince Williams Jr. (37751460),Zion Williamson (37750934),Davion Mitchell (37751323),273.96,371.08,49900,100.00%,18807,173.09%,1,176.82999999999998,$5.19,ATL 2,ORL 2,user4,50,marvalshot,3496,4647704637_4
Trae Young (37750915),Vince Williams Jr. (37751460),Zaccharie Risacher (37751214),Georges Niang (37751274),Wendell Carter Jr. (37751163),Donovan Mitchell (37750950),Kyshawn George (37751149),Cade Cunningham (37750905),272.68,361.81,49700,100.00%,10318,149.35%,0,123.27000000000001,$4.48,ATL 3,MEM 1,user4,50,marvalshot,3497,4647704638_4
Donovan Mitchell (37750950),Cole Anthony (37751114),Zion Williamson (37750934),Zaccharie Risacher (37751214),Onyeka Okongwu (37751069),RJ Barrett (37751003),Vince Williams Jr. (37751460),Jarrett Allen (37751052),273.22999999999996,372.78999999999996,49900,100.00%,13690,157.77%,0,183.98,$4.73,CLE 2,ATL 2,user4,48,marvalshot,11373,4647704639_4
Trae Young (37750915),Cole Anthony (37751114),Zaccharie Risacher (37751214),Paolo Banchero (37750942),Jalen Duren (37751019),Vince Williams Jr. (37751460),Evan Mobley (37750964),Davion Mitchell (37751323),275.06,369.87,49900,100.00%,27416,226.01%,9,173.94,$6.78,ATL 2,ORL 2,user4,50,marvalshot,3499,4647704640_4
Davion Mitchell (37751323),Cole Anthony (37751114),Zion Williamson (37750934),Chet Holmgren (37750996),Onyeka Okongwu (37751069),Donovan Mitchell (37750950),Vince Williams Jr. (37751460),Jalen Duren (37751019),266.36,366.23,50000,99.95%,32,79.4%,0,150.45,$2.38,MIA 1,ORL 1,user4,46,marvalshot,11377,4647704641_4
Trae Young (37750915),Bradley Beal (37751061),RJ Barrett (37751003),Georges Niang (37751274),Wendell Carter Jr. (37751163),Vince Williams Jr. (37751460),Paolo Banchero (37750942),Jarrett Allen (37751052),281.26,371.16999999999996,49900,100.00%,49852,3121.73%,3658,157.94,$93.65,ATL 2,ORL 2,user5,50,marvalshot,3490,4647704632_5
Trae Young (37750915),Cole Anthony (37751114),Ausar Thompson (37751085),Georges Niang (37751274),Onyeka Okongwu (37751069),Donovan Mitchell (37750950),Vince Williams Jr. (37751460),Evan Mobley (37750964),275.8,372.58000000000004,50000,100.00%,33662,263.4%,2,170.28000000000003,$7.9,ATL 3,CLE 2,user5,49,marvalshot,11371,4647704633_5
Cole Anthony (37751114),RJ Barrett (37751003),Franz Wagner (37750931),Paolo Banchero (37750942),Onyeka Okongwu (37751069),Vince Williams Jr. (37751460),Kelly Olynyk (37751258),Jarrett Allen (37751052),279.28999999999996,374.76,49800,100.00%,48634,1024.09%,308,208.66,$30.72,ORL 3,TOR 1,user5,50,marvalshot,3492,4647704634_5
Cole Anthony (37751114),RJ Barrett (37751003),Caris LeVert (37751093),Kelly Olynyk (37751258),Wendell Carter Jr. (37751163),Trae Young (37750915),Vince Williams Jr. (37751460),Cade Cunningham (37750905),279.15999999999997,374.46999999999997,49800,100.00%,49176,894.92%,95,190.05,$26.85,ORL 2,ATL 2,user5,50,marvalshot,3493,4647704635_5
Jordan Poole (37750986),Cole Anthony (37751114),Ausar Thompson (37751085),Paolo Banchero (37750942),Onyeka Okongwu (37751069),Trae Young (37750915),Vince Williams Jr. (37751460),Kelly Olynyk (37751258),275.77,371.92999999999995,49800,100.00%,33719,226.14%,0,176.96999999999997,$6.78,ORL 2,ATL 2,user5,50,marvalshot,3494,4647704636_5
Trae Young (37750915),Cole Anthony (37751114),Zaccharie Risacher (37751214),Paolo Banchero (37750942),Jarrett Allen (37751052),Vince Williams Jr. (37751460),Zion Williamson (37750934),Davion Mitchell (37751323),273.96,371.08,49900,100.00%,18807,173.09%,1,176.82999999999998,$5.19,ATL 2,ORL 2,user5,50,marvalshot,3496,4647704637_5
Trae Young (37750915),Vince Williams Jr. (37751460),Zaccharie Risacher (37751214),Georges Niang (37751274),Wendell Carter Jr. (37751163),Donovan Mitchell (37750950),Kyshawn George (37751149),Cade Cunningham (37750905),272.68,361.81,49700,100.00%,10318,149.35%,0,123.27000000000001,$4.48,ATL 3,MEM 1,user5,50,marvalshot,3497,4647704638_5
Donovan Mitchell (37750950),Cole Anthony (37751114),Zion Williamson (37750934),Zaccharie Risacher (37751214),Onyeka Okongwu (37751069),RJ Barrett (37751003),Vince Williams Jr. (37751460),Jarrett Allen (37751052),273.22999999999996,372.78999999999996,49900,100.00%,13690,157.77%,0,183.98,$4.73,CLE 2,ATL 2,user5,48,marvalshot,11373,4647704639_5
Trae Young (37750915),Cole Anthony (37751114),Zaccharie Risacher (37751214),Paolo Banchero (37750942),Jalen Duren (37751019),Vince Williams Jr. (37751460),Evan Mobley (37750964),Davion Mitchell (37751323),275.06,369.87,49900,100.00%,27416,226.01%,9,173.94,$6.78,ATL 2,ORL 2,user5,50,marvalshot,3499,4647704640_5
Davion Mitchell (37751323),Cole Anthony (37751114),Zion Williamson (37750934),Chet Holmgren (37750996),Onyeka Okongwu (37751069),Donovan Mitchell (37750950),Vince Williams Jr. (37751460),Jalen Duren (37751019),266.36,366.23,50000,99.95%,32,79.4%,0,150.45,$2.38,MIA 1,ORL 1,user5,46,marvalshot,11377,4647704641_5
Trae Young (37750915),Bradley Beal (37751061),RJ Barrett (37751003),Georges Niang (37751274),Wendell Carter Jr. (37751163),Vince Williams Jr. (37751460),Paolo Banchero (37750942),Jarrett Allen (37751052),281.26,371.16999999999996,49900,100.00%,49852,3121.73%,3658,157.94,$93.65,ATL 2,ORL 2,user6,50,marvalshot,3490,4647704632_6
Trae Young (37750915),Cole Anthony (37751114),Ausar Thompson (37751085),Georges Niang (37751274),Onyeka Okongwu (37751069),Donovan Mitchell (37750950),Vince Williams Jr. (37751460),Evan Mobley (37750964),275.8,372.58000000000004,50000,100.00%,33662,263.4%,2,170.28000000000003,$7.9,ATL 3,CLE 2,user6,49,marvalshot,11371,4647704633_6
Cole Anthony (37751114),RJ Barrett (37751003),Franz Wagner (37750931),Paolo Banchero (37750942),Onyeka Okongwu (37751069),Vince Williams Jr. (37751460),Kelly Olynyk (37751258),Jarrett Allen (37751052),279.28999999999996,374.76,49800,100.00%,48634,1024.09%,308,208.66,$30.72,ORL 3,TOR 1,user6,50,marvalshot,3492,4647704634_6
Cole Anthony (37751114),RJ Barrett (37751003),Caris LeVert (37751093),Kelly Olynyk (37751258),Wendell Carter Jr. (37751163),Trae Young (37750915),Vince Williams Jr. (37751460),Cade Cunningham (37750905),279.15999999999997,374.46999999999997,49800,100.00%,49176,894.92%,95,190.05,$26.85,ORL 2,ATL 2,user6,50,marvalshot,3493,4647704635_6
Jordan Poole (37750986),Cole Anthony (37751114),Ausar Thompson (37751085),Paolo Banchero (37750942),Onyeka Okongwu (37751069),Trae Young (37750915),Vince Williams Jr. (37751460),Kelly Olynyk (37751258),275.77,371.92999999999995,49800,100.00%,33719,226.14%,0,176.96999999999997,$6.78,ORL 2,ATL 2,user6,50,marvalshot,3494,4647704636_6
Trae Young (37750915),Cole Anthony (37751114),Zaccharie Risacher (37751214),Paolo Banchero (37750942),Jarrett Allen (37751052),Vince Williams Jr. (37751460),Zion Williamson (37750934),Davion Mitchell (37751323),273.96,371.08,49900,100.00%,18807,173.09%,1,176.82999999999998,$5.19,ATL 2,ORL 2,user6,50,marvalshot,3496,4647704637_6
Trae Young (37750915),Vince Williams Jr. (37751460),Zaccharie Risacher (37751214),Georges Niang (37751274),Wendell Carter Jr. (37751163),Donovan Mitchell (37750950),Kyshawn George (37751149),Cade Cunningham (37750905),272.68,361.81,49700,100.00%,10318,149.35%,0,123.27000000000001,$4.48,ATL 3,MEM 1,user6,50,marvalshot,3497,4647704638_6
Donovan Mitchell (37750950),Cole Anthony (37751114),Zion Williamson (37750934),Zaccharie Risacher (37751214),Onyeka Okongwu (37751069),RJ Barrett (37751003),Vince Williams Jr. (37751460),Jarrett Allen (37751052),273.22999999999996,372.78999999999996,49900,100.00%,13690,157.77%,0,183.98,$4.73,CLE 2,ATL 2,user6,48,marvalshot,11373,4647704639_6
Trae Young (37750915),Cole Anthony (37751114),Zaccharie Risacher (37751214),Paolo Banchero (37750942),Jalen Duren (37751019),Vince Williams Jr. (37751460),Evan Mobley (37750964),Davion Mitchell (37751323),275.06,369.87,49900,100.00%,27416,226.01%,9,173.94,$6.78,ATL 2,ORL 2,user6,50,marvalshot,3499,4647704640_6
Davion Mitchell (37751323),Cole Anthony (37751114),Zion Williamson (37750934),Chet Holmgren (37750996),Onyeka Okongwu (37751069),Donovan Mitchell (37750950),Vince Williams Jr. (37751460),Jalen Duren (37751019),266.36,366.23,50000,99.95%,32,79.4%,0,150.45,$2.38,MIA 1,ORL 1,user6,46,marvalshot,11377,4647704641_6
Trae Young (37750915),Bradley Beal (37751061),RJ Barrett (37751003),Georges Niang (37751274),Wendell Carter Jr. (37751163),Vince Williams Jr. (37751460),Paolo Banchero (37750942),Jarrett Allen (37751052),281.26,371.16999999999996,49900,100.00%,49852,3121.73%,3658,157.94,$93.65,ATL 2,ORL 2,user7,50,marvalshot,3490,4647704632_7
Trae Young (37750915),Cole Anthony (37751114),Ausar Thompson (37751085),Georges Niang (37751274),Onyeka Okongwu (37751069),Donovan Mitchell (37750950),Vince Williams Jr. (37751460),Evan Mobley (37750964),275.8,372.58000000000004,50000,100.00%,33662,263.4%,2,170.28000000000003,$7.9,ATL 3,CLE 2,user7,49,marvalshot,11371,4647704633_7
Cole Anthony (37751114),RJ Barrett (37751003),Franz Wagner (37750931),Paolo Banchero (37750942),Onyeka Okongwu (37751069),Vince Williams Jr. (37751460),Kelly Olynyk (37751258),Jarrett Allen (37751052),279.28999999999996,374.76,49800,100.00%,48634,1024.09%,308,208.66,$30.72,ORL 3,TOR 1,user7,50,marvalshot,3492,4647704634_7
Cole Anthony (37751114),RJ Barrett (37751003),Caris LeVert (37751093),Kelly Olynyk (37751258),Wendell Carter Jr. (37751163),Trae Young (37750915),Vince Williams Jr. (37751460),Cade Cunningham (37750905),279.15999999999997,374.46999999999997,49800,100.00%,49176,894.92%,95,190.05,$26.85,ORL 2,ATL 2,user7,50,marvalshot,3493,4647704635_7
Jordan Poole (37750986),Cole Anthony (37751114),Ausar Thompson (37751085),Paolo Banchero (37750942),Onyeka Okongwu (37751069),Trae Young (37750915),Vince Williams Jr. (37751460),Kelly Olynyk (37751258),275.77,371.92999999999995,49800,100.00%,33719,226.14%,0,176.96999999999997,$6.78,ORL 2,ATL 2,user7,50,marvalshot,3494,4647704636_7
Trae Young (37750915),Cole Anthony (37751114),Zaccharie Risacher (37751214),Paolo Banchero (37750942),Jarrett Allen (37751052),Vince Williams Jr. (37751460),Zion Williamson (37750934),Davion Mitchell (37751323),273.96,371.08,49900,100.00%,18807,173.09%,1,176.82999999999998,$5.19,ATL 2,ORL 2,user7,50,marvalshot,3496,4647704637_7
Trae Young (37750915),Vince Williams Jr. (37751460),Zaccharie Risacher (37751214),Georges Niang (37751274),Wendell Carter Jr. (37751163),Donovan Mitchell (37750950),Kyshawn George (37751149),Cade Cunningham (37750905),272.68,361.81,49700,100.00%,10318,149.35%,0,123.27000000000001,$4.48,ATL 3,MEM 1,user7,50,marvalshot,3497,4647704638_7
Donovan Mitchell (37750950),Cole Anthony (37751114),Zion Williamson (37750934),Zaccharie Risacher (37751214),Onyeka Okongwu (37751069),RJ Barrett (37751003),Vince Williams Jr. (37751460),Jarrett Allen (37751052),273.22999999999996,372.78999999999996,49900,100.00%,13690,157.77%,0,183.98,$4.73,CLE 2,ATL 2,user7,48,marvalshot,11373,4647704639_7
Trae Young (37750915),Cole Anthony (37751114),Zaccharie Risacher (37751214),Paolo Banchero (37750942),Jalen Duren (37751019),Vince Williams Jr. (37751460),Evan Mobley (37750964),Davion Mitchell (37751323),275.06,369.87,49900,100.00%,27416,226.01%,9,173.94,$6.78,ATL 2,ORL 2,user7,50,marvalshot,3499,4647704640_7
Davion Mitchell (37751323),Cole Anthony (37751114),Zion Williamson (37750934),Chet Holmgren (37750996),Onyeka Okongwu (37751069),Donovan Mitchell (37750950),Vince Williams Jr. (37751460),Jalen Duren (37751019),266.36,366.23,50000,99.95%,32,79.4%,0,150.45,$2.38,MIA 1,ORL 1,user7,46,marvalshot,11377,4647704641_7
Trae Young (37750915),Bradley Beal (37751061),RJ Barrett (37751003),Georges Niang (37751274),Wendell Carter Jr. (37751163),Vince Williams Jr. (37751460),Paolo Banchero (37750942),Jarrett Allen (37751052),281.26,371.16999999999996,49900,100.00%,49852,3121.73%,3658,157.94,$93.65,ATL 2,ORL 2,user8,50,marvalshot,3490,4647704632_8
Trae Young (37750915),Cole Anthony (37751114),Ausar Thompson (37751085),Georges Niang (37751274),Onyeka Okongwu (37751069),Donovan Mitchell (37750950),Vince Williams Jr. (37751460),Evan Mobley (37750964),275.8,372.58000000000004,50000,100.00%,33662,263.4%,2,170.28000000000003,$7.9,ATL 3,CLE 2,user8,49,marvalshot,11371,4647704633_8
Cole Anthony (37751114),RJ Barrett (37751003),Franz Wagner (37750931),Paolo Banchero (37750942),Onyeka Okongwu (37751069),Vince Williams Jr. (37751460),Kelly Olynyk (37751258),Jarrett Allen (37751052),279.28999999999996,374.76,49800,100.00%,48634,1024.09%,308,208.66,$30.72,ORL 3,TOR 1,user8,50,marvalshot,3492,4647704634_8
Cole Anthony (37751114),RJ Barrett (37751003),Caris LeVert (37751093),Kelly Olynyk (37751258),Wendell Carter Jr. (37751163),Trae Young (37750915),Vince Williams Jr. (37751460),Cade Cunningham (37750905),279.15999999999997,374.46999999999997,49800,100.00%,49176,894.92%,95,190.05,$26.85,ORL 2,ATL 2,user8,50,marvalshot,3493,4647704635_8
Jordan Poole (37750986),Cole Anthony (37751114),Ausar Thompson (37751085),Paolo Banchero (37750942),Onyeka Okongwu (37751069),Trae Young (37750915),Vince Williams Jr. (37751460),Kelly Olynyk (37751258),275.77,371.92999999999995,49800,100.00%,33719,226.14%,0,176.96999999999997,$6.78,ORL 2,ATL 2,user8,50,marvalshot,3494,4647704636_8
Trae Young (37750915),Cole Anthony (37751114),Zaccharie Risacher (37751214),Paolo Banchero (37750942),Jarrett Allen (37751052),Vince Williams Jr. (37751460),Zion Williamson (37750934),Davion Mitchell (37751323),273.96,371.08,49900,100.00%,18807,173.09%,1,176.82999999999998,$5.19,ATL 2,ORL 2,user8,50,marvalshot,3496,4647704637_8
Trae Young (37750915),Vince Williams Jr. (37751460),Zaccharie Risacher (37751214),Georges Niang (37751274),Wendell Carter Jr. (37751163),Donovan Mitchell (37750950),Kyshawn George (37751149),Cade Cunningham (37750905),272.68,361.81,49700,100.00%,10318,149.35%,0,123.27000000000001,$4.48,ATL 3,MEM 1,user8,50,marvalshot,3497,4647704638_8
Donovan Mitchell (37750950),Cole Anthony (37751114),Zion Williamson (37750934),Zaccharie Risacher (37751214),Onyeka Okongwu (37751069),RJ Barrett (37751003),Vince Williams Jr. (37751460),Jarrett Allen (37751052),273.22999999999996,372.78999999999996,49900,100.00%,13690,157.77%,0,183.98,$4.73,CLE 2,ATL 2,user8,48,marvalshot,11373,4647704639_8
Trae Young (37750915),Cole Anthony (37751114),Zaccharie Risacher (37751214),Paolo Banchero (37750942),Jalen Duren (37751019),Vince Williams Jr. (37751460),Evan Mobley (37750964),Davion Mitchell (37751323),275.06,369.87,49900,100.00%,27416,226.01%,9,173.94,$6.78,ATL 2,ORL 2,user8,50,marvalshot,3499,4647704640_8
Davion Mitchell (37751323),Cole Anthony (37751114),Zion Williamson (37750934),Chet Holmgren (37750996),Onyeka Okongwu (37751069),Donovan Mitchell (37750950),Vince Williams Jr. (37751460),Jalen Duren (37751019),266.36,366.23,50000,99.95%,32,79.4%,0,150.45,$2.38,MIA 1,ORL 1,user8,46,marvalshot,11377,4647704641_8
Trae Young (37750915),Bradley Beal (37751061),RJ Barrett (37751003),Georges Niang (37751274),Wendell Carter Jr. (37751163),Vince Williams Jr. (37751460),Paolo Banchero (37750942),Jarrett Allen (37751052),281.26,371.16999999999996,49900,100.00%,49852,3121.73%,3658,157.94,$93.65,ATL 2,ORL 2,user9,50,marvalshot,3490,4647704632_9
Trae Young (37750915),Cole Anthony (37751114),Ausar Thompson (37751085),Georges Niang (37751274),Onyeka Okongwu (37751069),Donovan Mitchell (37750950),Vince Williams Jr. (37751460),Evan Mobley (37750964),275.8,372.58000000000004,50000,100.00%,33662,263.4%,2,170.28000000000003,$7.9,ATL 3,CLE 2,user9,49,marvalshot,11371,4647704633_9
Cole Anthony (37751114),RJ Barrett (37751003),Franz Wagner (37750931),Paolo Banchero (37750942),Onyeka Okongwu (37751069),Vince Williams Jr. (37751460),Kelly Olynyk (37751258),Jarrett Allen (37751052),279.28999999999996,374.76,49800,100.00%,48634,1024.09%,308,208.66,$30.72,ORL 3,TOR 1,user9,50,marvalshot,3492,4647704634_9
Cole Anthony (37751114),RJ Barrett (37751003),Caris LeVert (37751093),Kelly Olynyk (37751258),Wendell Carter Jr. (37751163),Trae Young (37750915),Vince Williams Jr. (37751460),Cade Cunningham (37750905),279.15999999999997,374.46999999999997,49800,100.00%,49176,894.92%,95,190.05,$26.85,ORL 2,ATL 2,user9,50,marvalshot,3493,4647704635_9
Jordan Poole (37750986),Cole Anthony (37751114),Ausar Thompson (37751085),Paolo Banchero (37750942),Onyeka Okongwu (37751069),Trae Young (37750915),Vince Williams Jr. (37751460),Kelly Olynyk (37751258),275.77,371.92999999999995,49800,100.00%,33719,226.14%,0,176.96999999999997,$6.78,ORL 2,ATL 2,user9,50,marvalshot,3494,4647704636_9
Trae Young (37750915),Cole Anthony (37751114),Zaccharie Risacher (37751214),Paolo Banchero (37750942),Jarrett Allen (37751052),Vince Williams Jr. (37751460),Zion Williamson (37750934),Davion Mitchell (37751323),273.96,371.08,49900,100.00%,18807,173.09%,1,176.82999999999998,$5.19,ATL 2,ORL 2,user9,50,marvalshot,3496,4647704637_9
Trae Young (37750915),Vince Williams Jr. (37751460),Zaccharie Risacher (37751214),Georges Niang (37751274),Wendell Carter Jr. (37751163),Donovan Mitchell (37750950),Kyshawn George (37751149),Cade Cunningham (37750905),272.68,361.81,49700,100.00%,10318,149.35%,0,123.27000000000001,$4.48,ATL 3,MEM 1,user9,50,marvalshot,3497,4647704638_9
Donovan Mitchell (37750950),Cole Anthony (37751114),Zion Williamson (37750934),Zaccharie Risacher (37751214),Onyeka Okongwu (37751069),RJ Barrett (37751003),Vince Williams Jr. (37751460),Jarrett Allen (37751052),273.22999999999996,372.78999999999996,49900,100.00%,13690,157.77%,0,183.98,$4.73,CLE 2,ATL 2,user9,48,marvalshot,11373,4647704639_9
Trae Young (37750915),Cole Anthony (37751114),Zaccharie Risacher (37751214),Paolo Banchero (37750942),Jalen Duren (37751019),Vince Williams Jr. (37751460),Evan Mobley (37750964),Davion Mitchell (37751323),275.06,369.87,49900,100.00%,27416,226.01%,9,173.94,$6.78,ATL 2,ORL 2,user9,50,marvalshot,3499,4647704640_9
Davion Mitchell (37751323),Cole Anthony (37751114),Zion Williamson (37750934),Chet Holmgren (37750996),Onyeka Okongwu (37751069),Donovan Mitchell (37750950),Vince Williams Jr. (37751460),Jalen Duren (37751019),266.36,366.23,50000,99.95%,32,79.4%,0,150.45,$2.38,MIA 1,ORL 1,user9,46,marvalshot,11377,4647704641_9
Trae Young (37750915),Bradley Beal (37751061),RJ Barrett (37751003),Georges Niang (37751274),Wendell Carter Jr. (37751163),Vince Williams Jr. (37751460),Paolo Banchero (37750942),Jarrett Allen (37751052),281.26,371.16999999999996,49900,100.00%,49852,3121.73%,3658,157.94,$93.65,ATL 2,ORL 2,user10,50,marvalshot,3490,4647704632_10
Trae Young (37750915),Cole Anthony (37751114),Ausar Thompson (37751085),Georges Niang (37751274),Onyeka Okongwu (37751069),Donovan Mitchell (37750950),Vince Williams Jr. (37751460),Evan Mobley (37750964),275.8,372.58000000000004,50000,100.00%,33662,263.4%,2,170.28000000000003,$7.9,ATL 3,CLE 2,user10,49,marvalshot,11371,4647704633_10
Cole Anthony (37751114),RJ Barrett (37751003),Franz Wagner (37750931),Paolo Banchero (37750942),Onyeka Okongwu (37751069),Vince Williams Jr. (37751460),Kelly Olynyk (37751258),Jarrett Allen (37751052),279.28999999999996,374.76,49800,100.00%,48634,1024.09%,308,208.66,$30.72,ORL 3,TOR 1,user10,50,marvalshot,3492,4647704634_10
Cole Anthony (37751114),RJ Barrett (37751003),Caris LeVert (37751093),Kelly Olynyk (37751258),Wendell Carter Jr. (37751163),Trae Young (37750915),Vince Williams Jr. (37751460),Cade Cunningham (37750905),279.15999999999997,374.46999999999997,49800,100.00%,49176,894.92%,95,190.05,$26.85,ORL 2,ATL 2,user10,50,marvalshot,3493,4647704635_10
Jordan Poole (37750986),Cole Anthony (37751114),Ausar Thompson (37751085),Paolo Banchero (37750942),Onyeka Okongwu (37751069),Trae Young (37750915),Vince Williams Jr. (37751460),Kelly Olynyk (37751258),275.77,371.92999999999995,49800,100.00%,33719,226.14%,0,176.96999999999997,$6.78,ORL 2,ATL 2,user10,50,marvalshot,3494,4647704636_10
Trae Young (37750915),Cole Anthony (37751114),Zaccharie Risacher (37751214),Paolo Banchero (37750942),Jarrett Allen (37751052),Vince Williams Jr. (37751460),Zion Williamson (37750934),Davion Mitchell (37751323),273.96,371.08,49900,100.00%,18807,173.09%,1,176.82999999999998,$5.19,ATL 2,ORL 2,user10,50,marvalshot,3496,4647704637_10
Trae Young (37750915),Vince Williams Jr. (37751460),Zaccharie Risacher (37751214),Georges Niang (37751274),Wendell Carter Jr. (37751163),Donovan Mitchell (37750950),Kyshawn George (37751149),Cade Cunningham (37750905),272.68,361.81,49700,100.00%,10318,149.35%,0,123.27000000000001,$4.48,ATL 3,MEM 1,user10,50,marvalshot,3497,4647704638_10
Donovan Mitchell (37750950),Cole Anthony (37751114),Zion Williamson (37750934),Zaccharie Risacher (37751214),Onyeka Okongwu (37751069),RJ Barrett (37751003),Vince Williams Jr. (37751460),Jarrett Allen (37751052),273.22999999999996,372.78999999999996,49900,100.00%,13690,157.77%,0,183.98,$4.73,CLE 2,ATL 2,user10,48,marvalshot,11373,4647704639_10
Trae Young (37750915),Cole Anthony (37751114),Zaccharie Risacher (37751214),Paolo Banchero (37750942),Jalen Duren (37751019),Vince Williams Jr. (37751460),Evan Mobley (37750964),Davion Mitchell (37751323),275.06,369.87,49900,100.00%,27416,226.01%,9,173.94,$6.78,ATL 2,ORL 2,user10,50,marvalshot,3499,4647704640_10
Davion Mitchell (37751323),Cole Anthony (37751114),Zion Williamson (37750934),Chet Holmgren (37750996),Onyeka Okongwu (37751069),Donovan Mitchell (37750950),Vince Williams Jr. (37751460),Jalen Duren (37751019),266.36,366.23,50000,99.95%,32,79.4%,0,150.45,$2.38,MIA 1,ORL 1,user10,46,marvalshot,11377,4647704641_10
Trae Young (37750915),Bradley Beal (37751061),RJ Barrett (37751003),Georges Niang (37751274),Wendell Carter Jr. (37751163),Vince Williams Jr. (37751460),Paolo Banchero (37750942),Jarrett Allen (37751052),281.26,371.16999999999996,49900,100.00%,49852,3121.73%,3658,157.94,$93.65,ATL 2,ORL 2,user11,50,marvalshot,3490,4647704632_11
Trae Young (37750915),Cole Anthony (37751114),Ausar Thompson (37751085),Georges Niang (37751274),Onyeka Okongwu (37751069),Donovan Mitchell (37750950),Vince Williams Jr. (37751460),Evan Mobley (37750964),275.8,372.58000000000004,50000,100.00%,33662,263.4%,2,170.28000000000003,$7.9,ATL 3,CLE 2,user11,49,marvalshot,11371,4647704633_11
Cole Anthony (37751114),RJ Barrett (37751003),Franz Wagner (37750931),Paolo Banchero (37750942),Onyeka Okongwu (37751069),Vince Williams Jr. (37751460),Kelly Olynyk (37751258),Jarrett Allen (37751052),279.28999999999996,374.76,49800,100.00%,48634,1024.09%,308,208.66,$30.72,ORL 3,TOR 1,user11,50,marvalshot,3492,4647704634_11
Cole Anthony (37751114),RJ Barrett (37751003),Caris LeVert (37751093),Kelly Olynyk (37751258),Wendell Carter Jr. (37751163),Trae Young (37750915),Vince Williams Jr. (37751460),Cade Cunningham (37750905),279.15999999999997,374.46999999999997,49800,100.00%,49176,894.92%,95,190.05,$26.85,ORL 2,ATL 2,user11,50,marvalshot,3493,4647704635_11
Jordan Poole (37750986),Cole Anthony (37751114),Ausar Thompson (37751085),Paolo Banchero (37750942),Onyeka Okongwu (37751069),Trae Young (37750915),Vince Williams Jr. (37751460),Kelly Olynyk (37751258),275.77,371.92999999999995,49800,100.00%,33719,226.14%,0,176.96999999999997,$6.78,ORL 2,ATL 2,user11,50,marvalshot,3494,4647704636_11
Trae Young (37750915),Cole Anthony (37751114),Zaccharie Risacher (37751214),Paolo Banchero (37750942),Jarrett Allen (37751052),Vince Williams Jr. (37751460),Zion Williamson (37750934),Davion Mitchell (37751323),273.96,371.08,49900,100.00%,18807,173.09%,1,176.82999999999998,$5.19,ATL 2,ORL 2,user11,50,marvalshot,3496,4647704637_11
Trae Young (37750915),Vince Williams Jr. (37751460),Zaccharie Risacher (37751214),Georges Niang (37751274),Wendell Carter Jr. (37751163),Donovan Mitchell (37750950),Kyshawn George (37751149),Cade Cunningham (37750905),272.68,361.81,49700,100.00%,10318,149.35%,0,123.27000000000001,$4.48,ATL 3,MEM 1,user11,50,marvalshot,3497,4647704638_11
Donovan Mitchell (37750950),Cole Anthony (37751114),Zion Williamson (37750934),Zaccharie Risacher (37751214),Onyeka Okongwu (37751069),RJ Barrett (37751003),Vince Williams Jr. (37751460),Jarrett Allen (37751052),273.22999999999996,372.78999999999996,49900,100.00%,13690,157.77%,0,183.98,$4.73,CLE 2,ATL 2,user11,48,marvalshot,11373,4647704639_11
Trae Young (37750915),Cole Anthony (37751114),Zaccharie Risacher (37751214),Paolo Banchero (37750942),Jalen Duren (37751019),Vince Williams Jr. (37751460),Evan Mobley (37750964),Davion Mitchell (37751323),275.06,369.87,49900,100.00%,27416,226.01%,9,173.94,$6.78,ATL 2,ORL 2,user11,50,marvalshot,3499,4647704640_11
Davion Mitchell (37751323),Cole Anthony (37751114),Zion Williamson (37750934),Chet Holmgren (37750996),Onyeka Okongwu (37751069),Donovan Mitchell (37750950),Vince Williams Jr. (37751460),Jalen Duren (37751019),266.36,366.23,50000,99.95%,32,79.4%,0,150.45,$2.38,MIA 1,ORL 1,user11,46,marvalshot,11377,4647704641_11
Trae Young (37750915),Bradley Beal (37751061),RJ Barrett (37751003),Georges Niang (37751274),Wendell Carter Jr. (37751163),Vince Williams Jr. (37751460),Paolo Banchero (37750942),Jarrett Allen (37751052),281.26,371.16999999999996,49900,100.00%,49852,3121.73%,3658,157.94,$93.65,ATL 2,ORL 2,user12,50,marvalshot,3490,4647704632_12
Trae Young (37750915),Cole Anthony (37751114),Ausar Thompson (37751085),Georges Niang (37751274),Onyeka Okongwu (37751069),Donovan Mitchell (37750950),Vince Williams Jr. (37751460),Evan Mobley (37750964),275.8,372.58000000000004,50000,100.00%,33662,263.4%,2,170.28000000000003,$7.9,ATL 3,CLE 2,user12,49,marvalshot,11371,4647704633_12
Cole Anthony (37751114),RJ Barrett (37751003),Franz Wagner (37750931),Paolo Banchero (37750942),Onyeka Okongwu (37751069),Vince Williams Jr. (37751460),Kelly Olynyk (37751258),Jarrett Allen (37751052),279.28999999999996,374.76,49800,100.00%,48634,1024.09%,308,208.66,$30.72,ORL 3,TOR 1,user12,50,marvalshot,3492,4647704634_12
Cole Anthony (37751114),RJ Barrett (37751003),Caris LeVert (37751093),Kelly Olynyk (37751258),Wendell Carter Jr. (37751163),Trae Young (37750915),Vince Williams Jr. (37751460),Cade Cunningham (37750905),279.15999999999997,374.46999999999997,49800,100.00%,49176,894.92%,95,190.05,$26.85,ORL 2,ATL 2,user12,50,marvalshot,3493,4647704635_12
Jordan Poole (37750986),Cole Anthony (37751114),Ausar Thompson (37751085),Paolo Banchero (37750942),Onyeka Okongwu (37751069),Trae Young (37750915),Vince Williams Jr. (37751460),Kelly Olynyk (37751258),275.77,371.92999999999995,49800,100.00%,33719,226.14%,0,176.96999999999997,$6.78,ORL 2,ATL 2,user12,50,marvalshot,3494,4647704636_12
Trae Young (37750915),Cole Anthony (37751114),Zaccharie Risacher (37751214),Paolo Banchero (37750942),Jarrett Allen (37751052),Vince Williams Jr. (37751460),Zion Williamson (37750934),Davion Mitchell (37751323),273.96,371.08,49900,100.00%,18807,173.09%,1,176.82999999999998,$5.19,ATL 2,ORL 2,user12,50,marvalshot,3496,4647704637_12
Trae Young (37750915),Vince Williams Jr. (37751460),Zaccharie Risacher (37751214),Georges Niang (37751274),Wendell Carter Jr. (37751163),Donovan Mitchell (37750950),Kyshawn George (37751149),Cade Cunningham (37750905),272.68,361.81,49700,100.00%,10318,149.35%,0,123.27000000000001,$4.48,ATL 3,MEM 1,user12,50,marvalshot,3497,4647704638_12
Donovan Mitchell (37750950),Cole Anthony (37751114),Zion Williamson (37750934),Zaccharie Risacher (37751214),Onyeka Okongwu (37751069),RJ Barrett (37751003),Vince Williams Jr. (37751460),Jarrett Allen (37751052),273.22999999999996,372.78999999999996,49900,100.00%,13690,157.77%,0,183.98,$4.73,CLE 2,ATL 2,user12,48,marvalshot,11373,4647704639_12
Trae Young (37750915),Cole Anthony (37751114),Zaccharie Risacher (37751214),Paolo Banchero (37750942),Jalen Duren (37751019),Vince Williams Jr. (37751460),Evan Mobley (37750964),Davion Mitchell (37751323),275.06,369.87,49900,100.00%,27416,226.01%,9,173.94,$6.78,ATL 2,ORL 2,user12,50,marvalshot,3499,4647704640_12
Davion Mitchell (37751323),Cole Anthony (37751114),Zion Williamson (37750934),Chet Holmgren (37750996),Onyeka Okongwu (37751069),Donovan Mitchell (37750950),Vince Williams Jr. (37751460),Jalen Duren (37751019),266.36,366.23,50000,99.95%,32,79.4%,0,150.45,$2.38,MIA 1,ORL 1,user12,46,marvalshot,11377,4647704641_12
Trae Young (37750915),Bradley Beal (37751061),RJ Barrett (37751003),Georges Niang (37751274),Wendell Carter Jr. (37751163),Vince Williams Jr. (37751460),Paolo Banchero (37750942),Jarrett Allen (37751052),281.26,371.16999999999996,49900,100.00%,49852,3121.73%,3658,157.94,$93.65,ATL 2,ORL 2,user13,50,marvalshot,3490,4647704632_13
Trae Young (37750915),Cole Anthony (37751114),Ausar Thompson (37751085),Georges Niang (37751274),Onyeka Okongwu (37751069),Donovan Mitchell (37750950),Vince Williams Jr. (37751460),Evan Mobley (37750964),275.8,372.58000000000004,50000,100.00%,33662,263.4%,2,170.28000000000003,$7.9,ATL 3,CLE 2,user13,49,marvalshot,11371,4647704633_13
Cole Anthony (37751114),RJ Barrett (37751003),Franz Wagner (37750931),Paolo Banchero (37750942),Onyeka Okongwu (37751069),Vince Williams Jr. (37751460),Kelly Olynyk (37751258),Jarrett Allen (37751052),279.28999999999996,374.76,49800,100.00%,48634,1024.09%,308,208.66,$30.72,ORL 3,TOR 1,user13,50,marvalshot,3492,4647704634_13
Cole Anthony (37751114),RJ Barrett (37751003),Caris LeVert (37751093),Kelly Olynyk (37751258),Wendell Carter Jr. (37751163),Trae Young (37750915),Vince Williams Jr. (37751460),Cade Cunningham (37750905),279.15999999999997,374.46999999999997,49800,100.00%,49176,894.92%,95,190.05,$26.85,ORL 2,ATL 2,user13,50,marvalshot,3493,4647704635_13
Jordan Poole (37750986),Cole Anthony (37751114),Ausar Thompson (37751085),Paolo Banchero (37750942),Onyeka Okongwu (37751069),Trae Young (37750915),Vince Williams Jr. (37751460),Kelly Olynyk (37751258),275.77,371.92999999999995,49800,100.00%,33719,226.14%,0,176.96999999999997,$6.78,ORL 2,ATL 2,user13,50,marvalshot,3494,4647704636_13
Trae Young (37750915),Cole Anthony (37751114),Zaccharie Risacher (37751214),Paolo Banchero (37750942),Jarrett Allen (37751052),Vince Williams Jr. (37751460),Zion Williamson (37750934),Davion Mitchell (37751323),273.96,371.08,49900,100.00%,18807,173.09%,1,176.82999999999998,$5.19,ATL 2,ORL 2,user13,50,marvalshot,3496,4647704637_13
Trae Young (37750915),Vince Williams Jr. (37751460),Zaccharie Risacher (37751214),Georges Niang (37751274),Wendell Carter Jr. (37751163),Donovan Mitchell (37750950),Kyshawn George (37751149),Cade Cunningham (37750905),272.68,361.81,49700,100.00%,10318,149.35%,0,123.27000000000001,$4.48,ATL 3,MEM 1,user13,50,marvalshot,3497,4647704638_13
Donovan Mitchell (37750950),Cole Anthony (37751114),Zion Williamson (37750934),Zaccharie Risacher (37751214),Onyeka Okongwu (37751069),RJ Barrett (37751003),Vince Williams Jr. (37751460),Jarrett Allen (37751052),273.22999999999996,372.78999999999996,49900,100.00%,13690,157.77%,0,183.98,$4.73,CLE 2,ATL 2,user13,48,marvalshot,11373,4647704639_13
Trae Young (37750915),Cole Anthony (37751114),Zaccharie Risacher (37751214),Paolo Banchero (37750942),Jalen Duren (37751019),Vince Williams Jr. (37751460),Evan Mobley (37750964),Davion Mitchell (37751323),275.06,369.87,49900,100.00%,27416,226.01%,9,173.94,$6.78,ATL 2,ORL 2,user13,50,marvalshot,3499,4647704640_13
Davion Mitchell (37751323),Cole Anthony (37751114),Zion Williamson (37750934),Chet Holmgren (37750996),Onyeka Okongwu (37751069),Donovan Mitchell (37750950),Vince Williams Jr. (37751460),Jalen Duren (37751019),266.36,366.23,50000,99.95%,32,79.4%,0,150.45,$2.38,MIA 1,ORL 1,user13,46,marvalshot,11377,4647704641_13
Trae Young (37750915),Bradley Beal (37751061),RJ Barrett (37751003),Georges Niang (37751274),Wendell Carter Jr. (37751163),Vince Williams Jr. (37751460),Paolo Banchero (37750942),Jarrett Allen (37751052),281.26,371.16999999999996,49900,100.00%,49852,3121.73%,3658,157.94,$93.65,ATL 2,ORL 2,user14,50,marvalshot,3490,4647704632_14
Trae Young (37750915),Cole Anthony (37751114),Ausar Thompson (37751085),Georges Niang (37751274),Onyeka Okongwu (37751069),Donovan Mitchell (37750950),Vince Williams Jr. (37751460),Evan Mobley (37750964),275.8,372.58000000000004,50000,100.00%,33662,263.4%,2,170.28000000000003,$7.9,ATL 3,CLE 2,user14,49,marvalshot,11371,4647704633_14
Cole Anthony (37751114),RJ Barrett (37751003),Franz Wagner (37750931),Paolo Banchero (37750942),Onyeka Okongwu (37751069),Vince Williams Jr. (37751460),Kelly Olynyk (37751258),Jarrett Allen (37751052),279.28999999999996,374.76,49800,100.00%,48634,1024.09%,308,208.66,$30.72,ORL 3,TOR 1,user14,50,marvalshot,3492,4647704634_14
Cole Anthony (37751114),RJ Barrett (37751003),Caris LeVert (37751093),Kelly Olynyk (37751258),Wendell Carter Jr. (37751163),Trae Young (37750915),Vince Williams Jr. (37751460),Cade Cunningham (37750905),279.15999999999997,374.46999999999997,49800,100.00%,49176,894.92%,95,190.05,$26.85,ORL 2,ATL 2,user14,50,marvalshot,3493,4647704635_14
Jordan Poole (37750986),Cole Anthony (37751114),Ausar Thompson (37751085),Paolo Banchero (37750942),Onyeka Okongwu (37751069),Trae Young (37750915),Vince Williams Jr. (37751460),Kelly Olynyk (37751258),275.77,371.92999999999995,49800,100.00%,33719,226.14%,0,176.96999999999997,$6.78,ORL 2,ATL 2,user14,50,marvalshot,3494,4647704636_14
Trae Young (37750915),Cole Anthony (37751114),Zaccharie Risacher (37751214),Paolo Banchero (37750942),Jarrett Allen (37751052),Vince Williams Jr. (37751460),Zion Williamson (37750934),Davion Mitchell (37751323),273.96,371.08,49900,100.00%,18807,173.09%,1,176.82999999999998,$5.19,ATL 2,ORL 2,user14,50,marvalshot,3496,4647704637_14
Trae Young (37750915),Vince Williams Jr. (37751460),Zaccharie Risacher (37751214),Georges Niang (37751274),Wendell Carter Jr. (37751163),Donovan Mitchell (37750950),Kyshawn George (37751149),Cade Cunningham (37750905),272.68,361.81,49700,100.00%,10318,149.35%,0,123.27000000000001,$4.48,ATL 3,MEM 1,user14,50,marvalshot,3497,4647704638_14
Donovan Mitchell (37750950),Cole Anthony (37751114),Zion Williamson (37750934),Zaccharie Risacher (37751214),Onyeka Okongwu (37751069),RJ Barrett (37751003),Vince Williams Jr. (37751460),Jarrett Allen (37751052),273.22999999999996,372.78999999999996,49900,100.00%,13690,157.77%,0,183.98,$4.73,CLE 2,ATL 2,user14,48,marvalshot,11373,4647704639_14
Trae Young (37750915),Cole Anthony (37751114),Zaccharie Risacher (37751214),Paolo Banchero (37750942),Jalen Duren (37751019),Vince Williams Jr. (37751460),Evan Mobley (37750964),Davion Mitchell (37751323),275.06,369.87,49900,100.00%,27416,226.01%,9,173.94,$6.78,ATL 2,ORL 2,user14,50,marvalshot,3499,4647704640_14
Davion Mitchell (37751323),Cole Anthony (37751114),Zion Williamson (37750934),Chet Holmgren (37750996),Onyeka Okongwu (37751069),Donovan Mitchell (37750950),Vince Williams Jr. (37751460),Jalen Duren (37751019),266.36,366.23,50000,99.95%,32,79.4%,0,150.45,$2.38,MIA 1,ORL 1,user14,46,marvalshot,11377,4647704641_14
Trae Young (37750915),Bradley Beal (37751061),RJ Barrett (37751003),Georges Niang (37751274),Wendell Carter Jr. (37751163),Vince Williams Jr. (37751460),Paolo Banchero (37750942),Jarrett Allen (37751052),281.26,371.16999999999996,49900,100.00%,49852,3121.73%,3658,157.94,$93.65,ATL 2,ORL 2,user15,50,marvalshot,3490,4647704632_15
Trae Young (37750915),Cole Anthony (37751114),Ausar Thompson (37751085),Georges Niang (37751274),Onyeka Okongwu (37751069),Donovan Mitchell (37750950),Vince Williams Jr. (37751460),Evan Mobley (37750964),275.8,372.58000000000004,50000,100.00%,33662,263.4%,2,170.28000000000003,$7.9,ATL 3,CLE 2,user15,49,marvalshot,11371,4647704633_15
Cole Anthony (37751114),RJ Barrett (37751003),Franz Wagner (37750931),Paolo Banchero (37750942),Onyeka Okongwu (37751069),Vince Williams Jr. (37751460),Kelly Olynyk (37751258),Jarrett Allen (37751052),279.28999999999996,374.76,49800,100.00%,48634,1024.09%,308,208.66,$30.72,ORL 3,TOR 1,user15,50,marvalshot,3492,4647704634_15
Cole Anthony (37751114),RJ Barrett (37751003),Caris LeVert (37751093),Kelly Olynyk (37751258),Wendell Carter Jr. (37751163),Trae Young (37750915),Vince Williams Jr. (37751460),Cade Cunningham (37750905),279.15999999999997,374.46999999999997,49800,100.00%,49176,894.92%,95,190.05,$26.85,ORL 2,ATL 2,user15,50,marvalshot,3493,4647704635_15
Jordan Poole (37750986),Cole Anthony (37751114),Ausar Thompson (37751085),Paolo Banchero (37750942),Onyeka Okongwu (37751069),Trae Young (37750915),Vince Williams Jr. (37751460),Kelly Olynyk (37751258),275.77,371.92999999999995,49800,100.00%,33719,226.14%,0,176.96999999999997,$6.78,ORL 2,ATL 2,user15,50,marvalshot,3494,4647704636_15
Trae Young (37750915),Cole Anthony (37751114),Zaccharie Risacher (37751214),Paolo Banchero (37750942),Jarrett Allen (37751052),Vince Williams Jr. (37751460),Zion Williamson (37750934),Davion Mitchell (37751323),273.96,371.08,49900,100.00%,18807,173.09%,1,176.82999999999998,$5.19,ATL 2,ORL 2,user15,50,marvalshot,3496,4647704637_15
Trae Young (37750915),Vince Williams Jr. (37751460),Zaccharie Risacher (37751214),Georges Niang (37751274),Wendell Carter Jr. (37751163),Donovan Mitchell (37750950),Kyshawn George (37751149),Cade Cunningham (37750905),272.68,361.81,49700,100.00%,10318,149.35%,0,123.27000000000001,$4.48,ATL 3,MEM 1,user15,50,marvalshot,3497,4647704638_15
Donovan Mitchell (37750950),Cole Anthony (37751114),Zion Williamson (37750934),Zaccharie Risacher (37751214),Onyeka Okongwu (37751069),RJ Barrett (37751003),Vince Williams Jr. (37751460),Jarrett Allen (37751052),273.22999999999996,372.78999999999996,49900,100.00%,13690,157.77%,0,183.98,$4.73,CLE 2,ATL 2,user15,48,marvalshot,11373,4647704639_15
Trae Young (37750915),Cole Anthony (37751114),Zaccharie Risacher (37751214),Paolo Banchero (37750942),Jalen Duren (37751019),Vince Williams Jr. (37751460),Evan Mobley (37750964),Davion Mitchell (37751323),275.06,369.87,49900,100.00%,27416,226.01%,9,173.94,$6.78,ATL 2,ORL 2,user15,50,marvalshot,3499,4647704640_15
Davion Mitchell (37751323),Cole Anthony (37751114),Zion Williamson (37750934),Chet Holmgren (37750996),Onyeka Okongwu (37751069),Donovan Mitchell (37750950),Vince Williams Jr. (37751460),Jalen Duren (37751019),266.36,366.23,50000,99.95%,32,79.4%,0,150.45,$2.38,MIA 1,ORL 1,user15,46,marvalshot,11377,4647704641_15
Trae Young (37750915),Bradley Beal (37751061),RJ Barrett (37751003),Georges Niang (37751274),Wendell Carter Jr. (37751163),Vince Williams Jr. (37751460),Paolo Banchero (37750942),Jarrett Allen (37751052),281.26,371.16999999999996,49900,100.00%,49852,3121.73%,3658,157.94,$93.65,ATL 2,ORL 2,user16,50,marvalshot,3490,4647704632_16
Trae Young (37750915),Cole Anthony (37751114),Ausar Thompson (37751085),Georges Niang (37751274),Onyeka Okongwu (37751069),Donovan Mitchell (37750950),Vince Williams Jr. (37751460),Evan Mobley (37750964),275.8,372.58000000000004,50000,100.00%,33662,263.4%,2,170.28000000000003,$7.9,ATL 3,CLE 2,user16,49,marvalshot,11371,4647704633_16
Cole Anthony (37751114),RJ Barrett (37751003),Franz Wagner (37750931),Paolo Banchero (37750942),Onyeka Okongwu (37751069),Vince Williams Jr. (37751460),Kelly Olynyk (37751258),Jarrett Allen (37751052),279.28999999999996,374.76,49800,100.00%,48634,1024.09%,308,208.66,$30.72,ORL 3,TOR 1,user16,50,marvalshot,3492,4647704634_16
Cole Anthony (37751114),RJ Barrett (37751003),Caris LeVert (37751093),Kelly Olynyk (37751258),Wendell Carter Jr. (37751163),Trae Young (37750915),Vince Williams Jr. (37751460),Cade Cunningham (37750905),279.15999999999997,374.46999999999997,49800,100.00%,49176,894.92%,95,190.05,$26.85,ORL 2,ATL 2,user16,50,marvalshot,3493,4647704635_16
Jordan Poole (37750986),Cole Anthony (37751114),Ausar Thompson (37751085),Paolo Banchero (37750942),Onyeka Okongwu (37751069),Trae Young (37750915),Vince Williams Jr. (37751460),Kelly Olynyk (37751258),275.77,371.92999999999995,49800,100.00%,33719,226.14%,0,176.96999999999997,$6.78,ORL 2,ATL 2,user16,50,marvalshot,3494,4647704636_16
Trae Young (37750915),Cole Anthony (37751114),Zaccharie Risacher (37751214),Paolo Banchero (37750942),Jarrett Allen (37751052),Vince Williams Jr. (37751460),Zion Williamson (37750934),Davion Mitchell (37751323),273.96,371.08,49900,100.00%,18807,173.09%,1,176.82999999999998,$5.19,ATL 2,ORL 2,user16,50,marvalshot,3496,4647704637_16
Trae Young (37750915),Vince Williams Jr. (37751460),Zaccharie Risacher (37751214),Georges Niang (37751274),Wendell Carter Jr. (37751163),Donovan Mitchell (37750950),Kyshawn George (37751149),Cade Cunningham (37750905),272.68,361.81,49700,100.00%,10318,149.35%,0,123.27000000000001,$4.48,ATL 3,MEM 1,user16,50,marvalshot,3497,4647704638_16
Donovan Mitchell (37750950),Cole Anthony (37751114),Zion Williamson (37750934),Zaccharie Risacher (37751214),Onyeka Okongwu (37751069),RJ Barrett (37751003),Vince Williams Jr. (37751460),Jarrett Allen (37751052),273.22999999999996,372.78999999999996,49900,100.00%,13690,157.77%,0,183.98,$4.73,CLE 2,ATL 2,user16,48,marvalshot,11373,4647704639_16
Trae Young (37750915),Cole Anthony (37751114),Zaccharie Risacher (37751214),Paolo Banchero (37750942),Jalen Duren (37751019),Vince Williams Jr. (37751460),Evan Mobley (37750964),Davion Mitchell (37751323),275.06,369.87,49900,100.00%,27416,226.01%,9,173.94,$6.78,ATL 2,ORL 2,user16,50,marvalshot,3499,4647704640_16
Davion Mitchell (37751323),Cole Anthony (37751114),Zion Williamson (37750934),Chet Holmgren (37750996),Onyeka Okongwu (37751069),Donovan Mitchell (37750950),Vince Williams Jr. (37751460),Jalen Duren (37751019),266.36,366.23,50000,99.95%,32,79.4%,0,150.45,$2.38,MIA 1,ORL 1,user16,46,marvalshot,11377,4647704641_16
Trae Young (37750915),Bradley Beal (37751061),RJ Barrett (37751003),Georges Niang (37751274),Wendell Carter Jr. (37751163),Vince Williams Jr. (37751460),Paolo Banchero (37750942),Jarrett Allen (37751052),281.26,371.16999999999996,49900,100.00%,49852,3121.73%,3658,157.94,$93.65,ATL 2,ORL 2,user17,50,marvalshot,3490,4647704632_17
Trae Young (37750915),Cole Anthony (37751114),Ausar Thompson (37751085),Georges Niang (37751274),Onyeka Okongwu (37751069),Donovan Mitchell (37750950),Vince Williams Jr. (37751460),Evan Mobley (37750964),275.8,372.58000000000004,50000,100.00%,33662,263.4%,2,170.28000000000003,$7.9,ATL 3,CLE 2,user17,49,marvalshot,11371,4647704633_17
Cole Anthony (37751114),RJ Barrett (37751003),Franz Wagner (37750931),Paolo Banchero (37750942),Onyeka Okongwu (37751069),Vince Williams Jr. (37751460),Kelly Olynyk (37751258),Jarrett Allen (37751052),279.28999999999996,374.76,49800,100.00%,48634,1024.09%,308,208.66,$30.72,ORL 3,TOR 1,user17,50,marvalshot,3492,4647704634_17
Cole Anthony (37751114),RJ Barrett (37751003),Caris LeVert (37751093),Kelly Olynyk (37751258),Wendell Carter Jr. (37751163),Trae Young (37750915),Vince Williams Jr. (37751460),Cade Cunningham (37750905),279.15999999999997,374.46999999999997,49800,100.00%,49176,894.92%,95,190.05,$26.85,ORL 2,ATL 2,user17,50,marvalshot,3493,4647704635_17
Jordan Poole (37750986),Cole Anthony (37751114),Ausar Thompson (37751085),Paolo Banchero (37750942),Onyeka Okongwu (37751069),Trae Young (37750915),Vince Williams Jr. (37751460),Kelly Olynyk (37751258),275.77,371.92999999999995,49800,100.00%,33719,226.14%,0,176.96999999999997,$6.78,ORL 2,ATL 2,user17,50,marvalshot,3494,4647704636_17
Trae Young (37750915),Cole Anthony (37751114),Zaccharie Risacher (37751214),Paolo Banchero (37750942),Jarrett Allen (37751052),Vince Williams Jr. (37751460),Zion Williamson (37750934),Davion Mitchell (37751323),273.96,371.08,49900,100.00%,18807,173.09%,1,176.82999999999998,$5.19,ATL 2,ORL 2,user17,50,marvalshot,3496,4647704637_17
Trae Young (37750915),Vince Williams Jr. (37751460),Zaccharie Risacher (37751214),Georges Niang (37751274),Wendell Carter Jr. (37751163),Donovan Mitchell (37750950),Kyshawn George (37751149),Cade Cunningham (37750905),272.68,361.81,49700,100.00%,10318,149.35%,0,123.27000000000001,$4.48,ATL 3,MEM 1,user17,50,marvalshot,3497,4647704638_17
Donovan Mitchell (37750950),Cole Anthony (37751114),Zion Williamson (37750934),Zaccharie Risacher (37751214),Onyeka Okongwu (37751069),RJ Barrett (37751003),Vince Williams Jr. (37751460),Jarrett Allen (37751052),273.22999999999996,372.78999999999996,49900,100.00%,13690,157.77%,0,183.98,$4.73,CLE 2,ATL 2,user17,48,marvalshot,11373,4647704639_17
Trae Young (37750915),Cole Anthony (37751114),Zaccharie Risacher (37751214),Paolo Banchero (37750942),Jalen Duren (37751019),Vince Williams Jr. (37751460),Evan Mobley (37750964),Davion Mitchell (37751323),275.06,369.87,49900,100.00%,27416,226.01%,9,173.94,$6.78,ATL 2,ORL 2,user17,50,marvalshot,3499,4647704640_17
Davion Mitchell (37751323),Cole Anthony (37751114),Zion Williamson (37750934),Chet Holmgren (37750996),Onyeka Okongwu (37751069),Donovan Mitchell (37750950),Vince Williams Jr. (37751460),Jalen Duren (37751019),266.36,366.23,50000,99.95%,32,79.4%,0,150.45,$2.38,MIA 1,ORL 1,user17,46,marvalshot,11377,4647704641_17
Trae Young (37750915),Bradley Beal (37751061),RJ Barrett (37751003),Georges Niang (37751274),Wendell Carter Jr. (37751163),Vince Williams Jr. (37751460),Paolo Banchero (37750942),Jarrett Allen (37751052),281.26,371.16999999999996,49900,100.00%,49852,3121.73%,3658,157.94,$93.65,ATL 2,ORL 2,user18,50,marvalshot,3490,4647704632_18
Trae Young (37750915),Cole Anthony (37751114),Ausar Thompson (37751085),Georges Niang (37751274),Onyeka Okongwu (37751069),Donovan Mitchell (37750950),Vince Williams Jr. (37751460),Evan Mobley (37750964),275.8,372.58000000000004,50000,100.00%,33662,263.4%,2,170.28000000000003,$7.9,ATL 3,CLE 2,user18,49,marvalshot,11371,4647704633_18
Cole Anthony (37751114),RJ Barrett (37751003),Franz Wagner (37750931),Paolo Banchero (37750942),Onyeka Okongwu (37751069),Vince Williams Jr. (37751460),Kelly Olynyk (37751258),Jarrett Allen (37751052),279.28999999999996,374.76,49800,100.00%,48634,1024.09%,308,208.66,$30.72,ORL 3,TOR 1,user18,50,marvalshot,3492,4647704634_18
Cole Anthony (37751114),RJ Barrett (37751003),Caris LeVert (37751093),Kelly Olynyk (37751258),Wendell Carter Jr. (37751163),Trae Young (37750915),Vince Williams Jr. (37751460),Cade Cunningham (37750905),279.15999999999997,374.46999999999997,49800,100.00%,49176,894.92%,95,190.05,$26.85,ORL 2,ATL 2,user18,50,marvalshot,3493,4647704635_18
Jordan Poole (37750986),Cole Anthony (37751114),Ausar Thompson (37751085),Paolo Banchero (37750942),Onyeka Okongwu (37751069),Trae Young (37750915),Vince Williams Jr. (37751460),Kelly Olynyk (37751258),275.77,371.92999999999995,49800,100.00%,33719,226.14%,0,176.96999999999997,$6.78,ORL 2,ATL 2,user18,50,marvalshot,3494,4647704636_18
Trae Young (37750915),Cole Anthony (37751114),Zaccharie Risacher (37751214),Paolo Banchero (37750942),Jarrett Allen (37751052),Vince Williams Jr. (37751460),Zion Williamson (37750934),Davion Mitchell (37751323),273.96,371.08,49900,100.00%,18807,173.09%,1,176.82999999999998,$5.19,ATL 2,ORL 2,user18,50,marvalshot,3496,4647704637_18
Trae Young (37750915),Vince Williams Jr. (37751460),Zaccharie Risacher (37751214),Georges Niang (37751274),Wendell Carter Jr. (37751163),Donovan Mitchell (37750950),Kyshawn George (37751149),Cade Cunningham (37750905),272.68,361.81,49700,100.00%,10318,149.35%,0,123.27000000000001,$4.48,ATL 3,MEM 1,user18,50,marvalshot,3497,4647704638_18
Donovan Mitchell (37750950),Cole Anthony (37751114),Zion Williamson (37750934),Zaccharie Risacher (37751214),Onyeka Okongwu (37751069),RJ Barrett (37751003),Vince Williams Jr. (37751460),Jarrett Allen (37751052),273.22999999999996,372.78999999999996,49900,100.00%,13690,157.77%,0,183.98,$4.73,CLE 2,ATL 2,user18,48,marvalshot,11373,4647704639_18
Trae Young (37750915),Cole Anthony (37751114),Zaccharie Risacher (37751214),Paolo Banchero (37750942),Jalen Duren (37751019),Vince Williams Jr. (37751460),Evan Mobley (37750964),Davion Mitchell (37751323),275.06,369.87,49900,100.00%,27416,226.01%,9,173.94,$6.78,ATL 2,ORL 2,user18,50,marvalshot,3499,4647704640_18
Davion Mitchell (37751323),Cole Anthony (37751114),Zion Williamson (37750934),Chet Holmgren (37750996),Onyeka Okongwu (37751069),Donovan Mitchell (37750950),Vince Williams Jr. (37751460),Jalen Duren (37751019),266.36,366.23,50000,99.95%,32,79.4%,0,150.45,$2.38,MIA 1,ORL 1,user18,46,marvalshot,11377,4647704641_18
Trae Young (37750915),Bradley Beal (37751061),RJ Barrett (37751003),Georges Niang (37751274),Wendell Carter Jr. (37751163),Vince Williams Jr. (37751460),Paolo Banchero (37750942),Jarrett Allen (37751052),281.26,371.16999999999996,49900,100.00%,49852,3121.73%,3658,157.94,$93.65,ATL 2,ORL 2,user19,50,marvalshot,3490,4647704632_19
Trae Young (37750915),Cole Anthony (37751114),Ausar Thompson (37751085),Georges Niang (37751274),Onyeka Okongwu (37751069),Donovan Mitchell (37750950),Vince Williams Jr. (37751460),Evan Mobley (37750964),275.8,372.58000000000004,50000,100.00%,33662,263.4%,2,170.28000000000003,$7.9,ATL 3,CLE 2,user19,49,marvalshot,11371,4647704633_19
Cole Anthony (37751114),RJ Barrett (37751003),Franz Wagner (37750931),Paolo Banchero (37750942),Onyeka Okongwu (37751069),Vince Williams Jr. (37751460),Kelly Olynyk (37751258),Jarrett Allen (37751052),279.28999999999996,374.76,49800,100.00%,48634,1024.09%,308,208.66,$30.72,ORL 3,TOR 1,user19,50,marvalshot,3492,4647704634_19
Cole Anthony (37751114),RJ Barrett (37751003),Caris LeVert (37751093),Kelly Olynyk (37751258),Wendell Carter Jr. (37751163),Trae Young (37750915),Vince Williams Jr. (37751460),Cade Cunningham (37750905),279.15999999999997,374.46999999999997,49800,100.00%,49176,894.92%,95,190.05,$26.85,ORL 2,ATL 2,user19,50,marvalshot,3493,4647704635_19
Jordan Poole (37750986),Cole Anthony (37751114),Ausar Thompson (37751085),Paolo Banchero (37750942),Onyeka Okongwu (37751069),Trae Young (37750915),Vince Williams Jr. (37751460),Kelly Olynyk (37751258),275.77,371.92999999999995,49800,100.00%,33719,226.14%,0,176.96999999999997,$6.78,ORL 2,ATL 2,user19,50,marvalshot,3494,4647704636_19
Trae Young (37750915),Cole Anthony (37751114),Zaccharie Risacher (37751214),Paolo Banchero (37750942),Jarrett Allen (37751052),Vince Williams Jr. (37751460),Zion Williamson (37750934),Davion Mitchell (37751323),273.96,371.08,49900,100.00%,18807,173.09%,1,176.82999999999998,$5.19,ATL 2,ORL 2,user19,50,marvalshot,3496,4647704637_19
Trae Young (37750915),Vince Williams Jr. (37751460),Zaccharie Risacher (37751214),Georges Niang (37751274),Wendell Carter Jr. (37751163),Donovan Mitchell (37750950),Kyshawn George (37751149),Cade Cunningham (37750905),272.68,361.81,49700,100.00%,10318,149.35%,0,123.27000000000001,$4.48,ATL 3,MEM 1,user19,50,marvalshot,3497,4647704638_19
Donovan Mitchell (37750950),Cole Anthony (37751114),Zion Williamson (37750934),Zaccharie Risacher (37751214),Onyeka Okongwu (37751069),RJ Barrett (37751003),Vince Williams Jr. (37751460),Jarrett Allen (37751052),273.22999999999996,372.78999999999996,49900,100.00%,13690,157.77%,0,183.98,$4.73,CLE 2,ATL 2,user19,48,marvalshot,11373,4647704639_19
Trae Young (37750915),Cole Anthony (37751114),Zaccharie Risacher (37751214),Paolo Banchero (37750942),Jalen Duren (37751019),Vince Williams Jr. (37751460),Evan Mobley (37750964),Davion Mitchell (37751323),275.06,369.87,49900,100.00%,27416,226.01%,9,173.94,$6.78,ATL 2,ORL 2,user19,50,marvalshot,3499,4647704640_19
Davion Mitchell (37751323),Cole Anthony (37751114),Zion Williamson (37750934),Chet Holmgren (37750996),Onyeka Okongwu (37751069),Donovan Mitchell (37750950),Vince Williams Jr. (37751460),Jalen Duren (37751019),266.36,366.23,50000,99.95%,32,79.4%,0,150.45,$2.38,MIA 1,ORL 1,user19,46,marvalshot,11377,4647704641_19
Trae Young (37750915),Bradley Beal (37751061),RJ Barrett (37751003),Georges Niang (37751274),Wendell Carter Jr. (37751163),Vince Williams Jr. (37751460),Paolo Banchero (37750942),Jarrett Allen (37751052),281.26,371.16999999999996,49900,100.00%,49852,3121.73%,3658,157.94,$93.65,ATL 2,ORL 2,user20,50,marvalshot,3490,4647704632_20
Trae Young (37750915),Cole Anthony (37751114),Ausar Thompson (37751085),Georges Niang (37751274),Onyeka Okongwu (37751069),Donovan Mitchell (37750950),Vince Williams Jr. (37751460),Evan Mobley (37750964),275.8,372.58000000000004,50000,100.00%,33662,263.4%,2,170.28000000000003,$7.9,ATL 3,CLE 2,user20,49,marvalshot,11371,4647704633_20
Cole Anthony (37751114),RJ Barrett (37751003),Franz Wagner (37750931),Paolo Banchero (37750942),Onyeka Okongwu (37751069),Vince Williams Jr. (37751460),Kelly Olynyk (37751258),Jarrett Allen (37751052),279.28999999999996,374.76,49800,100.00%,48634,1024.09%,308,208.66,$30.72,ORL 3,TOR 1,user20,50,marvalshot,3492,4647704634_20
Cole Anthony (37751114),RJ Barrett (37751003),Caris LeVert (37751093),Kelly Olynyk (37751258),Wendell Carter Jr. (37751163),Trae Young (37750915),Vince Williams Jr. (37751460),Cade Cunningham (37750905),279.15999999999997,374.46999999999997,49800,100.00%,49176,894.92%,95,190.05,$26.85,ORL 2,ATL 2,user20,50,marvalshot,3493,4647704635_20
Jordan Poole (37750986),Cole Anthony (37751114),Ausar Thompson (37751085),Paolo Banchero (37750942),Onyeka Okongwu (37751069),Trae Young (37750915),Vince Williams Jr. (37751460),Kelly Olynyk (37751258),275.77,371.92999999999995,49800,100.00%,33719,226.14%,0,176.96999999999997,$6.78,ORL 2,ATL 2,user20,50,marvalshot,3494,4647704636_20
Trae Young (37750915),Cole Anthony (37751114),Zaccharie Risacher (37751214),Paolo Banchero (37750942),Jarrett Allen (37751052),Vince Williams Jr. (37751460),Zion Williamson (37750934),Davion Mitchell (37751323),273.96,371.08,49900,100.00%,18807,173.09%,1,176.82999999999998,$5.19,ATL 2,ORL 2,user20,50,marvalshot,3496,4647704637_20
Trae Young (37750915),Vince Williams Jr. (37751460),Zaccharie Risacher (37751214),Georges Niang (37751274),Wendell Carter Jr. (37751163),Donovan Mitchell (37750950),Kyshawn George (37751149),Cade Cunningham (37750905),272.68,361.81,49700,100.00%,10318,149.35%,0,123.27000000000001,$4.48,ATL 3,MEM 1,user20,50,marvalshot,3497,4647704638_20
Donovan Mitchell (37750950),Cole Anthony (37751114),Zion Williamson (37750934),Zaccharie Risacher (37751214),Onyeka Okongwu (37751069),RJ Barrett (37751003),Vince Williams Jr. (37751460),Jarrett Allen (37751052),273.22999999999996,372.78999999999996,49900,100.00%,13690,157.77%,0,183.98,$4.73,CLE 2,ATL 2,user20,48,marvalshot,11373,4647704639_20
Trae Young (37750915),Cole Anthony (37751114),Zaccharie Risacher (37751214),Paolo Banchero (37750942),Jalen Duren (37751019),Vince Williams Jr. (37751460),Evan Mobley (37750964),Davion Mitchell (37751323),275.06,369.87,49900,100.00%,27416,226.01%,9,173.94,$6.78,ATL 2,ORL 2,user20,50,marvalshot,3499,4647704640_20
Davion Mitchell (37751323),Cole Anthony (37751114),Zion Williamson (37750934),Chet Holmgren (37750996),Onyeka Okongwu (37751069),Donovan Mitchell (37750950),Vince Williams Jr. (37751460),Jalen Duren (37751019),266.36,366.23,50000,99.95%,32,79.4%,0,150.45,$2.38,MIA 1,ORL 1,user20,46,marvalshot,11377,4647704641_20
Trae Young (37750915),Bradley Beal (37751061),RJ Barrett (37751003),Georges Niang (37751274),Wendell Carter Jr. (37751163),Vince Williams Jr. (37751460),Paolo Banchero (37750942),Jarrett Allen (37751052),281.26,371.16999999999996,49900,100.00%,49852,3121.73%,3658,157.94,$93.65,ATL 2,ORL 2,user21,50,marvalshot,3490,4647704632_21
Trae Young (37750915),Cole Anthony (37751114),Ausar Thompson (37751085),Georges Niang (37751274),Onyeka Okongwu (37751069),Donovan Mitchell (37750950),Vince Williams Jr. (37751460),Evan Mobley (37750964),275.8,372.58000000000004,50000,100.00%,33662,263.4%,2,170.28000000000003,$7.9,ATL 3,CLE 2,user21,49,marvalshot,11371,4647704633_21
Cole Anthony (37751114),RJ Barrett (37751003),Franz Wagner (37750931),Paolo Banchero (37750942),Onyeka Okongwu (37751069),Vince Williams Jr. (37751460),Kelly Olynyk (37751258),Jarrett Allen (37751052),279.28999999999996,374.76,49800,100.00%,48634,1024.09%,308,208.66,$30.72,ORL 3,TOR 1,user21,50,marvalshot,3492,4647704634_21
Cole Anthony (37751114),RJ Barrett (37751003),Caris LeVert (37751093),Kelly Olynyk (37751258),Wendell Carter Jr. (37751163),Trae Young (37750915),Vince Williams Jr. (37751460),Cade Cunningham (37750905),279.15999999999997,374.46999999999997,49800,100.00%,49176,894.92%,95,190.05,$26.85,ORL 2,ATL 2,user21,50,marvalshot,3493,4647704635_21
Jordan Poole (37750986),Cole Anthony (37751114),Ausar Thompson (37751085),Paolo Banchero (37750942),Onyeka Okongwu (37751069),Trae Young (37750915),Vince Williams Jr. (37751460),Kelly Olynyk (37751258),275.77,371.92999999999995,49800,100.00%,33719,226.14%,0,176.96999999999997,$6.78,ORL 2,ATL 2,user21,50,marvalshot,3494,4647704636_21
Trae Young (37750915),Cole Anthony (37751114),Zaccharie Risacher (37751214),Paolo Banchero (37750942),Jarrett Allen (37751052),Vince Williams Jr. (37751460),Zion Williamson (37750934),Davion Mitchell (37751323),273.96,371.08,49900,100.00%,18807,173.09%,1,176.82999999999998,$5.19,ATL 2,ORL 2,user21,50,marvalshot,3496,4647704637_21
Trae Young (37750915),Vince Williams Jr. (37751460),Zaccharie Risacher (37751214),Georges Niang (37751274),Wendell Carter Jr. (37751163),Donovan Mitchell (37750950),Kyshawn George (37751149),Cade Cunningham (37750905),272.68,361.81,49700,100.00%,10318,149.35%,0,123.27000000000001,$4.48,ATL 3,MEM 1,user21,50,marvalshot,3497,4647704638_21
Donovan Mitchell (37750950),Cole Anthony (37751114),Zion Williamson (37750934),Zaccharie Risacher (37751214),Onyeka Okongwu (37751069),RJ Barrett (37751003),Vince Williams Jr. (37751460),Jarrett Allen (37751052),273.22999999999996,372.78999999999996,49900,100.00%,13690,157.77%,0,183.98,$4.73,CLE 2,ATL 2,user21,48,marvalshot,11373,4647704639_21
Trae Young (37750915),Cole Anthony (37751114),Zaccharie Risacher (37751214),Paolo Banchero (37750942),Jalen Duren (37751019),Vince Williams Jr. (37751460),Evan Mobley (37750964),Davion Mitchell (37751323),275.06,369.87,49900,100.00%,27416,226.01%,9,173.94,$6.78,ATL 2,ORL 2,user21,50,marvalshot,3499,4647704640_21
Davion Mitchell (37751323),Cole Anthony (37751114),Zion Williamson (37750934),Chet Holmgren (37750996),Onyeka Okongwu (37751069),Donovan Mitchell (37750950),Vince Williams Jr. (37751460),Jalen Duren (37751019),266.36,366.23,50000,99.95%,32,79.4%,0,150.45,$2.38,MIA 1,ORL 1,user21,46,marvalshot,11377,4647704641_21
Trae Young (37750915),Bradley Beal (37751061),RJ Barrett (37751003),Georges Niang (37751274),Wendell Carter Jr. (37751163),Vince Williams Jr. (37751460),Paolo Banchero (37750942),Jarrett Allen (37751052),281.26,371.16999999999996,49900,100.00%,49852,3121.73%,3658,157.94,$93.65,ATL 2,ORL 2,user22,50,marvalshot,3490,4647704632_22
Trae Young (37750915),Cole Anthony (37751114),Ausar Thompson (37751085),Georges Niang (37751274),Onyeka Okongwu (37751069),Donovan Mitchell (37750950),Vince Williams Jr. (37751460),Evan Mobley (37750964),275.8,372.58000000000004,50000,100.00%,33662,263.4%,2,170.28000000000003,$7.9,ATL 3,CLE 2,user22,49,marvalshot,11371,4647704633_22
Cole Anthony (37751114),RJ Barrett (37751003),Franz Wagner (37750931),Paolo Banchero (37750942),Onyeka Okongwu (37751069),Vince Williams Jr. (37751460),Kelly Olynyk (37751258),Jarrett Allen (37751052),279.28999999999996,374.76,49800,100.00%,48634,1024.09%,308,208.66,$30.72,ORL 3,TOR 1,user22,50,marvalshot,3492,4647704634_22
Cole Anthony (37751114),RJ Barrett (37751003),Caris LeVert (37751093),Kelly Olynyk (37751258),Wendell Carter Jr. (37751163),Trae Young (37750915),Vince Williams Jr. (37751460),Cade Cunningham (37750905),279.15999999999997,374.46999999999997,49800,100.00%,49176,894.92%,95,190.05,$26.85,ORL 2,ATL 2,user22,50,marvalshot,3493,4647704635_22
Jordan Poole (37750986),Cole Anthony (37751114),Ausar Thompson (37751085),Paolo Banchero (37750942),Onyeka Okongwu (37751069),Trae Young (37750915),Vince Williams Jr. (37751460),Kelly Olynyk (37751258),275.77,371.92999999999995,49800,100.00%,33719,226.14%,0,176.96999999999997,$6.78,ORL 2,ATL 2,user22,50,marvalshot,3494,4647704636_22
Trae Young (37750915),Cole Anthony (37751114),Zaccharie Risacher (37751214),Paolo Banchero (37750942),Jarrett Allen (37751052),Vince Williams Jr. (37751460),Zion Williamson (37750934),Davion Mitchell (37751323),273.96,371.08,49900,100.00%,18807,173.09%,1,176.82999999999998,$5.19,ATL 2,ORL 2,user22,50,marvalshot,3496,4647704637_22
Trae Young (37750915),Vince Williams Jr. (37751460),Zaccharie Risacher (37751214),Georges Niang (37751274),Wendell Carter Jr. (37751163),Donovan Mitchell (37750950),Kyshawn George (37751149),Cade Cunningham (37750905),272.68,361.81,49700,100.00%,10318,149.35%,0,123.27000000000001,$4.48,ATL 3,MEM 1,user22,50,marvalshot,3497,4647704638_22
Donovan Mitchell (37750950),Cole Anthony (37751114),Zion Williamson (37750934),Zaccharie Risacher (37751214),Onyeka Okongwu (37751069),RJ Barrett (37751003),Vince Williams Jr. (37751460),Jarrett Allen (37751052),273.22999999999996,372.78999999999996,49900,100.00%,13690,157.77%,0,183.98,$4.73,CLE 2,ATL 2,user22,48,marvalshot,11373,4647704639_22
Trae Young (37750915),Cole Anthony (37751114),Zaccharie Risacher (37751214),Paolo Banchero (37750942),Jalen Duren (37751019),Vince Williams Jr. (37751460),Evan Mobley (37750964),Davion Mitchell (37751323),275.06,369.87,49900,100.00%,27416,226.01%,9,173.94,$6.78,ATL 2,ORL 2,user22,50,marvalshot,3499,4647704640_22
Davion Mitchell (37751323),Cole Anthony (37751114),Zion Williamson (37750934),Chet Holmgren (37750996),Onyeka Okongwu (37751069),Donovan Mitchell (37750950),Vince Williams Jr. (37751460),Jalen Duren (37751019),266.36,366.23,50000,99.95%,32,79.4%,0,150.45,$2.38,MIA 1,ORL 1,user22,46,marvalshot,11377,4647704641_22
Trae Young (37750915),Bradley Beal (37751061),RJ Barrett (37751003),Georges Niang (37751274),Wendell Carter Jr. (37751163),Vince Williams Jr. (37751460),Paolo Banchero (37750942),Jarrett Allen (37751052),281.26,371.16999999999996,49900,100.00%,49852,3121.73%,3658,157.94,$93.65,ATL 2,ORL 2,user23,50,marvalshot,3490,4647704632_23
Trae Young (37750915),Cole Anthony (37751114),Ausar Thompson (37751085),Georges Niang (37751274),Onyeka Okongwu (37751069),Donovan Mitchell (37750950),Vince Williams Jr. (37751460),Evan Mobley (37750964),275.8,372.58000000000004,50000,100.00%,33662,263.4%,2,170.28000000000003,$7.9,ATL 3,CLE 2,user23,49,marvalshot,11371,4647704633_23
Cole Anthony (37751114),RJ Barrett (37751003),Franz Wagner (37750931),Paolo Banchero (37750942),Onyeka Okongwu (37751069),Vince Williams Jr. (37751460),Kelly Olynyk (37751258),Jarrett Allen (37751052),279.28999999999996,374.76,49800,100.00%,48634,1024.09%,308,208.66,$30.72,ORL 3,TOR 1,user23,50,marvalshot,3492,4647704634_23
Cole Anthony (37751114),RJ Barrett (37751003),Caris LeVert (37751093),Kelly Olynyk (37751258),Wendell Carter Jr. (37751163),Trae Young (37750915),Vince Williams Jr. (37751460),Cade Cunningham (37750905),279.15999999999997,374.46999999999997,49800,100.00%,49176,894.92%,95,190.05,$26.85,ORL 2,ATL 2,user23,50,marvalshot,3493,4647704635_23
Jordan Poole (37750986),Cole Anthony (37751114),Ausar Thompson (37751085),Paolo Banchero (37750942),Onyeka Okongwu (37751069),Trae Young (37750915),Vince Williams Jr. (37751460),Kelly Olynyk (37751258),275.77,371.92999999999995,49800,100.00%,33719,226.14%,0,176.96999999999997,$6.78,ORL 2,ATL 2,user23,50,marvalshot,3494,4647704636_23
Trae Young (37750915),Cole Anthony (37751114),Zaccharie Risacher (37751214),Paolo Banchero (37750942),Jarrett Allen (37751052),Vince Williams Jr. (37751460),Zion Williamson (37750934),Davion Mitchell (37751323),273.96,371.08,49900,100.00%,18807,173.09%,1,176.82999999999998,$5.19,ATL 2,ORL 2,user23,50,marvalshot,3496,4647704637_23
Trae Young (37750915),Vince Williams Jr. (37751460),Zaccharie Risacher (37751214),Georges Niang (37751274),Wendell Carter Jr. (37751163),Donovan Mitchell (37750950),Kyshawn George (37751149),Cade Cunningham (37750905),272.68,361.81,49700,100.00%,10318,149.35%,0,123.27000000000001,$4.48,ATL 3,MEM 1,user23,50,marvalshot,3497,4647704638_23
Donovan Mitchell (37750950),Cole Anthony (37751114),Zion Williamson (37750934),Zaccharie Risacher (37751214),Onyeka Okongwu (37751069),RJ Barrett (37751003),Vince Williams Jr. (37751460),Jarrett Allen (37751052),273.22999999999996,372.78999999999996,49900,100.00%,13690,157.77%,0,183.98,$4.73,CLE 2,ATL 2,user23,48,marvalshot,11373,4647704639_23
Trae Young (37750915),Cole Anthony (37751114),Zaccharie Risacher (37751214),Paolo Banchero (37750942),Jalen Duren (37751019),Vince Williams Jr. (37751460),Evan Mobley (37750964),Davion Mitchell (37751323),275.06,369.87,49900,100.00%,27416,226.01%,9,173.94,$6.78,ATL 2,ORL 2,user23,50,marvalshot,3499,4647704640_23
Davion Mitchell (37751323),Cole Anthony (37751114),Zion Williamson (37750934),Chet Holmgren (37750996),Onyeka Okongwu (37751069),Donovan Mitchell (37750950),Vince Williams Jr. (37751460),Jalen Duren (37751019),266.36,366.23,50000,99.95%,32,79.4%,0,150.45,$2.38,MIA 1,ORL 1,user23,46,marvalshot,11377,4647704641_23
Trae Young (37750915),Bradley Beal (37751061),RJ Barrett (37751003),Georges Niang (37751274),Wendell Carter Jr. (37751163),Vince Williams Jr. (37751460),Paolo Banchero (37750942),Jarrett Allen (37751052),281.26,371.16999999999996,49900,100.00%,49852,3121.73%,3658,157.94,$93.65,ATL 2,ORL 2,user24,50,marvalshot,3490,4647704632_24
Trae Young (37750915),Cole Anthony (37751114),Ausar Thompson (37751085),Georges Niang (37751274),Onyeka Okongwu (37751069),Donovan Mitchell (37750950),Vince Williams Jr. (37751460),Evan Mobley (37750964),275.8,372.58000000000004,50000,100.00%,33662,263.4%,2,170.28000000000003,$7.9,ATL 3,CLE 2,user24,49,marvalshot,11371,4647704633_24
Cole Anthony (37751114),RJ Barrett (37751003),Franz Wagner (37750931),Paolo Banchero (37750942),Onyeka Okongwu (37751069),Vince Williams Jr. (37751460),Kelly Olynyk (37751258),Jarrett Allen (37751052),279.28999999999996,374.76,49800,100.00%,48634,1024.09%,308,208.66,$30.72,ORL 3,TOR 1,user24,50,marvalshot,3492,4647704634_24
Cole Anthony (37751114),RJ Barrett (37751003),Caris LeVert (37751093),Kelly Olynyk (37751258),Wendell Carter Jr. (37751163),Trae Young (37750915),Vince Williams Jr. (37751460),Cade Cunningham (37750905),279.15999999999997,374.46999999999997,49800,100.00%,49176,894.92%,95,190.05,$26.85,ORL 2,ATL 2,user24,50,marvalshot,3493,4647704635_24
Jordan Poole (37750986),Cole Anthony (37751114),Ausar Thompson (37751085),Paolo Banchero (37750942),Onyeka Okongwu (37751069),Trae Young (37750915),Vince Williams Jr. (37751460),Kelly Olynyk (37751258),275.77,371.92999999999995,49800,100.00%,33719,226.14%,0,176.96999999999997,$6.78,ORL 2,ATL 2,user24,50,marvalshot,3494,4647704636_24
Trae Young (37750915),Cole Anthony (37751114),Zaccharie Risacher (37751214),Paolo Banchero (37750942),Jarrett Allen (37751052),Vince Williams Jr. (37751460),Zion Williamson (37750934),Davion Mitchell (37751323),273.96,371.08,49900,100.00%,18807,173.09%,1,176.82999999999998,$5.19,ATL 2,ORL 2,user24,50,marvalshot,3496,4647704637_24
Trae Young (37750915),Vince Williams Jr. (37751460),Zaccharie Risacher (37751214),Georges Niang (37751274),Wendell Carter Jr. (37751163),Donovan Mitchell (37750950),Kyshawn George (37751149),Cade Cunningham (37750905),272.68,361.81,49700,100.00%,10318,149.35%,0,123.27000000000001,$4.48,ATL 3,MEM 1,user24,50,marvalshot,3497,4647704638_24
Donovan Mitchell (37750950),Cole Anthony (37751114),Zion Williamson (37750934),Zaccharie Risacher (37751214),Onyeka Okongwu (37751069),RJ Barrett (37751003),Vince Williams Jr. (37751460),Jarrett Allen (37751052),273.22999999999996,372.78999999999996,49900,100.00%,13690,157.77%,0,183.98,$4.73,CLE 2,ATL 2,user24,48,marvalshot,11373,4647704639_24
Trae Young (37750915),Cole Anthony (37751114),Zaccharie Risacher (37751214),Paolo Banchero (37750942),Jalen Duren (37751019),Vince Williams Jr. (37751460),Evan Mobley (37750964),Davion Mitchell (37751323),275.06,369.87,49900,100.00%,27416,226.01%,9,173.94,$6.78,ATL 2,ORL 2,user24,50,marvalshot,3499,4647704640_24
Davion Mitchell (37751323),Cole Anthony (37751114),Zion Williamson (37750934),Chet Holmgren (37750996),Onyeka Okongwu (37751069),Donovan Mitchell (37750950),Vince Williams Jr. (37751460),Jalen Duren (37751019),266.36,366.23,50000,99.95%,32,79.4%,0,150.45,$2.38,MIA 1,ORL 1,user24,46,marvalshot,11377,4647704641_24
Trae Young (37750915),Bradley Beal (37751061),RJ Barrett (37751003),Georges Niang (37751274),Wendell Carter Jr. (37751163),Vince Williams Jr. (37751460),Paolo Banchero (37750942),Jarrett Allen (37751052),281.26,371.16999999999996,49900,100.00%,49852,3121.73%,3658,157.94,$93.65,ATL 2,ORL 2,user25,50,marvalshot,3490,4647704632_25
Trae Young (37750915),Cole Anthony (37751114),Ausar Thompson (37751085),Georges Niang (37751274),Onyeka Okongwu (37751069),Donovan Mitchell (37750950),Vince Williams Jr. (37751460),Evan Mobley (37750964),275.8,372.58000000000004,50000,100.00%,33662,263.4%,2,170.28000000000003,$7.9,ATL 3,CLE 2,user25,49,marvalshot,11371,4647704633_25
Cole Anthony (37751114),RJ Barrett (37751003),Franz Wagner (37750931),Paolo Banchero (37750942),Onyeka Okongwu (37751069),Vince Williams Jr. (37751460),Kelly Olynyk (37751258),Jarrett Allen (37751052),279.28999999999996,374.76,49800,100.00%,48634,1024.09%,308,208.66,$30.72,ORL 3,TOR 1,user25,50,marvalshot,3492,4647704634_25
Cole Anthony (37751114),RJ Barrett (37751003),Caris LeVert (37751093),Kelly Olynyk (37751258),Wendell Carter Jr. (37751163),Trae Young (37750915),Vince Williams Jr. (37751460),Cade Cunningham (37750905),279.15999999999997,374.46999999999997,49800,100.00%,49176,894.92%,95,190.05,$26.85,ORL 2,ATL 2,user25,50,marvalshot,3493,4647704635_25
Jordan Poole (37750986),Cole Anthony (37751114),Ausar Thompson (37751085),Paolo Banchero (37750942),Onyeka Okongwu (37751069),Trae Young (37750915),Vince Williams Jr. (37751460),Kelly Olynyk (37751258),275.77,371.92999999999995,49800,100.00%,33719,226.14%,0,176.96999999999997,$6.78,ORL 2,ATL 2,user25,50,marvalshot,3494,4647704636_25
Trae Young (37750915),Cole Anthony (37751114),Zaccharie Risacher (37751214),Paolo Banchero (37750942),Jarrett Allen (37751052),Vince Williams Jr. (37751460),Zion Williamson (37750934),Davion Mitchell (37751323),273.96,371.08,49900,100.00%,18807,173.09%,1,176.82999999999998,$5.19,ATL 2,ORL 2,user25,50,marvalshot,3496,4647704637_25
Trae Young (37750915),Vince Williams Jr. (37751460),Zaccharie Risacher (37751214),Georges Niang (37751274),Wendell Carter Jr. (37751163),Donovan Mitchell (37750950),Kyshawn George (37751149),Cade Cunningham (37750905),272.68,361.81,49700,100.00%,10318,149.35%,0,123.27000000000001,$4.48,ATL 3,MEM 1,user25,50,marvalshot,3497,4647704638_25
Donovan Mitchell (37750950),Cole Anthony (37751114),Zion Williamson (37750934),Zaccharie Risacher (37751214),Onyeka Okongwu (37751069),RJ Barrett (37751003),Vince Williams Jr. (37751460),Jarrett Allen (37751052),273.22999999999996,372.78999999999996,49900,100.00%,13690,157.77%,0,183.98,$4.73,CLE 2,ATL 2,user25,48,marvalshot,11373,4647704639_25
Trae Young (37750915),Cole Anthony (37751114),Zaccharie Risacher (37751214),Paolo Banchero (37750942),Jalen Duren (37751019),Vince Williams Jr. (37751460),Evan Mobley (37750964),Davion Mitchell (37751323),275.06,369.87,49900,100.00%,27416,226.01%,9,173.94,$6.78,ATL 2,ORL 2,user25,50,marvalshot,3499,4647704640_25
Davion Mitchell (37751323),Cole Anthony (37751114),Zion Williamson (37750934),Chet Holmgren (37750996),Onyeka Okongwu (37751069),Donovan Mitchell (37750950),Vince Williams Jr. (37751460),Jalen Duren (37751019),266.36,366.23,50000,99.95%,32,79.4%,0,150.45,$2.38,MIA 1,ORL 1,user25,46,marvalshot,11377,4647704641_25
Trae Young (37750915),Bradley Beal (37751061),RJ Barrett (37751003),Georges Niang (37751274),Wendell Carter Jr. (37751163),Vince Williams Jr. (37751460),Paolo Banchero (37750942),Jarrett Allen (37751052),281.26,371.16999999999996,49900,100.00%,49852,3121.73%,3658,157.94,$93.65,ATL 2,ORL 2,user26,50,marvalshot,3490,4647704632_26
Trae Young (37750915),Cole Anthony (37751114),Ausar Thompson (37751085),Georges Niang (37751274),Onyeka Okongwu (37751069),Donovan Mitchell (37750950),Vince Williams Jr. (37751460),Evan Mobley (37750964),275.8,372.58000000000004,50000,100.00%,33662,263.4%,2,170.28000000000003,$7.9,ATL 3,CLE 2,user26,49,marvalshot,11371,4647704633_26
Cole Anthony (37751114),RJ Barrett (37751003),Franz Wagner (37750931),Paolo Banchero (37750942),Onyeka Okongwu (37751069),Vince Williams Jr. (37751460),Kelly Olynyk (37751258),Jarrett Allen (37751052),279.28999999999996,374.76,49800,100.00%,48634,1024.09%,308,208.66,$30.72,ORL 3,TOR 1,user26,50,marvalshot,3492,4647704634_26
Cole Anthony (37751114),RJ Barrett (37751003),Caris LeVert (37751093),Kelly Olynyk (37751258),Wendell Carter Jr. (37751163),Trae Young (37750915),Vince Williams Jr. (37751460),Cade Cunningham (37750905),279.15999999999997,374.46999999999997,49800,100.00%,49176,894.92%,95,190.05,$26.85,ORL 2,ATL 2,user26,50,marvalshot,3493,4647704635_26
Jordan Poole (37750986),Cole Anthony (37751114),Ausar Thompson (37751085),Paolo Banchero (37750942),Onyeka Okongwu (37751069),Trae Young (37750915),Vince Williams Jr. (37751460),Kelly Olynyk (37751258),275.77,371.92999999999995,49800,100.00%,33719,226.14%,0,176.96999999999997,$6.78,ORL 2,ATL 2,user26,50,marvalshot,3494,4647704636_26
Trae Young (37750915),Cole Anthony (37751114),Zaccharie Risacher (37751214),Paolo Banchero (37750942),Jarrett Allen (37751052),Vince Williams Jr. (37751460),Zion Williamson (37750934),Davion Mitchell (37751323),273.96,371.08,49900,100.00%,18807,173.09%,1,176.82999999999998,$5.19,ATL 2,ORL 2,user26,50,marvalshot,3496,4647704637_26
Trae Young (37750915),Vince Williams Jr. (37751460),Zaccharie Risacher (37751214),Georges Niang (37751274),Wendell Carter Jr. (37751163),Donovan Mitchell (37750950),Kyshawn George (37751149),Cade Cunningham (37750905),272.68,361.81,49700,100.00%,10318,149.35%,0,123.27000000000001,$4.48,ATL 3,MEM 1,user26,50,marvalshot,3497,4647704638_26
Donovan Mitchell (37750950),Cole Anthony (37751114),Zion Williamson (37750934),Zaccharie Risacher (37751214),Onyeka Okongwu (37751069),RJ Barrett (37751003),Vince Williams Jr. (37751460),Jarrett Allen (37751052),273.22999999999996,372.78999999999996,49900,100.00%,13690,157.77%,0,183.98,$4.73,CLE 2,ATL 2,user26,48,marvalshot,11373,4647704639_26
Trae Young (37750915),Cole Anthony (37751114),Zaccharie Risacher (37751214),Paolo Banchero (37750942),Jalen Duren (37751019),Vince Williams Jr. (37751460),Evan Mobley (37750964),Davion Mitchell (37751323),275.06,369.87,49900,100.00%,27416,226.01%,9,173.94,$6.78,ATL 2,ORL 2,user26,50,marvalshot,3499,4647704640_26
Davion Mitchell (37751323),Cole Anthony (37751114),Zion Williamson (37750934),Chet Holmgren (37750996),Onyeka Okongwu (37751069),Donovan Mitchell (37750950),Vince Williams Jr. (37751460),Jalen Duren (37751019),266.36,366.23,50000,99.95%,32,79.4%,0,150.45,$2.38,MIA 1,ORL 1,user26,46,marvalshot,11377,4647704641_26
Trae Young (37750915),Bradley Beal (37751061),RJ Barrett (37751003),Georges Niang (37751274),Wendell Carter Jr. (37751163),Vince Williams Jr. (37751460),Paolo Banchero (37750942),Jarrett Allen (37751052),281.26,371.16999999999996,49900,100.00%,49852,3121.73%,3658,157.94,$93.65,ATL 2,ORL 2,user27,50,marvalshot,3490,4647704632_27
Trae Young (37750915),Cole Anthony (37751114),Ausar Thompson (37751085),Georges Niang (37751274),Onyeka Okongwu (37751069),Donovan Mitchell (37750950),Vince Williams Jr. (37751460),Evan Mobley (37750964),275.8,372.58000000000004,50000,100.00%,33662,263.4%,2,170.28000000000003,$7.9,ATL 3,CLE 2,user27,49,marvalshot,11371,4647704633_27
Cole Anthony (37751114),RJ Barrett (37751003),Franz Wagner (37750931),Paolo Banchero (37750942),Onyeka Okongwu (37751069),Vince Williams Jr. (37751460),Kelly Olynyk (37751258),Jarrett Allen (37751052),279.28999999999996,374.76,49800,100.00%,48634,1024.09%,308,208.66,$30.72,ORL 3,TOR 1,user27,50,marvalshot,3492,4647704634_27
Cole Anthony (37751114),RJ Barrett (37751003),Caris LeVert (37751093),Kelly Olynyk (37751258),Wendell Carter Jr. (37751163),Trae Young (37750915),Vince Williams Jr. (37751460),Cade Cunningham (37750905),279.15999999999997,374.46999999999997,49800,100.00%,49176,894.92%,95,190.05,$26.85,ORL 2,ATL 2,user27,50,marvalshot,3493,4647704635_27
Jordan Poole (37750986),Cole Anthony (37751114),Ausar Thompson (37751085),Paolo Banchero (37750942),Onyeka Okongwu (37751069),Trae Young (37750915),Vince Williams Jr. (37751460),Kelly Olynyk (37751258),275.77,371.92999999999995,49800,100.00%,33719,226.14%,0,176.96999999999997,$6.78,ORL 2,ATL 2,user27,50,marvalshot,3494,4647704636_27
Trae Young (37750915),Cole Anthony (37751114),Zaccharie Risacher (37751214),Paolo Banchero (37750942),Jarrett Allen (37751052),Vince Williams Jr. (37751460),Zion Williamson (37750934),Davion Mitchell (37751323),273.96,371.08,49900,100.00%,18807,173.09%,1,176.82999999999998,$5.19,ATL 2,ORL 2,user27,50,marvalshot,3496,4647704637_27
Trae Young (37750915),Vince Williams Jr. (37751460),Zaccharie Risacher (37751214),Georges Niang (37751274),Wendell Carter Jr. (37751163),Donovan Mitchell (37750950),Kyshawn George (37751149),Cade Cunningham (37750905),272.68,361.81,49700,100.00%,10318,149.35%,0,123.27000000000001,$4.48,ATL 3,MEM 1,user27,50,marvalshot,3497,4647704638_27
Donovan Mitchell (37750950),Cole Anthony (37751114),Zion Williamson (37750934),Zaccharie Risacher (37751214),Onyeka Okongwu (37751069),RJ Barrett (37751003),Vince Williams Jr. (37751460),Jarrett Allen (37751052),273.22999999999996,372.78999999999996,49900,100.00%,13690,157.77%,0,183.98,$4.73,CLE 2,ATL 2,user27,48,marvalshot,11373,4647704639_27
Trae Young (37750915),Cole Anthony (37751114),Zaccharie Risacher (37751214),Paolo Banchero (37750942),Jalen Duren (37751019),Vince Williams Jr. (37751460),Evan Mobley (37750964),Davion Mitchell (37751323),275.06,369.87,49900,100.00%,27416,226.01%,9,173.94,$6.78,ATL 2,ORL 2,user27,50,marvalshot,3499,4647704640_27
Davion Mitchell (37751323),Cole Anthony (37751114),Zion Williamson (37750934),Chet Holmgren (37750996),Onyeka Okongwu (37751069),Donovan Mitchell (37750950),Vince Williams Jr. (37751460),Jalen Duren (37751019),266.36,366.23,50000,99.95%,32,79.4%,0,150.45,$2.38,MIA 1,ORL 1,user27,46,marvalshot,11377,4647704641_27
Trae Young (37750915),Bradley Beal (37751061),RJ Barrett (37751003),Georges Niang (37751274),Wendell Carter Jr. (37751163),Vince Williams Jr. (37751460),Paolo Banchero (37750942),Jarrett Allen (37751052),281.26,371.16999999999996,49900,100.00%,49852,3121.73%,3658,157.94,$93.65,ATL 2,ORL 2,user28,50,marvalshot,3490,4647704632_28
Trae Young (37750915),Cole Anthony (37751114),Ausar Thompson (37751085),Georges Niang (37751274),Onyeka Okongwu (37751069),Donovan Mitchell (37750950),Vince Williams Jr. (37751460),Evan Mobley (37750964),275.8,372.58000000000004,50000,100.00%,33662,263.4%,2,170.28000000000003,$7.9,ATL 3,CLE 2,user28,49,marvalshot,11371,4647704633_28
Cole Anthony (37751114),RJ Barrett (37751003),Franz Wagner (37750931),Paolo Banchero (37750942),Onyeka Okongwu (37751069),Vince Williams Jr. (37751460),Kelly Olynyk (37751258),Jarrett Allen (37751052),279.28999999999996,374.76,49800,100.00%,48634,1024.09%,308,208.66,$30.72,ORL 3,TOR 1,user28,50,marvalshot,3492,4647704634_28
Cole Anthony (37751114),RJ Barrett (37751003),Caris LeVert (37751093),Kelly Olynyk (37751258),Wendell Carter Jr. (37751163),Trae Young (37750915),Vince Williams Jr. (37751460),Cade Cunningham (37750905),279.15999999999997,374.46999999999997,49800,100.00%,49176,894.92%,95,190.05,$26.85,ORL 2,ATL 2,user28,50,marvalshot,3493,4647704635_28
Jordan Poole (37750986),Cole Anthony (37751114),Ausar Thompson (37751085),Paolo Banchero (37750942),Onyeka Okongwu (37751069),Trae Young (37750915),Vince Williams Jr. (37751460),Kelly Olynyk (37751258),275.77,371.92999999999995,49800,100.00%,33719,226.14%,0,176.96999999999997,$6.78,ORL 2,ATL 2,user28,50,marvalshot,3494,4647704636_28
Trae Young (37750915),Cole Anthony (37751114),Zaccharie Risacher (37751214),Paolo Banchero (37750942),Jarrett Allen (37751052),Vince Williams Jr. (37751460),Zion Williamson (37750934),Davion Mitchell (37751323),273.96,371.08,49900,100.00%,18807,173.09%,1,176.82999999999998,$5.19,ATL 2,ORL 2,user28,50,marvalshot,3496,4647704637_28
Trae Young (37750915),Vince Williams Jr. (37751460),Zaccharie Risacher (37751214),Georges Niang (37751274),Wendell Carter Jr. (37751163),Donovan Mitchell (37750950),Kyshawn George (37751149),Cade Cunningham (37750905),272.68,361.81,49700,100.00%,10318,149.35%,0,123.27000000000001,$4.48,ATL 3,MEM 1,user28,50,marvalshot,3497,4647704638_28
Donovan Mitchell (37750950),Cole Anthony (37751114),Zion Williamson (37750934),Zaccharie Risacher (37751214),Onyeka Okongwu (37751069),RJ Barrett (37751003),Vince Williams Jr. (37751460),Jarrett Allen (37751052),273.22999999999996,372.78999999999996,49900,100.00%,13690,157.77%,0,183.98,$4.73,CLE 2,ATL 2,user28,48,marvalshot,11373,4647704639_28
Trae Young (37750915),Cole Anthony (37751114),Zaccharie Risacher (37751214),Paolo Banchero (37750942),Jalen Duren (37751019),Vince Williams Jr. (37751460),Evan Mobley (37750964),Davion Mitchell (37751323),275.06,369.87,49900,100.00%,27416,226.01%,9,173.94,$6.78,ATL 2,ORL 2,user28,50,marvalshot,3499,4647704640_28
Davion Mitchell (37751323),Cole Anthony (37751114),Zion Williamson (37750934),Chet Holmgren (37750996),Onyeka Okongwu (37751069),Donovan Mitchell (37750950),Vince Williams Jr. (37751460),Jalen Duren (37751019),266.36,366.23,50000,99.95%,32,79.4%,0,150.45,$2.38,MIA 1,ORL 1,user28,46,marvalshot,11377,4647704641_28
Trae Young (37750915),Bradley Beal (37751061),RJ Barrett (37751003),Georges Niang (37751274),Wendell Carter Jr. (37751163),Vince Williams Jr. (37751460),Paolo Banchero (37750942),Jarrett Allen (37751052),281.26,371.16999999999996,49900,100.00%,49852,3121.73%,3658,157.94,$93.65,ATL 2,ORL 2,user29,50,marvalshot,3490,4647704632_29
Trae Young (37750915),Cole Anthony (37751114),Ausar Thompson (37751085),Georges Niang (37751274),Onyeka Okongwu (37751069),Donovan Mitchell (37750950),Vince Williams Jr. (37751460),Evan Mobley (37750964),275.8,372.58000000000004,50000,100.00%,33662,263.4%,2,170.28000000000003,$7.9,ATL 3,CLE 2,user29,49,marvalshot,11371,4647704633_29
Cole Anthony (37751114),RJ Barrett (37751003),Franz Wagner (37750931),Paolo Banchero (37750942),Onyeka Okongwu (37751069),Vince Williams Jr. (37751460),Kelly Olynyk (37751258),Jarrett Allen (37751052),279.28999999999996,374.76,49800,100.00%,48634,1024.09%,308,208.66,$30.72,ORL 3,TOR 1,user29,50,marvalshot,3492,4647704634_29
Cole Anthony (37751114),RJ Barrett (37751003),Caris LeVert (37751093),Kelly Olynyk (37751258),Wendell Carter Jr. (37751163),Trae Young (37750915),Vince Williams Jr. (37751460),Cade Cunningham (37750905),279.15999999999997,374.46999999999997,49800,100.00%,49176,894.92%,95,190.05,$26.85,ORL 2,ATL 2,user29,50,marvalshot,3493,4647704635_29
Jordan Poole (37750986),Cole Anthony (37751114),Ausar Thompson (37751085),Paolo Banchero (37750942),Onyeka Okongwu (37751069),Trae Young (37750915),Vince Williams Jr. (37751460),Kelly Olynyk (37751258),275.77,371.92999999999995,49800,100.00%,33719,226.14%,0,176.96999999999997,$6.78,ORL 2,ATL 2,user29,50,marvalshot,3494,4647704636_29
Trae Young (37750915),Cole Anthony (37751114),Zaccharie Risacher (37751214),Paolo Banchero (37750942),Jarrett Allen (37751052),Vince Williams Jr. (37751460),Zion Williamson (37750934),Davion Mitchell (37751323),273.96,371.08,49900,100.00%,18807,173.09%,1,176.82999999999998,$5.19,ATL 2,ORL 2,user29,50,marvalshot,3496,4647704637_29
Trae Young (37750915),Vince Williams Jr. (37751460),Zaccharie Risacher (37751214),Georges Niang (37751274),Wendell Carter Jr. (37751163),Donovan Mitchell (37750950),Kyshawn George (37751149),Cade Cunningham (37750905),272.68,361.81,49700,100.00%,10318,149.35%,0,123.27000000000001,$4.48,ATL 3,MEM 1,user29,50,marvalshot,3497,4647704638_29
Donovan Mitchell (37750950),Cole Anthony (37751114),Zion Williamson (37750934),Zaccharie Risacher (37751214),Onyeka Okongwu (37751069),RJ Barrett (37751003),Vince Williams Jr. (37751460),Jarrett Allen (37751052),273.22999999999996,372.78999999999996,49900,100.00%,13690,157.77%,0,183.98,$4.73,CLE 2,ATL 2,user29,48,marvalshot,11373,4647704639_29
Trae Young (37750915),Cole Anthony (37751114),Zaccharie Risacher (37751214),Paolo Banchero (37750942),Jalen Duren (37751019),Vince Williams Jr. (37751460),Evan Mobley (37750964),Davion Mitchell (37751323),275.06,369.87,49900,100.00%,27416,226.01%,9,173.94,$6.78,ATL 2,ORL 2,user29,50,marvalshot,3499,4647704640_29
Davion Mitchell (37751323),Cole Anthony (37751114),Zion Williamson (37750934),Chet Holmgren (37750996),Onyeka Okongwu (37751069),Donovan Mitchell (37750950),Vince Williams Jr. (37751460),Jalen Duren (37751019),266.36,366.23,50000,99.95%,32,79.4%,0,150.45,$2.38,MIA 1,ORL 1,user29,46,marvalshot,11377,4647704641_29
Trae Young (37750915),Bradley Beal (37751061),RJ Barrett (37751003),Georges Niang (37751274),Wendell Carter Jr. (37751163),Vince Williams Jr. (37751460),Paolo Banchero (37750942),Jarrett Allen (37751052),281.26,371.16999999999996,49900,100.00%,49852,3121.73%,3658,157.94,$93.65,ATL 2,ORL 2,user30,50,marvalshot,3490,4647704632_30
Trae Young (37750915),Cole Anthony (37751114),Ausar Thompson (37751085),Georges Niang (37751274),Onyeka Okongwu (37751069),Donovan Mitchell (37750950),Vince Williams Jr. (37751460),Evan Mobley (37750964),275.8,372.58000000000004,50000,100.00%,33662,263.4%,2,170.28000000000003,$7.9,ATL 3,CLE 2,user30,49,marvalshot,11371,4647704633_30
Cole Anthony (37751114),RJ Barrett (37751003),Franz Wagner (37750931),Paolo Banchero (37750942),Onyeka Okongwu (37751069),Vince Williams Jr. (37751460),Kelly Olynyk (37751258),Jarrett Allen (37751052),279.28999999999996,374.76,49800,100.00%,48634,1024.09%,308,208.66,$30.72,ORL 3,TOR 1,user30,50,marvalshot,3492,4647704634_30
Cole Anthony (37751114),RJ Barrett (37751003),Caris LeVert (37751093),Kelly Olynyk (37751258),Wendell Carter Jr. (37751163),Trae Young (37750915),Vince Williams Jr. (37751460),Cade Cunningham (37750905),279.15999999999997,374.46999999999997,49800,100.00%,49176,894.92%,95,190.05,$26.85,ORL 2,ATL 2,user30,50,marvalshot,3493,4647704635_30
Jordan Poole (37750986),Cole Anthony (37751114),Ausar Thompson (37751085),Paolo Banchero (37750942),Onyeka Okongwu (37751069),Trae Young (37750915),Vince Williams Jr. (37751460),Kelly Olynyk (37751258),275.77,371.92999999999995,49800,100.00%,33719,226.14%,0,176.96999999999997,$6.78,ORL 2,ATL 2,user30,50,marvalshot,3494,4647704636_30
Trae Young (37750915),Cole Anthony (37751114),Zaccharie Risacher (37751214),Paolo Banchero (37750942),Jarrett Allen (37751052),Vince Williams Jr. (37751460),Zion Williamson (37750934),Davion Mitchell (37751323),273.96,371.08,49900,100.00%,18807,173.09%,1,176.82999999999998,$5.19,ATL 2,ORL 2,user30,50,marvalshot,3496,4647704637_30
Trae Young (37750915),Vince Williams Jr. (37751460),Zaccharie Risacher (37751214),Georges Niang (37751274),Wendell Carter Jr. (37751163),Donovan Mitchell (37750950),Kyshawn George (37751149),Cade Cunningham (37750905),272.68,361.81,49700,100.00%,10318,149.35%,0,123.27000000000001,$4.48,ATL 3,MEM 1,user30,50,marvalshot,3497,4647704638_30
Donovan Mitchell (37750950),Cole Anthony (37751114),Zion Williamson (37750934),Zaccharie Risacher (37751214),Onyeka Okongwu (37751069),RJ Barrett (37751003),Vince Williams Jr. (37751460),Jarrett Allen (37751052),273.22999999999996,372.78999999999996,49900,100.00%,13690,157.77%,0,183.98,$4.73,CLE 2,ATL 2,user30,48,marvalshot,11373,4647704639_30
Trae Young (37750915),Cole Anthony (37751114),Zaccharie Risacher (37751214),Paolo Banchero (37750942),Jalen Duren (37751019),Vince Williams Jr. (37751460),Evan Mobley (37750964),Davion Mitchell (37751323),275.06,369.87,49900,100.00%,27416,226.01%,9,173.94,$6.78,ATL 2,ORL 2,user30,50,marvalshot,3499,4647704640_30
Davion Mitchell (37751323),Cole Anthony (37751114),Zion Williamson (37750934),Chet Holmgren (37750996),Onyeka Okongwu (37751069),Donovan Mitchell (37750950),Vince Williams Jr. (37751460),Jalen Duren (37751019),266.36,366.23,50000,99.95%,32,79.4%,0,150.45,$2.38,MIA 1,ORL 1,user30,46,marvalshot,11377,4647704641_30
Trae Young (37750915),Bradley Beal (37751061),RJ Barrett (37751003),Georges Niang (37751274),Wendell Carter Jr. (37751163),Vince Williams Jr. (37751460),Paolo Banchero (37750942),Jarrett Allen (37751052),281.26,371.16999999999996,49900,100.00%,49852,3121.73%,3658,157.94,$93.65,ATL 2,ORL 2,user31,50,marvalshot,3490,4647704632_31
Trae Young (37750915),Cole Anthony (37751114),Ausar Thompson (37751085),Georges Niang (37751274),Onyeka Okongwu (37751069),Donovan Mitchell (37750950),Vince Williams Jr. (37751460),Evan Mobley (37750964),275.8,372.58000000000004,50000,100.00%,33662,263.4%,2,170.28000000000003,$7.9,ATL 3,CLE 2,user31,49,marvalshot,11371,4647704633_31
Cole Anthony (37751114),RJ Barrett (37751003),Franz Wagner (37750931),Paolo Banchero (37750942),Onyeka Okongwu (37751069),Vince Williams Jr. (37751460),Kelly Olynyk (37751258),Jarrett Allen (37751052),279.28999999999996,374.76,49800,100.00%,48634,1024.09%,308,208.66,$30.72,ORL 3,TOR 1,user31,50,marvalshot,3492,4647704634_31
Cole Anthony (37751114),RJ Barrett (37751003),Caris LeVert (37751093),Kelly Olynyk (37751258),Wendell Carter Jr. (37751163),Trae Young (37750915),Vince Williams Jr. (37751460),Cade Cunningham (37750905),279.15999999999997,374.46999999999997,49800,100.00%,49176,894.92%,95,190.05,$26.85,ORL 2,ATL 2,user31,50,marvalshot,3493,4647704635_31
Jordan Poole (37750986),Cole Anthony (37751114),Ausar Thompson (37751085),Paolo Banchero (37750942),Onyeka Okongwu (37751069),Trae Young (37750915),Vince Williams Jr. (37751460),Kelly Olynyk (37751258),275.77,371.92999999999995,49800,100.00%,33719,226.14%,0,176.96999999999997,$6.78,ORL 2,ATL 2,user31,50,marvalshot,3494,4647704636_31
Trae Young (37750915),Cole Anthony (37751114),Zaccharie Risacher (37751214),Paolo Banchero (37750942),Jarrett Allen (37751052),Vince Williams Jr. (37751460),Zion Williamson (37750934),Davion Mitchell (37751323),273.96,371.08,49900,100.00%,18807,173.09%,1,176.82999999999998,$5.19,ATL 2,ORL 2,user31,50,marvalshot,3496,4647704637_31
Trae Young (37750915),Vince Williams Jr. (37751460),Zaccharie Risacher (37751214),Georges Niang (37751274),Wendell Carter Jr. (37751163),Donovan Mitchell (37750950),Kyshawn George (37751149),Cade Cunningham (37750905),272.68,361.81,49700,100.00%,10318,149.35%,0,123.27000000000001,$4.48,ATL 3,MEM 1,user31,50,marvalshot,3497,4647704638_31
Donovan Mitchell (37750950),Cole Anthony (37751114),Zion Williamson (37750934),Zaccharie Risacher (37751214),Onyeka Okongwu (37751069),RJ Barrett (37751003),Vince Williams Jr. (37751460),Jarrett Allen (37751052),273.22999999999996,372.78999999999996,49900,100.00%,13690,157.77%,0,183.98,$4.73,CLE 2,ATL 2,user31,48,marvalshot,11373,4647704639_31
Trae Young (37750915),Cole Anthony (37751114),Zaccharie Risacher (37751214),Paolo Banchero (37750942),Jalen Duren (37751019),Vince Williams Jr. (37751460),Evan Mobley (37750964),Davion Mitchell (37751323),275.06,369.87,49900,100.00%,27416,226.01%,9,173.94,$6.78,ATL 2,ORL 2,user31,50,marvalshot,3499,4647704640_31
Davion Mitchell (37751323),Cole Anthony (37751114),Zion Williamson (37750934),Chet Holmgren (37750996),Onyeka Okongwu (37751069),Donovan Mitchell (37750950),Vince Williams Jr. (37751460),Jalen Duren (37751019),266.36,366.23,50000,99.95%,32,79.4%,0,150.45,$2.38,MIA 1,ORL 1,user31,46,marvalshot,11377,4647704641_31
Trae Young (37750915),Bradley Beal (37751061),RJ Barrett (37751003),Georges Niang (37751274),Wendell Carter Jr. (37751163),Vince Williams Jr. (37751460),Paolo Banchero (37750942),Jarrett Allen (37751052),281.26,371.16999999999996,49900,100.00%,49852,3121.73%,3658,157.94,$93.65,ATL 2,ORL 2,user32,50,marvalshot,3490,4647704632_32
Trae Young (37750915),Cole Anthony (37751114),Ausar Thompson (37751085),Georges Niang (37751274),Onyeka Okongwu (37751069),Donovan Mitchell (37750950),Vince Williams Jr. (37751460),Evan Mobley (37750964),275.8,372.58000000000004,50000,100.00%,33662,263.4%,2,170.28000000000003,$7.9,ATL 3,CLE 2,user32,49,marvalshot,11371,4647704633_32
Cole Anthony (37751114),RJ Barrett (37751003),Franz Wagner (37750931),Paolo Banchero (37750942),Onyeka Okongwu (37751069),Vince Williams Jr. (37751460),Kelly Olynyk (37751258),Jarrett Allen (37751052),279.28999999999996,374.76,49800,100.00%,48634,1024.09%,308,208.66,$30.72,ORL 3,TOR 1,user32,50,marvalshot,3492,4647704634_32
Cole Anthony (37751114),RJ Barrett (37751003),Caris LeVert (37751093),Kelly Olynyk (37751258),Wendell Carter Jr. (37751163),Trae Young (37750915),Vince Williams Jr. (37751460),Cade Cunningham (37750905),279.15999999999997,374.46999999999997,49800,100.00%,49176,894.92%,95,190.05,$26.85,ORL 2,ATL 2,user32,50,marvalshot,3493,4647704635_32
Jordan Poole (37750986),Cole Anthony (37751114),Ausar Thompson (37751085),Paolo Banchero (37750942),Onyeka Okongwu (37751069),Trae Young (37750915),Vince Williams Jr. (37751460),Kelly Olynyk (37751258),275.77,371.92999999999995,49800,100.00%,33719,226.14%,0,176.96999999999997,$6.78,ORL 2,ATL 2,user32,50,marvalshot,3494,4647704636_32
Trae Young (37750915),Cole Anthony (37751114),Zaccharie Risacher (37751214),Paolo Banchero (37750942),Jarrett Allen (37751052),Vince Williams Jr. (37751460),Zion Williamson (37750934),Davion Mitchell (37751323),273.96,371.08,49900,100.00%,18807,173.09%,1,176.82999999999998,$5.19,ATL 2,ORL 2,user32,50,marvalshot,3496,4647704637_32
Trae Young (37750915),Vince Williams Jr. (37751460),Zaccharie Risacher (37751214),Georges Niang (37751274),Wendell Carter Jr. (37751163),Donovan Mitchell (37750950),Kyshawn George (37751149),Cade Cunningham (37750905),272.68,361.81,49700,100.00%,10318,149.35%,0,123.27000000000001,$4.48,ATL 3,MEM 1,user32,50,marvalshot,3497,4647704638_32
Donovan Mitchell (37750950),Cole Anthony (37751114),Zion Williamson (37750934),Zaccharie Risacher (37751214),Onyeka Okongwu (37751069),RJ Barrett (37751003),Vince Williams Jr. (37751460),Jarrett Allen (37751052),273.22999999999996,372.78999999999996,49900,100.00%,13690,157.77%,0,183.98,$4.73,CLE 2,ATL 2,user32,48,marvalshot,11373,4647704639_32
Trae Young (37750915),Cole Anthony (37751114),Zaccharie Risacher (37751214),Paolo Banchero (37750942),Jalen Duren (37751019),Vince Williams Jr. (37751460),Evan Mobley (37750964),Davion Mitchell (37751323),275.06,369.87,49900,100.00%,27416,226.01%,9,173.94,$6.78,ATL 2,ORL 2,user32,50,marvalshot,3499,4647704640_32
Davion Mitchell (37751323),Cole Anthony (37751114),Zion Williamson (37750934),Chet Holmgren (37750996),Onyeka Okongwu (37751069),Donovan Mitchell (37750950),Vince Williams Jr. (37751460),Jalen Duren (37751019),266.36,366.23,50000,99.95%,32,79.4%,0,150.45,$2.38,MIA 1,ORL 1,user32,46,marvalshot,11377,4647704641_32
Trae Young (37750915),Bradley Beal (37751061),RJ Barrett (37751003),Georges Niang (37751274),Wendell Carter Jr. (37751163),Vince Williams Jr. (37751460),Paolo Banchero (37750942),Jarrett Allen (37751052),281.26,371.16999999999996,49900,100.00%,49852,3121.73%,3658,157.94,$93.65,ATL 2,ORL 2,user33,50,marvalshot,3490,4647704632_33
Trae Young (37750915),Cole Anthony (37751114),Ausar Thompson (37751085),Georges Niang (37751274),Onyeka Okongwu (37751069),Donovan Mitchell (37750950),Vince Williams Jr. (37751460),Evan Mobley (37750964),275.8,372.58000000000004,50000,100.00%,33662,263.4%,2,170.28000000000003,$7.9,ATL 3,CLE 2,user33,49,marvalshot,11371,4647704633_33
Cole Anthony (37751114),RJ Barrett (37751003),Franz Wagner (37750931),Paolo Banchero (37750942),Onyeka Okongwu (37751069),Vince Williams Jr. (37751460),Kelly Olynyk (37751258),Jarrett Allen (37751052),279.28999999999996,374.76,49800,100.00%,48634,1024.09%,308,208.66,$30.72,ORL 3,TOR 1,user33,50,marvalshot,3492,4647704634_33
Cole Anthony (37751114),RJ Barrett (37751003),Caris LeVert (37751093),Kelly Olynyk (37751258),Wendell Carter Jr. (37751163),Trae Young (37750915),Vince Williams Jr. (37751460),Cade Cunningham (37750905),279.15999999999997,374.46999999999997,49800,100.00%,49176,894.92%,95,190.05,$26.85,ORL 2,ATL 2,user33,50,marvalshot,3493,4647704635_33
Jordan Poole (37750986),Cole Anthony (37751114),Ausar Thompson (37751085),Paolo Banchero (37750942),Onyeka Okongwu (37751069),Trae Young (37750915),Vince Williams Jr. (37751460),Kelly Olynyk (37751258),275.77,371.92999999999995,49800,100.00%,33719,226.14%,0,176.96999999999997,$6.78,ORL 2,ATL 2,user33,50,marvalshot,3494,4647704636_33
Trae Young (37750915),Cole Anthony (37751114),Zaccharie Risacher (37751214),Paolo Banchero (37750942),Jarrett Allen (37751052),Vince Williams Jr. (37751460),Zion Williamson (37750934),Davion Mitchell (37751323),273.96,371.08,49900,100.00%,18807,173.09%,1,176.82999999999998,$5.19,ATL 2,ORL 2,user33,50,marvalshot,3496,4647704637_33
Trae Young (37750915),Vince Williams Jr. (37751460),Zaccharie Risacher (37751214),Georges Niang (37751274),Wendell Carter Jr. (37751163),Donovan Mitchell (37750950),Kyshawn George (37751149),Cade Cunningham (37750905),272.68,361.81,49700,100.00%,10318,149.35%,0,123.27000000000001,$4.48,ATL 3,MEM 1,user33,50,marvalshot,3497,4647704638_33
Donovan Mitchell (37750950),Cole Anthony (37751114),Zion Williamson (37750934),Zaccharie Risacher (37751214),Onyeka Okongwu (37751069),RJ Barrett (37751003),Vince Williams Jr. (37751460),Jarrett Allen (37751052),273.22999999999996,372.78999999999996,49900,100.00%,13690,157.77%,0,183.98,$4.73,CLE 2,ATL 2,user33,48,marvalshot,11373,4647704639_33
Trae Young (37750915),Cole Anthony (37751114),Zaccharie Risacher (37751214),Paolo Banchero (37750942),Jalen Duren (37751019),Vince Williams Jr. (37751460),Evan Mobley (37750964),Davion Mitchell (37751323),275.06,369.87,49900,100.00%,27416,226.01%,9,173.94,$6.78,ATL 2,ORL 2,user33,50,marvalshot,3499,4647704640_33
Davion Mitchell (37751323),Cole Anthony (37751114),Zion Williamson (37750934),Chet Holmgren (37750996),Onyeka Okongwu (37751069),Donovan Mitchell (37750950),Vince Williams Jr. (37751460),Jalen Duren (37751019),266.36,366.23,50000,99.95%,32,79.4%,0,150.45,$2.38,MIA 1,ORL 1,user33,46,marvalshot,11377,4647704641_33
Trae Young (37750915),Bradley Beal (37751061),RJ Barrett (37751003),Georges Niang (37751274),Wendell Carter Jr. (37751163),Vince Williams Jr. (37751460),Paolo Banchero (37750942),Jarrett Allen (37751052),281.26,371.16999999999996,49900,100.00%,49852,3121.73%,3658,157.94,$93.65,ATL 2,ORL 2,user34,50,marvalshot,3490,4647704632_34
Trae Young (37750915),Cole Anthony (37751114),Ausar Thompson (37751085),Georges Niang (37751274),Onyeka Okongwu (37751069),Donovan Mitchell (37750950),Vince Williams Jr. (37751460),Evan Mobley (37750964),275.8,372.58000000000004,50000,100.00%,33662,263.4%,2,170.28000000000003,$7.9,ATL 3,CLE 2,user34,49,marvalshot,11371,4647704633_34
Cole Anthony (37751114),RJ Barrett (37751003),Franz Wagner (37750931),Paolo Banchero (37750942),Onyeka Okongwu (37751069),Vince Williams Jr. (37751460),Kelly Olynyk (37751258),Jarrett Allen (37751052),279.28999999999996,374.76,49800,100.00%,48634,1024.09%,308,208.66,$30.72,ORL 3,TOR 1,user34,50,marvalshot,3492,4647704634_34
Cole Anthony (37751114),RJ Barrett (37751003),Caris LeVert (37751093),Kelly Olynyk (37751258),Wendell Carter Jr. (37751163),Trae Young (37750915),Vince Williams Jr. (37751460),Cade Cunningham (37750905),279.15999999999997,374.46999999999997,49800,100.00%,49176,894.92%,95,190.05,$26.85,ORL 2,ATL 2,user34,50,marvalshot,3493,4647704635_34
Jordan Poole (37750986),Cole Anthony (37751114),Ausar Thompson (37751085),Paolo Banchero (37750942),Onyeka Okongwu (37751069),Trae Young (37750915),Vince Williams Jr. (37751460),Kelly Olynyk (37751258),275.77,371.92999999999995,49800,100.00%,33719,226.14%,0,176.96999999999997,$6.78,ORL 2,ATL 2,user34,50,marvalshot,3494,4647704636_34
Trae Young (37750915),Cole Anthony (37751114),Zaccharie Risacher (37751214),Paolo Banchero (37750942),Jarrett Allen (37751052),Vince Williams Jr. (37751460),Zion Williamson (37750934),Davion Mitchell (37751323),273.96,371.08,49900,100.00%,18807,173.09%,1,176.82999999999998,$5.19,ATL 2,ORL 2,user34,50,marvalshot,3496,4647704637_34
Trae Young (37750915),Vince Williams Jr. (37751460),Zaccharie Risacher (37751214),Georges Niang (37751274),Wendell Carter Jr. (37751163),Donovan Mitchell (37750950),Kyshawn George (37751149),Cade Cunningham (37750905),272.68,361.81,49700,100.00%,10318,149.35%,0,123.27000000000001,$4.48,ATL 3,MEM 1,user34,50,marvalshot,3497,4647704638_34
Donovan Mitchell (37750950),Cole Anthony (37751114),Zion Williamson (37750934),Zaccharie Risacher (37751214),Onyeka Okongwu (37751069),RJ Barrett (37751003),Vince Williams Jr. (37751460),Jarrett Allen (37751052),273.22999999999996,372.78999999999996,49900,100.00%,13690,157.77%,0,183.98,$4.73,CLE 2,ATL 2,user34,48,marvalshot,11373,4647704639_34
Trae Young (37750915),Cole Anthony (37751114),Zaccharie Risacher (37751214),Paolo Banchero (37750942),Jalen Duren (37751019),Vince Williams Jr. (37751460),Evan Mobley (37750964),Davion Mitchell (37751323),275.06,369.87,49900,100.00%,27416,226.01%,9,173.94,$6.78,ATL 2,ORL 2,user34,50,marvalshot,3499,4647704640_34
Davion Mitchell (37751323),Cole Anthony (37751114),Zion Williamson (37750934),Chet Holmgren (37750996),Onyeka Okongwu (37751069),Donovan Mitchell (37750950),Vince Williams Jr. (37751460),Jalen Duren (37751019),266.36,366.23,50000,99.95%,32,79.4%,0,150.45,$2.38,MIA 1,ORL 1,user34,46,marvalshot,11377,4647704641_34
Trae Young (37750915),Bradley Beal (37751061),RJ Barrett (37751003),Georges Niang (37751274),Wendell Carter Jr. (37751163),Vince Williams Jr. (37751460),Paolo Banchero (37750942),Jarrett Allen (37751052),281.26,371.16999999999996,49900,100.00%,49852,3121.73%,3658,157.94,$93.65,ATL 2,ORL 2,user35,50,marvalshot,3490,4647704632_35
Trae Young (37750915),Cole Anthony (37751114),Ausar Thompson (37751085),Georges Niang (37751274),Onyeka Okongwu (37751069),Donovan Mitchell (37750950),Vince Williams Jr. (37751460),Evan Mobley (37750964),275.8,372.58000000000004,50000,100.00%,33662,263.4%,2,170.28000000000003,$7.9,ATL 3,CLE 2,user35,49,marvalshot,11371,4647704633_35
Cole Anthony (37751114),RJ Barrett (37751003),Franz Wagner (37750931),Paolo Banchero (37750942),Onyeka Okongwu (37751069),Vince Williams Jr. (37751460),Kelly Olynyk (37751258),Jarrett Allen (37751052),279.28999999999996,374.76,49800,100.00%,48634,1024.09%,308,208.66,$30.72,ORL 3,TOR 1,user35,50,marvalshot,3492,4647704634_35
Cole Anthony (37751114),RJ Barrett (37751003),Caris LeVert (37751093),Kelly Olynyk (37751258),Wendell Carter Jr. (37751163),Trae Young (37750915),Vince Williams Jr. (37751460),Cade Cunningham (37750905),279.15999999999997,374.46999999999997,49800,100.00%,49176,894.92%,95,190.05,$26.85,ORL 2,ATL 2,user35,50,marvalshot,3493,4647704635_35
Jordan Poole (37750986),Cole Anthony (37751114),Ausar Thompson (37751085),Paolo Banchero (37750942),Onyeka Okongwu (37751069),Trae Young (37750915),Vince Williams Jr. (37751460),Kelly Olynyk (37751258),275.77,371.92999999999995,49800,100.00%,33719,226.14%,0,176.96999999999997,$6.78,ORL 2,ATL 2,user35,50,marvalshot,3494,4647704636_35
Trae Young (37750915),Cole Anthony (37751114),Zaccharie Risacher (37751214),Paolo Banchero (37750942),Jarrett Allen (37751052),Vince Williams Jr. (37751460),Zion Williamson (37750934),Davion Mitchell (37751323),273.96,371.08,49900,100.00%,18807,173.09%,1,176.82999999999998,$5.19,ATL 2,ORL 2,user35,50,marvalshot,3496,4647704637_35
Trae Young (37750915),Vince Williams Jr. (37751460),Zaccharie Risacher (37751214),Georges Niang (37751274),Wendell Carter Jr. (37751163),Donovan Mitchell (37750950),Kyshawn George (37751149),Cade Cunningham (37750905),272.68,361.81,49700,100.00%,10318,149.35%,0,123.27000000000001,$4.48,ATL 3,MEM 1,user35,50,marvalshot,3497,4647704638_35
Donovan Mitchell (37750950),Cole Anthony (37751114),Zion Williamson (37750934),Zaccharie Risacher (37751214),Onyeka Okongwu (37751069),RJ Barrett (37751003),Vince Williams Jr. (37751460),Jarrett Allen (37751052),273.22999999999996,372.78999999999996,49900,100.00%,13690,157.77%,0,183.98,$4.73,CLE 2,ATL 2,user35,48,marvalshot,11373,4647704639_35
Trae Young (37750915),Cole Anthony (37751114),Zaccharie Risacher (37751214),Paolo Banchero (37750942),Jalen Duren (37751019),Vince Williams Jr. (37751460),Evan Mobley (37750964),Davion Mitchell (37751323),275.06,369.87,49900,100.00%,27416,226.01%,9,173.94,$6.78,ATL 2,ORL 2,user35,50,marvalshot,3499,4647704640_35
Davion Mitchell (37751323),Cole Anthony (37751114),Zion Williamson (37750934),Chet Holmgren (37750996),Onyeka Okongwu (37751069),Donovan Mitchell (37750950),Vince Williams Jr. (37751460),Jalen Duren (37751019),266.36,366.23,50000,99.95%,32,79.4%,0,150.45,$2.38,MIA 1,ORL 1,user35,46,marvalshot,11377,4647704641_35
Trae Young (37750915),Bradley Beal (37751061),RJ Barrett (37751003),Georges Niang (37751274),Wendell Carter Jr. (37751163),Vince Williams Jr. (37751460),Paolo Banchero (37750942),Jarrett Allen (37751052),281.26,371.16999999999996,49900,100.00%,49852,3121.73%,3658,157.94,$93.65,ATL 2,ORL 2,user36,50,marvalshot,3490,4647704632_36
Trae Young (37750915),Cole Anthony (37751114),Ausar Thompson (37751085),Georges Niang (37751274),Onyeka Okongwu (37751069),Donovan Mitchell (37750950),Vince Williams Jr. (37751460),Evan Mobley (37750964),275.8,372.58000000000004,50000,100.00%,33662,263.4%,2,170.28000000000003,$7.9,ATL 3,CLE 2,user36,49,marvalshot,11371,4647704633_36
Cole Anthony (37751114),RJ Barrett (37751003),Franz Wagner (37750931),Paolo Banchero (37750942),Onyeka Okongwu (37751069),Vince Williams Jr. (37751460),Kelly Olynyk (37751258),Jarrett Allen (37751052),279.28999999999996,374.76,49800,100.00%,48634,1024.09%,308,208.66,$30.72,ORL 3,TOR 1,user36,50,marvalshot,3492,4647704634_36
Cole Anthony (37751114),RJ Barrett (37751003),Caris LeVert (37751093),Kelly Olynyk (37751258),Wendell Carter Jr. (37751163),Trae Young (37750915),Vince Williams Jr. (37751460),Cade Cunningham (37750905),279.15999999999997,374.46999999999997,49800,100.00%,49176,894.92%,95,190.05,$26.85,ORL 2,ATL 2,user36,50,marvalshot,3493,4647704635_36
Jordan Poole (37750986),Cole Anthony (37751114),Ausar Thompson (37751085),Paolo Banchero (37750942),Onyeka Okongwu (37751069),Trae Young (37750915),Vince Williams Jr. (37751460),Kelly Olynyk (37751258),275.77,371.92999999999995,49800,100.00%,33719,226.14%,0,176.96999999999997,$6.78,ORL 2,ATL 2,user36,50,marvalshot,3494,4647704636_36
Trae Young (37750915),Cole Anthony (37751114),Zaccharie Risacher (37751214),Paolo Banchero (37750942),Jarrett Allen (37751052),Vince Williams Jr. (37751460),Zion Williamson (37750934),Davion Mitchell (37751323),273.96,371.08,49900,100.00%,18807,173.09%,1,176.82999999999998,$5.19,ATL 2,ORL 2,user36,50,marvalshot,3496,4647704637_36
Trae Young (37750915),Vince Williams Jr. (37751460),Zaccharie Risacher (37751214),Georges Niang (37751274),Wendell Carter Jr. (37751163),Donovan Mitchell (37750950),Kyshawn George (37751149),Cade Cunningham (37750905),272.68,361.81,49700,100.00%,10318,149.35%,0,123.27000000000001,$4.48,ATL 3,MEM 1,user36,50,marvalshot,3497,4647704638_36
Donovan Mitchell (37750950),Cole Anthony (37751114),Zion Williamson (37750934),Zaccharie Risacher (37751214),Onyeka Okongwu (37751069),RJ Barrett (37751003),Vince Williams Jr. (37751460),Jarrett Allen (37751052),273.22999999999996,372.78999999999996,49900,100.00%,13690,157.77%,0,183.98,$4.73,CLE 2,ATL 2,user36,48,marvalshot,11373,4647704639_36
Trae Young (37750915),Cole Anthony (37751114),Zaccharie Risacher (37751214),Paolo Banchero (37750942),Jalen Duren (37751019),Vince Williams Jr. (37751460),Evan Mobley (37750964),Davion Mitchell (37751323),275.06,369.87,49900,100.00%,27416,226.01%,9,173.94,$6.78,ATL 2,ORL 2,user36,50,marvalshot,3499,4647704640_36
Davion Mitchell (37751323),Cole Anthony (37751114),Zion Williamson (37750934),Chet Holmgren (37750996),Onyeka Okongwu (37751069),Donovan Mitchell (37750950),Vince Williams Jr. (37751460),Jalen Duren (37751019),266.36,366.23,50000,99.95%,32,79.4%,0,150.45,$2.38,MIA 1,ORL 1,user36,46,marvalshot,11377,4647704641_36
Trae Young (37750915),Bradley Beal (37751061),RJ Barrett (37751003),Georges Niang (37751274),Wendell Carter Jr. (37751163),Vince Williams Jr. (37751460),Paolo Banchero (37750942),Jarrett Allen (37751052),281.26,371.16999999999996,49900,100.00%,49852,3121.73%,3658,157.94,$93.65,ATL 2,ORL 2,user37,50,marvalshot,3490,4647704632_37
Trae Young (37750915),Cole Anthony (37751114),Ausar Thompson (37751085),Georges Niang (37751274),Onyeka Okongwu (37751069),Donovan Mitchell (37750950),Vince Williams Jr. (37751460),Evan Mobley (37750964),275.8,372.58000000000004,50000,100.00%,33662,263.4%,2,170.28000000000003,$7.9,ATL 3,CLE 2,user37,49,marvalshot,11371,4647704633_37
Cole Anthony (37751114),RJ Barrett (37751003),Franz Wagner (37750931),Paolo Banchero (37750942),Onyeka Okongwu (37751069),Vince Williams Jr. (37751460),Kelly Olynyk (37751258),Jarrett Allen (37751052),279.28999999999996,374.76,49800,100.00%,48634,1024.09%,308,208.66,$30.72,ORL 3,TOR 1,user37,50,marvalshot,3492,4647704634_37
Cole Anthony (37751114),RJ Barrett (37751003),Caris LeVert (37751093),Kelly Olynyk (37751258),Wendell Carter Jr. (37751163),Trae Young (37750915),Vince Williams Jr. (37751460),Cade Cunningham (37750905),279.15999999999997,374.46999999999997,49800,100.00%,49176,894.92%,95,190.05,$26.85,ORL 2,ATL 2,user37,50,marvalshot,3493,4647704635_37
Jordan Poole (37750986),Cole Anthony (37751114),Ausar Thompson (37751085),Paolo Banchero (37750942),Onyeka Okongwu (37751069),Trae Young (37750915),Vince Williams Jr. (37751460),Kelly Olynyk (37751258),275.77,371.92999999999995,49800,100.00%,33719,226.14%,0,176.96999999999997,$6.78,ORL 2,ATL 2,user37,50,marvalshot,3494,4647704636_37
Trae Young (37750915),Cole Anthony (37751114),Zaccharie Risacher (37751214),Paolo Banchero (37750942),Jarrett Allen (37751052),Vince Williams Jr. (37751460),Zion Williamson (37750934),Davion Mitchell (37751323),273.96,371.08,49900,100.00%,18807,173.09%,1,176.82999999999998,$5.19,ATL 2,ORL 2,user37,50,marvalshot,3496,4647704637_37
Trae Young (37750915),Vince Williams Jr. (37751460),Zaccharie Risacher (37751214),Georges Niang (37751274),Wendell Carter Jr. (37751163),Donovan Mitchell (37750950),Kyshawn George (37751149),Cade Cunningham (37750905),272.68,361.81,49700,100.00%,10318,149.35%,0,123.27000000000001,$4.48,ATL 3,MEM 1,user37,50,marvalshot,3497,4647704638_37
Donovan Mitchell (37750950),Cole Anthony (37751114),Zion Williamson (37750934),Zaccharie Risacher (37751214),Onyeka Okongwu (37751069),RJ Barrett (37751003),Vince Williams Jr. (37751460),Jarrett Allen (37751052),273.22999999999996,372.78999999999996,49900,100.00%,13690,157.77%,0,183.98,$4.73,CLE 2,ATL 2,user37,48,marvalshot,11373,4647704639_37
Trae Young (37750915),Cole Anthony (37751114),Zaccharie Risacher (37751214),Paolo Banchero (37750942),Jalen Duren (37751019),Vince Williams Jr. (37751460),Evan Mobley (37750964),Davion Mitchell (37751323),275.06,369.87,49900,100.00%,27416,226.01%,9,173.94,$6.78,ATL 2,ORL 2,user37,50,marvalshot,3499,4647704640_37
Davion Mitchell (37751323),Cole Anthony (37751114),Zion Williamson (37750934),Chet Holmgren (37750996),Onyeka Okongwu (37751069),Donovan Mitchell (37750950),Vince Williams Jr. (37751460),Jalen Duren (37751019),266.36,366.23,50000,99.95%,32,79.4%,0,150.45,$2.38,MIA 1,ORL 1,user37,46,marvalshot,11377,4647704641_37
Trae Young (37750915),Bradley Beal (37751061),RJ Barrett (37751003),Georges Niang (37751274),Wendell Carter Jr. (37751163),Vince Williams Jr. (37751460),Paolo Banchero (37750942),Jarrett Allen (37751052),281.26,371.16999999999996,49900,100.00%,49852,3121.73%,3658,157.94,$93.65,ATL 2,ORL 2,user38,50,marvalshot,3490,4647704632_38
Trae Young (37750915),Cole Anthony (37751114),Ausar Thompson (37751085),Georges Niang (37751274),Onyeka Okongwu (37751069),Donovan Mitchell (37750950),Vince Williams Jr. (37751460),Evan Mobley (37750964),275.8,372.58000000000004,50000,100.00%,33662,263.4%,2,170.28000000000003,$7.9,ATL 3,CLE 2,user38,49,marvalshot,11371,4647704633_38
Cole Anthony (37751114),RJ Barrett (37751003),Franz Wagner (37750931),Paolo Banchero (37750942),Onyeka Okongwu (37751069),Vince Williams Jr. (37751460),Kelly Olynyk (37751258),Jarrett Allen (37751052),279.28999999999996,374.76,49800,100.00%,48634,1024.09%,308,208.66,$30.72,ORL 3,TOR 1,user38,50,marvalshot,3492,4647704634_38
Cole Anthony (37751114),RJ Barrett (37751003),Caris LeVert (37751093),Kelly Olynyk (37751258),Wendell Carter Jr. (37751163),Trae Young (37750915),Vince Williams Jr. (37751460),Cade Cunningham (37750905),279.15999999999997,374.46999999999997,49800,100.00%,49176,894.92%,95,190.05,$26.85,ORL 2,ATL 2,user38,50,marvalshot,3493,4647704635_38
Jordan Poole (37750986),Cole Anthony (37751114),Ausar Thompson (37751085),Paolo Banchero (37750942),Onyeka Okongwu (37751069),Trae Young (37750915),Vince Williams Jr. (37751460),Kelly Olynyk (37751258),275.77,371.92999999999995,49800,100.00%,33719,226.14%,0,176.96999999999997,$6.78,ORL 2,ATL 2,user38,50,marvalshot,3494,4647704636_38
Trae Young (37750915),Cole Anthony (37751114),Zaccharie Risacher (37751214),Paolo Banchero (37750942),Jarrett Allen (37751052),Vince Williams Jr. (37751460),Zion Williamson (37750934),Davion Mitchell (37751323),273.96,371.08,49900,100.00%,18807,173.09%,1,176.82999999999998,$5.19,ATL 2,ORL 2,user38,50,marvalshot,3496,4647704637_38
Trae Young (37750915),Vince Williams Jr. (37751460),Zaccharie Risacher (37751214),Georges Niang (37751274),Wendell Carter Jr. (37751163),Donovan Mitchell (37750950),Kyshawn George (37751149),Cade Cunningham (37750905),272.68,361.81,49700,100.00%,10318,149.35%,0,123.27000000000001,$4.48,ATL 3,MEM 1,user38,50,marvalshot,3497,4647704638_38
Donovan Mitchell (37750950),Cole Anthony (37751114),Zion Williamson (37750934),Zaccharie Risacher (37751214),Onyeka Okongwu (37751069),RJ Barrett (37751003),Vince Williams Jr. (37751460),Jarrett Allen (37751052),273.22999999999996,372.78999999999996,49900,100.00%,13690,157.77%,0,183.98,$4.73,CLE 2,ATL 2,user38,48,marvalshot,11373,4647704639_38
Trae Young (37750915),Cole Anthony (37751114),Zaccharie Risacher (37751214),Paolo Banchero (37750942),Jalen Duren (37751019),Vince Williams Jr. (37751460),Evan Mobley (37750964),Davion Mitchell (37751323),275.06,369.87,49900,100.00%,27416,226.01%,9,173.94,$6.78,ATL 2,ORL 2,user38,50,marvalshot,3499,4647704640_38
Davion Mitchell (37751323),Cole Anthony (37751114),Zion Williamson (37750934),Chet Holmgren (37750996),Onyeka Okongwu (37751069),Donovan Mitchell (37750950),Vince Williams Jr. (37751460),Jalen Duren (37751019),266.36,366.23,50000,99.95%,32,79.4%,0,150.45,$2.38,MIA 1,ORL 1,user38,46,marvalshot,11377,4647704641_38
Trae Young (37750915),Bradley Beal (37751061),RJ Barrett (37751003),Georges Niang (37751274),Wendell Carter Jr. (37751163),Vince Williams Jr. (37751460),Paolo Banchero (37750942),Jarrett Allen (37751052),281.26,371.16999999999996,49900,100.00%,49852,3121.73%,3658,157.94,$93.65,ATL 2,ORL 2,user39,50,marvalshot,3490,4647704632_39
Trae Young (37750915),Cole Anthony (37751114),Ausar Thompson (37751085),Georges Niang (37751274),Onyeka Okongwu (37751069),Donovan Mitchell (37750950),Vince Williams Jr. (37751460),Evan Mobley (37750964),275.8,372.58000000000004,50000,100.00%,33662,263.4%,2,170.28000000000003,$7.9,ATL 3,CLE 2,user39,49,marvalshot,11371,4647704633_39
Cole Anthony (37751114),RJ Barrett (37751003),Franz Wagner (37750931),Paolo Banchero (37750942),Onyeka Okongwu (37751069),Vince Williams Jr. (37751460),Kelly Olynyk (37751258),Jarrett Allen (37751052),279.28999999999996,374.76,49800,100.00%,48634,1024.09%,308,208.66,$30.72,ORL 3,TOR 1,user39,50,marvalshot,3492,4647704634_39
Cole Anthony (37751114),RJ Barrett (37751003),Caris LeVert (37751093),Kelly Olynyk (37751258),Wendell Carter Jr. (37751163),Trae Young (37750915),Vince Williams Jr. (37751460),Cade Cunningham (37750905),279.15999999999997,374.46999999999997,49800,100.00%,49176,894.92%,95,190.05,$26.85,ORL 2,ATL 2,user39,50,marvalshot,3493,4647704635_39
Jordan Poole (37750986),Cole Anthony (37751114),Ausar Thompson (37751085),Paolo Banchero (37750942),Onyeka Okongwu (37751069),Trae Young (37750915),Vince Williams Jr. (37751460),Kelly Olynyk (37751258),275.77,371.92999999999995,49800,100.00%,33719,226.14%,0,176.96999999999997,$6.78,ORL 2,ATL 2,user39,50,marvalshot,3494,4647704636_39
Trae Young (37750915),Cole Anthony (37751114),Zaccharie Risacher (37751214),Paolo Banchero (37750942),Jarrett Allen (37751052),Vince Williams Jr. (37751460),Zion Williamson (37750934),Davion Mitchell (37751323),273.96,371.08,49900,100.00%,18807,173.09%,1,176.82999999999998,$5.19,ATL 2,ORL 2,user39,50,marvalshot,3496,4647704637_39
Trae Young (37750915),Vince Williams Jr. (37751460),Zaccharie Risacher (37751214),Georges Niang (37751274),Wendell Carter Jr. (37751163),Donovan Mitchell (37750950),Kyshawn George (37751149),Cade Cunningham (37750905),272.68,361.81,49700,100.00%,10318,149.35%,0,123.27000000000001,$4.48,ATL 3,MEM 1,user39,50,marvalshot,3497,4647704638_39
Donovan Mitchell (37750950),Cole Anthony (37751114),Zion Williamson (37750934),Zaccharie Risacher (37751214),Onyeka Okongwu (37751069),RJ Barrett (37751003),Vince Williams Jr. (37751460),Jarrett Allen (37751052),273.22999999999996,372.78999999999996,49900,100.00%,13690,157.77%,0,183.98,$4.73,CLE 2,ATL 2,user39,48,marvalshot,11373,4647704639_39
Trae Young (37750915),Cole Anthony (37751114),Zaccharie Risacher (37751214),Paolo Banchero (37750942),Jalen Duren (37751019),Vince Williams Jr. (37751460),Evan Mobley (37750964),Davion Mitchell (37751323),275.06,369.87,49900,100.00%,27416,226.01%,9,173.94,$6.78,ATL 2,ORL 2,user39,50,marvalshot,3499,4647704640_39
Davion Mitchell (37751323),Cole Anthony (37751114),Zion Williamson (37750934),Chet Holmgren (37750996),Onyeka Okongwu (37751069),Donovan Mitchell (37750950),Vince Williams Jr. (37751460),Jalen Duren (37751019),266.36,366.23,50000,99.95%,32,79.4%,0,150.45,$2.38,MIA 1,ORL 1,user39,46,marvalshot,11377,4647704641_39
Trae Young (37750915),Bradley Beal (37751061),RJ Barrett (37751003),Georges Niang (37751274),Wendell Carter Jr. (37751163),Vince Williams Jr. (37751460),Paolo Banchero (37750942),Jarrett Allen (37751052),281.26,371.16999999999996,49900,100.00%,49852,3121.73%,3658,157.94,$93.65,ATL 2,ORL 2,user40,50,marvalshot,3490,4647704632_40
Trae Young (37750915),Cole Anthony (37751114),Ausar Thompson (37751085),Georges Niang (37751274),Onyeka Okongwu (37751069),Donovan Mitchell (37750950),Vince Williams Jr. (37751460),Evan Mobley (37750964),275.8,372.58000000000004,50000,100.00%,33662,263.4%,2,170.28000000000003,$7.9,ATL 3,CLE 2,user40,49,marvalshot,11371,4647704633_40
Cole Anthony (37751114),RJ Barrett (37751003),Franz Wagner (37750931),Paolo Banchero (37750942),Onyeka Okongwu (37751069),Vince Williams Jr. (37751460),Kelly Olynyk (37751258),Jarrett Allen (37751052),279.28999999999996,374.76,49800,100.00%,48634,1024.09%,308,208.66,$30.72,ORL 3,TOR 1,user40,50,marvalshot,3492,4647704634_40
Cole Anthony (37751114),RJ Barrett (37751003),Caris LeVert (37751093),Kelly Olynyk (37751258),Wendell Carter Jr. (37751163),Trae Young (37750915),Vince Williams Jr. (37751460),Cade Cunningham (37750905),279.15999999999997,374.46999999999997,49800,100.00%,49176,894.92%,95,190.05,$26.85,ORL 2,ATL 2,user40,50,marvalshot,3493,4647704635_40
Jordan Poole (37750986),Cole Anthony (37751114),Ausar Thompson (37751085),Paolo Banchero (37750942),Onyeka Okongwu (37751069),Trae Young (37750915),Vince Williams Jr. (37751460),Kelly Olynyk (37751258),275.77,371.92999999999995,49800,100.00%,33719,226.14%,0,176.96999999999997,$6.78,ORL 2,ATL 2,user40,50,marvalshot,3494,4647704636_40
Trae Young (37750915),Cole Anthony (37751114),Zaccharie Risacher (37751214),Paolo Banchero (37750942),Jarrett Allen (37751052),Vince Williams Jr. (37751460),Zion Williamson (37750934),Davion Mitchell (37751323),273.96,371.08,49900,100.00%,18807,173.09%,1,176.82999999999998,$5.19,ATL 2,ORL 2,user40,50,marvalshot,3496,4647704637_40
Trae Young (37750915),Vince Williams Jr. (37751460),Zaccharie Risacher (37751214),Georges Niang (37751274),Wendell Carter Jr. (37751163),Donovan Mitchell (37750950),Kyshawn George (37751149),Cade Cunningham (37750905),272.68,361.81,49700,100.00%,10318,149.35%,0,123.27000000000001,$4.48,ATL 3,MEM 1,user40,50,marvalshot,3497,4647704638_40
Donovan Mitchell (37750950),Cole Anthony (37751114),Zion Williamson (37750934),Zaccharie Risacher (37751214),Onyeka Okongwu (37751069),RJ Barrett (37751003),Vince Williams Jr. (37751460),Jarrett Allen (37751052),273.22999999999996,372.78999999999996,49900,100.00%,13690,157.77%,0,183.98,$4.73,CLE 2,ATL 2,user40,48,marvalshot,11373,4647704639_40
Trae Young (37750915),Cole Anthony (37751114),Zaccharie Risacher (37751214),Paolo Banchero (37750942),Jalen Duren (37751019),Vince Williams Jr. (37751460),Evan Mobley (37750964),Davion Mitchell (37751323),275.06,369.87,49900,100.00%,27416,226.01%,9,173.94,$6.78,ATL 2,ORL 2,user40,50,marvalshot,3499,4647704640_40
Davion Mitchell (37751323),Cole Anthony (37751114),Zion Williamson (37750934),Chet Holmgren (37750996),Onyeka Okongwu (37751069),Donovan Mitchell (37750950),Vince Williams Jr. (37751460),Jalen Duren (37751019),266.36,366.23,50000,99.95%,32,79.4%,0,150.45,$2.38,MIA 1,ORL 1,user40,46,marvalshot,11377,4647704641_40
Trae Young (37750915),Bradley Beal (37751061),RJ Barrett (37751003),Georges Niang (37751274),Wendell Carter Jr. (37751163),Vince Williams Jr. (37751460),Paolo Banchero (37750942),Jarrett Allen (37751052),281.26,371.16999999999996,49900,100.00%,49852,3121.73%,3658,157.94,$93.65,ATL 2,ORL 2,user41,50,marvalshot,3490,4647704632_41
Trae Young (37750915),Cole Anthony (37751114),Ausar Thompson (37751085),Georges Niang (37751274),Onyeka Okongwu (37751069),Donovan Mitchell (37750950),Vince Williams Jr. (37751460),Evan Mobley (37750964),275.8,372.58000000000004,50000,100.00%,33662,263.4%,2,170.28000000000003,$7.9,ATL 3,CLE 2,user41,49,marvalshot,11371,4647704633_41
Cole Anthony (37751114),RJ Barrett (37751003),Franz Wagner (37750931),Paolo Banchero (37750942),Onyeka Okongwu (37751069),Vince Williams Jr. (37751460),Kelly Olynyk (37751258),Jarrett Allen (37751052),279.28999999999996,374.76,49800,100.00%,48634,1024.09%,308,208.66,$30.72,ORL 3,TOR 1,user41,50,marvalshot,3492,4647704634_41
Cole Anthony (37751114),RJ Barrett (37751003),Caris LeVert (37751093),Kelly Olynyk (37751258),Wendell Carter Jr. (37751163),Trae Young (37750915),Vince Williams Jr. (37751460),Cade Cunningham (37750905),279.15999999999997,374.46999999999997,49800,100.00%,49176,894.92%,95,190.05,$26.85,ORL 2,ATL 2,user41,50,marvalshot,3493,4647704635_41
Jordan Poole (37750986),Cole Anthony (37751114),Ausar Thompson (37751085),Paolo Banchero (37750942),Onyeka Okongwu (37751069),Trae Young (37750915),Vince Williams Jr. (37751460),Kelly Olynyk (37751258),275.77,371.92999999999995,49800,100.00%,33719,226.14%,0,176.96999999999997,$6.78,ORL 2,ATL 2,user41,50,marvalshot,3494,4647704636_41
Trae Young (37750915),Cole Anthony (37751114),Zaccharie Risacher (37751214),Paolo Banchero (37750942),Jarrett Allen (37751052),Vince Williams Jr. (37751460),Zion Williamson (37750934),Davion Mitchell (37751323),273.96,371.08,49900,100.00%,18807,173.09%,1,176.82999999999998,$5.19,ATL 2,ORL 2,user41,50,marvalshot,3496,4647704637_41
Trae Young (37750915),Vince Williams Jr. (37751460),Zaccharie Risacher (37751214),Georges Niang (37751274),Wendell Carter Jr. (37751163),Donovan Mitchell (37750950),Kyshawn George (37751149),Cade Cunningham (37750905),272.68,361.81,49700,100.00%,10318,149.35%,0,123.27000000000001,$4.48,ATL 3,MEM 1,user41,50,marvalshot,3497,4647704638_41
Donovan Mitchell (37750950),Cole Anthony (37751114),Zion Williamson (37750934),Zaccharie Risacher (37751214),Onyeka Okongwu (37751069),RJ Barrett (37751003),Vince Williams Jr. (37751460),Jarrett Allen (37751052),273.22999999999996,372.78999999999996,49900,100.00%,13690,157.77%,0,183.98,$4.73,CLE 2,ATL 2,user41,48,marvalshot,11373,4647704639_41
Trae Young (37750915),Cole Anthony (37751114),Zaccharie Risacher (37751214),Paolo Banchero (37750942),Jalen Duren (37751019),Vince Williams Jr. (37751460),Evan Mobley (37750964),Davion Mitchell (37751323),275.06,369.87,49900,100.00%,27416,226.01%,9,173.94,$6.78,ATL 2,ORL 2,user41,50,marvalshot,3499,4647704640_41
Davion Mitchell (37751323),Cole Anthony (37751114),Zion Williamson (37750934),Chet Holmgren (37750996),Onyeka Okongwu (37751069),Donovan Mitchell (37750950),Vince Williams Jr. (37751460),Jalen Duren (37751019),266.36,366.23,50000,99.95%,32,79.4%,0,150.45,$2.38,MIA 1,ORL 1,user41,46,marvalshot,11377,4647704641_41
Trae Young (37750915),Bradley Beal (37751061),RJ Barrett (37751003),Georges Niang (37751274),Wendell Carter Jr. (37751163),Vince Williams Jr. (37751460),Paolo Banchero (37750942),Jarrett Allen (37751052),281.26,371.16999999999996,49900,100.00%,49852,3121.73%,3658,157.94,$93.65,ATL 2,ORL 2,user42,50,marvalshot,3490,4647704632_42
Trae Young (37750915),Cole Anthony (37751114),Ausar Thompson (37751085),Georges Niang (37751274),Onyeka Okongwu (37751069),Donovan Mitchell (37750950),Vince Williams Jr. (37751460),Evan Mobley (37750964),275.8,372.58000000000004,50000,100.00%,33662,263.4%,2,170.28000000000003,$7.9,ATL 3,CLE 2,user42,49,marvalshot,11371,4647704633_42
Cole Anthony (37751114),RJ Barrett (37751003),Franz Wagner (37750931),Paolo Banchero (37750942),Onyeka Okongwu (37751069),Vince Williams Jr. (37751460),Kelly Olynyk (37751258),Jarrett Allen (37751052),279.28999999999996,374.76,49800,100.00%,48634,1024.09%,308,208.66,$30.72,ORL 3,TOR 1,user42,50,marvalshot,3492,4647704634_42
Cole Anthony (37751114),RJ Barrett (37751003),Caris LeVert (37751093),Kelly Olynyk (37751258),Wendell Carter Jr. (37751163),Trae Young (37750915),Vince Williams Jr. (37751460),Cade Cunningham (37750905),279.15999999999997,374.46999999999997,49800,100.00%,49176,894.92%,95,190.05,$26.85,ORL 2,ATL 2,user42,50,marvalshot,3493,4647704635_42
Jordan Poole (37750986),Cole Anthony (37751114),Ausar Thompson (37751085),Paolo Banchero (37750942),Onyeka Okongwu (37751069),Trae Young (37750915),Vince Williams Jr. (37751460),Kelly Olynyk (37751258),275.77,371.92999999999995,49800,100.00%,33719,226.14%,0,176.96999999999997,$6.78,ORL 2,ATL 2,user42,50,marvalshot,3494,4647704636_42
Trae Young (37750915),Cole Anthony (37751114),Zaccharie Risacher (37751214),Paolo Banchero (37750942),Jarrett Allen (37751052),Vince Williams Jr. (37751460),Zion Williamson (37750934),Davion Mitchell (37751323),273.96,371.08,49900,100.00%,18807,173.09%,1,176.82999999999998,$5.19,ATL 2,ORL 2,user42,50,marvalshot,3496,4647704637_42
Trae Young (37750915),Vince Williams Jr. (37751460),Zaccharie Risacher (37751214),Georges Niang (37751274),Wendell Carter Jr. (37751163),Donovan Mitchell (37750950),Kyshawn George (37751149),Cade Cunningham (37750905),272.68,361.81,49700,100.00%,10318,149.35%,0,123.27000000000001,$4.48,ATL 3,MEM 1,user42,50,marvalshot,3497,4647704638_42
Donovan Mitchell (37750950),Cole Anthony (37751114),Zion Williamson (37750934),Zaccharie Risacher (37751214),Onyeka Okongwu (37751069),RJ Barrett (37751003),Vince Williams Jr. (37751460),Jarrett Allen (37751052),273.22999999999996,372.78999999999996,49900,100.00%,13690,157.77%,0,183.98,$4.73,CLE 2,ATL 2,user42,48,marvalshot,11373,4647704639_42
Trae Young (37750915),Cole Anthony (37751114),Zaccharie Risacher (37751214),Paolo Banchero (37750942),Jalen Duren (37751019),Vince Williams Jr. (37751460),Evan Mobley (37750964),Davion Mitchell (37751323),275.06,369.87,49900,100.00%,27416,226.01%,9,173.94,$6.78,ATL 2,ORL 2,user42,50,marvalshot,3499,4647704640_42
Davion Mitchell (37751323),Cole Anthony (37751114),Zion Williamson (37750934),Chet Holmgren (37750996),Onyeka Okongwu (37751069),Donovan Mitchell (37750950),Vince Williams Jr. (37751460),Jalen Duren (37751019),266.36,366.23,50000,99.95%,32,79.4%,0,150.45,$2.38,MIA 1,ORL 1,user42,46,marvalshot,11377,4647704641_42
Trae Young (37750915),Bradley Beal (37751061),RJ Barrett (37751003),Georges Niang (37751274),Wendell Carter Jr. (37751163),Vince Williams Jr. (37751460),Paolo Banchero (37750942),Jarrett Allen (37751052),281.26,371.16999999999996,49900,100.00%,49852,3121.73%,3658,157.94,$93.65,ATL 2,ORL 2,user43,50,marvalshot,3490,4647704632_43
Trae Young (37750915),Cole Anthony (37751114),Ausar Thompson (37751085),Georges Niang (37751274),Onyeka Okongwu (37751069),Donovan Mitchell (37750950),Vince Williams Jr. (37751460),Evan Mobley (37750964),275.8,372.58000000000004,50000,100.00%,33662,263.4%,2,170.28000000000003,$7.9,ATL 3,CLE 2,user43,49,marvalshot,11371,4647704633_43
Cole Anthony (37751114),RJ Barrett (37751003),Franz Wagner (37750931),Paolo Banchero (37750942),Onyeka Okongwu (37751069),Vince Williams Jr. (37751460),Kelly Olynyk (37751258),Jarrett Allen (37751052),279.28999999999996,374.76,49800,100.00%,48634,1024.09%,308,208.66,$30.72,ORL 3,TOR 1,user43,50,marvalshot,3492,4647704634_43
Cole Anthony (37751114),RJ Barrett (37751003),Caris LeVert (37751093),Kelly Olynyk (37751258),Wendell Carter Jr. (37751163),Trae Young (37750915),Vince Williams Jr. (37751460),Cade Cunningham (37750905),279.15999999999997,374.46999999999997,49800,100.00%,49176,894.92%,95,190.05,$26.85,ORL 2,ATL 2,user43,50,marvalshot,3493,4647704635_43
Jordan Poole (37750986),Cole Anthony (37751114),Ausar Thompson (37751085),Paolo Banchero (37750942),Onyeka Okongwu (37751069),Trae Young (37750915),Vince Williams Jr. (37751460),Kelly Olynyk (37751258),275.77,371.92999999999995,49800,100.00%,33719,226.14%,0,176.96999999999997,$6.78,ORL 2,ATL 2,user43,50,marvalshot,3494,4647704636_43
Trae Young (37750915),Cole Anthony (37751114),Zaccharie Risacher (37751214),Paolo Banchero (37750942),Jarrett Allen (37751052),Vince Williams Jr. (37751460),Zion Williamson (37750934),Davion Mitchell (37751323),273.96,371.08,49900,100.00%,18807,173.09%,1,176.82999999999998,$5.19,ATL 2,ORL 2,user43,50,marvalshot,3496,4647704637_43
Trae Young (37750915),Vince Williams Jr. (37751460),Zaccharie Risacher (37751214),Georges Niang (37751274),Wendell Carter Jr. (37751163),Donovan Mitchell (37750950),Kyshawn George (37751149),Cade Cunningham (37750905),272.68,361.81,49700,100.00%,10318,149.35%,0,123.27000000000001,$4.48,ATL 3,MEM 1,user43,50,marvalshot,3497,4647704638_43
Donovan Mitchell (37750950),Cole Anthony (37751114),Zion Williamson (37750934),Zaccharie Risacher (37751214),Onyeka Okongwu (37751069),RJ Barrett (37751003),Vince Williams Jr. (37751460),Jarrett Allen (37751052),273.22999999999996,372.78999999999996,49900,100.00%,13690,157.77%,0,183.98,$4.73,CLE 2,ATL 2,user43,48,marvalshot,11373,4647704639_43
Trae Young (37750915),Cole Anthony (37751114),Zaccharie Risacher (37751214),Paolo Banchero (37750942),Jalen Duren (37751019),Vince Williams Jr. (37751460),Evan Mobley (37750964),Davion Mitchell (37751323),275.06,369.87,49900,100.00%,27416,226.01%,9,173.94,$6.78,ATL 2,ORL 2,user43,50,marvalshot,3499,4647704640_43
Davion Mitchell (37751323),Cole Anthony (37751114),Zion Williamson (37750934),Chet Holmgren (37750996),Onyeka Okongwu (37751069),Donovan Mitchell (37750950),Vince Williams Jr. (37751460),Jalen Duren (37751019),266.36,366.23,50000,99.95%,32,79.4%,0,150.45,$2.38,MIA 1,ORL 1,user43,46,marvalshot,11377,4647704641_43
Trae Young (37750915),Bradley Beal (37751061),RJ Barrett (37751003),Georges Niang (37751274),Wendell Carter Jr. (37751163),Vince Williams Jr. (37751460),Paolo Banchero (37750942),Jarrett Allen (37751052),281.26,371.16999999999996,49900,100.00%,49852,3121.73%,3658,157.94,$93.65,ATL 2,ORL 2,user44,50,marvalshot,3490,4647704632_44
Trae Young (37750915),Cole Anthony (37751114),Ausar Thompson (37751085),Georges Niang (37751274),Onyeka Okongwu (37751069),Donovan Mitchell (37750950),Vince Williams Jr. (37751460),Evan Mobley (37750964),275.8,372.58000000000004,50000,100.00%,33662,263.4%,2,170.28000000000003,$7.9,ATL 3,CLE 2,user44,49,marvalshot,11371,4647704633_44
Cole Anthony (37751114),RJ Barrett (37751003),Franz Wagner (37750931),Paolo Banchero (37750942),Onyeka Okongwu (37751069),Vince Williams Jr. (37751460),Kelly Olynyk (37751258),Jarrett Allen (37751052),279.28999999999996,374.76,49800,100.00%,48634,1024.09%,308,208.66,$30.72,ORL 3,TOR 1,user44,50,marvalshot,3492,4647704634_44
Cole Anthony (37751114),RJ Barrett (37751003),Caris LeVert (37751093),Kelly Olynyk (37751258),Wendell Carter Jr. (37751163),Trae Young (37750915),Vince Williams Jr. (37751460),Cade Cunningham (37750905),279.15999999999997,374.46999999999997,49800,100.00%,49176,894.92%,95,190.05,$26.85,ORL 2,ATL 2,user44,50,marvalshot,3493,4647704635_44
Jordan Poole (37750986),Cole Anthony (37751114),Ausar Thompson (37751085),Paolo Banchero (37750942),Onyeka Okongwu (37751069),Trae Young (37750915),Vince Williams Jr. (37751460),Kelly Olynyk (37751258),275.77,371.92999999999995,49800,100.00%,33719,226.14%,0,176.96999999999997,$6.78,ORL 2,ATL 2,user44,50,marvalshot,3494,4647704636_44
Trae Young (37750915),Cole Anthony (37751114),Zaccharie Risacher (37751214),Paolo Banchero (37750942),Jarrett Allen (37751052),Vince Williams Jr. (37751460),Zion Williamson (37750934),Davion Mitchell (37751323),273.96,371.08,49900,100.00%,18807,173.09%,1,176.82999999999998,$5.19,ATL 2,ORL 2,user44,50,marvalshot,3496,4647704637_44
Trae Young (37750915),Vince Williams Jr. (37751460),Zaccharie Risacher (37751214),Georges Niang (37751274),Wendell Carter Jr. (37751163),Donovan Mitchell (37750950),Kyshawn George (37751149),Cade Cunningham (37750905),272.68,361.81,49700,100.00%,10318,149.35%,0,123.27000000000001,$4.48,ATL 3,MEM 1,user44,50,marvalshot,3497,4647704638_44
Donovan Mitchell (37750950),Cole Anthony (37751114),Zion Williamson (37750934),Zaccharie Risacher (37751214),Onyeka Okongwu (37751069),RJ Barrett (37751003),Vince Williams Jr. (37751460),Jarrett Allen (37751052),273.22999999999996,372.78999999999996,49900,100.00%,13690,157.77%,0,183.98,$4.73,CLE 2,ATL 2,user44,48,marvalshot,11373,4647704639_44
Trae Young (37750915),Cole Anthony (37751114),Zaccharie Risacher (37751214),Paolo Banchero (37750942),Jalen Duren (37751019),Vince Williams Jr. (37751460),Evan Mobley (37750964),Davion Mitchell (37751323),275.06,369.87,49900,100.00%,27416,226.01%,9,173.94,$6.78,ATL 2,ORL 2,user44,50,marvalshot,3499,4647704640_44
Davion Mitchell (37751323),Cole Anthony (37751114),Zion Williamson (37750934),Chet Holmgren (37750996),Onyeka Okongwu (37751069),Donovan Mitchell (37750950),Vince Williams Jr. (37751460),Jalen Duren (37751019),266.36,366.23,50000,99.95%,32,79.4%,0,150.45,$2.38,MIA 1,ORL 1,user44,46,marvalshot,11377,4647704641_44
Trae Young (37750915),Bradley Beal (37751061),RJ Barrett (37751003),Georges Niang (37751274),Wendell Carter Jr. (37751163),Vince Williams Jr. (37751460),Paolo Banchero (37750942),Jarrett Allen (37751052),281.26,371.16999999999996,49900,100.00%,49852,3121.73%,3658,157.94,$93.65,ATL 2,ORL 2,user45,50,marvalshot,3490,4647704632_45
Trae Young (37750915),Cole Anthony (37751114),Ausar Thompson (37751085),Georges Niang (37751274),Onyeka Okongwu (37751069),Donovan Mitchell (37750950),Vince Williams Jr. (37751460),Evan Mobley (37750964),275.8,372.58000000000004,50000,100.00%,33662,263.4%,2,170.28000000000003,$7.9,ATL 3,CLE 2,user45,49,marvalshot,11371,4647704633_45
Cole Anthony (37751114),RJ Barrett (37751003),Franz Wagner (37750931),Paolo Banchero (37750942),Onyeka Okongwu (37751069),Vince Williams Jr. (37751460),Kelly Olynyk (37751258),Jarrett Allen (37751052),279.28999999999996,374.76,49800,100.00%,48634,1024.09%,308,208.66,$30.72,ORL 3,TOR 1,user45,50,marvalshot,3492,4647704634_45
Cole Anthony (37751114),RJ Barrett (37751003),Caris LeVert (37751093),Kelly Olynyk (37751258),Wendell Carter Jr. (37751163),Trae Young (37750915),Vince Williams Jr. (37751460),Cade Cunningham (37750905),279.15999999999997,374.46999999999997,49800,100.00%,49176,894.92%,95,190.05,$26.85,ORL 2,ATL 2,user45,50,marvalshot,3493,4647704635_45
Jordan Poole (37750986),Cole Anthony (37751114),Ausar Thompson (37751085),Paolo Banchero (37750942),Onyeka Okongwu (37751069),Trae Young (37750915),Vince Williams Jr. (37751460),Kelly Olynyk (37751258),275.77,371.92999999999995,49800,100.00%,33719,226.14%,0,176.96999999999997,$6.78,ORL 2,ATL 2,user45,50,marvalshot,3494,4647704636_45
Trae Young (37750915),Cole Anthony (37751114),Zaccharie Risacher (37751214),Paolo Banchero (37750942),Jarrett Allen (37751052),Vince Williams Jr. (37751460),Zion Williamson (37750934),Davion Mitchell (37751323),273.96,371.08,49900,100.00%,18807,173.09%,1,176.82999999999998,$5.19,ATL 2,ORL 2,user45,50,marvalshot,3496,4647704637_45
Trae Young (37750915),Vince Williams Jr. (37751460),Zaccharie Risacher (37751214),Georges Niang (37751274),Wendell Carter Jr. (37751163),Donovan Mitchell (37750950),Kyshawn George (37751149),Cade Cunningham (37750905),272.68,361.81,49700,100.00%,10318,149.35%,0,123.27000000000001,$4.48,ATL 3,MEM 1,user45,50,marvalshot,3497,4647704638_45
Donovan Mitchell (37750950),Cole Anthony (37751114),Zion Williamson (37750934),Zaccharie Risacher (37751214),Onyeka Okongwu (37751069),RJ Barrett (37751003),Vince Williams Jr. (37751460),Jarrett Allen (37751052),273.22999999999996,372.78999999999996,49900,100.00%,13690,157.77%,0,183.98,$4.73,CLE 2,ATL 2,user45,48,marvalshot,11373,4647704639_45
Trae Young (37750915),Cole Anthony (37751114),Zaccharie Risacher (37751214),Paolo Banchero (37750942),Jalen Duren (37751019),Vince Williams Jr. (37751460),Evan Mobley (37750964),Davion Mitchell (37751323),275.06,369.87,49900,100.00%,27416,226.01%,9,173.94,$6.78,ATL 2,ORL 2,user45,50,marvalshot,3499,4647704640_45
Davion Mitchell (37751323),Cole Anthony (37751114),Zion Williamson (37750934),Chet Holmgren (37750996),Onyeka Okongwu (37751069),Donovan Mitchell (37750950),Vince Williams Jr. (37751460),Jalen Duren (37751019),266.36,366.23,50000,99.95%,32,79.4%,0,150.45,$2.38,MIA 1,ORL 1,user45,46,marvalshot,11377,4647704641_45
Trae Young (37750915),Bradley Beal (37751061),RJ Barrett (37751003),Georges Niang (37751274),Wendell Carter Jr. (37751163),Vince Williams Jr. (37751460),Paolo Banchero (37750942),Jarrett Allen (37751052),281.26,371.16999999999996,49900,100.00%,49852,3121.73%,3658,157.94,$93.65,ATL 2,ORL 2,user46,50,marvalshot,3490,4647704632_46
Trae Young (37750915),Cole Anthony (37751114),Ausar Thompson (37751085),Georges Niang (37751274),Onyeka Okongwu (37751069),Donovan Mitchell (37750950),Vince Williams Jr. (37751460),Evan Mobley (37750964),275.8,372.58000000000004,50000,100.00%,33662,263.4%,2,170.28000000000003,$7.9,ATL 3,CLE 2,user46,49,marvalshot,11371,4647704633_46
Cole Anthony (37751114),RJ Barrett (37751003),Franz Wagner (37750931),Paolo Banchero (37750942),Onyeka Okongwu (37751069),Vince Williams Jr. (37751460),Kelly Olynyk (37751258),Jarrett Allen (37751052),279.28999999999996,374.76,49800,100.00%,48634,1024.09%,308,208.66,$30.72,ORL 3,TOR 1,user46,50,marvalshot,3492,4647704634_46
Cole Anthony (37751114),RJ Barrett (37751003),Caris LeVert (37751093),Kelly Olynyk (37751258),Wendell Carter Jr. (37751163),Trae Young (37750915),Vince Williams Jr. (37751460),Cade Cunningham (37750905),279.15999999999997,374.46999999999997,49800,100.00%,49176,894.92%,95,190.05,$26.85,ORL 2,ATL 2,user46,50,marvalshot,3493,4647704635_46
Jordan Poole (37750986),Cole Anthony (37751114),Ausar Thompson (37751085),Paolo Banchero (37750942),Onyeka Okongwu (37751069),Trae Young (37750915),Vince Williams Jr. (37751460),Kelly Olynyk (37751258),275.77,371.92999999999995,49800,100.00%,33719,226.14%,0,176.96999999999997,$6.78,ORL 2,ATL 2,user46,50,marvalshot,3494,4647704636_46
Trae Young (37750915),Cole Anthony (37751114),Zaccharie Risacher (37751214),Paolo Banchero (37750942),Jarrett Allen (37751052),Vince Williams Jr. (37751460),Zion Williamson (37750934),Davion Mitchell (37751323),273.96,371.08,49900,100.00%,18807,173.09%,1,176.82999999999998,$5.19,ATL 2,ORL 2,user46,50,marvalshot,3496,4647704637_46
Trae Young (37750915),Vince Williams Jr. (37751460),Zaccharie Risacher (37751214),Georges Niang (37751274),Wendell Carter Jr. (37751163),Donovan Mitchell (37750950),Kyshawn George (37751149),Cade Cunningham (37750905),272.68,361.81,49700,100.00%,10318,149.35%,0,123.27000000000001,$4.48,ATL 3,MEM 1,user46,50,marvalshot,3497,4647704638_46
Donovan Mitchell (37750950),Cole Anthony (37751114),Zion Williamson (37750934),Zaccharie Risacher (37751214),Onyeka Okongwu (37751069),RJ Barrett (37751003),Vince Williams Jr. (37751460),Jarrett Allen (37751052),273.22999999999996,372.78999999999996,49900,100.00%,13690,157.77%,0,183.98,$4.73,CLE 2,ATL 2,user46,48,marvalshot,11373,4647704639_46
Trae Young (37750915),Cole Anthony (37751114),Zaccharie Risacher (37751214),Paolo Banchero (37750942),Jalen Duren (37751019),Vince Williams Jr. (37751460),Evan Mobley (37750964),Davion Mitchell (37751323),275.06,369.87,49900,100.00%,27416,226.01%,9,173.94,$6.78,ATL 2,ORL 2,user46,50,marvalshot,3499,4647704640_46
Davion Mitchell (37751323),Cole Anthony (37751114),Zion Williamson (37750934),Chet Holmgren (37750996),Onyeka Okongwu (37751069),Donovan Mitchell (37750950),Vince Williams Jr. (37751460),Jalen Duren (37751019),266.36,366.23,50000,99.95%,32,79.4%,0,150.45,$2.38,MIA 1,ORL 1,user46,46,marvalshot,11377,4647704641_46
Trae Young (37750915),Bradley Beal (37751061),RJ Barrett (37751003),Georges Niang (37751274),Wendell Carter Jr. (37751163),Vince Williams Jr. (37751460),Paolo Banchero (37750942),Jarrett Allen (37751052),281.26,371.16999999999996,49900,100.00%,49852,3121.73%,3658,157.94,$93.65,ATL 2,ORL 2,user47,50,marvalshot,3490,4647704632_47
Trae Young (37750915),Cole Anthony (37751114),Ausar Thompson (37751085),Georges Niang (37751274),Onyeka Okongwu (37751069),Donovan Mitchell (37750950),Vince Williams Jr. (37751460),Evan Mobley (37750964),275.8,372.58000000000004,50000,100.00%,33662,263.4%,2,170.28000000000003,$7.9,ATL 3,CLE 2,user47,49,marvalshot,11371,4647704633_47
Cole Anthony (37751114),RJ Barrett (37751003),Franz Wagner (37750931),Paolo Banchero (37750942),Onyeka Okongwu (37751069),Vince Williams Jr. (37751460),Kelly Olynyk (37751258),Jarrett Allen (37751052),279.28999999999996,374.76,49800,100.00%,48634,1024.09%,308,208.66,$30.72,ORL 3,TOR 1,user47,50,marvalshot,3492,4647704634_47
Cole Anthony (37751114),RJ Barrett (37751003),Caris LeVert (37751093),Kelly Olynyk (37751258),Wendell Carter Jr. (37751163),Trae Young (37750915),Vince Williams Jr. (37751460),Cade Cunningham (37750905),279.15999999999997,374.46999999999997,49800,100.00%,49176,894.92%,95,190.05,$26.85,ORL 2,ATL 2,user47,50,marvalshot,3493,4647704635_47
Jordan Poole (37750986),Cole Anthony (37751114),Ausar Thompson (37751085),Paolo Banchero (37750942),Onyeka Okongwu (37751069),Trae Young (37750915),Vince Williams Jr. (37751460),Kelly Olynyk (37751258),275.77,371.92999999999995,49800,100.00%,33719,226.14%,0,176.96999999999997,$6.78,ORL 2,ATL 2,user47,50,marvalshot,3494,4647704636_47
Trae Young (37750915),Cole Anthony (37751114),Zaccharie Risacher (37751214),Paolo Banchero (37750942),Jarrett Allen (37751052),Vince Williams Jr. (37751460),Zion Williamson (37750934),Davion Mitchell (37751323),273.96,371.08,49900,100.00%,18807,173.09%,1,176.82999999999998,$5.19,ATL 2,ORL 2,user47,50,marvalshot,3496,4647704637_47
Trae Young (37750915),Vince Williams Jr. (37751460),Zaccharie Risacher (37751214),Georges Niang (37751274),Wendell Carter Jr. (37751163),Donovan Mitchell (37750950),Kyshawn George (37751149),Cade Cunningham (37750905),272.68,361.81,49700,100.00%,10318,149.35%,0,123.27000000000001,$4.48,ATL 3,MEM 1,user47,50,marvalshot,3497,4647704638_47
Donovan Mitchell (37750950),Cole Anthony (37751114),Zion Williamson (37750934),Zaccharie Risacher (37751214),Onyeka Okongwu (37751069),RJ Barrett (37751003),Vince Williams Jr. (37751460),Jarrett Allen (37751052),273.22999999999996,372.78999999999996,49900,100.00%,13690,157.77%,0,183.98,$4.73,CLE 2,ATL 2,user47,48,marvalshot,11373,4647704639_47
Trae Young (37750915),Cole Anthony (37751114),Zaccharie Risacher (37751214),Paolo Banchero (37750942),Jalen Duren (37751019),Vince Williams Jr. (37751460),Evan Mobley (37750964),Davion Mitchell (37751323),275.06,369.87,49900,100.00%,27416,226.01%,9,173.94,$6.78,ATL 2,ORL 2,user47,50,marvalshot,3499,4647704640_47
Davion Mitchell (37751323),Cole Anthony (37751114),Zion Williamson (37750934),Chet Holmgren (37750996),Onyeka Okongwu (37751069),Donovan Mitchell (37750950),Vince Williams Jr. (37751460),Jalen Duren (37751019),266.36,366.23,50000,99.95%,32,79.4%,0,150.45,$2.38,MIA 1,ORL 1,user47,46,marvalshot,11377,4647704641_47
Trae Young (37750915),Bradley Beal (37751061),RJ Barrett (37751003),Georges Niang (37751274),Wendell Carter Jr. (37751163),Vince Williams Jr. (37751460),Paolo Banchero (37750942),Jarrett Allen (37751052),281.26,371.16999999999996,49900,100.00%,49852,3121.73%,3658,157.94,$93.65,ATL 2,ORL 2,user48,50,marvalshot,3490,4647704632_48
Trae Young (37750915),Cole Anthony (37751114),Ausar Thompson (37751085),Georges Niang (37751274),Onyeka Okongwu (37751069),Donovan Mitchell (37750950),Vince Williams Jr. (37751460),Evan Mobley (37750964),275.8,372.58000000000004,50000,100.00%,33662,263.4%,2,170.28000000000003,$7.9,ATL 3,CLE 2,user48,49,marvalshot,11371,4647704633_48
Cole Anthony (37751114),RJ Barrett (37751003),Franz Wagner (37750931),Paolo Banchero (37750942),Onyeka Okongwu (37751069),Vince Williams Jr. (37751460),Kelly Olynyk (37751258),Jarrett Allen (37751052),279.28999999999996,374.76,49800,100.00%,48634,1024.09%,308,208.66,$30.72,ORL 3,TOR 1,user48,50,marvalshot,3492,4647704634_48
Cole Anthony (37751114),RJ Barrett (37751003),Caris LeVert (37751093),Kelly Olynyk (37751258),Wendell Carter Jr. (37751163),Trae Young (37750915),Vince Williams Jr. (37751460),Cade Cunningham (37750905),279.15999999999997,374.46999999999997,49800,100.00%,49176,894.92%,95,190.05,$26.85,ORL 2,ATL 2,user48,50,marvalshot,3493,4647704635_48
Jordan Poole (37750986),Cole Anthony (37751114),Ausar Thompson (37751085),Paolo Banchero (37750942),Onyeka Okongwu (37751069),Trae Young (37750915),Vince Williams Jr. (37751460),Kelly Olynyk (37751258),275.77,371.92999999999995,49800,100.00%,33719,226.14%,0,176.96999999999997,$6.78,ORL 2,ATL 2,user48,50,marvalshot,3494,4647704636_48
Trae Young (37750915),Cole Anthony (37751114),Zaccharie Risacher (37751214),Paolo Banchero (37750942),Jarrett Allen (37751052),Vince Williams Jr. (37751460),Zion Williamson (37750934),Davion Mitchell (37751323),273.96,371.08,49900,100.00%,18807,173.09%,1,176.82999999999998,$5.19,ATL 2,ORL 2,user48,50,marvalshot,3496,4647704637_48
Trae Young (37750915),Vince Williams Jr. (37751460),Zaccharie Risacher (37751214),Georges Niang (37751274),Wendell Carter Jr. (37751163),Donovan Mitchell (37750950),Kyshawn George (37751149),Cade Cunningham (37750905),272.68,361.81,49700,100.00%,10318,149.35%,0,123.27000000000001,$4.48,ATL 3,MEM 1,user48,50,marvalshot,3497,4647704638_48
Donovan Mitchell (37750950),Cole Anthony (37751114),Zion Williamson (37750934),Zaccharie Risacher (37751214),Onyeka Okongwu (37751069),RJ Barrett (37751003),Vince Williams Jr. (37751460),Jarrett Allen (37751052),273.22999999999996,372.78999999999996,49900,100.00%,13690,157.77%,0,183.98,$4.73,CLE 2,ATL 2,user48,48,marvalshot,11373,4647704639_48
Trae Young (37750915),Cole Anthony (37751114),Zaccharie Risacher (37751214),Paolo Banchero (37750942),Jalen Duren (37751019),Vince Williams Jr. (37751460),Evan Mobley (37750964),Davion Mitchell (37751323),275.06,369.87,49900,100.00%,27416,226.01%,9,173.94,$6.78,ATL 2,ORL 2,user48,50,marvalshot,3499,4647704640_48
Davion Mitchell (37751323),Cole Anthony (37751114),Zion Williamson (37750934),Chet Holmgren (37750996),Onyeka Okongwu (37751069),Donovan Mitchell (37750950),Vince Williams Jr. (37751460),Jalen Duren (37751019),266.36,366.23,50000,99.95%,32,79.4%,0,150.45,$2.38,MIA 1,ORL 1,user48,46,marvalshot,11377,4647704641_48
Trae Young (37750915),Bradley Beal (37751061),RJ Barrett (37751003),Georges Niang (37751274),Wendell Carter Jr. (37751163),Vince Williams Jr. (37751460),Paolo Banchero (37750942),Jarrett Allen (37751052),281.26,371.16999999999996,49900,100.00%,49852,3121.73%,3658,157.94,$93.65,ATL 2,ORL 2,user49,50,marvalshot,3490,4647704632_49
Trae Young (37750915),Cole Anthony (37751114),Ausar Thompson (37751085),Georges Niang (37751274),Onyeka Okongwu (37751069),Donovan Mitchell (37750950),Vince Williams Jr. (37751460),Evan Mobley (37750964),275.8,372.58000000000004,50000,100.00%,33662,263.4%,2,170.28000000000003,$7.9,ATL 3,CLE 2,user49,49,marvalshot,11371,4647704633_49
Cole Anthony (37751114),RJ Barrett (37751003),Franz Wagner (37750931),Paolo Banchero (37750942),Onyeka Okongwu (37751069),Vince Williams Jr. (37751460),Kelly Olynyk (37751258),Jarrett Allen (37751052),279.28999999999996,374.76,49800,100.00%,48634,1024.09%,308,208.66,$30.72,ORL 3,TOR 1,user49,50,marvalshot,3492,4647704634_49
Cole Anthony (37751114),RJ Barrett (37751003),Caris LeVert (37751093),Kelly Olynyk (37751258),Wendell Carter Jr. (37751163),Trae Young (37750915),Vince Williams Jr. (37751460),Cade Cunningham (37750905),279.15999999999997,374.46999999999997,49800,100.00%,49176,894.92%,95,190.05,$26.85,ORL 2,ATL 2,user49,50,marvalshot,3493,4647704635_49
Jordan Poole (37750986),Cole Anthony (37751114),Ausar Thompson (37751085),Paolo Banchero (37750942),Onyeka Okongwu (37751069),Trae Young (37750915),Vince Williams Jr. (37751460),Kelly Olynyk (37751258),275.77,371.92999999999995,49800,100.00%,33719,226.14%,0,176.96999999999997,$6.78,ORL 2,ATL 2,user49,50,marvalshot,3494,4647704636_49
Trae Young (37750915),Cole Anthony (37751114),Zaccharie Risacher (37751214),Paolo Banchero (37750942),Jarrett Allen (37751052),Vince Williams Jr. (37751460),Zion Williamson (37750934),Davion Mitchell (37751323),273.96,371.08,49900,100.00%,18807,173.09%,1,176.82999999999998,$5.19,ATL 2,ORL 2,user49,50,marvalshot,3496,4647704637_49
Trae Young (37750915),Vince Williams Jr. (37751460),Zaccharie Risacher (37751214),Georges Niang (37751274),Wendell Carter Jr. (37751163),Donovan Mitchell (37750950),Kyshawn George (37751149),Cade Cunningham (37750905),272.68,361.81,49700,100.00%,10318,149.35%,0,123.27000000000001,$4.48,ATL 3,MEM 1,user49,50,marvalshot,3497,4647704638_49
Donovan Mitchell (37750950),Cole Anthony (37751114),Zion Williamson (37750934),Zaccharie Risacher (37751214),Onyeka Okongwu (37751069),RJ Barrett (37751003),Vince Williams Jr. (37751460),Jarrett Allen (37751052),273.22999999999996,372.78999999999996,49900,100.00%,13690,157.77%,0,183.98,$4.73,CLE 2,ATL 2,user49,48,marvalshot,11373,4647704639_49
Trae Young (37750915),Cole Anthony (37751114),Zaccharie Risacher (37751214),Paolo Banchero (37750942),Jalen Duren (37751019),Vince Williams Jr. (37751460),Evan Mobley (37750964),Davion Mitchell (37751323),275.06,369.87,49900,100.00%,27416,226.01%,9,173.94,$6.78,ATL 2,ORL 2,user49,50,marvalshot,3499,4647704640_49
Davion Mitchell (37751323),Cole Anthony (37751114),Zion Williamson (37750934),Chet Holmgren (37750996),Onyeka Okongwu (37751069),Donovan Mitchell (37750950),Vince Williams Jr. (37751460),Jalen Duren (37751019),266.36,366.23,50000,99.95%,32,79.4%,0,150.45,$2.38,MIA 1,ORL 1,user49,46,marvalshot,11377,4647704641_49
