PG,SG,SF,PF,C,G,F,UTIL,Proj,Ceiling,Salary,Cash %,Top 1%,ROI%,Wins,Own Sum,Avg Return,Stack1,Stack2,Lineup,Dupes,User,Index,Entry ID
Luka Doncic (38128897),Jordan Goodwin (38129372),Ricky Council IV (38129289),Bam Adebayo (38128989),Kenrich Williams (38129703),Scoot Henderson (38129224),Justin Champagnie (38129236),Jaylin Williams (38129406),308.69999999999993,403.03,49500,100.00%,26125,361.75%,0,132.34,$14.47,LAL 2,OKC 2,user40,1,marvalshot,14899,4669104771_40
Jared Butler (38129166),Anthony Edwards (38128924),Jaime Jaquez Jr. (38129483),Aaron Wiggins (38129293),Jaylin Williams (38129406),Isaiah Joe (38129456),Kenrich Williams (38129703),Nikola Jokic (38128895),311.03,412.47999999999996,49600,100.00%,43186,499.63%,0,157.06,$19.99,OKC 4,PHI 1,user1,1,marvalshot,14909,4669104772_1
Cade Cunningham (38128911),Donovan Mitchell (38128954),Aaron Wiggins (38129293),Pascal Siakam (38129000),Kenrich Williams (38129703),Jalen Hood-Schifino (38129471),Ricky Council IV (38129289),Jaylin Williams (38129406),328.0732118055556,422.7939987505109,49400,100.00%,50000,126244.15%,14954,153.25,$5049.77,OKC 3,PHI 2,user18,1,marvalshot,14975,4669104773_18
Cade Cunningham (38128911),Jordan Goodwin (38129372),Aaron Wiggins (38129293),Ricky Council IV (38129289),Jaylin Williams (38129406),Luka Doncic (38128897),Kenrich Williams (38129703),Isaiah Joe (38129456),317.25,414.5,49400,100.00%,49998,2135.41%,0,157.61,$85.42,OKC 4,LAL 2,user28,1,marvalshot,15034,4669104774_28
Donovan Mitchell (38128954),Devin Booker (38128933),Josh Giddey (38128984),Kenrich Williams (38129703),Jaylin Williams (38129406),Jalen Hood-Schifino (38129471),Aaron Wiggins (38129293),Jared Butler (38129166),322.25,419.08,49800,100.00%,50000,9070.82%,33,178.86,$362.83,OKC 3,PHI 2,user12,1,marvalshot,15067,4669104775_12
Scotty Pippen Jr. (38129353),Stephon Castle (38129105),Aaron Wiggins (38129293),Oshae Brissett (38129486),Jaylin Williams (38129406),Josh Giddey (38128984),Kenrich Williams (38129703),Nikola Jokic (38128895),315.14,418.68,49800,100.00%,49912,1189.48%,0,157.59,$47.58,OKC 3,MEM 1,user9,1,marvalshot,15113,4669104776_9
Luka Doncic (38128897),Jordan Goodwin (38129372),Jaime Jaquez Jr. (38129483),Paolo Banchero (38128916),Jaylin Williams (38129406),Ty Jerome (38129412),Kenrich Williams (38129703),Jared Butler (38129166),305.11857638888887,400.81971968153726,49300,100.00%,3332,230.51%,0,159.85,$9.22,LAL 2,OKC 2,user9,1,marvalshot,15162,4669104777_9
Devin Booker (38128933),Jared Butler (38129166),Aaron Wiggins (38129293),Bam Adebayo (38128989),Kenrich Williams (38129703),Isaiah Joe (38129456),Dillon Jones (38129923),Karl-Anthony Towns (38128914),304.65000000000003,401.1,49200,100.00%,2816,222.07%,0,140.11,$8.88,OKC 4,PHX 1,user9,1,marvalshot,14868,4669104771_9
Luka Doncic (38128897),Jared Butler (38129166),Jaime Jaquez Jr. (38129483),Jeremy Sochan (38129346),Jaylin Williams (38129406),Jalen Hood-Schifino (38129471),Kenrich Williams (38129703),Karl-Anthony Towns (38128914),306.84999999999997,407.26,49400,100.00%,11951,282.78%,0,146.60000000000002,$11.31,PHI 2,OKC 2,user4,1,marvalshot,14912,4669104772_4
Cade Cunningham (38128911),Donovan Mitchell (38128954),Aaron Wiggins (38129293),Pascal Siakam (38129000),Jaylin Williams (38129406),Jalen Hood-Schifino (38129471),Jordan Goodwin (38129372),Kenrich Williams (38129703),326.12321180555557,419.6639987505109,49000,100.00%,50000,46182.08%,1678,165.95000000000002,$1847.28,OKC 3,DET 1,user20,1,marvalshot,14977,4669104773_20
Cade Cunningham (38128911),Jordan Goodwin (38129372),DeMar DeRozan (38129006),Deni Avdija (38129052),Jaylin Williams (38129406),Jared Butler (38129166),Kenrich Williams (38129703),Ricky Council IV (38129289),312.11,403.42,49000,100.00%,46760,599.15%,0,141.65,$23.97,OKC 2,PHI 2,user39,1,marvalshot,15045,4669104774_39
Scoot Henderson (38129224),Devin Booker (38128933),Aaron Wiggins (38129293),Kenrich Williams (38129703),Jaylin Williams (38129406),Jared Butler (38129166),Jaren Jackson Jr. (38128997),Jonas Valanciunas (38129048),315.57,415.06,49400,100.00%,49917,1351.49%,0,143.31,$54.06,OKC 3,POR 1,user4,1,marvalshot,15059,4669104775_4
Jared Butler (38129166),Anthony Edwards (38128924),Jordan Goodwin (38129372),Kenrich Williams (38129703),Tristan Vukcevic (38129550),Luka Doncic (38128897),Aaron Wiggins (38129293),Jaylin Williams (38129406),312.64,414.4,49300,100.00%,48545,647.68%,0,160.91,$25.91,OKC 3,LAL 2,user2,1,marvalshot,15106,4669104776_2
Anfernee Simons (38129065),Jared Butler (38129166),Jaime Jaquez Jr. (38129483),Paolo Banchero (38128916),Jaylin Williams (38129406),Josh Giddey (38128984),Kenrich Williams (38129703),Keyonte George (38129109),302.9185763888889,395.3597196815373,49700,100.00%,513,188.13%,0,122.47,$7.53,OKC 2,POR 1,user45,1,marvalshot,15198,4669104777_45
Jalen Hood-Schifino (38129471),Anthony Edwards (38128924),Aaron Wiggins (38129293),Bam Adebayo (38128989),Jaylin Williams (38129406),Miles McBride (38129209),Kenrich Williams (38129703),Zion Williamson (38128937),304.43,401.15,49900,100.00%,2718,218.25%,0,141.94,$8.73,OKC 3,PHI 1,user29,1,marvalshot,14888,4669104771_29
Luka Doncic (38128897),Donovan Mitchell (38128954),Jaime Jaquez Jr. (38129483),Josh Hart (38129020),Kenrich Williams (38129703),Jordan Hawkins (38129650),Aaron Wiggins (38129293),Jaylin Williams (38129406),305.71000000000004,400.63,49800,100.00%,6093,248.04%,0,129.95,$9.92,OKC 3,LAL 1,user24,1,marvalshot,14932,4669104772_24
Cade Cunningham (38128911),Quentin Grimes (38128967),Aaron Wiggins (38129293),Pascal Siakam (38129000),Jaylin Williams (38129406),AJ Johnson (38129609),Kenrich Williams (38129703),Stephon Castle (38129105),323.19321180555556,415.2639987505109,49800,100.00%,50000,13935.28%,142,128.70000000000002,$557.41,OKC 3,DET 1,user30,1,marvalshot,14987,4669104773_30
Cade Cunningham (38128911),Luke Kennard (38129368),Josh Giddey (38128984),Aaron Wiggins (38129293),Jaylin Williams (38129406),Jose Alvarado (38129350),Kevin Durant (38128943),Kenrich Williams (38129703),309.64,400.35,49900,100.00%,33348,409.31%,0,134.69,$16.37,OKC 3,DET 1,user37,1,marvalshot,15043,4669104774_37
AJ Johnson (38129609),Anthony Edwards (38128924),Ricky Council IV (38129289),Kenrich Williams (38129703),Jaylin Williams (38129406),Devin Booker (38128933),Julius Randle (38129044),Deni Avdija (38129052),307.42999999999995,400.63,49800,100.00%,16382,307.05%,0,121.13000000000001,$12.28,MIN 2,OKC 2,user6,1,marvalshot,15061,4669104775_6
Luka Doncic (38128897),Jordan Hawkins (38129650),Aaron Wiggins (38129293),Kevin Durant (38128943),Kenrich Williams (38129703),Keyonte George (38129109),Ricky Council IV (38129289),Jaylin Williams (38129406),310.23,406.15000000000003,49600,100.00%,37883,450.38%,0,134.02,$18.02,OKC 3,LAL 1,user44,1,marvalshot,15148,4669104776_44
Jared Butler (38129166),Malik Monk (38129032),Jaime Jaquez Jr. (38129483),Paolo Banchero (38128916),Jaylin Williams (38129406),AJ Johnson (38129609),Ricky Council IV (38129289),Jaren Jackson Jr. (38128997),302.3285763888889,390.5197196815373,49200,100.00%,442,179.64%,0,107.61000000000001,$7.19,PHI 2,SAC 1,user17,1,marvalshot,15171,4669104777_17
AJ Johnson (38129609),Desmond Bane (38128930),Josh Giddey (38128984),Bam Adebayo (38128989),Kenrich Williams (38129703),Jose Alvarado (38129350),Deni Avdija (38129052),Jaylin Williams (38129406),302.56999999999994,391.81999999999994,49700,100.00%,541,183.72%,0,119.49000000000001,$7.35,OKC 2,WAS 1,user28,1,marvalshot,14887,4669104771_28
Jalen Hood-Schifino (38129471),Jared Butler (38129166),Jaime Jaquez Jr. (38129483),Oshae Brissett (38129486),Jaylin Williams (38129406),Donovan Mitchell (38128954),Jaren Jackson Jr. (38128997),Devin Booker (38128933),304.87,404.28000000000003,49600,100.00%,3415,226.91%,0,138.92,$9.08,PHI 3,MIA 1,user14,1,marvalshot,14922,4669104772_14
Cade Cunningham (38128911),Miles McBride (38129209),Deni Avdija (38129052),Pascal Siakam (38129000),Jaylin Williams (38129406),Jared Butler (38129166),Jordan Goodwin (38129372),Kenrich Williams (38129703),322.26321180555556,412.3039987505109,49600,100.00%,50000,10224.6%,74,132.59,$408.98,OKC 2,DET 1,user12,1,marvalshot,14969,4669104773_12
Cade Cunningham (38128911),Jared Butler (38129166),Ryan Dunn (38129587),Kenrich Williams (38129703),Oshae Brissett (38129486),Luka Doncic (38128897),Aaron Wiggins (38129293),Ricky Council IV (38129289),306.17,406.86,49500,100.00%,7377,258.68%,0,142.16,$10.35,PHI 3,OKC 2,user27,1,marvalshot,15033,4669104774_27
Devin Booker (38128933),Donovan Mitchell (38128954),Ricky Council IV (38129289),Zion Williamson (38128937),Jaylin Williams (38129406),Alex Caruso (38129423),Kenrich Williams (38129703),Aaron Wiggins (38129293),306.92,406.66,49800,100.00%,12115,285.62%,0,134.48,$11.42,OKC 4,PHX 1,user25,1,marvalshot,15080,4669104775_25
Jared Butler (38129166),Devin Booker (38128933),Aaron Wiggins (38129293),Oshae Brissett (38129486),Walker Kessler (38129056),Stephon Castle (38129105),Kenrich Williams (38129703),Josh Giddey (38128984),309.91,407.25000000000006,50000,100.00%,35858,427.75%,0,137.82999999999998,$17.11,PHI 2,OKC 2,user19,1,marvalshot,15123,4669104776_19
Josh Giddey (38128984),Luke Kennard (38129368),Jaime Jaquez Jr. (38129483),Paolo Banchero (38128916),Jaylin Williams (38129406),Donovan Mitchell (38128954),Aaron Wiggins (38129293),Jalen Hood-Schifino (38129471),299.0985763888889,389.56971968153726,49900,100.00%,4,138.0%,0,128.28,$5.52,OKC 2,CHI 1,user47,1,marvalshot,15200,4669104777_47
Keyonte George (38129109),Jared Butler (38129166),Ricky Council IV (38129289),Bam Adebayo (38128989),Kenrich Williams (38129703),Stephon Castle (38129105),Aaron Wiggins (38129293),Evan Mobley (38128963),301.02,398.22,49800,100.00%,66,161.23%,0,108.2,$6.45,PHI 2,OKC 2,user48,1,marvalshot,14907,4669104771_48
Jared Butler (38129166),Jordan Goodwin (38129372),Jaime Jaquez Jr. (38129483),Ricky Council IV (38129289),Karl-Anthony Towns (38128914),Luka Doncic (38128897),Micah Potter (38129971),Jaylin Williams (38129406),303.04999999999995,402.75999999999993,49900,100.00%,543,190.12%,0,122.5,$7.6,PHI 2,LAL 2,user34,1,marvalshot,14942,4669104772_34
Cade Cunningham (38128911),Jared Butler (38129166),Zion Williamson (38128937),Pascal Siakam (38129000),Jaylin Williams (38129406),Isaiah Joe (38129456),Oshae Brissett (38129486),Kenrich Williams (38129703),321.3432118055556,423.28399875051093,49600,100.00%,50000,7626.38%,32,137.89000000000001,$305.06,OKC 3,PHI 2,user9,1,marvalshot,14966,4669104773_9
Cade Cunningham (38128911),Donovan Mitchell (38128954),Jordan Goodwin (38129372),Kenrich Williams (38129703),Kevin Durant (38128943),AJ Johnson (38129609),Aaron Wiggins (38129293),Justin Champagnie (38129236),302.31,393.69,49800,100.00%,261,178.99%,0,132.20999999999998,$7.16,OKC 2,WAS 2,user38,1,marvalshot,15044,4669104774_38
Stephon Castle (38129105),Donovan Mitchell (38128954),Jordan Goodwin (38129372),Dillon Jones (38129923),Jaylin Williams (38129406),Jared Butler (38129166),Josh Giddey (38128984),Jonas Valanciunas (38129048),305.0,405.32,49700,100.00%,3885,230.29%,0,130.03,$9.21,OKC 2,SAS 1,user46,1,marvalshot,15101,4669104775_46
Devin Booker (38128933),Jared Butler (38129166),Jordan Goodwin (38129372),Aaron Wiggins (38129293),Kenrich Williams (38129703),AJ Johnson (38129609),Naz Reid (38129184),Luka Doncic (38128897),307.84999999999997,404.5,50000,100.00%,18730,319.68%,0,146.01,$12.79,LAL 2,OKC 2,user35,1,marvalshot,15139,4669104776_35
Josh Giddey (38128984),Jared Butler (38129166),Jaime Jaquez Jr. (38129483),Paolo Banchero (38128916),Kenrich Williams (38129703),Donte DiVincenzo (38129240),Oshae Brissett (38129486),Donovan Mitchell (38128954),297.2785763888889,391.2097196815373,49900,100.00%,0,118.16%,0,114.03,$4.73,PHI 2,CHI 1,user10,1,marvalshot,15163,4669104777_10
Anfernee Simons (38129065),Jared Butler (38129166),Keldon Johnson (38129319),Bam Adebayo (38128989),Jaylin Williams (38129406),Donovan Mitchell (38128954),Jordan Goodwin (38129372),Aaron Wiggins (38129293),300.96,396.08,49700,100.00%,62,160.38%,0,123.25999999999999,$6.42,OKC 2,POR 1,user44,1,marvalshot,14903,4669104771_44
Malik Monk (38129032),Jared Butler (38129166),Jaime Jaquez Jr. (38129483),Aaron Wiggins (38129293),Kenrich Williams (38129703),Devin Booker (38128933),Jordan Goodwin (38129372),Zion Williamson (38128937),301.16,394.35,49300,100.00%,30,162.09%,0,137.69,$6.48,OKC 2,SAC 1,user,1,marvalshot,13752,4669104772
Cade Cunningham (38128911),Stephon Castle (38129105),Jordan Goodwin (38129372),Pascal Siakam (38129000),Jaylin Williams (38129406),Josh Giddey (38128984),Kenrich Williams (38129703),Nick Richards (38129477),320.63321180555556,415.1239987505109,50000,100.00%,50000,5628.43%,7,126.39999999999999,$225.14,OKC 2,DET 1,user32,1,marvalshot,14989,4669104773_32
Cade Cunningham (38128911),Anthony Edwards (38128924),Jordan Goodwin (38129372),Jaren Jackson Jr. (38128997),Jaylin Williams (38129406),Scotty Pippen Jr. (38129353),Dillon Jones (38129923),Aaron Wiggins (38129293),301.27,399.5,49900,100.00%,101,164.21%,0,133.22,$6.57,OKC 3,MEM 2,user30,1,marvalshot,15036,4669104774_30
Jared Butler (38129166),Coby White (38129012),Marcus Smart (38129512),Oshae Brissett (38129486),Karl-Anthony Towns (38128914),Jalen Hood-Schifino (38129471),Josh Giddey (38128984),Jaylin Williams (38129406),297.88,396.03,49400,100.00%,0,124.31%,0,139.1,$4.97,PHI 3,CHI 2,user2,1,marvalshot,15057,4669104775_2
Luka Doncic (38128897),Cameron Payne (38129765),Josh Hart (38129020),Oshae Brissett (38129486),Jaylin Williams (38129406),Anthony Edwards (38128924),Aaron Wiggins (38129293),Kenrich Williams (38129703),307.69,408.2,50000,100.00%,17907,314.95%,0,139.69,$12.6,OKC 3,NYK 2,user10,1,marvalshot,15114,4669104776_10
Jordan Hawkins (38129650),Collin Gillespie (38129753),Jaime Jaquez Jr. (38129483),Paolo Banchero (38128916),Jaylin Williams (38129406),Donovan Mitchell (38128954),Kenrich Williams (38129703),Nikola Jokic (38128895),293.05857638888887,388.3697196815373,49900,99.59%,0,77.16%,0,129.42,$3.09,OKC 2,NOP 1,user12,1,marvalshot,15165,4669104777_12
Scoot Henderson (38129224),Jared Butler (38129166),Aaron Wiggins (38129293),Bam Adebayo (38128989),Jonas Valanciunas (38129048),Jose Alvarado (38129350),Josh Hart (38129020),Jaylin Williams (38129406),300.69000000000005,397.39000000000004,49900,100.00%,81,157.28%,0,107.84,$6.29,OKC 2,POR 1,user25,1,marvalshot,14884,4669104771_25
Stephon Castle (38129105),Jamal Murray (38129028),Jaime Jaquez Jr. (38129483),Kenrich Williams (38129703),Karl-Anthony Towns (38128914),Scotty Pippen Jr. (38129353),Jaren Jackson Jr. (38128997),Jaylin Williams (38129406),297.01,392.13,49400,100.00%,0,115.42%,0,102.26,$4.62,OKC 2,MEM 2,user3,1,marvalshot,14911,4669104772_3
Cade Cunningham (38128911),Jared Butler (38129166),Marcus Smart (38129512),Pascal Siakam (38129000),Jaylin Williams (38129406),Donovan Mitchell (38128954),Kenrich Williams (38129703),Ricky Council IV (38129289),320.3032118055556,416.4639987505109,50000,100.00%,50000,4970.11%,0,124.31,$198.8,PHI 2,OKC 2,user5,1,marvalshot,14962,4669104773_5
Cade Cunningham (38128911),Stephon Castle (38129105),Josh Giddey (38128984),Ricky Council IV (38129289),Kenrich Williams (38129703),Tre Jones (38129160),Naz Reid (38129184),Jaylin Williams (38129406),301.21000000000004,395.05,49800,100.00%,82,163.67%,0,108.0,$6.55,CHI 2,OKC 2,user11,1,marvalshot,15017,4669104774_11
Luka Doncic (38128897),Cameron Payne (38129765),Aaron Wiggins (38129293),Guerschon Yabusele (38129220),Jaylin Williams (38129406),Josh Giddey (38128984),Oshae Brissett (38129486),Jared Butler (38129166),297.68,400.05,49500,100.00%,0,122.03%,0,135.98,$4.88,PHI 3,OKC 2,user20,1,marvalshot,15075,4669104775_20
Scotty Pippen Jr. (38129353),Jordan Goodwin (38129372),Ricky Council IV (38129289),Aaron Wiggins (38129293),Karl-Anthony Towns (38128914),Jamal Murray (38129028),Josh Hart (38129020),Jaylin Williams (38129406),301.6,394.57000000000005,50000,100.00%,145,168.74%,0,118.64000000000001,$6.75,OKC 2,NYK 2,user22,1,marvalshot,15126,4669104776_22
Devin Booker (38128933),Jordan Hawkins (38129650),Jaime Jaquez Jr. (38129483),Paolo Banchero (38128916),Jaylin Williams (38129406),Jared Butler (38129166),Justin Champagnie (38129236),Deni Avdija (38129052),292.7985763888889,381.1997196815373,49700,99.35%,0,74.39%,0,104.13000000000001,$2.98,PHX 1,NOP 1,user25,1,marvalshot,15178,4669104777_25
Jared Butler (38129166),Stephon Castle (38129105),Deni Avdija (38129052),Bam Adebayo (38128989),Jaylin Williams (38129406),Anthony Edwards (38128924),Dillon Jones (38129923),Oshae Brissett (38129486),300.59,400.47999999999996,49500,100.00%,73,156.09%,0,119.1,$6.24,PHI 2,OKC 2,user49,1,marvalshot,14908,4669104771_49
Donovan Mitchell (38128954),Austin Reaves (38128950),Jaime Jaquez Jr. (38129483),Aaron Wiggins (38129293),Oshae Brissett (38129486),Jared Butler (38129166),Chet Holmgren (38129040),Jaylin Williams (38129406),296.39,396.27,49400,100.00%,0,108.91%,0,125.41000000000001,$4.36,OKC 3,PHI 2,user45,1,marvalshot,14953,4669104772_45
Cade Cunningham (38128911),Jared Butler (38129166),Josh Giddey (38128984),Pascal Siakam (38129000),Tristan Vukcevic (38129550),AJ Johnson (38129609),Ricky Council IV (38129289),Jaylin Williams (38129406),318.3132118055556,415.08399875051094,49700,100.00%,49998,2985.68%,0,118.04,$119.43,PHI 2,WAS 2,user29,1,marvalshot,14986,4669104773_29
Cade Cunningham (38128911),Miles McBride (38129209),Josh Hart (38129020),Evan Mobley (38128963),Jaylin Williams (38129406),Ty Jerome (38129412),Kenrich Williams (38129703),Aaron Wiggins (38129293),301.15999999999997,393.25,49600,100.00%,74,162.98%,0,135.87,$6.52,OKC 3,NYK 2,user44,1,marvalshot,15050,4669104774_44
Josh Giddey (38128984),Jamal Murray (38129028),Zion Williamson (38128937),Kenrich Williams (38129703),Donovan Clingan (38129182),Jared Butler (38129166),Oshae Brissett (38129486),Ricky Council IV (38129289),297.10999999999996,397.00999999999993,49700,100.00%,0,116.27%,0,116.1,$4.65,PHI 3,CHI 1,user18,1,marvalshot,15073,4669104775_18
Luka Doncic (38128897),Donovan Mitchell (38128954),Aaron Wiggins (38129293),Oshae Brissett (38129486),Jaylin Williams (38129406),Collin Gillespie (38129753),Deni Avdija (38129052),Jalen Hood-Schifino (38129471),300.21999999999997,402.7,49900,100.00%,23,151.23%,0,152.93,$6.05,OKC 2,PHI 2,user26,1,marvalshot,15130,4669104776_26
Scoot Henderson (38129224),Stephon Castle (38129105),Jaime Jaquez Jr. (38129483),Paolo Banchero (38128916),Kenrich Williams (38129703),Devin Booker (38128933),Aaron Gordon (38129263),Jared Butler (38129166),292.4585763888889,380.8397196815373,49500,99.19%,0,71.21%,0,97.5,$2.85,POR 1,SAS 1,user31,1,marvalshot,15184,4669104777_31
Austin Reaves (38128950),Donovan Mitchell (38128954),Aaron Wiggins (38129293),Bam Adebayo (38128989),Kenrich Williams (38129703),Jalen Hood-Schifino (38129471),Deni Avdija (38129052),AJ Johnson (38129609),299.38,390.5,49800,100.00%,19,141.53%,0,125.46,$5.66,OKC 2,LAL 1,user17,1,marvalshot,14876,4669104771_17
Scoot Henderson (38129224),Anthony Edwards (38128924),Jaime Jaquez Jr. (38129483),Aaron Wiggins (38129293),Nick Richards (38129477),Jared Butler (38129166),Kenrich Williams (38129703),Luka Doncic (38128897),296.14,396.87,50000,99.99%,0,106.37%,0,116.82,$4.25,OKC 2,POR 1,user48,1,marvalshot,14956,4669104772_48
Cade Cunningham (38128911),Anfernee Simons (38129065),Zion Williamson (38128937),Pascal Siakam (38129000),Jaylin Williams (38129406),AJ Johnson (38129609),Kenrich Williams (38129703),Oshae Brissett (38129486),317.6732118055556,416.34399875051093,49800,100.00%,49981,2529.04%,0,124.96000000000001,$101.16,OKC 2,DET 1,user39,1,marvalshot,14996,4669104773_39
Cade Cunningham (38128911),Devin Booker (38128933),Ricky Council IV (38129289),Aaron Gordon (38129263),Nikola Vucevic (38129058),Jalen Hood-Schifino (38129471),Aaron Wiggins (38129293),Kenrich Williams (38129703),300.18,392.88,49100,100.00%,16,150.45%,0,131.47,$6.02,PHI 2,OKC 2,user14,1,marvalshot,15020,4669104774_14
Keyonte George (38129109),Donovan Mitchell (38128954),Alex Caruso (38129423),Aaron Wiggins (38129293),Donovan Clingan (38129182),Devin Booker (38128933),Ricky Council IV (38129289),Jaylin Williams (38129406),296.29999999999995,393.25999999999993,49800,99.99%,0,108.17%,0,102.98,$4.33,OKC 3,UTA 1,user41,1,marvalshot,15096,4669104775_41
Scotty Pippen Jr. (38129353),Jared Butler (38129166),Josh Giddey (38128984),Oshae Brissett (38129486),Kevin Durant (38128943),Jordan Goodwin (38129372),Aaron Wiggins (38129293),Nikola Vucevic (38129058),299.24999999999994,396.49999999999994,49400,100.00%,2,139.42%,0,131.63,$5.58,PHI 2,CHI 2,user28,1,marvalshot,15132,4669104776_28
Malik Monk (38129032),Anthony Edwards (38128924),Jaime Jaquez Jr. (38129483),Paolo Banchero (38128916),Kenrich Williams (38129703),Keyonte George (38129109),Oshae Brissett (38129486),Ricky Council IV (38129289),292.3585763888889,382.14971968153725,50000,98.98%,0,70.33%,0,90.56,$2.81,PHI 2,SAC 1,user6,1,marvalshot,15159,4669104777_6
AJ Johnson (38129609),Isaiah Joe (38129456),OG Anunoby (38129069),Bam Adebayo (38128989),Kenrich Williams (38129703),Anthony Edwards (38128924),Zion Williamson (38128937),Jaylin Williams (38129406),297.09,391.71999999999997,49700,100.00%,0,116.72%,0,111.15,$4.67,OKC 3,WAS 1,user4,1,marvalshot,14863,4669104771_4
Jordan Poole (38129092),Jamal Murray (38129028),Jaime Jaquez Jr. (38129483),Kenrich Williams (38129703),Jaylin Williams (38129406),Luka Doncic (38128897),Justin Champagnie (38129236),Aaron Wiggins (38129293),296.08000000000004,391.32000000000005,49500,100.00%,0,106.01%,0,127.15,$4.24,OKC 3,WAS 2,user26,1,marvalshot,14934,4669104772_26
Cade Cunningham (38128911),Jared Butler (38129166),Josh Hart (38129020),Pascal Siakam (38129000),Jeremy Sochan (38129346),Scotty Pippen Jr. (38129353),Kenrich Williams (38129703),Jaylin Williams (38129406),314.6132118055556,407.28399875051093,49600,100.00%,49594,1071.19%,0,114.62,$42.85,OKC 2,DET 1,user34,1,marvalshot,14991,4669104773_34
Cade Cunningham (38128911),Isaiah Joe (38129456),Max Strus (38129328),Ricky Council IV (38129289),Jaylin Williams (38129406),AJ Johnson (38129609),Aaron Wiggins (38129293),Luka Doncic (38128897),299.97,395.24,49900,100.00%,29,148.14%,0,116.87,$5.93,OKC 3,DET 1,user15,1,marvalshot,15021,4669104774_15
Malik Monk (38129032),Jordan Goodwin (38129372),Justin Champagnie (38129236),Kenrich Williams (38129703),Oshae Brissett (38129486),Jordan Poole (38129092),Josh Giddey (38128984),Kevin Durant (38128943),295.78,384.72999999999996,49600,100.00%,0,103.07%,0,120.11000000000001,$4.12,WAS 2,SAC 1,user31,1,marvalshot,15086,4669104775_31
Donovan Mitchell (38128954),Anthony Edwards (38128924),Aaron Wiggins (38129293),Jeremy Sochan (38129346),Kenrich Williams (38129703),Jared Butler (38129166),Ricky Council IV (38129289),Jonas Valanciunas (38129048),299.18,399.08,49900,100.00%,5,139.07%,0,110.32,$5.56,OKC 2,PHI 2,user47,1,marvalshot,15151,4669104776_47
Scoot Henderson (38129224),Jamal Murray (38129028),Jaime Jaquez Jr. (38129483),Paolo Banchero (38128916),Jaylin Williams (38129406),Jared Butler (38129166),Ricky Council IV (38129289),OG Anunoby (38129069),291.91857638888894,378.3497196815373,49800,98.17%,0,65.98%,0,91.15,$2.64,PHI 2,POR 1,user43,1,marvalshot,15196,4669104777_43
AJ Johnson (38129609),Quentin Grimes (38128967),Jordan Goodwin (38129372),Bam Adebayo (38128989),Tristan Vukcevic (38129550),Josh Giddey (38128984),Kenrich Williams (38129703),Kevin Durant (38128943),297.06,387.96000000000004,49900,100.00%,0,116.07%,0,112.34,$4.64,WAS 2,PHI 1,user21,1,marvalshot,14880,4669104771_21
Jalen Hood-Schifino (38129471),Isaiah Joe (38129456),Jaime Jaquez Jr. (38129483),Evan Mobley (38128963),Jaylin Williams (38129406),Josh Giddey (38128984),Jaden McDaniels (38129132),Kevin Durant (38128943),294.64,385.11,50000,99.92%,0,92.12%,0,114.61,$3.68,OKC 2,PHI 1,user6,1,marvalshot,14914,4669104772_6
Cade Cunningham (38128911),Stephon Castle (38129105),Jordan Goodwin (38129372),Pascal Siakam (38129000),Jonas Valanciunas (38129048),Jared Butler (38129166),Kenrich Williams (38129703),AJ Johnson (38129609),314.28321180555554,409.17399875051086,49600,100.00%,49323,990.25%,0,115.0,$39.61,DET 1,SAS 1,user35,1,marvalshot,14992,4669104773_35
Cade Cunningham (38128911),Quentin Grimes (38128967),Aaron Wiggins (38129293),Oshae Brissett (38129486),Walker Kessler (38129056),Jared Butler (38129166),Naz Reid (38129184),Kenrich Williams (38129703),298.26000000000005,397.6500000000001,50000,100.00%,2,128.6%,0,117.32000000000001,$5.14,PHI 3,OKC 2,user45,1,marvalshot,15051,4669104774_45
Luka Doncic (38128897),Jared Butler (38129166),Ryan Dunn (38129587),Aaron Wiggins (38129293),Kenrich Williams (38129703),Donte DiVincenzo (38129240),Zion Williamson (38128937),Jordan Goodwin (38129372),295.32,395.19,49700,100.00%,0,98.53%,0,134.07,$3.94,LAL 2,OKC 2,user9,1,marvalshot,15064,4669104775_9
AJ Johnson (38129609),Jared Butler (38129166),Ricky Council IV (38129289),Kyle Filipowski (38129156),Jaylin Williams (38129406),Luka Doncic (38128897),Aaron Wiggins (38129293),Jordan Poole (38129092),298.26000000000005,399.00000000000006,49800,100.00%,0,128.49%,0,124.97,$5.14,WAS 2,PHI 2,user48,1,marvalshot,15152,4669104776_48
Collin Sexton (38129123),Anthony Edwards (38128924),Jaime Jaquez Jr. (38129483),Paolo Banchero (38128916),Kenrich Williams (38129703),Devin Booker (38128933),Dillon Jones (38129923),Jaylin Williams (38129406),290.60857638888893,382.05971968153733,49600,95.68%,0,53.17%,0,121.78,$2.13,OKC 3,UTA 1,user40,1,marvalshot,15193,4669104777_40
Josh Giddey (38128984),Jared Butler (38129166),Deni Avdija (38129052),Bam Adebayo (38128989),Julius Randle (38129044),Ty Jerome (38129412),Dillon Jones (38129923),Jaylin Williams (38129406),295.47,394.43000000000006,49900,99.99%,0,100.11%,0,130.74,$4.0,OKC 2,CHI 1,user46,1,marvalshot,14905,4669104771_46
Tyus Jones (38129436),Anthony Edwards (38128924),Jaime Jaquez Jr. (38129483),Deni Avdija (38129052),Walker Kessler (38129056),Donovan Mitchell (38128954),Kenrich Williams (38129703),Jaylin Williams (38129406),294.01,387.7,49200,99.79%,0,86.27%,0,103.52000000000001,$3.45,OKC 2,PHX 1,user20,1,marvalshot,14928,4669104772_20
Cade Cunningham (38128911),Jared Butler (38129166),Deni Avdija (38129052),Pascal Siakam (38129000),Tristan Vukcevic (38129550),Jordan Poole (38129092),Kenrich Williams (38129703),Jaylin Williams (38129406),314.3132118055555,413.48399875051086,49900,100.00%,49405,981.92%,0,114.78999999999999,$39.28,WAS 2,OKC 2,user41,1,marvalshot,14998,4669104773_41
Cade Cunningham (38128911),Stephon Castle (38129105),Marcus Smart (38129512),Aaron Wiggins (38129293),Kenrich Williams (38129703),Isaiah Joe (38129456),Oshae Brissett (38129486),Luka Doncic (38128897),295.45,395.31,49700,99.98%,0,99.95%,0,119.43,$4.0,OKC 3,DET 1,user16,1,marvalshot,15022,4669104774_16
Quentin Grimes (38128967),Jordan Hawkins (38129650),Justin Edwards (38129408),Kenrich Williams (38129703),Nikola Jokic (38128895),Josh Giddey (38128984),Jordan Goodwin (38129372),Oshae Brissett (38129486),293.7,387.64,50000,99.91%,0,83.23%,0,123.31,$3.33,PHI 3,NOP 1,user5,1,marvalshot,15060,4669104775_5
Malik Monk (38129032),Jared Butler (38129166),Josh Hart (38129020),Aaron Wiggins (38129293),Kenrich Williams (38129703),Jalen Hood-Schifino (38129471),Deni Avdija (38129052),Jarrett Allen (38129050),298.24,387.01,49000,100.00%,0,128.33%,0,127.68999999999998,$5.13,PHI 2,OKC 2,user21,1,marvalshot,15125,4669104776_21
Jalen Hood-Schifino (38129471),Luke Kennard (38129368),Jaime Jaquez Jr. (38129483),Paolo Banchero (38128916),Jaylin Williams (38129406),Alex Caruso (38129423),Ricky Council IV (38129289),Nikola Jokic (38128895),290.0785763888889,383.3697196815373,49900,93.03%,0,47.29%,0,112.78,$1.89,PHI 2,OKC 2,user48,1,marvalshot,15201,4669104777_48
Devin Booker (38128933),Jordan Clarkson (38129163),Ricky Council IV (38129289),Bam Adebayo (38128989),Donovan Clingan (38129182),Stephon Castle (38129105),Oshae Brissett (38129486),Jaylin Williams (38129406),294.94999999999993,391.54999999999995,50000,99.92%,0,94.96%,0,93.88000000000001,$3.8,PHI 2,PHX 1,user13,1,marvalshot,14872,4669104771_13
Luka Doncic (38128897),Miles McBride (38129209),Jaime Jaquez Jr. (38129483),Oshae Brissett (38129486),Karl-Anthony Towns (38128914),Jared Butler (38129166),Dean Wade (38129710),Jaylin Williams (38129406),293.25,391.47,50000,99.68%,0,78.7%,0,103.38,$3.15,NYK 2,PHI 2,user13,1,marvalshot,14921,4669104772_13
Cade Cunningham (38128911),Quentin Grimes (38128967),Jordan Goodwin (38129372),Pascal Siakam (38129000),Jaylin Williams (38129406),Ty Jerome (38129412),Oshae Brissett (38129486),Aaron Wiggins (38129293),313.03321180555554,409.4439987505109,49800,100.00%,48085,745.27%,0,145.21,$29.81,PHI 2,OKC 2,user22,1,marvalshot,14979,4669104773_22
Cade Cunningham (38128911),Keon Ellis (38129432),Josh Giddey (38128984),Aaron Wiggins (38129293),Kevin Durant (38128943),AJ Johnson (38129609),Dillon Jones (38129923),Alexandre Sarr (38129121),293.71,383.24,50000,99.83%,0,83.04%,0,118.91999999999999,$3.32,OKC 2,WAS 2,user25,1,marvalshot,15031,4669104774_25
Anfernee Simons (38129065),Donte DiVincenzo (38129240),Deni Avdija (38129052),Aaron Wiggins (38129293),Kenrich Williams (38129703),Coby White (38129012),Ricky Council IV (38129289),Donovan Mitchell (38128954),292.53,381.71999999999997,50000,99.17%,0,72.05%,0,90.74000000000001,$2.88,POR 2,OKC 2,user29,1,marvalshot,15084,4669104775_29
Donovan Mitchell (38128954),Cameron Payne (38129765),OG Anunoby (38129069),Aaron Wiggins (38129293),Kenrich Williams (38129703),Jared Butler (38129166),Oshae Brissett (38129486),Luka Doncic (38128897),298.06,398.18,49900,100.00%,1,126.41%,0,124.38,$5.06,NYK 2,OKC 2,user29,1,marvalshot,15133,4669104776_29
Cameron Payne (38129765),Stephon Castle (38129105),Jaime Jaquez Jr. (38129483),Paolo Banchero (38128916),Jaylin Williams (38129406),Isaiah Joe (38129456),Oshae Brissett (38129486),Nikola Jokic (38128895),289.4185763888889,388.41971968153723,49400,89.20%,0,39.13%,0,104.41000000000001,$1.57,OKC 2,NYK 1,user3,1,marvalshot,15156,4669104777_3
Donovan Mitchell (38128954),Anfernee Simons (38129065),Zion Williamson (38128937),Bam Adebayo (38128989),Oshae Brissett (38129486),Jared Butler (38129166),Dillon Jones (38129923),Kenrich Williams (38129703),294.59,397.28999999999996,49900,99.91%,0,91.89%,0,116.39000000000001,$3.68,PHI 2,OKC 2,user7,1,marvalshot,14866,4669104771_7
Jared Butler (38129166),Shaedon Sharpe (38129127),Jaime Jaquez Jr. (38129483),Kenrich Williams (38129703),Jaylin Williams (38129406),Austin Reaves (38128950),Marcus Smart (38129512),Luka Doncic (38128897),292.46000000000004,386.99000000000007,49800,99.24%,0,70.97%,0,118.36,$2.84,OKC 2,LAL 2,user42,1,marvalshot,14950,4669104772_42
Cade Cunningham (38128911),Isaiah Joe (38129456),Josh Giddey (38128984),Pascal Siakam (38129000),Oshae Brissett (38129486),Anfernee Simons (38129065),Dillon Jones (38129923),Jaylin Williams (38129406),312.62321180555557,407.40399875051094,49700,100.00%,46651,704.74%,0,119.15,$28.19,OKC 3,DET 1,user46,1,marvalshot,15003,4669104773_46
Cade Cunningham (38128911),Anfernee Simons (38129065),Ricky Council IV (38129289),Oshae Brissett (38129486),Jaylin Williams (38129406),Scotty Pippen Jr. (38129353),Zion Williamson (38128937),Jalen Hood-Schifino (38129471),293.49,395.02,49000,99.65%,0,81.05%,0,120.55,$3.24,PHI 3,DET 1,user21,1,marvalshot,15027,4669104774_21
AJ Johnson (38129609),Donte DiVincenzo (38129240),Ricky Council IV (38129289),Oshae Brissett (38129486),Donovan Clingan (38129182),Donovan Mitchell (38128954),Jordan Goodwin (38129372),Luka Doncic (38128897),292.52000000000004,390.1,50000,99.23%,0,71.95%,0,96.64999999999999,$2.88,PHI 2,LAL 2,user44,1,marvalshot,15099,4669104775_44
Josh Giddey (38128984),Anthony Edwards (38128924),Jordan Goodwin (38129372),Kyle Filipowski (38129156),Jaylin Williams (38129406),CJ McCollum (38129073),Kenrich Williams (38129703),Jared Butler (38129166),297.04,390.02000000000004,49600,100.00%,0,115.34%,0,137.36,$4.61,OKC 2,CHI 1,user34,1,marvalshot,15138,4669104776_34
Devin Booker (38128933),Anfernee Simons (38129065),Jaime Jaquez Jr. (38129483),Paolo Banchero (38128916),Oshae Brissett (38129486),Jalen Hood-Schifino (38129471),Kenrich Williams (38129703),Julius Randle (38129044),288.8985763888889,378.4097196815373,49100,85.67%,0,31.75%,0,116.41999999999999,$1.27,PHI 2,PHX 1,user32,1,marvalshot,15185,4669104777_32
Luka Doncic (38128897),Isaiah Joe (38129456),Josh Giddey (38128984),Bam Adebayo (38128989),Kenrich Williams (38129703),Mike Conley (38129540),Matas Buzelis (38129399),Jaylin Williams (38129406),294.32,388.2,50000,99.92%,0,89.12%,0,106.52,$3.56,OKC 3,CHI 2,user19,1,marvalshot,14878,4669104771_19
Stephon Castle (38129105),Jared Butler (38129166),Jaime Jaquez Jr. (38129483),Kenrich Williams (38129703),Donovan Clingan (38129182),Miles McBride (38129209),Josh Giddey (38128984),Anthony Edwards (38128924),290.29,381.08000000000004,49200,94.59%,0,49.84%,0,97.03999999999999,$1.99,SAS 1,PHI 1,user40,1,marvalshot,14948,4669104772_40
Cade Cunningham (38128911),Keon Ellis (38129432),Josh Giddey (38128984),Pascal Siakam (38129000),Nikola Vucevic (38129058),Cameron Payne (38129765),Kenrich Williams (38129703),Jaylin Williams (38129406),312.7032118055555,403.01399875051084,49200,100.00%,47430,684.35%,0,117.74,$27.37,CHI 2,OKC 2,user1,1,marvalshot,14958,4669104773_1
Cade Cunningham (38128911),Jared Butler (38129166),Matisse Thybulle (38129641),Jaren Jackson Jr. (38128997),Jarrett Allen (38129050),CJ McCollum (38129073),Kenrich Williams (38129703),Jaylin Williams (38129406),291.78999999999996,386.25,49800,98.03%,0,64.46%,0,103.71000000000001,$2.58,OKC 2,DET 1,user10,1,marvalshot,15016,4669104774_10
Donovan Mitchell (38128954),Jordan Goodwin (38129372),Ricky Council IV (38129289),Oshae Brissett (38129486),Jarrett Allen (38129050),Cameron Payne (38129765),Kenrich Williams (38129703),Nikola Jokic (38128895),292.19,393.84,49300,99.29%,0,69.06%,0,118.08999999999999,$2.76,CLE 2,PHI 2,user35,1,marvalshot,15090,4669104775_35
Jalen Hood-Schifino (38129471),Malik Monk (38129032),Justin Champagnie (38129236),Ricky Council IV (38129289),Jaylin Williams (38129406),Scoot Henderson (38129224),Josh Hart (38129020),Donovan Mitchell (38128954),296.65,384.03999999999996,49600,100.00%,1,112.0%,0,103.91,$4.48,PHI 2,SAC 1,user31,1,marvalshot,15135,4669104776_31
Stephon Castle (38129105),Donovan Mitchell (38128954),Jaime Jaquez Jr. (38129483),Paolo Banchero (38128916),Kenrich Williams (38129703),Josh Giddey (38128984),Dillon Jones (38129923),Naz Reid (38129184),288.4285763888889,380.3397196815373,49800,81.49%,0,24.55%,0,94.94,$0.98,OKC 2,SAS 1,user2,1,marvalshot,15155,4669104777_2
Jalen Hood-Schifino (38129471),Anfernee Simons (38129065),Josh Giddey (38128984),Bam Adebayo (38128989),Donovan Clingan (38129182),Jared Butler (38129166),Aaron Wiggins (38129293),Scotty Pippen Jr. (38129353),293.36,388.81,50000,99.69%,0,79.88%,0,116.11,$3.2,PHI 2,POR 2,user32,1,marvalshot,14891,4669104771_32
Keyonte George (38129109),Jared Butler (38129166),Jaime Jaquez Jr. (38129483),Oshae Brissett (38129486),Kevin Durant (38128943),Scoot Henderson (38129224),Aaron Wiggins (38129293),Donovan Mitchell (38128954),290.02,388.59,49400,93.25%,0,46.75%,0,103.07999999999998,$1.87,PHI 2,UTA 1,user19,1,marvalshot,14927,4669104772_19
Cade Cunningham (38128911),Jared Butler (38129166),Jordan Goodwin (38129372),Pascal Siakam (38129000),Oshae Brissett (38129486),Keyonte George (38129109),Kenrich Williams (38129703),Nikola Vucevic (38129058),311.4232118055555,409.14399875051083,49900,100.00%,43408,545.32%,0,116.48,$21.81,PHI 2,DET 1,user45,1,marvalshot,15002,4669104773_45
Cade Cunningham (38128911),Jordan Goodwin (38129372),Josh Giddey (38128984),De'Andre Hunter (38129230),Donovan Clingan (38129182),Isaiah Collier (38129175),Aaron Wiggins (38129293),Jaylin Williams (38129406),291.58,383.94,50000,98.21%,0,62.65%,0,114.42999999999999,$2.51,OKC 2,DET 1,user43,1,marvalshot,15049,4669104774_43
Luka Doncic (38128897),Jordan Goodwin (38129372),Aaron Wiggins (38129293),Jaren Jackson Jr. (38128997),Jonas Valanciunas (38129048),Donte DiVincenzo (38129240),Kenrich Williams (38129703),Mitchell Robinson (38129701),292.01,390.74,49900,98.83%,0,66.88%,0,104.94,$2.68,LAL 2,OKC 2,user48,1,marvalshot,15103,4669104775_48
Jared Butler (38129166),Stephon Castle (38129105),Ryan Dunn (38129587),Aaron Wiggins (38129293),Evan Mobley (38128963),Devin Booker (38128933),Kenrich Williams (38129703),Julius Randle (38129044),296.61,390.88,49900,100.00%,0,111.17%,0,115.1,$4.45,PHX 2,OKC 2,user46,1,marvalshot,15150,4669104776_46
Ty Jerome (38129412),Jordan Goodwin (38129372),Jaime Jaquez Jr. (38129483),Paolo Banchero (38128916),Kenrich Williams (38129703),Josh Giddey (38128984),Josh Hart (38129020),Nikola Vucevic (38129058),288.3485763888889,376.81971968153726,49800,81.81%,0,24.54%,0,117.72,$0.98,CHI 2,CLE 1,user14,1,marvalshot,15167,4669104777_14
Donovan Mitchell (38128954),Stephon Castle (38129105),Deni Avdija (38129052),Bam Adebayo (38128989),Kenrich Williams (38129703),Donte DiVincenzo (38129240),Ricky Council IV (38129289),Oshae Brissett (38129486),293.28000000000003,387.98,49100,99.59%,0,79.23%,0,89.05,$3.17,PHI 2,CLE 1,user30,1,marvalshot,14889,4669104771_30
Jalen Hood-Schifino (38129471),Austin Reaves (38128950),Jaime Jaquez Jr. (38129483),Julius Randle (38129044),Jaylin Williams (38129406),Jared Butler (38129166),Aaron Gordon (38129263),Jaren Jackson Jr. (38128997),289.15,382.28,49100,86.54%,0,34.18%,0,112.8,$1.37,PHI 2,LAL 1,user23,1,marvalshot,14931,4669104772_23
Cade Cunningham (38128911),Austin Reaves (38128950),Jaden McDaniels (38129132),Pascal Siakam (38129000),Oshae Brissett (38129486),Tyus Jones (38129436),Kenrich Williams (38129703),Jaylin Williams (38129406),310.4832118055556,400.15399875051094,49900,100.00%,38014,471.93%,0,111.91,$18.88,OKC 2,DET 1,user42,1,marvalshot,14999,4669104773_42
Cade Cunningham (38128911),Coby White (38129012),Jordan Goodwin (38129372),Oshae Brissett (38129486),Jaylin Williams (38129406),Jose Alvarado (38129350),Josh Giddey (38128984),Ty Jerome (38129412),291.44,384.99,49100,98.04%,0,61.64%,0,134.37,$2.47,CHI 2,DET 1,user,1,marvalshot,13753,4669104774
Jalen Hood-Schifino (38129471),Jared Butler (38129166),Jordan Goodwin (38129372),Ricky Council IV (38129289),Kevin Durant (38128943),CJ McCollum (38129073),Aaron Gordon (38129263),Josh Giddey (38128984),291.4,380.35,49900,98.32%,0,61.25%,0,122.05000000000001,$2.45,PHI 3,LAL 1,user38,1,marvalshot,15093,4669104775_38
Jordan Poole (38129092),Jared Butler (38129166),Deni Avdija (38129052),Aaron Wiggins (38129293),Nick Richards (38129477),Luka Doncic (38128897),Dillon Jones (38129923),Jaylin Williams (38129406),296.2,400.51,49500,99.99%,0,107.05%,0,127.19,$4.28,OKC 3,WAS 1,user23,1,marvalshot,15127,4669104776_23
Keyonte George (38129109),Stephon Castle (38129105),Jaime Jaquez Jr. (38129483),Paolo Banchero (38128916),Walker Kessler (38129056),Anfernee Simons (38129065),Oshae Brissett (38129486),Jaylin Williams (38129406),288.24857638888886,382.3697196815373,50000,78.08%,0,19.67%,0,79.62,$0.79,UTA 2,SAS 1,user23,1,marvalshot,15176,4669104777_23
Jared Butler (38129166),Anthony Edwards (38128924),Josh Giddey (38128984),Bam Adebayo (38128989),Mitchell Robinson (38129701),Stephon Castle (38129105),Oshae Brissett (38129486),Kenrich Williams (38129703),293.12,390.36,49500,99.67%,0,77.73%,0,106.11000000000001,$3.11,PHI 2,MIN 1,user35,1,marvalshot,14894,4669104771_35
Jalen Hood-Schifino (38129471),Anfernee Simons (38129065),Jaime Jaquez Jr. (38129483),Dillon Jones (38129923),Nikola Jokic (38128895),Jordan Poole (38129092),Josh Giddey (38128984),Kenrich Williams (38129703),288.77,386.83,49800,85.54%,0,31.03%,0,131.28,$1.24,OKC 2,PHI 1,user44,1,marvalshot,14952,4669104772_44
Cade Cunningham (38128911),Mikal Bridges (38129141),DeMar DeRozan (38129006),Pascal Siakam (38129000),Kenrich Williams (38129703),Jordan Goodwin (38129372),Ricky Council IV (38129289),Oshae Brissett (38129486),309.31321180555557,394.9139987505109,49800,100.00%,30606,396.76%,0,106.72999999999999,$15.87,PHI 2,DET 1,user15,1,marvalshot,14972,4669104773_15
Cade Cunningham (38128911),Devin Booker (38128933),Jaylen Martin (38129659),Dillon Jones (38129923),Jaylin Williams (38129406),Cameron Payne (38129765),Oshae Brissett (38129486),Luka Doncic (38128897),291.3,393.20000000000005,49800,97.08%,0,59.81%,0,111.67999999999999,$2.39,OKC 2,DET 1,user5,1,marvalshot,15011,4669104774_5
Ty Jerome (38129412),Collin Gillespie (38129753),Aaron Wiggins (38129293),Dillon Jones (38129923),Nikola Jokic (38128895),Luka Doncic (38128897),Ricky Council IV (38129289),Kenrich Williams (38129703),291.09000000000003,394.54,49400,97.85%,0,58.49%,0,163.23000000000002,$2.34,OKC 3,CLE 1,user21,1,marvalshot,15076,4669104775_21
Scotty Pippen Jr. (38129353),Jordan Goodwin (38129372),Jaden McDaniels (38129132),Kenrich Williams (38129703),Jaylin Williams (38129406),Ty Jerome (38129412),Evan Mobley (38128963),Nikola Jokic (38128895),295.81,394.51,49800,100.00%,0,103.38%,0,142.54,$4.14,OKC 2,CLE 2,user8,1,marvalshot,15112,4669104776_8
Cameron Payne (38129765),Mikal Bridges (38129141),Jaime Jaquez Jr. (38129483),Paolo Banchero (38128916),Oshae Brissett (38129486),Jared Butler (38129166),Kenrich Williams (38129703),Nikola Jokic (38128895),286.7685763888889,382.6397196815373,49400,61.23%,0,-7.78%,0,111.21000000000001,$-0.31,NYK 2,PHI 2,user18,1,marvalshot,15170,4669104777_18
Jose Alvarado (38129350),Devin Booker (38128933),Ricky Council IV (38129289),Bam Adebayo (38128989),Kenrich Williams (38129703),Quentin Grimes (38128967),Dillon Jones (38129923),Jonas Valanciunas (38129048),292.62,385.28,49800,99.06%,0,72.9%,0,95.2,$2.92,PHI 2,OKC 2,user11,1,marvalshot,14870,4669104771_11
Keyonte George (38129109),Jamal Murray (38129028),Jaime Jaquez Jr. (38129483),Ricky Council IV (38129289),Jaylin Williams (38129406),Tyus Jones (38129436),Josh Giddey (38128984),Donovan Mitchell (38128954),288.33,380.91999999999996,50000,79.18%,0,21.18%,0,87.5,$0.85,UTA 1,DEN 1,user36,1,marvalshot,14944,4669104772_36
Cade Cunningham (38128911),Anthony Edwards (38128924),Justin Champagnie (38129236),Pascal Siakam (38129000),Oshae Brissett (38129486),Cameron Payne (38129765),Aaron Wiggins (38129293),Jaylin Williams (38129406),307.6832118055555,405.1539987505108,49900,100.00%,18497,319.81%,0,114.92,$12.79,OKC 2,DET 1,user6,1,marvalshot,14963,4669104773_6
Cade Cunningham (38128911),Donovan Mitchell (38128954),Jordan Goodwin (38129372),Dillon Jones (38129923),Evan Mobley (38128963),Cameron Payne (38129765),Kenrich Williams (38129703),Jaren Jackson Jr. (38128997),290.75,387.97,49900,96.02%,0,54.7%,0,106.22,$2.19,CLE 2,OKC 2,user47,1,marvalshot,15053,4669104774_47
Scoot Henderson (38129224),Miles McBride (38129209),Alex Caruso (38129423),Oshae Brissett (38129486),Jaylin Williams (38129406),Luka Doncic (38128897),Evan Mobley (38128963),Isaiah Joe (38129456),290.92,387.09000000000003,49800,95.88%,0,56.22%,0,94.02,$2.25,OKC 3,POR 1,user,1,marvalshot,13754,4669104775
Jared Butler (38129166),Donte DiVincenzo (38129240),Josh Giddey (38128984),Oshae Brissett (38129486),Karl-Anthony Towns (38128914),AJ Johnson (38129609),Deni Avdija (38129052),Jordan Goodwin (38129372),295.19,392.06,49400,99.99%,0,97.22%,0,116.37,$3.89,PHI 2,MIN 1,user33,1,marvalshot,15137,4669104776_33
Luka Doncic (38128897),Jordan Hawkins (38129650),Jaime Jaquez Jr. (38129483),Paolo Banchero (38128916),Trey Lyles (38129621),Jared Butler (38129166),Kenrich Williams (38129703),Julius Randle (38129044),285.2985763888889,377.4797196815373,49900,39.03%,0,-41.33%,0,92.25999999999999,$-1.65,LAL 1,NOP 1,user13,1,marvalshot,15166,4669104777_13
Anfernee Simons (38129065),Jared Butler (38129166),Josh Hart (38129020),Bam Adebayo (38128989),Jonas Valanciunas (38129048),Jordan Goodwin (38129372),Oshae Brissett (38129486),Jalen Hood-Schifino (38129471),292.21,388.73999999999995,50000,99.01%,0,69.18%,0,113.08,$2.77,PHI 3,POR 1,user8,1,marvalshot,14867,4669104771_8
Stephon Castle (38129105),Jordan Goodwin (38129372),Jaime Jaquez Jr. (38129483),Kenrich Williams (38129703),Donovan Clingan (38129182),Donovan Mitchell (38128954),Zion Williamson (38128937),Deni Avdija (38129052),287.64,385.48,49800,72.39%,0,9.81%,0,90.94,$0.39,POR 2,SAS 1,user29,1,marvalshot,14937,4669104772_29
Cade Cunningham (38128911),Stephon Castle (38129105),Nickeil Alexander-Walker (38129630),Pascal Siakam (38129000),Jaylin Williams (38129406),Scotty Pippen Jr. (38129353),Kenrich Williams (38129703),Devin Booker (38128933),307.5532118055555,397.7039987505109,50000,100.00%,17403,312.18%,0,100.25,$12.49,OKC 2,DET 1,user25,1,marvalshot,14982,4669104773_25
Cade Cunningham (38128911),Collin Gillespie (38129753),Ricky Council IV (38129289),Josh Hart (38129020),Kenrich Williams (38129703),Jordan Goodwin (38129372),Jaren Jackson Jr. (38128997),Jonas Valanciunas (38129048),290.49,385.38,49800,95.00%,0,51.71%,0,109.66,$2.07,DET 1,PHX 1,user32,1,marvalshot,15038,4669104774_32
Scoot Henderson (38129224),Jordan Goodwin (38129372),Aaron Wiggins (38129293),Kevin Durant (38128943),Jonas Valanciunas (38129048),Austin Reaves (38128950),Oshae Brissett (38129486),Scotty Pippen Jr. (38129353),290.8,385.91,49700,95.85%,0,54.94%,0,103.53999999999999,$2.2,LAL 2,POR 1,user17,1,marvalshot,15072,4669104775_17
Devin Booker (38128933),Jared Butler (38129166),Ricky Council IV (38129289),Kenrich Williams (38129703),Karl-Anthony Towns (38128914),Carlton Carrington (38129259),Guerschon Yabusele (38129220),Aaron Wiggins (38129293),293.29,385.53000000000003,49400,99.77%,0,79.06%,0,118.75999999999999,$3.16,PHI 3,OKC 2,user25,1,marvalshot,15129,4669104776_25
Jalen Hood-Schifino (38129471),Jamal Murray (38129028),Jaime Jaquez Jr. (38129483),Paolo Banchero (38128916),Chet Holmgren (38129040),Donovan Mitchell (38128954),Dillon Jones (38129923),Jaylin Williams (38129406),285.26857638888885,377.81971968153726,50000,38.71%,0,-41.74%,0,109.58000000000001,$-1.67,OKC 3,PHI 1,user49,1,marvalshot,15202,4669104777_49
Jared Butler (38129166),Collin Gillespie (38129753),Justin Edwards (38129408),Bam Adebayo (38128989),Jaylin Williams (38129406),Donovan Mitchell (38128954),Josh Giddey (38128984),Donovan Clingan (38129182),292.08,387.45,50000,98.61%,0,67.56%,0,111.79,$2.7,PHI 2,PHX 1,user3,1,marvalshot,14860,4669104771_3
Devin Booker (38128933),Jordan Goodwin (38129372),Jaime Jaquez Jr. (38129483),Aaron Wiggins (38129293),Donovan Clingan (38129182),Jared Butler (38129166),Shaedon Sharpe (38129127),Evan Mobley (38128963),287.55,380.56,50000,71.75%,0,8.47%,0,106.21999999999998,$0.34,POR 2,PHX 1,user38,1,marvalshot,14946,4669104772_38
Cade Cunningham (38128911),Cameron Payne (38129765),Josh Giddey (38128984),Pascal Siakam (38129000),Jaylin Williams (38129406),Anfernee Simons (38129065),Oshae Brissett (38129486),Isaiah Joe (38129456),307.28321180555554,402.5239987505109,49800,100.00%,16033,304.35%,0,102.75,$12.17,OKC 2,DET 1,user21,1,marvalshot,14978,4669104773_21
Cade Cunningham (38128911),CJ McCollum (38129073),Zion Williamson (38128937),Kenrich Williams (38129703),Oso Ighodaro (38129507),Anfernee Simons (38129065),Aaron Wiggins (38129293),Jaylin Williams (38129406),289.86,385.69,50000,92.26%,0,44.69%,0,111.21000000000001,$1.79,OKC 3,NOP 2,user9,1,marvalshot,15015,4669104774_9
Donte DiVincenzo (38129240),Jordan Goodwin (38129372),Ricky Council IV (38129289),Zion Williamson (38128937),Jaylin Williams (38129406),Josh Giddey (38128984),Naz Reid (38129184),Alexandre Sarr (38129121),289.94,388.13,49700,92.52%,0,45.34%,0,101.62,$1.81,MIN 2,LAL 1,user49,1,marvalshot,15104,4669104775_49
Ty Jerome (38129412),Anthony Edwards (38128924),Josh Giddey (38128984),Kenrich Williams (38129703),Chet Holmgren (38129040),Stephon Castle (38129105),Ricky Council IV (38129289),Aaron Wiggins (38129293),292.5,390.22,50000,99.39%,0,71.64%,0,123.87,$2.87,OKC 3,CLE 1,user40,1,marvalshot,15144,4669104776_40
Donovan Mitchell (38128954),Jordan Goodwin (38129372),Jaime Jaquez Jr. (38129483),Paolo Banchero (38128916),Walker Kessler (38129056),Jalen Hood-Schifino (38129471),Aaron Wiggins (38129293),Naz Reid (38129184),284.6285763888889,376.3697196815373,49900,29.87%,0,-55.14%,0,105.13,$-2.21,CLE 1,LAL 1,user41,1,marvalshot,15194,4669104777_41
Jose Alvarado (38129350),Jared Butler (38129166),Ricky Council IV (38129289),Bam Adebayo (38128989),Kenrich Williams (38129703),Quentin Grimes (38128967),Ryan Dunn (38129587),Karl-Anthony Towns (38128914),291.95,384.90999999999997,49700,98.41%,0,66.42%,0,96.95,$2.66,PHI 3,NOP 1,user10,1,marvalshot,14869,4669104771_10
Jalen Hood-Schifino (38129471),Landry Shamet (38129682),Jaime Jaquez Jr. (38129483),Jaren Jackson Jr. (38128997),Kenrich Williams (38129703),Donovan Mitchell (38128954),Josh Giddey (38128984),Devin Booker (38128933),286.22,376.11,49900,52.26%,0,-21.35%,0,108.37,$-0.85,PHI 1,NYK 1,user17,1,marvalshot,14925,4669104772_17
Cade Cunningham (38128911),Jared Butler (38129166),Ricky Council IV (38129289),Pascal Siakam (38129000),Kenrich Williams (38129703),Malik Monk (38129032),Dillon Jones (38129923),Kyle Filipowski (38129156),306.22321180555554,395.7039987505109,49500,100.00%,9218,264.61%,0,105.72999999999999,$10.58,PHI 2,OKC 2,user16,1,marvalshot,14973,4669104773_16
Cade Cunningham (38128911),Jared Butler (38129166),Deni Avdija (38129052),Oshae Brissett (38129486),Trey Lyles (38129621),Josh Giddey (38128984),Ricky Council IV (38129289),Donte DiVincenzo (38129240),289.81,386.24,49800,92.17%,0,44.21%,0,90.85000000000001,$1.77,PHI 3,DET 1,user29,1,marvalshot,15035,4669104774_29
Alex Caruso (38129423),Jordan Goodwin (38129372),Deni Avdija (38129052),Trey Lyles (38129621),Jaylin Williams (38129406),Anthony Edwards (38128924),Ricky Council IV (38129289),Karl-Anthony Towns (38128914),289.21999999999997,384.0799999999999,49000,87.69%,0,36.03%,0,98.95,$1.44,OKC 2,LAL 1,user13,1,marvalshot,15068,4669104775_13
Jalen Hood-Schifino (38129471),Donte DiVincenzo (38129240),Aaron Wiggins (38129293),Justin Champagnie (38129236),Nikola Jokic (38128895),Jared Butler (38129166),Ricky Council IV (38129289),Scoot Henderson (38129224),291.93000000000006,389.76000000000005,49700,98.82%,0,66.3%,0,124.52999999999999,$2.65,PHI 3,MIN 1,user15,1,marvalshot,15119,4669104776_15
Luka Doncic (38128897),Jared Butler (38129166),Jaime Jaquez Jr. (38129483),Paolo Banchero (38128916),Brandon Clarke (38129543),AJ Johnson (38129609),Kenrich Williams (38129703),Keyonte George (38129109),283.8385763888889,378.43971968153727,49400,20.36%,0,-69.44%,0,94.9,$-2.78,LAL 1,PHI 1,user7,1,marvalshot,15160,4669104777_7
Scoot Henderson (38129224),Vince Williams Jr. (38129582),Justin Champagnie (38129236),Bam Adebayo (38128989),Jaylin Williams (38129406),Donovan Mitchell (38128954),Kenrich Williams (38129703),Karl-Anthony Towns (38128914),291.85999999999996,386.98999999999995,49700,98.15%,0,65.5%,0,97.83,$2.62,OKC 2,POR 1,user14,1,marvalshot,14873,4669104771_14
Jose Alvarado (38129350),Jordan Goodwin (38129372),Jaime Jaquez Jr. (38129483),Jaden McDaniels (38129132),Nikola Jokic (38128895),Scoot Henderson (38129224),Kenrich Williams (38129703),Jaren Jackson Jr. (38128997),285.6,379.19000000000005,50000,42.51%,0,-36.1%,0,99.38,$-1.44,NOP 1,LAL 1,user31,1,marvalshot,14939,4669104772_31
Cade Cunningham (38128911),Stephon Castle (38129105),Aaron Wiggins (38129293),Pascal Siakam (38129000),Kenrich Williams (38129703),AJ Johnson (38129609),Zion Williamson (38128937),Nick Richards (38129477),305.62321180555557,404.6239987505109,50000,100.00%,6992,248.88%,0,101.84,$9.96,OKC 2,DET 1,user10,1,marvalshot,14967,4669104773_10
Cade Cunningham (38128911),Anfernee Simons (38129065),Josh Giddey (38128984),Dillon Jones (38129923),Rudy Gobert (38129178),Stephon Castle (38129105),Kenrich Williams (38129703),Naz Reid (38129184),288.79,382.28000000000003,49900,84.24%,0,29.56%,0,90.65,$1.18,OKC 2,MIN 2,user41,1,marvalshot,15047,4669104774_41
Jalen Hood-Schifino (38129471),Desmond Bane (38128930),Josh Giddey (38128984),Trey Lyles (38129621),Alexandre Sarr (38129121),Jared Butler (38129166),OG Anunoby (38129069),Jaylin Williams (38129406),288.9,378.5,49600,84.95%,0,30.81%,0,116.35,$1.23,PHI 2,MEM 1,user16,1,marvalshot,15071,4669104775_16
Jared Butler (38129166),Anthony Edwards (38128924),Justin Champagnie (38129236),Oshae Brissett (38129486),Kenrich Williams (38129703),Devin Booker (38128933),Jaren Jackson Jr. (38128997),Trey Lyles (38129621),291.72,386.74,49200,98.47%,0,64.22%,0,111.95,$2.57,PHI 2,MIN 1,user37,1,marvalshot,15141,4669104776_37
Luka Doncic (38128897),Colby Jones (38129745),Jaime Jaquez Jr. (38129483),Paolo Banchero (38128916),Nikola Vucevic (38129058),Tyus Jones (38129436),Oshae Brissett (38129486),Jaylin Williams (38129406),282.8185763888889,377.7497196815373,49700,12.81%,0,-80.77%,0,89.28999999999999,$-3.23,LAL 1,WAS 1,user16,1,marvalshot,15169,4669104777_16
Miles McBride (38129209),Stephon Castle (38129105),Mikal Bridges (38129141),Bam Adebayo (38128989),Jaylin Williams (38129406),Josh Giddey (38128984),Kenrich Williams (38129703),Kyle Filipowski (38129156),290.88,377.07,49500,96.10%,0,55.75%,0,94.96,$2.23,NYK 2,OKC 2,user31,1,marvalshot,14890,4669104771_31
Keyonte George (38129109),Jared Butler (38129166),Jaime Jaquez Jr. (38129483),Deni Avdija (38129052),Nikola Jokic (38128895),Scotty Pippen Jr. (38129353),Dillon Jones (38129923),Aaron Wiggins (38129293),285.22999999999996,388.15,49800,37.55%,0,-43.58%,0,110.32,$-1.74,OKC 2,UTA 1,user10,1,marvalshot,14918,4669104772_10
Cade Cunningham (38128911),Jordan Hawkins (38129650),Josh Hart (38129020),Pascal Siakam (38129000),Naz Reid (38129184),Jordan Poole (38129092),Kenrich Williams (38129703),Jaylin Williams (38129406),305.51321180555556,397.2239987505109,50000,100.00%,6550,245.93%,0,95.58000000000001,$9.84,OKC 2,DET 1,user24,1,marvalshot,14981,4669104773_24
Cade Cunningham (38128911),Jared Butler (38129166),Josh Giddey (38128984),Dillon Jones (38129923),Trey Lyles (38129621),Russell Westbrook (38129062),Julius Randle (38129044),Jaylin Williams (38129406),288.26,384.49,50000,78.69%,0,20.17%,0,109.44999999999999,$0.81,OKC 2,DET 1,user18,1,marvalshot,15024,4669104774_18
Mike Conley (38129540),Jordan Goodwin (38129372),Aaron Wiggins (38129293),Ricky Council IV (38129289),Nikola Jokic (38128895),Jared Butler (38129166),Dillon Jones (38129923),Jaren Jackson Jr. (38128997),288.65,387.99,49000,84.60%,0,29.21%,0,127.38,$1.17,OKC 2,PHI 2,user45,1,marvalshot,15100,4669104775_45
Ty Jerome (38129412),Devin Booker (38128933),Jordan Goodwin (38129372),Jaren Jackson Jr. (38128997),Kenrich Williams (38129703),Austin Reaves (38128950),Jeremy Sochan (38129346),Jared Butler (38129166),290.93,382.42,49800,96.98%,0,56.66%,0,125.05,$2.27,LAL 2,CLE 1,user49,1,marvalshot,15153,4669104776_49
Donovan Mitchell (38128954),Anthony Edwards (38128924),Jaime Jaquez Jr. (38129483),Paolo Banchero (38128916),Kenrich Williams (38129703),Keyonte George (38129109),Ryan Dunn (38129587),Oshae Brissett (38129486),282.0485763888889,375.64971968153725,49600,7.26%,0,-89.11%,0,90.3,$-3.56,CLE 1,MIN 1,user21,1,marvalshot,15174,4669104777_21
Ty Jerome (38129412),Christian Braun (38129170),Josh Hart (38129020),Bam Adebayo (38128989),Oshae Brissett (38129486),Jared Butler (38129166),DeMar DeRozan (38129006),Jaylin Williams (38129406),290.45,381.22,49900,94.28%,0,51.12%,0,114.41,$2.04,PHI 2,CLE 1,user12,1,marvalshot,14871,4669104771_12
Stephon Castle (38129105),Jordan Goodwin (38129372),Jaime Jaquez Jr. (38129483),Evan Mobley (38128963),Kevin Durant (38128943),Isaiah Collier (38129175),Kenrich Williams (38129703),Julius Randle (38129044),285.11,374.59000000000003,49800,35.99%,0,-45.93%,0,87.32,$-1.84,SAS 1,LAL 1,user16,1,marvalshot,14924,4669104772_16
Cade Cunningham (38128911),Jared Butler (38129166),Ricky Council IV (38129289),Pascal Siakam (38129000),Jaylin Williams (38129406),Jordan Poole (38129092),Justin Champagnie (38129236),Tristan Vukcevic (38129550),305.08321180555555,403.1339987505109,49900,100.00%,4395,232.61%,0,97.32,$9.3,WAS 3,PHI 2,user2,1,marvalshot,14959,4669104773_2
Cade Cunningham (38128911),Devin Booker (38128933),Jaylen Martin (38129659),Oshae Brissett (38129486),Kenrich Williams (38129703),Collin Gillespie (38129753),Jaren Jackson Jr. (38128997),Josh Giddey (38128984),287.45,383.89,49800,70.35%,0,6.38%,0,115.7,$0.26,PHX 2,DET 1,user35,1,marvalshot,15041,4669104774_35
Austin Reaves (38128950),Devin Carter (38129830),Zion Williamson (38128937),Evan Mobley (38128963),Jonas Valanciunas (38129048),Jordan Goodwin (38129372),Kenrich Williams (38129703),Jaylin Williams (38129406),287.65999999999997,385.0,49800,72.44%,0,9.93%,0,104.35000000000001,$0.4,LAL 2,SAC 2,user3,1,marvalshot,15058,4669104775_3
Donovan Mitchell (38128954),Stephon Castle (38129105),Aaron Wiggins (38129293),Jaren Jackson Jr. (38128997),Jaylin Williams (38129406),Julian Champagnie (38129545),Zion Williamson (38128937),Dillon Jones (38129923),290.96999999999997,392.08,49600,96.32%,0,56.57%,0,107.12,$2.26,OKC 3,SAS 2,user,1,marvalshot,13756,4669104776
Jose Alvarado (38129350),Jared Butler (38129166),Jaime Jaquez Jr. (38129483),Paolo Banchero (38128916),Jaxson Hayes (38129306),Anthony Edwards (38128924),Justin Champagnie (38129236),Jaylin Williams (38129406),281.4785763888889,369.8497196815373,49000,5.27%,0,-92.09%,0,90.83000000000001,$-3.68,NOP 1,PHI 1,user5,1,marvalshot,15158,4669104777_5
Tyus Jones (38129436),Jared Butler (38129166),Jordan Goodwin (38129372),Bam Adebayo (38128989),Karl-Anthony Towns (38128914),Keyonte George (38129109),Kelly Olynyk (38129270),Jaylin Williams (38129406),288.75,386.3,49900,83.44%,0,28.4%,0,106.09,$1.14,PHX 1,PHI 1,user,1,marvalshot,13750,4669104771
Scotty Pippen Jr. (38129353),Donte DiVincenzo (38129240),Jaime Jaquez Jr. (38129483),Kenrich Williams (38129703),Evan Mobley (38128963),Anthony Edwards (38128924),Aaron Wiggins (38129293),Zion Williamson (38128937),284.46000000000004,383.15000000000003,49900,27.46%,0,-58.76%,0,95.72,$-2.35,MIN 2,OKC 2,user18,1,marvalshot,14926,4669104772_18
Cade Cunningham (38128911),Jordan Goodwin (38129372),Aaron Wiggins (38129293),Pascal Siakam (38129000),Kelly Olynyk (38129270),Desmond Bane (38128930),Kenrich Williams (38129703),Oshae Brissett (38129486),304.7432118055556,396.3039987505109,49800,100.00%,3141,223.84%,0,126.74,$8.95,OKC 2,DET 1,user49,1,marvalshot,15006,4669104773_49
Cade Cunningham (38128911),Anthony Edwards (38128924),Justin Champagnie (38129236),Ryan Dunn (38129587),Jaylin Williams (38129406),Collin Gillespie (38129753),Josh Giddey (38128984),Aaron Wiggins (38129293),287.44,381.66,49600,69.89%,0,5.72%,0,130.21,$0.23,PHX 2,OKC 2,user7,1,marvalshot,15013,4669104774_7
AJ Johnson (38129609),Jordan Goodwin (38129372),Josh Giddey (38128984),Matas Buzelis (38129399),Kenrich Williams (38129703),Luka Doncic (38128897),Jaylen Martin (38129659),Anthony Edwards (38128924),286.28999999999996,379.16999999999996,49800,53.77%,0,-19.13%,0,104.47,$-0.77,WAS 2,LAL 2,user22,1,marvalshot,15077,4669104775_22
Luka Doncic (38128897),Donte DiVincenzo (38129240),Ricky Council IV (38129289),Kenrich Williams (38129703),Jaylin Williams (38129406),Russell Westbrook (38129062),Justin Champagnie (38129236),Jordan Poole (38129092),290.67,385.38,50000,95.29%,0,53.32%,0,104.61000000000001,$2.13,OKC 2,WAS 2,user4,1,marvalshot,15108,4669104776_4
Jalen Hood-Schifino (38129471),Jared Butler (38129166),Jaime Jaquez Jr. (38129483),Paolo Banchero (38128916),Karl-Anthony Towns (38128914),Christian Braun (38129170),Kenrich Williams (38129703),Kyle Filipowski (38129156),281.58857638888884,371.1897196815372,49400,4.74%,0,-92.89%,0,107.19,$-3.72,PHI 2,MIA 1,user42,1,marvalshot,15195,4669104777_42
Ty Jerome (38129412),Donte DiVincenzo (38129240),Aaron Wiggins (38129293),Bam Adebayo (38128989),Kenrich Williams (38129703),Luka Doncic (38128897),Dillon Jones (38129923),Chet Holmgren (38129040),286.59999999999997,386.33,49800,58.09%,0,-12.46%,0,126.62,$-0.5,OKC 4,CLE 1,user20,1,marvalshot,14879,4669104771_20
Alex Caruso (38129423),Keon Ellis (38129432),Jaime Jaquez Jr. (38129483),Kenrich Williams (38129703),Nikola Jokic (38128895),Cameron Payne (38129765),Jordan Goodwin (38129372),Luka Doncic (38128897),283.76,379.64,49500,18.30%,0,-72.54%,0,116.88,$-2.9,OKC 2,LAL 2,user39,1,marvalshot,14947,4669104772_39
Cade Cunningham (38128911),Jordan Goodwin (38129372),Deni Avdija (38129052),Pascal Siakam (38129000),Kenrich Williams (38129703),Jared Butler (38129166),Julian Champagnie (38129545),Alexandre Sarr (38129121),304.1532118055556,395.103998750511,49600,100.00%,2091,211.13%,0,107.18,$8.45,DET 1,LAL 1,user26,1,marvalshot,14983,4669104773_26
Cade Cunningham (38128911),Jordan Goodwin (38129372),Zion Williamson (38128937),Justin Edwards (38129408),Oshae Brissett (38129486),Jared Butler (38129166),Dillon Jones (38129923),Jaren Jackson Jr. (38128997),287.2,388.69,49900,66.23%,0,0.15%,0,110.88,$0.01,PHI 3,DET 1,user4,1,marvalshot,15010,4669104774_4
Collin Sexton (38129123),Donovan Mitchell (38128954),Deni Avdija (38129052),Kevin Durant (38128943),Jaylin Williams (38129406),Scotty Pippen Jr. (38129353),Ryan Dunn (38129587),Aaron Wiggins (38129293),284.59,379.84999999999997,49800,30.06%,0,-54.84%,0,100.89,$-2.19,PHX 2,OKC 2,user40,1,marvalshot,15095,4669104775_40
Donovan Mitchell (38128954),Stephon Castle (38129105),Jordan Goodwin (38129372),Oshae Brissett (38129486),Jaylin Williams (38129406),Devin Booker (38128933),Chet Holmgren (38129040),Marcus Smart (38129512),290.21000000000004,388.51000000000005,49700,93.82%,0,48.49%,0,110.33,$1.94,OKC 2,CLE 1,user24,1,marvalshot,15128,4669104776_24
Collin Gillespie (38129753),Jared Butler (38129166),Jaime Jaquez Jr. (38129483),Paolo Banchero (38128916),Karl-Anthony Towns (38128914),Isaiah Joe (38129456),Oshae Brissett (38129486),Evan Mobley (38128963),281.1685763888889,378.14971968153725,49900,3.73%,0,-94.4%,0,100.36,$-3.78,PHI 2,PHX 1,user15,1,marvalshot,15168,4669104777_15
Stephon Castle (38129105),Jordan Hawkins (38129650),Aaron Wiggins (38129293),Bam Adebayo (38128989),Kenrich Williams (38129703),Jordan Poole (38129092),Evan Mobley (38128963),Jarrett Allen (38129050),284.75,378.77,49600,32.27%,0,-51.51%,0,86.5,$-2.06,OKC 2,CLE 2,user42,1,marvalshot,14901,4669104771_42
Keyonte George (38129109),Jordan Clarkson (38129163),Jaime Jaquez Jr. (38129483),Josh Hart (38129020),Kenrich Williams (38129703),Josh Giddey (38128984),Kevin Durant (38128943),Oshae Brissett (38129486),283.71000000000004,376.45000000000005,49700,18.17%,0,-72.74%,0,95.39,$-2.91,UTA 2,MIA 1,user9,1,marvalshot,14917,4669104772_9
Cade Cunningham (38128911),Isaiah Joe (38129456),Aaron Wiggins (38129293),Pascal Siakam (38129000),Tristan Vukcevic (38129550),Keyonte George (38129109),Kenrich Williams (38129703),Evan Mobley (38128963),303.20321180555555,399.85399875051087,49900,100.00%,1198,195.11%,0,94.25,$7.8,OKC 3,DET 1,user23,1,marvalshot,14980,4669104773_23
Cade Cunningham (38128911),Donovan Mitchell (38128954),Julian Champagnie (38129545),Oshae Brissett (38129486),Nikola Vucevic (38129058),AJ Johnson (38129609),Deni Avdija (38129052),Aaron Wiggins (38129293),286.59,383.82,49700,57.73%,0,-12.78%,0,91.41999999999999,$-0.51,DET 1,CLE 1,user42,1,marvalshot,15048,4669104774_42
Jared Butler (38129166),Luke Kennard (38129368),Marcus Smart (38129512),Deni Avdija (38129052),Jaylin Williams (38129406),Josh Giddey (38128984),Jaren Jackson Jr. (38128997),Kyle Filipowski (38129156),283.06999999999994,377.41999999999996,49700,13.58%,0,-79.63%,0,92.19,$-3.19,MEM 2,PHI 1,user37,1,marvalshot,15092,4669104775_37
AJ Johnson (38129609),Devin Booker (38128933),Deni Avdija (38129052),Kenrich Williams (38129703),Alexandre Sarr (38129121),Jordan Goodwin (38129372),Evan Mobley (38128963),Devin Vassell (38129080),289.28000000000003,376.99,49800,88.68%,0,37.18%,0,102.19,$1.49,WAS 2,PHX 1,user13,1,marvalshot,15117,4669104776_13
Scotty Pippen Jr. (38129353),Jordan Hawkins (38129650),Jaime Jaquez Jr. (38129483),Paolo Banchero (38128916),Oshae Brissett (38129486),Jordan Goodwin (38129372),Jaren Jackson Jr. (38128997),Karl-Anthony Towns (38128914),280.3185763888889,373.37971968153727,49100,1.67%,0,-97.5%,0,88.22,$-3.9,MEM 2,NOP 1,user46,1,marvalshot,15199,4669104777_46
Chris Paul (38129343),Shaedon Sharpe (38129127),Ricky Council IV (38129289),Bam Adebayo (38128989),Kenrich Williams (38129703),Jared Butler (38129166),Dillon Jones (38129923),Luka Doncic (38128897),284.25,379.31,49500,25.40%,0,-61.88%,0,103.93,$-2.48,PHI 2,OKC 2,user27,1,marvalshot,14886,4669104771_27
Tyus Jones (38129436),Collin Gillespie (38129753),Jaime Jaquez Jr. (38129483),Jaren Jackson Jr. (38128997),Kenrich Williams (38129703),Luka Doncic (38128897),Aaron Wiggins (38129293),Zion Williamson (38128937),283.41,384.37,50000,15.32%,0,-77.0%,0,117.89,$-3.08,PHX 2,OKC 2,user32,1,marvalshot,14940,4669104772_32
Cade Cunningham (38128911),Isaiah Joe (38129456),Deni Avdija (38129052),Pascal Siakam (38129000),Kenrich Williams (38129703),AJ Johnson (38129609),Naz Reid (38129184),Jonas Valanciunas (38129048),302.76321180555556,397.2239987505109,49700,100.00%,1050,188.46%,0,83.13,$7.54,OKC 2,DET 1,user19,1,marvalshot,14976,4669104773_19
Cade Cunningham (38128911),Malik Monk (38129032),Deni Avdija (38129052),De'Andre Hunter (38129230),Jonas Valanciunas (38129048),Scotty Pippen Jr. (38129353),Kenrich Williams (38129703),Oshae Brissett (38129486),286.12,380.52,50000,50.90%,0,-23.28%,0,82.21000000000001,$-0.93,SAC 2,DET 1,user19,1,marvalshot,15025,4669104774_19
Jared Butler (38129166),Carlton Carrington (38129259),Josh Giddey (38128984),Zion Williamson (38128937),Nikola Vucevic (38129058),AJ Johnson (38129609),Aaron Gordon (38129263),Ricky Council IV (38129289),282.31,378.21,49900,8.35%,0,-87.47%,0,85.17,$-3.5,PHI 2,WAS 2,user34,1,marvalshot,15089,4669104775_34
Luka Doncic (38128897),Cameron Payne (38129765),Keldon Johnson (38129319),Chet Holmgren (38129040),Jaylin Williams (38129406),Jordan Goodwin (38129372),Jaren Jackson Jr. (38128997),Oshae Brissett (38129486),287.75,390.51,49900,73.41%,0,11.56%,0,104.30000000000001,$0.46,LAL 2,OKC 2,user32,1,marvalshot,15136,4669104776_32
Donte DiVincenzo (38129240),Marcus Smart (38129512),Jaime Jaquez Jr. (38129483),Paolo Banchero (38128916),Jonas Valanciunas (38129048),Devin Booker (38128933),Jordan Goodwin (38129372),Aaron Wiggins (38129293),279.4085763888889,369.6697196815373,49600,0.56%,0,-99.16%,0,91.88,$-3.97,MIN 1,WAS 1,user22,1,marvalshot,15175,4669104777_22
Ty Jerome (38129412),Marcus Smart (38129512),Josh Giddey (38128984),Bam Adebayo (38128989),Tristan Vukcevic (38129550),Jalen Hood-Schifino (38129471),Kenrich Williams (38129703),Nikola Jokic (38128895),283.49,385.07,49700,16.34%,0,-75.49%,0,135.20999999999998,$-3.02,WAS 2,CLE 1,user16,1,marvalshot,14875,4669104771_16
Ty Jerome (38129412),Jared Butler (38129166),Jaime Jaquez Jr. (38129483),Kenrich Williams (38129703),Kevin Durant (38128943),Donovan Mitchell (38128954),Jaden McDaniels (38129132),Julius Randle (38129044),282.81,376.46,49700,10.89%,0,-83.66%,0,106.72,$-3.35,CLE 2,MIN 2,user46,1,marvalshot,14954,4669104772_46
Cade Cunningham (38128911),Jared Butler (38129166),Julian Champagnie (38129545),Pascal Siakam (38129000),Oshae Brissett (38129486),Isaiah Collier (38129175),Kenrich Williams (38129703),Evan Mobley (38128963),302.22321180555554,395.8239987505109,49900,100.00%,387,178.14%,0,97.51,$7.13,PHI 2,DET 1,user17,1,marvalshot,14974,4669104773_17
Cade Cunningham (38128911),Isaiah Joe (38129456),Ricky Council IV (38129289),Aaron Wiggins (38129293),Nick Richards (38129477),Anthony Edwards (38128924),Naz Reid (38129184),Jared Butler (38129166),286.05999999999995,385.7699999999999,49800,50.16%,0,-24.46%,0,90.83000000000001,$-0.98,OKC 2,PHI 2,user13,1,marvalshot,15019,4669104774_13
Jordan Poole (38129092),Donovan Mitchell (38128954),Zion Williamson (38128937),Dillon Jones (38129923),Nikola Vucevic (38129058),Jalen Hood-Schifino (38129471),Jordan Goodwin (38129372),Jared Butler (38129166),282.08,385.14,50000,7.22%,0,-89.17%,0,114.13,$-3.57,PHI 2,WAS 1,user8,1,marvalshot,15063,4669104775_8
Collin Gillespie (38129753),Jared Butler (38129166),Josh Giddey (38128984),Justin Edwards (38129408),Evan Mobley (38128963),Stephon Castle (38129105),Julius Randle (38129044),Jaylin Williams (38129406),286.97,381.58000000000004,49600,62.92%,0,-4.88%,0,107.18,$-0.2,PHI 2,PHX 1,user6,1,marvalshot,15110,4669104776_6
Quentin Grimes (38128967),Collin Gillespie (38129753),Jaime Jaquez Jr. (38129483),Paolo Banchero (38128916),Donovan Clingan (38129182),Donovan Mitchell (38128954),Kenrich Williams (38129703),Stephon Castle (38129105),278.9185763888889,368.88971968153726,50000,0.52%,0,-99.21%,0,83.4,$-3.97,PHI 1,PHX 1,user34,1,marvalshot,15187,4669104777_34
Jared Butler (38129166),Donte DiVincenzo (38129240),Deni Avdija (38129052),Bam Adebayo (38128989),Trey Lyles (38129621),Desmond Bane (38128930),Keldon Johnson (38129319),Jaylin Williams (38129406),282.86,373.56,49500,13.59%,0,-79.61%,0,80.1,$-3.18,PHI 1,MIN 1,user39,1,marvalshot,14898,4669104771_39
Luka Doncic (38128897),Jared Butler (38129166),Jaime Jaquez Jr. (38129483),Kenrich Williams (38129703),Evan Mobley (38128963),Isaiah Joe (38129456),Chet Holmgren (38129040),Jaylen Martin (38129659),282.57,382.04999999999995,49800,9.50%,0,-85.74%,0,91.45,$-3.43,OKC 3,LAL 1,user30,1,marvalshot,14938,4669104772_30
Cade Cunningham (38128911),Jordan Goodwin (38129372),Aaron Wiggins (38129293),Pascal Siakam (38129000),Guerschon Yabusele (38129220),AJ Johnson (38129609),Kenrich Williams (38129703),Zion Williamson (38128937),302.1632118055556,396.1839987505109,49500,100.00%,287,177.0%,0,119.38,$7.08,OKC 2,DET 1,user,1,marvalshot,1831,4669104773
Cade Cunningham (38128911),Desmond Bane (38128930),Ryan Dunn (38129587),Oshae Brissett (38129486),Kenrich Williams (38129703),AJ Johnson (38129609),Zion Williamson (38128937),Nikola Vucevic (38129058),285.12,383.04,49900,36.85%,0,-44.59%,0,100.5,$-1.78,DET 1,MEM 1,user48,1,marvalshot,15054,4669104774_48
Ty Jerome (38129412),Donovan Mitchell (38128954),Jordan Goodwin (38129372),Oshae Brissett (38129486),Walker Kessler (38129056),Scotty Pippen Jr. (38129353),Deni Avdija (38129052),Jaren Jackson Jr. (38128997),281.21999999999997,380.45,50000,3.77%,0,-94.35%,0,95.46000000000001,$-3.77,CLE 2,MEM 2,user15,1,marvalshot,15070,4669104775_15
Scoot Henderson (38129224),Stephon Castle (38129105),OG Anunoby (38129069),Ricky Council IV (38129289),Nick Richards (38129477),Desmond Bane (38128930),Kevin Durant (38128943),Kenrich Williams (38129703),285.85,373.15000000000003,50000,47.00%,0,-29.18%,0,73.55000000000001,$-1.17,PHX 2,POR 1,user17,1,marvalshot,15121,4669104776_17
Collin Sexton (38129123),Keon Ellis (38129432),Jaime Jaquez Jr. (38129483),Paolo Banchero (38128916),Evan Mobley (38128963),Scotty Pippen Jr. (38129353),Kenrich Williams (38129703),Josh Giddey (38128984),277.5785763888889,364.67971968153734,49900,0.07%,0,-99.9%,0,89.91,$-4.0,UTA 1,SAC 1,user33,1,marvalshot,15186,4669104777_33
Keon Ellis (38129432),Isaiah Joe (38129456),Deni Avdija (38129052),Bam Adebayo (38128989),Nikola Vucevic (38129058),Donte DiVincenzo (38129240),Kenrich Williams (38129703),Zion Williamson (38128937),282.20000000000005,374.45000000000005,49500,8.75%,0,-86.86%,0,79.82,$-3.47,OKC 2,SAC 1,user41,1,marvalshot,14900,4669104771_41
Isaiah Collier (38129175),Stephon Castle (38129105),Jaime Jaquez Jr. (38129483),Kenrich Williams (38129703),Jonas Valanciunas (38129048),Scotty Pippen Jr. (38129353),Evan Mobley (38128963),Josh Giddey (38128984),282.15000000000003,376.75000000000006,49200,7.48%,0,-88.77%,0,78.03,$-3.55,UTA 1,SAS 1,user28,1,marvalshot,14936,4669104772_28
Cade Cunningham (38128911),Jared Butler (38129166),Jaylen Martin (38129659),Pascal Siakam (38129000),Kenrich Williams (38129703),Josh Giddey (38128984),Chet Holmgren (38129040),Dillon Jones (38129923),301.2532118055555,397.6539987505108,49900,100.00%,97,164.15%,0,107.72,$6.57,OKC 3,DET 1,user33,1,marvalshot,14990,4669104773_33
Cade Cunningham (38128911),Jordan Goodwin (38129372),Zion Williamson (38128937),Aaron Wiggins (38129293),Bismack Biyombo (38129594),Jalen Hood-Schifino (38129471),Oshae Brissett (38129486),Kevin Durant (38128943),285.01,383.9,50000,34.34%,0,-48.43%,0,123.27000000000001,$-1.94,PHI 2,DET 1,user22,1,marvalshot,15028,4669104774_22
Luka Doncic (38128897),Jordan Goodwin (38129372),Keldon Johnson (38129319),Oshae Brissett (38129486),Alexandre Sarr (38129121),Cameron Payne (38129765),Aaron Wiggins (38129293),Jaren Jackson Jr. (38128997),281.15,380.90999999999997,49200,3.39%,0,-94.91%,0,101.36999999999999,$-3.8,LAL 2,SAS 1,user7,1,marvalshot,15062,4669104775_7
Cameron Payne (38129765),Jordan Hawkins (38129650),Josh Hart (38129020),Jaren Jackson Jr. (38128997),Zach Edey (38129393),Luka Doncic (38128897),Aaron Wiggins (38129293),Jaylin Williams (38129406),285.62,382.43,49700,43.78%,0,-34.13%,0,93.27000000000001,$-1.37,NYK 2,MEM 2,user18,1,marvalshot,15122,4669104776_18
Jared Butler (38129166),Miles McBride (38129209),Jaime Jaquez Jr. (38129483),Paolo Banchero (38128916),Chet Holmgren (38129040),AJ Johnson (38129609),Zion Williamson (38128937),Oshae Brissett (38129486),276.7185763888889,373.3097196815373,49800,0.05%,0,-99.92%,0,84.14,$-4.0,PHI 2,NYK 1,user11,1,marvalshot,15164,4669104777_11
AJ Johnson (38129609),Jared Butler (38129166),Christian Braun (38129170),Bam Adebayo (38128989),Oshae Brissett (38129486),Scoot Henderson (38129224),Evan Mobley (38128963),Jarrett Allen (38129050),281.69,375.3,49600,6.36%,0,-90.45%,0,78.11,$-3.62,PHI 2,CLE 2,user47,1,marvalshot,14906,4669104771_47
Anfernee Simons (38129065),Devin Booker (38128933),Jaime Jaquez Jr. (38129483),Zion Williamson (38128937),Jarrett Allen (38129050),Jordan Hawkins (38129650),Aaron Gordon (38129263),Jaylin Williams (38129406),281.24,375.35,50000,4.52%,0,-93.22%,0,80.06,$-3.73,NOP 2,POR 1,user12,1,marvalshot,14920,4669104772_12
Cade Cunningham (38128911),Collin Gillespie (38129753),Jordan Goodwin (38129372),Pascal Siakam (38129000),Jaylin Williams (38129406),Jared Butler (38129166),Justin Champagnie (38129236),Julius Randle (38129044),301.1332118055555,394.60399875051087,49500,100.00%,97,162.54%,0,124.8,$6.5,DET 1,PHX 1,user27,1,marvalshot,14984,4669104773_27
Cade Cunningham (38128911),Jordan Goodwin (38129372),Aaron Wiggins (38129293),Dillon Jones (38129923),Nikola Jokic (38128895),Scotty Pippen Jr. (38129353),Justin Champagnie (38129236),Nick Richards (38129477),283.72,385.09000000000003,50000,18.77%,0,-71.83%,0,116.63,$-2.87,OKC 2,DET 1,user34,1,marvalshot,15040,4669104774_34
Quentin Grimes (38128967),Marcus Smart (38129512),Deni Avdija (38129052),Aaron Wiggins (38129293),Karl-Anthony Towns (38128914),Donte DiVincenzo (38129240),Kenrich Williams (38129703),Naz Reid (38129184),280.48,374.84000000000003,49300,1.97%,0,-97.04%,0,87.43,$-3.88,OKC 2,MIN 2,user23,1,marvalshot,15078,4669104775_23
Jalen Hood-Schifino (38129471),Coby White (38129012),OG Anunoby (38129069),Kenrich Williams (38129703),Alexandre Sarr (38129121),Anthony Edwards (38128924),Oshae Brissett (38129486),Deni Avdija (38129052),284.83,374.46,49700,32.99%,0,-50.43%,0,103.73,$-2.02,PHI 2,CHI 1,user20,1,marvalshot,15124,4669104776_20
Keyonte George (38129109),Sam Merrill (38129647),Jaime Jaquez Jr. (38129483),Paolo Banchero (38128916),Jaylin Williams (38129406),Luka Doncic (38128897),Micah Potter (38129971),Donovan Clingan (38129182),274.3985763888889,366.4797196815373,49700,0.01%,0,-99.99%,0,66.31,$-4.0,UTA 2,CLE 1,user24,1,marvalshot,15177,4669104777_24
Luka Doncic (38128897),Donovan Mitchell (38128954),Jordan Goodwin (38129372),Bam Adebayo (38128989),Brandon Clarke (38129543),Tyus Jones (38129436),Kenrich Williams (38129703),Tristan Vukcevic (38129550),281.52000000000004,378.91,49800,4.94%,0,-92.59%,0,89.34,$-3.7,LAL 2,CLE 1,user36,1,marvalshot,14895,4669104771_36
Quentin Grimes (38128967),Devin Booker (38128933),Jaime Jaquez Jr. (38129483),Chet Holmgren (38129040),Jaylin Williams (38129406),Russell Westbrook (38129062),Oshae Brissett (38129486),Scotty Pippen Jr. (38129353),280.28000000000003,376.0,50000,1.92%,0,-97.12%,0,91.77000000000001,$-3.88,PHI 2,OKC 2,user41,1,marvalshot,14949,4669104772_41
Cade Cunningham (38128911),Luke Kennard (38129368),Colby Jones (38129745),Pascal Siakam (38129000),Donovan Clingan (38129182),Jalen Hood-Schifino (38129471),Kevin Durant (38128943),Jaylin Williams (38129406),299.6032118055556,388.09399875051093,49900,100.00%,39,143.94%,0,92.85000000000001,$5.76,DET 1,MEM 1,user8,1,marvalshot,14965,4669104773_8
Cade Cunningham (38128911),Miles McBride (38129209),Jordan Goodwin (38129372),Oshae Brissett (38129486),Nick Richards (38129477),Jared Butler (38129166),Jaren Jackson Jr. (38128997),OG Anunoby (38129069),283.15,376.83,49900,14.37%,0,-78.45%,0,87.26,$-3.14,NYK 2,PHI 2,user46,1,marvalshot,15052,4669104774_46
Russell Westbrook (38129062),Quentin Grimes (38128967),Aaron Wiggins (38129293),Guerschon Yabusele (38129220),Jaylin Williams (38129406),Keyonte George (38129109),Jordan Goodwin (38129372),Jonas Valanciunas (38129048),278.0,372.68,49600,0.23%,0,-99.65%,0,95.27999999999999,$-3.99,PHI 2,OKC 2,user26,1,marvalshot,15081,4669104775_26
Alex Caruso (38129423),Collin Gillespie (38129753),Jordan Goodwin (38129372),Naz Reid (38129184),Jaylin Williams (38129406),Luka Doncic (38128897),Ricky Council IV (38129289),Donovan Mitchell (38128954),284.54999999999995,382.49999999999994,49200,29.20%,0,-56.17%,0,113.32,$-2.25,OKC 2,LAL 2,user45,1,marvalshot,15149,4669104776_45
Jalen Hood-Schifino (38129471),Collin Gillespie (38129753),Jaime Jaquez Jr. (38129483),Paolo Banchero (38128916),Nikola Jokic (38128895),Keyonte George (38129109),Ricky Council IV (38129289),Tristan Vukcevic (38129550),270.5885763888889,368.8597196815373,49600,0.00%,0,-100.0%,0,98.5,$-4.0,PHI 2,PHX 1,user19,1,marvalshot,15172,4669104777_19
Keon Ellis (38129432),Cameron Payne (38129765),Aaron Wiggins (38129293),Bam Adebayo (38128989),Nikola Jokic (38128895),Desmond Bane (38128930),Kenrich Williams (38129703),Collin Gillespie (38129753),281.29,374.26,49700,3.57%,0,-94.65%,0,125.47000000000001,$-3.79,OKC 2,SAC 1,user15,1,marvalshot,14874,4669104771_15
Coby White (38129012),Jared Butler (38129166),Jaime Jaquez Jr. (38129483),Deni Avdija (38129052),Nick Richards (38129477),Shaedon Sharpe (38129127),Zion Williamson (38128937),Jaylin Williams (38129406),278.17,376.6,49800,0.29%,0,-99.56%,0,83.22,$-3.98,POR 2,CHI 1,user43,1,marvalshot,14951,4669104772_43
Cade Cunningham (38128911),Sam Merrill (38129647),Zion Williamson (38128937),Pascal Siakam (38129000),Karlo Matkovic (38129387),Jared Butler (38129166),Kenrich Williams (38129703),Jaylin Williams (38129406),298.43321180555563,393.353998750511,49300,100.00%,0,130.46%,0,103.87,$5.22,NOP 2,OKC 2,user36,1,marvalshot,14993,4669104773_36
Cade Cunningham (38128911),Cameron Payne (38129765),Josh Giddey (38128984),Oshae Brissett (38129486),Zach Edey (38129393),Desmond Bane (38128930),Kenrich Williams (38129703),Deni Avdija (38129052),282.75,378.48,50000,10.89%,0,-83.67%,0,92.38,$-3.35,MEM 2,DET 1,user49,1,marvalshot,15055,4669104774_49
Jared Butler (38129166),Julian Champagnie (38129545),Zion Williamson (38128937),Kevin Durant (38128943),Kenrich Williams (38129703),Donte DiVincenzo (38129240),Michael Porter Jr. (38129112),Keyonte George (38129109),278.24,371.63,49900,0.23%,0,-99.66%,0,80.27000000000001,$-3.99,PHI 1,SAS 1,user32,1,marvalshot,15087,4669104775_32
Donovan Mitchell (38128954),Devin Vassell (38129080),Jordan Goodwin (38129372),Naz Reid (38129184),Walker Kessler (38129056),Josh Giddey (38128984),Micah Potter (38129971),Jaylin Williams (38129406),283.54999999999995,375.24999999999994,49600,18.34%,0,-72.49%,0,89.32000000000001,$-2.9,UTA 2,CLE 1,user36,1,marvalshot,15140,4669104776_36
Blake Wesley (38129750),Jared Butler (38129166),Jaime Jaquez Jr. (38129483),Paolo Banchero (38128916),Kelly Olynyk (38129270),Jalen Hood-Schifino (38129471),Jordan Goodwin (38129372),Nikola Jokic (38128895),274.10857638888893,368.2697196815373,50000,0.00%,0,-100.0%,0,110.27000000000001,$-4.0,PHI 2,SAS 1,user26,1,marvalshot,15179,4669104777_26
Keyonte George (38129109),Collin Sexton (38129123),Aaron Wiggins (38129293),Bam Adebayo (38128989),Kevin Durant (38128943),Jalen Hood-Schifino (38129471),Ricky Council IV (38129289),Oshae Brissett (38129486),281.12,377.87,49200,3.30%,0,-95.05%,0,108.49,$-3.8,PHI 3,UTA 2,user2,1,marvalshot,14858,4669104771_2
Jordan Poole (38129092),Devin Booker (38128933),Jaime Jaquez Jr. (38129483),Jaren Jackson Jr. (38128997),Evan Mobley (38128963),Cameron Payne (38129765),Alex Caruso (38129423),Jaylin Williams (38129406),278.09000000000003,374.55,49400,0.27%,0,-99.59%,0,80.21000000000001,$-3.98,OKC 2,WAS 1,user37,1,marvalshot,14945,4669104772_37
Cade Cunningham (38128911),Luke Kennard (38129368),Brice Sensabaugh (38129461),Pascal Siakam (38129000),Kenrich Williams (38129703),Jared Butler (38129166),Oshae Brissett (38129486),Zion Williamson (38128937),297.81321180555557,395.7339987505109,49700,100.00%,0,123.83%,0,95.19,$4.95,PHI 2,DET 1,user3,1,marvalshot,14960,4669104773_3
Cade Cunningham (38128911),Julian Champagnie (38129545),Aaron Wiggins (38129293),Ryan Dunn (38129587),Jarrett Allen (38129050),Jordan Goodwin (38129372),Ricky Council IV (38129289),Karl-Anthony Towns (38128914),282.38,375.90999999999997,49400,8.65%,0,-87.03%,0,95.47999999999999,$-3.48,DET 1,SAS 1,user1,1,marvalshot,15007,4669104774_1
Adam Flagler (38129926),Isaiah Joe (38129456),Josh Giddey (38128984),Kenrich Williams (38129703),Karl-Anthony Towns (38128914),Quentin Grimes (38128967),Jaren Jackson Jr. (38128997),Tristan Vukcevic (38129550),277.87,372.92,49700,0.18%,0,-99.72%,0,77.5,$-3.99,OKC 3,CHI 1,user24,1,marvalshot,15079,4669104775_24
Russell Westbrook (38129062),Malik Monk (38129032),Jaden McDaniels (38129132),Justin Champagnie (38129236),Kevin Durant (38128943),Ty Jerome (38129412),Aaron Wiggins (38129293),Jaylin Williams (38129406),283.14,369.28999999999996,49900,14.92%,0,-77.6%,0,110.73,$-3.1,OKC 2,DEN 1,user30,1,marvalshot,15134,4669104776_30
Jalen Hood-Schifino (38129471),Anthony Edwards (38128924),Jaime Jaquez Jr. (38129483),Paolo Banchero (38128916),Tristan Vukcevic (38129550),Scoot Henderson (38129224),Jeremy Sochan (38129346),Jaren Jackson Jr. (38128997),272.6685763888889,365.5497196815373,50000,0.00%,0,-100.0%,0,68.53,$-4.0,PHI 1,MIN 1,user35,1,marvalshot,15188,4669104777_35
Jared Butler (38129166),Marcus Smart (38129512),Justin Edwards (38129408),Bam Adebayo (38128989),Nick Richards (38129477),Keyonte George (38129109),Kenrich Williams (38129703),Nikola Jokic (38128895),279.9,380.42999999999995,50000,1.27%,0,-98.1%,0,90.94999999999999,$-3.92,PHI 2,WAS 1,user34,1,marvalshot,14893,4669104771_34
Tyus Jones (38129436),Jordan Goodwin (38129372),Jaime Jaquez Jr. (38129483),Dillon Jones (38129923),Kevin Durant (38128943),Keyonte George (38129109),Aaron Gordon (38129263),Nikola Jokic (38128895),277.57,372.56,50000,0.06%,0,-99.91%,0,96.25999999999999,$-4.0,PHX 2,DEN 2,user11,1,marvalshot,14919,4669104772_11
Cade Cunningham (38128911),Christian Braun (38129170),Colby Jones (38129745),Pascal Siakam (38129000),Jaylin Williams (38129406),Keyonte George (38129109),Kenrich Williams (38129703),Jonas Valanciunas (38129048),296.6432118055556,388.9139987505109,49200,99.98%,0,111.68%,0,84.14000000000001,$4.47,OKC 2,DET 1,user28,1,marvalshot,14985,4669104773_28
Cade Cunningham (38128911),Marcus Smart (38129512),Keldon Johnson (38129319),Ricky Council IV (38129289),Kenrich Williams (38129703),Anthony Edwards (38128924),Kevin Durant (38128943),Nick Richards (38129477),281.34,375.39,49800,4.45%,0,-93.33%,0,80.57000000000001,$-3.73,PHX 2,DET 1,user33,1,marvalshot,15039,4669104774_33
Jalen Hood-Schifino (38129471),Devin Booker (38128933),Matisse Thybulle (38129641),Kenrich Williams (38129703),Nick Richards (38129477),Keyonte George (38129109),Naz Reid (38129184),Luka Doncic (38128897),276.04,372.77,49200,0.02%,0,-99.98%,0,90.28,$-4.0,PHX 2,PHI 1,user43,1,marvalshot,15098,4669104775_43
Jared Butler (38129166),Quentin Grimes (38128967),Julian Champagnie (38129545),Oshae Brissett (38129486),Rudy Gobert (38129178),Jordan Goodwin (38129372),Josh Hart (38129020),Donovan Mitchell (38128954),282.96000000000004,375.34000000000003,50000,12.57%,0,-81.14%,0,87.97,$-3.25,PHI 3,SAS 1,user1,1,marvalshot,15105,4669104776_1
Ty Jerome (38129412),Marcus Smart (38129512),Jaime Jaquez Jr. (38129483),Paolo Banchero (38128916),Evan Mobley (38128963),Jalen Hood-Schifino (38129471),Ricky Council IV (38129289),Zion Williamson (38128937),268.67857638888887,364.66971968153723,49600,0.00%,0,-100.0%,0,95.86,$-4.0,CLE 2,PHI 2,user8,1,marvalshot,15161,4669104777_8
Devin Booker (38128933),Jared Butler (38129166),Brice Sensabaugh (38129461),Bam Adebayo (38128989),Oshae Brissett (38129486),Scoot Henderson (38129224),Ricky Council IV (38129289),Russell Westbrook (38129062),279.90999999999997,373.53999999999996,49700,1.26%,0,-98.11%,0,80.74000000000001,$-3.92,PHI 3,PHX 1,user26,1,marvalshot,14885,4669104771_26
Russell Westbrook (38129062),Donte DiVincenzo (38129240),Jaime Jaquez Jr. (38129483),Ricky Council IV (38129289),Julius Randle (38129044),Jared Butler (38129166),Oshae Brissett (38129486),Karl-Anthony Towns (38128914),275.84,372.77,49100,0.01%,0,-99.99%,0,80.66,$-4.0,PHI 3,MIN 2,user33,1,marvalshot,14941,4669104772_33
Cade Cunningham (38128911),Keon Ellis (38129432),Brice Sensabaugh (38129461),Pascal Siakam (38129000),Jaylin Williams (38129406),Austin Reaves (38128950),Jordan Goodwin (38129372),Nick Richards (38129477),295.9632118055556,382.7939987505109,49500,99.98%,0,104.72%,0,91.24999999999999,$4.19,LAL 2,DET 1,user38,1,marvalshot,14995,4669104773_38
Cade Cunningham (38128911),Bruce Brown (38129495),Josh Giddey (38128984),Ricky Council IV (38129289),Rudy Gobert (38129178),Donte DiVincenzo (38129240),Oshae Brissett (38129486),Jared Butler (38129166),280.86999999999995,374.49999999999994,49000,2.59%,0,-96.12%,0,85.12,$-3.84,PHI 3,MIN 2,user26,1,marvalshot,15032,4669104774_26
Cameron Payne (38129765),Donovan Mitchell (38128954),Jordan Goodwin (38129372),Ricky Council IV (38129289),Zach Edey (38129393),Jalen Hood-Schifino (38129471),Mikal Bridges (38129141),Nikola Jokic (38128895),274.71,370.59999999999997,49900,0.00%,0,-100.0%,0,92.03,$-4.0,NYK 2,PHI 2,user42,1,marvalshot,15097,4669104775_42
Keyonte George (38129109),Jamal Murray (38129028),Brice Sensabaugh (38129461),Aaron Gordon (38129263),Evan Mobley (38128963),Josh Giddey (38128984),Oshae Brissett (38129486),Jaylin Williams (38129406),282.46,377.5,49800,10.04%,0,-84.94%,0,84.76,$-3.4,UTA 2,DEN 2,user14,1,marvalshot,15118,4669104776_14
Isaiah Collier (38129175),Donovan Mitchell (38128954),Jaime Jaquez Jr. (38129483),Paolo Banchero (38128916),Evan Mobley (38128963),Jordan Hawkins (38129650),Jordan Goodwin (38129372),Oshae Brissett (38129486),275.2485763888889,364.55971968153733,49500,0.00%,0,-100.0%,0,77.56,$-4.0,CLE 2,UTA 1,user4,1,marvalshot,15157,4669104777_4
Josh Giddey (38128984),Austin Reaves (38128950),Ricky Council IV (38129289),Bam Adebayo (38128989),Rudy Gobert (38129178),Ty Jerome (38129412),Justin Edwards (38129408),AJ Johnson (38129609),279.26,366.46999999999997,49600,0.87%,0,-98.7%,0,85.1,$-3.95,PHI 2,CHI 1,user38,1,marvalshot,14897,4669104771_38
Jordan Poole (38129092),Austin Reaves (38128950),Jaime Jaquez Jr. (38129483),Oshae Brissett (38129486),Kenrich Williams (38129703),Cameron Payne (38129765),Jaden McDaniels (38129132),Nikola Jokic (38128895),274.61,372.18,49600,0.00%,0,-100.0%,0,91.6,$-4.0,WAS 1,LAL 1,user21,1,marvalshot,14929,4669104772_21
Cade Cunningham (38128911),Gabe Vincent (38129439),Justin Champagnie (38129236),Pascal Siakam (38129000),Jaylin Williams (38129406),Stephon Castle (38129105),Jeremy Sochan (38129346),Aaron Wiggins (38129293),293.88321180555556,382.0039987505109,49100,99.77%,0,84.93%,0,87.39,$3.4,OKC 2,SAS 2,user43,1,marvalshot,15000,4669104773_43
Cade Cunningham (38128911),Cameron Payne (38129765),Zion Williamson (38128937),Ryan Dunn (38129587),Nikola Vucevic (38129058),Jared Butler (38129166),Julius Randle (38129044),Kenrich Williams (38129703),278.59,380.2,49600,0.36%,0,-99.46%,0,88.72,$-3.98,DET 1,NYK 1,user6,1,marvalshot,15012,4669104774_6
Scotty Pippen Jr. (38129353),Jordan Clarkson (38129163),Ricky Council IV (38129289),Oshae Brissett (38129486),Nikola Jokic (38128895),Russell Westbrook (38129062),Aaron Wiggins (38129293),Zach Edey (38129393),268.09000000000003,369.12000000000006,49700,0.00%,0,-100.0%,0,86.49,$-4.0,MEM 2,PHI 2,user19,1,marvalshot,15074,4669104775_19
Luka Doncic (38128897),Devin Vassell (38129080),Alex Caruso (38129423),Aaron Wiggins (38129293),Jeremy Sochan (38129346),Isaiah Joe (38129456),Evan Mobley (38128963),Kenrich Williams (38129703),282.42,375.63,49900,8.34%,0,-87.48%,0,93.49000000000001,$-3.5,OKC 4,SAS 2,user27,1,marvalshot,15131,4669104776_27
Devin Booker (38128933),Cameron Payne (38129765),Jaime Jaquez Jr. (38129483),Paolo Banchero (38128916),Micah Potter (38129971),AJ Johnson (38129609),Alex Caruso (38129423),Nikola Jokic (38128895),271.0085763888889,363.7897196815373,50000,0.00%,0,-100.0%,0,74.37,$-4.0,PHX 1,NYK 1,user20,1,marvalshot,15173,4669104777_20
Malik Monk (38129032),Isaiah Joe (38129456),Alex Caruso (38129423),Bam Adebayo (38128989),Jarrett Allen (38129050),Josh Giddey (38128984),Ricky Council IV (38129289),Tristan Vukcevic (38129550),278.53,369.45,49800,0.49%,0,-99.27%,0,61.42,$-3.97,OKC 2,SAC 1,user33,1,marvalshot,14892,4669104771_33
Devin Booker (38128933),Anfernee Simons (38129065),Jaime Jaquez Jr. (38129483),Trey Lyles (38129621),Rudy Gobert (38129178),Cameron Payne (38129765),Oshae Brissett (38129486),Nikola Jokic (38128895),274.05,371.64,49800,0.00%,0,-100.0%,0,75.36,$-4.0,PHX 1,POR 1,user7,1,marvalshot,14915,4669104772_7
Cade Cunningham (38128911),Isaiah Joe (38129456),Jaylen Martin (38129659),Pascal Siakam (38129000),Nikola Jokic (38128895),Jalen Hood-Schifino (38129471),Patrick Williams (38129618),Kenrich Williams (38129703),293.57321180555556,388.1739987505109,49800,99.71%,0,82.02%,0,99.78,$3.28,OKC 2,DET 1,user44,1,marvalshot,15001,4669104773_44
Cade Cunningham (38128911),Stephon Castle (38129105),Josh Hart (38129020),Zion Williamson (38128937),Kenrich Williams (38129703),Ty Jerome (38129412),Oshae Brissett (38129486),Marcus Smart (38129512),278.3,378.7,49500,0.24%,0,-99.63%,0,105.17,$-3.99,DET 1,SAS 1,user2,1,marvalshot,15008,4669104774_2
Jalen Hood-Schifino (38129471),Stephon Castle (38129105),Aaron Wiggins (38129293),Jaden McDaniels (38129132),Julius Randle (38129044),Scotty Pippen Jr. (38129353),Jaren Jackson Jr. (38128997),Jordan Poole (38129092),273.33000000000004,368.68000000000006,49900,0.00%,0,-100.0%,0,80.58,$-4.0,MIN 2,MEM 2,user28,1,marvalshot,15083,4669104775_28
Austin Reaves (38128950),Devin Booker (38128933),Keldon Johnson (38129319),Evan Mobley (38128963),Kenrich Williams (38129703),AJ Johnson (38129609),Justin Edwards (38129408),Keyonte George (38129109),281.44,367.69,49700,5.11%,0,-92.33%,0,76.32000000000001,$-3.69,LAL 1,PHX 1,user38,1,marvalshot,15142,4669104776_38
Cameron Payne (38129765),Mikal Bridges (38129141),Jaime Jaquez Jr. (38129483),Paolo Banchero (38128916),Karl-Anthony Towns (38128914),Isaiah Joe (38129456),Ricky Council IV (38129289),Deni Avdija (38129052),274.2385763888889,362.89971968153725,49800,0.00%,0,-100.0%,0,55.4,$-4.0,NYK 3,MIA 1,user44,1,marvalshot,15197,4669104777_44
Cameron Payne (38129765),Carlton Carrington (38129259),Ricky Council IV (38129289),Bam Adebayo (38128989),Jaxson Hayes (38129306),Jordan Goodwin (38129372),Aaron Wiggins (38129293),Nikola Jokic (38128895),278.95000000000005,373.31000000000006,49700,0.39%,0,-99.41%,0,94.77,$-3.98,LAL 2,NYK 1,user24,1,marvalshot,14883,4669104771_24
Jared Butler (38129166),Donovan Mitchell (38128954),Jaime Jaquez Jr. (38129483),Dillon Jones (38129923),Jonas Valanciunas (38129048),Ty Jerome (38129412),Julius Randle (38129044),Coby White (38129012),271.97999999999996,370.16999999999996,49400,0.00%,0,-100.0%,0,90.91,$-4.0,CLE 2,PHI 1,user27,1,marvalshot,14935,4669104772_27
Cade Cunningham (38128911),Cameron Payne (38129765),Aaron Wiggins (38129293),Pascal Siakam (38129000),Zach Edey (38129393),Blake Wesley (38129750),Kenrich Williams (38129703),Luka Doncic (38128897),292.34321180555554,388.50399875051085,49800,98.92%,0,70.23%,0,88.3,$2.81,OKC 2,DET 1,user48,1,marvalshot,15005,4669104773_48
Cade Cunningham (38128911),Cameron Payne (38129765),Aaron Wiggins (38129293),Ricky Council IV (38129289),Nikola Jokic (38128895),Jose Alvarado (38129350),Aaron Gordon (38129263),Jordan Hawkins (38129650),278.15999999999997,374.46999999999997,49500,0.19%,0,-99.72%,0,87.69999999999999,$-3.99,DEN 2,NOP 2,user36,1,marvalshot,15042,4669104774_36
Anfernee Simons (38129065),Jordan Hawkins (38129650),Zion Williamson (38128937),Jaren Jackson Jr. (38128997),Jeremy Sochan (38129346),Jalen Hood-Schifino (38129471),Oshae Brissett (38129486),Quentin Grimes (38128967),271.49,368.03999999999996,49800,0.00%,0,-100.0%,0,76.72,$-4.0,PHI 3,NOP 2,user14,1,marvalshot,15069,4669104775_14
Cameron Payne (38129765),Stephon Castle (38129105),Josh Hart (38129020),Ricky Council IV (38129289),Rudy Gobert (38129178),Quentin Grimes (38128967),Aaron Wiggins (38129293),Walker Kessler (38129056),278.91,369.86,49700,0.74%,0,-98.89%,0,62.15,$-3.96,NYK 2,PHI 2,user5,1,marvalshot,15109,4669104776_5
Keyonte George (38129109),Isaiah Joe (38129456),Jaime Jaquez Jr. (38129483),Paolo Banchero (38128916),Nick Richards (38129477),Alex Caruso (38129423),Kevin Durant (38128943),Jonas Valanciunas (38129048),268.2085763888889,362.5997196815373,49900,0.00%,0,-100.0%,0,49.35,$-4.0,OKC 2,PHX 2,user36,1,marvalshot,15189,4669104777_36
Keyonte George (38129109),Stephon Castle (38129105),Jordan Goodwin (38129372),Bam Adebayo (38128989),Alexandre Sarr (38129121),Alex Caruso (38129423),Aaron Wiggins (38129293),Jonas Valanciunas (38129048),278.23,376.03,49800,0.27%,0,-99.6%,0,77.27,$-3.98,OKC 2,UTA 1,user6,1,marvalshot,14865,4669104771_6
Luka Doncic (38128897),Anfernee Simons (38129065),Jaime Jaquez Jr. (38129483),Dillon Jones (38129923),Zach Edey (38129393),Jalen Hood-Schifino (38129471),Deni Avdija (38129052),Stephon Castle (38129105),273.42,368.40000000000003,49400,0.00%,0,-100.0%,0,82.89,$-4.0,POR 2,LAL 1,user25,1,marvalshot,14933,4669104772_25
Cade Cunningham (38128911),Luke Kennard (38129368),Ryan Dunn (38129587),Pascal Siakam (38129000),Oshae Brissett (38129486),Isaiah Joe (38129456),Aaron Wiggins (38129293),Austin Reaves (38128950),291.57321180555556,379.3139987505109,49000,97.39%,0,62.56%,0,87.91,$2.5,OKC 2,DET 1,user37,1,marvalshot,14994,4669104773_37
Cade Cunningham (38128911),Devin Vassell (38129080),Josh Hart (38129020),Dillon Jones (38129923),Kenrich Williams (38129703),Marcus Smart (38129512),Aaron Wiggins (38129293),Zion Williamson (38128937),277.86,372.4,49200,0.10%,0,-99.84%,0,106.94,$-3.99,OKC 3,DET 1,user40,1,marvalshot,15046,4669104774_40
Mike Conley (38129540),Marcus Smart (38129512),Aaron Wiggins (38129293),Matas Buzelis (38129399),Jaylin Williams (38129406),Luka Doncic (38128897),Kyle Filipowski (38129156),Zion Williamson (38128937),267.42999999999995,367.88,50000,0.00%,0,-100.0%,0,82.42999999999999,$-4.0,OKC 2,MIN 1,user10,1,marvalshot,15065,4669104775_10
Luka Doncic (38128897),Isaiah Joe (38129456),Aaron Wiggins (38129293),Ricky Council IV (38129289),Donovan Clingan (38129182),Jalen Hood-Schifino (38129471),Kyle Filipowski (38129156),Naz Reid (38129184),278.96999999999997,375.9,49100,0.51%,0,-99.23%,0,97.29,$-3.97,OKC 2,PHI 2,user39,1,marvalshot,15143,4669104776_39
Jalen Hood-Schifino (38129471),Quentin Grimes (38128967),Jaime Jaquez Jr. (38129483),Paolo Banchero (38128916),Donovan Clingan (38129182),Ty Jerome (38129412),Evan Mobley (38128963),Nick Richards (38129477),269.2185763888889,362.2797196815373,49900,0.00%,0,-100.0%,0,83.14,$-4.0,PHI 2,CLE 2,user27,1,marvalshot,15180,4669104777_27
Alex Caruso (38129423),Jordan Hawkins (38129650),Deni Avdija (38129052),Bam Adebayo (38128989),Karl-Anthony Towns (38128914),Keyonte George (38129109),Oshae Brissett (38129486),Ricky Council IV (38129289),277.34,374.55999999999995,49400,0.13%,0,-99.8%,0,66.9,$-3.99,PHI 2,OKC 1,user5,1,marvalshot,14864,4669104771_5
Ty Jerome (38129412),Quentin Grimes (38128967),Jaime Jaquez Jr. (38129483),Naz Reid (38129184),Jonas Valanciunas (38129048),Jalen Hood-Schifino (38129471),Josh Giddey (38128984),Keyonte George (38129109),269.64,367.95,49800,0.00%,0,-100.0%,0,87.69,$-4.0,PHI 2,CLE 1,user49,1,marvalshot,14957,4669104772_49
Cade Cunningham (38128911),Cameron Payne (38129765),Marcus Smart (38129512),Pascal Siakam (38129000),Jaylin Williams (38129406),Alex Caruso (38129423),Jaren Jackson Jr. (38128997),Stephon Castle (38129105),290.4932118055556,385.3639987505109,49400,93.24%,0,50.28%,0,73.66,$2.01,OKC 2,DET 1,user31,1,marvalshot,14988,4669104773_31
Cade Cunningham (38128911),Malik Monk (38129032),Jaylen Martin (38129659),Dillon Jones (38129923),Karl-Anthony Towns (38128914),Jordan Goodwin (38129372),Ryan Dunn (38129587),Nikola Vucevic (38129058),275.9,367.46999999999997,49400,0.03%,0,-99.96%,0,78.68,$-4.0,DET 1,SAC 1,user31,1,marvalshot,15037,4669104774_31
Jared Butler (38129166),Jordan Goodwin (38129372),Max Strus (38129328),Aaron Wiggins (38129293),Julius Randle (38129044),Shaedon Sharpe (38129127),Evan Mobley (38128963),Stephon Castle (38129105),275.22,367.05000000000007,49900,0.00%,0,-100.0%,0,85.53999999999999,$-4.0,CLE 2,PHI 1,user11,1,marvalshot,15066,4669104775_11
Collin Gillespie (38129753),Donovan Mitchell (38128954),Deni Avdija (38129052),Kenrich Williams (38129703),Nikola Vucevic (38129058),Jordan Hawkins (38129650),Julius Randle (38129044),Devin Booker (38128933),278.97999999999996,371.35999999999996,49700,0.51%,0,-99.23%,0,90.25,$-3.97,PHX 2,CLE 1,user41,1,marvalshot,15145,4669104776_41
Tyus Jones (38129436),Quentin Grimes (38128967),Jaime Jaquez Jr. (38129483),Paolo Banchero (38128916),Zach Edey (38129393),Donovan Mitchell (38128954),Kenrich Williams (38129703),Donovan Clingan (38129182),273.32857638888885,361.75971968153726,49300,0.00%,0,-100.0%,0,67.44,$-4.0,PHX 1,PHI 1,user29,1,marvalshot,15182,4669104777_29
Jamal Murray (38129028),Donovan Mitchell (38128954),Ryan Dunn (38129587),Bam Adebayo (38128989),Kenrich Williams (38129703),Ty Jerome (38129412),Trey Lyles (38129621),Karl-Anthony Towns (38128914),277.63,370.97,49900,0.12%,0,-99.83%,0,90.56,$-3.99,CLE 2,DEN 1,user43,1,marvalshot,14902,4669104771_43
CJ McCollum (38129073),Austin Reaves (38128950),Jaime Jaquez Jr. (38129483),Kenrich Williams (38129703),Naz Reid (38129184),Donovan Mitchell (38128954),Chet Holmgren (38129040),Oshae Brissett (38129486),273.09999999999997,367.36999999999995,49700,0.00%,0,-100.0%,0,78.66,$-4.0,OKC 2,NOP 1,user15,1,marvalshot,14923,4669104772_15
Cade Cunningham (38128911),Anthony Edwards (38128924),Julian Champagnie (38129545),Pascal Siakam (38129000),Nikola Vucevic (38129058),AJ Johnson (38129609),Oshae Brissett (38129486),Tristan Vukcevic (38129550),290.25321180555557,386.6139987505109,49900,92.51%,0,48.05%,0,69.42,$1.92,WAS 2,DET 1,user7,1,marvalshot,14964,4669104773_7
Cade Cunningham (38128911),Devin Vassell (38129080),Ricky Council IV (38129289),Oshae Brissett (38129486),Rudy Gobert (38129178),Scotty Pippen Jr. (38129353),Zion Williamson (38128937),Nick Richards (38129477),272.04999999999995,373.12999999999994,50000,0.00%,0,-100.0%,0,62.629999999999995,$-4.0,PHI 2,DET 1,user3,1,marvalshot,15009,4669104774_3
Jalen Hood-Schifino (38129471),Kevin Huerter (38129249),Deni Avdija (38129052),Jaren Jackson Jr. (38128997),Tristan Vukcevic (38129550),Keyonte George (38129109),Aaron Wiggins (38129293),Kevin Durant (38128943),271.77000000000004,366.19000000000005,49900,0.00%,0,-100.0%,0,84.91999999999999,$-4.0,PHI 1,CHI 1,user36,1,marvalshot,15091,4669104775_36
Luke Kennard (38129368),Anthony Edwards (38128924),Ricky Council IV (38129289),Zion Williamson (38128937),Tristan Vukcevic (38129550),Stephon Castle (38129105),Kenrich Williams (38129703),Julius Randle (38129044),277.81,376.16,49500,0.19%,0,-99.72%,0,69.87,$-3.99,MIN 2,MEM 1,user42,1,marvalshot,15146,4669104776_42
Stephon Castle (38129105),Donte DiVincenzo (38129240),Jaime Jaquez Jr. (38129483),Paolo Banchero (38128916),Kyle Filipowski (38129156),Jordan Clarkson (38129163),Deni Avdija (38129052),Jaylin Williams (38129406),271.5885763888889,361.5197196815373,50000,0.00%,0,-100.0%,0,61.57,$-4.0,UTA 2,SAS 1,user1,1,marvalshot,15154,4669104777_1
Jared Butler (38129166),Jordan Clarkson (38129163),De'Andre Hunter (38129230),Bam Adebayo (38128989),Alexandre Sarr (38129121),Jalen Hood-Schifino (38129471),Kevin Durant (38128943),Kenrich Williams (38129703),277.61,368.32000000000005,49100,0.09%,0,-99.86%,0,106.61000000000001,$-3.99,PHI 2,UTA 1,user37,1,marvalshot,14896,4669104771_37
Ty Jerome (38129412),Anfernee Simons (38129065),Jaime Jaquez Jr. (38129483),Jaren Jackson Jr. (38128997),Karl-Anthony Towns (38128914),Mikal Bridges (38129141),Jordan Goodwin (38129372),Jalen Hood-Schifino (38129471),273.83,364.77,49200,0.00%,0,-100.0%,0,103.85,$-4.0,NYK 2,CLE 1,user2,1,marvalshot,14910,4669104772_2
Cade Cunningham (38128911),Jordan Goodwin (38129372),Aaron Wiggins (38129293),Pascal Siakam (38129000),Tristan Vukcevic (38129550),Scoot Henderson (38129224),Chet Holmgren (38129040),Nick Richards (38129477),288.06321180555557,386.03399875051093,49100,75.73%,0,15.75%,0,83.66,$0.63,OKC 2,DET 1,user40,1,marvalshot,14997,4669104773_40
Cade Cunningham (38128911),Jared Butler (38129166),Jaylen Martin (38129659),Deni Avdija (38129052),Jonas Valanciunas (38129048),Jordan Goodwin (38129372),Chet Holmgren (38129040),Ryan Dunn (38129587),273.27,372.51,49900,0.00%,0,-100.0%,0,75.72,$-4.0,DET 1,PHI 1,user12,1,marvalshot,15018,4669104774_12
Tyus Jones (38129436),Cameron Payne (38129765),Alex Caruso (38129423),Keldon Johnson (38129319),Nikola Jokic (38128895),Isaiah Joe (38129456),Dillon Jones (38129923),Luka Doncic (38128897),266.22,365.89000000000004,49600,0.00%,0,-100.0%,0,79.1,$-4.0,OKC 3,PHX 1,user27,1,marvalshot,15082,4669104775_27
Jordan Poole (38129092),Stephon Castle (38129105),Aaron Wiggins (38129293),Oshae Brissett (38129486),Evan Mobley (38128963),Isaiah Joe (38129456),Zion Williamson (38128937),Scotty Pippen Jr. (38129353),277.71999999999997,381.17999999999995,49600,0.16%,0,-99.76%,0,83.67999999999999,$-3.99,OKC 2,WAS 1,user12,1,marvalshot,15116,4669104776_12
Jalen Hood-Schifino (38129471),Stephon Castle (38129105),Jaime Jaquez Jr. (38129483),Paolo Banchero (38128916),Oshae Brissett (38129486),Anfernee Simons (38129065),Josh Hart (38129020),Kelly Olynyk (38129270),270.25857638888886,357.88971968153726,49000,0.00%,0,-100.0%,0,80.88,$-4.0,PHI 2,SAS 1,user37,1,marvalshot,15190,4669104777_37
Donovan Mitchell (38128954),Devin Booker (38128933),Jaylen Martin (38129659),Bam Adebayo (38128989),Kenrich Williams (38129703),Ty Jerome (38129412),Aaron Wiggins (38129293),Kyle Filipowski (38129156),277.53000000000003,371.85,49000,0.08%,0,-99.88%,0,108.47999999999999,$-4.0,CLE 2,OKC 2,user1,1,marvalshot,14856,4669104771_1
Josh Giddey (38128984),Anthony Edwards (38128924),Jaime Jaquez Jr. (38129483),Aaron Gordon (38129263),Nikola Jokic (38128895),Collin Gillespie (38129753),Micah Potter (38129971),Tristan Vukcevic (38129550),265.64,364.74,50000,0.00%,0,-100.0%,0,83.94,$-4.0,DEN 2,CHI 1,user22,1,marvalshot,14930,4669104772_22
Cade Cunningham (38128911),Keon Ellis (38129432),Josh Hart (38129020),Pascal Siakam (38129000),Micah Potter (38129971),Jalen Hood-Schifino (38129471),Alex Caruso (38129423),Deni Avdija (38129052),286.70321180555555,371.10399875051087,49800,58.82%,0,-10.86%,0,76.55,$-0.43,DET 1,SAC 1,user47,1,marvalshot,15004,4669104773_47
Cade Cunningham (38128911),Jordan Hawkins (38129650),Aaron Wiggins (38129293),Dillon Jones (38129923),Naz Reid (38129184),Desmond Bane (38128930),Chet Holmgren (38129040),Donovan Clingan (38129182),271.32,366.24,49900,0.00%,0,-100.0%,0,78.75999999999999,$-4.0,OKC 3,DET 1,user24,1,marvalshot,15030,4669104774_24
Scoot Henderson (38129224),Donte DiVincenzo (38129240),Justin Champagnie (38129236),Aaron Gordon (38129263),Rudy Gobert (38129178),Donovan Mitchell (38128954),Julius Randle (38129044),Jared Butler (38129166),272.93,365.36,49800,0.00%,0,-100.0%,0,59.16,$-4.0,MIN 3,POR 1,user1,1,marvalshot,15056,4669104775_1
Cameron Payne (38129765),Anfernee Simons (38129065),Shaedon Sharpe (38129127),Justin Edwards (38129408),Jaylin Williams (38129406),Jared Butler (38129166),Zion Williamson (38128937),Donovan Mitchell (38128954),277.25,375.09,49800,0.12%,0,-99.81%,0,80.06,$-3.99,POR 2,PHI 2,user7,1,marvalshot,15111,4669104776_7
Jordan Poole (38129092),Anfernee Simons (38129065),Jaime Jaquez Jr. (38129483),Paolo Banchero (38128916),Branden Carlson (38129929),Quentin Grimes (38128967),Kenrich Williams (38129703),Deni Avdija (38129052),268.2885763888889,355.57971968153726,49700,0.00%,0,-100.0%,0,59.290000000000006,$-4.0,POR 2,OKC 2,user38,1,marvalshot,15191,4669104777_38
Devin Booker (38128933),Johnny Juzang (38129604),Jordan Goodwin (38129372),Bam Adebayo (38128989),Jonas Valanciunas (38129048),Keyonte George (38129109),Kenrich Williams (38129703),Jordan Poole (38129092),276.89000000000004,371.6700000000001,49900,0.06%,0,-99.91%,0,80.50999999999999,$-4.0,UTA 2,PHX 1,user18,1,marvalshot,14877,4669104771_18
Ty Jerome (38129412),Jordan Hawkins (38129650),Jaime Jaquez Jr. (38129483),Ricky Council IV (38129289),Nikola Jokic (38128895),Donovan Mitchell (38128954),Michael Porter Jr. (38129112),Alex Caruso (38129423),268.18,363.36,50000,0.00%,0,-100.0%,0,81.28,$-4.0,CLE 2,DEN 2,user5,1,marvalshot,14913,4669104772_5
Cade Cunningham (38128911),Luke Kennard (38129368),Matisse Thybulle (38129641),Pascal Siakam (38129000),Oshae Brissett (38129486),AJ Johnson (38129609),Kyle Filipowski (38129156),Karl-Anthony Towns (38128914),283.33321180555555,375.6339987505109,50000,17.44%,0,-73.82%,0,59.82,$-2.95,DET 1,MEM 1,user13,1,marvalshot,14970,4669104773_13
Cade Cunningham (38128911),Max Strus (38129328),Ryan Dunn (38129587),Dillon Jones (38129923),Jaxson Hayes (38129306),Jared Butler (38129166),Jaren Jackson Jr. (38128997),Zion Williamson (38128937),267.62000000000006,364.4200000000001,50000,0.00%,0,-100.0%,0,71.96,$-4.0,DET 1,CLE 1,user8,1,marvalshot,15014,4669104774_8
Carlton Carrington (38129259),Isaiah Joe (38129456),Zion Williamson (38128937),Evan Mobley (38128963),Kyle Filipowski (38129156),Jose Alvarado (38129350),Aaron Wiggins (38129293),Jared Butler (38129166),269.18,365.22,49600,0.00%,0,-100.0%,0,80.37,$-4.0,OKC 2,NOP 2,user47,1,marvalshot,15102,4669104775_47
Collin Sexton (38129123),Donovan Mitchell (38128954),Ricky Council IV (38129289),Aaron Wiggins (38129293),Trey Lyles (38129621),Josh Giddey (38128984),Jordan Goodwin (38129372),Nikola Vucevic (38129058),277.92,372.42,49300,0.09%,0,-99.87%,0,93.28,$-3.99,CHI 2,UTA 1,user43,1,marvalshot,15147,4669104776_43
Keyonte George (38129109),Anthony Edwards (38128924),Jaime Jaquez Jr. (38129483),Paolo Banchero (38128916),Donovan Clingan (38129182),Jose Alvarado (38129350),Justin Champagnie (38129236),Nick Richards (38129477),263.1685763888889,354.65971968153724,50000,0.00%,0,-100.0%,0,44.15,$-4.0,UTA 1,MIN 1,user39,1,marvalshot,15192,4669104777_39
Jalen Hood-Schifino (38129471),Jordan Hawkins (38129650),Zion Williamson (38128937),Bam Adebayo (38128989),Alexandre Sarr (38129121),Jared Butler (38129166),Deni Avdija (38129052),Jose Alvarado (38129350),276.57000000000005,373.18000000000006,49900,0.03%,0,-99.95%,0,86.59,$-4.0,NOP 3,PHI 2,user45,1,marvalshot,14904,4669104771_45
Collin Gillespie (38129753),Jordan Goodwin (38129372),Jaime Jaquez Jr. (38129483),Evan Mobley (38128963),Julius Randle (38129044),Scoot Henderson (38129224),Trey Lyles (38129621),Luka Doncic (38128897),268.27,362.93,49600,0.00%,0,-100.0%,0,81.37,$-4.0,LAL 2,PHX 1,user8,1,marvalshot,14916,4669104772_8
Cade Cunningham (38128911),Christian Braun (38129170),Justin Edwards (38129408),Pascal Siakam (38129000),Walker Kessler (38129056),Ty Jerome (38129412),Kyle Filipowski (38129156),Kenrich Williams (38129703),282.66321180555553,369.60399875051087,50000,11.75%,0,-82.38%,0,76.77,$-3.3,UTA 2,DET 1,user14,1,marvalshot,14971,4669104773_14
Cade Cunningham (38128911),Julian Champagnie (38129545),Jordan Goodwin (38129372),Chet Holmgren (38129040),Nick Richards (38129477),Carlton Carrington (38129259),Aaron Wiggins (38129293),Kevin Durant (38128943),271.86,364.13,49700,0.00%,0,-100.0%,0,85.17999999999999,$-4.0,OKC 2,PHX 2,user23,1,marvalshot,15029,4669104774_23
Scoot Henderson (38129224),Anfernee Simons (38129065),Deni Avdija (38129052),Ricky Council IV (38129289),Kelly Olynyk (38129270),Donovan Mitchell (38128954),Josh Hart (38129020),Dillon Jones (38129923),274.46999999999997,365.02,50000,0.00%,0,-100.0%,0,62.24,$-4.0,POR 3,PHI 1,user39,1,marvalshot,15094,4669104775_39
Luka Doncic (38128897),Cameron Payne (38129765),Zion Williamson (38128937),Kenrich Williams (38129703),Jonas Valanciunas (38129048),Marcus Smart (38129512),Jordan Goodwin (38129372),Naz Reid (38129184),276.48,381.48,49900,0.01%,0,-99.98%,0,88.91,$-4.0,LAL 2,NYK 1,user3,1,marvalshot,15107,4669104776_3
Devin Booker (38128933),Stephon Castle (38129105),Jaime Jaquez Jr. (38129483),Paolo Banchero (38128916),Micah Potter (38129971),Isaiah Collier (38129175),Julius Randle (38129044),Tristan Vukcevic (38129550),264.4885763888889,353.53971968153724,49800,0.00%,0,-100.0%,0,43.41,$-4.0,UTA 2,PHX 1,user,1,marvalshot,3602,4669104777
Miles McBride (38129209),Quentin Grimes (38128967),Alex Caruso (38129423),Bam Adebayo (38128989),Jarrett Allen (38129050),Isaiah Collier (38129175),Kenrich Williams (38129703),Jared Butler (38129166),276.39,364.4,49600,0.03%,0,-99.95%,0,72.63,$-4.0,PHI 2,OKC 2,user23,1,marvalshot,14882,4669104771_23
Josh Giddey (38128984),Vince Williams Jr. (38129582),Jaime Jaquez Jr. (38129483),Chet Holmgren (38129040),Tristan Vukcevic (38129550),Jared Butler (38129166),DeMar DeRozan (38129006),Josh Hart (38129020),265.36,357.18,49900,0.00%,0,-100.0%,0,62.269999999999996,$-4.0,CHI 1,MEM 1,user47,1,marvalshot,14955,4669104772_47
Cade Cunningham (38128911),Austin Reaves (38128950),Christian Braun (38129170),Pascal Siakam (38129000),Nick Richards (38129477),Scotty Pippen Jr. (38129353),Kenrich Williams (38129703),Zach Collins (38129459),280.9832118055556,368.97399875051093,49700,4.24%,0,-93.65%,0,58.870000000000005,$-3.75,DET 1,LAL 1,user4,1,marvalshot,14961,4669104773_4
Cade Cunningham (38128911),Stephon Castle (38129105),Justin Edwards (38129408),Chet Holmgren (38129040),Donovan Clingan (38129182),Alex Caruso (38129423),Naz Reid (38129184),Aaron Gordon (38129263),261.68999999999994,355.63999999999993,50000,0.00%,0,-100.0%,0,37.33,$-4.0,OKC 2,DET 1,user17,1,marvalshot,15023,4669104774_17
Jared Butler (38129166),Jamal Murray (38129028),Zion Williamson (38128937),Aaron Gordon (38129263),Naz Reid (38129184),Jordan Goodwin (38129372),Mikal Bridges (38129141),Nick Richards (38129477),264.08,358.07,49200,0.00%,0,-100.0%,0,66.61999999999999,$-4.0,DEN 2,PHI 1,user33,1,marvalshot,15088,4669104775_33
Quentin Grimes (38128967),Cameron Payne (38129765),Jordan Goodwin (38129372),Ryan Dunn (38129587),Oshae Brissett (38129486),Alex Caruso (38129423),Evan Mobley (38128963),Luka Doncic (38128897),272.56,369.37,49800,0.00%,0,-100.0%,0,83.15,$-4.0,PHI 2,LAL 2,user16,1,marvalshot,15120,4669104776_16
Donte DiVincenzo (38129240),Stephon Castle (38129105),Jaime Jaquez Jr. (38129483),Paolo Banchero (38128916),Jarrett Allen (38129050),Tre Jones (38129160),Oshae Brissett (38129486),Collin Sexton (38129123),257.4085763888889,347.62971968153727,49700,0.00%,0,-100.0%,0,46.54,$-4.0,MIN 1,SAS 1,user30,1,marvalshot,15183,4669104777_30
Josh Giddey (38128984),CJ McCollum (38129073),Bruce Brown (38129495),Bam Adebayo (38128989),Oshae Brissett (38129486),AJ Johnson (38129609),Zion Williamson (38128937),Aaron Wiggins (38129293),276.4,372.44,50000,0.02%,0,-99.96%,0,92.57,$-4.0,NOP 3,CHI 1,user22,1,marvalshot,14881,4669104771_22
Donovan Mitchell (38128954),Malik Monk (38129032),Jaime Jaquez Jr. (38129483),Oshae Brissett (38129486),Guerschon Yabusele (38129220),Devin Vassell (38129080),Mikal Bridges (38129141),Jared Butler (38129166),268.38,354.31,49600,0.00%,0,-100.0%,0,64.03,$-4.0,PHI 3,CLE 1,user35,1,marvalshot,14943,4669104772_35
Cade Cunningham (38128911),Vince Williams Jr. (38129582),Royce O'Neale (38129452),Pascal Siakam (38129000),Zach Collins (38129459),Jordan Hawkins (38129650),Kenrich Williams (38129703),Nikola Jokic (38128895),274.2432118055556,365.9339987505109,50000,0.00%,0,-100.0%,0,66.63,$-4.0,DET 1,MEM 1,user11,1,marvalshot,14968,4669104773_11
Cade Cunningham (38128911),Keon Ellis (38129432),Brice Sensabaugh (38129461),Evan Mobley (38128963),Julius Randle (38129044),Stephon Castle (38129105),De'Andre Hunter (38129230),Dillon Jones (38129923),262.34999999999997,351.47999999999996,50000,0.00%,0,-100.0%,0,53.81999999999999,$-4.0,CLE 2,DET 1,user20,1,marvalshot,15026,4669104774_20
Collin Sexton (38129123),Colby Jones (38129745),Aaron Wiggins (38129293),Kelly Olynyk (38129270),Nick Richards (38129477),Quentin Grimes (38128967),Julius Randle (38129044),Anthony Edwards (38128924),244.89,339.84999999999997,49600,0.00%,0,-100.0%,0,48.19999999999999,$-4.0,MIN 2,UTA 1,user30,1,marvalshot,15085,4669104775_30
Josh Giddey (38128984),Devin Booker (38128933),Aaron Wiggins (38129293),Micah Potter (38129971),Jaxson Hayes (38129306),Luka Doncic (38128897),Trey Lyles (38129621),Collin Gillespie (38129753),274.57,367.14,49900,0.00%,0,-100.0%,0,95.03,$-4.0,PHX 2,LAL 2,user11,1,marvalshot,15115,4669104776_11
Austin Reaves (38128950),Collin Gillespie (38129753),Jaime Jaquez Jr. (38129483),Paolo Banchero (38128916),Julius Randle (38129044),Scotty Pippen Jr. (38129353),DeMar DeRozan (38129006),Mitchell Robinson (38129701),254.91857638888888,338.5897196815373,49600,0.00%,0,-100.0%,0,51.949999999999996,$-4.0,LAL 1,PHX 1,user28,1,marvalshot,15181,4669104777_28
