PG,SG,SF,PF,C,G,F,UTIL,Proj,Ceiling,Salary,Cash %,Top 1%,ROI%,Wins,Own Sum,Avg Return,Stack1,Stack2,Lineup,Dupes,User,Index,Entry ID
Stephon Castle (38084005),Cason Wallace (38084201),Trey Murphy III (38083947),Karlo Matkovic (38084160),Isaiah Hartenstein (38083966),Scotty Pippen Jr. (38084268),Jabari Smith Jr. (38084102),Giannis Antetokounmpo (38083860),292.195,381.4787863796558,49900,100.00%,2735,148.14%,0,187.17000000000002,$4.44,OKC 2,NOP 2,user,50,marvalshot,1612,4665146606
Russell Westbrook (38084014),Stephon Castle (38084005),Bruce Brown (38084253),Kenrich Williams (38084292),Alperen Sengun (38083870),Jose Alvarado (38084168),Giannis Antetokounmpo (38083860),Scotty Pippen Jr. (38084268),290.26500000000004,388.81607827680386,49400,100.00%,654,123.75%,0,251.36,$3.71,NOP 2,DEN 1,user1,1,marvalshot,11845,4665146607_1
Shai Gilgeous-Alexander (38083864),Stephon Castle (38084005),Dillon Brooks (38084093),Justin Champagnie (38084078),Jabari Smith Jr. (38084102),Russell Westbrook (38084014),Trey Murphy III (38083947),Scotty Pippen Jr. (38084268),304.80749999999995,386.4026492959693,49900,100.00%,49999,5811.16%,6645,216.59000000000003,$174.33,HOU 2,OKC 1,user,50,marvalshot,2881,4665146608
Shai Gilgeous-Alexander (38083864),Cason Wallace (38084201),Trey Murphy III (38083947),Jabari Smith Jr. (38084102),Isaiah Hartenstein (38083966),Scotty Pippen Jr. (38084268),Dillon Brooks (38084093),Stephon Castle (38084005),296.97249999999997,371.6314356756251,50000,100.00%,36774,228.07%,0,168.73000000000002,$6.84,OKC 3,HOU 2,user,50,marvalshot,338,4665146609
Cason Wallace (38084201),Stephon Castle (38084005),Jaime Jaquez Jr. (38084296),Kenrich Williams (38084292),Jabari Smith Jr. (38084102),Scotty Pippen Jr. (38084268),Giannis Antetokounmpo (38083860),Shai Gilgeous-Alexander (38083864),301.23,387.87917610639283,49400,100.00%,49919,838.15%,25,203.87,$25.14,OKC 3,SAS 1,user,50,marvalshot,135,4665146610
Shai Gilgeous-Alexander (38083864),Stephon Castle (38084005),Bruce Brown (38084253),Jaime Jaquez Jr. (38084296),Jabari Smith Jr. (38084102),Scotty Pippen Jr. (38084268),Giannis Antetokounmpo (38083860),Karlo Matkovic (38084160),301.8475,396.7226492959694,50000,100.00%,49912,5203.17%,156,223.63,$156.1,NOP 2,OKC 1,user3,1,marvalshot,11848,4665146611_3
Russell Westbrook (38084014),Cason Wallace (38084201),Bruce Brown (38084253),Jaime Jaquez Jr. (38084296),Alperen Sengun (38083870),Jose Alvarado (38084168),Giannis Antetokounmpo (38083860),Stephon Castle (38084005),301.3875,396.95044853361964,50000,100.00%,49460,6657.01%,368,227.91,$199.71,NOP 2,DEN 1,user,1,marvalshot,3148,4665146612
Scotty Pippen Jr. (38084268),Stephon Castle (38084005),Justin Champagnie (38084078),Karlo Matkovic (38084160),Isaiah Hartenstein (38083966),Russell Westbrook (38084014),Trey Murphy III (38083947),Alperen Sengun (38083870),285.5375,374.8083378460362,49900,100.00%,0,83.09%,0,211.82000000000002,$2.49,NOP 2,MEM 1,user,50,marvalshot,7805,4665146613
Shai Gilgeous-Alexander (38083864),Jordan Hawkins (38084276),Kevin Huerter (38084121),Kenrich Williams (38084292),Giannis Antetokounmpo (38083860),Stephon Castle (38084005),Jabari Smith Jr. (38084102),Scotty Pippen Jr. (38084268),293.0625,382.2087275727731,50000,100.00%,6313,159.58%,0,194.55999999999997,$4.79,OKC 2,NOP 1,user,50,marvalshot,625,4665146614
Scotty Pippen Jr. (38084268),Stephon Castle (38084005),Kevin Huerter (38084121),Jabari Smith Jr. (38084102),Isaiah Hartenstein (38083966),Russell Westbrook (38084014),Trey Murphy III (38083947),Alperen Sengun (38083870),287.0875,372.7483378460361,49900,100.00%,10,93.63%,0,217.31,$2.81,HOU 2,MEM 1,user,50,marvalshot,5933,4665146615
Stephon Castle (38084005),Cason Wallace (38084201),Trey Murphy III (38083947),Karlo Matkovic (38084160),Isaiah Hartenstein (38083966),Scotty Pippen Jr. (38084268),Jabari Smith Jr. (38084102),Giannis Antetokounmpo (38083860),292.195,381.4787863796558,49900,100.00%,2735,148.14%,0,187.17000000000002,$4.44,OKC 2,NOP 2,user1,50,marvalshot,1612,4665146606_1
Jordan Hawkins (38084276),Stephon Castle (38084005),Justin Champagnie (38084078),Kenrich Williams (38084292),Alperen Sengun (38083870),Russell Westbrook (38084014),Giannis Antetokounmpo (38083860),Scotty Pippen Jr. (38084268),290.02500000000003,387.5660782768038,49800,100.00%,606,120.48%,0,225.87,$3.61,NOP 1,SAS 1,user,49,marvalshot,5333,4665146607
Shai Gilgeous-Alexander (38083864),Stephon Castle (38084005),Dillon Brooks (38084093),Justin Champagnie (38084078),Jabari Smith Jr. (38084102),Russell Westbrook (38084014),Trey Murphy III (38083947),Scotty Pippen Jr. (38084268),304.80749999999995,386.4026492959693,49900,100.00%,49999,5811.16%,6645,216.59000000000003,$174.33,HOU 2,OKC 1,user1,50,marvalshot,2881,4665146608_1
Shai Gilgeous-Alexander (38083864),Cason Wallace (38084201),Trey Murphy III (38083947),Jabari Smith Jr. (38084102),Isaiah Hartenstein (38083966),Scotty Pippen Jr. (38084268),Dillon Brooks (38084093),Stephon Castle (38084005),296.97249999999997,371.6314356756251,50000,100.00%,36774,228.07%,0,168.73000000000002,$6.84,OKC 3,HOU 2,user1,50,marvalshot,338,4665146609_1
Cason Wallace (38084201),Stephon Castle (38084005),Jaime Jaquez Jr. (38084296),Kenrich Williams (38084292),Jabari Smith Jr. (38084102),Scotty Pippen Jr. (38084268),Giannis Antetokounmpo (38083860),Shai Gilgeous-Alexander (38083864),301.23,387.87917610639283,49400,100.00%,49919,838.15%,25,203.87,$25.14,OKC 3,SAS 1,user1,50,marvalshot,135,4665146610_1
Shai Gilgeous-Alexander (38083864),Stephon Castle (38084005),Bruce Brown (38084253),Jaime Jaquez Jr. (38084296),Jabari Smith Jr. (38084102),Scotty Pippen Jr. (38084268),Giannis Antetokounmpo (38083860),Jose Alvarado (38084168),301.1475,396.65264929596935,49900,100.00%,49683,2573.91%,28,227.26,$77.22,NOP 2,OKC 1,user1,1,marvalshot,11846,4665146611_1
Russell Westbrook (38084014),Cason Wallace (38084201),Justin Champagnie (38084078),Jaime Jaquez Jr. (38084296),Alperen Sengun (38083870),Stephon Castle (38084005),Giannis Antetokounmpo (38083860),Mo Bamba (38084375),300.2675,396.57044853361964,50000,100.00%,48220,2546.59%,176,206.08999999999997,$76.4,DEN 1,OKC 1,user2,1,marvalshot,11850,4665146612_2
Scotty Pippen Jr. (38084268),Stephon Castle (38084005),Justin Champagnie (38084078),Karlo Matkovic (38084160),Isaiah Hartenstein (38083966),Russell Westbrook (38084014),Trey Murphy III (38083947),Alperen Sengun (38083870),285.5375,374.8083378460362,49900,100.00%,0,83.09%,0,211.82000000000002,$2.49,NOP 2,MEM 1,user1,50,marvalshot,7805,4665146613_1
Shai Gilgeous-Alexander (38083864),Stephon Castle (38084005),Kevin Huerter (38084121),Kenrich Williams (38084292),Giannis Antetokounmpo (38083860),Jordan Hawkins (38084276),Jabari Smith Jr. (38084102),Scotty Pippen Jr. (38084268),293.0625,382.2087275727731,50000,100.00%,6313,159.58%,0,194.56,$4.79,OKC 2,SAS 1,user1,50,marvalshot,625,4665146614_1
Scotty Pippen Jr. (38084268),Stephon Castle (38084005),Kevin Huerter (38084121),Jabari Smith Jr. (38084102),Isaiah Hartenstein (38083966),Russell Westbrook (38084014),Trey Murphy III (38083947),Alperen Sengun (38083870),287.0875,372.7483378460361,49900,100.00%,10,93.63%,0,217.31,$2.81,HOU 2,MEM 1,user1,50,marvalshot,5933,4665146615_1
Stephon Castle (38084005),Cason Wallace (38084201),Trey Murphy III (38083947),Karlo Matkovic (38084160),Isaiah Hartenstein (38083966),Scotty Pippen Jr. (38084268),Jabari Smith Jr. (38084102),Giannis Antetokounmpo (38083860),292.195,381.4787863796558,49900,100.00%,2735,148.14%,0,187.17000000000002,$4.44,OKC 2,NOP 2,user2,50,marvalshot,1612,4665146606_2
Russell Westbrook (38084014),Stephon Castle (38084005),Justin Champagnie (38084078),Kenrich Williams (38084292),Alperen Sengun (38083870),Jordan Hawkins (38084276),Giannis Antetokounmpo (38083860),Scotty Pippen Jr. (38084268),290.025,387.56607827680375,49800,100.00%,606,120.48%,0,225.87,$3.61,DEN 1,SAS 1,user2,49,marvalshot,5333,4665146607_2
Shai Gilgeous-Alexander (38083864),Stephon Castle (38084005),Dillon Brooks (38084093),Justin Champagnie (38084078),Jabari Smith Jr. (38084102),Russell Westbrook (38084014),Trey Murphy III (38083947),Scotty Pippen Jr. (38084268),304.80749999999995,386.4026492959693,49900,100.00%,49999,5811.16%,6645,216.59000000000003,$174.33,HOU 2,OKC 1,user2,50,marvalshot,2881,4665146608_2
Shai Gilgeous-Alexander (38083864),Cason Wallace (38084201),Trey Murphy III (38083947),Jabari Smith Jr. (38084102),Isaiah Hartenstein (38083966),Scotty Pippen Jr. (38084268),Dillon Brooks (38084093),Stephon Castle (38084005),296.97249999999997,371.6314356756251,50000,100.00%,36774,228.07%,0,168.73000000000002,$6.84,OKC 3,HOU 2,user2,50,marvalshot,338,4665146609_2
Cason Wallace (38084201),Stephon Castle (38084005),Jaime Jaquez Jr. (38084296),Kenrich Williams (38084292),Jabari Smith Jr. (38084102),Scotty Pippen Jr. (38084268),Giannis Antetokounmpo (38083860),Shai Gilgeous-Alexander (38083864),301.23,387.87917610639283,49400,100.00%,49919,838.15%,25,203.87,$25.14,OKC 3,SAS 1,user2,50,marvalshot,135,4665146610_2
Shai Gilgeous-Alexander (38083864),Stephon Castle (38084005),Justin Champagnie (38084078),Jaime Jaquez Jr. (38084296),Jabari Smith Jr. (38084102),Scotty Pippen Jr. (38084268),Giannis Antetokounmpo (38083860),Mo Bamba (38084375),300.0275,396.27264929596936,49900,100.00%,48685,747.15%,20,205.44,$22.41,OKC 1,SAS 1,user2,1,marvalshot,11847,4665146611_2
Stephon Castle (38084005),Cason Wallace (38084201),Justin Champagnie (38084078),Jaime Jaquez Jr. (38084296),Alperen Sengun (38083870),Blake Wesley (38084468),Giannis Antetokounmpo (38083860),Russell Westbrook (38084014),300.1675,395.0204485336197,49800,100.00%,48286,664.22%,96,207.69,$19.93,SAS 2,OKC 1,user1,48,marvalshot,11849,4665146612_1
Scotty Pippen Jr. (38084268),Stephon Castle (38084005),Justin Champagnie (38084078),Karlo Matkovic (38084160),Isaiah Hartenstein (38083966),Russell Westbrook (38084014),Trey Murphy III (38083947),Alperen Sengun (38083870),285.5375,374.8083378460362,49900,100.00%,0,83.09%,0,211.82000000000002,$2.49,NOP 2,MEM 1,user2,50,marvalshot,7805,4665146613_2
Shai Gilgeous-Alexander (38083864),Stephon Castle (38084005),Kevin Huerter (38084121),Kenrich Williams (38084292),Giannis Antetokounmpo (38083860),Jordan Hawkins (38084276),Jabari Smith Jr. (38084102),Scotty Pippen Jr. (38084268),293.0625,382.2087275727731,50000,100.00%,6313,159.58%,0,194.56,$4.79,OKC 2,SAS 1,user2,50,marvalshot,625,4665146614_2
Scotty Pippen Jr. (38084268),Stephon Castle (38084005),Kevin Huerter (38084121),Jabari Smith Jr. (38084102),Isaiah Hartenstein (38083966),Russell Westbrook (38084014),Trey Murphy III (38083947),Alperen Sengun (38083870),287.0875,372.7483378460361,49900,100.00%,10,93.63%,0,217.31,$2.81,HOU 2,MEM 1,user2,50,marvalshot,5933,4665146615_2
Stephon Castle (38084005),Cason Wallace (38084201),Trey Murphy III (38083947),Karlo Matkovic (38084160),Isaiah Hartenstein (38083966),Scotty Pippen Jr. (38084268),Jabari Smith Jr. (38084102),Giannis Antetokounmpo (38083860),292.195,381.4787863796558,49900,100.00%,2735,148.14%,0,187.17000000000002,$4.44,OKC 2,NOP 2,user3,50,marvalshot,1612,4665146606_3
Russell Westbrook (38084014),Stephon Castle (38084005),Justin Champagnie (38084078),Kenrich Williams (38084292),Alperen Sengun (38083870),Jordan Hawkins (38084276),Giannis Antetokounmpo (38083860),Scotty Pippen Jr. (38084268),290.025,387.56607827680375,49800,100.00%,606,120.48%,0,225.87,$3.61,DEN 1,SAS 1,user3,49,marvalshot,5333,4665146607_3
Shai Gilgeous-Alexander (38083864),Stephon Castle (38084005),Dillon Brooks (38084093),Justin Champagnie (38084078),Jabari Smith Jr. (38084102),Russell Westbrook (38084014),Trey Murphy III (38083947),Scotty Pippen Jr. (38084268),304.80749999999995,386.4026492959693,49900,100.00%,49999,5811.16%,6645,216.59000000000003,$174.33,HOU 2,OKC 1,user3,50,marvalshot,2881,4665146608_3
Shai Gilgeous-Alexander (38083864),Cason Wallace (38084201),Trey Murphy III (38083947),Jabari Smith Jr. (38084102),Isaiah Hartenstein (38083966),Scotty Pippen Jr. (38084268),Dillon Brooks (38084093),Stephon Castle (38084005),296.97249999999997,371.6314356756251,50000,100.00%,36774,228.07%,0,168.73000000000002,$6.84,OKC 3,HOU 2,user3,50,marvalshot,338,4665146609_3
Cason Wallace (38084201),Stephon Castle (38084005),Jaime Jaquez Jr. (38084296),Kenrich Williams (38084292),Jabari Smith Jr. (38084102),Scotty Pippen Jr. (38084268),Giannis Antetokounmpo (38083860),Shai Gilgeous-Alexander (38083864),301.23,387.87917610639283,49400,100.00%,49919,838.15%,25,203.87,$25.14,OKC 3,SAS 1,user3,50,marvalshot,135,4665146610_3
Shai Gilgeous-Alexander (38083864),Stephon Castle (38084005),Justin Champagnie (38084078),Jaime Jaquez Jr. (38084296),Jabari Smith Jr. (38084102),Scotty Pippen Jr. (38084268),Giannis Antetokounmpo (38083860),Blake Wesley (38084468),299.92749999999995,394.7226492959693,49700,100.00%,48704,386.71%,3,207.04,$11.6,SAS 2,OKC 1,user,47,marvalshot,1226,4665146611
Blake Wesley (38084468),Cason Wallace (38084201),Justin Champagnie (38084078),Jaime Jaquez Jr. (38084296),Alperen Sengun (38083870),Russell Westbrook (38084014),Giannis Antetokounmpo (38083860),Stephon Castle (38084005),300.1675,395.0204485336197,49800,100.00%,48286,664.22%,96,207.69,$19.93,SAS 2,OKC 1,user3,48,marvalshot,11849,4665146612_3
Scotty Pippen Jr. (38084268),Stephon Castle (38084005),Justin Champagnie (38084078),Karlo Matkovic (38084160),Isaiah Hartenstein (38083966),Russell Westbrook (38084014),Trey Murphy III (38083947),Alperen Sengun (38083870),285.5375,374.8083378460362,49900,100.00%,0,83.09%,0,211.82000000000002,$2.49,NOP 2,MEM 1,user3,50,marvalshot,7805,4665146613_3
Shai Gilgeous-Alexander (38083864),Stephon Castle (38084005),Kevin Huerter (38084121),Kenrich Williams (38084292),Giannis Antetokounmpo (38083860),Jordan Hawkins (38084276),Jabari Smith Jr. (38084102),Scotty Pippen Jr. (38084268),293.0625,382.2087275727731,50000,100.00%,6313,159.58%,0,194.56,$4.79,OKC 2,SAS 1,user3,50,marvalshot,625,4665146614_3
Scotty Pippen Jr. (38084268),Stephon Castle (38084005),Kevin Huerter (38084121),Jabari Smith Jr. (38084102),Isaiah Hartenstein (38083966),Russell Westbrook (38084014),Trey Murphy III (38083947),Alperen Sengun (38083870),287.0875,372.7483378460361,49900,100.00%,10,93.63%,0,217.31,$2.81,HOU 2,MEM 1,user3,50,marvalshot,5933,4665146615_3
Stephon Castle (38084005),Cason Wallace (38084201),Trey Murphy III (38083947),Karlo Matkovic (38084160),Isaiah Hartenstein (38083966),Scotty Pippen Jr. (38084268),Jabari Smith Jr. (38084102),Giannis Antetokounmpo (38083860),292.195,381.4787863796558,49900,100.00%,2735,148.14%,0,187.17000000000002,$4.44,OKC 2,NOP 2,user4,50,marvalshot,1612,4665146606_4
Russell Westbrook (38084014),Stephon Castle (38084005),Justin Champagnie (38084078),Kenrich Williams (38084292),Alperen Sengun (38083870),Jordan Hawkins (38084276),Giannis Antetokounmpo (38083860),Scotty Pippen Jr. (38084268),290.025,387.56607827680375,49800,100.00%,606,120.48%,0,225.87,$3.61,DEN 1,SAS 1,user4,49,marvalshot,5333,4665146607_4
Shai Gilgeous-Alexander (38083864),Stephon Castle (38084005),Dillon Brooks (38084093),Justin Champagnie (38084078),Jabari Smith Jr. (38084102),Russell Westbrook (38084014),Trey Murphy III (38083947),Scotty Pippen Jr. (38084268),304.80749999999995,386.4026492959693,49900,100.00%,49999,5811.16%,6645,216.59000000000003,$174.33,HOU 2,OKC 1,user4,50,marvalshot,2881,4665146608_4
Shai Gilgeous-Alexander (38083864),Cason Wallace (38084201),Trey Murphy III (38083947),Jabari Smith Jr. (38084102),Isaiah Hartenstein (38083966),Scotty Pippen Jr. (38084268),Dillon Brooks (38084093),Stephon Castle (38084005),296.97249999999997,371.6314356756251,50000,100.00%,36774,228.07%,0,168.73000000000002,$6.84,OKC 3,HOU 2,user4,50,marvalshot,338,4665146609_4
Cason Wallace (38084201),Stephon Castle (38084005),Jaime Jaquez Jr. (38084296),Kenrich Williams (38084292),Jabari Smith Jr. (38084102),Scotty Pippen Jr. (38084268),Giannis Antetokounmpo (38083860),Shai Gilgeous-Alexander (38083864),301.23,387.87917610639283,49400,100.00%,49919,838.15%,25,203.87,$25.14,OKC 3,SAS 1,user4,50,marvalshot,135,4665146610_4
Shai Gilgeous-Alexander (38083864),Stephon Castle (38084005),Justin Champagnie (38084078),Jaime Jaquez Jr. (38084296),Jabari Smith Jr. (38084102),Scotty Pippen Jr. (38084268),Giannis Antetokounmpo (38083860),Blake Wesley (38084468),299.92749999999995,394.7226492959693,49700,100.00%,48704,386.71%,3,207.04,$11.6,SAS 2,OKC 1,user4,47,marvalshot,1226,4665146611_4
Blake Wesley (38084468),Cason Wallace (38084201),Justin Champagnie (38084078),Jaime Jaquez Jr. (38084296),Alperen Sengun (38083870),Russell Westbrook (38084014),Giannis Antetokounmpo (38083860),Stephon Castle (38084005),300.1675,395.0204485336197,49800,100.00%,48286,664.22%,96,207.69,$19.93,SAS 2,OKC 1,user4,48,marvalshot,11849,4665146612_4
Scotty Pippen Jr. (38084268),Stephon Castle (38084005),Justin Champagnie (38084078),Karlo Matkovic (38084160),Isaiah Hartenstein (38083966),Russell Westbrook (38084014),Trey Murphy III (38083947),Alperen Sengun (38083870),285.5375,374.8083378460362,49900,100.00%,0,83.09%,0,211.82000000000002,$2.49,NOP 2,MEM 1,user4,50,marvalshot,7805,4665146613_4
Shai Gilgeous-Alexander (38083864),Stephon Castle (38084005),Kevin Huerter (38084121),Kenrich Williams (38084292),Giannis Antetokounmpo (38083860),Jordan Hawkins (38084276),Jabari Smith Jr. (38084102),Scotty Pippen Jr. (38084268),293.0625,382.2087275727731,50000,100.00%,6313,159.58%,0,194.56,$4.79,OKC 2,SAS 1,user4,50,marvalshot,625,4665146614_4
Scotty Pippen Jr. (38084268),Stephon Castle (38084005),Kevin Huerter (38084121),Jabari Smith Jr. (38084102),Isaiah Hartenstein (38083966),Russell Westbrook (38084014),Trey Murphy III (38083947),Alperen Sengun (38083870),287.0875,372.7483378460361,49900,100.00%,10,93.63%,0,217.31,$2.81,HOU 2,MEM 1,user4,50,marvalshot,5933,4665146615_4
Stephon Castle (38084005),Cason Wallace (38084201),Trey Murphy III (38083947),Karlo Matkovic (38084160),Isaiah Hartenstein (38083966),Scotty Pippen Jr. (38084268),Jabari Smith Jr. (38084102),Giannis Antetokounmpo (38083860),292.195,381.4787863796558,49900,100.00%,2735,148.14%,0,187.17000000000002,$4.44,OKC 2,NOP 2,user5,50,marvalshot,1612,4665146606_5
Russell Westbrook (38084014),Stephon Castle (38084005),Justin Champagnie (38084078),Kenrich Williams (38084292),Alperen Sengun (38083870),Jordan Hawkins (38084276),Giannis Antetokounmpo (38083860),Scotty Pippen Jr. (38084268),290.025,387.56607827680375,49800,100.00%,606,120.48%,0,225.87,$3.61,DEN 1,SAS 1,user5,49,marvalshot,5333,4665146607_5
Shai Gilgeous-Alexander (38083864),Stephon Castle (38084005),Dillon Brooks (38084093),Justin Champagnie (38084078),Jabari Smith Jr. (38084102),Russell Westbrook (38084014),Trey Murphy III (38083947),Scotty Pippen Jr. (38084268),304.80749999999995,386.4026492959693,49900,100.00%,49999,5811.16%,6645,216.59000000000003,$174.33,HOU 2,OKC 1,user5,50,marvalshot,2881,4665146608_5
Shai Gilgeous-Alexander (38083864),Cason Wallace (38084201),Trey Murphy III (38083947),Jabari Smith Jr. (38084102),Isaiah Hartenstein (38083966),Scotty Pippen Jr. (38084268),Dillon Brooks (38084093),Stephon Castle (38084005),296.97249999999997,371.6314356756251,50000,100.00%,36774,228.07%,0,168.73000000000002,$6.84,OKC 3,HOU 2,user5,50,marvalshot,338,4665146609_5
Cason Wallace (38084201),Stephon Castle (38084005),Jaime Jaquez Jr. (38084296),Kenrich Williams (38084292),Jabari Smith Jr. (38084102),Scotty Pippen Jr. (38084268),Giannis Antetokounmpo (38083860),Shai Gilgeous-Alexander (38083864),301.23,387.87917610639283,49400,100.00%,49919,838.15%,25,203.87,$25.14,OKC 3,SAS 1,user5,50,marvalshot,135,4665146610_5
Shai Gilgeous-Alexander (38083864),Stephon Castle (38084005),Justin Champagnie (38084078),Jaime Jaquez Jr. (38084296),Jabari Smith Jr. (38084102),Scotty Pippen Jr. (38084268),Giannis Antetokounmpo (38083860),Blake Wesley (38084468),299.92749999999995,394.7226492959693,49700,100.00%,48704,386.71%,3,207.04,$11.6,SAS 2,OKC 1,user5,47,marvalshot,1226,4665146611_5
Blake Wesley (38084468),Cason Wallace (38084201),Justin Champagnie (38084078),Jaime Jaquez Jr. (38084296),Alperen Sengun (38083870),Russell Westbrook (38084014),Giannis Antetokounmpo (38083860),Stephon Castle (38084005),300.1675,395.0204485336197,49800,100.00%,48286,664.22%,96,207.69,$19.93,SAS 2,OKC 1,user5,48,marvalshot,11849,4665146612_5
Scotty Pippen Jr. (38084268),Stephon Castle (38084005),Justin Champagnie (38084078),Karlo Matkovic (38084160),Isaiah Hartenstein (38083966),Russell Westbrook (38084014),Trey Murphy III (38083947),Alperen Sengun (38083870),285.5375,374.8083378460362,49900,100.00%,0,83.09%,0,211.82000000000002,$2.49,NOP 2,MEM 1,user5,50,marvalshot,7805,4665146613_5
Shai Gilgeous-Alexander (38083864),Stephon Castle (38084005),Kevin Huerter (38084121),Kenrich Williams (38084292),Giannis Antetokounmpo (38083860),Jordan Hawkins (38084276),Jabari Smith Jr. (38084102),Scotty Pippen Jr. (38084268),293.0625,382.2087275727731,50000,100.00%,6313,159.58%,0,194.56,$4.79,OKC 2,SAS 1,user5,50,marvalshot,625,4665146614_5
Scotty Pippen Jr. (38084268),Stephon Castle (38084005),Kevin Huerter (38084121),Jabari Smith Jr. (38084102),Isaiah Hartenstein (38083966),Russell Westbrook (38084014),Trey Murphy III (38083947),Alperen Sengun (38083870),287.0875,372.7483378460361,49900,100.00%,10,93.63%,0,217.31,$2.81,HOU 2,MEM 1,user5,50,marvalshot,5933,4665146615_5
Stephon Castle (38084005),Cason Wallace (38084201),Trey Murphy III (38083947),Karlo Matkovic (38084160),Isaiah Hartenstein (38083966),Scotty Pippen Jr. (38084268),Jabari Smith Jr. (38084102),Giannis Antetokounmpo (38083860),292.195,381.4787863796558,49900,100.00%,2735,148.14%,0,187.17000000000002,$4.44,OKC 2,NOP 2,user6,50,marvalshot,1612,4665146606_6
Russell Westbrook (38084014),Stephon Castle (38084005),Justin Champagnie (38084078),Kenrich Williams (38084292),Alperen Sengun (38083870),Jordan Hawkins (38084276),Giannis Antetokounmpo (38083860),Scotty Pippen Jr. (38084268),290.025,387.56607827680375,49800,100.00%,606,120.48%,0,225.87,$3.61,DEN 1,SAS 1,user6,49,marvalshot,5333,4665146607_6
Shai Gilgeous-Alexander (38083864),Stephon Castle (38084005),Dillon Brooks (38084093),Justin Champagnie (38084078),Jabari Smith Jr. (38084102),Russell Westbrook (38084014),Trey Murphy III (38083947),Scotty Pippen Jr. (38084268),304.80749999999995,386.4026492959693,49900,100.00%,49999,5811.16%,6645,216.59000000000003,$174.33,HOU 2,OKC 1,user6,50,marvalshot,2881,4665146608_6
Shai Gilgeous-Alexander (38083864),Cason Wallace (38084201),Trey Murphy III (38083947),Jabari Smith Jr. (38084102),Isaiah Hartenstein (38083966),Scotty Pippen Jr. (38084268),Dillon Brooks (38084093),Stephon Castle (38084005),296.97249999999997,371.6314356756251,50000,100.00%,36774,228.07%,0,168.73000000000002,$6.84,OKC 3,HOU 2,user6,50,marvalshot,338,4665146609_6
Cason Wallace (38084201),Stephon Castle (38084005),Jaime Jaquez Jr. (38084296),Kenrich Williams (38084292),Jabari Smith Jr. (38084102),Scotty Pippen Jr. (38084268),Giannis Antetokounmpo (38083860),Shai Gilgeous-Alexander (38083864),301.23,387.87917610639283,49400,100.00%,49919,838.15%,25,203.87,$25.14,OKC 3,SAS 1,user6,50,marvalshot,135,4665146610_6
Shai Gilgeous-Alexander (38083864),Stephon Castle (38084005),Justin Champagnie (38084078),Jaime Jaquez Jr. (38084296),Jabari Smith Jr. (38084102),Scotty Pippen Jr. (38084268),Giannis Antetokounmpo (38083860),Blake Wesley (38084468),299.92749999999995,394.7226492959693,49700,100.00%,48704,386.71%,3,207.04,$11.6,SAS 2,OKC 1,user6,47,marvalshot,1226,4665146611_6
Blake Wesley (38084468),Cason Wallace (38084201),Justin Champagnie (38084078),Jaime Jaquez Jr. (38084296),Alperen Sengun (38083870),Russell Westbrook (38084014),Giannis Antetokounmpo (38083860),Stephon Castle (38084005),300.1675,395.0204485336197,49800,100.00%,48286,664.22%,96,207.69,$19.93,SAS 2,OKC 1,user6,48,marvalshot,11849,4665146612_6
Scotty Pippen Jr. (38084268),Stephon Castle (38084005),Justin Champagnie (38084078),Karlo Matkovic (38084160),Isaiah Hartenstein (38083966),Russell Westbrook (38084014),Trey Murphy III (38083947),Alperen Sengun (38083870),285.5375,374.8083378460362,49900,100.00%,0,83.09%,0,211.82000000000002,$2.49,NOP 2,MEM 1,user6,50,marvalshot,7805,4665146613_6
Shai Gilgeous-Alexander (38083864),Stephon Castle (38084005),Kevin Huerter (38084121),Kenrich Williams (38084292),Giannis Antetokounmpo (38083860),Jordan Hawkins (38084276),Jabari Smith Jr. (38084102),Scotty Pippen Jr. (38084268),293.0625,382.2087275727731,50000,100.00%,6313,159.58%,0,194.56,$4.79,OKC 2,SAS 1,user6,50,marvalshot,625,4665146614_6
Scotty Pippen Jr. (38084268),Stephon Castle (38084005),Kevin Huerter (38084121),Jabari Smith Jr. (38084102),Isaiah Hartenstein (38083966),Russell Westbrook (38084014),Trey Murphy III (38083947),Alperen Sengun (38083870),287.0875,372.7483378460361,49900,100.00%,10,93.63%,0,217.31,$2.81,HOU 2,MEM 1,user6,50,marvalshot,5933,4665146615_6
Stephon Castle (38084005),Cason Wallace (38084201),Trey Murphy III (38083947),Karlo Matkovic (38084160),Isaiah Hartenstein (38083966),Scotty Pippen Jr. (38084268),Jabari Smith Jr. (38084102),Giannis Antetokounmpo (38083860),292.195,381.4787863796558,49900,100.00%,2735,148.14%,0,187.17000000000002,$4.44,OKC 2,NOP 2,user7,50,marvalshot,1612,4665146606_7
Russell Westbrook (38084014),Stephon Castle (38084005),Justin Champagnie (38084078),Kenrich Williams (38084292),Alperen Sengun (38083870),Jordan Hawkins (38084276),Giannis Antetokounmpo (38083860),Scotty Pippen Jr. (38084268),290.025,387.56607827680375,49800,100.00%,606,120.48%,0,225.87,$3.61,DEN 1,SAS 1,user7,49,marvalshot,5333,4665146607_7
Shai Gilgeous-Alexander (38083864),Stephon Castle (38084005),Dillon Brooks (38084093),Justin Champagnie (38084078),Jabari Smith Jr. (38084102),Russell Westbrook (38084014),Trey Murphy III (38083947),Scotty Pippen Jr. (38084268),304.80749999999995,386.4026492959693,49900,100.00%,49999,5811.16%,6645,216.59000000000003,$174.33,HOU 2,OKC 1,user7,50,marvalshot,2881,4665146608_7
Shai Gilgeous-Alexander (38083864),Cason Wallace (38084201),Trey Murphy III (38083947),Jabari Smith Jr. (38084102),Isaiah Hartenstein (38083966),Scotty Pippen Jr. (38084268),Dillon Brooks (38084093),Stephon Castle (38084005),296.97249999999997,371.6314356756251,50000,100.00%,36774,228.07%,0,168.73000000000002,$6.84,OKC 3,HOU 2,user7,50,marvalshot,338,4665146609_7
Cason Wallace (38084201),Stephon Castle (38084005),Jaime Jaquez Jr. (38084296),Kenrich Williams (38084292),Jabari Smith Jr. (38084102),Scotty Pippen Jr. (38084268),Giannis Antetokounmpo (38083860),Shai Gilgeous-Alexander (38083864),301.23,387.87917610639283,49400,100.00%,49919,838.15%,25,203.87,$25.14,OKC 3,SAS 1,user7,50,marvalshot,135,4665146610_7
Shai Gilgeous-Alexander (38083864),Stephon Castle (38084005),Justin Champagnie (38084078),Jaime Jaquez Jr. (38084296),Jabari Smith Jr. (38084102),Scotty Pippen Jr. (38084268),Giannis Antetokounmpo (38083860),Blake Wesley (38084468),299.92749999999995,394.7226492959693,49700,100.00%,48704,386.71%,3,207.04,$11.6,SAS 2,OKC 1,user7,47,marvalshot,1226,4665146611_7
Blake Wesley (38084468),Cason Wallace (38084201),Justin Champagnie (38084078),Jaime Jaquez Jr. (38084296),Alperen Sengun (38083870),Russell Westbrook (38084014),Giannis Antetokounmpo (38083860),Stephon Castle (38084005),300.1675,395.0204485336197,49800,100.00%,48286,664.22%,96,207.69,$19.93,SAS 2,OKC 1,user7,48,marvalshot,11849,4665146612_7
Scotty Pippen Jr. (38084268),Stephon Castle (38084005),Justin Champagnie (38084078),Karlo Matkovic (38084160),Isaiah Hartenstein (38083966),Russell Westbrook (38084014),Trey Murphy III (38083947),Alperen Sengun (38083870),285.5375,374.8083378460362,49900,100.00%,0,83.09%,0,211.82000000000002,$2.49,NOP 2,MEM 1,user7,50,marvalshot,7805,4665146613_7
Shai Gilgeous-Alexander (38083864),Stephon Castle (38084005),Kevin Huerter (38084121),Kenrich Williams (38084292),Giannis Antetokounmpo (38083860),Jordan Hawkins (38084276),Jabari Smith Jr. (38084102),Scotty Pippen Jr. (38084268),293.0625,382.2087275727731,50000,100.00%,6313,159.58%,0,194.56,$4.79,OKC 2,SAS 1,user7,50,marvalshot,625,4665146614_7
Scotty Pippen Jr. (38084268),Stephon Castle (38084005),Kevin Huerter (38084121),Jabari Smith Jr. (38084102),Isaiah Hartenstein (38083966),Russell Westbrook (38084014),Trey Murphy III (38083947),Alperen Sengun (38083870),287.0875,372.7483378460361,49900,100.00%,10,93.63%,0,217.31,$2.81,HOU 2,MEM 1,user7,50,marvalshot,5933,4665146615_7
Stephon Castle (38084005),Cason Wallace (38084201),Trey Murphy III (38083947),Karlo Matkovic (38084160),Isaiah Hartenstein (38083966),Scotty Pippen Jr. (38084268),Jabari Smith Jr. (38084102),Giannis Antetokounmpo (38083860),292.195,381.4787863796558,49900,100.00%,2735,148.14%,0,187.17000000000002,$4.44,OKC 2,NOP 2,user8,50,marvalshot,1612,4665146606_8
Russell Westbrook (38084014),Stephon Castle (38084005),Justin Champagnie (38084078),Kenrich Williams (38084292),Alperen Sengun (38083870),Jordan Hawkins (38084276),Giannis Antetokounmpo (38083860),Scotty Pippen Jr. (38084268),290.025,387.56607827680375,49800,100.00%,606,120.48%,0,225.87,$3.61,DEN 1,SAS 1,user8,49,marvalshot,5333,4665146607_8
Shai Gilgeous-Alexander (38083864),Stephon Castle (38084005),Dillon Brooks (38084093),Justin Champagnie (38084078),Jabari Smith Jr. (38084102),Russell Westbrook (38084014),Trey Murphy III (38083947),Scotty Pippen Jr. (38084268),304.80749999999995,386.4026492959693,49900,100.00%,49999,5811.16%,6645,216.59000000000003,$174.33,HOU 2,OKC 1,user8,50,marvalshot,2881,4665146608_8
Shai Gilgeous-Alexander (38083864),Cason Wallace (38084201),Trey Murphy III (38083947),Jabari Smith Jr. (38084102),Isaiah Hartenstein (38083966),Scotty Pippen Jr. (38084268),Dillon Brooks (38084093),Stephon Castle (38084005),296.97249999999997,371.6314356756251,50000,100.00%,36774,228.07%,0,168.73000000000002,$6.84,OKC 3,HOU 2,user8,50,marvalshot,338,4665146609_8
Cason Wallace (38084201),Stephon Castle (38084005),Jaime Jaquez Jr. (38084296),Kenrich Williams (38084292),Jabari Smith Jr. (38084102),Scotty Pippen Jr. (38084268),Giannis Antetokounmpo (38083860),Shai Gilgeous-Alexander (38083864),301.23,387.87917610639283,49400,100.00%,49919,838.15%,25,203.87,$25.14,OKC 3,SAS 1,user8,50,marvalshot,135,4665146610_8
Shai Gilgeous-Alexander (38083864),Stephon Castle (38084005),Justin Champagnie (38084078),Jaime Jaquez Jr. (38084296),Jabari Smith Jr. (38084102),Scotty Pippen Jr. (38084268),Giannis Antetokounmpo (38083860),Blake Wesley (38084468),299.92749999999995,394.7226492959693,49700,100.00%,48704,386.71%,3,207.04,$11.6,SAS 2,OKC 1,user8,47,marvalshot,1226,4665146611_8
Blake Wesley (38084468),Cason Wallace (38084201),Justin Champagnie (38084078),Jaime Jaquez Jr. (38084296),Alperen Sengun (38083870),Russell Westbrook (38084014),Giannis Antetokounmpo (38083860),Stephon Castle (38084005),300.1675,395.0204485336197,49800,100.00%,48286,664.22%,96,207.69,$19.93,SAS 2,OKC 1,user8,48,marvalshot,11849,4665146612_8
Scotty Pippen Jr. (38084268),Stephon Castle (38084005),Justin Champagnie (38084078),Karlo Matkovic (38084160),Isaiah Hartenstein (38083966),Russell Westbrook (38084014),Trey Murphy III (38083947),Alperen Sengun (38083870),285.5375,374.8083378460362,49900,100.00%,0,83.09%,0,211.82000000000002,$2.49,NOP 2,MEM 1,user8,50,marvalshot,7805,4665146613_8
Shai Gilgeous-Alexander (38083864),Stephon Castle (38084005),Kevin Huerter (38084121),Kenrich Williams (38084292),Giannis Antetokounmpo (38083860),Jordan Hawkins (38084276),Jabari Smith Jr. (38084102),Scotty Pippen Jr. (38084268),293.0625,382.2087275727731,50000,100.00%,6313,159.58%,0,194.56,$4.79,OKC 2,SAS 1,user8,50,marvalshot,625,4665146614_8
Scotty Pippen Jr. (38084268),Stephon Castle (38084005),Kevin Huerter (38084121),Jabari Smith Jr. (38084102),Isaiah Hartenstein (38083966),Russell Westbrook (38084014),Trey Murphy III (38083947),Alperen Sengun (38083870),287.0875,372.7483378460361,49900,100.00%,10,93.63%,0,217.31,$2.81,HOU 2,MEM 1,user8,50,marvalshot,5933,4665146615_8
Stephon Castle (38084005),Cason Wallace (38084201),Trey Murphy III (38083947),Karlo Matkovic (38084160),Isaiah Hartenstein (38083966),Scotty Pippen Jr. (38084268),Jabari Smith Jr. (38084102),Giannis Antetokounmpo (38083860),292.195,381.4787863796558,49900,100.00%,2735,148.14%,0,187.17000000000002,$4.44,OKC 2,NOP 2,user9,50,marvalshot,1612,4665146606_9
Russell Westbrook (38084014),Stephon Castle (38084005),Justin Champagnie (38084078),Kenrich Williams (38084292),Alperen Sengun (38083870),Jordan Hawkins (38084276),Giannis Antetokounmpo (38083860),Scotty Pippen Jr. (38084268),290.025,387.56607827680375,49800,100.00%,606,120.48%,0,225.87,$3.61,DEN 1,SAS 1,user9,49,marvalshot,5333,4665146607_9
Shai Gilgeous-Alexander (38083864),Stephon Castle (38084005),Dillon Brooks (38084093),Justin Champagnie (38084078),Jabari Smith Jr. (38084102),Russell Westbrook (38084014),Trey Murphy III (38083947),Scotty Pippen Jr. (38084268),304.80749999999995,386.4026492959693,49900,100.00%,49999,5811.16%,6645,216.59000000000003,$174.33,HOU 2,OKC 1,user9,50,marvalshot,2881,4665146608_9
Shai Gilgeous-Alexander (38083864),Cason Wallace (38084201),Trey Murphy III (38083947),Jabari Smith Jr. (38084102),Isaiah Hartenstein (38083966),Scotty Pippen Jr. (38084268),Dillon Brooks (38084093),Stephon Castle (38084005),296.97249999999997,371.6314356756251,50000,100.00%,36774,228.07%,0,168.73000000000002,$6.84,OKC 3,HOU 2,user9,50,marvalshot,338,4665146609_9
Cason Wallace (38084201),Stephon Castle (38084005),Jaime Jaquez Jr. (38084296),Kenrich Williams (38084292),Jabari Smith Jr. (38084102),Scotty Pippen Jr. (38084268),Giannis Antetokounmpo (38083860),Shai Gilgeous-Alexander (38083864),301.23,387.87917610639283,49400,100.00%,49919,838.15%,25,203.87,$25.14,OKC 3,SAS 1,user9,50,marvalshot,135,4665146610_9
Shai Gilgeous-Alexander (38083864),Stephon Castle (38084005),Justin Champagnie (38084078),Jaime Jaquez Jr. (38084296),Jabari Smith Jr. (38084102),Scotty Pippen Jr. (38084268),Giannis Antetokounmpo (38083860),Blake Wesley (38084468),299.92749999999995,394.7226492959693,49700,100.00%,48704,386.71%,3,207.04,$11.6,SAS 2,OKC 1,user9,47,marvalshot,1226,4665146611_9
Blake Wesley (38084468),Cason Wallace (38084201),Justin Champagnie (38084078),Jaime Jaquez Jr. (38084296),Alperen Sengun (38083870),Russell Westbrook (38084014),Giannis Antetokounmpo (38083860),Stephon Castle (38084005),300.1675,395.0204485336197,49800,100.00%,48286,664.22%,96,207.69,$19.93,SAS 2,OKC 1,user9,48,marvalshot,11849,4665146612_9
Scotty Pippen Jr. (38084268),Stephon Castle (38084005),Justin Champagnie (38084078),Karlo Matkovic (38084160),Isaiah Hartenstein (38083966),Russell Westbrook (38084014),Trey Murphy III (38083947),Alperen Sengun (38083870),285.5375,374.8083378460362,49900,100.00%,0,83.09%,0,211.82000000000002,$2.49,NOP 2,MEM 1,user9,50,marvalshot,7805,4665146613_9
Shai Gilgeous-Alexander (38083864),Stephon Castle (38084005),Kevin Huerter (38084121),Kenrich Williams (38084292),Giannis Antetokounmpo (38083860),Jordan Hawkins (38084276),Jabari Smith Jr. (38084102),Scotty Pippen Jr. (38084268),293.0625,382.2087275727731,50000,100.00%,6313,159.58%,0,194.56,$4.79,OKC 2,SAS 1,user9,50,marvalshot,625,4665146614_9
Scotty Pippen Jr. (38084268),Stephon Castle (38084005),Kevin Huerter (38084121),Jabari Smith Jr. (38084102),Isaiah Hartenstein (38083966),Russell Westbrook (38084014),Trey Murphy III (38083947),Alperen Sengun (38083870),287.0875,372.7483378460361,49900,100.00%,10,93.63%,0,217.31,$2.81,HOU 2,MEM 1,user9,50,marvalshot,5933,4665146615_9
Stephon Castle (38084005),Cason Wallace (38084201),Trey Murphy III (38083947),Karlo Matkovic (38084160),Isaiah Hartenstein (38083966),Scotty Pippen Jr. (38084268),Jabari Smith Jr. (38084102),Giannis Antetokounmpo (38083860),292.195,381.4787863796558,49900,100.00%,2735,148.14%,0,187.17000000000002,$4.44,OKC 2,NOP 2,user10,50,marvalshot,1612,4665146606_10
Russell Westbrook (38084014),Stephon Castle (38084005),Justin Champagnie (38084078),Kenrich Williams (38084292),Alperen Sengun (38083870),Jordan Hawkins (38084276),Giannis Antetokounmpo (38083860),Scotty Pippen Jr. (38084268),290.025,387.56607827680375,49800,100.00%,606,120.48%,0,225.87,$3.61,DEN 1,SAS 1,user10,49,marvalshot,5333,4665146607_10
Shai Gilgeous-Alexander (38083864),Stephon Castle (38084005),Dillon Brooks (38084093),Justin Champagnie (38084078),Jabari Smith Jr. (38084102),Russell Westbrook (38084014),Trey Murphy III (38083947),Scotty Pippen Jr. (38084268),304.80749999999995,386.4026492959693,49900,100.00%,49999,5811.16%,6645,216.59000000000003,$174.33,HOU 2,OKC 1,user10,50,marvalshot,2881,4665146608_10
Shai Gilgeous-Alexander (38083864),Cason Wallace (38084201),Trey Murphy III (38083947),Jabari Smith Jr. (38084102),Isaiah Hartenstein (38083966),Scotty Pippen Jr. (38084268),Dillon Brooks (38084093),Stephon Castle (38084005),296.97249999999997,371.6314356756251,50000,100.00%,36774,228.07%,0,168.73000000000002,$6.84,OKC 3,HOU 2,user10,50,marvalshot,338,4665146609_10
Cason Wallace (38084201),Stephon Castle (38084005),Jaime Jaquez Jr. (38084296),Kenrich Williams (38084292),Jabari Smith Jr. (38084102),Scotty Pippen Jr. (38084268),Giannis Antetokounmpo (38083860),Shai Gilgeous-Alexander (38083864),301.23,387.87917610639283,49400,100.00%,49919,838.15%,25,203.87,$25.14,OKC 3,SAS 1,user10,50,marvalshot,135,4665146610_10
Shai Gilgeous-Alexander (38083864),Stephon Castle (38084005),Justin Champagnie (38084078),Jaime Jaquez Jr. (38084296),Jabari Smith Jr. (38084102),Scotty Pippen Jr. (38084268),Giannis Antetokounmpo (38083860),Blake Wesley (38084468),299.92749999999995,394.7226492959693,49700,100.00%,48704,386.71%,3,207.04,$11.6,SAS 2,OKC 1,user10,47,marvalshot,1226,4665146611_10
Blake Wesley (38084468),Cason Wallace (38084201),Justin Champagnie (38084078),Jaime Jaquez Jr. (38084296),Alperen Sengun (38083870),Russell Westbrook (38084014),Giannis Antetokounmpo (38083860),Stephon Castle (38084005),300.1675,395.0204485336197,49800,100.00%,48286,664.22%,96,207.69,$19.93,SAS 2,OKC 1,user10,48,marvalshot,11849,4665146612_10
Scotty Pippen Jr. (38084268),Stephon Castle (38084005),Justin Champagnie (38084078),Karlo Matkovic (38084160),Isaiah Hartenstein (38083966),Russell Westbrook (38084014),Trey Murphy III (38083947),Alperen Sengun (38083870),285.5375,374.8083378460362,49900,100.00%,0,83.09%,0,211.82000000000002,$2.49,NOP 2,MEM 1,user10,50,marvalshot,7805,4665146613_10
Shai Gilgeous-Alexander (38083864),Stephon Castle (38084005),Kevin Huerter (38084121),Kenrich Williams (38084292),Giannis Antetokounmpo (38083860),Jordan Hawkins (38084276),Jabari Smith Jr. (38084102),Scotty Pippen Jr. (38084268),293.0625,382.2087275727731,50000,100.00%,6313,159.58%,0,194.56,$4.79,OKC 2,SAS 1,user10,50,marvalshot,625,4665146614_10
Scotty Pippen Jr. (38084268),Stephon Castle (38084005),Kevin Huerter (38084121),Jabari Smith Jr. (38084102),Isaiah Hartenstein (38083966),Russell Westbrook (38084014),Trey Murphy III (38083947),Alperen Sengun (38083870),287.0875,372.7483378460361,49900,100.00%,10,93.63%,0,217.31,$2.81,HOU 2,MEM 1,user10,50,marvalshot,5933,4665146615_10
Stephon Castle (38084005),Cason Wallace (38084201),Trey Murphy III (38083947),Karlo Matkovic (38084160),Isaiah Hartenstein (38083966),Scotty Pippen Jr. (38084268),Jabari Smith Jr. (38084102),Giannis Antetokounmpo (38083860),292.195,381.4787863796558,49900,100.00%,2735,148.14%,0,187.17000000000002,$4.44,OKC 2,NOP 2,user11,50,marvalshot,1612,4665146606_11
Russell Westbrook (38084014),Stephon Castle (38084005),Justin Champagnie (38084078),Kenrich Williams (38084292),Alperen Sengun (38083870),Jordan Hawkins (38084276),Giannis Antetokounmpo (38083860),Scotty Pippen Jr. (38084268),290.025,387.56607827680375,49800,100.00%,606,120.48%,0,225.87,$3.61,DEN 1,SAS 1,user11,49,marvalshot,5333,4665146607_11
Shai Gilgeous-Alexander (38083864),Stephon Castle (38084005),Dillon Brooks (38084093),Justin Champagnie (38084078),Jabari Smith Jr. (38084102),Russell Westbrook (38084014),Trey Murphy III (38083947),Scotty Pippen Jr. (38084268),304.80749999999995,386.4026492959693,49900,100.00%,49999,5811.16%,6645,216.59000000000003,$174.33,HOU 2,OKC 1,user11,50,marvalshot,2881,4665146608_11
Shai Gilgeous-Alexander (38083864),Cason Wallace (38084201),Trey Murphy III (38083947),Jabari Smith Jr. (38084102),Isaiah Hartenstein (38083966),Scotty Pippen Jr. (38084268),Dillon Brooks (38084093),Stephon Castle (38084005),296.97249999999997,371.6314356756251,50000,100.00%,36774,228.07%,0,168.73000000000002,$6.84,OKC 3,HOU 2,user11,50,marvalshot,338,4665146609_11
Cason Wallace (38084201),Stephon Castle (38084005),Jaime Jaquez Jr. (38084296),Kenrich Williams (38084292),Jabari Smith Jr. (38084102),Scotty Pippen Jr. (38084268),Giannis Antetokounmpo (38083860),Shai Gilgeous-Alexander (38083864),301.23,387.87917610639283,49400,100.00%,49919,838.15%,25,203.87,$25.14,OKC 3,SAS 1,user11,50,marvalshot,135,4665146610_11
Shai Gilgeous-Alexander (38083864),Stephon Castle (38084005),Justin Champagnie (38084078),Jaime Jaquez Jr. (38084296),Jabari Smith Jr. (38084102),Scotty Pippen Jr. (38084268),Giannis Antetokounmpo (38083860),Blake Wesley (38084468),299.92749999999995,394.7226492959693,49700,100.00%,48704,386.71%,3,207.04,$11.6,SAS 2,OKC 1,user11,47,marvalshot,1226,4665146611_11
Blake Wesley (38084468),Cason Wallace (38084201),Justin Champagnie (38084078),Jaime Jaquez Jr. (38084296),Alperen Sengun (38083870),Russell Westbrook (38084014),Giannis Antetokounmpo (38083860),Stephon Castle (38084005),300.1675,395.0204485336197,49800,100.00%,48286,664.22%,96,207.69,$19.93,SAS 2,OKC 1,user11,48,marvalshot,11849,4665146612_11
Scotty Pippen Jr. (38084268),Stephon Castle (38084005),Justin Champagnie (38084078),Karlo Matkovic (38084160),Isaiah Hartenstein (38083966),Russell Westbrook (38084014),Trey Murphy III (38083947),Alperen Sengun (38083870),285.5375,374.8083378460362,49900,100.00%,0,83.09%,0,211.82000000000002,$2.49,NOP 2,MEM 1,user11,50,marvalshot,7805,4665146613_11
Shai Gilgeous-Alexander (38083864),Stephon Castle (38084005),Kevin Huerter (38084121),Kenrich Williams (38084292),Giannis Antetokounmpo (38083860),Jordan Hawkins (38084276),Jabari Smith Jr. (38084102),Scotty Pippen Jr. (38084268),293.0625,382.2087275727731,50000,100.00%,6313,159.58%,0,194.56,$4.79,OKC 2,SAS 1,user11,50,marvalshot,625,4665146614_11
Scotty Pippen Jr. (38084268),Stephon Castle (38084005),Kevin Huerter (38084121),Jabari Smith Jr. (38084102),Isaiah Hartenstein (38083966),Russell Westbrook (38084014),Trey Murphy III (38083947),Alperen Sengun (38083870),287.0875,372.7483378460361,49900,100.00%,10,93.63%,0,217.31,$2.81,HOU 2,MEM 1,user11,50,marvalshot,5933,4665146615_11
Stephon Castle (38084005),Cason Wallace (38084201),Trey Murphy III (38083947),Karlo Matkovic (38084160),Isaiah Hartenstein (38083966),Scotty Pippen Jr. (38084268),Jabari Smith Jr. (38084102),Giannis Antetokounmpo (38083860),292.195,381.4787863796558,49900,100.00%,2735,148.14%,0,187.17000000000002,$4.44,OKC 2,NOP 2,user12,50,marvalshot,1612,4665146606_12
Russell Westbrook (38084014),Stephon Castle (38084005),Justin Champagnie (38084078),Kenrich Williams (38084292),Alperen Sengun (38083870),Jordan Hawkins (38084276),Giannis Antetokounmpo (38083860),Scotty Pippen Jr. (38084268),290.025,387.56607827680375,49800,100.00%,606,120.48%,0,225.87,$3.61,DEN 1,SAS 1,user12,49,marvalshot,5333,4665146607_12
Shai Gilgeous-Alexander (38083864),Stephon Castle (38084005),Dillon Brooks (38084093),Justin Champagnie (38084078),Jabari Smith Jr. (38084102),Russell Westbrook (38084014),Trey Murphy III (38083947),Scotty Pippen Jr. (38084268),304.80749999999995,386.4026492959693,49900,100.00%,49999,5811.16%,6645,216.59000000000003,$174.33,HOU 2,OKC 1,user12,50,marvalshot,2881,4665146608_12
Shai Gilgeous-Alexander (38083864),Cason Wallace (38084201),Trey Murphy III (38083947),Jabari Smith Jr. (38084102),Isaiah Hartenstein (38083966),Scotty Pippen Jr. (38084268),Dillon Brooks (38084093),Stephon Castle (38084005),296.97249999999997,371.6314356756251,50000,100.00%,36774,228.07%,0,168.73000000000002,$6.84,OKC 3,HOU 2,user12,50,marvalshot,338,4665146609_12
Cason Wallace (38084201),Stephon Castle (38084005),Jaime Jaquez Jr. (38084296),Kenrich Williams (38084292),Jabari Smith Jr. (38084102),Scotty Pippen Jr. (38084268),Giannis Antetokounmpo (38083860),Shai Gilgeous-Alexander (38083864),301.23,387.87917610639283,49400,100.00%,49919,838.15%,25,203.87,$25.14,OKC 3,SAS 1,user12,50,marvalshot,135,4665146610_12
Shai Gilgeous-Alexander (38083864),Stephon Castle (38084005),Justin Champagnie (38084078),Jaime Jaquez Jr. (38084296),Jabari Smith Jr. (38084102),Scotty Pippen Jr. (38084268),Giannis Antetokounmpo (38083860),Blake Wesley (38084468),299.92749999999995,394.7226492959693,49700,100.00%,48704,386.71%,3,207.04,$11.6,SAS 2,OKC 1,user12,47,marvalshot,1226,4665146611_12
Blake Wesley (38084468),Cason Wallace (38084201),Justin Champagnie (38084078),Jaime Jaquez Jr. (38084296),Alperen Sengun (38083870),Russell Westbrook (38084014),Giannis Antetokounmpo (38083860),Stephon Castle (38084005),300.1675,395.0204485336197,49800,100.00%,48286,664.22%,96,207.69,$19.93,SAS 2,OKC 1,user12,48,marvalshot,11849,4665146612_12
Scotty Pippen Jr. (38084268),Stephon Castle (38084005),Justin Champagnie (38084078),Karlo Matkovic (38084160),Isaiah Hartenstein (38083966),Russell Westbrook (38084014),Trey Murphy III (38083947),Alperen Sengun (38083870),285.5375,374.8083378460362,49900,100.00%,0,83.09%,0,211.82000000000002,$2.49,NOP 2,MEM 1,user12,50,marvalshot,7805,4665146613_12
Shai Gilgeous-Alexander (38083864),Stephon Castle (38084005),Kevin Huerter (38084121),Kenrich Williams (38084292),Giannis Antetokounmpo (38083860),Jordan Hawkins (38084276),Jabari Smith Jr. (38084102),Scotty Pippen Jr. (38084268),293.0625,382.2087275727731,50000,100.00%,6313,159.58%,0,194.56,$4.79,OKC 2,SAS 1,user12,50,marvalshot,625,4665146614_12
Scotty Pippen Jr. (38084268),Stephon Castle (38084005),Kevin Huerter (38084121),Jabari Smith Jr. (38084102),Isaiah Hartenstein (38083966),Russell Westbrook (38084014),Trey Murphy III (38083947),Alperen Sengun (38083870),287.0875,372.7483378460361,49900,100.00%,10,93.63%,0,217.31,$2.81,HOU 2,MEM 1,user12,50,marvalshot,5933,4665146615_12
Stephon Castle (38084005),Cason Wallace (38084201),Trey Murphy III (38083947),Karlo Matkovic (38084160),Isaiah Hartenstein (38083966),Scotty Pippen Jr. (38084268),Jabari Smith Jr. (38084102),Giannis Antetokounmpo (38083860),292.195,381.4787863796558,49900,100.00%,2735,148.14%,0,187.17000000000002,$4.44,OKC 2,NOP 2,user13,50,marvalshot,1612,4665146606_13
Russell Westbrook (38084014),Stephon Castle (38084005),Justin Champagnie (38084078),Kenrich Williams (38084292),Alperen Sengun (38083870),Jordan Hawkins (38084276),Giannis Antetokounmpo (38083860),Scotty Pippen Jr. (38084268),290.025,387.56607827680375,49800,100.00%,606,120.48%,0,225.87,$3.61,DEN 1,SAS 1,user13,49,marvalshot,5333,4665146607_13
Shai Gilgeous-Alexander (38083864),Stephon Castle (38084005),Dillon Brooks (38084093),Justin Champagnie (38084078),Jabari Smith Jr. (38084102),Russell Westbrook (38084014),Trey Murphy III (38083947),Scotty Pippen Jr. (38084268),304.80749999999995,386.4026492959693,49900,100.00%,49999,5811.16%,6645,216.59000000000003,$174.33,HOU 2,OKC 1,user13,50,marvalshot,2881,4665146608_13
Shai Gilgeous-Alexander (38083864),Cason Wallace (38084201),Trey Murphy III (38083947),Jabari Smith Jr. (38084102),Isaiah Hartenstein (38083966),Scotty Pippen Jr. (38084268),Dillon Brooks (38084093),Stephon Castle (38084005),296.97249999999997,371.6314356756251,50000,100.00%,36774,228.07%,0,168.73000000000002,$6.84,OKC 3,HOU 2,user13,50,marvalshot,338,4665146609_13
Cason Wallace (38084201),Stephon Castle (38084005),Jaime Jaquez Jr. (38084296),Kenrich Williams (38084292),Jabari Smith Jr. (38084102),Scotty Pippen Jr. (38084268),Giannis Antetokounmpo (38083860),Shai Gilgeous-Alexander (38083864),301.23,387.87917610639283,49400,100.00%,49919,838.15%,25,203.87,$25.14,OKC 3,SAS 1,user13,50,marvalshot,135,4665146610_13
Shai Gilgeous-Alexander (38083864),Stephon Castle (38084005),Justin Champagnie (38084078),Jaime Jaquez Jr. (38084296),Jabari Smith Jr. (38084102),Scotty Pippen Jr. (38084268),Giannis Antetokounmpo (38083860),Blake Wesley (38084468),299.92749999999995,394.7226492959693,49700,100.00%,48704,386.71%,3,207.04,$11.6,SAS 2,OKC 1,user13,47,marvalshot,1226,4665146611_13
Blake Wesley (38084468),Cason Wallace (38084201),Justin Champagnie (38084078),Jaime Jaquez Jr. (38084296),Alperen Sengun (38083870),Russell Westbrook (38084014),Giannis Antetokounmpo (38083860),Stephon Castle (38084005),300.1675,395.0204485336197,49800,100.00%,48286,664.22%,96,207.69,$19.93,SAS 2,OKC 1,user13,48,marvalshot,11849,4665146612_13
Scotty Pippen Jr. (38084268),Stephon Castle (38084005),Justin Champagnie (38084078),Karlo Matkovic (38084160),Isaiah Hartenstein (38083966),Russell Westbrook (38084014),Trey Murphy III (38083947),Alperen Sengun (38083870),285.5375,374.8083378460362,49900,100.00%,0,83.09%,0,211.82000000000002,$2.49,NOP 2,MEM 1,user13,50,marvalshot,7805,4665146613_13
Shai Gilgeous-Alexander (38083864),Stephon Castle (38084005),Kevin Huerter (38084121),Kenrich Williams (38084292),Giannis Antetokounmpo (38083860),Jordan Hawkins (38084276),Jabari Smith Jr. (38084102),Scotty Pippen Jr. (38084268),293.0625,382.2087275727731,50000,100.00%,6313,159.58%,0,194.56,$4.79,OKC 2,SAS 1,user13,50,marvalshot,625,4665146614_13
Scotty Pippen Jr. (38084268),Stephon Castle (38084005),Kevin Huerter (38084121),Jabari Smith Jr. (38084102),Isaiah Hartenstein (38083966),Russell Westbrook (38084014),Trey Murphy III (38083947),Alperen Sengun (38083870),287.0875,372.7483378460361,49900,100.00%,10,93.63%,0,217.31,$2.81,HOU 2,MEM 1,user13,50,marvalshot,5933,4665146615_13
Stephon Castle (38084005),Cason Wallace (38084201),Trey Murphy III (38083947),Karlo Matkovic (38084160),Isaiah Hartenstein (38083966),Scotty Pippen Jr. (38084268),Jabari Smith Jr. (38084102),Giannis Antetokounmpo (38083860),292.195,381.4787863796558,49900,100.00%,2735,148.14%,0,187.17000000000002,$4.44,OKC 2,NOP 2,user14,50,marvalshot,1612,4665146606_14
Russell Westbrook (38084014),Stephon Castle (38084005),Justin Champagnie (38084078),Kenrich Williams (38084292),Alperen Sengun (38083870),Jordan Hawkins (38084276),Giannis Antetokounmpo (38083860),Scotty Pippen Jr. (38084268),290.025,387.56607827680375,49800,100.00%,606,120.48%,0,225.87,$3.61,DEN 1,SAS 1,user14,49,marvalshot,5333,4665146607_14
Shai Gilgeous-Alexander (38083864),Stephon Castle (38084005),Dillon Brooks (38084093),Justin Champagnie (38084078),Jabari Smith Jr. (38084102),Russell Westbrook (38084014),Trey Murphy III (38083947),Scotty Pippen Jr. (38084268),304.80749999999995,386.4026492959693,49900,100.00%,49999,5811.16%,6645,216.59000000000003,$174.33,HOU 2,OKC 1,user14,50,marvalshot,2881,4665146608_14
Shai Gilgeous-Alexander (38083864),Cason Wallace (38084201),Trey Murphy III (38083947),Jabari Smith Jr. (38084102),Isaiah Hartenstein (38083966),Scotty Pippen Jr. (38084268),Dillon Brooks (38084093),Stephon Castle (38084005),296.97249999999997,371.6314356756251,50000,100.00%,36774,228.07%,0,168.73000000000002,$6.84,OKC 3,HOU 2,user14,50,marvalshot,338,4665146609_14
Cason Wallace (38084201),Stephon Castle (38084005),Jaime Jaquez Jr. (38084296),Kenrich Williams (38084292),Jabari Smith Jr. (38084102),Scotty Pippen Jr. (38084268),Giannis Antetokounmpo (38083860),Shai Gilgeous-Alexander (38083864),301.23,387.87917610639283,49400,100.00%,49919,838.15%,25,203.87,$25.14,OKC 3,SAS 1,user14,50,marvalshot,135,4665146610_14
Shai Gilgeous-Alexander (38083864),Stephon Castle (38084005),Justin Champagnie (38084078),Jaime Jaquez Jr. (38084296),Jabari Smith Jr. (38084102),Scotty Pippen Jr. (38084268),Giannis Antetokounmpo (38083860),Blake Wesley (38084468),299.92749999999995,394.7226492959693,49700,100.00%,48704,386.71%,3,207.04,$11.6,SAS 2,OKC 1,user14,47,marvalshot,1226,4665146611_14
Blake Wesley (38084468),Cason Wallace (38084201),Justin Champagnie (38084078),Jaime Jaquez Jr. (38084296),Alperen Sengun (38083870),Russell Westbrook (38084014),Giannis Antetokounmpo (38083860),Stephon Castle (38084005),300.1675,395.0204485336197,49800,100.00%,48286,664.22%,96,207.69,$19.93,SAS 2,OKC 1,user14,48,marvalshot,11849,4665146612_14
Scotty Pippen Jr. (38084268),Stephon Castle (38084005),Justin Champagnie (38084078),Karlo Matkovic (38084160),Isaiah Hartenstein (38083966),Russell Westbrook (38084014),Trey Murphy III (38083947),Alperen Sengun (38083870),285.5375,374.8083378460362,49900,100.00%,0,83.09%,0,211.82000000000002,$2.49,NOP 2,MEM 1,user14,50,marvalshot,7805,4665146613_14
Shai Gilgeous-Alexander (38083864),Stephon Castle (38084005),Kevin Huerter (38084121),Kenrich Williams (38084292),Giannis Antetokounmpo (38083860),Jordan Hawkins (38084276),Jabari Smith Jr. (38084102),Scotty Pippen Jr. (38084268),293.0625,382.2087275727731,50000,100.00%,6313,159.58%,0,194.56,$4.79,OKC 2,SAS 1,user14,50,marvalshot,625,4665146614_14
Scotty Pippen Jr. (38084268),Stephon Castle (38084005),Kevin Huerter (38084121),Jabari Smith Jr. (38084102),Isaiah Hartenstein (38083966),Russell Westbrook (38084014),Trey Murphy III (38083947),Alperen Sengun (38083870),287.0875,372.7483378460361,49900,100.00%,10,93.63%,0,217.31,$2.81,HOU 2,MEM 1,user14,50,marvalshot,5933,4665146615_14
Stephon Castle (38084005),Cason Wallace (38084201),Trey Murphy III (38083947),Karlo Matkovic (38084160),Isaiah Hartenstein (38083966),Scotty Pippen Jr. (38084268),Jabari Smith Jr. (38084102),Giannis Antetokounmpo (38083860),292.195,381.4787863796558,49900,100.00%,2735,148.14%,0,187.17000000000002,$4.44,OKC 2,NOP 2,user15,50,marvalshot,1612,4665146606_15
Russell Westbrook (38084014),Stephon Castle (38084005),Justin Champagnie (38084078),Kenrich Williams (38084292),Alperen Sengun (38083870),Jordan Hawkins (38084276),Giannis Antetokounmpo (38083860),Scotty Pippen Jr. (38084268),290.025,387.56607827680375,49800,100.00%,606,120.48%,0,225.87,$3.61,DEN 1,SAS 1,user15,49,marvalshot,5333,4665146607_15
Shai Gilgeous-Alexander (38083864),Stephon Castle (38084005),Dillon Brooks (38084093),Justin Champagnie (38084078),Jabari Smith Jr. (38084102),Russell Westbrook (38084014),Trey Murphy III (38083947),Scotty Pippen Jr. (38084268),304.80749999999995,386.4026492959693,49900,100.00%,49999,5811.16%,6645,216.59000000000003,$174.33,HOU 2,OKC 1,user15,50,marvalshot,2881,4665146608_15
Shai Gilgeous-Alexander (38083864),Cason Wallace (38084201),Trey Murphy III (38083947),Jabari Smith Jr. (38084102),Isaiah Hartenstein (38083966),Scotty Pippen Jr. (38084268),Dillon Brooks (38084093),Stephon Castle (38084005),296.97249999999997,371.6314356756251,50000,100.00%,36774,228.07%,0,168.73000000000002,$6.84,OKC 3,HOU 2,user15,50,marvalshot,338,4665146609_15
Cason Wallace (38084201),Stephon Castle (38084005),Jaime Jaquez Jr. (38084296),Kenrich Williams (38084292),Jabari Smith Jr. (38084102),Scotty Pippen Jr. (38084268),Giannis Antetokounmpo (38083860),Shai Gilgeous-Alexander (38083864),301.23,387.87917610639283,49400,100.00%,49919,838.15%,25,203.87,$25.14,OKC 3,SAS 1,user15,50,marvalshot,135,4665146610_15
Shai Gilgeous-Alexander (38083864),Stephon Castle (38084005),Justin Champagnie (38084078),Jaime Jaquez Jr. (38084296),Jabari Smith Jr. (38084102),Scotty Pippen Jr. (38084268),Giannis Antetokounmpo (38083860),Blake Wesley (38084468),299.92749999999995,394.7226492959693,49700,100.00%,48704,386.71%,3,207.04,$11.6,SAS 2,OKC 1,user15,47,marvalshot,1226,4665146611_15
Blake Wesley (38084468),Cason Wallace (38084201),Justin Champagnie (38084078),Jaime Jaquez Jr. (38084296),Alperen Sengun (38083870),Russell Westbrook (38084014),Giannis Antetokounmpo (38083860),Stephon Castle (38084005),300.1675,395.0204485336197,49800,100.00%,48286,664.22%,96,207.69,$19.93,SAS 2,OKC 1,user15,48,marvalshot,11849,4665146612_15
Scotty Pippen Jr. (38084268),Stephon Castle (38084005),Justin Champagnie (38084078),Karlo Matkovic (38084160),Isaiah Hartenstein (38083966),Russell Westbrook (38084014),Trey Murphy III (38083947),Alperen Sengun (38083870),285.5375,374.8083378460362,49900,100.00%,0,83.09%,0,211.82000000000002,$2.49,NOP 2,MEM 1,user15,50,marvalshot,7805,4665146613_15
Shai Gilgeous-Alexander (38083864),Stephon Castle (38084005),Kevin Huerter (38084121),Kenrich Williams (38084292),Giannis Antetokounmpo (38083860),Jordan Hawkins (38084276),Jabari Smith Jr. (38084102),Scotty Pippen Jr. (38084268),293.0625,382.2087275727731,50000,100.00%,6313,159.58%,0,194.56,$4.79,OKC 2,SAS 1,user15,50,marvalshot,625,4665146614_15
Scotty Pippen Jr. (38084268),Stephon Castle (38084005),Kevin Huerter (38084121),Jabari Smith Jr. (38084102),Isaiah Hartenstein (38083966),Russell Westbrook (38084014),Trey Murphy III (38083947),Alperen Sengun (38083870),287.0875,372.7483378460361,49900,100.00%,10,93.63%,0,217.31,$2.81,HOU 2,MEM 1,user15,50,marvalshot,5933,4665146615_15
Stephon Castle (38084005),Cason Wallace (38084201),Trey Murphy III (38083947),Karlo Matkovic (38084160),Isaiah Hartenstein (38083966),Scotty Pippen Jr. (38084268),Jabari Smith Jr. (38084102),Giannis Antetokounmpo (38083860),292.195,381.4787863796558,49900,100.00%,2735,148.14%,0,187.17000000000002,$4.44,OKC 2,NOP 2,user16,50,marvalshot,1612,4665146606_16
Russell Westbrook (38084014),Stephon Castle (38084005),Justin Champagnie (38084078),Kenrich Williams (38084292),Alperen Sengun (38083870),Jordan Hawkins (38084276),Giannis Antetokounmpo (38083860),Scotty Pippen Jr. (38084268),290.025,387.56607827680375,49800,100.00%,606,120.48%,0,225.87,$3.61,DEN 1,SAS 1,user16,49,marvalshot,5333,4665146607_16
Shai Gilgeous-Alexander (38083864),Stephon Castle (38084005),Dillon Brooks (38084093),Justin Champagnie (38084078),Jabari Smith Jr. (38084102),Russell Westbrook (38084014),Trey Murphy III (38083947),Scotty Pippen Jr. (38084268),304.80749999999995,386.4026492959693,49900,100.00%,49999,5811.16%,6645,216.59000000000003,$174.33,HOU 2,OKC 1,user16,50,marvalshot,2881,4665146608_16
Shai Gilgeous-Alexander (38083864),Cason Wallace (38084201),Trey Murphy III (38083947),Jabari Smith Jr. (38084102),Isaiah Hartenstein (38083966),Scotty Pippen Jr. (38084268),Dillon Brooks (38084093),Stephon Castle (38084005),296.97249999999997,371.6314356756251,50000,100.00%,36774,228.07%,0,168.73000000000002,$6.84,OKC 3,HOU 2,user16,50,marvalshot,338,4665146609_16
Cason Wallace (38084201),Stephon Castle (38084005),Jaime Jaquez Jr. (38084296),Kenrich Williams (38084292),Jabari Smith Jr. (38084102),Scotty Pippen Jr. (38084268),Giannis Antetokounmpo (38083860),Shai Gilgeous-Alexander (38083864),301.23,387.87917610639283,49400,100.00%,49919,838.15%,25,203.87,$25.14,OKC 3,SAS 1,user16,50,marvalshot,135,4665146610_16
Shai Gilgeous-Alexander (38083864),Stephon Castle (38084005),Justin Champagnie (38084078),Jaime Jaquez Jr. (38084296),Jabari Smith Jr. (38084102),Scotty Pippen Jr. (38084268),Giannis Antetokounmpo (38083860),Blake Wesley (38084468),299.92749999999995,394.7226492959693,49700,100.00%,48704,386.71%,3,207.04,$11.6,SAS 2,OKC 1,user16,47,marvalshot,1226,4665146611_16
Blake Wesley (38084468),Cason Wallace (38084201),Justin Champagnie (38084078),Jaime Jaquez Jr. (38084296),Alperen Sengun (38083870),Russell Westbrook (38084014),Giannis Antetokounmpo (38083860),Stephon Castle (38084005),300.1675,395.0204485336197,49800,100.00%,48286,664.22%,96,207.69,$19.93,SAS 2,OKC 1,user16,48,marvalshot,11849,4665146612_16
Scotty Pippen Jr. (38084268),Stephon Castle (38084005),Justin Champagnie (38084078),Karlo Matkovic (38084160),Isaiah Hartenstein (38083966),Russell Westbrook (38084014),Trey Murphy III (38083947),Alperen Sengun (38083870),285.5375,374.8083378460362,49900,100.00%,0,83.09%,0,211.82000000000002,$2.49,NOP 2,MEM 1,user16,50,marvalshot,7805,4665146613_16
Shai Gilgeous-Alexander (38083864),Stephon Castle (38084005),Kevin Huerter (38084121),Kenrich Williams (38084292),Giannis Antetokounmpo (38083860),Jordan Hawkins (38084276),Jabari Smith Jr. (38084102),Scotty Pippen Jr. (38084268),293.0625,382.2087275727731,50000,100.00%,6313,159.58%,0,194.56,$4.79,OKC 2,SAS 1,user16,50,marvalshot,625,4665146614_16
Scotty Pippen Jr. (38084268),Stephon Castle (38084005),Kevin Huerter (38084121),Jabari Smith Jr. (38084102),Isaiah Hartenstein (38083966),Russell Westbrook (38084014),Trey Murphy III (38083947),Alperen Sengun (38083870),287.0875,372.7483378460361,49900,100.00%,10,93.63%,0,217.31,$2.81,HOU 2,MEM 1,user16,50,marvalshot,5933,4665146615_16
Stephon Castle (38084005),Cason Wallace (38084201),Trey Murphy III (38083947),Karlo Matkovic (38084160),Isaiah Hartenstein (38083966),Scotty Pippen Jr. (38084268),Jabari Smith Jr. (38084102),Giannis Antetokounmpo (38083860),292.195,381.4787863796558,49900,100.00%,2735,148.14%,0,187.17000000000002,$4.44,OKC 2,NOP 2,user17,50,marvalshot,1612,4665146606_17
Russell Westbrook (38084014),Stephon Castle (38084005),Justin Champagnie (38084078),Kenrich Williams (38084292),Alperen Sengun (38083870),Jordan Hawkins (38084276),Giannis Antetokounmpo (38083860),Scotty Pippen Jr. (38084268),290.025,387.56607827680375,49800,100.00%,606,120.48%,0,225.87,$3.61,DEN 1,SAS 1,user17,49,marvalshot,5333,4665146607_17
Shai Gilgeous-Alexander (38083864),Stephon Castle (38084005),Dillon Brooks (38084093),Justin Champagnie (38084078),Jabari Smith Jr. (38084102),Russell Westbrook (38084014),Trey Murphy III (38083947),Scotty Pippen Jr. (38084268),304.80749999999995,386.4026492959693,49900,100.00%,49999,5811.16%,6645,216.59000000000003,$174.33,HOU 2,OKC 1,user17,50,marvalshot,2881,4665146608_17
Shai Gilgeous-Alexander (38083864),Cason Wallace (38084201),Trey Murphy III (38083947),Jabari Smith Jr. (38084102),Isaiah Hartenstein (38083966),Scotty Pippen Jr. (38084268),Dillon Brooks (38084093),Stephon Castle (38084005),296.97249999999997,371.6314356756251,50000,100.00%,36774,228.07%,0,168.73000000000002,$6.84,OKC 3,HOU 2,user17,50,marvalshot,338,4665146609_17
Cason Wallace (38084201),Stephon Castle (38084005),Jaime Jaquez Jr. (38084296),Kenrich Williams (38084292),Jabari Smith Jr. (38084102),Scotty Pippen Jr. (38084268),Giannis Antetokounmpo (38083860),Shai Gilgeous-Alexander (38083864),301.23,387.87917610639283,49400,100.00%,49919,838.15%,25,203.87,$25.14,OKC 3,SAS 1,user17,50,marvalshot,135,4665146610_17
Shai Gilgeous-Alexander (38083864),Stephon Castle (38084005),Justin Champagnie (38084078),Jaime Jaquez Jr. (38084296),Jabari Smith Jr. (38084102),Scotty Pippen Jr. (38084268),Giannis Antetokounmpo (38083860),Blake Wesley (38084468),299.92749999999995,394.7226492959693,49700,100.00%,48704,386.71%,3,207.04,$11.6,SAS 2,OKC 1,user17,47,marvalshot,1226,4665146611_17
Blake Wesley (38084468),Cason Wallace (38084201),Justin Champagnie (38084078),Jaime Jaquez Jr. (38084296),Alperen Sengun (38083870),Russell Westbrook (38084014),Giannis Antetokounmpo (38083860),Stephon Castle (38084005),300.1675,395.0204485336197,49800,100.00%,48286,664.22%,96,207.69,$19.93,SAS 2,OKC 1,user17,48,marvalshot,11849,4665146612_17
Scotty Pippen Jr. (38084268),Stephon Castle (38084005),Justin Champagnie (38084078),Karlo Matkovic (38084160),Isaiah Hartenstein (38083966),Russell Westbrook (38084014),Trey Murphy III (38083947),Alperen Sengun (38083870),285.5375,374.8083378460362,49900,100.00%,0,83.09%,0,211.82000000000002,$2.49,NOP 2,MEM 1,user17,50,marvalshot,7805,4665146613_17
Shai Gilgeous-Alexander (38083864),Stephon Castle (38084005),Kevin Huerter (38084121),Kenrich Williams (38084292),Giannis Antetokounmpo (38083860),Jordan Hawkins (38084276),Jabari Smith Jr. (38084102),Scotty Pippen Jr. (38084268),293.0625,382.2087275727731,50000,100.00%,6313,159.58%,0,194.56,$4.79,OKC 2,SAS 1,user17,50,marvalshot,625,4665146614_17
Scotty Pippen Jr. (38084268),Stephon Castle (38084005),Kevin Huerter (38084121),Jabari Smith Jr. (38084102),Isaiah Hartenstein (38083966),Russell Westbrook (38084014),Trey Murphy III (38083947),Alperen Sengun (38083870),287.0875,372.7483378460361,49900,100.00%,10,93.63%,0,217.31,$2.81,HOU 2,MEM 1,user17,50,marvalshot,5933,4665146615_17
Stephon Castle (38084005),Cason Wallace (38084201),Trey Murphy III (38083947),Karlo Matkovic (38084160),Isaiah Hartenstein (38083966),Scotty Pippen Jr. (38084268),Jabari Smith Jr. (38084102),Giannis Antetokounmpo (38083860),292.195,381.4787863796558,49900,100.00%,2735,148.14%,0,187.17000000000002,$4.44,OKC 2,NOP 2,user18,50,marvalshot,1612,4665146606_18
Russell Westbrook (38084014),Stephon Castle (38084005),Justin Champagnie (38084078),Kenrich Williams (38084292),Alperen Sengun (38083870),Jordan Hawkins (38084276),Giannis Antetokounmpo (38083860),Scotty Pippen Jr. (38084268),290.025,387.56607827680375,49800,100.00%,606,120.48%,0,225.87,$3.61,DEN 1,SAS 1,user18,49,marvalshot,5333,4665146607_18
Shai Gilgeous-Alexander (38083864),Stephon Castle (38084005),Dillon Brooks (38084093),Justin Champagnie (38084078),Jabari Smith Jr. (38084102),Russell Westbrook (38084014),Trey Murphy III (38083947),Scotty Pippen Jr. (38084268),304.80749999999995,386.4026492959693,49900,100.00%,49999,5811.16%,6645,216.59000000000003,$174.33,HOU 2,OKC 1,user18,50,marvalshot,2881,4665146608_18
Shai Gilgeous-Alexander (38083864),Cason Wallace (38084201),Trey Murphy III (38083947),Jabari Smith Jr. (38084102),Isaiah Hartenstein (38083966),Scotty Pippen Jr. (38084268),Dillon Brooks (38084093),Stephon Castle (38084005),296.97249999999997,371.6314356756251,50000,100.00%,36774,228.07%,0,168.73000000000002,$6.84,OKC 3,HOU 2,user18,50,marvalshot,338,4665146609_18
Cason Wallace (38084201),Stephon Castle (38084005),Jaime Jaquez Jr. (38084296),Kenrich Williams (38084292),Jabari Smith Jr. (38084102),Scotty Pippen Jr. (38084268),Giannis Antetokounmpo (38083860),Shai Gilgeous-Alexander (38083864),301.23,387.87917610639283,49400,100.00%,49919,838.15%,25,203.87,$25.14,OKC 3,SAS 1,user18,50,marvalshot,135,4665146610_18
Shai Gilgeous-Alexander (38083864),Stephon Castle (38084005),Justin Champagnie (38084078),Jaime Jaquez Jr. (38084296),Jabari Smith Jr. (38084102),Scotty Pippen Jr. (38084268),Giannis Antetokounmpo (38083860),Blake Wesley (38084468),299.92749999999995,394.7226492959693,49700,100.00%,48704,386.71%,3,207.04,$11.6,SAS 2,OKC 1,user18,47,marvalshot,1226,4665146611_18
Blake Wesley (38084468),Cason Wallace (38084201),Justin Champagnie (38084078),Jaime Jaquez Jr. (38084296),Alperen Sengun (38083870),Russell Westbrook (38084014),Giannis Antetokounmpo (38083860),Stephon Castle (38084005),300.1675,395.0204485336197,49800,100.00%,48286,664.22%,96,207.69,$19.93,SAS 2,OKC 1,user18,48,marvalshot,11849,4665146612_18
Scotty Pippen Jr. (38084268),Stephon Castle (38084005),Justin Champagnie (38084078),Karlo Matkovic (38084160),Isaiah Hartenstein (38083966),Russell Westbrook (38084014),Trey Murphy III (38083947),Alperen Sengun (38083870),285.5375,374.8083378460362,49900,100.00%,0,83.09%,0,211.82000000000002,$2.49,NOP 2,MEM 1,user18,50,marvalshot,7805,4665146613_18
Shai Gilgeous-Alexander (38083864),Stephon Castle (38084005),Kevin Huerter (38084121),Kenrich Williams (38084292),Giannis Antetokounmpo (38083860),Jordan Hawkins (38084276),Jabari Smith Jr. (38084102),Scotty Pippen Jr. (38084268),293.0625,382.2087275727731,50000,100.00%,6313,159.58%,0,194.56,$4.79,OKC 2,SAS 1,user18,50,marvalshot,625,4665146614_18
Scotty Pippen Jr. (38084268),Stephon Castle (38084005),Kevin Huerter (38084121),Jabari Smith Jr. (38084102),Isaiah Hartenstein (38083966),Russell Westbrook (38084014),Trey Murphy III (38083947),Alperen Sengun (38083870),287.0875,372.7483378460361,49900,100.00%,10,93.63%,0,217.31,$2.81,HOU 2,MEM 1,user18,50,marvalshot,5933,4665146615_18
Stephon Castle (38084005),Cason Wallace (38084201),Trey Murphy III (38083947),Karlo Matkovic (38084160),Isaiah Hartenstein (38083966),Scotty Pippen Jr. (38084268),Jabari Smith Jr. (38084102),Giannis Antetokounmpo (38083860),292.195,381.4787863796558,49900,100.00%,2735,148.14%,0,187.17000000000002,$4.44,OKC 2,NOP 2,user19,50,marvalshot,1612,4665146606_19
Russell Westbrook (38084014),Stephon Castle (38084005),Justin Champagnie (38084078),Kenrich Williams (38084292),Alperen Sengun (38083870),Jordan Hawkins (38084276),Giannis Antetokounmpo (38083860),Scotty Pippen Jr. (38084268),290.025,387.56607827680375,49800,100.00%,606,120.48%,0,225.87,$3.61,DEN 1,SAS 1,user19,49,marvalshot,5333,4665146607_19
Shai Gilgeous-Alexander (38083864),Stephon Castle (38084005),Dillon Brooks (38084093),Justin Champagnie (38084078),Jabari Smith Jr. (38084102),Russell Westbrook (38084014),Trey Murphy III (38083947),Scotty Pippen Jr. (38084268),304.80749999999995,386.4026492959693,49900,100.00%,49999,5811.16%,6645,216.59000000000003,$174.33,HOU 2,OKC 1,user19,50,marvalshot,2881,4665146608_19
Shai Gilgeous-Alexander (38083864),Cason Wallace (38084201),Trey Murphy III (38083947),Jabari Smith Jr. (38084102),Isaiah Hartenstein (38083966),Scotty Pippen Jr. (38084268),Dillon Brooks (38084093),Stephon Castle (38084005),296.97249999999997,371.6314356756251,50000,100.00%,36774,228.07%,0,168.73000000000002,$6.84,OKC 3,HOU 2,user19,50,marvalshot,338,4665146609_19
Cason Wallace (38084201),Stephon Castle (38084005),Jaime Jaquez Jr. (38084296),Kenrich Williams (38084292),Jabari Smith Jr. (38084102),Scotty Pippen Jr. (38084268),Giannis Antetokounmpo (38083860),Shai Gilgeous-Alexander (38083864),301.23,387.87917610639283,49400,100.00%,49919,838.15%,25,203.87,$25.14,OKC 3,SAS 1,user19,50,marvalshot,135,4665146610_19
Shai Gilgeous-Alexander (38083864),Stephon Castle (38084005),Justin Champagnie (38084078),Jaime Jaquez Jr. (38084296),Jabari Smith Jr. (38084102),Scotty Pippen Jr. (38084268),Giannis Antetokounmpo (38083860),Blake Wesley (38084468),299.92749999999995,394.7226492959693,49700,100.00%,48704,386.71%,3,207.04,$11.6,SAS 2,OKC 1,user19,47,marvalshot,1226,4665146611_19
Blake Wesley (38084468),Cason Wallace (38084201),Justin Champagnie (38084078),Jaime Jaquez Jr. (38084296),Alperen Sengun (38083870),Russell Westbrook (38084014),Giannis Antetokounmpo (38083860),Stephon Castle (38084005),300.1675,395.0204485336197,49800,100.00%,48286,664.22%,96,207.69,$19.93,SAS 2,OKC 1,user19,48,marvalshot,11849,4665146612_19
Scotty Pippen Jr. (38084268),Stephon Castle (38084005),Justin Champagnie (38084078),Karlo Matkovic (38084160),Isaiah Hartenstein (38083966),Russell Westbrook (38084014),Trey Murphy III (38083947),Alperen Sengun (38083870),285.5375,374.8083378460362,49900,100.00%,0,83.09%,0,211.82000000000002,$2.49,NOP 2,MEM 1,user19,50,marvalshot,7805,4665146613_19
Shai Gilgeous-Alexander (38083864),Stephon Castle (38084005),Kevin Huerter (38084121),Kenrich Williams (38084292),Giannis Antetokounmpo (38083860),Jordan Hawkins (38084276),Jabari Smith Jr. (38084102),Scotty Pippen Jr. (38084268),293.0625,382.2087275727731,50000,100.00%,6313,159.58%,0,194.56,$4.79,OKC 2,SAS 1,user19,50,marvalshot,625,4665146614_19
Scotty Pippen Jr. (38084268),Stephon Castle (38084005),Kevin Huerter (38084121),Jabari Smith Jr. (38084102),Isaiah Hartenstein (38083966),Russell Westbrook (38084014),Trey Murphy III (38083947),Alperen Sengun (38083870),287.0875,372.7483378460361,49900,100.00%,10,93.63%,0,217.31,$2.81,HOU 2,MEM 1,user19,50,marvalshot,5933,4665146615_19
Stephon Castle (38084005),Cason Wallace (38084201),Trey Murphy III (38083947),Karlo Matkovic (38084160),Isaiah Hartenstein (38083966),Scotty Pippen Jr. (38084268),Jabari Smith Jr. (38084102),Giannis Antetokounmpo (38083860),292.195,381.4787863796558,49900,100.00%,2735,148.14%,0,187.17000000000002,$4.44,OKC 2,NOP 2,user20,50,marvalshot,1612,4665146606_20
Russell Westbrook (38084014),Stephon Castle (38084005),Justin Champagnie (38084078),Kenrich Williams (38084292),Alperen Sengun (38083870),Jordan Hawkins (38084276),Giannis Antetokounmpo (38083860),Scotty Pippen Jr. (38084268),290.025,387.56607827680375,49800,100.00%,606,120.48%,0,225.87,$3.61,DEN 1,SAS 1,user20,49,marvalshot,5333,4665146607_20
Shai Gilgeous-Alexander (38083864),Stephon Castle (38084005),Dillon Brooks (38084093),Justin Champagnie (38084078),Jabari Smith Jr. (38084102),Russell Westbrook (38084014),Trey Murphy III (38083947),Scotty Pippen Jr. (38084268),304.80749999999995,386.4026492959693,49900,100.00%,49999,5811.16%,6645,216.59000000000003,$174.33,HOU 2,OKC 1,user20,50,marvalshot,2881,4665146608_20
Shai Gilgeous-Alexander (38083864),Cason Wallace (38084201),Trey Murphy III (38083947),Jabari Smith Jr. (38084102),Isaiah Hartenstein (38083966),Scotty Pippen Jr. (38084268),Dillon Brooks (38084093),Stephon Castle (38084005),296.97249999999997,371.6314356756251,50000,100.00%,36774,228.07%,0,168.73000000000002,$6.84,OKC 3,HOU 2,user20,50,marvalshot,338,4665146609_20
Cason Wallace (38084201),Stephon Castle (38084005),Jaime Jaquez Jr. (38084296),Kenrich Williams (38084292),Jabari Smith Jr. (38084102),Scotty Pippen Jr. (38084268),Giannis Antetokounmpo (38083860),Shai Gilgeous-Alexander (38083864),301.23,387.87917610639283,49400,100.00%,49919,838.15%,25,203.87,$25.14,OKC 3,SAS 1,user20,50,marvalshot,135,4665146610_20
Shai Gilgeous-Alexander (38083864),Stephon Castle (38084005),Justin Champagnie (38084078),Jaime Jaquez Jr. (38084296),Jabari Smith Jr. (38084102),Scotty Pippen Jr. (38084268),Giannis Antetokounmpo (38083860),Blake Wesley (38084468),299.92749999999995,394.7226492959693,49700,100.00%,48704,386.71%,3,207.04,$11.6,SAS 2,OKC 1,user20,47,marvalshot,1226,4665146611_20
Blake Wesley (38084468),Cason Wallace (38084201),Justin Champagnie (38084078),Jaime Jaquez Jr. (38084296),Alperen Sengun (38083870),Russell Westbrook (38084014),Giannis Antetokounmpo (38083860),Stephon Castle (38084005),300.1675,395.0204485336197,49800,100.00%,48286,664.22%,96,207.69,$19.93,SAS 2,OKC 1,user20,48,marvalshot,11849,4665146612_20
Scotty Pippen Jr. (38084268),Stephon Castle (38084005),Justin Champagnie (38084078),Karlo Matkovic (38084160),Isaiah Hartenstein (38083966),Russell Westbrook (38084014),Trey Murphy III (38083947),Alperen Sengun (38083870),285.5375,374.8083378460362,49900,100.00%,0,83.09%,0,211.82000000000002,$2.49,NOP 2,MEM 1,user20,50,marvalshot,7805,4665146613_20
Shai Gilgeous-Alexander (38083864),Stephon Castle (38084005),Kevin Huerter (38084121),Kenrich Williams (38084292),Giannis Antetokounmpo (38083860),Jordan Hawkins (38084276),Jabari Smith Jr. (38084102),Scotty Pippen Jr. (38084268),293.0625,382.2087275727731,50000,100.00%,6313,159.58%,0,194.56,$4.79,OKC 2,SAS 1,user20,50,marvalshot,625,4665146614_20
Scotty Pippen Jr. (38084268),Stephon Castle (38084005),Kevin Huerter (38084121),Jabari Smith Jr. (38084102),Isaiah Hartenstein (38083966),Russell Westbrook (38084014),Trey Murphy III (38083947),Alperen Sengun (38083870),287.0875,372.7483378460361,49900,100.00%,10,93.63%,0,217.31,$2.81,HOU 2,MEM 1,user20,50,marvalshot,5933,4665146615_20
Stephon Castle (38084005),Cason Wallace (38084201),Trey Murphy III (38083947),Karlo Matkovic (38084160),Isaiah Hartenstein (38083966),Scotty Pippen Jr. (38084268),Jabari Smith Jr. (38084102),Giannis Antetokounmpo (38083860),292.195,381.4787863796558,49900,100.00%,2735,148.14%,0,187.17000000000002,$4.44,OKC 2,NOP 2,user21,50,marvalshot,1612,4665146606_21
Russell Westbrook (38084014),Stephon Castle (38084005),Justin Champagnie (38084078),Kenrich Williams (38084292),Alperen Sengun (38083870),Jordan Hawkins (38084276),Giannis Antetokounmpo (38083860),Scotty Pippen Jr. (38084268),290.025,387.56607827680375,49800,100.00%,606,120.48%,0,225.87,$3.61,DEN 1,SAS 1,user21,49,marvalshot,5333,4665146607_21
Shai Gilgeous-Alexander (38083864),Stephon Castle (38084005),Dillon Brooks (38084093),Justin Champagnie (38084078),Jabari Smith Jr. (38084102),Russell Westbrook (38084014),Trey Murphy III (38083947),Scotty Pippen Jr. (38084268),304.80749999999995,386.4026492959693,49900,100.00%,49999,5811.16%,6645,216.59000000000003,$174.33,HOU 2,OKC 1,user21,50,marvalshot,2881,4665146608_21
Shai Gilgeous-Alexander (38083864),Cason Wallace (38084201),Trey Murphy III (38083947),Jabari Smith Jr. (38084102),Isaiah Hartenstein (38083966),Scotty Pippen Jr. (38084268),Dillon Brooks (38084093),Stephon Castle (38084005),296.97249999999997,371.6314356756251,50000,100.00%,36774,228.07%,0,168.73000000000002,$6.84,OKC 3,HOU 2,user21,50,marvalshot,338,4665146609_21
Cason Wallace (38084201),Stephon Castle (38084005),Jaime Jaquez Jr. (38084296),Kenrich Williams (38084292),Jabari Smith Jr. (38084102),Scotty Pippen Jr. (38084268),Giannis Antetokounmpo (38083860),Shai Gilgeous-Alexander (38083864),301.23,387.87917610639283,49400,100.00%,49919,838.15%,25,203.87,$25.14,OKC 3,SAS 1,user21,50,marvalshot,135,4665146610_21
Shai Gilgeous-Alexander (38083864),Stephon Castle (38084005),Justin Champagnie (38084078),Jaime Jaquez Jr. (38084296),Jabari Smith Jr. (38084102),Scotty Pippen Jr. (38084268),Giannis Antetokounmpo (38083860),Blake Wesley (38084468),299.92749999999995,394.7226492959693,49700,100.00%,48704,386.71%,3,207.04,$11.6,SAS 2,OKC 1,user21,47,marvalshot,1226,4665146611_21
Blake Wesley (38084468),Cason Wallace (38084201),Justin Champagnie (38084078),Jaime Jaquez Jr. (38084296),Alperen Sengun (38083870),Russell Westbrook (38084014),Giannis Antetokounmpo (38083860),Stephon Castle (38084005),300.1675,395.0204485336197,49800,100.00%,48286,664.22%,96,207.69,$19.93,SAS 2,OKC 1,user21,48,marvalshot,11849,4665146612_21
Scotty Pippen Jr. (38084268),Stephon Castle (38084005),Justin Champagnie (38084078),Karlo Matkovic (38084160),Isaiah Hartenstein (38083966),Russell Westbrook (38084014),Trey Murphy III (38083947),Alperen Sengun (38083870),285.5375,374.8083378460362,49900,100.00%,0,83.09%,0,211.82000000000002,$2.49,NOP 2,MEM 1,user21,50,marvalshot,7805,4665146613_21
Shai Gilgeous-Alexander (38083864),Stephon Castle (38084005),Kevin Huerter (38084121),Kenrich Williams (38084292),Giannis Antetokounmpo (38083860),Jordan Hawkins (38084276),Jabari Smith Jr. (38084102),Scotty Pippen Jr. (38084268),293.0625,382.2087275727731,50000,100.00%,6313,159.58%,0,194.56,$4.79,OKC 2,SAS 1,user21,50,marvalshot,625,4665146614_21
Scotty Pippen Jr. (38084268),Stephon Castle (38084005),Kevin Huerter (38084121),Jabari Smith Jr. (38084102),Isaiah Hartenstein (38083966),Russell Westbrook (38084014),Trey Murphy III (38083947),Alperen Sengun (38083870),287.0875,372.7483378460361,49900,100.00%,10,93.63%,0,217.31,$2.81,HOU 2,MEM 1,user21,50,marvalshot,5933,4665146615_21
Stephon Castle (38084005),Cason Wallace (38084201),Trey Murphy III (38083947),Karlo Matkovic (38084160),Isaiah Hartenstein (38083966),Scotty Pippen Jr. (38084268),Jabari Smith Jr. (38084102),Giannis Antetokounmpo (38083860),292.195,381.4787863796558,49900,100.00%,2735,148.14%,0,187.17000000000002,$4.44,OKC 2,NOP 2,user22,50,marvalshot,1612,4665146606_22
Russell Westbrook (38084014),Stephon Castle (38084005),Justin Champagnie (38084078),Kenrich Williams (38084292),Alperen Sengun (38083870),Jordan Hawkins (38084276),Giannis Antetokounmpo (38083860),Scotty Pippen Jr. (38084268),290.025,387.56607827680375,49800,100.00%,606,120.48%,0,225.87,$3.61,DEN 1,SAS 1,user22,49,marvalshot,5333,4665146607_22
Shai Gilgeous-Alexander (38083864),Stephon Castle (38084005),Dillon Brooks (38084093),Justin Champagnie (38084078),Jabari Smith Jr. (38084102),Russell Westbrook (38084014),Trey Murphy III (38083947),Scotty Pippen Jr. (38084268),304.80749999999995,386.4026492959693,49900,100.00%,49999,5811.16%,6645,216.59000000000003,$174.33,HOU 2,OKC 1,user22,50,marvalshot,2881,4665146608_22
Shai Gilgeous-Alexander (38083864),Cason Wallace (38084201),Trey Murphy III (38083947),Jabari Smith Jr. (38084102),Isaiah Hartenstein (38083966),Scotty Pippen Jr. (38084268),Dillon Brooks (38084093),Stephon Castle (38084005),296.97249999999997,371.6314356756251,50000,100.00%,36774,228.07%,0,168.73000000000002,$6.84,OKC 3,HOU 2,user22,50,marvalshot,338,4665146609_22
Cason Wallace (38084201),Stephon Castle (38084005),Jaime Jaquez Jr. (38084296),Kenrich Williams (38084292),Jabari Smith Jr. (38084102),Scotty Pippen Jr. (38084268),Giannis Antetokounmpo (38083860),Shai Gilgeous-Alexander (38083864),301.23,387.87917610639283,49400,100.00%,49919,838.15%,25,203.87,$25.14,OKC 3,SAS 1,user22,50,marvalshot,135,4665146610_22
Shai Gilgeous-Alexander (38083864),Stephon Castle (38084005),Justin Champagnie (38084078),Jaime Jaquez Jr. (38084296),Jabari Smith Jr. (38084102),Scotty Pippen Jr. (38084268),Giannis Antetokounmpo (38083860),Blake Wesley (38084468),299.92749999999995,394.7226492959693,49700,100.00%,48704,386.71%,3,207.04,$11.6,SAS 2,OKC 1,user22,47,marvalshot,1226,4665146611_22
Blake Wesley (38084468),Cason Wallace (38084201),Justin Champagnie (38084078),Jaime Jaquez Jr. (38084296),Alperen Sengun (38083870),Russell Westbrook (38084014),Giannis Antetokounmpo (38083860),Stephon Castle (38084005),300.1675,395.0204485336197,49800,100.00%,48286,664.22%,96,207.69,$19.93,SAS 2,OKC 1,user22,48,marvalshot,11849,4665146612_22
Scotty Pippen Jr. (38084268),Stephon Castle (38084005),Justin Champagnie (38084078),Karlo Matkovic (38084160),Isaiah Hartenstein (38083966),Russell Westbrook (38084014),Trey Murphy III (38083947),Alperen Sengun (38083870),285.5375,374.8083378460362,49900,100.00%,0,83.09%,0,211.82000000000002,$2.49,NOP 2,MEM 1,user22,50,marvalshot,7805,4665146613_22
Shai Gilgeous-Alexander (38083864),Stephon Castle (38084005),Kevin Huerter (38084121),Kenrich Williams (38084292),Giannis Antetokounmpo (38083860),Jordan Hawkins (38084276),Jabari Smith Jr. (38084102),Scotty Pippen Jr. (38084268),293.0625,382.2087275727731,50000,100.00%,6313,159.58%,0,194.56,$4.79,OKC 2,SAS 1,user22,50,marvalshot,625,4665146614_22
Scotty Pippen Jr. (38084268),Stephon Castle (38084005),Kevin Huerter (38084121),Jabari Smith Jr. (38084102),Isaiah Hartenstein (38083966),Russell Westbrook (38084014),Trey Murphy III (38083947),Alperen Sengun (38083870),287.0875,372.7483378460361,49900,100.00%,10,93.63%,0,217.31,$2.81,HOU 2,MEM 1,user22,50,marvalshot,5933,4665146615_22
Stephon Castle (38084005),Cason Wallace (38084201),Trey Murphy III (38083947),Karlo Matkovic (38084160),Isaiah Hartenstein (38083966),Scotty Pippen Jr. (38084268),Jabari Smith Jr. (38084102),Giannis Antetokounmpo (38083860),292.195,381.4787863796558,49900,100.00%,2735,148.14%,0,187.17000000000002,$4.44,OKC 2,NOP 2,user23,50,marvalshot,1612,4665146606_23
Russell Westbrook (38084014),Stephon Castle (38084005),Justin Champagnie (38084078),Kenrich Williams (38084292),Alperen Sengun (38083870),Jordan Hawkins (38084276),Giannis Antetokounmpo (38083860),Scotty Pippen Jr. (38084268),290.025,387.56607827680375,49800,100.00%,606,120.48%,0,225.87,$3.61,DEN 1,SAS 1,user23,49,marvalshot,5333,4665146607_23
Shai Gilgeous-Alexander (38083864),Stephon Castle (38084005),Dillon Brooks (38084093),Justin Champagnie (38084078),Jabari Smith Jr. (38084102),Russell Westbrook (38084014),Trey Murphy III (38083947),Scotty Pippen Jr. (38084268),304.80749999999995,386.4026492959693,49900,100.00%,49999,5811.16%,6645,216.59000000000003,$174.33,HOU 2,OKC 1,user23,50,marvalshot,2881,4665146608_23
Shai Gilgeous-Alexander (38083864),Cason Wallace (38084201),Trey Murphy III (38083947),Jabari Smith Jr. (38084102),Isaiah Hartenstein (38083966),Scotty Pippen Jr. (38084268),Dillon Brooks (38084093),Stephon Castle (38084005),296.97249999999997,371.6314356756251,50000,100.00%,36774,228.07%,0,168.73000000000002,$6.84,OKC 3,HOU 2,user23,50,marvalshot,338,4665146609_23
Cason Wallace (38084201),Stephon Castle (38084005),Jaime Jaquez Jr. (38084296),Kenrich Williams (38084292),Jabari Smith Jr. (38084102),Scotty Pippen Jr. (38084268),Giannis Antetokounmpo (38083860),Shai Gilgeous-Alexander (38083864),301.23,387.87917610639283,49400,100.00%,49919,838.15%,25,203.87,$25.14,OKC 3,SAS 1,user23,50,marvalshot,135,4665146610_23
Shai Gilgeous-Alexander (38083864),Stephon Castle (38084005),Justin Champagnie (38084078),Jaime Jaquez Jr. (38084296),Jabari Smith Jr. (38084102),Scotty Pippen Jr. (38084268),Giannis Antetokounmpo (38083860),Blake Wesley (38084468),299.92749999999995,394.7226492959693,49700,100.00%,48704,386.71%,3,207.04,$11.6,SAS 2,OKC 1,user23,47,marvalshot,1226,4665146611_23
Blake Wesley (38084468),Cason Wallace (38084201),Justin Champagnie (38084078),Jaime Jaquez Jr. (38084296),Alperen Sengun (38083870),Russell Westbrook (38084014),Giannis Antetokounmpo (38083860),Stephon Castle (38084005),300.1675,395.0204485336197,49800,100.00%,48286,664.22%,96,207.69,$19.93,SAS 2,OKC 1,user23,48,marvalshot,11849,4665146612_23
Scotty Pippen Jr. (38084268),Stephon Castle (38084005),Justin Champagnie (38084078),Karlo Matkovic (38084160),Isaiah Hartenstein (38083966),Russell Westbrook (38084014),Trey Murphy III (38083947),Alperen Sengun (38083870),285.5375,374.8083378460362,49900,100.00%,0,83.09%,0,211.82000000000002,$2.49,NOP 2,MEM 1,user23,50,marvalshot,7805,4665146613_23
Shai Gilgeous-Alexander (38083864),Stephon Castle (38084005),Kevin Huerter (38084121),Kenrich Williams (38084292),Giannis Antetokounmpo (38083860),Jordan Hawkins (38084276),Jabari Smith Jr. (38084102),Scotty Pippen Jr. (38084268),293.0625,382.2087275727731,50000,100.00%,6313,159.58%,0,194.56,$4.79,OKC 2,SAS 1,user23,50,marvalshot,625,4665146614_23
Scotty Pippen Jr. (38084268),Stephon Castle (38084005),Kevin Huerter (38084121),Jabari Smith Jr. (38084102),Isaiah Hartenstein (38083966),Russell Westbrook (38084014),Trey Murphy III (38083947),Alperen Sengun (38083870),287.0875,372.7483378460361,49900,100.00%,10,93.63%,0,217.31,$2.81,HOU 2,MEM 1,user23,50,marvalshot,5933,4665146615_23
Stephon Castle (38084005),Cason Wallace (38084201),Trey Murphy III (38083947),Karlo Matkovic (38084160),Isaiah Hartenstein (38083966),Scotty Pippen Jr. (38084268),Jabari Smith Jr. (38084102),Giannis Antetokounmpo (38083860),292.195,381.4787863796558,49900,100.00%,2735,148.14%,0,187.17000000000002,$4.44,OKC 2,NOP 2,user24,50,marvalshot,1612,4665146606_24
Russell Westbrook (38084014),Stephon Castle (38084005),Justin Champagnie (38084078),Kenrich Williams (38084292),Alperen Sengun (38083870),Jordan Hawkins (38084276),Giannis Antetokounmpo (38083860),Scotty Pippen Jr. (38084268),290.025,387.56607827680375,49800,100.00%,606,120.48%,0,225.87,$3.61,DEN 1,SAS 1,user24,49,marvalshot,5333,4665146607_24
Shai Gilgeous-Alexander (38083864),Stephon Castle (38084005),Dillon Brooks (38084093),Justin Champagnie (38084078),Jabari Smith Jr. (38084102),Russell Westbrook (38084014),Trey Murphy III (38083947),Scotty Pippen Jr. (38084268),304.80749999999995,386.4026492959693,49900,100.00%,49999,5811.16%,6645,216.59000000000003,$174.33,HOU 2,OKC 1,user24,50,marvalshot,2881,4665146608_24
Shai Gilgeous-Alexander (38083864),Cason Wallace (38084201),Trey Murphy III (38083947),Jabari Smith Jr. (38084102),Isaiah Hartenstein (38083966),Scotty Pippen Jr. (38084268),Dillon Brooks (38084093),Stephon Castle (38084005),296.97249999999997,371.6314356756251,50000,100.00%,36774,228.07%,0,168.73000000000002,$6.84,OKC 3,HOU 2,user24,50,marvalshot,338,4665146609_24
Cason Wallace (38084201),Stephon Castle (38084005),Jaime Jaquez Jr. (38084296),Kenrich Williams (38084292),Jabari Smith Jr. (38084102),Scotty Pippen Jr. (38084268),Giannis Antetokounmpo (38083860),Shai Gilgeous-Alexander (38083864),301.23,387.87917610639283,49400,100.00%,49919,838.15%,25,203.87,$25.14,OKC 3,SAS 1,user24,50,marvalshot,135,4665146610_24
Shai Gilgeous-Alexander (38083864),Stephon Castle (38084005),Justin Champagnie (38084078),Jaime Jaquez Jr. (38084296),Jabari Smith Jr. (38084102),Scotty Pippen Jr. (38084268),Giannis Antetokounmpo (38083860),Blake Wesley (38084468),299.92749999999995,394.7226492959693,49700,100.00%,48704,386.71%,3,207.04,$11.6,SAS 2,OKC 1,user24,47,marvalshot,1226,4665146611_24
Blake Wesley (38084468),Cason Wallace (38084201),Justin Champagnie (38084078),Jaime Jaquez Jr. (38084296),Alperen Sengun (38083870),Russell Westbrook (38084014),Giannis Antetokounmpo (38083860),Stephon Castle (38084005),300.1675,395.0204485336197,49800,100.00%,48286,664.22%,96,207.69,$19.93,SAS 2,OKC 1,user24,48,marvalshot,11849,4665146612_24
Scotty Pippen Jr. (38084268),Stephon Castle (38084005),Justin Champagnie (38084078),Karlo Matkovic (38084160),Isaiah Hartenstein (38083966),Russell Westbrook (38084014),Trey Murphy III (38083947),Alperen Sengun (38083870),285.5375,374.8083378460362,49900,100.00%,0,83.09%,0,211.82000000000002,$2.49,NOP 2,MEM 1,user24,50,marvalshot,7805,4665146613_24
Shai Gilgeous-Alexander (38083864),Stephon Castle (38084005),Kevin Huerter (38084121),Kenrich Williams (38084292),Giannis Antetokounmpo (38083860),Jordan Hawkins (38084276),Jabari Smith Jr. (38084102),Scotty Pippen Jr. (38084268),293.0625,382.2087275727731,50000,100.00%,6313,159.58%,0,194.56,$4.79,OKC 2,SAS 1,user24,50,marvalshot,625,4665146614_24
Scotty Pippen Jr. (38084268),Stephon Castle (38084005),Kevin Huerter (38084121),Jabari Smith Jr. (38084102),Isaiah Hartenstein (38083966),Russell Westbrook (38084014),Trey Murphy III (38083947),Alperen Sengun (38083870),287.0875,372.7483378460361,49900,100.00%,10,93.63%,0,217.31,$2.81,HOU 2,MEM 1,user24,50,marvalshot,5933,4665146615_24
Stephon Castle (38084005),Cason Wallace (38084201),Trey Murphy III (38083947),Karlo Matkovic (38084160),Isaiah Hartenstein (38083966),Scotty Pippen Jr. (38084268),Jabari Smith Jr. (38084102),Giannis Antetokounmpo (38083860),292.195,381.4787863796558,49900,100.00%,2735,148.14%,0,187.17000000000002,$4.44,OKC 2,NOP 2,user25,50,marvalshot,1612,4665146606_25
Russell Westbrook (38084014),Stephon Castle (38084005),Justin Champagnie (38084078),Kenrich Williams (38084292),Alperen Sengun (38083870),Jordan Hawkins (38084276),Giannis Antetokounmpo (38083860),Scotty Pippen Jr. (38084268),290.025,387.56607827680375,49800,100.00%,606,120.48%,0,225.87,$3.61,DEN 1,SAS 1,user25,49,marvalshot,5333,4665146607_25
Shai Gilgeous-Alexander (38083864),Stephon Castle (38084005),Dillon Brooks (38084093),Justin Champagnie (38084078),Jabari Smith Jr. (38084102),Russell Westbrook (38084014),Trey Murphy III (38083947),Scotty Pippen Jr. (38084268),304.80749999999995,386.4026492959693,49900,100.00%,49999,5811.16%,6645,216.59000000000003,$174.33,HOU 2,OKC 1,user25,50,marvalshot,2881,4665146608_25
Shai Gilgeous-Alexander (38083864),Cason Wallace (38084201),Trey Murphy III (38083947),Jabari Smith Jr. (38084102),Isaiah Hartenstein (38083966),Scotty Pippen Jr. (38084268),Dillon Brooks (38084093),Stephon Castle (38084005),296.97249999999997,371.6314356756251,50000,100.00%,36774,228.07%,0,168.73000000000002,$6.84,OKC 3,HOU 2,user25,50,marvalshot,338,4665146609_25
Cason Wallace (38084201),Stephon Castle (38084005),Jaime Jaquez Jr. (38084296),Kenrich Williams (38084292),Jabari Smith Jr. (38084102),Scotty Pippen Jr. (38084268),Giannis Antetokounmpo (38083860),Shai Gilgeous-Alexander (38083864),301.23,387.87917610639283,49400,100.00%,49919,838.15%,25,203.87,$25.14,OKC 3,SAS 1,user25,50,marvalshot,135,4665146610_25
Shai Gilgeous-Alexander (38083864),Stephon Castle (38084005),Justin Champagnie (38084078),Jaime Jaquez Jr. (38084296),Jabari Smith Jr. (38084102),Scotty Pippen Jr. (38084268),Giannis Antetokounmpo (38083860),Blake Wesley (38084468),299.92749999999995,394.7226492959693,49700,100.00%,48704,386.71%,3,207.04,$11.6,SAS 2,OKC 1,user25,47,marvalshot,1226,4665146611_25
Blake Wesley (38084468),Cason Wallace (38084201),Justin Champagnie (38084078),Jaime Jaquez Jr. (38084296),Alperen Sengun (38083870),Russell Westbrook (38084014),Giannis Antetokounmpo (38083860),Stephon Castle (38084005),300.1675,395.0204485336197,49800,100.00%,48286,664.22%,96,207.69,$19.93,SAS 2,OKC 1,user25,48,marvalshot,11849,4665146612_25
Scotty Pippen Jr. (38084268),Stephon Castle (38084005),Justin Champagnie (38084078),Karlo Matkovic (38084160),Isaiah Hartenstein (38083966),Russell Westbrook (38084014),Trey Murphy III (38083947),Alperen Sengun (38083870),285.5375,374.8083378460362,49900,100.00%,0,83.09%,0,211.82000000000002,$2.49,NOP 2,MEM 1,user25,50,marvalshot,7805,4665146613_25
Shai Gilgeous-Alexander (38083864),Stephon Castle (38084005),Kevin Huerter (38084121),Kenrich Williams (38084292),Giannis Antetokounmpo (38083860),Jordan Hawkins (38084276),Jabari Smith Jr. (38084102),Scotty Pippen Jr. (38084268),293.0625,382.2087275727731,50000,100.00%,6313,159.58%,0,194.56,$4.79,OKC 2,SAS 1,user25,50,marvalshot,625,4665146614_25
Scotty Pippen Jr. (38084268),Stephon Castle (38084005),Kevin Huerter (38084121),Jabari Smith Jr. (38084102),Isaiah Hartenstein (38083966),Russell Westbrook (38084014),Trey Murphy III (38083947),Alperen Sengun (38083870),287.0875,372.7483378460361,49900,100.00%,10,93.63%,0,217.31,$2.81,HOU 2,MEM 1,user25,50,marvalshot,5933,4665146615_25
Stephon Castle (38084005),Cason Wallace (38084201),Trey Murphy III (38083947),Karlo Matkovic (38084160),Isaiah Hartenstein (38083966),Scotty Pippen Jr. (38084268),Jabari Smith Jr. (38084102),Giannis Antetokounmpo (38083860),292.195,381.4787863796558,49900,100.00%,2735,148.14%,0,187.17000000000002,$4.44,OKC 2,NOP 2,user26,50,marvalshot,1612,4665146606_26
Russell Westbrook (38084014),Stephon Castle (38084005),Justin Champagnie (38084078),Kenrich Williams (38084292),Alperen Sengun (38083870),Jordan Hawkins (38084276),Giannis Antetokounmpo (38083860),Scotty Pippen Jr. (38084268),290.025,387.56607827680375,49800,100.00%,606,120.48%,0,225.87,$3.61,DEN 1,SAS 1,user26,49,marvalshot,5333,4665146607_26
Shai Gilgeous-Alexander (38083864),Stephon Castle (38084005),Dillon Brooks (38084093),Justin Champagnie (38084078),Jabari Smith Jr. (38084102),Russell Westbrook (38084014),Trey Murphy III (38083947),Scotty Pippen Jr. (38084268),304.80749999999995,386.4026492959693,49900,100.00%,49999,5811.16%,6645,216.59000000000003,$174.33,HOU 2,OKC 1,user26,50,marvalshot,2881,4665146608_26
Shai Gilgeous-Alexander (38083864),Cason Wallace (38084201),Trey Murphy III (38083947),Jabari Smith Jr. (38084102),Isaiah Hartenstein (38083966),Scotty Pippen Jr. (38084268),Dillon Brooks (38084093),Stephon Castle (38084005),296.97249999999997,371.6314356756251,50000,100.00%,36774,228.07%,0,168.73000000000002,$6.84,OKC 3,HOU 2,user26,50,marvalshot,338,4665146609_26
Cason Wallace (38084201),Stephon Castle (38084005),Jaime Jaquez Jr. (38084296),Kenrich Williams (38084292),Jabari Smith Jr. (38084102),Scotty Pippen Jr. (38084268),Giannis Antetokounmpo (38083860),Shai Gilgeous-Alexander (38083864),301.23,387.87917610639283,49400,100.00%,49919,838.15%,25,203.87,$25.14,OKC 3,SAS 1,user26,50,marvalshot,135,4665146610_26
Shai Gilgeous-Alexander (38083864),Stephon Castle (38084005),Justin Champagnie (38084078),Jaime Jaquez Jr. (38084296),Jabari Smith Jr. (38084102),Scotty Pippen Jr. (38084268),Giannis Antetokounmpo (38083860),Blake Wesley (38084468),299.92749999999995,394.7226492959693,49700,100.00%,48704,386.71%,3,207.04,$11.6,SAS 2,OKC 1,user26,47,marvalshot,1226,4665146611_26
Blake Wesley (38084468),Cason Wallace (38084201),Justin Champagnie (38084078),Jaime Jaquez Jr. (38084296),Alperen Sengun (38083870),Russell Westbrook (38084014),Giannis Antetokounmpo (38083860),Stephon Castle (38084005),300.1675,395.0204485336197,49800,100.00%,48286,664.22%,96,207.69,$19.93,SAS 2,OKC 1,user26,48,marvalshot,11849,4665146612_26
Scotty Pippen Jr. (38084268),Stephon Castle (38084005),Justin Champagnie (38084078),Karlo Matkovic (38084160),Isaiah Hartenstein (38083966),Russell Westbrook (38084014),Trey Murphy III (38083947),Alperen Sengun (38083870),285.5375,374.8083378460362,49900,100.00%,0,83.09%,0,211.82000000000002,$2.49,NOP 2,MEM 1,user26,50,marvalshot,7805,4665146613_26
Shai Gilgeous-Alexander (38083864),Stephon Castle (38084005),Kevin Huerter (38084121),Kenrich Williams (38084292),Giannis Antetokounmpo (38083860),Jordan Hawkins (38084276),Jabari Smith Jr. (38084102),Scotty Pippen Jr. (38084268),293.0625,382.2087275727731,50000,100.00%,6313,159.58%,0,194.56,$4.79,OKC 2,SAS 1,user26,50,marvalshot,625,4665146614_26
Scotty Pippen Jr. (38084268),Stephon Castle (38084005),Kevin Huerter (38084121),Jabari Smith Jr. (38084102),Isaiah Hartenstein (38083966),Russell Westbrook (38084014),Trey Murphy III (38083947),Alperen Sengun (38083870),287.0875,372.7483378460361,49900,100.00%,10,93.63%,0,217.31,$2.81,HOU 2,MEM 1,user26,50,marvalshot,5933,4665146615_26
Stephon Castle (38084005),Cason Wallace (38084201),Trey Murphy III (38083947),Karlo Matkovic (38084160),Isaiah Hartenstein (38083966),Scotty Pippen Jr. (38084268),Jabari Smith Jr. (38084102),Giannis Antetokounmpo (38083860),292.195,381.4787863796558,49900,100.00%,2735,148.14%,0,187.17000000000002,$4.44,OKC 2,NOP 2,user27,50,marvalshot,1612,4665146606_27
Russell Westbrook (38084014),Stephon Castle (38084005),Justin Champagnie (38084078),Kenrich Williams (38084292),Alperen Sengun (38083870),Jordan Hawkins (38084276),Giannis Antetokounmpo (38083860),Scotty Pippen Jr. (38084268),290.025,387.56607827680375,49800,100.00%,606,120.48%,0,225.87,$3.61,DEN 1,SAS 1,user27,49,marvalshot,5333,4665146607_27
Shai Gilgeous-Alexander (38083864),Stephon Castle (38084005),Dillon Brooks (38084093),Justin Champagnie (38084078),Jabari Smith Jr. (38084102),Russell Westbrook (38084014),Trey Murphy III (38083947),Scotty Pippen Jr. (38084268),304.80749999999995,386.4026492959693,49900,100.00%,49999,5811.16%,6645,216.59000000000003,$174.33,HOU 2,OKC 1,user27,50,marvalshot,2881,4665146608_27
Shai Gilgeous-Alexander (38083864),Cason Wallace (38084201),Trey Murphy III (38083947),Jabari Smith Jr. (38084102),Isaiah Hartenstein (38083966),Scotty Pippen Jr. (38084268),Dillon Brooks (38084093),Stephon Castle (38084005),296.97249999999997,371.6314356756251,50000,100.00%,36774,228.07%,0,168.73000000000002,$6.84,OKC 3,HOU 2,user27,50,marvalshot,338,4665146609_27
Cason Wallace (38084201),Stephon Castle (38084005),Jaime Jaquez Jr. (38084296),Kenrich Williams (38084292),Jabari Smith Jr. (38084102),Scotty Pippen Jr. (38084268),Giannis Antetokounmpo (38083860),Shai Gilgeous-Alexander (38083864),301.23,387.87917610639283,49400,100.00%,49919,838.15%,25,203.87,$25.14,OKC 3,SAS 1,user27,50,marvalshot,135,4665146610_27
Shai Gilgeous-Alexander (38083864),Stephon Castle (38084005),Justin Champagnie (38084078),Jaime Jaquez Jr. (38084296),Jabari Smith Jr. (38084102),Scotty Pippen Jr. (38084268),Giannis Antetokounmpo (38083860),Blake Wesley (38084468),299.92749999999995,394.7226492959693,49700,100.00%,48704,386.71%,3,207.04,$11.6,SAS 2,OKC 1,user27,47,marvalshot,1226,4665146611_27
Blake Wesley (38084468),Cason Wallace (38084201),Justin Champagnie (38084078),Jaime Jaquez Jr. (38084296),Alperen Sengun (38083870),Russell Westbrook (38084014),Giannis Antetokounmpo (38083860),Stephon Castle (38084005),300.1675,395.0204485336197,49800,100.00%,48286,664.22%,96,207.69,$19.93,SAS 2,OKC 1,user27,48,marvalshot,11849,4665146612_27
Scotty Pippen Jr. (38084268),Stephon Castle (38084005),Justin Champagnie (38084078),Karlo Matkovic (38084160),Isaiah Hartenstein (38083966),Russell Westbrook (38084014),Trey Murphy III (38083947),Alperen Sengun (38083870),285.5375,374.8083378460362,49900,100.00%,0,83.09%,0,211.82000000000002,$2.49,NOP 2,MEM 1,user27,50,marvalshot,7805,4665146613_27
Shai Gilgeous-Alexander (38083864),Stephon Castle (38084005),Kevin Huerter (38084121),Kenrich Williams (38084292),Giannis Antetokounmpo (38083860),Jordan Hawkins (38084276),Jabari Smith Jr. (38084102),Scotty Pippen Jr. (38084268),293.0625,382.2087275727731,50000,100.00%,6313,159.58%,0,194.56,$4.79,OKC 2,SAS 1,user27,50,marvalshot,625,4665146614_27
Scotty Pippen Jr. (38084268),Stephon Castle (38084005),Kevin Huerter (38084121),Jabari Smith Jr. (38084102),Isaiah Hartenstein (38083966),Russell Westbrook (38084014),Trey Murphy III (38083947),Alperen Sengun (38083870),287.0875,372.7483378460361,49900,100.00%,10,93.63%,0,217.31,$2.81,HOU 2,MEM 1,user27,50,marvalshot,5933,4665146615_27
Stephon Castle (38084005),Cason Wallace (38084201),Trey Murphy III (38083947),Karlo Matkovic (38084160),Isaiah Hartenstein (38083966),Scotty Pippen Jr. (38084268),Jabari Smith Jr. (38084102),Giannis Antetokounmpo (38083860),292.195,381.4787863796558,49900,100.00%,2735,148.14%,0,187.17000000000002,$4.44,OKC 2,NOP 2,user28,50,marvalshot,1612,4665146606_28
Russell Westbrook (38084014),Stephon Castle (38084005),Justin Champagnie (38084078),Kenrich Williams (38084292),Alperen Sengun (38083870),Jordan Hawkins (38084276),Giannis Antetokounmpo (38083860),Scotty Pippen Jr. (38084268),290.025,387.56607827680375,49800,100.00%,606,120.48%,0,225.87,$3.61,DEN 1,SAS 1,user28,49,marvalshot,5333,4665146607_28
Shai Gilgeous-Alexander (38083864),Stephon Castle (38084005),Dillon Brooks (38084093),Justin Champagnie (38084078),Jabari Smith Jr. (38084102),Russell Westbrook (38084014),Trey Murphy III (38083947),Scotty Pippen Jr. (38084268),304.80749999999995,386.4026492959693,49900,100.00%,49999,5811.16%,6645,216.59000000000003,$174.33,HOU 2,OKC 1,user28,50,marvalshot,2881,4665146608_28
Shai Gilgeous-Alexander (38083864),Cason Wallace (38084201),Trey Murphy III (38083947),Jabari Smith Jr. (38084102),Isaiah Hartenstein (38083966),Scotty Pippen Jr. (38084268),Dillon Brooks (38084093),Stephon Castle (38084005),296.97249999999997,371.6314356756251,50000,100.00%,36774,228.07%,0,168.73000000000002,$6.84,OKC 3,HOU 2,user28,50,marvalshot,338,4665146609_28
Cason Wallace (38084201),Stephon Castle (38084005),Jaime Jaquez Jr. (38084296),Kenrich Williams (38084292),Jabari Smith Jr. (38084102),Scotty Pippen Jr. (38084268),Giannis Antetokounmpo (38083860),Shai Gilgeous-Alexander (38083864),301.23,387.87917610639283,49400,100.00%,49919,838.15%,25,203.87,$25.14,OKC 3,SAS 1,user28,50,marvalshot,135,4665146610_28
Shai Gilgeous-Alexander (38083864),Stephon Castle (38084005),Justin Champagnie (38084078),Jaime Jaquez Jr. (38084296),Jabari Smith Jr. (38084102),Scotty Pippen Jr. (38084268),Giannis Antetokounmpo (38083860),Blake Wesley (38084468),299.92749999999995,394.7226492959693,49700,100.00%,48704,386.71%,3,207.04,$11.6,SAS 2,OKC 1,user28,47,marvalshot,1226,4665146611_28
Blake Wesley (38084468),Cason Wallace (38084201),Justin Champagnie (38084078),Jaime Jaquez Jr. (38084296),Alperen Sengun (38083870),Russell Westbrook (38084014),Giannis Antetokounmpo (38083860),Stephon Castle (38084005),300.1675,395.0204485336197,49800,100.00%,48286,664.22%,96,207.69,$19.93,SAS 2,OKC 1,user28,48,marvalshot,11849,4665146612_28
Scotty Pippen Jr. (38084268),Stephon Castle (38084005),Justin Champagnie (38084078),Karlo Matkovic (38084160),Isaiah Hartenstein (38083966),Russell Westbrook (38084014),Trey Murphy III (38083947),Alperen Sengun (38083870),285.5375,374.8083378460362,49900,100.00%,0,83.09%,0,211.82000000000002,$2.49,NOP 2,MEM 1,user28,50,marvalshot,7805,4665146613_28
Shai Gilgeous-Alexander (38083864),Stephon Castle (38084005),Kevin Huerter (38084121),Kenrich Williams (38084292),Giannis Antetokounmpo (38083860),Jordan Hawkins (38084276),Jabari Smith Jr. (38084102),Scotty Pippen Jr. (38084268),293.0625,382.2087275727731,50000,100.00%,6313,159.58%,0,194.56,$4.79,OKC 2,SAS 1,user28,50,marvalshot,625,4665146614_28
Scotty Pippen Jr. (38084268),Stephon Castle (38084005),Kevin Huerter (38084121),Jabari Smith Jr. (38084102),Isaiah Hartenstein (38083966),Russell Westbrook (38084014),Trey Murphy III (38083947),Alperen Sengun (38083870),287.0875,372.7483378460361,49900,100.00%,10,93.63%,0,217.31,$2.81,HOU 2,MEM 1,user28,50,marvalshot,5933,4665146615_28
Stephon Castle (38084005),Cason Wallace (38084201),Trey Murphy III (38083947),Karlo Matkovic (38084160),Isaiah Hartenstein (38083966),Scotty Pippen Jr. (38084268),Jabari Smith Jr. (38084102),Giannis Antetokounmpo (38083860),292.195,381.4787863796558,49900,100.00%,2735,148.14%,0,187.17000000000002,$4.44,OKC 2,NOP 2,user29,50,marvalshot,1612,4665146606_29
Russell Westbrook (38084014),Stephon Castle (38084005),Justin Champagnie (38084078),Kenrich Williams (38084292),Alperen Sengun (38083870),Jordan Hawkins (38084276),Giannis Antetokounmpo (38083860),Scotty Pippen Jr. (38084268),290.025,387.56607827680375,49800,100.00%,606,120.48%,0,225.87,$3.61,DEN 1,SAS 1,user29,49,marvalshot,5333,4665146607_29
Shai Gilgeous-Alexander (38083864),Stephon Castle (38084005),Dillon Brooks (38084093),Justin Champagnie (38084078),Jabari Smith Jr. (38084102),Russell Westbrook (38084014),Trey Murphy III (38083947),Scotty Pippen Jr. (38084268),304.80749999999995,386.4026492959693,49900,100.00%,49999,5811.16%,6645,216.59000000000003,$174.33,HOU 2,OKC 1,user29,50,marvalshot,2881,4665146608_29
Shai Gilgeous-Alexander (38083864),Cason Wallace (38084201),Trey Murphy III (38083947),Jabari Smith Jr. (38084102),Isaiah Hartenstein (38083966),Scotty Pippen Jr. (38084268),Dillon Brooks (38084093),Stephon Castle (38084005),296.97249999999997,371.6314356756251,50000,100.00%,36774,228.07%,0,168.73000000000002,$6.84,OKC 3,HOU 2,user29,50,marvalshot,338,4665146609_29
Cason Wallace (38084201),Stephon Castle (38084005),Jaime Jaquez Jr. (38084296),Kenrich Williams (38084292),Jabari Smith Jr. (38084102),Scotty Pippen Jr. (38084268),Giannis Antetokounmpo (38083860),Shai Gilgeous-Alexander (38083864),301.23,387.87917610639283,49400,100.00%,49919,838.15%,25,203.87,$25.14,OKC 3,SAS 1,user29,50,marvalshot,135,4665146610_29
Shai Gilgeous-Alexander (38083864),Stephon Castle (38084005),Justin Champagnie (38084078),Jaime Jaquez Jr. (38084296),Jabari Smith Jr. (38084102),Scotty Pippen Jr. (38084268),Giannis Antetokounmpo (38083860),Blake Wesley (38084468),299.92749999999995,394.7226492959693,49700,100.00%,48704,386.71%,3,207.04,$11.6,SAS 2,OKC 1,user29,47,marvalshot,1226,4665146611_29
Blake Wesley (38084468),Cason Wallace (38084201),Justin Champagnie (38084078),Jaime Jaquez Jr. (38084296),Alperen Sengun (38083870),Russell Westbrook (38084014),Giannis Antetokounmpo (38083860),Stephon Castle (38084005),300.1675,395.0204485336197,49800,100.00%,48286,664.22%,96,207.69,$19.93,SAS 2,OKC 1,user29,48,marvalshot,11849,4665146612_29
Scotty Pippen Jr. (38084268),Stephon Castle (38084005),Justin Champagnie (38084078),Karlo Matkovic (38084160),Isaiah Hartenstein (38083966),Russell Westbrook (38084014),Trey Murphy III (38083947),Alperen Sengun (38083870),285.5375,374.8083378460362,49900,100.00%,0,83.09%,0,211.82000000000002,$2.49,NOP 2,MEM 1,user29,50,marvalshot,7805,4665146613_29
Shai Gilgeous-Alexander (38083864),Stephon Castle (38084005),Kevin Huerter (38084121),Kenrich Williams (38084292),Giannis Antetokounmpo (38083860),Jordan Hawkins (38084276),Jabari Smith Jr. (38084102),Scotty Pippen Jr. (38084268),293.0625,382.2087275727731,50000,100.00%,6313,159.58%,0,194.56,$4.79,OKC 2,SAS 1,user29,50,marvalshot,625,4665146614_29
Scotty Pippen Jr. (38084268),Stephon Castle (38084005),Kevin Huerter (38084121),Jabari Smith Jr. (38084102),Isaiah Hartenstein (38083966),Russell Westbrook (38084014),Trey Murphy III (38083947),Alperen Sengun (38083870),287.0875,372.7483378460361,49900,100.00%,10,93.63%,0,217.31,$2.81,HOU 2,MEM 1,user29,50,marvalshot,5933,4665146615_29
Stephon Castle (38084005),Cason Wallace (38084201),Trey Murphy III (38083947),Karlo Matkovic (38084160),Isaiah Hartenstein (38083966),Scotty Pippen Jr. (38084268),Jabari Smith Jr. (38084102),Giannis Antetokounmpo (38083860),292.195,381.4787863796558,49900,100.00%,2735,148.14%,0,187.17000000000002,$4.44,OKC 2,NOP 2,user30,50,marvalshot,1612,4665146606_30
Russell Westbrook (38084014),Stephon Castle (38084005),Justin Champagnie (38084078),Kenrich Williams (38084292),Alperen Sengun (38083870),Jordan Hawkins (38084276),Giannis Antetokounmpo (38083860),Scotty Pippen Jr. (38084268),290.025,387.56607827680375,49800,100.00%,606,120.48%,0,225.87,$3.61,DEN 1,SAS 1,user30,49,marvalshot,5333,4665146607_30
Shai Gilgeous-Alexander (38083864),Stephon Castle (38084005),Dillon Brooks (38084093),Justin Champagnie (38084078),Jabari Smith Jr. (38084102),Russell Westbrook (38084014),Trey Murphy III (38083947),Scotty Pippen Jr. (38084268),304.80749999999995,386.4026492959693,49900,100.00%,49999,5811.16%,6645,216.59000000000003,$174.33,HOU 2,OKC 1,user30,50,marvalshot,2881,4665146608_30
Shai Gilgeous-Alexander (38083864),Cason Wallace (38084201),Trey Murphy III (38083947),Jabari Smith Jr. (38084102),Isaiah Hartenstein (38083966),Scotty Pippen Jr. (38084268),Dillon Brooks (38084093),Stephon Castle (38084005),296.97249999999997,371.6314356756251,50000,100.00%,36774,228.07%,0,168.73000000000002,$6.84,OKC 3,HOU 2,user30,50,marvalshot,338,4665146609_30
Cason Wallace (38084201),Stephon Castle (38084005),Jaime Jaquez Jr. (38084296),Kenrich Williams (38084292),Jabari Smith Jr. (38084102),Scotty Pippen Jr. (38084268),Giannis Antetokounmpo (38083860),Shai Gilgeous-Alexander (38083864),301.23,387.87917610639283,49400,100.00%,49919,838.15%,25,203.87,$25.14,OKC 3,SAS 1,user30,50,marvalshot,135,4665146610_30
Shai Gilgeous-Alexander (38083864),Stephon Castle (38084005),Justin Champagnie (38084078),Jaime Jaquez Jr. (38084296),Jabari Smith Jr. (38084102),Scotty Pippen Jr. (38084268),Giannis Antetokounmpo (38083860),Blake Wesley (38084468),299.92749999999995,394.7226492959693,49700,100.00%,48704,386.71%,3,207.04,$11.6,SAS 2,OKC 1,user30,47,marvalshot,1226,4665146611_30
Blake Wesley (38084468),Cason Wallace (38084201),Justin Champagnie (38084078),Jaime Jaquez Jr. (38084296),Alperen Sengun (38083870),Russell Westbrook (38084014),Giannis Antetokounmpo (38083860),Stephon Castle (38084005),300.1675,395.0204485336197,49800,100.00%,48286,664.22%,96,207.69,$19.93,SAS 2,OKC 1,user30,48,marvalshot,11849,4665146612_30
Scotty Pippen Jr. (38084268),Stephon Castle (38084005),Justin Champagnie (38084078),Karlo Matkovic (38084160),Isaiah Hartenstein (38083966),Russell Westbrook (38084014),Trey Murphy III (38083947),Alperen Sengun (38083870),285.5375,374.8083378460362,49900,100.00%,0,83.09%,0,211.82000000000002,$2.49,NOP 2,MEM 1,user30,50,marvalshot,7805,4665146613_30
Shai Gilgeous-Alexander (38083864),Stephon Castle (38084005),Kevin Huerter (38084121),Kenrich Williams (38084292),Giannis Antetokounmpo (38083860),Jordan Hawkins (38084276),Jabari Smith Jr. (38084102),Scotty Pippen Jr. (38084268),293.0625,382.2087275727731,50000,100.00%,6313,159.58%,0,194.56,$4.79,OKC 2,SAS 1,user30,50,marvalshot,625,4665146614_30
Scotty Pippen Jr. (38084268),Stephon Castle (38084005),Kevin Huerter (38084121),Jabari Smith Jr. (38084102),Isaiah Hartenstein (38083966),Russell Westbrook (38084014),Trey Murphy III (38083947),Alperen Sengun (38083870),287.0875,372.7483378460361,49900,100.00%,10,93.63%,0,217.31,$2.81,HOU 2,MEM 1,user30,50,marvalshot,5933,4665146615_30
Stephon Castle (38084005),Cason Wallace (38084201),Trey Murphy III (38083947),Karlo Matkovic (38084160),Isaiah Hartenstein (38083966),Scotty Pippen Jr. (38084268),Jabari Smith Jr. (38084102),Giannis Antetokounmpo (38083860),292.195,381.4787863796558,49900,100.00%,2735,148.14%,0,187.17000000000002,$4.44,OKC 2,NOP 2,user31,50,marvalshot,1612,4665146606_31
Russell Westbrook (38084014),Stephon Castle (38084005),Justin Champagnie (38084078),Kenrich Williams (38084292),Alperen Sengun (38083870),Jordan Hawkins (38084276),Giannis Antetokounmpo (38083860),Scotty Pippen Jr. (38084268),290.025,387.56607827680375,49800,100.00%,606,120.48%,0,225.87,$3.61,DEN 1,SAS 1,user31,49,marvalshot,5333,4665146607_31
Shai Gilgeous-Alexander (38083864),Stephon Castle (38084005),Dillon Brooks (38084093),Justin Champagnie (38084078),Jabari Smith Jr. (38084102),Russell Westbrook (38084014),Trey Murphy III (38083947),Scotty Pippen Jr. (38084268),304.80749999999995,386.4026492959693,49900,100.00%,49999,5811.16%,6645,216.59000000000003,$174.33,HOU 2,OKC 1,user31,50,marvalshot,2881,4665146608_31
Shai Gilgeous-Alexander (38083864),Cason Wallace (38084201),Trey Murphy III (38083947),Jabari Smith Jr. (38084102),Isaiah Hartenstein (38083966),Scotty Pippen Jr. (38084268),Dillon Brooks (38084093),Stephon Castle (38084005),296.97249999999997,371.6314356756251,50000,100.00%,36774,228.07%,0,168.73000000000002,$6.84,OKC 3,HOU 2,user31,50,marvalshot,338,4665146609_31
Cason Wallace (38084201),Stephon Castle (38084005),Jaime Jaquez Jr. (38084296),Kenrich Williams (38084292),Jabari Smith Jr. (38084102),Scotty Pippen Jr. (38084268),Giannis Antetokounmpo (38083860),Shai Gilgeous-Alexander (38083864),301.23,387.87917610639283,49400,100.00%,49919,838.15%,25,203.87,$25.14,OKC 3,SAS 1,user31,50,marvalshot,135,4665146610_31
Shai Gilgeous-Alexander (38083864),Stephon Castle (38084005),Justin Champagnie (38084078),Jaime Jaquez Jr. (38084296),Jabari Smith Jr. (38084102),Scotty Pippen Jr. (38084268),Giannis Antetokounmpo (38083860),Blake Wesley (38084468),299.92749999999995,394.7226492959693,49700,100.00%,48704,386.71%,3,207.04,$11.6,SAS 2,OKC 1,user31,47,marvalshot,1226,4665146611_31
Blake Wesley (38084468),Cason Wallace (38084201),Justin Champagnie (38084078),Jaime Jaquez Jr. (38084296),Alperen Sengun (38083870),Russell Westbrook (38084014),Giannis Antetokounmpo (38083860),Stephon Castle (38084005),300.1675,395.0204485336197,49800,100.00%,48286,664.22%,96,207.69,$19.93,SAS 2,OKC 1,user31,48,marvalshot,11849,4665146612_31
Scotty Pippen Jr. (38084268),Stephon Castle (38084005),Justin Champagnie (38084078),Karlo Matkovic (38084160),Isaiah Hartenstein (38083966),Russell Westbrook (38084014),Trey Murphy III (38083947),Alperen Sengun (38083870),285.5375,374.8083378460362,49900,100.00%,0,83.09%,0,211.82000000000002,$2.49,NOP 2,MEM 1,user31,50,marvalshot,7805,4665146613_31
Shai Gilgeous-Alexander (38083864),Stephon Castle (38084005),Kevin Huerter (38084121),Kenrich Williams (38084292),Giannis Antetokounmpo (38083860),Jordan Hawkins (38084276),Jabari Smith Jr. (38084102),Scotty Pippen Jr. (38084268),293.0625,382.2087275727731,50000,100.00%,6313,159.58%,0,194.56,$4.79,OKC 2,SAS 1,user31,50,marvalshot,625,4665146614_31
Scotty Pippen Jr. (38084268),Stephon Castle (38084005),Kevin Huerter (38084121),Jabari Smith Jr. (38084102),Isaiah Hartenstein (38083966),Russell Westbrook (38084014),Trey Murphy III (38083947),Alperen Sengun (38083870),287.0875,372.7483378460361,49900,100.00%,10,93.63%,0,217.31,$2.81,HOU 2,MEM 1,user31,50,marvalshot,5933,4665146615_31
Stephon Castle (38084005),Cason Wallace (38084201),Trey Murphy III (38083947),Karlo Matkovic (38084160),Isaiah Hartenstein (38083966),Scotty Pippen Jr. (38084268),Jabari Smith Jr. (38084102),Giannis Antetokounmpo (38083860),292.195,381.4787863796558,49900,100.00%,2735,148.14%,0,187.17000000000002,$4.44,OKC 2,NOP 2,user32,50,marvalshot,1612,4665146606_32
Russell Westbrook (38084014),Stephon Castle (38084005),Justin Champagnie (38084078),Kenrich Williams (38084292),Alperen Sengun (38083870),Jordan Hawkins (38084276),Giannis Antetokounmpo (38083860),Scotty Pippen Jr. (38084268),290.025,387.56607827680375,49800,100.00%,606,120.48%,0,225.87,$3.61,DEN 1,SAS 1,user32,49,marvalshot,5333,4665146607_32
Shai Gilgeous-Alexander (38083864),Stephon Castle (38084005),Dillon Brooks (38084093),Justin Champagnie (38084078),Jabari Smith Jr. (38084102),Russell Westbrook (38084014),Trey Murphy III (38083947),Scotty Pippen Jr. (38084268),304.80749999999995,386.4026492959693,49900,100.00%,49999,5811.16%,6645,216.59000000000003,$174.33,HOU 2,OKC 1,user32,50,marvalshot,2881,4665146608_32
Shai Gilgeous-Alexander (38083864),Cason Wallace (38084201),Trey Murphy III (38083947),Jabari Smith Jr. (38084102),Isaiah Hartenstein (38083966),Scotty Pippen Jr. (38084268),Dillon Brooks (38084093),Stephon Castle (38084005),296.97249999999997,371.6314356756251,50000,100.00%,36774,228.07%,0,168.73000000000002,$6.84,OKC 3,HOU 2,user32,50,marvalshot,338,4665146609_32
Cason Wallace (38084201),Stephon Castle (38084005),Jaime Jaquez Jr. (38084296),Kenrich Williams (38084292),Jabari Smith Jr. (38084102),Scotty Pippen Jr. (38084268),Giannis Antetokounmpo (38083860),Shai Gilgeous-Alexander (38083864),301.23,387.87917610639283,49400,100.00%,49919,838.15%,25,203.87,$25.14,OKC 3,SAS 1,user32,50,marvalshot,135,4665146610_32
Shai Gilgeous-Alexander (38083864),Stephon Castle (38084005),Justin Champagnie (38084078),Jaime Jaquez Jr. (38084296),Jabari Smith Jr. (38084102),Scotty Pippen Jr. (38084268),Giannis Antetokounmpo (38083860),Blake Wesley (38084468),299.92749999999995,394.7226492959693,49700,100.00%,48704,386.71%,3,207.04,$11.6,SAS 2,OKC 1,user32,47,marvalshot,1226,4665146611_32
Blake Wesley (38084468),Cason Wallace (38084201),Justin Champagnie (38084078),Jaime Jaquez Jr. (38084296),Alperen Sengun (38083870),Russell Westbrook (38084014),Giannis Antetokounmpo (38083860),Stephon Castle (38084005),300.1675,395.0204485336197,49800,100.00%,48286,664.22%,96,207.69,$19.93,SAS 2,OKC 1,user32,48,marvalshot,11849,4665146612_32
Scotty Pippen Jr. (38084268),Stephon Castle (38084005),Justin Champagnie (38084078),Karlo Matkovic (38084160),Isaiah Hartenstein (38083966),Russell Westbrook (38084014),Trey Murphy III (38083947),Alperen Sengun (38083870),285.5375,374.8083378460362,49900,100.00%,0,83.09%,0,211.82000000000002,$2.49,NOP 2,MEM 1,user32,50,marvalshot,7805,4665146613_32
Shai Gilgeous-Alexander (38083864),Stephon Castle (38084005),Kevin Huerter (38084121),Kenrich Williams (38084292),Giannis Antetokounmpo (38083860),Jordan Hawkins (38084276),Jabari Smith Jr. (38084102),Scotty Pippen Jr. (38084268),293.0625,382.2087275727731,50000,100.00%,6313,159.58%,0,194.56,$4.79,OKC 2,SAS 1,user32,50,marvalshot,625,4665146614_32
Scotty Pippen Jr. (38084268),Stephon Castle (38084005),Kevin Huerter (38084121),Jabari Smith Jr. (38084102),Isaiah Hartenstein (38083966),Russell Westbrook (38084014),Trey Murphy III (38083947),Alperen Sengun (38083870),287.0875,372.7483378460361,49900,100.00%,10,93.63%,0,217.31,$2.81,HOU 2,MEM 1,user32,50,marvalshot,5933,4665146615_32
Stephon Castle (38084005),Cason Wallace (38084201),Trey Murphy III (38083947),Karlo Matkovic (38084160),Isaiah Hartenstein (38083966),Scotty Pippen Jr. (38084268),Jabari Smith Jr. (38084102),Giannis Antetokounmpo (38083860),292.195,381.4787863796558,49900,100.00%,2735,148.14%,0,187.17000000000002,$4.44,OKC 2,NOP 2,user33,50,marvalshot,1612,4665146606_33
Russell Westbrook (38084014),Stephon Castle (38084005),Justin Champagnie (38084078),Kenrich Williams (38084292),Alperen Sengun (38083870),Jordan Hawkins (38084276),Giannis Antetokounmpo (38083860),Scotty Pippen Jr. (38084268),290.025,387.56607827680375,49800,100.00%,606,120.48%,0,225.87,$3.61,DEN 1,SAS 1,user33,49,marvalshot,5333,4665146607_33
Shai Gilgeous-Alexander (38083864),Stephon Castle (38084005),Dillon Brooks (38084093),Justin Champagnie (38084078),Jabari Smith Jr. (38084102),Russell Westbrook (38084014),Trey Murphy III (38083947),Scotty Pippen Jr. (38084268),304.80749999999995,386.4026492959693,49900,100.00%,49999,5811.16%,6645,216.59000000000003,$174.33,HOU 2,OKC 1,user33,50,marvalshot,2881,4665146608_33
Shai Gilgeous-Alexander (38083864),Cason Wallace (38084201),Trey Murphy III (38083947),Jabari Smith Jr. (38084102),Isaiah Hartenstein (38083966),Scotty Pippen Jr. (38084268),Dillon Brooks (38084093),Stephon Castle (38084005),296.97249999999997,371.6314356756251,50000,100.00%,36774,228.07%,0,168.73000000000002,$6.84,OKC 3,HOU 2,user33,50,marvalshot,338,4665146609_33
Cason Wallace (38084201),Stephon Castle (38084005),Jaime Jaquez Jr. (38084296),Kenrich Williams (38084292),Jabari Smith Jr. (38084102),Scotty Pippen Jr. (38084268),Giannis Antetokounmpo (38083860),Shai Gilgeous-Alexander (38083864),301.23,387.87917610639283,49400,100.00%,49919,838.15%,25,203.87,$25.14,OKC 3,SAS 1,user33,50,marvalshot,135,4665146610_33
Shai Gilgeous-Alexander (38083864),Stephon Castle (38084005),Justin Champagnie (38084078),Jaime Jaquez Jr. (38084296),Jabari Smith Jr. (38084102),Scotty Pippen Jr. (38084268),Giannis Antetokounmpo (38083860),Blake Wesley (38084468),299.92749999999995,394.7226492959693,49700,100.00%,48704,386.71%,3,207.04,$11.6,SAS 2,OKC 1,user33,47,marvalshot,1226,4665146611_33
Blake Wesley (38084468),Cason Wallace (38084201),Justin Champagnie (38084078),Jaime Jaquez Jr. (38084296),Alperen Sengun (38083870),Russell Westbrook (38084014),Giannis Antetokounmpo (38083860),Stephon Castle (38084005),300.1675,395.0204485336197,49800,100.00%,48286,664.22%,96,207.69,$19.93,SAS 2,OKC 1,user33,48,marvalshot,11849,4665146612_33
Scotty Pippen Jr. (38084268),Stephon Castle (38084005),Justin Champagnie (38084078),Karlo Matkovic (38084160),Isaiah Hartenstein (38083966),Russell Westbrook (38084014),Trey Murphy III (38083947),Alperen Sengun (38083870),285.5375,374.8083378460362,49900,100.00%,0,83.09%,0,211.82000000000002,$2.49,NOP 2,MEM 1,user33,50,marvalshot,7805,4665146613_33
Shai Gilgeous-Alexander (38083864),Stephon Castle (38084005),Kevin Huerter (38084121),Kenrich Williams (38084292),Giannis Antetokounmpo (38083860),Jordan Hawkins (38084276),Jabari Smith Jr. (38084102),Scotty Pippen Jr. (38084268),293.0625,382.2087275727731,50000,100.00%,6313,159.58%,0,194.56,$4.79,OKC 2,SAS 1,user33,50,marvalshot,625,4665146614_33
Scotty Pippen Jr. (38084268),Stephon Castle (38084005),Kevin Huerter (38084121),Jabari Smith Jr. (38084102),Isaiah Hartenstein (38083966),Russell Westbrook (38084014),Trey Murphy III (38083947),Alperen Sengun (38083870),287.0875,372.7483378460361,49900,100.00%,10,93.63%,0,217.31,$2.81,HOU 2,MEM 1,user33,50,marvalshot,5933,4665146615_33
Stephon Castle (38084005),Cason Wallace (38084201),Trey Murphy III (38083947),Karlo Matkovic (38084160),Isaiah Hartenstein (38083966),Scotty Pippen Jr. (38084268),Jabari Smith Jr. (38084102),Giannis Antetokounmpo (38083860),292.195,381.4787863796558,49900,100.00%,2735,148.14%,0,187.17000000000002,$4.44,OKC 2,NOP 2,user34,50,marvalshot,1612,4665146606_34
Russell Westbrook (38084014),Stephon Castle (38084005),Justin Champagnie (38084078),Kenrich Williams (38084292),Alperen Sengun (38083870),Jordan Hawkins (38084276),Giannis Antetokounmpo (38083860),Scotty Pippen Jr. (38084268),290.025,387.56607827680375,49800,100.00%,606,120.48%,0,225.87,$3.61,DEN 1,SAS 1,user34,49,marvalshot,5333,4665146607_34
Shai Gilgeous-Alexander (38083864),Stephon Castle (38084005),Dillon Brooks (38084093),Justin Champagnie (38084078),Jabari Smith Jr. (38084102),Russell Westbrook (38084014),Trey Murphy III (38083947),Scotty Pippen Jr. (38084268),304.80749999999995,386.4026492959693,49900,100.00%,49999,5811.16%,6645,216.59000000000003,$174.33,HOU 2,OKC 1,user34,50,marvalshot,2881,4665146608_34
Shai Gilgeous-Alexander (38083864),Cason Wallace (38084201),Trey Murphy III (38083947),Jabari Smith Jr. (38084102),Isaiah Hartenstein (38083966),Scotty Pippen Jr. (38084268),Dillon Brooks (38084093),Stephon Castle (38084005),296.97249999999997,371.6314356756251,50000,100.00%,36774,228.07%,0,168.73000000000002,$6.84,OKC 3,HOU 2,user34,50,marvalshot,338,4665146609_34
Cason Wallace (38084201),Stephon Castle (38084005),Jaime Jaquez Jr. (38084296),Kenrich Williams (38084292),Jabari Smith Jr. (38084102),Scotty Pippen Jr. (38084268),Giannis Antetokounmpo (38083860),Shai Gilgeous-Alexander (38083864),301.23,387.87917610639283,49400,100.00%,49919,838.15%,25,203.87,$25.14,OKC 3,SAS 1,user34,50,marvalshot,135,4665146610_34
Shai Gilgeous-Alexander (38083864),Stephon Castle (38084005),Justin Champagnie (38084078),Jaime Jaquez Jr. (38084296),Jabari Smith Jr. (38084102),Scotty Pippen Jr. (38084268),Giannis Antetokounmpo (38083860),Blake Wesley (38084468),299.92749999999995,394.7226492959693,49700,100.00%,48704,386.71%,3,207.04,$11.6,SAS 2,OKC 1,user34,47,marvalshot,1226,4665146611_34
Blake Wesley (38084468),Cason Wallace (38084201),Justin Champagnie (38084078),Jaime Jaquez Jr. (38084296),Alperen Sengun (38083870),Russell Westbrook (38084014),Giannis Antetokounmpo (38083860),Stephon Castle (38084005),300.1675,395.0204485336197,49800,100.00%,48286,664.22%,96,207.69,$19.93,SAS 2,OKC 1,user34,48,marvalshot,11849,4665146612_34
Scotty Pippen Jr. (38084268),Stephon Castle (38084005),Justin Champagnie (38084078),Karlo Matkovic (38084160),Isaiah Hartenstein (38083966),Russell Westbrook (38084014),Trey Murphy III (38083947),Alperen Sengun (38083870),285.5375,374.8083378460362,49900,100.00%,0,83.09%,0,211.82000000000002,$2.49,NOP 2,MEM 1,user34,50,marvalshot,7805,4665146613_34
Shai Gilgeous-Alexander (38083864),Stephon Castle (38084005),Kevin Huerter (38084121),Kenrich Williams (38084292),Giannis Antetokounmpo (38083860),Jordan Hawkins (38084276),Jabari Smith Jr. (38084102),Scotty Pippen Jr. (38084268),293.0625,382.2087275727731,50000,100.00%,6313,159.58%,0,194.56,$4.79,OKC 2,SAS 1,user34,50,marvalshot,625,4665146614_34
Scotty Pippen Jr. (38084268),Stephon Castle (38084005),Kevin Huerter (38084121),Jabari Smith Jr. (38084102),Isaiah Hartenstein (38083966),Russell Westbrook (38084014),Trey Murphy III (38083947),Alperen Sengun (38083870),287.0875,372.7483378460361,49900,100.00%,10,93.63%,0,217.31,$2.81,HOU 2,MEM 1,user34,50,marvalshot,5933,4665146615_34
Stephon Castle (38084005),Cason Wallace (38084201),Trey Murphy III (38083947),Karlo Matkovic (38084160),Isaiah Hartenstein (38083966),Scotty Pippen Jr. (38084268),Jabari Smith Jr. (38084102),Giannis Antetokounmpo (38083860),292.195,381.4787863796558,49900,100.00%,2735,148.14%,0,187.17000000000002,$4.44,OKC 2,NOP 2,user35,50,marvalshot,1612,4665146606_35
Russell Westbrook (38084014),Stephon Castle (38084005),Justin Champagnie (38084078),Kenrich Williams (38084292),Alperen Sengun (38083870),Jordan Hawkins (38084276),Giannis Antetokounmpo (38083860),Scotty Pippen Jr. (38084268),290.025,387.56607827680375,49800,100.00%,606,120.48%,0,225.87,$3.61,DEN 1,SAS 1,user35,49,marvalshot,5333,4665146607_35
Shai Gilgeous-Alexander (38083864),Stephon Castle (38084005),Dillon Brooks (38084093),Justin Champagnie (38084078),Jabari Smith Jr. (38084102),Russell Westbrook (38084014),Trey Murphy III (38083947),Scotty Pippen Jr. (38084268),304.80749999999995,386.4026492959693,49900,100.00%,49999,5811.16%,6645,216.59000000000003,$174.33,HOU 2,OKC 1,user35,50,marvalshot,2881,4665146608_35
Shai Gilgeous-Alexander (38083864),Cason Wallace (38084201),Trey Murphy III (38083947),Jabari Smith Jr. (38084102),Isaiah Hartenstein (38083966),Scotty Pippen Jr. (38084268),Dillon Brooks (38084093),Stephon Castle (38084005),296.97249999999997,371.6314356756251,50000,100.00%,36774,228.07%,0,168.73000000000002,$6.84,OKC 3,HOU 2,user35,50,marvalshot,338,4665146609_35
Cason Wallace (38084201),Stephon Castle (38084005),Jaime Jaquez Jr. (38084296),Kenrich Williams (38084292),Jabari Smith Jr. (38084102),Scotty Pippen Jr. (38084268),Giannis Antetokounmpo (38083860),Shai Gilgeous-Alexander (38083864),301.23,387.87917610639283,49400,100.00%,49919,838.15%,25,203.87,$25.14,OKC 3,SAS 1,user35,50,marvalshot,135,4665146610_35
Shai Gilgeous-Alexander (38083864),Stephon Castle (38084005),Justin Champagnie (38084078),Jaime Jaquez Jr. (38084296),Jabari Smith Jr. (38084102),Scotty Pippen Jr. (38084268),Giannis Antetokounmpo (38083860),Blake Wesley (38084468),299.92749999999995,394.7226492959693,49700,100.00%,48704,386.71%,3,207.04,$11.6,SAS 2,OKC 1,user35,47,marvalshot,1226,4665146611_35
Blake Wesley (38084468),Cason Wallace (38084201),Justin Champagnie (38084078),Jaime Jaquez Jr. (38084296),Alperen Sengun (38083870),Russell Westbrook (38084014),Giannis Antetokounmpo (38083860),Stephon Castle (38084005),300.1675,395.0204485336197,49800,100.00%,48286,664.22%,96,207.69,$19.93,SAS 2,OKC 1,user35,48,marvalshot,11849,4665146612_35
Scotty Pippen Jr. (38084268),Stephon Castle (38084005),Justin Champagnie (38084078),Karlo Matkovic (38084160),Isaiah Hartenstein (38083966),Russell Westbrook (38084014),Trey Murphy III (38083947),Alperen Sengun (38083870),285.5375,374.8083378460362,49900,100.00%,0,83.09%,0,211.82000000000002,$2.49,NOP 2,MEM 1,user35,50,marvalshot,7805,4665146613_35
Shai Gilgeous-Alexander (38083864),Stephon Castle (38084005),Kevin Huerter (38084121),Kenrich Williams (38084292),Giannis Antetokounmpo (38083860),Jordan Hawkins (38084276),Jabari Smith Jr. (38084102),Scotty Pippen Jr. (38084268),293.0625,382.2087275727731,50000,100.00%,6313,159.58%,0,194.56,$4.79,OKC 2,SAS 1,user35,50,marvalshot,625,4665146614_35
Scotty Pippen Jr. (38084268),Stephon Castle (38084005),Kevin Huerter (38084121),Jabari Smith Jr. (38084102),Isaiah Hartenstein (38083966),Russell Westbrook (38084014),Trey Murphy III (38083947),Alperen Sengun (38083870),287.0875,372.7483378460361,49900,100.00%,10,93.63%,0,217.31,$2.81,HOU 2,MEM 1,user35,50,marvalshot,5933,4665146615_35
Stephon Castle (38084005),Cason Wallace (38084201),Trey Murphy III (38083947),Karlo Matkovic (38084160),Isaiah Hartenstein (38083966),Scotty Pippen Jr. (38084268),Jabari Smith Jr. (38084102),Giannis Antetokounmpo (38083860),292.195,381.4787863796558,49900,100.00%,2735,148.14%,0,187.17000000000002,$4.44,OKC 2,NOP 2,user36,50,marvalshot,1612,4665146606_36
Russell Westbrook (38084014),Stephon Castle (38084005),Justin Champagnie (38084078),Kenrich Williams (38084292),Alperen Sengun (38083870),Jordan Hawkins (38084276),Giannis Antetokounmpo (38083860),Scotty Pippen Jr. (38084268),290.025,387.56607827680375,49800,100.00%,606,120.48%,0,225.87,$3.61,DEN 1,SAS 1,user36,49,marvalshot,5333,4665146607_36
Shai Gilgeous-Alexander (38083864),Stephon Castle (38084005),Dillon Brooks (38084093),Justin Champagnie (38084078),Jabari Smith Jr. (38084102),Russell Westbrook (38084014),Trey Murphy III (38083947),Scotty Pippen Jr. (38084268),304.80749999999995,386.4026492959693,49900,100.00%,49999,5811.16%,6645,216.59000000000003,$174.33,HOU 2,OKC 1,user36,50,marvalshot,2881,4665146608_36
Shai Gilgeous-Alexander (38083864),Cason Wallace (38084201),Trey Murphy III (38083947),Jabari Smith Jr. (38084102),Isaiah Hartenstein (38083966),Scotty Pippen Jr. (38084268),Dillon Brooks (38084093),Stephon Castle (38084005),296.97249999999997,371.6314356756251,50000,100.00%,36774,228.07%,0,168.73000000000002,$6.84,OKC 3,HOU 2,user36,50,marvalshot,338,4665146609_36
Cason Wallace (38084201),Stephon Castle (38084005),Jaime Jaquez Jr. (38084296),Kenrich Williams (38084292),Jabari Smith Jr. (38084102),Scotty Pippen Jr. (38084268),Giannis Antetokounmpo (38083860),Shai Gilgeous-Alexander (38083864),301.23,387.87917610639283,49400,100.00%,49919,838.15%,25,203.87,$25.14,OKC 3,SAS 1,user36,50,marvalshot,135,4665146610_36
Shai Gilgeous-Alexander (38083864),Stephon Castle (38084005),Justin Champagnie (38084078),Jaime Jaquez Jr. (38084296),Jabari Smith Jr. (38084102),Scotty Pippen Jr. (38084268),Giannis Antetokounmpo (38083860),Blake Wesley (38084468),299.92749999999995,394.7226492959693,49700,100.00%,48704,386.71%,3,207.04,$11.6,SAS 2,OKC 1,user36,47,marvalshot,1226,4665146611_36
Blake Wesley (38084468),Cason Wallace (38084201),Justin Champagnie (38084078),Jaime Jaquez Jr. (38084296),Alperen Sengun (38083870),Russell Westbrook (38084014),Giannis Antetokounmpo (38083860),Stephon Castle (38084005),300.1675,395.0204485336197,49800,100.00%,48286,664.22%,96,207.69,$19.93,SAS 2,OKC 1,user36,48,marvalshot,11849,4665146612_36
Scotty Pippen Jr. (38084268),Stephon Castle (38084005),Justin Champagnie (38084078),Karlo Matkovic (38084160),Isaiah Hartenstein (38083966),Russell Westbrook (38084014),Trey Murphy III (38083947),Alperen Sengun (38083870),285.5375,374.8083378460362,49900,100.00%,0,83.09%,0,211.82000000000002,$2.49,NOP 2,MEM 1,user36,50,marvalshot,7805,4665146613_36
Shai Gilgeous-Alexander (38083864),Stephon Castle (38084005),Kevin Huerter (38084121),Kenrich Williams (38084292),Giannis Antetokounmpo (38083860),Jordan Hawkins (38084276),Jabari Smith Jr. (38084102),Scotty Pippen Jr. (38084268),293.0625,382.2087275727731,50000,100.00%,6313,159.58%,0,194.56,$4.79,OKC 2,SAS 1,user36,50,marvalshot,625,4665146614_36
Scotty Pippen Jr. (38084268),Stephon Castle (38084005),Kevin Huerter (38084121),Jabari Smith Jr. (38084102),Isaiah Hartenstein (38083966),Russell Westbrook (38084014),Trey Murphy III (38083947),Alperen Sengun (38083870),287.0875,372.7483378460361,49900,100.00%,10,93.63%,0,217.31,$2.81,HOU 2,MEM 1,user36,50,marvalshot,5933,4665146615_36
Stephon Castle (38084005),Cason Wallace (38084201),Trey Murphy III (38083947),Karlo Matkovic (38084160),Isaiah Hartenstein (38083966),Scotty Pippen Jr. (38084268),Jabari Smith Jr. (38084102),Giannis Antetokounmpo (38083860),292.195,381.4787863796558,49900,100.00%,2735,148.14%,0,187.17000000000002,$4.44,OKC 2,NOP 2,user37,50,marvalshot,1612,4665146606_37
Russell Westbrook (38084014),Stephon Castle (38084005),Justin Champagnie (38084078),Kenrich Williams (38084292),Alperen Sengun (38083870),Jordan Hawkins (38084276),Giannis Antetokounmpo (38083860),Scotty Pippen Jr. (38084268),290.025,387.56607827680375,49800,100.00%,606,120.48%,0,225.87,$3.61,DEN 1,SAS 1,user37,49,marvalshot,5333,4665146607_37
Shai Gilgeous-Alexander (38083864),Stephon Castle (38084005),Dillon Brooks (38084093),Justin Champagnie (38084078),Jabari Smith Jr. (38084102),Russell Westbrook (38084014),Trey Murphy III (38083947),Scotty Pippen Jr. (38084268),304.80749999999995,386.4026492959693,49900,100.00%,49999,5811.16%,6645,216.59000000000003,$174.33,HOU 2,OKC 1,user37,50,marvalshot,2881,4665146608_37
Shai Gilgeous-Alexander (38083864),Cason Wallace (38084201),Trey Murphy III (38083947),Jabari Smith Jr. (38084102),Isaiah Hartenstein (38083966),Scotty Pippen Jr. (38084268),Dillon Brooks (38084093),Stephon Castle (38084005),296.97249999999997,371.6314356756251,50000,100.00%,36774,228.07%,0,168.73000000000002,$6.84,OKC 3,HOU 2,user37,50,marvalshot,338,4665146609_37
Cason Wallace (38084201),Stephon Castle (38084005),Jaime Jaquez Jr. (38084296),Kenrich Williams (38084292),Jabari Smith Jr. (38084102),Scotty Pippen Jr. (38084268),Giannis Antetokounmpo (38083860),Shai Gilgeous-Alexander (38083864),301.23,387.87917610639283,49400,100.00%,49919,838.15%,25,203.87,$25.14,OKC 3,SAS 1,user37,50,marvalshot,135,4665146610_37
Shai Gilgeous-Alexander (38083864),Stephon Castle (38084005),Justin Champagnie (38084078),Jaime Jaquez Jr. (38084296),Jabari Smith Jr. (38084102),Scotty Pippen Jr. (38084268),Giannis Antetokounmpo (38083860),Blake Wesley (38084468),299.92749999999995,394.7226492959693,49700,100.00%,48704,386.71%,3,207.04,$11.6,SAS 2,OKC 1,user37,47,marvalshot,1226,4665146611_37
Blake Wesley (38084468),Cason Wallace (38084201),Justin Champagnie (38084078),Jaime Jaquez Jr. (38084296),Alperen Sengun (38083870),Russell Westbrook (38084014),Giannis Antetokounmpo (38083860),Stephon Castle (38084005),300.1675,395.0204485336197,49800,100.00%,48286,664.22%,96,207.69,$19.93,SAS 2,OKC 1,user37,48,marvalshot,11849,4665146612_37
Scotty Pippen Jr. (38084268),Stephon Castle (38084005),Justin Champagnie (38084078),Karlo Matkovic (38084160),Isaiah Hartenstein (38083966),Russell Westbrook (38084014),Trey Murphy III (38083947),Alperen Sengun (38083870),285.5375,374.8083378460362,49900,100.00%,0,83.09%,0,211.82000000000002,$2.49,NOP 2,MEM 1,user37,50,marvalshot,7805,4665146613_37
Shai Gilgeous-Alexander (38083864),Stephon Castle (38084005),Kevin Huerter (38084121),Kenrich Williams (38084292),Giannis Antetokounmpo (38083860),Jordan Hawkins (38084276),Jabari Smith Jr. (38084102),Scotty Pippen Jr. (38084268),293.0625,382.2087275727731,50000,100.00%,6313,159.58%,0,194.56,$4.79,OKC 2,SAS 1,user37,50,marvalshot,625,4665146614_37
Scotty Pippen Jr. (38084268),Stephon Castle (38084005),Kevin Huerter (38084121),Jabari Smith Jr. (38084102),Isaiah Hartenstein (38083966),Russell Westbrook (38084014),Trey Murphy III (38083947),Alperen Sengun (38083870),287.0875,372.7483378460361,49900,100.00%,10,93.63%,0,217.31,$2.81,HOU 2,MEM 1,user37,50,marvalshot,5933,4665146615_37
Stephon Castle (38084005),Cason Wallace (38084201),Trey Murphy III (38083947),Karlo Matkovic (38084160),Isaiah Hartenstein (38083966),Scotty Pippen Jr. (38084268),Jabari Smith Jr. (38084102),Giannis Antetokounmpo (38083860),292.195,381.4787863796558,49900,100.00%,2735,148.14%,0,187.17000000000002,$4.44,OKC 2,NOP 2,user38,50,marvalshot,1612,4665146606_38
Russell Westbrook (38084014),Stephon Castle (38084005),Justin Champagnie (38084078),Kenrich Williams (38084292),Alperen Sengun (38083870),Jordan Hawkins (38084276),Giannis Antetokounmpo (38083860),Scotty Pippen Jr. (38084268),290.025,387.56607827680375,49800,100.00%,606,120.48%,0,225.87,$3.61,DEN 1,SAS 1,user38,49,marvalshot,5333,4665146607_38
Shai Gilgeous-Alexander (38083864),Stephon Castle (38084005),Dillon Brooks (38084093),Justin Champagnie (38084078),Jabari Smith Jr. (38084102),Russell Westbrook (38084014),Trey Murphy III (38083947),Scotty Pippen Jr. (38084268),304.80749999999995,386.4026492959693,49900,100.00%,49999,5811.16%,6645,216.59000000000003,$174.33,HOU 2,OKC 1,user38,50,marvalshot,2881,4665146608_38
Shai Gilgeous-Alexander (38083864),Cason Wallace (38084201),Trey Murphy III (38083947),Jabari Smith Jr. (38084102),Isaiah Hartenstein (38083966),Scotty Pippen Jr. (38084268),Dillon Brooks (38084093),Stephon Castle (38084005),296.97249999999997,371.6314356756251,50000,100.00%,36774,228.07%,0,168.73000000000002,$6.84,OKC 3,HOU 2,user38,50,marvalshot,338,4665146609_38
Cason Wallace (38084201),Stephon Castle (38084005),Jaime Jaquez Jr. (38084296),Kenrich Williams (38084292),Jabari Smith Jr. (38084102),Scotty Pippen Jr. (38084268),Giannis Antetokounmpo (38083860),Shai Gilgeous-Alexander (38083864),301.23,387.87917610639283,49400,100.00%,49919,838.15%,25,203.87,$25.14,OKC 3,SAS 1,user38,50,marvalshot,135,4665146610_38
Shai Gilgeous-Alexander (38083864),Stephon Castle (38084005),Justin Champagnie (38084078),Jaime Jaquez Jr. (38084296),Jabari Smith Jr. (38084102),Scotty Pippen Jr. (38084268),Giannis Antetokounmpo (38083860),Blake Wesley (38084468),299.92749999999995,394.7226492959693,49700,100.00%,48704,386.71%,3,207.04,$11.6,SAS 2,OKC 1,user38,47,marvalshot,1226,4665146611_38
Blake Wesley (38084468),Cason Wallace (38084201),Justin Champagnie (38084078),Jaime Jaquez Jr. (38084296),Alperen Sengun (38083870),Russell Westbrook (38084014),Giannis Antetokounmpo (38083860),Stephon Castle (38084005),300.1675,395.0204485336197,49800,100.00%,48286,664.22%,96,207.69,$19.93,SAS 2,OKC 1,user38,48,marvalshot,11849,4665146612_38
Scotty Pippen Jr. (38084268),Stephon Castle (38084005),Justin Champagnie (38084078),Karlo Matkovic (38084160),Isaiah Hartenstein (38083966),Russell Westbrook (38084014),Trey Murphy III (38083947),Alperen Sengun (38083870),285.5375,374.8083378460362,49900,100.00%,0,83.09%,0,211.82000000000002,$2.49,NOP 2,MEM 1,user38,50,marvalshot,7805,4665146613_38
Shai Gilgeous-Alexander (38083864),Stephon Castle (38084005),Kevin Huerter (38084121),Kenrich Williams (38084292),Giannis Antetokounmpo (38083860),Jordan Hawkins (38084276),Jabari Smith Jr. (38084102),Scotty Pippen Jr. (38084268),293.0625,382.2087275727731,50000,100.00%,6313,159.58%,0,194.56,$4.79,OKC 2,SAS 1,user38,50,marvalshot,625,4665146614_38
Scotty Pippen Jr. (38084268),Stephon Castle (38084005),Kevin Huerter (38084121),Jabari Smith Jr. (38084102),Isaiah Hartenstein (38083966),Russell Westbrook (38084014),Trey Murphy III (38083947),Alperen Sengun (38083870),287.0875,372.7483378460361,49900,100.00%,10,93.63%,0,217.31,$2.81,HOU 2,MEM 1,user38,50,marvalshot,5933,4665146615_38
Stephon Castle (38084005),Cason Wallace (38084201),Trey Murphy III (38083947),Karlo Matkovic (38084160),Isaiah Hartenstein (38083966),Scotty Pippen Jr. (38084268),Jabari Smith Jr. (38084102),Giannis Antetokounmpo (38083860),292.195,381.4787863796558,49900,100.00%,2735,148.14%,0,187.17000000000002,$4.44,OKC 2,NOP 2,user39,50,marvalshot,1612,4665146606_39
Russell Westbrook (38084014),Stephon Castle (38084005),Justin Champagnie (38084078),Kenrich Williams (38084292),Alperen Sengun (38083870),Jordan Hawkins (38084276),Giannis Antetokounmpo (38083860),Scotty Pippen Jr. (38084268),290.025,387.56607827680375,49800,100.00%,606,120.48%,0,225.87,$3.61,DEN 1,SAS 1,user39,49,marvalshot,5333,4665146607_39
Shai Gilgeous-Alexander (38083864),Stephon Castle (38084005),Dillon Brooks (38084093),Justin Champagnie (38084078),Jabari Smith Jr. (38084102),Russell Westbrook (38084014),Trey Murphy III (38083947),Scotty Pippen Jr. (38084268),304.80749999999995,386.4026492959693,49900,100.00%,49999,5811.16%,6645,216.59000000000003,$174.33,HOU 2,OKC 1,user39,50,marvalshot,2881,4665146608_39
Shai Gilgeous-Alexander (38083864),Cason Wallace (38084201),Trey Murphy III (38083947),Jabari Smith Jr. (38084102),Isaiah Hartenstein (38083966),Scotty Pippen Jr. (38084268),Dillon Brooks (38084093),Stephon Castle (38084005),296.97249999999997,371.6314356756251,50000,100.00%,36774,228.07%,0,168.73000000000002,$6.84,OKC 3,HOU 2,user39,50,marvalshot,338,4665146609_39
Cason Wallace (38084201),Stephon Castle (38084005),Jaime Jaquez Jr. (38084296),Kenrich Williams (38084292),Jabari Smith Jr. (38084102),Scotty Pippen Jr. (38084268),Giannis Antetokounmpo (38083860),Shai Gilgeous-Alexander (38083864),301.23,387.87917610639283,49400,100.00%,49919,838.15%,25,203.87,$25.14,OKC 3,SAS 1,user39,50,marvalshot,135,4665146610_39
Shai Gilgeous-Alexander (38083864),Stephon Castle (38084005),Justin Champagnie (38084078),Jaime Jaquez Jr. (38084296),Jabari Smith Jr. (38084102),Scotty Pippen Jr. (38084268),Giannis Antetokounmpo (38083860),Blake Wesley (38084468),299.92749999999995,394.7226492959693,49700,100.00%,48704,386.71%,3,207.04,$11.6,SAS 2,OKC 1,user39,47,marvalshot,1226,4665146611_39
Blake Wesley (38084468),Cason Wallace (38084201),Justin Champagnie (38084078),Jaime Jaquez Jr. (38084296),Alperen Sengun (38083870),Russell Westbrook (38084014),Giannis Antetokounmpo (38083860),Stephon Castle (38084005),300.1675,395.0204485336197,49800,100.00%,48286,664.22%,96,207.69,$19.93,SAS 2,OKC 1,user39,48,marvalshot,11849,4665146612_39
Scotty Pippen Jr. (38084268),Stephon Castle (38084005),Justin Champagnie (38084078),Karlo Matkovic (38084160),Isaiah Hartenstein (38083966),Russell Westbrook (38084014),Trey Murphy III (38083947),Alperen Sengun (38083870),285.5375,374.8083378460362,49900,100.00%,0,83.09%,0,211.82000000000002,$2.49,NOP 2,MEM 1,user39,50,marvalshot,7805,4665146613_39
Shai Gilgeous-Alexander (38083864),Stephon Castle (38084005),Kevin Huerter (38084121),Kenrich Williams (38084292),Giannis Antetokounmpo (38083860),Jordan Hawkins (38084276),Jabari Smith Jr. (38084102),Scotty Pippen Jr. (38084268),293.0625,382.2087275727731,50000,100.00%,6313,159.58%,0,194.56,$4.79,OKC 2,SAS 1,user39,50,marvalshot,625,4665146614_39
Scotty Pippen Jr. (38084268),Stephon Castle (38084005),Kevin Huerter (38084121),Jabari Smith Jr. (38084102),Isaiah Hartenstein (38083966),Russell Westbrook (38084014),Trey Murphy III (38083947),Alperen Sengun (38083870),287.0875,372.7483378460361,49900,100.00%,10,93.63%,0,217.31,$2.81,HOU 2,MEM 1,user39,50,marvalshot,5933,4665146615_39
Stephon Castle (38084005),Cason Wallace (38084201),Trey Murphy III (38083947),Karlo Matkovic (38084160),Isaiah Hartenstein (38083966),Scotty Pippen Jr. (38084268),Jabari Smith Jr. (38084102),Giannis Antetokounmpo (38083860),292.195,381.4787863796558,49900,100.00%,2735,148.14%,0,187.17000000000002,$4.44,OKC 2,NOP 2,user40,50,marvalshot,1612,4665146606_40
Russell Westbrook (38084014),Stephon Castle (38084005),Justin Champagnie (38084078),Kenrich Williams (38084292),Alperen Sengun (38083870),Jordan Hawkins (38084276),Giannis Antetokounmpo (38083860),Scotty Pippen Jr. (38084268),290.025,387.56607827680375,49800,100.00%,606,120.48%,0,225.87,$3.61,DEN 1,SAS 1,user40,49,marvalshot,5333,4665146607_40
Shai Gilgeous-Alexander (38083864),Stephon Castle (38084005),Dillon Brooks (38084093),Justin Champagnie (38084078),Jabari Smith Jr. (38084102),Russell Westbrook (38084014),Trey Murphy III (38083947),Scotty Pippen Jr. (38084268),304.80749999999995,386.4026492959693,49900,100.00%,49999,5811.16%,6645,216.59000000000003,$174.33,HOU 2,OKC 1,user40,50,marvalshot,2881,4665146608_40
Shai Gilgeous-Alexander (38083864),Cason Wallace (38084201),Trey Murphy III (38083947),Jabari Smith Jr. (38084102),Isaiah Hartenstein (38083966),Scotty Pippen Jr. (38084268),Dillon Brooks (38084093),Stephon Castle (38084005),296.97249999999997,371.6314356756251,50000,100.00%,36774,228.07%,0,168.73000000000002,$6.84,OKC 3,HOU 2,user40,50,marvalshot,338,4665146609_40
Cason Wallace (38084201),Stephon Castle (38084005),Jaime Jaquez Jr. (38084296),Kenrich Williams (38084292),Jabari Smith Jr. (38084102),Scotty Pippen Jr. (38084268),Giannis Antetokounmpo (38083860),Shai Gilgeous-Alexander (38083864),301.23,387.87917610639283,49400,100.00%,49919,838.15%,25,203.87,$25.14,OKC 3,SAS 1,user40,50,marvalshot,135,4665146610_40
Shai Gilgeous-Alexander (38083864),Stephon Castle (38084005),Justin Champagnie (38084078),Jaime Jaquez Jr. (38084296),Jabari Smith Jr. (38084102),Scotty Pippen Jr. (38084268),Giannis Antetokounmpo (38083860),Blake Wesley (38084468),299.92749999999995,394.7226492959693,49700,100.00%,48704,386.71%,3,207.04,$11.6,SAS 2,OKC 1,user40,47,marvalshot,1226,4665146611_40
Blake Wesley (38084468),Cason Wallace (38084201),Justin Champagnie (38084078),Jaime Jaquez Jr. (38084296),Alperen Sengun (38083870),Russell Westbrook (38084014),Giannis Antetokounmpo (38083860),Stephon Castle (38084005),300.1675,395.0204485336197,49800,100.00%,48286,664.22%,96,207.69,$19.93,SAS 2,OKC 1,user40,48,marvalshot,11849,4665146612_40
Scotty Pippen Jr. (38084268),Stephon Castle (38084005),Justin Champagnie (38084078),Karlo Matkovic (38084160),Isaiah Hartenstein (38083966),Russell Westbrook (38084014),Trey Murphy III (38083947),Alperen Sengun (38083870),285.5375,374.8083378460362,49900,100.00%,0,83.09%,0,211.82000000000002,$2.49,NOP 2,MEM 1,user40,50,marvalshot,7805,4665146613_40
Shai Gilgeous-Alexander (38083864),Stephon Castle (38084005),Kevin Huerter (38084121),Kenrich Williams (38084292),Giannis Antetokounmpo (38083860),Jordan Hawkins (38084276),Jabari Smith Jr. (38084102),Scotty Pippen Jr. (38084268),293.0625,382.2087275727731,50000,100.00%,6313,159.58%,0,194.56,$4.79,OKC 2,SAS 1,user40,50,marvalshot,625,4665146614_40
Scotty Pippen Jr. (38084268),Stephon Castle (38084005),Kevin Huerter (38084121),Jabari Smith Jr. (38084102),Isaiah Hartenstein (38083966),Russell Westbrook (38084014),Trey Murphy III (38083947),Alperen Sengun (38083870),287.0875,372.7483378460361,49900,100.00%,10,93.63%,0,217.31,$2.81,HOU 2,MEM 1,user40,50,marvalshot,5933,4665146615_40
Stephon Castle (38084005),Cason Wallace (38084201),Trey Murphy III (38083947),Karlo Matkovic (38084160),Isaiah Hartenstein (38083966),Scotty Pippen Jr. (38084268),Jabari Smith Jr. (38084102),Giannis Antetokounmpo (38083860),292.195,381.4787863796558,49900,100.00%,2735,148.14%,0,187.17000000000002,$4.44,OKC 2,NOP 2,user41,50,marvalshot,1612,4665146606_41
Russell Westbrook (38084014),Stephon Castle (38084005),Justin Champagnie (38084078),Kenrich Williams (38084292),Alperen Sengun (38083870),Jordan Hawkins (38084276),Giannis Antetokounmpo (38083860),Scotty Pippen Jr. (38084268),290.025,387.56607827680375,49800,100.00%,606,120.48%,0,225.87,$3.61,DEN 1,SAS 1,user41,49,marvalshot,5333,4665146607_41
Shai Gilgeous-Alexander (38083864),Stephon Castle (38084005),Dillon Brooks (38084093),Justin Champagnie (38084078),Jabari Smith Jr. (38084102),Russell Westbrook (38084014),Trey Murphy III (38083947),Scotty Pippen Jr. (38084268),304.80749999999995,386.4026492959693,49900,100.00%,49999,5811.16%,6645,216.59000000000003,$174.33,HOU 2,OKC 1,user41,50,marvalshot,2881,4665146608_41
Shai Gilgeous-Alexander (38083864),Cason Wallace (38084201),Trey Murphy III (38083947),Jabari Smith Jr. (38084102),Isaiah Hartenstein (38083966),Scotty Pippen Jr. (38084268),Dillon Brooks (38084093),Stephon Castle (38084005),296.97249999999997,371.6314356756251,50000,100.00%,36774,228.07%,0,168.73000000000002,$6.84,OKC 3,HOU 2,user41,50,marvalshot,338,4665146609_41
Cason Wallace (38084201),Stephon Castle (38084005),Jaime Jaquez Jr. (38084296),Kenrich Williams (38084292),Jabari Smith Jr. (38084102),Scotty Pippen Jr. (38084268),Giannis Antetokounmpo (38083860),Shai Gilgeous-Alexander (38083864),301.23,387.87917610639283,49400,100.00%,49919,838.15%,25,203.87,$25.14,OKC 3,SAS 1,user41,50,marvalshot,135,4665146610_41
Shai Gilgeous-Alexander (38083864),Stephon Castle (38084005),Justin Champagnie (38084078),Jaime Jaquez Jr. (38084296),Jabari Smith Jr. (38084102),Scotty Pippen Jr. (38084268),Giannis Antetokounmpo (38083860),Blake Wesley (38084468),299.92749999999995,394.7226492959693,49700,100.00%,48704,386.71%,3,207.04,$11.6,SAS 2,OKC 1,user41,47,marvalshot,1226,4665146611_41
Blake Wesley (38084468),Cason Wallace (38084201),Justin Champagnie (38084078),Jaime Jaquez Jr. (38084296),Alperen Sengun (38083870),Russell Westbrook (38084014),Giannis Antetokounmpo (38083860),Stephon Castle (38084005),300.1675,395.0204485336197,49800,100.00%,48286,664.22%,96,207.69,$19.93,SAS 2,OKC 1,user41,48,marvalshot,11849,4665146612_41
Scotty Pippen Jr. (38084268),Stephon Castle (38084005),Justin Champagnie (38084078),Karlo Matkovic (38084160),Isaiah Hartenstein (38083966),Russell Westbrook (38084014),Trey Murphy III (38083947),Alperen Sengun (38083870),285.5375,374.8083378460362,49900,100.00%,0,83.09%,0,211.82000000000002,$2.49,NOP 2,MEM 1,user41,50,marvalshot,7805,4665146613_41
Shai Gilgeous-Alexander (38083864),Stephon Castle (38084005),Kevin Huerter (38084121),Kenrich Williams (38084292),Giannis Antetokounmpo (38083860),Jordan Hawkins (38084276),Jabari Smith Jr. (38084102),Scotty Pippen Jr. (38084268),293.0625,382.2087275727731,50000,100.00%,6313,159.58%,0,194.56,$4.79,OKC 2,SAS 1,user41,50,marvalshot,625,4665146614_41
Scotty Pippen Jr. (38084268),Stephon Castle (38084005),Kevin Huerter (38084121),Jabari Smith Jr. (38084102),Isaiah Hartenstein (38083966),Russell Westbrook (38084014),Trey Murphy III (38083947),Alperen Sengun (38083870),287.0875,372.7483378460361,49900,100.00%,10,93.63%,0,217.31,$2.81,HOU 2,MEM 1,user41,50,marvalshot,5933,4665146615_41
Stephon Castle (38084005),Cason Wallace (38084201),Trey Murphy III (38083947),Karlo Matkovic (38084160),Isaiah Hartenstein (38083966),Scotty Pippen Jr. (38084268),Jabari Smith Jr. (38084102),Giannis Antetokounmpo (38083860),292.195,381.4787863796558,49900,100.00%,2735,148.14%,0,187.17000000000002,$4.44,OKC 2,NOP 2,user42,50,marvalshot,1612,4665146606_42
Russell Westbrook (38084014),Stephon Castle (38084005),Justin Champagnie (38084078),Kenrich Williams (38084292),Alperen Sengun (38083870),Jordan Hawkins (38084276),Giannis Antetokounmpo (38083860),Scotty Pippen Jr. (38084268),290.025,387.56607827680375,49800,100.00%,606,120.48%,0,225.87,$3.61,DEN 1,SAS 1,user42,49,marvalshot,5333,4665146607_42
Shai Gilgeous-Alexander (38083864),Stephon Castle (38084005),Dillon Brooks (38084093),Justin Champagnie (38084078),Jabari Smith Jr. (38084102),Russell Westbrook (38084014),Trey Murphy III (38083947),Scotty Pippen Jr. (38084268),304.80749999999995,386.4026492959693,49900,100.00%,49999,5811.16%,6645,216.59000000000003,$174.33,HOU 2,OKC 1,user42,50,marvalshot,2881,4665146608_42
Shai Gilgeous-Alexander (38083864),Cason Wallace (38084201),Trey Murphy III (38083947),Jabari Smith Jr. (38084102),Isaiah Hartenstein (38083966),Scotty Pippen Jr. (38084268),Dillon Brooks (38084093),Stephon Castle (38084005),296.97249999999997,371.6314356756251,50000,100.00%,36774,228.07%,0,168.73000000000002,$6.84,OKC 3,HOU 2,user42,50,marvalshot,338,4665146609_42
Cason Wallace (38084201),Stephon Castle (38084005),Jaime Jaquez Jr. (38084296),Kenrich Williams (38084292),Jabari Smith Jr. (38084102),Scotty Pippen Jr. (38084268),Giannis Antetokounmpo (38083860),Shai Gilgeous-Alexander (38083864),301.23,387.87917610639283,49400,100.00%,49919,838.15%,25,203.87,$25.14,OKC 3,SAS 1,user42,50,marvalshot,135,4665146610_42
Shai Gilgeous-Alexander (38083864),Stephon Castle (38084005),Justin Champagnie (38084078),Jaime Jaquez Jr. (38084296),Jabari Smith Jr. (38084102),Scotty Pippen Jr. (38084268),Giannis Antetokounmpo (38083860),Blake Wesley (38084468),299.92749999999995,394.7226492959693,49700,100.00%,48704,386.71%,3,207.04,$11.6,SAS 2,OKC 1,user42,47,marvalshot,1226,4665146611_42
Blake Wesley (38084468),Cason Wallace (38084201),Justin Champagnie (38084078),Jaime Jaquez Jr. (38084296),Alperen Sengun (38083870),Russell Westbrook (38084014),Giannis Antetokounmpo (38083860),Stephon Castle (38084005),300.1675,395.0204485336197,49800,100.00%,48286,664.22%,96,207.69,$19.93,SAS 2,OKC 1,user42,48,marvalshot,11849,4665146612_42
Scotty Pippen Jr. (38084268),Stephon Castle (38084005),Justin Champagnie (38084078),Karlo Matkovic (38084160),Isaiah Hartenstein (38083966),Russell Westbrook (38084014),Trey Murphy III (38083947),Alperen Sengun (38083870),285.5375,374.8083378460362,49900,100.00%,0,83.09%,0,211.82000000000002,$2.49,NOP 2,MEM 1,user42,50,marvalshot,7805,4665146613_42
Shai Gilgeous-Alexander (38083864),Stephon Castle (38084005),Kevin Huerter (38084121),Kenrich Williams (38084292),Giannis Antetokounmpo (38083860),Jordan Hawkins (38084276),Jabari Smith Jr. (38084102),Scotty Pippen Jr. (38084268),293.0625,382.2087275727731,50000,100.00%,6313,159.58%,0,194.56,$4.79,OKC 2,SAS 1,user42,50,marvalshot,625,4665146614_42
Scotty Pippen Jr. (38084268),Stephon Castle (38084005),Kevin Huerter (38084121),Jabari Smith Jr. (38084102),Isaiah Hartenstein (38083966),Russell Westbrook (38084014),Trey Murphy III (38083947),Alperen Sengun (38083870),287.0875,372.7483378460361,49900,100.00%,10,93.63%,0,217.31,$2.81,HOU 2,MEM 1,user42,50,marvalshot,5933,4665146615_42
Stephon Castle (38084005),Cason Wallace (38084201),Trey Murphy III (38083947),Karlo Matkovic (38084160),Isaiah Hartenstein (38083966),Scotty Pippen Jr. (38084268),Jabari Smith Jr. (38084102),Giannis Antetokounmpo (38083860),292.195,381.4787863796558,49900,100.00%,2735,148.14%,0,187.17000000000002,$4.44,OKC 2,NOP 2,user43,50,marvalshot,1612,4665146606_43
Russell Westbrook (38084014),Stephon Castle (38084005),Justin Champagnie (38084078),Kenrich Williams (38084292),Alperen Sengun (38083870),Jordan Hawkins (38084276),Giannis Antetokounmpo (38083860),Scotty Pippen Jr. (38084268),290.025,387.56607827680375,49800,100.00%,606,120.48%,0,225.87,$3.61,DEN 1,SAS 1,user43,49,marvalshot,5333,4665146607_43
Shai Gilgeous-Alexander (38083864),Stephon Castle (38084005),Dillon Brooks (38084093),Justin Champagnie (38084078),Jabari Smith Jr. (38084102),Russell Westbrook (38084014),Trey Murphy III (38083947),Scotty Pippen Jr. (38084268),304.80749999999995,386.4026492959693,49900,100.00%,49999,5811.16%,6645,216.59000000000003,$174.33,HOU 2,OKC 1,user43,50,marvalshot,2881,4665146608_43
Shai Gilgeous-Alexander (38083864),Cason Wallace (38084201),Trey Murphy III (38083947),Jabari Smith Jr. (38084102),Isaiah Hartenstein (38083966),Scotty Pippen Jr. (38084268),Dillon Brooks (38084093),Stephon Castle (38084005),296.97249999999997,371.6314356756251,50000,100.00%,36774,228.07%,0,168.73000000000002,$6.84,OKC 3,HOU 2,user43,50,marvalshot,338,4665146609_43
Cason Wallace (38084201),Stephon Castle (38084005),Jaime Jaquez Jr. (38084296),Kenrich Williams (38084292),Jabari Smith Jr. (38084102),Scotty Pippen Jr. (38084268),Giannis Antetokounmpo (38083860),Shai Gilgeous-Alexander (38083864),301.23,387.87917610639283,49400,100.00%,49919,838.15%,25,203.87,$25.14,OKC 3,SAS 1,user43,50,marvalshot,135,4665146610_43
Shai Gilgeous-Alexander (38083864),Stephon Castle (38084005),Justin Champagnie (38084078),Jaime Jaquez Jr. (38084296),Jabari Smith Jr. (38084102),Scotty Pippen Jr. (38084268),Giannis Antetokounmpo (38083860),Blake Wesley (38084468),299.92749999999995,394.7226492959693,49700,100.00%,48704,386.71%,3,207.04,$11.6,SAS 2,OKC 1,user43,47,marvalshot,1226,4665146611_43
Blake Wesley (38084468),Cason Wallace (38084201),Justin Champagnie (38084078),Jaime Jaquez Jr. (38084296),Alperen Sengun (38083870),Russell Westbrook (38084014),Giannis Antetokounmpo (38083860),Stephon Castle (38084005),300.1675,395.0204485336197,49800,100.00%,48286,664.22%,96,207.69,$19.93,SAS 2,OKC 1,user43,48,marvalshot,11849,4665146612_43
Scotty Pippen Jr. (38084268),Stephon Castle (38084005),Justin Champagnie (38084078),Karlo Matkovic (38084160),Isaiah Hartenstein (38083966),Russell Westbrook (38084014),Trey Murphy III (38083947),Alperen Sengun (38083870),285.5375,374.8083378460362,49900,100.00%,0,83.09%,0,211.82000000000002,$2.49,NOP 2,MEM 1,user43,50,marvalshot,7805,4665146613_43
Shai Gilgeous-Alexander (38083864),Stephon Castle (38084005),Kevin Huerter (38084121),Kenrich Williams (38084292),Giannis Antetokounmpo (38083860),Jordan Hawkins (38084276),Jabari Smith Jr. (38084102),Scotty Pippen Jr. (38084268),293.0625,382.2087275727731,50000,100.00%,6313,159.58%,0,194.56,$4.79,OKC 2,SAS 1,user43,50,marvalshot,625,4665146614_43
Scotty Pippen Jr. (38084268),Stephon Castle (38084005),Kevin Huerter (38084121),Jabari Smith Jr. (38084102),Isaiah Hartenstein (38083966),Russell Westbrook (38084014),Trey Murphy III (38083947),Alperen Sengun (38083870),287.0875,372.7483378460361,49900,100.00%,10,93.63%,0,217.31,$2.81,HOU 2,MEM 1,user43,50,marvalshot,5933,4665146615_43
Stephon Castle (38084005),Cason Wallace (38084201),Trey Murphy III (38083947),Karlo Matkovic (38084160),Isaiah Hartenstein (38083966),Scotty Pippen Jr. (38084268),Jabari Smith Jr. (38084102),Giannis Antetokounmpo (38083860),292.195,381.4787863796558,49900,100.00%,2735,148.14%,0,187.17000000000002,$4.44,OKC 2,NOP 2,user44,50,marvalshot,1612,4665146606_44
Russell Westbrook (38084014),Stephon Castle (38084005),Justin Champagnie (38084078),Kenrich Williams (38084292),Alperen Sengun (38083870),Jordan Hawkins (38084276),Giannis Antetokounmpo (38083860),Scotty Pippen Jr. (38084268),290.025,387.56607827680375,49800,100.00%,606,120.48%,0,225.87,$3.61,DEN 1,SAS 1,user44,49,marvalshot,5333,4665146607_44
Shai Gilgeous-Alexander (38083864),Stephon Castle (38084005),Dillon Brooks (38084093),Justin Champagnie (38084078),Jabari Smith Jr. (38084102),Russell Westbrook (38084014),Trey Murphy III (38083947),Scotty Pippen Jr. (38084268),304.80749999999995,386.4026492959693,49900,100.00%,49999,5811.16%,6645,216.59000000000003,$174.33,HOU 2,OKC 1,user44,50,marvalshot,2881,4665146608_44
Shai Gilgeous-Alexander (38083864),Cason Wallace (38084201),Trey Murphy III (38083947),Jabari Smith Jr. (38084102),Isaiah Hartenstein (38083966),Scotty Pippen Jr. (38084268),Dillon Brooks (38084093),Stephon Castle (38084005),296.97249999999997,371.6314356756251,50000,100.00%,36774,228.07%,0,168.73000000000002,$6.84,OKC 3,HOU 2,user44,50,marvalshot,338,4665146609_44
Cason Wallace (38084201),Stephon Castle (38084005),Jaime Jaquez Jr. (38084296),Kenrich Williams (38084292),Jabari Smith Jr. (38084102),Scotty Pippen Jr. (38084268),Giannis Antetokounmpo (38083860),Shai Gilgeous-Alexander (38083864),301.23,387.87917610639283,49400,100.00%,49919,838.15%,25,203.87,$25.14,OKC 3,SAS 1,user44,50,marvalshot,135,4665146610_44
Shai Gilgeous-Alexander (38083864),Stephon Castle (38084005),Justin Champagnie (38084078),Jaime Jaquez Jr. (38084296),Jabari Smith Jr. (38084102),Scotty Pippen Jr. (38084268),Giannis Antetokounmpo (38083860),Blake Wesley (38084468),299.92749999999995,394.7226492959693,49700,100.00%,48704,386.71%,3,207.04,$11.6,SAS 2,OKC 1,user44,47,marvalshot,1226,4665146611_44
Blake Wesley (38084468),Cason Wallace (38084201),Justin Champagnie (38084078),Jaime Jaquez Jr. (38084296),Alperen Sengun (38083870),Russell Westbrook (38084014),Giannis Antetokounmpo (38083860),Stephon Castle (38084005),300.1675,395.0204485336197,49800,100.00%,48286,664.22%,96,207.69,$19.93,SAS 2,OKC 1,user44,48,marvalshot,11849,4665146612_44
Scotty Pippen Jr. (38084268),Stephon Castle (38084005),Justin Champagnie (38084078),Karlo Matkovic (38084160),Isaiah Hartenstein (38083966),Russell Westbrook (38084014),Trey Murphy III (38083947),Alperen Sengun (38083870),285.5375,374.8083378460362,49900,100.00%,0,83.09%,0,211.82000000000002,$2.49,NOP 2,MEM 1,user44,50,marvalshot,7805,4665146613_44
Shai Gilgeous-Alexander (38083864),Stephon Castle (38084005),Kevin Huerter (38084121),Kenrich Williams (38084292),Giannis Antetokounmpo (38083860),Jordan Hawkins (38084276),Jabari Smith Jr. (38084102),Scotty Pippen Jr. (38084268),293.0625,382.2087275727731,50000,100.00%,6313,159.58%,0,194.56,$4.79,OKC 2,SAS 1,user44,50,marvalshot,625,4665146614_44
Scotty Pippen Jr. (38084268),Stephon Castle (38084005),Kevin Huerter (38084121),Jabari Smith Jr. (38084102),Isaiah Hartenstein (38083966),Russell Westbrook (38084014),Trey Murphy III (38083947),Alperen Sengun (38083870),287.0875,372.7483378460361,49900,100.00%,10,93.63%,0,217.31,$2.81,HOU 2,MEM 1,user44,50,marvalshot,5933,4665146615_44
Stephon Castle (38084005),Cason Wallace (38084201),Trey Murphy III (38083947),Karlo Matkovic (38084160),Isaiah Hartenstein (38083966),Scotty Pippen Jr. (38084268),Jabari Smith Jr. (38084102),Giannis Antetokounmpo (38083860),292.195,381.4787863796558,49900,100.00%,2735,148.14%,0,187.17000000000002,$4.44,OKC 2,NOP 2,user45,50,marvalshot,1612,4665146606_45
Russell Westbrook (38084014),Stephon Castle (38084005),Justin Champagnie (38084078),Kenrich Williams (38084292),Alperen Sengun (38083870),Jordan Hawkins (38084276),Giannis Antetokounmpo (38083860),Scotty Pippen Jr. (38084268),290.025,387.56607827680375,49800,100.00%,606,120.48%,0,225.87,$3.61,DEN 1,SAS 1,user45,49,marvalshot,5333,4665146607_45
Shai Gilgeous-Alexander (38083864),Stephon Castle (38084005),Dillon Brooks (38084093),Justin Champagnie (38084078),Jabari Smith Jr. (38084102),Russell Westbrook (38084014),Trey Murphy III (38083947),Scotty Pippen Jr. (38084268),304.80749999999995,386.4026492959693,49900,100.00%,49999,5811.16%,6645,216.59000000000003,$174.33,HOU 2,OKC 1,user45,50,marvalshot,2881,4665146608_45
Shai Gilgeous-Alexander (38083864),Cason Wallace (38084201),Trey Murphy III (38083947),Jabari Smith Jr. (38084102),Isaiah Hartenstein (38083966),Scotty Pippen Jr. (38084268),Dillon Brooks (38084093),Stephon Castle (38084005),296.97249999999997,371.6314356756251,50000,100.00%,36774,228.07%,0,168.73000000000002,$6.84,OKC 3,HOU 2,user45,50,marvalshot,338,4665146609_45
Cason Wallace (38084201),Stephon Castle (38084005),Jaime Jaquez Jr. (38084296),Kenrich Williams (38084292),Jabari Smith Jr. (38084102),Scotty Pippen Jr. (38084268),Giannis Antetokounmpo (38083860),Shai Gilgeous-Alexander (38083864),301.23,387.87917610639283,49400,100.00%,49919,838.15%,25,203.87,$25.14,OKC 3,SAS 1,user45,50,marvalshot,135,4665146610_45
Shai Gilgeous-Alexander (38083864),Stephon Castle (38084005),Justin Champagnie (38084078),Jaime Jaquez Jr. (38084296),Jabari Smith Jr. (38084102),Scotty Pippen Jr. (38084268),Giannis Antetokounmpo (38083860),Blake Wesley (38084468),299.92749999999995,394.7226492959693,49700,100.00%,48704,386.71%,3,207.04,$11.6,SAS 2,OKC 1,user45,47,marvalshot,1226,4665146611_45
Blake Wesley (38084468),Cason Wallace (38084201),Justin Champagnie (38084078),Jaime Jaquez Jr. (38084296),Alperen Sengun (38083870),Russell Westbrook (38084014),Giannis Antetokounmpo (38083860),Stephon Castle (38084005),300.1675,395.0204485336197,49800,100.00%,48286,664.22%,96,207.69,$19.93,SAS 2,OKC 1,user45,48,marvalshot,11849,4665146612_45
Scotty Pippen Jr. (38084268),Stephon Castle (38084005),Justin Champagnie (38084078),Karlo Matkovic (38084160),Isaiah Hartenstein (38083966),Russell Westbrook (38084014),Trey Murphy III (38083947),Alperen Sengun (38083870),285.5375,374.8083378460362,49900,100.00%,0,83.09%,0,211.82000000000002,$2.49,NOP 2,MEM 1,user45,50,marvalshot,7805,4665146613_45
Shai Gilgeous-Alexander (38083864),Stephon Castle (38084005),Kevin Huerter (38084121),Kenrich Williams (38084292),Giannis Antetokounmpo (38083860),Jordan Hawkins (38084276),Jabari Smith Jr. (38084102),Scotty Pippen Jr. (38084268),293.0625,382.2087275727731,50000,100.00%,6313,159.58%,0,194.56,$4.79,OKC 2,SAS 1,user45,50,marvalshot,625,4665146614_45
Scotty Pippen Jr. (38084268),Stephon Castle (38084005),Kevin Huerter (38084121),Jabari Smith Jr. (38084102),Isaiah Hartenstein (38083966),Russell Westbrook (38084014),Trey Murphy III (38083947),Alperen Sengun (38083870),287.0875,372.7483378460361,49900,100.00%,10,93.63%,0,217.31,$2.81,HOU 2,MEM 1,user45,50,marvalshot,5933,4665146615_45
Stephon Castle (38084005),Cason Wallace (38084201),Trey Murphy III (38083947),Karlo Matkovic (38084160),Isaiah Hartenstein (38083966),Scotty Pippen Jr. (38084268),Jabari Smith Jr. (38084102),Giannis Antetokounmpo (38083860),292.195,381.4787863796558,49900,100.00%,2735,148.14%,0,187.17000000000002,$4.44,OKC 2,NOP 2,user46,50,marvalshot,1612,4665146606_46
Russell Westbrook (38084014),Stephon Castle (38084005),Justin Champagnie (38084078),Kenrich Williams (38084292),Alperen Sengun (38083870),Jordan Hawkins (38084276),Giannis Antetokounmpo (38083860),Scotty Pippen Jr. (38084268),290.025,387.56607827680375,49800,100.00%,606,120.48%,0,225.87,$3.61,DEN 1,SAS 1,user46,49,marvalshot,5333,4665146607_46
Shai Gilgeous-Alexander (38083864),Stephon Castle (38084005),Dillon Brooks (38084093),Justin Champagnie (38084078),Jabari Smith Jr. (38084102),Russell Westbrook (38084014),Trey Murphy III (38083947),Scotty Pippen Jr. (38084268),304.80749999999995,386.4026492959693,49900,100.00%,49999,5811.16%,6645,216.59000000000003,$174.33,HOU 2,OKC 1,user46,50,marvalshot,2881,4665146608_46
Shai Gilgeous-Alexander (38083864),Cason Wallace (38084201),Trey Murphy III (38083947),Jabari Smith Jr. (38084102),Isaiah Hartenstein (38083966),Scotty Pippen Jr. (38084268),Dillon Brooks (38084093),Stephon Castle (38084005),296.97249999999997,371.6314356756251,50000,100.00%,36774,228.07%,0,168.73000000000002,$6.84,OKC 3,HOU 2,user46,50,marvalshot,338,4665146609_46
Cason Wallace (38084201),Stephon Castle (38084005),Jaime Jaquez Jr. (38084296),Kenrich Williams (38084292),Jabari Smith Jr. (38084102),Scotty Pippen Jr. (38084268),Giannis Antetokounmpo (38083860),Shai Gilgeous-Alexander (38083864),301.23,387.87917610639283,49400,100.00%,49919,838.15%,25,203.87,$25.14,OKC 3,SAS 1,user46,50,marvalshot,135,4665146610_46
Shai Gilgeous-Alexander (38083864),Stephon Castle (38084005),Justin Champagnie (38084078),Jaime Jaquez Jr. (38084296),Jabari Smith Jr. (38084102),Scotty Pippen Jr. (38084268),Giannis Antetokounmpo (38083860),Blake Wesley (38084468),299.92749999999995,394.7226492959693,49700,100.00%,48704,386.71%,3,207.04,$11.6,SAS 2,OKC 1,user46,47,marvalshot,1226,4665146611_46
Blake Wesley (38084468),Cason Wallace (38084201),Justin Champagnie (38084078),Jaime Jaquez Jr. (38084296),Alperen Sengun (38083870),Russell Westbrook (38084014),Giannis Antetokounmpo (38083860),Stephon Castle (38084005),300.1675,395.0204485336197,49800,100.00%,48286,664.22%,96,207.69,$19.93,SAS 2,OKC 1,user46,48,marvalshot,11849,4665146612_46
Scotty Pippen Jr. (38084268),Stephon Castle (38084005),Justin Champagnie (38084078),Karlo Matkovic (38084160),Isaiah Hartenstein (38083966),Russell Westbrook (38084014),Trey Murphy III (38083947),Alperen Sengun (38083870),285.5375,374.8083378460362,49900,100.00%,0,83.09%,0,211.82000000000002,$2.49,NOP 2,MEM 1,user46,50,marvalshot,7805,4665146613_46
Shai Gilgeous-Alexander (38083864),Stephon Castle (38084005),Kevin Huerter (38084121),Kenrich Williams (38084292),Giannis Antetokounmpo (38083860),Jordan Hawkins (38084276),Jabari Smith Jr. (38084102),Scotty Pippen Jr. (38084268),293.0625,382.2087275727731,50000,100.00%,6313,159.58%,0,194.56,$4.79,OKC 2,SAS 1,user46,50,marvalshot,625,4665146614_46
Scotty Pippen Jr. (38084268),Stephon Castle (38084005),Kevin Huerter (38084121),Jabari Smith Jr. (38084102),Isaiah Hartenstein (38083966),Russell Westbrook (38084014),Trey Murphy III (38083947),Alperen Sengun (38083870),287.0875,372.7483378460361,49900,100.00%,10,93.63%,0,217.31,$2.81,HOU 2,MEM 1,user46,50,marvalshot,5933,4665146615_46
Stephon Castle (38084005),Cason Wallace (38084201),Trey Murphy III (38083947),Karlo Matkovic (38084160),Isaiah Hartenstein (38083966),Scotty Pippen Jr. (38084268),Jabari Smith Jr. (38084102),Giannis Antetokounmpo (38083860),292.195,381.4787863796558,49900,100.00%,2735,148.14%,0,187.17000000000002,$4.44,OKC 2,NOP 2,user47,50,marvalshot,1612,4665146606_47
Russell Westbrook (38084014),Stephon Castle (38084005),Justin Champagnie (38084078),Kenrich Williams (38084292),Alperen Sengun (38083870),Jordan Hawkins (38084276),Giannis Antetokounmpo (38083860),Scotty Pippen Jr. (38084268),290.025,387.56607827680375,49800,100.00%,606,120.48%,0,225.87,$3.61,DEN 1,SAS 1,user47,49,marvalshot,5333,4665146607_47
Shai Gilgeous-Alexander (38083864),Stephon Castle (38084005),Dillon Brooks (38084093),Justin Champagnie (38084078),Jabari Smith Jr. (38084102),Russell Westbrook (38084014),Trey Murphy III (38083947),Scotty Pippen Jr. (38084268),304.80749999999995,386.4026492959693,49900,100.00%,49999,5811.16%,6645,216.59000000000003,$174.33,HOU 2,OKC 1,user47,50,marvalshot,2881,4665146608_47
Shai Gilgeous-Alexander (38083864),Cason Wallace (38084201),Trey Murphy III (38083947),Jabari Smith Jr. (38084102),Isaiah Hartenstein (38083966),Scotty Pippen Jr. (38084268),Dillon Brooks (38084093),Stephon Castle (38084005),296.97249999999997,371.6314356756251,50000,100.00%,36774,228.07%,0,168.73000000000002,$6.84,OKC 3,HOU 2,user47,50,marvalshot,338,4665146609_47
Cason Wallace (38084201),Stephon Castle (38084005),Jaime Jaquez Jr. (38084296),Kenrich Williams (38084292),Jabari Smith Jr. (38084102),Scotty Pippen Jr. (38084268),Giannis Antetokounmpo (38083860),Shai Gilgeous-Alexander (38083864),301.23,387.87917610639283,49400,100.00%,49919,838.15%,25,203.87,$25.14,OKC 3,SAS 1,user47,50,marvalshot,135,4665146610_47
Shai Gilgeous-Alexander (38083864),Stephon Castle (38084005),Justin Champagnie (38084078),Jaime Jaquez Jr. (38084296),Jabari Smith Jr. (38084102),Scotty Pippen Jr. (38084268),Giannis Antetokounmpo (38083860),Blake Wesley (38084468),299.92749999999995,394.7226492959693,49700,100.00%,48704,386.71%,3,207.04,$11.6,SAS 2,OKC 1,user47,47,marvalshot,1226,4665146611_47
Blake Wesley (38084468),Cason Wallace (38084201),Justin Champagnie (38084078),Jaime Jaquez Jr. (38084296),Alperen Sengun (38083870),Russell Westbrook (38084014),Giannis Antetokounmpo (38083860),Stephon Castle (38084005),300.1675,395.0204485336197,49800,100.00%,48286,664.22%,96,207.69,$19.93,SAS 2,OKC 1,user47,48,marvalshot,11849,4665146612_47
Scotty Pippen Jr. (38084268),Stephon Castle (38084005),Justin Champagnie (38084078),Karlo Matkovic (38084160),Isaiah Hartenstein (38083966),Russell Westbrook (38084014),Trey Murphy III (38083947),Alperen Sengun (38083870),285.5375,374.8083378460362,49900,100.00%,0,83.09%,0,211.82000000000002,$2.49,NOP 2,MEM 1,user47,50,marvalshot,7805,4665146613_47
Shai Gilgeous-Alexander (38083864),Stephon Castle (38084005),Kevin Huerter (38084121),Kenrich Williams (38084292),Giannis Antetokounmpo (38083860),Jordan Hawkins (38084276),Jabari Smith Jr. (38084102),Scotty Pippen Jr. (38084268),293.0625,382.2087275727731,50000,100.00%,6313,159.58%,0,194.56,$4.79,OKC 2,SAS 1,user47,50,marvalshot,625,4665146614_47
Scotty Pippen Jr. (38084268),Stephon Castle (38084005),Kevin Huerter (38084121),Jabari Smith Jr. (38084102),Isaiah Hartenstein (38083966),Russell Westbrook (38084014),Trey Murphy III (38083947),Alperen Sengun (38083870),287.0875,372.7483378460361,49900,100.00%,10,93.63%,0,217.31,$2.81,HOU 2,MEM 1,user47,50,marvalshot,5933,4665146615_47
Stephon Castle (38084005),Cason Wallace (38084201),Trey Murphy III (38083947),Karlo Matkovic (38084160),Isaiah Hartenstein (38083966),Scotty Pippen Jr. (38084268),Jabari Smith Jr. (38084102),Giannis Antetokounmpo (38083860),292.195,381.4787863796558,49900,100.00%,2735,148.14%,0,187.17000000000002,$4.44,OKC 2,NOP 2,user48,50,marvalshot,1612,4665146606_48
Russell Westbrook (38084014),Stephon Castle (38084005),Justin Champagnie (38084078),Kenrich Williams (38084292),Alperen Sengun (38083870),Jordan Hawkins (38084276),Giannis Antetokounmpo (38083860),Scotty Pippen Jr. (38084268),290.025,387.56607827680375,49800,100.00%,606,120.48%,0,225.87,$3.61,DEN 1,SAS 1,user48,49,marvalshot,5333,4665146607_48
Shai Gilgeous-Alexander (38083864),Stephon Castle (38084005),Dillon Brooks (38084093),Justin Champagnie (38084078),Jabari Smith Jr. (38084102),Russell Westbrook (38084014),Trey Murphy III (38083947),Scotty Pippen Jr. (38084268),304.80749999999995,386.4026492959693,49900,100.00%,49999,5811.16%,6645,216.59000000000003,$174.33,HOU 2,OKC 1,user48,50,marvalshot,2881,4665146608_48
Shai Gilgeous-Alexander (38083864),Cason Wallace (38084201),Trey Murphy III (38083947),Jabari Smith Jr. (38084102),Isaiah Hartenstein (38083966),Scotty Pippen Jr. (38084268),Dillon Brooks (38084093),Stephon Castle (38084005),296.97249999999997,371.6314356756251,50000,100.00%,36774,228.07%,0,168.73000000000002,$6.84,OKC 3,HOU 2,user48,50,marvalshot,338,4665146609_48
Cason Wallace (38084201),Stephon Castle (38084005),Jaime Jaquez Jr. (38084296),Kenrich Williams (38084292),Jabari Smith Jr. (38084102),Scotty Pippen Jr. (38084268),Giannis Antetokounmpo (38083860),Shai Gilgeous-Alexander (38083864),301.23,387.87917610639283,49400,100.00%,49919,838.15%,25,203.87,$25.14,OKC 3,SAS 1,user48,50,marvalshot,135,4665146610_48
Shai Gilgeous-Alexander (38083864),Stephon Castle (38084005),Justin Champagnie (38084078),Jaime Jaquez Jr. (38084296),Jabari Smith Jr. (38084102),Scotty Pippen Jr. (38084268),Giannis Antetokounmpo (38083860),Blake Wesley (38084468),299.92749999999995,394.7226492959693,49700,100.00%,48704,386.71%,3,207.04,$11.6,SAS 2,OKC 1,user48,47,marvalshot,1226,4665146611_48
Blake Wesley (38084468),Cason Wallace (38084201),Justin Champagnie (38084078),Jaime Jaquez Jr. (38084296),Alperen Sengun (38083870),Russell Westbrook (38084014),Giannis Antetokounmpo (38083860),Stephon Castle (38084005),300.1675,395.0204485336197,49800,100.00%,48286,664.22%,96,207.69,$19.93,SAS 2,OKC 1,user48,48,marvalshot,11849,4665146612_48
Scotty Pippen Jr. (38084268),Stephon Castle (38084005),Justin Champagnie (38084078),Karlo Matkovic (38084160),Isaiah Hartenstein (38083966),Russell Westbrook (38084014),Trey Murphy III (38083947),Alperen Sengun (38083870),285.5375,374.8083378460362,49900,100.00%,0,83.09%,0,211.82000000000002,$2.49,NOP 2,MEM 1,user48,50,marvalshot,7805,4665146613_48
Shai Gilgeous-Alexander (38083864),Stephon Castle (38084005),Kevin Huerter (38084121),Kenrich Williams (38084292),Giannis Antetokounmpo (38083860),Jordan Hawkins (38084276),Jabari Smith Jr. (38084102),Scotty Pippen Jr. (38084268),293.0625,382.2087275727731,50000,100.00%,6313,159.58%,0,194.56,$4.79,OKC 2,SAS 1,user48,50,marvalshot,625,4665146614_48
Scotty Pippen Jr. (38084268),Stephon Castle (38084005),Kevin Huerter (38084121),Jabari Smith Jr. (38084102),Isaiah Hartenstein (38083966),Russell Westbrook (38084014),Trey Murphy III (38083947),Alperen Sengun (38083870),287.0875,372.7483378460361,49900,100.00%,10,93.63%,0,217.31,$2.81,HOU 2,MEM 1,user48,50,marvalshot,5933,4665146615_48
Stephon Castle (38084005),Cason Wallace (38084201),Trey Murphy III (38083947),Karlo Matkovic (38084160),Isaiah Hartenstein (38083966),Scotty Pippen Jr. (38084268),Jabari Smith Jr. (38084102),Giannis Antetokounmpo (38083860),292.195,381.4787863796558,49900,100.00%,2735,148.14%,0,187.17000000000002,$4.44,OKC 2,NOP 2,user49,50,marvalshot,1612,4665146606_49
Russell Westbrook (38084014),Stephon Castle (38084005),Justin Champagnie (38084078),Kenrich Williams (38084292),Alperen Sengun (38083870),Jordan Hawkins (38084276),Giannis Antetokounmpo (38083860),Scotty Pippen Jr. (38084268),290.025,387.56607827680375,49800,100.00%,606,120.48%,0,225.87,$3.61,DEN 1,SAS 1,user49,49,marvalshot,5333,4665146607_49
Shai Gilgeous-Alexander (38083864),Stephon Castle (38084005),Dillon Brooks (38084093),Justin Champagnie (38084078),Jabari Smith Jr. (38084102),Russell Westbrook (38084014),Trey Murphy III (38083947),Scotty Pippen Jr. (38084268),304.80749999999995,386.4026492959693,49900,100.00%,49999,5811.16%,6645,216.59000000000003,$174.33,HOU 2,OKC 1,user49,50,marvalshot,2881,4665146608_49
Shai Gilgeous-Alexander (38083864),Cason Wallace (38084201),Trey Murphy III (38083947),Jabari Smith Jr. (38084102),Isaiah Hartenstein (38083966),Scotty Pippen Jr. (38084268),Dillon Brooks (38084093),Stephon Castle (38084005),296.97249999999997,371.6314356756251,50000,100.00%,36774,228.07%,0,168.73000000000002,$6.84,OKC 3,HOU 2,user49,50,marvalshot,338,4665146609_49
Cason Wallace (38084201),Stephon Castle (38084005),Jaime Jaquez Jr. (38084296),Kenrich Williams (38084292),Jabari Smith Jr. (38084102),Scotty Pippen Jr. (38084268),Giannis Antetokounmpo (38083860),Shai Gilgeous-Alexander (38083864),301.23,387.87917610639283,49400,100.00%,49919,838.15%,25,203.87,$25.14,OKC 3,SAS 1,user49,50,marvalshot,135,4665146610_49
Shai Gilgeous-Alexander (38083864),Stephon Castle (38084005),Justin Champagnie (38084078),Jaime Jaquez Jr. (38084296),Jabari Smith Jr. (38084102),Scotty Pippen Jr. (38084268),Giannis Antetokounmpo (38083860),Blake Wesley (38084468),299.92749999999995,394.7226492959693,49700,100.00%,48704,386.71%,3,207.04,$11.6,SAS 2,OKC 1,user49,47,marvalshot,1226,4665146611_49
Blake Wesley (38084468),Cason Wallace (38084201),Justin Champagnie (38084078),Jaime Jaquez Jr. (38084296),Alperen Sengun (38083870),Russell Westbrook (38084014),Giannis Antetokounmpo (38083860),Stephon Castle (38084005),300.1675,395.0204485336197,49800,100.00%,48286,664.22%,96,207.69,$19.93,SAS 2,OKC 1,user49,48,marvalshot,11849,4665146612_49
Scotty Pippen Jr. (38084268),Stephon Castle (38084005),Justin Champagnie (38084078),Karlo Matkovic (38084160),Isaiah Hartenstein (38083966),Russell Westbrook (38084014),Trey Murphy III (38083947),Alperen Sengun (38083870),285.5375,374.8083378460362,49900,100.00%,0,83.09%,0,211.82000000000002,$2.49,NOP 2,MEM 1,user49,50,marvalshot,7805,4665146613_49
Shai Gilgeous-Alexander (38083864),Stephon Castle (38084005),Kevin Huerter (38084121),Kenrich Williams (38084292),Giannis Antetokounmpo (38083860),Jordan Hawkins (38084276),Jabari Smith Jr. (38084102),Scotty Pippen Jr. (38084268),293.0625,382.2087275727731,50000,100.00%,6313,159.58%,0,194.56,$4.79,OKC 2,SAS 1,user49,50,marvalshot,625,4665146614_49
Scotty Pippen Jr. (38084268),Stephon Castle (38084005),Kevin Huerter (38084121),Jabari Smith Jr. (38084102),Isaiah Hartenstein (38083966),Russell Westbrook (38084014),Trey Murphy III (38083947),Alperen Sengun (38083870),287.0875,372.7483378460361,49900,100.00%,10,93.63%,0,217.31,$2.81,HOU 2,MEM 1,user49,50,marvalshot,5933,4665146615_49
