PG,SG,SF,PF,C,G,F,UTIL,Proj,Ceiling,Salary,Cash %,Top 1%,ROI%,Wins,Own Sum,Avg Return,Stack1,Stack2,Lineup,Dupes,User,Index,Entry ID
Cameron Payne (38202623),Dennis Schroder (38202599),Ausar Thompson (38202637),Josh Hart (38202376),Kel'el Ware (38202520),Scotty Pippen Jr. (38202583),Deni Avdija (38202392),Karl-Anthony Towns (38202292),305.96000000000004,396.95000000000005,50000,100.00%,49996,38258.81%,6182,238.44,$1530.35,NYK 3,DET 2,user21,1,marvalshot,17825,4674061296_21
Scotty Pippen Jr. (38202583),Dennis Schroder (38202599),Deni Avdija (38202392),Kyle Filipowski (38202484),Alperen Sengun (38202314),Cameron Payne (38202623),Mikal Bridges (38202444),Santi Aldama (38202453),297.13,388.76,50000,100.00%,9377,296.86%,0,195.69,$11.87,MEM 2,NYK 2,user39,1,marvalshot,17889,4674061297_39
Dennis Schroder (38202599),Cameron Payne (38202623),Ausar Thompson (38202637),Josh Hart (38202376),Karl-Anthony Towns (38202292),Scotty Pippen Jr. (38202583),Gary Payton II (38202728),Domantas Sabonis (38202306),304.21000000000004,399.09000000000003,49900,100.00%,49828,11256.17%,744,251.15,$450.25,NYK 3,DET 2,user39,1,marvalshot,17936,4674061298_39
Dennis Schroder (38202599),Cameron Payne (38202623),Max Strus (38202630),Paolo Banchero (38202294),Jalen Duren (38202413),Scotty Pippen Jr. (38202583),Gary Payton II (38202728),Karl-Anthony Towns (38202292),298.97,394.70000000000005,49700,100.00%,23060,560.12%,2,222.2,$22.4,DET 2,NYK 2,user25,1,marvalshot,17971,4674061299_25
Cameron Payne (38202623),Dennis Schroder (38202599),Ausar Thompson (38202637),Paolo Banchero (38202294),Walker Kessler (38202415),Scotty Pippen Jr. (38202583),Gary Payton II (38202728),Karl-Anthony Towns (38202292),301.83000000000004,399.37000000000006,49600,100.00%,46334,1824.86%,16,256.31,$72.99,NYK 2,DET 2,user4,1,marvalshot,17999,4674061300_4
Brandin Podziemski (38202465),Dennis Schroder (38202599),Tim Hardaway Jr. (38202761),Sandro Mamukelashvili (38202681),Alperen Sengun (38202314),Cameron Payne (38202623),Deni Avdija (38202392),Karl-Anthony Towns (38202292),297.06,389.17,49900,100.00%,9239,295.84%,0,172.59,$11.83,DET 2,NYK 2,user1,1,marvalshot,18043,4674061301_1
Cameron Payne (38202623),Dennis Schroder (38202599),Ausar Thompson (38202637),Tobias Harris (38202495),Walker Kessler (38202415),Scotty Pippen Jr. (38202583),Bam Adebayo (38202361),Karl-Anthony Towns (38202292),303.17,398.61,50000,100.00%,49096,5554.93%,220,245.72000000000003,$222.2,DET 3,NYK 2,user43,1,marvalshot,18093,4674061302_43
Scotty Pippen Jr. (38202583),Dennis Schroder (38202599),Ausar Thompson (38202637),Jaren Jackson Jr. (38202380),Karl-Anthony Towns (38202292),Cameron Payne (38202623),Deni Avdija (38202392),Kel'el Ware (38202520),305.82,402.12,49800,100.00%,49996,32496.27%,4472,241.73,$1299.85,MEM 2,DET 2,user34,1,marvalshot,17835,4674061296_34
Cameron Payne (38202623),Dennis Schroder (38202599),Josh Hart (38202376),Jonathan Kuminga (38202524),Walker Kessler (38202415),Anfernee Simons (38202456),Deni Avdija (38202392),Collin Sexton (38202488),296.16,388.68000000000006,50000,100.00%,5677,249.03%,0,165.68,$9.96,NYK 2,UTA 2,user7,1,marvalshot,17857,4674061297_7
Dennis Schroder (38202599),Brandin Podziemski (38202465),Ausar Thompson (38202637),Bam Adebayo (38202361),Alperen Sengun (38202314),Cameron Payne (38202623),Deni Avdija (38202392),Scotty Pippen Jr. (38202583),303.47,396.97,50000,100.00%,49207,7818.28%,644,223.10000000000002,$312.73,DET 2,GSW 1,user2,1,marvalshot,17901,4674061298_2
Dennis Schroder (38202599),Cameron Payne (38202623),Gary Payton II (38202728),Paolo Banchero (38202294),Jalen Duren (38202413),Scotty Pippen Jr. (38202583),Jonathan Kuminga (38202524),Domantas Sabonis (38202306),297.42,397.82,49900,100.00%,11301,346.41%,0,204.23999999999998,$13.86,DET 2,GSW 2,user18,1,marvalshot,17964,4674061299_18
Cameron Payne (38202623),Dennis Schroder (38202599),Ausar Thompson (38202637),Paolo Banchero (38202294),Alperen Sengun (38202314),Ty Jerome (38202641),Deni Avdija (38202392),Scotty Pippen Jr. (38202583),300.88,400.0,49700,100.00%,40766,1035.14%,10,256.39,$41.41,DET 2,NYK 1,user44,1,marvalshot,18037,4674061300_44
Fred VanVleet (38202469),Dennis Schroder (38202599),Tim Hardaway Jr. (38202761),Sandro Mamukelashvili (38202681),Karl-Anthony Towns (38202292),Cameron Payne (38202623),Deni Avdija (38202392),Alperen Sengun (38202314),296.8,389.05,49800,100.00%,7530,276.28%,0,179.32999999999998,$11.05,HOU 2,DET 2,user6,1,marvalshot,18048,4674061301_6
Cameron Payne (38202623),Dennis Schroder (38202599),Ausar Thompson (38202637),Tobias Harris (38202495),Alperen Sengun (38202314),Scotty Pippen Jr. (38202583),Evan Mobley (38202340),Deni Avdija (38202392),303.07,400.14,49900,100.00%,48993,5288.82%,281,227.51000000000002,$211.55,DET 3,NYK 1,user30,1,marvalshot,18081,4674061302_30
Cameron Payne (38202623),Dennis Schroder (38202599),Ausar Thompson (38202637),Deni Avdija (38202392),Domantas Sabonis (38202306),Scotty Pippen Jr. (38202583),Gary Payton II (38202728),Karl-Anthony Towns (38202292),305.72,402.68000000000006,49600,100.00%,49999,30734.31%,4395,253.20999999999998,$1229.37,NYK 2,DET 2,user42,1,marvalshot,17843,4674061296_42
Scotty Pippen Jr. (38202583),Dennis Schroder (38202599),Deni Avdija (38202392),Jaren Jackson Jr. (38202380),Evan Mobley (38202340),Vince Williams Jr. (38202796),Josh Hart (38202376),Cameron Payne (38202623),296.34000000000003,387.91,49800,100.00%,4870,243.65%,0,192.66000000000003,$9.75,MEM 3,NYK 2,user42,1,marvalshot,17892,4674061297_42
Dennis Schroder (38202599),Gary Payton II (38202728),Ausar Thompson (38202637),Deni Avdija (38202392),Karl-Anthony Towns (38202292),Cameron Payne (38202623),Jonathan Kuminga (38202524),Alperen Sengun (38202314),303.6,402.40000000000003,49900,100.00%,49517,7181.0%,459,219.21,$287.24,DET 2,GSW 2,user27,1,marvalshot,17924,4674061298_27
Dennis Schroder (38202599),Cameron Payne (38202623),Deni Avdija (38202392),Paolo Banchero (38202294),Jalen Duren (38202413),Darius Garland (38202373),Svi Mykhailiuk (38203035),Scotty Pippen Jr. (38202583),296.61,392.33000000000004,50000,100.00%,6536,270.91%,0,195.51999999999998,$10.84,DET 2,NYK 1,user24,1,marvalshot,17970,4674061299_24
Scotty Pippen Jr. (38202583),Dennis Schroder (38202599),Ausar Thompson (38202637),Paolo Banchero (38202294),Alperen Sengun (38202314),Cameron Payne (38202623),Evan Mobley (38202340),Gary Payton II (38202728),299.74,400.02,50000,100.00%,30485,641.46%,0,235.16,$25.66,DET 2,MEM 1,user6,1,marvalshot,18001,4674061300_6
Anfernee Simons (38202456),Dennis Schroder (38202599),Tim Hardaway Jr. (38202761),Sandro Mamukelashvili (38202681),Alperen Sengun (38202314),Cameron Payne (38202623),Deni Avdija (38202392),Karl-Anthony Towns (38202292),296.51000000000005,390.79,50000,100.00%,6357,259.3%,0,177.82999999999998,$10.37,POR 2,DET 2,user7,1,marvalshot,18049,4674061301_7
Cameron Payne (38202623),Dennis Schroder (38202599),Ausar Thompson (38202637),Tobias Harris (38202495),Karl-Anthony Towns (38202292),Gary Payton II (38202728),Evan Mobley (38202340),Deni Avdija (38202392),301.99,395.42,49800,100.00%,46918,2095.89%,45,220.42000000000002,$83.84,DET 3,NYK 2,user32,1,marvalshot,18083,4674061302_32
Cameron Payne (38202623),Dennis Schroder (38202599),Ausar Thompson (38202637),Jonathan Kuminga (38202524),Karl-Anthony Towns (38202292),Scotty Pippen Jr. (38202583),Josh Hart (38202376),Deni Avdija (38202392),305.59000000000003,399.40000000000003,50000,100.00%,49991,27934.28%,3648,236.05999999999997,$1117.37,NYK 3,DET 2,user49,1,marvalshot,17850,4674061296_49
Anfernee Simons (38202456),Dennis Schroder (38202599),Deni Avdija (38202392),Evan Mobley (38202340),Jaren Jackson Jr. (38202380),Cameron Payne (38202623),Gary Payton II (38202728),Santi Aldama (38202453),295.45,388.67999999999995,50000,100.00%,2893,211.47%,0,176.73000000000002,$8.46,POR 2,MEM 2,user6,1,marvalshot,17856,4674061297_6
Dennis Schroder (38202599),Cameron Payne (38202623),Ausar Thompson (38202637),Deni Avdija (38202392),Karl-Anthony Towns (38202292),Fred VanVleet (38202469),Gary Payton II (38202728),Josh Hart (38202376),302.61,389.42,49600,100.00%,48188,3288.13%,87,223.63,$131.53,NYK 3,DET 2,user31,1,marvalshot,17928,4674061298_31
Dennis Schroder (38202599),Cameron Payne (38202623),Gary Payton II (38202728),Paolo Banchero (38202294),Jalen Duren (38202413),Anfernee Simons (38202456),Deni Avdija (38202392),Jonathan Kuminga (38202524),295.53,389.89,49800,100.00%,2908,214.55%,0,175.21999999999997,$8.58,DET 2,GSW 2,user17,1,marvalshot,17963,4674061299_17
Scotty Pippen Jr. (38202583),Dennis Schroder (38202599),Ausar Thompson (38202637),Paolo Banchero (38202294),Kel'el Ware (38202520),Cameron Payne (38202623),Bam Adebayo (38202361),Deni Avdija (38202392),299.88,392.52,50000,100.00%,31787,611.9%,1,220.11,$24.48,DET 2,MIA 2,user26,1,marvalshot,18020,4674061300_26
Cameron Payne (38202623),Dennis Schroder (38202599),Tim Hardaway Jr. (38202761),Sandro Mamukelashvili (38202681),Alperen Sengun (38202314),Keyonte George (38202472),Deni Avdija (38202392),Karl-Anthony Towns (38202292),295.90000000000003,391.88000000000005,49700,100.00%,4044,226.76%,0,173.28,$9.07,NYK 2,DET 2,user2,1,marvalshot,18044,4674061301_2
Cameron Payne (38202623),Dennis Schroder (38202599),Ausar Thompson (38202637),Tobias Harris (38202495),Jaren Jackson Jr. (38202380),Scotty Pippen Jr. (38202583),Evan Mobley (38202340),Alperen Sengun (38202314),301.42,401.72,50000,100.00%,43795,1738.55%,23,228.74,$69.54,DET 3,MEM 2,user13,1,marvalshot,18064,4674061302_13
Cameron Payne (38202623),Dennis Schroder (38202599),Ausar Thompson (38202637),Deni Avdija (38202392),Karl-Anthony Towns (38202292),Trae Young (38202297),Gary Payton II (38202728),Scotty Pippen Jr. (38202583),305.67,403.12,50000,100.00%,49996,26229.08%,4442,251.32999999999998,$1049.16,NYK 2,DET 2,user22,2,marvalshot,7658,4674061296_22
Cameron Payne (38202623),Dennis Schroder (38202599),Andrew Wiggins (38202475),Bam Adebayo (38202361),Alperen Sengun (38202314),Darius Garland (38202373),Gary Payton II (38202728),Scotty Pippen Jr. (38202583),295.39,388.87,49700,100.00%,2554,207.58%,0,209.58999999999997,$8.3,MIA 2,NYK 1,user35,1,marvalshot,17885,4674061297_35
Dennis Schroder (38202599),Cameron Payne (38202623),Ausar Thompson (38202637),Deni Avdija (38202392),Walker Kessler (38202415),Scotty Pippen Jr. (38202583),Josh Hart (38202376),Tyler Herro (38202350),302.13,391.43,49900,100.00%,46152,2623.24%,79,223.89,$104.93,DET 2,NYK 2,user8,1,marvalshot,17906,4674061298_8
Dennis Schroder (38202599),Cameron Payne (38202623),OG Anunoby (38202428),Paolo Banchero (38202294),Jalen Duren (38202413),Scotty Pippen Jr. (38202583),Kessler Edwards (38202707),Jaren Jackson Jr. (38202380),295.25000000000006,387.36000000000007,49800,100.00%,2360,203.44%,0,195.67,$8.14,DET 2,NYK 2,user46,1,marvalshot,17992,4674061299_46
Cameron Payne (38202623),Dennis Schroder (38202599),Ausar Thompson (38202637),Paolo Banchero (38202294),Alperen Sengun (38202314),Ty Jerome (38202641),Josh Hart (38202376),Scotty Pippen Jr. (38202583),299.37,396.40999999999997,50000,100.00%,26796,589.39%,2,254.32999999999998,$23.58,NYK 2,DET 2,user48,1,marvalshot,18041,4674061300_48
Fred VanVleet (38202469),Dennis Schroder (38202599),Tim Hardaway Jr. (38202761),Sandro Mamukelashvili (38202681),Karl-Anthony Towns (38202292),Cameron Payne (38202623),Deni Avdija (38202392),Domantas Sabonis (38202306),295.77,387.14,50000,100.00%,3917,222.83%,0,173.73000000000002,$8.91,DET 2,NYK 2,user4,1,marvalshot,18046,4674061301_4
Scotty Pippen Jr. (38202583),Dennis Schroder (38202599),Ausar Thompson (38202637),Tobias Harris (38202495),Karl-Anthony Towns (38202292),Shai Gilgeous-Alexander (38202282),Gary Payton II (38202728),Cameron Payne (38202623),301.63,399.09,49800,100.00%,45765,1545.64%,13,259.42,$61.83,DET 3,NYK 2,user40,2,marvalshot,2618,4674061302_40
Scotty Pippen Jr. (38202583),Dennis Schroder (38202599),Ausar Thompson (38202637),Jonathan Kuminga (38202524),Jaren Jackson Jr. (38202380),Cameron Payne (38202623),Deni Avdija (38202392),Karl-Anthony Towns (38202292),305.45,404.57,49800,100.00%,49989,21180.91%,2650,239.35000000000002,$847.24,MEM 2,DET 2,user33,2,marvalshot,7205,4674061296_33
Tyler Herro (38202350),Dennis Schroder (38202599),Josh Hart (38202376),Jonathan Kuminga (38202524),Walker Kessler (38202415),Gary Payton II (38202728),Jaren Jackson Jr. (38202380),Cameron Payne (38202623),295.2300000000001,386.0100000000001,49900,100.00%,2711,205.99%,0,177.66000000000003,$8.24,NYK 2,GSW 2,user41,1,marvalshot,17891,4674061297_41
Dennis Schroder (38202599),Gary Payton II (38202728),Ausar Thompson (38202637),Jonathan Kuminga (38202524),Karl-Anthony Towns (38202292),Cameron Payne (38202623),Jaren Jackson Jr. (38202380),Alperen Sengun (38202314),301.95,403.98,50000,100.00%,45944,2366.59%,43,220.44,$94.66,DET 2,GSW 2,user21,1,marvalshot,17918,4674061298_21
Dennis Schroder (38202599),Brandin Podziemski (38202465),OG Anunoby (38202428),Paolo Banchero (38202294),Jalen Duren (38202413),Cameron Payne (38202623),Jonathan Kuminga (38202524),Scotty Pippen Jr. (38202583),295.14,386.7,50000,100.00%,2500,202.82%,0,182.26,$8.11,DET 2,GSW 2,user43,1,marvalshot,17989,4674061299_43
Cameron Payne (38202623),Dennis Schroder (38202599),Ausar Thompson (38202637),Paolo Banchero (38202294),Walker Kessler (38202415),Scotty Pippen Jr. (38202583),Andrew Wiggins (38202475),Deni Avdija (38202392),299.34000000000003,391.94000000000005,49700,100.00%,26360,497.8%,0,226.17000000000002,$19.91,DET 2,NYK 1,user14,1,marvalshot,18008,4674061300_14
Cameron Payne (38202623),Dennis Schroder (38202599),Tim Hardaway Jr. (38202761),Sandro Mamukelashvili (38202681),Alperen Sengun (38202314),Collin Sexton (38202488),Deni Avdija (38202392),Karl-Anthony Towns (38202292),295.68,393.79,49600,100.00%,3190,215.84%,0,174.32999999999998,$8.63,NYK 2,DET 2,user5,1,marvalshot,18047,4674061301_5
Cameron Payne (38202623),Dennis Schroder (38202599),Ausar Thompson (38202637),Tobias Harris (38202495),Karl-Anthony Towns (38202292),Brandin Podziemski (38202465),Deni Avdija (38202392),Andrew Wiggins (38202475),301.17999999999995,387.31999999999994,50000,100.00%,42092,1414.9%,30,204.64000000000001,$56.6,DET 3,NYK 2,user29,1,marvalshot,18080,4674061302_29
Scotty Pippen Jr. (38202583),Dennis Schroder (38202599),Ausar Thompson (38202637),Bam Adebayo (38202361),Alperen Sengun (38202314),Cameron Payne (38202623),Gary Payton II (38202728),Karl-Anthony Towns (38202292),304.76,403.71,49900,100.00%,49948,19105.11%,2483,255.87,$764.2,DET 2,NYK 2,user4,1,marvalshot,17806,4674061296_4
Collin Sexton (38202488),Dennis Schroder (38202599),Zaccharie Risacher (38202586),Deni Avdija (38202392),Domantas Sabonis (38202306),Cameron Payne (38202623),Gary Payton II (38202728),Alperen Sengun (38202314),295.18,392.03,49900,100.00%,2347,200.67%,0,173.41,$8.03,UTA 1,DET 1,user11,1,marvalshot,17861,4674061297_11
Dennis Schroder (38202599),Cameron Payne (38202623),Ausar Thompson (38202637),Deni Avdija (38202392),Alperen Sengun (38202314),Scotty Pippen Jr. (38202583),Bam Adebayo (38202361),Collin Sexton (38202488),302.09000000000003,401.59000000000003,49700,100.00%,46369,2186.03%,29,224.83999999999997,$87.44,DET 2,NYK 1,user5,1,marvalshot,17903,4674061298_5
Dennis Schroder (38202599),Cameron Payne (38202623),Deni Avdija (38202392),Paolo Banchero (38202294),Jalen Duren (38202413),Ty Jerome (38202641),Jonathan Kuminga (38202524),Keyonte George (38202472),294.65,393.53,50000,100.00%,1656,187.16%,0,185.7,$7.49,DET 2,NYK 1,user,1,marvalshot,1529,4674061299
Cameron Payne (38202623),Dennis Schroder (38202599),Ausar Thompson (38202637),Paolo Banchero (38202294),Alperen Sengun (38202314),Tyler Herro (38202350),Gary Payton II (38202728),Scotty Pippen Jr. (38202583),298.92,394.6,49800,100.00%,22007,462.39%,0,234.48000000000002,$18.5,DET 2,NYK 1,user11,1,marvalshot,18005,4674061300_11
Scotty Pippen Jr. (38202583),Dennis Schroder (38202599),Tim Hardaway Jr. (38202761),Sandro Mamukelashvili (38202681),Alperen Sengun (38202314),Cameron Payne (38202623),Deni Avdija (38202392),Karl-Anthony Towns (38202292),295.84000000000003,391.43,48600,100.00%,2739,215.61%,0,211.52,$8.62,DET 2,NYK 2,user9,1,marvalshot,18051,4674061301_9
Scotty Pippen Jr. (38202583),Dennis Schroder (38202599),Ausar Thompson (38202637),Tobias Harris (38202495),Domantas Sabonis (38202306),Cameron Payne (38202623),Kyle Filipowski (38202484),Karl-Anthony Towns (38202292),301.14,398.4,50000,100.00%,42189,1317.56%,10,242.85000000000002,$52.7,DET 3,NYK 2,user24,1,marvalshot,18075,4674061302_24
Cameron Payne (38202623),Dennis Schroder (38202599),Ausar Thompson (38202637),Andrew Wiggins (38202475),Karl-Anthony Towns (38202292),Scotty Pippen Jr. (38202583),Deni Avdija (38202392),Walker Kessler (38202415),304.94,399.08000000000004,49900,100.00%,49949,19073.47%,2249,243.62,$762.94,NYK 2,DET 2,user36,1,marvalshot,17837,4674061296_36
Cameron Payne (38202623),Dennis Schroder (38202599),Gary Payton II (38202728),OG Anunoby (38202428),Kai Jones (38202550),Desmond Bane (38202319),Deni Avdija (38202392),Bam Adebayo (38202361),295.05,380.06,50000,100.00%,2394,200.01%,0,169.05,$8.0,NYK 2,DET 1,user46,1,marvalshot,17896,4674061297_46
Dennis Schroder (38202599),Cameron Payne (38202623),Ausar Thompson (38202637),Deni Avdija (38202392),Karl-Anthony Towns (38202292),Keyonte George (38202472),Gary Payton II (38202728),Evan Mobley (38202340),301.81000000000006,398.4100000000001,50000,100.00%,45365,2007.17%,47,213.44,$80.29,DET 2,NYK 2,user34,1,marvalshot,17931,4674061298_34
Dennis Schroder (38202599),Cameron Payne (38202623),Jimmy Butler (38202331),Paolo Banchero (38202294),Jalen Duren (38202413),Collin Sexton (38202488),Gary Payton II (38202728),Scotty Pippen Jr. (38202583),294.65999999999997,391.75,49900,100.00%,1236,182.2%,0,201.48,$7.29,DET 2,GSW 2,user5,1,marvalshot,17951,4674061299_5
Collin Sexton (38202488),Dennis Schroder (38202599),Ausar Thompson (38202637),Paolo Banchero (38202294),Walker Kessler (38202415),Scotty Pippen Jr. (38202583),Deni Avdija (38202392),Cameron Payne (38202623),299.15999999999997,397.25,49400,100.00%,24392,454.69%,0,225.28,$18.19,UTA 2,DET 2,user16,1,marvalshot,18010,4674061300_16
Cameron Payne (38202623),Dennis Schroder (38202599),Tim Hardaway Jr. (38202761),Sandro Mamukelashvili (38202681),Karl-Anthony Towns (38202292),Brandin Podziemski (38202465),Jaren Jackson Jr. (38202380),Alperen Sengun (38202314),295.41,390.75,50000,100.00%,3030,208.42%,0,173.82,$8.34,NYK 2,DET 2,user8,1,marvalshot,18050,4674061301_8
Fred VanVleet (38202469),Dennis Schroder (38202599),Ausar Thompson (38202637),Tobias Harris (38202495),Karl-Anthony Towns (38202292),Cameron Payne (38202623),Deni Avdija (38202392),Collin Sexton (38202488),300.74,392.51,49600,100.00%,39261,1035.42%,10,210.49,$41.42,DET 3,NYK 2,user42,1,marvalshot,18092,4674061302_42
Scotty Pippen Jr. (38202583),Dennis Schroder (38202599),Ausar Thompson (38202637),Deni Avdija (38202392),Alperen Sengun (38202314),Cameron Payne (38202623),Draymond Green (38202436),Jaren Jackson Jr. (38202380),304.54,401.56,50000,100.00%,49900,17522.16%,2345,223.87,$700.89,MEM 2,DET 2,user,1,marvalshot,7338,4674061296
Cameron Payne (38202623),Dennis Schroder (38202599),Andrew Wiggins (38202475),Deni Avdija (38202392),Karl-Anthony Towns (38202292),Collin Sexton (38202488),Kessler Edwards (38202707),Jarrett Allen (38202426),295.08,386.4,50000,100.00%,2138,196.65%,0,174.89,$7.87,NYK 2,DET 1,user8,1,marvalshot,17858,4674061297_8
Dennis Schroder (38202599),Toumani Camara (38202500),Ausar Thompson (38202637),Deni Avdija (38202392),Alperen Sengun (38202314),Cameron Payne (38202623),Gary Payton II (38202728),Karl-Anthony Towns (38202292),301.99,394.68,50000,100.00%,46580,1971.56%,28,216.37,$78.86,DET 2,POR 2,user18,1,marvalshot,17915,4674061298_18
Dennis Schroder (38202599),Luke Kennard (38202595),Gary Payton II (38202728),Paolo Banchero (38202294),Jalen Duren (38202413),Cameron Payne (38202623),Jaren Jackson Jr. (38202380),Walker Kessler (38202415),294.5,390.99,49900,100.00%,1289,180.71%,0,181.17999999999998,$7.23,DET 2,MEM 2,user23,1,marvalshot,17969,4674061299_23
Scotty Pippen Jr. (38202583),Dennis Schroder (38202599),Ausar Thompson (38202637),Paolo Banchero (38202294),Kel'el Ware (38202520),Cameron Payne (38202623),Jaren Jackson Jr. (38202380),Josh Hart (38202376),298.71000000000004,391.39,49900,100.00%,20209,432.58%,0,222.22,$17.3,MEM 2,DET 2,user22,1,marvalshot,18016,4674061300_22
Cameron Payne (38202623),Dennis Schroder (38202599),Tim Hardaway Jr. (38202761),Sandro Mamukelashvili (38202681),Karl-Anthony Towns (38202292),Tyler Herro (38202350),Deni Avdija (38202392),Walker Kessler (38202415),295.24,386.34000000000003,50000,100.00%,2552,202.67%,0,172.5,$8.11,NYK 2,DET 2,user,1,marvalshot,10552,4674061301
Cameron Payne (38202623),Dennis Schroder (38202599),Ausar Thompson (38202637),Tobias Harris (38202495),Karl-Anthony Towns (38202292),Ty Jerome (38202641),Josh Hart (38202376),Jaren Jackson Jr. (38202380),299.97,393.39000000000004,49900,100.00%,33136,764.0%,5,240.82000000000002,$30.56,NYK 3,DET 3,user11,1,marvalshot,18062,4674061302_11
Isaiah Collier (38202509),Dennis Schroder (38202599),Ausar Thompson (38202637),Deni Avdija (38202392),Karl-Anthony Towns (38202292),Cameron Payne (38202623),Josh Hart (38202376),Scotty Pippen Jr. (38202583),304.48999999999995,395.71999999999997,50000,100.00%,49886,11561.09%,671,233.98,$462.44,NYK 3,DET 2,user46,1,marvalshot,17847,4674061296_46
Keyonte George (38202472),Dennis Schroder (38202599),Gary Payton II (38202728),Andrew Wiggins (38202475),Alperen Sengun (38202314),Cameron Payne (38202623),Bam Adebayo (38202361),Walker Kessler (38202415),294.90000000000003,388.77000000000004,49900,100.00%,2051,195.23%,0,181.82999999999998,$7.81,UTA 2,MIA 2,user44,1,marvalshot,17894,4674061297_44
Dennis Schroder (38202599),Anfernee Simons (38202456),Ausar Thompson (38202637),Bam Adebayo (38202361),Karl-Anthony Towns (38202292),Cameron Payne (38202623),Gary Payton II (38202728),Deni Avdija (38202392),301.84,393.87,50000,100.00%,45931,1850.51%,27,221.25,$74.02,DET 2,POR 2,user15,1,marvalshot,17913,4674061298_15
Dennis Schroder (38202599),Max Strus (38202630),Deni Avdija (38202392),Paolo Banchero (38202294),Jalen Duren (38202413),Cameron Payne (38202623),Gary Payton II (38202728),Walker Kessler (38202415),294.59000000000003,387.39000000000004,49500,100.00%,1276,180.7%,0,177.31,$7.23,DET 2,CLE 1,user40,1,marvalshot,17986,4674061299_40
Scotty Pippen Jr. (38202583),Dennis Schroder (38202599),Ausar Thompson (38202637),Paolo Banchero (38202294),Kai Jones (38202550),Cameron Payne (38202623),Andrew Wiggins (38202475),Karl-Anthony Towns (38202292),298.62,392.65,50000,100.00%,19107,402.02%,0,230.92,$16.08,DET 2,NYK 2,user30,1,marvalshot,18023,4674061300_30
Fred VanVleet (38202469),Dennis Schroder (38202599),Tim Hardaway Jr. (38202761),Sandro Mamukelashvili (38202681),Alperen Sengun (38202314),Cameron Payne (38202623),Jaren Jackson Jr. (38202380),Karl-Anthony Towns (38202292),295.15,390.63,49900,100.00%,2224,193.41%,0,180.56,$7.74,HOU 2,DET 2,user3,41,marvalshot,18045,4674061301_3
Anfernee Simons (38202456),Dennis Schroder (38202599),Ausar Thompson (38202637),Tobias Harris (38202495),Walker Kessler (38202415),Cameron Payne (38202623),Deni Avdija (38202392),Alperen Sengun (38202314),299.82000000000005,393.7800000000001,49900,100.00%,31112,731.72%,8,202.22,$29.27,DET 3,POR 2,user35,1,marvalshot,18086,4674061302_35
Scotty Pippen Jr. (38202583),Dennis Schroder (38202599),Ausar Thompson (38202637),Jaren Jackson Jr. (38202380),Karl-Anthony Towns (38202292),Cameron Payne (38202623),Gary Payton II (38202728),Domantas Sabonis (38202306),304.07,404.26,49700,100.00%,49865,9412.2%,505,254.44,$376.49,MEM 2,DET 2,user12,1,marvalshot,17815,4674061296_12
Cameron Payne (38202623),Dennis Schroder (38202599),Svi Mykhailiuk (38203035),Bam Adebayo (38202361),Kel'el Ware (38202520),Collin Sexton (38202488),Jaren Jackson Jr. (38202380),Karl-Anthony Towns (38202292),294.40000000000003,390.89,49800,100.00%,1093,175.05%,0,182.44,$7.0,NYK 2,UTA 2,user21,1,marvalshot,17871,4674061297_21
Dennis Schroder (38202599),Cameron Payne (38202623),Ausar Thompson (38202637),Kessler Edwards (38202707),Karl-Anthony Towns (38202292),Scotty Pippen Jr. (38202583),Deni Avdija (38202392),Trae Young (38202297),302.04,397.43,49900,100.00%,46728,1718.46%,4,238.23000000000002,$68.74,DET 2,NYK 2,user,1,marvalshot,7340,4674061298
Dennis Schroder (38202599),Cameron Payne (38202623),Gary Payton II (38202728),Paolo Banchero (38202294),Jalen Duren (38202413),Tyler Herro (38202350),Kyle Filipowski (38202484),Scotty Pippen Jr. (38202583),294.41999999999996,388.44999999999993,49600,100.00%,1043,175.35%,0,209.27999999999997,$7.01,DET 2,NYK 1,user41,1,marvalshot,17987,4674061299_41
Cameron Payne (38202623),Dennis Schroder (38202599),Ausar Thompson (38202637),Paolo Banchero (38202294),Domantas Sabonis (38202306),Max Strus (38202630),Deni Avdija (38202392),Scotty Pippen Jr. (38202583),298.57,393.04,50000,100.00%,18693,392.63%,0,215.61,$15.71,DET 2,NYK 1,user9,1,marvalshot,18004,4674061300_9
Cameron Payne (38202623),Dennis Schroder (38202599),Tim Hardaway Jr. (38202761),Sandro Mamukelashvili (38202681),Karl-Anthony Towns (38202292),Fred VanVleet (38202469),Jaren Jackson Jr. (38202380),Alperen Sengun (38202314),295.15,390.63,49900,100.00%,2224,193.41%,0,180.56,$7.74,NYK 2,DET 2,user10,41,marvalshot,18045,4674061301_10
Ty Jerome (38202641),Dennis Schroder (38202599),Ausar Thompson (38202637),Tobias Harris (38202495),Alperen Sengun (38202314),Cameron Payne (38202623),Deni Avdija (38202392),Domantas Sabonis (38202306),299.68,397.62,50000,100.00%,29853,705.4%,10,224.23000000000002,$28.22,DET 3,CLE 1,user28,1,marvalshot,18079,4674061302_28
Cameron Payne (38202623),Dennis Schroder (38202599),Ausar Thompson (38202637),Deni Avdija (38202392),Draymond Green (38202436),Gary Payton II (38202728),Jaren Jackson Jr. (38202380),Karl-Anthony Towns (38202292),303.46000000000004,396.84000000000003,49900,100.00%,49460,6736.12%,444,216.77999999999997,$269.44,NYK 2,DET 2,user25,1,marvalshot,17828,4674061296_25
Keyonte George (38202472),Dennis Schroder (38202599),Deni Avdija (38202392),Jaren Jackson Jr. (38202380),Bam Adebayo (38202361),Anfernee Simons (38202456),Max Strus (38202630),Cameron Payne (38202623),294.09000000000003,384.11,50000,100.00%,940,168.37%,0,162.39,$6.73,POR 2,UTA 1,user36,1,marvalshot,17886,4674061297_36
Dennis Schroder (38202599),Cameron Payne (38202623),Ausar Thompson (38202637),Deni Avdija (38202392),Karl-Anthony Towns (38202292),Collin Sexton (38202488),Gary Payton II (38202728),Evan Mobley (38202340),301.59000000000003,400.32000000000005,49900,100.00%,44484,1650.87%,23,214.48999999999998,$66.03,DET 2,NYK 2,user37,1,marvalshot,17934,4674061298_37
Dennis Schroder (38202599),Cameron Payne (38202623),Mikal Bridges (38202444),Paolo Banchero (38202294),Jalen Duren (38202413),Scotty Pippen Jr. (38202583),Svi Mykhailiuk (38203035),Domantas Sabonis (38202306),293.92,388.24,50000,100.00%,787,164.56%,0,191.01,$6.58,DET 2,NYK 2,user3,1,marvalshot,17949,4674061299_3
Scotty Pippen Jr. (38202583),Dennis Schroder (38202599),Ausar Thompson (38202637),Paolo Banchero (38202294),Walker Kessler (38202415),Cameron Payne (38202623),Santi Aldama (38202453),Deni Avdija (38202392),298.61,393.96000000000004,49800,100.00%,19244,392.45%,0,221.68,$15.7,MEM 2,DET 2,user47,1,marvalshot,18040,4674061300_47
Cameron Payne (38202623),Dennis Schroder (38202599),Tim Hardaway Jr. (38202761),Sandro Mamukelashvili (38202681),Karl-Anthony Towns (38202292),Fred VanVleet (38202469),Jaren Jackson Jr. (38202380),Alperen Sengun (38202314),295.15,390.63,49900,100.00%,2224,193.41%,0,180.56,$7.74,NYK 2,DET 2,user11,41,marvalshot,18045,4674061301_11
Cameron Payne (38202623),Dennis Schroder (38202599),Ausar Thompson (38202637),Tobias Harris (38202495),Alperen Sengun (38202314),Gary Payton II (38202728),Deni Avdija (38202392),Trae Young (38202297),299.90000000000003,395.51,49900,100.00%,32008,688.51%,2,207.32000000000002,$27.54,DET 3,NYK 1,user6,1,marvalshot,18057,4674061302_6
Cameron Payne (38202623),Dennis Schroder (38202599),Ausar Thompson (38202637),Deni Avdija (38202392),Alperen Sengun (38202314),Scotty Pippen Jr. (38202583),Jaren Jackson Jr. (38202380),Fred VanVleet (38202469),303.55000000000007,399.31000000000006,49500,100.00%,49567,6557.86%,359,234.01,$262.31,DET 2,HOU 2,user44,1,marvalshot,17845,4674061296_44
Ty Jerome (38202641),Dennis Schroder (38202599),Andrew Wiggins (38202475),Jaren Jackson Jr. (38202380),Karl-Anthony Towns (38202292),Collin Sexton (38202488),Kyle Filipowski (38202484),Cameron Payne (38202623),294.17999999999995,392.37999999999994,49900,100.00%,815,168.12%,0,213.69,$6.72,NYK 2,UTA 2,user23,1,marvalshot,17873,4674061297_23
Dennis Schroder (38202599),Desmond Bane (38202319),Ausar Thompson (38202637),Deni Avdija (38202392),Kel'el Ware (38202520),Cameron Payne (38202623),Gary Payton II (38202728),Karl-Anthony Towns (38202292),301.45000000000005,393.44000000000005,49800,100.00%,43346,1556.62%,19,217.57999999999998,$62.26,DET 2,NYK 2,user43,1,marvalshot,17940,4674061298_43
Dennis Schroder (38202599),Cameron Payne (38202623),Andrew Wiggins (38202475),Paolo Banchero (38202294),Jalen Duren (38202413),Gary Payton II (38202728),Jaren Jackson Jr. (38202380),Kel'el Ware (38202520),293.6,386.71000000000004,49800,100.00%,543,155.75%,0,176.22,$6.23,DET 2,MIA 2,user28,1,marvalshot,17974,4674061299_28
Scotty Pippen Jr. (38202583),Dennis Schroder (38202599),Ausar Thompson (38202637),Paolo Banchero (38202294),Walker Kessler (38202415),Anfernee Simons (38202456),Jaren Jackson Jr. (38202380),Cameron Payne (38202623),298.34000000000003,395.83000000000004,49900,100.00%,16965,386.18%,0,230.01,$15.45,MEM 2,DET 2,user35,1,marvalshot,18028,4674061300_35
Cameron Payne (38202623),Dennis Schroder (38202599),Tim Hardaway Jr. (38202761),Sandro Mamukelashvili (38202681),Karl-Anthony Towns (38202292),Fred VanVleet (38202469),Jaren Jackson Jr. (38202380),Alperen Sengun (38202314),295.15,390.63,49900,100.00%,2224,193.41%,0,180.56,$7.74,NYK 2,DET 2,user12,41,marvalshot,18045,4674061301_12
Cameron Payne (38202623),Dennis Schroder (38202599),Ausar Thompson (38202637),Tobias Harris (38202495),Karl-Anthony Towns (38202292),Collin Sexton (38202488),Josh Hart (38202376),Brandin Podziemski (38202465),299.49,389.04,50000,100.00%,27765,672.3%,7,201.69,$26.89,NYK 3,DET 3,user14,1,marvalshot,18065,4674061302_14
Brandin Podziemski (38202465),Dennis Schroder (38202599),Ausar Thompson (38202637),Deni Avdija (38202392),Karl-Anthony Towns (38202292),Scotty Pippen Jr. (38202583),OG Anunoby (38202428),Cameron Payne (38202623),303.43999999999994,391.55999999999995,49700,100.00%,49423,5334.32%,205,231.23,$213.37,NYK 3,DET 2,user40,1,marvalshot,17841,4674061296_40
Scotty Pippen Jr. (38202583),Dennis Schroder (38202599),Gary Payton II (38202728),Evan Mobley (38202340),Kyle Filipowski (38202484),Cameron Payne (38202623),Amen Thompson (38202356),Alperen Sengun (38202314),293.4,391.0,50000,100.00%,336,150.47%,0,210.32,$6.02,HOU 2,MEM 1,user47,1,marvalshot,17897,4674061297_47
Dennis Schroder (38202599),Cameron Payne (38202623),Ausar Thompson (38202637),Santi Aldama (38202453),Alperen Sengun (38202314),Scotty Pippen Jr. (38202583),Deni Avdija (38202392),Jaren Jackson Jr. (38202380),301.88000000000005,400.76000000000005,49700,100.00%,46420,1523.2%,4,225.40999999999997,$60.93,MEM 3,DET 2,user22,1,marvalshot,17919,4674061298_22
Dennis Schroder (38202599),Cameron Payne (38202623),Deni Avdija (38202392),Paolo Banchero (38202294),Jalen Duren (38202413),Isaiah Collier (38202509),Gary Payton II (38202728),Collin Sexton (38202488),293.6,389.21000000000004,49400,100.00%,388,154.2%,0,169.64,$6.17,DET 2,UTA 2,user48,1,marvalshot,17994,4674061299_48
Cameron Payne (38202623),Dennis Schroder (38202599),Ausar Thompson (38202637),Paolo Banchero (38202294),Jaren Jackson Jr. (38202380),Trae Young (38202297),Gary Payton II (38202728),Scotty Pippen Jr. (38202583),298.42,397.56,49900,100.00%,17142,380.4%,1,235.11,$15.22,DET 2,MEM 2,user5,1,marvalshot,18000,4674061300_5
Cameron Payne (38202623),Dennis Schroder (38202599),Tim Hardaway Jr. (38202761),Sandro Mamukelashvili (38202681),Karl-Anthony Towns (38202292),Fred VanVleet (38202469),Jaren Jackson Jr. (38202380),Alperen Sengun (38202314),295.15,390.63,49900,100.00%,2224,193.41%,0,180.56,$7.74,NYK 2,DET 2,user13,41,marvalshot,18045,4674061301_13
Scotty Pippen Jr. (38202583),Dennis Schroder (38202599),Ausar Thompson (38202637),Tobias Harris (38202495),Domantas Sabonis (38202306),Tyler Herro (38202350),Jaren Jackson Jr. (38202380),Cameron Payne (38202623),299.57,394.39,50000,100.00%,28548,618.24%,4,222.46,$24.73,DET 3,MEM 2,user26,1,marvalshot,18077,4674061302_26
Anfernee Simons (38202456),Dennis Schroder (38202599),Ausar Thompson (38202637),Deni Avdija (38202392),Alperen Sengun (38202314),Scotty Pippen Jr. (38202583),Jaren Jackson Jr. (38202380),Cameron Payne (38202623),303.26000000000005,401.05000000000007,49700,100.00%,49327,5220.79%,201,232.51,$208.83,POR 2,DET 2,user3,1,marvalshot,17804,4674061296_3
Shai Gilgeous-Alexander (38202282),Dennis Schroder (38202599),Gary Payton II (38202728),Kessler Edwards (38202707),Alperen Sengun (38202314),Cameron Payne (38202623),Deni Avdija (38202392),Luke Kennard (38202595),293.12,385.9,49700,100.00%,308,146.11%,0,186.20999999999998,$5.84,OKC 1,DET 1,user34,1,marvalshot,17884,4674061297_34
Dennis Schroder (38202599),Collin Sexton (38202488),Ausar Thompson (38202637),Josh Hart (38202376),Karl-Anthony Towns (38202292),Cameron Payne (38202623),Deni Avdija (38202392),Ty Jerome (38202641),301.22,396.71000000000004,49900,100.00%,42224,1438.46%,22,233.66,$57.54,NYK 3,DET 2,user24,1,marvalshot,17921,4674061298_24
Dennis Schroder (38202599),Cameron Payne (38202623),Andrew Wiggins (38202475),Paolo Banchero (38202294),Jalen Duren (38202413),Scotty Pippen Jr. (38202583),Kessler Edwards (38202707),Evan Mobley (38202340),292.99,386.65,49900,100.00%,264,143.18%,0,192.91,$5.73,DET 2,NYK 1,user34,1,marvalshot,17980,4674061299_34
Cameron Payne (38202623),Dennis Schroder (38202599),Ausar Thompson (38202637),Paolo Banchero (38202294),Domantas Sabonis (38202306),Scotty Pippen Jr. (38202583),Gary Payton II (38202728),Jaren Jackson Jr. (38202380),298.47,397.12,49500,100.00%,17446,377.89%,0,236.99,$15.12,DET 2,MEM 2,user24,1,marvalshot,18018,4674061300_24
Cameron Payne (38202623),Dennis Schroder (38202599),Tim Hardaway Jr. (38202761),Sandro Mamukelashvili (38202681),Karl-Anthony Towns (38202292),Fred VanVleet (38202469),Jaren Jackson Jr. (38202380),Alperen Sengun (38202314),295.15,390.63,49900,100.00%,2224,193.41%,0,180.56,$7.74,NYK 2,DET 2,user14,41,marvalshot,18045,4674061301_14
Scotty Pippen Jr. (38202583),Dennis Schroder (38202599),Ausar Thompson (38202637),Tobias Harris (38202495),Karl-Anthony Towns (38202292),Ty Jerome (38202641),Jaren Jackson Jr. (38202380),Deni Avdija (38202392),299.88,397.0,50000,100.00%,31821,611.84%,1,236.2,$24.47,DET 3,MEM 2,user22,1,marvalshot,18073,4674061302_22
Cameron Payne (38202623),Dennis Schroder (38202599),Ausar Thompson (38202637),Kyle Filipowski (38202484),Walker Kessler (38202415),Scotty Pippen Jr. (38202583),Deni Avdija (38202392),Karl-Anthony Towns (38202292),303.56,400.61,49700,100.00%,49529,5054.04%,126,247.57,$202.16,NYK 2,DET 2,user29,2,marvalshot,7286,4674061296_29
Anfernee Simons (38202456),Dennis Schroder (38202599),Deni Avdija (38202392),Santi Aldama (38202453),Alperen Sengun (38202314),Cameron Payne (38202623),Bam Adebayo (38202361),Svi Mykhailiuk (38203035),292.94,384.95,50000,100.00%,321,143.01%,0,168.39,$5.72,POR 2,DET 1,user20,1,marvalshot,17870,4674061297_20
Dennis Schroder (38202599),Cameron Payne (38202623),Ausar Thompson (38202637),Deni Avdija (38202392),Domantas Sabonis (38202306),Scotty Pippen Jr. (38202583),Andrew Wiggins (38202475),Jaren Jackson Jr. (38202380),301.58,396.83,49800,100.00%,44519,1400.11%,7,224.29999999999998,$56.0,DET 2,MEM 2,user11,1,marvalshot,17909,4674061298_11
Dennis Schroder (38202599),Cameron Payne (38202623),OG Anunoby (38202428),Paolo Banchero (38202294),Jalen Duren (38202413),Scotty Pippen Jr. (38202583),Kyle Filipowski (38202484),Jonathan Kuminga (38202524),292.56000000000006,387.5400000000001,49800,100.00%,168,135.07%,0,188.83999999999997,$5.4,DET 2,NYK 2,user8,1,marvalshot,17954,4674061299_8
Ty Jerome (38202641),Dennis Schroder (38202599),Ausar Thompson (38202637),Paolo Banchero (38202294),Karl-Anthony Towns (38202292),Cameron Payne (38202623),Josh Hart (38202376),Gary Payton II (38202728),298.29,391.69,49900,100.00%,16024,376.9%,0,247.24,$15.08,NYK 3,DET 2,user31,1,marvalshot,18024,4674061300_31
Cameron Payne (38202623),Dennis Schroder (38202599),Tim Hardaway Jr. (38202761),Sandro Mamukelashvili (38202681),Karl-Anthony Towns (38202292),Fred VanVleet (38202469),Jaren Jackson Jr. (38202380),Alperen Sengun (38202314),295.15,390.63,49900,100.00%,2224,193.41%,0,180.56,$7.74,NYK 2,DET 2,user15,41,marvalshot,18045,4674061301_15
Cameron Payne (38202623),Dennis Schroder (38202599),Ausar Thompson (38202637),Tobias Harris (38202495),Karl-Anthony Towns (38202292),Trae Young (38202297),Jonathan Kuminga (38202524),Scotty Pippen Jr. (38202583),299.3,398.07000000000005,49800,100.00%,26208,492.18%,0,233.72000000000003,$19.69,DET 3,NYK 2,user,1,marvalshot,2557,4674061302
Scotty Pippen Jr. (38202583),Dennis Schroder (38202599),Ausar Thompson (38202637),Deni Avdija (38202392),Domantas Sabonis (38202306),Cameron Payne (38202623),Josh Hart (38202376),Brandin Podziemski (38202465),302.92,392.35,50000,100.00%,48233,4935.69%,248,218.38,$197.43,DET 2,NYK 2,user41,1,marvalshot,17842,4674061296_41
Davion Mitchell (38202666),Dennis Schroder (38202599),Josh Hart (38202376),Deni Avdija (38202392),Karl-Anthony Towns (38202292),Collin Sexton (38202488),Max Strus (38202630),Scotty Pippen Jr. (38202583),292.86999999999995,379.71999999999997,50000,100.00%,310,142.1%,0,160.31,$5.68,NYK 2,MIA 1,user31,1,marvalshot,17881,4674061297_31
Dennis Schroder (38202599),Cameron Payne (38202623),Ausar Thompson (38202637),Jaren Jackson Jr. (38202380),Kai Jones (38202550),Scotty Pippen Jr. (38202583),Bam Adebayo (38202361),Karl-Anthony Towns (38202292),301.51,399.28,49900,100.00%,44498,1394.44%,9,235.87,$55.78,DET 2,NYK 2,user38,1,marvalshot,17935,4674061298_38
Dennis Schroder (38202599),Cameron Payne (38202623),Toumani Camara (38202500),Paolo Banchero (38202294),Jalen Duren (38202413),Gary Payton II (38202728),Deni Avdija (38202392),Santi Aldama (38202453),292.54,381.88,49900,100.00%,125,134.24%,0,165.28,$5.37,DET 2,POR 2,user21,1,marvalshot,17967,4674061299_21
Scotty Pippen Jr. (38202583),Dennis Schroder (38202599),Ausar Thompson (38202637),Paolo Banchero (38202294),Karl-Anthony Towns (38202292),Cameron Payne (38202623),Dillon Brooks (38202554),Fred VanVleet (38202469),298.39,389.04999999999995,50000,100.00%,16925,376.11%,0,234.12,$15.04,DET 2,NYK 2,user45,1,marvalshot,18038,4674061300_45
Cameron Payne (38202623),Dennis Schroder (38202599),Tim Hardaway Jr. (38202761),Sandro Mamukelashvili (38202681),Karl-Anthony Towns (38202292),Fred VanVleet (38202469),Jaren Jackson Jr. (38202380),Alperen Sengun (38202314),295.15,390.63,49900,100.00%,2224,193.41%,0,180.56,$7.74,NYK 2,DET 2,user16,41,marvalshot,18045,4674061301_16
Brandin Podziemski (38202465),Dennis Schroder (38202599),Ausar Thompson (38202637),Tobias Harris (38202495),Jaren Jackson Jr. (38202380),Cameron Payne (38202623),Evan Mobley (38202340),Deni Avdija (38202392),299.04999999999995,390.26,50000,100.00%,23981,490.56%,1,188.88,$19.62,DET 3,GSW 1,user49,1,marvalshot,18099,4674061302_49
Scotty Pippen Jr. (38202583),Dennis Schroder (38202599),Ausar Thompson (38202637),Deni Avdija (38202392),Jaren Jackson Jr. (38202380),Cameron Payne (38202623),Mikal Bridges (38202444),Alperen Sengun (38202314),303.11,397.82000000000005,49800,100.00%,49049,4731.23%,190,224.67000000000002,$189.25,MEM 2,DET 2,user6,1,marvalshot,17808,4674061296_6
Cameron Payne (38202623),Dennis Schroder (38202599),Zaccharie Risacher (38202586),Andrew Wiggins (38202475),Jaren Jackson Jr. (38202380),Scotty Pippen Jr. (38202583),Santi Aldama (38202453),Karl-Anthony Towns (38202292),292.99,384.83,49600,100.00%,113,139.69%,0,205.41,$5.59,MEM 3,NYK 2,user43,1,marvalshot,17893,4674061297_43
Dennis Schroder (38202599),Cameron Payne (38202623),Ausar Thompson (38202637),Deni Avdija (38202392),Karl-Anthony Towns (38202292),Ty Jerome (38202641),Jaren Jackson Jr. (38202380),Keyonte George (38202472),301.3,399.97,49800,100.00%,42925,1369.81%,17,235.89999999999998,$54.79,DET 2,NYK 2,user42,1,marvalshot,17939,4674061298_42
Dennis Schroder (38202599),Cameron Payne (38202623),Gary Payton II (38202728),Paolo Banchero (38202294),Jalen Duren (38202413),Shai Gilgeous-Alexander (38202282),Svi Mykhailiuk (38203035),Scotty Pippen Jr. (38202583),292.53,391.38,49400,100.00%,106,133.55%,0,216.76,$5.34,DET 2,NYK 1,user42,1,marvalshot,17988,4674061299_42
Scotty Pippen Jr. (38202583),Dennis Schroder (38202599),Ausar Thompson (38202637),Paolo Banchero (38202294),Jaren Jackson Jr. (38202380),Cameron Payne (38202623),Mikal Bridges (38202444),Walker Kessler (38202415),298.19,392.6,50000,100.00%,15663,372.02%,0,222.17,$14.88,MEM 2,DET 2,user46,1,marvalshot,18039,4674061300_46
Cameron Payne (38202623),Dennis Schroder (38202599),Tim Hardaway Jr. (38202761),Sandro Mamukelashvili (38202681),Karl-Anthony Towns (38202292),Fred VanVleet (38202469),Jaren Jackson Jr. (38202380),Alperen Sengun (38202314),295.15,390.63,49900,100.00%,2224,193.41%,0,180.56,$7.74,NYK 2,DET 2,user17,41,marvalshot,18045,4674061301_17
Cameron Payne (38202623),Dennis Schroder (38202599),Ausar Thompson (38202637),Tobias Harris (38202495),Jaren Jackson Jr. (38202380),Scotty Pippen Jr. (38202583),Chet Holmgren (38202400),Karl-Anthony Towns (38202292),299.37,396.33000000000004,50000,100.00%,27312,469.13%,0,240.40000000000003,$18.77,DET 3,NYK 2,user23,1,marvalshot,18074,4674061302_23
Cameron Payne (38202623),Dennis Schroder (38202599),Ausar Thompson (38202637),Deni Avdija (38202392),Kai Jones (38202550),Scotty Pippen Jr. (38202583),Jaren Jackson Jr. (38202380),Karl-Anthony Towns (38202292),303.5,400.15999999999997,49400,100.00%,49700,4313.33%,56,238.81,$172.53,NYK 2,DET 2,user47,1,marvalshot,17848,4674061296_47
Trae Young (38202297),Dennis Schroder (38202599),Gary Payton II (38202728),Draymond Green (38202436),Alperen Sengun (38202314),Collin Sexton (38202488),Jonathan Kuminga (38202524),Cameron Payne (38202623),292.74,392.96000000000004,50000,100.00%,286,139.24%,0,164.85,$5.57,GSW 3,ATL 1,user9,1,marvalshot,17859,4674061297_9
Dennis Schroder (38202599),Gary Payton II (38202728),Ausar Thompson (38202637),Evan Mobley (38202340),Alperen Sengun (38202314),Cameron Payne (38202623),Deni Avdija (38202392),Walker Kessler (38202415),300.96000000000004,399.85,50000,100.00%,40204,1364.23%,30,207.72000000000003,$54.57,DET 2,GSW 1,user1,1,marvalshot,17900,4674061298_1
Dennis Schroder (38202599),Cameron Payne (38202623),Gary Payton II (38202728),Paolo Banchero (38202294),Jalen Duren (38202413),Darius Garland (38202373),Santi Aldama (38202453),Scotty Pippen Jr. (38202583),292.52,389.19,49600,100.00%,94,133.25%,0,199.44,$5.33,DET 2,MEM 2,user4,1,marvalshot,17950,4674061299_4
Ty Jerome (38202641),Dennis Schroder (38202599),Ausar Thompson (38202637),Paolo Banchero (38202294),Karl-Anthony Towns (38202292),Scotty Pippen Jr. (38202583),Draymond Green (38202436),Cameron Payne (38202623),298.28999999999996,394.83,49700,100.00%,15974,367.51%,0,260.22,$14.7,DET 2,NYK 2,user38,1,marvalshot,18031,4674061300_38
Cameron Payne (38202623),Dennis Schroder (38202599),Tim Hardaway Jr. (38202761),Sandro Mamukelashvili (38202681),Karl-Anthony Towns (38202292),Fred VanVleet (38202469),Jaren Jackson Jr. (38202380),Alperen Sengun (38202314),295.15,390.63,49900,100.00%,2224,193.41%,0,180.56,$7.74,NYK 2,DET 2,user18,41,marvalshot,18045,4674061301_18
Cameron Payne (38202623),Dennis Schroder (38202599),Ausar Thompson (38202637),Tobias Harris (38202495),Walker Kessler (38202415),Collin Sexton (38202488),Deni Avdija (38202392),Alperen Sengun (38202314),298.99,396.78000000000003,49500,100.00%,22836,468.32%,0,198.72000000000003,$18.73,DET 3,UTA 2,user1,1,marvalshot,18052,4674061302_1
Collin Sexton (38202488),Dennis Schroder (38202599),Ausar Thompson (38202637),Evan Mobley (38202340),Alperen Sengun (38202314),Cameron Payne (38202623),Deni Avdija (38202392),Scotty Pippen Jr. (38202583),302.66999999999996,405.03999999999996,50000,100.00%,47930,4109.5%,209,221.58,$164.38,DET 2,UTA 1,user31,1,marvalshot,17833,4674061296_31
Cameron Payne (38202623),Dennis Schroder (38202599),Gary Payton II (38202728),Deni Avdija (38202392),Draymond Green (38202436),Collin Sexton (38202488),Jalen Williams (38202346),Jaren Jackson Jr. (38202380),292.81,385.94,49800,100.00%,160,138.71%,0,168.05,$5.55,GSW 2,NYK 1,user26,1,marvalshot,17876,4674061297_26
Dennis Schroder (38202599),Gary Payton II (38202728),Ausar Thompson (38202637),Deni Avdija (38202392),Karl-Anthony Towns (38202292),Collin Sexton (38202488),Josh Hart (38202376),Cameron Payne (38202623),301.48999999999995,394.15999999999997,49400,100.00%,44453,1348.24%,9,218.63,$53.93,NYK 3,DET 2,user3,1,marvalshot,17902,4674061298_3
Dennis Schroder (38202599),Anfernee Simons (38202456),Toumani Camara (38202500),Paolo Banchero (38202294),Jalen Duren (38202413),Cameron Payne (38202623),Gary Payton II (38202728),Jaren Jackson Jr. (38202380),292.27000000000004,383.75000000000006,50000,100.00%,120,130.19%,0,173.60999999999999,$5.21,DET 2,POR 2,user7,1,marvalshot,17953,4674061299_7
Cameron Payne (38202623),Dennis Schroder (38202599),Ausar Thompson (38202637),Paolo Banchero (38202294),Domantas Sabonis (38202306),Scotty Pippen Jr. (38202583),Gary Payton II (38202728),Bam Adebayo (38202361),298.13,394.65999999999997,49900,100.00%,14769,359.6%,0,232.82,$14.38,DET 2,NYK 1,user42,1,marvalshot,18035,4674061300_42
Cameron Payne (38202623),Dennis Schroder (38202599),Tim Hardaway Jr. (38202761),Sandro Mamukelashvili (38202681),Karl-Anthony Towns (38202292),Fred VanVleet (38202469),Jaren Jackson Jr. (38202380),Alperen Sengun (38202314),295.15,390.63,49900,100.00%,2224,193.41%,0,180.56,$7.74,NYK 2,DET 2,user19,41,marvalshot,18045,4674061301_19
Cameron Payne (38202623),Dennis Schroder (38202599),Ausar Thompson (38202637),Tobias Harris (38202495),Karl-Anthony Towns (38202292),Collin Sexton (38202488),Jaren Jackson Jr. (38202380),Anfernee Simons (38202456),298.8,395.83000000000004,49900,100.00%,21318,463.54%,1,210.22000000000003,$18.54,DET 3,NYK 2,user19,1,marvalshot,18070,4674061302_19
Scotty Pippen Jr. (38202583),Dennis Schroder (38202599),Ausar Thompson (38202637),Bam Adebayo (38202361),Kai Jones (38202550),Cameron Payne (38202623),Deni Avdija (38202392),Karl-Anthony Towns (38202292),303.15999999999997,397.69999999999993,49800,100.00%,49181,3940.21%,78,234.64000000000001,$157.61,DET 2,NYK 2,user15,1,marvalshot,17818,4674061296_15
Cameron Payne (38202623),Dennis Schroder (38202599),Svi Mykhailiuk (38203035),Deni Avdija (38202392),Kel'el Ware (38202520),Shai Gilgeous-Alexander (38202282),Jonathan Kuminga (38202524),Jaren Jackson Jr. (38202380),292.58,389.29999999999995,50000,100.00%,219,136.42%,0,168.67999999999998,$5.46,NYK 1,DET 1,user24,1,marvalshot,17874,4674061297_24
Dennis Schroder (38202599),Gary Payton II (38202728),Ausar Thompson (38202637),Jaren Jackson Jr. (38202380),Karl-Anthony Towns (38202292),Cameron Payne (38202623),Deni Avdija (38202392),Keyonte George (38202472),301.57,397.41999999999996,49300,100.00%,45107,1303.28%,6,220.87,$52.13,DET 2,NYK 2,user17,1,marvalshot,17914,4674061298_17
Dennis Schroder (38202599),Gary Payton II (38202728),Brice Sensabaugh (38202721),Paolo Banchero (38202294),Jalen Duren (38202413),Cameron Payne (38202623),Josh Hart (38202376),Deni Avdija (38202392),292.25,381.43,49800,100.00%,51,129.03%,0,184.6,$5.16,DET 2,NYK 2,user22,1,marvalshot,17968,4674061299_22
Cameron Payne (38202623),Dennis Schroder (38202599),Ausar Thompson (38202637),Paolo Banchero (38202294),Karl-Anthony Towns (38202292),Ty Jerome (38202641),Gary Payton II (38202728),Jaren Jackson Jr. (38202380),298.15000000000003,396.86,49700,100.00%,14581,352.05%,0,250.53,$14.08,NYK 2,DET 2,user7,1,marvalshot,18002,4674061300_7
Cameron Payne (38202623),Dennis Schroder (38202599),Tim Hardaway Jr. (38202761),Sandro Mamukelashvili (38202681),Karl-Anthony Towns (38202292),Fred VanVleet (38202469),Jaren Jackson Jr. (38202380),Alperen Sengun (38202314),295.15,390.63,49900,100.00%,2224,193.41%,0,180.56,$7.74,NYK 2,DET 2,user20,41,marvalshot,18045,4674061301_20
Collin Sexton (38202488),Dennis Schroder (38202599),Ausar Thompson (38202637),Tobias Harris (38202495),Karl-Anthony Towns (38202292),Shaedon Sharpe (38202449),Deni Avdija (38202392),Cameron Payne (38202623),299.1,391.86,49900,100.00%,23901,456.52%,0,199.10000000000002,$18.26,DET 3,NYK 2,user41,1,marvalshot,18091,4674061302_41
Cameron Payne (38202623),Dennis Schroder (38202599),Ausar Thompson (38202637),Jaren Jackson Jr. (38202380),Evan Mobley (38202340),Scotty Pippen Jr. (38202583),Deni Avdija (38202392),Walker Kessler (38202415),302.81,402.02,49900,100.00%,48494,3893.16%,179,227.86,$155.73,DET 2,MEM 2,user8,1,marvalshot,17811,4674061296_8
Cameron Payne (38202623),Dennis Schroder (38202599),Mikal Bridges (38202444),Andrew Wiggins (38202475),Kel'el Ware (38202520),Scotty Pippen Jr. (38202583),Evan Mobley (38202340),Desmond Bane (38202319),292.51,379.58,50000,100.00%,208,135.84%,0,185.10000000000002,$5.43,NYK 2,MIA 2,user1,1,marvalshot,17851,4674061297_1
Dennis Schroder (38202599),Cameron Payne (38202623),Ausar Thompson (38202637),Deni Avdija (38202392),Jaren Jackson Jr. (38202380),Ty Jerome (38202641),Andrew Wiggins (38202475),Karl-Anthony Towns (38202292),301.26,396.57,50000,100.00%,42720,1270.91%,15,237.83999999999997,$50.84,DET 2,NYK 2,user4,2,marvalshot,7693,4674061298_4
Dennis Schroder (38202599),Cameron Payne (38202623),Vince Williams Jr. (38202796),Paolo Banchero (38202294),Jalen Duren (38202413),Collin Sexton (38202488),Gary Payton II (38202728),Karl-Anthony Towns (38202292),292.17,390.7,49700,100.00%,67,127.2%,0,182.08,$5.09,DET 2,NYK 2,user45,1,marvalshot,17991,4674061299_45
Cameron Payne (38202623),Dennis Schroder (38202599),Ausar Thompson (38202637),Paolo Banchero (38202294),Walker Kessler (38202415),Keyonte George (38202472),Josh Hart (38202376),Scotty Pippen Jr. (38202583),297.87,391.75,49800,100.00%,13168,349.98%,0,222.17000000000002,$14.0,NYK 2,DET 2,user43,1,marvalshot,18036,4674061300_43
Cameron Payne (38202623),Dennis Schroder (38202599),Tim Hardaway Jr. (38202761),Sandro Mamukelashvili (38202681),Karl-Anthony Towns (38202292),Fred VanVleet (38202469),Jaren Jackson Jr. (38202380),Alperen Sengun (38202314),295.15,390.63,49900,100.00%,2224,193.41%,0,180.56,$7.74,NYK 2,DET 2,user21,41,marvalshot,18045,4674061301_21
Cameron Payne (38202623),Dennis Schroder (38202599),Ausar Thompson (38202637),Tobias Harris (38202495),Evan Mobley (38202340),Desmond Bane (38202319),Jaren Jackson Jr. (38202380),Scotty Pippen Jr. (38202583),298.9,395.21,49900,100.00%,22154,455.97%,1,224.73000000000002,$18.24,DET 3,MEM 3,user21,1,marvalshot,18072,4674061302_21
Scotty Pippen Jr. (38202583),Dennis Schroder (38202599),Ausar Thompson (38202637),Deni Avdija (38202392),Alperen Sengun (38202314),Cameron Payne (38202623),Andrew Wiggins (38202475),Josh Hart (38202376),302.75,393.57,49800,100.00%,48304,3867.18%,131,226.61,$154.69,DET 2,NYK 2,user38,1,marvalshot,17839,4674061296_38
Trae Young (38202297),Dennis Schroder (38202599),Svi Mykhailiuk (38203035),Josh Hart (38202376),Kai Jones (38202550),Cameron Payne (38202623),Deni Avdija (38202392),Walker Kessler (38202415),292.5,382.7,49800,100.00%,227,135.48%,0,164.92000000000002,$5.42,UTA 2,NYK 2,user38,1,marvalshot,17888,4674061297_38
Dennis Schroder (38202599),Cameron Payne (38202623),Ausar Thompson (38202637),Jaren Jackson Jr. (38202380),Karl-Anthony Towns (38202292),Scotty Pippen Jr. (38202583),Josh Hart (38202376),Donovan Clingan (38202522),301.23,396.73,50000,100.00%,43018,1203.0%,8,235.23000000000002,$48.12,NYK 3,DET 2,user6,1,marvalshot,17904,4674061298_6
Dennis Schroder (38202599),Cameron Payne (38202623),Max Strus (38202630),Paolo Banchero (38202294),Jalen Duren (38202413),Isaiah Collier (38202509),Deni Avdija (38202392),Collin Sexton (38202488),292.05,386.71000000000004,50000,100.00%,86,126.4%,0,149.49,$5.06,DET 2,UTA 2,user31,1,marvalshot,17977,4674061299_31
Scotty Pippen Jr. (38202583),Dennis Schroder (38202599),Ausar Thompson (38202637),Paolo Banchero (38202294),Alperen Sengun (38202314),Cameron Payne (38202623),Max Strus (38202630),Jaren Jackson Jr. (38202380),297.95,396.53,49900,100.00%,13025,332.99%,0,222.44,$13.32,MEM 2,DET 2,user39,1,marvalshot,18032,4674061300_39
Cameron Payne (38202623),Dennis Schroder (38202599),Tim Hardaway Jr. (38202761),Sandro Mamukelashvili (38202681),Karl-Anthony Towns (38202292),Fred VanVleet (38202469),Jaren Jackson Jr. (38202380),Alperen Sengun (38202314),295.15,390.63,49900,100.00%,2224,193.41%,0,180.56,$7.74,NYK 2,DET 2,user22,41,marvalshot,18045,4674061301_22
Collin Sexton (38202488),Dennis Schroder (38202599),Ausar Thompson (38202637),Tobias Harris (38202495),Karl-Anthony Towns (38202292),Cameron Payne (38202623),Jaren Jackson Jr. (38202380),Mikal Bridges (38202444),298.65,392.59999999999997,50000,100.00%,19961,441.8%,1,202.38000000000002,$17.67,DET 3,NYK 3,user4,1,marvalshot,18055,4674061302_4
Brandin Podziemski (38202465),Dennis Schroder (38202599),Ausar Thompson (38202637),Deni Avdija (38202392),Domantas Sabonis (38202306),Cameron Payne (38202623),Jaren Jackson Jr. (38202380),Scotty Pippen Jr. (38202583),302.78,397.52,49800,100.00%,48341,3777.64%,109,221.67000000000002,$151.11,DET 2,MEM 2,user48,1,marvalshot,17849,4674061296_48
Scotty Pippen Jr. (38202583),Dennis Schroder (38202599),Deni Avdija (38202392),Evan Mobley (38202340),Jaren Jackson Jr. (38202380),Collin Sexton (38202488),Gary Payton II (38202728),Kyle Filipowski (38202484),292.37,391.21000000000004,49700,100.00%,121,132.07%,0,174.99,$5.28,MEM 2,UTA 2,user33,1,marvalshot,17883,4674061297_33
Dennis Schroder (38202599),Cameron Payne (38202623),Ausar Thompson (38202637),Jaren Jackson Jr. (38202380),Alperen Sengun (38202314),Isaiah Collier (38202509),Gary Payton II (38202728),Karl-Anthony Towns (38202292),300.85,400.3,50000,100.00%,39945,1151.57%,11,218.36,$46.06,DET 2,NYK 2,user45,1,marvalshot,17942,4674061298_45
Dennis Schroder (38202599),Anfernee Simons (38202456),Deni Avdija (38202392),Paolo Banchero (38202294),Jalen Duren (38202413),Cameron Payne (38202623),Kessler Edwards (38202707),Jonathan Kuminga (38202524),291.90000000000003,384.20000000000005,49700,100.00%,85,124.58%,0,162.12,$4.98,DET 2,POR 2,user39,1,marvalshot,17985,4674061299_39
Collin Sexton (38202488),Dennis Schroder (38202599),Ausar Thompson (38202637),Paolo Banchero (38202294),Walker Kessler (38202415),Cameron Payne (38202623),Josh Hart (38202376),Scotty Pippen Jr. (38202583),297.65,393.65999999999997,49700,100.00%,11321,322.65%,0,223.22,$12.91,UTA 2,DET 2,user23,1,marvalshot,18017,4674061300_23
Cameron Payne (38202623),Dennis Schroder (38202599),Tim Hardaway Jr. (38202761),Sandro Mamukelashvili (38202681),Karl-Anthony Towns (38202292),Fred VanVleet (38202469),Jaren Jackson Jr. (38202380),Alperen Sengun (38202314),295.15,390.63,49900,100.00%,2224,193.41%,0,180.56,$7.74,NYK 2,DET 2,user23,41,marvalshot,18045,4674061301_23
Cameron Payne (38202623),Dennis Schroder (38202599),Ausar Thompson (38202637),Tobias Harris (38202495),Alperen Sengun (38202314),Gary Payton II (38202728),Josh Hart (38202376),Domantas Sabonis (38202306),298.44000000000005,391.48,49800,100.00%,18203,430.61%,0,207.14000000000001,$17.22,DET 3,NYK 2,user48,1,marvalshot,18098,4674061302_48
Cameron Payne (38202623),Dennis Schroder (38202599),Ausar Thompson (38202637),Josh Hart (38202376),Alperen Sengun (38202314),Brandin Podziemski (38202465),Jaren Jackson Jr. (38202380),Scotty Pippen Jr. (38202583),302.3,395.84000000000003,49900,100.00%,46858,3624.65%,190,225.21,$144.99,NYK 2,DET 2,user16,1,marvalshot,17819,4674061296_16
Scotty Pippen Jr. (38202583),Dennis Schroder (38202599),Gary Payton II (38202728),Naji Marshall (38202384),Onyeka Okongwu (38202398),Cameron Payne (38202623),Evan Mobley (38202340),Jaren Jackson Jr. (38202380),292.35,385.38,50000,100.00%,80,130.72%,0,199.2,$5.23,MEM 2,DET 1,user49,1,marvalshot,17899,4674061297_49
Dennis Schroder (38202599),Cameron Payne (38202623),Ausar Thompson (38202637),Josh Hart (38202376),Walker Kessler (38202415),Gary Payton II (38202728),Deni Avdija (38202392),Alperen Sengun (38202314),300.86,393.69000000000005,49500,100.00%,39709,1142.79%,17,211.86,$45.71,DET 2,NYK 2,user36,1,marvalshot,17933,4674061298_36
Dennis Schroder (38202599),Jalen Green (38202388),Svi Mykhailiuk (38203035),Paolo Banchero (38202294),Jalen Duren (38202413),Cameron Payne (38202623),Gary Payton II (38202728),Alperen Sengun (38202314),291.85,388.61,50000,100.00%,82,123.68%,0,176.8,$4.95,DET 2,HOU 2,user36,1,marvalshot,17982,4674061299_36
Scotty Pippen Jr. (38202583),Dennis Schroder (38202599),Ausar Thompson (38202637),Paolo Banchero (38202294),Kel'el Ware (38202520),Cameron Payne (38202623),Jonathan Kuminga (38202524),Karl-Anthony Towns (38202292),297.77000000000004,395.37,49600,100.00%,11409,321.87%,0,230.54,$12.87,DET 2,NYK 2,user17,1,marvalshot,18011,4674061300_17
Cameron Payne (38202623),Dennis Schroder (38202599),Tim Hardaway Jr. (38202761),Sandro Mamukelashvili (38202681),Karl-Anthony Towns (38202292),Fred VanVleet (38202469),Jaren Jackson Jr. (38202380),Alperen Sengun (38202314),295.15,390.63,49900,100.00%,2224,193.41%,0,180.56,$7.74,NYK 2,DET 2,user24,41,marvalshot,18045,4674061301_24
Cameron Payne (38202623),Dennis Schroder (38202599),Ausar Thompson (38202637),Tobias Harris (38202495),Karl-Anthony Towns (38202292),Trae Young (38202297),Deni Avdija (38202392),Svi Mykhailiuk (38203035),298.74,392.68,50000,100.00%,20513,421.89%,0,208.77,$16.88,DET 3,NYK 2,user10,1,marvalshot,18061,4674061302_10
Brandin Podziemski (38202465),Dennis Schroder (38202599),Ausar Thompson (38202637),Jaren Jackson Jr. (38202380),Karl-Anthony Towns (38202292),Cameron Payne (38202623),Deni Avdija (38202392),Ty Jerome (38202641),302.4599999999999,397.2599999999999,50000,100.00%,47509,3488.76%,171,235.20999999999998,$139.55,DET 2,NYK 2,user23,1,marvalshot,17826,4674061296_23
Scoot Henderson (38202557),Dennis Schroder (38202599),Deni Avdija (38202392),Jaren Jackson Jr. (38202380),Alperen Sengun (38202314),Brandin Podziemski (38202465),Gary Payton II (38202728),Cameron Payne (38202623),292.40000000000003,383.89000000000004,49200,100.00%,66,130.72%,0,176.18,$5.23,POR 2,GSW 2,user48,1,marvalshot,17898,4674061297_48
Dennis Schroder (38202599),Gary Payton II (38202728),Ausar Thompson (38202637),Deni Avdija (38202392),Karl-Anthony Towns (38202292),Cameron Payne (38202623),Jonathan Kuminga (38202524),Desmond Bane (38202319),301.08,395.89,49800,100.00%,41304,1107.25%,4,215.2,$44.29,DET 2,GSW 2,user14,1,marvalshot,17912,4674061298_14
Dennis Schroder (38202599),Cameron Payne (38202623),Deni Avdija (38202392),Paolo Banchero (38202294),Jalen Duren (38202413),Alec Burks (38202766),Gary Payton II (38202728),Evan Mobley (38202340),291.79,385.27000000000004,50000,100.00%,40,122.18%,0,165.64,$4.89,DET 2,NYK 1,user27,1,marvalshot,17973,4674061299_27
Keyonte George (38202472),Dennis Schroder (38202599),Ausar Thompson (38202637),Paolo Banchero (38202294),Walker Kessler (38202415),Scotty Pippen Jr. (38202583),Jaren Jackson Jr. (38202380),Cameron Payne (38202623),297.73,396.92,49600,100.00%,11502,320.97%,1,225.45999999999998,$12.84,UTA 2,DET 2,user34,1,marvalshot,18027,4674061300_34
Cameron Payne (38202623),Dennis Schroder (38202599),Tim Hardaway Jr. (38202761),Sandro Mamukelashvili (38202681),Karl-Anthony Towns (38202292),Fred VanVleet (38202469),Jaren Jackson Jr. (38202380),Alperen Sengun (38202314),295.15,390.63,49900,100.00%,2224,193.41%,0,180.56,$7.74,NYK 2,DET 2,user25,41,marvalshot,18045,4674061301_25
Trae Young (38202297),Dennis Schroder (38202599),Ausar Thompson (38202637),Tobias Harris (38202495),Alperen Sengun (38202314),Cameron Payne (38202623),Draymond Green (38202436),Scotty Pippen Jr. (38202583),298.39,395.06,50000,100.00%,17622,407.13%,0,218.24,$16.29,DET 3,ATL 1,user45,1,marvalshot,18095,4674061302_45
Cameron Payne (38202623),Dennis Schroder (38202599),Ausar Thompson (38202637),Jaren Jackson Jr. (38202380),Karl-Anthony Towns (38202292),Gary Payton II (38202728),Deni Avdija (38202392),Brandin Podziemski (38202465),302.73,394.71000000000004,49500,100.00%,48634,3290.4%,102,220.18,$131.62,NYK 2,DET 2,user17,1,marvalshot,17820,4674061296_17
Scotty Pippen Jr. (38202583),Dennis Schroder (38202599),Deni Avdija (38202392),Kyle Filipowski (38202484),Evan Mobley (38202340),Cameron Payne (38202623),Jimmy Butler (38202331),Ty Jerome (38202641),292.31999999999994,386.4699999999999,49700,100.00%,68,130.66%,0,222.82,$5.23,CLE 2,MEM 1,user22,1,marvalshot,17872,4674061297_22
Dennis Schroder (38202599),Gary Payton II (38202728),Ausar Thompson (38202637),Andrew Wiggins (38202475),Bam Adebayo (38202361),Cameron Payne (38202623),Deni Avdija (38202392),Karl-Anthony Towns (38202292),301.19,391.56,49900,100.00%,42782,1083.7%,1,218.64,$43.35,DET 2,MIA 2,user25,1,marvalshot,17922,4674061298_25
Dennis Schroder (38202599),Cameron Payne (38202623),Caris LeVert (38202564),Paolo Banchero (38202294),Jalen Duren (38202413),Scotty Pippen Jr. (38202583),Gary Payton II (38202728),Domantas Sabonis (38202306),291.71000000000004,388.76000000000005,49500,100.00%,36,120.81%,0,201.2,$4.83,DET 2,NYK 1,user16,1,marvalshot,17962,4674061299_16
Collin Sexton (38202488),Dennis Schroder (38202599),Ausar Thompson (38202637),Paolo Banchero (38202294),Karl-Anthony Towns (38202292),Cameron Payne (38202623),Gary Payton II (38202728),Brandin Podziemski (38202465),297.67,392.51,49800,100.00%,11056,318.24%,0,211.4,$12.73,DET 2,NYK 2,user49,1,marvalshot,18042,4674061300_49
Cameron Payne (38202623),Dennis Schroder (38202599),Tim Hardaway Jr. (38202761),Sandro Mamukelashvili (38202681),Karl-Anthony Towns (38202292),Fred VanVleet (38202469),Jaren Jackson Jr. (38202380),Alperen Sengun (38202314),295.15,390.63,49900,100.00%,2224,193.41%,0,180.56,$7.74,NYK 2,DET 2,user26,41,marvalshot,18045,4674061301_26
Cameron Payne (38202623),Dennis Schroder (38202599),Ausar Thompson (38202637),Tobias Harris (38202495),Alperen Sengun (38202314),Scotty Pippen Jr. (38202583),Draymond Green (38202436),Domantas Sabonis (38202306),298.44000000000005,394.62000000000006,49600,100.00%,17926,403.31%,0,220.12,$16.13,DET 3,NYK 1,user37,1,marvalshot,18088,4674061302_37
Collin Sexton (38202488),Dennis Schroder (38202599),Ausar Thompson (38202637),Josh Hart (38202376),Alperen Sengun (38202314),Cameron Payne (38202623),Deni Avdija (38202392),Scotty Pippen Jr. (38202583),302.57,398.88,49500,100.00%,47895,3241.79%,74,225.72000000000003,$129.67,DET 2,NYK 2,user37,1,marvalshot,17838,4674061296_37
Isaiah Collier (38202509),Dennis Schroder (38202599),Deni Avdija (38202392),Andrew Wiggins (38202475),Domantas Sabonis (38202306),Darius Garland (38202373),Gary Payton II (38202728),Cameron Payne (38202623),292.09999999999997,381.96999999999997,49900,100.00%,102,128.36%,0,165.25,$5.13,UTA 1,DET 1,user19,1,marvalshot,17869,4674061297_19
Dennis Schroder (38202599),Anfernee Simons (38202456),Ausar Thompson (38202637),Josh Hart (38202376),Jaren Jackson Jr. (38202380),Cameron Payne (38202623),Gary Payton II (38202728),Karl-Anthony Towns (38202292),300.67,392.74,49900,100.00%,38679,1071.17%,11,223.36,$42.85,NYK 3,DET 2,user40,1,marvalshot,17937,4674061298_40
Dennis Schroder (38202599),Toumani Camara (38202500),Gary Payton II (38202728),Paolo Banchero (38202294),Jalen Duren (38202413),Scotty Pippen Jr. (38202583),Deni Avdija (38202392),Collin Sexton (38202488),291.49,385.19,49900,100.00%,39,118.78%,0,162.2,$4.75,DET 2,POR 2,user13,1,marvalshot,17959,4674061299_13
Cameron Payne (38202623),Dennis Schroder (38202599),Ausar Thompson (38202637),Paolo Banchero (38202294),Jarrett Allen (38202426),Scotty Pippen Jr. (38202583),Gary Payton II (38202728),Karl-Anthony Towns (38202292),297.86,394.83000000000004,49400,100.00%,11444,317.07%,0,245.73000000000002,$12.68,NYK 2,DET 2,user27,2,marvalshot,1113,4674061300_27
Cameron Payne (38202623),Dennis Schroder (38202599),Tim Hardaway Jr. (38202761),Sandro Mamukelashvili (38202681),Karl-Anthony Towns (38202292),Fred VanVleet (38202469),Jaren Jackson Jr. (38202380),Alperen Sengun (38202314),295.15,390.63,49900,100.00%,2224,193.41%,0,180.56,$7.74,NYK 2,DET 2,user27,41,marvalshot,18045,4674061301_27
Anfernee Simons (38202456),Dennis Schroder (38202599),Ausar Thompson (38202637),Tobias Harris (38202495),Walker Kessler (38202415),Cameron Payne (38202623),Jaren Jackson Jr. (38202380),Alperen Sengun (38202314),298.17,395.36,50000,100.00%,16113,401.51%,1,203.45,$16.06,DET 3,POR 1,user44,1,marvalshot,18094,4674061302_44
Keyonte George (38202472),Dennis Schroder (38202599),Ausar Thompson (38202637),Deni Avdija (38202392),Alperen Sengun (38202314),Scotty Pippen Jr. (38202583),Jaren Jackson Jr. (38202380),Cameron Payne (38202623),302.65000000000003,402.14000000000004,49400,100.00%,48377,3133.36%,77,227.95999999999998,$125.33,DET 2,MEM 2,user14,1,marvalshot,17817,4674061296_14
Anfernee Simons (38202456),Dennis Schroder (38202599),Andrew Wiggins (38202475),Kyle Filipowski (38202484),Jaren Jackson Jr. (38202380),Cameron Payne (38202623),Santi Aldama (38202453),Deni Avdija (38202392),292.06,381.41999999999996,50000,100.00%,71,127.01%,0,167.52999999999997,$5.08,POR 2,MEM 2,user,1,marvalshot,12342,4674061297
Dennis Schroder (38202599),Cameron Payne (38202623),Ausar Thompson (38202637),Bam Adebayo (38202361),Walker Kessler (38202415),Scotty Pippen Jr. (38202583),Josh Hart (38202376),Jaren Jackson Jr. (38202380),300.72,394.98,49900,100.00%,38920,1044.99%,9,229.06,$41.8,DET 2,NYK 2,user32,1,marvalshot,17929,4674061298_32
Dennis Schroder (38202599),Cameron Payne (38202623),Svi Mykhailiuk (38203035),Paolo Banchero (38202294),Jalen Duren (38202413),Trae Young (38202297),Gary Payton II (38202728),Walker Kessler (38202415),291.48,389.72,49900,100.00%,53,118.56%,0,179.61,$4.74,DET 2,UTA 2,user6,1,marvalshot,17952,4674061299_6
Scotty Pippen Jr. (38202583),Dennis Schroder (38202599),Ausar Thompson (38202637),Paolo Banchero (38202294),Jaren Jackson Jr. (38202380),Cameron Payne (38202623),Andrew Wiggins (38202475),Walker Kessler (38202415),297.69,393.52,49800,100.00%,11325,315.55%,0,227.39999999999998,$12.62,MEM 2,DET 2,user40,1,marvalshot,18033,4674061300_40
Cameron Payne (38202623),Dennis Schroder (38202599),Tim Hardaway Jr. (38202761),Sandro Mamukelashvili (38202681),Karl-Anthony Towns (38202292),Fred VanVleet (38202469),Jaren Jackson Jr. (38202380),Alperen Sengun (38202314),295.15,390.63,49900,100.00%,2224,193.41%,0,180.56,$7.74,NYK 2,DET 2,user28,41,marvalshot,18045,4674061301_28
Cameron Payne (38202623),Dennis Schroder (38202599),Ausar Thompson (38202637),Tobias Harris (38202495),Alperen Sengun (38202314),Isaiah Collier (38202509),Deni Avdija (38202392),Jaren Jackson Jr. (38202380),298.58000000000004,393.28000000000003,49700,100.00%,19190,398.81%,0,193.26000000000002,$15.95,DET 3,NYK 1,user5,1,marvalshot,18056,4674061302_5
Cameron Payne (38202623),Dennis Schroder (38202599),Ausar Thompson (38202637),Deni Avdija (38202392),Walker Kessler (38202415),Scotty Pippen Jr. (38202583),Josh Hart (38202376),Jaren Jackson Jr. (38202380),302.71000000000004,395.86,49400,100.00%,48531,3113.6%,69,232.0,$124.54,NYK 2,DET 2,user39,1,marvalshot,17840,4674061296_39
Collin Sexton (38202488),Dennis Schroder (38202599),Caris LeVert (38202564),Deni Avdija (38202392),Kyle Filipowski (38202484),Cameron Payne (38202623),Josh Hart (38202376),Jaren Jackson Jr. (38202380),292.1,383.57,50000,100.00%,65,126.86%,0,163.01,$5.07,UTA 2,NYK 2,user15,1,marvalshot,17865,4674061297_15
Dennis Schroder (38202599),Cameron Payne (38202623),Ausar Thompson (38202637),Bam Adebayo (38202361),Jaren Jackson Jr. (38202380),Brandin Podziemski (38202465),Gary Payton II (38202728),Karl-Anthony Towns (38202292),300.74,393.83000000000004,50000,100.00%,39050,1009.57%,5,217.23999999999998,$40.38,DET 2,NYK 2,user23,1,marvalshot,17920,4674061298_23
Dennis Schroder (38202599),Cameron Payne (38202623),Mikal Bridges (38202444),Paolo Banchero (38202294),Jalen Duren (38202413),Scotty Pippen Jr. (38202583),Caris LeVert (38202564),Walker Kessler (38202415),291.43,384.24,50000,100.00%,46,117.95%,0,186.38,$4.72,DET 2,NYK 2,user35,1,marvalshot,17981,4674061299_35
Cameron Payne (38202623),Dennis Schroder (38202599),Ausar Thompson (38202637),Paolo Banchero (38202294),Karl-Anthony Towns (38202292),Gary Payton II (38202728),Zaccharie Risacher (38202586),Deni Avdija (38202392),297.8,389.6,50000,100.00%,11327,312.41%,0,212.27,$12.5,NYK 2,DET 2,user10,2,marvalshot,1102,4674061300_10
Cameron Payne (38202623),Dennis Schroder (38202599),Tim Hardaway Jr. (38202761),Sandro Mamukelashvili (38202681),Karl-Anthony Towns (38202292),Fred VanVleet (38202469),Jaren Jackson Jr. (38202380),Alperen Sengun (38202314),295.15,390.63,49900,100.00%,2224,193.41%,0,180.56,$7.74,NYK 2,DET 2,user29,41,marvalshot,18045,4674061301_29
Keyonte George (38202472),Dennis Schroder (38202599),Ausar Thompson (38202637),Tobias Harris (38202495),Kyle Filipowski (38202484),Cameron Payne (38202623),Deni Avdija (38202392),Karl-Anthony Towns (38202292),298.64,391.56,49600,100.00%,19568,394.26%,0,209.28,$15.77,DET 3,UTA 2,user36,1,marvalshot,18087,4674061302_36
Scotty Pippen Jr. (38202583),Dennis Schroder (38202599),Ausar Thompson (38202637),Deni Avdija (38202392),Karl-Anthony Towns (38202292),Cameron Payne (38202623),Max Strus (38202630),Desmond Bane (38202319),302.67999999999995,395.5799999999999,49900,100.00%,48363,2939.3%,68,234.65,$117.57,MEM 2,DET 2,user43,1,marvalshot,17844,4674061296_43
Cameron Payne (38202623),Dennis Schroder (38202599),Gary Payton II (38202728),Bam Adebayo (38202361),Jaren Jackson Jr. (38202380),Collin Sexton (38202488),Draymond Green (38202436),Darius Garland (38202373),291.91999999999996,386.42999999999995,49900,100.00%,73,124.93%,0,166.67000000000002,$5.0,GSW 2,NYK 1,user4,1,marvalshot,17854,4674061297_4
Dennis Schroder (38202599),Gary Payton II (38202728),Ausar Thompson (38202637),Santi Aldama (38202453),Karl-Anthony Towns (38202292),Cameron Payne (38202623),Josh Hart (38202376),Deni Avdija (38202392),300.94,390.87,49800,100.00%,40996,983.01%,2,215.03,$39.32,NYK 3,DET 2,user10,1,marvalshot,17908,4674061298_10
Dennis Schroder (38202599),Shaedon Sharpe (38202449),Gary Payton II (38202728),Paolo Banchero (38202294),Jalen Duren (38202413),Cameron Payne (38202623),Amen Thompson (38202356),Scotty Pippen Jr. (38202583),291.36,384.24,49900,100.00%,19,116.05%,0,196.69,$4.64,DET 2,POR 1,user26,1,marvalshot,17972,4674061299_26
Davion Mitchell (38202666),Dennis Schroder (38202599),Ausar Thompson (38202637),Paolo Banchero (38202294),Alperen Sengun (38202314),Cameron Payne (38202623),Deni Avdija (38202392),Scotty Pippen Jr. (38202583),297.78,390.29999999999995,49400,100.00%,11384,311.78%,0,217.73000000000002,$12.47,DET 2,MIA 1,user36,1,marvalshot,18029,4674061300_36
Cameron Payne (38202623),Dennis Schroder (38202599),Tim Hardaway Jr. (38202761),Sandro Mamukelashvili (38202681),Karl-Anthony Towns (38202292),Fred VanVleet (38202469),Jaren Jackson Jr. (38202380),Alperen Sengun (38202314),295.15,390.63,49900,100.00%,2224,193.41%,0,180.56,$7.74,NYK 2,DET 2,user30,41,marvalshot,18045,4674061301_30
Brandin Podziemski (38202465),Dennis Schroder (38202599),Ausar Thompson (38202637),Tobias Harris (38202495),Jaren Jackson Jr. (38202380),Cameron Payne (38202623),Kyle Filipowski (38202484),Karl-Anthony Towns (38202292),298.15,390.42999999999995,49900,100.00%,15129,368.01%,1,209.82,$14.72,DET 3,NYK 2,user2,1,marvalshot,18053,4674061302_2
Scotty Pippen Jr. (38202583),Dennis Schroder (38202599),Ausar Thompson (38202637),Deni Avdija (38202392),Bam Adebayo (38202361),Cameron Payne (38202623),Josh Hart (38202376),Walker Kessler (38202415),302.37,393.4,49800,100.00%,47172,2860.6%,63,227.83,$114.42,DET 2,NYK 2,user32,1,marvalshot,17834,4674061296_32
Scotty Pippen Jr. (38202583),Dennis Schroder (38202599),Toumani Camara (38202500),De'Andre Hunter (38202579),Jaren Jackson Jr. (38202380),Cameron Payne (38202623),Deni Avdija (38202392),Trae Young (38202297),291.9,382.96,50000,100.00%,27,123.46%,0,188.73000000000002,$4.94,MEM 2,POR 2,user32,1,marvalshot,17882,4674061297_32
Dennis Schroder (38202599),Gary Payton II (38202728),Ausar Thompson (38202637),Deni Avdija (38202392),Karl-Anthony Towns (38202292),Collin Sexton (38202488),Bam Adebayo (38202361),Cameron Payne (38202623),301.01,396.87,49600,100.00%,41427,975.37%,2,217.75,$39.01,DET 2,NYK 2,user12,1,marvalshot,17910,4674061298_12
Dennis Schroder (38202599),Cameron Payne (38202623),Svi Mykhailiuk (38203035),Paolo Banchero (38202294),Jalen Duren (38202413),Gary Payton II (38202728),Evan Mobley (38202340),Jaren Jackson Jr. (38202380),291.24,389.28999999999996,49500,100.00%,24,114.71%,0,178.99,$4.59,DET 2,NYK 1,user30,1,marvalshot,17976,4674061299_30
Cameron Payne (38202623),Dennis Schroder (38202599),Ausar Thompson (38202637),Paolo Banchero (38202294),Kel'el Ware (38202520),Scotty Pippen Jr. (38202583),OG Anunoby (38202428),Alperen Sengun (38202314),297.43,391.24,50000,100.00%,10142,308.04%,0,216.42000000000002,$12.32,NYK 2,DET 2,user1,1,marvalshot,17996,4674061300_1
Cameron Payne (38202623),Dennis Schroder (38202599),Tim Hardaway Jr. (38202761),Sandro Mamukelashvili (38202681),Karl-Anthony Towns (38202292),Fred VanVleet (38202469),Jaren Jackson Jr. (38202380),Alperen Sengun (38202314),295.15,390.63,49900,100.00%,2224,193.41%,0,180.56,$7.74,NYK 2,DET 2,user31,41,marvalshot,18045,4674061301_31
Cameron Payne (38202623),Dennis Schroder (38202599),Ausar Thompson (38202637),Tobias Harris (38202495),Karl-Anthony Towns (38202292),Scotty Pippen Jr. (38202583),Evan Mobley (38202340),Collin Sexton (38202488),298.37,397.46000000000004,49200,100.00%,16559,365.91%,0,236.48000000000002,$14.64,DET 3,NYK 2,user31,1,marvalshot,18082,4674061302_31
Cameron Payne (38202623),Dennis Schroder (38202599),Ausar Thompson (38202637),Deni Avdija (38202392),Karl-Anthony Towns (38202292),Ty Jerome (38202641),Jaren Jackson Jr. (38202380),Fred VanVleet (38202469),302.20000000000005,397.14000000000004,49900,100.00%,46773,2857.06%,123,241.95,$114.28,NYK 2,DET 2,user20,1,marvalshot,17823,4674061296_20
Scotty Pippen Jr. (38202583),Dennis Schroder (38202599),Amen Thompson (38202356),Deni Avdija (38202392),Onyeka Okongwu (38202398),Cameron Payne (38202623),Kyle Filipowski (38202484),Keyonte George (38202472),291.81,383.29,50000,100.00%,45,123.06%,0,188.31,$4.92,UTA 2,MEM 1,user18,1,marvalshot,17868,4674061297_18
Dennis Schroder (38202599),Cameron Payne (38202623),Ausar Thompson (38202637),Deni Avdija (38202392),Alperen Sengun (38202314),Scotty Pippen Jr. (38202583),Kyle Filipowski (38202484),Jaren Jackson Jr. (38202380),301.2300000000001,400.2700000000001,49400,100.00%,43183,939.25%,0,233.84999999999997,$37.57,DET 2,MEM 2,user16,2,marvalshot,7644,4674061298_16
Dennis Schroder (38202599),Gary Payton II (38202728),Vince Williams Jr. (38202796),Paolo Banchero (38202294),Jalen Duren (38202413),Cameron Payne (38202623),Kyle Filipowski (38202484),Karl-Anthony Towns (38202292),290.97,386.92,49800,100.00%,12,110.44%,0,186.92,$4.42,DET 2,NYK 2,user2,1,marvalshot,17948,4674061299_2
Keyonte George (38202472),Dennis Schroder (38202599),Ausar Thompson (38202637),Paolo Banchero (38202294),Karl-Anthony Towns (38202292),Cameron Payne (38202623),Gary Payton II (38202728),Anfernee Simons (38202456),297.34,392.21999999999997,50000,100.00%,9273,306.49%,1,215.59,$12.26,DET 2,NYK 2,user37,1,marvalshot,18030,4674061300_37
Cameron Payne (38202623),Dennis Schroder (38202599),Tim Hardaway Jr. (38202761),Sandro Mamukelashvili (38202681),Karl-Anthony Towns (38202292),Fred VanVleet (38202469),Jaren Jackson Jr. (38202380),Alperen Sengun (38202314),295.15,390.63,49900,100.00%,2224,193.41%,0,180.56,$7.74,NYK 2,DET 2,user32,41,marvalshot,18045,4674061301_32
Collin Sexton (38202488),Dennis Schroder (38202599),Ausar Thompson (38202637),Tobias Harris (38202495),Karl-Anthony Towns (38202292),Keyonte George (38202472),Jaren Jackson Jr. (38202380),Cameron Payne (38202623),298.19,396.92,49600,100.00%,15522,364.26%,0,205.67000000000002,$14.57,DET 3,UTA 2,user47,1,marvalshot,18097,4674061302_47
Cameron Payne (38202623),Dennis Schroder (38202599),Ausar Thompson (38202637),Deni Avdija (38202392),Bam Adebayo (38202361),Brandin Podziemski (38202465),Gary Payton II (38202728),Karl-Anthony Towns (38202292),302.39000000000004,392.25000000000006,49900,100.00%,47631,2783.25%,68,216.01,$111.33,NYK 2,DET 2,user24,1,marvalshot,17827,4674061296_24
Ty Jerome (38202641),Dennis Schroder (38202599),Gary Payton II (38202728),Jaren Jackson Jr. (38202380),Karl-Anthony Towns (38202292),Cameron Payne (38202623),Kyle Filipowski (38202484),Jalen Williams (38202346),291.9,389.32,49900,100.00%,23,122.95%,0,224.09000000000003,$4.92,NYK 2,CLE 1,user28,1,marvalshot,17878,4674061297_28
Dennis Schroder (38202599),Gary Payton II (38202728),Ausar Thompson (38202637),Deni Avdija (38202392),Walker Kessler (38202415),Cameron Payne (38202623),Jaren Jackson Jr. (38202380),Alperen Sengun (38202314),300.71999999999997,398.85999999999996,49300,100.00%,39197,933.7%,10,215.15,$37.35,DET 2,GSW 1,user7,1,marvalshot,17905,4674061298_7
Dennis Schroder (38202599),Toumani Camara (38202500),Gary Payton II (38202728),Paolo Banchero (38202294),Jalen Duren (38202413),Cameron Payne (38202623),Santi Aldama (38202453),Jaren Jackson Jr. (38202380),290.89,383.46,50000,100.00%,25,110.01%,0,166.51,$4.4,DET 2,MEM 2,user1,1,marvalshot,17947,4674061299_1
Scotty Pippen Jr. (38202583),Dennis Schroder (38202599),Ausar Thompson (38202637),Paolo Banchero (38202294),Chet Holmgren (38202400),Cameron Payne (38202623),Gary Payton II (38202728),Karl-Anthony Towns (38202292),297.69,394.63,50000,100.00%,10041,305.3%,0,246.82,$12.21,DET 2,NYK 2,user25,1,marvalshot,18019,4674061300_25
Cameron Payne (38202623),Dennis Schroder (38202599),Tim Hardaway Jr. (38202761),Sandro Mamukelashvili (38202681),Karl-Anthony Towns (38202292),Fred VanVleet (38202469),Jaren Jackson Jr. (38202380),Alperen Sengun (38202314),295.15,390.63,49900,100.00%,2224,193.41%,0,180.56,$7.74,NYK 2,DET 2,user33,41,marvalshot,18045,4674061301_33
Collin Sexton (38202488),Dennis Schroder (38202599),Ausar Thompson (38202637),Tobias Harris (38202495),Karl-Anthony Towns (38202292),Cameron Payne (38202623),Bam Adebayo (38202361),Keyonte George (38202472),297.84999999999997,394.46,50000,100.00%,12986,347.57%,0,201.5,$13.9,DET 3,UTA 2,user27,1,marvalshot,18078,4674061302_27
Scotty Pippen Jr. (38202583),Dennis Schroder (38202599),Ausar Thompson (38202637),Andrew Wiggins (38202475),Alperen Sengun (38202314),Cameron Payne (38202623),Deni Avdija (38202392),Jaren Jackson Jr. (38202380),302.61,398.74,49600,100.00%,48385,2734.79%,29,229.89999999999998,$109.39,MEM 2,DET 2,user2,1,marvalshot,17802,4674061296_2
Scotty Pippen Jr. (38202583),Dennis Schroder (38202599),Deni Avdija (38202392),Evan Mobley (38202340),Jaren Jackson Jr. (38202380),Ty Jerome (38202641),Gary Payton II (38202728),Walker Kessler (38202415),291.75,389.99,49100,100.00%,47,122.75%,0,208.51000000000002,$4.91,MEM 2,CLE 2,user45,1,marvalshot,17895,4674061297_45
Dennis Schroder (38202599),Cameron Payne (38202623),Ausar Thompson (38202637),Draymond Green (38202436),Walker Kessler (38202415),Scotty Pippen Jr. (38202583),Deni Avdija (38202392),Alperen Sengun (38202314),300.86,396.83000000000004,49300,100.00%,39832,929.02%,1,224.84,$37.16,DET 2,NYK 1,user26,1,marvalshot,17923,4674061298_26
Dennis Schroder (38202599),Anfernee Simons (38202456),Gary Payton II (38202728),Paolo Banchero (38202294),Jalen Duren (38202413),Cameron Payne (38202623),Kessler Edwards (38202707),Domantas Sabonis (38202306),290.52,383.89,49600,100.00%,10,106.04%,0,177.20999999999998,$4.24,DET 2,POR 1,user49,1,marvalshot,17995,4674061299_49
Scotty Pippen Jr. (38202583),Dennis Schroder (38202599),Ausar Thompson (38202637),Paolo Banchero (38202294),Alperen Sengun (38202314),Fred VanVleet (38202469),Kyle Filipowski (38202484),Cameron Payne (38202623),297.28999999999996,393.33,49900,100.00%,8698,295.91%,1,230.07,$11.84,DET 2,HOU 2,user13,1,marvalshot,18007,4674061300_13
Cameron Payne (38202623),Dennis Schroder (38202599),Tim Hardaway Jr. (38202761),Sandro Mamukelashvili (38202681),Karl-Anthony Towns (38202292),Fred VanVleet (38202469),Jaren Jackson Jr. (38202380),Alperen Sengun (38202314),295.15,390.63,49900,100.00%,2224,193.41%,0,180.56,$7.74,NYK 2,DET 2,user34,41,marvalshot,18045,4674061301_34
Scotty Pippen Jr. (38202583),Dennis Schroder (38202599),Ausar Thompson (38202637),Tobias Harris (38202495),Karl-Anthony Towns (38202292),Keyonte George (38202472),Bam Adebayo (38202361),Cameron Payne (38202623),298.01,392.09999999999997,49000,100.00%,13378,332.71%,0,238.69,$13.31,DET 3,NYK 2,user17,1,marvalshot,18068,4674061302_17
Cameron Payne (38202623),Dennis Schroder (38202599),Ausar Thompson (38202637),Deni Avdija (38202392),Karl-Anthony Towns (38202292),Scotty Pippen Jr. (38202583),Draymond Green (38202436),Fred VanVleet (38202469),302.61,392.56,49400,100.00%,48238,2704.73%,41,236.60999999999999,$108.19,NYK 2,DET 2,user1,1,marvalshot,17801,4674061296_1
Cameron Payne (38202623),Dennis Schroder (38202599),Deni Avdija (38202392),Andrew Wiggins (38202475),Domantas Sabonis (38202306),Keyonte George (38202472),Chet Holmgren (38202400),Gary Payton II (38202728),291.71999999999997,383.0,50000,100.00%,57,122.45%,0,169.68,$4.9,NYK 1,DET 1,user37,1,marvalshot,17887,4674061297_37
Dennis Schroder (38202599),Mikal Bridges (38202444),Ausar Thompson (38202637),Josh Hart (38202376),Karl-Anthony Towns (38202292),Cameron Payne (38202623),Jaren Jackson Jr. (38202380),Gary Payton II (38202728),300.52000000000004,389.51000000000005,50000,100.00%,37713,927.12%,7,215.52,$37.08,NYK 4,DET 2,user13,1,marvalshot,17911,4674061298_13
Dennis Schroder (38202599),Collin Sexton (38202488),Gary Payton II (38202728),Paolo Banchero (38202294),Jalen Duren (38202413),Cameron Payne (38202623),Draymond Green (38202436),Jarrett Allen (38202426),290.5,387.26,49800,100.00%,8,105.52%,0,160.61,$4.22,DET 2,GSW 2,user47,1,marvalshot,17993,4674061299_47
Tyler Herro (38202350),Dennis Schroder (38202599),Ausar Thompson (38202637),Paolo Banchero (38202294),Kai Jones (38202550),Cameron Payne (38202623),Deni Avdija (38202392),Scotty Pippen Jr. (38202583),297.32,388.59,49700,100.00%,8760,292.25%,1,213.25,$11.69,DET 2,MIA 1,user8,1,marvalshot,18003,4674061300_8
Cameron Payne (38202623),Dennis Schroder (38202599),Tim Hardaway Jr. (38202761),Sandro Mamukelashvili (38202681),Karl-Anthony Towns (38202292),Fred VanVleet (38202469),Jaren Jackson Jr. (38202380),Alperen Sengun (38202314),295.15,390.63,49900,100.00%,2224,193.41%,0,180.56,$7.74,NYK 2,DET 2,user35,41,marvalshot,18045,4674061301_35
Tyler Herro (38202350),Dennis Schroder (38202599),Ausar Thompson (38202637),Tobias Harris (38202495),Alperen Sengun (38202314),Cameron Payne (38202623),Svi Mykhailiuk (38203035),Karl-Anthony Towns (38202292),297.59000000000003,391.30000000000007,50000,100.00%,10995,329.33%,1,209.37,$13.17,DET 3,NYK 2,user15,1,marvalshot,18066,4674061302_15
Scotty Pippen Jr. (38202583),Dennis Schroder (38202599),Ausar Thompson (38202637),Jaren Jackson Jr. (38202380),Karl-Anthony Towns (38202292),Desmond Bane (38202319),Gary Payton II (38202728),Cameron Payne (38202623),302.58,399.65999999999997,49400,100.00%,48821,2654.8%,39,256.03,$106.19,MEM 3,DET 2,user28,1,marvalshot,17831,4674061296_28
Cameron Payne (38202623),Dennis Schroder (38202599),Josh Hart (38202376),OG Anunoby (38202428),Evan Mobley (38202340),Gary Payton II (38202728),Toumani Camara (38202500),Jaren Jackson Jr. (38202380),291.74,375.5,50000,100.00%,63,122.29%,0,165.74,$4.89,NYK 3,DET 1,user10,1,marvalshot,17860,4674061297_10
Dennis Schroder (38202599),Cameron Payne (38202623),Ausar Thompson (38202637),Kyle Filipowski (38202484),Bam Adebayo (38202361),Scotty Pippen Jr. (38202583),Deni Avdija (38202392),Alperen Sengun (38202314),300.89,397.81,49800,100.00%,40120,925.69%,0,229.67999999999998,$37.03,DET 2,NYK 1,user35,1,marvalshot,17932,4674061298_35
Dennis Schroder (38202599),Gary Payton II (38202728),Deni Avdija (38202392),Paolo Banchero (38202294),Jalen Duren (38202413),Tyler Herro (38202350),Svi Mykhailiuk (38203035),Scotty Pippen Jr. (38202583),290.46999999999997,382.30999999999995,49600,100.00%,10,105.06%,0,170.39999999999998,$4.2,DET 2,GSW 1,user10,1,marvalshot,17956,4674061299_10
Brandin Podziemski (38202465),Dennis Schroder (38202599),Ausar Thompson (38202637),Paolo Banchero (38202294),Alperen Sengun (38202314),Cameron Payne (38202623),Gary Payton II (38202728),Walker Kessler (38202415),297.04,392.04,49900,100.00%,8014,287.88%,1,204.63,$11.52,GSW 2,DET 2,user33,1,marvalshot,18026,4674061300_33
Cameron Payne (38202623),Dennis Schroder (38202599),Tim Hardaway Jr. (38202761),Sandro Mamukelashvili (38202681),Karl-Anthony Towns (38202292),Fred VanVleet (38202469),Jaren Jackson Jr. (38202380),Alperen Sengun (38202314),295.15,390.63,49900,100.00%,2224,193.41%,0,180.56,$7.74,NYK 2,DET 2,user36,41,marvalshot,18045,4674061301_36
Keyonte George (38202472),Dennis Schroder (38202599),Ausar Thompson (38202637),Tobias Harris (38202495),Karl-Anthony Towns (38202292),Cameron Payne (38202623),Santi Aldama (38202453),Jaren Jackson Jr. (38202380),297.64,393.63,50000,100.00%,11539,325.07%,0,202.07,$13.0,DET 3,NYK 2,user12,1,marvalshot,18063,4674061302_12
Fred VanVleet (38202469),Dennis Schroder (38202599),Ausar Thompson (38202637),Jaren Jackson Jr. (38202380),Karl-Anthony Towns (38202292),Cameron Payne (38202623),Deni Avdija (38202392),Gary Payton II (38202728),302.46999999999997,394.59,49400,100.00%,48025,2591.86%,53,226.92000000000002,$103.67,DET 2,NYK 2,user11,2,marvalshot,7703,4674061296_11
Collin Sexton (38202488),Dennis Schroder (38202599),Gary Payton II (38202728),Bam Adebayo (38202361),Jaren Jackson Jr. (38202380),Cameron Payne (38202623),Jimmy Butler (38202331),Keyonte George (38202472),291.61999999999995,386.28,50000,100.00%,56,120.18%,0,169.2,$4.81,UTA 2,GSW 2,user3,1,marvalshot,17853,4674061297_3
Dennis Schroder (38202599),Cameron Payne (38202623),Ausar Thompson (38202637),Deni Avdija (38202392),Domantas Sabonis (38202306),Shaedon Sharpe (38202449),Jaren Jackson Jr. (38202380),Scotty Pippen Jr. (38202583),300.88,396.75,50000,100.00%,40398,907.16%,0,217.01999999999998,$36.29,DET 2,POR 2,user48,1,marvalshot,17945,4674061298_48
Dennis Schroder (38202599),Cameron Payne (38202623),Gary Payton II (38202728),Paolo Banchero (38202294),Jalen Duren (38202413),Klay Thompson (38202460),Deni Avdija (38202392),Kel'el Ware (38202520),290.47,380.84000000000003,49800,100.00%,2,104.56%,0,167.85999999999999,$4.18,DET 2,NYK 1,user11,1,marvalshot,17957,4674061299_11
Cameron Payne (38202623),Dennis Schroder (38202599),Ausar Thompson (38202637),Paolo Banchero (38202294),Evan Mobley (38202340),Desmond Bane (38202319),Gary Payton II (38202728),Scotty Pippen Jr. (38202583),297.21999999999997,393.51,49900,100.00%,8250,287.41%,0,231.15,$11.5,DET 2,MEM 2,user32,1,marvalshot,18025,4674061300_32
Cameron Payne (38202623),Dennis Schroder (38202599),Tim Hardaway Jr. (38202761),Sandro Mamukelashvili (38202681),Karl-Anthony Towns (38202292),Fred VanVleet (38202469),Jaren Jackson Jr. (38202380),Alperen Sengun (38202314),295.15,390.63,49900,100.00%,2224,193.41%,0,180.56,$7.74,NYK 2,DET 2,user37,41,marvalshot,18045,4674061301_37
Cameron Payne (38202623),Dennis Schroder (38202599),Ausar Thompson (38202637),Tobias Harris (38202495),Jaren Jackson Jr. (38202380),Collin Sexton (38202488),Evan Mobley (38202340),Deni Avdija (38202392),297.66999999999996,394.88,49700,100.00%,11611,318.52%,0,190.62,$12.74,DET 3,NYK 1,user18,1,marvalshot,18069,4674061302_18
Cameron Payne (38202623),Dennis Schroder (38202599),Ausar Thompson (38202637),Deni Avdija (38202392),Bam Adebayo (38202361),Scotty Pippen Jr. (38202583),Andrew Wiggins (38202475),Alperen Sengun (38202314),302.27,396.28,50000,100.00%,47153,2511.85%,48,225.73,$100.47,DET 2,MIA 2,user9,1,marvalshot,17812,4674061296_9
Cameron Payne (38202623),Dennis Schroder (38202599),Tari Eason (38202505),Josh Hart (38202376),Draymond Green (38202436),Scotty Pippen Jr. (38202583),Andrew Wiggins (38202475),Alperen Sengun (38202314),291.61,380.72,50000,100.00%,47,120.08%,0,188.26999999999998,$4.8,NYK 2,HOU 2,user40,1,marvalshot,17890,4674061297_40
Dennis Schroder (38202599),Desmond Bane (38202319),Ausar Thompson (38202637),Jaren Jackson Jr. (38202380),Alperen Sengun (38202314),Cameron Payne (38202623),Jonathan Kuminga (38202524),Scotty Pippen Jr. (38202583),300.51,402.19,50000,100.00%,36994,901.39%,5,223.51999999999998,$36.06,MEM 3,DET 2,user44,1,marvalshot,17941,4674061298_44
Dennis Schroder (38202599),Max Strus (38202630),Gary Payton II (38202728),Paolo Banchero (38202294),Jalen Duren (38202413),Cameron Payne (38202623),Chet Holmgren (38202400),Deni Avdija (38202392),290.45,382.65,49900,100.00%,5,104.52%,0,167.82,$4.18,DET 2,CLE 1,user33,1,marvalshot,17979,4674061299_33
Cameron Payne (38202623),Dennis Schroder (38202599),Ausar Thompson (38202637),Paolo Banchero (38202294),Jaren Jackson Jr. (38202380),Isaiah Collier (38202509),Josh Hart (38202376),Scotty Pippen Jr. (38202583),297.24,390.16,49900,100.00%,8173,287.37%,0,217.76,$11.49,NYK 2,DET 2,user20,1,marvalshot,18014,4674061300_20
Cameron Payne (38202623),Dennis Schroder (38202599),Tim Hardaway Jr. (38202761),Sandro Mamukelashvili (38202681),Karl-Anthony Towns (38202292),Fred VanVleet (38202469),Jaren Jackson Jr. (38202380),Alperen Sengun (38202314),295.15,390.63,49900,100.00%,2224,193.41%,0,180.56,$7.74,NYK 2,DET 2,user38,41,marvalshot,18045,4674061301_38
Shai Gilgeous-Alexander (38202282),Dennis Schroder (38202599),Ausar Thompson (38202637),Tobias Harris (38202495),Jaren Jackson Jr. (38202380),Cameron Payne (38202623),Andrew Wiggins (38202475),Scotty Pippen Jr. (38202583),297.49,393.24,50000,100.00%,10097,305.6%,0,230.51,$12.22,DET 3,MEM 2,user39,1,marvalshot,18090,4674061302_39
Scotty Pippen Jr. (38202583),Dennis Schroder (38202599),Ausar Thompson (38202637),Jonathan Kuminga (38202524),Alperen Sengun (38202314),Desmond Bane (38202319),Deni Avdija (38202392),Cameron Payne (38202623),302.15999999999997,400.60999999999996,49900,100.00%,46441,2464.42%,62,222.29000000000002,$98.58,MEM 2,DET 2,user7,1,marvalshot,17809,4674061296_7
Scotty Pippen Jr. (38202583),Dennis Schroder (38202599),OG Anunoby (38202428),Santi Aldama (38202453),Walker Kessler (38202415),Ty Jerome (38202641),Deni Avdija (38202392),Jaren Jackson Jr. (38202380),291.51,384.91999999999996,50000,100.00%,67,120.03%,0,186.2,$4.8,MEM 3,DET 1,user5,1,marvalshot,17855,4674061297_5
Dennis Schroder (38202599),Gary Payton II (38202728),Ausar Thompson (38202637),Bam Adebayo (38202361),Karl-Anthony Towns (38202292),Fred VanVleet (38202469),Jaren Jackson Jr. (38202380),Cameron Payne (38202623),300.48,393.71000000000004,49900,100.00%,36807,888.75%,7,223.98000000000002,$35.55,DET 2,NYK 2,user46,1,marvalshot,17943,4674061298_46
Dennis Schroder (38202599),Brandin Podziemski (38202465),Johnny Juzang (38202838),Paolo Banchero (38202294),Jalen Duren (38202413),Fred VanVleet (38202469),Jaren Jackson Jr. (38202380),Cameron Payne (38202623),290.32,380.4,49900,100.00%,11,103.0%,0,161.3,$4.12,DET 2,GSW 1,user38,1,marvalshot,17984,4674061299_38
Scotty Pippen Jr. (38202583),Dennis Schroder (38202599),Ausar Thompson (38202637),Paolo Banchero (38202294),Walker Kessler (38202415),Collin Sexton (38202488),Bam Adebayo (38202361),Cameron Payne (38202623),297.17,396.37,49900,100.00%,8177,284.92%,0,222.33999999999997,$11.4,DET 2,UTA 2,user29,1,marvalshot,18022,4674061300_29
Cameron Payne (38202623),Dennis Schroder (38202599),Tim Hardaway Jr. (38202761),Sandro Mamukelashvili (38202681),Karl-Anthony Towns (38202292),Fred VanVleet (38202469),Jaren Jackson Jr. (38202380),Alperen Sengun (38202314),295.15,390.63,49900,100.00%,2224,193.41%,0,180.56,$7.74,NYK 2,DET 2,user39,41,marvalshot,18045,4674061301_39
Cameron Payne (38202623),Dennis Schroder (38202599),Ausar Thompson (38202637),Tobias Harris (38202495),Domantas Sabonis (38202306),Scotty Pippen Jr. (38202583),Deni Avdija (38202392),Jalen Williams (38202346),297.57,391.69,50000,100.00%,10260,301.16%,0,218.27000000000004,$12.05,DET 3,NYK 1,user3,1,marvalshot,18054,4674061302_3
Scotty Pippen Jr. (38202583),Dennis Schroder (38202599),Ausar Thompson (38202637),Bam Adebayo (38202361),Karl-Anthony Towns (38202292),Cameron Payne (38202623),Gary Payton II (38202728),Desmond Bane (38202319),302.23999999999995,397.19999999999993,49800,100.00%,47468,2394.72%,21,251.86,$95.79,MEM 2,DET 2,user10,1,marvalshot,17813,4674061296_10
Cameron Payne (38202623),Dennis Schroder (38202599),Svi Mykhailiuk (38203035),Jonathan Kuminga (38202524),Karl-Anthony Towns (38202292),Darius Garland (38202373),Evan Mobley (38202340),Scotty Pippen Jr. (38202583),291.64,390.25,49300,100.00%,31,119.86%,0,204.48,$4.79,NYK 2,CLE 2,user30,1,marvalshot,17880,4674061297_30
Dennis Schroder (38202599),Cameron Payne (38202623),Ausar Thompson (38202637),Santi Aldama (38202453),Jaren Jackson Jr. (38202380),Scotty Pippen Jr. (38202583),Deni Avdija (38202392),Domantas Sabonis (38202306),300.85,398.85,49900,100.00%,40349,869.97%,1,219.81,$34.8,MEM 3,DET 2,user29,1,marvalshot,17926,4674061298_29
Dennis Schroder (38202599),Cameron Payne (38202623),Max Strus (38202630),Paolo Banchero (38202294),Jalen Duren (38202413),Darius Garland (38202373),Kyle Filipowski (38202484),Scotty Pippen Jr. (38202583),290.32,386.2,49900,100.00%,7,102.73%,0,187.73000000000002,$4.11,DET 2,CLE 2,user9,1,marvalshot,17955,4674061299_9
Scotty Pippen Jr. (38202583),Dennis Schroder (38202599),Ausar Thompson (38202637),Paolo Banchero (38202294),Alperen Sengun (38202314),Cameron Payne (38202623),OG Anunoby (38202428),Jonathan Kuminga (38202524),297.06,393.69,50000,100.00%,7814,282.08%,1,214.04,$11.28,DET 2,NYK 2,user,1,marvalshot,1035,4674061300
Cameron Payne (38202623),Dennis Schroder (38202599),Tim Hardaway Jr. (38202761),Sandro Mamukelashvili (38202681),Karl-Anthony Towns (38202292),Fred VanVleet (38202469),Jaren Jackson Jr. (38202380),Alperen Sengun (38202314),295.15,390.63,49900,100.00%,2224,193.41%,0,180.56,$7.74,NYK 2,DET 2,user40,41,marvalshot,18045,4674061301_40
Collin Sexton (38202488),Dennis Schroder (38202599),Ausar Thompson (38202637),Tobias Harris (38202495),Walker Kessler (38202415),Cameron Payne (38202623),Jaren Jackson Jr. (38202380),Alperen Sengun (38202314),297.34,398.36,49600,100.00%,9401,299.68%,0,199.95000000000002,$11.99,DET 3,UTA 2,user8,1,marvalshot,18059,4674061302_8
Anfernee Simons (38202456),Dennis Schroder (38202599),Ausar Thompson (38202637),Jaren Jackson Jr. (38202380),Domantas Sabonis (38202306),Scotty Pippen Jr. (38202583),Deni Avdija (38202392),Cameron Payne (38202623),302.23,399.14000000000004,49900,100.00%,47054,2386.36%,43,226.91,$95.45,POR 2,DET 2,user5,1,marvalshot,17807,4674061296_5
Scotty Pippen Jr. (38202583),Dennis Schroder (38202599),Mikal Bridges (38202444),Jonathan Kuminga (38202524),Karl-Anthony Towns (38202292),Keyonte George (38202472),Gary Payton II (38202728),Bam Adebayo (38202361),291.44,383.78999999999996,49900,100.00%,59,119.04%,0,174.28000000000003,$4.76,NYK 2,GSW 2,user25,1,marvalshot,17875,4674061297_25
Dennis Schroder (38202599),Collin Sexton (38202488),Ausar Thompson (38202637),Jaren Jackson Jr. (38202380),Alperen Sengun (38202314),Scotty Pippen Jr. (38202583),Bam Adebayo (38202361),Cameron Payne (38202623),300.44,403.17,49800,100.00%,36578,849.96%,3,226.07,$34.0,DET 2,MEM 2,user30,1,marvalshot,17927,4674061298_30
Dennis Schroder (38202599),Anfernee Simons (38202456),Johnny Juzang (38202838),Paolo Banchero (38202294),Jalen Duren (38202413),Cameron Payne (38202623),Deni Avdija (38202392),Collin Sexton (38202488),290.30000000000007,385.18000000000006,49700,100.00%,2,102.73%,0,160.31,$4.11,DET 2,POR 2,user19,1,marvalshot,17965,4674061299_19
Cameron Payne (38202623),Dennis Schroder (38202599),Ausar Thompson (38202637),Paolo Banchero (38202294),Kel'el Ware (38202520),Gary Payton II (38202728),Josh Hart (38202376),Alperen Sengun (38202314),296.86,389.22,50000,100.00%,6900,273.98%,0,202.07999999999998,$10.96,NYK 2,DET 2,user19,1,marvalshot,18013,4674061300_19
Cameron Payne (38202623),Dennis Schroder (38202599),Tim Hardaway Jr. (38202761),Sandro Mamukelashvili (38202681),Karl-Anthony Towns (38202292),Fred VanVleet (38202469),Jaren Jackson Jr. (38202380),Alperen Sengun (38202314),295.15,390.63,49900,100.00%,2224,193.41%,0,180.56,$7.74,NYK 2,DET 2,user41,41,marvalshot,18045,4674061301_41
Scotty Pippen Jr. (38202583),Dennis Schroder (38202599),Ausar Thompson (38202637),Tobias Harris (38202495),Bam Adebayo (38202361),Cameron Payne (38202623),Evan Mobley (38202340),Deni Avdija (38202392),297.49,390.06,49100,100.00%,9376,294.54%,0,223.64000000000001,$11.78,DET 3,MEM 1,user33,1,marvalshot,18084,4674061302_33
Scotty Pippen Jr. (38202583),Dennis Schroder (38202599),Ausar Thompson (38202637),Deni Avdija (38202392),Alperen Sengun (38202314),Cameron Payne (38202623),Jaren Jackson Jr. (38202380),Collin Sexton (38202488),302.43,404.05,49300,100.00%,48020,2359.74%,22,229.01,$94.39,MEM 2,DET 2,user26,1,marvalshot,17829,4674061296_26
Fred VanVleet (38202469),Dennis Schroder (38202599),Gary Payton II (38202728),Santi Aldama (38202453),Jarrett Allen (38202426),Scotty Pippen Jr. (38202583),Deni Avdija (38202392),Alperen Sengun (38202314),291.49,384.32000000000005,49800,100.00%,46,118.77%,0,169.07,$4.75,HOU 2,MEM 2,user2,1,marvalshot,17852,4674061297_2
Dennis Schroder (38202599),Cameron Payne (38202623),Ausar Thompson (38202637),Jaren Jackson Jr. (38202380),Karl-Anthony Towns (38202292),Scotty Pippen Jr. (38202583),OG Anunoby (38202428),Keyonte George (38202472),300.62999999999994,395.8499999999999,49600,100.00%,38744,848.55%,2,233.15,$33.94,NYK 3,DET 2,user9,1,marvalshot,17907,4674061298_9
Dennis Schroder (38202599),Brandin Podziemski (38202465),Tari Eason (38202505),Paolo Banchero (38202294),Jalen Duren (38202413),Cameron Payne (38202623),Draymond Green (38202436),Scotty Pippen Jr. (38202583),290.19,382.42,50000,100.00%,5,101.47%,0,179.1,$4.06,DET 2,GSW 2,user29,1,marvalshot,17975,4674061299_29
Cameron Payne (38202623),Dennis Schroder (38202599),Ausar Thompson (38202637),Paolo Banchero (38202294),Karl-Anthony Towns (38202292),Gary Payton II (38202728),Mikal Bridges (38202444),Collin Sexton (38202488),296.97,390.90000000000003,50000,100.00%,6693,272.5%,0,208.8,$10.9,NYK 3,DET 2,user41,1,marvalshot,18034,4674061300_41
Cameron Payne (38202623),Dennis Schroder (38202599),Tim Hardaway Jr. (38202761),Sandro Mamukelashvili (38202681),Karl-Anthony Towns (38202292),Fred VanVleet (38202469),Jaren Jackson Jr. (38202380),Alperen Sengun (38202314),295.15,390.63,49900,100.00%,2224,193.41%,0,180.56,$7.74,NYK 2,DET 2,user42,41,marvalshot,18045,4674061301_42
Cameron Payne (38202623),Dennis Schroder (38202599),Ausar Thompson (38202637),Tobias Harris (38202495),Karl-Anthony Towns (38202292),Johnny Juzang (38202838),Josh Hart (38202376),Alperen Sengun (38202314),297.26,389.2,50000,100.00%,8620,292.96%,0,208.17000000000002,$11.72,NYK 3,DET 3,user46,1,marvalshot,18096,4674061302_46
Scotty Pippen Jr. (38202583),Dennis Schroder (38202599),Ausar Thompson (38202637),Jaren Jackson Jr. (38202380),Donovan Clingan (38202522),Cameron Payne (38202623),Deni Avdija (38202392),Karl-Anthony Towns (38202292),302.74,400.32,49700,100.00%,49005,2303.13%,5,237.29,$92.13,MEM 2,DET 2,user27,1,marvalshot,17830,4674061296_27
Scotty Pippen Jr. (38202583),Dennis Schroder (38202599),Gary Payton II (38202728),Evan Mobley (38202340),Domantas Sabonis (38202306),Trae Young (38202297),Kessler Edwards (38202707),Cameron Payne (38202623),291.49,388.21,49300,100.00%,40,118.72%,0,205.82,$4.75,MEM 1,DET 1,user29,1,marvalshot,17879,4674061297_29
Dennis Schroder (38202599),Cameron Payne (38202623),Ausar Thompson (38202637),Andrew Wiggins (38202475),Jaren Jackson Jr. (38202380),Scotty Pippen Jr. (38202583),OG Anunoby (38202428),Karl-Anthony Towns (38202292),300.59,392.45,49800,100.00%,38602,811.0%,2,235.09,$32.44,NYK 3,DET 2,user47,1,marvalshot,17944,4674061298_47
Dennis Schroder (38202599),Cameron Payne (38202623),Brice Sensabaugh (38202721),Paolo Banchero (38202294),Jalen Duren (38202413),Collin Sexton (38202488),Deni Avdija (38202392),Keyonte George (38202472),290.2,387.51,50000,100.00%,4,101.36%,0,164.48,$4.05,UTA 3,DET 2,user37,1,marvalshot,17983,4674061299_37
Cameron Payne (38202623),Dennis Schroder (38202599),Ausar Thompson (38202637),Paolo Banchero (38202294),Jaren Jackson Jr. (38202380),Scotty Pippen Jr. (38202583),Isaac Okoro (38202869),Karl-Anthony Towns (38202292),297.18,393.14,49600,100.00%,6318,272.2%,0,234.16,$10.89,NYK 2,DET 2,user21,1,marvalshot,18015,4674061300_21
Cameron Payne (38202623),Dennis Schroder (38202599),Tim Hardaway Jr. (38202761),Sandro Mamukelashvili (38202681),Karl-Anthony Towns (38202292),Fred VanVleet (38202469),Jaren Jackson Jr. (38202380),Alperen Sengun (38202314),295.15,390.63,49900,100.00%,2224,193.41%,0,180.56,$7.74,NYK 2,DET 2,user43,41,marvalshot,18045,4674061301_43
Cameron Payne (38202623),Dennis Schroder (38202599),Ausar Thompson (38202637),Tobias Harris (38202495),Karl-Anthony Towns (38202292),Keyonte George (38202472),OG Anunoby (38202428),Walker Kessler (38202415),297.19000000000005,388.58000000000004,49800,100.00%,8523,292.45%,0,202.86,$11.7,NYK 3,DET 3,user7,1,marvalshot,18058,4674061302_7
Scotty Pippen Jr. (38202583),Dennis Schroder (38202599),Ausar Thompson (38202637),Bam Adebayo (38202361),Jaren Jackson Jr. (38202380),Cameron Payne (38202623),Deni Avdija (38202392),Walker Kessler (38202415),302.23,398.57000000000005,49600,100.00%,47410,2130.56%,30,231.12,$85.22,MEM 2,DET 2,user18,1,marvalshot,17821,4674061296_18
Cameron Payne (38202623),Dennis Schroder (38202599),Gary Payton II (38202728),Deni Avdija (38202392),Walker Kessler (38202415),Shai Gilgeous-Alexander (38202282),Jonathan Kuminga (38202524),Ty Jerome (38202641),291.49,389.87,49100,100.00%,32,118.61%,0,213.36,$4.74,GSW 2,NYK 1,user17,1,marvalshot,17867,4674061297_17
Dennis Schroder (38202599),Desmond Bane (38202319),Ausar Thompson (38202637),Deni Avdija (38202392),Jaren Jackson Jr. (38202380),Cameron Payne (38202623),Mikal Bridges (38202444),Scotty Pippen Jr. (38202583),300.59,391.31,49700,100.00%,38282,786.06%,4,220.66,$31.44,MEM 3,DET 2,user33,1,marvalshot,17930,4674061298_33
Dennis Schroder (38202599),Isaac Okoro (38202869),Deni Avdija (38202392),Paolo Banchero (38202294),Jalen Duren (38202413),Scotty Pippen Jr. (38202583),Evan Mobley (38202340),Gary Payton II (38202728),290.13000000000005,384.6700000000001,50000,100.00%,6,101.21%,0,161.2,$4.05,DET 2,CLE 2,user44,1,marvalshot,17990,4674061299_44
Cameron Payne (38202623),Dennis Schroder (38202599),Ausar Thompson (38202637),Paolo Banchero (38202294),Draymond Green (38202436),Scotty Pippen Jr. (38202583),OG Anunoby (38202428),Jaren Jackson Jr. (38202380),296.92,388.13,50000,100.00%,6719,268.96%,0,211.61,$10.76,NYK 2,DET 2,user2,1,marvalshot,17997,4674061300_2
Cameron Payne (38202623),Dennis Schroder (38202599),Tim Hardaway Jr. (38202761),Sandro Mamukelashvili (38202681),Karl-Anthony Towns (38202292),Fred VanVleet (38202469),Jaren Jackson Jr. (38202380),Alperen Sengun (38202314),295.15,390.63,49900,100.00%,2224,193.41%,0,180.56,$7.74,NYK 2,DET 2,user44,41,marvalshot,18045,4674061301_44
Cameron Payne (38202623),Dennis Schroder (38202599),Ausar Thompson (38202637),Tobias Harris (38202495),Karl-Anthony Towns (38202292),Ty Jerome (38202641),Draymond Green (38202436),Domantas Sabonis (38202306),297.09000000000003,392.45000000000005,50000,100.00%,8199,290.22%,0,228.06,$11.61,DET 3,NYK 2,user34,1,marvalshot,18085,4674061302_34
Scotty Pippen Jr. (38202583),Dennis Schroder (38202599),Ausar Thompson (38202637),Draymond Green (38202436),Karl-Anthony Towns (38202292),Cameron Payne (38202623),Deni Avdija (38202392),Anfernee Simons (38202456),302.32,394.3,49600,100.00%,47688,2126.08%,21,235.11,$85.04,DET 2,NYK 2,user30,1,marvalshot,17832,4674061296_30
Cameron Payne (38202623),Dennis Schroder (38202599),Jalen Williams (38202346),Kessler Edwards (38202707),Alperen Sengun (38202314),Mikal Bridges (38202444),Jaren Jackson Jr. (38202380),Scotty Pippen Jr. (38202583),291.5,383.35,49800,100.00%,26,117.99%,0,193.87,$4.72,NYK 2,MEM 2,user14,1,marvalshot,17864,4674061297_14
Dennis Schroder (38202599),Cameron Payne (38202623),Ausar Thompson (38202637),Dillon Brooks (38202554),Domantas Sabonis (38202306),Scotty Pippen Jr. (38202583),Deni Avdija (38202392),Alperen Sengun (38202314),300.53,396.63,49900,100.00%,37314,780.27%,1,219.25,$31.21,DET 2,HOU 2,user28,1,marvalshot,17925,4674061298_28
Dennis Schroder (38202599),Isaac Okoro (38202869),Jimmy Butler (38202331),Paolo Banchero (38202294),Jalen Duren (38202413),Cameron Payne (38202623),Gary Payton II (38202728),Deni Avdija (38202392),289.95000000000005,378.75,49800,100.00%,3,98.5%,0,164.24,$3.94,DET 2,GSW 2,user14,1,marvalshot,17960,4674061299_14
Scotty Pippen Jr. (38202583),Dennis Schroder (38202599),Ausar Thompson (38202637),Paolo Banchero (38202294),Onyeka Okongwu (38202398),Cameron Payne (38202623),Kessler Edwards (38202707),Karl-Anthony Towns (38202292),296.97,390.65000000000003,50000,100.00%,6308,268.4%,0,232.13,$10.74,DET 2,NYK 2,user28,1,marvalshot,18021,4674061300_28
Cameron Payne (38202623),Dennis Schroder (38202599),Tim Hardaway Jr. (38202761),Sandro Mamukelashvili (38202681),Karl-Anthony Towns (38202292),Fred VanVleet (38202469),Jaren Jackson Jr. (38202380),Alperen Sengun (38202314),295.15,390.63,49900,100.00%,2224,193.41%,0,180.56,$7.74,NYK 2,DET 2,user45,41,marvalshot,18045,4674061301_45
Cameron Payne (38202623),Dennis Schroder (38202599),Ausar Thompson (38202637),Tobias Harris (38202495),Alperen Sengun (38202314),Isaiah Collier (38202509),Josh Hart (38202376),Jaren Jackson Jr. (38202380),297.07000000000005,389.69000000000005,50000,100.00%,8270,288.55%,0,191.20000000000002,$11.54,DET 3,NYK 2,user20,1,marvalshot,18071,4674061302_20
Anfernee Simons (38202456),Dennis Schroder (38202599),Ausar Thompson (38202637),Deni Avdija (38202392),Karl-Anthony Towns (38202292),Gary Payton II (38202728),Jaren Jackson Jr. (38202380),Cameron Payne (38202623),302.18,396.33000000000004,49600,100.00%,47484,2097.81%,31,225.42000000000002,$83.91,POR 2,DET 2,user45,1,marvalshot,17846,4674061296_45
Trae Young (38202297),Dennis Schroder (38202599),Gary Payton II (38202728),Jaren Jackson Jr. (38202380),Karl-Anthony Towns (38202292),Ty Jerome (38202641),Max Strus (38202630),Scotty Pippen Jr. (38202583),291.40999999999997,390.16999999999996,49900,100.00%,28,117.37%,0,213.06,$4.69,MEM 2,CLE 2,user16,1,marvalshot,17866,4674061297_16
Dennis Schroder (38202599),Cameron Payne (38202623),Ausar Thompson (38202637),Deni Avdija (38202392),Bam Adebayo (38202361),Gary Payton II (38202728),Santi Aldama (38202453),Karl-Anthony Towns (38202292),300.46000000000004,393.58000000000004,50000,100.00%,37222,750.68%,1,214.14999999999998,$30.03,DET 2,NYK 2,user20,1,marvalshot,17917,4674061298_20
Dennis Schroder (38202599),Cameron Payne (38202623),Gary Payton II (38202728),Paolo Banchero (38202294),Jalen Duren (38202413),Collin Sexton (38202488),Jaren Jackson Jr. (38202380),Dillon Brooks (38202554),289.93,385.89,49200,100.00%,0,98.12%,0,171.5,$3.92,DET 2,NYK 1,user32,1,marvalshot,17978,4674061299_32
Scotty Pippen Jr. (38202583),Dennis Schroder (38202599),Ausar Thompson (38202637),Paolo Banchero (38202294),Walker Kessler (38202415),Cameron Payne (38202623),Santi Aldama (38202453),Jaren Jackson Jr. (38202380),296.96000000000004,395.54,49900,100.00%,6343,267.5%,0,222.91,$10.7,MEM 3,DET 2,user12,1,marvalshot,18006,4674061300_12
Cameron Payne (38202623),Dennis Schroder (38202599),Tim Hardaway Jr. (38202761),Sandro Mamukelashvili (38202681),Karl-Anthony Towns (38202292),Fred VanVleet (38202469),Jaren Jackson Jr. (38202380),Alperen Sengun (38202314),295.15,390.63,49900,100.00%,2224,193.41%,0,180.56,$7.74,NYK 2,DET 2,user46,41,marvalshot,18045,4674061301_46
Scotty Pippen Jr. (38202583),Dennis Schroder (38202599),Ausar Thompson (38202637),Tobias Harris (38202495),Karl-Anthony Towns (38202292),Mikal Bridges (38202444),Jimmy Butler (38202331),Cameron Payne (38202623),297.27,385.33,49900,100.00%,8014,285.04%,0,228.5,$11.4,DET 3,NYK 3,user16,1,marvalshot,18067,4674061302_16
Cameron Payne (38202623),Dennis Schroder (38202599),Ausar Thompson (38202637),OG Anunoby (38202428),Karl-Anthony Towns (38202292),Scotty Pippen Jr. (38202583),Deni Avdija (38202392),Keyonte George (38202472),302.28,394.27,49500,100.00%,47428,2093.24%,19,231.92000000000002,$83.73,NYK 3,DET 2,user35,1,marvalshot,17836,4674061296_35
Dyson Daniels (38202406),Dennis Schroder (38202599),Gary Payton II (38202728),Jaren Jackson Jr. (38202380),Bam Adebayo (38202361),Cameron Payne (38202623),Deni Avdija (38202392),Jonathan Kuminga (38202524),291.46000000000004,382.04,49700,100.00%,18,117.31%,0,171.07999999999998,$4.69,GSW 2,ATL 1,user27,1,marvalshot,17877,4674061297_27
Dennis Schroder (38202599),Cameron Payne (38202623),Ausar Thompson (38202637),Deni Avdija (38202392),Jaren Jackson Jr. (38202380),Scotty Pippen Jr. (38202583),Gary Payton II (38202728),Shai Gilgeous-Alexander (38202282),300.69000000000005,399.05000000000007,49400,100.00%,39838,747.93%,2,244.82,$29.92,DET 2,MEM 2,user49,1,marvalshot,17946,4674061298_49
Dennis Schroder (38202599),Collin Sexton (38202488),Andrew Wiggins (38202475),Paolo Banchero (38202294),Jalen Duren (38202413),Cameron Payne (38202623),OG Anunoby (38202428),Gary Payton II (38202728),289.84,380.77,49400,100.00%,4,97.42%,0,167.46,$3.9,DET 2,NYK 2,user20,1,marvalshot,17966,4674061299_20
Collin Sexton (38202488),Dennis Schroder (38202599),Ausar Thompson (38202637),Paolo Banchero (38202294),Alperen Sengun (38202314),Cameron Payne (38202623),Santi Aldama (38202453),Scotty Pippen Jr. (38202583),296.82,398.56,50000,100.00%,6154,265.48%,0,216.63,$10.62,DET 2,MEM 2,user18,1,marvalshot,18012,4674061300_18
Cameron Payne (38202623),Dennis Schroder (38202599),Tim Hardaway Jr. (38202761),Sandro Mamukelashvili (38202681),Karl-Anthony Towns (38202292),Fred VanVleet (38202469),Jaren Jackson Jr. (38202380),Alperen Sengun (38202314),295.15,390.63,49900,100.00%,2224,193.41%,0,180.56,$7.74,NYK 2,DET 2,user47,41,marvalshot,18045,4674061301_47
Keyonte George (38202472),Dennis Schroder (38202599),Ausar Thompson (38202637),Tobias Harris (38202495),Jaren Jackson Jr. (38202380),Tyler Herro (38202350),Deni Avdija (38202392),Cameron Payne (38202623),297.07,387.55,49600,100.00%,7966,279.54%,0,188.89,$11.18,DET 3,UTA 1,user9,1,marvalshot,18060,4674061302_9
Darius Garland (38202373),Dennis Schroder (38202599),Ausar Thompson (38202637),Deni Avdija (38202392),Karl-Anthony Towns (38202292),Cameron Payne (38202623),Jonathan Kuminga (38202524),Scotty Pippen Jr. (38202583),302.32,400.39,50000,100.00%,47470,2016.75%,6,229.84,$80.67,DET 2,NYK 2,user19,1,marvalshot,17822,4674061296_19
Cameron Payne (38202623),Dennis Schroder (38202599),Deni Avdija (38202392),Draymond Green (38202436),Onyeka Okongwu (38202398),Scotty Pippen Jr. (38202583),Kessler Edwards (38202707),Desmond Bane (38202319),291.38,376.78999999999996,49000,100.00%,32,116.84%,0,188.79000000000002,$4.67,MEM 2,NYK 1,user12,1,marvalshot,17862,4674061297_12
Dennis Schroder (38202599),Cameron Payne (38202623),Ausar Thompson (38202637),Jaren Jackson Jr. (38202380),Domantas Sabonis (38202306),Scotty Pippen Jr. (38202583),Kessler Edwards (38202707),Karl-Anthony Towns (38202292),300.44000000000005,398.57000000000005,49600,100.00%,37250,746.33%,0,241.34,$29.85,DET 2,NYK 2,user19,1,marvalshot,17916,4674061298_19
Dennis Schroder (38202599),Moses Moody (38202545),Mikal Bridges (38202444),Paolo Banchero (38202294),Jalen Duren (38202413),Cameron Payne (38202623),OG Anunoby (38202428),Scotty Pippen Jr. (38202583),289.75,374.74,49900,100.00%,2,96.55%,0,174.58,$3.86,NYK 3,DET 2,user12,1,marvalshot,17958,4674061299_12
Cameron Payne (38202623),Dennis Schroder (38202599),Ausar Thompson (38202637),Paolo Banchero (38202294),Karl-Anthony Towns (38202292),Gary Payton II (38202728),Max Strus (38202630),Jaren Jackson Jr. (38202380),296.87,391.81,49800,100.00%,5685,260.13%,0,215.35,$10.41,NYK 2,DET 2,user3,1,marvalshot,17998,4674061300_3
Cameron Payne (38202623),Dennis Schroder (38202599),Tim Hardaway Jr. (38202761),Sandro Mamukelashvili (38202681),Karl-Anthony Towns (38202292),Fred VanVleet (38202469),Jaren Jackson Jr. (38202380),Alperen Sengun (38202314),295.15,390.63,49900,100.00%,2224,193.41%,0,180.56,$7.74,NYK 2,DET 2,user48,41,marvalshot,18045,4674061301_48
Ty Jerome (38202641),Dennis Schroder (38202599),Ausar Thompson (38202637),Tobias Harris (38202495),Karl-Anthony Towns (38202292),Cameron Payne (38202623),Deni Avdija (38202392),Amen Thompson (38202356),297.15999999999997,389.94999999999993,50000,100.00%,7543,278.54%,0,233.41000000000003,$11.14,DET 3,NYK 2,user38,1,marvalshot,18089,4674061302_38
Scotty Pippen Jr. (38202583),Dennis Schroder (38202599),Ausar Thompson (38202637),Dillon Brooks (38202554),Jaren Jackson Jr. (38202380),Cameron Payne (38202623),Deni Avdija (38202392),Karl-Anthony Towns (38202292),302.33,395.98999999999995,49500,100.00%,48254,1673.48%,3,237.89999999999998,$66.94,MEM 2,DET 2,user13,1,marvalshot,17816,4674061296_13
Cameron Payne (38202623),Dennis Schroder (38202599),Deni Avdija (38202392),Santi Aldama (38202453),Evan Mobley (38202340),Gary Payton II (38202728),Dillon Brooks (38202554),Desmond Bane (38202319),291.23,379.66,49900,100.00%,36,115.28%,0,165.06,$4.61,MEM 2,NYK 1,user13,1,marvalshot,17863,4674061297_13
Dennis Schroder (38202599),Gary Payton II (38202728),Ausar Thompson (38202637),Dillon Brooks (38202554),Karl-Anthony Towns (38202292),Cameron Payne (38202623),Deni Avdija (38202392),Alperen Sengun (38202314),300.48,393.82000000000005,49600,100.00%,37719,703.65%,1,217.76,$28.15,DET 2,HOU 2,user41,1,marvalshot,17938,4674061298_41
Dennis Schroder (38202599),Cameron Payne (38202623),Jalen Williams (38202346),Paolo Banchero (38202294),Jalen Duren (38202413),Brandin Podziemski (38202465),Kessler Edwards (38202707),Scotty Pippen Jr. (38202583),289.72,380.8,49800,100.00%,0,95.79%,0,186.64,$3.83,DET 2,NYK 1,user15,1,marvalshot,17961,4674061299_15
Scotty Pippen Jr. (38202583),Dennis Schroder (38202599),Ausar Thompson (38202637),Paolo Banchero (38202294),Onyeka Okongwu (38202398),Cameron Payne (38202623),Kyle Filipowski (38202484),Deni Avdija (38202392),296.73,390.44000000000005,50000,100.00%,5450,254.84%,0,219.04,$10.19,DET 2,MEM 1,user15,1,marvalshot,18009,4674061300_15
Cameron Payne (38202623),Dennis Schroder (38202599),Tim Hardaway Jr. (38202761),Sandro Mamukelashvili (38202681),Karl-Anthony Towns (38202292),Fred VanVleet (38202469),Jaren Jackson Jr. (38202380),Alperen Sengun (38202314),295.15,390.63,49900,100.00%,2224,193.41%,0,180.56,$7.74,NYK 2,DET 2,user49,41,marvalshot,18045,4674061301_49
Cameron Payne (38202623),Dennis Schroder (38202599),Ausar Thompson (38202637),Tobias Harris (38202495),Jaren Jackson Jr. (38202380),Collin Sexton (38202488),Deni Avdija (38202392),Bam Adebayo (38202361),297.09,391.42999999999995,49400,100.00%,7597,274.71%,0,193.88000000000002,$10.99,DET 3,NYK 1,user25,1,marvalshot,18076,4674061302_25
