PG,SG,SF,PF,C,G,F,UTIL,Proj,Ceiling,Salary,Cash %,Top 1%,ROI%,Wins,Own Sum,Avg Return,Stack1,Stack2,Lineup,Dupes,User,Index,Entry ID
Shai Gilgeous-Alexander (38239580),Colby Jones (38239966),Kevin Huerter (38239725),LeBron James (38239587),Tristan Vukcevic (38239923),Davion Mitchell (38239876),Kyle Anderson (38240065),Tyler Herro (38239631),275.96230468749997,365.6827527760472,49900,100.00%,0,76.15%,0,221.79000000000002,$3.05,MIA 3,WAS 2,user,50,marvalshot,5079,4678344695
Davion Mitchell (38239876),Kevin Huerter (38239725),Jaylen Martin (38240062),LeBron James (38239587),Tristan Vukcevic (38239923),Josh Giddey (38239598),Jeremy Sochan (38239805),Bam Adebayo (38239623),279.0470399305556,362.8356971590834,49700,100.00%,79,112.4%,0,236.94,$4.5,MIA 2,CHI 2,user2,1,marvalshot,8750,4678344696_2
Shai Gilgeous-Alexander (38239580),Colby Jones (38239966),Jaylen Martin (38240062),Justin Champagnie (38239809),Tristan Vukcevic (38239923),Tyler Herro (38239631),Jeremy Sochan (38239805),LeBron James (38239587),285.6790581597223,376.7770236652031,49300,100.00%,23351,400.21%,0,270.9,$16.01,WAS 4,OKC 1,user,1,marvalshot,1365,4678344697
Shai Gilgeous-Alexander (38239580),Coby White (38239640),Justin Champagnie (38239809),Kyle Anderson (38240065),Tristan Vukcevic (38239923),Kevin Huerter (38239725),Jeremy Sochan (38239805),Tyler Herro (38239631),271.55075086805556,358.795280612208,49800,99.65%,0,45.97%,0,205.11,$1.84,CHI 2,WAS 2,user8,1,marvalshot,8759,4678344698_8
Tyler Herro (38239631),Carlton Carrington (38239793),Jaylen Martin (38240062),Bam Adebayo (38239623),Tristan Vukcevic (38239923),Kevin Huerter (38239725),LeBron James (38239587),Jeremy Sochan (38239805),284.32016927083333,368.7619510118801,49500,100.00%,12678,310.92%,0,237.5,$12.44,WAS 3,MIA 2,user1,1,marvalshot,8801,4678344699_1
Tyler Herro (38239631),Tyrese Martin (38239908),Jaylen Martin (38240062),LeBron James (38239587),Tristan Vukcevic (38239923),Shai Gilgeous-Alexander (38239580),Jeremy Sochan (38239805),Kai Jones (38239800),283.6833159722222,377.2045592979298,50000,100.00%,9386,255.22%,0,225.05,$10.21,WAS 2,MIA 1,user1,1,marvalshot,8806,4678344700_1
Tyler Herro (38239631),Colby Jones (38239966),LeBron James (38239587),Jeremy Sochan (38239805),Tristan Vukcevic (38239923),Josh Giddey (38239598),Kyle Anderson (38240065),Alexandre Sarr (38239686),289.63852430555556,378.15326186384567,49500,100.00%,48313,1596.82%,0,269.54,$63.87,WAS 3,MIA 2,user,1,marvalshot,1267,4678344701
Tyler Herro (38239631),Colby Jones (38239966),LeBron James (38239587),Bam Adebayo (38239623),Tristan Vukcevic (38239923),Josh Giddey (38239598),Kyle Anderson (38240065),Kenrich Williams (38239995),280.0610807291667,371.6965018846828,49900,100.00%,277,123.86%,0,245.43,$4.95,MIA 3,WAS 2,user,50,marvalshot,4202,4678344702
Tyler Herro (38239631),Pelle Larsson (38240216),LeBron James (38239587),Patrick Williams (38239940),Tristan Vukcevic (38239923),Davion Mitchell (38239876),Coby White (38239640),Bam Adebayo (38239623),278.1754296875,364.20729513564146,49900,100.00%,61,101.49%,0,178.15,$4.06,MIA 4,CHI 2,user6,1,marvalshot,8814,4678344703_6
Shai Gilgeous-Alexander (38239580),Colby Jones (38239966),Kevin Huerter (38239725),LeBron James (38239587),Tristan Vukcevic (38239923),Davion Mitchell (38239876),Kyle Anderson (38240065),Tyler Herro (38239631),275.96230468749997,365.6827527760472,49900,100.00%,0,76.15%,0,221.79000000000002,$3.05,MIA 3,WAS 2,user1,50,marvalshot,5079,4678344695_1
Davion Mitchell (38239876),Cason Wallace (38239919),Jaylen Martin (38240062),Jeremy Sochan (38239805),Tristan Vukcevic (38239923),Shai Gilgeous-Alexander (38239580),LeBron James (38239587),Bam Adebayo (38239623),278.2070399305556,369.1356971590834,49400,100.00%,36,101.98%,0,240.13,$4.08,MIA 2,OKC 2,user,1,marvalshot,5230,4678344696
Josh Giddey (38239598),Colby Jones (38239966),Jaylen Martin (38240062),Justin Champagnie (38239809),Tristan Vukcevic (38239923),Tyler Herro (38239631),LeBron James (38239587),Isaiah Hartenstein (38239684),284.06905815972226,372.15702366520304,49700,100.00%,10720,251.91%,0,234.61,$10.08,WAS 4,CHI 1,user1,49,marvalshot,8751,4678344697_1
Shai Gilgeous-Alexander (38239580),Kevin Huerter (38239725),Justin Champagnie (38239809),Kyle Anderson (38240065),Tristan Vukcevic (38239923),Josh Giddey (38239598),Patrick Williams (38239940),Tyler Herro (38239631),271.05075086805556,358.795280612208,49900,99.39%,0,42.35%,0,199.23000000000002,$1.69,CHI 3,WAS 2,user13,1,marvalshot,8764,4678344698_13
Tyler Herro (38239631),Carlton Carrington (38239793),Jaylen Martin (38240062),Bam Adebayo (38239623),Tristan Vukcevic (38239923),Josh Giddey (38239598),Jeremy Sochan (38239805),Isaiah Hartenstein (38239684),283.4601692708334,369.90195101188016,49600,100.00%,7854,256.06%,0,234.39000000000001,$10.24,WAS 3,MIA 2,user,1,marvalshot,1940,4678344699
Tyler Herro (38239631),Tyrese Martin (38239908),Jaylen Martin (38240062),Jeremy Sochan (38239805),Tristan Vukcevic (38239923),Josh Giddey (38239598),Kevin Huerter (38239725),LeBron James (38239587),283.3733159722222,366.2645592979298,49400,100.00%,6980,234.08%,0,240.10000000000002,$9.36,WAS 2,CHI 2,user2,1,marvalshot,8807,4678344700_2
Tyler Herro (38239631),Colby Jones (38239966),LeBron James (38239587),Sandro Mamukelashvili (38239955),Tristan Vukcevic (38239923),Shai Gilgeous-Alexander (38239580),Kyle Anderson (38240065),Alexandre Sarr (38239686),288.6785243055556,386.7632618638457,49900,100.00%,44550,843.12%,0,218.26000000000002,$33.72,WAS 3,MIA 2,user1,49,marvalshot,8808,4678344701_1
Tyler Herro (38239631),Colby Jones (38239966),LeBron James (38239587),Bam Adebayo (38239623),Tristan Vukcevic (38239923),Josh Giddey (38239598),Kyle Anderson (38240065),Kenrich Williams (38239995),280.0610807291667,371.6965018846828,49900,100.00%,277,123.86%,0,245.43,$4.95,MIA 3,WAS 2,user1,50,marvalshot,4202,4678344702_1
Tyler Herro (38239631),Pelle Larsson (38240216),Kevin Huerter (38239725),Jeremy Sochan (38239805),Tristan Vukcevic (38239923),Davion Mitchell (38239876),LeBron James (38239587),Bam Adebayo (38239623),278.0354296875,362.0672951356415,48700,100.00%,22,99.95%,0,223.09,$4.0,MIA 4,CHI 1,user8,1,marvalshot,8816,4678344703_8
Shai Gilgeous-Alexander (38239580),Colby Jones (38239966),Kevin Huerter (38239725),LeBron James (38239587),Tristan Vukcevic (38239923),Davion Mitchell (38239876),Kyle Anderson (38240065),Tyler Herro (38239631),275.96230468749997,365.6827527760472,49900,100.00%,0,76.15%,0,221.79000000000002,$3.05,MIA 3,WAS 2,user2,50,marvalshot,5079,4678344695_2
Davion Mitchell (38239876),Kevin Huerter (38239725),Jaylen Martin (38240062),Kenrich Williams (38239995),Tristan Vukcevic (38239923),Shai Gilgeous-Alexander (38239580),LeBron James (38239587),Bam Adebayo (38239623),277.0370399305556,367.1456971590834,49900,100.00%,14,87.45%,0,203.56,$3.5,MIA 2,WAS 2,user1,48,marvalshot,8749,4678344696_1
Josh Giddey (38239598),Colby Jones (38239966),Jaylen Martin (38240062),Justin Champagnie (38239809),Tristan Vukcevic (38239923),Tyler Herro (38239631),LeBron James (38239587),Isaiah Hartenstein (38239684),284.06905815972226,372.15702366520304,49700,100.00%,10720,251.91%,0,234.61,$10.08,WAS 4,CHI 1,user2,49,marvalshot,8751,4678344697_2
Shai Gilgeous-Alexander (38239580),Cason Wallace (38239919),Justin Champagnie (38239809),Kyle Anderson (38240065),Tristan Vukcevic (38239923),Josh Giddey (38239598),Jeremy Sochan (38239805),Tyler Herro (38239631),270.61075086805556,359.575280612208,49000,99.22%,0,39.5%,0,242.61,$1.58,OKC 2,WAS 2,user7,1,marvalshot,8758,4678344698_7
Tyler Herro (38239631),Carlton Carrington (38239793),Jaylen Martin (38240062),Bam Adebayo (38239623),Tristan Vukcevic (38239923),Shai Gilgeous-Alexander (38239580),Sandro Mamukelashvili (38239955),Isaiah Hartenstein (38239684),282.50016927083334,378.5119510118801,50000,100.00%,4675,199.52%,0,183.11,$7.98,WAS 3,MIA 2,user3,1,marvalshot,8803,4678344699_3
Tyler Herro (38239631),Tyrese Martin (38239908),Jaylen Martin (38240062),Patrick Williams (38239940),Tristan Vukcevic (38239923),Kevin Huerter (38239725),LeBron James (38239587),Shai Gilgeous-Alexander (38239580),282.9733159722222,371.78455929792983,50000,100.00%,6117,204.85%,0,199.91000000000003,$8.19,WAS 2,CHI 2,user3,48,marvalshot,2909,4678344700_3
Tyler Herro (38239631),Colby Jones (38239966),LeBron James (38239587),Sandro Mamukelashvili (38239955),Tristan Vukcevic (38239923),Shai Gilgeous-Alexander (38239580),Kyle Anderson (38240065),Alexandre Sarr (38239686),288.6785243055556,386.7632618638457,49900,100.00%,44550,843.12%,0,218.26000000000002,$33.72,WAS 3,MIA 2,user2,49,marvalshot,8808,4678344701_2
Tyler Herro (38239631),Colby Jones (38239966),LeBron James (38239587),Bam Adebayo (38239623),Tristan Vukcevic (38239923),Josh Giddey (38239598),Kyle Anderson (38240065),Kenrich Williams (38239995),280.0610807291667,371.6965018846828,49900,100.00%,277,123.86%,0,245.43,$4.95,MIA 3,WAS 2,user2,50,marvalshot,4202,4678344702_2
Tyler Herro (38239631),Pelle Larsson (38240216),Coby White (38239640),LeBron James (38239587),Tristan Vukcevic (38239923),Davion Mitchell (38239876),Sandro Mamukelashvili (38239955),Bam Adebayo (38239623),277.6154296875,367.29729513564143,49700,100.00%,48,94.87%,0,167.06,$3.79,MIA 4,CHI 1,user3,1,marvalshot,8811,4678344703_3
Shai Gilgeous-Alexander (38239580),Colby Jones (38239966),Kevin Huerter (38239725),LeBron James (38239587),Tristan Vukcevic (38239923),Davion Mitchell (38239876),Kyle Anderson (38240065),Tyler Herro (38239631),275.96230468749997,365.6827527760472,49900,100.00%,0,76.15%,0,221.79000000000002,$3.05,MIA 3,WAS 2,user3,50,marvalshot,5079,4678344695_3
Davion Mitchell (38239876),Kevin Huerter (38239725),Jaylen Martin (38240062),Kenrich Williams (38239995),Tristan Vukcevic (38239923),Shai Gilgeous-Alexander (38239580),LeBron James (38239587),Bam Adebayo (38239623),277.0370399305556,367.1456971590834,49900,100.00%,14,87.45%,0,203.56,$3.5,MIA 2,WAS 2,user3,48,marvalshot,8749,4678344696_3
Josh Giddey (38239598),Colby Jones (38239966),Jaylen Martin (38240062),Justin Champagnie (38239809),Tristan Vukcevic (38239923),Tyler Herro (38239631),LeBron James (38239587),Isaiah Hartenstein (38239684),284.06905815972226,372.15702366520304,49700,100.00%,10720,251.91%,0,234.61,$10.08,WAS 4,CHI 1,user3,49,marvalshot,8751,4678344697_3
Shai Gilgeous-Alexander (38239580),Kevin Huerter (38239725),Justin Champagnie (38239809),Kyle Anderson (38240065),Tristan Vukcevic (38239923),Josh Giddey (38239598),Sandro Mamukelashvili (38239955),Tyler Herro (38239631),270.49075086805556,361.885280612208,49700,98.75%,0,36.3%,0,188.14000000000001,$1.45,CHI 2,WAS 2,user37,1,marvalshot,8788,4678344698_37
Tyler Herro (38239631),Carlton Carrington (38239793),Jaylen Martin (38240062),Bam Adebayo (38239623),Tristan Vukcevic (38239923),Cason Wallace (38239919),LeBron James (38239587),Isaiah Hartenstein (38239684),281.87016927083334,370.4419510118801,49600,100.00%,2502,171.47%,0,204.4,$6.86,WAS 3,MIA 2,user4,1,marvalshot,8804,4678344699_4
Tyler Herro (38239631),Tyrese Martin (38239908),Jaylen Martin (38240062),Patrick Williams (38239940),Tristan Vukcevic (38239923),Kevin Huerter (38239725),LeBron James (38239587),Shai Gilgeous-Alexander (38239580),282.9733159722222,371.78455929792983,50000,100.00%,6117,204.85%,0,199.91000000000003,$8.19,WAS 2,CHI 2,user4,48,marvalshot,2909,4678344700_4
Tyler Herro (38239631),Colby Jones (38239966),LeBron James (38239587),Sandro Mamukelashvili (38239955),Tristan Vukcevic (38239923),Shai Gilgeous-Alexander (38239580),Kyle Anderson (38240065),Alexandre Sarr (38239686),288.6785243055556,386.7632618638457,49900,100.00%,44550,843.12%,0,218.26000000000002,$33.72,WAS 3,MIA 2,user3,49,marvalshot,8808,4678344701_3
Tyler Herro (38239631),Colby Jones (38239966),LeBron James (38239587),Bam Adebayo (38239623),Tristan Vukcevic (38239923),Josh Giddey (38239598),Kyle Anderson (38240065),Kenrich Williams (38239995),280.0610807291667,371.6965018846828,49900,100.00%,277,123.86%,0,245.43,$4.95,MIA 3,WAS 2,user3,50,marvalshot,4202,4678344702_3
Tyler Herro (38239631),Pelle Larsson (38240216),LeBron James (38239587),Patrick Williams (38239940),Tristan Vukcevic (38239923),Davion Mitchell (38239876),Pascal Siakam (38239649),Bam Adebayo (38239623),277.1254296875,365.1272951356415,49800,100.00%,16,89.0%,0,179.88,$3.56,MIA 4,LAL 1,user4,1,marvalshot,8812,4678344703_4
Shai Gilgeous-Alexander (38239580),Colby Jones (38239966),Kevin Huerter (38239725),LeBron James (38239587),Tristan Vukcevic (38239923),Davion Mitchell (38239876),Kyle Anderson (38240065),Tyler Herro (38239631),275.96230468749997,365.6827527760472,49900,100.00%,0,76.15%,0,221.79000000000002,$3.05,MIA 3,WAS 2,user4,50,marvalshot,5079,4678344695_4
Davion Mitchell (38239876),Kevin Huerter (38239725),Jaylen Martin (38240062),Kenrich Williams (38239995),Tristan Vukcevic (38239923),Shai Gilgeous-Alexander (38239580),LeBron James (38239587),Bam Adebayo (38239623),277.0370399305556,367.1456971590834,49900,100.00%,14,87.45%,0,203.56,$3.5,MIA 2,WAS 2,user4,48,marvalshot,8749,4678344696_4
Josh Giddey (38239598),Colby Jones (38239966),Jaylen Martin (38240062),Justin Champagnie (38239809),Tristan Vukcevic (38239923),Tyler Herro (38239631),LeBron James (38239587),Isaiah Hartenstein (38239684),284.06905815972226,372.15702366520304,49700,100.00%,10720,251.91%,0,234.61,$10.08,WAS 4,CHI 1,user4,49,marvalshot,8751,4678344697_4
Cason Wallace (38239919),Kevin Huerter (38239725),Justin Champagnie (38239809),Kyle Anderson (38240065),Tristan Vukcevic (38239923),Josh Giddey (38239598),LeBron James (38239587),Tyler Herro (38239631),269.86075086805556,353.815280612208,49300,97.97%,0,30.3%,0,209.43,$1.21,CHI 2,WAS 2,user49,1,marvalshot,8800,4678344698_49
Tyler Herro (38239631),Carlton Carrington (38239793),Jaylen Martin (38240062),Bam Adebayo (38239623),Tristan Vukcevic (38239923),Josh Giddey (38239598),Jeremy Sochan (38239805),Myles Turner (38239692),281.4501692708334,364.5519510118802,49400,100.00%,1578,162.17%,0,230.14000000000001,$6.49,WAS 3,MIA 2,user2,1,marvalshot,8802,4678344699_2
Tyler Herro (38239631),Tyrese Martin (38239908),Jaylen Martin (38240062),Patrick Williams (38239940),Tristan Vukcevic (38239923),Kevin Huerter (38239725),LeBron James (38239587),Shai Gilgeous-Alexander (38239580),282.9733159722222,371.78455929792983,50000,100.00%,6117,204.85%,0,199.91000000000003,$8.19,WAS 2,CHI 2,user5,48,marvalshot,2909,4678344700_5
Tyler Herro (38239631),Colby Jones (38239966),LeBron James (38239587),Sandro Mamukelashvili (38239955),Tristan Vukcevic (38239923),Shai Gilgeous-Alexander (38239580),Kyle Anderson (38240065),Alexandre Sarr (38239686),288.6785243055556,386.7632618638457,49900,100.00%,44550,843.12%,0,218.26000000000002,$33.72,WAS 3,MIA 2,user4,49,marvalshot,8808,4678344701_4
Tyler Herro (38239631),Colby Jones (38239966),LeBron James (38239587),Bam Adebayo (38239623),Tristan Vukcevic (38239923),Josh Giddey (38239598),Kyle Anderson (38240065),Kenrich Williams (38239995),280.0610807291667,371.6965018846828,49900,100.00%,277,123.86%,0,245.43,$4.95,MIA 3,WAS 2,user4,50,marvalshot,4202,4678344702_4
Tyler Herro (38239631),Pelle Larsson (38240216),LeBron James (38239587),Jaren Jackson Jr. (38239645),Tristan Vukcevic (38239923),Davion Mitchell (38239876),Patrick Williams (38239940),Bam Adebayo (38239623),276.5554296875,364.95729513564146,49800,100.00%,4,82.74%,0,181.08999999999997,$3.31,MIA 4,LAL 1,user2,1,marvalshot,8810,4678344703_2
Shai Gilgeous-Alexander (38239580),Colby Jones (38239966),Kevin Huerter (38239725),LeBron James (38239587),Tristan Vukcevic (38239923),Davion Mitchell (38239876),Kyle Anderson (38240065),Tyler Herro (38239631),275.96230468749997,365.6827527760472,49900,100.00%,0,76.15%,0,221.79000000000002,$3.05,MIA 3,WAS 2,user5,50,marvalshot,5079,4678344695_5
Davion Mitchell (38239876),Kevin Huerter (38239725),Jaylen Martin (38240062),Kenrich Williams (38239995),Tristan Vukcevic (38239923),Shai Gilgeous-Alexander (38239580),LeBron James (38239587),Bam Adebayo (38239623),277.0370399305556,367.1456971590834,49900,100.00%,14,87.45%,0,203.56,$3.5,MIA 2,WAS 2,user5,48,marvalshot,8749,4678344696_5
Josh Giddey (38239598),Colby Jones (38239966),Jaylen Martin (38240062),Justin Champagnie (38239809),Tristan Vukcevic (38239923),Tyler Herro (38239631),LeBron James (38239587),Isaiah Hartenstein (38239684),284.06905815972226,372.15702366520304,49700,100.00%,10720,251.91%,0,234.61,$10.08,WAS 4,CHI 1,user5,49,marvalshot,8751,4678344697_5
Stephon Castle (38239688),Cason Wallace (38239919),Justin Champagnie (38239809),Kyle Anderson (38240065),Tristan Vukcevic (38239923),Josh Giddey (38239598),LeBron James (38239587),Tyler Herro (38239631),269.89075086805553,358.305280612208,50000,97.70%,0,29.12%,0,199.31,$1.16,WAS 2,MIA 2,user24,1,marvalshot,8775,4678344698_24
Tyler Herro (38239631),Carlton Carrington (38239793),Jaylen Martin (38240062),Bam Adebayo (38239623),Tristan Vukcevic (38239923),Shai Gilgeous-Alexander (38239580),Kenrich Williams (38239995),Isaiah Hartenstein (38239684),281.4501692708333,374.2119510118801,49800,100.00%,1781,155.62%,0,201.01,$6.22,WAS 3,OKC 3,user5,45,marvalshot,8805,4678344699_5
Tyler Herro (38239631),Tyrese Martin (38239908),Jaylen Martin (38240062),Patrick Williams (38239940),Tristan Vukcevic (38239923),Kevin Huerter (38239725),LeBron James (38239587),Shai Gilgeous-Alexander (38239580),282.9733159722222,371.78455929792983,50000,100.00%,6117,204.85%,0,199.91000000000003,$8.19,WAS 2,CHI 2,user6,48,marvalshot,2909,4678344700_6
Tyler Herro (38239631),Colby Jones (38239966),LeBron James (38239587),Sandro Mamukelashvili (38239955),Tristan Vukcevic (38239923),Shai Gilgeous-Alexander (38239580),Kyle Anderson (38240065),Alexandre Sarr (38239686),288.6785243055556,386.7632618638457,49900,100.00%,44550,843.12%,0,218.26000000000002,$33.72,WAS 3,MIA 2,user5,49,marvalshot,8808,4678344701_5
Tyler Herro (38239631),Colby Jones (38239966),LeBron James (38239587),Bam Adebayo (38239623),Tristan Vukcevic (38239923),Josh Giddey (38239598),Kyle Anderson (38240065),Kenrich Williams (38239995),280.0610807291667,371.6965018846828,49900,100.00%,277,123.86%,0,245.43,$4.95,MIA 3,WAS 2,user5,50,marvalshot,4202,4678344702_5
Tyler Herro (38239631),Pelle Larsson (38240216),LeBron James (38239587),Sandro Mamukelashvili (38239955),Tristan Vukcevic (38239923),Davion Mitchell (38239876),Pascal Siakam (38239649),Bam Adebayo (38239623),276.5654296875,368.21729513564145,49600,100.00%,11,82.66%,0,168.79,$3.31,MIA 4,LAL 1,user5,1,marvalshot,8813,4678344703_5
Shai Gilgeous-Alexander (38239580),Colby Jones (38239966),Kevin Huerter (38239725),LeBron James (38239587),Tristan Vukcevic (38239923),Davion Mitchell (38239876),Kyle Anderson (38240065),Tyler Herro (38239631),275.96230468749997,365.6827527760472,49900,100.00%,0,76.15%,0,221.79000000000002,$3.05,MIA 3,WAS 2,user6,50,marvalshot,5079,4678344695_6
Davion Mitchell (38239876),Kevin Huerter (38239725),Jaylen Martin (38240062),Kenrich Williams (38239995),Tristan Vukcevic (38239923),Shai Gilgeous-Alexander (38239580),LeBron James (38239587),Bam Adebayo (38239623),277.0370399305556,367.1456971590834,49900,100.00%,14,87.45%,0,203.56,$3.5,MIA 2,WAS 2,user6,48,marvalshot,8749,4678344696_6
Josh Giddey (38239598),Colby Jones (38239966),Jaylen Martin (38240062),Justin Champagnie (38239809),Tristan Vukcevic (38239923),Tyler Herro (38239631),LeBron James (38239587),Isaiah Hartenstein (38239684),284.06905815972226,372.15702366520304,49700,100.00%,10720,251.91%,0,234.61,$10.08,WAS 4,CHI 1,user6,49,marvalshot,8751,4678344697_6
Josh Giddey (38239598),Aaron Nesmith (38239830),Justin Champagnie (38239809),Kyle Anderson (38240065),Tristan Vukcevic (38239923),Shai Gilgeous-Alexander (38239580),Jeremy Sochan (38239805),Tyler Herro (38239631),269.6507508680556,359.43528061220803,49700,97.41%,0,27.06%,0,228.35,$1.08,WAS 2,MIA 2,user2,1,marvalshot,8753,4678344698_2
Tyler Herro (38239631),Carlton Carrington (38239793),Jaylen Martin (38240062),Bam Adebayo (38239623),Tristan Vukcevic (38239923),Shai Gilgeous-Alexander (38239580),Kenrich Williams (38239995),Isaiah Hartenstein (38239684),281.4501692708333,374.2119510118801,49800,100.00%,1781,155.62%,0,201.01,$6.22,WAS 3,OKC 3,user6,45,marvalshot,8805,4678344699_6
Tyler Herro (38239631),Tyrese Martin (38239908),Jaylen Martin (38240062),Patrick Williams (38239940),Tristan Vukcevic (38239923),Kevin Huerter (38239725),LeBron James (38239587),Shai Gilgeous-Alexander (38239580),282.9733159722222,371.78455929792983,50000,100.00%,6117,204.85%,0,199.91000000000003,$8.19,WAS 2,CHI 2,user7,48,marvalshot,2909,4678344700_7
Tyler Herro (38239631),Colby Jones (38239966),LeBron James (38239587),Sandro Mamukelashvili (38239955),Tristan Vukcevic (38239923),Shai Gilgeous-Alexander (38239580),Kyle Anderson (38240065),Alexandre Sarr (38239686),288.6785243055556,386.7632618638457,49900,100.00%,44550,843.12%,0,218.26000000000002,$33.72,WAS 3,MIA 2,user6,49,marvalshot,8808,4678344701_6
Tyler Herro (38239631),Colby Jones (38239966),LeBron James (38239587),Bam Adebayo (38239623),Tristan Vukcevic (38239923),Josh Giddey (38239598),Kyle Anderson (38240065),Kenrich Williams (38239995),280.0610807291667,371.6965018846828,49900,100.00%,277,123.86%,0,245.43,$4.95,MIA 3,WAS 2,user6,50,marvalshot,4202,4678344702_6
Tyler Herro (38239631),Pelle Larsson (38240216),Coby White (38239640),LeBron James (38239587),Tristan Vukcevic (38239923),Davion Mitchell (38239876),Kenrich Williams (38239995),Bam Adebayo (38239623),276.5654296875,362.9972951356415,49500,100.00%,6,82.5%,0,184.95999999999998,$3.3,MIA 4,CHI 1,user7,1,marvalshot,8815,4678344703_7
Shai Gilgeous-Alexander (38239580),Colby Jones (38239966),Kevin Huerter (38239725),LeBron James (38239587),Tristan Vukcevic (38239923),Davion Mitchell (38239876),Kyle Anderson (38240065),Tyler Herro (38239631),275.96230468749997,365.6827527760472,49900,100.00%,0,76.15%,0,221.79000000000002,$3.05,MIA 3,WAS 2,user7,50,marvalshot,5079,4678344695_7
Davion Mitchell (38239876),Kevin Huerter (38239725),Jaylen Martin (38240062),Kenrich Williams (38239995),Tristan Vukcevic (38239923),Shai Gilgeous-Alexander (38239580),LeBron James (38239587),Bam Adebayo (38239623),277.0370399305556,367.1456971590834,49900,100.00%,14,87.45%,0,203.56,$3.5,MIA 2,WAS 2,user7,48,marvalshot,8749,4678344696_7
Josh Giddey (38239598),Colby Jones (38239966),Jaylen Martin (38240062),Justin Champagnie (38239809),Tristan Vukcevic (38239923),Tyler Herro (38239631),LeBron James (38239587),Isaiah Hartenstein (38239684),284.06905815972226,372.15702366520304,49700,100.00%,10720,251.91%,0,234.61,$10.08,WAS 4,CHI 1,user7,49,marvalshot,8751,4678344697_7
Shai Gilgeous-Alexander (38239580),Kevin Huerter (38239725),Justin Champagnie (38239809),Kyle Anderson (38240065),Tristan Vukcevic (38239923),Josh Giddey (38239598),Kenrich Williams (38239995),Tyler Herro (38239631),269.44075086805555,357.585280612208,49500,97.02%,0,23.43%,0,206.04000000000002,$0.94,OKC 2,CHI 2,user32,1,marvalshot,8783,4678344698_32
Tyler Herro (38239631),Carlton Carrington (38239793),Jaylen Martin (38240062),Bam Adebayo (38239623),Tristan Vukcevic (38239923),Shai Gilgeous-Alexander (38239580),Kenrich Williams (38239995),Isaiah Hartenstein (38239684),281.4501692708333,374.2119510118801,49800,100.00%,1781,155.62%,0,201.01,$6.22,WAS 3,OKC 3,user7,45,marvalshot,8805,4678344699_7
Tyler Herro (38239631),Tyrese Martin (38239908),Jaylen Martin (38240062),Patrick Williams (38239940),Tristan Vukcevic (38239923),Kevin Huerter (38239725),LeBron James (38239587),Shai Gilgeous-Alexander (38239580),282.9733159722222,371.78455929792983,50000,100.00%,6117,204.85%,0,199.91000000000003,$8.19,WAS 2,CHI 2,user8,48,marvalshot,2909,4678344700_8
Tyler Herro (38239631),Colby Jones (38239966),LeBron James (38239587),Sandro Mamukelashvili (38239955),Tristan Vukcevic (38239923),Shai Gilgeous-Alexander (38239580),Kyle Anderson (38240065),Alexandre Sarr (38239686),288.6785243055556,386.7632618638457,49900,100.00%,44550,843.12%,0,218.26000000000002,$33.72,WAS 3,MIA 2,user7,49,marvalshot,8808,4678344701_7
Tyler Herro (38239631),Colby Jones (38239966),LeBron James (38239587),Bam Adebayo (38239623),Tristan Vukcevic (38239923),Josh Giddey (38239598),Kyle Anderson (38240065),Kenrich Williams (38239995),280.0610807291667,371.6965018846828,49900,100.00%,277,123.86%,0,245.43,$4.95,MIA 3,WAS 2,user7,50,marvalshot,4202,4678344702_7
Tyler Herro (38239631),Pelle Larsson (38240216),Devin Vassell (38239679),LeBron James (38239587),Tristan Vukcevic (38239923),Davion Mitchell (38239876),Jeremy Sochan (38239805),Bam Adebayo (38239623),276.3854296875,362.35729513564144,49700,100.00%,1,80.92%,0,210.74,$3.24,MIA 4,SAS 2,user,1,marvalshot,5050,4678344703
Shai Gilgeous-Alexander (38239580),Colby Jones (38239966),Kevin Huerter (38239725),LeBron James (38239587),Tristan Vukcevic (38239923),Davion Mitchell (38239876),Kyle Anderson (38240065),Tyler Herro (38239631),275.96230468749997,365.6827527760472,49900,100.00%,0,76.15%,0,221.79000000000002,$3.05,MIA 3,WAS 2,user8,50,marvalshot,5079,4678344695_8
Davion Mitchell (38239876),Kevin Huerter (38239725),Jaylen Martin (38240062),Kenrich Williams (38239995),Tristan Vukcevic (38239923),Shai Gilgeous-Alexander (38239580),LeBron James (38239587),Bam Adebayo (38239623),277.0370399305556,367.1456971590834,49900,100.00%,14,87.45%,0,203.56,$3.5,MIA 2,WAS 2,user8,48,marvalshot,8749,4678344696_8
Josh Giddey (38239598),Colby Jones (38239966),Jaylen Martin (38240062),Justin Champagnie (38239809),Tristan Vukcevic (38239923),Tyler Herro (38239631),LeBron James (38239587),Isaiah Hartenstein (38239684),284.06905815972226,372.15702366520304,49700,100.00%,10720,251.91%,0,234.61,$10.08,WAS 4,CHI 1,user8,49,marvalshot,8751,4678344697_8
Josh Giddey (38239598),Aaron Nesmith (38239830),Justin Champagnie (38239809),Kyle Anderson (38240065),Tristan Vukcevic (38239923),Kevin Huerter (38239725),LeBron James (38239587),Tyler Herro (38239631),268.9007508680555,353.675280612208,50000,94.86%,0,13.96%,0,195.17,$0.56,CHI 2,WAS 2,user26,1,marvalshot,8777,4678344698_26
Tyler Herro (38239631),Carlton Carrington (38239793),Jaylen Martin (38240062),Bam Adebayo (38239623),Tristan Vukcevic (38239923),Shai Gilgeous-Alexander (38239580),Kenrich Williams (38239995),Isaiah Hartenstein (38239684),281.4501692708333,374.2119510118801,49800,100.00%,1781,155.62%,0,201.01,$6.22,WAS 3,OKC 3,user8,45,marvalshot,8805,4678344699_8
Tyler Herro (38239631),Tyrese Martin (38239908),Jaylen Martin (38240062),Patrick Williams (38239940),Tristan Vukcevic (38239923),Kevin Huerter (38239725),LeBron James (38239587),Shai Gilgeous-Alexander (38239580),282.9733159722222,371.78455929792983,50000,100.00%,6117,204.85%,0,199.91000000000003,$8.19,WAS 2,CHI 2,user9,48,marvalshot,2909,4678344700_9
Tyler Herro (38239631),Colby Jones (38239966),LeBron James (38239587),Sandro Mamukelashvili (38239955),Tristan Vukcevic (38239923),Shai Gilgeous-Alexander (38239580),Kyle Anderson (38240065),Alexandre Sarr (38239686),288.6785243055556,386.7632618638457,49900,100.00%,44550,843.12%,0,218.26000000000002,$33.72,WAS 3,MIA 2,user8,49,marvalshot,8808,4678344701_8
Tyler Herro (38239631),Colby Jones (38239966),LeBron James (38239587),Bam Adebayo (38239623),Tristan Vukcevic (38239923),Josh Giddey (38239598),Kyle Anderson (38240065),Kenrich Williams (38239995),280.0610807291667,371.6965018846828,49900,100.00%,277,123.86%,0,245.43,$4.95,MIA 3,WAS 2,user8,50,marvalshot,4202,4678344702_8
Tyler Herro (38239631),Pelle Larsson (38240216),Jalen Williams (38239627),Kenrich Williams (38239995),Tristan Vukcevic (38239923),Davion Mitchell (38239876),LeBron James (38239587),Bam Adebayo (38239623),276.3854296875,366.14729513564146,49900,100.00%,3,80.17%,0,185.59,$3.21,MIA 4,OKC 2,user1,42,marvalshot,8809,4678344703_1
Shai Gilgeous-Alexander (38239580),Colby Jones (38239966),Kevin Huerter (38239725),LeBron James (38239587),Tristan Vukcevic (38239923),Davion Mitchell (38239876),Kyle Anderson (38240065),Tyler Herro (38239631),275.96230468749997,365.6827527760472,49900,100.00%,0,76.15%,0,221.79000000000002,$3.05,MIA 3,WAS 2,user9,50,marvalshot,5079,4678344695_9
Davion Mitchell (38239876),Kevin Huerter (38239725),Jaylen Martin (38240062),Kenrich Williams (38239995),Tristan Vukcevic (38239923),Shai Gilgeous-Alexander (38239580),LeBron James (38239587),Bam Adebayo (38239623),277.0370399305556,367.1456971590834,49900,100.00%,14,87.45%,0,203.56,$3.5,MIA 2,WAS 2,user9,48,marvalshot,8749,4678344696_9
Josh Giddey (38239598),Colby Jones (38239966),Jaylen Martin (38240062),Justin Champagnie (38239809),Tristan Vukcevic (38239923),Tyler Herro (38239631),LeBron James (38239587),Isaiah Hartenstein (38239684),284.06905815972226,372.15702366520304,49700,100.00%,10720,251.91%,0,234.61,$10.08,WAS 4,CHI 1,user9,49,marvalshot,8751,4678344697_9
Josh Giddey (38239598),Luguentz Dort (38239822),Justin Champagnie (38239809),Kyle Anderson (38240065),Tristan Vukcevic (38239923),Shai Gilgeous-Alexander (38239580),Jeremy Sochan (38239805),Tyler Herro (38239631),268.18075086805555,356.645280612208,49700,91.26%,0,-0.68%,0,224.54,$-0.03,OKC 2,WAS 2,user23,1,marvalshot,8774,4678344698_23
Tyler Herro (38239631),Carlton Carrington (38239793),Jaylen Martin (38240062),Bam Adebayo (38239623),Tristan Vukcevic (38239923),Shai Gilgeous-Alexander (38239580),Kenrich Williams (38239995),Isaiah Hartenstein (38239684),281.4501692708333,374.2119510118801,49800,100.00%,1781,155.62%,0,201.01,$6.22,WAS 3,OKC 3,user9,45,marvalshot,8805,4678344699_9
Tyler Herro (38239631),Tyrese Martin (38239908),Jaylen Martin (38240062),Patrick Williams (38239940),Tristan Vukcevic (38239923),Kevin Huerter (38239725),LeBron James (38239587),Shai Gilgeous-Alexander (38239580),282.9733159722222,371.78455929792983,50000,100.00%,6117,204.85%,0,199.91000000000003,$8.19,WAS 2,CHI 2,user10,48,marvalshot,2909,4678344700_10
Tyler Herro (38239631),Colby Jones (38239966),LeBron James (38239587),Sandro Mamukelashvili (38239955),Tristan Vukcevic (38239923),Shai Gilgeous-Alexander (38239580),Kyle Anderson (38240065),Alexandre Sarr (38239686),288.6785243055556,386.7632618638457,49900,100.00%,44550,843.12%,0,218.26000000000002,$33.72,WAS 3,MIA 2,user9,49,marvalshot,8808,4678344701_9
Tyler Herro (38239631),Colby Jones (38239966),LeBron James (38239587),Bam Adebayo (38239623),Tristan Vukcevic (38239923),Josh Giddey (38239598),Kyle Anderson (38240065),Kenrich Williams (38239995),280.0610807291667,371.6965018846828,49900,100.00%,277,123.86%,0,245.43,$4.95,MIA 3,WAS 2,user9,50,marvalshot,4202,4678344702_9
Tyler Herro (38239631),Pelle Larsson (38240216),Jalen Williams (38239627),Kenrich Williams (38239995),Tristan Vukcevic (38239923),Davion Mitchell (38239876),LeBron James (38239587),Bam Adebayo (38239623),276.3854296875,366.14729513564146,49900,100.00%,3,80.17%,0,185.59,$3.21,MIA 4,OKC 2,user9,42,marvalshot,8809,4678344703_9
Shai Gilgeous-Alexander (38239580),Colby Jones (38239966),Kevin Huerter (38239725),LeBron James (38239587),Tristan Vukcevic (38239923),Davion Mitchell (38239876),Kyle Anderson (38240065),Tyler Herro (38239631),275.96230468749997,365.6827527760472,49900,100.00%,0,76.15%,0,221.79000000000002,$3.05,MIA 3,WAS 2,user10,50,marvalshot,5079,4678344695_10
Davion Mitchell (38239876),Kevin Huerter (38239725),Jaylen Martin (38240062),Kenrich Williams (38239995),Tristan Vukcevic (38239923),Shai Gilgeous-Alexander (38239580),LeBron James (38239587),Bam Adebayo (38239623),277.0370399305556,367.1456971590834,49900,100.00%,14,87.45%,0,203.56,$3.5,MIA 2,WAS 2,user10,48,marvalshot,8749,4678344696_10
Josh Giddey (38239598),Colby Jones (38239966),Jaylen Martin (38240062),Justin Champagnie (38239809),Tristan Vukcevic (38239923),Tyler Herro (38239631),LeBron James (38239587),Isaiah Hartenstein (38239684),284.06905815972226,372.15702366520304,49700,100.00%,10720,251.91%,0,234.61,$10.08,WAS 4,CHI 1,user10,49,marvalshot,8751,4678344697_10
Shai Gilgeous-Alexander (38239580),Aaron Nesmith (38239830),Justin Champagnie (38239809),Kyle Anderson (38240065),Tristan Vukcevic (38239923),Chris Paul (38239879),LeBron James (38239587),Tyler Herro (38239631),267.49075086805556,362.025280612208,50000,85.11%,0,-16.43%,0,184.64,$-0.66,WAS 2,MIA 2,user44,1,marvalshot,8795,4678344698_44
Tyler Herro (38239631),Carlton Carrington (38239793),Jaylen Martin (38240062),Bam Adebayo (38239623),Tristan Vukcevic (38239923),Shai Gilgeous-Alexander (38239580),Kenrich Williams (38239995),Isaiah Hartenstein (38239684),281.4501692708333,374.2119510118801,49800,100.00%,1781,155.62%,0,201.01,$6.22,WAS 3,OKC 3,user10,45,marvalshot,8805,4678344699_10
Tyler Herro (38239631),Tyrese Martin (38239908),Jaylen Martin (38240062),Patrick Williams (38239940),Tristan Vukcevic (38239923),Kevin Huerter (38239725),LeBron James (38239587),Shai Gilgeous-Alexander (38239580),282.9733159722222,371.78455929792983,50000,100.00%,6117,204.85%,0,199.91000000000003,$8.19,WAS 2,CHI 2,user11,48,marvalshot,2909,4678344700_11
Tyler Herro (38239631),Colby Jones (38239966),LeBron James (38239587),Sandro Mamukelashvili (38239955),Tristan Vukcevic (38239923),Shai Gilgeous-Alexander (38239580),Kyle Anderson (38240065),Alexandre Sarr (38239686),288.6785243055556,386.7632618638457,49900,100.00%,44550,843.12%,0,218.26000000000002,$33.72,WAS 3,MIA 2,user10,49,marvalshot,8808,4678344701_10
Tyler Herro (38239631),Colby Jones (38239966),LeBron James (38239587),Bam Adebayo (38239623),Tristan Vukcevic (38239923),Josh Giddey (38239598),Kyle Anderson (38240065),Kenrich Williams (38239995),280.0610807291667,371.6965018846828,49900,100.00%,277,123.86%,0,245.43,$4.95,MIA 3,WAS 2,user10,50,marvalshot,4202,4678344702_10
Tyler Herro (38239631),Pelle Larsson (38240216),Jalen Williams (38239627),Kenrich Williams (38239995),Tristan Vukcevic (38239923),Davion Mitchell (38239876),LeBron James (38239587),Bam Adebayo (38239623),276.3854296875,366.14729513564146,49900,100.00%,3,80.17%,0,185.59,$3.21,MIA 4,OKC 2,user10,42,marvalshot,8809,4678344703_10
Shai Gilgeous-Alexander (38239580),Colby Jones (38239966),Kevin Huerter (38239725),LeBron James (38239587),Tristan Vukcevic (38239923),Davion Mitchell (38239876),Kyle Anderson (38240065),Tyler Herro (38239631),275.96230468749997,365.6827527760472,49900,100.00%,0,76.15%,0,221.79000000000002,$3.05,MIA 3,WAS 2,user11,50,marvalshot,5079,4678344695_11
Davion Mitchell (38239876),Kevin Huerter (38239725),Jaylen Martin (38240062),Kenrich Williams (38239995),Tristan Vukcevic (38239923),Shai Gilgeous-Alexander (38239580),LeBron James (38239587),Bam Adebayo (38239623),277.0370399305556,367.1456971590834,49900,100.00%,14,87.45%,0,203.56,$3.5,MIA 2,WAS 2,user11,48,marvalshot,8749,4678344696_11
Josh Giddey (38239598),Colby Jones (38239966),Jaylen Martin (38240062),Justin Champagnie (38239809),Tristan Vukcevic (38239923),Tyler Herro (38239631),LeBron James (38239587),Isaiah Hartenstein (38239684),284.06905815972226,372.15702366520304,49700,100.00%,10720,251.91%,0,234.61,$10.08,WAS 4,CHI 1,user11,49,marvalshot,8751,4678344697_11
Josh Giddey (38239598),Luguentz Dort (38239822),Justin Champagnie (38239809),Kyle Anderson (38240065),Tristan Vukcevic (38239923),Kevin Huerter (38239725),LeBron James (38239587),Tyler Herro (38239631),267.43075086805555,350.885280612208,50000,85.14%,0,-18.34%,0,191.35999999999999,$-0.73,CHI 2,WAS 2,user41,1,marvalshot,8792,4678344698_41
Tyler Herro (38239631),Carlton Carrington (38239793),Jaylen Martin (38240062),Bam Adebayo (38239623),Tristan Vukcevic (38239923),Shai Gilgeous-Alexander (38239580),Kenrich Williams (38239995),Isaiah Hartenstein (38239684),281.4501692708333,374.2119510118801,49800,100.00%,1781,155.62%,0,201.01,$6.22,WAS 3,OKC 3,user11,45,marvalshot,8805,4678344699_11
Tyler Herro (38239631),Tyrese Martin (38239908),Jaylen Martin (38240062),Patrick Williams (38239940),Tristan Vukcevic (38239923),Kevin Huerter (38239725),LeBron James (38239587),Shai Gilgeous-Alexander (38239580),282.9733159722222,371.78455929792983,50000,100.00%,6117,204.85%,0,199.91000000000003,$8.19,WAS 2,CHI 2,user12,48,marvalshot,2909,4678344700_12
Tyler Herro (38239631),Colby Jones (38239966),LeBron James (38239587),Sandro Mamukelashvili (38239955),Tristan Vukcevic (38239923),Shai Gilgeous-Alexander (38239580),Kyle Anderson (38240065),Alexandre Sarr (38239686),288.6785243055556,386.7632618638457,49900,100.00%,44550,843.12%,0,218.26000000000002,$33.72,WAS 3,MIA 2,user11,49,marvalshot,8808,4678344701_11
Tyler Herro (38239631),Colby Jones (38239966),LeBron James (38239587),Bam Adebayo (38239623),Tristan Vukcevic (38239923),Josh Giddey (38239598),Kyle Anderson (38240065),Kenrich Williams (38239995),280.0610807291667,371.6965018846828,49900,100.00%,277,123.86%,0,245.43,$4.95,MIA 3,WAS 2,user11,50,marvalshot,4202,4678344702_11
Tyler Herro (38239631),Pelle Larsson (38240216),Jalen Williams (38239627),Kenrich Williams (38239995),Tristan Vukcevic (38239923),Davion Mitchell (38239876),LeBron James (38239587),Bam Adebayo (38239623),276.3854296875,366.14729513564146,49900,100.00%,3,80.17%,0,185.59,$3.21,MIA 4,OKC 2,user11,42,marvalshot,8809,4678344703_11
Shai Gilgeous-Alexander (38239580),Colby Jones (38239966),Kevin Huerter (38239725),LeBron James (38239587),Tristan Vukcevic (38239923),Davion Mitchell (38239876),Kyle Anderson (38240065),Tyler Herro (38239631),275.96230468749997,365.6827527760472,49900,100.00%,0,76.15%,0,221.79000000000002,$3.05,MIA 3,WAS 2,user12,50,marvalshot,5079,4678344695_12
Davion Mitchell (38239876),Kevin Huerter (38239725),Jaylen Martin (38240062),Kenrich Williams (38239995),Tristan Vukcevic (38239923),Shai Gilgeous-Alexander (38239580),LeBron James (38239587),Bam Adebayo (38239623),277.0370399305556,367.1456971590834,49900,100.00%,14,87.45%,0,203.56,$3.5,MIA 2,WAS 2,user12,48,marvalshot,8749,4678344696_12
Josh Giddey (38239598),Colby Jones (38239966),Jaylen Martin (38240062),Justin Champagnie (38239809),Tristan Vukcevic (38239923),Tyler Herro (38239631),LeBron James (38239587),Isaiah Hartenstein (38239684),284.06905815972226,372.15702366520304,49700,100.00%,10720,251.91%,0,234.61,$10.08,WAS 4,CHI 1,user12,49,marvalshot,8751,4678344697_12
Shai Gilgeous-Alexander (38239580),Max Christie (38239847),Justin Champagnie (38239809),Kyle Anderson (38240065),Tristan Vukcevic (38239923),Josh Giddey (38239598),Jeremy Sochan (38239805),Tyler Herro (38239631),267.10075086805557,356.30528061220804,49600,82.18%,0,-25.6%,0,222.29000000000002,$-1.02,WAS 2,MIA 2,user36,1,marvalshot,8787,4678344698_36
Tyler Herro (38239631),Carlton Carrington (38239793),Jaylen Martin (38240062),Bam Adebayo (38239623),Tristan Vukcevic (38239923),Shai Gilgeous-Alexander (38239580),Kenrich Williams (38239995),Isaiah Hartenstein (38239684),281.4501692708333,374.2119510118801,49800,100.00%,1781,155.62%,0,201.01,$6.22,WAS 3,OKC 3,user12,45,marvalshot,8805,4678344699_12
Tyler Herro (38239631),Tyrese Martin (38239908),Jaylen Martin (38240062),Patrick Williams (38239940),Tristan Vukcevic (38239923),Kevin Huerter (38239725),LeBron James (38239587),Shai Gilgeous-Alexander (38239580),282.9733159722222,371.78455929792983,50000,100.00%,6117,204.85%,0,199.91000000000003,$8.19,WAS 2,CHI 2,user13,48,marvalshot,2909,4678344700_13
Tyler Herro (38239631),Colby Jones (38239966),LeBron James (38239587),Sandro Mamukelashvili (38239955),Tristan Vukcevic (38239923),Shai Gilgeous-Alexander (38239580),Kyle Anderson (38240065),Alexandre Sarr (38239686),288.6785243055556,386.7632618638457,49900,100.00%,44550,843.12%,0,218.26000000000002,$33.72,WAS 3,MIA 2,user12,49,marvalshot,8808,4678344701_12
Tyler Herro (38239631),Colby Jones (38239966),LeBron James (38239587),Bam Adebayo (38239623),Tristan Vukcevic (38239923),Josh Giddey (38239598),Kyle Anderson (38240065),Kenrich Williams (38239995),280.0610807291667,371.6965018846828,49900,100.00%,277,123.86%,0,245.43,$4.95,MIA 3,WAS 2,user12,50,marvalshot,4202,4678344702_12
Tyler Herro (38239631),Pelle Larsson (38240216),Jalen Williams (38239627),Kenrich Williams (38239995),Tristan Vukcevic (38239923),Davion Mitchell (38239876),LeBron James (38239587),Bam Adebayo (38239623),276.3854296875,366.14729513564146,49900,100.00%,3,80.17%,0,185.59,$3.21,MIA 4,OKC 2,user12,42,marvalshot,8809,4678344703_12
Shai Gilgeous-Alexander (38239580),Colby Jones (38239966),Kevin Huerter (38239725),LeBron James (38239587),Tristan Vukcevic (38239923),Davion Mitchell (38239876),Kyle Anderson (38240065),Tyler Herro (38239631),275.96230468749997,365.6827527760472,49900,100.00%,0,76.15%,0,221.79000000000002,$3.05,MIA 3,WAS 2,user13,50,marvalshot,5079,4678344695_13
Davion Mitchell (38239876),Kevin Huerter (38239725),Jaylen Martin (38240062),Kenrich Williams (38239995),Tristan Vukcevic (38239923),Shai Gilgeous-Alexander (38239580),LeBron James (38239587),Bam Adebayo (38239623),277.0370399305556,367.1456971590834,49900,100.00%,14,87.45%,0,203.56,$3.5,MIA 2,WAS 2,user13,48,marvalshot,8749,4678344696_13
Josh Giddey (38239598),Colby Jones (38239966),Jaylen Martin (38240062),Justin Champagnie (38239809),Tristan Vukcevic (38239923),Tyler Herro (38239631),LeBron James (38239587),Isaiah Hartenstein (38239684),284.06905815972226,372.15702366520304,49700,100.00%,10720,251.91%,0,234.61,$10.08,WAS 4,CHI 1,user13,49,marvalshot,8751,4678344697_13
Josh Giddey (38239598),Kevin Huerter (38239725),Justin Champagnie (38239809),Kyle Anderson (38240065),Tristan Vukcevic (38239923),Shai Gilgeous-Alexander (38239580),Harrison Barnes (38239948),Tyler Herro (38239631),266.9507508680556,354.18528061220803,49700,80.32%,0,-29.37%,0,189.57999999999998,$-1.17,CHI 2,WAS 2,user1,1,marvalshot,8752,4678344698_1
Tyler Herro (38239631),Carlton Carrington (38239793),Jaylen Martin (38240062),Bam Adebayo (38239623),Tristan Vukcevic (38239923),Shai Gilgeous-Alexander (38239580),Kenrich Williams (38239995),Isaiah Hartenstein (38239684),281.4501692708333,374.2119510118801,49800,100.00%,1781,155.62%,0,201.01,$6.22,WAS 3,OKC 3,user13,45,marvalshot,8805,4678344699_13
Tyler Herro (38239631),Tyrese Martin (38239908),Jaylen Martin (38240062),Patrick Williams (38239940),Tristan Vukcevic (38239923),Kevin Huerter (38239725),LeBron James (38239587),Shai Gilgeous-Alexander (38239580),282.9733159722222,371.78455929792983,50000,100.00%,6117,204.85%,0,199.91000000000003,$8.19,WAS 2,CHI 2,user14,48,marvalshot,2909,4678344700_14
Tyler Herro (38239631),Colby Jones (38239966),LeBron James (38239587),Sandro Mamukelashvili (38239955),Tristan Vukcevic (38239923),Shai Gilgeous-Alexander (38239580),Kyle Anderson (38240065),Alexandre Sarr (38239686),288.6785243055556,386.7632618638457,49900,100.00%,44550,843.12%,0,218.26000000000002,$33.72,WAS 3,MIA 2,user13,49,marvalshot,8808,4678344701_13
Tyler Herro (38239631),Colby Jones (38239966),LeBron James (38239587),Bam Adebayo (38239623),Tristan Vukcevic (38239923),Josh Giddey (38239598),Kyle Anderson (38240065),Kenrich Williams (38239995),280.0610807291667,371.6965018846828,49900,100.00%,277,123.86%,0,245.43,$4.95,MIA 3,WAS 2,user13,50,marvalshot,4202,4678344702_13
Tyler Herro (38239631),Pelle Larsson (38240216),Jalen Williams (38239627),Kenrich Williams (38239995),Tristan Vukcevic (38239923),Davion Mitchell (38239876),LeBron James (38239587),Bam Adebayo (38239623),276.3854296875,366.14729513564146,49900,100.00%,3,80.17%,0,185.59,$3.21,MIA 4,OKC 2,user13,42,marvalshot,8809,4678344703_13
Shai Gilgeous-Alexander (38239580),Colby Jones (38239966),Kevin Huerter (38239725),LeBron James (38239587),Tristan Vukcevic (38239923),Davion Mitchell (38239876),Kyle Anderson (38240065),Tyler Herro (38239631),275.96230468749997,365.6827527760472,49900,100.00%,0,76.15%,0,221.79000000000002,$3.05,MIA 3,WAS 2,user14,50,marvalshot,5079,4678344695_14
Davion Mitchell (38239876),Kevin Huerter (38239725),Jaylen Martin (38240062),Kenrich Williams (38239995),Tristan Vukcevic (38239923),Shai Gilgeous-Alexander (38239580),LeBron James (38239587),Bam Adebayo (38239623),277.0370399305556,367.1456971590834,49900,100.00%,14,87.45%,0,203.56,$3.5,MIA 2,WAS 2,user14,48,marvalshot,8749,4678344696_14
Josh Giddey (38239598),Colby Jones (38239966),Jaylen Martin (38240062),Justin Champagnie (38239809),Tristan Vukcevic (38239923),Tyler Herro (38239631),LeBron James (38239587),Isaiah Hartenstein (38239684),284.06905815972226,372.15702366520304,49700,100.00%,10720,251.91%,0,234.61,$10.08,WAS 4,CHI 1,user14,49,marvalshot,8751,4678344697_14
Josh Giddey (38239598),Julian Champagnie (38239978),Justin Champagnie (38239809),Kyle Anderson (38240065),Tristan Vukcevic (38239923),Shai Gilgeous-Alexander (38239580),Kevin Huerter (38239725),Tyler Herro (38239631),266.75075086805555,354.265280612208,49500,78.11%,0,-34.13%,0,191.28,$-1.37,CHI 2,WAS 2,user48,1,marvalshot,8799,4678344698_48
Tyler Herro (38239631),Carlton Carrington (38239793),Jaylen Martin (38240062),Bam Adebayo (38239623),Tristan Vukcevic (38239923),Shai Gilgeous-Alexander (38239580),Kenrich Williams (38239995),Isaiah Hartenstein (38239684),281.4501692708333,374.2119510118801,49800,100.00%,1781,155.62%,0,201.01,$6.22,WAS 3,OKC 3,user14,45,marvalshot,8805,4678344699_14
Tyler Herro (38239631),Tyrese Martin (38239908),Jaylen Martin (38240062),Patrick Williams (38239940),Tristan Vukcevic (38239923),Kevin Huerter (38239725),LeBron James (38239587),Shai Gilgeous-Alexander (38239580),282.9733159722222,371.78455929792983,50000,100.00%,6117,204.85%,0,199.91000000000003,$8.19,WAS 2,CHI 2,user15,48,marvalshot,2909,4678344700_15
Tyler Herro (38239631),Colby Jones (38239966),LeBron James (38239587),Sandro Mamukelashvili (38239955),Tristan Vukcevic (38239923),Shai Gilgeous-Alexander (38239580),Kyle Anderson (38240065),Alexandre Sarr (38239686),288.6785243055556,386.7632618638457,49900,100.00%,44550,843.12%,0,218.26000000000002,$33.72,WAS 3,MIA 2,user14,49,marvalshot,8808,4678344701_14
Tyler Herro (38239631),Colby Jones (38239966),LeBron James (38239587),Bam Adebayo (38239623),Tristan Vukcevic (38239923),Josh Giddey (38239598),Kyle Anderson (38240065),Kenrich Williams (38239995),280.0610807291667,371.6965018846828,49900,100.00%,277,123.86%,0,245.43,$4.95,MIA 3,WAS 2,user14,50,marvalshot,4202,4678344702_14
Tyler Herro (38239631),Pelle Larsson (38240216),Jalen Williams (38239627),Kenrich Williams (38239995),Tristan Vukcevic (38239923),Davion Mitchell (38239876),LeBron James (38239587),Bam Adebayo (38239623),276.3854296875,366.14729513564146,49900,100.00%,3,80.17%,0,185.59,$3.21,MIA 4,OKC 2,user14,42,marvalshot,8809,4678344703_14
Shai Gilgeous-Alexander (38239580),Colby Jones (38239966),Kevin Huerter (38239725),LeBron James (38239587),Tristan Vukcevic (38239923),Davion Mitchell (38239876),Kyle Anderson (38240065),Tyler Herro (38239631),275.96230468749997,365.6827527760472,49900,100.00%,0,76.15%,0,221.79000000000002,$3.05,MIA 3,WAS 2,user15,50,marvalshot,5079,4678344695_15
Davion Mitchell (38239876),Kevin Huerter (38239725),Jaylen Martin (38240062),Kenrich Williams (38239995),Tristan Vukcevic (38239923),Shai Gilgeous-Alexander (38239580),LeBron James (38239587),Bam Adebayo (38239623),277.0370399305556,367.1456971590834,49900,100.00%,14,87.45%,0,203.56,$3.5,MIA 2,WAS 2,user15,48,marvalshot,8749,4678344696_15
Josh Giddey (38239598),Colby Jones (38239966),Jaylen Martin (38240062),Justin Champagnie (38239809),Tristan Vukcevic (38239923),Tyler Herro (38239631),LeBron James (38239587),Isaiah Hartenstein (38239684),284.06905815972226,372.15702366520304,49700,100.00%,10720,251.91%,0,234.61,$10.08,WAS 4,CHI 1,user15,49,marvalshot,8751,4678344697_15
Shai Gilgeous-Alexander (38239580),Kevin Huerter (38239725),Justin Champagnie (38239809),Kyle Anderson (38240065),Tristan Vukcevic (38239923),Derrick White (38239652),Jeremy Sochan (38239805),Tyler Herro (38239631),266.4707508680556,352.49528061220803,49600,74.75%,0,-40.22%,0,200.70000000000002,$-1.61,WAS 2,MIA 2,user45,1,marvalshot,8796,4678344698_45
Tyler Herro (38239631),Carlton Carrington (38239793),Jaylen Martin (38240062),Bam Adebayo (38239623),Tristan Vukcevic (38239923),Shai Gilgeous-Alexander (38239580),Kenrich Williams (38239995),Isaiah Hartenstein (38239684),281.4501692708333,374.2119510118801,49800,100.00%,1781,155.62%,0,201.01,$6.22,WAS 3,OKC 3,user15,45,marvalshot,8805,4678344699_15
Tyler Herro (38239631),Tyrese Martin (38239908),Jaylen Martin (38240062),Patrick Williams (38239940),Tristan Vukcevic (38239923),Kevin Huerter (38239725),LeBron James (38239587),Shai Gilgeous-Alexander (38239580),282.9733159722222,371.78455929792983,50000,100.00%,6117,204.85%,0,199.91000000000003,$8.19,WAS 2,CHI 2,user16,48,marvalshot,2909,4678344700_16
Tyler Herro (38239631),Colby Jones (38239966),LeBron James (38239587),Sandro Mamukelashvili (38239955),Tristan Vukcevic (38239923),Shai Gilgeous-Alexander (38239580),Kyle Anderson (38240065),Alexandre Sarr (38239686),288.6785243055556,386.7632618638457,49900,100.00%,44550,843.12%,0,218.26000000000002,$33.72,WAS 3,MIA 2,user15,49,marvalshot,8808,4678344701_15
Tyler Herro (38239631),Colby Jones (38239966),LeBron James (38239587),Bam Adebayo (38239623),Tristan Vukcevic (38239923),Josh Giddey (38239598),Kyle Anderson (38240065),Kenrich Williams (38239995),280.0610807291667,371.6965018846828,49900,100.00%,277,123.86%,0,245.43,$4.95,MIA 3,WAS 2,user15,50,marvalshot,4202,4678344702_15
Tyler Herro (38239631),Pelle Larsson (38240216),Jalen Williams (38239627),Kenrich Williams (38239995),Tristan Vukcevic (38239923),Davion Mitchell (38239876),LeBron James (38239587),Bam Adebayo (38239623),276.3854296875,366.14729513564146,49900,100.00%,3,80.17%,0,185.59,$3.21,MIA 4,OKC 2,user15,42,marvalshot,8809,4678344703_15
Shai Gilgeous-Alexander (38239580),Colby Jones (38239966),Kevin Huerter (38239725),LeBron James (38239587),Tristan Vukcevic (38239923),Davion Mitchell (38239876),Kyle Anderson (38240065),Tyler Herro (38239631),275.96230468749997,365.6827527760472,49900,100.00%,0,76.15%,0,221.79000000000002,$3.05,MIA 3,WAS 2,user16,50,marvalshot,5079,4678344695_16
Davion Mitchell (38239876),Kevin Huerter (38239725),Jaylen Martin (38240062),Kenrich Williams (38239995),Tristan Vukcevic (38239923),Shai Gilgeous-Alexander (38239580),LeBron James (38239587),Bam Adebayo (38239623),277.0370399305556,367.1456971590834,49900,100.00%,14,87.45%,0,203.56,$3.5,MIA 2,WAS 2,user16,48,marvalshot,8749,4678344696_16
Josh Giddey (38239598),Colby Jones (38239966),Jaylen Martin (38240062),Justin Champagnie (38239809),Tristan Vukcevic (38239923),Tyler Herro (38239631),LeBron James (38239587),Isaiah Hartenstein (38239684),284.06905815972226,372.15702366520304,49700,100.00%,10720,251.91%,0,234.61,$10.08,WAS 4,CHI 1,user16,49,marvalshot,8751,4678344697_16
Shai Gilgeous-Alexander (38239580),Andrew Nembhard (38239749),Justin Champagnie (38239809),Kyle Anderson (38240065),Tristan Vukcevic (38239923),Julian Champagnie (38239978),LeBron James (38239587),Tyler Herro (38239631),266.20075086805554,358.775280612208,50000,70.83%,0,-46.02%,0,181.01,$-1.84,WAS 2,MIA 2,user33,1,marvalshot,8784,4678344698_33
Tyler Herro (38239631),Carlton Carrington (38239793),Jaylen Martin (38240062),Bam Adebayo (38239623),Tristan Vukcevic (38239923),Shai Gilgeous-Alexander (38239580),Kenrich Williams (38239995),Isaiah Hartenstein (38239684),281.4501692708333,374.2119510118801,49800,100.00%,1781,155.62%,0,201.01,$6.22,WAS 3,OKC 3,user16,45,marvalshot,8805,4678344699_16
Tyler Herro (38239631),Tyrese Martin (38239908),Jaylen Martin (38240062),Patrick Williams (38239940),Tristan Vukcevic (38239923),Kevin Huerter (38239725),LeBron James (38239587),Shai Gilgeous-Alexander (38239580),282.9733159722222,371.78455929792983,50000,100.00%,6117,204.85%,0,199.91000000000003,$8.19,WAS 2,CHI 2,user17,48,marvalshot,2909,4678344700_17
Tyler Herro (38239631),Colby Jones (38239966),LeBron James (38239587),Sandro Mamukelashvili (38239955),Tristan Vukcevic (38239923),Shai Gilgeous-Alexander (38239580),Kyle Anderson (38240065),Alexandre Sarr (38239686),288.6785243055556,386.7632618638457,49900,100.00%,44550,843.12%,0,218.26000000000002,$33.72,WAS 3,MIA 2,user16,49,marvalshot,8808,4678344701_16
Tyler Herro (38239631),Colby Jones (38239966),LeBron James (38239587),Bam Adebayo (38239623),Tristan Vukcevic (38239923),Josh Giddey (38239598),Kyle Anderson (38240065),Kenrich Williams (38239995),280.0610807291667,371.6965018846828,49900,100.00%,277,123.86%,0,245.43,$4.95,MIA 3,WAS 2,user16,50,marvalshot,4202,4678344702_16
Tyler Herro (38239631),Pelle Larsson (38240216),Jalen Williams (38239627),Kenrich Williams (38239995),Tristan Vukcevic (38239923),Davion Mitchell (38239876),LeBron James (38239587),Bam Adebayo (38239623),276.3854296875,366.14729513564146,49900,100.00%,3,80.17%,0,185.59,$3.21,MIA 4,OKC 2,user16,42,marvalshot,8809,4678344703_16
Shai Gilgeous-Alexander (38239580),Colby Jones (38239966),Kevin Huerter (38239725),LeBron James (38239587),Tristan Vukcevic (38239923),Davion Mitchell (38239876),Kyle Anderson (38240065),Tyler Herro (38239631),275.96230468749997,365.6827527760472,49900,100.00%,0,76.15%,0,221.79000000000002,$3.05,MIA 3,WAS 2,user17,50,marvalshot,5079,4678344695_17
Davion Mitchell (38239876),Kevin Huerter (38239725),Jaylen Martin (38240062),Kenrich Williams (38239995),Tristan Vukcevic (38239923),Shai Gilgeous-Alexander (38239580),LeBron James (38239587),Bam Adebayo (38239623),277.0370399305556,367.1456971590834,49900,100.00%,14,87.45%,0,203.56,$3.5,MIA 2,WAS 2,user17,48,marvalshot,8749,4678344696_17
Josh Giddey (38239598),Colby Jones (38239966),Jaylen Martin (38240062),Justin Champagnie (38239809),Tristan Vukcevic (38239923),Tyler Herro (38239631),LeBron James (38239587),Isaiah Hartenstein (38239684),284.06905815972226,372.15702366520304,49700,100.00%,10720,251.91%,0,234.61,$10.08,WAS 4,CHI 1,user17,49,marvalshot,8751,4678344697_17
Luka Doncic (38239577),Isaiah Joe (38239952),Justin Champagnie (38239809),Kyle Anderson (38240065),Tristan Vukcevic (38239923),Josh Giddey (38239598),Jeremy Sochan (38239805),Tyler Herro (38239631),266.2207508680555,354.45528061220796,49700,70.72%,0,-46.02%,0,214.71,$-1.84,WAS 2,MIA 2,user5,1,marvalshot,8756,4678344698_5
Tyler Herro (38239631),Carlton Carrington (38239793),Jaylen Martin (38240062),Bam Adebayo (38239623),Tristan Vukcevic (38239923),Shai Gilgeous-Alexander (38239580),Kenrich Williams (38239995),Isaiah Hartenstein (38239684),281.4501692708333,374.2119510118801,49800,100.00%,1781,155.62%,0,201.01,$6.22,WAS 3,OKC 3,user17,45,marvalshot,8805,4678344699_17
Tyler Herro (38239631),Tyrese Martin (38239908),Jaylen Martin (38240062),Patrick Williams (38239940),Tristan Vukcevic (38239923),Kevin Huerter (38239725),LeBron James (38239587),Shai Gilgeous-Alexander (38239580),282.9733159722222,371.78455929792983,50000,100.00%,6117,204.85%,0,199.91000000000003,$8.19,WAS 2,CHI 2,user18,48,marvalshot,2909,4678344700_18
Tyler Herro (38239631),Colby Jones (38239966),LeBron James (38239587),Sandro Mamukelashvili (38239955),Tristan Vukcevic (38239923),Shai Gilgeous-Alexander (38239580),Kyle Anderson (38240065),Alexandre Sarr (38239686),288.6785243055556,386.7632618638457,49900,100.00%,44550,843.12%,0,218.26000000000002,$33.72,WAS 3,MIA 2,user17,49,marvalshot,8808,4678344701_17
Tyler Herro (38239631),Colby Jones (38239966),LeBron James (38239587),Bam Adebayo (38239623),Tristan Vukcevic (38239923),Josh Giddey (38239598),Kyle Anderson (38240065),Kenrich Williams (38239995),280.0610807291667,371.6965018846828,49900,100.00%,277,123.86%,0,245.43,$4.95,MIA 3,WAS 2,user17,50,marvalshot,4202,4678344702_17
Tyler Herro (38239631),Pelle Larsson (38240216),Jalen Williams (38239627),Kenrich Williams (38239995),Tristan Vukcevic (38239923),Davion Mitchell (38239876),LeBron James (38239587),Bam Adebayo (38239623),276.3854296875,366.14729513564146,49900,100.00%,3,80.17%,0,185.59,$3.21,MIA 4,OKC 2,user17,42,marvalshot,8809,4678344703_17
Shai Gilgeous-Alexander (38239580),Colby Jones (38239966),Kevin Huerter (38239725),LeBron James (38239587),Tristan Vukcevic (38239923),Davion Mitchell (38239876),Kyle Anderson (38240065),Tyler Herro (38239631),275.96230468749997,365.6827527760472,49900,100.00%,0,76.15%,0,221.79000000000002,$3.05,MIA 3,WAS 2,user18,50,marvalshot,5079,4678344695_18
Davion Mitchell (38239876),Kevin Huerter (38239725),Jaylen Martin (38240062),Kenrich Williams (38239995),Tristan Vukcevic (38239923),Shai Gilgeous-Alexander (38239580),LeBron James (38239587),Bam Adebayo (38239623),277.0370399305556,367.1456971590834,49900,100.00%,14,87.45%,0,203.56,$3.5,MIA 2,WAS 2,user18,48,marvalshot,8749,4678344696_18
Josh Giddey (38239598),Colby Jones (38239966),Jaylen Martin (38240062),Justin Champagnie (38239809),Tristan Vukcevic (38239923),Tyler Herro (38239631),LeBron James (38239587),Isaiah Hartenstein (38239684),284.06905815972226,372.15702366520304,49700,100.00%,10720,251.91%,0,234.61,$10.08,WAS 4,CHI 1,user18,49,marvalshot,8751,4678344697_18
Stephon Castle (38239688),Isaiah Joe (38239952),Justin Champagnie (38239809),Kyle Anderson (38240065),Tristan Vukcevic (38239923),Josh Giddey (38239598),LeBron James (38239587),Tyler Herro (38239631),266.18075086805555,355.815280612208,49600,70.24%,0,-46.28%,0,189.91,$-1.85,WAS 2,MIA 2,user28,1,marvalshot,8779,4678344698_28
Tyler Herro (38239631),Carlton Carrington (38239793),Jaylen Martin (38240062),Bam Adebayo (38239623),Tristan Vukcevic (38239923),Shai Gilgeous-Alexander (38239580),Kenrich Williams (38239995),Isaiah Hartenstein (38239684),281.4501692708333,374.2119510118801,49800,100.00%,1781,155.62%,0,201.01,$6.22,WAS 3,OKC 3,user18,45,marvalshot,8805,4678344699_18
Tyler Herro (38239631),Tyrese Martin (38239908),Jaylen Martin (38240062),Patrick Williams (38239940),Tristan Vukcevic (38239923),Kevin Huerter (38239725),LeBron James (38239587),Shai Gilgeous-Alexander (38239580),282.9733159722222,371.78455929792983,50000,100.00%,6117,204.85%,0,199.91000000000003,$8.19,WAS 2,CHI 2,user19,48,marvalshot,2909,4678344700_19
Tyler Herro (38239631),Colby Jones (38239966),LeBron James (38239587),Sandro Mamukelashvili (38239955),Tristan Vukcevic (38239923),Shai Gilgeous-Alexander (38239580),Kyle Anderson (38240065),Alexandre Sarr (38239686),288.6785243055556,386.7632618638457,49900,100.00%,44550,843.12%,0,218.26000000000002,$33.72,WAS 3,MIA 2,user18,49,marvalshot,8808,4678344701_18
Tyler Herro (38239631),Colby Jones (38239966),LeBron James (38239587),Bam Adebayo (38239623),Tristan Vukcevic (38239923),Josh Giddey (38239598),Kyle Anderson (38240065),Kenrich Williams (38239995),280.0610807291667,371.6965018846828,49900,100.00%,277,123.86%,0,245.43,$4.95,MIA 3,WAS 2,user18,50,marvalshot,4202,4678344702_18
Tyler Herro (38239631),Pelle Larsson (38240216),Jalen Williams (38239627),Kenrich Williams (38239995),Tristan Vukcevic (38239923),Davion Mitchell (38239876),LeBron James (38239587),Bam Adebayo (38239623),276.3854296875,366.14729513564146,49900,100.00%,3,80.17%,0,185.59,$3.21,MIA 4,OKC 2,user18,42,marvalshot,8809,4678344703_18
Shai Gilgeous-Alexander (38239580),Colby Jones (38239966),Kevin Huerter (38239725),LeBron James (38239587),Tristan Vukcevic (38239923),Davion Mitchell (38239876),Kyle Anderson (38240065),Tyler Herro (38239631),275.96230468749997,365.6827527760472,49900,100.00%,0,76.15%,0,221.79000000000002,$3.05,MIA 3,WAS 2,user19,50,marvalshot,5079,4678344695_19
Davion Mitchell (38239876),Kevin Huerter (38239725),Jaylen Martin (38240062),Kenrich Williams (38239995),Tristan Vukcevic (38239923),Shai Gilgeous-Alexander (38239580),LeBron James (38239587),Bam Adebayo (38239623),277.0370399305556,367.1456971590834,49900,100.00%,14,87.45%,0,203.56,$3.5,MIA 2,WAS 2,user19,48,marvalshot,8749,4678344696_19
Josh Giddey (38239598),Colby Jones (38239966),Jaylen Martin (38240062),Justin Champagnie (38239809),Tristan Vukcevic (38239923),Tyler Herro (38239631),LeBron James (38239587),Isaiah Hartenstein (38239684),284.06905815972226,372.15702366520304,49700,100.00%,10720,251.91%,0,234.61,$10.08,WAS 4,CHI 1,user19,49,marvalshot,8751,4678344697_19
Chris Paul (38239879),Luguentz Dort (38239822),Justin Champagnie (38239809),Kyle Anderson (38240065),Tristan Vukcevic (38239923),Shai Gilgeous-Alexander (38239580),LeBron James (38239587),Tyler Herro (38239631),266.02075086805553,359.235280612208,50000,68.15%,0,-49.55%,0,180.82999999999998,$-1.98,OKC 2,WAS 2,user38,1,marvalshot,8789,4678344698_38
Tyler Herro (38239631),Carlton Carrington (38239793),Jaylen Martin (38240062),Bam Adebayo (38239623),Tristan Vukcevic (38239923),Shai Gilgeous-Alexander (38239580),Kenrich Williams (38239995),Isaiah Hartenstein (38239684),281.4501692708333,374.2119510118801,49800,100.00%,1781,155.62%,0,201.01,$6.22,WAS 3,OKC 3,user19,45,marvalshot,8805,4678344699_19
Tyler Herro (38239631),Tyrese Martin (38239908),Jaylen Martin (38240062),Patrick Williams (38239940),Tristan Vukcevic (38239923),Kevin Huerter (38239725),LeBron James (38239587),Shai Gilgeous-Alexander (38239580),282.9733159722222,371.78455929792983,50000,100.00%,6117,204.85%,0,199.91000000000003,$8.19,WAS 2,CHI 2,user20,48,marvalshot,2909,4678344700_20
Tyler Herro (38239631),Colby Jones (38239966),LeBron James (38239587),Sandro Mamukelashvili (38239955),Tristan Vukcevic (38239923),Shai Gilgeous-Alexander (38239580),Kyle Anderson (38240065),Alexandre Sarr (38239686),288.6785243055556,386.7632618638457,49900,100.00%,44550,843.12%,0,218.26000000000002,$33.72,WAS 3,MIA 2,user19,49,marvalshot,8808,4678344701_19
Tyler Herro (38239631),Colby Jones (38239966),LeBron James (38239587),Bam Adebayo (38239623),Tristan Vukcevic (38239923),Josh Giddey (38239598),Kyle Anderson (38240065),Kenrich Williams (38239995),280.0610807291667,371.6965018846828,49900,100.00%,277,123.86%,0,245.43,$4.95,MIA 3,WAS 2,user19,50,marvalshot,4202,4678344702_19
Tyler Herro (38239631),Pelle Larsson (38240216),Jalen Williams (38239627),Kenrich Williams (38239995),Tristan Vukcevic (38239923),Davion Mitchell (38239876),LeBron James (38239587),Bam Adebayo (38239623),276.3854296875,366.14729513564146,49900,100.00%,3,80.17%,0,185.59,$3.21,MIA 4,OKC 2,user19,42,marvalshot,8809,4678344703_19
Shai Gilgeous-Alexander (38239580),Colby Jones (38239966),Kevin Huerter (38239725),LeBron James (38239587),Tristan Vukcevic (38239923),Davion Mitchell (38239876),Kyle Anderson (38240065),Tyler Herro (38239631),275.96230468749997,365.6827527760472,49900,100.00%,0,76.15%,0,221.79000000000002,$3.05,MIA 3,WAS 2,user20,50,marvalshot,5079,4678344695_20
Davion Mitchell (38239876),Kevin Huerter (38239725),Jaylen Martin (38240062),Kenrich Williams (38239995),Tristan Vukcevic (38239923),Shai Gilgeous-Alexander (38239580),LeBron James (38239587),Bam Adebayo (38239623),277.0370399305556,367.1456971590834,49900,100.00%,14,87.45%,0,203.56,$3.5,MIA 2,WAS 2,user20,48,marvalshot,8749,4678344696_20
Josh Giddey (38239598),Colby Jones (38239966),Jaylen Martin (38240062),Justin Champagnie (38239809),Tristan Vukcevic (38239923),Tyler Herro (38239631),LeBron James (38239587),Isaiah Hartenstein (38239684),284.06905815972226,372.15702366520304,49700,100.00%,10720,251.91%,0,234.61,$10.08,WAS 4,CHI 1,user20,49,marvalshot,8751,4678344697_20
Andrew Nembhard (38239749),Coby White (38239640),Justin Champagnie (38239809),Kyle Anderson (38240065),Tristan Vukcevic (38239923),Shai Gilgeous-Alexander (38239580),Jeremy Sochan (38239805),Tyler Herro (38239631),266.00075086805555,353.615280612208,49500,68.32%,0,-50.58%,0,196.12,$-2.02,WAS 2,MIA 2,user30,1,marvalshot,8781,4678344698_30
Tyler Herro (38239631),Carlton Carrington (38239793),Jaylen Martin (38240062),Bam Adebayo (38239623),Tristan Vukcevic (38239923),Shai Gilgeous-Alexander (38239580),Kenrich Williams (38239995),Isaiah Hartenstein (38239684),281.4501692708333,374.2119510118801,49800,100.00%,1781,155.62%,0,201.01,$6.22,WAS 3,OKC 3,user20,45,marvalshot,8805,4678344699_20
Tyler Herro (38239631),Tyrese Martin (38239908),Jaylen Martin (38240062),Patrick Williams (38239940),Tristan Vukcevic (38239923),Kevin Huerter (38239725),LeBron James (38239587),Shai Gilgeous-Alexander (38239580),282.9733159722222,371.78455929792983,50000,100.00%,6117,204.85%,0,199.91000000000003,$8.19,WAS 2,CHI 2,user21,48,marvalshot,2909,4678344700_21
Tyler Herro (38239631),Colby Jones (38239966),LeBron James (38239587),Sandro Mamukelashvili (38239955),Tristan Vukcevic (38239923),Shai Gilgeous-Alexander (38239580),Kyle Anderson (38240065),Alexandre Sarr (38239686),288.6785243055556,386.7632618638457,49900,100.00%,44550,843.12%,0,218.26000000000002,$33.72,WAS 3,MIA 2,user20,49,marvalshot,8808,4678344701_20
Tyler Herro (38239631),Colby Jones (38239966),LeBron James (38239587),Bam Adebayo (38239623),Tristan Vukcevic (38239923),Josh Giddey (38239598),Kyle Anderson (38240065),Kenrich Williams (38239995),280.0610807291667,371.6965018846828,49900,100.00%,277,123.86%,0,245.43,$4.95,MIA 3,WAS 2,user20,50,marvalshot,4202,4678344702_20
Tyler Herro (38239631),Pelle Larsson (38240216),Jalen Williams (38239627),Kenrich Williams (38239995),Tristan Vukcevic (38239923),Davion Mitchell (38239876),LeBron James (38239587),Bam Adebayo (38239623),276.3854296875,366.14729513564146,49900,100.00%,3,80.17%,0,185.59,$3.21,MIA 4,OKC 2,user20,42,marvalshot,8809,4678344703_20
Shai Gilgeous-Alexander (38239580),Colby Jones (38239966),Kevin Huerter (38239725),LeBron James (38239587),Tristan Vukcevic (38239923),Davion Mitchell (38239876),Kyle Anderson (38240065),Tyler Herro (38239631),275.96230468749997,365.6827527760472,49900,100.00%,0,76.15%,0,221.79000000000002,$3.05,MIA 3,WAS 2,user21,50,marvalshot,5079,4678344695_21
Davion Mitchell (38239876),Kevin Huerter (38239725),Jaylen Martin (38240062),Kenrich Williams (38239995),Tristan Vukcevic (38239923),Shai Gilgeous-Alexander (38239580),LeBron James (38239587),Bam Adebayo (38239623),277.0370399305556,367.1456971590834,49900,100.00%,14,87.45%,0,203.56,$3.5,MIA 2,WAS 2,user21,48,marvalshot,8749,4678344696_21
Josh Giddey (38239598),Colby Jones (38239966),Jaylen Martin (38240062),Justin Champagnie (38239809),Tristan Vukcevic (38239923),Tyler Herro (38239631),LeBron James (38239587),Isaiah Hartenstein (38239684),284.06905815972226,372.15702366520304,49700,100.00%,10720,251.91%,0,234.61,$10.08,WAS 4,CHI 1,user21,49,marvalshot,8751,4678344697_21
Stephon Castle (38239688),Coby White (38239640),Justin Champagnie (38239809),Kyle Anderson (38240065),Tristan Vukcevic (38239923),Josh Giddey (38239598),Kevin Huerter (38239725),Tyler Herro (38239631),265.8307508680556,347.83528061220807,50000,65.18%,0,-54.01%,0,163.09,$-2.16,CHI 3,WAS 2,user22,1,marvalshot,8773,4678344698_22
Tyler Herro (38239631),Carlton Carrington (38239793),Jaylen Martin (38240062),Bam Adebayo (38239623),Tristan Vukcevic (38239923),Shai Gilgeous-Alexander (38239580),Kenrich Williams (38239995),Isaiah Hartenstein (38239684),281.4501692708333,374.2119510118801,49800,100.00%,1781,155.62%,0,201.01,$6.22,WAS 3,OKC 3,user21,45,marvalshot,8805,4678344699_21
Tyler Herro (38239631),Tyrese Martin (38239908),Jaylen Martin (38240062),Patrick Williams (38239940),Tristan Vukcevic (38239923),Kevin Huerter (38239725),LeBron James (38239587),Shai Gilgeous-Alexander (38239580),282.9733159722222,371.78455929792983,50000,100.00%,6117,204.85%,0,199.91000000000003,$8.19,WAS 2,CHI 2,user22,48,marvalshot,2909,4678344700_22
Tyler Herro (38239631),Colby Jones (38239966),LeBron James (38239587),Sandro Mamukelashvili (38239955),Tristan Vukcevic (38239923),Shai Gilgeous-Alexander (38239580),Kyle Anderson (38240065),Alexandre Sarr (38239686),288.6785243055556,386.7632618638457,49900,100.00%,44550,843.12%,0,218.26000000000002,$33.72,WAS 3,MIA 2,user21,49,marvalshot,8808,4678344701_21
Tyler Herro (38239631),Colby Jones (38239966),LeBron James (38239587),Bam Adebayo (38239623),Tristan Vukcevic (38239923),Josh Giddey (38239598),Kyle Anderson (38240065),Kenrich Williams (38239995),280.0610807291667,371.6965018846828,49900,100.00%,277,123.86%,0,245.43,$4.95,MIA 3,WAS 2,user21,50,marvalshot,4202,4678344702_21
Tyler Herro (38239631),Pelle Larsson (38240216),Jalen Williams (38239627),Kenrich Williams (38239995),Tristan Vukcevic (38239923),Davion Mitchell (38239876),LeBron James (38239587),Bam Adebayo (38239623),276.3854296875,366.14729513564146,49900,100.00%,3,80.17%,0,185.59,$3.21,MIA 4,OKC 2,user21,42,marvalshot,8809,4678344703_21
Shai Gilgeous-Alexander (38239580),Colby Jones (38239966),Kevin Huerter (38239725),LeBron James (38239587),Tristan Vukcevic (38239923),Davion Mitchell (38239876),Kyle Anderson (38240065),Tyler Herro (38239631),275.96230468749997,365.6827527760472,49900,100.00%,0,76.15%,0,221.79000000000002,$3.05,MIA 3,WAS 2,user22,50,marvalshot,5079,4678344695_22
Davion Mitchell (38239876),Kevin Huerter (38239725),Jaylen Martin (38240062),Kenrich Williams (38239995),Tristan Vukcevic (38239923),Shai Gilgeous-Alexander (38239580),LeBron James (38239587),Bam Adebayo (38239623),277.0370399305556,367.1456971590834,49900,100.00%,14,87.45%,0,203.56,$3.5,MIA 2,WAS 2,user22,48,marvalshot,8749,4678344696_22
Josh Giddey (38239598),Colby Jones (38239966),Jaylen Martin (38240062),Justin Champagnie (38239809),Tristan Vukcevic (38239923),Tyler Herro (38239631),LeBron James (38239587),Isaiah Hartenstein (38239684),284.06905815972226,372.15702366520304,49700,100.00%,10720,251.91%,0,234.61,$10.08,WAS 4,CHI 1,user22,49,marvalshot,8751,4678344697_22
Shai Gilgeous-Alexander (38239580),Andrew Nembhard (38239749),Justin Champagnie (38239809),Kyle Anderson (38240065),Tristan Vukcevic (38239923),Blake Wesley (38240054),LeBron James (38239587),Tyler Herro (38239631),265.51075086805554,358.56528061220797,49700,61.09%,0,-60.33%,0,188.07999999999998,$-2.41,WAS 2,MIA 2,user,1,marvalshot,5284,4678344698
Tyler Herro (38239631),Carlton Carrington (38239793),Jaylen Martin (38240062),Bam Adebayo (38239623),Tristan Vukcevic (38239923),Shai Gilgeous-Alexander (38239580),Kenrich Williams (38239995),Isaiah Hartenstein (38239684),281.4501692708333,374.2119510118801,49800,100.00%,1781,155.62%,0,201.01,$6.22,WAS 3,OKC 3,user22,45,marvalshot,8805,4678344699_22
Tyler Herro (38239631),Tyrese Martin (38239908),Jaylen Martin (38240062),Patrick Williams (38239940),Tristan Vukcevic (38239923),Kevin Huerter (38239725),LeBron James (38239587),Shai Gilgeous-Alexander (38239580),282.9733159722222,371.78455929792983,50000,100.00%,6117,204.85%,0,199.91000000000003,$8.19,WAS 2,CHI 2,user23,48,marvalshot,2909,4678344700_23
Tyler Herro (38239631),Colby Jones (38239966),LeBron James (38239587),Sandro Mamukelashvili (38239955),Tristan Vukcevic (38239923),Shai Gilgeous-Alexander (38239580),Kyle Anderson (38240065),Alexandre Sarr (38239686),288.6785243055556,386.7632618638457,49900,100.00%,44550,843.12%,0,218.26000000000002,$33.72,WAS 3,MIA 2,user22,49,marvalshot,8808,4678344701_22
Tyler Herro (38239631),Colby Jones (38239966),LeBron James (38239587),Bam Adebayo (38239623),Tristan Vukcevic (38239923),Josh Giddey (38239598),Kyle Anderson (38240065),Kenrich Williams (38239995),280.0610807291667,371.6965018846828,49900,100.00%,277,123.86%,0,245.43,$4.95,MIA 3,WAS 2,user22,50,marvalshot,4202,4678344702_22
Tyler Herro (38239631),Pelle Larsson (38240216),Jalen Williams (38239627),Kenrich Williams (38239995),Tristan Vukcevic (38239923),Davion Mitchell (38239876),LeBron James (38239587),Bam Adebayo (38239623),276.3854296875,366.14729513564146,49900,100.00%,3,80.17%,0,185.59,$3.21,MIA 4,OKC 2,user22,42,marvalshot,8809,4678344703_22
Shai Gilgeous-Alexander (38239580),Colby Jones (38239966),Kevin Huerter (38239725),LeBron James (38239587),Tristan Vukcevic (38239923),Davion Mitchell (38239876),Kyle Anderson (38240065),Tyler Herro (38239631),275.96230468749997,365.6827527760472,49900,100.00%,0,76.15%,0,221.79000000000002,$3.05,MIA 3,WAS 2,user23,50,marvalshot,5079,4678344695_23
Davion Mitchell (38239876),Kevin Huerter (38239725),Jaylen Martin (38240062),Kenrich Williams (38239995),Tristan Vukcevic (38239923),Shai Gilgeous-Alexander (38239580),LeBron James (38239587),Bam Adebayo (38239623),277.0370399305556,367.1456971590834,49900,100.00%,14,87.45%,0,203.56,$3.5,MIA 2,WAS 2,user23,48,marvalshot,8749,4678344696_23
Josh Giddey (38239598),Colby Jones (38239966),Jaylen Martin (38240062),Justin Champagnie (38239809),Tristan Vukcevic (38239923),Tyler Herro (38239631),LeBron James (38239587),Isaiah Hartenstein (38239684),284.06905815972226,372.15702366520304,49700,100.00%,10720,251.91%,0,234.61,$10.08,WAS 4,CHI 1,user23,49,marvalshot,8751,4678344697_23
Josh Giddey (38239598),Andrew Nembhard (38239749),Justin Champagnie (38239809),Kyle Anderson (38240065),Tristan Vukcevic (38239923),Shai Gilgeous-Alexander (38239580),Patrick Williams (38239940),Tyler Herro (38239631),265.50075086805555,353.61528061220804,49600,60.67%,0,-60.84%,0,190.24,$-2.43,CHI 2,WAS 2,user40,1,marvalshot,8791,4678344698_40
Tyler Herro (38239631),Carlton Carrington (38239793),Jaylen Martin (38240062),Bam Adebayo (38239623),Tristan Vukcevic (38239923),Shai Gilgeous-Alexander (38239580),Kenrich Williams (38239995),Isaiah Hartenstein (38239684),281.4501692708333,374.2119510118801,49800,100.00%,1781,155.62%,0,201.01,$6.22,WAS 3,OKC 3,user23,45,marvalshot,8805,4678344699_23
Tyler Herro (38239631),Tyrese Martin (38239908),Jaylen Martin (38240062),Patrick Williams (38239940),Tristan Vukcevic (38239923),Kevin Huerter (38239725),LeBron James (38239587),Shai Gilgeous-Alexander (38239580),282.9733159722222,371.78455929792983,50000,100.00%,6117,204.85%,0,199.91000000000003,$8.19,WAS 2,CHI 2,user24,48,marvalshot,2909,4678344700_24
Tyler Herro (38239631),Colby Jones (38239966),LeBron James (38239587),Sandro Mamukelashvili (38239955),Tristan Vukcevic (38239923),Shai Gilgeous-Alexander (38239580),Kyle Anderson (38240065),Alexandre Sarr (38239686),288.6785243055556,386.7632618638457,49900,100.00%,44550,843.12%,0,218.26000000000002,$33.72,WAS 3,MIA 2,user23,49,marvalshot,8808,4678344701_23
Tyler Herro (38239631),Colby Jones (38239966),LeBron James (38239587),Bam Adebayo (38239623),Tristan Vukcevic (38239923),Josh Giddey (38239598),Kyle Anderson (38240065),Kenrich Williams (38239995),280.0610807291667,371.6965018846828,49900,100.00%,277,123.86%,0,245.43,$4.95,MIA 3,WAS 2,user23,50,marvalshot,4202,4678344702_23
Tyler Herro (38239631),Pelle Larsson (38240216),Jalen Williams (38239627),Kenrich Williams (38239995),Tristan Vukcevic (38239923),Davion Mitchell (38239876),LeBron James (38239587),Bam Adebayo (38239623),276.3854296875,366.14729513564146,49900,100.00%,3,80.17%,0,185.59,$3.21,MIA 4,OKC 2,user23,42,marvalshot,8809,4678344703_23
Shai Gilgeous-Alexander (38239580),Colby Jones (38239966),Kevin Huerter (38239725),LeBron James (38239587),Tristan Vukcevic (38239923),Davion Mitchell (38239876),Kyle Anderson (38240065),Tyler Herro (38239631),275.96230468749997,365.6827527760472,49900,100.00%,0,76.15%,0,221.79000000000002,$3.05,MIA 3,WAS 2,user24,50,marvalshot,5079,4678344695_24
Davion Mitchell (38239876),Kevin Huerter (38239725),Jaylen Martin (38240062),Kenrich Williams (38239995),Tristan Vukcevic (38239923),Shai Gilgeous-Alexander (38239580),LeBron James (38239587),Bam Adebayo (38239623),277.0370399305556,367.1456971590834,49900,100.00%,14,87.45%,0,203.56,$3.5,MIA 2,WAS 2,user24,48,marvalshot,8749,4678344696_24
Josh Giddey (38239598),Colby Jones (38239966),Jaylen Martin (38240062),Justin Champagnie (38239809),Tristan Vukcevic (38239923),Tyler Herro (38239631),LeBron James (38239587),Isaiah Hartenstein (38239684),284.06905815972226,372.15702366520304,49700,100.00%,10720,251.91%,0,234.61,$10.08,WAS 4,CHI 1,user24,49,marvalshot,8751,4678344697_24
Shai Gilgeous-Alexander (38239580),Max Christie (38239847),Justin Champagnie (38239809),Kyle Anderson (38240065),Tristan Vukcevic (38239923),Cason Wallace (38239919),LeBron James (38239587),Tyler Herro (38239631),265.51075086805554,356.845280612208,49600,61.10%,0,-61.08%,0,192.3,$-2.44,OKC 2,WAS 2,user47,1,marvalshot,8798,4678344698_47
Tyler Herro (38239631),Carlton Carrington (38239793),Jaylen Martin (38240062),Bam Adebayo (38239623),Tristan Vukcevic (38239923),Shai Gilgeous-Alexander (38239580),Kenrich Williams (38239995),Isaiah Hartenstein (38239684),281.4501692708333,374.2119510118801,49800,100.00%,1781,155.62%,0,201.01,$6.22,WAS 3,OKC 3,user24,45,marvalshot,8805,4678344699_24
Tyler Herro (38239631),Tyrese Martin (38239908),Jaylen Martin (38240062),Patrick Williams (38239940),Tristan Vukcevic (38239923),Kevin Huerter (38239725),LeBron James (38239587),Shai Gilgeous-Alexander (38239580),282.9733159722222,371.78455929792983,50000,100.00%,6117,204.85%,0,199.91000000000003,$8.19,WAS 2,CHI 2,user25,48,marvalshot,2909,4678344700_25
Tyler Herro (38239631),Colby Jones (38239966),LeBron James (38239587),Sandro Mamukelashvili (38239955),Tristan Vukcevic (38239923),Shai Gilgeous-Alexander (38239580),Kyle Anderson (38240065),Alexandre Sarr (38239686),288.6785243055556,386.7632618638457,49900,100.00%,44550,843.12%,0,218.26000000000002,$33.72,WAS 3,MIA 2,user24,49,marvalshot,8808,4678344701_24
Tyler Herro (38239631),Colby Jones (38239966),LeBron James (38239587),Bam Adebayo (38239623),Tristan Vukcevic (38239923),Josh Giddey (38239598),Kyle Anderson (38240065),Kenrich Williams (38239995),280.0610807291667,371.6965018846828,49900,100.00%,277,123.86%,0,245.43,$4.95,MIA 3,WAS 2,user24,50,marvalshot,4202,4678344702_24
Tyler Herro (38239631),Pelle Larsson (38240216),Jalen Williams (38239627),Kenrich Williams (38239995),Tristan Vukcevic (38239923),Davion Mitchell (38239876),LeBron James (38239587),Bam Adebayo (38239623),276.3854296875,366.14729513564146,49900,100.00%,3,80.17%,0,185.59,$3.21,MIA 4,OKC 2,user24,42,marvalshot,8809,4678344703_24
Shai Gilgeous-Alexander (38239580),Colby Jones (38239966),Kevin Huerter (38239725),LeBron James (38239587),Tristan Vukcevic (38239923),Davion Mitchell (38239876),Kyle Anderson (38240065),Tyler Herro (38239631),275.96230468749997,365.6827527760472,49900,100.00%,0,76.15%,0,221.79000000000002,$3.05,MIA 3,WAS 2,user25,50,marvalshot,5079,4678344695_25
Davion Mitchell (38239876),Kevin Huerter (38239725),Jaylen Martin (38240062),Kenrich Williams (38239995),Tristan Vukcevic (38239923),Shai Gilgeous-Alexander (38239580),LeBron James (38239587),Bam Adebayo (38239623),277.0370399305556,367.1456971590834,49900,100.00%,14,87.45%,0,203.56,$3.5,MIA 2,WAS 2,user25,48,marvalshot,8749,4678344696_25
Josh Giddey (38239598),Colby Jones (38239966),Jaylen Martin (38240062),Justin Champagnie (38239809),Tristan Vukcevic (38239923),Tyler Herro (38239631),LeBron James (38239587),Isaiah Hartenstein (38239684),284.06905815972226,372.15702366520304,49700,100.00%,10720,251.91%,0,234.61,$10.08,WAS 4,CHI 1,user25,49,marvalshot,8751,4678344697_25
Josh Giddey (38239598),Cason Wallace (38239919),Justin Champagnie (38239809),Kyle Anderson (38240065),Tristan Vukcevic (38239923),Coby White (38239640),Jalen Williams (38239627),Tyler Herro (38239631),265.32075086805554,349.415280612208,50000,57.32%,0,-64.44%,0,172.27999999999997,$-2.58,CHI 2,OKC 2,user21,1,marvalshot,8772,4678344698_21
Tyler Herro (38239631),Carlton Carrington (38239793),Jaylen Martin (38240062),Bam Adebayo (38239623),Tristan Vukcevic (38239923),Shai Gilgeous-Alexander (38239580),Kenrich Williams (38239995),Isaiah Hartenstein (38239684),281.4501692708333,374.2119510118801,49800,100.00%,1781,155.62%,0,201.01,$6.22,WAS 3,OKC 3,user25,45,marvalshot,8805,4678344699_25
Tyler Herro (38239631),Tyrese Martin (38239908),Jaylen Martin (38240062),Patrick Williams (38239940),Tristan Vukcevic (38239923),Kevin Huerter (38239725),LeBron James (38239587),Shai Gilgeous-Alexander (38239580),282.9733159722222,371.78455929792983,50000,100.00%,6117,204.85%,0,199.91000000000003,$8.19,WAS 2,CHI 2,user26,48,marvalshot,2909,4678344700_26
Tyler Herro (38239631),Colby Jones (38239966),LeBron James (38239587),Sandro Mamukelashvili (38239955),Tristan Vukcevic (38239923),Shai Gilgeous-Alexander (38239580),Kyle Anderson (38240065),Alexandre Sarr (38239686),288.6785243055556,386.7632618638457,49900,100.00%,44550,843.12%,0,218.26000000000002,$33.72,WAS 3,MIA 2,user25,49,marvalshot,8808,4678344701_25
Tyler Herro (38239631),Colby Jones (38239966),LeBron James (38239587),Bam Adebayo (38239623),Tristan Vukcevic (38239923),Josh Giddey (38239598),Kyle Anderson (38240065),Kenrich Williams (38239995),280.0610807291667,371.6965018846828,49900,100.00%,277,123.86%,0,245.43,$4.95,MIA 3,WAS 2,user25,50,marvalshot,4202,4678344702_25
Tyler Herro (38239631),Pelle Larsson (38240216),Jalen Williams (38239627),Kenrich Williams (38239995),Tristan Vukcevic (38239923),Davion Mitchell (38239876),LeBron James (38239587),Bam Adebayo (38239623),276.3854296875,366.14729513564146,49900,100.00%,3,80.17%,0,185.59,$3.21,MIA 4,OKC 2,user25,42,marvalshot,8809,4678344703_25
Shai Gilgeous-Alexander (38239580),Colby Jones (38239966),Kevin Huerter (38239725),LeBron James (38239587),Tristan Vukcevic (38239923),Davion Mitchell (38239876),Kyle Anderson (38240065),Tyler Herro (38239631),275.96230468749997,365.6827527760472,49900,100.00%,0,76.15%,0,221.79000000000002,$3.05,MIA 3,WAS 2,user26,50,marvalshot,5079,4678344695_26
Davion Mitchell (38239876),Kevin Huerter (38239725),Jaylen Martin (38240062),Kenrich Williams (38239995),Tristan Vukcevic (38239923),Shai Gilgeous-Alexander (38239580),LeBron James (38239587),Bam Adebayo (38239623),277.0370399305556,367.1456971590834,49900,100.00%,14,87.45%,0,203.56,$3.5,MIA 2,WAS 2,user26,48,marvalshot,8749,4678344696_26
Josh Giddey (38239598),Colby Jones (38239966),Jaylen Martin (38240062),Justin Champagnie (38239809),Tristan Vukcevic (38239923),Tyler Herro (38239631),LeBron James (38239587),Isaiah Hartenstein (38239684),284.06905815972226,372.15702366520304,49700,100.00%,10720,251.91%,0,234.61,$10.08,WAS 4,CHI 1,user26,49,marvalshot,8751,4678344697_26
Andrew Nembhard (38239749),Coby White (38239640),Justin Champagnie (38239809),Kyle Anderson (38240065),Tristan Vukcevic (38239923),Kevin Huerter (38239725),LeBron James (38239587),Tyler Herro (38239631),265.25075086805555,347.855280612208,49800,56.79%,0,-64.89%,0,162.94,$-2.6,CHI 2,WAS 2,user20,1,marvalshot,8771,4678344698_20
Tyler Herro (38239631),Carlton Carrington (38239793),Jaylen Martin (38240062),Bam Adebayo (38239623),Tristan Vukcevic (38239923),Shai Gilgeous-Alexander (38239580),Kenrich Williams (38239995),Isaiah Hartenstein (38239684),281.4501692708333,374.2119510118801,49800,100.00%,1781,155.62%,0,201.01,$6.22,WAS 3,OKC 3,user26,45,marvalshot,8805,4678344699_26
Tyler Herro (38239631),Tyrese Martin (38239908),Jaylen Martin (38240062),Patrick Williams (38239940),Tristan Vukcevic (38239923),Kevin Huerter (38239725),LeBron James (38239587),Shai Gilgeous-Alexander (38239580),282.9733159722222,371.78455929792983,50000,100.00%,6117,204.85%,0,199.91000000000003,$8.19,WAS 2,CHI 2,user27,48,marvalshot,2909,4678344700_27
Tyler Herro (38239631),Colby Jones (38239966),LeBron James (38239587),Sandro Mamukelashvili (38239955),Tristan Vukcevic (38239923),Shai Gilgeous-Alexander (38239580),Kyle Anderson (38240065),Alexandre Sarr (38239686),288.6785243055556,386.7632618638457,49900,100.00%,44550,843.12%,0,218.26000000000002,$33.72,WAS 3,MIA 2,user26,49,marvalshot,8808,4678344701_26
Tyler Herro (38239631),Colby Jones (38239966),LeBron James (38239587),Bam Adebayo (38239623),Tristan Vukcevic (38239923),Josh Giddey (38239598),Kyle Anderson (38240065),Kenrich Williams (38239995),280.0610807291667,371.6965018846828,49900,100.00%,277,123.86%,0,245.43,$4.95,MIA 3,WAS 2,user26,50,marvalshot,4202,4678344702_26
Tyler Herro (38239631),Pelle Larsson (38240216),Jalen Williams (38239627),Kenrich Williams (38239995),Tristan Vukcevic (38239923),Davion Mitchell (38239876),LeBron James (38239587),Bam Adebayo (38239623),276.3854296875,366.14729513564146,49900,100.00%,3,80.17%,0,185.59,$3.21,MIA 4,OKC 2,user26,42,marvalshot,8809,4678344703_26
Shai Gilgeous-Alexander (38239580),Colby Jones (38239966),Kevin Huerter (38239725),LeBron James (38239587),Tristan Vukcevic (38239923),Davion Mitchell (38239876),Kyle Anderson (38240065),Tyler Herro (38239631),275.96230468749997,365.6827527760472,49900,100.00%,0,76.15%,0,221.79000000000002,$3.05,MIA 3,WAS 2,user27,50,marvalshot,5079,4678344695_27
Davion Mitchell (38239876),Kevin Huerter (38239725),Jaylen Martin (38240062),Kenrich Williams (38239995),Tristan Vukcevic (38239923),Shai Gilgeous-Alexander (38239580),LeBron James (38239587),Bam Adebayo (38239623),277.0370399305556,367.1456971590834,49900,100.00%,14,87.45%,0,203.56,$3.5,MIA 2,WAS 2,user27,48,marvalshot,8749,4678344696_27
Josh Giddey (38239598),Colby Jones (38239966),Jaylen Martin (38240062),Justin Champagnie (38239809),Tristan Vukcevic (38239923),Tyler Herro (38239631),LeBron James (38239587),Isaiah Hartenstein (38239684),284.06905815972226,372.15702366520304,49700,100.00%,10720,251.91%,0,234.61,$10.08,WAS 4,CHI 1,user27,49,marvalshot,8751,4678344697_27
Shai Gilgeous-Alexander (38239580),Coby White (38239640),Justin Champagnie (38239809),Kyle Anderson (38240065),Tristan Vukcevic (38239923),Kevin Huerter (38239725),Keldon Johnson (38239818),Tyler Herro (38239631),265.23075086805557,352.99528061220803,49700,56.62%,0,-65.44%,0,162.9,$-2.62,CHI 2,WAS 2,user46,1,marvalshot,8797,4678344698_46
Tyler Herro (38239631),Carlton Carrington (38239793),Jaylen Martin (38240062),Bam Adebayo (38239623),Tristan Vukcevic (38239923),Shai Gilgeous-Alexander (38239580),Kenrich Williams (38239995),Isaiah Hartenstein (38239684),281.4501692708333,374.2119510118801,49800,100.00%,1781,155.62%,0,201.01,$6.22,WAS 3,OKC 3,user27,45,marvalshot,8805,4678344699_27
Tyler Herro (38239631),Tyrese Martin (38239908),Jaylen Martin (38240062),Patrick Williams (38239940),Tristan Vukcevic (38239923),Kevin Huerter (38239725),LeBron James (38239587),Shai Gilgeous-Alexander (38239580),282.9733159722222,371.78455929792983,50000,100.00%,6117,204.85%,0,199.91000000000003,$8.19,WAS 2,CHI 2,user28,48,marvalshot,2909,4678344700_28
Tyler Herro (38239631),Colby Jones (38239966),LeBron James (38239587),Sandro Mamukelashvili (38239955),Tristan Vukcevic (38239923),Shai Gilgeous-Alexander (38239580),Kyle Anderson (38240065),Alexandre Sarr (38239686),288.6785243055556,386.7632618638457,49900,100.00%,44550,843.12%,0,218.26000000000002,$33.72,WAS 3,MIA 2,user27,49,marvalshot,8808,4678344701_27
Tyler Herro (38239631),Colby Jones (38239966),LeBron James (38239587),Bam Adebayo (38239623),Tristan Vukcevic (38239923),Josh Giddey (38239598),Kyle Anderson (38240065),Kenrich Williams (38239995),280.0610807291667,371.6965018846828,49900,100.00%,277,123.86%,0,245.43,$4.95,MIA 3,WAS 2,user27,50,marvalshot,4202,4678344702_27
Tyler Herro (38239631),Pelle Larsson (38240216),Jalen Williams (38239627),Kenrich Williams (38239995),Tristan Vukcevic (38239923),Davion Mitchell (38239876),LeBron James (38239587),Bam Adebayo (38239623),276.3854296875,366.14729513564146,49900,100.00%,3,80.17%,0,185.59,$3.21,MIA 4,OKC 2,user27,42,marvalshot,8809,4678344703_27
Shai Gilgeous-Alexander (38239580),Colby Jones (38239966),Kevin Huerter (38239725),LeBron James (38239587),Tristan Vukcevic (38239923),Davion Mitchell (38239876),Kyle Anderson (38240065),Tyler Herro (38239631),275.96230468749997,365.6827527760472,49900,100.00%,0,76.15%,0,221.79000000000002,$3.05,MIA 3,WAS 2,user28,50,marvalshot,5079,4678344695_28
Davion Mitchell (38239876),Kevin Huerter (38239725),Jaylen Martin (38240062),Kenrich Williams (38239995),Tristan Vukcevic (38239923),Shai Gilgeous-Alexander (38239580),LeBron James (38239587),Bam Adebayo (38239623),277.0370399305556,367.1456971590834,49900,100.00%,14,87.45%,0,203.56,$3.5,MIA 2,WAS 2,user28,48,marvalshot,8749,4678344696_28
Josh Giddey (38239598),Colby Jones (38239966),Jaylen Martin (38240062),Justin Champagnie (38239809),Tristan Vukcevic (38239923),Tyler Herro (38239631),LeBron James (38239587),Isaiah Hartenstein (38239684),284.06905815972226,372.15702366520304,49700,100.00%,10720,251.91%,0,234.61,$10.08,WAS 4,CHI 1,user28,49,marvalshot,8751,4678344697_28
Tyrese Haliburton (38239612),Cason Wallace (38239919),Justin Champagnie (38239809),Kyle Anderson (38240065),Tristan Vukcevic (38239923),Shai Gilgeous-Alexander (38239580),Kevin Huerter (38239725),Tyler Herro (38239631),265.2207508680556,351.80528061220804,49800,56.62%,0,-65.71%,0,175.29000000000002,$-2.63,OKC 2,WAS 2,user18,1,marvalshot,8769,4678344698_18
Tyler Herro (38239631),Carlton Carrington (38239793),Jaylen Martin (38240062),Bam Adebayo (38239623),Tristan Vukcevic (38239923),Shai Gilgeous-Alexander (38239580),Kenrich Williams (38239995),Isaiah Hartenstein (38239684),281.4501692708333,374.2119510118801,49800,100.00%,1781,155.62%,0,201.01,$6.22,WAS 3,OKC 3,user28,45,marvalshot,8805,4678344699_28
Tyler Herro (38239631),Tyrese Martin (38239908),Jaylen Martin (38240062),Patrick Williams (38239940),Tristan Vukcevic (38239923),Kevin Huerter (38239725),LeBron James (38239587),Shai Gilgeous-Alexander (38239580),282.9733159722222,371.78455929792983,50000,100.00%,6117,204.85%,0,199.91000000000003,$8.19,WAS 2,CHI 2,user29,48,marvalshot,2909,4678344700_29
Tyler Herro (38239631),Colby Jones (38239966),LeBron James (38239587),Sandro Mamukelashvili (38239955),Tristan Vukcevic (38239923),Shai Gilgeous-Alexander (38239580),Kyle Anderson (38240065),Alexandre Sarr (38239686),288.6785243055556,386.7632618638457,49900,100.00%,44550,843.12%,0,218.26000000000002,$33.72,WAS 3,MIA 2,user28,49,marvalshot,8808,4678344701_28
Tyler Herro (38239631),Colby Jones (38239966),LeBron James (38239587),Bam Adebayo (38239623),Tristan Vukcevic (38239923),Josh Giddey (38239598),Kyle Anderson (38240065),Kenrich Williams (38239995),280.0610807291667,371.6965018846828,49900,100.00%,277,123.86%,0,245.43,$4.95,MIA 3,WAS 2,user28,50,marvalshot,4202,4678344702_28
Tyler Herro (38239631),Pelle Larsson (38240216),Jalen Williams (38239627),Kenrich Williams (38239995),Tristan Vukcevic (38239923),Davion Mitchell (38239876),LeBron James (38239587),Bam Adebayo (38239623),276.3854296875,366.14729513564146,49900,100.00%,3,80.17%,0,185.59,$3.21,MIA 4,OKC 2,user28,42,marvalshot,8809,4678344703_28
Shai Gilgeous-Alexander (38239580),Colby Jones (38239966),Kevin Huerter (38239725),LeBron James (38239587),Tristan Vukcevic (38239923),Davion Mitchell (38239876),Kyle Anderson (38240065),Tyler Herro (38239631),275.96230468749997,365.6827527760472,49900,100.00%,0,76.15%,0,221.79000000000002,$3.05,MIA 3,WAS 2,user29,50,marvalshot,5079,4678344695_29
Davion Mitchell (38239876),Kevin Huerter (38239725),Jaylen Martin (38240062),Kenrich Williams (38239995),Tristan Vukcevic (38239923),Shai Gilgeous-Alexander (38239580),LeBron James (38239587),Bam Adebayo (38239623),277.0370399305556,367.1456971590834,49900,100.00%,14,87.45%,0,203.56,$3.5,MIA 2,WAS 2,user29,48,marvalshot,8749,4678344696_29
Josh Giddey (38239598),Colby Jones (38239966),Jaylen Martin (38240062),Justin Champagnie (38239809),Tristan Vukcevic (38239923),Tyler Herro (38239631),LeBron James (38239587),Isaiah Hartenstein (38239684),284.06905815972226,372.15702366520304,49700,100.00%,10720,251.91%,0,234.61,$10.08,WAS 4,CHI 1,user29,49,marvalshot,8751,4678344697_29
Shai Gilgeous-Alexander (38239580),Jrue Holiday (38239745),Justin Champagnie (38239809),Kyle Anderson (38240065),Tristan Vukcevic (38239923),Coby White (38239640),Jeremy Sochan (38239805),Tyler Herro (38239631),265.0907508680555,353.45528061220796,49700,54.43%,0,-67.69%,0,192.47,$-2.71,WAS 2,MIA 2,user9,1,marvalshot,8760,4678344698_9
Tyler Herro (38239631),Carlton Carrington (38239793),Jaylen Martin (38240062),Bam Adebayo (38239623),Tristan Vukcevic (38239923),Shai Gilgeous-Alexander (38239580),Kenrich Williams (38239995),Isaiah Hartenstein (38239684),281.4501692708333,374.2119510118801,49800,100.00%,1781,155.62%,0,201.01,$6.22,WAS 3,OKC 3,user29,45,marvalshot,8805,4678344699_29
Tyler Herro (38239631),Tyrese Martin (38239908),Jaylen Martin (38240062),Patrick Williams (38239940),Tristan Vukcevic (38239923),Kevin Huerter (38239725),LeBron James (38239587),Shai Gilgeous-Alexander (38239580),282.9733159722222,371.78455929792983,50000,100.00%,6117,204.85%,0,199.91000000000003,$8.19,WAS 2,CHI 2,user30,48,marvalshot,2909,4678344700_30
Tyler Herro (38239631),Colby Jones (38239966),LeBron James (38239587),Sandro Mamukelashvili (38239955),Tristan Vukcevic (38239923),Shai Gilgeous-Alexander (38239580),Kyle Anderson (38240065),Alexandre Sarr (38239686),288.6785243055556,386.7632618638457,49900,100.00%,44550,843.12%,0,218.26000000000002,$33.72,WAS 3,MIA 2,user29,49,marvalshot,8808,4678344701_29
Tyler Herro (38239631),Colby Jones (38239966),LeBron James (38239587),Bam Adebayo (38239623),Tristan Vukcevic (38239923),Josh Giddey (38239598),Kyle Anderson (38240065),Kenrich Williams (38239995),280.0610807291667,371.6965018846828,49900,100.00%,277,123.86%,0,245.43,$4.95,MIA 3,WAS 2,user29,50,marvalshot,4202,4678344702_29
Tyler Herro (38239631),Pelle Larsson (38240216),Jalen Williams (38239627),Kenrich Williams (38239995),Tristan Vukcevic (38239923),Davion Mitchell (38239876),LeBron James (38239587),Bam Adebayo (38239623),276.3854296875,366.14729513564146,49900,100.00%,3,80.17%,0,185.59,$3.21,MIA 4,OKC 2,user29,42,marvalshot,8809,4678344703_29
Shai Gilgeous-Alexander (38239580),Colby Jones (38239966),Kevin Huerter (38239725),LeBron James (38239587),Tristan Vukcevic (38239923),Davion Mitchell (38239876),Kyle Anderson (38240065),Tyler Herro (38239631),275.96230468749997,365.6827527760472,49900,100.00%,0,76.15%,0,221.79000000000002,$3.05,MIA 3,WAS 2,user30,50,marvalshot,5079,4678344695_30
Davion Mitchell (38239876),Kevin Huerter (38239725),Jaylen Martin (38240062),Kenrich Williams (38239995),Tristan Vukcevic (38239923),Shai Gilgeous-Alexander (38239580),LeBron James (38239587),Bam Adebayo (38239623),277.0370399305556,367.1456971590834,49900,100.00%,14,87.45%,0,203.56,$3.5,MIA 2,WAS 2,user30,48,marvalshot,8749,4678344696_30
Josh Giddey (38239598),Colby Jones (38239966),Jaylen Martin (38240062),Justin Champagnie (38239809),Tristan Vukcevic (38239923),Tyler Herro (38239631),LeBron James (38239587),Isaiah Hartenstein (38239684),284.06905815972226,372.15702366520304,49700,100.00%,10720,251.91%,0,234.61,$10.08,WAS 4,CHI 1,user30,49,marvalshot,8751,4678344697_30
Cason Wallace (38239919),Stephon Castle (38239688),Justin Champagnie (38239809),Kyle Anderson (38240065),Tristan Vukcevic (38239923),Shai Gilgeous-Alexander (38239580),Coby White (38239640),Tyler Herro (38239631),264.99075086805556,354.135280612208,49700,52.99%,0,-68.85%,0,166.28,$-2.75,OKC 2,WAS 2,user17,1,marvalshot,8768,4678344698_17
Tyler Herro (38239631),Carlton Carrington (38239793),Jaylen Martin (38240062),Bam Adebayo (38239623),Tristan Vukcevic (38239923),Shai Gilgeous-Alexander (38239580),Kenrich Williams (38239995),Isaiah Hartenstein (38239684),281.4501692708333,374.2119510118801,49800,100.00%,1781,155.62%,0,201.01,$6.22,WAS 3,OKC 3,user30,45,marvalshot,8805,4678344699_30
Tyler Herro (38239631),Tyrese Martin (38239908),Jaylen Martin (38240062),Patrick Williams (38239940),Tristan Vukcevic (38239923),Kevin Huerter (38239725),LeBron James (38239587),Shai Gilgeous-Alexander (38239580),282.9733159722222,371.78455929792983,50000,100.00%,6117,204.85%,0,199.91000000000003,$8.19,WAS 2,CHI 2,user31,48,marvalshot,2909,4678344700_31
Tyler Herro (38239631),Colby Jones (38239966),LeBron James (38239587),Sandro Mamukelashvili (38239955),Tristan Vukcevic (38239923),Shai Gilgeous-Alexander (38239580),Kyle Anderson (38240065),Alexandre Sarr (38239686),288.6785243055556,386.7632618638457,49900,100.00%,44550,843.12%,0,218.26000000000002,$33.72,WAS 3,MIA 2,user30,49,marvalshot,8808,4678344701_30
Tyler Herro (38239631),Colby Jones (38239966),LeBron James (38239587),Bam Adebayo (38239623),Tristan Vukcevic (38239923),Josh Giddey (38239598),Kyle Anderson (38240065),Kenrich Williams (38239995),280.0610807291667,371.6965018846828,49900,100.00%,277,123.86%,0,245.43,$4.95,MIA 3,WAS 2,user30,50,marvalshot,4202,4678344702_30
Tyler Herro (38239631),Pelle Larsson (38240216),Jalen Williams (38239627),Kenrich Williams (38239995),Tristan Vukcevic (38239923),Davion Mitchell (38239876),LeBron James (38239587),Bam Adebayo (38239623),276.3854296875,366.14729513564146,49900,100.00%,3,80.17%,0,185.59,$3.21,MIA 4,OKC 2,user30,42,marvalshot,8809,4678344703_30
Shai Gilgeous-Alexander (38239580),Colby Jones (38239966),Kevin Huerter (38239725),LeBron James (38239587),Tristan Vukcevic (38239923),Davion Mitchell (38239876),Kyle Anderson (38240065),Tyler Herro (38239631),275.96230468749997,365.6827527760472,49900,100.00%,0,76.15%,0,221.79000000000002,$3.05,MIA 3,WAS 2,user31,50,marvalshot,5079,4678344695_31
Davion Mitchell (38239876),Kevin Huerter (38239725),Jaylen Martin (38240062),Kenrich Williams (38239995),Tristan Vukcevic (38239923),Shai Gilgeous-Alexander (38239580),LeBron James (38239587),Bam Adebayo (38239623),277.0370399305556,367.1456971590834,49900,100.00%,14,87.45%,0,203.56,$3.5,MIA 2,WAS 2,user31,48,marvalshot,8749,4678344696_31
Josh Giddey (38239598),Colby Jones (38239966),Jaylen Martin (38240062),Justin Champagnie (38239809),Tristan Vukcevic (38239923),Tyler Herro (38239631),LeBron James (38239587),Isaiah Hartenstein (38239684),284.06905815972226,372.15702366520304,49700,100.00%,10720,251.91%,0,234.61,$10.08,WAS 4,CHI 1,user31,49,marvalshot,8751,4678344697_31
Josh Giddey (38239598),Andrew Nembhard (38239749),Justin Champagnie (38239809),Kyle Anderson (38240065),Tristan Vukcevic (38239923),Shai Gilgeous-Alexander (38239580),Sandro Mamukelashvili (38239955),Tyler Herro (38239631),264.94075086805555,356.705280612208,49400,52.01%,0,-70.09%,0,179.15,$-2.8,WAS 2,MIA 2,user10,1,marvalshot,8761,4678344698_10
Tyler Herro (38239631),Carlton Carrington (38239793),Jaylen Martin (38240062),Bam Adebayo (38239623),Tristan Vukcevic (38239923),Shai Gilgeous-Alexander (38239580),Kenrich Williams (38239995),Isaiah Hartenstein (38239684),281.4501692708333,374.2119510118801,49800,100.00%,1781,155.62%,0,201.01,$6.22,WAS 3,OKC 3,user31,45,marvalshot,8805,4678344699_31
Tyler Herro (38239631),Tyrese Martin (38239908),Jaylen Martin (38240062),Patrick Williams (38239940),Tristan Vukcevic (38239923),Kevin Huerter (38239725),LeBron James (38239587),Shai Gilgeous-Alexander (38239580),282.9733159722222,371.78455929792983,50000,100.00%,6117,204.85%,0,199.91000000000003,$8.19,WAS 2,CHI 2,user32,48,marvalshot,2909,4678344700_32
Tyler Herro (38239631),Colby Jones (38239966),LeBron James (38239587),Sandro Mamukelashvili (38239955),Tristan Vukcevic (38239923),Shai Gilgeous-Alexander (38239580),Kyle Anderson (38240065),Alexandre Sarr (38239686),288.6785243055556,386.7632618638457,49900,100.00%,44550,843.12%,0,218.26000000000002,$33.72,WAS 3,MIA 2,user31,49,marvalshot,8808,4678344701_31
Tyler Herro (38239631),Colby Jones (38239966),LeBron James (38239587),Bam Adebayo (38239623),Tristan Vukcevic (38239923),Josh Giddey (38239598),Kyle Anderson (38240065),Kenrich Williams (38239995),280.0610807291667,371.6965018846828,49900,100.00%,277,123.86%,0,245.43,$4.95,MIA 3,WAS 2,user31,50,marvalshot,4202,4678344702_31
Tyler Herro (38239631),Pelle Larsson (38240216),Jalen Williams (38239627),Kenrich Williams (38239995),Tristan Vukcevic (38239923),Davion Mitchell (38239876),LeBron James (38239587),Bam Adebayo (38239623),276.3854296875,366.14729513564146,49900,100.00%,3,80.17%,0,185.59,$3.21,MIA 4,OKC 2,user31,42,marvalshot,8809,4678344703_31
Shai Gilgeous-Alexander (38239580),Colby Jones (38239966),Kevin Huerter (38239725),LeBron James (38239587),Tristan Vukcevic (38239923),Davion Mitchell (38239876),Kyle Anderson (38240065),Tyler Herro (38239631),275.96230468749997,365.6827527760472,49900,100.00%,0,76.15%,0,221.79000000000002,$3.05,MIA 3,WAS 2,user32,50,marvalshot,5079,4678344695_32
Davion Mitchell (38239876),Kevin Huerter (38239725),Jaylen Martin (38240062),Kenrich Williams (38239995),Tristan Vukcevic (38239923),Shai Gilgeous-Alexander (38239580),LeBron James (38239587),Bam Adebayo (38239623),277.0370399305556,367.1456971590834,49900,100.00%,14,87.45%,0,203.56,$3.5,MIA 2,WAS 2,user32,48,marvalshot,8749,4678344696_32
Josh Giddey (38239598),Colby Jones (38239966),Jaylen Martin (38240062),Justin Champagnie (38239809),Tristan Vukcevic (38239923),Tyler Herro (38239631),LeBron James (38239587),Isaiah Hartenstein (38239684),284.06905815972226,372.15702366520304,49700,100.00%,10720,251.91%,0,234.61,$10.08,WAS 4,CHI 1,user32,49,marvalshot,8751,4678344697_32
Cason Wallace (38239919),Coby White (38239640),Justin Champagnie (38239809),Kyle Anderson (38240065),Tristan Vukcevic (38239923),Shai Gilgeous-Alexander (38239580),Kevin Huerter (38239725),Tyler Herro (38239631),264.9607508680556,349.645280612208,49000,52.71%,0,-71.07%,0,176.4,$-2.84,OKC 2,CHI 2,user43,1,marvalshot,8794,4678344698_43
Tyler Herro (38239631),Carlton Carrington (38239793),Jaylen Martin (38240062),Bam Adebayo (38239623),Tristan Vukcevic (38239923),Shai Gilgeous-Alexander (38239580),Kenrich Williams (38239995),Isaiah Hartenstein (38239684),281.4501692708333,374.2119510118801,49800,100.00%,1781,155.62%,0,201.01,$6.22,WAS 3,OKC 3,user32,45,marvalshot,8805,4678344699_32
Tyler Herro (38239631),Tyrese Martin (38239908),Jaylen Martin (38240062),Patrick Williams (38239940),Tristan Vukcevic (38239923),Kevin Huerter (38239725),LeBron James (38239587),Shai Gilgeous-Alexander (38239580),282.9733159722222,371.78455929792983,50000,100.00%,6117,204.85%,0,199.91000000000003,$8.19,WAS 2,CHI 2,user33,48,marvalshot,2909,4678344700_33
Tyler Herro (38239631),Colby Jones (38239966),LeBron James (38239587),Sandro Mamukelashvili (38239955),Tristan Vukcevic (38239923),Shai Gilgeous-Alexander (38239580),Kyle Anderson (38240065),Alexandre Sarr (38239686),288.6785243055556,386.7632618638457,49900,100.00%,44550,843.12%,0,218.26000000000002,$33.72,WAS 3,MIA 2,user32,49,marvalshot,8808,4678344701_32
Tyler Herro (38239631),Colby Jones (38239966),LeBron James (38239587),Bam Adebayo (38239623),Tristan Vukcevic (38239923),Josh Giddey (38239598),Kyle Anderson (38240065),Kenrich Williams (38239995),280.0610807291667,371.6965018846828,49900,100.00%,277,123.86%,0,245.43,$4.95,MIA 3,WAS 2,user32,50,marvalshot,4202,4678344702_32
Tyler Herro (38239631),Pelle Larsson (38240216),Jalen Williams (38239627),Kenrich Williams (38239995),Tristan Vukcevic (38239923),Davion Mitchell (38239876),LeBron James (38239587),Bam Adebayo (38239623),276.3854296875,366.14729513564146,49900,100.00%,3,80.17%,0,185.59,$3.21,MIA 4,OKC 2,user32,42,marvalshot,8809,4678344703_32
Shai Gilgeous-Alexander (38239580),Colby Jones (38239966),Kevin Huerter (38239725),LeBron James (38239587),Tristan Vukcevic (38239923),Davion Mitchell (38239876),Kyle Anderson (38240065),Tyler Herro (38239631),275.96230468749997,365.6827527760472,49900,100.00%,0,76.15%,0,221.79000000000002,$3.05,MIA 3,WAS 2,user33,50,marvalshot,5079,4678344695_33
Davion Mitchell (38239876),Kevin Huerter (38239725),Jaylen Martin (38240062),Kenrich Williams (38239995),Tristan Vukcevic (38239923),Shai Gilgeous-Alexander (38239580),LeBron James (38239587),Bam Adebayo (38239623),277.0370399305556,367.1456971590834,49900,100.00%,14,87.45%,0,203.56,$3.5,MIA 2,WAS 2,user33,48,marvalshot,8749,4678344696_33
Josh Giddey (38239598),Colby Jones (38239966),Jaylen Martin (38240062),Justin Champagnie (38239809),Tristan Vukcevic (38239923),Tyler Herro (38239631),LeBron James (38239587),Isaiah Hartenstein (38239684),284.06905815972226,372.15702366520304,49700,100.00%,10720,251.91%,0,234.61,$10.08,WAS 4,CHI 1,user33,49,marvalshot,8751,4678344697_33
Josh Giddey (38239598),Stephon Castle (38239688),Justin Champagnie (38239809),Kyle Anderson (38240065),Tristan Vukcevic (38239923),Kevin Huerter (38239725),Pascal Siakam (38239649),Tyler Herro (38239631),264.7807508680556,348.755280612208,49900,49.48%,0,-72.24%,0,164.82,$-2.89,CHI 2,WAS 2,user25,1,marvalshot,8776,4678344698_25
Tyler Herro (38239631),Carlton Carrington (38239793),Jaylen Martin (38240062),Bam Adebayo (38239623),Tristan Vukcevic (38239923),Shai Gilgeous-Alexander (38239580),Kenrich Williams (38239995),Isaiah Hartenstein (38239684),281.4501692708333,374.2119510118801,49800,100.00%,1781,155.62%,0,201.01,$6.22,WAS 3,OKC 3,user33,45,marvalshot,8805,4678344699_33
Tyler Herro (38239631),Tyrese Martin (38239908),Jaylen Martin (38240062),Patrick Williams (38239940),Tristan Vukcevic (38239923),Kevin Huerter (38239725),LeBron James (38239587),Shai Gilgeous-Alexander (38239580),282.9733159722222,371.78455929792983,50000,100.00%,6117,204.85%,0,199.91000000000003,$8.19,WAS 2,CHI 2,user34,48,marvalshot,2909,4678344700_34
Tyler Herro (38239631),Colby Jones (38239966),LeBron James (38239587),Sandro Mamukelashvili (38239955),Tristan Vukcevic (38239923),Shai Gilgeous-Alexander (38239580),Kyle Anderson (38240065),Alexandre Sarr (38239686),288.6785243055556,386.7632618638457,49900,100.00%,44550,843.12%,0,218.26000000000002,$33.72,WAS 3,MIA 2,user33,49,marvalshot,8808,4678344701_33
Tyler Herro (38239631),Colby Jones (38239966),LeBron James (38239587),Bam Adebayo (38239623),Tristan Vukcevic (38239923),Josh Giddey (38239598),Kyle Anderson (38240065),Kenrich Williams (38239995),280.0610807291667,371.6965018846828,49900,100.00%,277,123.86%,0,245.43,$4.95,MIA 3,WAS 2,user33,50,marvalshot,4202,4678344702_33
Tyler Herro (38239631),Pelle Larsson (38240216),Jalen Williams (38239627),Kenrich Williams (38239995),Tristan Vukcevic (38239923),Davion Mitchell (38239876),LeBron James (38239587),Bam Adebayo (38239623),276.3854296875,366.14729513564146,49900,100.00%,3,80.17%,0,185.59,$3.21,MIA 4,OKC 2,user33,42,marvalshot,8809,4678344703_33
Shai Gilgeous-Alexander (38239580),Colby Jones (38239966),Kevin Huerter (38239725),LeBron James (38239587),Tristan Vukcevic (38239923),Davion Mitchell (38239876),Kyle Anderson (38240065),Tyler Herro (38239631),275.96230468749997,365.6827527760472,49900,100.00%,0,76.15%,0,221.79000000000002,$3.05,MIA 3,WAS 2,user34,50,marvalshot,5079,4678344695_34
Davion Mitchell (38239876),Kevin Huerter (38239725),Jaylen Martin (38240062),Kenrich Williams (38239995),Tristan Vukcevic (38239923),Shai Gilgeous-Alexander (38239580),LeBron James (38239587),Bam Adebayo (38239623),277.0370399305556,367.1456971590834,49900,100.00%,14,87.45%,0,203.56,$3.5,MIA 2,WAS 2,user34,48,marvalshot,8749,4678344696_34
Josh Giddey (38239598),Colby Jones (38239966),Jaylen Martin (38240062),Justin Champagnie (38239809),Tristan Vukcevic (38239923),Tyler Herro (38239631),LeBron James (38239587),Isaiah Hartenstein (38239684),284.06905815972226,372.15702366520304,49700,100.00%,10720,251.91%,0,234.61,$10.08,WAS 4,CHI 1,user34,49,marvalshot,8751,4678344697_34
Shai Gilgeous-Alexander (38239580),Cason Wallace (38239919),Justin Champagnie (38239809),Kyle Anderson (38240065),Tristan Vukcevic (38239923),Kevin Huerter (38239725),Jalen Williams (38239627),Tyler Herro (38239631),264.7807508680556,352.79528061220805,49400,49.36%,0,-74.07%,0,177.03,$-2.96,OKC 3,WAS 2,user12,1,marvalshot,8763,4678344698_12
Tyler Herro (38239631),Carlton Carrington (38239793),Jaylen Martin (38240062),Bam Adebayo (38239623),Tristan Vukcevic (38239923),Shai Gilgeous-Alexander (38239580),Kenrich Williams (38239995),Isaiah Hartenstein (38239684),281.4501692708333,374.2119510118801,49800,100.00%,1781,155.62%,0,201.01,$6.22,WAS 3,OKC 3,user34,45,marvalshot,8805,4678344699_34
Tyler Herro (38239631),Tyrese Martin (38239908),Jaylen Martin (38240062),Patrick Williams (38239940),Tristan Vukcevic (38239923),Kevin Huerter (38239725),LeBron James (38239587),Shai Gilgeous-Alexander (38239580),282.9733159722222,371.78455929792983,50000,100.00%,6117,204.85%,0,199.91000000000003,$8.19,WAS 2,CHI 2,user35,48,marvalshot,2909,4678344700_35
Tyler Herro (38239631),Colby Jones (38239966),LeBron James (38239587),Sandro Mamukelashvili (38239955),Tristan Vukcevic (38239923),Shai Gilgeous-Alexander (38239580),Kyle Anderson (38240065),Alexandre Sarr (38239686),288.6785243055556,386.7632618638457,49900,100.00%,44550,843.12%,0,218.26000000000002,$33.72,WAS 3,MIA 2,user34,49,marvalshot,8808,4678344701_34
Tyler Herro (38239631),Colby Jones (38239966),LeBron James (38239587),Bam Adebayo (38239623),Tristan Vukcevic (38239923),Josh Giddey (38239598),Kyle Anderson (38240065),Kenrich Williams (38239995),280.0610807291667,371.6965018846828,49900,100.00%,277,123.86%,0,245.43,$4.95,MIA 3,WAS 2,user34,50,marvalshot,4202,4678344702_34
Tyler Herro (38239631),Pelle Larsson (38240216),Jalen Williams (38239627),Kenrich Williams (38239995),Tristan Vukcevic (38239923),Davion Mitchell (38239876),LeBron James (38239587),Bam Adebayo (38239623),276.3854296875,366.14729513564146,49900,100.00%,3,80.17%,0,185.59,$3.21,MIA 4,OKC 2,user34,42,marvalshot,8809,4678344703_34
Shai Gilgeous-Alexander (38239580),Colby Jones (38239966),Kevin Huerter (38239725),LeBron James (38239587),Tristan Vukcevic (38239923),Davion Mitchell (38239876),Kyle Anderson (38240065),Tyler Herro (38239631),275.96230468749997,365.6827527760472,49900,100.00%,0,76.15%,0,221.79000000000002,$3.05,MIA 3,WAS 2,user35,50,marvalshot,5079,4678344695_35
Davion Mitchell (38239876),Kevin Huerter (38239725),Jaylen Martin (38240062),Kenrich Williams (38239995),Tristan Vukcevic (38239923),Shai Gilgeous-Alexander (38239580),LeBron James (38239587),Bam Adebayo (38239623),277.0370399305556,367.1456971590834,49900,100.00%,14,87.45%,0,203.56,$3.5,MIA 2,WAS 2,user35,48,marvalshot,8749,4678344696_35
Josh Giddey (38239598),Colby Jones (38239966),Jaylen Martin (38240062),Justin Champagnie (38239809),Tristan Vukcevic (38239923),Tyler Herro (38239631),LeBron James (38239587),Isaiah Hartenstein (38239684),284.06905815972226,372.15702366520304,49700,100.00%,10720,251.91%,0,234.61,$10.08,WAS 4,CHI 1,user35,49,marvalshot,8751,4678344697_35
Luka Doncic (38239577),Isaiah Joe (38239952),Justin Champagnie (38239809),Kyle Anderson (38240065),Tristan Vukcevic (38239923),Cason Wallace (38239919),LeBron James (38239587),Tyler Herro (38239631),264.63075086805554,354.99528061220803,49700,47.12%,0,-75.33%,0,184.72,$-3.01,LAL 2,OKC 2,user3,1,marvalshot,8754,4678344698_3
Tyler Herro (38239631),Carlton Carrington (38239793),Jaylen Martin (38240062),Bam Adebayo (38239623),Tristan Vukcevic (38239923),Shai Gilgeous-Alexander (38239580),Kenrich Williams (38239995),Isaiah Hartenstein (38239684),281.4501692708333,374.2119510118801,49800,100.00%,1781,155.62%,0,201.01,$6.22,WAS 3,OKC 3,user35,45,marvalshot,8805,4678344699_35
Tyler Herro (38239631),Tyrese Martin (38239908),Jaylen Martin (38240062),Patrick Williams (38239940),Tristan Vukcevic (38239923),Kevin Huerter (38239725),LeBron James (38239587),Shai Gilgeous-Alexander (38239580),282.9733159722222,371.78455929792983,50000,100.00%,6117,204.85%,0,199.91000000000003,$8.19,WAS 2,CHI 2,user36,48,marvalshot,2909,4678344700_36
Tyler Herro (38239631),Colby Jones (38239966),LeBron James (38239587),Sandro Mamukelashvili (38239955),Tristan Vukcevic (38239923),Shai Gilgeous-Alexander (38239580),Kyle Anderson (38240065),Alexandre Sarr (38239686),288.6785243055556,386.7632618638457,49900,100.00%,44550,843.12%,0,218.26000000000002,$33.72,WAS 3,MIA 2,user35,49,marvalshot,8808,4678344701_35
Tyler Herro (38239631),Colby Jones (38239966),LeBron James (38239587),Bam Adebayo (38239623),Tristan Vukcevic (38239923),Josh Giddey (38239598),Kyle Anderson (38240065),Kenrich Williams (38239995),280.0610807291667,371.6965018846828,49900,100.00%,277,123.86%,0,245.43,$4.95,MIA 3,WAS 2,user35,50,marvalshot,4202,4678344702_35
Tyler Herro (38239631),Pelle Larsson (38240216),Jalen Williams (38239627),Kenrich Williams (38239995),Tristan Vukcevic (38239923),Davion Mitchell (38239876),LeBron James (38239587),Bam Adebayo (38239623),276.3854296875,366.14729513564146,49900,100.00%,3,80.17%,0,185.59,$3.21,MIA 4,OKC 2,user35,42,marvalshot,8809,4678344703_35
Shai Gilgeous-Alexander (38239580),Colby Jones (38239966),Kevin Huerter (38239725),LeBron James (38239587),Tristan Vukcevic (38239923),Davion Mitchell (38239876),Kyle Anderson (38240065),Tyler Herro (38239631),275.96230468749997,365.6827527760472,49900,100.00%,0,76.15%,0,221.79000000000002,$3.05,MIA 3,WAS 2,user36,50,marvalshot,5079,4678344695_36
Davion Mitchell (38239876),Kevin Huerter (38239725),Jaylen Martin (38240062),Kenrich Williams (38239995),Tristan Vukcevic (38239923),Shai Gilgeous-Alexander (38239580),LeBron James (38239587),Bam Adebayo (38239623),277.0370399305556,367.1456971590834,49900,100.00%,14,87.45%,0,203.56,$3.5,MIA 2,WAS 2,user36,48,marvalshot,8749,4678344696_36
Josh Giddey (38239598),Colby Jones (38239966),Jaylen Martin (38240062),Justin Champagnie (38239809),Tristan Vukcevic (38239923),Tyler Herro (38239631),LeBron James (38239587),Isaiah Hartenstein (38239684),284.06905815972226,372.15702366520304,49700,100.00%,10720,251.91%,0,234.61,$10.08,WAS 4,CHI 1,user36,49,marvalshot,8751,4678344697_36
Shai Gilgeous-Alexander (38239580),Stephon Castle (38239688),Justin Champagnie (38239809),Kyle Anderson (38240065),Tristan Vukcevic (38239923),Chris Paul (38239879),Coby White (38239640),Tyler Herro (38239631),264.42075086805556,356.18528061220803,50000,44.56%,0,-76.28%,0,152.56,$-3.05,SAS 2,WAS 2,user39,1,marvalshot,8790,4678344698_39
Tyler Herro (38239631),Carlton Carrington (38239793),Jaylen Martin (38240062),Bam Adebayo (38239623),Tristan Vukcevic (38239923),Shai Gilgeous-Alexander (38239580),Kenrich Williams (38239995),Isaiah Hartenstein (38239684),281.4501692708333,374.2119510118801,49800,100.00%,1781,155.62%,0,201.01,$6.22,WAS 3,OKC 3,user36,45,marvalshot,8805,4678344699_36
Tyler Herro (38239631),Tyrese Martin (38239908),Jaylen Martin (38240062),Patrick Williams (38239940),Tristan Vukcevic (38239923),Kevin Huerter (38239725),LeBron James (38239587),Shai Gilgeous-Alexander (38239580),282.9733159722222,371.78455929792983,50000,100.00%,6117,204.85%,0,199.91000000000003,$8.19,WAS 2,CHI 2,user37,48,marvalshot,2909,4678344700_37
Tyler Herro (38239631),Colby Jones (38239966),LeBron James (38239587),Sandro Mamukelashvili (38239955),Tristan Vukcevic (38239923),Shai Gilgeous-Alexander (38239580),Kyle Anderson (38240065),Alexandre Sarr (38239686),288.6785243055556,386.7632618638457,49900,100.00%,44550,843.12%,0,218.26000000000002,$33.72,WAS 3,MIA 2,user36,49,marvalshot,8808,4678344701_36
Tyler Herro (38239631),Colby Jones (38239966),LeBron James (38239587),Bam Adebayo (38239623),Tristan Vukcevic (38239923),Josh Giddey (38239598),Kyle Anderson (38240065),Kenrich Williams (38239995),280.0610807291667,371.6965018846828,49900,100.00%,277,123.86%,0,245.43,$4.95,MIA 3,WAS 2,user36,50,marvalshot,4202,4678344702_36
Tyler Herro (38239631),Pelle Larsson (38240216),Jalen Williams (38239627),Kenrich Williams (38239995),Tristan Vukcevic (38239923),Davion Mitchell (38239876),LeBron James (38239587),Bam Adebayo (38239623),276.3854296875,366.14729513564146,49900,100.00%,3,80.17%,0,185.59,$3.21,MIA 4,OKC 2,user36,42,marvalshot,8809,4678344703_36
Shai Gilgeous-Alexander (38239580),Colby Jones (38239966),Kevin Huerter (38239725),LeBron James (38239587),Tristan Vukcevic (38239923),Davion Mitchell (38239876),Kyle Anderson (38240065),Tyler Herro (38239631),275.96230468749997,365.6827527760472,49900,100.00%,0,76.15%,0,221.79000000000002,$3.05,MIA 3,WAS 2,user37,50,marvalshot,5079,4678344695_37
Davion Mitchell (38239876),Kevin Huerter (38239725),Jaylen Martin (38240062),Kenrich Williams (38239995),Tristan Vukcevic (38239923),Shai Gilgeous-Alexander (38239580),LeBron James (38239587),Bam Adebayo (38239623),277.0370399305556,367.1456971590834,49900,100.00%,14,87.45%,0,203.56,$3.5,MIA 2,WAS 2,user37,48,marvalshot,8749,4678344696_37
Josh Giddey (38239598),Colby Jones (38239966),Jaylen Martin (38240062),Justin Champagnie (38239809),Tristan Vukcevic (38239923),Tyler Herro (38239631),LeBron James (38239587),Isaiah Hartenstein (38239684),284.06905815972226,372.15702366520304,49700,100.00%,10720,251.91%,0,234.61,$10.08,WAS 4,CHI 1,user37,49,marvalshot,8751,4678344697_37
Josh Giddey (38239598),Devin Vassell (38239679),Justin Champagnie (38239809),Kyle Anderson (38240065),Tristan Vukcevic (38239923),Isaiah Joe (38239952),LeBron James (38239587),Tyler Herro (38239631),264.50075086805555,351.61528061220804,49900,45.07%,0,-76.48%,0,187.68,$-3.06,WAS 2,MIA 2,user42,1,marvalshot,8793,4678344698_42
Tyler Herro (38239631),Carlton Carrington (38239793),Jaylen Martin (38240062),Bam Adebayo (38239623),Tristan Vukcevic (38239923),Shai Gilgeous-Alexander (38239580),Kenrich Williams (38239995),Isaiah Hartenstein (38239684),281.4501692708333,374.2119510118801,49800,100.00%,1781,155.62%,0,201.01,$6.22,WAS 3,OKC 3,user37,45,marvalshot,8805,4678344699_37
Tyler Herro (38239631),Tyrese Martin (38239908),Jaylen Martin (38240062),Patrick Williams (38239940),Tristan Vukcevic (38239923),Kevin Huerter (38239725),LeBron James (38239587),Shai Gilgeous-Alexander (38239580),282.9733159722222,371.78455929792983,50000,100.00%,6117,204.85%,0,199.91000000000003,$8.19,WAS 2,CHI 2,user38,48,marvalshot,2909,4678344700_38
Tyler Herro (38239631),Colby Jones (38239966),LeBron James (38239587),Sandro Mamukelashvili (38239955),Tristan Vukcevic (38239923),Shai Gilgeous-Alexander (38239580),Kyle Anderson (38240065),Alexandre Sarr (38239686),288.6785243055556,386.7632618638457,49900,100.00%,44550,843.12%,0,218.26000000000002,$33.72,WAS 3,MIA 2,user37,49,marvalshot,8808,4678344701_37
Tyler Herro (38239631),Colby Jones (38239966),LeBron James (38239587),Bam Adebayo (38239623),Tristan Vukcevic (38239923),Josh Giddey (38239598),Kyle Anderson (38240065),Kenrich Williams (38239995),280.0610807291667,371.6965018846828,49900,100.00%,277,123.86%,0,245.43,$4.95,MIA 3,WAS 2,user37,50,marvalshot,4202,4678344702_37
Tyler Herro (38239631),Pelle Larsson (38240216),Jalen Williams (38239627),Kenrich Williams (38239995),Tristan Vukcevic (38239923),Davion Mitchell (38239876),LeBron James (38239587),Bam Adebayo (38239623),276.3854296875,366.14729513564146,49900,100.00%,3,80.17%,0,185.59,$3.21,MIA 4,OKC 2,user37,42,marvalshot,8809,4678344703_37
Shai Gilgeous-Alexander (38239580),Colby Jones (38239966),Kevin Huerter (38239725),LeBron James (38239587),Tristan Vukcevic (38239923),Davion Mitchell (38239876),Kyle Anderson (38240065),Tyler Herro (38239631),275.96230468749997,365.6827527760472,49900,100.00%,0,76.15%,0,221.79000000000002,$3.05,MIA 3,WAS 2,user38,50,marvalshot,5079,4678344695_38
Davion Mitchell (38239876),Kevin Huerter (38239725),Jaylen Martin (38240062),Kenrich Williams (38239995),Tristan Vukcevic (38239923),Shai Gilgeous-Alexander (38239580),LeBron James (38239587),Bam Adebayo (38239623),277.0370399305556,367.1456971590834,49900,100.00%,14,87.45%,0,203.56,$3.5,MIA 2,WAS 2,user38,48,marvalshot,8749,4678344696_38
Josh Giddey (38239598),Colby Jones (38239966),Jaylen Martin (38240062),Justin Champagnie (38239809),Tristan Vukcevic (38239923),Tyler Herro (38239631),LeBron James (38239587),Isaiah Hartenstein (38239684),284.06905815972226,372.15702366520304,49700,100.00%,10720,251.91%,0,234.61,$10.08,WAS 4,CHI 1,user38,49,marvalshot,8751,4678344697_38
Josh Giddey (38239598),Isaiah Joe (38239952),Justin Champagnie (38239809),Kyle Anderson (38240065),Tristan Vukcevic (38239923),Shai Gilgeous-Alexander (38239580),Santi Aldama (38239711),Tyler Herro (38239631),264.50075086805555,355.855280612208,49900,45.22%,0,-77.07%,0,187.18,$-3.08,OKC 2,WAS 2,user6,1,marvalshot,8757,4678344698_6
Tyler Herro (38239631),Carlton Carrington (38239793),Jaylen Martin (38240062),Bam Adebayo (38239623),Tristan Vukcevic (38239923),Shai Gilgeous-Alexander (38239580),Kenrich Williams (38239995),Isaiah Hartenstein (38239684),281.4501692708333,374.2119510118801,49800,100.00%,1781,155.62%,0,201.01,$6.22,WAS 3,OKC 3,user38,45,marvalshot,8805,4678344699_38
Tyler Herro (38239631),Tyrese Martin (38239908),Jaylen Martin (38240062),Patrick Williams (38239940),Tristan Vukcevic (38239923),Kevin Huerter (38239725),LeBron James (38239587),Shai Gilgeous-Alexander (38239580),282.9733159722222,371.78455929792983,50000,100.00%,6117,204.85%,0,199.91000000000003,$8.19,WAS 2,CHI 2,user39,48,marvalshot,2909,4678344700_39
Tyler Herro (38239631),Colby Jones (38239966),LeBron James (38239587),Sandro Mamukelashvili (38239955),Tristan Vukcevic (38239923),Shai Gilgeous-Alexander (38239580),Kyle Anderson (38240065),Alexandre Sarr (38239686),288.6785243055556,386.7632618638457,49900,100.00%,44550,843.12%,0,218.26000000000002,$33.72,WAS 3,MIA 2,user38,49,marvalshot,8808,4678344701_38
Tyler Herro (38239631),Colby Jones (38239966),LeBron James (38239587),Bam Adebayo (38239623),Tristan Vukcevic (38239923),Josh Giddey (38239598),Kyle Anderson (38240065),Kenrich Williams (38239995),280.0610807291667,371.6965018846828,49900,100.00%,277,123.86%,0,245.43,$4.95,MIA 3,WAS 2,user38,50,marvalshot,4202,4678344702_38
Tyler Herro (38239631),Pelle Larsson (38240216),Jalen Williams (38239627),Kenrich Williams (38239995),Tristan Vukcevic (38239923),Davion Mitchell (38239876),LeBron James (38239587),Bam Adebayo (38239623),276.3854296875,366.14729513564146,49900,100.00%,3,80.17%,0,185.59,$3.21,MIA 4,OKC 2,user38,42,marvalshot,8809,4678344703_38
Shai Gilgeous-Alexander (38239580),Colby Jones (38239966),Kevin Huerter (38239725),LeBron James (38239587),Tristan Vukcevic (38239923),Davion Mitchell (38239876),Kyle Anderson (38240065),Tyler Herro (38239631),275.96230468749997,365.6827527760472,49900,100.00%,0,76.15%,0,221.79000000000002,$3.05,MIA 3,WAS 2,user39,50,marvalshot,5079,4678344695_39
Davion Mitchell (38239876),Kevin Huerter (38239725),Jaylen Martin (38240062),Kenrich Williams (38239995),Tristan Vukcevic (38239923),Shai Gilgeous-Alexander (38239580),LeBron James (38239587),Bam Adebayo (38239623),277.0370399305556,367.1456971590834,49900,100.00%,14,87.45%,0,203.56,$3.5,MIA 2,WAS 2,user39,48,marvalshot,8749,4678344696_39
Josh Giddey (38239598),Colby Jones (38239966),Jaylen Martin (38240062),Justin Champagnie (38239809),Tristan Vukcevic (38239923),Tyler Herro (38239631),LeBron James (38239587),Isaiah Hartenstein (38239684),284.06905815972226,372.15702366520304,49700,100.00%,10720,251.91%,0,234.61,$10.08,WAS 4,CHI 1,user39,49,marvalshot,8751,4678344697_39
Shai Gilgeous-Alexander (38239580),Luke Kennard (38239864),Justin Champagnie (38239809),Kyle Anderson (38240065),Tristan Vukcevic (38239923),Cason Wallace (38239919),LeBron James (38239587),Tyler Herro (38239631),264.55075086805556,356.59528061220806,49400,45.75%,0,-77.25%,0,193.85,$-3.09,OKC 2,WAS 2,user4,1,marvalshot,8755,4678344698_4
Tyler Herro (38239631),Carlton Carrington (38239793),Jaylen Martin (38240062),Bam Adebayo (38239623),Tristan Vukcevic (38239923),Shai Gilgeous-Alexander (38239580),Kenrich Williams (38239995),Isaiah Hartenstein (38239684),281.4501692708333,374.2119510118801,49800,100.00%,1781,155.62%,0,201.01,$6.22,WAS 3,OKC 3,user39,45,marvalshot,8805,4678344699_39
Tyler Herro (38239631),Tyrese Martin (38239908),Jaylen Martin (38240062),Patrick Williams (38239940),Tristan Vukcevic (38239923),Kevin Huerter (38239725),LeBron James (38239587),Shai Gilgeous-Alexander (38239580),282.9733159722222,371.78455929792983,50000,100.00%,6117,204.85%,0,199.91000000000003,$8.19,WAS 2,CHI 2,user40,48,marvalshot,2909,4678344700_40
Tyler Herro (38239631),Colby Jones (38239966),LeBron James (38239587),Sandro Mamukelashvili (38239955),Tristan Vukcevic (38239923),Shai Gilgeous-Alexander (38239580),Kyle Anderson (38240065),Alexandre Sarr (38239686),288.6785243055556,386.7632618638457,49900,100.00%,44550,843.12%,0,218.26000000000002,$33.72,WAS 3,MIA 2,user39,49,marvalshot,8808,4678344701_39
Tyler Herro (38239631),Colby Jones (38239966),LeBron James (38239587),Bam Adebayo (38239623),Tristan Vukcevic (38239923),Josh Giddey (38239598),Kyle Anderson (38240065),Kenrich Williams (38239995),280.0610807291667,371.6965018846828,49900,100.00%,277,123.86%,0,245.43,$4.95,MIA 3,WAS 2,user39,50,marvalshot,4202,4678344702_39
Tyler Herro (38239631),Pelle Larsson (38240216),Jalen Williams (38239627),Kenrich Williams (38239995),Tristan Vukcevic (38239923),Davion Mitchell (38239876),LeBron James (38239587),Bam Adebayo (38239623),276.3854296875,366.14729513564146,49900,100.00%,3,80.17%,0,185.59,$3.21,MIA 4,OKC 2,user39,42,marvalshot,8809,4678344703_39
Shai Gilgeous-Alexander (38239580),Colby Jones (38239966),Kevin Huerter (38239725),LeBron James (38239587),Tristan Vukcevic (38239923),Davion Mitchell (38239876),Kyle Anderson (38240065),Tyler Herro (38239631),275.96230468749997,365.6827527760472,49900,100.00%,0,76.15%,0,221.79000000000002,$3.05,MIA 3,WAS 2,user40,50,marvalshot,5079,4678344695_40
Davion Mitchell (38239876),Kevin Huerter (38239725),Jaylen Martin (38240062),Kenrich Williams (38239995),Tristan Vukcevic (38239923),Shai Gilgeous-Alexander (38239580),LeBron James (38239587),Bam Adebayo (38239623),277.0370399305556,367.1456971590834,49900,100.00%,14,87.45%,0,203.56,$3.5,MIA 2,WAS 2,user40,48,marvalshot,8749,4678344696_40
Josh Giddey (38239598),Colby Jones (38239966),Jaylen Martin (38240062),Justin Champagnie (38239809),Tristan Vukcevic (38239923),Tyler Herro (38239631),LeBron James (38239587),Isaiah Hartenstein (38239684),284.06905815972226,372.15702366520304,49700,100.00%,10720,251.91%,0,234.61,$10.08,WAS 4,CHI 1,user40,49,marvalshot,8751,4678344697_40
Shai Gilgeous-Alexander (38239580),Vince Williams Jr. (38239961),Justin Champagnie (38239809),Kyle Anderson (38240065),Tristan Vukcevic (38239923),Josh Giddey (38239598),Kevin Huerter (38239725),Tyler Herro (38239631),264.5307508680556,352.075280612208,49700,45.46%,0,-77.41%,0,187.12,$-3.1,WAS 2,MIA 2,user19,1,marvalshot,8770,4678344698_19
Tyler Herro (38239631),Carlton Carrington (38239793),Jaylen Martin (38240062),Bam Adebayo (38239623),Tristan Vukcevic (38239923),Shai Gilgeous-Alexander (38239580),Kenrich Williams (38239995),Isaiah Hartenstein (38239684),281.4501692708333,374.2119510118801,49800,100.00%,1781,155.62%,0,201.01,$6.22,WAS 3,OKC 3,user40,45,marvalshot,8805,4678344699_40
Tyler Herro (38239631),Tyrese Martin (38239908),Jaylen Martin (38240062),Patrick Williams (38239940),Tristan Vukcevic (38239923),Kevin Huerter (38239725),LeBron James (38239587),Shai Gilgeous-Alexander (38239580),282.9733159722222,371.78455929792983,50000,100.00%,6117,204.85%,0,199.91000000000003,$8.19,WAS 2,CHI 2,user41,48,marvalshot,2909,4678344700_41
Tyler Herro (38239631),Colby Jones (38239966),LeBron James (38239587),Sandro Mamukelashvili (38239955),Tristan Vukcevic (38239923),Shai Gilgeous-Alexander (38239580),Kyle Anderson (38240065),Alexandre Sarr (38239686),288.6785243055556,386.7632618638457,49900,100.00%,44550,843.12%,0,218.26000000000002,$33.72,WAS 3,MIA 2,user40,49,marvalshot,8808,4678344701_40
Tyler Herro (38239631),Colby Jones (38239966),LeBron James (38239587),Bam Adebayo (38239623),Tristan Vukcevic (38239923),Josh Giddey (38239598),Kyle Anderson (38240065),Kenrich Williams (38239995),280.0610807291667,371.6965018846828,49900,100.00%,277,123.86%,0,245.43,$4.95,MIA 3,WAS 2,user40,50,marvalshot,4202,4678344702_40
Tyler Herro (38239631),Pelle Larsson (38240216),Jalen Williams (38239627),Kenrich Williams (38239995),Tristan Vukcevic (38239923),Davion Mitchell (38239876),LeBron James (38239587),Bam Adebayo (38239623),276.3854296875,366.14729513564146,49900,100.00%,3,80.17%,0,185.59,$3.21,MIA 4,OKC 2,user40,42,marvalshot,8809,4678344703_40
Shai Gilgeous-Alexander (38239580),Colby Jones (38239966),Kevin Huerter (38239725),LeBron James (38239587),Tristan Vukcevic (38239923),Davion Mitchell (38239876),Kyle Anderson (38240065),Tyler Herro (38239631),275.96230468749997,365.6827527760472,49900,100.00%,0,76.15%,0,221.79000000000002,$3.05,MIA 3,WAS 2,user41,50,marvalshot,5079,4678344695_41
Davion Mitchell (38239876),Kevin Huerter (38239725),Jaylen Martin (38240062),Kenrich Williams (38239995),Tristan Vukcevic (38239923),Shai Gilgeous-Alexander (38239580),LeBron James (38239587),Bam Adebayo (38239623),277.0370399305556,367.1456971590834,49900,100.00%,14,87.45%,0,203.56,$3.5,MIA 2,WAS 2,user41,48,marvalshot,8749,4678344696_41
Josh Giddey (38239598),Colby Jones (38239966),Jaylen Martin (38240062),Justin Champagnie (38239809),Tristan Vukcevic (38239923),Tyler Herro (38239631),LeBron James (38239587),Isaiah Hartenstein (38239684),284.06905815972226,372.15702366520304,49700,100.00%,10720,251.91%,0,234.61,$10.08,WAS 4,CHI 1,user41,49,marvalshot,8751,4678344697_41
Josh Giddey (38239598),Cason Wallace (38239919),Justin Champagnie (38239809),Kyle Anderson (38240065),Tristan Vukcevic (38239923),Coby White (38239640),Pascal Siakam (38239649),Tyler Herro (38239631),264.45075086805554,347.185280612208,49500,44.16%,0,-77.48%,0,173.38,$-3.1,CHI 2,WAS 2,user34,1,marvalshot,8785,4678344698_34
Tyler Herro (38239631),Carlton Carrington (38239793),Jaylen Martin (38240062),Bam Adebayo (38239623),Tristan Vukcevic (38239923),Shai Gilgeous-Alexander (38239580),Kenrich Williams (38239995),Isaiah Hartenstein (38239684),281.4501692708333,374.2119510118801,49800,100.00%,1781,155.62%,0,201.01,$6.22,WAS 3,OKC 3,user41,45,marvalshot,8805,4678344699_41
Tyler Herro (38239631),Tyrese Martin (38239908),Jaylen Martin (38240062),Patrick Williams (38239940),Tristan Vukcevic (38239923),Kevin Huerter (38239725),LeBron James (38239587),Shai Gilgeous-Alexander (38239580),282.9733159722222,371.78455929792983,50000,100.00%,6117,204.85%,0,199.91000000000003,$8.19,WAS 2,CHI 2,user42,48,marvalshot,2909,4678344700_42
Tyler Herro (38239631),Colby Jones (38239966),LeBron James (38239587),Sandro Mamukelashvili (38239955),Tristan Vukcevic (38239923),Shai Gilgeous-Alexander (38239580),Kyle Anderson (38240065),Alexandre Sarr (38239686),288.6785243055556,386.7632618638457,49900,100.00%,44550,843.12%,0,218.26000000000002,$33.72,WAS 3,MIA 2,user41,49,marvalshot,8808,4678344701_41
Tyler Herro (38239631),Colby Jones (38239966),LeBron James (38239587),Bam Adebayo (38239623),Tristan Vukcevic (38239923),Josh Giddey (38239598),Kyle Anderson (38240065),Kenrich Williams (38239995),280.0610807291667,371.6965018846828,49900,100.00%,277,123.86%,0,245.43,$4.95,MIA 3,WAS 2,user41,50,marvalshot,4202,4678344702_41
Tyler Herro (38239631),Pelle Larsson (38240216),Jalen Williams (38239627),Kenrich Williams (38239995),Tristan Vukcevic (38239923),Davion Mitchell (38239876),LeBron James (38239587),Bam Adebayo (38239623),276.3854296875,366.14729513564146,49900,100.00%,3,80.17%,0,185.59,$3.21,MIA 4,OKC 2,user41,42,marvalshot,8809,4678344703_41
Shai Gilgeous-Alexander (38239580),Colby Jones (38239966),Kevin Huerter (38239725),LeBron James (38239587),Tristan Vukcevic (38239923),Davion Mitchell (38239876),Kyle Anderson (38240065),Tyler Herro (38239631),275.96230468749997,365.6827527760472,49900,100.00%,0,76.15%,0,221.79000000000002,$3.05,MIA 3,WAS 2,user42,50,marvalshot,5079,4678344695_42
Davion Mitchell (38239876),Kevin Huerter (38239725),Jaylen Martin (38240062),Kenrich Williams (38239995),Tristan Vukcevic (38239923),Shai Gilgeous-Alexander (38239580),LeBron James (38239587),Bam Adebayo (38239623),277.0370399305556,367.1456971590834,49900,100.00%,14,87.45%,0,203.56,$3.5,MIA 2,WAS 2,user42,48,marvalshot,8749,4678344696_42
Josh Giddey (38239598),Colby Jones (38239966),Jaylen Martin (38240062),Justin Champagnie (38239809),Tristan Vukcevic (38239923),Tyler Herro (38239631),LeBron James (38239587),Isaiah Hartenstein (38239684),284.06905815972226,372.15702366520304,49700,100.00%,10720,251.91%,0,234.61,$10.08,WAS 4,CHI 1,user42,49,marvalshot,8751,4678344697_42
Chris Paul (38239879),Coby White (38239640),Justin Champagnie (38239809),Kyle Anderson (38240065),Tristan Vukcevic (38239923),Shai Gilgeous-Alexander (38239580),Kevin Huerter (38239725),Tyler Herro (38239631),264.3907508680556,351.695280612208,49300,43.99%,0,-77.71%,0,162.68,$-3.11,CHI 2,WAS 2,user35,1,marvalshot,8786,4678344698_35
Tyler Herro (38239631),Carlton Carrington (38239793),Jaylen Martin (38240062),Bam Adebayo (38239623),Tristan Vukcevic (38239923),Shai Gilgeous-Alexander (38239580),Kenrich Williams (38239995),Isaiah Hartenstein (38239684),281.4501692708333,374.2119510118801,49800,100.00%,1781,155.62%,0,201.01,$6.22,WAS 3,OKC 3,user42,45,marvalshot,8805,4678344699_42
Tyler Herro (38239631),Tyrese Martin (38239908),Jaylen Martin (38240062),Patrick Williams (38239940),Tristan Vukcevic (38239923),Kevin Huerter (38239725),LeBron James (38239587),Shai Gilgeous-Alexander (38239580),282.9733159722222,371.78455929792983,50000,100.00%,6117,204.85%,0,199.91000000000003,$8.19,WAS 2,CHI 2,user43,48,marvalshot,2909,4678344700_43
Tyler Herro (38239631),Colby Jones (38239966),LeBron James (38239587),Sandro Mamukelashvili (38239955),Tristan Vukcevic (38239923),Shai Gilgeous-Alexander (38239580),Kyle Anderson (38240065),Alexandre Sarr (38239686),288.6785243055556,386.7632618638457,49900,100.00%,44550,843.12%,0,218.26000000000002,$33.72,WAS 3,MIA 2,user42,49,marvalshot,8808,4678344701_42
Tyler Herro (38239631),Colby Jones (38239966),LeBron James (38239587),Bam Adebayo (38239623),Tristan Vukcevic (38239923),Josh Giddey (38239598),Kyle Anderson (38240065),Kenrich Williams (38239995),280.0610807291667,371.6965018846828,49900,100.00%,277,123.86%,0,245.43,$4.95,MIA 3,WAS 2,user42,50,marvalshot,4202,4678344702_42
Tyler Herro (38239631),Pelle Larsson (38240216),Jalen Williams (38239627),Kenrich Williams (38239995),Tristan Vukcevic (38239923),Davion Mitchell (38239876),LeBron James (38239587),Bam Adebayo (38239623),276.3854296875,366.14729513564146,49900,100.00%,3,80.17%,0,185.59,$3.21,MIA 4,OKC 2,user42,42,marvalshot,8809,4678344703_42
Shai Gilgeous-Alexander (38239580),Colby Jones (38239966),Kevin Huerter (38239725),LeBron James (38239587),Tristan Vukcevic (38239923),Davion Mitchell (38239876),Kyle Anderson (38240065),Tyler Herro (38239631),275.96230468749997,365.6827527760472,49900,100.00%,0,76.15%,0,221.79000000000002,$3.05,MIA 3,WAS 2,user43,50,marvalshot,5079,4678344695_43
Davion Mitchell (38239876),Kevin Huerter (38239725),Jaylen Martin (38240062),Kenrich Williams (38239995),Tristan Vukcevic (38239923),Shai Gilgeous-Alexander (38239580),LeBron James (38239587),Bam Adebayo (38239623),277.0370399305556,367.1456971590834,49900,100.00%,14,87.45%,0,203.56,$3.5,MIA 2,WAS 2,user43,48,marvalshot,8749,4678344696_43
Josh Giddey (38239598),Colby Jones (38239966),Jaylen Martin (38240062),Justin Champagnie (38239809),Tristan Vukcevic (38239923),Tyler Herro (38239631),LeBron James (38239587),Isaiah Hartenstein (38239684),284.06905815972226,372.15702366520304,49700,100.00%,10720,251.91%,0,234.61,$10.08,WAS 4,CHI 1,user43,49,marvalshot,8751,4678344697_43
Jrue Holiday (38239745),Kevin Huerter (38239725),Justin Champagnie (38239809),Kyle Anderson (38240065),Tristan Vukcevic (38239923),Coby White (38239640),LeBron James (38239587),Tyler Herro (38239631),264.3407508680556,347.695280612208,50000,42.82%,0,-78.94%,0,159.29,$-3.16,CHI 2,WAS 2,user27,1,marvalshot,8778,4678344698_27
Tyler Herro (38239631),Carlton Carrington (38239793),Jaylen Martin (38240062),Bam Adebayo (38239623),Tristan Vukcevic (38239923),Shai Gilgeous-Alexander (38239580),Kenrich Williams (38239995),Isaiah Hartenstein (38239684),281.4501692708333,374.2119510118801,49800,100.00%,1781,155.62%,0,201.01,$6.22,WAS 3,OKC 3,user43,45,marvalshot,8805,4678344699_43
Tyler Herro (38239631),Tyrese Martin (38239908),Jaylen Martin (38240062),Patrick Williams (38239940),Tristan Vukcevic (38239923),Kevin Huerter (38239725),LeBron James (38239587),Shai Gilgeous-Alexander (38239580),282.9733159722222,371.78455929792983,50000,100.00%,6117,204.85%,0,199.91000000000003,$8.19,WAS 2,CHI 2,user44,48,marvalshot,2909,4678344700_44
Tyler Herro (38239631),Colby Jones (38239966),LeBron James (38239587),Sandro Mamukelashvili (38239955),Tristan Vukcevic (38239923),Shai Gilgeous-Alexander (38239580),Kyle Anderson (38240065),Alexandre Sarr (38239686),288.6785243055556,386.7632618638457,49900,100.00%,44550,843.12%,0,218.26000000000002,$33.72,WAS 3,MIA 2,user43,49,marvalshot,8808,4678344701_43
Tyler Herro (38239631),Colby Jones (38239966),LeBron James (38239587),Bam Adebayo (38239623),Tristan Vukcevic (38239923),Josh Giddey (38239598),Kyle Anderson (38240065),Kenrich Williams (38239995),280.0610807291667,371.6965018846828,49900,100.00%,277,123.86%,0,245.43,$4.95,MIA 3,WAS 2,user43,50,marvalshot,4202,4678344702_43
Tyler Herro (38239631),Pelle Larsson (38240216),Jalen Williams (38239627),Kenrich Williams (38239995),Tristan Vukcevic (38239923),Davion Mitchell (38239876),LeBron James (38239587),Bam Adebayo (38239623),276.3854296875,366.14729513564146,49900,100.00%,3,80.17%,0,185.59,$3.21,MIA 4,OKC 2,user43,42,marvalshot,8809,4678344703_43
Shai Gilgeous-Alexander (38239580),Colby Jones (38239966),Kevin Huerter (38239725),LeBron James (38239587),Tristan Vukcevic (38239923),Davion Mitchell (38239876),Kyle Anderson (38240065),Tyler Herro (38239631),275.96230468749997,365.6827527760472,49900,100.00%,0,76.15%,0,221.79000000000002,$3.05,MIA 3,WAS 2,user44,50,marvalshot,5079,4678344695_44
Davion Mitchell (38239876),Kevin Huerter (38239725),Jaylen Martin (38240062),Kenrich Williams (38239995),Tristan Vukcevic (38239923),Shai Gilgeous-Alexander (38239580),LeBron James (38239587),Bam Adebayo (38239623),277.0370399305556,367.1456971590834,49900,100.00%,14,87.45%,0,203.56,$3.5,MIA 2,WAS 2,user44,48,marvalshot,8749,4678344696_44
Josh Giddey (38239598),Colby Jones (38239966),Jaylen Martin (38240062),Justin Champagnie (38239809),Tristan Vukcevic (38239923),Tyler Herro (38239631),LeBron James (38239587),Isaiah Hartenstein (38239684),284.06905815972226,372.15702366520304,49700,100.00%,10720,251.91%,0,234.61,$10.08,WAS 4,CHI 1,user44,49,marvalshot,8751,4678344697_44
Shai Gilgeous-Alexander (38239580),Kevin Huerter (38239725),Justin Champagnie (38239809),Kyle Anderson (38240065),Tristan Vukcevic (38239923),Chris Paul (38239879),Jalen Williams (38239627),Tyler Herro (38239631),264.2107508680556,354.84528061220806,49700,41.09%,0,-79.85%,0,163.31,$-3.19,OKC 2,WAS 2,user15,1,marvalshot,8766,4678344698_15
Tyler Herro (38239631),Carlton Carrington (38239793),Jaylen Martin (38240062),Bam Adebayo (38239623),Tristan Vukcevic (38239923),Shai Gilgeous-Alexander (38239580),Kenrich Williams (38239995),Isaiah Hartenstein (38239684),281.4501692708333,374.2119510118801,49800,100.00%,1781,155.62%,0,201.01,$6.22,WAS 3,OKC 3,user44,45,marvalshot,8805,4678344699_44
Tyler Herro (38239631),Tyrese Martin (38239908),Jaylen Martin (38240062),Patrick Williams (38239940),Tristan Vukcevic (38239923),Kevin Huerter (38239725),LeBron James (38239587),Shai Gilgeous-Alexander (38239580),282.9733159722222,371.78455929792983,50000,100.00%,6117,204.85%,0,199.91000000000003,$8.19,WAS 2,CHI 2,user45,48,marvalshot,2909,4678344700_45
Tyler Herro (38239631),Colby Jones (38239966),LeBron James (38239587),Sandro Mamukelashvili (38239955),Tristan Vukcevic (38239923),Shai Gilgeous-Alexander (38239580),Kyle Anderson (38240065),Alexandre Sarr (38239686),288.6785243055556,386.7632618638457,49900,100.00%,44550,843.12%,0,218.26000000000002,$33.72,WAS 3,MIA 2,user44,49,marvalshot,8808,4678344701_44
Tyler Herro (38239631),Colby Jones (38239966),LeBron James (38239587),Bam Adebayo (38239623),Tristan Vukcevic (38239923),Josh Giddey (38239598),Kyle Anderson (38240065),Kenrich Williams (38239995),280.0610807291667,371.6965018846828,49900,100.00%,277,123.86%,0,245.43,$4.95,MIA 3,WAS 2,user44,50,marvalshot,4202,4678344702_44
Tyler Herro (38239631),Pelle Larsson (38240216),Jalen Williams (38239627),Kenrich Williams (38239995),Tristan Vukcevic (38239923),Davion Mitchell (38239876),LeBron James (38239587),Bam Adebayo (38239623),276.3854296875,366.14729513564146,49900,100.00%,3,80.17%,0,185.59,$3.21,MIA 4,OKC 2,user44,42,marvalshot,8809,4678344703_44
Shai Gilgeous-Alexander (38239580),Colby Jones (38239966),Kevin Huerter (38239725),LeBron James (38239587),Tristan Vukcevic (38239923),Davion Mitchell (38239876),Kyle Anderson (38240065),Tyler Herro (38239631),275.96230468749997,365.6827527760472,49900,100.00%,0,76.15%,0,221.79000000000002,$3.05,MIA 3,WAS 2,user45,50,marvalshot,5079,4678344695_45
Davion Mitchell (38239876),Kevin Huerter (38239725),Jaylen Martin (38240062),Kenrich Williams (38239995),Tristan Vukcevic (38239923),Shai Gilgeous-Alexander (38239580),LeBron James (38239587),Bam Adebayo (38239623),277.0370399305556,367.1456971590834,49900,100.00%,14,87.45%,0,203.56,$3.5,MIA 2,WAS 2,user45,48,marvalshot,8749,4678344696_45
Josh Giddey (38239598),Colby Jones (38239966),Jaylen Martin (38240062),Justin Champagnie (38239809),Tristan Vukcevic (38239923),Tyler Herro (38239631),LeBron James (38239587),Isaiah Hartenstein (38239684),284.06905815972226,372.15702366520304,49700,100.00%,10720,251.91%,0,234.61,$10.08,WAS 4,CHI 1,user45,49,marvalshot,8751,4678344697_45
Stephon Castle (38239688),Kevin Huerter (38239725),Justin Champagnie (38239809),Kyle Anderson (38240065),Tristan Vukcevic (38239923),Josh Giddey (38239598),Jaren Jackson Jr. (38239645),Tyler Herro (38239631),264.2107508680555,348.58528061220795,49900,40.98%,0,-80.08%,0,166.03,$-3.2,CHI 2,WAS 2,user14,1,marvalshot,8765,4678344698_14
Tyler Herro (38239631),Carlton Carrington (38239793),Jaylen Martin (38240062),Bam Adebayo (38239623),Tristan Vukcevic (38239923),Shai Gilgeous-Alexander (38239580),Kenrich Williams (38239995),Isaiah Hartenstein (38239684),281.4501692708333,374.2119510118801,49800,100.00%,1781,155.62%,0,201.01,$6.22,WAS 3,OKC 3,user45,45,marvalshot,8805,4678344699_45
Tyler Herro (38239631),Tyrese Martin (38239908),Jaylen Martin (38240062),Patrick Williams (38239940),Tristan Vukcevic (38239923),Kevin Huerter (38239725),LeBron James (38239587),Shai Gilgeous-Alexander (38239580),282.9733159722222,371.78455929792983,50000,100.00%,6117,204.85%,0,199.91000000000003,$8.19,WAS 2,CHI 2,user46,48,marvalshot,2909,4678344700_46
Tyler Herro (38239631),Colby Jones (38239966),LeBron James (38239587),Sandro Mamukelashvili (38239955),Tristan Vukcevic (38239923),Shai Gilgeous-Alexander (38239580),Kyle Anderson (38240065),Alexandre Sarr (38239686),288.6785243055556,386.7632618638457,49900,100.00%,44550,843.12%,0,218.26000000000002,$33.72,WAS 3,MIA 2,user45,49,marvalshot,8808,4678344701_45
Tyler Herro (38239631),Colby Jones (38239966),LeBron James (38239587),Bam Adebayo (38239623),Tristan Vukcevic (38239923),Josh Giddey (38239598),Kyle Anderson (38240065),Kenrich Williams (38239995),280.0610807291667,371.6965018846828,49900,100.00%,277,123.86%,0,245.43,$4.95,MIA 3,WAS 2,user45,50,marvalshot,4202,4678344702_45
Tyler Herro (38239631),Pelle Larsson (38240216),Jalen Williams (38239627),Kenrich Williams (38239995),Tristan Vukcevic (38239923),Davion Mitchell (38239876),LeBron James (38239587),Bam Adebayo (38239623),276.3854296875,366.14729513564146,49900,100.00%,3,80.17%,0,185.59,$3.21,MIA 4,OKC 2,user45,42,marvalshot,8809,4678344703_45
Shai Gilgeous-Alexander (38239580),Colby Jones (38239966),Kevin Huerter (38239725),LeBron James (38239587),Tristan Vukcevic (38239923),Davion Mitchell (38239876),Kyle Anderson (38240065),Tyler Herro (38239631),275.96230468749997,365.6827527760472,49900,100.00%,0,76.15%,0,221.79000000000002,$3.05,MIA 3,WAS 2,user46,50,marvalshot,5079,4678344695_46
Davion Mitchell (38239876),Kevin Huerter (38239725),Jaylen Martin (38240062),Kenrich Williams (38239995),Tristan Vukcevic (38239923),Shai Gilgeous-Alexander (38239580),LeBron James (38239587),Bam Adebayo (38239623),277.0370399305556,367.1456971590834,49900,100.00%,14,87.45%,0,203.56,$3.5,MIA 2,WAS 2,user46,48,marvalshot,8749,4678344696_46
Josh Giddey (38239598),Colby Jones (38239966),Jaylen Martin (38240062),Justin Champagnie (38239809),Tristan Vukcevic (38239923),Tyler Herro (38239631),LeBron James (38239587),Isaiah Hartenstein (38239684),284.06905815972226,372.15702366520304,49700,100.00%,10720,251.91%,0,234.61,$10.08,WAS 4,CHI 1,user46,49,marvalshot,8751,4678344697_46
Josh Giddey (38239598),Stephon Castle (38239688),Justin Champagnie (38239809),Kyle Anderson (38240065),Tristan Vukcevic (38239923),Tyrese Haliburton (38239612),Jeremy Sochan (38239805),Tyler Herro (38239631),264.24075086805556,350.415280612208,49700,41.18%,0,-80.24%,0,197.44,$-3.21,SAS 2,WAS 2,user11,1,marvalshot,8762,4678344698_11
Tyler Herro (38239631),Carlton Carrington (38239793),Jaylen Martin (38240062),Bam Adebayo (38239623),Tristan Vukcevic (38239923),Shai Gilgeous-Alexander (38239580),Kenrich Williams (38239995),Isaiah Hartenstein (38239684),281.4501692708333,374.2119510118801,49800,100.00%,1781,155.62%,0,201.01,$6.22,WAS 3,OKC 3,user46,45,marvalshot,8805,4678344699_46
Tyler Herro (38239631),Tyrese Martin (38239908),Jaylen Martin (38240062),Patrick Williams (38239940),Tristan Vukcevic (38239923),Kevin Huerter (38239725),LeBron James (38239587),Shai Gilgeous-Alexander (38239580),282.9733159722222,371.78455929792983,50000,100.00%,6117,204.85%,0,199.91000000000003,$8.19,WAS 2,CHI 2,user47,48,marvalshot,2909,4678344700_47
Tyler Herro (38239631),Colby Jones (38239966),LeBron James (38239587),Sandro Mamukelashvili (38239955),Tristan Vukcevic (38239923),Shai Gilgeous-Alexander (38239580),Kyle Anderson (38240065),Alexandre Sarr (38239686),288.6785243055556,386.7632618638457,49900,100.00%,44550,843.12%,0,218.26000000000002,$33.72,WAS 3,MIA 2,user46,49,marvalshot,8808,4678344701_46
Tyler Herro (38239631),Colby Jones (38239966),LeBron James (38239587),Bam Adebayo (38239623),Tristan Vukcevic (38239923),Josh Giddey (38239598),Kyle Anderson (38240065),Kenrich Williams (38239995),280.0610807291667,371.6965018846828,49900,100.00%,277,123.86%,0,245.43,$4.95,MIA 3,WAS 2,user46,50,marvalshot,4202,4678344702_46
Tyler Herro (38239631),Pelle Larsson (38240216),Jalen Williams (38239627),Kenrich Williams (38239995),Tristan Vukcevic (38239923),Davion Mitchell (38239876),LeBron James (38239587),Bam Adebayo (38239623),276.3854296875,366.14729513564146,49900,100.00%,3,80.17%,0,185.59,$3.21,MIA 4,OKC 2,user46,42,marvalshot,8809,4678344703_46
Shai Gilgeous-Alexander (38239580),Colby Jones (38239966),Kevin Huerter (38239725),LeBron James (38239587),Tristan Vukcevic (38239923),Davion Mitchell (38239876),Kyle Anderson (38240065),Tyler Herro (38239631),275.96230468749997,365.6827527760472,49900,100.00%,0,76.15%,0,221.79000000000002,$3.05,MIA 3,WAS 2,user47,50,marvalshot,5079,4678344695_47
Davion Mitchell (38239876),Kevin Huerter (38239725),Jaylen Martin (38240062),Kenrich Williams (38239995),Tristan Vukcevic (38239923),Shai Gilgeous-Alexander (38239580),LeBron James (38239587),Bam Adebayo (38239623),277.0370399305556,367.1456971590834,49900,100.00%,14,87.45%,0,203.56,$3.5,MIA 2,WAS 2,user47,48,marvalshot,8749,4678344696_47
Josh Giddey (38239598),Colby Jones (38239966),Jaylen Martin (38240062),Justin Champagnie (38239809),Tristan Vukcevic (38239923),Tyler Herro (38239631),LeBron James (38239587),Isaiah Hartenstein (38239684),284.06905815972226,372.15702366520304,49700,100.00%,10720,251.91%,0,234.61,$10.08,WAS 4,CHI 1,user47,49,marvalshot,8751,4678344697_47
Josh Giddey (38239598),Cason Wallace (38239919),Justin Champagnie (38239809),Kyle Anderson (38240065),Tristan Vukcevic (38239923),Andrew Nembhard (38239749),LeBron James (38239587),Tyler Herro (38239631),264.31075086805555,348.635280612208,49000,41.91%,0,-80.58%,0,200.44,$-3.22,WAS 2,MIA 2,user31,1,marvalshot,8782,4678344698_31
Tyler Herro (38239631),Carlton Carrington (38239793),Jaylen Martin (38240062),Bam Adebayo (38239623),Tristan Vukcevic (38239923),Shai Gilgeous-Alexander (38239580),Kenrich Williams (38239995),Isaiah Hartenstein (38239684),281.4501692708333,374.2119510118801,49800,100.00%,1781,155.62%,0,201.01,$6.22,WAS 3,OKC 3,user47,45,marvalshot,8805,4678344699_47
Tyler Herro (38239631),Tyrese Martin (38239908),Jaylen Martin (38240062),Patrick Williams (38239940),Tristan Vukcevic (38239923),Kevin Huerter (38239725),LeBron James (38239587),Shai Gilgeous-Alexander (38239580),282.9733159722222,371.78455929792983,50000,100.00%,6117,204.85%,0,199.91000000000003,$8.19,WAS 2,CHI 2,user48,48,marvalshot,2909,4678344700_48
Tyler Herro (38239631),Colby Jones (38239966),LeBron James (38239587),Sandro Mamukelashvili (38239955),Tristan Vukcevic (38239923),Shai Gilgeous-Alexander (38239580),Kyle Anderson (38240065),Alexandre Sarr (38239686),288.6785243055556,386.7632618638457,49900,100.00%,44550,843.12%,0,218.26000000000002,$33.72,WAS 3,MIA 2,user47,49,marvalshot,8808,4678344701_47
Tyler Herro (38239631),Colby Jones (38239966),LeBron James (38239587),Bam Adebayo (38239623),Tristan Vukcevic (38239923),Josh Giddey (38239598),Kyle Anderson (38240065),Kenrich Williams (38239995),280.0610807291667,371.6965018846828,49900,100.00%,277,123.86%,0,245.43,$4.95,MIA 3,WAS 2,user47,50,marvalshot,4202,4678344702_47
Tyler Herro (38239631),Pelle Larsson (38240216),Jalen Williams (38239627),Kenrich Williams (38239995),Tristan Vukcevic (38239923),Davion Mitchell (38239876),LeBron James (38239587),Bam Adebayo (38239623),276.3854296875,366.14729513564146,49900,100.00%,3,80.17%,0,185.59,$3.21,MIA 4,OKC 2,user47,42,marvalshot,8809,4678344703_47
Shai Gilgeous-Alexander (38239580),Colby Jones (38239966),Kevin Huerter (38239725),LeBron James (38239587),Tristan Vukcevic (38239923),Davion Mitchell (38239876),Kyle Anderson (38240065),Tyler Herro (38239631),275.96230468749997,365.6827527760472,49900,100.00%,0,76.15%,0,221.79000000000002,$3.05,MIA 3,WAS 2,user48,50,marvalshot,5079,4678344695_48
Davion Mitchell (38239876),Kevin Huerter (38239725),Jaylen Martin (38240062),Kenrich Williams (38239995),Tristan Vukcevic (38239923),Shai Gilgeous-Alexander (38239580),LeBron James (38239587),Bam Adebayo (38239623),277.0370399305556,367.1456971590834,49900,100.00%,14,87.45%,0,203.56,$3.5,MIA 2,WAS 2,user48,48,marvalshot,8749,4678344696_48
Josh Giddey (38239598),Colby Jones (38239966),Jaylen Martin (38240062),Justin Champagnie (38239809),Tristan Vukcevic (38239923),Tyler Herro (38239631),LeBron James (38239587),Isaiah Hartenstein (38239684),284.06905815972226,372.15702366520304,49700,100.00%,10720,251.91%,0,234.61,$10.08,WAS 4,CHI 1,user48,49,marvalshot,8751,4678344697_48
Luka Doncic (38239577),Isaiah Joe (38239952),Justin Champagnie (38239809),Kyle Anderson (38240065),Tristan Vukcevic (38239923),Shai Gilgeous-Alexander (38239580),Kenrich Williams (38239995),Tyler Herro (38239631),264.2107508680555,358.76528061220796,49900,40.67%,0,-80.87%,0,181.33,$-3.23,OKC 3,WAS 2,user29,1,marvalshot,8780,4678344698_29
Tyler Herro (38239631),Carlton Carrington (38239793),Jaylen Martin (38240062),Bam Adebayo (38239623),Tristan Vukcevic (38239923),Shai Gilgeous-Alexander (38239580),Kenrich Williams (38239995),Isaiah Hartenstein (38239684),281.4501692708333,374.2119510118801,49800,100.00%,1781,155.62%,0,201.01,$6.22,WAS 3,OKC 3,user48,45,marvalshot,8805,4678344699_48
Tyler Herro (38239631),Tyrese Martin (38239908),Jaylen Martin (38240062),Patrick Williams (38239940),Tristan Vukcevic (38239923),Kevin Huerter (38239725),LeBron James (38239587),Shai Gilgeous-Alexander (38239580),282.9733159722222,371.78455929792983,50000,100.00%,6117,204.85%,0,199.91000000000003,$8.19,WAS 2,CHI 2,user49,48,marvalshot,2909,4678344700_49
Tyler Herro (38239631),Colby Jones (38239966),LeBron James (38239587),Sandro Mamukelashvili (38239955),Tristan Vukcevic (38239923),Shai Gilgeous-Alexander (38239580),Kyle Anderson (38240065),Alexandre Sarr (38239686),288.6785243055556,386.7632618638457,49900,100.00%,44550,843.12%,0,218.26000000000002,$33.72,WAS 3,MIA 2,user48,49,marvalshot,8808,4678344701_48
Tyler Herro (38239631),Colby Jones (38239966),LeBron James (38239587),Bam Adebayo (38239623),Tristan Vukcevic (38239923),Josh Giddey (38239598),Kyle Anderson (38240065),Kenrich Williams (38239995),280.0610807291667,371.6965018846828,49900,100.00%,277,123.86%,0,245.43,$4.95,MIA 3,WAS 2,user48,50,marvalshot,4202,4678344702_48
Tyler Herro (38239631),Pelle Larsson (38240216),Jalen Williams (38239627),Kenrich Williams (38239995),Tristan Vukcevic (38239923),Davion Mitchell (38239876),LeBron James (38239587),Bam Adebayo (38239623),276.3854296875,366.14729513564146,49900,100.00%,3,80.17%,0,185.59,$3.21,MIA 4,OKC 2,user48,42,marvalshot,8809,4678344703_48
Shai Gilgeous-Alexander (38239580),Colby Jones (38239966),Kevin Huerter (38239725),LeBron James (38239587),Tristan Vukcevic (38239923),Davion Mitchell (38239876),Kyle Anderson (38240065),Tyler Herro (38239631),275.96230468749997,365.6827527760472,49900,100.00%,0,76.15%,0,221.79000000000002,$3.05,MIA 3,WAS 2,user49,50,marvalshot,5079,4678344695_49
Davion Mitchell (38239876),Kevin Huerter (38239725),Jaylen Martin (38240062),Kenrich Williams (38239995),Tristan Vukcevic (38239923),Shai Gilgeous-Alexander (38239580),LeBron James (38239587),Bam Adebayo (38239623),277.0370399305556,367.1456971590834,49900,100.00%,14,87.45%,0,203.56,$3.5,MIA 2,WAS 2,user49,48,marvalshot,8749,4678344696_49
Josh Giddey (38239598),Colby Jones (38239966),Jaylen Martin (38240062),Justin Champagnie (38239809),Tristan Vukcevic (38239923),Tyler Herro (38239631),LeBron James (38239587),Isaiah Hartenstein (38239684),284.06905815972226,372.15702366520304,49700,100.00%,10720,251.91%,0,234.61,$10.08,WAS 4,CHI 1,user49,49,marvalshot,8751,4678344697_49
Josh Giddey (38239598),Julian Champagnie (38239978),Justin Champagnie (38239809),Kyle Anderson (38240065),Tristan Vukcevic (38239923),Luka Doncic (38239577),Jeremy Sochan (38239805),Tyler Herro (38239631),264.2207508680556,352.05528061220804,49500,40.73%,0,-81.56%,0,208.24,$-3.26,SAS 2,WAS 2,user16,1,marvalshot,8767,4678344698_16
Tyler Herro (38239631),Carlton Carrington (38239793),Jaylen Martin (38240062),Bam Adebayo (38239623),Tristan Vukcevic (38239923),Shai Gilgeous-Alexander (38239580),Kenrich Williams (38239995),Isaiah Hartenstein (38239684),281.4501692708333,374.2119510118801,49800,100.00%,1781,155.62%,0,201.01,$6.22,WAS 3,OKC 3,user49,45,marvalshot,8805,4678344699_49
Tyler Herro (38239631),Tyrese Martin (38239908),Jaylen Martin (38240062),LeBron James (38239587),Tristan Vukcevic (38239923),Kevin Huerter (38239725),Patrick Williams (38239940),Shai Gilgeous-Alexander (38239580),282.9733159722222,371.7845592979298,50000,100.00%,6117,204.85%,0,199.91,$8.19,WAS 2,CHI 2,user,48,marvalshot,2909,4678344700
Tyler Herro (38239631),Colby Jones (38239966),LeBron James (38239587),Sandro Mamukelashvili (38239955),Tristan Vukcevic (38239923),Shai Gilgeous-Alexander (38239580),Kyle Anderson (38240065),Alexandre Sarr (38239686),288.6785243055556,386.7632618638457,49900,100.00%,44550,843.12%,0,218.26000000000002,$33.72,WAS 3,MIA 2,user49,49,marvalshot,8808,4678344701_49
Tyler Herro (38239631),Colby Jones (38239966),LeBron James (38239587),Bam Adebayo (38239623),Tristan Vukcevic (38239923),Josh Giddey (38239598),Kyle Anderson (38240065),Kenrich Williams (38239995),280.0610807291667,371.6965018846828,49900,100.00%,277,123.86%,0,245.43,$4.95,MIA 3,WAS 2,user49,50,marvalshot,4202,4678344702_49
Tyler Herro (38239631),Pelle Larsson (38240216),Jalen Williams (38239627),Kenrich Williams (38239995),Tristan Vukcevic (38239923),Davion Mitchell (38239876),LeBron James (38239587),Bam Adebayo (38239623),276.3854296875,366.14729513564146,49900,100.00%,3,80.17%,0,185.59,$3.21,MIA 4,OKC 2,user49,42,marvalshot,8809,4678344703_49
