PG,SG,SF,PF,C,G,F,UTIL,Proj,Ceiling,Salary,Cash %,Top 1%,ROI%,Wins,Own Sum,Avg Return,Stack1,Stack2,Lineup,Dupes,User,Index,Entry ID
KJ Simpson (38319544),Dalano Banton (38319560),Jamison Battle (38319725),Miles Bridges (38319308),Jusuf Nurkic (38319623),Dennis Schroder (38319444),Deni Avdija (38319298),Shaedon Sharpe (38319366),305.1033506944444,385.9689038040668,50000,100.00%,2992,339.79%,0,192.78,$13.59,CHA 3,POR 3,user10,1,marvalshot,7295,4683987575_10
Shaedon Sharpe (38319366),Collin Sexton (38319491),Jamison Battle (38319725),Pascal Siakam (38319373),Jusuf Nurkic (38319623),Dalano Banton (38319560),Ausar Thompson (38319458),Deni Avdija (38319298),316.99175347222223,403.88059706546306,49300,100.00%,50000,6996.61%,60,172.05,$279.86,POR 3,UTA 1,user12,1,marvalshot,7346,4683987576_12
Dennis Schroder (38319444),Shaedon Sharpe (38319366),Jamison Battle (38319725),Miles Bridges (38319308),Jusuf Nurkic (38319623),Dalano Banton (38319560),Ja'Kobe Walter (38319586),Deni Avdija (38319298),306.37227430555555,389.39952748254245,49500,100.00%,8445,433.3%,0,188.06,$17.33,POR 3,TOR 2,user48,1,marvalshot,7431,4683987577_48
Collin Gillespie (38319579),Donovan Mitchell (38319302),Ausar Thompson (38319458),Pascal Siakam (38319373),Jusuf Nurkic (38319623),Dalano Banton (38319560),Kevin Huerter (38319486),Jalen Duren (38319381),299.7873784722222,390.31454712153646,50000,100.00%,1,147.87%,0,151.52,$5.91,DET 2,PHX 1,user8,1,marvalshot,7440,4683987578_8
KJ Simpson (38319544),Dennis Schroder (38319444),Ja'Kobe Walter (38319586),Deni Avdija (38319298),Jusuf Nurkic (38319623),Shaedon Sharpe (38319366),Jamison Battle (38319725),Donovan Mitchell (38319302),294.81720486111107,380.148541182087,49800,99.99%,0,87.47%,0,153.32,$3.5,CHA 2,TOR 2,user13,1,marvalshot,7494,4683987579_13
KJ Simpson (38319544),Malik Beasley (38319469),Brice Sensabaugh (38319564),Pascal Siakam (38319373),Jusuf Nurkic (38319623),Shaedon Sharpe (38319366),Deni Avdija (38319298),Dalano Banton (38319560),304.3953298611111,383.70873170205607,49300,100.00%,1765,302.89%,0,153.88,$12.12,POR 3,CHA 2,user14,1,marvalshot,7544,4683987580_14
Dalano Banton (38319560),Dennis Schroder (38319444),Jamison Battle (38319725),Pascal Siakam (38319373),Jusuf Nurkic (38319623),Shaedon Sharpe (38319366),Deni Avdija (38319298),Donovan Clingan (38319495),320.0973784722222,407.1945471215364,49400,100.00%,50000,19484.14%,2856,191.96999999999997,$779.37,POR 4,DET 1,user26,1,marvalshot,7583,4683987581_26
Malik Monk (38319403),Dalano Banton (38319560),Jamison Battle (38319725),Pascal Siakam (38319373),Jusuf Nurkic (38319623),KJ Simpson (38319544),Chet Holmgren (38319394),Domantas Sabonis (38319289),297.9687326388889,380.4980987922857,49700,100.00%,0,120.77%,0,179.79999999999998,$4.83,SAC 2,CHA 2,user4,1,marvalshot,7610,4683987582_4
KJ Simpson (38319544),Stephon Castle (38319386),Jamison Battle (38319725),Miles Bridges (38319308),Jusuf Nurkic (38319623),Dennis Schroder (38319444),Deni Avdija (38319298),Dalano Banton (38319560),302.3733506944444,384.81890380406685,49800,100.00%,134,214.24%,0,187.87,$8.57,CHA 3,POR 2,user20,1,marvalshot,7305,4683987575_20
Darius Garland (38319349),Collin Sexton (38319491),Jamison Battle (38319725),Pascal Siakam (38319373),Jusuf Nurkic (38319623),Dalano Banton (38319560),Ausar Thompson (38319458),Deni Avdija (38319298),315.2117534722222,405.050597065463,49700,100.00%,49995,4195.63%,5,168.13,$167.83,POR 2,CLE 1,user23,1,marvalshot,7357,4683987576_23
Dennis Schroder (38319444),Dalano Banton (38319560),Jamison Battle (38319725),Miles Bridges (38319308),Jusuf Nurkic (38319623),Stephon Castle (38319386),Ja'Kobe Walter (38319586),Deni Avdija (38319298),303.6422743055556,388.24952748254253,49300,100.00%,763,265.27%,0,183.15,$10.61,POR 2,TOR 2,user12,1,marvalshot,7395,4683987577_12
Collin Gillespie (38319579),Dalano Banton (38319560),Ausar Thompson (38319458),Pascal Siakam (38319373),Jusuf Nurkic (38319623),Donovan Mitchell (38319302),Matas Buzelis (38319518),Jalen Duren (38319381),298.3373784722222,389.5545471215365,49500,100.00%,0,125.43%,0,149.13,$5.02,DET 2,PHX 1,user32,1,marvalshot,7464,4683987578_32
KJ Simpson (38319544),Dennis Schroder (38319444),Ja'Kobe Walter (38319586),Deni Avdija (38319298),Jusuf Nurkic (38319623),Shai Gilgeous-Alexander (38319275),Jamison Battle (38319725),Dalano Banton (38319560),293.6472048611111,381.34854118208705,49300,99.99%,0,75.3%,0,198.91,$3.01,CHA 2,TOR 2,user2,1,marvalshot,7483,4683987579_2
KJ Simpson (38319544),Malik Beasley (38319469),Brice Sensabaugh (38319564),Pascal Siakam (38319373),Jusuf Nurkic (38319623),Dalano Banton (38319560),Deni Avdija (38319298),Darius Garland (38319349),302.61532986111115,384.8787317020561,49700,100.00%,339,226.43%,0,149.95999999999998,$9.06,CHA 2,POR 2,user2,1,marvalshot,7532,4683987580_2
Dalano Banton (38319560),Dennis Schroder (38319444),Jamison Battle (38319725),Pascal Siakam (38319373),Jusuf Nurkic (38319623),Chris Paul (38319596),Deni Avdija (38319298),Donovan Mitchell (38319302),316.9973784722222,407.4445471215364,49600,100.00%,50000,6968.44%,25,200.52999999999997,$278.74,POR 2,DET 1,user18,1,marvalshot,7575,4683987581_18
Malik Monk (38319403),Dalano Banton (38319560),Jamison Battle (38319725),Pascal Siakam (38319373),Jusuf Nurkic (38319623),KJ Simpson (38319544),Devin Vassell (38319398),Domantas Sabonis (38319289),296.0387326388889,375.8180987922857,49700,100.00%,0,99.19%,0,163.37,$3.97,SAC 2,CHA 2,user1,1,marvalshot,7607,4683987582_1
KJ Simpson (38319544),Dalano Banton (38319560),Jamison Battle (38319725),Miles Bridges (38319308),Jusuf Nurkic (38319623),Dennis Schroder (38319444),Deni Avdija (38319298),Jarrett Allen (38319419),299.1433506944444,382.5089038040668,49300,100.00%,1,136.23%,0,187.04000000000002,$5.45,CHA 3,POR 2,user46,1,marvalshot,7331,4683987575_46
Dalano Banton (38319560),Collin Sexton (38319491),Jamison Battle (38319725),Pascal Siakam (38319373),Jusuf Nurkic (38319623),Shai Gilgeous-Alexander (38319275),Ausar Thompson (38319458),Donovan Clingan (38319495),314.18175347222217,408.540597065463,49700,100.00%,49920,3124.23%,1,174.17,$124.97,POR 2,UTA 1,user26,1,marvalshot,7360,4683987576_26
Dennis Schroder (38319444),Dalano Banton (38319560),Jamison Battle (38319725),Miles Bridges (38319308),Jusuf Nurkic (38319623),Shai Gilgeous-Alexander (38319275),Ja'Kobe Walter (38319586),Donovan Clingan (38319495),303.56227430555555,394.0595274825425,49900,100.00%,820,262.31%,0,190.18,$10.49,POR 2,TOR 2,user8,1,marvalshot,7391,4683987577_8
Collin Gillespie (38319579),Dalano Banton (38319560),Ausar Thompson (38319458),Pascal Siakam (38319373),Jusuf Nurkic (38319623),Shai Gilgeous-Alexander (38319275),Jabari Walker (38319825),Jalen Duren (38319381),296.3873784722222,392.0545471215365,49600,100.00%,1,102.83%,0,163.26,$4.11,POR 2,DET 2,user16,1,marvalshot,7448,4683987578_16
KJ Simpson (38319544),Dennis Schroder (38319444),Ja'Kobe Walter (38319586),Deni Avdija (38319298),Jusuf Nurkic (38319623),Shaedon Sharpe (38319366),Jamison Battle (38319725),Alperen Sengun (38319306),292.37720486111107,377.768541182087,49700,99.85%,0,64.55%,0,151.45,$2.58,CHA 2,TOR 2,user15,1,marvalshot,7496,4683987579_15
KJ Simpson (38319544),Malik Beasley (38319469),Brice Sensabaugh (38319564),Pascal Siakam (38319373),Jusuf Nurkic (38319623),Stephon Castle (38319386),Deni Avdija (38319298),Dalano Banton (38319560),301.6653298611111,382.55873170205604,49100,100.00%,82,193.88%,0,148.96999999999997,$7.76,CHA 2,POR 2,user15,1,marvalshot,7545,4683987580_15
Dalano Banton (38319560),Dennis Schroder (38319444),Jamison Battle (38319725),Pascal Siakam (38319373),Jusuf Nurkic (38319623),Chris Paul (38319596),Deni Avdija (38319298),Evan Mobley (38319319),313.3073784722222,402.84454712153644,49100,100.00%,49679,2332.4%,0,197.94,$93.3,POR 2,DET 1,user32,1,marvalshot,7589,4683987581_32
Malik Monk (38319403),Justin Minaya (38320012),Jamison Battle (38319725),Pascal Siakam (38319373),Jusuf Nurkic (38319623),KJ Simpson (38319544),Deni Avdija (38319298),Domantas Sabonis (38319289),294.8287326388889,374.92809879228565,50000,99.98%,0,87.41%,0,127.58999999999999,$3.5,SAC 2,POR 2,user33,1,marvalshot,7639,4683987582_33
KJ Simpson (38319544),Dalano Banton (38319560),Jamison Battle (38319725),Miles Bridges (38319308),Jusuf Nurkic (38319623),Dennis Schroder (38319444),Evan Mobley (38319319),Shaedon Sharpe (38319366),298.6233506944444,381.2289038040668,49400,100.00%,0,128.44%,0,184.59,$5.14,CHA 3,POR 2,user,1,marvalshot,2654,4683987575
Stephon Castle (38319386),Collin Sexton (38319491),Jamison Battle (38319725),Pascal Siakam (38319373),Jusuf Nurkic (38319623),Dalano Banton (38319560),Ausar Thompson (38319458),Deni Avdija (38319298),314.2617534722222,402.73059706546303,49100,100.00%,49958,3084.19%,0,167.14,$123.37,POR 2,SAS 1,user,1,marvalshot,444,4683987576
Dennis Schroder (38319444),Donovan Mitchell (38319302),Jamison Battle (38319725),Miles Bridges (38319308),Jusuf Nurkic (38319623),Shaedon Sharpe (38319366),Ja'Kobe Walter (38319586),Dalano Banton (38319560),303.58227430555553,389.25952748254247,49400,100.00%,642,261.24%,0,182.45999999999998,$10.45,TOR 2,CHA 2,user26,1,marvalshot,7409,4683987577_26
Collin Gillespie (38319579),Dalano Banton (38319560),Ausar Thompson (38319458),Pascal Siakam (38319373),Jusuf Nurkic (38319623),Kevin Huerter (38319486),Evan Mobley (38319319),Jalen Duren (38319381),296.0973784722222,385.71454712153644,49500,100.00%,0,99.63%,0,148.93,$3.99,DET 2,PHX 1,user46,1,marvalshot,7478,4683987578_46
KJ Simpson (38319544),Dennis Schroder (38319444),Ja'Kobe Walter (38319586),Deni Avdija (38319298),Jusuf Nurkic (38319623),Stephon Castle (38319386),Jamison Battle (38319725),Donovan Mitchell (38319302),292.0872048611111,378.9985411820871,49600,99.78%,0,62.07%,0,148.41,$2.48,CHA 2,TOR 2,user14,1,marvalshot,7495,4683987579_14
KJ Simpson (38319544),Malik Beasley (38319469),Brice Sensabaugh (38319564),Pascal Siakam (38319373),Jusuf Nurkic (38319623),Dalano Banton (38319560),Deni Avdija (38319298),Donovan Clingan (38319495),301.5353298611111,382.8287317020561,47500,100.00%,58,189.06%,0,162.01,$7.56,POR 3,CHA 2,user25,1,marvalshot,7555,4683987580_25
Donovan Mitchell (38319302),Dennis Schroder (38319444),Jamison Battle (38319725),Pascal Siakam (38319373),Jusuf Nurkic (38319623),Chris Paul (38319596),Evan Mobley (38319319),Donovan Clingan (38319495),311.6673784722222,406.3045471215364,50000,100.00%,46231,1553.68%,0,154.46999999999997,$62.15,CLE 2,DET 1,user49,1,marvalshot,7606,4683987581_49
Malik Monk (38319403),Dalen Terry (38319736),Jamison Battle (38319725),Pascal Siakam (38319373),Jusuf Nurkic (38319623),KJ Simpson (38319544),Evan Mobley (38319319),Domantas Sabonis (38319289),292.88873263888894,376.1880987922857,50000,99.73%,0,69.2%,0,120.25,$2.77,SAC 2,CHA 2,user7,1,marvalshot,7613,4683987582_7
KJ Simpson (38319544),Shaedon Sharpe (38319366),Jamison Battle (38319725),Miles Bridges (38319308),Jusuf Nurkic (38319623),Dennis Schroder (38319444),Deni Avdija (38319298),Chris Paul (38319596),297.14335069444445,378.1389038040669,49500,100.00%,0,111.33%,0,164.24,$4.45,CHA 3,POR 2,user22,1,marvalshot,7307,4683987575_22
Shaedon Sharpe (38319366),Collin Sexton (38319491),Jamison Battle (38319725),Pascal Siakam (38319373),Jusuf Nurkic (38319623),Donovan Mitchell (38319302),Ausar Thompson (38319458),Dalano Banton (38319560),314.2017534722222,403.740597065463,49200,100.00%,49968,3021.82%,1,166.45,$120.87,POR 2,UTA 1,user18,1,marvalshot,7352,4683987576_18
Dennis Schroder (38319444),Dalano Banton (38319560),Jamison Battle (38319725),Miles Bridges (38319308),Jusuf Nurkic (38319623),Darius Garland (38319349),Ja'Kobe Walter (38319586),Donovan Mitchell (38319302),301.80227430555556,390.4295274825425,49800,100.00%,62,195.66%,0,178.54,$7.83,TOR 2,CHA 2,user10,1,marvalshot,7393,4683987577_10
Collin Gillespie (38319579),Dalano Banton (38319560),Ausar Thompson (38319458),Pascal Siakam (38319373),Jusuf Nurkic (38319623),Donovan Mitchell (38319302),Keldon Johnson (38319533),Jalen Duren (38319381),295.7373784722222,388.8145471215364,49200,100.00%,0,96.35%,0,147.25,$3.85,DET 2,PHX 1,user28,1,marvalshot,7460,4683987578_28
KJ Simpson (38319544),Dennis Schroder (38319444),Ja'Kobe Walter (38319586),Deni Avdija (38319298),Jusuf Nurkic (38319623),Donovan Mitchell (38319302),Jamison Battle (38319725),Donovan Clingan (38319495),291.95720486111105,379.268541182087,48000,99.71%,0,61.01%,0,161.45,$2.44,CHA 2,TOR 2,user44,1,marvalshot,7525,4683987579_44
KJ Simpson (38319544),Malik Beasley (38319469),Brice Sensabaugh (38319564),Pascal Siakam (38319373),Jusuf Nurkic (38319623),Dalano Banton (38319560),Deni Avdija (38319298),Jalen Williams (38319345),301.48532986111115,383.34873170205606,49800,100.00%,63,188.69%,0,149.13,$7.55,CHA 2,POR 2,user11,1,marvalshot,7541,4683987580_11
Dalano Banton (38319560),Dennis Schroder (38319444),Jamison Battle (38319725),Pascal Siakam (38319373),Jusuf Nurkic (38319623),Darius Garland (38319349),Evan Mobley (38319319),Donovan Clingan (38319495),311.8373784722222,403.62454712153647,49200,100.00%,47567,1520.63%,0,179.85999999999999,$60.83,POR 2,CLE 2,user15,1,marvalshot,7572,4683987581_15
Malik Monk (38319403),Shaedon Sharpe (38319366),Jamison Battle (38319725),Pascal Siakam (38319373),Jusuf Nurkic (38319623),KJ Simpson (38319544),Matisse Thybulle (38319671),Domantas Sabonis (38319289),292.7587326388889,371.05809879228565,49100,99.70%,0,68.45%,0,124.25,$2.74,SAC 2,POR 2,user3,1,marvalshot,7609,4683987582_3
KJ Simpson (38319544),Dalano Banton (38319560),Jamison Battle (38319725),Miles Bridges (38319308),Jusuf Nurkic (38319623),Dennis Schroder (38319444),Deni Avdija (38319298),Fred VanVleet (38319423),297.1033506944444,375.6089038040668,49200,100.00%,0,109.98%,0,187.27,$4.4,CHA 3,POR 2,user16,1,marvalshot,7301,4683987575_16
Stephon Castle (38319386),Collin Sexton (38319491),Jamison Battle (38319725),Pascal Siakam (38319373),Jusuf Nurkic (38319623),Donovan Mitchell (38319302),Ausar Thompson (38319458),Donovan Clingan (38319495),312.62175347222217,406.190597065463,50000,100.00%,48550,2034.72%,3,123.67,$81.39,SAS 1,UTA 1,user1,1,marvalshot,7335,4683987576_1
Dennis Schroder (38319444),Dalano Banton (38319560),Jamison Battle (38319725),Miles Bridges (38319308),Jusuf Nurkic (38319623),Josh Giddey (38319291),Ja'Kobe Walter (38319586),Shaedon Sharpe (38319366),301.7222743055556,384.8295274825425,50000,100.00%,67,193.69%,0,181.08999999999997,$7.75,POR 2,TOR 2,user27,1,marvalshot,7410,4683987577_27
Collin Gillespie (38319579),Stephon Castle (38319386),Ausar Thompson (38319458),Pascal Siakam (38319373),Jusuf Nurkic (38319623),Donovan Mitchell (38319302),Jabari Walker (38319825),Jalen Duren (38319381),294.8273784722222,389.70454712153645,49900,99.97%,0,87.53%,0,112.76,$3.5,DET 2,PHX 1,user9,1,marvalshot,7441,4683987578_9
KJ Simpson (38319544),Dennis Schroder (38319444),Ja'Kobe Walter (38319586),Deni Avdija (38319298),Jusuf Nurkic (38319623),Shaedon Sharpe (38319366),Jamison Battle (38319725),Evan Mobley (38319319),291.12720486111107,375.54854118208704,49300,99.19%,0,54.38%,0,150.73,$2.18,CHA 2,TOR 2,user8,1,marvalshot,7489,4683987579_8
KJ Simpson (38319544),Malik Beasley (38319469),Brice Sensabaugh (38319564),Pascal Siakam (38319373),Jusuf Nurkic (38319623),Dalano Banton (38319560),Deni Avdija (38319298),Nikola Vucevic (38319361),300.7253298611111,383.11873170205604,49600,100.00%,15,169.02%,0,149.14,$6.76,CHA 2,POR 2,user21,1,marvalshot,7551,4683987580_21
Shaedon Sharpe (38319366),Dennis Schroder (38319444),Jamison Battle (38319725),Pascal Siakam (38319373),Jusuf Nurkic (38319623),Dalano Banton (38319560),Matas Buzelis (38319518),Deni Avdija (38319298),311.0173784722222,394.3645471215365,49000,100.00%,45582,1160.05%,0,180.56,$46.4,POR 3,DET 1,user4,1,marvalshot,7561,4683987581_4
Malik Monk (38319403),Donovan Mitchell (38319302),Jamison Battle (38319725),Pascal Siakam (38319373),Jusuf Nurkic (38319623),KJ Simpson (38319544),Isaac Okoro (38319839),Domantas Sabonis (38319289),292.53873263888886,374.9180987922856,50000,99.67%,0,66.52%,0,118.53,$2.66,SAC 2,CLE 2,user13,1,marvalshot,7619,4683987582_13
KJ Simpson (38319544),Dalano Banton (38319560),Jamison Battle (38319725),Miles Bridges (38319308),Jusuf Nurkic (38319623),Dennis Schroder (38319444),Chet Holmgren (38319394),Deni Avdija (38319298),296.8633506944444,380.01890380406684,49700,100.00%,0,107.39%,0,200.49,$4.3,CHA 3,POR 2,user18,1,marvalshot,7303,4683987575_18
Dalano Banton (38319560),Collin Sexton (38319491),Jamison Battle (38319725),Pascal Siakam (38319373),Jusuf Nurkic (38319623),Darius Garland (38319349),Ausar Thompson (38319458),Donovan Mitchell (38319302),312.4217534722222,404.910597065463,49600,100.00%,49263,1666.24%,0,162.53,$66.65,CLE 2,POR 1,user9,1,marvalshot,7343,4683987576_9
Dennis Schroder (38319444),Shaedon Sharpe (38319366),Jamison Battle (38319725),Miles Bridges (38319308),Jusuf Nurkic (38319623),Dalano Banton (38319560),Ja'Kobe Walter (38319586),Alperen Sengun (38319306),301.14227430555553,386.87952748254247,49300,100.00%,26,177.5%,0,180.59,$7.1,POR 2,TOR 2,user20,1,marvalshot,7403,4683987577_20
Collin Gillespie (38319579),Dalano Banton (38319560),Ausar Thompson (38319458),Pascal Siakam (38319373),Jusuf Nurkic (38319623),Shai Gilgeous-Alexander (38319275),Dalen Terry (38319736),Jalen Duren (38319381),293.4673784722222,387.12454712153647,50000,99.92%,0,73.94%,0,149.51999999999998,$2.96,DET 2,PHX 1,user43,1,marvalshot,7475,4683987578_43
KJ Simpson (38319544),Dennis Schroder (38319444),Ja'Kobe Walter (38319586),Deni Avdija (38319298),Jusuf Nurkic (38319623),Donovan Mitchell (38319302),Jamison Battle (38319725),Dalano Banton (38319560),290.8072048611111,375.66854118208704,47000,99.34%,0,51.89%,0,199.32,$2.08,CHA 2,TOR 2,user46,1,marvalshot,7527,4683987579_46
KJ Simpson (38319544),Malik Beasley (38319469),Brice Sensabaugh (38319564),Pascal Siakam (38319373),Jusuf Nurkic (38319623),Shaedon Sharpe (38319366),Evan Mobley (38319319),Donovan Clingan (38319495),299.0653298611111,382.568731702056,49700,100.00%,4,138.79%,0,107.82,$5.55,CHA 2,POR 2,user22,1,marvalshot,7552,4683987580_22
Donovan Mitchell (38319302),Dennis Schroder (38319444),Jamison Battle (38319725),Pascal Siakam (38319373),Jusuf Nurkic (38319623),Dalano Banton (38319560),Deni Avdija (38319298),Steven Adams (38319720),309.81737847222223,399.4145471215365,49000,100.00%,38056,874.61%,0,183.45999999999998,$34.98,POR 2,CLE 1,user31,1,marvalshot,7588,4683987581_31
Malik Monk (38319403),Coby White (38319323),Jamison Battle (38319725),Pascal Siakam (38319373),Jusuf Nurkic (38319623),KJ Simpson (38319544),Jabari Walker (38319825),Domantas Sabonis (38319289),292.44873263888894,373.7380987922857,49500,99.59%,0,65.58%,0,130.81,$2.62,SAC 2,CHA 2,user12,1,marvalshot,7618,4683987582_12
KJ Simpson (38319544),Stephon Castle (38319386),Jamison Battle (38319725),Miles Bridges (38319308),Jusuf Nurkic (38319623),Dennis Schroder (38319444),Evan Mobley (38319319),Dalano Banton (38319560),295.89335069444445,380.0789038040669,49200,100.00%,0,97.69%,0,179.68,$3.91,CHA 3,SAS 1,user33,1,marvalshot,7318,4683987575_33
Shaedon Sharpe (38319366),Collin Sexton (38319491),Jamison Battle (38319725),Pascal Siakam (38319373),Jusuf Nurkic (38319623),Dalano Banton (38319560),Ausar Thompson (38319458),Josh Giddey (38319291),312.3417534722222,399.310597065463,49800,100.00%,49135,1639.74%,0,165.07999999999998,$65.59,POR 2,UTA 1,user14,1,marvalshot,7348,4683987576_14
Dennis Schroder (38319444),Stephon Castle (38319386),Jamison Battle (38319725),Miles Bridges (38319308),Jusuf Nurkic (38319623),Donovan Mitchell (38319302),Ja'Kobe Walter (38319586),Dalano Banton (38319560),300.8522743055555,388.10952748254243,49200,100.00%,10,169.64%,0,177.55,$6.79,TOR 2,CHA 2,user22,1,marvalshot,7405,4683987577_22
Collin Gillespie (38319579),Shaedon Sharpe (38319366),Ausar Thompson (38319458),Pascal Siakam (38319373),Jusuf Nurkic (38319623),Chris Paul (38319596),Jalen Williams (38319345),Jalen Duren (38319381),293.3973784722222,383.39454712153645,50000,99.86%,0,73.87%,0,119.89,$2.95,DET 2,PHX 1,user31,1,marvalshot,7463,4683987578_31
KJ Simpson (38319544),Dennis Schroder (38319444),Ja'Kobe Walter (38319586),Deni Avdija (38319298),Jusuf Nurkic (38319623),Josh Giddey (38319291),Jamison Battle (38319725),Donovan Clingan (38319495),290.0972048611111,374.83854118208706,48600,97.28%,0,45.56%,0,160.07999999999998,$1.82,CHA 2,TOR 2,user48,1,marvalshot,7529,4683987579_48
KJ Simpson (38319544),Malik Beasley (38319469),Brice Sensabaugh (38319564),Pascal Siakam (38319373),Jusuf Nurkic (38319623),Dalano Banton (38319560),Deni Avdija (38319298),Jalen Green (38319357),298.98532986111115,379.08873170205607,49600,100.00%,1,134.34%,0,147.48000000000002,$5.37,CHA 2,POR 2,user17,1,marvalshot,7547,4683987580_17
Dalano Banton (38319560),Dennis Schroder (38319444),Jamison Battle (38319725),Pascal Siakam (38319373),Jusuf Nurkic (38319623),Kevin Huerter (38319486),Deni Avdija (38319298),Jalen Williams (38319345),309.55737847222224,394.76454712153645,50000,100.00%,35297,834.44%,0,178.2,$33.38,POR 2,DET 1,user24,1,marvalshot,7581,4683987581_24
Malik Monk (38319403),Shaedon Sharpe (38319366),Jamison Battle (38319725),Pascal Siakam (38319373),Jusuf Nurkic (38319623),KJ Simpson (38319544),Luguentz Dort (38319599),Domantas Sabonis (38319289),291.8687326388889,367.8080987922857,49500,99.15%,0,60.74%,0,120.19,$2.43,SAC 2,CHA 2,user44,1,marvalshot,7650,4683987582_44
KJ Simpson (38319544),Kevin Huerter (38319486),Jamison Battle (38319725),Miles Bridges (38319308),Jusuf Nurkic (38319623),Dennis Schroder (38319444),Deni Avdija (38319298),Donovan Clingan (38319495),295.7633506944444,376.6189038040668,49300,99.99%,0,96.59%,0,154.01999999999998,$3.86,CHA 3,POR 2,user24,1,marvalshot,7309,4683987575_24
Shaedon Sharpe (38319366),Collin Sexton (38319491),Jamison Battle (38319725),Pascal Siakam (38319373),Jusuf Nurkic (38319623),Dalano Banton (38319560),Ausar Thompson (38319458),Alperen Sengun (38319306),311.7617534722222,401.360597065463,49100,100.00%,48029,1380.5%,0,164.57999999999998,$55.22,POR 2,UTA 1,user2,1,marvalshot,7336,4683987576_2
Dennis Schroder (38319444),Donovan Mitchell (38319302),Jamison Battle (38319725),Miles Bridges (38319308),Jusuf Nurkic (38319623),Dalano Banton (38319560),Ja'Kobe Walter (38319586),Jalen Williams (38319345),300.67227430555556,388.8995274825425,49900,100.00%,15,166.02%,0,177.71,$6.64,TOR 2,CHA 2,user3,1,marvalshot,7386,4683987577_3
Collin Gillespie (38319579),Dalano Banton (38319560),Ausar Thompson (38319458),Pascal Siakam (38319373),Jusuf Nurkic (38319623),Fred VanVleet (38319423),Jalen Williams (38319345),Jalen Duren (38319381),293.3573784722222,380.8645471215364,49700,99.92%,0,73.06%,0,142.92000000000002,$2.92,DET 2,PHX 1,user19,1,marvalshot,7451,4683987578_19
KJ Simpson (38319544),Dennis Schroder (38319444),Ja'Kobe Walter (38319586),Deni Avdija (38319298),Jusuf Nurkic (38319623),Stephon Castle (38319386),Jamison Battle (38319725),Alperen Sengun (38319306),289.6472048611111,376.6185411820871,49500,95.77%,0,40.98%,0,146.54,$1.64,CHA 2,TOR 2,user20,1,marvalshot,7501,4683987579_20
KJ Simpson (38319544),Malik Beasley (38319469),Brice Sensabaugh (38319564),Pascal Siakam (38319373),Jusuf Nurkic (38319623),Donovan Mitchell (38319302),Deni Avdija (38319298),Bismack Biyombo (38319799),298.7153298611111,382.04873170205605,49400,100.00%,4,132.64%,0,125.30999999999999,$5.31,CHA 2,DET 1,user20,1,marvalshot,7550,4683987580_20
Donovan Mitchell (38319302),Dennis Schroder (38319444),Jamison Battle (38319725),Pascal Siakam (38319373),Jusuf Nurkic (38319623),Josh Giddey (38319291),Jabari Walker (38319825),Donovan Clingan (38319495),308.7373784722222,401.89454712153645,50000,100.00%,27312,732.91%,0,149.49,$29.32,POR 2,CLE 1,user29,1,marvalshot,7586,4683987581_29
Malik Monk (38319403),Donovan Mitchell (38319302),Jamison Battle (38319725),Pascal Siakam (38319373),Jusuf Nurkic (38319623),KJ Simpson (38319544),Kris Murray (38319853),Domantas Sabonis (38319289),291.84873263888886,374.5880987922856,50000,99.21%,0,60.35%,0,117.44999999999999,$2.41,SAC 2,CHA 2,user18,1,marvalshot,7624,4683987582_18
KJ Simpson (38319544),Dalano Banton (38319560),Jamison Battle (38319725),Miles Bridges (38319308),Jusuf Nurkic (38319623),Dennis Schroder (38319444),Evan Mobley (38319319),Jalen Williams (38319345),295.71335069444444,380.86890380406686,49900,100.00%,0,95.97%,0,179.84,$3.84,CHA 3,POR 1,user21,1,marvalshot,7306,4683987575_21
Jalen Green (38319357),Collin Sexton (38319491),Jamison Battle (38319725),Pascal Siakam (38319373),Jusuf Nurkic (38319623),Dalano Banton (38319560),Ausar Thompson (38319458),Deni Avdija (38319298),311.5817534722222,399.260597065463,49600,100.00%,47768,1329.8%,0,165.65,$53.19,POR 2,HOU 1,user5,1,marvalshot,7339,4683987576_5
Dennis Schroder (38319444),Dalano Banton (38319560),Jamison Battle (38319725),Miles Bridges (38319308),Jusuf Nurkic (38319623),Donovan Mitchell (38319302),Ja'Kobe Walter (38319586),Nikola Vucevic (38319361),299.9122743055555,388.66952748254243,49700,100.00%,3,149.96%,0,177.72,$6.0,TOR 2,CHA 2,user19,1,marvalshot,7402,4683987577_19
Collin Gillespie (38319579),Stephon Castle (38319386),Ausar Thompson (38319458),Pascal Siakam (38319373),Jusuf Nurkic (38319623),Dalano Banton (38319560),Chet Holmgren (38319394),Jalen Duren (38319381),293.29737847222225,384.4845471215365,49500,99.91%,0,72.57%,0,155.98,$2.9,DET 2,PHX 1,user17,1,marvalshot,7449,4683987578_17
KJ Simpson (38319544),Dennis Schroder (38319444),Ja'Kobe Walter (38319586),Deni Avdija (38319298),Jusuf Nurkic (38319623),Darius Garland (38319349),Jamison Battle (38319725),Evan Mobley (38319319),289.3472048611111,376.71854118208705,49700,94.69%,0,37.61%,0,146.81,$1.5,CHA 2,TOR 2,user6,1,marvalshot,7487,4683987579_6
KJ Simpson (38319544),Malik Beasley (38319469),Brice Sensabaugh (38319564),Pascal Siakam (38319373),Jusuf Nurkic (38319623),Chris Paul (38319596),Deni Avdija (38319298),Evan Mobley (38319319),298.7553298611111,382.958731702056,50000,100.00%,4,131.74%,0,121.98,$5.27,CHA 2,DET 1,user12,23,marvalshot,7542,4683987580_12
Alex Caruso (38319692),Dennis Schroder (38319444),Jamison Battle (38319725),Pascal Siakam (38319373),Jusuf Nurkic (38319623),Dalano Banton (38319560),Deni Avdija (38319298),Donovan Mitchell (38319302),308.7173784722222,397.32454712153645,49100,100.00%,27394,677.12%,0,177.01999999999998,$27.08,POR 2,OKC 1,user13,1,marvalshot,7570,4683987581_13
Malik Monk (38319403),Coby White (38319323),Jamison Battle (38319725),Pascal Siakam (38319373),Jusuf Nurkic (38319623),KJ Simpson (38319544),Sandro Mamukelashvili (38319706),Domantas Sabonis (38319289),291.68873263888895,374.6580987922857,50000,99.00%,0,58.96%,0,124.09,$2.36,SAC 2,CHA 2,user2,1,marvalshot,7608,4683987582_2
KJ Simpson (38319544),Dalano Banton (38319560),Jamison Battle (38319725),Miles Bridges (38319308),Jusuf Nurkic (38319623),Dennis Schroder (38319444),Coby White (38319323),Shaedon Sharpe (38319366),295.2633506944444,373.8489038040668,49300,100.00%,0,91.64%,0,181.41000000000003,$3.67,CHA 3,POR 2,user30,1,marvalshot,7315,4683987575_30
Dalano Banton (38319560),Collin Sexton (38319491),Jamison Battle (38319725),Pascal Siakam (38319373),Jusuf Nurkic (38319623),Donovan Mitchell (38319302),Ausar Thompson (38319458),Stephon Castle (38319386),311.47175347222213,402.59059706546293,49000,100.00%,47493,1265.6%,0,161.54,$50.62,POR 1,UTA 1,user17,1,marvalshot,7351,4683987576_17
Dennis Schroder (38319444),Stephon Castle (38319386),Jamison Battle (38319725),Miles Bridges (38319308),Jusuf Nurkic (38319623),Josh Giddey (38319291),Ja'Kobe Walter (38319586),Dalano Banton (38319560),298.99227430555555,383.6795274825425,49800,100.00%,2,134.19%,0,176.18,$5.37,TOR 2,CHA 2,user42,1,marvalshot,7425,4683987577_42
Collin Gillespie (38319579),Justin Minaya (38320012),Ausar Thompson (38319458),Pascal Siakam (38319373),Jusuf Nurkic (38319623),Shaedon Sharpe (38319366),Deni Avdija (38319298),Jalen Duren (38319381),292.8873784722222,380.06454712153646,50000,99.86%,0,69.33%,0,108.68,$2.77,POR 3,DET 2,user11,1,marvalshot,7443,4683987578_11
KJ Simpson (38319544),Dennis Schroder (38319444),Ja'Kobe Walter (38319586),Deni Avdija (38319298),Jusuf Nurkic (38319623),Dalano Banton (38319560),Jamison Battle (38319725),Josh Giddey (38319291),288.9472048611111,371.2385411820871,47600,94.16%,0,34.9%,0,197.95,$1.4,CHA 2,TOR 2,user38,1,marvalshot,7519,4683987579_38
KJ Simpson (38319544),Malik Beasley (38319469),Brice Sensabaugh (38319564),Pascal Siakam (38319373),Jusuf Nurkic (38319623),Chris Paul (38319596),Deni Avdija (38319298),Evan Mobley (38319319),298.7553298611111,382.958731702056,50000,100.00%,4,131.74%,0,121.98,$5.27,CHA 2,DET 1,user28,23,marvalshot,7542,4683987580_28
Chris Paul (38319596),Dennis Schroder (38319444),Jamison Battle (38319725),Pascal Siakam (38319373),Jusuf Nurkic (38319623),Josh Giddey (38319291),Evan Mobley (38319319),Dalano Banton (38319560),308.65737847222226,398.2745471215365,49600,100.00%,26650,676.93%,0,190.97,$27.08,SAS 1,DET 1,user20,1,marvalshot,7577,4683987581_20
Malik Monk (38319403),Shaedon Sharpe (38319366),Jamison Battle (38319725),Pascal Siakam (38319373),Jusuf Nurkic (38319623),KJ Simpson (38319544),De'Andre Hunter (38319627),Domantas Sabonis (38319289),291.6287326388889,371.04809879228566,49300,98.99%,0,58.57%,0,125.3,$2.34,SAC 2,CHA 2,user,1,marvalshot,207,4683987582
KJ Simpson (38319544),Dalano Banton (38319560),Jamison Battle (38319725),Miles Bridges (38319308),Jusuf Nurkic (38319623),Dennis Schroder (38319444),Evan Mobley (38319319),Nikola Vucevic (38319361),294.9533506944444,380.6389038040668,49700,100.00%,0,88.28%,0,179.85000000000002,$3.53,CHA 3,POR 1,user41,1,marvalshot,7326,4683987575_41
Donovan Mitchell (38319302),Collin Sexton (38319491),Jamison Battle (38319725),Pascal Siakam (38319373),Jusuf Nurkic (38319623),Dalano Banton (38319560),Ausar Thompson (38319458),Donovan Clingan (38319495),311.3417534722222,402.860597065463,47400,100.00%,47236,1219.8%,0,174.57999999999998,$48.79,POR 2,CLE 1,user38,1,marvalshot,7372,4683987576_38
Dennis Schroder (38319444),Coby White (38319323),Jamison Battle (38319725),Miles Bridges (38319308),Jusuf Nurkic (38319623),Dalano Banton (38319560),Ja'Kobe Walter (38319586),Evan Mobley (38319319),298.8522743055555,384.35952748254243,50000,100.00%,1,132.1%,0,173.33,$5.28,TOR 2,CHA 2,user29,1,marvalshot,7412,4683987577_29
Collin Gillespie (38319579),Donovan Mitchell (38319302),Ausar Thompson (38319458),Pascal Siakam (38319373),Jusuf Nurkic (38319623),Dalano Banton (38319560),Jabari Smith Jr. (38319514),Jalen Duren (38319381),292.9273784722222,384.0545471215364,49500,99.82%,0,68.95%,0,144.54,$2.76,DET 2,PHX 1,user10,1,marvalshot,7442,4683987578_10
KJ Simpson (38319544),Dennis Schroder (38319444),Ja'Kobe Walter (38319586),Deni Avdija (38319298),Jusuf Nurkic (38319623),Donovan Mitchell (38319302),Jamison Battle (38319725),Jarrett Allen (38319419),288.8572048611111,376.6885411820871,49100,92.48%,0,31.86%,0,147.58,$1.27,CHA 2,TOR 2,user11,1,marvalshot,7492,4683987579_11
KJ Simpson (38319544),Malik Beasley (38319469),Brice Sensabaugh (38319564),Pascal Siakam (38319373),Jusuf Nurkic (38319623),Chris Paul (38319596),Deni Avdija (38319298),Evan Mobley (38319319),298.7553298611111,382.958731702056,50000,100.00%,4,131.74%,0,121.98,$5.27,CHA 2,DET 1,user29,23,marvalshot,7542,4683987580_29
Dalano Banton (38319560),Dennis Schroder (38319444),Jamison Battle (38319725),Pascal Siakam (38319373),Jusuf Nurkic (38319623),Shai Gilgeous-Alexander (38319275),Matas Buzelis (38319518),Donovan Clingan (38319495),308.2073784722222,399.02454712153644,49400,100.00%,22069,617.39%,0,182.68,$24.7,POR 2,DET 1,user16,1,marvalshot,7573,4683987581_16
Malik Monk (38319403),Shaedon Sharpe (38319366),Jamison Battle (38319725),Pascal Siakam (38319373),Jusuf Nurkic (38319623),KJ Simpson (38319544),Harrison Barnes (38319681),Domantas Sabonis (38319289),291.6387326388889,369.8380987922857,49000,98.95%,0,58.53%,0,127.41,$2.34,SAC 2,CHA 2,user6,1,marvalshot,7612,4683987582_6
KJ Simpson (38319544),Shaedon Sharpe (38319366),Jamison Battle (38319725),Miles Bridges (38319308),Jusuf Nurkic (38319623),Dennis Schroder (38319444),Jalen Williams (38319345),Donovan Clingan (38319495),294.5433506944444,377.38890380406684,49700,99.98%,0,84.69%,0,145.33,$3.39,CHA 3,POR 2,user36,1,marvalshot,7321,4683987575_36
Dalano Banton (38319560),Collin Sexton (38319491),Jamison Battle (38319725),Pascal Siakam (38319373),Jusuf Nurkic (38319623),Donovan Mitchell (38319302),Ausar Thompson (38319458),Jalen Williams (38319345),311.2917534722221,403.38059706546295,49700,100.00%,46863,1212.84%,0,161.7,$48.51,POR 1,UTA 1,user19,1,marvalshot,7353,4683987576_19
Dennis Schroder (38319444),Dalano Banton (38319560),Jamison Battle (38319725),Miles Bridges (38319308),Jusuf Nurkic (38319623),Donovan Mitchell (38319302),Ja'Kobe Walter (38319586),Jalen Green (38319357),298.17227430555556,384.6395274825425,49700,100.00%,0,122.66%,0,176.06,$4.91,TOR 2,CHA 2,user28,1,marvalshot,7411,4683987577_28
Collin Gillespie (38319579),Dalano Banton (38319560),Ausar Thompson (38319458),Pascal Siakam (38319373),Jusuf Nurkic (38319623),Kevin Huerter (38319486),Coby White (38319323),Jalen Duren (38319381),292.7373784722222,378.33454712153645,49400,99.82%,0,67.24%,0,145.75,$2.69,DET 2,CHI 2,user27,1,marvalshot,7459,4683987578_27
KJ Simpson (38319544),Dennis Schroder (38319444),Ja'Kobe Walter (38319586),Deni Avdija (38319298),Jusuf Nurkic (38319623),Dalano Banton (38319560),Jamison Battle (38319725),Alperen Sengun (38319306),288.3672048611111,373.28854118208704,46900,89.97%,0,25.27%,0,197.45,$1.01,CHA 2,TOR 2,user47,1,marvalshot,7528,4683987579_47
KJ Simpson (38319544),Malik Beasley (38319469),Brice Sensabaugh (38319564),Pascal Siakam (38319373),Jusuf Nurkic (38319623),Chris Paul (38319596),Deni Avdija (38319298),Evan Mobley (38319319),298.7553298611111,382.958731702056,50000,100.00%,4,131.74%,0,121.98,$5.27,CHA 2,DET 1,user30,23,marvalshot,7542,4683987580_30
Dalano Banton (38319560),Dennis Schroder (38319444),Jamison Battle (38319725),Pascal Siakam (38319373),Jusuf Nurkic (38319623),Donovan Mitchell (38319302),Keldon Johnson (38319533),Evan Mobley (38319319),307.94737847222217,400.5645471215364,49800,100.00%,19496,572.58%,0,169.72,$22.9,CLE 2,POR 1,user41,1,marvalshot,7598,4683987581_41
Malik Monk (38319403),Rayan Rupert (38320008),Jamison Battle (38319725),Pascal Siakam (38319373),Jusuf Nurkic (38319623),KJ Simpson (38319544),Deni Avdija (38319298),Domantas Sabonis (38319289),291.5487326388889,370.8780987922857,50000,99.04%,0,57.74%,0,122.44,$2.31,SAC 2,POR 2,user15,1,marvalshot,7621,4683987582_15
KJ Simpson (38319544),Stephon Castle (38319386),Jamison Battle (38319725),Miles Bridges (38319308),Jusuf Nurkic (38319623),Dennis Schroder (38319444),Deni Avdija (38319298),Chris Paul (38319596),294.41335069444443,376.98890380406687,49300,99.99%,0,83.19%,0,159.32999999999998,$3.33,CHA 3,SAS 2,user47,1,marvalshot,7332,4683987575_47
Donovan Mitchell (38319302),Collin Sexton (38319491),Jamison Battle (38319725),Pascal Siakam (38319373),Jusuf Nurkic (38319623),Dalano Banton (38319560),Ausar Thompson (38319458),Nikola Vucevic (38319361),310.5317534722222,403.150597065463,49500,100.00%,43205,1004.75%,0,161.71,$40.19,CLE 1,UTA 1,user8,1,marvalshot,7342,4683987576_8
Dennis Schroder (38319444),Donovan Mitchell (38319302),Jamison Battle (38319725),Miles Bridges (38319308),Jusuf Nurkic (38319623),Fred VanVleet (38319423),Ja'Kobe Walter (38319586),Donovan Clingan (38319495),296.7322743055555,382.4995274825425,49600,100.00%,0,107.0%,0,139.07999999999998,$4.28,TOR 2,CHA 2,user43,1,marvalshot,7426,4683987577_43
Collin Gillespie (38319579),Stephon Castle (38319386),Ausar Thompson (38319458),Pascal Siakam (38319373),Jusuf Nurkic (38319623),Blake Wesley (38319801),Deni Avdija (38319298),Jalen Duren (38319381),292.09737847222226,382.4745471215365,50000,99.51%,0,62.34%,0,105.14,$2.49,SAS 2,DET 2,user23,1,marvalshot,7455,4683987578_23
KJ Simpson (38319544),Dennis Schroder (38319444),Ja'Kobe Walter (38319586),Evan Mobley (38319319),Jusuf Nurkic (38319623),Stephon Castle (38319386),Jamison Battle (38319725),Deni Avdija (38319298),288.3972048611111,374.3985411820871,49100,88.70%,0,23.66%,0,145.82,$0.95,CHA 2,TOR 2,user23,1,marvalshot,7504,4683987579_23
KJ Simpson (38319544),Malik Beasley (38319469),Brice Sensabaugh (38319564),Pascal Siakam (38319373),Jusuf Nurkic (38319623),Chris Paul (38319596),Deni Avdija (38319298),Evan Mobley (38319319),298.7553298611111,382.958731702056,50000,100.00%,4,131.74%,0,121.98,$5.27,CHA 2,DET 1,user31,23,marvalshot,7542,4683987580_31
Josh Giddey (38319291),Dennis Schroder (38319444),Jamison Battle (38319725),Pascal Siakam (38319373),Jusuf Nurkic (38319623),Dalano Banton (38319560),Jabari Walker (38319825),Donovan Mitchell (38319302),307.58737847222216,398.2945471215364,49000,100.00%,16165,532.07%,0,187.36,$21.28,POR 2,CHI 1,user8,1,marvalshot,7565,4683987581_8
Malik Monk (38319403),Shaedon Sharpe (38319366),Jamison Battle (38319725),Pascal Siakam (38319373),Jusuf Nurkic (38319623),KJ Simpson (38319544),Max Strus (38319608),Domantas Sabonis (38319289),291.5087326388889,369.9480987922857,49500,98.82%,0,57.37%,0,120.19999999999999,$2.29,SAC 2,CHA 2,user26,1,marvalshot,7632,4683987582_26
KJ Simpson (38319544),Dalano Banton (38319560),Jamison Battle (38319725),Miles Bridges (38319308),Jusuf Nurkic (38319623),Dennis Schroder (38319444),Chet Holmgren (38319394),Donovan Mitchell (38319302),294.0733506944444,379.8789038040668,49600,99.99%,0,79.85%,0,194.89000000000001,$3.19,CHA 3,POR 1,user17,1,marvalshot,7302,4683987575_17
Dalano Banton (38319560),Collin Sexton (38319491),Jamison Battle (38319725),Pascal Siakam (38319373),Jusuf Nurkic (38319623),Shaedon Sharpe (38319366),Ausar Thompson (38319458),Evan Mobley (38319319),310.51175347222215,399.140597065463,48700,100.00%,43443,996.2%,0,163.85999999999999,$39.85,POR 2,UTA 1,user45,1,marvalshot,7379,4683987576_45
Dennis Schroder (38319444),Kevin Huerter (38319486),Jamison Battle (38319725),Miles Bridges (38319308),Jusuf Nurkic (38319623),Dalano Banton (38319560),Ja'Kobe Walter (38319586),Shai Gilgeous-Alexander (38319275),295.93227430555555,381.9895274825425,50000,100.00%,0,98.1%,0,181.16000000000003,$3.92,TOR 2,CHA 2,user34,1,marvalshot,7417,4683987577_34
Collin Gillespie (38319579),Donovan Mitchell (38319302),Ausar Thompson (38319458),Pascal Siakam (38319373),Jusuf Nurkic (38319623),Chris Paul (38319596),Kevin Huerter (38319486),Jalen Duren (38319381),291.8273784722222,382.4845471215365,49500,99.33%,0,60.05%,0,122.97999999999999,$2.4,DET 2,PHX 1,user45,1,marvalshot,7477,4683987578_45
KJ Simpson (38319544),Dennis Schroder (38319444),Ja'Kobe Walter (38319586),Evan Mobley (38319319),Jusuf Nurkic (38319623),Shaedon Sharpe (38319366),Jamison Battle (38319725),Donovan Mitchell (38319302),288.3372048611111,375.4085411820871,49200,88.20%,0,22.93%,0,145.13,$0.92,CHA 2,TOR 2,user17,1,marvalshot,7498,4683987579_17
KJ Simpson (38319544),Malik Beasley (38319469),Brice Sensabaugh (38319564),Pascal Siakam (38319373),Jusuf Nurkic (38319623),Chris Paul (38319596),Deni Avdija (38319298),Evan Mobley (38319319),298.7553298611111,382.958731702056,50000,100.00%,4,131.74%,0,121.98,$5.27,CHA 2,DET 1,user32,23,marvalshot,7542,4683987580_32
Dalano Banton (38319560),Dennis Schroder (38319444),Jamison Battle (38319725),Pascal Siakam (38319373),Jusuf Nurkic (38319623),Josh Giddey (38319291),Deni Avdija (38319298),Dalen Terry (38319736),307.4573784722222,393.50454712153646,49500,100.00%,14705,516.53%,0,179.21999999999997,$20.66,POR 2,CHI 2,user28,1,marvalshot,7585,4683987581_28
Malik Monk (38319403),Coby White (38319323),Jamison Battle (38319725),Pascal Siakam (38319373),Jusuf Nurkic (38319623),KJ Simpson (38319544),Patrick Williams (38319717),Domantas Sabonis (38319289),289.7287326388889,368.6480987922857,50000,94.39%,0,39.69%,0,114.91,$1.59,SAC 2,CHI 2,user45,1,marvalshot,7651,4683987582_45
KJ Simpson (38319544),Dalano Banton (38319560),Jamison Battle (38319725),Miles Bridges (38319308),Jusuf Nurkic (38319623),Dennis Schroder (38319444),Coby White (38319323),Darius Garland (38319349),293.4833506944444,375.01890380406684,49700,99.96%,0,74.0%,0,177.49,$2.96,CHA 3,POR 1,user3,1,marvalshot,7288,4683987575_3
Dalano Banton (38319560),Collin Sexton (38319491),Jamison Battle (38319725),Pascal Siakam (38319373),Jusuf Nurkic (38319623),Darius Garland (38319349),Ausar Thompson (38319458),Alperen Sengun (38319306),309.9817534722222,402.530597065463,49500,100.00%,38898,896.94%,0,160.66,$35.88,POR 1,UTA 1,user4,1,marvalshot,7338,4683987576_4
Dennis Schroder (38319444),Dalano Banton (38319560),Jamison Battle (38319725),Miles Bridges (38319308),Jusuf Nurkic (38319623),Josh Giddey (38319291),Ja'Kobe Walter (38319586),Jarrett Allen (38319419),295.7622743055556,381.36952748254254,49300,100.00%,0,96.5%,0,175.35,$3.86,TOR 2,CHA 2,user49,1,marvalshot,7432,4683987577_49
Collin Gillespie (38319579),Dalano Banton (38319560),Ausar Thompson (38319458),Pascal Siakam (38319373),Jusuf Nurkic (38319623),Stephon Castle (38319386),Devin Vassell (38319398),Jalen Duren (38319381),291.36737847222224,379.8045471215365,49500,98.88%,0,55.72%,0,139.55,$2.23,DET 2,SAS 2,user4,1,marvalshot,7436,4683987578_4
KJ Simpson (38319544),Dennis Schroder (38319444),Ja'Kobe Walter (38319586),Evan Mobley (38319319),Jusuf Nurkic (38319623),Shai Gilgeous-Alexander (38319275),Jamison Battle (38319725),Donovan Clingan (38319495),288.3172048611111,380.20854118208706,49700,87.14%,0,21.1%,0,152.85,$0.84,CHA 2,TOR 2,user18,1,marvalshot,7499,4683987579_18
KJ Simpson (38319544),Malik Beasley (38319469),Brice Sensabaugh (38319564),Pascal Siakam (38319373),Jusuf Nurkic (38319623),Chris Paul (38319596),Deni Avdija (38319298),Evan Mobley (38319319),298.7553298611111,382.958731702056,50000,100.00%,4,131.74%,0,121.98,$5.27,CHA 2,DET 1,user33,23,marvalshot,7542,4683987580_33
Josh Giddey (38319291),Dennis Schroder (38319444),Jamison Battle (38319725),Pascal Siakam (38319373),Jusuf Nurkic (38319623),Donovan Mitchell (38319302),Sandro Mamukelashvili (38319706),Dalano Banton (38319560),306.82737847222216,399.2145471215364,49500,100.00%,9804,455.03%,0,180.64000000000001,$18.2,CHI 1,DET 1,user5,1,marvalshot,7562,4683987581_5
Malik Monk (38319403),Coby White (38319323),Jamison Battle (38319725),Pascal Siakam (38319373),Jusuf Nurkic (38319623),KJ Simpson (38319544),Dalen Terry (38319736),Domantas Sabonis (38319289),289.5287326388889,368.8080987922857,49900,93.58%,0,37.44%,0,117.07,$1.5,SAC 2,CHI 2,user38,1,marvalshot,7644,4683987582_38
KJ Simpson (38319544),Donovan Mitchell (38319302),Jamison Battle (38319725),Miles Bridges (38319308),Jusuf Nurkic (38319623),Dennis Schroder (38319444),Jabari Walker (38319825),Alperen Sengun (38319306),293.16335069444443,382.7189038040668,49900,99.86%,0,71.41%,0,149.8,$2.86,CHA 3,CLE 1,user1,1,marvalshot,7284,4683987575_1
Josh Giddey (38319291),Collin Sexton (38319491),Jamison Battle (38319725),Pascal Siakam (38319373),Jusuf Nurkic (38319623),Stephon Castle (38319386),Ausar Thompson (38319458),Dalano Banton (38319560),309.61175347222223,398.1605970654631,49600,100.00%,36378,822.6%,0,160.17,$32.9,CHI 1,UTA 1,user3,1,marvalshot,7337,4683987576_3
Dennis Schroder (38319444),Dalano Banton (38319560),Jamison Battle (38319725),Miles Bridges (38319308),Jusuf Nurkic (38319623),Jalen Green (38319357),Ja'Kobe Walter (38319586),Alperen Sengun (38319306),295.73227430555556,382.25952748254247,49600,100.00%,0,96.13%,0,174.19,$3.85,TOR 2,CHA 2,user32,1,marvalshot,7415,4683987577_32
Collin Gillespie (38319579),Dalen Terry (38319736),Ausar Thompson (38319458),Pascal Siakam (38319373),Jusuf Nurkic (38319623),Shaedon Sharpe (38319366),Evan Mobley (38319319),Jalen Duren (38319381),290.9473784722222,381.32454712153645,50000,97.93%,0,52.22%,0,101.33999999999999,$2.09,DET 2,PHX 1,user6,1,marvalshot,7438,4683987578_6
KJ Simpson (38319544),Dennis Schroder (38319444),Ja'Kobe Walter (38319586),Deni Avdija (38319298),Jusuf Nurkic (38319623),Shaedon Sharpe (38319366),Jamison Battle (38319725),Coby White (38319323),287.76720486111105,368.168541182087,49200,83.13%,0,11.98%,0,147.54999999999998,$0.48,CHA 2,TOR 2,user9,1,marvalshot,7490,4683987579_9
KJ Simpson (38319544),Malik Beasley (38319469),Brice Sensabaugh (38319564),Pascal Siakam (38319373),Jusuf Nurkic (38319623),Chris Paul (38319596),Deni Avdija (38319298),Evan Mobley (38319319),298.7553298611111,382.958731702056,50000,100.00%,4,131.74%,0,121.98,$5.27,CHA 2,DET 1,user34,23,marvalshot,7542,4683987580_34
Josh Giddey (38319291),Dennis Schroder (38319444),Jamison Battle (38319725),Pascal Siakam (38319373),Jusuf Nurkic (38319623),Dalano Banton (38319560),De'Andre Hunter (38319627),Donovan Mitchell (38319302),305.7273784722222,395.3045471215364,49900,100.00%,3664,366.13%,0,175.31,$14.65,CLE 2,CHI 1,user42,1,marvalshot,7599,4683987581_42
Malik Monk (38319403),Aaron Holiday (38319954),Jamison Battle (38319725),Pascal Siakam (38319373),Jusuf Nurkic (38319623),KJ Simpson (38319544),Deni Avdija (38319298),Domantas Sabonis (38319289),289.2987326388889,368.22809879228566,50000,92.93%,0,35.22%,0,122.07999999999998,$1.41,SAC 2,CHA 2,user28,1,marvalshot,7634,4683987582_28
KJ Simpson (38319544),Dalano Banton (38319560),Jamison Battle (38319725),Miles Bridges (38319308),Jusuf Nurkic (38319623),Dennis Schroder (38319444),Evan Mobley (38319319),Jalen Green (38319357),293.21335069444444,376.60890380406687,49700,99.95%,0,71.35%,0,178.19,$2.85,CHA 3,POR 1,user35,1,marvalshot,7320,4683987575_35
Dalano Banton (38319560),Collin Sexton (38319491),Jamison Battle (38319725),Pascal Siakam (38319373),Jusuf Nurkic (38319623),Coby White (38319323),Ausar Thompson (38319458),Evan Mobley (38319319),309.4717534722222,398.84059706546304,49800,100.00%,34907,797.16%,0,157.32,$31.89,POR 1,UTA 1,user32,1,marvalshot,7366,4683987576_32
Dennis Schroder (38319444),Donovan Mitchell (38319302),Jamison Battle (38319725),Miles Bridges (38319308),Jusuf Nurkic (38319623),Shaedon Sharpe (38319366),Ja'Kobe Walter (38319586),Matas Buzelis (38319518),295.6522743055555,380.02952748254245,50000,100.00%,0,95.83%,0,133.18,$3.83,TOR 2,CHA 2,user21,1,marvalshot,7404,4683987577_21
Collin Gillespie (38319579),Dalano Banton (38319560),Ausar Thompson (38319458),Pascal Siakam (38319373),Jusuf Nurkic (38319623),Donovan Mitchell (38319302),Aaron Wiggins (38319501),Jalen Duren (38319381),290.9673784722222,382.71454712153644,49800,98.52%,0,52.2%,0,143.64999999999998,$2.09,DET 2,PHX 1,user,1,marvalshot,784,4683987578
KJ Simpson (38319544),Dennis Schroder (38319444),Ja'Kobe Walter (38319586),Evan Mobley (38319319),Jusuf Nurkic (38319623),Shai Gilgeous-Alexander (38319275),Jamison Battle (38319725),Dalano Banton (38319560),287.1672048611111,376.60854118208704,48700,76.27%,0,-1.08%,0,190.72,$-0.04,CHA 2,TOR 2,user35,1,marvalshot,7516,4683987579_35
KJ Simpson (38319544),Malik Beasley (38319469),Brice Sensabaugh (38319564),Pascal Siakam (38319373),Jusuf Nurkic (38319623),Chris Paul (38319596),Deni Avdija (38319298),Evan Mobley (38319319),298.7553298611111,382.958731702056,50000,100.00%,4,131.74%,0,121.98,$5.27,CHA 2,DET 1,user35,23,marvalshot,7542,4683987580_35
Shai Gilgeous-Alexander (38319275),Dennis Schroder (38319444),Jamison Battle (38319725),Pascal Siakam (38319373),Jusuf Nurkic (38319623),Dalano Banton (38319560),Sandro Mamukelashvili (38319706),Shaedon Sharpe (38319366),305.5173784722222,397.64454712153645,49500,100.00%,3256,356.03%,0,182.37,$14.24,POR 2,OKC 1,user34,1,marvalshot,7591,4683987581_34
Malik Monk (38319403),Sam Merrill (38319749),Jamison Battle (38319725),Pascal Siakam (38319373),Jusuf Nurkic (38319623),KJ Simpson (38319544),Evan Mobley (38319319),Domantas Sabonis (38319289),289.2987326388889,370.8780987922857,49900,92.35%,0,34.17%,0,114.78999999999999,$1.37,SAC 2,CLE 2,user14,1,marvalshot,7620,4683987582_14
KJ Simpson (38319544),Donovan Mitchell (38319302),Jamison Battle (38319725),Miles Bridges (38319308),Jusuf Nurkic (38319623),Dennis Schroder (38319444),Evan Mobley (38319319),Bismack Biyombo (38319799),292.94335069444446,379.56890380406685,49500,99.88%,0,69.46%,0,156.01999999999998,$2.78,CHA 3,CLE 2,user31,1,marvalshot,7316,4683987575_31
Dalano Banton (38319560),Collin Sexton (38319491),Jamison Battle (38319725),Pascal Siakam (38319373),Jusuf Nurkic (38319623),Josh Giddey (38319291),Ausar Thompson (38319458),Donovan Clingan (38319495),309.4817534722222,398.430597065463,48000,100.00%,35234,796.6%,0,173.20999999999998,$31.86,POR 2,UTA 1,user48,1,marvalshot,7382,4683987576_48
Dennis Schroder (38319444),Stephon Castle (38319386),Jamison Battle (38319725),Miles Bridges (38319308),Jusuf Nurkic (38319623),Coby White (38319323),Ja'Kobe Walter (38319586),Donovan Clingan (38319495),294.95227430555553,379.7295274825425,49600,99.98%,0,88.79%,0,133.91,$3.55,TOR 2,CHA 2,user23,1,marvalshot,7406,4683987577_23
Collin Gillespie (38319579),Stephon Castle (38319386),Ausar Thompson (38319458),Pascal Siakam (38319373),Jusuf Nurkic (38319623),Chris Paul (38319596),Jalen Williams (38319345),Jalen Duren (38319381),290.66737847222225,382.24454712153647,49800,97.59%,0,49.87%,0,114.98,$1.99,SAS 2,DET 2,user22,1,marvalshot,7454,4683987578_22
KJ Simpson (38319544),Dennis Schroder (38319444),Ja'Kobe Walter (38319586),Deni Avdija (38319298),Jusuf Nurkic (38319623),Darius Garland (38319349),Jamison Battle (38319725),Shaedon Sharpe (38319366),287.0272048611111,369.63854118208707,48500,73.95%,0,-4.6%,0,150.17,$-0.18,CHA 2,TOR 2,user45,1,marvalshot,7526,4683987579_45
KJ Simpson (38319544),Malik Beasley (38319469),Brice Sensabaugh (38319564),Pascal Siakam (38319373),Jusuf Nurkic (38319623),Chris Paul (38319596),Deni Avdija (38319298),Evan Mobley (38319319),298.7553298611111,382.958731702056,50000,100.00%,4,131.74%,0,121.98,$5.27,CHA 2,DET 1,user36,23,marvalshot,7542,4683987580_36
Darius Garland (38319349),Dennis Schroder (38319444),Jamison Battle (38319725),Pascal Siakam (38319373),Jusuf Nurkic (38319623),Shai Gilgeous-Alexander (38319275),Jabari Walker (38319825),Dalano Banton (38319560),304.49737847222224,397.89454712153645,49400,100.00%,1327,300.46%,0,185.17000000000002,$12.02,POR 2,CLE 1,user11,1,marvalshot,7568,4683987581_11
Malik Monk (38319403),Stephon Castle (38319386),Jamison Battle (38319725),Pascal Siakam (38319373),Jusuf Nurkic (38319623),KJ Simpson (38319544),Luguentz Dort (38319599),Domantas Sabonis (38319289),289.1387326388889,366.65809879228567,49300,91.33%,0,32.07%,0,115.28,$1.28,SAC 2,CHA 2,user5,1,marvalshot,7611,4683987582_5
KJ Simpson (38319544),Dalano Banton (38319560),Jamison Battle (38319725),Miles Bridges (38319308),Jusuf Nurkic (38319623),Dennis Schroder (38319444),Coby White (38319323),Stephon Castle (38319386),292.5333506944444,372.6989038040668,49100,99.85%,0,65.18%,0,176.5,$2.61,CHA 3,POR 1,user23,1,marvalshot,7308,4683987575_23
Shaedon Sharpe (38319366),Collin Sexton (38319491),Jamison Battle (38319725),Pascal Siakam (38319373),Jusuf Nurkic (38319623),Chris Paul (38319596),Ausar Thompson (38319458),Deni Avdija (38319298),309.03175347222225,396.0505970654631,48800,100.00%,30556,743.17%,0,143.51,$29.73,POR 2,UTA 1,user49,1,marvalshot,7383,4683987576_49
Dennis Schroder (38319444),Coby White (38319323),Jamison Battle (38319725),Miles Bridges (38319308),Jusuf Nurkic (38319623),Donovan Mitchell (38319302),Ja'Kobe Walter (38319586),Chris Paul (38319596),294.58227430555553,381.12952748254247,50000,99.99%,0,85.08%,0,147.38,$3.4,TOR 2,CHA 2,user24,1,marvalshot,7407,4683987577_24
Collin Gillespie (38319579),Jalen Green (38319357),Ausar Thompson (38319458),Pascal Siakam (38319373),Jusuf Nurkic (38319623),Dalano Banton (38319560),Chet Holmgren (38319394),Jalen Duren (38319381),290.61737847222224,381.01454712153645,50000,97.80%,0,49.42%,0,154.49,$1.98,DET 2,PHX 1,user1,1,marvalshot,7433,4683987578_1
KJ Simpson (38319544),Dennis Schroder (38319444),Ja'Kobe Walter (38319586),Deni Avdija (38319298),Jusuf Nurkic (38319623),Josh Giddey (38319291),Jamison Battle (38319725),Jarrett Allen (38319419),286.9972048611111,372.258541182087,49700,73.08%,0,-5.77%,0,146.21,$-0.23,CHA 2,TOR 2,user5,1,marvalshot,7486,4683987579_5
KJ Simpson (38319544),Malik Beasley (38319469),Brice Sensabaugh (38319564),Pascal Siakam (38319373),Jusuf Nurkic (38319623),Chris Paul (38319596),Deni Avdija (38319298),Evan Mobley (38319319),298.7553298611111,382.958731702056,50000,100.00%,4,131.74%,0,121.98,$5.27,CHA 2,DET 1,user37,23,marvalshot,7542,4683987580_37
Shaedon Sharpe (38319366),Dennis Schroder (38319444),Jamison Battle (38319725),Pascal Siakam (38319373),Jusuf Nurkic (38319623),Stephon Castle (38319386),Sandro Mamukelashvili (38319706),Donovan Mitchell (38319302),303.9573784722222,395.2945471215364,49800,100.00%,985,277.92%,0,131.87,$11.12,SAS 2,POR 1,user14,1,marvalshot,7571,4683987581_14
Malik Monk (38319403),Shaedon Sharpe (38319366),Jamison Battle (38319725),Pascal Siakam (38319373),Jusuf Nurkic (38319623),KJ Simpson (38319544),Julian Champagnie (38319631),Domantas Sabonis (38319289),289.02873263888887,367.30809879228565,49300,90.91%,0,30.81%,0,118.91999999999999,$1.23,SAC 2,CHA 2,user39,1,marvalshot,7645,4683987582_39
KJ Simpson (38319544),Dalano Banton (38319560),Jamison Battle (38319725),Miles Bridges (38319308),Jusuf Nurkic (38319623),Dennis Schroder (38319444),Coby White (38319323),Jalen Williams (38319345),292.35335069444443,373.48890380406687,49800,99.82%,0,63.78%,0,176.66000000000003,$2.55,CHA 3,POR 1,user9,1,marvalshot,7294,4683987575_9
Dalano Banton (38319560),Collin Sexton (38319491),Jamison Battle (38319725),Pascal Siakam (38319373),Jusuf Nurkic (38319623),Stephon Castle (38319386),Ausar Thompson (38319458),Alperen Sengun (38319306),309.0317534722222,400.21059706546305,48900,100.00%,30373,716.26%,0,159.67,$28.65,POR 1,UTA 1,user37,1,marvalshot,7371,4683987576_37
Dennis Schroder (38319444),Donovan Mitchell (38319302),Jamison Battle (38319725),Miles Bridges (38319308),Jusuf Nurkic (38319623),Darius Garland (38319349),Ja'Kobe Walter (38319586),Chris Paul (38319596),293.8422743055556,382.5995274825425,49300,99.97%,0,77.76%,0,150.0,$3.11,CLE 2,TOR 2,user44,1,marvalshot,7427,4683987577_44
Collin Gillespie (38319579),Coby White (38319323),Ausar Thompson (38319458),Pascal Siakam (38319373),Jusuf Nurkic (38319623),Shaedon Sharpe (38319366),Jabari Walker (38319825),Jalen Duren (38319381),290.50737847222223,378.87454712153647,49500,96.85%,0,48.0%,0,111.89999999999998,$1.92,DET 2,POR 2,user13,1,marvalshot,7445,4683987578_13
KJ Simpson (38319544),Dennis Schroder (38319444),Ja'Kobe Walter (38319586),Deni Avdija (38319298),Jusuf Nurkic (38319623),Jalen Green (38319357),Jamison Battle (38319725),Alperen Sengun (38319306),286.9672048611111,373.14854118208706,50000,73.06%,0,-6.0%,0,145.04999999999998,$-0.24,CHA 2,TOR 2,user22,1,marvalshot,7503,4683987579_22
KJ Simpson (38319544),Malik Beasley (38319469),Brice Sensabaugh (38319564),Pascal Siakam (38319373),Jusuf Nurkic (38319623),Chris Paul (38319596),Deni Avdija (38319298),Evan Mobley (38319319),298.7553298611111,382.958731702056,50000,100.00%,4,131.74%,0,121.98,$5.27,CHA 2,DET 1,user38,23,marvalshot,7542,4683987580_38
Darius Garland (38319349),Dennis Schroder (38319444),Jamison Battle (38319725),Pascal Siakam (38319373),Jusuf Nurkic (38319623),Dalano Banton (38319560),Keldon Johnson (38319533),Donovan Mitchell (38319302),303.8473784722222,394.65454712153644,49000,100.00%,456,267.1%,0,169.16000000000003,$10.68,CLE 2,DET 1,user40,1,marvalshot,7597,4683987581_40
Malik Monk (38319403),Luguentz Dort (38319599),Jamison Battle (38319725),Pascal Siakam (38319373),Jusuf Nurkic (38319623),KJ Simpson (38319544),Jalen Williams (38319345),Domantas Sabonis (38319289),288.95873263888893,367.4480987922857,50000,90.46%,0,29.97%,0,115.44,$1.2,SAC 2,OKC 2,user20,1,marvalshot,7626,4683987582_20
KJ Simpson (38319544),Dalano Banton (38319560),Jamison Battle (38319725),Miles Bridges (38319308),Jusuf Nurkic (38319623),Dennis Schroder (38319444),Devin Vassell (38319398),Donovan Mitchell (38319302),292.1433506944444,375.19890380406684,49600,99.72%,0,61.82%,0,178.46,$2.47,CHA 3,POR 1,user29,1,marvalshot,7314,4683987575_29
Fred VanVleet (38319423),Collin Sexton (38319491),Jamison Battle (38319725),Pascal Siakam (38319373),Jusuf Nurkic (38319623),Dalano Banton (38319560),Ausar Thompson (38319458),Deni Avdija (38319298),308.99175347222223,393.52059706546305,48500,100.00%,30473,709.54%,0,166.54,$28.38,POR 2,HOU 1,user40,1,marvalshot,7374,4683987576_40
Dennis Schroder (38319444),Shaedon Sharpe (38319366),Jamison Battle (38319725),Miles Bridges (38319308),Jusuf Nurkic (38319623),Amen Thompson (38319314),Ja'Kobe Walter (38319586),Donovan Clingan (38319495),293.5922743055555,376.9995274825425,50000,99.91%,0,75.57%,0,137.49,$3.02,POR 2,TOR 2,user38,1,marvalshot,7421,4683987577_38
Collin Gillespie (38319579),Shaedon Sharpe (38319366),Ausar Thompson (38319458),Pascal Siakam (38319373),Jusuf Nurkic (38319623),Donovan Mitchell (38319302),Kris Murray (38319853),Jalen Duren (38319381),289.9073784722222,379.72454712153643,50000,95.30%,0,42.18%,0,98.54,$1.69,POR 2,DET 2,user24,1,marvalshot,7456,4683987578_24
KJ Simpson (38319544),Dennis Schroder (38319444),Ja'Kobe Walter (38319586),Deni Avdija (38319298),Jusuf Nurkic (38319623),Fred VanVleet (38319423),Jamison Battle (38319725),Donovan Mitchell (38319302),286.81720486111107,369.78854118208704,49000,71.25%,0,-9.34%,0,147.81,$-0.37,CHA 2,TOR 2,user33,1,marvalshot,7514,4683987579_33
KJ Simpson (38319544),Malik Beasley (38319469),Brice Sensabaugh (38319564),Pascal Siakam (38319373),Jusuf Nurkic (38319623),Chris Paul (38319596),Deni Avdija (38319298),Evan Mobley (38319319),298.7553298611111,382.958731702056,50000,100.00%,4,131.74%,0,121.98,$5.27,CHA 2,DET 1,user39,23,marvalshot,7542,4683987580_39
Josh Giddey (38319291),Dennis Schroder (38319444),Jamison Battle (38319725),Pascal Siakam (38319373),Jusuf Nurkic (38319623),Dalano Banton (38319560),Matas Buzelis (38319518),Jalen Williams (38319345),303.4573784722222,389.43454712153647,50000,100.00%,292,251.82%,0,168.84,$10.07,CHI 2,DET 1,user10,1,marvalshot,7567,4683987581_10
Malik Monk (38319403),Stephon Castle (38319386),Jamison Battle (38319725),Pascal Siakam (38319373),Jusuf Nurkic (38319623),KJ Simpson (38319544),De'Andre Hunter (38319627),Domantas Sabonis (38319289),288.8987326388889,369.8980987922856,49100,89.93%,0,28.47%,0,120.39,$1.14,SAC 2,CHA 2,user17,1,marvalshot,7623,4683987582_17
KJ Simpson (38319544),Donovan Mitchell (38319302),Jamison Battle (38319725),Miles Bridges (38319308),Jusuf Nurkic (38319623),Dennis Schroder (38319444),Jabari Walker (38319825),Evan Mobley (38319319),291.91335069444443,380.49890380406686,49500,99.55%,0,60.45%,0,149.07999999999998,$2.42,CHA 3,CLE 2,user13,1,marvalshot,7298,4683987575_13
Donovan Mitchell (38319302),Collin Sexton (38319491),Jamison Battle (38319725),Pascal Siakam (38319373),Jusuf Nurkic (38319623),Jalen Green (38319357),Ausar Thompson (38319458),Dalano Banton (38319560),308.79175347222224,399.1205970654631,49500,100.00%,28372,673.86%,0,160.05,$26.95,CLE 1,UTA 1,user6,1,marvalshot,7340,4683987576_6
Dennis Schroder (38319444),Coby White (38319323),Jamison Battle (38319725),Miles Bridges (38319308),Jusuf Nurkic (38319623),Dalano Banton (38319560),Ja'Kobe Walter (38319586),Jalen Williams (38319345),293.6222743055555,376.91952748254243,49300,99.96%,0,75.43%,0,171.94,$3.02,TOR 2,CHA 2,user40,1,marvalshot,7423,4683987577_40
Collin Gillespie (38319579),Dalano Banton (38319560),Ausar Thompson (38319458),Pascal Siakam (38319373),Jusuf Nurkic (38319623),Coby White (38319323),Tari Eason (38319462),Jalen Duren (38319381),289.6473784722222,378.65454712153644,49700,94.87%,0,39.57%,0,154.38,$1.58,DET 2,PHX 1,user34,1,marvalshot,7466,4683987578_34
KJ Simpson (38319544),Dennis Schroder (38319444),Ja'Kobe Walter (38319586),Deni Avdija (38319298),Jusuf Nurkic (38319623),Donovan Mitchell (38319302),Jamison Battle (38319725),Chet Holmgren (38319394),286.57720486111106,374.198541182087,49500,67.99%,0,-15.25%,0,161.03,$-0.61,CHA 2,TOR 2,user3,1,marvalshot,7484,4683987579_3
KJ Simpson (38319544),Malik Beasley (38319469),Brice Sensabaugh (38319564),Pascal Siakam (38319373),Jusuf Nurkic (38319623),Chris Paul (38319596),Deni Avdija (38319298),Evan Mobley (38319319),298.7553298611111,382.958731702056,50000,100.00%,4,131.74%,0,121.98,$5.27,CHA 2,DET 1,user40,23,marvalshot,7542,4683987580_40
Stephon Castle (38319386),Dennis Schroder (38319444),Jamison Battle (38319725),Pascal Siakam (38319373),Jusuf Nurkic (38319623),Dalano Banton (38319560),Evan Mobley (38319319),Isaiah Hartenstein (38319417),303.44737847222217,394.16454712153643,49700,100.00%,352,251.52%,0,163.62,$10.06,SAS 1,DET 1,user36,1,marvalshot,7593,4683987581_36
Malik Monk (38319403),Isaac Okoro (38319839),Jamison Battle (38319725),Pascal Siakam (38319373),Jusuf Nurkic (38319623),KJ Simpson (38319544),Evan Mobley (38319319),Domantas Sabonis (38319289),288.8487326388889,370.3180987922857,49500,89.82%,0,27.68%,0,115.94,$1.11,SAC 2,CLE 2,user32,1,marvalshot,7638,4683987582_32
KJ Simpson (38319544),Stephon Castle (38319386),Jamison Battle (38319725),Miles Bridges (38319308),Jusuf Nurkic (38319623),Dennis Schroder (38319444),Jalen Williams (38319345),Donovan Clingan (38319495),291.8133506944444,376.2389038040668,49500,99.36%,0,59.93%,0,140.42000000000002,$2.4,CHA 3,SAS 1,user25,1,marvalshot,7310,4683987575_25
Dalano Banton (38319560),Collin Sexton (38319491),Jamison Battle (38319725),Pascal Siakam (38319373),Jusuf Nurkic (38319623),Darius Garland (38319349),Ausar Thompson (38319458),Evan Mobley (38319319),308.7317534722222,400.310597065463,49100,100.00%,27205,663.51%,0,159.94,$26.54,CLE 2,POR 1,user20,1,marvalshot,7354,4683987576_20
Dennis Schroder (38319444),Dalano Banton (38319560),Jamison Battle (38319725),Miles Bridges (38319308),Jusuf Nurkic (38319623),Josh Giddey (38319291),Ja'Kobe Walter (38319586),Chet Holmgren (38319394),293.48227430555556,378.87952748254247,49700,99.96%,0,74.06%,0,188.79999999999998,$2.96,TOR 2,CHA 2,user13,1,marvalshot,7396,4683987577_13
Collin Gillespie (38319579),Coby White (38319323),Ausar Thompson (38319458),Pascal Siakam (38319373),Jusuf Nurkic (38319623),Shaedon Sharpe (38319366),Sandro Mamukelashvili (38319706),Jalen Duren (38319381),289.74737847222224,379.7945471215365,50000,94.14%,0,39.49%,0,105.17999999999998,$1.58,DET 2,PHX 1,user47,1,marvalshot,7479,4683987578_47
KJ Simpson (38319544),Dennis Schroder (38319444),Ja'Kobe Walter (38319586),Evan Mobley (38319319),Jusuf Nurkic (38319623),Darius Garland (38319349),Jamison Battle (38319725),Donovan Mitchell (38319302),286.55720486111113,376.5785411820871,49600,67.20%,0,-15.87%,0,141.21,$-0.63,CLE 3,CHA 2,user21,1,marvalshot,7502,4683987579_21
KJ Simpson (38319544),Malik Beasley (38319469),Brice Sensabaugh (38319564),Pascal Siakam (38319373),Jusuf Nurkic (38319623),Chris Paul (38319596),Deni Avdija (38319298),Evan Mobley (38319319),298.7553298611111,382.958731702056,50000,100.00%,4,131.74%,0,121.98,$5.27,CHA 2,DET 1,user41,23,marvalshot,7542,4683987580_41
Dalano Banton (38319560),Dennis Schroder (38319444),Jamison Battle (38319725),Pascal Siakam (38319373),Jusuf Nurkic (38319623),Shai Gilgeous-Alexander (38319275),Jabari Walker (38319825),Jalen Williams (38319345),303.3673784722222,396.3645471215364,49500,100.00%,289,248.17%,0,184.33999999999997,$9.93,POR 2,OKC 2,user12,1,marvalshot,7569,4683987581_12
Malik Monk (38319403),Stephon Castle (38319386),Jamison Battle (38319725),Pascal Siakam (38319373),Jusuf Nurkic (38319623),KJ Simpson (38319544),Max Strus (38319608),Domantas Sabonis (38319289),288.77873263888887,368.79809879228566,49300,89.08%,0,26.75%,0,115.28999999999999,$1.07,SAC 2,CHA 2,user30,1,marvalshot,7636,4683987582_30
KJ Simpson (38319544),Jalen Green (38319357),Jamison Battle (38319725),Miles Bridges (38319308),Jusuf Nurkic (38319623),Dennis Schroder (38319444),Deni Avdija (38319298),Chris Paul (38319596),291.7333506944444,373.5189038040669,49800,99.51%,0,59.14%,0,157.84,$2.37,CHA 3,HOU 1,user42,1,marvalshot,7327,4683987575_42
Donovan Mitchell (38319302),Collin Sexton (38319491),Jamison Battle (38319725),Pascal Siakam (38319373),Jusuf Nurkic (38319623),Chris Paul (38319596),Ausar Thompson (38319458),Evan Mobley (38319319),308.5617534722222,402.990597065463,49900,100.00%,25776,659.88%,0,134.55,$26.4,CLE 2,UTA 1,user7,1,marvalshot,7341,4683987576_7
Dennis Schroder (38319444),Devin Vassell (38319398),Jamison Battle (38319725),Miles Bridges (38319308),Jusuf Nurkic (38319623),Dalano Banton (38319560),Ja'Kobe Walter (38319586),Donovan Mitchell (38319302),293.4122743055555,378.62952748254247,49100,99.94%,0,73.2%,0,173.74,$2.93,TOR 2,CHA 2,user45,1,marvalshot,7428,4683987577_45
Collin Gillespie (38319579),Donovan Mitchell (38319302),Ausar Thompson (38319458),Pascal Siakam (38319373),Jusuf Nurkic (38319623),Fred VanVleet (38319423),Jabari Walker (38319825),Jalen Duren (38319381),289.5573784722222,380.4945471215364,49300,93.69%,0,37.73%,0,112.16,$1.51,DET 2,PHX 1,user38,1,marvalshot,7470,4683987578_38
KJ Simpson (38319544),Dennis Schroder (38319444),Ja'Kobe Walter (38319586),Evan Mobley (38319319),Jusuf Nurkic (38319623),Josh Giddey (38319291),Jamison Battle (38319725),Shaedon Sharpe (38319366),286.47720486111115,370.9785411820871,49800,65.22%,0,-18.38%,0,143.76,$-0.74,CHA 2,TOR 2,user7,1,marvalshot,7488,4683987579_7
KJ Simpson (38319544),Malik Beasley (38319469),Brice Sensabaugh (38319564),Pascal Siakam (38319373),Jusuf Nurkic (38319623),Chris Paul (38319596),Deni Avdija (38319298),Evan Mobley (38319319),298.7553298611111,382.958731702056,50000,100.00%,4,131.74%,0,121.98,$5.27,CHA 2,DET 1,user42,23,marvalshot,7542,4683987580_42
Dalano Banton (38319560),Dennis Schroder (38319444),Jamison Battle (38319725),Pascal Siakam (38319373),Jusuf Nurkic (38319623),Darius Garland (38319349),Tari Eason (38319462),Alperen Sengun (38319306),302.3673784722222,394.09454712153644,50000,100.00%,85,212.1%,0,180.19,$8.48,HOU 2,POR 1,user9,1,marvalshot,7566,4683987581_9
Malik Monk (38319403),Max Strus (38319608),Jamison Battle (38319725),Pascal Siakam (38319373),Jusuf Nurkic (38319623),KJ Simpson (38319544),Jalen Williams (38319345),Domantas Sabonis (38319289),288.5987326388889,369.5880987922857,50000,87.93%,0,24.27%,0,115.44999999999999,$0.97,SAC 2,CHA 2,user37,1,marvalshot,7643,4683987582_37
KJ Simpson (38319544),Shaedon Sharpe (38319366),Jamison Battle (38319725),Miles Bridges (38319308),Jusuf Nurkic (38319623),Dennis Schroder (38319444),Matisse Thybulle (38319671),Deni Avdija (38319298),291.65335069444444,370.57890380406684,49100,99.50%,0,58.57%,0,144.94,$2.34,CHA 3,POR 3,user39,1,marvalshot,7324,4683987575_39
Shaedon Sharpe (38319366),Collin Sexton (38319491),Jamison Battle (38319725),Pascal Siakam (38319373),Jusuf Nurkic (38319623),Coby White (38319323),Ausar Thompson (38319458),Donovan Clingan (38319495),308.30175347222223,395.360597065463,49600,100.00%,23540,640.94%,0,122.80999999999999,$25.64,POR 2,UTA 1,user31,1,marvalshot,7365,4683987576_31
Dennis Schroder (38319444),Kevin Huerter (38319486),Jamison Battle (38319725),Miles Bridges (38319308),Jusuf Nurkic (38319623),Josh Giddey (38319291),Ja'Kobe Walter (38319586),Donovan Clingan (38319495),292.38227430555554,375.4795274825425,49300,99.63%,0,64.54%,0,142.33,$2.58,CHI 2,TOR 2,user17,1,marvalshot,7400,4683987577_17
Collin Gillespie (38319579),Dalano Banton (38319560),Ausar Thompson (38319458),Pascal Siakam (38319373),Jusuf Nurkic (38319623),Shai Gilgeous-Alexander (38319275),Isaac Okoro (38319839),Jalen Duren (38319381),289.4273784722222,381.2545471215364,49500,93.90%,0,36.9%,0,145.20999999999998,$1.48,DET 2,PHX 1,user20,1,marvalshot,7452,4683987578_20
KJ Simpson (38319544),Dennis Schroder (38319444),Ja'Kobe Walter (38319586),Deni Avdija (38319298),Jusuf Nurkic (38319623),Shaedon Sharpe (38319366),Jamison Battle (38319725),Stephon Castle (38319386),286.07720486111106,367.318541182087,47900,59.58%,0,-28.37%,0,149.18,$-1.13,CHA 2,TOR 2,user34,1,marvalshot,7515,4683987579_34
KJ Simpson (38319544),Malik Beasley (38319469),Brice Sensabaugh (38319564),Pascal Siakam (38319373),Jusuf Nurkic (38319623),Chris Paul (38319596),Deni Avdija (38319298),Evan Mobley (38319319),298.7553298611111,382.958731702056,50000,100.00%,4,131.74%,0,121.98,$5.27,CHA 2,DET 1,user43,23,marvalshot,7542,4683987580_43
Jalen Green (38319357),Dennis Schroder (38319444),Jamison Battle (38319725),Pascal Siakam (38319373),Jusuf Nurkic (38319623),Shaedon Sharpe (38319366),Jabari Walker (38319825),Donovan Mitchell (38319302),302.03737847222214,390.9045471215364,49800,100.00%,99,204.65%,0,137.1,$8.19,POR 2,HOU 1,user23,1,marvalshot,7580,4683987581_23
Malik Monk (38319403),Justin Minaya (38320012),Jamison Battle (38319725),Pascal Siakam (38319373),Jusuf Nurkic (38319623),KJ Simpson (38319544),Evan Mobley (38319319),Domantas Sabonis (38319289),288.3487326388889,370.1880987922857,49400,85.48%,0,19.4%,0,119.39999999999999,$0.78,SAC 2,CHA 2,user34,1,marvalshot,7640,4683987582_34
KJ Simpson (38319544),Dalano Banton (38319560),Jamison Battle (38319725),Miles Bridges (38319308),Jusuf Nurkic (38319623),Dennis Schroder (38319444),Chet Holmgren (38319394),Alperen Sengun (38319306),291.6333506944444,377.4989038040668,49500,99.54%,0,57.7%,0,193.02,$2.31,CHA 3,POR 1,user8,1,marvalshot,7293,4683987575_8
Donovan Mitchell (38319302),Collin Sexton (38319491),Jamison Battle (38319725),Pascal Siakam (38319373),Jusuf Nurkic (38319623),Dalano Banton (38319560),Ausar Thompson (38319458),Jarrett Allen (38319419),308.24175347222223,400.28059706546304,48500,100.00%,22172,595.02%,0,160.71,$23.8,CLE 2,UTA 1,user46,1,marvalshot,7380,4683987576_46
Dennis Schroder (38319444),Shaedon Sharpe (38319366),Jamison Battle (38319725),Miles Bridges (38319308),Jusuf Nurkic (38319623),Dalano Banton (38319560),Ja'Kobe Walter (38319586),Amen Thompson (38319314),292.44227430555554,373.39952748254245,49000,99.80%,0,64.52%,0,175.36,$2.58,POR 2,TOR 2,user9,1,marvalshot,7392,4683987577_9
Collin Gillespie (38319579),Dalen Terry (38319736),Ausar Thompson (38319458),Pascal Siakam (38319373),Jusuf Nurkic (38319623),Fred VanVleet (38319423),Deni Avdija (38319298),Jalen Duren (38319381),289.42737847222224,375.7045471215365,49800,93.18%,0,36.24%,0,104.02,$1.45,DET 2,PHX 1,user15,1,marvalshot,7447,4683987578_15
KJ Simpson (38319544),Dennis Schroder (38319444),Ja'Kobe Walter (38319586),Deni Avdija (38319298),Jusuf Nurkic (38319623),Darius Garland (38319349),Jamison Battle (38319725),Coby White (38319323),285.9872048611111,369.33854118208706,49600,57.90%,0,-30.41%,0,143.63,$-1.22,CHA 2,TOR 2,user12,1,marvalshot,7493,4683987579_12
KJ Simpson (38319544),Malik Beasley (38319469),Brice Sensabaugh (38319564),Pascal Siakam (38319373),Jusuf Nurkic (38319623),Chris Paul (38319596),Deni Avdija (38319298),Evan Mobley (38319319),298.7553298611111,382.958731702056,50000,100.00%,4,131.74%,0,121.98,$5.27,CHA 2,DET 1,user44,23,marvalshot,7542,4683987580_44
Chris Paul (38319596),Dennis Schroder (38319444),Jamison Battle (38319725),Pascal Siakam (38319373),Jusuf Nurkic (38319623),Coby White (38319323),Matas Buzelis (38319518),Deni Avdija (38319298),302.0173784722222,386.2345471215365,49600,100.00%,97,203.76%,0,145.48,$8.15,CHI 2,SAS 1,user22,1,marvalshot,7579,4683987581_22
Malik Monk (38319403),Dalen Terry (38319736),Jamison Battle (38319725),Pascal Siakam (38319373),Jusuf Nurkic (38319623),KJ Simpson (38319544),Jalen Williams (38319345),Domantas Sabonis (38319289),287.6587326388889,368.7480987922857,49300,79.38%,0,7.23%,0,118.85999999999999,$0.29,SAC 2,CHA 2,user8,1,marvalshot,7614,4683987582_8
KJ Simpson (38319544),Dalano Banton (38319560),Jamison Battle (38319725),Miles Bridges (38319308),Jusuf Nurkic (38319623),Dennis Schroder (38319444),Coby White (38319323),Nikola Vucevic (38319361),291.5933506944444,373.2589038040668,49600,99.47%,0,57.32%,0,176.67000000000002,$2.29,CHA 3,CHI 2,user7,1,marvalshot,7292,4683987575_7
Chris Paul (38319596),Collin Sexton (38319491),Jamison Battle (38319725),Pascal Siakam (38319373),Jusuf Nurkic (38319623),Coby White (38319323),Ausar Thompson (38319458),Deni Avdija (38319298),307.99175347222223,395.75059706546307,49900,100.00%,20383,591.48%,0,136.96999999999997,$23.66,SAS 1,UTA 1,user10,1,marvalshot,7344,4683987576_10
Dennis Schroder (38319444),Coby White (38319323),Jamison Battle (38319725),Miles Bridges (38319308),Jusuf Nurkic (38319623),Dalano Banton (38319560),Ja'Kobe Walter (38319586),Jalen Green (38319357),291.1222743055555,372.65952748254244,49100,99.01%,0,53.86%,0,170.29000000000002,$2.15,TOR 2,CHA 2,user14,1,marvalshot,7397,4683987577_14
Collin Gillespie (38319579),Alex Caruso (38319692),Ausar Thompson (38319458),Pascal Siakam (38319373),Jusuf Nurkic (38319623),Fred VanVleet (38319423),Deni Avdija (38319298),Jalen Duren (38319381),288.8273784722222,375.09454712153644,50000,89.45%,0,27.46%,0,100.45,$1.1,DET 2,PHX 1,user49,1,marvalshot,7481,4683987578_49
KJ Simpson (38319544),Dennis Schroder (38319444),Ja'Kobe Walter (38319586),Jalen Williams (38319345),Jusuf Nurkic (38319623),Shaedon Sharpe (38319366),Jamison Battle (38319725),Deni Avdija (38319298),285.8972048611111,368.10854118208704,48600,56.74%,0,-32.85%,0,149.33999999999997,$-1.31,CHA 2,TOR 2,user42,1,marvalshot,7523,4683987579_42
KJ Simpson (38319544),Malik Beasley (38319469),Brice Sensabaugh (38319564),Pascal Siakam (38319373),Jusuf Nurkic (38319623),Chris Paul (38319596),Deni Avdija (38319298),Evan Mobley (38319319),298.7553298611111,382.958731702056,50000,100.00%,4,131.74%,0,121.98,$5.27,CHA 2,DET 1,user45,23,marvalshot,7542,4683987580_45
Josh Giddey (38319291),Dennis Schroder (38319444),Jamison Battle (38319725),Pascal Siakam (38319373),Jusuf Nurkic (38319623),Chris Paul (38319596),Deni Avdija (38319298),Sandro Mamukelashvili (38319706),301.65737847222215,391.5245471215364,49100,100.00%,51,192.0%,0,157.7,$7.68,SAS 2,CHI 1,user46,1,marvalshot,7603,4683987581_46
Malik Monk (38319403),Jalen Green (38319357),Jamison Battle (38319725),Pascal Siakam (38319373),Jusuf Nurkic (38319623),KJ Simpson (38319544),Sandro Mamukelashvili (38319706),Domantas Sabonis (38319289),287.31873263888895,370.33809879228573,49200,74.51%,0,-1.11%,0,124.22999999999999,$-0.04,SAC 2,CHA 2,user49,1,marvalshot,7655,4683987582_49
KJ Simpson (38319544),Donovan Mitchell (38319302),Jamison Battle (38319725),Miles Bridges (38319308),Jusuf Nurkic (38319623),Dennis Schroder (38319444),Isaac Okoro (38319839),Deni Avdija (38319298),291.4333506944444,374.43890380406685,50000,99.44%,0,56.78%,0,139.22,$2.27,CHA 3,CLE 2,user5,1,marvalshot,7290,4683987575_5
Stephon Castle (38319386),Collin Sexton (38319491),Jamison Battle (38319725),Pascal Siakam (38319373),Jusuf Nurkic (38319623),Dalano Banton (38319560),Ausar Thompson (38319458),Evan Mobley (38319319),307.7817534722222,397.990597065463,48500,100.00%,17176,537.96%,0,158.95,$21.52,SAS 1,UTA 1,user39,1,marvalshot,7373,4683987576_39
Dennis Schroder (38319444),Stephon Castle (38319386),Jamison Battle (38319725),Miles Bridges (38319308),Jusuf Nurkic (38319623),Shai Gilgeous-Alexander (38319275),Ja'Kobe Walter (38319586),Jabari Walker (38319825),290.9722743055555,381.37952748254247,49900,98.43%,0,52.74%,0,142.4,$2.11,TOR 2,CHA 2,user4,1,marvalshot,7387,4683987577_4
Collin Gillespie (38319579),Donovan Mitchell (38319302),Ausar Thompson (38319458),Pascal Siakam (38319373),Jusuf Nurkic (38319623),Fred VanVleet (38319423),Sandro Mamukelashvili (38319706),Jalen Duren (38319381),288.7973784722222,381.41454712153643,49800,89.09%,0,26.63%,0,105.44,$1.07,DET 2,PHX 1,user30,1,marvalshot,7462,4683987578_30
KJ Simpson (38319544),Dennis Schroder (38319444),Ja'Kobe Walter (38319586),Evan Mobley (38319319),Jusuf Nurkic (38319623),Shaedon Sharpe (38319366),Jamison Battle (38319725),Alperen Sengun (38319306),285.8972048611111,373.0285411820871,49100,55.93%,0,-32.9%,0,143.26,$-1.32,CHA 2,TOR 2,user29,1,marvalshot,7510,4683987579_29
KJ Simpson (38319544),Malik Beasley (38319469),Brice Sensabaugh (38319564),Pascal Siakam (38319373),Jusuf Nurkic (38319623),Chris Paul (38319596),Deni Avdija (38319298),Evan Mobley (38319319),298.7553298611111,382.958731702056,50000,100.00%,4,131.74%,0,121.98,$5.27,CHA 2,DET 1,user46,23,marvalshot,7542,4683987580_46
Donovan Mitchell (38319302),Dennis Schroder (38319444),Jamison Battle (38319725),Pascal Siakam (38319373),Jusuf Nurkic (38319623),Stephon Castle (38319386),Jabari Walker (38319825),Nikola Vucevic (38319361),301.0473784722222,393.78454712153643,49600,100.00%,30,176.75%,0,133.85,$7.07,CLE 1,DET 1,user19,1,marvalshot,7576,4683987581_19
Malik Monk (38319403),Alex Caruso (38319692),Jamison Battle (38319725),Pascal Siakam (38319373),Jusuf Nurkic (38319623),KJ Simpson (38319544),Jalen Williams (38319345),Domantas Sabonis (38319289),287.0587326388889,368.13809879228563,49500,72.32%,0,-5.59%,0,115.28999999999999,$-0.22,SAC 2,OKC 2,user29,1,marvalshot,7635,4683987582_29
KJ Simpson (38319544),Coby White (38319323),Jamison Battle (38319725),Miles Bridges (38319308),Jusuf Nurkic (38319623),Dennis Schroder (38319444),Jabari Walker (38319825),Deni Avdija (38319298),291.34335069444444,373.2589038040669,49500,99.22%,0,55.83%,0,151.5,$2.23,CHA 3,POR 2,user14,1,marvalshot,7299,4683987575_14
Donovan Mitchell (38319302),Collin Sexton (38319491),Jamison Battle (38319725),Pascal Siakam (38319373),Jusuf Nurkic (38319623),Fred VanVleet (38319423),Ausar Thompson (38319458),Donovan Clingan (38319495),307.3517534722222,396.98059706546303,49400,100.00%,14977,515.93%,0,123.07,$20.64,CLE 1,UTA 1,user21,1,marvalshot,7355,4683987576_21
Dennis Schroder (38319444),Jalen Green (38319357),Jamison Battle (38319725),Miles Bridges (38319308),Jusuf Nurkic (38319623),Donovan Mitchell (38319302),Ja'Kobe Walter (38319586),Chris Paul (38319596),290.2122743055555,376.8095274825424,49200,97.11%,0,46.15%,0,147.51999999999998,$1.85,TOR 2,CHA 2,user39,1,marvalshot,7422,4683987577_39
Collin Gillespie (38319579),Dalano Banton (38319560),Ausar Thompson (38319458),Pascal Siakam (38319373),Jusuf Nurkic (38319623),Kevin Huerter (38319486),Amen Thompson (38319314),Jalen Duren (38319381),288.6473784722222,374.45454712153645,49600,88.92%,0,25.56%,0,144.42000000000002,$1.02,DET 2,PHX 1,user7,1,marvalshot,7439,4683987578_7
KJ Simpson (38319544),Dennis Schroder (38319444),Ja'Kobe Walter (38319586),Evan Mobley (38319319),Jusuf Nurkic (38319623),Jalen Green (38319357),Jamison Battle (38319725),Deni Avdija (38319298),285.7172048611111,370.9285411820871,49600,53.41%,0,-37.32%,0,144.32999999999998,$-1.49,CHA 2,TOR 2,user,1,marvalshot,5015,4683987579
KJ Simpson (38319544),Malik Beasley (38319469),Brice Sensabaugh (38319564),Pascal Siakam (38319373),Jusuf Nurkic (38319623),Chris Paul (38319596),Deni Avdija (38319298),Evan Mobley (38319319),298.7553298611111,382.958731702056,50000,100.00%,4,131.74%,0,121.98,$5.27,CHA 2,DET 1,user47,23,marvalshot,7542,4683987580_47
Dalano Banton (38319560),Dennis Schroder (38319444),Jamison Battle (38319725),Pascal Siakam (38319373),Jusuf Nurkic (38319623),Chris Paul (38319596),Amen Thompson (38319314),Josh Giddey (38319291),301.2073784722222,387.01454712153645,49700,100.00%,4,176.66%,0,186.45999999999998,$7.07,POR 1,DET 1,user44,1,marvalshot,7601,4683987581_44
Malik Monk (38319403),Stephon Castle (38319386),Jamison Battle (38319725),Pascal Siakam (38319373),Jusuf Nurkic (38319623),KJ Simpson (38319544),Julian Champagnie (38319631),Domantas Sabonis (38319289),286.29873263888885,366.1580987922856,49100,61.63%,0,-22.52%,0,114.00999999999999,$-0.9,SAC 2,SAS 2,user41,1,marvalshot,7647,4683987582_41
KJ Simpson (38319544),Donovan Mitchell (38319302),Jamison Battle (38319725),Miles Bridges (38319308),Jusuf Nurkic (38319623),Dennis Schroder (38319444),Sandro Mamukelashvili (38319706),Evan Mobley (38319319),291.15335069444444,381.4189038040669,50000,99.00%,0,54.33%,0,142.36,$2.17,CHA 3,CLE 2,user34,1,marvalshot,7319,4683987575_34
Donovan Mitchell (38319302),Collin Sexton (38319491),Jamison Battle (38319725),Pascal Siakam (38319373),Jusuf Nurkic (38319623),Dalen Terry (38319736),Ausar Thompson (38319458),Deni Avdija (38319298),307.36175347222223,398.22059706546304,49800,100.00%,14645,510.88%,0,122.8,$20.44,CLE 1,UTA 1,user30,1,marvalshot,7364,4683987576_30
Dennis Schroder (38319444),Donovan Mitchell (38319302),Jamison Battle (38319725),Miles Bridges (38319308),Jusuf Nurkic (38319623),Coby White (38319323),Ja'Kobe Walter (38319586),Sandro Mamukelashvili (38319706),289.06227430555555,377.4695274825425,49400,92.15%,0,32.42%,0,134.45999999999998,$1.3,TOR 2,CHA 2,user30,1,marvalshot,7413,4683987577_30
Collin Gillespie (38319579),Coby White (38319323),Ausar Thompson (38319458),Pascal Siakam (38319373),Jusuf Nurkic (38319623),Darius Garland (38319349),Jabari Walker (38319825),Jalen Duren (38319381),288.72737847222226,380.0445471215365,49900,88.07%,0,25.06%,0,107.97999999999999,$1.0,DET 2,PHX 1,user37,1,marvalshot,7469,4683987578_37
KJ Simpson (38319544),Dennis Schroder (38319444),Ja'Kobe Walter (38319586),Deni Avdija (38319298),Jusuf Nurkic (38319623),Shai Gilgeous-Alexander (38319275),Jamison Battle (38319725),Matas Buzelis (38319518),285.7172048611111,372.1185411820871,49900,53.33%,0,-37.87%,0,149.63,$-1.51,CHA 2,TOR 2,user4,1,marvalshot,7485,4683987579_4
KJ Simpson (38319544),Malik Beasley (38319469),Brice Sensabaugh (38319564),Pascal Siakam (38319373),Jusuf Nurkic (38319623),Chris Paul (38319596),Deni Avdija (38319298),Evan Mobley (38319319),298.7553298611111,382.958731702056,50000,100.00%,4,131.74%,0,121.98,$5.27,CHA 2,DET 1,user48,23,marvalshot,7542,4683987580_48
Shai Gilgeous-Alexander (38319275),Dennis Schroder (38319444),Jamison Battle (38319725),Pascal Siakam (38319373),Jusuf Nurkic (38319623),Chris Paul (38319596),Jabari Walker (38319825),Evan Mobley (38319319),300.6373784722222,395.9745471215365,49700,100.00%,24,166.64%,0,157.19,$6.67,OKC 1,DET 1,user27,1,marvalshot,7584,4683987581_27
Malik Monk (38319403),Jalen Green (38319357),Jamison Battle (38319725),Pascal Siakam (38319373),Jusuf Nurkic (38319623),KJ Simpson (38319544),De'Andre Hunter (38319627),Domantas Sabonis (38319289),286.2187326388889,366.4280987922857,49600,60.53%,0,-24.34%,0,118.9,$-0.97,SAC 2,CHA 2,user10,1,marvalshot,7616,4683987582_10
KJ Simpson (38319544),Dalano Banton (38319560),Jamison Battle (38319725),Miles Bridges (38319308),Jusuf Nurkic (38319623),Dennis Schroder (38319444),Amen Thompson (38319314),Shaedon Sharpe (38319366),291.1733506944444,369.9689038040668,49500,99.24%,0,54.3%,0,180.08,$2.17,CHA 3,POR 2,user32,1,marvalshot,7317,4683987575_32
Darius Garland (38319349),Collin Sexton (38319491),Jamison Battle (38319725),Pascal Siakam (38319373),Jusuf Nurkic (38319623),Chris Paul (38319596),Ausar Thompson (38319458),Deni Avdija (38319298),307.2517534722222,397.22059706546304,49200,100.00%,13752,501.47%,0,139.59,$20.06,CLE 1,UTA 1,user15,1,marvalshot,7349,4683987576_15
Dennis Schroder (38319444),Donovan Mitchell (38319302),Jamison Battle (38319725),Miles Bridges (38319308),Jusuf Nurkic (38319623),Blake Wesley (38319801),Ja'Kobe Walter (38319586),Alperen Sengun (38319306),288.9122743055555,378.77952748254245,49400,90.87%,0,29.9%,0,131.86,$1.2,TOR 2,CHA 2,user,1,marvalshot,3264,4683987577
Collin Gillespie (38319579),Kevin Huerter (38319486),Ausar Thompson (38319458),Pascal Siakam (38319373),Jusuf Nurkic (38319623),Luguentz Dort (38319599),Deni Avdija (38319298),Jalen Duren (38319381),288.2373784722222,371.8145471215364,49600,85.26%,0,18.13%,0,105.22,$0.73,DET 2,PHX 1,user29,1,marvalshot,7461,4683987578_29
KJ Simpson (38319544),Dennis Schroder (38319444),Ja'Kobe Walter (38319586),Deni Avdija (38319298),Jusuf Nurkic (38319623),Chris Paul (38319596),Jamison Battle (38319725),Shai Gilgeous-Alexander (38319275),285.68720486111107,373.518541182087,48800,53.00%,0,-38.38%,0,170.37,$-1.54,CHA 2,TOR 2,user41,1,marvalshot,7522,4683987579_41
KJ Simpson (38319544),Malik Beasley (38319469),Brice Sensabaugh (38319564),Pascal Siakam (38319373),Jusuf Nurkic (38319623),Chris Paul (38319596),Deni Avdija (38319298),Evan Mobley (38319319),298.7553298611111,382.958731702056,50000,100.00%,4,131.74%,0,121.98,$5.27,CHA 2,DET 1,user49,23,marvalshot,7542,4683987580_49
Stephon Castle (38319386),Dennis Schroder (38319444),Jamison Battle (38319725),Pascal Siakam (38319373),Jusuf Nurkic (38319623),Shaedon Sharpe (38319366),Evan Mobley (38319319),Sandro Mamukelashvili (38319706),300.26737847222216,390.6945471215364,49300,100.00%,8,158.02%,0,129.28,$6.32,SAS 2,DET 1,user1,1,marvalshot,7558,4683987581_1
Malik Monk (38319403),Jalen Green (38319357),Jamison Battle (38319725),Pascal Siakam (38319373),Jusuf Nurkic (38319623),KJ Simpson (38319544),Max Strus (38319608),Domantas Sabonis (38319289),286.0987326388889,365.3280987922857,49800,59.14%,0,-26.45%,0,113.79999999999998,$-1.06,SAC 2,CHA 2,user11,1,marvalshot,7617,4683987582_11
KJ Simpson (38319544),Justin Minaya (38320012),Jamison Battle (38319725),Miles Bridges (38319308),Jusuf Nurkic (38319623),Dennis Schroder (38319444),Deni Avdija (38319298),Donovan Mitchell (38319302),290.93335069444447,374.30890380406686,49900,98.82%,0,52.69%,0,142.68,$2.11,CHA 3,POR 2,user43,1,marvalshot,7328,4683987575_43
Dalano Banton (38319560),Collin Sexton (38319491),Jamison Battle (38319725),Pascal Siakam (38319373),Jusuf Nurkic (38319623),Shaedon Sharpe (38319366),Ausar Thompson (38319458),Coby White (38319323),307.15175347222214,391.760597065463,48600,100.00%,11154,471.52%,0,160.68,$18.86,POR 2,UTA 1,user42,1,marvalshot,7376,4683987576_42
Dennis Schroder (38319444),Stephon Castle (38319386),Jamison Battle (38319725),Miles Bridges (38319308),Jusuf Nurkic (38319623),Shaedon Sharpe (38319366),Ja'Kobe Walter (38319586),Devin Vassell (38319398),288.6822743055555,370.27952748254245,50000,89.27%,0,26.13%,0,123.6,$1.05,SAS 2,TOR 2,user11,1,marvalshot,7394,4683987577_11
Collin Gillespie (38319579),Shaedon Sharpe (38319366),Ausar Thompson (38319458),Pascal Siakam (38319373),Jusuf Nurkic (38319623),Chris Paul (38319596),Chet Holmgren (38319394),Jalen Duren (38319381),288.06737847222223,377.8045471215365,49200,83.44%,0,14.59%,0,132.35,$0.58,DET 2,PHX 1,user21,1,marvalshot,7453,4683987578_21
KJ Simpson (38319544),Dennis Schroder (38319444),Ja'Kobe Walter (38319586),Evan Mobley (38319319),Jusuf Nurkic (38319623),Stephon Castle (38319386),Jamison Battle (38319725),Donovan Mitchell (38319302),285.60720486111114,374.25854118208713,49000,51.33%,0,-40.24%,0,140.22,$-1.61,CHA 2,TOR 2,user19,1,marvalshot,7500,4683987579_19
KJ Simpson (38319544),Malik Beasley (38319469),Brice Sensabaugh (38319564),Pascal Siakam (38319373),Jusuf Nurkic (38319623),Dalano Banton (38319560),Jalen Williams (38319345),Donovan Mitchell (38319302),298.69532986111113,383.20873170205607,49700,100.00%,1,130.14%,0,143.53,$5.21,CHA 2,DET 1,user7,1,marvalshot,7537,4683987580_7
Shai Gilgeous-Alexander (38319275),Dennis Schroder (38319444),Jamison Battle (38319725),Pascal Siakam (38319373),Jusuf Nurkic (38319623),Jalen Green (38319357),Sandro Mamukelashvili (38319706),Dalano Banton (38319560),300.10737847222225,393.0245471215365,49800,100.00%,1,152.8%,0,175.97,$6.11,OKC 1,DET 1,user21,1,marvalshot,7578,4683987581_21
Malik Monk (38319403),Julian Champagnie (38319631),Jamison Battle (38319725),Pascal Siakam (38319373),Jusuf Nurkic (38319623),KJ Simpson (38319544),Jalen Williams (38319345),Domantas Sabonis (38319289),286.1187326388889,366.9480987922857,49800,59.21%,0,-26.79%,0,114.16999999999999,$-1.07,SAC 2,CHA 2,user25,1,marvalshot,7631,4683987582_25
KJ Simpson (38319544),Donovan Mitchell (38319302),Jamison Battle (38319725),Miles Bridges (38319308),Jusuf Nurkic (38319623),Dennis Schroder (38319444),Kris Murray (38319853),Deni Avdija (38319298),290.7433506944444,374.1089038040668,50000,98.64%,0,51.35%,0,138.14,$2.05,CHA 3,POR 2,user44,1,marvalshot,7329,4683987575_44
Alex Caruso (38319692),Collin Sexton (38319491),Jamison Battle (38319725),Pascal Siakam (38319373),Jusuf Nurkic (38319623),Donovan Mitchell (38319302),Ausar Thompson (38319458),Deni Avdija (38319298),306.7617534722222,397.610597065463,50000,100.00%,9974,451.26%,0,119.22999999999999,$18.05,OKC 1,UTA 1,user28,1,marvalshot,7362,4683987576_28
Dennis Schroder (38319444),Donovan Mitchell (38319302),Jamison Battle (38319725),Miles Bridges (38319308),Jusuf Nurkic (38319623),Coby White (38319323),Ja'Kobe Walter (38319586),Luguentz Dort (38319599),288.20227430555553,370.31952748254247,50000,85.74%,0,18.81%,0,124.02,$0.75,TOR 2,CHA 2,user25,1,marvalshot,7408,4683987577_25
Collin Gillespie (38319579),Shaedon Sharpe (38319366),Ausar Thompson (38319458),Pascal Siakam (38319373),Jusuf Nurkic (38319623),Darius Garland (38319349),Harrison Barnes (38319681),Jalen Duren (38319381),287.9173784722222,376.14454712153645,49400,81.25%,0,11.04%,0,104.58,$0.44,DET 2,PHX 1,user14,1,marvalshot,7446,4683987578_14
KJ Simpson (38319544),Dennis Schroder (38319444),Ja'Kobe Walter (38319586),Evan Mobley (38319319),Jusuf Nurkic (38319623),Donovan Mitchell (38319302),Jamison Battle (38319725),Donovan Clingan (38319495),285.4772048611111,374.52854118208705,47400,49.40%,0,-42.7%,0,153.26,$-1.71,CHA 2,TOR 2,user36,1,marvalshot,7517,4683987579_36
KJ Simpson (38319544),Malik Beasley (38319469),Brice Sensabaugh (38319564),Pascal Siakam (38319373),Jusuf Nurkic (38319623),Dalano Banton (38319560),Deni Avdija (38319298),Jarrett Allen (38319419),298.43532986111114,380.2487317020561,48600,100.00%,0,126.22%,0,148.14,$5.05,CHA 2,POR 2,user27,1,marvalshot,7557,4683987580_27
Dalano Banton (38319560),Dennis Schroder (38319444),Jamison Battle (38319725),Pascal Siakam (38319373),Jusuf Nurkic (38319623),Coby White (38319323),Tari Eason (38319462),Shaedon Sharpe (38319366),299.5373784722222,383.32454712153645,49100,100.00%,0,141.8%,0,180.20999999999998,$5.67,POR 2,DET 1,user6,1,marvalshot,7563,4683987581_6
Malik Monk (38319403),Sam Merrill (38319749),Jamison Battle (38319725),Pascal Siakam (38319373),Jusuf Nurkic (38319623),KJ Simpson (38319544),Coby White (38319323),Domantas Sabonis (38319289),285.9387326388889,363.49809879228565,49800,56.28%,0,-30.79%,0,111.60999999999999,$-1.23,SAC 2,CHA 2,user23,1,marvalshot,7629,4683987582_23
KJ Simpson (38319544),Shaedon Sharpe (38319366),Jamison Battle (38319725),Miles Bridges (38319308),Jusuf Nurkic (38319623),Dennis Schroder (38319444),Evan Mobley (38319319),Matas Buzelis (38319518),290.69335069444446,371.9989038040669,50000,98.05%,0,50.24%,0,135.31,$2.01,CHA 3,POR 1,user19,1,marvalshot,7304,4683987575_19
Donovan Mitchell (38319302),Collin Sexton (38319491),Jamison Battle (38319725),Pascal Siakam (38319373),Jusuf Nurkic (38319623),Josh Giddey (38319291),Ausar Thompson (38319458),Bismack Biyombo (38319799),306.66175347222224,397.6505970654631,49900,100.00%,9809,446.33%,0,136.51,$17.85,CLE 1,UTA 1,user11,1,marvalshot,7345,4683987576_11
Dennis Schroder (38319444),Kevin Huerter (38319486),Jamison Battle (38319725),Miles Bridges (38319308),Jusuf Nurkic (38319623),Shai Gilgeous-Alexander (38319275),Ja'Kobe Walter (38319586),Chris Paul (38319596),287.9722743055556,374.1595274825425,49500,84.03%,0,14.47%,0,152.62,$0.58,TOR 2,CHA 2,user16,1,marvalshot,7399,4683987577_16
Collin Gillespie (38319579),Coby White (38319323),Ausar Thompson (38319458),Pascal Siakam (38319373),Jusuf Nurkic (38319623),Stephon Castle (38319386),Jabari Walker (38319825),Jalen Duren (38319381),287.77737847222227,377.7245471215365,49300,79.80%,0,8.37%,0,106.98999999999998,$0.33,DET 2,PHX 1,user35,1,marvalshot,7467,4683987578_35
KJ Simpson (38319544),Dennis Schroder (38319444),Ja'Kobe Walter (38319586),Jalen Williams (38319345),Jusuf Nurkic (38319623),Donovan Mitchell (38319302),Jamison Battle (38319725),Evan Mobley (38319319),285.4272048611111,375.04854118208704,49700,48.41%,0,-44.33%,0,140.38,$-1.77,CHA 2,TOR 2,user10,1,marvalshot,7491,4683987579_10
KJ Simpson (38319544),Malik Beasley (38319469),Brice Sensabaugh (38319564),Pascal Siakam (38319373),Jusuf Nurkic (38319623),Shaedon Sharpe (38319366),Evan Mobley (38319319),Dalano Banton (38319560),297.9153298611111,378.96873170205606,48700,100.00%,0,119.28%,0,145.69,$4.77,CHA 2,POR 2,user24,1,marvalshot,7554,4683987580_24
Amen Thompson (38319314),Dennis Schroder (38319444),Jamison Battle (38319725),Pascal Siakam (38319373),Jusuf Nurkic (38319623),Dalen Terry (38319736),Deni Avdija (38319298),Donovan Clingan (38319495),299.32737847222216,385.6745471215364,49500,100.00%,1,140.53%,0,135.62,$5.62,POR 2,HOU 1,user38,1,marvalshot,7595,4683987581_38
Malik Monk (38319403),Donovan Mitchell (38319302),Jamison Battle (38319725),Pascal Siakam (38319373),Jusuf Nurkic (38319623),KJ Simpson (38319544),Javonte Green (38320025),Domantas Sabonis (38319289),285.7387326388889,367.0780987922857,49900,53.65%,0,-35.41%,0,116.47999999999999,$-1.42,SAC 2,CLE 2,user21,1,marvalshot,7627,4683987582_21
KJ Simpson (38319544),Coby White (38319323),Jamison Battle (38319725),Miles Bridges (38319308),Jusuf Nurkic (38319623),Dennis Schroder (38319444),Sandro Mamukelashvili (38319706),Deni Avdija (38319298),290.58335069444445,374.17890380406686,50000,98.11%,0,49.62%,0,144.78,$1.98,CHA 3,CHI 1,user26,1,marvalshot,7311,4683987575_26
Shaedon Sharpe (38319366),Collin Sexton (38319491),Jamison Battle (38319725),Pascal Siakam (38319373),Jusuf Nurkic (38319623),Stephon Castle (38319386),Ausar Thompson (38319458),Donovan Clingan (38319495),306.61175347222223,394.51059706546306,48300,100.00%,9467,442.18%,0,124.44,$17.69,POR 2,UTA 1,user47,1,marvalshot,7381,4683987576_47
Dennis Schroder (38319444),Jalen Green (38319357),Jamison Battle (38319725),Miles Bridges (38319308),Jusuf Nurkic (38319623),Stephon Castle (38319386),Ja'Kobe Walter (38319586),Jarrett Allen (38319419),287.48227430555556,372.8295274825425,49900,77.62%,0,3.69%,0,120.18,$0.15,TOR 2,CHA 2,user31,1,marvalshot,7414,4683987577_31
Collin Gillespie (38319579),Donovan Mitchell (38319302),Ausar Thompson (38319458),Pascal Siakam (38319373),Jusuf Nurkic (38319623),Fred VanVleet (38319423),Harrison Barnes (38319681),Jalen Duren (38319381),287.7073784722222,376.2945471215365,49900,79.11%,0,6.99%,0,102.22,$0.28,DET 2,PHX 1,user36,1,marvalshot,7468,4683987578_36
KJ Simpson (38319544),Dennis Schroder (38319444),Ja'Kobe Walter (38319586),Deni Avdija (38319298),Jusuf Nurkic (38319623),Shaedon Sharpe (38319366),Jamison Battle (38319725),Nikola Vucevic (38319361),285.13720486111106,367.878541182087,48400,43.75%,0,-50.95%,0,149.35,$-2.04,CHA 2,TOR 2,user40,1,marvalshot,7521,4683987579_40
KJ Simpson (38319544),Malik Beasley (38319469),Brice Sensabaugh (38319564),Pascal Siakam (38319373),Jusuf Nurkic (38319623),Donovan Mitchell (38319302),Deni Avdija (38319298),Jabari Walker (38319825),297.6853298611111,382.978731702056,49400,100.00%,0,117.35%,0,118.36999999999999,$4.69,CHA 2,POR 2,user16,1,marvalshot,7546,4683987580_16
Dalano Banton (38319560),Dennis Schroder (38319444),Jamison Battle (38319725),Pascal Siakam (38319373),Jusuf Nurkic (38319623),Jalen Green (38319357),Harrison Barnes (38319681),Shai Gilgeous-Alexander (38319275),299.0173784722222,387.90454712153644,49900,100.00%,0,133.58%,0,172.75,$5.34,POR 1,DET 1,user2,1,marvalshot,7559,4683987581_2
Malik Monk (38319403),Devin Vassell (38319398),Jamison Battle (38319725),Pascal Siakam (38319373),Jusuf Nurkic (38319623),KJ Simpson (38319544),Keldon Johnson (38319533),Domantas Sabonis (38319289),285.50873263888894,365.8480987922857,50000,50.10%,0,-39.92%,0,112.21,$-1.6,SAC 2,SAS 2,user9,1,marvalshot,7615,4683987582_9
KJ Simpson (38319544),Dalano Banton (38319560),Jamison Battle (38319725),Miles Bridges (38319308),Jusuf Nurkic (38319623),Dennis Schroder (38319444),Evan Mobley (38319319),Chet Holmgren (38319394),290.3833506944444,375.27890380406683,49100,97.96%,0,47.76%,0,192.3,$1.91,CHA 3,POR 1,user48,1,marvalshot,7333,4683987575_48
Dalano Banton (38319560),Collin Sexton (38319491),Jamison Battle (38319725),Pascal Siakam (38319373),Jusuf Nurkic (38319623),Devin Vassell (38319398),Ausar Thompson (38319458),Deni Avdija (38319298),306.8217534722222,393.250597065463,49000,100.00%,8511,440.82%,0,163.32999999999998,$17.63,POR 2,UTA 1,user34,1,marvalshot,7368,4683987576_34
Dennis Schroder (38319444),Stephon Castle (38319386),Jamison Battle (38319725),Miles Bridges (38319308),Jusuf Nurkic (38319623),Fred VanVleet (38319423),Ja'Kobe Walter (38319586),Nikola Vucevic (38319361),287.1822743055555,369.9595274825424,49800,73.84%,0,-3.29%,0,122.07,$-0.13,TOR 2,CHA 2,user46,1,marvalshot,7429,4683987577_46
Collin Gillespie (38319579),Coby White (38319323),Ausar Thompson (38319458),Pascal Siakam (38319373),Jusuf Nurkic (38319623),Shaedon Sharpe (38319366),Dalen Terry (38319736),Jalen Duren (38319381),287.5873784722222,373.94454712153646,49900,77.89%,0,4.95%,0,98.16,$0.2,CHI 2,DET 2,user25,1,marvalshot,7457,4683987578_25
KJ Simpson (38319544),Dennis Schroder (38319444),Ja'Kobe Walter (38319586),Deni Avdija (38319298),Jusuf Nurkic (38319623),Coby White (38319323),Jamison Battle (38319725),Stephon Castle (38319386),285.0372048611111,367.01854118208706,49000,41.87%,0,-53.32%,0,142.64,$-2.13,CHA 2,TOR 2,user28,1,marvalshot,7509,4683987579_28
KJ Simpson (38319544),Malik Beasley (38319469),Brice Sensabaugh (38319564),Pascal Siakam (38319373),Jusuf Nurkic (38319623),Fred VanVleet (38319423),Deni Avdija (38319298),Donovan Clingan (38319495),297.5453298611111,376.948731702056,49500,100.00%,0,115.93%,0,110.5,$4.64,CHA 2,POR 2,user5,1,marvalshot,7535,4683987580_5
Josh Giddey (38319291),Dennis Schroder (38319444),Jamison Battle (38319725),Pascal Siakam (38319373),Jusuf Nurkic (38319623),Shai Gilgeous-Alexander (38319275),Jabari Walker (38319825),Bismack Biyombo (38319799),298.7373784722222,390.63454712153646,49700,100.00%,0,132.08%,0,159.15,$5.28,CHI 1,DET 1,user33,1,marvalshot,7590,4683987581_33
Malik Monk (38319403),Coby White (38319323),Jamison Battle (38319725),Pascal Siakam (38319373),Jusuf Nurkic (38319623),KJ Simpson (38319544),Isaac Okoro (38319839),Domantas Sabonis (38319289),285.4887326388889,362.9380987922857,49400,49.78%,0,-40.76%,0,112.75999999999999,$-1.63,SAC 2,CHA 2,user22,1,marvalshot,7628,4683987582_22
KJ Simpson (38319544),Jalen Green (38319357),Jamison Battle (38319725),Miles Bridges (38319308),Jusuf Nurkic (38319623),Dennis Schroder (38319444),Coby White (38319323),Dalano Banton (38319560),289.85335069444443,369.2289038040669,49600,96.66%,0,42.9%,0,175.01,$1.72,CHA 3,HOU 1,user45,1,marvalshot,7330,4683987575_45
Darius Garland (38319349),Collin Sexton (38319491),Jamison Battle (38319725),Pascal Siakam (38319373),Jusuf Nurkic (38319623),Coby White (38319323),Ausar Thompson (38319458),Donovan Clingan (38319495),306.5217534722222,396.53059706546304,50000,100.00%,9335,437.52%,0,118.88999999999999,$17.5,CLE 1,UTA 1,user35,1,marvalshot,7369,4683987576_35
Dennis Schroder (38319444),Dalen Terry (38319736),Jamison Battle (38319725),Miles Bridges (38319308),Jusuf Nurkic (38319623),Amen Thompson (38319314),Ja'Kobe Walter (38319586),Deni Avdija (38319298),285.6022743055555,367.87952748254247,49600,51.09%,0,-39.63%,0,131.71,$-1.59,TOR 2,CHA 2,user35,1,marvalshot,7418,4683987577_35
Collin Gillespie (38319579),Alex Caruso (38319692),Ausar Thompson (38319458),Pascal Siakam (38319373),Jusuf Nurkic (38319623),Stephon Castle (38319386),Evan Mobley (38319319),Jalen Duren (38319381),287.61737847222224,379.56454712153646,50000,77.79%,0,4.73%,0,92.86,$0.19,DET 2,PHX 1,user2,1,marvalshot,7434,4683987578_2
KJ Simpson (38319544),Dennis Schroder (38319444),Ja'Kobe Walter (38319586),Deni Avdija (38319298),Jusuf Nurkic (38319623),Josh Giddey (38319291),Jamison Battle (38319725),Fred VanVleet (38319423),284.9572048611111,365.3585411820871,49600,40.61%,0,-55.47%,0,146.44,$-2.22,CHA 2,TOR 2,user25,1,marvalshot,7506,4683987579_25
KJ Simpson (38319544),Malik Beasley (38319469),Brice Sensabaugh (38319564),Pascal Siakam (38319373),Jusuf Nurkic (38319623),Donovan Mitchell (38319302),Sandro Mamukelashvili (38319706),Deni Avdija (38319298),296.9253298611111,383.898731702056,49900,100.00%,0,108.56%,0,111.64999999999999,$4.34,CHA 2,DET 1,user3,1,marvalshot,7533,4683987580_3
Fred VanVleet (38319423),Dennis Schroder (38319444),Jamison Battle (38319725),Pascal Siakam (38319373),Jusuf Nurkic (38319623),Shai Gilgeous-Alexander (38319275),Matisse Thybulle (38319671),Donovan Clingan (38319495),298.69737847222217,386.9845471215364,49900,100.00%,1,131.44%,0,132.61,$5.26,POR 2,HOU 1,user35,1,marvalshot,7592,4683987581_35
Malik Monk (38319403),Jalen Green (38319357),Jamison Battle (38319725),Pascal Siakam (38319373),Jusuf Nurkic (38319623),KJ Simpson (38319544),Dalen Terry (38319736),Domantas Sabonis (38319289),285.1587326388889,364.4880987922857,49100,44.98%,0,-47.56%,0,117.20999999999998,$-1.9,SAC 2,CHA 2,user16,1,marvalshot,7622,4683987582_16
KJ Simpson (38319544),Dalano Banton (38319560),Jamison Battle (38319725),Miles Bridges (38319308),Jusuf Nurkic (38319623),Dennis Schroder (38319444),Jalen Williams (38319345),Nikola Vucevic (38319361),289.7233506944444,373.1989038040668,49000,96.09%,0,41.53%,0,178.46,$1.66,CHA 3,POR 1,user4,1,marvalshot,7289,4683987575_4
Shai Gilgeous-Alexander (38319275),Collin Sexton (38319491),Jamison Battle (38319725),Pascal Siakam (38319373),Jusuf Nurkic (38319623),Kevin Huerter (38319486),Ausar Thompson (38319458),Dalano Banton (38319560),306.5517534722222,396.470597065463,49800,100.00%,7381,421.89%,0,165.15,$16.88,OKC 1,UTA 1,user25,1,marvalshot,7359,4683987576_25
Dennis Schroder (38319444),Stephon Castle (38319386),Jamison Battle (38319725),Miles Bridges (38319308),Jusuf Nurkic (38319623),Kevin Huerter (38319486),Ja'Kobe Walter (38319586),Jalen Williams (38319345),285.45227430555553,367.5995274825425,49100,48.80%,0,-43.09%,0,126.68,$-1.72,TOR 2,CHA 2,user41,1,marvalshot,7424,4683987577_41
Collin Gillespie (38319579),Cason Wallace (38319619),Ausar Thompson (38319458),Pascal Siakam (38319373),Jusuf Nurkic (38319623),Kevin Huerter (38319486),Deni Avdija (38319298),Jalen Duren (38319381),287.47737847222226,371.9845471215365,49500,77.33%,0,3.37%,0,104.73,$0.13,DET 2,PHX 1,user26,1,marvalshot,7458,4683987578_26
KJ Simpson (38319544),Dennis Schroder (38319444),Ja'Kobe Walter (38319586),Deni Avdija (38319298),Jusuf Nurkic (38319623),Coby White (38319323),Jamison Battle (38319725),Donovan Clingan (38319495),284.9072048611111,367.28854118208704,47400,40.05%,0,-55.69%,0,155.68,$-2.23,CHA 2,TOR 2,user39,1,marvalshot,7520,4683987579_39
KJ Simpson (38319544),Malik Beasley (38319469),Brice Sensabaugh (38319564),Pascal Siakam (38319373),Jusuf Nurkic (38319623),Josh Giddey (38319291),Deni Avdija (38319298),Bismack Biyombo (38319799),296.8553298611111,377.61873170205604,50000,100.00%,0,107.88%,0,123.93999999999998,$4.32,CHA 2,DET 1,user10,1,marvalshot,7540,4683987580_10
Donovan Mitchell (38319302),Dennis Schroder (38319444),Jamison Battle (38319725),Pascal Siakam (38319373),Jusuf Nurkic (38319623),Chris Paul (38319596),Tari Eason (38319462),Shaedon Sharpe (38319366),298.6273784722222,387.47454712153643,49200,100.00%,0,129.62%,0,157.44,$5.18,CLE 1,DET 1,user48,1,marvalshot,7605,4683987581_48
Malik Monk (38319403),Rayan Rupert (38320008),Jamison Battle (38319725),Pascal Siakam (38319373),Jusuf Nurkic (38319623),KJ Simpson (38319544),Evan Mobley (38319319),Domantas Sabonis (38319289),285.06873263888895,366.13809879228575,49400,43.67%,0,-49.17%,0,114.25,$-1.97,SAC 2,CHA 2,user35,1,marvalshot,7641,4683987582_35
KJ Simpson (38319544),Donovan Mitchell (38319302),Jamison Battle (38319725),Miles Bridges (38319308),Jusuf Nurkic (38319623),Dennis Schroder (38319444),Coby White (38319323),Bismack Biyombo (38319799),289.58335069444445,372.18890380406685,49400,94.84%,0,39.3%,0,152.84,$1.57,CHA 3,CLE 1,user11,1,marvalshot,7296,4683987575_11
Shaedon Sharpe (38319366),Collin Sexton (38319491),Jamison Battle (38319725),Pascal Siakam (38319373),Jusuf Nurkic (38319623),Donovan Mitchell (38319302),Ausar Thompson (38319458),Matas Buzelis (38319518),306.2717534722222,394.510597065463,49800,100.00%,7154,411.16%,0,117.16999999999999,$16.45,POR 1,UTA 1,user27,1,marvalshot,7361,4683987576_27
Dennis Schroder (38319444),Donovan Mitchell (38319302),Jamison Battle (38319725),Miles Bridges (38319308),Jusuf Nurkic (38319623),Max Strus (38319608),Ja'Kobe Walter (38319586),Nikola Vucevic (38319361),285.2122743055555,372.16952748254243,49200,45.30%,0,-48.05%,0,125.83,$-1.92,CLE 2,TOR 2,user47,1,marvalshot,7430,4683987577_47
Collin Gillespie (38319579),Dalano Banton (38319560),Ausar Thompson (38319458),Pascal Siakam (38319373),Jusuf Nurkic (38319623),Amen Thompson (38319314),Matas Buzelis (38319518),Jalen Duren (38319381),287.1973784722222,373.69454712153646,49100,73.78%,0,-3.18%,0,142.03,$-0.13,DET 2,PHX 1,user42,1,marvalshot,7474,4683987578_42
KJ Simpson (38319544),Dennis Schroder (38319444),Ja'Kobe Walter (38319586),Jalen Williams (38319345),Jusuf Nurkic (38319623),Coby White (38319323),Jamison Battle (38319725),Deni Avdija (38319298),284.8572048611111,367.8085411820871,49700,38.93%,0,-57.16%,0,142.8,$-2.29,CHA 2,TOR 2,user30,1,marvalshot,7511,4683987579_30
KJ Simpson (38319544),Malik Beasley (38319469),Brice Sensabaugh (38319564),Pascal Siakam (38319373),Jusuf Nurkic (38319623),Dalano Banton (38319560),Evan Mobley (38319319),Coby White (38319323),296.87532986111114,378.6687317020561,49800,100.00%,0,107.32%,0,139.15,$4.29,CHA 2,DET 1,user1,1,marvalshot,7531,4683987580_1
Darius Garland (38319349),Dennis Schroder (38319444),Jamison Battle (38319725),Pascal Siakam (38319373),Jusuf Nurkic (38319623),Alex Caruso (38319692),Evan Mobley (38319319),Shaedon Sharpe (38319366),298.4573784722222,386.5545471215364,50000,100.00%,1,127.6%,0,119.68,$5.1,CLE 2,DET 1,user17,1,marvalshot,7574,4683987581_17
Malik Monk (38319403),Donovan Mitchell (38319302),Jamison Battle (38319725),Pascal Siakam (38319373),Jusuf Nurkic (38319623),KJ Simpson (38319544),Malaki Branham (38319834),Domantas Sabonis (38319289),284.53873263888886,365.37809879228564,50000,35.50%,0,-60.77%,0,116.47999999999999,$-2.43,SAC 2,CHA 2,user48,1,marvalshot,7654,4683987582_48
KJ Simpson (38319544),Donovan Mitchell (38319302),Jamison Battle (38319725),Miles Bridges (38319308),Jusuf Nurkic (38319623),Dennis Schroder (38319444),Keldon Johnson (38319533),Stephon Castle (38319386),289.0533506944444,374.70890380406684,50000,92.47%,0,33.0%,0,131.11,$1.32,CHA 3,SAS 2,user12,1,marvalshot,7297,4683987575_12
Dalano Banton (38319560),Collin Sexton (38319491),Jamison Battle (38319725),Pascal Siakam (38319373),Jusuf Nurkic (38319623),Shaedon Sharpe (38319366),Ausar Thompson (38319458),Darius Garland (38319349),306.4117534722222,393.23059706546303,47900,100.00%,6128,408.44%,0,163.29999999999998,$16.34,POR 2,UTA 1,user36,1,marvalshot,7370,4683987576_36
Dennis Schroder (38319444),Dalen Terry (38319736),Jamison Battle (38319725),Miles Bridges (38319308),Jusuf Nurkic (38319623),Coby White (38319323),Ja'Kobe Walter (38319586),Josh Giddey (38319291),285.04227430555557,367.18952748254253,49900,42.30%,0,-52.01%,0,126.07000000000001,$-2.08,CHI 3,TOR 2,user37,1,marvalshot,7420,4683987577_37
Collin Gillespie (38319579),Stephon Castle (38319386),Ausar Thompson (38319458),Pascal Siakam (38319373),Jusuf Nurkic (38319623),Coby White (38319323),Matisse Thybulle (38319671),Jalen Duren (38319381),287.04737847222225,374.74454712153647,50000,71.25%,0,-6.65%,0,93.89,$-0.27,DET 2,PHX 1,user44,1,marvalshot,7476,4683987578_44
KJ Simpson (38319544),Dennis Schroder (38319444),Ja'Kobe Walter (38319586),Evan Mobley (38319319),Jusuf Nurkic (38319623),Donovan Mitchell (38319302),Jamison Battle (38319725),Nikola Vucevic (38319361),284.6672048611111,374.8185411820871,49500,36.42%,0,-61.02%,0,140.39,$-2.44,CHA 2,TOR 2,user27,1,marvalshot,7508,4683987579_27
KJ Simpson (38319544),Malik Beasley (38319469),Brice Sensabaugh (38319564),Pascal Siakam (38319373),Jusuf Nurkic (38319623),Shaedon Sharpe (38319366),Matas Buzelis (38319518),Deni Avdija (38319298),296.4653298611111,374.47873170205605,49900,100.00%,0,103.55%,0,104.6,$4.14,CHA 2,POR 2,user,1,marvalshot,564,4683987580
Donovan Mitchell (38319302),Dennis Schroder (38319444),Jamison Battle (38319725),Pascal Siakam (38319373),Jusuf Nurkic (38319623),Shai Gilgeous-Alexander (38319275),Jabari Walker (38319825),Harrison Barnes (38319681),297.7173784722222,391.7945471215364,49700,100.00%,0,117.82%,0,143.64,$4.71,CLE 1,DET 1,user7,1,marvalshot,7564,4683987581_7
Malik Monk (38319403),Sam Merrill (38319749),Jamison Battle (38319725),Pascal Siakam (38319373),Jusuf Nurkic (38319623),KJ Simpson (38319544),Jalen Williams (38319345),Domantas Sabonis (38319289),284.0687326388889,363.43809879228564,49200,29.38%,0,-68.14%,0,113.39999999999999,$-2.73,SAC 2,CHA 2,user27,1,marvalshot,7633,4683987582_27
KJ Simpson (38319544),Dalen Terry (38319736),Jamison Battle (38319725),Miles Bridges (38319308),Jusuf Nurkic (38319623),Dennis Schroder (38319444),Evan Mobley (38319319),Donovan Mitchell (38319302),288.9933506944444,375.56890380406685,49900,92.26%,0,32.24%,0,135.34,$1.29,CHA 3,CLE 2,user27,1,marvalshot,7312,4683987575_27
Shai Gilgeous-Alexander (38319275),Collin Sexton (38319491),Jamison Battle (38319725),Pascal Siakam (38319373),Jusuf Nurkic (38319623),Chris Paul (38319596),Ausar Thompson (38319458),Donovan Clingan (38319495),306.2217534722222,400.71059706546305,49200,100.00%,7050,408.19%,0,145.63,$16.33,OKC 1,UTA 1,user29,1,marvalshot,7363,4683987576_29
Dennis Schroder (38319444),Dalen Terry (38319736),Jamison Battle (38319725),Miles Bridges (38319308),Jusuf Nurkic (38319623),Shai Gilgeous-Alexander (38319275),Ja'Kobe Walter (38319586),Jarrett Allen (38319419),284.82227430555554,374.13952748254246,49800,39.15%,0,-56.36%,0,127.83000000000001,$-2.25,TOR 2,CHA 2,user18,1,marvalshot,7401,4683987577_18
Collin Gillespie (38319579),Stephon Castle (38319386),Ausar Thompson (38319458),Pascal Siakam (38319373),Jusuf Nurkic (38319623),Coby White (38319323),Sandro Mamukelashvili (38319706),Jalen Duren (38319381),287.0173784722223,378.6445471215365,49800,70.81%,0,-7.2%,0,100.27,$-0.29,SAS 2,DET 2,user33,1,marvalshot,7465,4683987578_33
KJ Simpson (38319544),Dennis Schroder (38319444),Ja'Kobe Walter (38319586),Deni Avdija (38319298),Jusuf Nurkic (38319623),Devin Vassell (38319398),Jamison Battle (38319725),Donovan Mitchell (38319302),284.6472048611111,369.51854118208706,49500,35.84%,0,-61.95%,0,144.6,$-2.48,CHA 2,TOR 2,user32,1,marvalshot,7513,4683987579_32
KJ Simpson (38319544),Malik Beasley (38319469),Brice Sensabaugh (38319564),Pascal Siakam (38319373),Jusuf Nurkic (38319623),Shaedon Sharpe (38319366),Deni Avdija (38319298),Chris Paul (38319596),296.43532986111114,375.8787317020561,48800,100.00%,0,102.7%,0,125.33999999999999,$4.11,CHA 2,POR 2,user26,1,marvalshot,7556,4683987580_26
Dalano Banton (38319560),Dennis Schroder (38319444),Jamison Battle (38319725),Pascal Siakam (38319373),Jusuf Nurkic (38319623),Shai Gilgeous-Alexander (38319275),Tari Eason (38319462),Matas Buzelis (38319518),297.4873784722222,387.27454712153644,49800,100.00%,0,114.09%,0,182.29,$4.56,POR 1,DET 1,user,1,marvalshot,2442,4683987581
Malik Monk (38319403),Donovan Mitchell (38319302),Jamison Battle (38319725),Pascal Siakam (38319373),Jusuf Nurkic (38319623),KJ Simpson (38319544),Julian Phillips (38319884),Domantas Sabonis (38319289),284.0587326388889,364.37809879228564,49900,28.98%,0,-68.84%,0,116.47999999999999,$-2.75,SAC 2,CHA 2,user24,1,marvalshot,7630,4683987582_24
KJ Simpson (38319544),Isaac Okoro (38319839),Jamison Battle (38319725),Miles Bridges (38319308),Jusuf Nurkic (38319623),Dennis Schroder (38319444),Deni Avdija (38319298),Alperen Sengun (38319306),288.9933506944445,372.0589038040669,49900,91.89%,0,31.64%,0,137.35000000000002,$1.27,CHA 3,CLE 1,user40,1,marvalshot,7325,4683987575_40
Josh Giddey (38319291),Collin Sexton (38319491),Jamison Battle (38319725),Pascal Siakam (38319373),Jusuf Nurkic (38319623),Dalano Banton (38319560),Ausar Thompson (38319458),Jarrett Allen (38319419),306.3817534722222,395.85059706546303,49100,100.00%,6468,408.09%,0,159.34,$16.32,CHI 1,UTA 1,user16,1,marvalshot,7350,4683987576_16
Dennis Schroder (38319444),Donovan Mitchell (38319302),Jamison Battle (38319725),Miles Bridges (38319308),Jusuf Nurkic (38319623),Darius Garland (38319349),Ja'Kobe Walter (38319586),Julian Champagnie (38319631),284.62227430555555,371.2895274825425,49100,35.82%,0,-60.89%,0,125.37,$-2.44,CLE 2,TOR 2,user7,1,marvalshot,7390,4683987577_7
Collin Gillespie (38319579),Shaedon Sharpe (38319366),Ausar Thompson (38319458),Pascal Siakam (38319373),Jusuf Nurkic (38319623),Stephon Castle (38319386),De'Andre Hunter (38319627),Jalen Duren (38319381),286.9573784722222,375.03454712153643,49100,70.02%,0,-8.61%,0,101.48,$-0.34,DET 2,PHX 1,user40,1,marvalshot,7472,4683987578_40
KJ Simpson (38319544),Dennis Schroder (38319444),Ja'Kobe Walter (38319586),Deni Avdija (38319298),Jusuf Nurkic (38319623),Donovan Mitchell (38319302),Jamison Battle (38319725),Isaiah Hartenstein (38319417),284.51720486111105,372.128541182087,49100,33.56%,0,-64.38%,0,146.2,$-2.58,CHA 2,TOR 2,user26,1,marvalshot,7507,4683987579_26
KJ Simpson (38319544),Malik Beasley (38319469),Brice Sensabaugh (38319564),Pascal Siakam (38319373),Jusuf Nurkic (38319623),Stephon Castle (38319386),Evan Mobley (38319319),Donovan Clingan (38319495),296.3353298611111,381.41873170205605,49500,100.00%,0,102.16%,0,102.91,$4.09,CHA 2,DET 1,user6,1,marvalshot,7536,4683987580_6
Donovan Mitchell (38319302),Dennis Schroder (38319444),Jamison Battle (38319725),Pascal Siakam (38319373),Jusuf Nurkic (38319623),Chris Paul (38319596),Keldon Johnson (38319533),Coby White (38319323),296.6273784722222,385.3545471215364,49200,100.00%,0,105.33%,0,138.0,$4.21,SAS 2,CLE 1,user30,1,marvalshot,7587,4683987581_30
Malik Monk (38319403),Luguentz Dort (38319599),Jamison Battle (38319725),Pascal Siakam (38319373),Jusuf Nurkic (38319623),KJ Simpson (38319544),Chet Holmgren (38319394),Domantas Sabonis (38319289),283.62873263888895,361.8580987922857,49200,24.25%,0,-74.83%,0,127.89999999999998,$-2.99,SAC 2,OKC 2,user19,1,marvalshot,7625,4683987582_19
KJ Simpson (38319544),Shaedon Sharpe (38319366),Jamison Battle (38319725),Miles Bridges (38319308),Jusuf Nurkic (38319623),Dennis Schroder (38319444),Matisse Thybulle (38319671),Donovan Mitchell (38319302),288.8633506944444,370.43890380406685,49000,91.34%,0,30.4%,0,139.34,$1.22,CHA 3,POR 2,user15,1,marvalshot,7300,4683987575_15
Dalano Banton (38319560),Collin Sexton (38319491),Jamison Battle (38319725),Pascal Siakam (38319373),Jusuf Nurkic (38319623),Jalen Green (38319357),Ausar Thompson (38319458),Alperen Sengun (38319306),306.3517534722222,396.740597065463,49400,100.00%,6191,404.96%,0,158.18,$16.2,HOU 2,POR 1,user24,1,marvalshot,7358,4683987576_24
Dennis Schroder (38319444),Devin Vassell (38319398),Jamison Battle (38319725),Miles Bridges (38319308),Jusuf Nurkic (38319623),Josh Giddey (38319291),Ja'Kobe Walter (38319586),Chris Paul (38319596),283.5922743055556,366.3695274825425,49200,22.09%,0,-77.91%,0,143.82999999999998,$-3.12,SAS 2,TOR 2,user15,1,marvalshot,7398,4683987577_15
Collin Gillespie (38319579),Shaedon Sharpe (38319366),Ausar Thompson (38319458),Pascal Siakam (38319373),Jusuf Nurkic (38319623),Darius Garland (38319349),Dalen Terry (38319736),Jalen Duren (38319381),286.8473784722222,375.41454712153643,49200,68.63%,0,-10.93%,0,100.78,$-0.44,DET 2,PHX 1,user5,1,marvalshot,7437,4683987578_5
KJ Simpson (38319544),Dennis Schroder (38319444),Ja'Kobe Walter (38319586),Deni Avdija (38319298),Jusuf Nurkic (38319623),Darius Garland (38319349),Jamison Battle (38319725),Stephon Castle (38319386),284.2972048611111,368.48854118208703,48300,30.59%,0,-67.74%,0,145.26,$-2.71,CHA 2,TOR 2,user37,1,marvalshot,7518,4683987579_37
KJ Simpson (38319544),Malik Beasley (38319469),Brice Sensabaugh (38319564),Pascal Siakam (38319373),Jusuf Nurkic (38319623),Fred VanVleet (38319423),Deni Avdija (38319298),Dalano Banton (38319560),296.3953298611111,373.34873170205606,48500,100.00%,0,102.07%,0,148.37,$4.08,CHA 2,POR 2,user23,1,marvalshot,7553,4683987580_23
Josh Giddey (38319291),Dennis Schroder (38319444),Jamison Battle (38319725),Pascal Siakam (38319373),Jusuf Nurkic (38319623),Dalano Banton (38319560),Amen Thompson (38319314),Sandro Mamukelashvili (38319706),295.6873784722222,383.3545471215364,49100,100.00%,0,95.32%,0,173.54000000000002,$3.81,CHI 1,DET 1,user47,1,marvalshot,7604,4683987581_47
Malik Monk (38319403),Cason Wallace (38319619),Jamison Battle (38319725),Pascal Siakam (38319373),Jusuf Nurkic (38319623),KJ Simpson (38319544),Chet Holmgren (38319394),Domantas Sabonis (38319289),282.8687326388889,362.0280987922857,49100,15.97%,0,-84.3%,0,127.40999999999998,$-3.37,SAC 2,OKC 2,user31,1,marvalshot,7637,4683987582_31
KJ Simpson (38319544),Max Strus (38319608),Jamison Battle (38319725),Miles Bridges (38319308),Jusuf Nurkic (38319623),Dennis Schroder (38319444),Deni Avdija (38319298),Darius Garland (38319349),288.62335069444447,370.6389038040669,49900,90.18%,0,26.93%,0,136.97,$1.08,CHA 3,CLE 2,user49,1,marvalshot,7334,4683987575_49
Shaedon Sharpe (38319366),Collin Sexton (38319491),Jamison Battle (38319725),Pascal Siakam (38319373),Jusuf Nurkic (38319623),Donovan Mitchell (38319302),Ausar Thompson (38319458),Chris Paul (38319596),306.24175347222223,395.9105970654631,48700,100.00%,6600,404.72%,0,137.90999999999997,$16.19,POR 1,UTA 1,user41,1,marvalshot,7375,4683987576_41
Dennis Schroder (38319444),Devin Vassell (38319398),Jamison Battle (38319725),Miles Bridges (38319308),Jusuf Nurkic (38319623),Shai Gilgeous-Alexander (38319275),Ja'Kobe Walter (38319586),Jabari Walker (38319825),283.5322743055555,371.89952748254245,49800,21.61%,0,-78.27%,0,138.59,$-3.13,TOR 2,CHA 2,user5,1,marvalshot,7388,4683987577_5
Collin Gillespie (38319579),Justin Minaya (38320012),Ausar Thompson (38319458),Pascal Siakam (38319373),Jusuf Nurkic (38319623),Shaedon Sharpe (38319366),Evan Mobley (38319319),Jalen Duren (38319381),286.40737847222226,375.3245471215365,49400,62.83%,0,-20.84%,0,100.49,$-0.83,POR 2,DET 2,user48,1,marvalshot,7480,4683987578_48
KJ Simpson (38319544),Dennis Schroder (38319444),Ja'Kobe Walter (38319586),Deni Avdija (38319298),Jusuf Nurkic (38319623),Donovan Mitchell (38319302),Jamison Battle (38319725),Kevin Huerter (38319486),284.32720486111106,367.198541182087,48100,30.16%,0,-68.91%,0,152.43,$-2.76,CHA 2,TOR 2,user43,1,marvalshot,7524,4683987579_43
KJ Simpson (38319544),Malik Beasley (38319469),Brice Sensabaugh (38319564),Pascal Siakam (38319373),Jusuf Nurkic (38319623),Dalano Banton (38319560),Jalen Williams (38319345),Alperen Sengun (38319306),296.25532986111114,380.8287317020561,49600,100.00%,0,101.09%,0,141.66,$4.04,CHA 2,DET 1,user19,1,marvalshot,7549,4683987580_19
Shai Gilgeous-Alexander (38319275),Dennis Schroder (38319444),Jamison Battle (38319725),Pascal Siakam (38319373),Jusuf Nurkic (38319623),Julian Champagnie (38319631),Jabari Walker (38319825),Donovan Mitchell (38319302),295.10737847222225,389.26454712153645,50000,99.99%,0,89.95%,0,135.14999999999998,$3.6,OKC 1,DET 1,user43,1,marvalshot,7600,4683987581_43
Malik Monk (38319403),Aaron Holiday (38319954),Jamison Battle (38319725),Pascal Siakam (38319373),Jusuf Nurkic (38319623),KJ Simpson (38319544),Evan Mobley (38319319),Domantas Sabonis (38319289),282.81873263888895,363.4880987922857,49400,15.74%,0,-84.7%,0,113.88999999999999,$-3.39,SAC 2,CHA 2,user36,1,marvalshot,7642,4683987582_36
KJ Simpson (38319544),Coby White (38319323),Jamison Battle (38319725),Miles Bridges (38319308),Jusuf Nurkic (38319623),Dennis Schroder (38319444),Patrick Williams (38319717),Deni Avdija (38319298),288.6233506944444,368.1689038040669,50000,89.81%,0,26.64%,0,135.60000000000002,$1.07,CHA 3,CHI 2,user2,1,marvalshot,7286,4683987575_2
Dalano Banton (38319560),Collin Sexton (38319491),Jamison Battle (38319725),Pascal Siakam (38319373),Jusuf Nurkic (38319623),Donovan Mitchell (38319302),Ausar Thompson (38319458),Fred VanVleet (38319423),306.20175347222215,393.380597065463,48400,100.00%,4834,390.91%,0,160.94,$15.64,POR 1,UTA 1,user44,1,marvalshot,7378,4683987576_44
Dennis Schroder (38319444),Julian Champagnie (38319631),Jamison Battle (38319725),Miles Bridges (38319308),Jusuf Nurkic (38319623),Donovan Mitchell (38319302),Ja'Kobe Walter (38319586),Jalen Williams (38319345),283.4922743055555,369.7595274825424,49200,20.95%,0,-79.16%,0,124.53999999999999,$-3.17,TOR 2,CHA 2,user33,1,marvalshot,7416,4683987577_33
Collin Gillespie (38319579),Shaedon Sharpe (38319366),Ausar Thompson (38319458),Pascal Siakam (38319373),Jusuf Nurkic (38319623),Amen Thompson (38319314),Jabari Walker (38319825),Jalen Duren (38319381),286.4173784722222,374.99454712153647,49700,62.97%,0,-20.96%,0,110.57,$-0.84,POR 2,DET 2,user18,1,marvalshot,7450,4683987578_18
KJ Simpson (38319544),Dennis Schroder (38319444),Ja'Kobe Walter (38319586),Deni Avdija (38319298),Jusuf Nurkic (38319623),Darius Garland (38319349),Jamison Battle (38319725),Donovan Clingan (38319495),284.1672048611111,368.7585411820871,46700,28.89%,0,-69.95%,0,158.3,$-2.8,CHA 2,TOR 2,user49,1,marvalshot,7530,4683987579_49
KJ Simpson (38319544),Malik Beasley (38319469),Brice Sensabaugh (38319564),Pascal Siakam (38319373),Jusuf Nurkic (38319623),Dalano Banton (38319560),Deni Avdija (38319298),Chet Holmgren (38319394),296.1553298611111,377.758731702056,49000,100.00%,0,99.82%,0,161.59,$3.99,CHA 2,POR 2,user13,1,marvalshot,7543,4683987580_13
Shai Gilgeous-Alexander (38319275),Dennis Schroder (38319444),Jamison Battle (38319725),Pascal Siakam (38319373),Jusuf Nurkic (38319623),Stephon Castle (38319386),Matas Buzelis (38319518),Sandro Mamukelashvili (38319706),294.85737847222225,387.26454712153645,49900,99.99%,0,87.51%,0,128.18,$3.5,SAS 2,OKC 1,user39,1,marvalshot,7596,4683987581_39
Malik Monk (38319403),Rayan Rupert (38320008),Jamison Battle (38319725),Pascal Siakam (38319373),Jusuf Nurkic (38319623),KJ Simpson (38319544),Coby White (38319323),Domantas Sabonis (38319289),281.70873263888893,358.7580987922857,49300,8.11%,0,-92.68%,0,111.07,$-3.71,SAC 2,CHA 2,user40,1,marvalshot,7646,4683987582_40
KJ Simpson (38319544),Stephon Castle (38319386),Jamison Battle (38319725),Miles Bridges (38319308),Jusuf Nurkic (38319623),Dennis Schroder (38319444),Amen Thompson (38319314),Dalano Banton (38319560),288.4433506944444,368.81890380406685,49300,88.66%,0,23.63%,0,175.17000000000002,$0.95,CHA 3,SAS 1,user37,1,marvalshot,7322,4683987575_37
Dalano Banton (38319560),Collin Sexton (38319491),Jamison Battle (38319725),Pascal Siakam (38319373),Jusuf Nurkic (38319623),Donovan Mitchell (38319302),Ausar Thompson (38319458),Chet Holmgren (38319394),305.96175347222214,397.790597065463,48900,100.00%,3868,374.18%,0,174.16,$14.97,POR 1,UTA 1,user43,1,marvalshot,7377,4683987576_43
Dennis Schroder (38319444),Dalen Terry (38319736),Jamison Battle (38319725),Miles Bridges (38319308),Jusuf Nurkic (38319623),Josh Giddey (38319291),Ja'Kobe Walter (38319586),Jalen Williams (38319345),283.17227430555556,367.12952748254247,49300,17.42%,0,-83.12%,0,127.86,$-3.32,CHI 2,TOR 2,user1,1,marvalshot,7384,4683987577_1
Collin Gillespie (38319579),Alex Caruso (38319692),Ausar Thompson (38319458),Pascal Siakam (38319373),Jusuf Nurkic (38319623),Kevin Huerter (38319486),Deni Avdija (38319298),Jalen Duren (38319381),286.33737847222227,372.5045471215365,49100,62.14%,0,-22.38%,0,105.07000000000001,$-0.9,DET 2,PHX 1,user12,1,marvalshot,7444,4683987578_12
KJ Simpson (38319544),Dennis Schroder (38319444),Ja'Kobe Walter (38319586),Evan Mobley (38319319),Jusuf Nurkic (38319623),Darius Garland (38319349),Jamison Battle (38319725),Alperen Sengun (38319306),284.11720486111113,374.1985411820871,49500,28.50%,0,-70.16%,0,139.34,$-2.81,CHA 2,TOR 2,user31,1,marvalshot,7512,4683987579_31
KJ Simpson (38319544),Malik Beasley (38319469),Brice Sensabaugh (38319564),Pascal Siakam (38319373),Jusuf Nurkic (38319623),Darius Garland (38319349),Evan Mobley (38319319),Dalano Banton (38319560),296.13532986111113,380.1387317020561,49100,99.99%,0,99.39%,0,141.76999999999998,$3.98,CHA 2,CLE 2,user9,1,marvalshot,7539,4683987580_9
Chris Paul (38319596),Dennis Schroder (38319444),Jamison Battle (38319725),Pascal Siakam (38319373),Jusuf Nurkic (38319623),Dalen Terry (38319736),Coby White (38319323),Shai Gilgeous-Alexander (38319275),294.35737847222225,383.6645471215365,50000,99.98%,0,82.64%,0,140.26999999999998,$3.31,CHI 2,SAS 1,user3,1,marvalshot,7560,4683987581_3
Malik Monk (38319403),Max Strus (38319608),Jamison Battle (38319725),Pascal Siakam (38319373),Jusuf Nurkic (38319623),KJ Simpson (38319544),Devin Vassell (38319398),Domantas Sabonis (38319289),281.3387326388889,359.3180987922857,49200,6.14%,0,-94.66%,0,111.47999999999999,$-3.79,SAC 2,CHA 2,user46,1,marvalshot,7652,4683987582_46
KJ Simpson (38319544),Coby White (38319323),Jamison Battle (38319725),Miles Bridges (38319308),Jusuf Nurkic (38319623),Dennis Schroder (38319444),Dalen Terry (38319736),Deni Avdija (38319298),288.4233506944444,368.32890380406684,49900,88.53%,0,23.19%,0,137.76,$0.93,CHA 3,CHI 2,user28,1,marvalshot,7313,4683987575_28
Donovan Mitchell (38319302),Collin Sexton (38319491),Jamison Battle (38319725),Pascal Siakam (38319373),Jusuf Nurkic (38319623),Josh Giddey (38319291),Ausar Thompson (38319458),Jabari Walker (38319825),305.6317534722222,398.58059706546305,49900,100.00%,4350,364.23%,0,129.57,$14.57,CLE 1,UTA 1,user22,1,marvalshot,7356,4683987576_22
Dennis Schroder (38319444),Alex Caruso (38319692),Jamison Battle (38319725),Miles Bridges (38319308),Jusuf Nurkic (38319623),Amen Thompson (38319314),Ja'Kobe Walter (38319586),Donovan Mitchell (38319302),282.2122743055555,367.12952748254247,49700,9.89%,0,-91.14%,0,122.53999999999999,$-3.65,TOR 2,CHA 2,user6,1,marvalshot,7389,4683987577_6
Collin Gillespie (38319579),Kevin Huerter (38319486),Ausar Thompson (38319458),Pascal Siakam (38319373),Jusuf Nurkic (38319623),Donovan Mitchell (38319302),Matisse Thybulle (38319671),Jalen Duren (38319381),286.3373784722222,374.9245471215364,49100,61.94%,0,-22.5%,0,103.68,$-0.9,DET 2,PHX 1,user3,1,marvalshot,7435,4683987578_3
KJ Simpson (38319544),Dennis Schroder (38319444),Ja'Kobe Walter (38319586),Jalen Williams (38319345),Jusuf Nurkic (38319623),Darius Garland (38319349),Jamison Battle (38319725),Deni Avdija (38319298),284.1172048611111,369.27854118208705,49000,28.17%,0,-71.41%,0,145.42000000000002,$-2.86,CHA 2,TOR 2,user24,1,marvalshot,7505,4683987579_24
KJ Simpson (38319544),Malik Beasley (38319469),Brice Sensabaugh (38319564),Pascal Siakam (38319373),Jusuf Nurkic (38319623),Donovan Mitchell (38319302),Evan Mobley (38319319),Chris Paul (38319596),295.9653298611111,382.8187317020561,49900,100.00%,0,97.79%,0,116.38,$3.91,CHA 2,CLE 2,user8,1,marvalshot,7538,4683987580_8
Josh Giddey (38319291),Dennis Schroder (38319444),Jamison Battle (38319725),Pascal Siakam (38319373),Jusuf Nurkic (38319623),Donovan Mitchell (38319302),Jabari Walker (38319825),Jabari Smith Jr. (38319514),294.2473784722222,383.5645471215364,49600,99.98%,0,81.55%,0,133.49,$3.26,CHI 1,DET 1,user45,1,marvalshot,7602,4683987581_45
Malik Monk (38319403),Malaki Branham (38319834),Jamison Battle (38319725),Pascal Siakam (38319373),Jusuf Nurkic (38319623),KJ Simpson (38319544),Evan Mobley (38319319),Domantas Sabonis (38319289),280.8487326388889,360.7780987922857,49500,4.08%,0,-96.56%,0,113.88999999999999,$-3.86,SAC 2,CHA 2,user43,1,marvalshot,7649,4683987582_43
KJ Simpson (38319544),Donovan Mitchell (38319302),Jamison Battle (38319725),Miles Bridges (38319308),Jusuf Nurkic (38319623),Dennis Schroder (38319444),Matas Buzelis (38319518),Jarrett Allen (38319419),288.4233506944444,373.13890380406684,49800,88.01%,0,23.1%,0,132.16,$0.92,CHA 3,CLE 2,user6,1,marvalshot,7291,4683987575_6
Stephon Castle (38319386),Collin Sexton (38319491),Jamison Battle (38319725),Pascal Siakam (38319373),Jusuf Nurkic (38319623),Coby White (38319323),Ausar Thompson (38319458),Donovan Clingan (38319495),305.5717534722222,394.21059706546305,49400,100.00%,4436,362.55%,0,117.89999999999999,$14.5,SAS 1,UTA 1,user33,1,marvalshot,7367,4683987576_33
Dennis Schroder (38319444),Stephon Castle (38319386),Jamison Battle (38319725),Miles Bridges (38319308),Jusuf Nurkic (38319623),Craig Porter Jr. (38320031),Ja'Kobe Walter (38319586),Shai Gilgeous-Alexander (38319275),280.38227430555554,367.4795274825425,49700,2.08%,0,-98.36%,0,122.3,$-3.93,TOR 2,CHA 2,user36,1,marvalshot,7419,4683987577_36
Collin Gillespie (38319579),Cason Wallace (38319619),Ausar Thompson (38319458),Pascal Siakam (38319373),Jusuf Nurkic (38319623),Shaedon Sharpe (38319366),Jalen Williams (38319345),Jalen Duren (38319381),286.25737847222223,372.75454712153646,49900,61.06%,0,-23.99%,0,96.03999999999999,$-0.96,OKC 2,DET 2,user41,1,marvalshot,7473,4683987578_41
KJ Simpson (38319544),Dennis Schroder (38319444),Ja'Kobe Walter (38319586),Deni Avdija (38319298),Jusuf Nurkic (38319623),Coby White (38319323),Jamison Battle (38319725),Nikola Vucevic (38319361),284.0972048611111,367.57854118208706,49500,27.85%,0,-71.68%,0,142.81,$-2.87,CHA 2,TOR 2,user16,1,marvalshot,7497,4683987579_16
KJ Simpson (38319544),Malik Beasley (38319469),Brice Sensabaugh (38319564),Pascal Siakam (38319373),Jusuf Nurkic (38319623),Donovan Mitchell (38319302),Deni Avdija (38319298),Harrison Barnes (38319681),295.8353298611111,378.77873170205606,50000,100.00%,0,96.8%,0,108.42999999999999,$3.87,CHA 2,DET 1,user18,1,marvalshot,7548,4683987580_18
Blake Wesley (38319801),Dennis Schroder (38319444),Jamison Battle (38319725),Pascal Siakam (38319373),Jusuf Nurkic (38319623),Donovan Mitchell (38319302),Jabari Walker (38319825),Shai Gilgeous-Alexander (38319275),294.0473784722222,388.62454712153647,49100,99.95%,0,79.57%,0,140.36,$3.18,SAS 1,DET 1,user25,1,marvalshot,7582,4683987581_25
Malik Monk (38319403),Jaylon Tyson (38320015),Jamison Battle (38319725),Pascal Siakam (38319373),Jusuf Nurkic (38319623),KJ Simpson (38319544),Deni Avdija (38319298),Domantas Sabonis (38319289),279.3887326388889,352.8190987922857,50000,0.84%,0,-99.38%,0,122.07999999999998,$-3.98,SAC 2,CHA 2,user42,1,marvalshot,7648,4683987582_42
KJ Simpson (38319544),Dalano Banton (38319560),Jamison Battle (38319725),Miles Bridges (38319308),Jusuf Nurkic (38319623),Dennis Schroder (38319444),Amen Thompson (38319314),Jalen Williams (38319345),288.2633506944444,369.6089038040668,50000,87.21%,0,20.82%,0,175.33,$0.83,CHA 3,POR 1,user38,1,marvalshot,7323,4683987575_38
Josh Giddey (38319291),Collin Sexton (38319491),Jamison Battle (38319725),Pascal Siakam (38319373),Jusuf Nurkic (38319623),Fred VanVleet (38319423),Ausar Thompson (38319458),Donovan Clingan (38319495),305.4917534722222,392.55059706546297,50000,100.00%,4086,357.18%,0,121.69999999999999,$14.29,CHI 1,UTA 1,user13,1,marvalshot,7347,4683987576_13
Dennis Schroder (38319444),Cason Wallace (38319619),Jamison Battle (38319725),Miles Bridges (38319308),Jusuf Nurkic (38319623),Shai Gilgeous-Alexander (38319275),Ja'Kobe Walter (38319586),Tari Eason (38319462),277.74227430555555,363.8395274825425,49700,0.08%,0,-99.96%,0,137.4,$-4.0,OKC 2,TOR 2,user2,1,marvalshot,7385,4683987577_2
Collin Gillespie (38319579),Shaedon Sharpe (38319366),Ausar Thompson (38319458),Pascal Siakam (38319373),Jusuf Nurkic (38319623),Chris Paul (38319596),Devin Vassell (38319398),Jalen Duren (38319381),286.1373784722222,373.12454712153647,49200,59.07%,0,-26.81%,0,115.92,$-1.07,DET 2,SAS 2,user39,1,marvalshot,7471,4683987578_39
KJ Simpson (38319544),Dennis Schroder (38319444),Ja'Kobe Walter (38319586),Evan Mobley (38319319),Jusuf Nurkic (38319623),Stephon Castle (38319386),Jamison Battle (38319725),Josh Giddey (38319291),283.74720486111113,369.8285411820871,49600,23.46%,0,-76.43%,0,138.85,$-3.06,CHA 2,TOR 2,user1,1,marvalshot,7482,4683987579_1
KJ Simpson (38319544),Malik Beasley (38319469),Brice Sensabaugh (38319564),Pascal Siakam (38319373),Jusuf Nurkic (38319623),Josh Giddey (38319291),Jabari Walker (38319825),Deni Avdija (38319298),295.82532986111113,378.54873170205605,50000,100.00%,0,96.6%,0,116.99999999999999,$3.86,CHA 2,POR 2,user4,1,marvalshot,7534,4683987580_4
Josh Giddey (38319291),Dennis Schroder (38319444),Jamison Battle (38319725),Pascal Siakam (38319373),Jusuf Nurkic (38319623),Coby White (38319323),Kevin Huerter (38319486),Jabari Walker (38319825),294.0573784722222,377.84454712153644,49500,99.95%,0,79.55%,0,134.7,$3.18,CHI 3,DET 1,user37,1,marvalshot,7594,4683987581_37
Malik Monk (38319403),Alex Ducas (38320077),Jamison Battle (38319725),Pascal Siakam (38319373),Jusuf Nurkic (38319623),KJ Simpson (38319544),Evan Mobley (38319319),Domantas Sabonis (38319289),272.9087326388889,348.07909879228566,49400,0.00%,0,-100.0%,0,113.82,$-4.0,SAC 2,CHA 2,user47,1,marvalshot,7653,4683987582_47
