PG,SG,SF,PF,C,G,F,UTIL,Proj,Ceiling,Salary,Cash %,Top 1%,ROI%,Wins,Own Sum,Avg Return,Stack1,Stack2,Lineup,Dupes,User,Index,Entry ID
Jared Butler (38047188),AJ Lawson (38047276),Royce O'Neale (38047325),Miles Bridges (38046903),Onyeka Okongwu (38046977),Trae Young (38046855),John Collins (38046999),Andre Drummond (38047063),308.61720486111113,407.0220143016836,49800,100.00%,13328,249.07%,3,142.22,$7.47,PHI 2,ATL 2,user1,1,marvalshot,11304,4662599772_1
Collin Sexton (38047052),Jared Butler (38047188),Kevin Durant (38046858),Naji Marshall (38046946),Andre Drummond (38047063),Jared Rhoden (38047408),John Collins (38046999),Onyeka Okongwu (38046977),295.42798611111107,387.51071453725933,49700,78.35%,0,-24.78%,0,130.35,$-0.74,UTA 2,PHI 2,user,1,marvalshot,4603,4662599773
Jared Butler (38047188),Jared Rhoden (38047408),Jayson Tatum (38046844),Chris Boucher (38047411),Jakob Poeltl (38047034),Jamal Shead (38047196),John Collins (38046999),Shai Gilgeous-Alexander (38046841),293.49,395.44,50000,53.80%,0,-72.51%,0,170.35999999999999,$-2.18,TOR 4,PHI 1,user,50,marvalshot,6424,4662599774
Jamal Shead (38047196),Jared Rhoden (38047408),Jayson Tatum (38046844),Miles Bridges (38046903),Andre Drummond (38047063),Collin Sexton (38047052),Kessler Edwards (38047208),Naji Marshall (38046946),307.67578125000006,398.31213091828465,49800,100.00%,6841,174.03%,0,145.14,$5.22,TOR 2,DAL 2,user1,50,marvalshot,2761,4662599775_1
Jamal Shead (38047196),Jared Rhoden (38047408),Jaylen Brown (38046885),Miles Bridges (38046903),Jakob Poeltl (38047034),AJ Lawson (38047276),Naji Marshall (38046946),Onyeka Okongwu (38046977),308.26376736111115,397.69284545554405,49700,100.00%,8696,187.54%,0,161.99,$5.63,TOR 4,BOS 1,user,50,marvalshot,1871,4662599776
Shai Gilgeous-Alexander (38046841),AJ Lawson (38047276),Naji Marshall (38046946),Chris Boucher (38047411),Andre Drummond (38047063),Jared Rhoden (38047408),John Collins (38046999),Ivica Zubac (38046915),292.72,389.27000000000004,49800,41.78%,0,-79.55%,0,158.71,$-2.39,TOR 3,OKC 1,user,50,marvalshot,8726,4662599777
Collin Sexton (38047052),Jared Butler (38047188),Naji Marshall (38046946),Miles Bridges (38046903),Isaiah Hartenstein (38046979),Jared Rhoden (38047408),John Collins (38046999),Jakob Poeltl (38047034),301.00578125000004,397.7921309182846,49100,99.80%,9,77.23%,0,131.22,$2.32,UTA 2,TOR 2,user7,1,marvalshot,11313,4662599778_7
Jamal Shead (38047196),AJ Lawson (38047276),Jayson Tatum (38046844),Royce O'Neale (38047325),Ivica Zubac (38046915),Collin Sexton (38047052),Jamison Battle (38047427),Trae Young (38046855),302.0334375,394.0191688461396,50000,99.99%,26,86.84%,0,168.75,$2.61,TOR 3,BOS 1,user1,1,marvalshot,11314,4662599779_1
Trae Young (38046855),Jared Rhoden (38047408),Jamison Battle (38047427),Chris Boucher (38047411),Ivica Zubac (38046915),Desmond Bane (38046917),Naji Marshall (38046946),Collin Sexton (38047052),298.35343750000004,391.7091688461397,49500,97.37%,0,43.07%,0,136.82,$1.29,TOR 3,ATL 1,user16,1,marvalshot,11331,4662599780_16
Shai Gilgeous-Alexander (38046841),Jared Butler (38047188),Jamison Battle (38047427),Naji Marshall (38046946),Ivica Zubac (38046915),Collin Sexton (38047052),Kessler Edwards (38047208),Zach Edey (38047115),293.7,386.65,49600,56.29%,0,-62.57%,0,121.44,$-1.88,DAL 2,OKC 1,user5,1,marvalshot,11369,4662599781_5
Jared Butler (38047188),AJ Lawson (38047276),Vince Williams Jr. (38047307),Miles Bridges (38046903),Onyeka Okongwu (38046977),Trae Young (38046855),John Collins (38046999),Andre Drummond (38047063),308.0072048611111,409.7720143016836,49900,100.00%,9904,190.95%,0,132.26,$5.73,PHI 2,ATL 2,user,49,marvalshot,138,4662599772
Ja Morant (38046871),Jared Butler (38047188),Devin Vassell (38047029),John Collins (38046999),Andre Drummond (38047063),Jared Rhoden (38047408),Naji Marshall (38046946),Onyeka Okongwu (38046977),294.1779861111112,389.18071453725946,49700,62.64%,0,-53.54%,0,126.77,$-1.61,PHI 2,MEM 1,user2,1,marvalshot,11306,4662599773_2
Jared Butler (38047188),Jared Rhoden (38047408),Jayson Tatum (38046844),Chris Boucher (38047411),Jakob Poeltl (38047034),Jamal Shead (38047196),John Collins (38046999),Shai Gilgeous-Alexander (38046841),293.49,395.44,50000,53.80%,0,-72.51%,0,170.35999999999999,$-2.18,TOR 4,PHI 1,user1,50,marvalshot,6424,4662599774_1
Jamal Shead (38047196),Jared Rhoden (38047408),Jayson Tatum (38046844),Miles Bridges (38046903),Andre Drummond (38047063),Collin Sexton (38047052),Kessler Edwards (38047208),Naji Marshall (38046946),307.67578125000006,398.31213091828465,49800,100.00%,6841,174.03%,0,145.14,$5.22,TOR 2,DAL 2,user2,50,marvalshot,2761,4662599775_2
Jamal Shead (38047196),Jared Rhoden (38047408),Jaylen Brown (38046885),Miles Bridges (38046903),Jakob Poeltl (38047034),AJ Lawson (38047276),Naji Marshall (38046946),Onyeka Okongwu (38046977),308.26376736111115,397.69284545554405,49700,100.00%,8696,187.54%,0,161.99,$5.63,TOR 4,BOS 1,user2,50,marvalshot,1871,4662599776_2
Shai Gilgeous-Alexander (38046841),AJ Lawson (38047276),Naji Marshall (38046946),Chris Boucher (38047411),Andre Drummond (38047063),Jared Rhoden (38047408),John Collins (38046999),Ivica Zubac (38046915),292.72,389.27000000000004,49800,41.78%,0,-79.55%,0,158.71,$-2.39,TOR 3,OKC 1,user1,50,marvalshot,8726,4662599777_1
Ja Morant (38046871),Jared Butler (38047188),Royce O'Neale (38047325),Miles Bridges (38046903),Isaiah Hartenstein (38046979),Jared Rhoden (38047408),Naji Marshall (38046946),Jakob Poeltl (38047034),300.10578125000006,394.2821309182847,49900,99.41%,1,67.59%,0,141.95000000000002,$2.03,TOR 2,MEM 1,user3,1,marvalshot,11309,4662599778_3
Jamal Shead (38047196),AJ Lawson (38047276),Jayson Tatum (38046844),Naji Marshall (38046946),Kessler Edwards (38047208),Collin Sexton (38047052),Jamison Battle (38047427),Trae Young (38046855),300.6834375,390.98916884613965,49700,99.94%,2,75.09%,0,161.86,$2.25,TOR 3,DAL 2,user2,1,marvalshot,11315,4662599779_2
Trae Young (38046855),Jared Rhoden (38047408),Jamison Battle (38047427),Chris Boucher (38047411),Ivica Zubac (38046915),Collin Sexton (38047052),John Collins (38046999),Alperen Sengun (38046862),298.0034375,398.7691688461397,50000,96.35%,0,36.05%,0,132.26,$1.08,TOR 3,UTA 2,user11,1,marvalshot,11326,4662599780_11
Shai Gilgeous-Alexander (38046841),Jared Butler (38047188),Jamison Battle (38047427),Naji Marshall (38046946),Mason Plumlee (38047398),Collin Sexton (38047052),Devin Vassell (38047029),Ivica Zubac (38046915),293.35999999999996,385.65,50000,50.71%,0,-69.43%,0,126.51,$-2.08,OKC 1,PHI 1,user8,1,marvalshot,11372,4662599781_8
Jared Butler (38047188),AJ Lawson (38047276),Vince Williams Jr. (38047307),Miles Bridges (38046903),Onyeka Okongwu (38046977),Trae Young (38046855),John Collins (38046999),Andre Drummond (38047063),308.0072048611111,409.7720143016836,49900,100.00%,9904,190.95%,0,132.26,$5.73,PHI 2,ATL 2,user2,49,marvalshot,138,4662599772_2
Ja Morant (38046871),Jared Butler (38047188),Klay Thompson (38047011),Naji Marshall (38046946),Andre Drummond (38047063),Jared Rhoden (38047408),John Collins (38046999),Onyeka Okongwu (38046977),293.7779861111111,389.86071453725935,50000,56.99%,0,-61.93%,0,124.03999999999999,$-1.86,PHI 2,DAL 2,user1,48,marvalshot,11305,4662599773_1
Jared Butler (38047188),Jared Rhoden (38047408),Jayson Tatum (38046844),Chris Boucher (38047411),Jakob Poeltl (38047034),Jamal Shead (38047196),John Collins (38046999),Shai Gilgeous-Alexander (38046841),293.49,395.44,50000,53.80%,0,-72.51%,0,170.35999999999999,$-2.18,TOR 4,PHI 1,user2,50,marvalshot,6424,4662599774_2
Jamal Shead (38047196),Jared Rhoden (38047408),Jayson Tatum (38046844),Miles Bridges (38046903),Andre Drummond (38047063),Collin Sexton (38047052),Kessler Edwards (38047208),Naji Marshall (38046946),307.67578125000006,398.31213091828465,49800,100.00%,6841,174.03%,0,145.14,$5.22,TOR 2,DAL 2,user3,50,marvalshot,2761,4662599775_3
Jamal Shead (38047196),Jared Rhoden (38047408),Jaylen Brown (38046885),Miles Bridges (38046903),Jakob Poeltl (38047034),AJ Lawson (38047276),Naji Marshall (38046946),Onyeka Okongwu (38046977),308.26376736111115,397.69284545554405,49700,100.00%,8696,187.54%,0,161.99,$5.63,TOR 4,BOS 1,user1,50,marvalshot,1871,4662599776_1
Shai Gilgeous-Alexander (38046841),AJ Lawson (38047276),Naji Marshall (38046946),Chris Boucher (38047411),Andre Drummond (38047063),Jared Rhoden (38047408),John Collins (38046999),Ivica Zubac (38046915),292.72,389.27000000000004,49800,41.78%,0,-79.55%,0,158.71,$-2.39,TOR 3,OKC 1,user2,50,marvalshot,8726,4662599777_2
Ja Morant (38046871),Jared Butler (38047188),Naji Marshall (38046946),Miles Bridges (38046903),Isaiah Hartenstein (38046979),Jared Rhoden (38047408),Vince Williams Jr. (38047307),Jakob Poeltl (38047034),299.49578125000005,397.0321309182847,50000,98.91%,2,60.59%,0,131.99,$1.82,MEM 2,TOR 2,user2,1,marvalshot,11308,4662599778_2
Jamal Shead (38047196),AJ Lawson (38047276),Jayson Tatum (38046844),Naji Marshall (38046946),Brandon Clarke (38047251),Collin Sexton (38047052),Jamison Battle (38047427),Trae Young (38046855),300.30343750000003,394.2591688461397,49600,99.83%,1,71.18%,0,159.12,$2.14,TOR 3,BOS 1,user,48,marvalshot,7879,4662599779
Trae Young (38046855),Jared Rhoden (38047408),Jamison Battle (38047427),Chris Boucher (38047411),Ivica Zubac (38046915),James Harden (38046852),Naji Marshall (38046946),Brandon Clarke (38047251),297.3634375,391.5391688461396,50000,94.18%,0,22.88%,0,130.76,$0.69,TOR 3,LAC 2,user4,1,marvalshot,11319,4662599780_4
Shai Gilgeous-Alexander (38046841),Jared Butler (38047188),Jamison Battle (38047427),Gregory Jackson (38047243),Ivica Zubac (38046915),Collin Sexton (38047052),Naji Marshall (38046946),Zach Edey (38047115),292.80999999999995,387.47999999999996,49500,43.57%,0,-77.18%,0,128.48000000000002,$-2.32,MEM 2,OKC 1,user,1,marvalshot,8989,4662599781
Jared Butler (38047188),AJ Lawson (38047276),Vince Williams Jr. (38047307),Miles Bridges (38046903),Onyeka Okongwu (38046977),Trae Young (38046855),John Collins (38046999),Andre Drummond (38047063),308.0072048611111,409.7720143016836,49900,100.00%,9904,190.95%,0,132.26,$5.73,PHI 2,ATL 2,user3,49,marvalshot,138,4662599772_3
Ja Morant (38046871),Jared Butler (38047188),Klay Thompson (38047011),Naji Marshall (38046946),Andre Drummond (38047063),Jared Rhoden (38047408),John Collins (38046999),Onyeka Okongwu (38046977),293.7779861111111,389.86071453725935,50000,56.99%,0,-61.93%,0,124.03999999999999,$-1.86,PHI 2,DAL 2,user3,48,marvalshot,11305,4662599773_3
Jared Butler (38047188),Jared Rhoden (38047408),Jayson Tatum (38046844),Chris Boucher (38047411),Jakob Poeltl (38047034),Jamal Shead (38047196),John Collins (38046999),Shai Gilgeous-Alexander (38046841),293.49,395.44,50000,53.80%,0,-72.51%,0,170.35999999999999,$-2.18,TOR 4,PHI 1,user3,50,marvalshot,6424,4662599774_3
Jamal Shead (38047196),Jared Rhoden (38047408),Jayson Tatum (38046844),Miles Bridges (38046903),Andre Drummond (38047063),Collin Sexton (38047052),Kessler Edwards (38047208),Naji Marshall (38046946),307.67578125000006,398.31213091828465,49800,100.00%,6841,174.03%,0,145.14,$5.22,TOR 2,DAL 2,user4,50,marvalshot,2761,4662599775_4
Jamal Shead (38047196),Jared Rhoden (38047408),Jaylen Brown (38046885),Miles Bridges (38046903),Jakob Poeltl (38047034),AJ Lawson (38047276),Naji Marshall (38046946),Onyeka Okongwu (38046977),308.26376736111115,397.69284545554405,49700,100.00%,8696,187.54%,0,161.99,$5.63,TOR 4,BOS 1,user3,50,marvalshot,1871,4662599776_3
Shai Gilgeous-Alexander (38046841),AJ Lawson (38047276),Naji Marshall (38046946),Chris Boucher (38047411),Andre Drummond (38047063),Jared Rhoden (38047408),John Collins (38046999),Ivica Zubac (38046915),292.72,389.27000000000004,49800,41.78%,0,-79.55%,0,158.71,$-2.39,TOR 3,OKC 1,user3,50,marvalshot,8726,4662599777_3
Stephon Castle (38047022),Jared Butler (38047188),Naji Marshall (38046946),Miles Bridges (38046903),Isaiah Hartenstein (38046979),Jared Rhoden (38047408),John Collins (38046999),Jakob Poeltl (38047034),297.89578125,394.9321309182846,49800,95.64%,1,33.97%,0,121.82000000000001,$1.02,TOR 2,SAS 1,user6,1,marvalshot,11312,4662599778_6
Jamal Shead (38047196),AJ Lawson (38047276),Jayson Tatum (38046844),Naji Marshall (38046946),Brandon Clarke (38047251),Collin Sexton (38047052),Jamison Battle (38047427),Trae Young (38046855),300.30343750000003,394.2591688461397,49600,99.83%,1,71.18%,0,159.12,$2.14,TOR 3,BOS 1,user3,48,marvalshot,7879,4662599779_3
Trae Young (38046855),Jared Rhoden (38047408),Jamison Battle (38047427),Chris Boucher (38047411),Ivica Zubac (38046915),Ja Morant (38046871),John Collins (38046999),Collin Sexton (38047052),297.35343750000004,398.4991688461397,49600,93.85%,0,22.07%,0,128.38,$0.66,TOR 3,UTA 2,user9,1,marvalshot,11324,4662599780_9
Shai Gilgeous-Alexander (38046841),Jared Butler (38047188),Jamison Battle (38047427),Naji Marshall (38046946),Mason Plumlee (38047398),Collin Sexton (38047052),Kessler Edwards (38047208),James Harden (38046852),292.25,384.85,50000,35.54%,0,-83.84%,0,128.93,$-2.52,DAL 2,OKC 1,user3,1,marvalshot,11367,4662599781_3
Jared Butler (38047188),AJ Lawson (38047276),Vince Williams Jr. (38047307),Miles Bridges (38046903),Onyeka Okongwu (38046977),Trae Young (38046855),John Collins (38046999),Andre Drummond (38047063),308.0072048611111,409.7720143016836,49900,100.00%,9904,190.95%,0,132.26,$5.73,PHI 2,ATL 2,user4,49,marvalshot,138,4662599772_4
Ja Morant (38046871),Jared Butler (38047188),Klay Thompson (38047011),Naji Marshall (38046946),Andre Drummond (38047063),Jared Rhoden (38047408),John Collins (38046999),Onyeka Okongwu (38046977),293.7779861111111,389.86071453725935,50000,56.99%,0,-61.93%,0,124.03999999999999,$-1.86,PHI 2,DAL 2,user4,48,marvalshot,11305,4662599773_4
Jared Butler (38047188),Jared Rhoden (38047408),Jayson Tatum (38046844),Chris Boucher (38047411),Jakob Poeltl (38047034),Jamal Shead (38047196),John Collins (38046999),Shai Gilgeous-Alexander (38046841),293.49,395.44,50000,53.80%,0,-72.51%,0,170.35999999999999,$-2.18,TOR 4,PHI 1,user4,50,marvalshot,6424,4662599774_4
Jamal Shead (38047196),Jared Rhoden (38047408),Jayson Tatum (38046844),Miles Bridges (38046903),Andre Drummond (38047063),Collin Sexton (38047052),Kessler Edwards (38047208),Naji Marshall (38046946),307.67578125000006,398.31213091828465,49800,100.00%,6841,174.03%,0,145.14,$5.22,TOR 2,DAL 2,user5,50,marvalshot,2761,4662599775_5
Jamal Shead (38047196),Jared Rhoden (38047408),Jaylen Brown (38046885),Miles Bridges (38046903),Jakob Poeltl (38047034),AJ Lawson (38047276),Naji Marshall (38046946),Onyeka Okongwu (38046977),308.26376736111115,397.69284545554405,49700,100.00%,8696,187.54%,0,161.99,$5.63,TOR 4,BOS 1,user4,50,marvalshot,1871,4662599776_4
Shai Gilgeous-Alexander (38046841),AJ Lawson (38047276),Naji Marshall (38046946),Chris Boucher (38047411),Andre Drummond (38047063),Jared Rhoden (38047408),John Collins (38046999),Ivica Zubac (38046915),292.72,389.27000000000004,49800,41.78%,0,-79.55%,0,158.71,$-2.39,TOR 3,OKC 1,user4,50,marvalshot,8726,4662599777_4
Devin Booker (38046874),Jared Butler (38047188),Royce O'Neale (38047325),Miles Bridges (38046903),Isaiah Hartenstein (38046979),Jared Rhoden (38047408),Naji Marshall (38046946),Jakob Poeltl (38047034),297.59578125,386.08213091828463,49800,94.51%,0,27.71%,0,140.3,$0.83,PHX 2,TOR 2,user1,1,marvalshot,11307,4662599778_1
Jamal Shead (38047196),AJ Lawson (38047276),Jayson Tatum (38046844),Naji Marshall (38046946),Brandon Clarke (38047251),Collin Sexton (38047052),Jamison Battle (38047427),Trae Young (38046855),300.30343750000003,394.2591688461397,49600,99.83%,1,71.18%,0,159.12,$2.14,TOR 3,BOS 1,user4,48,marvalshot,7879,4662599779_4
Trae Young (38046855),Jared Rhoden (38047408),Jamison Battle (38047427),Chris Boucher (38047411),John Collins (38046999),James Harden (38046852),Naji Marshall (38046946),Collin Sexton (38047052),297.1334375,393.15916884613966,49600,93.75%,0,18.85%,0,143.22,$0.57,TOR 3,UTA 2,user3,1,marvalshot,11318,4662599780_3
Shai Gilgeous-Alexander (38046841),Jared Butler (38047188),Jamison Battle (38047427),Naji Marshall (38046946),Zach Edey (38047115),Ja Morant (38046871),Royce O'Neale (38047325),Collin Sexton (38047052),292.19,388.03,49900,34.75%,0,-84.46%,0,141.89,$-2.53,MEM 2,OKC 1,user4,1,marvalshot,11368,4662599781_4
Jared Butler (38047188),AJ Lawson (38047276),Vince Williams Jr. (38047307),Miles Bridges (38046903),Onyeka Okongwu (38046977),Trae Young (38046855),John Collins (38046999),Andre Drummond (38047063),308.0072048611111,409.7720143016836,49900,100.00%,9904,190.95%,0,132.26,$5.73,PHI 2,ATL 2,user5,49,marvalshot,138,4662599772_5
Ja Morant (38046871),Jared Butler (38047188),Klay Thompson (38047011),Naji Marshall (38046946),Andre Drummond (38047063),Jared Rhoden (38047408),John Collins (38046999),Onyeka Okongwu (38046977),293.7779861111111,389.86071453725935,50000,56.99%,0,-61.93%,0,124.03999999999999,$-1.86,PHI 2,DAL 2,user5,48,marvalshot,11305,4662599773_5
Jared Butler (38047188),Jared Rhoden (38047408),Jayson Tatum (38046844),Chris Boucher (38047411),Jakob Poeltl (38047034),Jamal Shead (38047196),John Collins (38046999),Shai Gilgeous-Alexander (38046841),293.49,395.44,50000,53.80%,0,-72.51%,0,170.35999999999999,$-2.18,TOR 4,PHI 1,user5,50,marvalshot,6424,4662599774_5
Jamal Shead (38047196),Jared Rhoden (38047408),Jayson Tatum (38046844),Miles Bridges (38046903),Andre Drummond (38047063),Collin Sexton (38047052),Kessler Edwards (38047208),Naji Marshall (38046946),307.67578125000006,398.31213091828465,49800,100.00%,6841,174.03%,0,145.14,$5.22,TOR 2,DAL 2,user6,50,marvalshot,2761,4662599775_6
Jamal Shead (38047196),Jared Rhoden (38047408),Jaylen Brown (38046885),Miles Bridges (38046903),Jakob Poeltl (38047034),AJ Lawson (38047276),Naji Marshall (38046946),Onyeka Okongwu (38046977),308.26376736111115,397.69284545554405,49700,100.00%,8696,187.54%,0,161.99,$5.63,TOR 4,BOS 1,user5,50,marvalshot,1871,4662599776_5
Shai Gilgeous-Alexander (38046841),AJ Lawson (38047276),Naji Marshall (38046946),Chris Boucher (38047411),Andre Drummond (38047063),Jared Rhoden (38047408),John Collins (38046999),Ivica Zubac (38046915),292.72,389.27000000000004,49800,41.78%,0,-79.55%,0,158.71,$-2.39,TOR 3,OKC 1,user5,50,marvalshot,8726,4662599777_5
James Harden (38046852),Jared Butler (38047188),Royce O'Neale (38047325),Miles Bridges (38046903),Isaiah Hartenstein (38046979),Jared Rhoden (38047408),John Collins (38046999),Jakob Poeltl (38047034),297.32578125,393.0221309182846,49900,93.13%,0,21.65%,0,132.91,$0.65,TOR 2,LAC 1,user4,1,marvalshot,11310,4662599778_4
Jamal Shead (38047196),AJ Lawson (38047276),Jayson Tatum (38046844),Naji Marshall (38046946),Brandon Clarke (38047251),Collin Sexton (38047052),Jamison Battle (38047427),Trae Young (38046855),300.30343750000003,394.2591688461397,49600,99.83%,1,71.18%,0,159.12,$2.14,TOR 3,BOS 1,user5,48,marvalshot,7879,4662599779_5
Trae Young (38046855),Jared Rhoden (38047408),Jamison Battle (38047427),Chris Boucher (38047411),Ivica Zubac (38046915),James Harden (38046852),Naji Marshall (38046946),Gregory Jackson (38047243),296.8534375,389.0991688461396,50000,92.05%,0,11.19%,0,140.54,$0.34,TOR 3,LAC 2,user19,1,marvalshot,11334,4662599780_19
Shai Gilgeous-Alexander (38046841),Jared Butler (38047188),Jamison Battle (38047427),Tari Eason (38047036),Ivica Zubac (38046915),Collin Sexton (38047052),Naji Marshall (38046946),Mason Plumlee (38047398),291.98999999999995,385.67999999999995,49800,32.11%,0,-86.42%,0,131.51,$-2.59,OKC 1,PHI 1,user6,1,marvalshot,11370,4662599781_6
Jared Butler (38047188),AJ Lawson (38047276),Vince Williams Jr. (38047307),Miles Bridges (38046903),Onyeka Okongwu (38046977),Trae Young (38046855),John Collins (38046999),Andre Drummond (38047063),308.0072048611111,409.7720143016836,49900,100.00%,9904,190.95%,0,132.26,$5.73,PHI 2,ATL 2,user6,49,marvalshot,138,4662599772_6
Ja Morant (38046871),Jared Butler (38047188),Klay Thompson (38047011),Naji Marshall (38046946),Andre Drummond (38047063),Jared Rhoden (38047408),John Collins (38046999),Onyeka Okongwu (38046977),293.7779861111111,389.86071453725935,50000,56.99%,0,-61.93%,0,124.03999999999999,$-1.86,PHI 2,DAL 2,user6,48,marvalshot,11305,4662599773_6
Jared Butler (38047188),Jared Rhoden (38047408),Jayson Tatum (38046844),Chris Boucher (38047411),Jakob Poeltl (38047034),Jamal Shead (38047196),John Collins (38046999),Shai Gilgeous-Alexander (38046841),293.49,395.44,50000,53.80%,0,-72.51%,0,170.35999999999999,$-2.18,TOR 4,PHI 1,user6,50,marvalshot,6424,4662599774_6
Jamal Shead (38047196),Jared Rhoden (38047408),Jayson Tatum (38046844),Miles Bridges (38046903),Andre Drummond (38047063),Collin Sexton (38047052),Kessler Edwards (38047208),Naji Marshall (38046946),307.67578125000006,398.31213091828465,49800,100.00%,6841,174.03%,0,145.14,$5.22,TOR 2,DAL 2,user7,50,marvalshot,2761,4662599775_7
Jamal Shead (38047196),Jared Rhoden (38047408),Jaylen Brown (38046885),Miles Bridges (38046903),Jakob Poeltl (38047034),AJ Lawson (38047276),Naji Marshall (38046946),Onyeka Okongwu (38046977),308.26376736111115,397.69284545554405,49700,100.00%,8696,187.54%,0,161.99,$5.63,TOR 4,BOS 1,user6,50,marvalshot,1871,4662599776_6
Shai Gilgeous-Alexander (38046841),AJ Lawson (38047276),Naji Marshall (38046946),Chris Boucher (38047411),Andre Drummond (38047063),Jared Rhoden (38047408),John Collins (38046999),Ivica Zubac (38046915),292.72,389.27000000000004,49800,41.78%,0,-79.55%,0,158.71,$-2.39,TOR 3,OKC 1,user6,50,marvalshot,8726,4662599777_6
Devin Booker (38046874),Jared Butler (38047188),Vince Williams Jr. (38047307),Miles Bridges (38046903),Isaiah Hartenstein (38046979),Jared Rhoden (38047408),Naji Marshall (38046946),Jakob Poeltl (38047034),296.98578125000006,388.83213091828463,49900,91.58%,0,13.67%,0,130.34,$0.41,TOR 2,PHX 1,user,1,marvalshot,3044,4662599778
Jamal Shead (38047196),AJ Lawson (38047276),Jayson Tatum (38046844),Naji Marshall (38046946),Brandon Clarke (38047251),Collin Sexton (38047052),Jamison Battle (38047427),Trae Young (38046855),300.30343750000003,394.2591688461397,49600,99.83%,1,71.18%,0,159.12,$2.14,TOR 3,BOS 1,user6,48,marvalshot,7879,4662599779_6
Trae Young (38046855),Jared Rhoden (38047408),Jamison Battle (38047427),Chris Boucher (38047411),Ivica Zubac (38046915),Ja Morant (38046871),Naji Marshall (38046946),Zach Edey (38047115),296.8234375,393.5791688461396,49700,91.30%,0,9.69%,0,130.76,$0.29,TOR 3,MEM 2,user15,1,marvalshot,11330,4662599780_15
Shai Gilgeous-Alexander (38046841),Jared Butler (38047188),Jamison Battle (38047427),Royce O'Neale (38047325),Ivica Zubac (38046915),Collin Sexton (38047052),Naji Marshall (38046946),Zach Edey (38047115),291.97999999999996,383.64,49000,31.98%,0,-86.7%,0,143.3,$-2.6,OKC 1,PHI 1,user7,1,marvalshot,11371,4662599781_7
Jared Butler (38047188),AJ Lawson (38047276),Vince Williams Jr. (38047307),Miles Bridges (38046903),Onyeka Okongwu (38046977),Trae Young (38046855),John Collins (38046999),Andre Drummond (38047063),308.0072048611111,409.7720143016836,49900,100.00%,9904,190.95%,0,132.26,$5.73,PHI 2,ATL 2,user7,49,marvalshot,138,4662599772_7
Ja Morant (38046871),Jared Butler (38047188),Klay Thompson (38047011),Naji Marshall (38046946),Andre Drummond (38047063),Jared Rhoden (38047408),John Collins (38046999),Onyeka Okongwu (38046977),293.7779861111111,389.86071453725935,50000,56.99%,0,-61.93%,0,124.03999999999999,$-1.86,PHI 2,DAL 2,user7,48,marvalshot,11305,4662599773_7
Jared Butler (38047188),Jared Rhoden (38047408),Jayson Tatum (38046844),Chris Boucher (38047411),Jakob Poeltl (38047034),Jamal Shead (38047196),John Collins (38046999),Shai Gilgeous-Alexander (38046841),293.49,395.44,50000,53.80%,0,-72.51%,0,170.35999999999999,$-2.18,TOR 4,PHI 1,user7,50,marvalshot,6424,4662599774_7
Jamal Shead (38047196),Jared Rhoden (38047408),Jayson Tatum (38046844),Miles Bridges (38046903),Andre Drummond (38047063),Collin Sexton (38047052),Kessler Edwards (38047208),Naji Marshall (38046946),307.67578125000006,398.31213091828465,49800,100.00%,6841,174.03%,0,145.14,$5.22,TOR 2,DAL 2,user8,50,marvalshot,2761,4662599775_8
Jamal Shead (38047196),Jared Rhoden (38047408),Jaylen Brown (38046885),Miles Bridges (38046903),Jakob Poeltl (38047034),AJ Lawson (38047276),Naji Marshall (38046946),Onyeka Okongwu (38046977),308.26376736111115,397.69284545554405,49700,100.00%,8696,187.54%,0,161.99,$5.63,TOR 4,BOS 1,user7,50,marvalshot,1871,4662599776_7
Shai Gilgeous-Alexander (38046841),AJ Lawson (38047276),Naji Marshall (38046946),Chris Boucher (38047411),Andre Drummond (38047063),Jared Rhoden (38047408),John Collins (38046999),Ivica Zubac (38046915),292.72,389.27000000000004,49800,41.78%,0,-79.55%,0,158.71,$-2.39,TOR 3,OKC 1,user7,50,marvalshot,8726,4662599777_7
James Harden (38046852),Jared Butler (38047188),Vince Williams Jr. (38047307),Miles Bridges (38046903),Isaiah Hartenstein (38046979),Jared Rhoden (38047408),John Collins (38046999),Jakob Poeltl (38047034),296.71578124999996,395.7721309182846,50000,89.79%,0,7.33%,0,122.95,$0.22,TOR 2,LAC 1,user5,43,marvalshot,11311,4662599778_5
Jamal Shead (38047196),AJ Lawson (38047276),Jayson Tatum (38046844),Naji Marshall (38046946),Brandon Clarke (38047251),Collin Sexton (38047052),Jamison Battle (38047427),Trae Young (38046855),300.30343750000003,394.2591688461397,49600,99.83%,1,71.18%,0,159.12,$2.14,TOR 3,BOS 1,user7,48,marvalshot,7879,4662599779_7
Trae Young (38046855),Jared Rhoden (38047408),Jamison Battle (38047427),Chris Boucher (38047411),Ivica Zubac (38046915),Collin Sexton (38047052),Naji Marshall (38046946),Tyler Herro (38046895),296.4434375,388.17916884613965,49900,89.00%,0,0.72%,0,136.12,$0.02,TOR 3,ATL 1,user21,1,marvalshot,11336,4662599780_21
Shai Gilgeous-Alexander (38046841),Jared Butler (38047188),Jamison Battle (38047427),Naji Marshall (38046946),Brandon Clarke (38047251),Ja Morant (38046871),Kessler Edwards (38047208),Collin Sexton (38047052),291.59999999999997,388.29999999999995,49900,26.92%,0,-89.66%,0,120.16,$-2.69,DAL 2,MEM 2,user1,1,marvalshot,11365,4662599781_1
Jared Butler (38047188),AJ Lawson (38047276),Vince Williams Jr. (38047307),Miles Bridges (38046903),Onyeka Okongwu (38046977),Trae Young (38046855),John Collins (38046999),Andre Drummond (38047063),308.0072048611111,409.7720143016836,49900,100.00%,9904,190.95%,0,132.26,$5.73,PHI 2,ATL 2,user8,49,marvalshot,138,4662599772_8
Ja Morant (38046871),Jared Butler (38047188),Klay Thompson (38047011),Naji Marshall (38046946),Andre Drummond (38047063),Jared Rhoden (38047408),John Collins (38046999),Onyeka Okongwu (38046977),293.7779861111111,389.86071453725935,50000,56.99%,0,-61.93%,0,124.03999999999999,$-1.86,PHI 2,DAL 2,user8,48,marvalshot,11305,4662599773_8
Jared Butler (38047188),Jared Rhoden (38047408),Jayson Tatum (38046844),Chris Boucher (38047411),Jakob Poeltl (38047034),Jamal Shead (38047196),John Collins (38046999),Shai Gilgeous-Alexander (38046841),293.49,395.44,50000,53.80%,0,-72.51%,0,170.35999999999999,$-2.18,TOR 4,PHI 1,user8,50,marvalshot,6424,4662599774_8
Jamal Shead (38047196),Jared Rhoden (38047408),Jayson Tatum (38046844),Miles Bridges (38046903),Andre Drummond (38047063),Collin Sexton (38047052),Kessler Edwards (38047208),Naji Marshall (38046946),307.67578125000006,398.31213091828465,49800,100.00%,6841,174.03%,0,145.14,$5.22,TOR 2,DAL 2,user9,50,marvalshot,2761,4662599775_9
Jamal Shead (38047196),Jared Rhoden (38047408),Jaylen Brown (38046885),Miles Bridges (38046903),Jakob Poeltl (38047034),AJ Lawson (38047276),Naji Marshall (38046946),Onyeka Okongwu (38046977),308.26376736111115,397.69284545554405,49700,100.00%,8696,187.54%,0,161.99,$5.63,TOR 4,BOS 1,user8,50,marvalshot,1871,4662599776_8
Shai Gilgeous-Alexander (38046841),AJ Lawson (38047276),Naji Marshall (38046946),Chris Boucher (38047411),Andre Drummond (38047063),Jared Rhoden (38047408),John Collins (38046999),Ivica Zubac (38046915),292.72,389.27000000000004,49800,41.78%,0,-79.55%,0,158.71,$-2.39,TOR 3,OKC 1,user8,50,marvalshot,8726,4662599777_8
James Harden (38046852),Jared Butler (38047188),Vince Williams Jr. (38047307),Miles Bridges (38046903),Isaiah Hartenstein (38046979),Jared Rhoden (38047408),John Collins (38046999),Jakob Poeltl (38047034),296.71578124999996,395.7721309182846,50000,89.79%,0,7.33%,0,122.95,$0.22,TOR 2,LAC 1,user8,43,marvalshot,11311,4662599778_8
Jamal Shead (38047196),AJ Lawson (38047276),Jayson Tatum (38046844),Naji Marshall (38046946),Brandon Clarke (38047251),Collin Sexton (38047052),Jamison Battle (38047427),Trae Young (38046855),300.30343750000003,394.2591688461397,49600,99.83%,1,71.18%,0,159.12,$2.14,TOR 3,BOS 1,user8,48,marvalshot,7879,4662599779_8
Trae Young (38046855),Jared Rhoden (38047408),Jamison Battle (38047427),Chris Boucher (38047411),Ivica Zubac (38046915),James Harden (38046852),Royce O'Neale (38047325),Naji Marshall (38046946),296.0234375,385.25916884613963,49500,86.35%,0,-9.69%,0,155.36,$-0.29,TOR 3,LAC 2,user40,1,marvalshot,11355,4662599780_40
Shai Gilgeous-Alexander (38046841),Jared Butler (38047188),Jamison Battle (38047427),Naji Marshall (38046946),Zach Edey (38047115),Ja Morant (38046871),Vince Williams Jr. (38047307),Collin Sexton (38047052),291.58,390.78,50000,26.47%,0,-90.76%,0,131.93,$-2.72,MEM 3,OKC 1,user2,42,marvalshot,11366,4662599781_2
Jared Butler (38047188),AJ Lawson (38047276),Vince Williams Jr. (38047307),Miles Bridges (38046903),Onyeka Okongwu (38046977),Trae Young (38046855),John Collins (38046999),Andre Drummond (38047063),308.0072048611111,409.7720143016836,49900,100.00%,9904,190.95%,0,132.26,$5.73,PHI 2,ATL 2,user9,49,marvalshot,138,4662599772_9
Ja Morant (38046871),Jared Butler (38047188),Klay Thompson (38047011),Naji Marshall (38046946),Andre Drummond (38047063),Jared Rhoden (38047408),John Collins (38046999),Onyeka Okongwu (38046977),293.7779861111111,389.86071453725935,50000,56.99%,0,-61.93%,0,124.03999999999999,$-1.86,PHI 2,DAL 2,user9,48,marvalshot,11305,4662599773_9
Jared Butler (38047188),Jared Rhoden (38047408),Jayson Tatum (38046844),Chris Boucher (38047411),Jakob Poeltl (38047034),Jamal Shead (38047196),John Collins (38046999),Shai Gilgeous-Alexander (38046841),293.49,395.44,50000,53.80%,0,-72.51%,0,170.35999999999999,$-2.18,TOR 4,PHI 1,user9,50,marvalshot,6424,4662599774_9
Jamal Shead (38047196),Jared Rhoden (38047408),Jayson Tatum (38046844),Miles Bridges (38046903),Andre Drummond (38047063),Collin Sexton (38047052),Kessler Edwards (38047208),Naji Marshall (38046946),307.67578125000006,398.31213091828465,49800,100.00%,6841,174.03%,0,145.14,$5.22,TOR 2,DAL 2,user10,50,marvalshot,2761,4662599775_10
Jamal Shead (38047196),Jared Rhoden (38047408),Jaylen Brown (38046885),Miles Bridges (38046903),Jakob Poeltl (38047034),AJ Lawson (38047276),Naji Marshall (38046946),Onyeka Okongwu (38046977),308.26376736111115,397.69284545554405,49700,100.00%,8696,187.54%,0,161.99,$5.63,TOR 4,BOS 1,user9,50,marvalshot,1871,4662599776_9
Shai Gilgeous-Alexander (38046841),AJ Lawson (38047276),Naji Marshall (38046946),Chris Boucher (38047411),Andre Drummond (38047063),Jared Rhoden (38047408),John Collins (38046999),Ivica Zubac (38046915),292.72,389.27000000000004,49800,41.78%,0,-79.55%,0,158.71,$-2.39,TOR 3,OKC 1,user9,50,marvalshot,8726,4662599777_9
James Harden (38046852),Jared Butler (38047188),Vince Williams Jr. (38047307),Miles Bridges (38046903),Isaiah Hartenstein (38046979),Jared Rhoden (38047408),John Collins (38046999),Jakob Poeltl (38047034),296.71578124999996,395.7721309182846,50000,89.79%,0,7.33%,0,122.95,$0.22,TOR 2,LAC 1,user9,43,marvalshot,11311,4662599778_9
Jamal Shead (38047196),AJ Lawson (38047276),Jayson Tatum (38046844),Naji Marshall (38046946),Brandon Clarke (38047251),Collin Sexton (38047052),Jamison Battle (38047427),Trae Young (38046855),300.30343750000003,394.2591688461397,49600,99.83%,1,71.18%,0,159.12,$2.14,TOR 3,BOS 1,user9,48,marvalshot,7879,4662599779_9
Trae Young (38046855),Jared Rhoden (38047408),Jamison Battle (38047427),Chris Boucher (38047411),Ivica Zubac (38046915),James Harden (38046852),Vince Williams Jr. (38047307),Naji Marshall (38046946),295.4134375,388.00916884613963,49600,80.12%,0,-26.09%,0,145.4,$-0.78,TOR 3,LAC 2,user14,1,marvalshot,11329,4662599780_14
Shai Gilgeous-Alexander (38046841),Jared Butler (38047188),Jamison Battle (38047427),Naji Marshall (38046946),Zach Edey (38047115),Ja Morant (38046871),Vince Williams Jr. (38047307),Collin Sexton (38047052),291.58,390.78,50000,26.47%,0,-90.76%,0,131.93,$-2.72,MEM 3,OKC 1,user9,42,marvalshot,11366,4662599781_9
Jared Butler (38047188),AJ Lawson (38047276),Vince Williams Jr. (38047307),Miles Bridges (38046903),Onyeka Okongwu (38046977),Trae Young (38046855),John Collins (38046999),Andre Drummond (38047063),308.0072048611111,409.7720143016836,49900,100.00%,9904,190.95%,0,132.26,$5.73,PHI 2,ATL 2,user10,49,marvalshot,138,4662599772_10
Ja Morant (38046871),Jared Butler (38047188),Klay Thompson (38047011),Naji Marshall (38046946),Andre Drummond (38047063),Jared Rhoden (38047408),John Collins (38046999),Onyeka Okongwu (38046977),293.7779861111111,389.86071453725935,50000,56.99%,0,-61.93%,0,124.03999999999999,$-1.86,PHI 2,DAL 2,user10,48,marvalshot,11305,4662599773_10
Jared Butler (38047188),Jared Rhoden (38047408),Jayson Tatum (38046844),Chris Boucher (38047411),Jakob Poeltl (38047034),Jamal Shead (38047196),John Collins (38046999),Shai Gilgeous-Alexander (38046841),293.49,395.44,50000,53.80%,0,-72.51%,0,170.35999999999999,$-2.18,TOR 4,PHI 1,user10,50,marvalshot,6424,4662599774_10
Jamal Shead (38047196),Jared Rhoden (38047408),Jayson Tatum (38046844),Miles Bridges (38046903),Andre Drummond (38047063),Collin Sexton (38047052),Kessler Edwards (38047208),Naji Marshall (38046946),307.67578125000006,398.31213091828465,49800,100.00%,6841,174.03%,0,145.14,$5.22,TOR 2,DAL 2,user11,50,marvalshot,2761,4662599775_11
Jamal Shead (38047196),Jared Rhoden (38047408),Jaylen Brown (38046885),Miles Bridges (38046903),Jakob Poeltl (38047034),AJ Lawson (38047276),Naji Marshall (38046946),Onyeka Okongwu (38046977),308.26376736111115,397.69284545554405,49700,100.00%,8696,187.54%,0,161.99,$5.63,TOR 4,BOS 1,user10,50,marvalshot,1871,4662599776_10
Shai Gilgeous-Alexander (38046841),AJ Lawson (38047276),Naji Marshall (38046946),Chris Boucher (38047411),Andre Drummond (38047063),Jared Rhoden (38047408),John Collins (38046999),Ivica Zubac (38046915),292.72,389.27000000000004,49800,41.78%,0,-79.55%,0,158.71,$-2.39,TOR 3,OKC 1,user10,50,marvalshot,8726,4662599777_10
James Harden (38046852),Jared Butler (38047188),Vince Williams Jr. (38047307),Miles Bridges (38046903),Isaiah Hartenstein (38046979),Jared Rhoden (38047408),John Collins (38046999),Jakob Poeltl (38047034),296.71578124999996,395.7721309182846,50000,89.79%,0,7.33%,0,122.95,$0.22,TOR 2,LAC 1,user10,43,marvalshot,11311,4662599778_10
Jamal Shead (38047196),AJ Lawson (38047276),Jayson Tatum (38046844),Naji Marshall (38046946),Brandon Clarke (38047251),Collin Sexton (38047052),Jamison Battle (38047427),Trae Young (38046855),300.30343750000003,394.2591688461397,49600,99.83%,1,71.18%,0,159.12,$2.14,TOR 3,BOS 1,user10,48,marvalshot,7879,4662599779_10
Trae Young (38046855),Jared Rhoden (38047408),Jamison Battle (38047427),Chris Boucher (38047411),John Collins (38046999),Collin Sexton (38047052),Naji Marshall (38046946),Alperen Sengun (38046862),294.93343749999997,392.7291688461396,49100,74.59%,0,-38.1%,0,147.23,$-1.14,TOR 3,UTA 2,user7,1,marvalshot,11322,4662599780_7
Shai Gilgeous-Alexander (38046841),Jared Butler (38047188),Jamison Battle (38047427),Naji Marshall (38046946),Zach Edey (38047115),Ja Morant (38046871),Vince Williams Jr. (38047307),Collin Sexton (38047052),291.58,390.78,50000,26.47%,0,-90.76%,0,131.93,$-2.72,MEM 3,OKC 1,user10,42,marvalshot,11366,4662599781_10
Jared Butler (38047188),AJ Lawson (38047276),Vince Williams Jr. (38047307),Miles Bridges (38046903),Onyeka Okongwu (38046977),Trae Young (38046855),John Collins (38046999),Andre Drummond (38047063),308.0072048611111,409.7720143016836,49900,100.00%,9904,190.95%,0,132.26,$5.73,PHI 2,ATL 2,user11,49,marvalshot,138,4662599772_11
Ja Morant (38046871),Jared Butler (38047188),Klay Thompson (38047011),Naji Marshall (38046946),Andre Drummond (38047063),Jared Rhoden (38047408),John Collins (38046999),Onyeka Okongwu (38046977),293.7779861111111,389.86071453725935,50000,56.99%,0,-61.93%,0,124.03999999999999,$-1.86,PHI 2,DAL 2,user11,48,marvalshot,11305,4662599773_11
Jared Butler (38047188),Jared Rhoden (38047408),Jayson Tatum (38046844),Chris Boucher (38047411),Jakob Poeltl (38047034),Jamal Shead (38047196),John Collins (38046999),Shai Gilgeous-Alexander (38046841),293.49,395.44,50000,53.80%,0,-72.51%,0,170.35999999999999,$-2.18,TOR 4,PHI 1,user11,50,marvalshot,6424,4662599774_11
Jamal Shead (38047196),Jared Rhoden (38047408),Jayson Tatum (38046844),Miles Bridges (38046903),Andre Drummond (38047063),Collin Sexton (38047052),Kessler Edwards (38047208),Naji Marshall (38046946),307.67578125000006,398.31213091828465,49800,100.00%,6841,174.03%,0,145.14,$5.22,TOR 2,DAL 2,user12,50,marvalshot,2761,4662599775_12
Jamal Shead (38047196),Jared Rhoden (38047408),Jaylen Brown (38046885),Miles Bridges (38046903),Jakob Poeltl (38047034),AJ Lawson (38047276),Naji Marshall (38046946),Onyeka Okongwu (38046977),308.26376736111115,397.69284545554405,49700,100.00%,8696,187.54%,0,161.99,$5.63,TOR 4,BOS 1,user11,50,marvalshot,1871,4662599776_11
Shai Gilgeous-Alexander (38046841),AJ Lawson (38047276),Naji Marshall (38046946),Chris Boucher (38047411),Andre Drummond (38047063),Jared Rhoden (38047408),John Collins (38046999),Ivica Zubac (38046915),292.72,389.27000000000004,49800,41.78%,0,-79.55%,0,158.71,$-2.39,TOR 3,OKC 1,user11,50,marvalshot,8726,4662599777_11
James Harden (38046852),Jared Butler (38047188),Vince Williams Jr. (38047307),Miles Bridges (38046903),Isaiah Hartenstein (38046979),Jared Rhoden (38047408),John Collins (38046999),Jakob Poeltl (38047034),296.71578124999996,395.7721309182846,50000,89.79%,0,7.33%,0,122.95,$0.22,TOR 2,LAC 1,user11,43,marvalshot,11311,4662599778_11
Jamal Shead (38047196),AJ Lawson (38047276),Jayson Tatum (38046844),Naji Marshall (38046946),Brandon Clarke (38047251),Collin Sexton (38047052),Jamison Battle (38047427),Trae Young (38046855),300.30343750000003,394.2591688461397,49600,99.83%,1,71.18%,0,159.12,$2.14,TOR 3,BOS 1,user11,48,marvalshot,7879,4662599779_11
Trae Young (38046855),Jared Rhoden (38047408),Jamison Battle (38047427),Chris Boucher (38047411),Ivica Zubac (38046915),Ja Morant (38046871),Kessler Edwards (38047208),Naji Marshall (38046946),294.8934375,387.56916884613963,49200,73.48%,0,-38.79%,0,133.63,$-1.16,TOR 3,DAL 2,user38,1,marvalshot,11353,4662599780_38
Shai Gilgeous-Alexander (38046841),Jared Butler (38047188),Jamison Battle (38047427),Naji Marshall (38046946),Zach Edey (38047115),Ja Morant (38046871),Vince Williams Jr. (38047307),Collin Sexton (38047052),291.58,390.78,50000,26.47%,0,-90.76%,0,131.93,$-2.72,MEM 3,OKC 1,user11,42,marvalshot,11366,4662599781_11
Jared Butler (38047188),AJ Lawson (38047276),Vince Williams Jr. (38047307),Miles Bridges (38046903),Onyeka Okongwu (38046977),Trae Young (38046855),John Collins (38046999),Andre Drummond (38047063),308.0072048611111,409.7720143016836,49900,100.00%,9904,190.95%,0,132.26,$5.73,PHI 2,ATL 2,user12,49,marvalshot,138,4662599772_12
Ja Morant (38046871),Jared Butler (38047188),Klay Thompson (38047011),Naji Marshall (38046946),Andre Drummond (38047063),Jared Rhoden (38047408),John Collins (38046999),Onyeka Okongwu (38046977),293.7779861111111,389.86071453725935,50000,56.99%,0,-61.93%,0,124.03999999999999,$-1.86,PHI 2,DAL 2,user12,48,marvalshot,11305,4662599773_12
Jared Butler (38047188),Jared Rhoden (38047408),Jayson Tatum (38046844),Chris Boucher (38047411),Jakob Poeltl (38047034),Jamal Shead (38047196),John Collins (38046999),Shai Gilgeous-Alexander (38046841),293.49,395.44,50000,53.80%,0,-72.51%,0,170.35999999999999,$-2.18,TOR 4,PHI 1,user12,50,marvalshot,6424,4662599774_12
Jamal Shead (38047196),Jared Rhoden (38047408),Jayson Tatum (38046844),Miles Bridges (38046903),Andre Drummond (38047063),Collin Sexton (38047052),Kessler Edwards (38047208),Naji Marshall (38046946),307.67578125000006,398.31213091828465,49800,100.00%,6841,174.03%,0,145.14,$5.22,TOR 2,DAL 2,user13,50,marvalshot,2761,4662599775_13
Jamal Shead (38047196),Jared Rhoden (38047408),Jaylen Brown (38046885),Miles Bridges (38046903),Jakob Poeltl (38047034),AJ Lawson (38047276),Naji Marshall (38046946),Onyeka Okongwu (38046977),308.26376736111115,397.69284545554405,49700,100.00%,8696,187.54%,0,161.99,$5.63,TOR 4,BOS 1,user12,50,marvalshot,1871,4662599776_12
Shai Gilgeous-Alexander (38046841),AJ Lawson (38047276),Naji Marshall (38046946),Chris Boucher (38047411),Andre Drummond (38047063),Jared Rhoden (38047408),John Collins (38046999),Ivica Zubac (38046915),292.72,389.27000000000004,49800,41.78%,0,-79.55%,0,158.71,$-2.39,TOR 3,OKC 1,user12,50,marvalshot,8726,4662599777_12
James Harden (38046852),Jared Butler (38047188),Vince Williams Jr. (38047307),Miles Bridges (38046903),Isaiah Hartenstein (38046979),Jared Rhoden (38047408),John Collins (38046999),Jakob Poeltl (38047034),296.71578124999996,395.7721309182846,50000,89.79%,0,7.33%,0,122.95,$0.22,TOR 2,LAC 1,user12,43,marvalshot,11311,4662599778_12
Jamal Shead (38047196),AJ Lawson (38047276),Jayson Tatum (38046844),Naji Marshall (38046946),Brandon Clarke (38047251),Collin Sexton (38047052),Jamison Battle (38047427),Trae Young (38046855),300.30343750000003,394.2591688461397,49600,99.83%,1,71.18%,0,159.12,$2.14,TOR 3,BOS 1,user12,48,marvalshot,7879,4662599779_12
Trae Young (38046855),Jared Rhoden (38047408),Jamison Battle (38047427),Chris Boucher (38047411),Ivica Zubac (38046915),Devin Booker (38046874),John Collins (38046999),Collin Sexton (38047052),294.84343750000005,390.29916884613965,49500,72.26%,0,-39.24%,0,126.72999999999999,$-1.18,TOR 3,UTA 2,user36,1,marvalshot,11351,4662599780_36
Shai Gilgeous-Alexander (38046841),Jared Butler (38047188),Jamison Battle (38047427),Naji Marshall (38046946),Zach Edey (38047115),Ja Morant (38046871),Vince Williams Jr. (38047307),Collin Sexton (38047052),291.58,390.78,50000,26.47%,0,-90.76%,0,131.93,$-2.72,MEM 3,OKC 1,user12,42,marvalshot,11366,4662599781_12
Jared Butler (38047188),AJ Lawson (38047276),Vince Williams Jr. (38047307),Miles Bridges (38046903),Onyeka Okongwu (38046977),Trae Young (38046855),John Collins (38046999),Andre Drummond (38047063),308.0072048611111,409.7720143016836,49900,100.00%,9904,190.95%,0,132.26,$5.73,PHI 2,ATL 2,user13,49,marvalshot,138,4662599772_13
Ja Morant (38046871),Jared Butler (38047188),Klay Thompson (38047011),Naji Marshall (38046946),Andre Drummond (38047063),Jared Rhoden (38047408),John Collins (38046999),Onyeka Okongwu (38046977),293.7779861111111,389.86071453725935,50000,56.99%,0,-61.93%,0,124.03999999999999,$-1.86,PHI 2,DAL 2,user13,48,marvalshot,11305,4662599773_13
Jared Butler (38047188),Jared Rhoden (38047408),Jayson Tatum (38046844),Chris Boucher (38047411),Jakob Poeltl (38047034),Jamal Shead (38047196),John Collins (38046999),Shai Gilgeous-Alexander (38046841),293.49,395.44,50000,53.80%,0,-72.51%,0,170.35999999999999,$-2.18,TOR 4,PHI 1,user13,50,marvalshot,6424,4662599774_13
Jamal Shead (38047196),Jared Rhoden (38047408),Jayson Tatum (38046844),Miles Bridges (38046903),Andre Drummond (38047063),Collin Sexton (38047052),Kessler Edwards (38047208),Naji Marshall (38046946),307.67578125000006,398.31213091828465,49800,100.00%,6841,174.03%,0,145.14,$5.22,TOR 2,DAL 2,user14,50,marvalshot,2761,4662599775_14
Jamal Shead (38047196),Jared Rhoden (38047408),Jaylen Brown (38046885),Miles Bridges (38046903),Jakob Poeltl (38047034),AJ Lawson (38047276),Naji Marshall (38046946),Onyeka Okongwu (38046977),308.26376736111115,397.69284545554405,49700,100.00%,8696,187.54%,0,161.99,$5.63,TOR 4,BOS 1,user13,50,marvalshot,1871,4662599776_13
Shai Gilgeous-Alexander (38046841),AJ Lawson (38047276),Naji Marshall (38046946),Chris Boucher (38047411),Andre Drummond (38047063),Jared Rhoden (38047408),John Collins (38046999),Ivica Zubac (38046915),292.72,389.27000000000004,49800,41.78%,0,-79.55%,0,158.71,$-2.39,TOR 3,OKC 1,user13,50,marvalshot,8726,4662599777_13
James Harden (38046852),Jared Butler (38047188),Vince Williams Jr. (38047307),Miles Bridges (38046903),Isaiah Hartenstein (38046979),Jared Rhoden (38047408),John Collins (38046999),Jakob Poeltl (38047034),296.71578124999996,395.7721309182846,50000,89.79%,0,7.33%,0,122.95,$0.22,TOR 2,LAC 1,user13,43,marvalshot,11311,4662599778_13
Jamal Shead (38047196),AJ Lawson (38047276),Jayson Tatum (38046844),Naji Marshall (38046946),Brandon Clarke (38047251),Collin Sexton (38047052),Jamison Battle (38047427),Trae Young (38046855),300.30343750000003,394.2591688461397,49600,99.83%,1,71.18%,0,159.12,$2.14,TOR 3,BOS 1,user13,48,marvalshot,7879,4662599779_13
Trae Young (38046855),Jared Rhoden (38047408),Jamison Battle (38047427),Chris Boucher (38047411),Ivica Zubac (38046915),Brandon Williams (38047160),Naji Marshall (38046946),Alperen Sengun (38046862),294.5634375,389.58916884613967,49800,69.27%,0,-46.13%,0,135.87,$-1.38,TOR 3,DAL 2,user41,1,marvalshot,11356,4662599780_41
Shai Gilgeous-Alexander (38046841),Jared Butler (38047188),Jamison Battle (38047427),Naji Marshall (38046946),Zach Edey (38047115),Ja Morant (38046871),Vince Williams Jr. (38047307),Collin Sexton (38047052),291.58,390.78,50000,26.47%,0,-90.76%,0,131.93,$-2.72,MEM 3,OKC 1,user13,42,marvalshot,11366,4662599781_13
Jared Butler (38047188),AJ Lawson (38047276),Vince Williams Jr. (38047307),Miles Bridges (38046903),Onyeka Okongwu (38046977),Trae Young (38046855),John Collins (38046999),Andre Drummond (38047063),308.0072048611111,409.7720143016836,49900,100.00%,9904,190.95%,0,132.26,$5.73,PHI 2,ATL 2,user14,49,marvalshot,138,4662599772_14
Ja Morant (38046871),Jared Butler (38047188),Klay Thompson (38047011),Naji Marshall (38046946),Andre Drummond (38047063),Jared Rhoden (38047408),John Collins (38046999),Onyeka Okongwu (38046977),293.7779861111111,389.86071453725935,50000,56.99%,0,-61.93%,0,124.03999999999999,$-1.86,PHI 2,DAL 2,user14,48,marvalshot,11305,4662599773_14
Jared Butler (38047188),Jared Rhoden (38047408),Jayson Tatum (38046844),Chris Boucher (38047411),Jakob Poeltl (38047034),Jamal Shead (38047196),John Collins (38046999),Shai Gilgeous-Alexander (38046841),293.49,395.44,50000,53.80%,0,-72.51%,0,170.35999999999999,$-2.18,TOR 4,PHI 1,user14,50,marvalshot,6424,4662599774_14
Jamal Shead (38047196),Jared Rhoden (38047408),Jayson Tatum (38046844),Miles Bridges (38046903),Andre Drummond (38047063),Collin Sexton (38047052),Kessler Edwards (38047208),Naji Marshall (38046946),307.67578125000006,398.31213091828465,49800,100.00%,6841,174.03%,0,145.14,$5.22,TOR 2,DAL 2,user15,50,marvalshot,2761,4662599775_15
Jamal Shead (38047196),Jared Rhoden (38047408),Jaylen Brown (38046885),Miles Bridges (38046903),Jakob Poeltl (38047034),AJ Lawson (38047276),Naji Marshall (38046946),Onyeka Okongwu (38046977),308.26376736111115,397.69284545554405,49700,100.00%,8696,187.54%,0,161.99,$5.63,TOR 4,BOS 1,user14,50,marvalshot,1871,4662599776_14
Shai Gilgeous-Alexander (38046841),AJ Lawson (38047276),Naji Marshall (38046946),Chris Boucher (38047411),Andre Drummond (38047063),Jared Rhoden (38047408),John Collins (38046999),Ivica Zubac (38046915),292.72,389.27000000000004,49800,41.78%,0,-79.55%,0,158.71,$-2.39,TOR 3,OKC 1,user14,50,marvalshot,8726,4662599777_14
James Harden (38046852),Jared Butler (38047188),Vince Williams Jr. (38047307),Miles Bridges (38046903),Isaiah Hartenstein (38046979),Jared Rhoden (38047408),John Collins (38046999),Jakob Poeltl (38047034),296.71578124999996,395.7721309182846,50000,89.79%,0,7.33%,0,122.95,$0.22,TOR 2,LAC 1,user14,43,marvalshot,11311,4662599778_14
Jamal Shead (38047196),AJ Lawson (38047276),Jayson Tatum (38046844),Naji Marshall (38046946),Brandon Clarke (38047251),Collin Sexton (38047052),Jamison Battle (38047427),Trae Young (38046855),300.30343750000003,394.2591688461397,49600,99.83%,1,71.18%,0,159.12,$2.14,TOR 3,BOS 1,user14,48,marvalshot,7879,4662599779_14
Trae Young (38046855),Jared Rhoden (38047408),Jamison Battle (38047427),Chris Boucher (38047411),Brandon Clarke (38047251),Ja Morant (38046871),Naji Marshall (38046946),Ivica Zubac (38046915),294.5134375,390.8391688461396,49100,68.13%,0,-47.47%,0,130.89,$-1.42,TOR 3,MEM 2,user45,1,marvalshot,11360,4662599780_45
Shai Gilgeous-Alexander (38046841),Jared Butler (38047188),Jamison Battle (38047427),Naji Marshall (38046946),Zach Edey (38047115),Ja Morant (38046871),Vince Williams Jr. (38047307),Collin Sexton (38047052),291.58,390.78,50000,26.47%,0,-90.76%,0,131.93,$-2.72,MEM 3,OKC 1,user14,42,marvalshot,11366,4662599781_14
Jared Butler (38047188),AJ Lawson (38047276),Vince Williams Jr. (38047307),Miles Bridges (38046903),Onyeka Okongwu (38046977),Trae Young (38046855),John Collins (38046999),Andre Drummond (38047063),308.0072048611111,409.7720143016836,49900,100.00%,9904,190.95%,0,132.26,$5.73,PHI 2,ATL 2,user15,49,marvalshot,138,4662599772_15
Ja Morant (38046871),Jared Butler (38047188),Klay Thompson (38047011),Naji Marshall (38046946),Andre Drummond (38047063),Jared Rhoden (38047408),John Collins (38046999),Onyeka Okongwu (38046977),293.7779861111111,389.86071453725935,50000,56.99%,0,-61.93%,0,124.03999999999999,$-1.86,PHI 2,DAL 2,user15,48,marvalshot,11305,4662599773_15
Jared Butler (38047188),Jared Rhoden (38047408),Jayson Tatum (38046844),Chris Boucher (38047411),Jakob Poeltl (38047034),Jamal Shead (38047196),John Collins (38046999),Shai Gilgeous-Alexander (38046841),293.49,395.44,50000,53.80%,0,-72.51%,0,170.35999999999999,$-2.18,TOR 4,PHI 1,user15,50,marvalshot,6424,4662599774_15
Jamal Shead (38047196),Jared Rhoden (38047408),Jayson Tatum (38046844),Miles Bridges (38046903),Andre Drummond (38047063),Collin Sexton (38047052),Kessler Edwards (38047208),Naji Marshall (38046946),307.67578125000006,398.31213091828465,49800,100.00%,6841,174.03%,0,145.14,$5.22,TOR 2,DAL 2,user16,50,marvalshot,2761,4662599775_16
Jamal Shead (38047196),Jared Rhoden (38047408),Jaylen Brown (38046885),Miles Bridges (38046903),Jakob Poeltl (38047034),AJ Lawson (38047276),Naji Marshall (38046946),Onyeka Okongwu (38046977),308.26376736111115,397.69284545554405,49700,100.00%,8696,187.54%,0,161.99,$5.63,TOR 4,BOS 1,user15,50,marvalshot,1871,4662599776_15
Shai Gilgeous-Alexander (38046841),AJ Lawson (38047276),Naji Marshall (38046946),Chris Boucher (38047411),Andre Drummond (38047063),Jared Rhoden (38047408),John Collins (38046999),Ivica Zubac (38046915),292.72,389.27000000000004,49800,41.78%,0,-79.55%,0,158.71,$-2.39,TOR 3,OKC 1,user15,50,marvalshot,8726,4662599777_15
James Harden (38046852),Jared Butler (38047188),Vince Williams Jr. (38047307),Miles Bridges (38046903),Isaiah Hartenstein (38046979),Jared Rhoden (38047408),John Collins (38046999),Jakob Poeltl (38047034),296.71578124999996,395.7721309182846,50000,89.79%,0,7.33%,0,122.95,$0.22,TOR 2,LAC 1,user15,43,marvalshot,11311,4662599778_15
Jamal Shead (38047196),AJ Lawson (38047276),Jayson Tatum (38046844),Naji Marshall (38046946),Brandon Clarke (38047251),Collin Sexton (38047052),Jamison Battle (38047427),Trae Young (38046855),300.30343750000003,394.2591688461397,49600,99.83%,1,71.18%,0,159.12,$2.14,TOR 3,BOS 1,user15,48,marvalshot,7879,4662599779_15
Trae Young (38046855),Jared Rhoden (38047408),Jamison Battle (38047427),Chris Boucher (38047411),Ivica Zubac (38046915),Desmond Bane (38046917),Naji Marshall (38046946),Devin Vassell (38047029),294.4334375,384.7091688461396,50000,67.25%,0,-48.51%,0,129.2,$-1.46,TOR 3,ATL 1,user49,1,marvalshot,11364,4662599780_49
Shai Gilgeous-Alexander (38046841),Jared Butler (38047188),Jamison Battle (38047427),Naji Marshall (38046946),Zach Edey (38047115),Ja Morant (38046871),Vince Williams Jr. (38047307),Collin Sexton (38047052),291.58,390.78,50000,26.47%,0,-90.76%,0,131.93,$-2.72,MEM 3,OKC 1,user15,42,marvalshot,11366,4662599781_15
Jared Butler (38047188),AJ Lawson (38047276),Vince Williams Jr. (38047307),Miles Bridges (38046903),Onyeka Okongwu (38046977),Trae Young (38046855),John Collins (38046999),Andre Drummond (38047063),308.0072048611111,409.7720143016836,49900,100.00%,9904,190.95%,0,132.26,$5.73,PHI 2,ATL 2,user16,49,marvalshot,138,4662599772_16
Ja Morant (38046871),Jared Butler (38047188),Klay Thompson (38047011),Naji Marshall (38046946),Andre Drummond (38047063),Jared Rhoden (38047408),John Collins (38046999),Onyeka Okongwu (38046977),293.7779861111111,389.86071453725935,50000,56.99%,0,-61.93%,0,124.03999999999999,$-1.86,PHI 2,DAL 2,user16,48,marvalshot,11305,4662599773_16
Jared Butler (38047188),Jared Rhoden (38047408),Jayson Tatum (38046844),Chris Boucher (38047411),Jakob Poeltl (38047034),Jamal Shead (38047196),John Collins (38046999),Shai Gilgeous-Alexander (38046841),293.49,395.44,50000,53.80%,0,-72.51%,0,170.35999999999999,$-2.18,TOR 4,PHI 1,user16,50,marvalshot,6424,4662599774_16
Jamal Shead (38047196),Jared Rhoden (38047408),Jayson Tatum (38046844),Miles Bridges (38046903),Andre Drummond (38047063),Collin Sexton (38047052),Kessler Edwards (38047208),Naji Marshall (38046946),307.67578125000006,398.31213091828465,49800,100.00%,6841,174.03%,0,145.14,$5.22,TOR 2,DAL 2,user17,50,marvalshot,2761,4662599775_17
Jamal Shead (38047196),Jared Rhoden (38047408),Jaylen Brown (38046885),Miles Bridges (38046903),Jakob Poeltl (38047034),AJ Lawson (38047276),Naji Marshall (38046946),Onyeka Okongwu (38046977),308.26376736111115,397.69284545554405,49700,100.00%,8696,187.54%,0,161.99,$5.63,TOR 4,BOS 1,user16,50,marvalshot,1871,4662599776_16
Shai Gilgeous-Alexander (38046841),AJ Lawson (38047276),Naji Marshall (38046946),Chris Boucher (38047411),Andre Drummond (38047063),Jared Rhoden (38047408),John Collins (38046999),Ivica Zubac (38046915),292.72,389.27000000000004,49800,41.78%,0,-79.55%,0,158.71,$-2.39,TOR 3,OKC 1,user16,50,marvalshot,8726,4662599777_16
James Harden (38046852),Jared Butler (38047188),Vince Williams Jr. (38047307),Miles Bridges (38046903),Isaiah Hartenstein (38046979),Jared Rhoden (38047408),John Collins (38046999),Jakob Poeltl (38047034),296.71578124999996,395.7721309182846,50000,89.79%,0,7.33%,0,122.95,$0.22,TOR 2,LAC 1,user16,43,marvalshot,11311,4662599778_16
Jamal Shead (38047196),AJ Lawson (38047276),Jayson Tatum (38046844),Naji Marshall (38046946),Brandon Clarke (38047251),Collin Sexton (38047052),Jamison Battle (38047427),Trae Young (38046855),300.30343750000003,394.2591688461397,49600,99.83%,1,71.18%,0,159.12,$2.14,TOR 3,BOS 1,user16,48,marvalshot,7879,4662599779_16
Trae Young (38046855),Jared Rhoden (38047408),Jamison Battle (38047427),Chris Boucher (38047411),Ivica Zubac (38046915),Devin Booker (38046874),Naji Marshall (38046946),Zach Edey (38047115),294.3134375,385.37916884613963,49600,65.22%,0,-51.65%,0,129.11,$-1.55,TOR 3,ATL 1,user35,1,marvalshot,11350,4662599780_35
Shai Gilgeous-Alexander (38046841),Jared Butler (38047188),Jamison Battle (38047427),Naji Marshall (38046946),Zach Edey (38047115),Ja Morant (38046871),Vince Williams Jr. (38047307),Collin Sexton (38047052),291.58,390.78,50000,26.47%,0,-90.76%,0,131.93,$-2.72,MEM 3,OKC 1,user16,42,marvalshot,11366,4662599781_16
Jared Butler (38047188),AJ Lawson (38047276),Vince Williams Jr. (38047307),Miles Bridges (38046903),Onyeka Okongwu (38046977),Trae Young (38046855),John Collins (38046999),Andre Drummond (38047063),308.0072048611111,409.7720143016836,49900,100.00%,9904,190.95%,0,132.26,$5.73,PHI 2,ATL 2,user17,49,marvalshot,138,4662599772_17
Ja Morant (38046871),Jared Butler (38047188),Klay Thompson (38047011),Naji Marshall (38046946),Andre Drummond (38047063),Jared Rhoden (38047408),John Collins (38046999),Onyeka Okongwu (38046977),293.7779861111111,389.86071453725935,50000,56.99%,0,-61.93%,0,124.03999999999999,$-1.86,PHI 2,DAL 2,user17,48,marvalshot,11305,4662599773_17
Jared Butler (38047188),Jared Rhoden (38047408),Jayson Tatum (38046844),Chris Boucher (38047411),Jakob Poeltl (38047034),Jamal Shead (38047196),John Collins (38046999),Shai Gilgeous-Alexander (38046841),293.49,395.44,50000,53.80%,0,-72.51%,0,170.35999999999999,$-2.18,TOR 4,PHI 1,user17,50,marvalshot,6424,4662599774_17
Jamal Shead (38047196),Jared Rhoden (38047408),Jayson Tatum (38046844),Miles Bridges (38046903),Andre Drummond (38047063),Collin Sexton (38047052),Kessler Edwards (38047208),Naji Marshall (38046946),307.67578125000006,398.31213091828465,49800,100.00%,6841,174.03%,0,145.14,$5.22,TOR 2,DAL 2,user18,50,marvalshot,2761,4662599775_18
Jamal Shead (38047196),Jared Rhoden (38047408),Jaylen Brown (38046885),Miles Bridges (38046903),Jakob Poeltl (38047034),AJ Lawson (38047276),Naji Marshall (38046946),Onyeka Okongwu (38046977),308.26376736111115,397.69284545554405,49700,100.00%,8696,187.54%,0,161.99,$5.63,TOR 4,BOS 1,user17,50,marvalshot,1871,4662599776_17
Shai Gilgeous-Alexander (38046841),AJ Lawson (38047276),Naji Marshall (38046946),Chris Boucher (38047411),Andre Drummond (38047063),Jared Rhoden (38047408),John Collins (38046999),Ivica Zubac (38046915),292.72,389.27000000000004,49800,41.78%,0,-79.55%,0,158.71,$-2.39,TOR 3,OKC 1,user17,50,marvalshot,8726,4662599777_17
James Harden (38046852),Jared Butler (38047188),Vince Williams Jr. (38047307),Miles Bridges (38046903),Isaiah Hartenstein (38046979),Jared Rhoden (38047408),John Collins (38046999),Jakob Poeltl (38047034),296.71578124999996,395.7721309182846,50000,89.79%,0,7.33%,0,122.95,$0.22,TOR 2,LAC 1,user17,43,marvalshot,11311,4662599778_17
Jamal Shead (38047196),AJ Lawson (38047276),Jayson Tatum (38046844),Naji Marshall (38046946),Brandon Clarke (38047251),Collin Sexton (38047052),Jamison Battle (38047427),Trae Young (38046855),300.30343750000003,394.2591688461397,49600,99.83%,1,71.18%,0,159.12,$2.14,TOR 3,BOS 1,user17,48,marvalshot,7879,4662599779_17
Trae Young (38046855),Jared Rhoden (38047408),Jamison Battle (38047427),Chris Boucher (38047411),Ivica Zubac (38046915),James Harden (38046852),Devin Vassell (38047029),Collin Sexton (38047052),294.2134375,389.3291688461396,50000,63.99%,0,-53.39%,0,120.64999999999999,$-1.6,TOR 3,LAC 2,user,1,marvalshot,7256,4662599780
Shai Gilgeous-Alexander (38046841),Jared Butler (38047188),Jamison Battle (38047427),Naji Marshall (38046946),Zach Edey (38047115),Ja Morant (38046871),Vince Williams Jr. (38047307),Collin Sexton (38047052),291.58,390.78,50000,26.47%,0,-90.76%,0,131.93,$-2.72,MEM 3,OKC 1,user17,42,marvalshot,11366,4662599781_17
Jared Butler (38047188),AJ Lawson (38047276),Vince Williams Jr. (38047307),Miles Bridges (38046903),Onyeka Okongwu (38046977),Trae Young (38046855),John Collins (38046999),Andre Drummond (38047063),308.0072048611111,409.7720143016836,49900,100.00%,9904,190.95%,0,132.26,$5.73,PHI 2,ATL 2,user18,49,marvalshot,138,4662599772_18
Ja Morant (38046871),Jared Butler (38047188),Klay Thompson (38047011),Naji Marshall (38046946),Andre Drummond (38047063),Jared Rhoden (38047408),John Collins (38046999),Onyeka Okongwu (38046977),293.7779861111111,389.86071453725935,50000,56.99%,0,-61.93%,0,124.03999999999999,$-1.86,PHI 2,DAL 2,user18,48,marvalshot,11305,4662599773_18
Jared Butler (38047188),Jared Rhoden (38047408),Jayson Tatum (38046844),Chris Boucher (38047411),Jakob Poeltl (38047034),Jamal Shead (38047196),John Collins (38046999),Shai Gilgeous-Alexander (38046841),293.49,395.44,50000,53.80%,0,-72.51%,0,170.35999999999999,$-2.18,TOR 4,PHI 1,user18,50,marvalshot,6424,4662599774_18
Jamal Shead (38047196),Jared Rhoden (38047408),Jayson Tatum (38046844),Miles Bridges (38046903),Andre Drummond (38047063),Collin Sexton (38047052),Kessler Edwards (38047208),Naji Marshall (38046946),307.67578125000006,398.31213091828465,49800,100.00%,6841,174.03%,0,145.14,$5.22,TOR 2,DAL 2,user19,50,marvalshot,2761,4662599775_19
Jamal Shead (38047196),Jared Rhoden (38047408),Jaylen Brown (38046885),Miles Bridges (38046903),Jakob Poeltl (38047034),AJ Lawson (38047276),Naji Marshall (38046946),Onyeka Okongwu (38046977),308.26376736111115,397.69284545554405,49700,100.00%,8696,187.54%,0,161.99,$5.63,TOR 4,BOS 1,user18,50,marvalshot,1871,4662599776_18
Shai Gilgeous-Alexander (38046841),AJ Lawson (38047276),Naji Marshall (38046946),Chris Boucher (38047411),Andre Drummond (38047063),Jared Rhoden (38047408),John Collins (38046999),Ivica Zubac (38046915),292.72,389.27000000000004,49800,41.78%,0,-79.55%,0,158.71,$-2.39,TOR 3,OKC 1,user18,50,marvalshot,8726,4662599777_18
James Harden (38046852),Jared Butler (38047188),Vince Williams Jr. (38047307),Miles Bridges (38046903),Isaiah Hartenstein (38046979),Jared Rhoden (38047408),John Collins (38046999),Jakob Poeltl (38047034),296.71578124999996,395.7721309182846,50000,89.79%,0,7.33%,0,122.95,$0.22,TOR 2,LAC 1,user18,43,marvalshot,11311,4662599778_18
Jamal Shead (38047196),AJ Lawson (38047276),Jayson Tatum (38046844),Naji Marshall (38046946),Brandon Clarke (38047251),Collin Sexton (38047052),Jamison Battle (38047427),Trae Young (38046855),300.30343750000003,394.2591688461397,49600,99.83%,1,71.18%,0,159.12,$2.14,TOR 3,BOS 1,user18,48,marvalshot,7879,4662599779_18
Trae Young (38046855),Jared Rhoden (38047408),Jamison Battle (38047427),Chris Boucher (38047411),Zach Edey (38047115),James Harden (38046852),John Collins (38046999),Ivica Zubac (38046915),294.0434375,392.31916884613963,49700,61.57%,0,-57.36%,0,121.72,$-1.72,TOR 3,LAC 2,user32,1,marvalshot,11346,4662599780_32
Shai Gilgeous-Alexander (38046841),Jared Butler (38047188),Jamison Battle (38047427),Naji Marshall (38046946),Zach Edey (38047115),Ja Morant (38046871),Vince Williams Jr. (38047307),Collin Sexton (38047052),291.58,390.78,50000,26.47%,0,-90.76%,0,131.93,$-2.72,MEM 3,OKC 1,user18,42,marvalshot,11366,4662599781_18
Jared Butler (38047188),AJ Lawson (38047276),Vince Williams Jr. (38047307),Miles Bridges (38046903),Onyeka Okongwu (38046977),Trae Young (38046855),John Collins (38046999),Andre Drummond (38047063),308.0072048611111,409.7720143016836,49900,100.00%,9904,190.95%,0,132.26,$5.73,PHI 2,ATL 2,user19,49,marvalshot,138,4662599772_19
Ja Morant (38046871),Jared Butler (38047188),Klay Thompson (38047011),Naji Marshall (38046946),Andre Drummond (38047063),Jared Rhoden (38047408),John Collins (38046999),Onyeka Okongwu (38046977),293.7779861111111,389.86071453725935,50000,56.99%,0,-61.93%,0,124.03999999999999,$-1.86,PHI 2,DAL 2,user19,48,marvalshot,11305,4662599773_19
Jared Butler (38047188),Jared Rhoden (38047408),Jayson Tatum (38046844),Chris Boucher (38047411),Jakob Poeltl (38047034),Jamal Shead (38047196),John Collins (38046999),Shai Gilgeous-Alexander (38046841),293.49,395.44,50000,53.80%,0,-72.51%,0,170.35999999999999,$-2.18,TOR 4,PHI 1,user19,50,marvalshot,6424,4662599774_19
Jamal Shead (38047196),Jared Rhoden (38047408),Jayson Tatum (38046844),Miles Bridges (38046903),Andre Drummond (38047063),Collin Sexton (38047052),Kessler Edwards (38047208),Naji Marshall (38046946),307.67578125000006,398.31213091828465,49800,100.00%,6841,174.03%,0,145.14,$5.22,TOR 2,DAL 2,user20,50,marvalshot,2761,4662599775_20
Jamal Shead (38047196),Jared Rhoden (38047408),Jaylen Brown (38046885),Miles Bridges (38046903),Jakob Poeltl (38047034),AJ Lawson (38047276),Naji Marshall (38046946),Onyeka Okongwu (38046977),308.26376736111115,397.69284545554405,49700,100.00%,8696,187.54%,0,161.99,$5.63,TOR 4,BOS 1,user19,50,marvalshot,1871,4662599776_19
Shai Gilgeous-Alexander (38046841),AJ Lawson (38047276),Naji Marshall (38046946),Chris Boucher (38047411),Andre Drummond (38047063),Jared Rhoden (38047408),John Collins (38046999),Ivica Zubac (38046915),292.72,389.27000000000004,49800,41.78%,0,-79.55%,0,158.71,$-2.39,TOR 3,OKC 1,user19,50,marvalshot,8726,4662599777_19
James Harden (38046852),Jared Butler (38047188),Vince Williams Jr. (38047307),Miles Bridges (38046903),Isaiah Hartenstein (38046979),Jared Rhoden (38047408),John Collins (38046999),Jakob Poeltl (38047034),296.71578124999996,395.7721309182846,50000,89.79%,0,7.33%,0,122.95,$0.22,TOR 2,LAC 1,user19,43,marvalshot,11311,4662599778_19
Jamal Shead (38047196),AJ Lawson (38047276),Jayson Tatum (38046844),Naji Marshall (38046946),Brandon Clarke (38047251),Collin Sexton (38047052),Jamison Battle (38047427),Trae Young (38046855),300.30343750000003,394.2591688461397,49600,99.83%,1,71.18%,0,159.12,$2.14,TOR 3,BOS 1,user19,48,marvalshot,7879,4662599779_19
Trae Young (38046855),Jared Rhoden (38047408),Jamison Battle (38047427),Chris Boucher (38047411),Alperen Sengun (38046862),Ja Morant (38046871),Royce O'Neale (38047325),Naji Marshall (38046946),294.0334375,389.2191688461396,49900,61.79%,0,-58.05%,0,157.95999999999998,$-1.74,TOR 3,ATL 1,user30,1,marvalshot,11345,4662599780_30
Shai Gilgeous-Alexander (38046841),Jared Butler (38047188),Jamison Battle (38047427),Naji Marshall (38046946),Zach Edey (38047115),Ja Morant (38046871),Vince Williams Jr. (38047307),Collin Sexton (38047052),291.58,390.78,50000,26.47%,0,-90.76%,0,131.93,$-2.72,MEM 3,OKC 1,user19,42,marvalshot,11366,4662599781_19
Jared Butler (38047188),AJ Lawson (38047276),Vince Williams Jr. (38047307),Miles Bridges (38046903),Onyeka Okongwu (38046977),Trae Young (38046855),John Collins (38046999),Andre Drummond (38047063),308.0072048611111,409.7720143016836,49900,100.00%,9904,190.95%,0,132.26,$5.73,PHI 2,ATL 2,user20,49,marvalshot,138,4662599772_20
Ja Morant (38046871),Jared Butler (38047188),Klay Thompson (38047011),Naji Marshall (38046946),Andre Drummond (38047063),Jared Rhoden (38047408),John Collins (38046999),Onyeka Okongwu (38046977),293.7779861111111,389.86071453725935,50000,56.99%,0,-61.93%,0,124.03999999999999,$-1.86,PHI 2,DAL 2,user20,48,marvalshot,11305,4662599773_20
Jared Butler (38047188),Jared Rhoden (38047408),Jayson Tatum (38046844),Chris Boucher (38047411),Jakob Poeltl (38047034),Jamal Shead (38047196),John Collins (38046999),Shai Gilgeous-Alexander (38046841),293.49,395.44,50000,53.80%,0,-72.51%,0,170.35999999999999,$-2.18,TOR 4,PHI 1,user20,50,marvalshot,6424,4662599774_20
Jamal Shead (38047196),Jared Rhoden (38047408),Jayson Tatum (38046844),Miles Bridges (38046903),Andre Drummond (38047063),Collin Sexton (38047052),Kessler Edwards (38047208),Naji Marshall (38046946),307.67578125000006,398.31213091828465,49800,100.00%,6841,174.03%,0,145.14,$5.22,TOR 2,DAL 2,user21,50,marvalshot,2761,4662599775_21
Jamal Shead (38047196),Jared Rhoden (38047408),Jaylen Brown (38046885),Miles Bridges (38046903),Jakob Poeltl (38047034),AJ Lawson (38047276),Naji Marshall (38046946),Onyeka Okongwu (38046977),308.26376736111115,397.69284545554405,49700,100.00%,8696,187.54%,0,161.99,$5.63,TOR 4,BOS 1,user20,50,marvalshot,1871,4662599776_20
Shai Gilgeous-Alexander (38046841),AJ Lawson (38047276),Naji Marshall (38046946),Chris Boucher (38047411),Andre Drummond (38047063),Jared Rhoden (38047408),John Collins (38046999),Ivica Zubac (38046915),292.72,389.27000000000004,49800,41.78%,0,-79.55%,0,158.71,$-2.39,TOR 3,OKC 1,user20,50,marvalshot,8726,4662599777_20
James Harden (38046852),Jared Butler (38047188),Vince Williams Jr. (38047307),Miles Bridges (38046903),Isaiah Hartenstein (38046979),Jared Rhoden (38047408),John Collins (38046999),Jakob Poeltl (38047034),296.71578124999996,395.7721309182846,50000,89.79%,0,7.33%,0,122.95,$0.22,TOR 2,LAC 1,user20,43,marvalshot,11311,4662599778_20
Jamal Shead (38047196),AJ Lawson (38047276),Jayson Tatum (38046844),Naji Marshall (38046946),Brandon Clarke (38047251),Collin Sexton (38047052),Jamison Battle (38047427),Trae Young (38046855),300.30343750000003,394.2591688461397,49600,99.83%,1,71.18%,0,159.12,$2.14,TOR 3,BOS 1,user20,48,marvalshot,7879,4662599779_20
Trae Young (38046855),Jared Rhoden (38047408),Jamison Battle (38047427),Chris Boucher (38047411),Ivica Zubac (38046915),Ja Morant (38046871),Naji Marshall (38046946),Gregory Jackson (38047243),294.0034375,388.3991688461397,49100,61.03%,0,-58.89%,0,140.67000000000002,$-1.77,TOR 3,MEM 2,user2,1,marvalshot,11317,4662599780_2
Shai Gilgeous-Alexander (38046841),Jared Butler (38047188),Jamison Battle (38047427),Naji Marshall (38046946),Zach Edey (38047115),Ja Morant (38046871),Vince Williams Jr. (38047307),Collin Sexton (38047052),291.58,390.78,50000,26.47%,0,-90.76%,0,131.93,$-2.72,MEM 3,OKC 1,user20,42,marvalshot,11366,4662599781_20
Jared Butler (38047188),AJ Lawson (38047276),Vince Williams Jr. (38047307),Miles Bridges (38046903),Onyeka Okongwu (38046977),Trae Young (38046855),John Collins (38046999),Andre Drummond (38047063),308.0072048611111,409.7720143016836,49900,100.00%,9904,190.95%,0,132.26,$5.73,PHI 2,ATL 2,user21,49,marvalshot,138,4662599772_21
Ja Morant (38046871),Jared Butler (38047188),Klay Thompson (38047011),Naji Marshall (38046946),Andre Drummond (38047063),Jared Rhoden (38047408),John Collins (38046999),Onyeka Okongwu (38046977),293.7779861111111,389.86071453725935,50000,56.99%,0,-61.93%,0,124.03999999999999,$-1.86,PHI 2,DAL 2,user21,48,marvalshot,11305,4662599773_21
Jared Butler (38047188),Jared Rhoden (38047408),Jayson Tatum (38046844),Chris Boucher (38047411),Jakob Poeltl (38047034),Jamal Shead (38047196),John Collins (38046999),Shai Gilgeous-Alexander (38046841),293.49,395.44,50000,53.80%,0,-72.51%,0,170.35999999999999,$-2.18,TOR 4,PHI 1,user21,50,marvalshot,6424,4662599774_21
Jamal Shead (38047196),Jared Rhoden (38047408),Jayson Tatum (38046844),Miles Bridges (38046903),Andre Drummond (38047063),Collin Sexton (38047052),Kessler Edwards (38047208),Naji Marshall (38046946),307.67578125000006,398.31213091828465,49800,100.00%,6841,174.03%,0,145.14,$5.22,TOR 2,DAL 2,user22,50,marvalshot,2761,4662599775_22
Jamal Shead (38047196),Jared Rhoden (38047408),Jaylen Brown (38046885),Miles Bridges (38046903),Jakob Poeltl (38047034),AJ Lawson (38047276),Naji Marshall (38046946),Onyeka Okongwu (38046977),308.26376736111115,397.69284545554405,49700,100.00%,8696,187.54%,0,161.99,$5.63,TOR 4,BOS 1,user21,50,marvalshot,1871,4662599776_21
Shai Gilgeous-Alexander (38046841),AJ Lawson (38047276),Naji Marshall (38046946),Chris Boucher (38047411),Andre Drummond (38047063),Jared Rhoden (38047408),John Collins (38046999),Ivica Zubac (38046915),292.72,389.27000000000004,49800,41.78%,0,-79.55%,0,158.71,$-2.39,TOR 3,OKC 1,user21,50,marvalshot,8726,4662599777_21
James Harden (38046852),Jared Butler (38047188),Vince Williams Jr. (38047307),Miles Bridges (38046903),Isaiah Hartenstein (38046979),Jared Rhoden (38047408),John Collins (38046999),Jakob Poeltl (38047034),296.71578124999996,395.7721309182846,50000,89.79%,0,7.33%,0,122.95,$0.22,TOR 2,LAC 1,user21,43,marvalshot,11311,4662599778_21
Jamal Shead (38047196),AJ Lawson (38047276),Jayson Tatum (38046844),Naji Marshall (38046946),Brandon Clarke (38047251),Collin Sexton (38047052),Jamison Battle (38047427),Trae Young (38046855),300.30343750000003,394.2591688461397,49600,99.83%,1,71.18%,0,159.12,$2.14,TOR 3,BOS 1,user21,48,marvalshot,7879,4662599779_21
Trae Young (38046855),Jared Rhoden (38047408),Jamison Battle (38047427),Chris Boucher (38047411),Ivica Zubac (38046915),Ja Morant (38046871),Naji Marshall (38046946),Brandon Williams (38047160),293.91343750000004,389.3191688461397,49400,59.86%,0,-60.0%,0,131.99,$-1.8,TOR 3,DAL 2,user47,1,marvalshot,11362,4662599780_47
Shai Gilgeous-Alexander (38046841),Jared Butler (38047188),Jamison Battle (38047427),Naji Marshall (38046946),Zach Edey (38047115),Ja Morant (38046871),Vince Williams Jr. (38047307),Collin Sexton (38047052),291.58,390.78,50000,26.47%,0,-90.76%,0,131.93,$-2.72,MEM 3,OKC 1,user21,42,marvalshot,11366,4662599781_21
Jared Butler (38047188),AJ Lawson (38047276),Vince Williams Jr. (38047307),Miles Bridges (38046903),Onyeka Okongwu (38046977),Trae Young (38046855),John Collins (38046999),Andre Drummond (38047063),308.0072048611111,409.7720143016836,49900,100.00%,9904,190.95%,0,132.26,$5.73,PHI 2,ATL 2,user22,49,marvalshot,138,4662599772_22
Ja Morant (38046871),Jared Butler (38047188),Klay Thompson (38047011),Naji Marshall (38046946),Andre Drummond (38047063),Jared Rhoden (38047408),John Collins (38046999),Onyeka Okongwu (38046977),293.7779861111111,389.86071453725935,50000,56.99%,0,-61.93%,0,124.03999999999999,$-1.86,PHI 2,DAL 2,user22,48,marvalshot,11305,4662599773_22
Jared Butler (38047188),Jared Rhoden (38047408),Jayson Tatum (38046844),Chris Boucher (38047411),Jakob Poeltl (38047034),Jamal Shead (38047196),John Collins (38046999),Shai Gilgeous-Alexander (38046841),293.49,395.44,50000,53.80%,0,-72.51%,0,170.35999999999999,$-2.18,TOR 4,PHI 1,user22,50,marvalshot,6424,4662599774_22
Jamal Shead (38047196),Jared Rhoden (38047408),Jayson Tatum (38046844),Miles Bridges (38046903),Andre Drummond (38047063),Collin Sexton (38047052),Kessler Edwards (38047208),Naji Marshall (38046946),307.67578125000006,398.31213091828465,49800,100.00%,6841,174.03%,0,145.14,$5.22,TOR 2,DAL 2,user23,50,marvalshot,2761,4662599775_23
Jamal Shead (38047196),Jared Rhoden (38047408),Jaylen Brown (38046885),Miles Bridges (38046903),Jakob Poeltl (38047034),AJ Lawson (38047276),Naji Marshall (38046946),Onyeka Okongwu (38046977),308.26376736111115,397.69284545554405,49700,100.00%,8696,187.54%,0,161.99,$5.63,TOR 4,BOS 1,user22,50,marvalshot,1871,4662599776_22
Shai Gilgeous-Alexander (38046841),AJ Lawson (38047276),Naji Marshall (38046946),Chris Boucher (38047411),Andre Drummond (38047063),Jared Rhoden (38047408),John Collins (38046999),Ivica Zubac (38046915),292.72,389.27000000000004,49800,41.78%,0,-79.55%,0,158.71,$-2.39,TOR 3,OKC 1,user22,50,marvalshot,8726,4662599777_22
James Harden (38046852),Jared Butler (38047188),Vince Williams Jr. (38047307),Miles Bridges (38046903),Isaiah Hartenstein (38046979),Jared Rhoden (38047408),John Collins (38046999),Jakob Poeltl (38047034),296.71578124999996,395.7721309182846,50000,89.79%,0,7.33%,0,122.95,$0.22,TOR 2,LAC 1,user22,43,marvalshot,11311,4662599778_22
Jamal Shead (38047196),AJ Lawson (38047276),Jayson Tatum (38046844),Naji Marshall (38046946),Brandon Clarke (38047251),Collin Sexton (38047052),Jamison Battle (38047427),Trae Young (38046855),300.30343750000003,394.2591688461397,49600,99.83%,1,71.18%,0,159.12,$2.14,TOR 3,BOS 1,user22,48,marvalshot,7879,4662599779_22
Trae Young (38046855),Jared Rhoden (38047408),Jamison Battle (38047427),Chris Boucher (38047411),Alperen Sengun (38046862),Collin Sexton (38047052),John Collins (38046999),Desmond Bane (38046917),293.5834375,394.40916884613966,49900,54.89%,0,-65.74%,0,130.38,$-1.97,TOR 3,UTA 2,user18,1,marvalshot,11333,4662599780_18
Shai Gilgeous-Alexander (38046841),Jared Butler (38047188),Jamison Battle (38047427),Naji Marshall (38046946),Zach Edey (38047115),Ja Morant (38046871),Vince Williams Jr. (38047307),Collin Sexton (38047052),291.58,390.78,50000,26.47%,0,-90.76%,0,131.93,$-2.72,MEM 3,OKC 1,user22,42,marvalshot,11366,4662599781_22
Jared Butler (38047188),AJ Lawson (38047276),Vince Williams Jr. (38047307),Miles Bridges (38046903),Onyeka Okongwu (38046977),Trae Young (38046855),John Collins (38046999),Andre Drummond (38047063),308.0072048611111,409.7720143016836,49900,100.00%,9904,190.95%,0,132.26,$5.73,PHI 2,ATL 2,user23,49,marvalshot,138,4662599772_23
Ja Morant (38046871),Jared Butler (38047188),Klay Thompson (38047011),Naji Marshall (38046946),Andre Drummond (38047063),Jared Rhoden (38047408),John Collins (38046999),Onyeka Okongwu (38046977),293.7779861111111,389.86071453725935,50000,56.99%,0,-61.93%,0,124.03999999999999,$-1.86,PHI 2,DAL 2,user23,48,marvalshot,11305,4662599773_23
Jared Butler (38047188),Jared Rhoden (38047408),Jayson Tatum (38046844),Chris Boucher (38047411),Jakob Poeltl (38047034),Jamal Shead (38047196),John Collins (38046999),Shai Gilgeous-Alexander (38046841),293.49,395.44,50000,53.80%,0,-72.51%,0,170.35999999999999,$-2.18,TOR 4,PHI 1,user23,50,marvalshot,6424,4662599774_23
Jamal Shead (38047196),Jared Rhoden (38047408),Jayson Tatum (38046844),Miles Bridges (38046903),Andre Drummond (38047063),Collin Sexton (38047052),Kessler Edwards (38047208),Naji Marshall (38046946),307.67578125000006,398.31213091828465,49800,100.00%,6841,174.03%,0,145.14,$5.22,TOR 2,DAL 2,user24,50,marvalshot,2761,4662599775_24
Jamal Shead (38047196),Jared Rhoden (38047408),Jaylen Brown (38046885),Miles Bridges (38046903),Jakob Poeltl (38047034),AJ Lawson (38047276),Naji Marshall (38046946),Onyeka Okongwu (38046977),308.26376736111115,397.69284545554405,49700,100.00%,8696,187.54%,0,161.99,$5.63,TOR 4,BOS 1,user23,50,marvalshot,1871,4662599776_23
Shai Gilgeous-Alexander (38046841),AJ Lawson (38047276),Naji Marshall (38046946),Chris Boucher (38047411),Andre Drummond (38047063),Jared Rhoden (38047408),John Collins (38046999),Ivica Zubac (38046915),292.72,389.27000000000004,49800,41.78%,0,-79.55%,0,158.71,$-2.39,TOR 3,OKC 1,user23,50,marvalshot,8726,4662599777_23
James Harden (38046852),Jared Butler (38047188),Vince Williams Jr. (38047307),Miles Bridges (38046903),Isaiah Hartenstein (38046979),Jared Rhoden (38047408),John Collins (38046999),Jakob Poeltl (38047034),296.71578124999996,395.7721309182846,50000,89.79%,0,7.33%,0,122.95,$0.22,TOR 2,LAC 1,user23,43,marvalshot,11311,4662599778_23
Jamal Shead (38047196),AJ Lawson (38047276),Jayson Tatum (38046844),Naji Marshall (38046946),Brandon Clarke (38047251),Collin Sexton (38047052),Jamison Battle (38047427),Trae Young (38046855),300.30343750000003,394.2591688461397,49600,99.83%,1,71.18%,0,159.12,$2.14,TOR 3,BOS 1,user23,48,marvalshot,7879,4662599779_23
Trae Young (38046855),Jared Rhoden (38047408),Jamison Battle (38047427),Chris Boucher (38047411),Ivica Zubac (38046915),Desmond Bane (38046917),Kessler Edwards (38047208),Ja Morant (38046871),293.54343750000004,389.24916884613964,50000,54.04%,0,-66.22%,0,116.78,$-1.99,TOR 3,MEM 2,user8,1,marvalshot,11323,4662599780_8
Shai Gilgeous-Alexander (38046841),Jared Butler (38047188),Jamison Battle (38047427),Naji Marshall (38046946),Zach Edey (38047115),Ja Morant (38046871),Vince Williams Jr. (38047307),Collin Sexton (38047052),291.58,390.78,50000,26.47%,0,-90.76%,0,131.93,$-2.72,MEM 3,OKC 1,user23,42,marvalshot,11366,4662599781_23
Jared Butler (38047188),AJ Lawson (38047276),Vince Williams Jr. (38047307),Miles Bridges (38046903),Onyeka Okongwu (38046977),Trae Young (38046855),John Collins (38046999),Andre Drummond (38047063),308.0072048611111,409.7720143016836,49900,100.00%,9904,190.95%,0,132.26,$5.73,PHI 2,ATL 2,user24,49,marvalshot,138,4662599772_24
Ja Morant (38046871),Jared Butler (38047188),Klay Thompson (38047011),Naji Marshall (38046946),Andre Drummond (38047063),Jared Rhoden (38047408),John Collins (38046999),Onyeka Okongwu (38046977),293.7779861111111,389.86071453725935,50000,56.99%,0,-61.93%,0,124.03999999999999,$-1.86,PHI 2,DAL 2,user24,48,marvalshot,11305,4662599773_24
Jared Butler (38047188),Jared Rhoden (38047408),Jayson Tatum (38046844),Chris Boucher (38047411),Jakob Poeltl (38047034),Jamal Shead (38047196),John Collins (38046999),Shai Gilgeous-Alexander (38046841),293.49,395.44,50000,53.80%,0,-72.51%,0,170.35999999999999,$-2.18,TOR 4,PHI 1,user24,50,marvalshot,6424,4662599774_24
Jamal Shead (38047196),Jared Rhoden (38047408),Jayson Tatum (38046844),Miles Bridges (38046903),Andre Drummond (38047063),Collin Sexton (38047052),Kessler Edwards (38047208),Naji Marshall (38046946),307.67578125000006,398.31213091828465,49800,100.00%,6841,174.03%,0,145.14,$5.22,TOR 2,DAL 2,user25,50,marvalshot,2761,4662599775_25
Jamal Shead (38047196),Jared Rhoden (38047408),Jaylen Brown (38046885),Miles Bridges (38046903),Jakob Poeltl (38047034),AJ Lawson (38047276),Naji Marshall (38046946),Onyeka Okongwu (38046977),308.26376736111115,397.69284545554405,49700,100.00%,8696,187.54%,0,161.99,$5.63,TOR 4,BOS 1,user24,50,marvalshot,1871,4662599776_24
Shai Gilgeous-Alexander (38046841),AJ Lawson (38047276),Naji Marshall (38046946),Chris Boucher (38047411),Andre Drummond (38047063),Jared Rhoden (38047408),John Collins (38046999),Ivica Zubac (38046915),292.72,389.27000000000004,49800,41.78%,0,-79.55%,0,158.71,$-2.39,TOR 3,OKC 1,user24,50,marvalshot,8726,4662599777_24
James Harden (38046852),Jared Butler (38047188),Vince Williams Jr. (38047307),Miles Bridges (38046903),Isaiah Hartenstein (38046979),Jared Rhoden (38047408),John Collins (38046999),Jakob Poeltl (38047034),296.71578124999996,395.7721309182846,50000,89.79%,0,7.33%,0,122.95,$0.22,TOR 2,LAC 1,user24,43,marvalshot,11311,4662599778_24
Jamal Shead (38047196),AJ Lawson (38047276),Jayson Tatum (38046844),Naji Marshall (38046946),Brandon Clarke (38047251),Collin Sexton (38047052),Jamison Battle (38047427),Trae Young (38046855),300.30343750000003,394.2591688461397,49600,99.83%,1,71.18%,0,159.12,$2.14,TOR 3,BOS 1,user24,48,marvalshot,7879,4662599779_24
Trae Young (38046855),Jared Rhoden (38047408),Jamison Battle (38047427),Chris Boucher (38047411),John Collins (38046999),Jalen Green (38046964),Naji Marshall (38046946),Ivica Zubac (38046915),293.5734375,385.72916884613966,49400,54.41%,0,-67.28%,0,134.44,$-2.02,TOR 3,ATL 1,user31,1,marvalshot,11347,4662599780_31
Shai Gilgeous-Alexander (38046841),Jared Butler (38047188),Jamison Battle (38047427),Naji Marshall (38046946),Zach Edey (38047115),Ja Morant (38046871),Vince Williams Jr. (38047307),Collin Sexton (38047052),291.58,390.78,50000,26.47%,0,-90.76%,0,131.93,$-2.72,MEM 3,OKC 1,user24,42,marvalshot,11366,4662599781_24
Jared Butler (38047188),AJ Lawson (38047276),Vince Williams Jr. (38047307),Miles Bridges (38046903),Onyeka Okongwu (38046977),Trae Young (38046855),John Collins (38046999),Andre Drummond (38047063),308.0072048611111,409.7720143016836,49900,100.00%,9904,190.95%,0,132.26,$5.73,PHI 2,ATL 2,user25,49,marvalshot,138,4662599772_25
Ja Morant (38046871),Jared Butler (38047188),Klay Thompson (38047011),Naji Marshall (38046946),Andre Drummond (38047063),Jared Rhoden (38047408),John Collins (38046999),Onyeka Okongwu (38046977),293.7779861111111,389.86071453725935,50000,56.99%,0,-61.93%,0,124.03999999999999,$-1.86,PHI 2,DAL 2,user25,48,marvalshot,11305,4662599773_25
Jared Butler (38047188),Jared Rhoden (38047408),Jayson Tatum (38046844),Chris Boucher (38047411),Jakob Poeltl (38047034),Jamal Shead (38047196),John Collins (38046999),Shai Gilgeous-Alexander (38046841),293.49,395.44,50000,53.80%,0,-72.51%,0,170.35999999999999,$-2.18,TOR 4,PHI 1,user25,50,marvalshot,6424,4662599774_25
Jamal Shead (38047196),Jared Rhoden (38047408),Jayson Tatum (38046844),Miles Bridges (38046903),Andre Drummond (38047063),Collin Sexton (38047052),Kessler Edwards (38047208),Naji Marshall (38046946),307.67578125000006,398.31213091828465,49800,100.00%,6841,174.03%,0,145.14,$5.22,TOR 2,DAL 2,user26,50,marvalshot,2761,4662599775_26
Jamal Shead (38047196),Jared Rhoden (38047408),Jaylen Brown (38046885),Miles Bridges (38046903),Jakob Poeltl (38047034),AJ Lawson (38047276),Naji Marshall (38046946),Onyeka Okongwu (38046977),308.26376736111115,397.69284545554405,49700,100.00%,8696,187.54%,0,161.99,$5.63,TOR 4,BOS 1,user25,50,marvalshot,1871,4662599776_25
Shai Gilgeous-Alexander (38046841),AJ Lawson (38047276),Naji Marshall (38046946),Chris Boucher (38047411),Andre Drummond (38047063),Jared Rhoden (38047408),John Collins (38046999),Ivica Zubac (38046915),292.72,389.27000000000004,49800,41.78%,0,-79.55%,0,158.71,$-2.39,TOR 3,OKC 1,user25,50,marvalshot,8726,4662599777_25
James Harden (38046852),Jared Butler (38047188),Vince Williams Jr. (38047307),Miles Bridges (38046903),Isaiah Hartenstein (38046979),Jared Rhoden (38047408),John Collins (38046999),Jakob Poeltl (38047034),296.71578124999996,395.7721309182846,50000,89.79%,0,7.33%,0,122.95,$0.22,TOR 2,LAC 1,user25,43,marvalshot,11311,4662599778_25
Jamal Shead (38047196),AJ Lawson (38047276),Jayson Tatum (38046844),Naji Marshall (38046946),Brandon Clarke (38047251),Collin Sexton (38047052),Jamison Battle (38047427),Trae Young (38046855),300.30343750000003,394.2591688461397,49600,99.83%,1,71.18%,0,159.12,$2.14,TOR 3,BOS 1,user25,48,marvalshot,7879,4662599779_25
Trae Young (38046855),Jared Rhoden (38047408),Jamison Battle (38047427),Chris Boucher (38047411),Alperen Sengun (38046862),Vince Williams Jr. (38047307),Naji Marshall (38046946),Ja Morant (38046871),293.4234375,391.9691688461396,50000,52.49%,0,-69.89%,0,148.0,$-2.1,TOR 3,MEM 2,user43,1,marvalshot,11358,4662599780_43
Shai Gilgeous-Alexander (38046841),Jared Butler (38047188),Jamison Battle (38047427),Naji Marshall (38046946),Zach Edey (38047115),Ja Morant (38046871),Vince Williams Jr. (38047307),Collin Sexton (38047052),291.58,390.78,50000,26.47%,0,-90.76%,0,131.93,$-2.72,MEM 3,OKC 1,user25,42,marvalshot,11366,4662599781_25
Jared Butler (38047188),AJ Lawson (38047276),Vince Williams Jr. (38047307),Miles Bridges (38046903),Onyeka Okongwu (38046977),Trae Young (38046855),John Collins (38046999),Andre Drummond (38047063),308.0072048611111,409.7720143016836,49900,100.00%,9904,190.95%,0,132.26,$5.73,PHI 2,ATL 2,user26,49,marvalshot,138,4662599772_26
Ja Morant (38046871),Jared Butler (38047188),Klay Thompson (38047011),Naji Marshall (38046946),Andre Drummond (38047063),Jared Rhoden (38047408),John Collins (38046999),Onyeka Okongwu (38046977),293.7779861111111,389.86071453725935,50000,56.99%,0,-61.93%,0,124.03999999999999,$-1.86,PHI 2,DAL 2,user26,48,marvalshot,11305,4662599773_26
Jared Butler (38047188),Jared Rhoden (38047408),Jayson Tatum (38046844),Chris Boucher (38047411),Jakob Poeltl (38047034),Jamal Shead (38047196),John Collins (38046999),Shai Gilgeous-Alexander (38046841),293.49,395.44,50000,53.80%,0,-72.51%,0,170.35999999999999,$-2.18,TOR 4,PHI 1,user26,50,marvalshot,6424,4662599774_26
Jamal Shead (38047196),Jared Rhoden (38047408),Jayson Tatum (38046844),Miles Bridges (38046903),Andre Drummond (38047063),Collin Sexton (38047052),Kessler Edwards (38047208),Naji Marshall (38046946),307.67578125000006,398.31213091828465,49800,100.00%,6841,174.03%,0,145.14,$5.22,TOR 2,DAL 2,user27,50,marvalshot,2761,4662599775_27
Jamal Shead (38047196),Jared Rhoden (38047408),Jaylen Brown (38046885),Miles Bridges (38046903),Jakob Poeltl (38047034),AJ Lawson (38047276),Naji Marshall (38046946),Onyeka Okongwu (38046977),308.26376736111115,397.69284545554405,49700,100.00%,8696,187.54%,0,161.99,$5.63,TOR 4,BOS 1,user26,50,marvalshot,1871,4662599776_26
Shai Gilgeous-Alexander (38046841),AJ Lawson (38047276),Naji Marshall (38046946),Chris Boucher (38047411),Andre Drummond (38047063),Jared Rhoden (38047408),John Collins (38046999),Ivica Zubac (38046915),292.72,389.27000000000004,49800,41.78%,0,-79.55%,0,158.71,$-2.39,TOR 3,OKC 1,user26,50,marvalshot,8726,4662599777_26
James Harden (38046852),Jared Butler (38047188),Vince Williams Jr. (38047307),Miles Bridges (38046903),Isaiah Hartenstein (38046979),Jared Rhoden (38047408),John Collins (38046999),Jakob Poeltl (38047034),296.71578124999996,395.7721309182846,50000,89.79%,0,7.33%,0,122.95,$0.22,TOR 2,LAC 1,user26,43,marvalshot,11311,4662599778_26
Jamal Shead (38047196),AJ Lawson (38047276),Jayson Tatum (38046844),Naji Marshall (38046946),Brandon Clarke (38047251),Collin Sexton (38047052),Jamison Battle (38047427),Trae Young (38046855),300.30343750000003,394.2591688461397,49600,99.83%,1,71.18%,0,159.12,$2.14,TOR 3,BOS 1,user26,48,marvalshot,7879,4662599779_26
Trae Young (38046855),Jared Rhoden (38047408),Jamison Battle (38047427),Chris Boucher (38047411),Kessler Edwards (38047208),Desmond Bane (38046917),Naji Marshall (38046946),James Harden (38046852),293.3234375,383.90916884613966,50000,51.36%,0,-70.96%,0,131.62,$-2.13,TOR 3,DAL 2,user23,1,marvalshot,11338,4662599780_23
Shai Gilgeous-Alexander (38046841),Jared Butler (38047188),Jamison Battle (38047427),Naji Marshall (38046946),Zach Edey (38047115),Ja Morant (38046871),Vince Williams Jr. (38047307),Collin Sexton (38047052),291.58,390.78,50000,26.47%,0,-90.76%,0,131.93,$-2.72,MEM 3,OKC 1,user26,42,marvalshot,11366,4662599781_26
Jared Butler (38047188),AJ Lawson (38047276),Vince Williams Jr. (38047307),Miles Bridges (38046903),Onyeka Okongwu (38046977),Trae Young (38046855),John Collins (38046999),Andre Drummond (38047063),308.0072048611111,409.7720143016836,49900,100.00%,9904,190.95%,0,132.26,$5.73,PHI 2,ATL 2,user27,49,marvalshot,138,4662599772_27
Ja Morant (38046871),Jared Butler (38047188),Klay Thompson (38047011),Naji Marshall (38046946),Andre Drummond (38047063),Jared Rhoden (38047408),John Collins (38046999),Onyeka Okongwu (38046977),293.7779861111111,389.86071453725935,50000,56.99%,0,-61.93%,0,124.03999999999999,$-1.86,PHI 2,DAL 2,user27,48,marvalshot,11305,4662599773_27
Jared Butler (38047188),Jared Rhoden (38047408),Jayson Tatum (38046844),Chris Boucher (38047411),Jakob Poeltl (38047034),Jamal Shead (38047196),John Collins (38046999),Shai Gilgeous-Alexander (38046841),293.49,395.44,50000,53.80%,0,-72.51%,0,170.35999999999999,$-2.18,TOR 4,PHI 1,user27,50,marvalshot,6424,4662599774_27
Jamal Shead (38047196),Jared Rhoden (38047408),Jayson Tatum (38046844),Miles Bridges (38046903),Andre Drummond (38047063),Collin Sexton (38047052),Kessler Edwards (38047208),Naji Marshall (38046946),307.67578125000006,398.31213091828465,49800,100.00%,6841,174.03%,0,145.14,$5.22,TOR 2,DAL 2,user28,50,marvalshot,2761,4662599775_28
Jamal Shead (38047196),Jared Rhoden (38047408),Jaylen Brown (38046885),Miles Bridges (38046903),Jakob Poeltl (38047034),AJ Lawson (38047276),Naji Marshall (38046946),Onyeka Okongwu (38046977),308.26376736111115,397.69284545554405,49700,100.00%,8696,187.54%,0,161.99,$5.63,TOR 4,BOS 1,user27,50,marvalshot,1871,4662599776_27
Shai Gilgeous-Alexander (38046841),AJ Lawson (38047276),Naji Marshall (38046946),Chris Boucher (38047411),Andre Drummond (38047063),Jared Rhoden (38047408),John Collins (38046999),Ivica Zubac (38046915),292.72,389.27000000000004,49800,41.78%,0,-79.55%,0,158.71,$-2.39,TOR 3,OKC 1,user27,50,marvalshot,8726,4662599777_27
James Harden (38046852),Jared Butler (38047188),Vince Williams Jr. (38047307),Miles Bridges (38046903),Isaiah Hartenstein (38046979),Jared Rhoden (38047408),John Collins (38046999),Jakob Poeltl (38047034),296.71578124999996,395.7721309182846,50000,89.79%,0,7.33%,0,122.95,$0.22,TOR 2,LAC 1,user27,43,marvalshot,11311,4662599778_27
Jamal Shead (38047196),AJ Lawson (38047276),Jayson Tatum (38046844),Naji Marshall (38046946),Brandon Clarke (38047251),Collin Sexton (38047052),Jamison Battle (38047427),Trae Young (38046855),300.30343750000003,394.2591688461397,49600,99.83%,1,71.18%,0,159.12,$2.14,TOR 3,BOS 1,user27,48,marvalshot,7879,4662599779_27
Trae Young (38046855),Jared Rhoden (38047408),Jamison Battle (38047427),Chris Boucher (38047411),Alperen Sengun (38046862),Vince Williams Jr. (38047307),Naji Marshall (38046946),Ivica Zubac (38046915),293.2134375,387.5791688461396,49100,49.20%,0,-73.29%,0,149.41,$-2.2,TOR 3,ATL 1,user13,1,marvalshot,11328,4662599780_13
Shai Gilgeous-Alexander (38046841),Jared Butler (38047188),Jamison Battle (38047427),Naji Marshall (38046946),Zach Edey (38047115),Ja Morant (38046871),Vince Williams Jr. (38047307),Collin Sexton (38047052),291.58,390.78,50000,26.47%,0,-90.76%,0,131.93,$-2.72,MEM 3,OKC 1,user27,42,marvalshot,11366,4662599781_27
Jared Butler (38047188),AJ Lawson (38047276),Vince Williams Jr. (38047307),Miles Bridges (38046903),Onyeka Okongwu (38046977),Trae Young (38046855),John Collins (38046999),Andre Drummond (38047063),308.0072048611111,409.7720143016836,49900,100.00%,9904,190.95%,0,132.26,$5.73,PHI 2,ATL 2,user28,49,marvalshot,138,4662599772_28
Ja Morant (38046871),Jared Butler (38047188),Klay Thompson (38047011),Naji Marshall (38046946),Andre Drummond (38047063),Jared Rhoden (38047408),John Collins (38046999),Onyeka Okongwu (38046977),293.7779861111111,389.86071453725935,50000,56.99%,0,-61.93%,0,124.03999999999999,$-1.86,PHI 2,DAL 2,user28,48,marvalshot,11305,4662599773_28
Jared Butler (38047188),Jared Rhoden (38047408),Jayson Tatum (38046844),Chris Boucher (38047411),Jakob Poeltl (38047034),Jamal Shead (38047196),John Collins (38046999),Shai Gilgeous-Alexander (38046841),293.49,395.44,50000,53.80%,0,-72.51%,0,170.35999999999999,$-2.18,TOR 4,PHI 1,user28,50,marvalshot,6424,4662599774_28
Jamal Shead (38047196),Jared Rhoden (38047408),Jayson Tatum (38046844),Miles Bridges (38046903),Andre Drummond (38047063),Collin Sexton (38047052),Kessler Edwards (38047208),Naji Marshall (38046946),307.67578125000006,398.31213091828465,49800,100.00%,6841,174.03%,0,145.14,$5.22,TOR 2,DAL 2,user29,50,marvalshot,2761,4662599775_29
Jamal Shead (38047196),Jared Rhoden (38047408),Jaylen Brown (38046885),Miles Bridges (38046903),Jakob Poeltl (38047034),AJ Lawson (38047276),Naji Marshall (38046946),Onyeka Okongwu (38046977),308.26376736111115,397.69284545554405,49700,100.00%,8696,187.54%,0,161.99,$5.63,TOR 4,BOS 1,user28,50,marvalshot,1871,4662599776_28
Shai Gilgeous-Alexander (38046841),AJ Lawson (38047276),Naji Marshall (38046946),Chris Boucher (38047411),Andre Drummond (38047063),Jared Rhoden (38047408),John Collins (38046999),Ivica Zubac (38046915),292.72,389.27000000000004,49800,41.78%,0,-79.55%,0,158.71,$-2.39,TOR 3,OKC 1,user28,50,marvalshot,8726,4662599777_28
James Harden (38046852),Jared Butler (38047188),Vince Williams Jr. (38047307),Miles Bridges (38046903),Isaiah Hartenstein (38046979),Jared Rhoden (38047408),John Collins (38046999),Jakob Poeltl (38047034),296.71578124999996,395.7721309182846,50000,89.79%,0,7.33%,0,122.95,$0.22,TOR 2,LAC 1,user28,43,marvalshot,11311,4662599778_28
Jamal Shead (38047196),AJ Lawson (38047276),Jayson Tatum (38046844),Naji Marshall (38046946),Brandon Clarke (38047251),Collin Sexton (38047052),Jamison Battle (38047427),Trae Young (38046855),300.30343750000003,394.2591688461397,49600,99.83%,1,71.18%,0,159.12,$2.14,TOR 3,BOS 1,user28,48,marvalshot,7879,4662599779_28
Trae Young (38046855),Jared Rhoden (38047408),Jamison Battle (38047427),Chris Boucher (38047411),Mason Plumlee (38047398),Ja Morant (38046871),Naji Marshall (38046946),Alperen Sengun (38046862),293.1734375,391.3491688461396,49600,48.63%,0,-73.74%,0,142.26,$-2.21,TOR 3,ATL 1,user29,1,marvalshot,11344,4662599780_29
Shai Gilgeous-Alexander (38046841),Jared Butler (38047188),Jamison Battle (38047427),Naji Marshall (38046946),Zach Edey (38047115),Ja Morant (38046871),Vince Williams Jr. (38047307),Collin Sexton (38047052),291.58,390.78,50000,26.47%,0,-90.76%,0,131.93,$-2.72,MEM 3,OKC 1,user28,42,marvalshot,11366,4662599781_28
Jared Butler (38047188),AJ Lawson (38047276),Vince Williams Jr. (38047307),Miles Bridges (38046903),Onyeka Okongwu (38046977),Trae Young (38046855),John Collins (38046999),Andre Drummond (38047063),308.0072048611111,409.7720143016836,49900,100.00%,9904,190.95%,0,132.26,$5.73,PHI 2,ATL 2,user29,49,marvalshot,138,4662599772_29
Ja Morant (38046871),Jared Butler (38047188),Klay Thompson (38047011),Naji Marshall (38046946),Andre Drummond (38047063),Jared Rhoden (38047408),John Collins (38046999),Onyeka Okongwu (38046977),293.7779861111111,389.86071453725935,50000,56.99%,0,-61.93%,0,124.03999999999999,$-1.86,PHI 2,DAL 2,user29,48,marvalshot,11305,4662599773_29
Jared Butler (38047188),Jared Rhoden (38047408),Jayson Tatum (38046844),Chris Boucher (38047411),Jakob Poeltl (38047034),Jamal Shead (38047196),John Collins (38046999),Shai Gilgeous-Alexander (38046841),293.49,395.44,50000,53.80%,0,-72.51%,0,170.35999999999999,$-2.18,TOR 4,PHI 1,user29,50,marvalshot,6424,4662599774_29
Jamal Shead (38047196),Jared Rhoden (38047408),Jayson Tatum (38046844),Miles Bridges (38046903),Andre Drummond (38047063),Collin Sexton (38047052),Kessler Edwards (38047208),Naji Marshall (38046946),307.67578125000006,398.31213091828465,49800,100.00%,6841,174.03%,0,145.14,$5.22,TOR 2,DAL 2,user30,50,marvalshot,2761,4662599775_30
Jamal Shead (38047196),Jared Rhoden (38047408),Jaylen Brown (38046885),Miles Bridges (38046903),Jakob Poeltl (38047034),AJ Lawson (38047276),Naji Marshall (38046946),Onyeka Okongwu (38046977),308.26376736111115,397.69284545554405,49700,100.00%,8696,187.54%,0,161.99,$5.63,TOR 4,BOS 1,user29,50,marvalshot,1871,4662599776_29
Shai Gilgeous-Alexander (38046841),AJ Lawson (38047276),Naji Marshall (38046946),Chris Boucher (38047411),Andre Drummond (38047063),Jared Rhoden (38047408),John Collins (38046999),Ivica Zubac (38046915),292.72,389.27000000000004,49800,41.78%,0,-79.55%,0,158.71,$-2.39,TOR 3,OKC 1,user29,50,marvalshot,8726,4662599777_29
James Harden (38046852),Jared Butler (38047188),Vince Williams Jr. (38047307),Miles Bridges (38046903),Isaiah Hartenstein (38046979),Jared Rhoden (38047408),John Collins (38046999),Jakob Poeltl (38047034),296.71578124999996,395.7721309182846,50000,89.79%,0,7.33%,0,122.95,$0.22,TOR 2,LAC 1,user29,43,marvalshot,11311,4662599778_29
Jamal Shead (38047196),AJ Lawson (38047276),Jayson Tatum (38046844),Naji Marshall (38046946),Brandon Clarke (38047251),Collin Sexton (38047052),Jamison Battle (38047427),Trae Young (38046855),300.30343750000003,394.2591688461397,49600,99.83%,1,71.18%,0,159.12,$2.14,TOR 3,BOS 1,user29,48,marvalshot,7879,4662599779_29
Trae Young (38046855),Jared Rhoden (38047408),Jamison Battle (38047427),Chris Boucher (38047411),Ivica Zubac (38046915),Desmond Bane (38046917),Tari Eason (38047036),Naji Marshall (38046946),293.0634375,384.73916884613965,49800,47.05%,0,-74.77%,0,134.2,$-2.24,TOR 3,ATL 1,user1,1,marvalshot,11316,4662599780_1
Shai Gilgeous-Alexander (38046841),Jared Butler (38047188),Jamison Battle (38047427),Naji Marshall (38046946),Zach Edey (38047115),Ja Morant (38046871),Vince Williams Jr. (38047307),Collin Sexton (38047052),291.58,390.78,50000,26.47%,0,-90.76%,0,131.93,$-2.72,MEM 3,OKC 1,user29,42,marvalshot,11366,4662599781_29
Jared Butler (38047188),AJ Lawson (38047276),Vince Williams Jr. (38047307),Miles Bridges (38046903),Onyeka Okongwu (38046977),Trae Young (38046855),John Collins (38046999),Andre Drummond (38047063),308.0072048611111,409.7720143016836,49900,100.00%,9904,190.95%,0,132.26,$5.73,PHI 2,ATL 2,user30,49,marvalshot,138,4662599772_30
Ja Morant (38046871),Jared Butler (38047188),Klay Thompson (38047011),Naji Marshall (38046946),Andre Drummond (38047063),Jared Rhoden (38047408),John Collins (38046999),Onyeka Okongwu (38046977),293.7779861111111,389.86071453725935,50000,56.99%,0,-61.93%,0,124.03999999999999,$-1.86,PHI 2,DAL 2,user30,48,marvalshot,11305,4662599773_30
Jared Butler (38047188),Jared Rhoden (38047408),Jayson Tatum (38046844),Chris Boucher (38047411),Jakob Poeltl (38047034),Jamal Shead (38047196),John Collins (38046999),Shai Gilgeous-Alexander (38046841),293.49,395.44,50000,53.80%,0,-72.51%,0,170.35999999999999,$-2.18,TOR 4,PHI 1,user30,50,marvalshot,6424,4662599774_30
Jamal Shead (38047196),Jared Rhoden (38047408),Jayson Tatum (38046844),Miles Bridges (38046903),Andre Drummond (38047063),Collin Sexton (38047052),Kessler Edwards (38047208),Naji Marshall (38046946),307.67578125000006,398.31213091828465,49800,100.00%,6841,174.03%,0,145.14,$5.22,TOR 2,DAL 2,user31,50,marvalshot,2761,4662599775_31
Jamal Shead (38047196),Jared Rhoden (38047408),Jaylen Brown (38046885),Miles Bridges (38046903),Jakob Poeltl (38047034),AJ Lawson (38047276),Naji Marshall (38046946),Onyeka Okongwu (38046977),308.26376736111115,397.69284545554405,49700,100.00%,8696,187.54%,0,161.99,$5.63,TOR 4,BOS 1,user30,50,marvalshot,1871,4662599776_30
Shai Gilgeous-Alexander (38046841),AJ Lawson (38047276),Naji Marshall (38046946),Chris Boucher (38047411),Andre Drummond (38047063),Jared Rhoden (38047408),John Collins (38046999),Ivica Zubac (38046915),292.72,389.27000000000004,49800,41.78%,0,-79.55%,0,158.71,$-2.39,TOR 3,OKC 1,user30,50,marvalshot,8726,4662599777_30
James Harden (38046852),Jared Butler (38047188),Vince Williams Jr. (38047307),Miles Bridges (38046903),Isaiah Hartenstein (38046979),Jared Rhoden (38047408),John Collins (38046999),Jakob Poeltl (38047034),296.71578124999996,395.7721309182846,50000,89.79%,0,7.33%,0,122.95,$0.22,TOR 2,LAC 1,user30,43,marvalshot,11311,4662599778_30
Jamal Shead (38047196),AJ Lawson (38047276),Jayson Tatum (38046844),Naji Marshall (38046946),Brandon Clarke (38047251),Collin Sexton (38047052),Jamison Battle (38047427),Trae Young (38046855),300.30343750000003,394.2591688461397,49600,99.83%,1,71.18%,0,159.12,$2.14,TOR 3,BOS 1,user30,48,marvalshot,7879,4662599779_30
Trae Young (38046855),Jared Rhoden (38047408),Jamison Battle (38047427),Chris Boucher (38047411),Alperen Sengun (38046862),Desmond Bane (38046917),Naji Marshall (38046946),Zach Edey (38047115),293.0534375,389.4891688461396,50000,46.92%,0,-74.81%,0,132.76,$-2.24,TOR 3,MEM 2,user44,1,marvalshot,11359,4662599780_44
Shai Gilgeous-Alexander (38046841),Jared Butler (38047188),Jamison Battle (38047427),Naji Marshall (38046946),Zach Edey (38047115),Ja Morant (38046871),Vince Williams Jr. (38047307),Collin Sexton (38047052),291.58,390.78,50000,26.47%,0,-90.76%,0,131.93,$-2.72,MEM 3,OKC 1,user30,42,marvalshot,11366,4662599781_30
Jared Butler (38047188),AJ Lawson (38047276),Vince Williams Jr. (38047307),Miles Bridges (38046903),Onyeka Okongwu (38046977),Trae Young (38046855),John Collins (38046999),Andre Drummond (38047063),308.0072048611111,409.7720143016836,49900,100.00%,9904,190.95%,0,132.26,$5.73,PHI 2,ATL 2,user31,49,marvalshot,138,4662599772_31
Ja Morant (38046871),Jared Butler (38047188),Klay Thompson (38047011),Naji Marshall (38046946),Andre Drummond (38047063),Jared Rhoden (38047408),John Collins (38046999),Onyeka Okongwu (38046977),293.7779861111111,389.86071453725935,50000,56.99%,0,-61.93%,0,124.03999999999999,$-1.86,PHI 2,DAL 2,user31,48,marvalshot,11305,4662599773_31
Jared Butler (38047188),Jared Rhoden (38047408),Jayson Tatum (38046844),Chris Boucher (38047411),Jakob Poeltl (38047034),Jamal Shead (38047196),John Collins (38046999),Shai Gilgeous-Alexander (38046841),293.49,395.44,50000,53.80%,0,-72.51%,0,170.35999999999999,$-2.18,TOR 4,PHI 1,user31,50,marvalshot,6424,4662599774_31
Jamal Shead (38047196),Jared Rhoden (38047408),Jayson Tatum (38046844),Miles Bridges (38046903),Andre Drummond (38047063),Collin Sexton (38047052),Kessler Edwards (38047208),Naji Marshall (38046946),307.67578125000006,398.31213091828465,49800,100.00%,6841,174.03%,0,145.14,$5.22,TOR 2,DAL 2,user32,50,marvalshot,2761,4662599775_32
Jamal Shead (38047196),Jared Rhoden (38047408),Jaylen Brown (38046885),Miles Bridges (38046903),Jakob Poeltl (38047034),AJ Lawson (38047276),Naji Marshall (38046946),Onyeka Okongwu (38046977),308.26376736111115,397.69284545554405,49700,100.00%,8696,187.54%,0,161.99,$5.63,TOR 4,BOS 1,user31,50,marvalshot,1871,4662599776_31
Shai Gilgeous-Alexander (38046841),AJ Lawson (38047276),Naji Marshall (38046946),Chris Boucher (38047411),Andre Drummond (38047063),Jared Rhoden (38047408),John Collins (38046999),Ivica Zubac (38046915),292.72,389.27000000000004,49800,41.78%,0,-79.55%,0,158.71,$-2.39,TOR 3,OKC 1,user31,50,marvalshot,8726,4662599777_31
James Harden (38046852),Jared Butler (38047188),Vince Williams Jr. (38047307),Miles Bridges (38046903),Isaiah Hartenstein (38046979),Jared Rhoden (38047408),John Collins (38046999),Jakob Poeltl (38047034),296.71578124999996,395.7721309182846,50000,89.79%,0,7.33%,0,122.95,$0.22,TOR 2,LAC 1,user31,43,marvalshot,11311,4662599778_31
Jamal Shead (38047196),AJ Lawson (38047276),Jayson Tatum (38046844),Naji Marshall (38046946),Brandon Clarke (38047251),Collin Sexton (38047052),Jamison Battle (38047427),Trae Young (38046855),300.30343750000003,394.2591688461397,49600,99.83%,1,71.18%,0,159.12,$2.14,TOR 3,BOS 1,user31,48,marvalshot,7879,4662599779_31
Trae Young (38046855),Jared Rhoden (38047408),Jamison Battle (38047427),Chris Boucher (38047411),Ivica Zubac (38046915),Collin Sexton (38047052),Lauri Markkanen (38046984),Ja Morant (38046871),292.97343750000005,391.8991688461397,49900,45.48%,0,-74.84%,0,116.82,$-2.25,TOR 3,UTA 2,user22,1,marvalshot,11337,4662599780_22
Shai Gilgeous-Alexander (38046841),Jared Butler (38047188),Jamison Battle (38047427),Naji Marshall (38046946),Zach Edey (38047115),Ja Morant (38046871),Vince Williams Jr. (38047307),Collin Sexton (38047052),291.58,390.78,50000,26.47%,0,-90.76%,0,131.93,$-2.72,MEM 3,OKC 1,user31,42,marvalshot,11366,4662599781_31
Jared Butler (38047188),AJ Lawson (38047276),Vince Williams Jr. (38047307),Miles Bridges (38046903),Onyeka Okongwu (38046977),Trae Young (38046855),John Collins (38046999),Andre Drummond (38047063),308.0072048611111,409.7720143016836,49900,100.00%,9904,190.95%,0,132.26,$5.73,PHI 2,ATL 2,user32,49,marvalshot,138,4662599772_32
Ja Morant (38046871),Jared Butler (38047188),Klay Thompson (38047011),Naji Marshall (38046946),Andre Drummond (38047063),Jared Rhoden (38047408),John Collins (38046999),Onyeka Okongwu (38046977),293.7779861111111,389.86071453725935,50000,56.99%,0,-61.93%,0,124.03999999999999,$-1.86,PHI 2,DAL 2,user32,48,marvalshot,11305,4662599773_32
Jared Butler (38047188),Jared Rhoden (38047408),Jayson Tatum (38046844),Chris Boucher (38047411),Jakob Poeltl (38047034),Jamal Shead (38047196),John Collins (38046999),Shai Gilgeous-Alexander (38046841),293.49,395.44,50000,53.80%,0,-72.51%,0,170.35999999999999,$-2.18,TOR 4,PHI 1,user32,50,marvalshot,6424,4662599774_32
Jamal Shead (38047196),Jared Rhoden (38047408),Jayson Tatum (38046844),Miles Bridges (38046903),Andre Drummond (38047063),Collin Sexton (38047052),Kessler Edwards (38047208),Naji Marshall (38046946),307.67578125000006,398.31213091828465,49800,100.00%,6841,174.03%,0,145.14,$5.22,TOR 2,DAL 2,user33,50,marvalshot,2761,4662599775_33
Jamal Shead (38047196),Jared Rhoden (38047408),Jaylen Brown (38046885),Miles Bridges (38046903),Jakob Poeltl (38047034),AJ Lawson (38047276),Naji Marshall (38046946),Onyeka Okongwu (38046977),308.26376736111115,397.69284545554405,49700,100.00%,8696,187.54%,0,161.99,$5.63,TOR 4,BOS 1,user32,50,marvalshot,1871,4662599776_32
Shai Gilgeous-Alexander (38046841),AJ Lawson (38047276),Naji Marshall (38046946),Chris Boucher (38047411),Andre Drummond (38047063),Jared Rhoden (38047408),John Collins (38046999),Ivica Zubac (38046915),292.72,389.27000000000004,49800,41.78%,0,-79.55%,0,158.71,$-2.39,TOR 3,OKC 1,user32,50,marvalshot,8726,4662599777_32
James Harden (38046852),Jared Butler (38047188),Vince Williams Jr. (38047307),Miles Bridges (38046903),Isaiah Hartenstein (38046979),Jared Rhoden (38047408),John Collins (38046999),Jakob Poeltl (38047034),296.71578124999996,395.7721309182846,50000,89.79%,0,7.33%,0,122.95,$0.22,TOR 2,LAC 1,user32,43,marvalshot,11311,4662599778_32
Jamal Shead (38047196),AJ Lawson (38047276),Jayson Tatum (38046844),Naji Marshall (38046946),Brandon Clarke (38047251),Collin Sexton (38047052),Jamison Battle (38047427),Trae Young (38046855),300.30343750000003,394.2591688461397,49600,99.83%,1,71.18%,0,159.12,$2.14,TOR 3,BOS 1,user32,48,marvalshot,7879,4662599779_32
Trae Young (38046855),Jared Rhoden (38047408),Jamison Battle (38047427),Chris Boucher (38047411),Brandon Clarke (38047251),Desmond Bane (38046917),Naji Marshall (38046946),James Harden (38046852),292.9434375,387.17916884613965,49900,45.40%,0,-76.43%,0,128.88,$-2.29,TOR 3,MEM 2,user46,1,marvalshot,11361,4662599780_46
Shai Gilgeous-Alexander (38046841),Jared Butler (38047188),Jamison Battle (38047427),Naji Marshall (38046946),Zach Edey (38047115),Ja Morant (38046871),Vince Williams Jr. (38047307),Collin Sexton (38047052),291.58,390.78,50000,26.47%,0,-90.76%,0,131.93,$-2.72,MEM 3,OKC 1,user32,42,marvalshot,11366,4662599781_32
Jared Butler (38047188),AJ Lawson (38047276),Vince Williams Jr. (38047307),Miles Bridges (38046903),Onyeka Okongwu (38046977),Trae Young (38046855),John Collins (38046999),Andre Drummond (38047063),308.0072048611111,409.7720143016836,49900,100.00%,9904,190.95%,0,132.26,$5.73,PHI 2,ATL 2,user33,49,marvalshot,138,4662599772_33
Ja Morant (38046871),Jared Butler (38047188),Klay Thompson (38047011),Naji Marshall (38046946),Andre Drummond (38047063),Jared Rhoden (38047408),John Collins (38046999),Onyeka Okongwu (38046977),293.7779861111111,389.86071453725935,50000,56.99%,0,-61.93%,0,124.03999999999999,$-1.86,PHI 2,DAL 2,user33,48,marvalshot,11305,4662599773_33
Jared Butler (38047188),Jared Rhoden (38047408),Jayson Tatum (38046844),Chris Boucher (38047411),Jakob Poeltl (38047034),Jamal Shead (38047196),John Collins (38046999),Shai Gilgeous-Alexander (38046841),293.49,395.44,50000,53.80%,0,-72.51%,0,170.35999999999999,$-2.18,TOR 4,PHI 1,user33,50,marvalshot,6424,4662599774_33
Jamal Shead (38047196),Jared Rhoden (38047408),Jayson Tatum (38046844),Miles Bridges (38046903),Andre Drummond (38047063),Collin Sexton (38047052),Kessler Edwards (38047208),Naji Marshall (38046946),307.67578125000006,398.31213091828465,49800,100.00%,6841,174.03%,0,145.14,$5.22,TOR 2,DAL 2,user34,50,marvalshot,2761,4662599775_34
Jamal Shead (38047196),Jared Rhoden (38047408),Jaylen Brown (38046885),Miles Bridges (38046903),Jakob Poeltl (38047034),AJ Lawson (38047276),Naji Marshall (38046946),Onyeka Okongwu (38046977),308.26376736111115,397.69284545554405,49700,100.00%,8696,187.54%,0,161.99,$5.63,TOR 4,BOS 1,user33,50,marvalshot,1871,4662599776_33
Shai Gilgeous-Alexander (38046841),AJ Lawson (38047276),Naji Marshall (38046946),Chris Boucher (38047411),Andre Drummond (38047063),Jared Rhoden (38047408),John Collins (38046999),Ivica Zubac (38046915),292.72,389.27000000000004,49800,41.78%,0,-79.55%,0,158.71,$-2.39,TOR 3,OKC 1,user33,50,marvalshot,8726,4662599777_33
James Harden (38046852),Jared Butler (38047188),Vince Williams Jr. (38047307),Miles Bridges (38046903),Isaiah Hartenstein (38046979),Jared Rhoden (38047408),John Collins (38046999),Jakob Poeltl (38047034),296.71578124999996,395.7721309182846,50000,89.79%,0,7.33%,0,122.95,$0.22,TOR 2,LAC 1,user33,43,marvalshot,11311,4662599778_33
Jamal Shead (38047196),AJ Lawson (38047276),Jayson Tatum (38046844),Naji Marshall (38046946),Brandon Clarke (38047251),Collin Sexton (38047052),Jamison Battle (38047427),Trae Young (38046855),300.30343750000003,394.2591688461397,49600,99.83%,1,71.18%,0,159.12,$2.14,TOR 3,BOS 1,user33,48,marvalshot,7879,4662599779_33
Trae Young (38046855),Jared Rhoden (38047408),Jamison Battle (38047427),Chris Boucher (38047411),Ivica Zubac (38046915),Collin Sexton (38047052),Tari Eason (38047036),James Harden (38046852),292.8434375,389.3591688461396,49800,43.94%,0,-77.16%,0,125.64999999999999,$-2.31,TOR 3,LAC 2,user24,1,marvalshot,11339,4662599780_24
Shai Gilgeous-Alexander (38046841),Jared Butler (38047188),Jamison Battle (38047427),Naji Marshall (38046946),Zach Edey (38047115),Ja Morant (38046871),Vince Williams Jr. (38047307),Collin Sexton (38047052),291.58,390.78,50000,26.47%,0,-90.76%,0,131.93,$-2.72,MEM 3,OKC 1,user33,42,marvalshot,11366,4662599781_33
Jared Butler (38047188),AJ Lawson (38047276),Vince Williams Jr. (38047307),Miles Bridges (38046903),Onyeka Okongwu (38046977),Trae Young (38046855),John Collins (38046999),Andre Drummond (38047063),308.0072048611111,409.7720143016836,49900,100.00%,9904,190.95%,0,132.26,$5.73,PHI 2,ATL 2,user34,49,marvalshot,138,4662599772_34
Ja Morant (38046871),Jared Butler (38047188),Klay Thompson (38047011),Naji Marshall (38046946),Andre Drummond (38047063),Jared Rhoden (38047408),John Collins (38046999),Onyeka Okongwu (38046977),293.7779861111111,389.86071453725935,50000,56.99%,0,-61.93%,0,124.03999999999999,$-1.86,PHI 2,DAL 2,user34,48,marvalshot,11305,4662599773_34
Jared Butler (38047188),Jared Rhoden (38047408),Jayson Tatum (38046844),Chris Boucher (38047411),Jakob Poeltl (38047034),Jamal Shead (38047196),John Collins (38046999),Shai Gilgeous-Alexander (38046841),293.49,395.44,50000,53.80%,0,-72.51%,0,170.35999999999999,$-2.18,TOR 4,PHI 1,user34,50,marvalshot,6424,4662599774_34
Jamal Shead (38047196),Jared Rhoden (38047408),Jayson Tatum (38046844),Miles Bridges (38046903),Andre Drummond (38047063),Collin Sexton (38047052),Kessler Edwards (38047208),Naji Marshall (38046946),307.67578125000006,398.31213091828465,49800,100.00%,6841,174.03%,0,145.14,$5.22,TOR 2,DAL 2,user35,50,marvalshot,2761,4662599775_35
Jamal Shead (38047196),Jared Rhoden (38047408),Jaylen Brown (38046885),Miles Bridges (38046903),Jakob Poeltl (38047034),AJ Lawson (38047276),Naji Marshall (38046946),Onyeka Okongwu (38046977),308.26376736111115,397.69284545554405,49700,100.00%,8696,187.54%,0,161.99,$5.63,TOR 4,BOS 1,user34,50,marvalshot,1871,4662599776_34
Shai Gilgeous-Alexander (38046841),AJ Lawson (38047276),Naji Marshall (38046946),Chris Boucher (38047411),Andre Drummond (38047063),Jared Rhoden (38047408),John Collins (38046999),Ivica Zubac (38046915),292.72,389.27000000000004,49800,41.78%,0,-79.55%,0,158.71,$-2.39,TOR 3,OKC 1,user34,50,marvalshot,8726,4662599777_34
James Harden (38046852),Jared Butler (38047188),Vince Williams Jr. (38047307),Miles Bridges (38046903),Isaiah Hartenstein (38046979),Jared Rhoden (38047408),John Collins (38046999),Jakob Poeltl (38047034),296.71578124999996,395.7721309182846,50000,89.79%,0,7.33%,0,122.95,$0.22,TOR 2,LAC 1,user34,43,marvalshot,11311,4662599778_34
Jamal Shead (38047196),AJ Lawson (38047276),Jayson Tatum (38046844),Naji Marshall (38046946),Brandon Clarke (38047251),Collin Sexton (38047052),Jamison Battle (38047427),Trae Young (38046855),300.30343750000003,394.2591688461397,49600,99.83%,1,71.18%,0,159.12,$2.14,TOR 3,BOS 1,user34,48,marvalshot,7879,4662599779_34
Trae Young (38046855),Jared Rhoden (38047408),Jamison Battle (38047427),Chris Boucher (38047411),Mason Plumlee (38047398),Devin Booker (38046874),Naji Marshall (38046946),James Harden (38046852),292.8634375,383.5791688461396,50000,43.96%,0,-78.04%,0,136.6,$-2.34,TOR 3,PHX 2,user34,1,marvalshot,11349,4662599780_34
Shai Gilgeous-Alexander (38046841),Jared Butler (38047188),Jamison Battle (38047427),Naji Marshall (38046946),Zach Edey (38047115),Ja Morant (38046871),Vince Williams Jr. (38047307),Collin Sexton (38047052),291.58,390.78,50000,26.47%,0,-90.76%,0,131.93,$-2.72,MEM 3,OKC 1,user34,42,marvalshot,11366,4662599781_34
Jared Butler (38047188),AJ Lawson (38047276),Vince Williams Jr. (38047307),Miles Bridges (38046903),Onyeka Okongwu (38046977),Trae Young (38046855),John Collins (38046999),Andre Drummond (38047063),308.0072048611111,409.7720143016836,49900,100.00%,9904,190.95%,0,132.26,$5.73,PHI 2,ATL 2,user35,49,marvalshot,138,4662599772_35
Ja Morant (38046871),Jared Butler (38047188),Klay Thompson (38047011),Naji Marshall (38046946),Andre Drummond (38047063),Jared Rhoden (38047408),John Collins (38046999),Onyeka Okongwu (38046977),293.7779861111111,389.86071453725935,50000,56.99%,0,-61.93%,0,124.03999999999999,$-1.86,PHI 2,DAL 2,user35,48,marvalshot,11305,4662599773_35
Jared Butler (38047188),Jared Rhoden (38047408),Jayson Tatum (38046844),Chris Boucher (38047411),Jakob Poeltl (38047034),Jamal Shead (38047196),John Collins (38046999),Shai Gilgeous-Alexander (38046841),293.49,395.44,50000,53.80%,0,-72.51%,0,170.35999999999999,$-2.18,TOR 4,PHI 1,user35,50,marvalshot,6424,4662599774_35
Jamal Shead (38047196),Jared Rhoden (38047408),Jayson Tatum (38046844),Miles Bridges (38046903),Andre Drummond (38047063),Collin Sexton (38047052),Kessler Edwards (38047208),Naji Marshall (38046946),307.67578125000006,398.31213091828465,49800,100.00%,6841,174.03%,0,145.14,$5.22,TOR 2,DAL 2,user36,50,marvalshot,2761,4662599775_36
Jamal Shead (38047196),Jared Rhoden (38047408),Jaylen Brown (38046885),Miles Bridges (38046903),Jakob Poeltl (38047034),AJ Lawson (38047276),Naji Marshall (38046946),Onyeka Okongwu (38046977),308.26376736111115,397.69284545554405,49700,100.00%,8696,187.54%,0,161.99,$5.63,TOR 4,BOS 1,user35,50,marvalshot,1871,4662599776_35
Shai Gilgeous-Alexander (38046841),AJ Lawson (38047276),Naji Marshall (38046946),Chris Boucher (38047411),Andre Drummond (38047063),Jared Rhoden (38047408),John Collins (38046999),Ivica Zubac (38046915),292.72,389.27000000000004,49800,41.78%,0,-79.55%,0,158.71,$-2.39,TOR 3,OKC 1,user35,50,marvalshot,8726,4662599777_35
James Harden (38046852),Jared Butler (38047188),Vince Williams Jr. (38047307),Miles Bridges (38046903),Isaiah Hartenstein (38046979),Jared Rhoden (38047408),John Collins (38046999),Jakob Poeltl (38047034),296.71578124999996,395.7721309182846,50000,89.79%,0,7.33%,0,122.95,$0.22,TOR 2,LAC 1,user35,43,marvalshot,11311,4662599778_35
Jamal Shead (38047196),AJ Lawson (38047276),Jayson Tatum (38046844),Naji Marshall (38046946),Brandon Clarke (38047251),Collin Sexton (38047052),Jamison Battle (38047427),Trae Young (38046855),300.30343750000003,394.2591688461397,49600,99.83%,1,71.18%,0,159.12,$2.14,TOR 3,BOS 1,user35,48,marvalshot,7879,4662599779_35
Trae Young (38046855),Jared Rhoden (38047408),Jamison Battle (38047427),Chris Boucher (38047411),Ivica Zubac (38046915),Desmond Bane (38046917),Gregory Jackson (38047243),Ja Morant (38046871),292.65343750000005,390.0791688461397,49900,40.61%,0,-80.06%,0,123.82,$-2.4,TOR 3,MEM 3,user39,1,marvalshot,11354,4662599780_39
Shai Gilgeous-Alexander (38046841),Jared Butler (38047188),Jamison Battle (38047427),Naji Marshall (38046946),Zach Edey (38047115),Ja Morant (38046871),Vince Williams Jr. (38047307),Collin Sexton (38047052),291.58,390.78,50000,26.47%,0,-90.76%,0,131.93,$-2.72,MEM 3,OKC 1,user35,42,marvalshot,11366,4662599781_35
Jared Butler (38047188),AJ Lawson (38047276),Vince Williams Jr. (38047307),Miles Bridges (38046903),Onyeka Okongwu (38046977),Trae Young (38046855),John Collins (38046999),Andre Drummond (38047063),308.0072048611111,409.7720143016836,49900,100.00%,9904,190.95%,0,132.26,$5.73,PHI 2,ATL 2,user36,49,marvalshot,138,4662599772_36
Ja Morant (38046871),Jared Butler (38047188),Klay Thompson (38047011),Naji Marshall (38046946),Andre Drummond (38047063),Jared Rhoden (38047408),John Collins (38046999),Onyeka Okongwu (38046977),293.7779861111111,389.86071453725935,50000,56.99%,0,-61.93%,0,124.03999999999999,$-1.86,PHI 2,DAL 2,user36,48,marvalshot,11305,4662599773_36
Jared Butler (38047188),Jared Rhoden (38047408),Jayson Tatum (38046844),Chris Boucher (38047411),Jakob Poeltl (38047034),Jamal Shead (38047196),John Collins (38046999),Shai Gilgeous-Alexander (38046841),293.49,395.44,50000,53.80%,0,-72.51%,0,170.35999999999999,$-2.18,TOR 4,PHI 1,user36,50,marvalshot,6424,4662599774_36
Jamal Shead (38047196),Jared Rhoden (38047408),Jayson Tatum (38046844),Miles Bridges (38046903),Andre Drummond (38047063),Collin Sexton (38047052),Kessler Edwards (38047208),Naji Marshall (38046946),307.67578125000006,398.31213091828465,49800,100.00%,6841,174.03%,0,145.14,$5.22,TOR 2,DAL 2,user37,50,marvalshot,2761,4662599775_37
Jamal Shead (38047196),Jared Rhoden (38047408),Jaylen Brown (38046885),Miles Bridges (38046903),Jakob Poeltl (38047034),AJ Lawson (38047276),Naji Marshall (38046946),Onyeka Okongwu (38046977),308.26376736111115,397.69284545554405,49700,100.00%,8696,187.54%,0,161.99,$5.63,TOR 4,BOS 1,user36,50,marvalshot,1871,4662599776_36
Shai Gilgeous-Alexander (38046841),AJ Lawson (38047276),Naji Marshall (38046946),Chris Boucher (38047411),Andre Drummond (38047063),Jared Rhoden (38047408),John Collins (38046999),Ivica Zubac (38046915),292.72,389.27000000000004,49800,41.78%,0,-79.55%,0,158.71,$-2.39,TOR 3,OKC 1,user36,50,marvalshot,8726,4662599777_36
James Harden (38046852),Jared Butler (38047188),Vince Williams Jr. (38047307),Miles Bridges (38046903),Isaiah Hartenstein (38046979),Jared Rhoden (38047408),John Collins (38046999),Jakob Poeltl (38047034),296.71578124999996,395.7721309182846,50000,89.79%,0,7.33%,0,122.95,$0.22,TOR 2,LAC 1,user36,43,marvalshot,11311,4662599778_36
Jamal Shead (38047196),AJ Lawson (38047276),Jayson Tatum (38046844),Naji Marshall (38046946),Brandon Clarke (38047251),Collin Sexton (38047052),Jamison Battle (38047427),Trae Young (38046855),300.30343750000003,394.2591688461397,49600,99.83%,1,71.18%,0,159.12,$2.14,TOR 3,BOS 1,user36,48,marvalshot,7879,4662599779_36
Trae Young (38046855),Jared Rhoden (38047408),Jamison Battle (38047427),Chris Boucher (38047411),Walker Kessler (38046960),Collin Sexton (38047052),Naji Marshall (38046946),Alperen Sengun (38046862),292.61343750000003,388.83916884613967,49700,40.28%,0,-81.29%,0,136.26,$-2.44,TOR 3,UTA 2,user10,1,marvalshot,11325,4662599780_10
Shai Gilgeous-Alexander (38046841),Jared Butler (38047188),Jamison Battle (38047427),Naji Marshall (38046946),Zach Edey (38047115),Ja Morant (38046871),Vince Williams Jr. (38047307),Collin Sexton (38047052),291.58,390.78,50000,26.47%,0,-90.76%,0,131.93,$-2.72,MEM 3,OKC 1,user36,42,marvalshot,11366,4662599781_36
Jared Butler (38047188),AJ Lawson (38047276),Vince Williams Jr. (38047307),Miles Bridges (38046903),Onyeka Okongwu (38046977),Trae Young (38046855),John Collins (38046999),Andre Drummond (38047063),308.0072048611111,409.7720143016836,49900,100.00%,9904,190.95%,0,132.26,$5.73,PHI 2,ATL 2,user37,49,marvalshot,138,4662599772_37
Ja Morant (38046871),Jared Butler (38047188),Klay Thompson (38047011),Naji Marshall (38046946),Andre Drummond (38047063),Jared Rhoden (38047408),John Collins (38046999),Onyeka Okongwu (38046977),293.7779861111111,389.86071453725935,50000,56.99%,0,-61.93%,0,124.03999999999999,$-1.86,PHI 2,DAL 2,user37,48,marvalshot,11305,4662599773_37
Jared Butler (38047188),Jared Rhoden (38047408),Jayson Tatum (38046844),Chris Boucher (38047411),Jakob Poeltl (38047034),Jamal Shead (38047196),John Collins (38046999),Shai Gilgeous-Alexander (38046841),293.49,395.44,50000,53.80%,0,-72.51%,0,170.35999999999999,$-2.18,TOR 4,PHI 1,user37,50,marvalshot,6424,4662599774_37
Jamal Shead (38047196),Jared Rhoden (38047408),Jayson Tatum (38046844),Miles Bridges (38046903),Andre Drummond (38047063),Collin Sexton (38047052),Kessler Edwards (38047208),Naji Marshall (38046946),307.67578125000006,398.31213091828465,49800,100.00%,6841,174.03%,0,145.14,$5.22,TOR 2,DAL 2,user38,50,marvalshot,2761,4662599775_38
Jamal Shead (38047196),Jared Rhoden (38047408),Jaylen Brown (38046885),Miles Bridges (38046903),Jakob Poeltl (38047034),AJ Lawson (38047276),Naji Marshall (38046946),Onyeka Okongwu (38046977),308.26376736111115,397.69284545554405,49700,100.00%,8696,187.54%,0,161.99,$5.63,TOR 4,BOS 1,user37,50,marvalshot,1871,4662599776_37
Shai Gilgeous-Alexander (38046841),AJ Lawson (38047276),Naji Marshall (38046946),Chris Boucher (38047411),Andre Drummond (38047063),Jared Rhoden (38047408),John Collins (38046999),Ivica Zubac (38046915),292.72,389.27000000000004,49800,41.78%,0,-79.55%,0,158.71,$-2.39,TOR 3,OKC 1,user37,50,marvalshot,8726,4662599777_37
James Harden (38046852),Jared Butler (38047188),Vince Williams Jr. (38047307),Miles Bridges (38046903),Isaiah Hartenstein (38046979),Jared Rhoden (38047408),John Collins (38046999),Jakob Poeltl (38047034),296.71578124999996,395.7721309182846,50000,89.79%,0,7.33%,0,122.95,$0.22,TOR 2,LAC 1,user37,43,marvalshot,11311,4662599778_37
Jamal Shead (38047196),AJ Lawson (38047276),Jayson Tatum (38046844),Naji Marshall (38046946),Brandon Clarke (38047251),Collin Sexton (38047052),Jamison Battle (38047427),Trae Young (38046855),300.30343750000003,394.2591688461397,49600,99.83%,1,71.18%,0,159.12,$2.14,TOR 3,BOS 1,user37,48,marvalshot,7879,4662599779_37
Trae Young (38046855),Jared Rhoden (38047408),Jamison Battle (38047427),Chris Boucher (38047411),Kessler Edwards (38047208),Devin Booker (38046874),Naji Marshall (38046946),Ja Morant (38046871),292.5934375,383.75916884613963,50000,39.84%,0,-81.36%,0,130.57,$-2.44,TOR 3,DAL 2,user20,1,marvalshot,11335,4662599780_20
Shai Gilgeous-Alexander (38046841),Jared Butler (38047188),Jamison Battle (38047427),Naji Marshall (38046946),Zach Edey (38047115),Ja Morant (38046871),Vince Williams Jr. (38047307),Collin Sexton (38047052),291.58,390.78,50000,26.47%,0,-90.76%,0,131.93,$-2.72,MEM 3,OKC 1,user37,42,marvalshot,11366,4662599781_37
Jared Butler (38047188),AJ Lawson (38047276),Vince Williams Jr. (38047307),Miles Bridges (38046903),Onyeka Okongwu (38046977),Trae Young (38046855),John Collins (38046999),Andre Drummond (38047063),308.0072048611111,409.7720143016836,49900,100.00%,9904,190.95%,0,132.26,$5.73,PHI 2,ATL 2,user38,49,marvalshot,138,4662599772_38
Ja Morant (38046871),Jared Butler (38047188),Klay Thompson (38047011),Naji Marshall (38046946),Andre Drummond (38047063),Jared Rhoden (38047408),John Collins (38046999),Onyeka Okongwu (38046977),293.7779861111111,389.86071453725935,50000,56.99%,0,-61.93%,0,124.03999999999999,$-1.86,PHI 2,DAL 2,user38,48,marvalshot,11305,4662599773_38
Jared Butler (38047188),Jared Rhoden (38047408),Jayson Tatum (38046844),Chris Boucher (38047411),Jakob Poeltl (38047034),Jamal Shead (38047196),John Collins (38046999),Shai Gilgeous-Alexander (38046841),293.49,395.44,50000,53.80%,0,-72.51%,0,170.35999999999999,$-2.18,TOR 4,PHI 1,user38,50,marvalshot,6424,4662599774_38
Jamal Shead (38047196),Jared Rhoden (38047408),Jayson Tatum (38046844),Miles Bridges (38046903),Andre Drummond (38047063),Collin Sexton (38047052),Kessler Edwards (38047208),Naji Marshall (38046946),307.67578125000006,398.31213091828465,49800,100.00%,6841,174.03%,0,145.14,$5.22,TOR 2,DAL 2,user39,50,marvalshot,2761,4662599775_39
Jamal Shead (38047196),Jared Rhoden (38047408),Jaylen Brown (38046885),Miles Bridges (38046903),Jakob Poeltl (38047034),AJ Lawson (38047276),Naji Marshall (38046946),Onyeka Okongwu (38046977),308.26376736111115,397.69284545554405,49700,100.00%,8696,187.54%,0,161.99,$5.63,TOR 4,BOS 1,user38,50,marvalshot,1871,4662599776_38
Shai Gilgeous-Alexander (38046841),AJ Lawson (38047276),Naji Marshall (38046946),Chris Boucher (38047411),Andre Drummond (38047063),Jared Rhoden (38047408),John Collins (38046999),Ivica Zubac (38046915),292.72,389.27000000000004,49800,41.78%,0,-79.55%,0,158.71,$-2.39,TOR 3,OKC 1,user38,50,marvalshot,8726,4662599777_38
James Harden (38046852),Jared Butler (38047188),Vince Williams Jr. (38047307),Miles Bridges (38046903),Isaiah Hartenstein (38046979),Jared Rhoden (38047408),John Collins (38046999),Jakob Poeltl (38047034),296.71578124999996,395.7721309182846,50000,89.79%,0,7.33%,0,122.95,$0.22,TOR 2,LAC 1,user38,43,marvalshot,11311,4662599778_38
Jamal Shead (38047196),AJ Lawson (38047276),Jayson Tatum (38046844),Naji Marshall (38046946),Brandon Clarke (38047251),Collin Sexton (38047052),Jamison Battle (38047427),Trae Young (38046855),300.30343750000003,394.2591688461397,49600,99.83%,1,71.18%,0,159.12,$2.14,TOR 3,BOS 1,user38,48,marvalshot,7879,4662599779_38
Trae Young (38046855),Jared Rhoden (38047408),Jamison Battle (38047427),Chris Boucher (38047411),Ivica Zubac (38046915),Chris Paul (38047087),Naji Marshall (38046946),Ja Morant (38046871),292.55343750000003,387.11916884613964,49900,39.11%,0,-81.53%,0,130.26999999999998,$-2.45,TOR 3,ATL 1,user17,1,marvalshot,11332,4662599780_17
Shai Gilgeous-Alexander (38046841),Jared Butler (38047188),Jamison Battle (38047427),Naji Marshall (38046946),Zach Edey (38047115),Ja Morant (38046871),Vince Williams Jr. (38047307),Collin Sexton (38047052),291.58,390.78,50000,26.47%,0,-90.76%,0,131.93,$-2.72,MEM 3,OKC 1,user38,42,marvalshot,11366,4662599781_38
Jared Butler (38047188),AJ Lawson (38047276),Vince Williams Jr. (38047307),Miles Bridges (38046903),Onyeka Okongwu (38046977),Trae Young (38046855),John Collins (38046999),Andre Drummond (38047063),308.0072048611111,409.7720143016836,49900,100.00%,9904,190.95%,0,132.26,$5.73,PHI 2,ATL 2,user39,49,marvalshot,138,4662599772_39
Ja Morant (38046871),Jared Butler (38047188),Klay Thompson (38047011),Naji Marshall (38046946),Andre Drummond (38047063),Jared Rhoden (38047408),John Collins (38046999),Onyeka Okongwu (38046977),293.7779861111111,389.86071453725935,50000,56.99%,0,-61.93%,0,124.03999999999999,$-1.86,PHI 2,DAL 2,user39,48,marvalshot,11305,4662599773_39
Jared Butler (38047188),Jared Rhoden (38047408),Jayson Tatum (38046844),Chris Boucher (38047411),Jakob Poeltl (38047034),Jamal Shead (38047196),John Collins (38046999),Shai Gilgeous-Alexander (38046841),293.49,395.44,50000,53.80%,0,-72.51%,0,170.35999999999999,$-2.18,TOR 4,PHI 1,user39,50,marvalshot,6424,4662599774_39
Jamal Shead (38047196),Jared Rhoden (38047408),Jayson Tatum (38046844),Miles Bridges (38046903),Andre Drummond (38047063),Collin Sexton (38047052),Kessler Edwards (38047208),Naji Marshall (38046946),307.67578125000006,398.31213091828465,49800,100.00%,6841,174.03%,0,145.14,$5.22,TOR 2,DAL 2,user40,50,marvalshot,2761,4662599775_40
Jamal Shead (38047196),Jared Rhoden (38047408),Jaylen Brown (38046885),Miles Bridges (38046903),Jakob Poeltl (38047034),AJ Lawson (38047276),Naji Marshall (38046946),Onyeka Okongwu (38046977),308.26376736111115,397.69284545554405,49700,100.00%,8696,187.54%,0,161.99,$5.63,TOR 4,BOS 1,user39,50,marvalshot,1871,4662599776_39
Shai Gilgeous-Alexander (38046841),AJ Lawson (38047276),Naji Marshall (38046946),Chris Boucher (38047411),Andre Drummond (38047063),Jared Rhoden (38047408),John Collins (38046999),Ivica Zubac (38046915),292.72,389.27000000000004,49800,41.78%,0,-79.55%,0,158.71,$-2.39,TOR 3,OKC 1,user39,50,marvalshot,8726,4662599777_39
James Harden (38046852),Jared Butler (38047188),Vince Williams Jr. (38047307),Miles Bridges (38046903),Isaiah Hartenstein (38046979),Jared Rhoden (38047408),John Collins (38046999),Jakob Poeltl (38047034),296.71578124999996,395.7721309182846,50000,89.79%,0,7.33%,0,122.95,$0.22,TOR 2,LAC 1,user39,43,marvalshot,11311,4662599778_39
Jamal Shead (38047196),AJ Lawson (38047276),Jayson Tatum (38046844),Naji Marshall (38046946),Brandon Clarke (38047251),Collin Sexton (38047052),Jamison Battle (38047427),Trae Young (38046855),300.30343750000003,394.2591688461397,49600,99.83%,1,71.18%,0,159.12,$2.14,TOR 3,BOS 1,user39,48,marvalshot,7879,4662599779_39
Trae Young (38046855),Jared Rhoden (38047408),Jamison Battle (38047427),Chris Boucher (38047411),Ivica Zubac (38046915),Desmond Bane (38046917),Royce O'Neale (38047325),Alperen Sengun (38046862),292.47343750000005,386.5091688461397,49800,38.44%,0,-81.89%,0,142.51999999999998,$-2.46,TOR 3,ATL 1,user26,1,marvalshot,11341,4662599780_26
Shai Gilgeous-Alexander (38046841),Jared Butler (38047188),Jamison Battle (38047427),Naji Marshall (38046946),Zach Edey (38047115),Ja Morant (38046871),Vince Williams Jr. (38047307),Collin Sexton (38047052),291.58,390.78,50000,26.47%,0,-90.76%,0,131.93,$-2.72,MEM 3,OKC 1,user39,42,marvalshot,11366,4662599781_39
Jared Butler (38047188),AJ Lawson (38047276),Vince Williams Jr. (38047307),Miles Bridges (38046903),Onyeka Okongwu (38046977),Trae Young (38046855),John Collins (38046999),Andre Drummond (38047063),308.0072048611111,409.7720143016836,49900,100.00%,9904,190.95%,0,132.26,$5.73,PHI 2,ATL 2,user40,49,marvalshot,138,4662599772_40
Ja Morant (38046871),Jared Butler (38047188),Klay Thompson (38047011),Naji Marshall (38046946),Andre Drummond (38047063),Jared Rhoden (38047408),John Collins (38046999),Onyeka Okongwu (38046977),293.7779861111111,389.86071453725935,50000,56.99%,0,-61.93%,0,124.03999999999999,$-1.86,PHI 2,DAL 2,user40,48,marvalshot,11305,4662599773_40
Jared Butler (38047188),Jared Rhoden (38047408),Jayson Tatum (38046844),Chris Boucher (38047411),Jakob Poeltl (38047034),Jamal Shead (38047196),John Collins (38046999),Shai Gilgeous-Alexander (38046841),293.49,395.44,50000,53.80%,0,-72.51%,0,170.35999999999999,$-2.18,TOR 4,PHI 1,user40,50,marvalshot,6424,4662599774_40
Jamal Shead (38047196),Jared Rhoden (38047408),Jayson Tatum (38046844),Miles Bridges (38046903),Andre Drummond (38047063),Collin Sexton (38047052),Kessler Edwards (38047208),Naji Marshall (38046946),307.67578125000006,398.31213091828465,49800,100.00%,6841,174.03%,0,145.14,$5.22,TOR 2,DAL 2,user41,50,marvalshot,2761,4662599775_41
Jamal Shead (38047196),Jared Rhoden (38047408),Jaylen Brown (38046885),Miles Bridges (38046903),Jakob Poeltl (38047034),AJ Lawson (38047276),Naji Marshall (38046946),Onyeka Okongwu (38046977),308.26376736111115,397.69284545554405,49700,100.00%,8696,187.54%,0,161.99,$5.63,TOR 4,BOS 1,user40,50,marvalshot,1871,4662599776_40
Shai Gilgeous-Alexander (38046841),AJ Lawson (38047276),Naji Marshall (38046946),Chris Boucher (38047411),Andre Drummond (38047063),Jared Rhoden (38047408),John Collins (38046999),Ivica Zubac (38046915),292.72,389.27000000000004,49800,41.78%,0,-79.55%,0,158.71,$-2.39,TOR 3,OKC 1,user40,50,marvalshot,8726,4662599777_40
James Harden (38046852),Jared Butler (38047188),Vince Williams Jr. (38047307),Miles Bridges (38046903),Isaiah Hartenstein (38046979),Jared Rhoden (38047408),John Collins (38046999),Jakob Poeltl (38047034),296.71578124999996,395.7721309182846,50000,89.79%,0,7.33%,0,122.95,$0.22,TOR 2,LAC 1,user40,43,marvalshot,11311,4662599778_40
Jamal Shead (38047196),AJ Lawson (38047276),Jayson Tatum (38046844),Naji Marshall (38046946),Brandon Clarke (38047251),Collin Sexton (38047052),Jamison Battle (38047427),Trae Young (38046855),300.30343750000003,394.2591688461397,49600,99.83%,1,71.18%,0,159.12,$2.14,TOR 3,BOS 1,user40,48,marvalshot,7879,4662599779_40
Trae Young (38046855),Jared Rhoden (38047408),Jamison Battle (38047427),Chris Boucher (38047411),Alperen Sengun (38046862),Collin Sexton (38047052),Bradley Beal (38047006),Ivica Zubac (38046915),292.2634375,387.3291688461396,49900,35.70%,0,-83.5%,0,121.97,$-2.51,TOR 3,ATL 1,user33,1,marvalshot,11348,4662599780_33
Shai Gilgeous-Alexander (38046841),Jared Butler (38047188),Jamison Battle (38047427),Naji Marshall (38046946),Zach Edey (38047115),Ja Morant (38046871),Vince Williams Jr. (38047307),Collin Sexton (38047052),291.58,390.78,50000,26.47%,0,-90.76%,0,131.93,$-2.72,MEM 3,OKC 1,user40,42,marvalshot,11366,4662599781_40
Jared Butler (38047188),AJ Lawson (38047276),Vince Williams Jr. (38047307),Miles Bridges (38046903),Onyeka Okongwu (38046977),Trae Young (38046855),John Collins (38046999),Andre Drummond (38047063),308.0072048611111,409.7720143016836,49900,100.00%,9904,190.95%,0,132.26,$5.73,PHI 2,ATL 2,user41,49,marvalshot,138,4662599772_41
Ja Morant (38046871),Jared Butler (38047188),Klay Thompson (38047011),Naji Marshall (38046946),Andre Drummond (38047063),Jared Rhoden (38047408),John Collins (38046999),Onyeka Okongwu (38046977),293.7779861111111,389.86071453725935,50000,56.99%,0,-61.93%,0,124.03999999999999,$-1.86,PHI 2,DAL 2,user41,48,marvalshot,11305,4662599773_41
Jared Butler (38047188),Jared Rhoden (38047408),Jayson Tatum (38046844),Chris Boucher (38047411),Jakob Poeltl (38047034),Jamal Shead (38047196),John Collins (38046999),Shai Gilgeous-Alexander (38046841),293.49,395.44,50000,53.80%,0,-72.51%,0,170.35999999999999,$-2.18,TOR 4,PHI 1,user41,50,marvalshot,6424,4662599774_41
Jamal Shead (38047196),Jared Rhoden (38047408),Jayson Tatum (38046844),Miles Bridges (38046903),Andre Drummond (38047063),Collin Sexton (38047052),Kessler Edwards (38047208),Naji Marshall (38046946),307.67578125000006,398.31213091828465,49800,100.00%,6841,174.03%,0,145.14,$5.22,TOR 2,DAL 2,user42,50,marvalshot,2761,4662599775_42
Jamal Shead (38047196),Jared Rhoden (38047408),Jaylen Brown (38046885),Miles Bridges (38046903),Jakob Poeltl (38047034),AJ Lawson (38047276),Naji Marshall (38046946),Onyeka Okongwu (38046977),308.26376736111115,397.69284545554405,49700,100.00%,8696,187.54%,0,161.99,$5.63,TOR 4,BOS 1,user41,50,marvalshot,1871,4662599776_41
Shai Gilgeous-Alexander (38046841),AJ Lawson (38047276),Naji Marshall (38046946),Chris Boucher (38047411),Andre Drummond (38047063),Jared Rhoden (38047408),John Collins (38046999),Ivica Zubac (38046915),292.72,389.27000000000004,49800,41.78%,0,-79.55%,0,158.71,$-2.39,TOR 3,OKC 1,user41,50,marvalshot,8726,4662599777_41
James Harden (38046852),Jared Butler (38047188),Vince Williams Jr. (38047307),Miles Bridges (38046903),Isaiah Hartenstein (38046979),Jared Rhoden (38047408),John Collins (38046999),Jakob Poeltl (38047034),296.71578124999996,395.7721309182846,50000,89.79%,0,7.33%,0,122.95,$0.22,TOR 2,LAC 1,user41,43,marvalshot,11311,4662599778_41
Jamal Shead (38047196),AJ Lawson (38047276),Jayson Tatum (38046844),Naji Marshall (38046946),Brandon Clarke (38047251),Collin Sexton (38047052),Jamison Battle (38047427),Trae Young (38046855),300.30343750000003,394.2591688461397,49600,99.83%,1,71.18%,0,159.12,$2.14,TOR 3,BOS 1,user41,48,marvalshot,7879,4662599779_41
Trae Young (38046855),Jared Rhoden (38047408),Jamison Battle (38047427),Chris Boucher (38047411),Ivica Zubac (38046915),Devin Booker (38046874),Kessler Edwards (38047208),Naji Marshall (38046946),292.3834375,379.36916884613964,49100,36.64%,0,-83.82%,0,131.98,$-2.51,TOR 3,DAL 2,user28,1,marvalshot,11343,4662599780_28
Shai Gilgeous-Alexander (38046841),Jared Butler (38047188),Jamison Battle (38047427),Naji Marshall (38046946),Zach Edey (38047115),Ja Morant (38046871),Vince Williams Jr. (38047307),Collin Sexton (38047052),291.58,390.78,50000,26.47%,0,-90.76%,0,131.93,$-2.72,MEM 3,OKC 1,user41,42,marvalshot,11366,4662599781_41
Jared Butler (38047188),AJ Lawson (38047276),Vince Williams Jr. (38047307),Miles Bridges (38046903),Onyeka Okongwu (38046977),Trae Young (38046855),John Collins (38046999),Andre Drummond (38047063),308.0072048611111,409.7720143016836,49900,100.00%,9904,190.95%,0,132.26,$5.73,PHI 2,ATL 2,user42,49,marvalshot,138,4662599772_42
Ja Morant (38046871),Jared Butler (38047188),Klay Thompson (38047011),Naji Marshall (38046946),Andre Drummond (38047063),Jared Rhoden (38047408),John Collins (38046999),Onyeka Okongwu (38046977),293.7779861111111,389.86071453725935,50000,56.99%,0,-61.93%,0,124.03999999999999,$-1.86,PHI 2,DAL 2,user42,48,marvalshot,11305,4662599773_42
Jared Butler (38047188),Jared Rhoden (38047408),Jayson Tatum (38046844),Chris Boucher (38047411),Jakob Poeltl (38047034),Jamal Shead (38047196),John Collins (38046999),Shai Gilgeous-Alexander (38046841),293.49,395.44,50000,53.80%,0,-72.51%,0,170.35999999999999,$-2.18,TOR 4,PHI 1,user42,50,marvalshot,6424,4662599774_42
Jamal Shead (38047196),Jared Rhoden (38047408),Jayson Tatum (38046844),Miles Bridges (38046903),Andre Drummond (38047063),Collin Sexton (38047052),Kessler Edwards (38047208),Naji Marshall (38046946),307.67578125000006,398.31213091828465,49800,100.00%,6841,174.03%,0,145.14,$5.22,TOR 2,DAL 2,user43,50,marvalshot,2761,4662599775_43
Jamal Shead (38047196),Jared Rhoden (38047408),Jaylen Brown (38046885),Miles Bridges (38046903),Jakob Poeltl (38047034),AJ Lawson (38047276),Naji Marshall (38046946),Onyeka Okongwu (38046977),308.26376736111115,397.69284545554405,49700,100.00%,8696,187.54%,0,161.99,$5.63,TOR 4,BOS 1,user42,50,marvalshot,1871,4662599776_42
Shai Gilgeous-Alexander (38046841),AJ Lawson (38047276),Naji Marshall (38046946),Chris Boucher (38047411),Andre Drummond (38047063),Jared Rhoden (38047408),John Collins (38046999),Ivica Zubac (38046915),292.72,389.27000000000004,49800,41.78%,0,-79.55%,0,158.71,$-2.39,TOR 3,OKC 1,user42,50,marvalshot,8726,4662599777_42
James Harden (38046852),Jared Butler (38047188),Vince Williams Jr. (38047307),Miles Bridges (38046903),Isaiah Hartenstein (38046979),Jared Rhoden (38047408),John Collins (38046999),Jakob Poeltl (38047034),296.71578124999996,395.7721309182846,50000,89.79%,0,7.33%,0,122.95,$0.22,TOR 2,LAC 1,user42,43,marvalshot,11311,4662599778_42
Jamal Shead (38047196),AJ Lawson (38047276),Jayson Tatum (38046844),Naji Marshall (38046946),Brandon Clarke (38047251),Collin Sexton (38047052),Jamison Battle (38047427),Trae Young (38046855),300.30343750000003,394.2591688461397,49600,99.83%,1,71.18%,0,159.12,$2.14,TOR 3,BOS 1,user42,48,marvalshot,7879,4662599779_42
Trae Young (38046855),Jared Rhoden (38047408),Jamison Battle (38047427),Chris Boucher (38047411),Zach Edey (38047115),Desmond Bane (38046917),Naji Marshall (38046946),Ja Morant (38046871),292.4034375,389.2191688461396,49600,36.96%,0,-84.13%,0,128.88,$-2.52,TOR 3,MEM 3,user12,1,marvalshot,11327,4662599780_12
Shai Gilgeous-Alexander (38046841),Jared Butler (38047188),Jamison Battle (38047427),Naji Marshall (38046946),Zach Edey (38047115),Ja Morant (38046871),Vince Williams Jr. (38047307),Collin Sexton (38047052),291.58,390.78,50000,26.47%,0,-90.76%,0,131.93,$-2.72,MEM 3,OKC 1,user42,42,marvalshot,11366,4662599781_42
Jared Butler (38047188),AJ Lawson (38047276),Vince Williams Jr. (38047307),Miles Bridges (38046903),Onyeka Okongwu (38046977),Trae Young (38046855),John Collins (38046999),Andre Drummond (38047063),308.0072048611111,409.7720143016836,49900,100.00%,9904,190.95%,0,132.26,$5.73,PHI 2,ATL 2,user43,49,marvalshot,138,4662599772_43
Ja Morant (38046871),Jared Butler (38047188),Klay Thompson (38047011),Naji Marshall (38046946),Andre Drummond (38047063),Jared Rhoden (38047408),John Collins (38046999),Onyeka Okongwu (38046977),293.7779861111111,389.86071453725935,50000,56.99%,0,-61.93%,0,124.03999999999999,$-1.86,PHI 2,DAL 2,user43,48,marvalshot,11305,4662599773_43
Jared Butler (38047188),Jared Rhoden (38047408),Jayson Tatum (38046844),Chris Boucher (38047411),Jakob Poeltl (38047034),Jamal Shead (38047196),John Collins (38046999),Shai Gilgeous-Alexander (38046841),293.49,395.44,50000,53.80%,0,-72.51%,0,170.35999999999999,$-2.18,TOR 4,PHI 1,user43,50,marvalshot,6424,4662599774_43
Jamal Shead (38047196),Jared Rhoden (38047408),Jayson Tatum (38046844),Miles Bridges (38046903),Andre Drummond (38047063),Collin Sexton (38047052),Kessler Edwards (38047208),Naji Marshall (38046946),307.67578125000006,398.31213091828465,49800,100.00%,6841,174.03%,0,145.14,$5.22,TOR 2,DAL 2,user44,50,marvalshot,2761,4662599775_44
Jamal Shead (38047196),Jared Rhoden (38047408),Jaylen Brown (38046885),Miles Bridges (38046903),Jakob Poeltl (38047034),AJ Lawson (38047276),Naji Marshall (38046946),Onyeka Okongwu (38046977),308.26376736111115,397.69284545554405,49700,100.00%,8696,187.54%,0,161.99,$5.63,TOR 4,BOS 1,user43,50,marvalshot,1871,4662599776_43
Shai Gilgeous-Alexander (38046841),AJ Lawson (38047276),Naji Marshall (38046946),Chris Boucher (38047411),Andre Drummond (38047063),Jared Rhoden (38047408),John Collins (38046999),Ivica Zubac (38046915),292.72,389.27000000000004,49800,41.78%,0,-79.55%,0,158.71,$-2.39,TOR 3,OKC 1,user43,50,marvalshot,8726,4662599777_43
James Harden (38046852),Jared Butler (38047188),Vince Williams Jr. (38047307),Miles Bridges (38046903),Isaiah Hartenstein (38046979),Jared Rhoden (38047408),John Collins (38046999),Jakob Poeltl (38047034),296.71578124999996,395.7721309182846,50000,89.79%,0,7.33%,0,122.95,$0.22,TOR 2,LAC 1,user43,43,marvalshot,11311,4662599778_43
Jamal Shead (38047196),AJ Lawson (38047276),Jayson Tatum (38046844),Naji Marshall (38046946),Brandon Clarke (38047251),Collin Sexton (38047052),Jamison Battle (38047427),Trae Young (38046855),300.30343750000003,394.2591688461397,49600,99.83%,1,71.18%,0,159.12,$2.14,TOR 3,BOS 1,user43,48,marvalshot,7879,4662599779_43
Trae Young (38046855),Jared Rhoden (38047408),Jamison Battle (38047427),Chris Boucher (38047411),Alperen Sengun (38046862),Jalen Green (38046964),Naji Marshall (38046946),Collin Sexton (38047052),292.36343750000003,387.5191688461397,49700,36.43%,0,-84.17%,0,136.93,$-2.52,TOR 3,HOU 2,user42,1,marvalshot,11357,4662599780_42
Shai Gilgeous-Alexander (38046841),Jared Butler (38047188),Jamison Battle (38047427),Naji Marshall (38046946),Zach Edey (38047115),Ja Morant (38046871),Vince Williams Jr. (38047307),Collin Sexton (38047052),291.58,390.78,50000,26.47%,0,-90.76%,0,131.93,$-2.72,MEM 3,OKC 1,user43,42,marvalshot,11366,4662599781_43
Jared Butler (38047188),AJ Lawson (38047276),Vince Williams Jr. (38047307),Miles Bridges (38046903),Onyeka Okongwu (38046977),Trae Young (38046855),John Collins (38046999),Andre Drummond (38047063),308.0072048611111,409.7720143016836,49900,100.00%,9904,190.95%,0,132.26,$5.73,PHI 2,ATL 2,user44,49,marvalshot,138,4662599772_44
Ja Morant (38046871),Jared Butler (38047188),Klay Thompson (38047011),Naji Marshall (38046946),Andre Drummond (38047063),Jared Rhoden (38047408),John Collins (38046999),Onyeka Okongwu (38046977),293.7779861111111,389.86071453725935,50000,56.99%,0,-61.93%,0,124.03999999999999,$-1.86,PHI 2,DAL 2,user44,48,marvalshot,11305,4662599773_44
Jared Butler (38047188),Jared Rhoden (38047408),Jayson Tatum (38046844),Chris Boucher (38047411),Jakob Poeltl (38047034),Jamal Shead (38047196),John Collins (38046999),Shai Gilgeous-Alexander (38046841),293.49,395.44,50000,53.80%,0,-72.51%,0,170.35999999999999,$-2.18,TOR 4,PHI 1,user44,50,marvalshot,6424,4662599774_44
Jamal Shead (38047196),Jared Rhoden (38047408),Jayson Tatum (38046844),Miles Bridges (38046903),Andre Drummond (38047063),Collin Sexton (38047052),Kessler Edwards (38047208),Naji Marshall (38046946),307.67578125000006,398.31213091828465,49800,100.00%,6841,174.03%,0,145.14,$5.22,TOR 2,DAL 2,user45,50,marvalshot,2761,4662599775_45
Jamal Shead (38047196),Jared Rhoden (38047408),Jaylen Brown (38046885),Miles Bridges (38046903),Jakob Poeltl (38047034),AJ Lawson (38047276),Naji Marshall (38046946),Onyeka Okongwu (38046977),308.26376736111115,397.69284545554405,49700,100.00%,8696,187.54%,0,161.99,$5.63,TOR 4,BOS 1,user44,50,marvalshot,1871,4662599776_44
Shai Gilgeous-Alexander (38046841),AJ Lawson (38047276),Naji Marshall (38046946),Chris Boucher (38047411),Andre Drummond (38047063),Jared Rhoden (38047408),John Collins (38046999),Ivica Zubac (38046915),292.72,389.27000000000004,49800,41.78%,0,-79.55%,0,158.71,$-2.39,TOR 3,OKC 1,user44,50,marvalshot,8726,4662599777_44
James Harden (38046852),Jared Butler (38047188),Vince Williams Jr. (38047307),Miles Bridges (38046903),Isaiah Hartenstein (38046979),Jared Rhoden (38047408),John Collins (38046999),Jakob Poeltl (38047034),296.71578124999996,395.7721309182846,50000,89.79%,0,7.33%,0,122.95,$0.22,TOR 2,LAC 1,user44,43,marvalshot,11311,4662599778_44
Jamal Shead (38047196),AJ Lawson (38047276),Jayson Tatum (38046844),Naji Marshall (38046946),Brandon Clarke (38047251),Collin Sexton (38047052),Jamison Battle (38047427),Trae Young (38046855),300.30343750000003,394.2591688461397,49600,99.83%,1,71.18%,0,159.12,$2.14,TOR 3,BOS 1,user44,48,marvalshot,7879,4662599779_44
Trae Young (38046855),Jared Rhoden (38047408),Jamison Battle (38047427),Chris Boucher (38047411),Ivica Zubac (38046915),Bogdan Bogdanovic (38047110),Naji Marshall (38046946),Ja Morant (38046871),292.2634375,385.65916884613966,49700,34.92%,0,-85.04%,0,125.25,$-2.55,TOR 3,LAC 2,user48,1,marvalshot,11363,4662599780_48
Shai Gilgeous-Alexander (38046841),Jared Butler (38047188),Jamison Battle (38047427),Naji Marshall (38046946),Zach Edey (38047115),Ja Morant (38046871),Vince Williams Jr. (38047307),Collin Sexton (38047052),291.58,390.78,50000,26.47%,0,-90.76%,0,131.93,$-2.72,MEM 3,OKC 1,user44,42,marvalshot,11366,4662599781_44
Jared Butler (38047188),AJ Lawson (38047276),Vince Williams Jr. (38047307),Miles Bridges (38046903),Onyeka Okongwu (38046977),Trae Young (38046855),John Collins (38046999),Andre Drummond (38047063),308.0072048611111,409.7720143016836,49900,100.00%,9904,190.95%,0,132.26,$5.73,PHI 2,ATL 2,user45,49,marvalshot,138,4662599772_45
Ja Morant (38046871),Jared Butler (38047188),Klay Thompson (38047011),Naji Marshall (38046946),Andre Drummond (38047063),Jared Rhoden (38047408),John Collins (38046999),Onyeka Okongwu (38046977),293.7779861111111,389.86071453725935,50000,56.99%,0,-61.93%,0,124.03999999999999,$-1.86,PHI 2,DAL 2,user45,48,marvalshot,11305,4662599773_45
Jared Butler (38047188),Jared Rhoden (38047408),Jayson Tatum (38046844),Chris Boucher (38047411),Jakob Poeltl (38047034),Jamal Shead (38047196),John Collins (38046999),Shai Gilgeous-Alexander (38046841),293.49,395.44,50000,53.80%,0,-72.51%,0,170.35999999999999,$-2.18,TOR 4,PHI 1,user45,50,marvalshot,6424,4662599774_45
Jamal Shead (38047196),Jared Rhoden (38047408),Jayson Tatum (38046844),Miles Bridges (38046903),Andre Drummond (38047063),Collin Sexton (38047052),Kessler Edwards (38047208),Naji Marshall (38046946),307.67578125000006,398.31213091828465,49800,100.00%,6841,174.03%,0,145.14,$5.22,TOR 2,DAL 2,user46,50,marvalshot,2761,4662599775_46
Jamal Shead (38047196),Jared Rhoden (38047408),Jaylen Brown (38046885),Miles Bridges (38046903),Jakob Poeltl (38047034),AJ Lawson (38047276),Naji Marshall (38046946),Onyeka Okongwu (38046977),308.26376736111115,397.69284545554405,49700,100.00%,8696,187.54%,0,161.99,$5.63,TOR 4,BOS 1,user45,50,marvalshot,1871,4662599776_45
Shai Gilgeous-Alexander (38046841),AJ Lawson (38047276),Naji Marshall (38046946),Chris Boucher (38047411),Andre Drummond (38047063),Jared Rhoden (38047408),John Collins (38046999),Ivica Zubac (38046915),292.72,389.27000000000004,49800,41.78%,0,-79.55%,0,158.71,$-2.39,TOR 3,OKC 1,user45,50,marvalshot,8726,4662599777_45
James Harden (38046852),Jared Butler (38047188),Vince Williams Jr. (38047307),Miles Bridges (38046903),Isaiah Hartenstein (38046979),Jared Rhoden (38047408),John Collins (38046999),Jakob Poeltl (38047034),296.71578124999996,395.7721309182846,50000,89.79%,0,7.33%,0,122.95,$0.22,TOR 2,LAC 1,user45,43,marvalshot,11311,4662599778_45
Jamal Shead (38047196),AJ Lawson (38047276),Jayson Tatum (38046844),Naji Marshall (38046946),Brandon Clarke (38047251),Collin Sexton (38047052),Jamison Battle (38047427),Trae Young (38046855),300.30343750000003,394.2591688461397,49600,99.83%,1,71.18%,0,159.12,$2.14,TOR 3,BOS 1,user45,48,marvalshot,7879,4662599779_45
Trae Young (38046855),Jared Rhoden (38047408),Jamison Battle (38047427),Chris Boucher (38047411),Brandon Clarke (38047251),Devin Booker (38046874),Naji Marshall (38046946),Ja Morant (38046871),292.2134375,387.0291688461396,49900,34.24%,0,-85.09%,0,127.83,$-2.55,TOR 3,MEM 2,user27,1,marvalshot,11342,4662599780_27
Shai Gilgeous-Alexander (38046841),Jared Butler (38047188),Jamison Battle (38047427),Naji Marshall (38046946),Zach Edey (38047115),Ja Morant (38046871),Vince Williams Jr. (38047307),Collin Sexton (38047052),291.58,390.78,50000,26.47%,0,-90.76%,0,131.93,$-2.72,MEM 3,OKC 1,user45,42,marvalshot,11366,4662599781_45
Jared Butler (38047188),AJ Lawson (38047276),Vince Williams Jr. (38047307),Miles Bridges (38046903),Onyeka Okongwu (38046977),Trae Young (38046855),John Collins (38046999),Andre Drummond (38047063),308.0072048611111,409.7720143016836,49900,100.00%,9904,190.95%,0,132.26,$5.73,PHI 2,ATL 2,user46,49,marvalshot,138,4662599772_46
Ja Morant (38046871),Jared Butler (38047188),Klay Thompson (38047011),Naji Marshall (38046946),Andre Drummond (38047063),Jared Rhoden (38047408),John Collins (38046999),Onyeka Okongwu (38046977),293.7779861111111,389.86071453725935,50000,56.99%,0,-61.93%,0,124.03999999999999,$-1.86,PHI 2,DAL 2,user46,48,marvalshot,11305,4662599773_46
Jared Butler (38047188),Jared Rhoden (38047408),Jayson Tatum (38046844),Chris Boucher (38047411),Jakob Poeltl (38047034),Jamal Shead (38047196),John Collins (38046999),Shai Gilgeous-Alexander (38046841),293.49,395.44,50000,53.80%,0,-72.51%,0,170.35999999999999,$-2.18,TOR 4,PHI 1,user46,50,marvalshot,6424,4662599774_46
Jamal Shead (38047196),Jared Rhoden (38047408),Jayson Tatum (38046844),Miles Bridges (38046903),Andre Drummond (38047063),Collin Sexton (38047052),Kessler Edwards (38047208),Naji Marshall (38046946),307.67578125000006,398.31213091828465,49800,100.00%,6841,174.03%,0,145.14,$5.22,TOR 2,DAL 2,user47,50,marvalshot,2761,4662599775_47
Jamal Shead (38047196),Jared Rhoden (38047408),Jaylen Brown (38046885),Miles Bridges (38046903),Jakob Poeltl (38047034),AJ Lawson (38047276),Naji Marshall (38046946),Onyeka Okongwu (38046977),308.26376736111115,397.69284545554405,49700,100.00%,8696,187.54%,0,161.99,$5.63,TOR 4,BOS 1,user46,50,marvalshot,1871,4662599776_46
Shai Gilgeous-Alexander (38046841),AJ Lawson (38047276),Naji Marshall (38046946),Chris Boucher (38047411),Andre Drummond (38047063),Jared Rhoden (38047408),John Collins (38046999),Ivica Zubac (38046915),292.72,389.27000000000004,49800,41.78%,0,-79.55%,0,158.71,$-2.39,TOR 3,OKC 1,user46,50,marvalshot,8726,4662599777_46
James Harden (38046852),Jared Butler (38047188),Vince Williams Jr. (38047307),Miles Bridges (38046903),Isaiah Hartenstein (38046979),Jared Rhoden (38047408),John Collins (38046999),Jakob Poeltl (38047034),296.71578124999996,395.7721309182846,50000,89.79%,0,7.33%,0,122.95,$0.22,TOR 2,LAC 1,user46,43,marvalshot,11311,4662599778_46
Jamal Shead (38047196),AJ Lawson (38047276),Jayson Tatum (38046844),Naji Marshall (38046946),Brandon Clarke (38047251),Collin Sexton (38047052),Jamison Battle (38047427),Trae Young (38046855),300.30343750000003,394.2591688461397,49600,99.83%,1,71.18%,0,159.12,$2.14,TOR 3,BOS 1,user46,48,marvalshot,7879,4662599779_46
Trae Young (38046855),Jared Rhoden (38047408),Jamison Battle (38047427),Chris Boucher (38047411),Ivica Zubac (38046915),Collin Sexton (38047052),John Collins (38046999),De'Aaron Fox (38046881),292.23343750000004,388.77916884613967,49200,34.53%,0,-85.36%,0,127.32,$-2.56,TOR 3,UTA 2,user37,1,marvalshot,11352,4662599780_37
Shai Gilgeous-Alexander (38046841),Jared Butler (38047188),Jamison Battle (38047427),Naji Marshall (38046946),Zach Edey (38047115),Ja Morant (38046871),Vince Williams Jr. (38047307),Collin Sexton (38047052),291.58,390.78,50000,26.47%,0,-90.76%,0,131.93,$-2.72,MEM 3,OKC 1,user46,42,marvalshot,11366,4662599781_46
Jared Butler (38047188),AJ Lawson (38047276),Vince Williams Jr. (38047307),Miles Bridges (38046903),Onyeka Okongwu (38046977),Trae Young (38046855),John Collins (38046999),Andre Drummond (38047063),308.0072048611111,409.7720143016836,49900,100.00%,9904,190.95%,0,132.26,$5.73,PHI 2,ATL 2,user47,49,marvalshot,138,4662599772_47
Ja Morant (38046871),Jared Butler (38047188),Klay Thompson (38047011),Naji Marshall (38046946),Andre Drummond (38047063),Jared Rhoden (38047408),John Collins (38046999),Onyeka Okongwu (38046977),293.7779861111111,389.86071453725935,50000,56.99%,0,-61.93%,0,124.03999999999999,$-1.86,PHI 2,DAL 2,user47,48,marvalshot,11305,4662599773_47
Jared Butler (38047188),Jared Rhoden (38047408),Jayson Tatum (38046844),Chris Boucher (38047411),Jakob Poeltl (38047034),Jamal Shead (38047196),John Collins (38046999),Shai Gilgeous-Alexander (38046841),293.49,395.44,50000,53.80%,0,-72.51%,0,170.35999999999999,$-2.18,TOR 4,PHI 1,user47,50,marvalshot,6424,4662599774_47
Jamal Shead (38047196),Jared Rhoden (38047408),Jayson Tatum (38046844),Miles Bridges (38046903),Andre Drummond (38047063),Collin Sexton (38047052),Kessler Edwards (38047208),Naji Marshall (38046946),307.67578125000006,398.31213091828465,49800,100.00%,6841,174.03%,0,145.14,$5.22,TOR 2,DAL 2,user48,50,marvalshot,2761,4662599775_48
Jamal Shead (38047196),Jared Rhoden (38047408),Jaylen Brown (38046885),Miles Bridges (38046903),Jakob Poeltl (38047034),AJ Lawson (38047276),Naji Marshall (38046946),Onyeka Okongwu (38046977),308.26376736111115,397.69284545554405,49700,100.00%,8696,187.54%,0,161.99,$5.63,TOR 4,BOS 1,user47,50,marvalshot,1871,4662599776_47
Shai Gilgeous-Alexander (38046841),AJ Lawson (38047276),Naji Marshall (38046946),Chris Boucher (38047411),Andre Drummond (38047063),Jared Rhoden (38047408),John Collins (38046999),Ivica Zubac (38046915),292.72,389.27000000000004,49800,41.78%,0,-79.55%,0,158.71,$-2.39,TOR 3,OKC 1,user47,50,marvalshot,8726,4662599777_47
James Harden (38046852),Jared Butler (38047188),Vince Williams Jr. (38047307),Miles Bridges (38046903),Isaiah Hartenstein (38046979),Jared Rhoden (38047408),John Collins (38046999),Jakob Poeltl (38047034),296.71578124999996,395.7721309182846,50000,89.79%,0,7.33%,0,122.95,$0.22,TOR 2,LAC 1,user47,43,marvalshot,11311,4662599778_47
Jamal Shead (38047196),AJ Lawson (38047276),Jayson Tatum (38046844),Naji Marshall (38046946),Brandon Clarke (38047251),Collin Sexton (38047052),Jamison Battle (38047427),Trae Young (38046855),300.30343750000003,394.2591688461397,49600,99.83%,1,71.18%,0,159.12,$2.14,TOR 3,BOS 1,user47,48,marvalshot,7879,4662599779_47
Trae Young (38046855),Jared Rhoden (38047408),Jamison Battle (38047427),Chris Boucher (38047411),John Collins (38046999),James Harden (38046852),Kessler Edwards (38047208),Ivica Zubac (38046915),292.11343750000003,386.30916884613964,49200,33.17%,0,-86.42%,0,124.59,$-2.59,TOR 3,LAC 2,user6,1,marvalshot,11321,4662599780_6
Shai Gilgeous-Alexander (38046841),Jared Butler (38047188),Jamison Battle (38047427),Naji Marshall (38046946),Zach Edey (38047115),Ja Morant (38046871),Vince Williams Jr. (38047307),Collin Sexton (38047052),291.58,390.78,50000,26.47%,0,-90.76%,0,131.93,$-2.72,MEM 3,OKC 1,user47,42,marvalshot,11366,4662599781_47
Jared Butler (38047188),AJ Lawson (38047276),Vince Williams Jr. (38047307),Miles Bridges (38046903),Onyeka Okongwu (38046977),Trae Young (38046855),John Collins (38046999),Andre Drummond (38047063),308.0072048611111,409.7720143016836,49900,100.00%,9904,190.95%,0,132.26,$5.73,PHI 2,ATL 2,user48,49,marvalshot,138,4662599772_48
Ja Morant (38046871),Jared Butler (38047188),Klay Thompson (38047011),Naji Marshall (38046946),Andre Drummond (38047063),Jared Rhoden (38047408),John Collins (38046999),Onyeka Okongwu (38046977),293.7779861111111,389.86071453725935,50000,56.99%,0,-61.93%,0,124.03999999999999,$-1.86,PHI 2,DAL 2,user48,48,marvalshot,11305,4662599773_48
Jared Butler (38047188),Jared Rhoden (38047408),Jayson Tatum (38046844),Chris Boucher (38047411),Jakob Poeltl (38047034),Jamal Shead (38047196),John Collins (38046999),Shai Gilgeous-Alexander (38046841),293.49,395.44,50000,53.80%,0,-72.51%,0,170.35999999999999,$-2.18,TOR 4,PHI 1,user48,50,marvalshot,6424,4662599774_48
Jamal Shead (38047196),Jared Rhoden (38047408),Jayson Tatum (38046844),Miles Bridges (38046903),Andre Drummond (38047063),Collin Sexton (38047052),Kessler Edwards (38047208),Naji Marshall (38046946),307.67578125000006,398.31213091828465,49800,100.00%,6841,174.03%,0,145.14,$5.22,TOR 2,DAL 2,user49,50,marvalshot,2761,4662599775_49
Jamal Shead (38047196),Jared Rhoden (38047408),Jaylen Brown (38046885),Miles Bridges (38046903),Jakob Poeltl (38047034),AJ Lawson (38047276),Naji Marshall (38046946),Onyeka Okongwu (38046977),308.26376736111115,397.69284545554405,49700,100.00%,8696,187.54%,0,161.99,$5.63,TOR 4,BOS 1,user48,50,marvalshot,1871,4662599776_48
Shai Gilgeous-Alexander (38046841),AJ Lawson (38047276),Naji Marshall (38046946),Chris Boucher (38047411),Andre Drummond (38047063),Jared Rhoden (38047408),John Collins (38046999),Ivica Zubac (38046915),292.72,389.27000000000004,49800,41.78%,0,-79.55%,0,158.71,$-2.39,TOR 3,OKC 1,user48,50,marvalshot,8726,4662599777_48
James Harden (38046852),Jared Butler (38047188),Vince Williams Jr. (38047307),Miles Bridges (38046903),Isaiah Hartenstein (38046979),Jared Rhoden (38047408),John Collins (38046999),Jakob Poeltl (38047034),296.71578124999996,395.7721309182846,50000,89.79%,0,7.33%,0,122.95,$0.22,TOR 2,LAC 1,user48,43,marvalshot,11311,4662599778_48
Jamal Shead (38047196),AJ Lawson (38047276),Jayson Tatum (38046844),Naji Marshall (38046946),Brandon Clarke (38047251),Collin Sexton (38047052),Jamison Battle (38047427),Trae Young (38046855),300.30343750000003,394.2591688461397,49600,99.83%,1,71.18%,0,159.12,$2.14,TOR 3,BOS 1,user48,48,marvalshot,7879,4662599779_48
Trae Young (38046855),Jared Rhoden (38047408),Jamison Battle (38047427),Chris Boucher (38047411),John Collins (38046999),Ja Morant (38046871),Tari Eason (38047036),Ivica Zubac (38046915),292.06343749999996,391.5291688461396,49900,32.12%,0,-86.64%,0,125.75999999999999,$-2.6,TOR 3,ATL 1,user5,1,marvalshot,11320,4662599780_5
Shai Gilgeous-Alexander (38046841),Jared Butler (38047188),Jamison Battle (38047427),Naji Marshall (38046946),Zach Edey (38047115),Ja Morant (38046871),Vince Williams Jr. (38047307),Collin Sexton (38047052),291.58,390.78,50000,26.47%,0,-90.76%,0,131.93,$-2.72,MEM 3,OKC 1,user48,42,marvalshot,11366,4662599781_48
Jared Butler (38047188),AJ Lawson (38047276),Vince Williams Jr. (38047307),Miles Bridges (38046903),Onyeka Okongwu (38046977),Trae Young (38046855),John Collins (38046999),Andre Drummond (38047063),308.0072048611111,409.7720143016836,49900,100.00%,9904,190.95%,0,132.26,$5.73,PHI 2,ATL 2,user49,49,marvalshot,138,4662599772_49
Ja Morant (38046871),Jared Butler (38047188),Klay Thompson (38047011),Naji Marshall (38046946),Andre Drummond (38047063),Jared Rhoden (38047408),John Collins (38046999),Onyeka Okongwu (38046977),293.7779861111111,389.86071453725935,50000,56.99%,0,-61.93%,0,124.03999999999999,$-1.86,PHI 2,DAL 2,user49,48,marvalshot,11305,4662599773_49
Jared Butler (38047188),Jared Rhoden (38047408),Jayson Tatum (38046844),Chris Boucher (38047411),Jakob Poeltl (38047034),Jamal Shead (38047196),John Collins (38046999),Shai Gilgeous-Alexander (38046841),293.49,395.44,50000,53.80%,0,-72.51%,0,170.35999999999999,$-2.18,TOR 4,PHI 1,user49,50,marvalshot,6424,4662599774_49
Jamal Shead (38047196),Jared Rhoden (38047408),Jayson Tatum (38046844),Miles Bridges (38046903),Andre Drummond (38047063),Collin Sexton (38047052),Naji Marshall (38046946),Kessler Edwards (38047208),307.67578125,398.3121309182846,49800,100.00%,6841,174.03%,0,145.14,$5.22,TOR 2,DAL 2,user,50,marvalshot,2761,4662599775
Jamal Shead (38047196),Jared Rhoden (38047408),Jaylen Brown (38046885),Miles Bridges (38046903),Jakob Poeltl (38047034),AJ Lawson (38047276),Naji Marshall (38046946),Onyeka Okongwu (38046977),308.26376736111115,397.69284545554405,49700,100.00%,8696,187.54%,0,161.99,$5.63,TOR 4,BOS 1,user49,50,marvalshot,1871,4662599776_49
Shai Gilgeous-Alexander (38046841),AJ Lawson (38047276),Naji Marshall (38046946),Chris Boucher (38047411),Andre Drummond (38047063),Jared Rhoden (38047408),John Collins (38046999),Ivica Zubac (38046915),292.72,389.27000000000004,49800,41.78%,0,-79.55%,0,158.71,$-2.39,TOR 3,OKC 1,user49,50,marvalshot,8726,4662599777_49
James Harden (38046852),Jared Butler (38047188),Vince Williams Jr. (38047307),Miles Bridges (38046903),Isaiah Hartenstein (38046979),Jared Rhoden (38047408),John Collins (38046999),Jakob Poeltl (38047034),296.71578124999996,395.7721309182846,50000,89.79%,0,7.33%,0,122.95,$0.22,TOR 2,LAC 1,user49,43,marvalshot,11311,4662599778_49
Jamal Shead (38047196),AJ Lawson (38047276),Jayson Tatum (38046844),Naji Marshall (38046946),Brandon Clarke (38047251),Collin Sexton (38047052),Jamison Battle (38047427),Trae Young (38046855),300.30343750000003,394.2591688461397,49600,99.83%,1,71.18%,0,159.12,$2.14,TOR 3,BOS 1,user49,48,marvalshot,7879,4662599779_49
Trae Young (38046855),Jared Rhoden (38047408),Jamison Battle (38047427),Chris Boucher (38047411),Ivica Zubac (38046915),Collin Sexton (38047052),John Collins (38046999),Bam Adebayo (38046867),292.09343750000005,388.8891688461397,49700,32.71%,0,-86.95%,0,124.41,$-2.61,TOR 3,UTA 2,user25,1,marvalshot,11340,4662599780_25
Shai Gilgeous-Alexander (38046841),Jared Butler (38047188),Jamison Battle (38047427),Naji Marshall (38046946),Zach Edey (38047115),Ja Morant (38046871),Vince Williams Jr. (38047307),Collin Sexton (38047052),291.58,390.78,50000,26.47%,0,-90.76%,0,131.93,$-2.72,MEM 3,OKC 1,user49,42,marvalshot,11366,4662599781_49
