PG,SG,SF,PF,C,G,F,UTIL,Proj,Ceiling,Salary,Cash %,Top 1%,ROI%,Wins,Own Sum,Avg Return,Stack1,Stack2,Lineup,Dupes,User,Index,Entry ID
Jordan Poole (38009599),AJ Lawson (38010081),Scottie Barnes (38009581),Giannis Antetokounmpo (38009507),Orlando Robinson (38010004),Josh Giddey (38009559),Jamison Battle (38010088),Draymond Green (38009648),290.38,388.57,49800,100.00%,1591,156.95%,0,169.68,$6.28,TOR 4,WAS 1,user2,1,marvalshot,13781,4658672636_2
Trae Young (38009522),AJ Lawson (38010081),Scottie Barnes (38009581),Giannis Antetokounmpo (38009507),Orlando Robinson (38010004),Tre Jones (38009777),Bennedict Mathurin (38009740),Alexandre Sarr (38009707),280.83,382.32,50000,86.06%,0,-8.39%,0,156.51,$-0.34,TOR 3,ATL 1,user,50,marvalshot,7965,4658672637
Trae Young (38009522),AJ Lawson (38010081),RJ Barrett (38009606),Pascal Siakam (38009567),Onyeka Okongwu (38009627),Tyler Herro (38009547),Jamison Battle (38010088),Orlando Robinson (38010004),283.2,377.05,49500,97.77%,0,46.36%,0,152.39000000000001,$1.85,TOR 4,ATL 2,user1,1,marvalshot,13789,4658672638_1
Jamal Shead (38009980),Tyler Herro (38009547),Jamison Battle (38010088),Tari Eason (38009699),Orlando Robinson (38010004),Josh Giddey (38009559),Giannis Antetokounmpo (38009507),Draymond Green (38009648),286.64374999999995,380.1658376934852,49700,99.95%,54,103.45%,0,162.05,$4.14,TOR 3,MIA 1,user49,1,marvalshot,13838,4658672639_49
AJ Lawson (38010081),Buddy Hield (38009817),Jamison Battle (38010088),Tari Eason (38009699),Alperen Sengun (38009525),T.J. McConnell (38009750),Jaylen Brown (38009562),Giannis Antetokounmpo (38009507),290.3825,385.0350555418866,49800,100.00%,990,154.4%,0,159.29000000000002,$6.18,TOR 2,HOU 2,user17,1,marvalshot,13855,4658672640_17
Jamal Shead (38009980),Jared Rhoden (38010114),Jamison Battle (38010088),Ausar Thompson (38009654),Alperen Sengun (38009525),Jordan Poole (38009599),Giannis Antetokounmpo (38009507),Onyeka Okongwu (38009627),295.28875,391.8392178484014,49900,100.00%,22190,267.04%,0,158.26999999999998,$10.68,TOR 3,DET 1,user,50,marvalshot,1428,4658672641
Jamal Shead (38009980),AJ Lawson (38010081),Georges Niang (38009841),Giannis Antetokounmpo (38009507),Orlando Robinson (38010004),Stephen Curry (38009527),Jaylen Brown (38009562),Onyeka Okongwu (38009627),287.2,383.43,49500,99.98%,65,111.86%,0,164.53,$4.47,TOR 3,ATL 2,user3,1,marvalshot,13890,4658672642_3
T.J. McConnell (38009750),Jared Rhoden (38010114),Scottie Barnes (38009581),Tari Eason (38009699),Onyeka Okongwu (38009627),Jamal Shead (38009980),Giannis Antetokounmpo (38009507),Jordan Poole (38009599),282.43375,383.6058376934852,49600,97.94%,0,34.65%,0,198.32,$1.39,TOR 3,IND 1,user,50,marvalshot,5084,4658672643
Jordan Poole (38009599),AJ Lawson (38010081),RJ Barrett (38009606),Pascal Siakam (38009567),Orlando Robinson (38010004),Jamal Shead (38009980),Giannis Antetokounmpo (38009507),Draymond Green (38009648),289.67999999999995,388.40999999999997,49200,100.00%,431,146.54%,0,188.48000000000002,$5.86,TOR 4,WAS 1,user,1,marvalshot,11753,4658672644
Jamal Shead (38009980),AJ Lawson (38010081),Scottie Barnes (38009581),Tari Eason (38009699),Onyeka Okongwu (38009627),Stephen Curry (38009527),Jaylen Brown (38009562),Draymond Green (38009648),291.39374999999995,382.9058376934852,49900,100.00%,1778,170.71%,0,195.92999999999998,$6.83,TOR 3,GSW 2,user1,1,marvalshot,13894,4658672645_1
Jordan Poole (38009599),AJ Lawson (38010081),Scottie Barnes (38009581),Giannis Antetokounmpo (38009507),Orlando Robinson (38010004),Jaylen Brown (38009562),Jamison Battle (38010088),Draymond Green (38009648),288.28,386.45,49700,99.99%,206,126.52%,0,170.91000000000003,$5.06,TOR 4,WAS 1,user1,1,marvalshot,13779,4658672636_1
Trae Young (38009522),AJ Lawson (38010081),Scottie Barnes (38009581),Giannis Antetokounmpo (38009507),Orlando Robinson (38010004),Tre Jones (38009777),Bennedict Mathurin (38009740),Alexandre Sarr (38009707),280.83,382.32,50000,86.06%,0,-8.39%,0,156.51,$-0.34,TOR 3,ATL 1,user1,50,marvalshot,7965,4658672637_1
Trae Young (38009522),AJ Lawson (38010081),RJ Barrett (38009606),Pascal Siakam (38009567),Onyeka Okongwu (38009627),Josh Giddey (38009559),Jamison Battle (38010088),Orlando Robinson (38010004),283.04,376.67,49200,97.24%,0,43.39%,0,141.57,$1.74,TOR 4,ATL 2,user,49,marvalshot,4009,4658672638
Jamal Shead (38009980),Coby White (38009594),Jamison Battle (38010088),Tari Eason (38009699),Orlando Robinson (38010004),Cade Cunningham (38009519),Giannis Antetokounmpo (38009507),Draymond Green (38009648),284.81375,379.4058376934853,49900,99.50%,5,74.95%,0,154.10000000000002,$3.0,TOR 3,CHI 1,user47,1,marvalshot,13836,4658672639_47
AJ Lawson (38010081),Tyler Herro (38009547),Jamison Battle (38010088),Tari Eason (38009699),Alperen Sengun (38009525),T.J. McConnell (38009750),Giannis Antetokounmpo (38009507),Kevin Porter Jr. (38009935),289.47249999999997,386.8250555418866,49700,100.00%,389,141.61%,0,158.33,$5.66,TOR 2,HOU 2,user49,1,marvalshot,13887,4658672640_49
Jamal Shead (38009980),Jared Rhoden (38010114),Jamison Battle (38010088),Giannis Antetokounmpo (38009507),Alperen Sengun (38009525),Jordan Poole (38009599),Ausar Thompson (38009654),Onyeka Okongwu (38009627),295.28875,391.83921784840135,49900,100.00%,22190,267.04%,0,158.26999999999998,$10.68,TOR 3,MIL 1,user1,50,marvalshot,1428,4658672641_1
Jamal Shead (38009980),AJ Lawson (38010081),Georges Niang (38009841),Jimmy Butler (38009577),Orlando Robinson (38010004),Cade Cunningham (38009519),Giannis Antetokounmpo (38009507),Onyeka Okongwu (38009627),285.81,383.02,49800,99.89%,13,90.59%,0,164.76999999999998,$3.62,TOR 3,ATL 2,user1,1,marvalshot,13888,4658672642_1
T.J. McConnell (38009750),Jared Rhoden (38010114),Scottie Barnes (38009581),Tari Eason (38009699),Onyeka Okongwu (38009627),Jamal Shead (38009980),Giannis Antetokounmpo (38009507),Jordan Poole (38009599),282.43375,383.6058376934852,49600,97.94%,0,34.65%,0,198.32,$1.39,TOR 3,IND 1,user1,50,marvalshot,5084,4658672643_1
Jordan Poole (38009599),AJ Lawson (38010081),RJ Barrett (38009606),Pascal Siakam (38009567),Orlando Robinson (38010004),Jamal Shead (38009980),Giannis Antetokounmpo (38009507),Kel'el Ware (38009661),285.66999999999996,385.61999999999995,49100,99.94%,2,89.54%,0,176.53000000000003,$3.58,TOR 4,WAS 1,user1,49,marvalshot,13893,4658672644_1
Jamal Shead (38009980),AJ Lawson (38010081),Scottie Barnes (38009581),Tari Eason (38009699),Onyeka Okongwu (38009627),Tre Jones (38009777),Jimmy Butler (38009577),Giannis Antetokounmpo (38009507),289.23375,385.9258376934852,50000,100.00%,182,139.6%,0,201.54,$5.58,TOR 3,HOU 1,user,49,marvalshot,5968,4658672645
Jordan Poole (38009599),AJ Lawson (38010081),Scottie Barnes (38009581),Giannis Antetokounmpo (38009507),Orlando Robinson (38010004),Tyler Herro (38009547),Jamison Battle (38010088),Kel'el Ware (38009661),286.53000000000003,386.16,50000,99.93%,23,101.66%,0,168.55,$4.07,TOR 4,MIA 2,user3,1,marvalshot,13783,4658672636_3
Trae Young (38009522),AJ Lawson (38010081),Scottie Barnes (38009581),Giannis Antetokounmpo (38009507),Orlando Robinson (38010004),Tre Jones (38009777),Bennedict Mathurin (38009740),Alexandre Sarr (38009707),280.83,382.32,50000,86.06%,0,-8.39%,0,156.51,$-0.34,TOR 3,ATL 1,user2,50,marvalshot,7965,4658672637_2
Trae Young (38009522),AJ Lawson (38010081),RJ Barrett (38009606),Pascal Siakam (38009567),Onyeka Okongwu (38009627),Josh Giddey (38009559),Jamison Battle (38010088),Orlando Robinson (38010004),283.04,376.67,49200,97.24%,0,43.39%,0,141.57,$1.74,TOR 4,ATL 2,user2,49,marvalshot,4009,4658672638_2
Jamal Shead (38009980),Tyler Herro (38009547),Jamison Battle (38010088),Tari Eason (38009699),Orlando Robinson (38010004),Josh Giddey (38009559),Giannis Antetokounmpo (38009507),Kel'el Ware (38009661),282.63374999999996,377.3758376934852,49600,96.60%,0,34.64%,0,150.10000000000002,$1.39,TOR 3,MIA 2,user37,1,marvalshot,13826,4658672639_37
AJ Lawson (38010081),Cole Anthony (38009736),Jamison Battle (38010088),Tari Eason (38009699),Alperen Sengun (38009525),T.J. McConnell (38009750),Jimmy Butler (38009577),Giannis Antetokounmpo (38009507),289.3325,385.5350555418866,49800,100.00%,382,139.43%,0,151.57,$5.58,TOR 2,HOU 2,user15,1,marvalshot,13853,4658672640_15
Jamal Shead (38009980),Jared Rhoden (38010114),Jamison Battle (38010088),Giannis Antetokounmpo (38009507),Alperen Sengun (38009525),Jordan Poole (38009599),Ausar Thompson (38009654),Onyeka Okongwu (38009627),295.28875,391.83921784840135,49900,100.00%,22190,267.04%,0,158.26999999999998,$10.68,TOR 3,MIL 1,user2,50,marvalshot,1428,4658672641_2
Jamal Shead (38009980),AJ Lawson (38010081),Georges Niang (38009841),Giannis Antetokounmpo (38009507),Orlando Robinson (38010004),Tyler Herro (38009547),Bam Adebayo (38009530),Onyeka Okongwu (38009627),285.16999999999996,379.98999999999995,49900,99.77%,4,81.59%,0,170.62,$3.26,TOR 3,ATL 2,user2,1,marvalshot,13889,4658672642_2
T.J. McConnell (38009750),Jared Rhoden (38010114),Scottie Barnes (38009581),Tari Eason (38009699),Onyeka Okongwu (38009627),Jamal Shead (38009980),Giannis Antetokounmpo (38009507),Jordan Poole (38009599),282.43375,383.6058376934852,49600,97.94%,0,34.65%,0,198.32,$1.39,TOR 3,IND 1,user2,50,marvalshot,5084,4658672643_2
Jordan Poole (38009599),AJ Lawson (38010081),RJ Barrett (38009606),Pascal Siakam (38009567),Orlando Robinson (38010004),Jamal Shead (38009980),Giannis Antetokounmpo (38009507),Kel'el Ware (38009661),285.66999999999996,385.61999999999995,49100,99.94%,2,89.54%,0,176.53000000000003,$3.58,TOR 4,WAS 1,user2,49,marvalshot,13893,4658672644_2
Jamal Shead (38009980),AJ Lawson (38010081),Scottie Barnes (38009581),Tari Eason (38009699),Onyeka Okongwu (38009627),Tre Jones (38009777),Jimmy Butler (38009577),Giannis Antetokounmpo (38009507),289.23375,385.9258376934852,50000,100.00%,182,139.6%,0,201.54,$5.58,TOR 3,HOU 1,user2,49,marvalshot,5968,4658672645_2
Jordan Poole (38009599),AJ Lawson (38010081),Scottie Barnes (38009581),Jayson Tatum (38009515),Orlando Robinson (38010004),Stephen Curry (38009527),Jamison Battle (38010088),Draymond Green (38009648),286.43,381.6,49700,99.91%,24,99.91%,0,160.27,$4.0,TOR 4,GSW 2,user,1,marvalshot,12196,4658672636
Trae Young (38009522),AJ Lawson (38010081),Scottie Barnes (38009581),Giannis Antetokounmpo (38009507),Orlando Robinson (38010004),Tre Jones (38009777),Bennedict Mathurin (38009740),Alexandre Sarr (38009707),280.83,382.32,50000,86.06%,0,-8.39%,0,156.51,$-0.34,TOR 3,ATL 1,user3,50,marvalshot,7965,4658672637_3
Trae Young (38009522),AJ Lawson (38010081),RJ Barrett (38009606),Pascal Siakam (38009567),Onyeka Okongwu (38009627),Josh Giddey (38009559),Jamison Battle (38010088),Orlando Robinson (38010004),283.04,376.67,49200,97.24%,0,43.39%,0,141.57,$1.74,TOR 4,ATL 2,user3,49,marvalshot,4009,4658672638_3
Jamal Shead (38009980),Austin Reaves (38009602),Jamison Battle (38010088),Tari Eason (38009699),Orlando Robinson (38010004),Stephen Curry (38009527),Andrew Wiggins (38009624),Giannis Antetokounmpo (38009507),282.29375,374.46583769348524,50000,95.09%,0,27.25%,0,144.99,$1.09,TOR 3,LAL 1,user8,1,marvalshot,13797,4658672639_8
AJ Lawson (38010081),Tyler Herro (38009547),Jamison Battle (38010088),Tari Eason (38009699),Alperen Sengun (38009525),T.J. McConnell (38009750),Gary Payton II (38009912),Giannis Antetokounmpo (38009507),288.05249999999995,384.2350555418866,49800,99.99%,77,122.17%,0,158.33,$4.89,TOR 2,HOU 2,user13,1,marvalshot,13851,4658672640_13
Jamal Shead (38009980),Jared Rhoden (38010114),Jamison Battle (38010088),Giannis Antetokounmpo (38009507),Alperen Sengun (38009525),Jordan Poole (38009599),Ausar Thompson (38009654),Onyeka Okongwu (38009627),295.28875,391.83921784840135,49900,100.00%,22190,267.04%,0,158.26999999999998,$10.68,TOR 3,MIL 1,user3,50,marvalshot,1428,4658672641_3
Jamal Shead (38009980),AJ Lawson (38010081),Georges Niang (38009841),Giannis Antetokounmpo (38009507),Orlando Robinson (38010004),Josh Giddey (38009559),Bam Adebayo (38009530),Onyeka Okongwu (38009627),285.01,379.61,49600,99.65%,5,78.36%,0,159.8,$3.13,TOR 3,ATL 2,user,1,marvalshot,12106,4658672642
T.J. McConnell (38009750),Jared Rhoden (38010114),Scottie Barnes (38009581),Tari Eason (38009699),Onyeka Okongwu (38009627),Jamal Shead (38009980),Giannis Antetokounmpo (38009507),Jordan Poole (38009599),282.43375,383.6058376934852,49600,97.94%,0,34.65%,0,198.32,$1.39,TOR 3,IND 1,user3,50,marvalshot,5084,4658672643_3
Jordan Poole (38009599),AJ Lawson (38010081),RJ Barrett (38009606),Pascal Siakam (38009567),Orlando Robinson (38010004),Jamal Shead (38009980),Giannis Antetokounmpo (38009507),Kel'el Ware (38009661),285.66999999999996,385.61999999999995,49100,99.94%,2,89.54%,0,176.53000000000003,$3.58,TOR 4,WAS 1,user3,49,marvalshot,13893,4658672644_3
Jamal Shead (38009980),AJ Lawson (38010081),Scottie Barnes (38009581),Tari Eason (38009699),Onyeka Okongwu (38009627),Tre Jones (38009777),Jimmy Butler (38009577),Giannis Antetokounmpo (38009507),289.23375,385.9258376934852,50000,100.00%,182,139.6%,0,201.54,$5.58,TOR 3,HOU 1,user3,49,marvalshot,5968,4658672645_3
Jordan Poole (38009599),AJ Lawson (38010081),Scottie Barnes (38009581),Giannis Antetokounmpo (38009507),Orlando Robinson (38010004),Josh Giddey (38009559),Jamison Battle (38010088),Kel'el Ware (38009661),286.37,385.78,49700,99.87%,26,98.86%,0,157.73000000000002,$3.95,TOR 4,WAS 1,user4,46,marvalshot,13784,4658672636_4
Trae Young (38009522),AJ Lawson (38010081),Scottie Barnes (38009581),Giannis Antetokounmpo (38009507),Orlando Robinson (38010004),Tre Jones (38009777),Bennedict Mathurin (38009740),Alexandre Sarr (38009707),280.83,382.32,50000,86.06%,0,-8.39%,0,156.51,$-0.34,TOR 3,ATL 1,user4,50,marvalshot,7965,4658672637_4
Trae Young (38009522),AJ Lawson (38010081),RJ Barrett (38009606),Pascal Siakam (38009567),Onyeka Okongwu (38009627),Josh Giddey (38009559),Jamison Battle (38010088),Orlando Robinson (38010004),283.04,376.67,49200,97.24%,0,43.39%,0,141.57,$1.74,TOR 4,ATL 2,user4,49,marvalshot,4009,4658672638_4
Jamal Shead (38009980),Tyler Herro (38009547),Jamison Battle (38010088),Tari Eason (38009699),Orlando Robinson (38010004),Stephen Curry (38009527),Al Horford (38009732),Giannis Antetokounmpo (38009507),281.74375,374.7658376934852,49700,92.98%,0,14.73%,0,153.47000000000003,$0.59,TOR 3,MIA 1,user31,1,marvalshot,13820,4658672639_31
AJ Lawson (38010081),Jaylen Brown (38009562),Jamison Battle (38010088),Tari Eason (38009699),Alperen Sengun (38009525),T.J. McConnell (38009750),Giannis Antetokounmpo (38009507),Jalen Smith (38009883),287.9225,385.7750555418867,49500,99.98%,57,120.27%,0,158.03,$4.81,TOR 2,HOU 2,user25,1,marvalshot,13863,4658672640_25
Jamal Shead (38009980),Jared Rhoden (38010114),Jamison Battle (38010088),Giannis Antetokounmpo (38009507),Alperen Sengun (38009525),Jordan Poole (38009599),Ausar Thompson (38009654),Onyeka Okongwu (38009627),295.28875,391.83921784840135,49900,100.00%,22190,267.04%,0,158.26999999999998,$10.68,TOR 3,MIL 1,user4,50,marvalshot,1428,4658672641_4
Jamal Shead (38009980),AJ Lawson (38010081),Georges Niang (38009841),Giannis Antetokounmpo (38009507),Orlando Robinson (38010004),Stephen Curry (38009527),Jimmy Butler (38009577),Onyeka Okongwu (38009627),284.93,381.11,49000,99.65%,5,77.16%,0,162.57,$3.09,TOR 3,ATL 2,user4,1,marvalshot,13891,4658672642_4
T.J. McConnell (38009750),Jared Rhoden (38010114),Scottie Barnes (38009581),Tari Eason (38009699),Onyeka Okongwu (38009627),Jamal Shead (38009980),Giannis Antetokounmpo (38009507),Jordan Poole (38009599),282.43375,383.6058376934852,49600,97.94%,0,34.65%,0,198.32,$1.39,TOR 3,IND 1,user4,50,marvalshot,5084,4658672643_4
Jordan Poole (38009599),AJ Lawson (38010081),RJ Barrett (38009606),Pascal Siakam (38009567),Orlando Robinson (38010004),Jamal Shead (38009980),Giannis Antetokounmpo (38009507),Kel'el Ware (38009661),285.66999999999996,385.61999999999995,49100,99.94%,2,89.54%,0,176.53000000000003,$3.58,TOR 4,WAS 1,user4,49,marvalshot,13893,4658672644_4
Jamal Shead (38009980),AJ Lawson (38010081),Scottie Barnes (38009581),Tari Eason (38009699),Onyeka Okongwu (38009627),Tre Jones (38009777),Jimmy Butler (38009577),Giannis Antetokounmpo (38009507),289.23375,385.9258376934852,50000,100.00%,182,139.6%,0,201.54,$5.58,TOR 3,HOU 1,user4,49,marvalshot,5968,4658672645_4
Jordan Poole (38009599),AJ Lawson (38010081),Scottie Barnes (38009581),Giannis Antetokounmpo (38009507),Orlando Robinson (38010004),Josh Giddey (38009559),Jamison Battle (38010088),Kel'el Ware (38009661),286.37,385.78,49700,99.87%,26,98.86%,0,157.73000000000002,$3.95,TOR 4,WAS 1,user5,46,marvalshot,13784,4658672636_5
Trae Young (38009522),AJ Lawson (38010081),Scottie Barnes (38009581),Giannis Antetokounmpo (38009507),Orlando Robinson (38010004),Tre Jones (38009777),Bennedict Mathurin (38009740),Alexandre Sarr (38009707),280.83,382.32,50000,86.06%,0,-8.39%,0,156.51,$-0.34,TOR 3,ATL 1,user5,50,marvalshot,7965,4658672637_5
Trae Young (38009522),AJ Lawson (38010081),RJ Barrett (38009606),Pascal Siakam (38009567),Onyeka Okongwu (38009627),Josh Giddey (38009559),Jamison Battle (38010088),Orlando Robinson (38010004),283.04,376.67,49200,97.24%,0,43.39%,0,141.57,$1.74,TOR 4,ATL 2,user5,49,marvalshot,4009,4658672638_5
Jamal Shead (38009980),Tyler Herro (38009547),Jamison Battle (38010088),Tari Eason (38009699),Orlando Robinson (38010004),Stephen Curry (38009527),Giannis Antetokounmpo (38009507),Cole Anthony (38009736),281.74375,377.72583769348523,49600,93.07%,0,14.24%,0,153.91000000000003,$0.57,TOR 3,MIA 1,user,1,marvalshot,12011,4658672639
AJ Lawson (38010081),Tyler Herro (38009547),Jamison Battle (38010088),Tari Eason (38009699),Alperen Sengun (38009525),T.J. McConnell (38009750),Ausar Thompson (38009654),Stephen Curry (38009527),287.26249999999993,378.1350555418866,49800,99.97%,37,110.95%,0,146.01,$4.44,TOR 2,HOU 2,user7,1,marvalshot,13845,4658672640_7
Jamal Shead (38009980),Jared Rhoden (38010114),Jamison Battle (38010088),Giannis Antetokounmpo (38009507),Alperen Sengun (38009525),Jordan Poole (38009599),Ausar Thompson (38009654),Onyeka Okongwu (38009627),295.28875,391.83921784840135,49900,100.00%,22190,267.04%,0,158.26999999999998,$10.68,TOR 3,MIL 1,user5,50,marvalshot,1428,4658672641_5
Jamal Shead (38009980),AJ Lawson (38010081),Georges Niang (38009841),Giannis Antetokounmpo (38009507),Orlando Robinson (38010004),Stephen Curry (38009527),Franz Wagner (38009556),Onyeka Okongwu (38009627),284.47999999999996,380.56999999999994,49800,99.38%,3,69.79%,0,163.91,$2.79,TOR 3,ATL 2,user5,45,marvalshot,13892,4658672642_5
T.J. McConnell (38009750),Jared Rhoden (38010114),Scottie Barnes (38009581),Tari Eason (38009699),Onyeka Okongwu (38009627),Jamal Shead (38009980),Giannis Antetokounmpo (38009507),Jordan Poole (38009599),282.43375,383.6058376934852,49600,97.94%,0,34.65%,0,198.32,$1.39,TOR 3,IND 1,user5,50,marvalshot,5084,4658672643_5
Jordan Poole (38009599),AJ Lawson (38010081),RJ Barrett (38009606),Pascal Siakam (38009567),Orlando Robinson (38010004),Jamal Shead (38009980),Giannis Antetokounmpo (38009507),Kel'el Ware (38009661),285.66999999999996,385.61999999999995,49100,99.94%,2,89.54%,0,176.53000000000003,$3.58,TOR 4,WAS 1,user5,49,marvalshot,13893,4658672644_5
Jamal Shead (38009980),AJ Lawson (38010081),Scottie Barnes (38009581),Tari Eason (38009699),Onyeka Okongwu (38009627),Tre Jones (38009777),Jimmy Butler (38009577),Giannis Antetokounmpo (38009507),289.23375,385.9258376934852,50000,100.00%,182,139.6%,0,201.54,$5.58,TOR 3,HOU 1,user5,49,marvalshot,5968,4658672645_5
Jordan Poole (38009599),AJ Lawson (38010081),Scottie Barnes (38009581),Giannis Antetokounmpo (38009507),Orlando Robinson (38010004),Josh Giddey (38009559),Jamison Battle (38010088),Kel'el Ware (38009661),286.37,385.78,49700,99.87%,26,98.86%,0,157.73000000000002,$3.95,TOR 4,WAS 1,user6,46,marvalshot,13784,4658672636_6
Trae Young (38009522),AJ Lawson (38010081),Scottie Barnes (38009581),Giannis Antetokounmpo (38009507),Orlando Robinson (38010004),Tre Jones (38009777),Bennedict Mathurin (38009740),Alexandre Sarr (38009707),280.83,382.32,50000,86.06%,0,-8.39%,0,156.51,$-0.34,TOR 3,ATL 1,user6,50,marvalshot,7965,4658672637_6
Trae Young (38009522),AJ Lawson (38010081),RJ Barrett (38009606),Pascal Siakam (38009567),Onyeka Okongwu (38009627),Josh Giddey (38009559),Jamison Battle (38010088),Orlando Robinson (38010004),283.04,376.67,49200,97.24%,0,43.39%,0,141.57,$1.74,TOR 4,ATL 2,user6,49,marvalshot,4009,4658672638_6
Jamal Shead (38009980),Derrick White (38009614),Jamison Battle (38010088),Tari Eason (38009699),Orlando Robinson (38010004),Cade Cunningham (38009519),Giannis Antetokounmpo (38009507),Draymond Green (38009648),281.21375,375.5458376934853,49600,89.48%,0,1.26%,0,153.03,$0.05,TOR 3,BOS 1,user24,1,marvalshot,13813,4658672639_24
AJ Lawson (38010081),Kevin Huerter (38009853),Jamison Battle (38010088),Tari Eason (38009699),Alperen Sengun (38009525),T.J. McConnell (38009750),Jaylen Brown (38009562),Giannis Antetokounmpo (38009507),286.5625,380.5750555418866,49600,99.93%,8,101.2%,0,149.86,$4.05,TOR 2,HOU 2,user12,1,marvalshot,13850,4658672640_12
Jamal Shead (38009980),Jared Rhoden (38010114),Jamison Battle (38010088),Giannis Antetokounmpo (38009507),Alperen Sengun (38009525),Jordan Poole (38009599),Ausar Thompson (38009654),Onyeka Okongwu (38009627),295.28875,391.83921784840135,49900,100.00%,22190,267.04%,0,158.26999999999998,$10.68,TOR 3,MIL 1,user6,50,marvalshot,1428,4658672641_6
Jamal Shead (38009980),AJ Lawson (38010081),Georges Niang (38009841),Giannis Antetokounmpo (38009507),Orlando Robinson (38010004),Stephen Curry (38009527),Franz Wagner (38009556),Onyeka Okongwu (38009627),284.47999999999996,380.56999999999994,49800,99.38%,3,69.79%,0,163.91,$2.79,TOR 3,ATL 2,user6,45,marvalshot,13892,4658672642_6
T.J. McConnell (38009750),Jared Rhoden (38010114),Scottie Barnes (38009581),Tari Eason (38009699),Onyeka Okongwu (38009627),Jamal Shead (38009980),Giannis Antetokounmpo (38009507),Jordan Poole (38009599),282.43375,383.6058376934852,49600,97.94%,0,34.65%,0,198.32,$1.39,TOR 3,IND 1,user6,50,marvalshot,5084,4658672643_6
Jordan Poole (38009599),AJ Lawson (38010081),RJ Barrett (38009606),Pascal Siakam (38009567),Orlando Robinson (38010004),Jamal Shead (38009980),Giannis Antetokounmpo (38009507),Kel'el Ware (38009661),285.66999999999996,385.61999999999995,49100,99.94%,2,89.54%,0,176.53000000000003,$3.58,TOR 4,WAS 1,user6,49,marvalshot,13893,4658672644_6
Jamal Shead (38009980),AJ Lawson (38010081),Scottie Barnes (38009581),Tari Eason (38009699),Onyeka Okongwu (38009627),Tre Jones (38009777),Jimmy Butler (38009577),Giannis Antetokounmpo (38009507),289.23375,385.9258376934852,50000,100.00%,182,139.6%,0,201.54,$5.58,TOR 3,HOU 1,user6,49,marvalshot,5968,4658672645_6
Jordan Poole (38009599),AJ Lawson (38010081),Scottie Barnes (38009581),Giannis Antetokounmpo (38009507),Orlando Robinson (38010004),Josh Giddey (38009559),Jamison Battle (38010088),Kel'el Ware (38009661),286.37,385.78,49700,99.87%,26,98.86%,0,157.73000000000002,$3.95,TOR 4,WAS 1,user7,46,marvalshot,13784,4658672636_7
Trae Young (38009522),AJ Lawson (38010081),Scottie Barnes (38009581),Giannis Antetokounmpo (38009507),Orlando Robinson (38010004),Tre Jones (38009777),Bennedict Mathurin (38009740),Alexandre Sarr (38009707),280.83,382.32,50000,86.06%,0,-8.39%,0,156.51,$-0.34,TOR 3,ATL 1,user7,50,marvalshot,7965,4658672637_7
Trae Young (38009522),AJ Lawson (38010081),RJ Barrett (38009606),Pascal Siakam (38009567),Onyeka Okongwu (38009627),Josh Giddey (38009559),Jamison Battle (38010088),Orlando Robinson (38010004),283.04,376.67,49200,97.24%,0,43.39%,0,141.57,$1.74,TOR 4,ATL 2,user7,49,marvalshot,4009,4658672638_7
Jamal Shead (38009980),Coby White (38009594),Jamison Battle (38010088),Tari Eason (38009699),Orlando Robinson (38010004),Cade Cunningham (38009519),Giannis Antetokounmpo (38009507),Kel'el Ware (38009661),280.80375,376.6158376934852,49800,86.33%,0,-8.42%,0,142.15,$-0.34,TOR 3,CHI 1,user6,1,marvalshot,13795,4658672639_6
AJ Lawson (38010081),Austin Reaves (38009602),Jamison Battle (38010088),Tari Eason (38009699),Alperen Sengun (38009525),T.J. McConnell (38009750),Giannis Antetokounmpo (38009507),Cole Anthony (38009736),286.2725,379.4750555418866,49200,99.88%,6,96.88%,0,153.86,$3.88,TOR 2,HOU 2,user4,1,marvalshot,13842,4658672640_4
Jamal Shead (38009980),Jared Rhoden (38010114),Jamison Battle (38010088),Giannis Antetokounmpo (38009507),Alperen Sengun (38009525),Jordan Poole (38009599),Ausar Thompson (38009654),Onyeka Okongwu (38009627),295.28875,391.83921784840135,49900,100.00%,22190,267.04%,0,158.26999999999998,$10.68,TOR 3,MIL 1,user7,50,marvalshot,1428,4658672641_7
Jamal Shead (38009980),AJ Lawson (38010081),Georges Niang (38009841),Giannis Antetokounmpo (38009507),Orlando Robinson (38010004),Stephen Curry (38009527),Franz Wagner (38009556),Onyeka Okongwu (38009627),284.47999999999996,380.56999999999994,49800,99.38%,3,69.79%,0,163.91,$2.79,TOR 3,ATL 2,user7,45,marvalshot,13892,4658672642_7
T.J. McConnell (38009750),Jared Rhoden (38010114),Scottie Barnes (38009581),Tari Eason (38009699),Onyeka Okongwu (38009627),Jamal Shead (38009980),Giannis Antetokounmpo (38009507),Jordan Poole (38009599),282.43375,383.6058376934852,49600,97.94%,0,34.65%,0,198.32,$1.39,TOR 3,IND 1,user7,50,marvalshot,5084,4658672643_7
Jordan Poole (38009599),AJ Lawson (38010081),RJ Barrett (38009606),Pascal Siakam (38009567),Orlando Robinson (38010004),Jamal Shead (38009980),Giannis Antetokounmpo (38009507),Kel'el Ware (38009661),285.66999999999996,385.61999999999995,49100,99.94%,2,89.54%,0,176.53000000000003,$3.58,TOR 4,WAS 1,user7,49,marvalshot,13893,4658672644_7
Jamal Shead (38009980),AJ Lawson (38010081),Scottie Barnes (38009581),Tari Eason (38009699),Onyeka Okongwu (38009627),Tre Jones (38009777),Jimmy Butler (38009577),Giannis Antetokounmpo (38009507),289.23375,385.9258376934852,50000,100.00%,182,139.6%,0,201.54,$5.58,TOR 3,HOU 1,user7,49,marvalshot,5968,4658672645_7
Jordan Poole (38009599),AJ Lawson (38010081),Scottie Barnes (38009581),Giannis Antetokounmpo (38009507),Orlando Robinson (38010004),Josh Giddey (38009559),Jamison Battle (38010088),Kel'el Ware (38009661),286.37,385.78,49700,99.87%,26,98.86%,0,157.73000000000002,$3.95,TOR 4,WAS 1,user8,46,marvalshot,13784,4658672636_8
Trae Young (38009522),AJ Lawson (38010081),Scottie Barnes (38009581),Giannis Antetokounmpo (38009507),Orlando Robinson (38010004),Tre Jones (38009777),Bennedict Mathurin (38009740),Alexandre Sarr (38009707),280.83,382.32,50000,86.06%,0,-8.39%,0,156.51,$-0.34,TOR 3,ATL 1,user8,50,marvalshot,7965,4658672637_8
Trae Young (38009522),AJ Lawson (38010081),RJ Barrett (38009606),Pascal Siakam (38009567),Onyeka Okongwu (38009627),Josh Giddey (38009559),Jamison Battle (38010088),Orlando Robinson (38010004),283.04,376.67,49200,97.24%,0,43.39%,0,141.57,$1.74,TOR 4,ATL 2,user8,49,marvalshot,4009,4658672638_8
Jamal Shead (38009980),Austin Reaves (38009602),Jamison Battle (38010088),Tari Eason (38009699),Orlando Robinson (38010004),Stephen Curry (38009527),Giannis Antetokounmpo (38009507),Kel'el Ware (38009661),280.56374999999997,374.7758376934852,49000,84.76%,0,-14.12%,0,144.19,$-0.56,TOR 3,LAL 1,user42,1,marvalshot,13831,4658672639_42
AJ Lawson (38010081),Tyler Herro (38009547),Jamison Battle (38010088),Tari Eason (38009699),Alperen Sengun (38009525),T.J. McConnell (38009750),Bam Adebayo (38009530),Kel'el Ware (38009661),286.2025,375.93505554188664,49700,99.88%,4,96.36%,0,145.81,$3.85,MIA 3,TOR 2,user31,1,marvalshot,13869,4658672640_31
Jamal Shead (38009980),Jared Rhoden (38010114),Jamison Battle (38010088),Giannis Antetokounmpo (38009507),Alperen Sengun (38009525),Jordan Poole (38009599),Ausar Thompson (38009654),Onyeka Okongwu (38009627),295.28875,391.83921784840135,49900,100.00%,22190,267.04%,0,158.26999999999998,$10.68,TOR 3,MIL 1,user8,50,marvalshot,1428,4658672641_8
Jamal Shead (38009980),AJ Lawson (38010081),Georges Niang (38009841),Giannis Antetokounmpo (38009507),Orlando Robinson (38010004),Stephen Curry (38009527),Franz Wagner (38009556),Onyeka Okongwu (38009627),284.47999999999996,380.56999999999994,49800,99.38%,3,69.79%,0,163.91,$2.79,TOR 3,ATL 2,user8,45,marvalshot,13892,4658672642_8
T.J. McConnell (38009750),Jared Rhoden (38010114),Scottie Barnes (38009581),Tari Eason (38009699),Onyeka Okongwu (38009627),Jamal Shead (38009980),Giannis Antetokounmpo (38009507),Jordan Poole (38009599),282.43375,383.6058376934852,49600,97.94%,0,34.65%,0,198.32,$1.39,TOR 3,IND 1,user8,50,marvalshot,5084,4658672643_8
Jordan Poole (38009599),AJ Lawson (38010081),RJ Barrett (38009606),Pascal Siakam (38009567),Orlando Robinson (38010004),Jamal Shead (38009980),Giannis Antetokounmpo (38009507),Kel'el Ware (38009661),285.66999999999996,385.61999999999995,49100,99.94%,2,89.54%,0,176.53000000000003,$3.58,TOR 4,WAS 1,user8,49,marvalshot,13893,4658672644_8
Jamal Shead (38009980),AJ Lawson (38010081),Scottie Barnes (38009581),Tari Eason (38009699),Onyeka Okongwu (38009627),Tre Jones (38009777),Jimmy Butler (38009577),Giannis Antetokounmpo (38009507),289.23375,385.9258376934852,50000,100.00%,182,139.6%,0,201.54,$5.58,TOR 3,HOU 1,user8,49,marvalshot,5968,4658672645_8
Jordan Poole (38009599),AJ Lawson (38010081),Scottie Barnes (38009581),Giannis Antetokounmpo (38009507),Orlando Robinson (38010004),Josh Giddey (38009559),Jamison Battle (38010088),Kel'el Ware (38009661),286.37,385.78,49700,99.87%,26,98.86%,0,157.73000000000002,$3.95,TOR 4,WAS 1,user9,46,marvalshot,13784,4658672636_9
Trae Young (38009522),AJ Lawson (38010081),Scottie Barnes (38009581),Giannis Antetokounmpo (38009507),Orlando Robinson (38010004),Tre Jones (38009777),Bennedict Mathurin (38009740),Alexandre Sarr (38009707),280.83,382.32,50000,86.06%,0,-8.39%,0,156.51,$-0.34,TOR 3,ATL 1,user9,50,marvalshot,7965,4658672637_9
Trae Young (38009522),AJ Lawson (38010081),RJ Barrett (38009606),Pascal Siakam (38009567),Onyeka Okongwu (38009627),Josh Giddey (38009559),Jamison Battle (38010088),Orlando Robinson (38010004),283.04,376.67,49200,97.24%,0,43.39%,0,141.57,$1.74,TOR 4,ATL 2,user9,49,marvalshot,4009,4658672638_9
Jamal Shead (38009980),Jaylen Brown (38009562),Jamison Battle (38010088),Tari Eason (38009699),Orlando Robinson (38010004),Cole Anthony (38009736),Giannis Antetokounmpo (38009507),Cade Cunningham (38009519),280.36375000000004,377.1358376934853,50000,83.16%,0,-19.91%,0,146.52,$-0.8,TOR 3,BOS 1,user38,1,marvalshot,13827,4658672639_38
AJ Lawson (38010081),Jaylen Brown (38009562),Jamison Battle (38010088),Tari Eason (38009699),Alperen Sengun (38009525),T.J. McConnell (38009750),Coby White (38009594),Josh Giddey (38009559),285.9525,372.1650555418866,49800,99.80%,2,92.31%,0,133.49,$3.69,TOR 2,HOU 2,user37,1,marvalshot,13875,4658672640_37
Jamal Shead (38009980),Jared Rhoden (38010114),Jamison Battle (38010088),Giannis Antetokounmpo (38009507),Alperen Sengun (38009525),Jordan Poole (38009599),Ausar Thompson (38009654),Onyeka Okongwu (38009627),295.28875,391.83921784840135,49900,100.00%,22190,267.04%,0,158.26999999999998,$10.68,TOR 3,MIL 1,user9,50,marvalshot,1428,4658672641_9
Jamal Shead (38009980),AJ Lawson (38010081),Georges Niang (38009841),Giannis Antetokounmpo (38009507),Orlando Robinson (38010004),Stephen Curry (38009527),Franz Wagner (38009556),Onyeka Okongwu (38009627),284.47999999999996,380.56999999999994,49800,99.38%,3,69.79%,0,163.91,$2.79,TOR 3,ATL 2,user9,45,marvalshot,13892,4658672642_9
T.J. McConnell (38009750),Jared Rhoden (38010114),Scottie Barnes (38009581),Tari Eason (38009699),Onyeka Okongwu (38009627),Jamal Shead (38009980),Giannis Antetokounmpo (38009507),Jordan Poole (38009599),282.43375,383.6058376934852,49600,97.94%,0,34.65%,0,198.32,$1.39,TOR 3,IND 1,user9,50,marvalshot,5084,4658672643_9
Jordan Poole (38009599),AJ Lawson (38010081),RJ Barrett (38009606),Pascal Siakam (38009567),Orlando Robinson (38010004),Jamal Shead (38009980),Giannis Antetokounmpo (38009507),Kel'el Ware (38009661),285.66999999999996,385.61999999999995,49100,99.94%,2,89.54%,0,176.53000000000003,$3.58,TOR 4,WAS 1,user9,49,marvalshot,13893,4658672644_9
Jamal Shead (38009980),AJ Lawson (38010081),Scottie Barnes (38009581),Tari Eason (38009699),Onyeka Okongwu (38009627),Tre Jones (38009777),Jimmy Butler (38009577),Giannis Antetokounmpo (38009507),289.23375,385.9258376934852,50000,100.00%,182,139.6%,0,201.54,$5.58,TOR 3,HOU 1,user9,49,marvalshot,5968,4658672645_9
Jordan Poole (38009599),AJ Lawson (38010081),Scottie Barnes (38009581),Giannis Antetokounmpo (38009507),Orlando Robinson (38010004),Josh Giddey (38009559),Jamison Battle (38010088),Kel'el Ware (38009661),286.37,385.78,49700,99.87%,26,98.86%,0,157.73000000000002,$3.95,TOR 4,WAS 1,user10,46,marvalshot,13784,4658672636_10
Trae Young (38009522),AJ Lawson (38010081),Scottie Barnes (38009581),Giannis Antetokounmpo (38009507),Orlando Robinson (38010004),Tre Jones (38009777),Bennedict Mathurin (38009740),Alexandre Sarr (38009707),280.83,382.32,50000,86.06%,0,-8.39%,0,156.51,$-0.34,TOR 3,ATL 1,user10,50,marvalshot,7965,4658672637_10
Trae Young (38009522),AJ Lawson (38010081),RJ Barrett (38009606),Pascal Siakam (38009567),Onyeka Okongwu (38009627),Josh Giddey (38009559),Jamison Battle (38010088),Orlando Robinson (38010004),283.04,376.67,49200,97.24%,0,43.39%,0,141.57,$1.74,TOR 4,ATL 2,user10,49,marvalshot,4009,4658672638_10
Jamal Shead (38009980),Tyler Herro (38009547),Jamison Battle (38010088),Tari Eason (38009699),Orlando Robinson (38010004),Josh Giddey (38009559),Jimmy Butler (38009577),Stephen Curry (38009527),279.79375,368.16583769348523,49700,76.89%,0,-32.33%,0,135.82,$-1.29,TOR 3,GSW 2,user40,1,marvalshot,13829,4658672639_40
AJ Lawson (38010081),Jrue Holiday (38009743),Jamison Battle (38010088),Tari Eason (38009699),Alperen Sengun (38009525),T.J. McConnell (38009750),Jimmy Butler (38009577),Giannis Antetokounmpo (38009507),285.8725,379.6150555418866,49800,99.82%,1,90.82%,0,146.20999999999998,$3.63,TOR 2,HOU 2,user20,1,marvalshot,13858,4658672640_20
Jamal Shead (38009980),Jared Rhoden (38010114),Jamison Battle (38010088),Giannis Antetokounmpo (38009507),Alperen Sengun (38009525),Jordan Poole (38009599),Ausar Thompson (38009654),Onyeka Okongwu (38009627),295.28875,391.83921784840135,49900,100.00%,22190,267.04%,0,158.26999999999998,$10.68,TOR 3,MIL 1,user10,50,marvalshot,1428,4658672641_10
Jamal Shead (38009980),AJ Lawson (38010081),Georges Niang (38009841),Giannis Antetokounmpo (38009507),Orlando Robinson (38010004),Stephen Curry (38009527),Franz Wagner (38009556),Onyeka Okongwu (38009627),284.47999999999996,380.56999999999994,49800,99.38%,3,69.79%,0,163.91,$2.79,TOR 3,ATL 2,user10,45,marvalshot,13892,4658672642_10
T.J. McConnell (38009750),Jared Rhoden (38010114),Scottie Barnes (38009581),Tari Eason (38009699),Onyeka Okongwu (38009627),Jamal Shead (38009980),Giannis Antetokounmpo (38009507),Jordan Poole (38009599),282.43375,383.6058376934852,49600,97.94%,0,34.65%,0,198.32,$1.39,TOR 3,IND 1,user10,50,marvalshot,5084,4658672643_10
Jordan Poole (38009599),AJ Lawson (38010081),RJ Barrett (38009606),Pascal Siakam (38009567),Orlando Robinson (38010004),Jamal Shead (38009980),Giannis Antetokounmpo (38009507),Kel'el Ware (38009661),285.66999999999996,385.61999999999995,49100,99.94%,2,89.54%,0,176.53000000000003,$3.58,TOR 4,WAS 1,user10,49,marvalshot,13893,4658672644_10
Jamal Shead (38009980),AJ Lawson (38010081),Scottie Barnes (38009581),Tari Eason (38009699),Onyeka Okongwu (38009627),Tre Jones (38009777),Jimmy Butler (38009577),Giannis Antetokounmpo (38009507),289.23375,385.9258376934852,50000,100.00%,182,139.6%,0,201.54,$5.58,TOR 3,HOU 1,user10,49,marvalshot,5968,4658672645_10
Jordan Poole (38009599),AJ Lawson (38010081),Scottie Barnes (38009581),Giannis Antetokounmpo (38009507),Orlando Robinson (38010004),Josh Giddey (38009559),Jamison Battle (38010088),Kel'el Ware (38009661),286.37,385.78,49700,99.87%,26,98.86%,0,157.73000000000002,$3.95,TOR 4,WAS 1,user11,46,marvalshot,13784,4658672636_11
Trae Young (38009522),AJ Lawson (38010081),Scottie Barnes (38009581),Giannis Antetokounmpo (38009507),Orlando Robinson (38010004),Tre Jones (38009777),Bennedict Mathurin (38009740),Alexandre Sarr (38009707),280.83,382.32,50000,86.06%,0,-8.39%,0,156.51,$-0.34,TOR 3,ATL 1,user11,50,marvalshot,7965,4658672637_11
Trae Young (38009522),AJ Lawson (38010081),RJ Barrett (38009606),Pascal Siakam (38009567),Onyeka Okongwu (38009627),Josh Giddey (38009559),Jamison Battle (38010088),Orlando Robinson (38010004),283.04,376.67,49200,97.24%,0,43.39%,0,141.57,$1.74,TOR 4,ATL 2,user11,49,marvalshot,4009,4658672638_11
Jamal Shead (38009980),Tyler Herro (38009547),Jamison Battle (38010088),Tari Eason (38009699),Orlando Robinson (38010004),Josh Giddey (38009559),Tobias Harris (38009671),Giannis Antetokounmpo (38009507),277.91375,369.14583769348525,49600,51.81%,0,-70.31%,0,148.31,$-2.81,TOR 3,MIA 1,user44,1,marvalshot,13833,4658672639_44
AJ Lawson (38010081),Gary Payton II (38009912),Jamison Battle (38010088),Tari Eason (38009699),Alperen Sengun (38009525),T.J. McConnell (38009750),Giannis Antetokounmpo (38009507),Jaylen Brown (38009562),285.79249999999996,381.7350555418866,49400,99.78%,1,89.89%,0,148.74,$3.6,TOR 2,HOU 2,user14,1,marvalshot,13852,4658672640_14
Jamal Shead (38009980),Jared Rhoden (38010114),Jamison Battle (38010088),Giannis Antetokounmpo (38009507),Alperen Sengun (38009525),Jordan Poole (38009599),Ausar Thompson (38009654),Onyeka Okongwu (38009627),295.28875,391.83921784840135,49900,100.00%,22190,267.04%,0,158.26999999999998,$10.68,TOR 3,MIL 1,user11,50,marvalshot,1428,4658672641_11
Jamal Shead (38009980),AJ Lawson (38010081),Georges Niang (38009841),Giannis Antetokounmpo (38009507),Orlando Robinson (38010004),Stephen Curry (38009527),Franz Wagner (38009556),Onyeka Okongwu (38009627),284.47999999999996,380.56999999999994,49800,99.38%,3,69.79%,0,163.91,$2.79,TOR 3,ATL 2,user11,45,marvalshot,13892,4658672642_11
T.J. McConnell (38009750),Jared Rhoden (38010114),Scottie Barnes (38009581),Tari Eason (38009699),Onyeka Okongwu (38009627),Jamal Shead (38009980),Giannis Antetokounmpo (38009507),Jordan Poole (38009599),282.43375,383.6058376934852,49600,97.94%,0,34.65%,0,198.32,$1.39,TOR 3,IND 1,user11,50,marvalshot,5084,4658672643_11
Jordan Poole (38009599),AJ Lawson (38010081),RJ Barrett (38009606),Pascal Siakam (38009567),Orlando Robinson (38010004),Jamal Shead (38009980),Giannis Antetokounmpo (38009507),Kel'el Ware (38009661),285.66999999999996,385.61999999999995,49100,99.94%,2,89.54%,0,176.53000000000003,$3.58,TOR 4,WAS 1,user11,49,marvalshot,13893,4658672644_11
Jamal Shead (38009980),AJ Lawson (38010081),Scottie Barnes (38009581),Tari Eason (38009699),Onyeka Okongwu (38009627),Tre Jones (38009777),Jimmy Butler (38009577),Giannis Antetokounmpo (38009507),289.23375,385.9258376934852,50000,100.00%,182,139.6%,0,201.54,$5.58,TOR 3,HOU 1,user11,49,marvalshot,5968,4658672645_11
Jordan Poole (38009599),AJ Lawson (38010081),Scottie Barnes (38009581),Giannis Antetokounmpo (38009507),Orlando Robinson (38010004),Josh Giddey (38009559),Jamison Battle (38010088),Kel'el Ware (38009661),286.37,385.78,49700,99.87%,26,98.86%,0,157.73000000000002,$3.95,TOR 4,WAS 1,user12,46,marvalshot,13784,4658672636_12
Trae Young (38009522),AJ Lawson (38010081),Scottie Barnes (38009581),Giannis Antetokounmpo (38009507),Orlando Robinson (38010004),Tre Jones (38009777),Bennedict Mathurin (38009740),Alexandre Sarr (38009707),280.83,382.32,50000,86.06%,0,-8.39%,0,156.51,$-0.34,TOR 3,ATL 1,user12,50,marvalshot,7965,4658672637_12
Trae Young (38009522),AJ Lawson (38010081),RJ Barrett (38009606),Pascal Siakam (38009567),Onyeka Okongwu (38009627),Josh Giddey (38009559),Jamison Battle (38010088),Orlando Robinson (38010004),283.04,376.67,49200,97.24%,0,43.39%,0,141.57,$1.74,TOR 4,ATL 2,user12,49,marvalshot,4009,4658672638_12
Jamal Shead (38009980),Coby White (38009594),Jamison Battle (38010088),Tari Eason (38009699),Orlando Robinson (38010004),Stephen Curry (38009527),Giannis Antetokounmpo (38009507),Zach Collins (38009637),277.80375,372.14583769348525,49600,49.90%,0,-71.65%,0,133.64000000000001,$-2.87,TOR 3,CHI 2,user22,1,marvalshot,13811,4658672639_22
AJ Lawson (38010081),Austin Reaves (38009602),Jamison Battle (38010088),Tari Eason (38009699),Alperen Sengun (38009525),T.J. McConnell (38009750),Jimmy Butler (38009577),Tyler Herro (38009547),284.4825,370.29505554188665,49600,99.22%,0,69.05%,0,146.59,$2.76,TOR 2,HOU 2,user29,1,marvalshot,13867,4658672640_29
Jamal Shead (38009980),Jared Rhoden (38010114),Jamison Battle (38010088),Giannis Antetokounmpo (38009507),Alperen Sengun (38009525),Jordan Poole (38009599),Ausar Thompson (38009654),Onyeka Okongwu (38009627),295.28875,391.83921784840135,49900,100.00%,22190,267.04%,0,158.26999999999998,$10.68,TOR 3,MIL 1,user12,50,marvalshot,1428,4658672641_12
Jamal Shead (38009980),AJ Lawson (38010081),Georges Niang (38009841),Giannis Antetokounmpo (38009507),Orlando Robinson (38010004),Stephen Curry (38009527),Franz Wagner (38009556),Onyeka Okongwu (38009627),284.47999999999996,380.56999999999994,49800,99.38%,3,69.79%,0,163.91,$2.79,TOR 3,ATL 2,user12,45,marvalshot,13892,4658672642_12
T.J. McConnell (38009750),Jared Rhoden (38010114),Scottie Barnes (38009581),Tari Eason (38009699),Onyeka Okongwu (38009627),Jamal Shead (38009980),Giannis Antetokounmpo (38009507),Jordan Poole (38009599),282.43375,383.6058376934852,49600,97.94%,0,34.65%,0,198.32,$1.39,TOR 3,IND 1,user12,50,marvalshot,5084,4658672643_12
Jordan Poole (38009599),AJ Lawson (38010081),RJ Barrett (38009606),Pascal Siakam (38009567),Orlando Robinson (38010004),Jamal Shead (38009980),Giannis Antetokounmpo (38009507),Kel'el Ware (38009661),285.66999999999996,385.61999999999995,49100,99.94%,2,89.54%,0,176.53000000000003,$3.58,TOR 4,WAS 1,user12,49,marvalshot,13893,4658672644_12
Jamal Shead (38009980),AJ Lawson (38010081),Scottie Barnes (38009581),Tari Eason (38009699),Onyeka Okongwu (38009627),Tre Jones (38009777),Jimmy Butler (38009577),Giannis Antetokounmpo (38009507),289.23375,385.9258376934852,50000,100.00%,182,139.6%,0,201.54,$5.58,TOR 3,HOU 1,user12,49,marvalshot,5968,4658672645_12
Jordan Poole (38009599),AJ Lawson (38010081),Scottie Barnes (38009581),Giannis Antetokounmpo (38009507),Orlando Robinson (38010004),Josh Giddey (38009559),Jamison Battle (38010088),Kel'el Ware (38009661),286.37,385.78,49700,99.87%,26,98.86%,0,157.73000000000002,$3.95,TOR 4,WAS 1,user13,46,marvalshot,13784,4658672636_13
Trae Young (38009522),AJ Lawson (38010081),Scottie Barnes (38009581),Giannis Antetokounmpo (38009507),Orlando Robinson (38010004),Tre Jones (38009777),Bennedict Mathurin (38009740),Alexandre Sarr (38009707),280.83,382.32,50000,86.06%,0,-8.39%,0,156.51,$-0.34,TOR 3,ATL 1,user13,50,marvalshot,7965,4658672637_13
Trae Young (38009522),AJ Lawson (38010081),RJ Barrett (38009606),Pascal Siakam (38009567),Onyeka Okongwu (38009627),Josh Giddey (38009559),Jamison Battle (38010088),Orlando Robinson (38010004),283.04,376.67,49200,97.24%,0,43.39%,0,141.57,$1.74,TOR 4,ATL 2,user13,49,marvalshot,4009,4658672638_13
Jamal Shead (38009980),Kevin Huerter (38009853),Jamison Battle (38010088),Tari Eason (38009699),Orlando Robinson (38010004),Stephen Curry (38009527),Giannis Antetokounmpo (38009507),Bam Adebayo (38009530),277.77374999999995,372.4058376934852,49500,49.55%,0,-71.81%,0,139.27,$-2.87,TOR 3,CHI 1,user12,1,marvalshot,13801,4658672639_12
AJ Lawson (38010081),Tyler Herro (38009547),Jamison Battle (38010088),Tari Eason (38009699),Alperen Sengun (38009525),T.J. McConnell (38009750),Jayson Tatum (38009515),Cole Anthony (38009736),284.3925,375.1050555418866,49700,99.12%,0,67.6%,0,150.36,$2.7,TOR 2,HOU 2,user21,1,marvalshot,13859,4658672640_21
Jamal Shead (38009980),Jared Rhoden (38010114),Jamison Battle (38010088),Giannis Antetokounmpo (38009507),Alperen Sengun (38009525),Jordan Poole (38009599),Ausar Thompson (38009654),Onyeka Okongwu (38009627),295.28875,391.83921784840135,49900,100.00%,22190,267.04%,0,158.26999999999998,$10.68,TOR 3,MIL 1,user13,50,marvalshot,1428,4658672641_13
Jamal Shead (38009980),AJ Lawson (38010081),Georges Niang (38009841),Giannis Antetokounmpo (38009507),Orlando Robinson (38010004),Stephen Curry (38009527),Franz Wagner (38009556),Onyeka Okongwu (38009627),284.47999999999996,380.56999999999994,49800,99.38%,3,69.79%,0,163.91,$2.79,TOR 3,ATL 2,user13,45,marvalshot,13892,4658672642_13
T.J. McConnell (38009750),Jared Rhoden (38010114),Scottie Barnes (38009581),Tari Eason (38009699),Onyeka Okongwu (38009627),Jamal Shead (38009980),Giannis Antetokounmpo (38009507),Jordan Poole (38009599),282.43375,383.6058376934852,49600,97.94%,0,34.65%,0,198.32,$1.39,TOR 3,IND 1,user13,50,marvalshot,5084,4658672643_13
Jordan Poole (38009599),AJ Lawson (38010081),RJ Barrett (38009606),Pascal Siakam (38009567),Orlando Robinson (38010004),Jamal Shead (38009980),Giannis Antetokounmpo (38009507),Kel'el Ware (38009661),285.66999999999996,385.61999999999995,49100,99.94%,2,89.54%,0,176.53000000000003,$3.58,TOR 4,WAS 1,user13,49,marvalshot,13893,4658672644_13
Jamal Shead (38009980),AJ Lawson (38010081),Scottie Barnes (38009581),Tari Eason (38009699),Onyeka Okongwu (38009627),Tre Jones (38009777),Jimmy Butler (38009577),Giannis Antetokounmpo (38009507),289.23375,385.9258376934852,50000,100.00%,182,139.6%,0,201.54,$5.58,TOR 3,HOU 1,user13,49,marvalshot,5968,4658672645_13
Jordan Poole (38009599),AJ Lawson (38010081),Scottie Barnes (38009581),Giannis Antetokounmpo (38009507),Orlando Robinson (38010004),Josh Giddey (38009559),Jamison Battle (38010088),Kel'el Ware (38009661),286.37,385.78,49700,99.87%,26,98.86%,0,157.73000000000002,$3.95,TOR 4,WAS 1,user14,46,marvalshot,13784,4658672636_14
Trae Young (38009522),AJ Lawson (38010081),Scottie Barnes (38009581),Giannis Antetokounmpo (38009507),Orlando Robinson (38010004),Tre Jones (38009777),Bennedict Mathurin (38009740),Alexandre Sarr (38009707),280.83,382.32,50000,86.06%,0,-8.39%,0,156.51,$-0.34,TOR 3,ATL 1,user14,50,marvalshot,7965,4658672637_14
Trae Young (38009522),AJ Lawson (38010081),RJ Barrett (38009606),Pascal Siakam (38009567),Onyeka Okongwu (38009627),Josh Giddey (38009559),Jamison Battle (38010088),Orlando Robinson (38010004),283.04,376.67,49200,97.24%,0,43.39%,0,141.57,$1.74,TOR 4,ATL 2,user14,49,marvalshot,4009,4658672638_14
Jamal Shead (38009980),Tyler Herro (38009547),Jamison Battle (38010088),Tari Eason (38009699),Orlando Robinson (38010004),Stephen Curry (38009527),Jaylen Brown (38009562),Jimmy Butler (38009577),277.69374999999997,366.0458376934852,49600,48.54%,0,-72.94%,0,137.05,$-2.92,TOR 3,GSW 2,user34,1,marvalshot,13823,4658672639_34
AJ Lawson (38010081),Coby White (38009594),Jamison Battle (38010088),Tari Eason (38009699),Alperen Sengun (38009525),T.J. McConnell (38009750),Andrew Wiggins (38009624),Stephen Curry (38009527),283.99249999999995,370.6150555418866,49200,98.47%,0,60.11%,0,136.61,$2.4,TOR 2,HOU 2,user2,1,marvalshot,13840,4658672640_2
Jamal Shead (38009980),Jared Rhoden (38010114),Jamison Battle (38010088),Giannis Antetokounmpo (38009507),Alperen Sengun (38009525),Jordan Poole (38009599),Ausar Thompson (38009654),Onyeka Okongwu (38009627),295.28875,391.83921784840135,49900,100.00%,22190,267.04%,0,158.26999999999998,$10.68,TOR 3,MIL 1,user14,50,marvalshot,1428,4658672641_14
Jamal Shead (38009980),AJ Lawson (38010081),Georges Niang (38009841),Giannis Antetokounmpo (38009507),Orlando Robinson (38010004),Stephen Curry (38009527),Franz Wagner (38009556),Onyeka Okongwu (38009627),284.47999999999996,380.56999999999994,49800,99.38%,3,69.79%,0,163.91,$2.79,TOR 3,ATL 2,user14,45,marvalshot,13892,4658672642_14
T.J. McConnell (38009750),Jared Rhoden (38010114),Scottie Barnes (38009581),Tari Eason (38009699),Onyeka Okongwu (38009627),Jamal Shead (38009980),Giannis Antetokounmpo (38009507),Jordan Poole (38009599),282.43375,383.6058376934852,49600,97.94%,0,34.65%,0,198.32,$1.39,TOR 3,IND 1,user14,50,marvalshot,5084,4658672643_14
Jordan Poole (38009599),AJ Lawson (38010081),RJ Barrett (38009606),Pascal Siakam (38009567),Orlando Robinson (38010004),Jamal Shead (38009980),Giannis Antetokounmpo (38009507),Kel'el Ware (38009661),285.66999999999996,385.61999999999995,49100,99.94%,2,89.54%,0,176.53000000000003,$3.58,TOR 4,WAS 1,user14,49,marvalshot,13893,4658672644_14
Jamal Shead (38009980),AJ Lawson (38010081),Scottie Barnes (38009581),Tari Eason (38009699),Onyeka Okongwu (38009627),Tre Jones (38009777),Jimmy Butler (38009577),Giannis Antetokounmpo (38009507),289.23375,385.9258376934852,50000,100.00%,182,139.6%,0,201.54,$5.58,TOR 3,HOU 1,user14,49,marvalshot,5968,4658672645_14
Jordan Poole (38009599),AJ Lawson (38010081),Scottie Barnes (38009581),Giannis Antetokounmpo (38009507),Orlando Robinson (38010004),Josh Giddey (38009559),Jamison Battle (38010088),Kel'el Ware (38009661),286.37,385.78,49700,99.87%,26,98.86%,0,157.73000000000002,$3.95,TOR 4,WAS 1,user15,46,marvalshot,13784,4658672636_15
Trae Young (38009522),AJ Lawson (38010081),Scottie Barnes (38009581),Giannis Antetokounmpo (38009507),Orlando Robinson (38010004),Tre Jones (38009777),Bennedict Mathurin (38009740),Alexandre Sarr (38009707),280.83,382.32,50000,86.06%,0,-8.39%,0,156.51,$-0.34,TOR 3,ATL 1,user15,50,marvalshot,7965,4658672637_15
Trae Young (38009522),AJ Lawson (38010081),RJ Barrett (38009606),Pascal Siakam (38009567),Onyeka Okongwu (38009627),Josh Giddey (38009559),Jamison Battle (38010088),Orlando Robinson (38010004),283.04,376.67,49200,97.24%,0,43.39%,0,141.57,$1.74,TOR 4,ATL 2,user15,49,marvalshot,4009,4658672638_15
Jamal Shead (38009980),Coby White (38009594),Jamison Battle (38010088),Tari Eason (38009699),Orlando Robinson (38010004),Stephen Curry (38009527),Jimmy Butler (38009577),Jayson Tatum (38009515),277.39375,366.6558376934853,50000,44.13%,0,-76.58%,0,126.26,$-3.06,TOR 3,GSW 2,user20,1,marvalshot,13809,4658672639_20
AJ Lawson (38010081),Kevin Huerter (38009853),Jamison Battle (38010088),Tari Eason (38009699),Alperen Sengun (38009525),T.J. McConnell (38009750),Giannis Antetokounmpo (38009507),Franz Wagner (38009556),283.8425,377.7150555418866,49900,98.57%,2,57.68%,0,149.24,$2.31,TOR 2,HOU 2,user16,1,marvalshot,13854,4658672640_16
Jamal Shead (38009980),Jared Rhoden (38010114),Jamison Battle (38010088),Giannis Antetokounmpo (38009507),Alperen Sengun (38009525),Jordan Poole (38009599),Ausar Thompson (38009654),Onyeka Okongwu (38009627),295.28875,391.83921784840135,49900,100.00%,22190,267.04%,0,158.26999999999998,$10.68,TOR 3,MIL 1,user15,50,marvalshot,1428,4658672641_15
Jamal Shead (38009980),AJ Lawson (38010081),Georges Niang (38009841),Giannis Antetokounmpo (38009507),Orlando Robinson (38010004),Stephen Curry (38009527),Franz Wagner (38009556),Onyeka Okongwu (38009627),284.47999999999996,380.56999999999994,49800,99.38%,3,69.79%,0,163.91,$2.79,TOR 3,ATL 2,user15,45,marvalshot,13892,4658672642_15
T.J. McConnell (38009750),Jared Rhoden (38010114),Scottie Barnes (38009581),Tari Eason (38009699),Onyeka Okongwu (38009627),Jamal Shead (38009980),Giannis Antetokounmpo (38009507),Jordan Poole (38009599),282.43375,383.6058376934852,49600,97.94%,0,34.65%,0,198.32,$1.39,TOR 3,IND 1,user15,50,marvalshot,5084,4658672643_15
Jordan Poole (38009599),AJ Lawson (38010081),RJ Barrett (38009606),Pascal Siakam (38009567),Orlando Robinson (38010004),Jamal Shead (38009980),Giannis Antetokounmpo (38009507),Kel'el Ware (38009661),285.66999999999996,385.61999999999995,49100,99.94%,2,89.54%,0,176.53000000000003,$3.58,TOR 4,WAS 1,user15,49,marvalshot,13893,4658672644_15
Jamal Shead (38009980),AJ Lawson (38010081),Scottie Barnes (38009581),Tari Eason (38009699),Onyeka Okongwu (38009627),Tre Jones (38009777),Jimmy Butler (38009577),Giannis Antetokounmpo (38009507),289.23375,385.9258376934852,50000,100.00%,182,139.6%,0,201.54,$5.58,TOR 3,HOU 1,user15,49,marvalshot,5968,4658672645_15
Jordan Poole (38009599),AJ Lawson (38010081),Scottie Barnes (38009581),Giannis Antetokounmpo (38009507),Orlando Robinson (38010004),Josh Giddey (38009559),Jamison Battle (38010088),Kel'el Ware (38009661),286.37,385.78,49700,99.87%,26,98.86%,0,157.73000000000002,$3.95,TOR 4,WAS 1,user16,46,marvalshot,13784,4658672636_16
Trae Young (38009522),AJ Lawson (38010081),Scottie Barnes (38009581),Giannis Antetokounmpo (38009507),Orlando Robinson (38010004),Tre Jones (38009777),Bennedict Mathurin (38009740),Alexandre Sarr (38009707),280.83,382.32,50000,86.06%,0,-8.39%,0,156.51,$-0.34,TOR 3,ATL 1,user16,50,marvalshot,7965,4658672637_16
Trae Young (38009522),AJ Lawson (38010081),RJ Barrett (38009606),Pascal Siakam (38009567),Onyeka Okongwu (38009627),Josh Giddey (38009559),Jamison Battle (38010088),Orlando Robinson (38010004),283.04,376.67,49200,97.24%,0,43.39%,0,141.57,$1.74,TOR 4,ATL 2,user16,49,marvalshot,4009,4658672638_16
Jamal Shead (38009980),Kevin Huerter (38009853),Jamison Battle (38010088),Tari Eason (38009699),Orlando Robinson (38010004),Cade Cunningham (38009519),Giannis Antetokounmpo (38009507),Josh Giddey (38009559),277.42375,371.97583769348523,49400,44.37%,0,-77.12%,0,141.62,$-3.08,TOR 3,CHI 2,user1,1,marvalshot,13790,4658672639_1
AJ Lawson (38010081),Tyler Herro (38009547),Jamison Battle (38010088),Tari Eason (38009699),Alperen Sengun (38009525),T.J. McConnell (38009750),Buddy Hield (38009817),Cade Cunningham (38009519),283.74249999999995,373.03505554188655,49100,98.39%,0,56.03%,0,157.73000000000002,$2.24,TOR 2,HOU 2,user35,1,marvalshot,13873,4658672640_35
Jamal Shead (38009980),Jared Rhoden (38010114),Jamison Battle (38010088),Giannis Antetokounmpo (38009507),Alperen Sengun (38009525),Jordan Poole (38009599),Ausar Thompson (38009654),Onyeka Okongwu (38009627),295.28875,391.83921784840135,49900,100.00%,22190,267.04%,0,158.26999999999998,$10.68,TOR 3,MIL 1,user16,50,marvalshot,1428,4658672641_16
Jamal Shead (38009980),AJ Lawson (38010081),Georges Niang (38009841),Giannis Antetokounmpo (38009507),Orlando Robinson (38010004),Stephen Curry (38009527),Franz Wagner (38009556),Onyeka Okongwu (38009627),284.47999999999996,380.56999999999994,49800,99.38%,3,69.79%,0,163.91,$2.79,TOR 3,ATL 2,user16,45,marvalshot,13892,4658672642_16
T.J. McConnell (38009750),Jared Rhoden (38010114),Scottie Barnes (38009581),Tari Eason (38009699),Onyeka Okongwu (38009627),Jamal Shead (38009980),Giannis Antetokounmpo (38009507),Jordan Poole (38009599),282.43375,383.6058376934852,49600,97.94%,0,34.65%,0,198.32,$1.39,TOR 3,IND 1,user16,50,marvalshot,5084,4658672643_16
Jordan Poole (38009599),AJ Lawson (38010081),RJ Barrett (38009606),Pascal Siakam (38009567),Orlando Robinson (38010004),Jamal Shead (38009980),Giannis Antetokounmpo (38009507),Kel'el Ware (38009661),285.66999999999996,385.61999999999995,49100,99.94%,2,89.54%,0,176.53000000000003,$3.58,TOR 4,WAS 1,user16,49,marvalshot,13893,4658672644_16
Jamal Shead (38009980),AJ Lawson (38010081),Scottie Barnes (38009581),Tari Eason (38009699),Onyeka Okongwu (38009627),Tre Jones (38009777),Jimmy Butler (38009577),Giannis Antetokounmpo (38009507),289.23375,385.9258376934852,50000,100.00%,182,139.6%,0,201.54,$5.58,TOR 3,HOU 1,user16,49,marvalshot,5968,4658672645_16
Jordan Poole (38009599),AJ Lawson (38010081),Scottie Barnes (38009581),Giannis Antetokounmpo (38009507),Orlando Robinson (38010004),Josh Giddey (38009559),Jamison Battle (38010088),Kel'el Ware (38009661),286.37,385.78,49700,99.87%,26,98.86%,0,157.73000000000002,$3.95,TOR 4,WAS 1,user17,46,marvalshot,13784,4658672636_17
Trae Young (38009522),AJ Lawson (38010081),Scottie Barnes (38009581),Giannis Antetokounmpo (38009507),Orlando Robinson (38010004),Tre Jones (38009777),Bennedict Mathurin (38009740),Alexandre Sarr (38009707),280.83,382.32,50000,86.06%,0,-8.39%,0,156.51,$-0.34,TOR 3,ATL 1,user17,50,marvalshot,7965,4658672637_17
Trae Young (38009522),AJ Lawson (38010081),RJ Barrett (38009606),Pascal Siakam (38009567),Onyeka Okongwu (38009627),Josh Giddey (38009559),Jamison Battle (38010088),Orlando Robinson (38010004),283.04,376.67,49200,97.24%,0,43.39%,0,141.57,$1.74,TOR 4,ATL 2,user17,49,marvalshot,4009,4658672638_17
Jamal Shead (38009980),Cole Anthony (38009736),Jamison Battle (38010088),Tari Eason (38009699),Orlando Robinson (38010004),Josh Giddey (38009559),Bam Adebayo (38009530),Giannis Antetokounmpo (38009507),277.29375,371.40583769348524,49300,42.50%,0,-78.72%,0,139.59,$-3.15,TOR 3,ORL 1,user41,1,marvalshot,13830,4658672639_41
AJ Lawson (38010081),Derrick White (38009614),Jamison Battle (38010088),Tari Eason (38009699),Alperen Sengun (38009525),T.J. McConnell (38009750),Giannis Antetokounmpo (38009507),Tobias Harris (38009671),283.72249999999997,375.2450555418866,49800,98.34%,0,55.4%,0,146.3,$2.22,TOR 2,HOU 2,user36,1,marvalshot,13874,4658672640_36
Jamal Shead (38009980),Jared Rhoden (38010114),Jamison Battle (38010088),Giannis Antetokounmpo (38009507),Alperen Sengun (38009525),Jordan Poole (38009599),Ausar Thompson (38009654),Onyeka Okongwu (38009627),295.28875,391.83921784840135,49900,100.00%,22190,267.04%,0,158.26999999999998,$10.68,TOR 3,MIL 1,user17,50,marvalshot,1428,4658672641_17
Jamal Shead (38009980),AJ Lawson (38010081),Georges Niang (38009841),Giannis Antetokounmpo (38009507),Orlando Robinson (38010004),Stephen Curry (38009527),Franz Wagner (38009556),Onyeka Okongwu (38009627),284.47999999999996,380.56999999999994,49800,99.38%,3,69.79%,0,163.91,$2.79,TOR 3,ATL 2,user17,45,marvalshot,13892,4658672642_17
T.J. McConnell (38009750),Jared Rhoden (38010114),Scottie Barnes (38009581),Tari Eason (38009699),Onyeka Okongwu (38009627),Jamal Shead (38009980),Giannis Antetokounmpo (38009507),Jordan Poole (38009599),282.43375,383.6058376934852,49600,97.94%,0,34.65%,0,198.32,$1.39,TOR 3,IND 1,user17,50,marvalshot,5084,4658672643_17
Jordan Poole (38009599),AJ Lawson (38010081),RJ Barrett (38009606),Pascal Siakam (38009567),Orlando Robinson (38010004),Jamal Shead (38009980),Giannis Antetokounmpo (38009507),Kel'el Ware (38009661),285.66999999999996,385.61999999999995,49100,99.94%,2,89.54%,0,176.53000000000003,$3.58,TOR 4,WAS 1,user17,49,marvalshot,13893,4658672644_17
Jamal Shead (38009980),AJ Lawson (38010081),Scottie Barnes (38009581),Tari Eason (38009699),Onyeka Okongwu (38009627),Tre Jones (38009777),Jimmy Butler (38009577),Giannis Antetokounmpo (38009507),289.23375,385.9258376934852,50000,100.00%,182,139.6%,0,201.54,$5.58,TOR 3,HOU 1,user17,49,marvalshot,5968,4658672645_17
Jordan Poole (38009599),AJ Lawson (38010081),Scottie Barnes (38009581),Giannis Antetokounmpo (38009507),Orlando Robinson (38010004),Josh Giddey (38009559),Jamison Battle (38010088),Kel'el Ware (38009661),286.37,385.78,49700,99.87%,26,98.86%,0,157.73000000000002,$3.95,TOR 4,WAS 1,user18,46,marvalshot,13784,4658672636_18
Trae Young (38009522),AJ Lawson (38010081),Scottie Barnes (38009581),Giannis Antetokounmpo (38009507),Orlando Robinson (38010004),Tre Jones (38009777),Bennedict Mathurin (38009740),Alexandre Sarr (38009707),280.83,382.32,50000,86.06%,0,-8.39%,0,156.51,$-0.34,TOR 3,ATL 1,user18,50,marvalshot,7965,4658672637_18
Trae Young (38009522),AJ Lawson (38010081),RJ Barrett (38009606),Pascal Siakam (38009567),Onyeka Okongwu (38009627),Josh Giddey (38009559),Jamison Battle (38010088),Orlando Robinson (38010004),283.04,376.67,49200,97.24%,0,43.39%,0,141.57,$1.74,TOR 4,ATL 2,user18,49,marvalshot,4009,4658672638_18
Jamal Shead (38009980),Tyler Herro (38009547),Jamison Battle (38010088),Tari Eason (38009699),Orlando Robinson (38010004),Stephen Curry (38009527),LeBron James (38009511),Kel'el Ware (38009661),276.47375,368.8058376934853,49900,31.73%,0,-86.64%,0,137.69,$-3.47,TOR 3,MIA 2,user36,1,marvalshot,13825,4658672639_36
AJ Lawson (38010081),Jaylen Brown (38009562),Jamison Battle (38010088),Tari Eason (38009699),Alperen Sengun (38009525),T.J. McConnell (38009750),Giannis Antetokounmpo (38009507),Dennis Schroder (38009794),283.6025,378.78505554188666,49900,98.17%,0,53.69%,0,146.43,$2.15,TOR 2,HOU 2,user30,1,marvalshot,13868,4658672640_30
Jamal Shead (38009980),Jared Rhoden (38010114),Jamison Battle (38010088),Giannis Antetokounmpo (38009507),Alperen Sengun (38009525),Jordan Poole (38009599),Ausar Thompson (38009654),Onyeka Okongwu (38009627),295.28875,391.83921784840135,49900,100.00%,22190,267.04%,0,158.26999999999998,$10.68,TOR 3,MIL 1,user18,50,marvalshot,1428,4658672641_18
Jamal Shead (38009980),AJ Lawson (38010081),Georges Niang (38009841),Giannis Antetokounmpo (38009507),Orlando Robinson (38010004),Stephen Curry (38009527),Franz Wagner (38009556),Onyeka Okongwu (38009627),284.47999999999996,380.56999999999994,49800,99.38%,3,69.79%,0,163.91,$2.79,TOR 3,ATL 2,user18,45,marvalshot,13892,4658672642_18
T.J. McConnell (38009750),Jared Rhoden (38010114),Scottie Barnes (38009581),Tari Eason (38009699),Onyeka Okongwu (38009627),Jamal Shead (38009980),Giannis Antetokounmpo (38009507),Jordan Poole (38009599),282.43375,383.6058376934852,49600,97.94%,0,34.65%,0,198.32,$1.39,TOR 3,IND 1,user18,50,marvalshot,5084,4658672643_18
Jordan Poole (38009599),AJ Lawson (38010081),RJ Barrett (38009606),Pascal Siakam (38009567),Orlando Robinson (38010004),Jamal Shead (38009980),Giannis Antetokounmpo (38009507),Kel'el Ware (38009661),285.66999999999996,385.61999999999995,49100,99.94%,2,89.54%,0,176.53000000000003,$3.58,TOR 4,WAS 1,user18,49,marvalshot,13893,4658672644_18
Jamal Shead (38009980),AJ Lawson (38010081),Scottie Barnes (38009581),Tari Eason (38009699),Onyeka Okongwu (38009627),Tre Jones (38009777),Jimmy Butler (38009577),Giannis Antetokounmpo (38009507),289.23375,385.9258376934852,50000,100.00%,182,139.6%,0,201.54,$5.58,TOR 3,HOU 1,user18,49,marvalshot,5968,4658672645_18
Jordan Poole (38009599),AJ Lawson (38010081),Scottie Barnes (38009581),Giannis Antetokounmpo (38009507),Orlando Robinson (38010004),Josh Giddey (38009559),Jamison Battle (38010088),Kel'el Ware (38009661),286.37,385.78,49700,99.87%,26,98.86%,0,157.73000000000002,$3.95,TOR 4,WAS 1,user19,46,marvalshot,13784,4658672636_19
Trae Young (38009522),AJ Lawson (38010081),Scottie Barnes (38009581),Giannis Antetokounmpo (38009507),Orlando Robinson (38010004),Tre Jones (38009777),Bennedict Mathurin (38009740),Alexandre Sarr (38009707),280.83,382.32,50000,86.06%,0,-8.39%,0,156.51,$-0.34,TOR 3,ATL 1,user19,50,marvalshot,7965,4658672637_19
Trae Young (38009522),AJ Lawson (38010081),RJ Barrett (38009606),Pascal Siakam (38009567),Onyeka Okongwu (38009627),Josh Giddey (38009559),Jamison Battle (38010088),Orlando Robinson (38010004),283.04,376.67,49200,97.24%,0,43.39%,0,141.57,$1.74,TOR 4,ATL 2,user19,49,marvalshot,4009,4658672638_19
Jamal Shead (38009980),Jaylen Brown (38009562),Jamison Battle (38010088),Tari Eason (38009699),Orlando Robinson (38010004),Coby White (38009594),Giannis Antetokounmpo (38009507),Austin Reaves (38009602),276.18375,365.44583769348526,49400,27.29%,0,-89.62%,0,139.19,$-3.58,TOR 3,BOS 1,user32,1,marvalshot,13821,4658672639_32
AJ Lawson (38010081),Payton Pritchard (38009650),Jamison Battle (38010088),Tari Eason (38009699),Alperen Sengun (38009525),T.J. McConnell (38009750),Andrew Wiggins (38009624),Giannis Antetokounmpo (38009507),283.50249999999994,376.6950555418866,49800,97.96%,0,51.39%,0,146.63,$2.06,TOR 2,HOU 2,user10,1,marvalshot,13848,4658672640_10
Jamal Shead (38009980),Jared Rhoden (38010114),Jamison Battle (38010088),Giannis Antetokounmpo (38009507),Alperen Sengun (38009525),Jordan Poole (38009599),Ausar Thompson (38009654),Onyeka Okongwu (38009627),295.28875,391.83921784840135,49900,100.00%,22190,267.04%,0,158.26999999999998,$10.68,TOR 3,MIL 1,user19,50,marvalshot,1428,4658672641_19
Jamal Shead (38009980),AJ Lawson (38010081),Georges Niang (38009841),Giannis Antetokounmpo (38009507),Orlando Robinson (38010004),Stephen Curry (38009527),Franz Wagner (38009556),Onyeka Okongwu (38009627),284.47999999999996,380.56999999999994,49800,99.38%,3,69.79%,0,163.91,$2.79,TOR 3,ATL 2,user19,45,marvalshot,13892,4658672642_19
T.J. McConnell (38009750),Jared Rhoden (38010114),Scottie Barnes (38009581),Tari Eason (38009699),Onyeka Okongwu (38009627),Jamal Shead (38009980),Giannis Antetokounmpo (38009507),Jordan Poole (38009599),282.43375,383.6058376934852,49600,97.94%,0,34.65%,0,198.32,$1.39,TOR 3,IND 1,user19,50,marvalshot,5084,4658672643_19
Jordan Poole (38009599),AJ Lawson (38010081),RJ Barrett (38009606),Pascal Siakam (38009567),Orlando Robinson (38010004),Jamal Shead (38009980),Giannis Antetokounmpo (38009507),Kel'el Ware (38009661),285.66999999999996,385.61999999999995,49100,99.94%,2,89.54%,0,176.53000000000003,$3.58,TOR 4,WAS 1,user19,49,marvalshot,13893,4658672644_19
Jamal Shead (38009980),AJ Lawson (38010081),Scottie Barnes (38009581),Tari Eason (38009699),Onyeka Okongwu (38009627),Tre Jones (38009777),Jimmy Butler (38009577),Giannis Antetokounmpo (38009507),289.23375,385.9258376934852,50000,100.00%,182,139.6%,0,201.54,$5.58,TOR 3,HOU 1,user19,49,marvalshot,5968,4658672645_19
Jordan Poole (38009599),AJ Lawson (38010081),Scottie Barnes (38009581),Giannis Antetokounmpo (38009507),Orlando Robinson (38010004),Josh Giddey (38009559),Jamison Battle (38010088),Kel'el Ware (38009661),286.37,385.78,49700,99.87%,26,98.86%,0,157.73000000000002,$3.95,TOR 4,WAS 1,user20,46,marvalshot,13784,4658672636_20
Trae Young (38009522),AJ Lawson (38010081),Scottie Barnes (38009581),Giannis Antetokounmpo (38009507),Orlando Robinson (38010004),Tre Jones (38009777),Bennedict Mathurin (38009740),Alexandre Sarr (38009707),280.83,382.32,50000,86.06%,0,-8.39%,0,156.51,$-0.34,TOR 3,ATL 1,user20,50,marvalshot,7965,4658672637_20
Trae Young (38009522),AJ Lawson (38010081),RJ Barrett (38009606),Pascal Siakam (38009567),Onyeka Okongwu (38009627),Josh Giddey (38009559),Jamison Battle (38010088),Orlando Robinson (38010004),283.04,376.67,49200,97.24%,0,43.39%,0,141.57,$1.74,TOR 4,ATL 2,user20,49,marvalshot,4009,4658672638_20
Jamal Shead (38009980),Tyler Herro (38009547),Jamison Battle (38010088),Tari Eason (38009699),Orlando Robinson (38010004),Austin Reaves (38009602),Jaylen Brown (38009562),Cade Cunningham (38009519),275.51375,361.89583769348525,49800,19.64%,0,-93.41%,0,141.54000000000002,$-3.74,TOR 3,MIA 1,user10,1,marvalshot,13799,4658672639_10
AJ Lawson (38010081),Buddy Hield (38009817),Jamison Battle (38010088),Tari Eason (38009699),Alperen Sengun (38009525),T.J. McConnell (38009750),Jayson Tatum (38009515),Tyler Herro (38009547),283.1725,372.28505554188666,49200,97.52%,0,45.48%,0,156.12,$1.82,TOR 2,HOU 2,user48,1,marvalshot,13886,4658672640_48
Jamal Shead (38009980),Jared Rhoden (38010114),Jamison Battle (38010088),Giannis Antetokounmpo (38009507),Alperen Sengun (38009525),Jordan Poole (38009599),Ausar Thompson (38009654),Onyeka Okongwu (38009627),295.28875,391.83921784840135,49900,100.00%,22190,267.04%,0,158.26999999999998,$10.68,TOR 3,MIL 1,user20,50,marvalshot,1428,4658672641_20
Jamal Shead (38009980),AJ Lawson (38010081),Georges Niang (38009841),Giannis Antetokounmpo (38009507),Orlando Robinson (38010004),Stephen Curry (38009527),Franz Wagner (38009556),Onyeka Okongwu (38009627),284.47999999999996,380.56999999999994,49800,99.38%,3,69.79%,0,163.91,$2.79,TOR 3,ATL 2,user20,45,marvalshot,13892,4658672642_20
T.J. McConnell (38009750),Jared Rhoden (38010114),Scottie Barnes (38009581),Tari Eason (38009699),Onyeka Okongwu (38009627),Jamal Shead (38009980),Giannis Antetokounmpo (38009507),Jordan Poole (38009599),282.43375,383.6058376934852,49600,97.94%,0,34.65%,0,198.32,$1.39,TOR 3,IND 1,user20,50,marvalshot,5084,4658672643_20
Jordan Poole (38009599),AJ Lawson (38010081),RJ Barrett (38009606),Pascal Siakam (38009567),Orlando Robinson (38010004),Jamal Shead (38009980),Giannis Antetokounmpo (38009507),Kel'el Ware (38009661),285.66999999999996,385.61999999999995,49100,99.94%,2,89.54%,0,176.53000000000003,$3.58,TOR 4,WAS 1,user20,49,marvalshot,13893,4658672644_20
Jamal Shead (38009980),AJ Lawson (38010081),Scottie Barnes (38009581),Tari Eason (38009699),Onyeka Okongwu (38009627),Tre Jones (38009777),Jimmy Butler (38009577),Giannis Antetokounmpo (38009507),289.23375,385.9258376934852,50000,100.00%,182,139.6%,0,201.54,$5.58,TOR 3,HOU 1,user20,49,marvalshot,5968,4658672645_20
Jordan Poole (38009599),AJ Lawson (38010081),Scottie Barnes (38009581),Giannis Antetokounmpo (38009507),Orlando Robinson (38010004),Josh Giddey (38009559),Jamison Battle (38010088),Kel'el Ware (38009661),286.37,385.78,49700,99.87%,26,98.86%,0,157.73000000000002,$3.95,TOR 4,WAS 1,user21,46,marvalshot,13784,4658672636_21
Trae Young (38009522),AJ Lawson (38010081),Scottie Barnes (38009581),Giannis Antetokounmpo (38009507),Orlando Robinson (38010004),Tre Jones (38009777),Bennedict Mathurin (38009740),Alexandre Sarr (38009707),280.83,382.32,50000,86.06%,0,-8.39%,0,156.51,$-0.34,TOR 3,ATL 1,user21,50,marvalshot,7965,4658672637_21
Trae Young (38009522),AJ Lawson (38010081),RJ Barrett (38009606),Pascal Siakam (38009567),Onyeka Okongwu (38009627),Josh Giddey (38009559),Jamison Battle (38010088),Orlando Robinson (38010004),283.04,376.67,49200,97.24%,0,43.39%,0,141.57,$1.74,TOR 4,ATL 2,user21,49,marvalshot,4009,4658672638_21
Jamal Shead (38009980),Tyler Herro (38009547),Jamison Battle (38010088),Tari Eason (38009699),Orlando Robinson (38010004),Kevin Porter Jr. (38009935),LeBron James (38009511),Giannis Antetokounmpo (38009507),275.45375,373.75583769348526,49900,19.24%,0,-93.87%,0,146.71,$-3.75,TOR 3,MIL 2,user45,1,marvalshot,13834,4658672639_45
AJ Lawson (38010081),Gary Payton II (38009912),Jamison Battle (38010088),Tari Eason (38009699),Alperen Sengun (38009525),T.J. McConnell (38009750),Giannis Antetokounmpo (38009507),Franz Wagner (38009556),283.0725,378.8750555418866,49700,97.11%,0,42.91%,0,148.12,$1.72,TOR 2,HOU 2,user43,1,marvalshot,13881,4658672640_43
Jamal Shead (38009980),Jared Rhoden (38010114),Jamison Battle (38010088),Giannis Antetokounmpo (38009507),Alperen Sengun (38009525),Jordan Poole (38009599),Ausar Thompson (38009654),Onyeka Okongwu (38009627),295.28875,391.83921784840135,49900,100.00%,22190,267.04%,0,158.26999999999998,$10.68,TOR 3,MIL 1,user21,50,marvalshot,1428,4658672641_21
Jamal Shead (38009980),AJ Lawson (38010081),Georges Niang (38009841),Giannis Antetokounmpo (38009507),Orlando Robinson (38010004),Stephen Curry (38009527),Franz Wagner (38009556),Onyeka Okongwu (38009627),284.47999999999996,380.56999999999994,49800,99.38%,3,69.79%,0,163.91,$2.79,TOR 3,ATL 2,user21,45,marvalshot,13892,4658672642_21
T.J. McConnell (38009750),Jared Rhoden (38010114),Scottie Barnes (38009581),Tari Eason (38009699),Onyeka Okongwu (38009627),Jamal Shead (38009980),Giannis Antetokounmpo (38009507),Jordan Poole (38009599),282.43375,383.6058376934852,49600,97.94%,0,34.65%,0,198.32,$1.39,TOR 3,IND 1,user21,50,marvalshot,5084,4658672643_21
Jordan Poole (38009599),AJ Lawson (38010081),RJ Barrett (38009606),Pascal Siakam (38009567),Orlando Robinson (38010004),Jamal Shead (38009980),Giannis Antetokounmpo (38009507),Kel'el Ware (38009661),285.66999999999996,385.61999999999995,49100,99.94%,2,89.54%,0,176.53000000000003,$3.58,TOR 4,WAS 1,user21,49,marvalshot,13893,4658672644_21
Jamal Shead (38009980),AJ Lawson (38010081),Scottie Barnes (38009581),Tari Eason (38009699),Onyeka Okongwu (38009627),Tre Jones (38009777),Jimmy Butler (38009577),Giannis Antetokounmpo (38009507),289.23375,385.9258376934852,50000,100.00%,182,139.6%,0,201.54,$5.58,TOR 3,HOU 1,user21,49,marvalshot,5968,4658672645_21
Jordan Poole (38009599),AJ Lawson (38010081),Scottie Barnes (38009581),Giannis Antetokounmpo (38009507),Orlando Robinson (38010004),Josh Giddey (38009559),Jamison Battle (38010088),Kel'el Ware (38009661),286.37,385.78,49700,99.87%,26,98.86%,0,157.73000000000002,$3.95,TOR 4,WAS 1,user22,46,marvalshot,13784,4658672636_22
Trae Young (38009522),AJ Lawson (38010081),Scottie Barnes (38009581),Giannis Antetokounmpo (38009507),Orlando Robinson (38010004),Tre Jones (38009777),Bennedict Mathurin (38009740),Alexandre Sarr (38009707),280.83,382.32,50000,86.06%,0,-8.39%,0,156.51,$-0.34,TOR 3,ATL 1,user22,50,marvalshot,7965,4658672637_22
Trae Young (38009522),AJ Lawson (38010081),RJ Barrett (38009606),Pascal Siakam (38009567),Onyeka Okongwu (38009627),Josh Giddey (38009559),Jamison Battle (38010088),Orlando Robinson (38010004),283.04,376.67,49200,97.24%,0,43.39%,0,141.57,$1.74,TOR 4,ATL 2,user22,49,marvalshot,4009,4658672638_22
Jamal Shead (38009980),Jaylen Brown (38009562),Jamison Battle (38010088),Tari Eason (38009699),Orlando Robinson (38010004),Kevin Porter Jr. (38009935),Giannis Antetokounmpo (38009507),Jayson Tatum (38009515),275.40375,372.8558376934852,49100,18.15%,0,-94.48%,0,140.12,$-3.78,TOR 3,BOS 2,user19,1,marvalshot,13808,4658672639_19
AJ Lawson (38010081),AJ Green (38009964),Jamison Battle (38010088),Tari Eason (38009699),Alperen Sengun (38009525),T.J. McConnell (38009750),Jaylen Brown (38009562),Giannis Antetokounmpo (38009507),282.9625,373.8850555418866,49100,96.98%,0,41.38%,0,147.38,$1.66,TOR 2,MIL 2,user42,1,marvalshot,13880,4658672640_42
Jamal Shead (38009980),Jared Rhoden (38010114),Jamison Battle (38010088),Giannis Antetokounmpo (38009507),Alperen Sengun (38009525),Jordan Poole (38009599),Ausar Thompson (38009654),Onyeka Okongwu (38009627),295.28875,391.83921784840135,49900,100.00%,22190,267.04%,0,158.26999999999998,$10.68,TOR 3,MIL 1,user22,50,marvalshot,1428,4658672641_22
Jamal Shead (38009980),AJ Lawson (38010081),Georges Niang (38009841),Giannis Antetokounmpo (38009507),Orlando Robinson (38010004),Stephen Curry (38009527),Franz Wagner (38009556),Onyeka Okongwu (38009627),284.47999999999996,380.56999999999994,49800,99.38%,3,69.79%,0,163.91,$2.79,TOR 3,ATL 2,user22,45,marvalshot,13892,4658672642_22
T.J. McConnell (38009750),Jared Rhoden (38010114),Scottie Barnes (38009581),Tari Eason (38009699),Onyeka Okongwu (38009627),Jamal Shead (38009980),Giannis Antetokounmpo (38009507),Jordan Poole (38009599),282.43375,383.6058376934852,49600,97.94%,0,34.65%,0,198.32,$1.39,TOR 3,IND 1,user22,50,marvalshot,5084,4658672643_22
Jordan Poole (38009599),AJ Lawson (38010081),RJ Barrett (38009606),Pascal Siakam (38009567),Orlando Robinson (38010004),Jamal Shead (38009980),Giannis Antetokounmpo (38009507),Kel'el Ware (38009661),285.66999999999996,385.61999999999995,49100,99.94%,2,89.54%,0,176.53000000000003,$3.58,TOR 4,WAS 1,user22,49,marvalshot,13893,4658672644_22
Jamal Shead (38009980),AJ Lawson (38010081),Scottie Barnes (38009581),Tari Eason (38009699),Onyeka Okongwu (38009627),Tre Jones (38009777),Jimmy Butler (38009577),Giannis Antetokounmpo (38009507),289.23375,385.9258376934852,50000,100.00%,182,139.6%,0,201.54,$5.58,TOR 3,HOU 1,user22,49,marvalshot,5968,4658672645_22
Jordan Poole (38009599),AJ Lawson (38010081),Scottie Barnes (38009581),Giannis Antetokounmpo (38009507),Orlando Robinson (38010004),Josh Giddey (38009559),Jamison Battle (38010088),Kel'el Ware (38009661),286.37,385.78,49700,99.87%,26,98.86%,0,157.73000000000002,$3.95,TOR 4,WAS 1,user23,46,marvalshot,13784,4658672636_23
Trae Young (38009522),AJ Lawson (38010081),Scottie Barnes (38009581),Giannis Antetokounmpo (38009507),Orlando Robinson (38010004),Tre Jones (38009777),Bennedict Mathurin (38009740),Alexandre Sarr (38009707),280.83,382.32,50000,86.06%,0,-8.39%,0,156.51,$-0.34,TOR 3,ATL 1,user23,50,marvalshot,7965,4658672637_23
Trae Young (38009522),AJ Lawson (38010081),RJ Barrett (38009606),Pascal Siakam (38009567),Onyeka Okongwu (38009627),Josh Giddey (38009559),Jamison Battle (38010088),Orlando Robinson (38010004),283.04,376.67,49200,97.24%,0,43.39%,0,141.57,$1.74,TOR 4,ATL 2,user23,49,marvalshot,4009,4658672638_23
Jamal Shead (38009980),Coby White (38009594),Jamison Battle (38010088),Tari Eason (38009699),Orlando Robinson (38010004),Cade Cunningham (38009519),Jaylen Brown (38009562),Tyler Herro (38009547),274.87375,361.82583769348525,49800,13.82%,0,-95.96%,0,137.3,$-3.84,TOR 3,CHI 1,user21,1,marvalshot,13810,4658672639_21
AJ Lawson (38010081),Tyler Herro (38009547),Jamison Battle (38010088),Tari Eason (38009699),Alperen Sengun (38009525),T.J. McConnell (38009750),Bam Adebayo (38009530),Ausar Thompson (38009654),282.97249999999997,372.1950555418866,49800,96.92%,0,41.33%,0,142.51,$1.65,TOR 2,MIA 2,user38,1,marvalshot,13876,4658672640_38
Jamal Shead (38009980),Jared Rhoden (38010114),Jamison Battle (38010088),Giannis Antetokounmpo (38009507),Alperen Sengun (38009525),Jordan Poole (38009599),Ausar Thompson (38009654),Onyeka Okongwu (38009627),295.28875,391.83921784840135,49900,100.00%,22190,267.04%,0,158.26999999999998,$10.68,TOR 3,MIL 1,user23,50,marvalshot,1428,4658672641_23
Jamal Shead (38009980),AJ Lawson (38010081),Georges Niang (38009841),Giannis Antetokounmpo (38009507),Orlando Robinson (38010004),Stephen Curry (38009527),Franz Wagner (38009556),Onyeka Okongwu (38009627),284.47999999999996,380.56999999999994,49800,99.38%,3,69.79%,0,163.91,$2.79,TOR 3,ATL 2,user23,45,marvalshot,13892,4658672642_23
T.J. McConnell (38009750),Jared Rhoden (38010114),Scottie Barnes (38009581),Tari Eason (38009699),Onyeka Okongwu (38009627),Jamal Shead (38009980),Giannis Antetokounmpo (38009507),Jordan Poole (38009599),282.43375,383.6058376934852,49600,97.94%,0,34.65%,0,198.32,$1.39,TOR 3,IND 1,user23,50,marvalshot,5084,4658672643_23
Jordan Poole (38009599),AJ Lawson (38010081),RJ Barrett (38009606),Pascal Siakam (38009567),Orlando Robinson (38010004),Jamal Shead (38009980),Giannis Antetokounmpo (38009507),Kel'el Ware (38009661),285.66999999999996,385.61999999999995,49100,99.94%,2,89.54%,0,176.53000000000003,$3.58,TOR 4,WAS 1,user23,49,marvalshot,13893,4658672644_23
Jamal Shead (38009980),AJ Lawson (38010081),Scottie Barnes (38009581),Tari Eason (38009699),Onyeka Okongwu (38009627),Tre Jones (38009777),Jimmy Butler (38009577),Giannis Antetokounmpo (38009507),289.23375,385.9258376934852,50000,100.00%,182,139.6%,0,201.54,$5.58,TOR 3,HOU 1,user23,49,marvalshot,5968,4658672645_23
Jordan Poole (38009599),AJ Lawson (38010081),Scottie Barnes (38009581),Giannis Antetokounmpo (38009507),Orlando Robinson (38010004),Josh Giddey (38009559),Jamison Battle (38010088),Kel'el Ware (38009661),286.37,385.78,49700,99.87%,26,98.86%,0,157.73000000000002,$3.95,TOR 4,WAS 1,user24,46,marvalshot,13784,4658672636_24
Trae Young (38009522),AJ Lawson (38010081),Scottie Barnes (38009581),Giannis Antetokounmpo (38009507),Orlando Robinson (38010004),Tre Jones (38009777),Bennedict Mathurin (38009740),Alexandre Sarr (38009707),280.83,382.32,50000,86.06%,0,-8.39%,0,156.51,$-0.34,TOR 3,ATL 1,user24,50,marvalshot,7965,4658672637_24
Trae Young (38009522),AJ Lawson (38010081),RJ Barrett (38009606),Pascal Siakam (38009567),Onyeka Okongwu (38009627),Josh Giddey (38009559),Jamison Battle (38010088),Orlando Robinson (38010004),283.04,376.67,49200,97.24%,0,43.39%,0,141.57,$1.74,TOR 4,ATL 2,user24,49,marvalshot,4009,4658672638_24
Jamal Shead (38009980),Kentavious Caldwell-Pope (38009897),Jamison Battle (38010088),Tari Eason (38009699),Orlando Robinson (38010004),Stephen Curry (38009527),Bam Adebayo (38009530),Giannis Antetokounmpo (38009507),274.87375,366.03583769348523,49300,14.00%,0,-96.13%,0,136.54000000000002,$-3.85,TOR 3,ORL 1,user4,1,marvalshot,13793,4658672639_4
AJ Lawson (38010081),Coby White (38009594),Jamison Battle (38010088),Tari Eason (38009699),Alperen Sengun (38009525),T.J. McConnell (38009750),Duncan Robinson (38009756),Giannis Antetokounmpo (38009507),282.29249999999996,373.2950555418866,49000,94.58%,0,25.66%,0,143.96,$1.03,TOR 2,HOU 2,user24,1,marvalshot,13862,4658672640_24
Jamal Shead (38009980),Jared Rhoden (38010114),Jamison Battle (38010088),Giannis Antetokounmpo (38009507),Alperen Sengun (38009525),Jordan Poole (38009599),Ausar Thompson (38009654),Onyeka Okongwu (38009627),295.28875,391.83921784840135,49900,100.00%,22190,267.04%,0,158.26999999999998,$10.68,TOR 3,MIL 1,user24,50,marvalshot,1428,4658672641_24
Jamal Shead (38009980),AJ Lawson (38010081),Georges Niang (38009841),Giannis Antetokounmpo (38009507),Orlando Robinson (38010004),Stephen Curry (38009527),Franz Wagner (38009556),Onyeka Okongwu (38009627),284.47999999999996,380.56999999999994,49800,99.38%,3,69.79%,0,163.91,$2.79,TOR 3,ATL 2,user24,45,marvalshot,13892,4658672642_24
T.J. McConnell (38009750),Jared Rhoden (38010114),Scottie Barnes (38009581),Tari Eason (38009699),Onyeka Okongwu (38009627),Jamal Shead (38009980),Giannis Antetokounmpo (38009507),Jordan Poole (38009599),282.43375,383.6058376934852,49600,97.94%,0,34.65%,0,198.32,$1.39,TOR 3,IND 1,user24,50,marvalshot,5084,4658672643_24
Jordan Poole (38009599),AJ Lawson (38010081),RJ Barrett (38009606),Pascal Siakam (38009567),Orlando Robinson (38010004),Jamal Shead (38009980),Giannis Antetokounmpo (38009507),Kel'el Ware (38009661),285.66999999999996,385.61999999999995,49100,99.94%,2,89.54%,0,176.53000000000003,$3.58,TOR 4,WAS 1,user24,49,marvalshot,13893,4658672644_24
Jamal Shead (38009980),AJ Lawson (38010081),Scottie Barnes (38009581),Tari Eason (38009699),Onyeka Okongwu (38009627),Tre Jones (38009777),Jimmy Butler (38009577),Giannis Antetokounmpo (38009507),289.23375,385.9258376934852,50000,100.00%,182,139.6%,0,201.54,$5.58,TOR 3,HOU 1,user24,49,marvalshot,5968,4658672645_24
Jordan Poole (38009599),AJ Lawson (38010081),Scottie Barnes (38009581),Giannis Antetokounmpo (38009507),Orlando Robinson (38010004),Josh Giddey (38009559),Jamison Battle (38010088),Kel'el Ware (38009661),286.37,385.78,49700,99.87%,26,98.86%,0,157.73000000000002,$3.95,TOR 4,WAS 1,user25,46,marvalshot,13784,4658672636_25
Trae Young (38009522),AJ Lawson (38010081),Scottie Barnes (38009581),Giannis Antetokounmpo (38009507),Orlando Robinson (38010004),Tre Jones (38009777),Bennedict Mathurin (38009740),Alexandre Sarr (38009707),280.83,382.32,50000,86.06%,0,-8.39%,0,156.51,$-0.34,TOR 3,ATL 1,user25,50,marvalshot,7965,4658672637_25
Trae Young (38009522),AJ Lawson (38010081),RJ Barrett (38009606),Pascal Siakam (38009567),Onyeka Okongwu (38009627),Josh Giddey (38009559),Jamison Battle (38010088),Orlando Robinson (38010004),283.04,376.67,49200,97.24%,0,43.39%,0,141.57,$1.74,TOR 4,ATL 2,user25,49,marvalshot,4009,4658672638_25
Jamal Shead (38009980),Kevin Huerter (38009853),Jamison Battle (38010088),Tari Eason (38009699),Orlando Robinson (38010004),Josh Giddey (38009559),LeBron James (38009511),Giannis Antetokounmpo (38009507),274.64374999999995,369.6258376934852,49900,12.41%,0,-96.69%,0,137.01,$-3.87,TOR 3,CHI 2,user48,1,marvalshot,13837,4658672639_48
AJ Lawson (38010081),Cole Anthony (38009736),Jamison Battle (38010088),Tari Eason (38009699),Alperen Sengun (38009525),T.J. McConnell (38009750),Jayson Tatum (38009515),Jaylen Brown (38009562),282.1325,372.6050555418866,49300,94.15%,0,23.19%,0,140.77,$0.93,TOR 2,HOU 2,user22,1,marvalshot,13860,4658672640_22
Jamal Shead (38009980),Jared Rhoden (38010114),Jamison Battle (38010088),Giannis Antetokounmpo (38009507),Alperen Sengun (38009525),Jordan Poole (38009599),Ausar Thompson (38009654),Onyeka Okongwu (38009627),295.28875,391.83921784840135,49900,100.00%,22190,267.04%,0,158.26999999999998,$10.68,TOR 3,MIL 1,user25,50,marvalshot,1428,4658672641_25
Jamal Shead (38009980),AJ Lawson (38010081),Georges Niang (38009841),Giannis Antetokounmpo (38009507),Orlando Robinson (38010004),Stephen Curry (38009527),Franz Wagner (38009556),Onyeka Okongwu (38009627),284.47999999999996,380.56999999999994,49800,99.38%,3,69.79%,0,163.91,$2.79,TOR 3,ATL 2,user25,45,marvalshot,13892,4658672642_25
T.J. McConnell (38009750),Jared Rhoden (38010114),Scottie Barnes (38009581),Tari Eason (38009699),Onyeka Okongwu (38009627),Jamal Shead (38009980),Giannis Antetokounmpo (38009507),Jordan Poole (38009599),282.43375,383.6058376934852,49600,97.94%,0,34.65%,0,198.32,$1.39,TOR 3,IND 1,user25,50,marvalshot,5084,4658672643_25
Jordan Poole (38009599),AJ Lawson (38010081),RJ Barrett (38009606),Pascal Siakam (38009567),Orlando Robinson (38010004),Jamal Shead (38009980),Giannis Antetokounmpo (38009507),Kel'el Ware (38009661),285.66999999999996,385.61999999999995,49100,99.94%,2,89.54%,0,176.53000000000003,$3.58,TOR 4,WAS 1,user25,49,marvalshot,13893,4658672644_25
Jamal Shead (38009980),AJ Lawson (38010081),Scottie Barnes (38009581),Tari Eason (38009699),Onyeka Okongwu (38009627),Tre Jones (38009777),Jimmy Butler (38009577),Giannis Antetokounmpo (38009507),289.23375,385.9258376934852,50000,100.00%,182,139.6%,0,201.54,$5.58,TOR 3,HOU 1,user25,49,marvalshot,5968,4658672645_25
Jordan Poole (38009599),AJ Lawson (38010081),Scottie Barnes (38009581),Giannis Antetokounmpo (38009507),Orlando Robinson (38010004),Josh Giddey (38009559),Jamison Battle (38010088),Kel'el Ware (38009661),286.37,385.78,49700,99.87%,26,98.86%,0,157.73000000000002,$3.95,TOR 4,WAS 1,user26,46,marvalshot,13784,4658672636_26
Trae Young (38009522),AJ Lawson (38010081),Scottie Barnes (38009581),Giannis Antetokounmpo (38009507),Orlando Robinson (38010004),Tre Jones (38009777),Bennedict Mathurin (38009740),Alexandre Sarr (38009707),280.83,382.32,50000,86.06%,0,-8.39%,0,156.51,$-0.34,TOR 3,ATL 1,user26,50,marvalshot,7965,4658672637_26
Trae Young (38009522),AJ Lawson (38010081),RJ Barrett (38009606),Pascal Siakam (38009567),Onyeka Okongwu (38009627),Josh Giddey (38009559),Jamison Battle (38010088),Orlando Robinson (38010004),283.04,376.67,49200,97.24%,0,43.39%,0,141.57,$1.74,TOR 4,ATL 2,user26,49,marvalshot,4009,4658672638_26
Jamal Shead (38009980),Jaylen Brown (38009562),Jamison Battle (38010088),Tari Eason (38009699),Orlando Robinson (38010004),Stephen Curry (38009527),Jayson Tatum (38009515),Zach Collins (38009637),274.30375,365.34583769348524,49700,10.13%,0,-97.51%,0,124.79,$-3.9,TOR 3,BOS 2,user18,1,marvalshot,13807,4658672639_18
AJ Lawson (38010081),Derrick White (38009614),Jamison Battle (38010088),Tari Eason (38009699),Alperen Sengun (38009525),T.J. McConnell (38009750),Jayson Tatum (38009515),Jalen Duren (38009622),282.0525,373.42505554188665,49900,93.37%,0,20.92%,0,132.78000000000003,$0.84,TOR 2,BOS 2,user9,1,marvalshot,13847,4658672640_9
Jamal Shead (38009980),Jared Rhoden (38010114),Jamison Battle (38010088),Giannis Antetokounmpo (38009507),Alperen Sengun (38009525),Jordan Poole (38009599),Ausar Thompson (38009654),Onyeka Okongwu (38009627),295.28875,391.83921784840135,49900,100.00%,22190,267.04%,0,158.26999999999998,$10.68,TOR 3,MIL 1,user26,50,marvalshot,1428,4658672641_26
Jamal Shead (38009980),AJ Lawson (38010081),Georges Niang (38009841),Giannis Antetokounmpo (38009507),Orlando Robinson (38010004),Stephen Curry (38009527),Franz Wagner (38009556),Onyeka Okongwu (38009627),284.47999999999996,380.56999999999994,49800,99.38%,3,69.79%,0,163.91,$2.79,TOR 3,ATL 2,user26,45,marvalshot,13892,4658672642_26
T.J. McConnell (38009750),Jared Rhoden (38010114),Scottie Barnes (38009581),Tari Eason (38009699),Onyeka Okongwu (38009627),Jamal Shead (38009980),Giannis Antetokounmpo (38009507),Jordan Poole (38009599),282.43375,383.6058376934852,49600,97.94%,0,34.65%,0,198.32,$1.39,TOR 3,IND 1,user26,50,marvalshot,5084,4658672643_26
Jordan Poole (38009599),AJ Lawson (38010081),RJ Barrett (38009606),Pascal Siakam (38009567),Orlando Robinson (38010004),Jamal Shead (38009980),Giannis Antetokounmpo (38009507),Kel'el Ware (38009661),285.66999999999996,385.61999999999995,49100,99.94%,2,89.54%,0,176.53000000000003,$3.58,TOR 4,WAS 1,user26,49,marvalshot,13893,4658672644_26
Jamal Shead (38009980),AJ Lawson (38010081),Scottie Barnes (38009581),Tari Eason (38009699),Onyeka Okongwu (38009627),Tre Jones (38009777),Jimmy Butler (38009577),Giannis Antetokounmpo (38009507),289.23375,385.9258376934852,50000,100.00%,182,139.6%,0,201.54,$5.58,TOR 3,HOU 1,user26,49,marvalshot,5968,4658672645_26
Jordan Poole (38009599),AJ Lawson (38010081),Scottie Barnes (38009581),Giannis Antetokounmpo (38009507),Orlando Robinson (38010004),Josh Giddey (38009559),Jamison Battle (38010088),Kel'el Ware (38009661),286.37,385.78,49700,99.87%,26,98.86%,0,157.73000000000002,$3.95,TOR 4,WAS 1,user27,46,marvalshot,13784,4658672636_27
Trae Young (38009522),AJ Lawson (38010081),Scottie Barnes (38009581),Giannis Antetokounmpo (38009507),Orlando Robinson (38010004),Tre Jones (38009777),Bennedict Mathurin (38009740),Alexandre Sarr (38009707),280.83,382.32,50000,86.06%,0,-8.39%,0,156.51,$-0.34,TOR 3,ATL 1,user27,50,marvalshot,7965,4658672637_27
Trae Young (38009522),AJ Lawson (38010081),RJ Barrett (38009606),Pascal Siakam (38009567),Onyeka Okongwu (38009627),Josh Giddey (38009559),Jamison Battle (38010088),Orlando Robinson (38010004),283.04,376.67,49200,97.24%,0,43.39%,0,141.57,$1.74,TOR 4,ATL 2,user27,49,marvalshot,4009,4658672638_27
Jamal Shead (38009980),Tyler Herro (38009547),Jamison Battle (38010088),Tari Eason (38009699),Orlando Robinson (38010004),Coby White (38009594),Jaylen Brown (38009562),Jayson Tatum (38009515),274.30375,361.07583769348525,49900,9.64%,0,-97.72%,0,135.69,$-3.91,TOR 3,BOS 2,user9,1,marvalshot,13798,4658672639_9
AJ Lawson (38010081),Malik Beasley (38009688),Jamison Battle (38010088),Tari Eason (38009699),Alperen Sengun (38009525),T.J. McConnell (38009750),Giannis Antetokounmpo (38009507),Jalen Duren (38009622),281.7525,377.98505554188665,49700,92.18%,0,13.94%,0,142.93,$0.56,TOR 2,DET 2,user11,1,marvalshot,13849,4658672640_11
Jamal Shead (38009980),Jared Rhoden (38010114),Jamison Battle (38010088),Giannis Antetokounmpo (38009507),Alperen Sengun (38009525),Jordan Poole (38009599),Ausar Thompson (38009654),Onyeka Okongwu (38009627),295.28875,391.83921784840135,49900,100.00%,22190,267.04%,0,158.26999999999998,$10.68,TOR 3,MIL 1,user27,50,marvalshot,1428,4658672641_27
Jamal Shead (38009980),AJ Lawson (38010081),Georges Niang (38009841),Giannis Antetokounmpo (38009507),Orlando Robinson (38010004),Stephen Curry (38009527),Franz Wagner (38009556),Onyeka Okongwu (38009627),284.47999999999996,380.56999999999994,49800,99.38%,3,69.79%,0,163.91,$2.79,TOR 3,ATL 2,user27,45,marvalshot,13892,4658672642_27
T.J. McConnell (38009750),Jared Rhoden (38010114),Scottie Barnes (38009581),Tari Eason (38009699),Onyeka Okongwu (38009627),Jamal Shead (38009980),Giannis Antetokounmpo (38009507),Jordan Poole (38009599),282.43375,383.6058376934852,49600,97.94%,0,34.65%,0,198.32,$1.39,TOR 3,IND 1,user27,50,marvalshot,5084,4658672643_27
Jordan Poole (38009599),AJ Lawson (38010081),RJ Barrett (38009606),Pascal Siakam (38009567),Orlando Robinson (38010004),Jamal Shead (38009980),Giannis Antetokounmpo (38009507),Kel'el Ware (38009661),285.66999999999996,385.61999999999995,49100,99.94%,2,89.54%,0,176.53000000000003,$3.58,TOR 4,WAS 1,user27,49,marvalshot,13893,4658672644_27
Jamal Shead (38009980),AJ Lawson (38010081),Scottie Barnes (38009581),Tari Eason (38009699),Onyeka Okongwu (38009627),Tre Jones (38009777),Jimmy Butler (38009577),Giannis Antetokounmpo (38009507),289.23375,385.9258376934852,50000,100.00%,182,139.6%,0,201.54,$5.58,TOR 3,HOU 1,user27,49,marvalshot,5968,4658672645_27
Jordan Poole (38009599),AJ Lawson (38010081),Scottie Barnes (38009581),Giannis Antetokounmpo (38009507),Orlando Robinson (38010004),Josh Giddey (38009559),Jamison Battle (38010088),Kel'el Ware (38009661),286.37,385.78,49700,99.87%,26,98.86%,0,157.73000000000002,$3.95,TOR 4,WAS 1,user28,46,marvalshot,13784,4658672636_28
Trae Young (38009522),AJ Lawson (38010081),Scottie Barnes (38009581),Giannis Antetokounmpo (38009507),Orlando Robinson (38010004),Tre Jones (38009777),Bennedict Mathurin (38009740),Alexandre Sarr (38009707),280.83,382.32,50000,86.06%,0,-8.39%,0,156.51,$-0.34,TOR 3,ATL 1,user28,50,marvalshot,7965,4658672637_28
Trae Young (38009522),AJ Lawson (38010081),RJ Barrett (38009606),Pascal Siakam (38009567),Onyeka Okongwu (38009627),Josh Giddey (38009559),Jamison Battle (38010088),Orlando Robinson (38010004),283.04,376.67,49200,97.24%,0,43.39%,0,141.57,$1.74,TOR 4,ATL 2,user28,49,marvalshot,4009,4658672638_28
Jamal Shead (38009980),Buddy Hield (38009817),Jamison Battle (38010088),Tari Eason (38009699),Orlando Robinson (38010004),Luka Doncic (38009504),Bam Adebayo (38009530),Stephen Curry (38009527),273.96375,365.1758376934853,50000,8.05%,0,-97.98%,0,132.77,$-3.92,TOR 3,GSW 2,user43,1,marvalshot,13832,4658672639_43
AJ Lawson (38010081),Derrick White (38009614),Jamison Battle (38010088),Tari Eason (38009699),Alperen Sengun (38009525),T.J. McConnell (38009750),Bam Adebayo (38009530),Jimmy Butler (38009577),281.3125,368.3250555418866,49900,89.07%,0,3.62%,0,130.31,$0.14,TOR 2,HOU 2,user23,1,marvalshot,13861,4658672640_23
Jamal Shead (38009980),Jared Rhoden (38010114),Jamison Battle (38010088),Giannis Antetokounmpo (38009507),Alperen Sengun (38009525),Jordan Poole (38009599),Ausar Thompson (38009654),Onyeka Okongwu (38009627),295.28875,391.83921784840135,49900,100.00%,22190,267.04%,0,158.26999999999998,$10.68,TOR 3,MIL 1,user28,50,marvalshot,1428,4658672641_28
Jamal Shead (38009980),AJ Lawson (38010081),Georges Niang (38009841),Giannis Antetokounmpo (38009507),Orlando Robinson (38010004),Stephen Curry (38009527),Franz Wagner (38009556),Onyeka Okongwu (38009627),284.47999999999996,380.56999999999994,49800,99.38%,3,69.79%,0,163.91,$2.79,TOR 3,ATL 2,user28,45,marvalshot,13892,4658672642_28
T.J. McConnell (38009750),Jared Rhoden (38010114),Scottie Barnes (38009581),Tari Eason (38009699),Onyeka Okongwu (38009627),Jamal Shead (38009980),Giannis Antetokounmpo (38009507),Jordan Poole (38009599),282.43375,383.6058376934852,49600,97.94%,0,34.65%,0,198.32,$1.39,TOR 3,IND 1,user28,50,marvalshot,5084,4658672643_28
Jordan Poole (38009599),AJ Lawson (38010081),RJ Barrett (38009606),Pascal Siakam (38009567),Orlando Robinson (38010004),Jamal Shead (38009980),Giannis Antetokounmpo (38009507),Kel'el Ware (38009661),285.66999999999996,385.61999999999995,49100,99.94%,2,89.54%,0,176.53000000000003,$3.58,TOR 4,WAS 1,user28,49,marvalshot,13893,4658672644_28
Jamal Shead (38009980),AJ Lawson (38010081),Scottie Barnes (38009581),Tari Eason (38009699),Onyeka Okongwu (38009627),Tre Jones (38009777),Jimmy Butler (38009577),Giannis Antetokounmpo (38009507),289.23375,385.9258376934852,50000,100.00%,182,139.6%,0,201.54,$5.58,TOR 3,HOU 1,user28,49,marvalshot,5968,4658672645_28
Jordan Poole (38009599),AJ Lawson (38010081),Scottie Barnes (38009581),Giannis Antetokounmpo (38009507),Orlando Robinson (38010004),Josh Giddey (38009559),Jamison Battle (38010088),Kel'el Ware (38009661),286.37,385.78,49700,99.87%,26,98.86%,0,157.73000000000002,$3.95,TOR 4,WAS 1,user29,46,marvalshot,13784,4658672636_29
Trae Young (38009522),AJ Lawson (38010081),Scottie Barnes (38009581),Giannis Antetokounmpo (38009507),Orlando Robinson (38010004),Tre Jones (38009777),Bennedict Mathurin (38009740),Alexandre Sarr (38009707),280.83,382.32,50000,86.06%,0,-8.39%,0,156.51,$-0.34,TOR 3,ATL 1,user29,50,marvalshot,7965,4658672637_29
Trae Young (38009522),AJ Lawson (38010081),RJ Barrett (38009606),Pascal Siakam (38009567),Onyeka Okongwu (38009627),Josh Giddey (38009559),Jamison Battle (38010088),Orlando Robinson (38010004),283.04,376.67,49200,97.24%,0,43.39%,0,141.57,$1.74,TOR 4,ATL 2,user29,49,marvalshot,4009,4658672638_29
Jamal Shead (38009980),Cole Anthony (38009736),Jamison Battle (38010088),Tari Eason (38009699),Orlando Robinson (38010004),Luka Doncic (38009504),Giannis Antetokounmpo (38009507),Derrick White (38009614),272.06375,367.6358376934853,50000,1.79%,0,-99.74%,0,136.76,$-3.99,TOR 3,ORL 1,user27,1,marvalshot,13816,4658672639_27
AJ Lawson (38010081),Austin Reaves (38009602),Jamison Battle (38010088),Tari Eason (38009699),Alperen Sengun (38009525),T.J. McConnell (38009750),LeBron James (38009511),Kel'el Ware (38009661),281.0025,370.55505554188665,49500,87.38%,0,-3.27%,0,137.64,$-0.13,TOR 2,LAL 2,user3,1,marvalshot,13841,4658672640_3
Jamal Shead (38009980),Jared Rhoden (38010114),Jamison Battle (38010088),Giannis Antetokounmpo (38009507),Alperen Sengun (38009525),Jordan Poole (38009599),Ausar Thompson (38009654),Onyeka Okongwu (38009627),295.28875,391.83921784840135,49900,100.00%,22190,267.04%,0,158.26999999999998,$10.68,TOR 3,MIL 1,user29,50,marvalshot,1428,4658672641_29
Jamal Shead (38009980),AJ Lawson (38010081),Georges Niang (38009841),Giannis Antetokounmpo (38009507),Orlando Robinson (38010004),Stephen Curry (38009527),Franz Wagner (38009556),Onyeka Okongwu (38009627),284.47999999999996,380.56999999999994,49800,99.38%,3,69.79%,0,163.91,$2.79,TOR 3,ATL 2,user29,45,marvalshot,13892,4658672642_29
T.J. McConnell (38009750),Jared Rhoden (38010114),Scottie Barnes (38009581),Tari Eason (38009699),Onyeka Okongwu (38009627),Jamal Shead (38009980),Giannis Antetokounmpo (38009507),Jordan Poole (38009599),282.43375,383.6058376934852,49600,97.94%,0,34.65%,0,198.32,$1.39,TOR 3,IND 1,user29,50,marvalshot,5084,4658672643_29
Jordan Poole (38009599),AJ Lawson (38010081),RJ Barrett (38009606),Pascal Siakam (38009567),Orlando Robinson (38010004),Jamal Shead (38009980),Giannis Antetokounmpo (38009507),Kel'el Ware (38009661),285.66999999999996,385.61999999999995,49100,99.94%,2,89.54%,0,176.53000000000003,$3.58,TOR 4,WAS 1,user29,49,marvalshot,13893,4658672644_29
Jamal Shead (38009980),AJ Lawson (38010081),Scottie Barnes (38009581),Tari Eason (38009699),Onyeka Okongwu (38009627),Tre Jones (38009777),Jimmy Butler (38009577),Giannis Antetokounmpo (38009507),289.23375,385.9258376934852,50000,100.00%,182,139.6%,0,201.54,$5.58,TOR 3,HOU 1,user29,49,marvalshot,5968,4658672645_29
Jordan Poole (38009599),AJ Lawson (38010081),Scottie Barnes (38009581),Giannis Antetokounmpo (38009507),Orlando Robinson (38010004),Josh Giddey (38009559),Jamison Battle (38010088),Kel'el Ware (38009661),286.37,385.78,49700,99.87%,26,98.86%,0,157.73000000000002,$3.95,TOR 4,WAS 1,user30,46,marvalshot,13784,4658672636_30
Trae Young (38009522),AJ Lawson (38010081),Scottie Barnes (38009581),Giannis Antetokounmpo (38009507),Orlando Robinson (38010004),Tre Jones (38009777),Bennedict Mathurin (38009740),Alexandre Sarr (38009707),280.83,382.32,50000,86.06%,0,-8.39%,0,156.51,$-0.34,TOR 3,ATL 1,user30,50,marvalshot,7965,4658672637_30
Trae Young (38009522),AJ Lawson (38010081),RJ Barrett (38009606),Pascal Siakam (38009567),Onyeka Okongwu (38009627),Josh Giddey (38009559),Jamison Battle (38010088),Orlando Robinson (38010004),283.04,376.67,49200,97.24%,0,43.39%,0,141.57,$1.74,TOR 4,ATL 2,user30,49,marvalshot,4009,4658672638_30
Jamal Shead (38009980),Payton Pritchard (38009650),Jamison Battle (38010088),Tari Eason (38009699),Orlando Robinson (38010004),Luka Doncic (38009504),Giannis Antetokounmpo (38009507),Kel'el Ware (38009661),271.80375,369.09583769348524,49900,1.47%,0,-99.79%,0,134.04000000000002,$-3.99,TOR 3,BOS 1,user17,1,marvalshot,13806,4658672639_17
AJ Lawson (38010081),Derrick White (38009614),Jamison Battle (38010088),Tari Eason (38009699),Alperen Sengun (38009525),T.J. McConnell (38009750),Andrew Wiggins (38009624),Jayson Tatum (38009515),280.7025,367.9150555418866,49800,85.13%,0,-10.53%,0,136.13,$-0.42,TOR 2,BOS 2,user5,1,marvalshot,13843,4658672640_5
Jamal Shead (38009980),Jared Rhoden (38010114),Jamison Battle (38010088),Giannis Antetokounmpo (38009507),Alperen Sengun (38009525),Jordan Poole (38009599),Ausar Thompson (38009654),Onyeka Okongwu (38009627),295.28875,391.83921784840135,49900,100.00%,22190,267.04%,0,158.26999999999998,$10.68,TOR 3,MIL 1,user30,50,marvalshot,1428,4658672641_30
Jamal Shead (38009980),AJ Lawson (38010081),Georges Niang (38009841),Giannis Antetokounmpo (38009507),Orlando Robinson (38010004),Stephen Curry (38009527),Franz Wagner (38009556),Onyeka Okongwu (38009627),284.47999999999996,380.56999999999994,49800,99.38%,3,69.79%,0,163.91,$2.79,TOR 3,ATL 2,user30,45,marvalshot,13892,4658672642_30
T.J. McConnell (38009750),Jared Rhoden (38010114),Scottie Barnes (38009581),Tari Eason (38009699),Onyeka Okongwu (38009627),Jamal Shead (38009980),Giannis Antetokounmpo (38009507),Jordan Poole (38009599),282.43375,383.6058376934852,49600,97.94%,0,34.65%,0,198.32,$1.39,TOR 3,IND 1,user30,50,marvalshot,5084,4658672643_30
Jordan Poole (38009599),AJ Lawson (38010081),RJ Barrett (38009606),Pascal Siakam (38009567),Orlando Robinson (38010004),Jamal Shead (38009980),Giannis Antetokounmpo (38009507),Kel'el Ware (38009661),285.66999999999996,385.61999999999995,49100,99.94%,2,89.54%,0,176.53000000000003,$3.58,TOR 4,WAS 1,user30,49,marvalshot,13893,4658672644_30
Jamal Shead (38009980),AJ Lawson (38010081),Scottie Barnes (38009581),Tari Eason (38009699),Onyeka Okongwu (38009627),Tre Jones (38009777),Jimmy Butler (38009577),Giannis Antetokounmpo (38009507),289.23375,385.9258376934852,50000,100.00%,182,139.6%,0,201.54,$5.58,TOR 3,HOU 1,user30,49,marvalshot,5968,4658672645_30
Jordan Poole (38009599),AJ Lawson (38010081),Scottie Barnes (38009581),Giannis Antetokounmpo (38009507),Orlando Robinson (38010004),Josh Giddey (38009559),Jamison Battle (38010088),Kel'el Ware (38009661),286.37,385.78,49700,99.87%,26,98.86%,0,157.73000000000002,$3.95,TOR 4,WAS 1,user31,46,marvalshot,13784,4658672636_31
Trae Young (38009522),AJ Lawson (38010081),Scottie Barnes (38009581),Giannis Antetokounmpo (38009507),Orlando Robinson (38010004),Tre Jones (38009777),Bennedict Mathurin (38009740),Alexandre Sarr (38009707),280.83,382.32,50000,86.06%,0,-8.39%,0,156.51,$-0.34,TOR 3,ATL 1,user31,50,marvalshot,7965,4658672637_31
Trae Young (38009522),AJ Lawson (38010081),RJ Barrett (38009606),Pascal Siakam (38009567),Onyeka Okongwu (38009627),Josh Giddey (38009559),Jamison Battle (38010088),Orlando Robinson (38010004),283.04,376.67,49200,97.24%,0,43.39%,0,141.57,$1.74,TOR 4,ATL 2,user31,49,marvalshot,4009,4658672638_31
Jamal Shead (38009980),Coby White (38009594),Jamison Battle (38010088),Tari Eason (38009699),Orlando Robinson (38010004),Jaylen Brown (38009562),Paolo Banchero (38009538),Stephen Curry (38009527),271.68375000000003,358.32583769348525,49500,1.31%,0,-99.84%,0,123.32000000000001,$-3.99,TOR 3,CHI 1,user14,1,marvalshot,13803,4658672639_14
AJ Lawson (38010081),Coby White (38009594),Jamison Battle (38010088),Tari Eason (38009699),Alperen Sengun (38009525),T.J. McConnell (38009750),LeBron James (38009511),Kel'el Ware (38009661),280.36249999999995,370.4850555418866,49500,81.74%,0,-18.81%,0,133.4,$-0.75,TOR 2,HOU 2,user33,1,marvalshot,13871,4658672640_33
Jamal Shead (38009980),Jared Rhoden (38010114),Jamison Battle (38010088),Giannis Antetokounmpo (38009507),Alperen Sengun (38009525),Jordan Poole (38009599),Ausar Thompson (38009654),Onyeka Okongwu (38009627),295.28875,391.83921784840135,49900,100.00%,22190,267.04%,0,158.26999999999998,$10.68,TOR 3,MIL 1,user31,50,marvalshot,1428,4658672641_31
Jamal Shead (38009980),AJ Lawson (38010081),Georges Niang (38009841),Giannis Antetokounmpo (38009507),Orlando Robinson (38010004),Stephen Curry (38009527),Franz Wagner (38009556),Onyeka Okongwu (38009627),284.47999999999996,380.56999999999994,49800,99.38%,3,69.79%,0,163.91,$2.79,TOR 3,ATL 2,user31,45,marvalshot,13892,4658672642_31
T.J. McConnell (38009750),Jared Rhoden (38010114),Scottie Barnes (38009581),Tari Eason (38009699),Onyeka Okongwu (38009627),Jamal Shead (38009980),Giannis Antetokounmpo (38009507),Jordan Poole (38009599),282.43375,383.6058376934852,49600,97.94%,0,34.65%,0,198.32,$1.39,TOR 3,IND 1,user31,50,marvalshot,5084,4658672643_31
Jordan Poole (38009599),AJ Lawson (38010081),RJ Barrett (38009606),Pascal Siakam (38009567),Orlando Robinson (38010004),Jamal Shead (38009980),Giannis Antetokounmpo (38009507),Kel'el Ware (38009661),285.66999999999996,385.61999999999995,49100,99.94%,2,89.54%,0,176.53000000000003,$3.58,TOR 4,WAS 1,user31,49,marvalshot,13893,4658672644_31
Jamal Shead (38009980),AJ Lawson (38010081),Scottie Barnes (38009581),Tari Eason (38009699),Onyeka Okongwu (38009627),Tre Jones (38009777),Jimmy Butler (38009577),Giannis Antetokounmpo (38009507),289.23375,385.9258376934852,50000,100.00%,182,139.6%,0,201.54,$5.58,TOR 3,HOU 1,user31,49,marvalshot,5968,4658672645_31
Jordan Poole (38009599),AJ Lawson (38010081),Scottie Barnes (38009581),Giannis Antetokounmpo (38009507),Orlando Robinson (38010004),Josh Giddey (38009559),Jamison Battle (38010088),Kel'el Ware (38009661),286.37,385.78,49700,99.87%,26,98.86%,0,157.73000000000002,$3.95,TOR 4,WAS 1,user32,46,marvalshot,13784,4658672636_32
Trae Young (38009522),AJ Lawson (38010081),Scottie Barnes (38009581),Giannis Antetokounmpo (38009507),Orlando Robinson (38010004),Tre Jones (38009777),Bennedict Mathurin (38009740),Alexandre Sarr (38009707),280.83,382.32,50000,86.06%,0,-8.39%,0,156.51,$-0.34,TOR 3,ATL 1,user32,50,marvalshot,7965,4658672637_32
Trae Young (38009522),AJ Lawson (38010081),RJ Barrett (38009606),Pascal Siakam (38009567),Onyeka Okongwu (38009627),Josh Giddey (38009559),Jamison Battle (38010088),Orlando Robinson (38010004),283.04,376.67,49200,97.24%,0,43.39%,0,141.57,$1.74,TOR 4,ATL 2,user32,49,marvalshot,4009,4658672638_32
Jamal Shead (38009980),Jaylen Brown (38009562),Jamison Battle (38010088),Tari Eason (38009699),Orlando Robinson (38010004),Cade Cunningham (38009519),Paolo Banchero (38009538),Andrew Wiggins (38009624),271.05375000000004,358.8558376934853,49900,0.77%,0,-99.91%,0,129.2,$-4.0,TOR 3,BOS 1,user3,1,marvalshot,13792,4658672639_3
AJ Lawson (38010081),Payton Pritchard (38009650),Jamison Battle (38010088),Tari Eason (38009699),Alperen Sengun (38009525),T.J. McConnell (38009750),Jimmy Butler (38009577),Cade Cunningham (38009519),279.8125,369.7050555418866,49700,75.98%,0,-31.34%,0,133.75,$-1.25,TOR 2,HOU 2,user28,1,marvalshot,13866,4658672640_28
Jamal Shead (38009980),Jared Rhoden (38010114),Jamison Battle (38010088),Giannis Antetokounmpo (38009507),Alperen Sengun (38009525),Jordan Poole (38009599),Ausar Thompson (38009654),Onyeka Okongwu (38009627),295.28875,391.83921784840135,49900,100.00%,22190,267.04%,0,158.26999999999998,$10.68,TOR 3,MIL 1,user32,50,marvalshot,1428,4658672641_32
Jamal Shead (38009980),AJ Lawson (38010081),Georges Niang (38009841),Giannis Antetokounmpo (38009507),Orlando Robinson (38010004),Stephen Curry (38009527),Franz Wagner (38009556),Onyeka Okongwu (38009627),284.47999999999996,380.56999999999994,49800,99.38%,3,69.79%,0,163.91,$2.79,TOR 3,ATL 2,user32,45,marvalshot,13892,4658672642_32
T.J. McConnell (38009750),Jared Rhoden (38010114),Scottie Barnes (38009581),Tari Eason (38009699),Onyeka Okongwu (38009627),Jamal Shead (38009980),Giannis Antetokounmpo (38009507),Jordan Poole (38009599),282.43375,383.6058376934852,49600,97.94%,0,34.65%,0,198.32,$1.39,TOR 3,IND 1,user32,50,marvalshot,5084,4658672643_32
Jordan Poole (38009599),AJ Lawson (38010081),RJ Barrett (38009606),Pascal Siakam (38009567),Orlando Robinson (38010004),Jamal Shead (38009980),Giannis Antetokounmpo (38009507),Kel'el Ware (38009661),285.66999999999996,385.61999999999995,49100,99.94%,2,89.54%,0,176.53000000000003,$3.58,TOR 4,WAS 1,user32,49,marvalshot,13893,4658672644_32
Jamal Shead (38009980),AJ Lawson (38010081),Scottie Barnes (38009581),Tari Eason (38009699),Onyeka Okongwu (38009627),Tre Jones (38009777),Jimmy Butler (38009577),Giannis Antetokounmpo (38009507),289.23375,385.9258376934852,50000,100.00%,182,139.6%,0,201.54,$5.58,TOR 3,HOU 1,user32,49,marvalshot,5968,4658672645_32
Jordan Poole (38009599),AJ Lawson (38010081),Scottie Barnes (38009581),Giannis Antetokounmpo (38009507),Orlando Robinson (38010004),Josh Giddey (38009559),Jamison Battle (38010088),Kel'el Ware (38009661),286.37,385.78,49700,99.87%,26,98.86%,0,157.73000000000002,$3.95,TOR 4,WAS 1,user33,46,marvalshot,13784,4658672636_33
Trae Young (38009522),AJ Lawson (38010081),Scottie Barnes (38009581),Giannis Antetokounmpo (38009507),Orlando Robinson (38010004),Tre Jones (38009777),Bennedict Mathurin (38009740),Alexandre Sarr (38009707),280.83,382.32,50000,86.06%,0,-8.39%,0,156.51,$-0.34,TOR 3,ATL 1,user33,50,marvalshot,7965,4658672637_33
Trae Young (38009522),AJ Lawson (38010081),RJ Barrett (38009606),Pascal Siakam (38009567),Onyeka Okongwu (38009627),Josh Giddey (38009559),Jamison Battle (38010088),Orlando Robinson (38010004),283.04,376.67,49200,97.24%,0,43.39%,0,141.57,$1.74,TOR 4,ATL 2,user33,49,marvalshot,4009,4658672638_33
Jamal Shead (38009980),Cole Anthony (38009736),Jamison Battle (38010088),Tari Eason (38009699),Orlando Robinson (38010004),Cade Cunningham (38009519),LeBron James (38009511),Tyler Herro (38009547),270.94374999999997,362.7858376934852,49800,0.60%,0,-99.92%,0,140.35,$-4.0,TOR 3,ORL 1,user26,1,marvalshot,13815,4658672639_26
AJ Lawson (38010081),Jett Howard (38010248),Jamison Battle (38010088),Tari Eason (38009699),Alperen Sengun (38009525),T.J. McConnell (38009750),Giannis Antetokounmpo (38009507),Stephen Curry (38009527),279.7625,372.75505554188663,49400,76.21%,0,-33.15%,0,148.06,$-1.33,TOR 2,HOU 2,user39,1,marvalshot,13877,4658672640_39
Jamal Shead (38009980),Jared Rhoden (38010114),Jamison Battle (38010088),Giannis Antetokounmpo (38009507),Alperen Sengun (38009525),Jordan Poole (38009599),Ausar Thompson (38009654),Onyeka Okongwu (38009627),295.28875,391.83921784840135,49900,100.00%,22190,267.04%,0,158.26999999999998,$10.68,TOR 3,MIL 1,user33,50,marvalshot,1428,4658672641_33
Jamal Shead (38009980),AJ Lawson (38010081),Georges Niang (38009841),Giannis Antetokounmpo (38009507),Orlando Robinson (38010004),Stephen Curry (38009527),Franz Wagner (38009556),Onyeka Okongwu (38009627),284.47999999999996,380.56999999999994,49800,99.38%,3,69.79%,0,163.91,$2.79,TOR 3,ATL 2,user33,45,marvalshot,13892,4658672642_33
T.J. McConnell (38009750),Jared Rhoden (38010114),Scottie Barnes (38009581),Tari Eason (38009699),Onyeka Okongwu (38009627),Jamal Shead (38009980),Giannis Antetokounmpo (38009507),Jordan Poole (38009599),282.43375,383.6058376934852,49600,97.94%,0,34.65%,0,198.32,$1.39,TOR 3,IND 1,user33,50,marvalshot,5084,4658672643_33
Jordan Poole (38009599),AJ Lawson (38010081),RJ Barrett (38009606),Pascal Siakam (38009567),Orlando Robinson (38010004),Jamal Shead (38009980),Giannis Antetokounmpo (38009507),Kel'el Ware (38009661),285.66999999999996,385.61999999999995,49100,99.94%,2,89.54%,0,176.53000000000003,$3.58,TOR 4,WAS 1,user33,49,marvalshot,13893,4658672644_33
Jamal Shead (38009980),AJ Lawson (38010081),Scottie Barnes (38009581),Tari Eason (38009699),Onyeka Okongwu (38009627),Tre Jones (38009777),Jimmy Butler (38009577),Giannis Antetokounmpo (38009507),289.23375,385.9258376934852,50000,100.00%,182,139.6%,0,201.54,$5.58,TOR 3,HOU 1,user33,49,marvalshot,5968,4658672645_33
Jordan Poole (38009599),AJ Lawson (38010081),Scottie Barnes (38009581),Giannis Antetokounmpo (38009507),Orlando Robinson (38010004),Josh Giddey (38009559),Jamison Battle (38010088),Kel'el Ware (38009661),286.37,385.78,49700,99.87%,26,98.86%,0,157.73000000000002,$3.95,TOR 4,WAS 1,user34,46,marvalshot,13784,4658672636_34
Trae Young (38009522),AJ Lawson (38010081),Scottie Barnes (38009581),Giannis Antetokounmpo (38009507),Orlando Robinson (38010004),Tre Jones (38009777),Bennedict Mathurin (38009740),Alexandre Sarr (38009707),280.83,382.32,50000,86.06%,0,-8.39%,0,156.51,$-0.34,TOR 3,ATL 1,user34,50,marvalshot,7965,4658672637_34
Trae Young (38009522),AJ Lawson (38010081),RJ Barrett (38009606),Pascal Siakam (38009567),Onyeka Okongwu (38009627),Josh Giddey (38009559),Jamison Battle (38010088),Orlando Robinson (38010004),283.04,376.67,49200,97.24%,0,43.39%,0,141.57,$1.74,TOR 4,ATL 2,user34,49,marvalshot,4009,4658672638_34
Jamal Shead (38009980),Gary Payton II (38009912),Jamison Battle (38010088),Tari Eason (38009699),Orlando Robinson (38010004),Stephen Curry (38009527),Jayson Tatum (38009515),LeBron James (38009511),269.92375,363.81583769348526,49600,0.26%,0,-99.96%,0,126.48,$-4.0,TOR 3,GSW 2,user16,1,marvalshot,13805,4658672639_16
AJ Lawson (38010081),Coby White (38009594),Jamison Battle (38010088),Tari Eason (38009699),Alperen Sengun (38009525),T.J. McConnell (38009750),Andrew Wiggins (38009624),Bam Adebayo (38009530),279.7025,364.6750555418866,49200,74.83%,0,-34.04%,0,133.11,$-1.36,TOR 2,HOU 2,user47,1,marvalshot,13885,4658672640_47
Jamal Shead (38009980),Jared Rhoden (38010114),Jamison Battle (38010088),Giannis Antetokounmpo (38009507),Alperen Sengun (38009525),Jordan Poole (38009599),Ausar Thompson (38009654),Onyeka Okongwu (38009627),295.28875,391.83921784840135,49900,100.00%,22190,267.04%,0,158.26999999999998,$10.68,TOR 3,MIL 1,user34,50,marvalshot,1428,4658672641_34
Jamal Shead (38009980),AJ Lawson (38010081),Georges Niang (38009841),Giannis Antetokounmpo (38009507),Orlando Robinson (38010004),Stephen Curry (38009527),Franz Wagner (38009556),Onyeka Okongwu (38009627),284.47999999999996,380.56999999999994,49800,99.38%,3,69.79%,0,163.91,$2.79,TOR 3,ATL 2,user34,45,marvalshot,13892,4658672642_34
T.J. McConnell (38009750),Jared Rhoden (38010114),Scottie Barnes (38009581),Tari Eason (38009699),Onyeka Okongwu (38009627),Jamal Shead (38009980),Giannis Antetokounmpo (38009507),Jordan Poole (38009599),282.43375,383.6058376934852,49600,97.94%,0,34.65%,0,198.32,$1.39,TOR 3,IND 1,user34,50,marvalshot,5084,4658672643_34
Jordan Poole (38009599),AJ Lawson (38010081),RJ Barrett (38009606),Pascal Siakam (38009567),Orlando Robinson (38010004),Jamal Shead (38009980),Giannis Antetokounmpo (38009507),Kel'el Ware (38009661),285.66999999999996,385.61999999999995,49100,99.94%,2,89.54%,0,176.53000000000003,$3.58,TOR 4,WAS 1,user34,49,marvalshot,13893,4658672644_34
Jamal Shead (38009980),AJ Lawson (38010081),Scottie Barnes (38009581),Tari Eason (38009699),Onyeka Okongwu (38009627),Tre Jones (38009777),Jimmy Butler (38009577),Giannis Antetokounmpo (38009507),289.23375,385.9258376934852,50000,100.00%,182,139.6%,0,201.54,$5.58,TOR 3,HOU 1,user34,49,marvalshot,5968,4658672645_34
Jordan Poole (38009599),AJ Lawson (38010081),Scottie Barnes (38009581),Giannis Antetokounmpo (38009507),Orlando Robinson (38010004),Josh Giddey (38009559),Jamison Battle (38010088),Kel'el Ware (38009661),286.37,385.78,49700,99.87%,26,98.86%,0,157.73000000000002,$3.95,TOR 4,WAS 1,user35,46,marvalshot,13784,4658672636_35
Trae Young (38009522),AJ Lawson (38010081),Scottie Barnes (38009581),Giannis Antetokounmpo (38009507),Orlando Robinson (38010004),Tre Jones (38009777),Bennedict Mathurin (38009740),Alexandre Sarr (38009707),280.83,382.32,50000,86.06%,0,-8.39%,0,156.51,$-0.34,TOR 3,ATL 1,user35,50,marvalshot,7965,4658672637_35
Trae Young (38009522),AJ Lawson (38010081),RJ Barrett (38009606),Pascal Siakam (38009567),Onyeka Okongwu (38009627),Josh Giddey (38009559),Jamison Battle (38010088),Orlando Robinson (38010004),283.04,376.67,49200,97.24%,0,43.39%,0,141.57,$1.74,TOR 4,ATL 2,user35,49,marvalshot,4009,4658672638_35
Jamal Shead (38009980),Payton Pritchard (38009650),Jamison Battle (38010088),Tari Eason (38009699),Orlando Robinson (38010004),Damian Lillard (38009541),Giannis Antetokounmpo (38009507),Jaylen Brown (38009562),270.95375,362.39583769348525,50000,0.53%,0,-99.96%,0,132.15,$-4.0,TOR 3,BOS 2,user23,1,marvalshot,13812,4658672639_23
AJ Lawson (38010081),Payton Pritchard (38009650),Jamison Battle (38010088),Tari Eason (38009699),Alperen Sengun (38009525),T.J. McConnell (38009750),Giannis Antetokounmpo (38009507),Zach Collins (38009637),279.6525,374.44505554188663,49400,74.54%,0,-35.46%,0,139.52,$-1.42,TOR 2,HOU 2,user45,1,marvalshot,13883,4658672640_45
Jamal Shead (38009980),Jared Rhoden (38010114),Jamison Battle (38010088),Giannis Antetokounmpo (38009507),Alperen Sengun (38009525),Jordan Poole (38009599),Ausar Thompson (38009654),Onyeka Okongwu (38009627),295.28875,391.83921784840135,49900,100.00%,22190,267.04%,0,158.26999999999998,$10.68,TOR 3,MIL 1,user35,50,marvalshot,1428,4658672641_35
Jamal Shead (38009980),AJ Lawson (38010081),Georges Niang (38009841),Giannis Antetokounmpo (38009507),Orlando Robinson (38010004),Stephen Curry (38009527),Franz Wagner (38009556),Onyeka Okongwu (38009627),284.47999999999996,380.56999999999994,49800,99.38%,3,69.79%,0,163.91,$2.79,TOR 3,ATL 2,user35,45,marvalshot,13892,4658672642_35
T.J. McConnell (38009750),Jared Rhoden (38010114),Scottie Barnes (38009581),Tari Eason (38009699),Onyeka Okongwu (38009627),Jamal Shead (38009980),Giannis Antetokounmpo (38009507),Jordan Poole (38009599),282.43375,383.6058376934852,49600,97.94%,0,34.65%,0,198.32,$1.39,TOR 3,IND 1,user35,50,marvalshot,5084,4658672643_35
Jordan Poole (38009599),AJ Lawson (38010081),RJ Barrett (38009606),Pascal Siakam (38009567),Orlando Robinson (38010004),Jamal Shead (38009980),Giannis Antetokounmpo (38009507),Kel'el Ware (38009661),285.66999999999996,385.61999999999995,49100,99.94%,2,89.54%,0,176.53000000000003,$3.58,TOR 4,WAS 1,user35,49,marvalshot,13893,4658672644_35
Jamal Shead (38009980),AJ Lawson (38010081),Scottie Barnes (38009581),Tari Eason (38009699),Onyeka Okongwu (38009627),Tre Jones (38009777),Jimmy Butler (38009577),Giannis Antetokounmpo (38009507),289.23375,385.9258376934852,50000,100.00%,182,139.6%,0,201.54,$5.58,TOR 3,HOU 1,user35,49,marvalshot,5968,4658672645_35
Jordan Poole (38009599),AJ Lawson (38010081),Scottie Barnes (38009581),Giannis Antetokounmpo (38009507),Orlando Robinson (38010004),Josh Giddey (38009559),Jamison Battle (38010088),Kel'el Ware (38009661),286.37,385.78,49700,99.87%,26,98.86%,0,157.73000000000002,$3.95,TOR 4,WAS 1,user36,46,marvalshot,13784,4658672636_36
Trae Young (38009522),AJ Lawson (38010081),Scottie Barnes (38009581),Giannis Antetokounmpo (38009507),Orlando Robinson (38010004),Tre Jones (38009777),Bennedict Mathurin (38009740),Alexandre Sarr (38009707),280.83,382.32,50000,86.06%,0,-8.39%,0,156.51,$-0.34,TOR 3,ATL 1,user36,50,marvalshot,7965,4658672637_36
Trae Young (38009522),AJ Lawson (38010081),RJ Barrett (38009606),Pascal Siakam (38009567),Onyeka Okongwu (38009627),Josh Giddey (38009559),Jamison Battle (38010088),Orlando Robinson (38010004),283.04,376.67,49200,97.24%,0,43.39%,0,141.57,$1.74,TOR 4,ATL 2,user36,49,marvalshot,4009,4658672638_36
Jamal Shead (38009980),Dennis Schroder (38009794),Jamison Battle (38010088),Tari Eason (38009699),Orlando Robinson (38010004),Cade Cunningham (38009519),Giannis Antetokounmpo (38009507),Jimmy Butler (38009577),270.09375,365.74583769348527,49100,0.21%,0,-99.98%,0,137.46,$-4.0,TOR 3,DET 2,user46,1,marvalshot,13835,4658672639_46
AJ Lawson (38010081),Jaylen Brown (38009562),Jamison Battle (38010088),Tari Eason (38009699),Alperen Sengun (38009525),T.J. McConnell (38009750),Kevin Huerter (38009853),Luka Doncic (38009504),278.9325,368.88505554188663,49900,65.77%,0,-49.88%,0,133.93,$-2.0,TOR 2,HOU 2,user1,1,marvalshot,13839,4658672640_1
Jamal Shead (38009980),Jared Rhoden (38010114),Jamison Battle (38010088),Giannis Antetokounmpo (38009507),Alperen Sengun (38009525),Jordan Poole (38009599),Ausar Thompson (38009654),Onyeka Okongwu (38009627),295.28875,391.83921784840135,49900,100.00%,22190,267.04%,0,158.26999999999998,$10.68,TOR 3,MIL 1,user36,50,marvalshot,1428,4658672641_36
Jamal Shead (38009980),AJ Lawson (38010081),Georges Niang (38009841),Giannis Antetokounmpo (38009507),Orlando Robinson (38010004),Stephen Curry (38009527),Franz Wagner (38009556),Onyeka Okongwu (38009627),284.47999999999996,380.56999999999994,49800,99.38%,3,69.79%,0,163.91,$2.79,TOR 3,ATL 2,user36,45,marvalshot,13892,4658672642_36
T.J. McConnell (38009750),Jared Rhoden (38010114),Scottie Barnes (38009581),Tari Eason (38009699),Onyeka Okongwu (38009627),Jamal Shead (38009980),Giannis Antetokounmpo (38009507),Jordan Poole (38009599),282.43375,383.6058376934852,49600,97.94%,0,34.65%,0,198.32,$1.39,TOR 3,IND 1,user36,50,marvalshot,5084,4658672643_36
Jordan Poole (38009599),AJ Lawson (38010081),RJ Barrett (38009606),Pascal Siakam (38009567),Orlando Robinson (38010004),Jamal Shead (38009980),Giannis Antetokounmpo (38009507),Kel'el Ware (38009661),285.66999999999996,385.61999999999995,49100,99.94%,2,89.54%,0,176.53000000000003,$3.58,TOR 4,WAS 1,user36,49,marvalshot,13893,4658672644_36
Jamal Shead (38009980),AJ Lawson (38010081),Scottie Barnes (38009581),Tari Eason (38009699),Onyeka Okongwu (38009627),Tre Jones (38009777),Jimmy Butler (38009577),Giannis Antetokounmpo (38009507),289.23375,385.9258376934852,50000,100.00%,182,139.6%,0,201.54,$5.58,TOR 3,HOU 1,user36,49,marvalshot,5968,4658672645_36
Jordan Poole (38009599),AJ Lawson (38010081),Scottie Barnes (38009581),Giannis Antetokounmpo (38009507),Orlando Robinson (38010004),Josh Giddey (38009559),Jamison Battle (38010088),Kel'el Ware (38009661),286.37,385.78,49700,99.87%,26,98.86%,0,157.73000000000002,$3.95,TOR 4,WAS 1,user37,46,marvalshot,13784,4658672636_37
Trae Young (38009522),AJ Lawson (38010081),Scottie Barnes (38009581),Giannis Antetokounmpo (38009507),Orlando Robinson (38010004),Tre Jones (38009777),Bennedict Mathurin (38009740),Alexandre Sarr (38009707),280.83,382.32,50000,86.06%,0,-8.39%,0,156.51,$-0.34,TOR 3,ATL 1,user37,50,marvalshot,7965,4658672637_37
Trae Young (38009522),AJ Lawson (38010081),RJ Barrett (38009606),Pascal Siakam (38009567),Onyeka Okongwu (38009627),Josh Giddey (38009559),Jamison Battle (38010088),Orlando Robinson (38010004),283.04,376.67,49200,97.24%,0,43.39%,0,141.57,$1.74,TOR 4,ATL 2,user37,49,marvalshot,4009,4658672638_37
Jamal Shead (38009980),Tyler Herro (38009547),Jamison Battle (38010088),Tari Eason (38009699),Orlando Robinson (38010004),Cole Anthony (38009736),LeBron James (38009511),Stephen Curry (38009527),270.06375,360.87583769348527,49000,0.28%,0,-99.98%,0,138.15,$-4.0,TOR 3,MIA 1,user13,1,marvalshot,13802,4658672639_13
AJ Lawson (38010081),Duncan Robinson (38009756),Jamison Battle (38010088),Tari Eason (38009699),Alperen Sengun (38009525),T.J. McConnell (38009750),Paolo Banchero (38009538),Jayson Tatum (38009515),278.7425,367.40505554188667,50000,62.94%,0,-53.23%,0,132.92000000000002,$-2.13,TOR 2,HOU 2,user41,1,marvalshot,13879,4658672640_41
Jamal Shead (38009980),Jared Rhoden (38010114),Jamison Battle (38010088),Giannis Antetokounmpo (38009507),Alperen Sengun (38009525),Jordan Poole (38009599),Ausar Thompson (38009654),Onyeka Okongwu (38009627),295.28875,391.83921784840135,49900,100.00%,22190,267.04%,0,158.26999999999998,$10.68,TOR 3,MIL 1,user37,50,marvalshot,1428,4658672641_37
Jamal Shead (38009980),AJ Lawson (38010081),Georges Niang (38009841),Giannis Antetokounmpo (38009507),Orlando Robinson (38010004),Stephen Curry (38009527),Franz Wagner (38009556),Onyeka Okongwu (38009627),284.47999999999996,380.56999999999994,49800,99.38%,3,69.79%,0,163.91,$2.79,TOR 3,ATL 2,user37,45,marvalshot,13892,4658672642_37
T.J. McConnell (38009750),Jared Rhoden (38010114),Scottie Barnes (38009581),Tari Eason (38009699),Onyeka Okongwu (38009627),Jamal Shead (38009980),Giannis Antetokounmpo (38009507),Jordan Poole (38009599),282.43375,383.6058376934852,49600,97.94%,0,34.65%,0,198.32,$1.39,TOR 3,IND 1,user37,50,marvalshot,5084,4658672643_37
Jordan Poole (38009599),AJ Lawson (38010081),RJ Barrett (38009606),Pascal Siakam (38009567),Orlando Robinson (38010004),Jamal Shead (38009980),Giannis Antetokounmpo (38009507),Kel'el Ware (38009661),285.66999999999996,385.61999999999995,49100,99.94%,2,89.54%,0,176.53000000000003,$3.58,TOR 4,WAS 1,user37,49,marvalshot,13893,4658672644_37
Jamal Shead (38009980),AJ Lawson (38010081),Scottie Barnes (38009581),Tari Eason (38009699),Onyeka Okongwu (38009627),Tre Jones (38009777),Jimmy Butler (38009577),Giannis Antetokounmpo (38009507),289.23375,385.9258376934852,50000,100.00%,182,139.6%,0,201.54,$5.58,TOR 3,HOU 1,user37,49,marvalshot,5968,4658672645_37
Jordan Poole (38009599),AJ Lawson (38010081),Scottie Barnes (38009581),Giannis Antetokounmpo (38009507),Orlando Robinson (38010004),Josh Giddey (38009559),Jamison Battle (38010088),Kel'el Ware (38009661),286.37,385.78,49700,99.87%,26,98.86%,0,157.73000000000002,$3.95,TOR 4,WAS 1,user38,46,marvalshot,13784,4658672636_38
Trae Young (38009522),AJ Lawson (38010081),Scottie Barnes (38009581),Giannis Antetokounmpo (38009507),Orlando Robinson (38010004),Tre Jones (38009777),Bennedict Mathurin (38009740),Alexandre Sarr (38009707),280.83,382.32,50000,86.06%,0,-8.39%,0,156.51,$-0.34,TOR 3,ATL 1,user38,50,marvalshot,7965,4658672637_38
Trae Young (38009522),AJ Lawson (38010081),RJ Barrett (38009606),Pascal Siakam (38009567),Onyeka Okongwu (38009627),Josh Giddey (38009559),Jamison Battle (38010088),Orlando Robinson (38010004),283.04,376.67,49200,97.24%,0,43.39%,0,141.57,$1.74,TOR 4,ATL 2,user38,49,marvalshot,4009,4658672638_38
Jamal Shead (38009980),Buddy Hield (38009817),Jamison Battle (38010088),Tari Eason (38009699),Orlando Robinson (38010004),Cade Cunningham (38009519),LeBron James (38009511),Tyler Herro (38009547),269.72375,359.96583769348524,49300,0.15%,0,-99.98%,0,146.11,$-4.0,TOR 3,GSW 1,user7,1,marvalshot,13796,4658672639_7
AJ Lawson (38010081),Payton Pritchard (38009650),Jamison Battle (38010088),Tari Eason (38009699),Alperen Sengun (38009525),T.J. McConnell (38009750),Franz Wagner (38009556),Stephen Curry (38009527),278.48249999999996,367.2550555418866,49700,59.72%,0,-58.39%,0,132.89000000000001,$-2.34,TOR 2,HOU 2,user27,1,marvalshot,13865,4658672640_27
Jamal Shead (38009980),Jared Rhoden (38010114),Jamison Battle (38010088),Giannis Antetokounmpo (38009507),Alperen Sengun (38009525),Jordan Poole (38009599),Ausar Thompson (38009654),Onyeka Okongwu (38009627),295.28875,391.83921784840135,49900,100.00%,22190,267.04%,0,158.26999999999998,$10.68,TOR 3,MIL 1,user38,50,marvalshot,1428,4658672641_38
Jamal Shead (38009980),AJ Lawson (38010081),Georges Niang (38009841),Giannis Antetokounmpo (38009507),Orlando Robinson (38010004),Stephen Curry (38009527),Franz Wagner (38009556),Onyeka Okongwu (38009627),284.47999999999996,380.56999999999994,49800,99.38%,3,69.79%,0,163.91,$2.79,TOR 3,ATL 2,user38,45,marvalshot,13892,4658672642_38
T.J. McConnell (38009750),Jared Rhoden (38010114),Scottie Barnes (38009581),Tari Eason (38009699),Onyeka Okongwu (38009627),Jamal Shead (38009980),Giannis Antetokounmpo (38009507),Jordan Poole (38009599),282.43375,383.6058376934852,49600,97.94%,0,34.65%,0,198.32,$1.39,TOR 3,IND 1,user38,50,marvalshot,5084,4658672643_38
Jordan Poole (38009599),AJ Lawson (38010081),RJ Barrett (38009606),Pascal Siakam (38009567),Orlando Robinson (38010004),Jamal Shead (38009980),Giannis Antetokounmpo (38009507),Kel'el Ware (38009661),285.66999999999996,385.61999999999995,49100,99.94%,2,89.54%,0,176.53000000000003,$3.58,TOR 4,WAS 1,user38,49,marvalshot,13893,4658672644_38
Jamal Shead (38009980),AJ Lawson (38010081),Scottie Barnes (38009581),Tari Eason (38009699),Onyeka Okongwu (38009627),Tre Jones (38009777),Jimmy Butler (38009577),Giannis Antetokounmpo (38009507),289.23375,385.9258376934852,50000,100.00%,182,139.6%,0,201.54,$5.58,TOR 3,HOU 1,user38,49,marvalshot,5968,4658672645_38
Jordan Poole (38009599),AJ Lawson (38010081),Scottie Barnes (38009581),Giannis Antetokounmpo (38009507),Orlando Robinson (38010004),Josh Giddey (38009559),Jamison Battle (38010088),Kel'el Ware (38009661),286.37,385.78,49700,99.87%,26,98.86%,0,157.73000000000002,$3.95,TOR 4,WAS 1,user39,46,marvalshot,13784,4658672636_39
Trae Young (38009522),AJ Lawson (38010081),Scottie Barnes (38009581),Giannis Antetokounmpo (38009507),Orlando Robinson (38010004),Tre Jones (38009777),Bennedict Mathurin (38009740),Alexandre Sarr (38009707),280.83,382.32,50000,86.06%,0,-8.39%,0,156.51,$-0.34,TOR 3,ATL 1,user39,50,marvalshot,7965,4658672637_39
Trae Young (38009522),AJ Lawson (38010081),RJ Barrett (38009606),Pascal Siakam (38009567),Onyeka Okongwu (38009627),Josh Giddey (38009559),Jamison Battle (38010088),Orlando Robinson (38010004),283.04,376.67,49200,97.24%,0,43.39%,0,141.57,$1.74,TOR 4,ATL 2,user39,49,marvalshot,4009,4658672638_39
Jamal Shead (38009980),Kevin Huerter (38009853),Jamison Battle (38010088),Tari Eason (38009699),Orlando Robinson (38010004),Luka Doncic (38009504),Andrew Wiggins (38009624),Giannis Antetokounmpo (38009507),269.11375,362.83583769348525,49200,0.09%,0,-99.99%,0,137.84,$-4.0,TOR 3,CHI 1,user25,1,marvalshot,13814,4658672639_25
AJ Lawson (38010081),Cole Anthony (38009736),Jamison Battle (38010088),Tari Eason (38009699),Alperen Sengun (38009525),T.J. McConnell (38009750),Bam Adebayo (38009530),Damian Lillard (38009541),277.24249999999995,364.40505554188655,49200,42.18%,0,-77.06%,0,133.3,$-3.08,TOR 2,HOU 2,user26,1,marvalshot,13864,4658672640_26
Jamal Shead (38009980),Jared Rhoden (38010114),Jamison Battle (38010088),Giannis Antetokounmpo (38009507),Alperen Sengun (38009525),Jordan Poole (38009599),Ausar Thompson (38009654),Onyeka Okongwu (38009627),295.28875,391.83921784840135,49900,100.00%,22190,267.04%,0,158.26999999999998,$10.68,TOR 3,MIL 1,user39,50,marvalshot,1428,4658672641_39
Jamal Shead (38009980),AJ Lawson (38010081),Georges Niang (38009841),Giannis Antetokounmpo (38009507),Orlando Robinson (38010004),Stephen Curry (38009527),Franz Wagner (38009556),Onyeka Okongwu (38009627),284.47999999999996,380.56999999999994,49800,99.38%,3,69.79%,0,163.91,$2.79,TOR 3,ATL 2,user39,45,marvalshot,13892,4658672642_39
T.J. McConnell (38009750),Jared Rhoden (38010114),Scottie Barnes (38009581),Tari Eason (38009699),Onyeka Okongwu (38009627),Jamal Shead (38009980),Giannis Antetokounmpo (38009507),Jordan Poole (38009599),282.43375,383.6058376934852,49600,97.94%,0,34.65%,0,198.32,$1.39,TOR 3,IND 1,user39,50,marvalshot,5084,4658672643_39
Jordan Poole (38009599),AJ Lawson (38010081),RJ Barrett (38009606),Pascal Siakam (38009567),Orlando Robinson (38010004),Jamal Shead (38009980),Giannis Antetokounmpo (38009507),Kel'el Ware (38009661),285.66999999999996,385.61999999999995,49100,99.94%,2,89.54%,0,176.53000000000003,$3.58,TOR 4,WAS 1,user39,49,marvalshot,13893,4658672644_39
Jamal Shead (38009980),AJ Lawson (38010081),Scottie Barnes (38009581),Tari Eason (38009699),Onyeka Okongwu (38009627),Tre Jones (38009777),Jimmy Butler (38009577),Giannis Antetokounmpo (38009507),289.23375,385.9258376934852,50000,100.00%,182,139.6%,0,201.54,$5.58,TOR 3,HOU 1,user39,49,marvalshot,5968,4658672645_39
Jordan Poole (38009599),AJ Lawson (38010081),Scottie Barnes (38009581),Giannis Antetokounmpo (38009507),Orlando Robinson (38010004),Josh Giddey (38009559),Jamison Battle (38010088),Kel'el Ware (38009661),286.37,385.78,49700,99.87%,26,98.86%,0,157.73000000000002,$3.95,TOR 4,WAS 1,user40,46,marvalshot,13784,4658672636_40
Trae Young (38009522),AJ Lawson (38010081),Scottie Barnes (38009581),Giannis Antetokounmpo (38009507),Orlando Robinson (38010004),Tre Jones (38009777),Bennedict Mathurin (38009740),Alexandre Sarr (38009707),280.83,382.32,50000,86.06%,0,-8.39%,0,156.51,$-0.34,TOR 3,ATL 1,user40,50,marvalshot,7965,4658672637_40
Trae Young (38009522),AJ Lawson (38010081),RJ Barrett (38009606),Pascal Siakam (38009567),Onyeka Okongwu (38009627),Josh Giddey (38009559),Jamison Battle (38010088),Orlando Robinson (38010004),283.04,376.67,49200,97.24%,0,43.39%,0,141.57,$1.74,TOR 4,ATL 2,user40,49,marvalshot,4009,4658672638_40
Jamal Shead (38009980),Jaylen Brown (38009562),Jamison Battle (38010088),Tari Eason (38009699),Orlando Robinson (38010004),Cole Anthony (38009736),Bam Adebayo (38009530),Luka Doncic (38009504),267.56375,357.5958376934853,49500,0.01%,0,-99.99%,0,124.89,$-4.0,TOR 3,BOS 1,user5,1,marvalshot,13794,4658672639_5
AJ Lawson (38010081),Jaylen Brown (38009562),Jamison Battle (38010088),Tari Eason (38009699),Alperen Sengun (38009525),T.J. McConnell (38009750),Duncan Robinson (38009756),LeBron James (38009511),276.5825,364.8950555418866,49500,33.40%,0,-84.28%,0,132.11,$-3.37,TOR 2,HOU 2,user40,1,marvalshot,13878,4658672640_40
Jamal Shead (38009980),Jared Rhoden (38010114),Jamison Battle (38010088),Giannis Antetokounmpo (38009507),Alperen Sengun (38009525),Jordan Poole (38009599),Ausar Thompson (38009654),Onyeka Okongwu (38009627),295.28875,391.83921784840135,49900,100.00%,22190,267.04%,0,158.26999999999998,$10.68,TOR 3,MIL 1,user40,50,marvalshot,1428,4658672641_40
Jamal Shead (38009980),AJ Lawson (38010081),Georges Niang (38009841),Giannis Antetokounmpo (38009507),Orlando Robinson (38010004),Stephen Curry (38009527),Franz Wagner (38009556),Onyeka Okongwu (38009627),284.47999999999996,380.56999999999994,49800,99.38%,3,69.79%,0,163.91,$2.79,TOR 3,ATL 2,user40,45,marvalshot,13892,4658672642_40
T.J. McConnell (38009750),Jared Rhoden (38010114),Scottie Barnes (38009581),Tari Eason (38009699),Onyeka Okongwu (38009627),Jamal Shead (38009980),Giannis Antetokounmpo (38009507),Jordan Poole (38009599),282.43375,383.6058376934852,49600,97.94%,0,34.65%,0,198.32,$1.39,TOR 3,IND 1,user40,50,marvalshot,5084,4658672643_40
Jordan Poole (38009599),AJ Lawson (38010081),RJ Barrett (38009606),Pascal Siakam (38009567),Orlando Robinson (38010004),Jamal Shead (38009980),Giannis Antetokounmpo (38009507),Kel'el Ware (38009661),285.66999999999996,385.61999999999995,49100,99.94%,2,89.54%,0,176.53000000000003,$3.58,TOR 4,WAS 1,user40,49,marvalshot,13893,4658672644_40
Jamal Shead (38009980),AJ Lawson (38010081),Scottie Barnes (38009581),Tari Eason (38009699),Onyeka Okongwu (38009627),Tre Jones (38009777),Jimmy Butler (38009577),Giannis Antetokounmpo (38009507),289.23375,385.9258376934852,50000,100.00%,182,139.6%,0,201.54,$5.58,TOR 3,HOU 1,user40,49,marvalshot,5968,4658672645_40
Jordan Poole (38009599),AJ Lawson (38010081),Scottie Barnes (38009581),Giannis Antetokounmpo (38009507),Orlando Robinson (38010004),Josh Giddey (38009559),Jamison Battle (38010088),Kel'el Ware (38009661),286.37,385.78,49700,99.87%,26,98.86%,0,157.73000000000002,$3.95,TOR 4,WAS 1,user41,46,marvalshot,13784,4658672636_41
Trae Young (38009522),AJ Lawson (38010081),Scottie Barnes (38009581),Giannis Antetokounmpo (38009507),Orlando Robinson (38010004),Tre Jones (38009777),Bennedict Mathurin (38009740),Alexandre Sarr (38009707),280.83,382.32,50000,86.06%,0,-8.39%,0,156.51,$-0.34,TOR 3,ATL 1,user41,50,marvalshot,7965,4658672637_41
Trae Young (38009522),AJ Lawson (38010081),RJ Barrett (38009606),Pascal Siakam (38009567),Onyeka Okongwu (38009627),Josh Giddey (38009559),Jamison Battle (38010088),Orlando Robinson (38010004),283.04,376.67,49200,97.24%,0,43.39%,0,141.57,$1.74,TOR 4,ATL 2,user41,49,marvalshot,4009,4658672638_41
Jamal Shead (38009980),Dennis Schroder (38009794),Jamison Battle (38010088),Tari Eason (38009699),Orlando Robinson (38010004),Cade Cunningham (38009519),LeBron James (38009511),Stephen Curry (38009527),268.30375,361.6158376934852,50000,0.04%,0,-100.0%,0,125.78,$-4.0,TOR 3,DET 2,user30,1,marvalshot,13819,4658672639_30
AJ Lawson (38010081),Malik Beasley (38009688),Jamison Battle (38010088),Tari Eason (38009699),Alperen Sengun (38009525),T.J. McConnell (38009750),Bam Adebayo (38009530),Josh Giddey (38009559),275.9125,362.0750555418866,49300,25.57%,0,-89.79%,0,128.43,$-3.59,TOR 2,HOU 2,user19,1,marvalshot,13857,4658672640_19
Jamal Shead (38009980),Jared Rhoden (38010114),Jamison Battle (38010088),Giannis Antetokounmpo (38009507),Alperen Sengun (38009525),Jordan Poole (38009599),Ausar Thompson (38009654),Onyeka Okongwu (38009627),295.28875,391.83921784840135,49900,100.00%,22190,267.04%,0,158.26999999999998,$10.68,TOR 3,MIL 1,user41,50,marvalshot,1428,4658672641_41
Jamal Shead (38009980),AJ Lawson (38010081),Georges Niang (38009841),Giannis Antetokounmpo (38009507),Orlando Robinson (38010004),Stephen Curry (38009527),Franz Wagner (38009556),Onyeka Okongwu (38009627),284.47999999999996,380.56999999999994,49800,99.38%,3,69.79%,0,163.91,$2.79,TOR 3,ATL 2,user41,45,marvalshot,13892,4658672642_41
T.J. McConnell (38009750),Jared Rhoden (38010114),Scottie Barnes (38009581),Tari Eason (38009699),Onyeka Okongwu (38009627),Jamal Shead (38009980),Giannis Antetokounmpo (38009507),Jordan Poole (38009599),282.43375,383.6058376934852,49600,97.94%,0,34.65%,0,198.32,$1.39,TOR 3,IND 1,user41,50,marvalshot,5084,4658672643_41
Jordan Poole (38009599),AJ Lawson (38010081),RJ Barrett (38009606),Pascal Siakam (38009567),Orlando Robinson (38010004),Jamal Shead (38009980),Giannis Antetokounmpo (38009507),Kel'el Ware (38009661),285.66999999999996,385.61999999999995,49100,99.94%,2,89.54%,0,176.53000000000003,$3.58,TOR 4,WAS 1,user41,49,marvalshot,13893,4658672644_41
Jamal Shead (38009980),AJ Lawson (38010081),Scottie Barnes (38009581),Tari Eason (38009699),Onyeka Okongwu (38009627),Tre Jones (38009777),Jimmy Butler (38009577),Giannis Antetokounmpo (38009507),289.23375,385.9258376934852,50000,100.00%,182,139.6%,0,201.54,$5.58,TOR 3,HOU 1,user41,49,marvalshot,5968,4658672645_41
Jordan Poole (38009599),AJ Lawson (38010081),Scottie Barnes (38009581),Giannis Antetokounmpo (38009507),Orlando Robinson (38010004),Josh Giddey (38009559),Jamison Battle (38010088),Kel'el Ware (38009661),286.37,385.78,49700,99.87%,26,98.86%,0,157.73000000000002,$3.95,TOR 4,WAS 1,user42,46,marvalshot,13784,4658672636_42
Trae Young (38009522),AJ Lawson (38010081),Scottie Barnes (38009581),Giannis Antetokounmpo (38009507),Orlando Robinson (38010004),Tre Jones (38009777),Bennedict Mathurin (38009740),Alexandre Sarr (38009707),280.83,382.32,50000,86.06%,0,-8.39%,0,156.51,$-0.34,TOR 3,ATL 1,user42,50,marvalshot,7965,4658672637_42
Trae Young (38009522),AJ Lawson (38010081),RJ Barrett (38009606),Pascal Siakam (38009567),Onyeka Okongwu (38009627),Josh Giddey (38009559),Jamison Battle (38010088),Orlando Robinson (38010004),283.04,376.67,49200,97.24%,0,43.39%,0,141.57,$1.74,TOR 4,ATL 2,user42,49,marvalshot,4009,4658672638_42
Jamal Shead (38009980),Tyler Herro (38009547),Jamison Battle (38010088),Tari Eason (38009699),Orlando Robinson (38010004),Luka Doncic (38009504),Jimmy Butler (38009577),Ausar Thompson (38009654),267.40375,357.50583769348526,49400,0.01%,0,-100.0%,0,130.14000000000001,$-4.0,TOR 3,MIA 1,user15,1,marvalshot,13804,4658672639_15
AJ Lawson (38010081),Jrue Holiday (38009743),Jamison Battle (38010088),Tari Eason (38009699),Alperen Sengun (38009525),T.J. McConnell (38009750),Franz Wagner (38009556),Jayson Tatum (38009515),275.9525,363.8250555418866,49600,25.75%,0,-89.88%,0,134.79,$-3.6,TOR 2,BOS 2,user32,1,marvalshot,13870,4658672640_32
Jamal Shead (38009980),Jared Rhoden (38010114),Jamison Battle (38010088),Giannis Antetokounmpo (38009507),Alperen Sengun (38009525),Jordan Poole (38009599),Ausar Thompson (38009654),Onyeka Okongwu (38009627),295.28875,391.83921784840135,49900,100.00%,22190,267.04%,0,158.26999999999998,$10.68,TOR 3,MIL 1,user42,50,marvalshot,1428,4658672641_42
Jamal Shead (38009980),AJ Lawson (38010081),Georges Niang (38009841),Giannis Antetokounmpo (38009507),Orlando Robinson (38010004),Stephen Curry (38009527),Franz Wagner (38009556),Onyeka Okongwu (38009627),284.47999999999996,380.56999999999994,49800,99.38%,3,69.79%,0,163.91,$2.79,TOR 3,ATL 2,user42,45,marvalshot,13892,4658672642_42
T.J. McConnell (38009750),Jared Rhoden (38010114),Scottie Barnes (38009581),Tari Eason (38009699),Onyeka Okongwu (38009627),Jamal Shead (38009980),Giannis Antetokounmpo (38009507),Jordan Poole (38009599),282.43375,383.6058376934852,49600,97.94%,0,34.65%,0,198.32,$1.39,TOR 3,IND 1,user42,50,marvalshot,5084,4658672643_42
Jordan Poole (38009599),AJ Lawson (38010081),RJ Barrett (38009606),Pascal Siakam (38009567),Orlando Robinson (38010004),Jamal Shead (38009980),Giannis Antetokounmpo (38009507),Kel'el Ware (38009661),285.66999999999996,385.61999999999995,49100,99.94%,2,89.54%,0,176.53000000000003,$3.58,TOR 4,WAS 1,user42,49,marvalshot,13893,4658672644_42
Jamal Shead (38009980),AJ Lawson (38010081),Scottie Barnes (38009581),Tari Eason (38009699),Onyeka Okongwu (38009627),Tre Jones (38009777),Jimmy Butler (38009577),Giannis Antetokounmpo (38009507),289.23375,385.9258376934852,50000,100.00%,182,139.6%,0,201.54,$5.58,TOR 3,HOU 1,user42,49,marvalshot,5968,4658672645_42
Jordan Poole (38009599),AJ Lawson (38010081),Scottie Barnes (38009581),Giannis Antetokounmpo (38009507),Orlando Robinson (38010004),Josh Giddey (38009559),Jamison Battle (38010088),Kel'el Ware (38009661),286.37,385.78,49700,99.87%,26,98.86%,0,157.73000000000002,$3.95,TOR 4,WAS 1,user43,46,marvalshot,13784,4658672636_43
Trae Young (38009522),AJ Lawson (38010081),Scottie Barnes (38009581),Giannis Antetokounmpo (38009507),Orlando Robinson (38010004),Tre Jones (38009777),Bennedict Mathurin (38009740),Alexandre Sarr (38009707),280.83,382.32,50000,86.06%,0,-8.39%,0,156.51,$-0.34,TOR 3,ATL 1,user43,50,marvalshot,7965,4658672637_43
Trae Young (38009522),AJ Lawson (38010081),RJ Barrett (38009606),Pascal Siakam (38009567),Onyeka Okongwu (38009627),Josh Giddey (38009559),Jamison Battle (38010088),Orlando Robinson (38010004),283.04,376.67,49200,97.24%,0,43.39%,0,141.57,$1.74,TOR 4,ATL 2,user43,49,marvalshot,4009,4658672638_43
Jamal Shead (38009980),Jaylen Brown (38009562),Jamison Battle (38010088),Tari Eason (38009699),Orlando Robinson (38010004),Buddy Hield (38009817),Jayson Tatum (38009515),LeBron James (38009511),266.89375,356.71583769348524,49000,0.00%,0,-100.0%,0,134.91,$-4.0,TOR 3,BOS 2,user11,1,marvalshot,13800,4658672639_11
AJ Lawson (38010081),Kevin Huerter (38009853),Jamison Battle (38010088),Tari Eason (38009699),Alperen Sengun (38009525),T.J. McConnell (38009750),Jaylen Brown (38009562),LeBron James (38009511),274.8825,363.7250555418866,49000,15.32%,0,-95.23%,0,134.10000000000002,$-3.81,TOR 2,HOU 2,user44,1,marvalshot,13882,4658672640_44
Jamal Shead (38009980),Jared Rhoden (38010114),Jamison Battle (38010088),Giannis Antetokounmpo (38009507),Alperen Sengun (38009525),Jordan Poole (38009599),Ausar Thompson (38009654),Onyeka Okongwu (38009627),295.28875,391.83921784840135,49900,100.00%,22190,267.04%,0,158.26999999999998,$10.68,TOR 3,MIL 1,user43,50,marvalshot,1428,4658672641_43
Jamal Shead (38009980),AJ Lawson (38010081),Georges Niang (38009841),Giannis Antetokounmpo (38009507),Orlando Robinson (38010004),Stephen Curry (38009527),Franz Wagner (38009556),Onyeka Okongwu (38009627),284.47999999999996,380.56999999999994,49800,99.38%,3,69.79%,0,163.91,$2.79,TOR 3,ATL 2,user43,45,marvalshot,13892,4658672642_43
T.J. McConnell (38009750),Jared Rhoden (38010114),Scottie Barnes (38009581),Tari Eason (38009699),Onyeka Okongwu (38009627),Jamal Shead (38009980),Giannis Antetokounmpo (38009507),Jordan Poole (38009599),282.43375,383.6058376934852,49600,97.94%,0,34.65%,0,198.32,$1.39,TOR 3,IND 1,user43,50,marvalshot,5084,4658672643_43
Jordan Poole (38009599),AJ Lawson (38010081),RJ Barrett (38009606),Pascal Siakam (38009567),Orlando Robinson (38010004),Jamal Shead (38009980),Giannis Antetokounmpo (38009507),Kel'el Ware (38009661),285.66999999999996,385.61999999999995,49100,99.94%,2,89.54%,0,176.53000000000003,$3.58,TOR 4,WAS 1,user43,49,marvalshot,13893,4658672644_43
Jamal Shead (38009980),AJ Lawson (38010081),Scottie Barnes (38009581),Tari Eason (38009699),Onyeka Okongwu (38009627),Tre Jones (38009777),Jimmy Butler (38009577),Giannis Antetokounmpo (38009507),289.23375,385.9258376934852,50000,100.00%,182,139.6%,0,201.54,$5.58,TOR 3,HOU 1,user43,49,marvalshot,5968,4658672645_43
Jordan Poole (38009599),AJ Lawson (38010081),Scottie Barnes (38009581),Giannis Antetokounmpo (38009507),Orlando Robinson (38010004),Josh Giddey (38009559),Jamison Battle (38010088),Kel'el Ware (38009661),286.37,385.78,49700,99.87%,26,98.86%,0,157.73000000000002,$3.95,TOR 4,WAS 1,user44,46,marvalshot,13784,4658672636_44
Trae Young (38009522),AJ Lawson (38010081),Scottie Barnes (38009581),Giannis Antetokounmpo (38009507),Orlando Robinson (38010004),Tre Jones (38009777),Bennedict Mathurin (38009740),Alexandre Sarr (38009707),280.83,382.32,50000,86.06%,0,-8.39%,0,156.51,$-0.34,TOR 3,ATL 1,user44,50,marvalshot,7965,4658672637_44
Trae Young (38009522),AJ Lawson (38010081),RJ Barrett (38009606),Pascal Siakam (38009567),Onyeka Okongwu (38009627),Josh Giddey (38009559),Jamison Battle (38010088),Orlando Robinson (38010004),283.04,376.67,49200,97.24%,0,43.39%,0,141.57,$1.74,TOR 4,ATL 2,user44,49,marvalshot,4009,4658672638_44
Jamal Shead (38009980),Austin Reaves (38009602),Jamison Battle (38010088),Tari Eason (38009699),Orlando Robinson (38010004),Stephen Curry (38009527),LeBron James (38009511),Zach Collins (38009637),266.76374999999996,355.3658376934852,49000,0.01%,0,-100.0%,0,122.12,$-4.0,TOR 3,LAL 2,user35,1,marvalshot,13824,4658672639_35
AJ Lawson (38010081),Payton Pritchard (38009650),Jamison Battle (38010088),Tari Eason (38009699),Alperen Sengun (38009525),T.J. McConnell (38009750),LeBron James (38009511),Austin Reaves (38009602),273.97249999999997,361.2950555418866,49600,9.02%,0,-97.65%,0,131.43,$-3.91,TOR 2,HOU 2,user34,1,marvalshot,13872,4658672640_34
Jamal Shead (38009980),Jared Rhoden (38010114),Jamison Battle (38010088),Giannis Antetokounmpo (38009507),Alperen Sengun (38009525),Jordan Poole (38009599),Ausar Thompson (38009654),Onyeka Okongwu (38009627),295.28875,391.83921784840135,49900,100.00%,22190,267.04%,0,158.26999999999998,$10.68,TOR 3,MIL 1,user44,50,marvalshot,1428,4658672641_44
Jamal Shead (38009980),AJ Lawson (38010081),Georges Niang (38009841),Giannis Antetokounmpo (38009507),Orlando Robinson (38010004),Stephen Curry (38009527),Franz Wagner (38009556),Onyeka Okongwu (38009627),284.47999999999996,380.56999999999994,49800,99.38%,3,69.79%,0,163.91,$2.79,TOR 3,ATL 2,user44,45,marvalshot,13892,4658672642_44
T.J. McConnell (38009750),Jared Rhoden (38010114),Scottie Barnes (38009581),Tari Eason (38009699),Onyeka Okongwu (38009627),Jamal Shead (38009980),Giannis Antetokounmpo (38009507),Jordan Poole (38009599),282.43375,383.6058376934852,49600,97.94%,0,34.65%,0,198.32,$1.39,TOR 3,IND 1,user44,50,marvalshot,5084,4658672643_44
Jordan Poole (38009599),AJ Lawson (38010081),RJ Barrett (38009606),Pascal Siakam (38009567),Orlando Robinson (38010004),Jamal Shead (38009980),Giannis Antetokounmpo (38009507),Kel'el Ware (38009661),285.66999999999996,385.61999999999995,49100,99.94%,2,89.54%,0,176.53000000000003,$3.58,TOR 4,WAS 1,user44,49,marvalshot,13893,4658672644_44
Jamal Shead (38009980),AJ Lawson (38010081),Scottie Barnes (38009581),Tari Eason (38009699),Onyeka Okongwu (38009627),Tre Jones (38009777),Jimmy Butler (38009577),Giannis Antetokounmpo (38009507),289.23375,385.9258376934852,50000,100.00%,182,139.6%,0,201.54,$5.58,TOR 3,HOU 1,user44,49,marvalshot,5968,4658672645_44
Jordan Poole (38009599),AJ Lawson (38010081),Scottie Barnes (38009581),Giannis Antetokounmpo (38009507),Orlando Robinson (38010004),Josh Giddey (38009559),Jamison Battle (38010088),Kel'el Ware (38009661),286.37,385.78,49700,99.87%,26,98.86%,0,157.73000000000002,$3.95,TOR 4,WAS 1,user45,46,marvalshot,13784,4658672636_45
Trae Young (38009522),AJ Lawson (38010081),Scottie Barnes (38009581),Giannis Antetokounmpo (38009507),Orlando Robinson (38010004),Tre Jones (38009777),Bennedict Mathurin (38009740),Alexandre Sarr (38009707),280.83,382.32,50000,86.06%,0,-8.39%,0,156.51,$-0.34,TOR 3,ATL 1,user45,50,marvalshot,7965,4658672637_45
Trae Young (38009522),AJ Lawson (38010081),RJ Barrett (38009606),Pascal Siakam (38009567),Onyeka Okongwu (38009627),Josh Giddey (38009559),Jamison Battle (38010088),Orlando Robinson (38010004),283.04,376.67,49200,97.24%,0,43.39%,0,141.57,$1.74,TOR 4,ATL 2,user45,49,marvalshot,4009,4658672638_45
Jamal Shead (38009980),Austin Reaves (38009602),Jamison Battle (38010088),Tari Eason (38009699),Orlando Robinson (38010004),Stephen Curry (38009527),Tobias Harris (38009671),Luka Doncic (38009504),268.21375,354.8558376934852,49300,0.04%,0,-100.0%,0,126.47,$-4.0,TOR 3,LAL 2,user33,1,marvalshot,13822,4658672639_33
AJ Lawson (38010081),Jrue Holiday (38009743),Jamison Battle (38010088),Tari Eason (38009699),Alperen Sengun (38009525),T.J. McConnell (38009750),Franz Wagner (38009556),LeBron James (38009511),273.7425,362.2250555418866,50000,8.09%,0,-98.09%,0,131.79,$-3.92,TOR 2,HOU 2,user18,1,marvalshot,13856,4658672640_18
Jamal Shead (38009980),Jared Rhoden (38010114),Jamison Battle (38010088),Giannis Antetokounmpo (38009507),Alperen Sengun (38009525),Jordan Poole (38009599),Ausar Thompson (38009654),Onyeka Okongwu (38009627),295.28875,391.83921784840135,49900,100.00%,22190,267.04%,0,158.26999999999998,$10.68,TOR 3,MIL 1,user45,50,marvalshot,1428,4658672641_45
Jamal Shead (38009980),AJ Lawson (38010081),Georges Niang (38009841),Giannis Antetokounmpo (38009507),Orlando Robinson (38010004),Stephen Curry (38009527),Franz Wagner (38009556),Onyeka Okongwu (38009627),284.47999999999996,380.56999999999994,49800,99.38%,3,69.79%,0,163.91,$2.79,TOR 3,ATL 2,user45,45,marvalshot,13892,4658672642_45
T.J. McConnell (38009750),Jared Rhoden (38010114),Scottie Barnes (38009581),Tari Eason (38009699),Onyeka Okongwu (38009627),Jamal Shead (38009980),Giannis Antetokounmpo (38009507),Jordan Poole (38009599),282.43375,383.6058376934852,49600,97.94%,0,34.65%,0,198.32,$1.39,TOR 3,IND 1,user45,50,marvalshot,5084,4658672643_45
Jordan Poole (38009599),AJ Lawson (38010081),RJ Barrett (38009606),Pascal Siakam (38009567),Orlando Robinson (38010004),Jamal Shead (38009980),Giannis Antetokounmpo (38009507),Kel'el Ware (38009661),285.66999999999996,385.61999999999995,49100,99.94%,2,89.54%,0,176.53000000000003,$3.58,TOR 4,WAS 1,user45,49,marvalshot,13893,4658672644_45
Jamal Shead (38009980),AJ Lawson (38010081),Scottie Barnes (38009581),Tari Eason (38009699),Onyeka Okongwu (38009627),Tre Jones (38009777),Jimmy Butler (38009577),Giannis Antetokounmpo (38009507),289.23375,385.9258376934852,50000,100.00%,182,139.6%,0,201.54,$5.58,TOR 3,HOU 1,user45,49,marvalshot,5968,4658672645_45
Jordan Poole (38009599),AJ Lawson (38010081),Scottie Barnes (38009581),Giannis Antetokounmpo (38009507),Orlando Robinson (38010004),Josh Giddey (38009559),Jamison Battle (38010088),Kel'el Ware (38009661),286.37,385.78,49700,99.87%,26,98.86%,0,157.73000000000002,$3.95,TOR 4,WAS 1,user46,46,marvalshot,13784,4658672636_46
Trae Young (38009522),AJ Lawson (38010081),Scottie Barnes (38009581),Giannis Antetokounmpo (38009507),Orlando Robinson (38010004),Tre Jones (38009777),Bennedict Mathurin (38009740),Alexandre Sarr (38009707),280.83,382.32,50000,86.06%,0,-8.39%,0,156.51,$-0.34,TOR 3,ATL 1,user46,50,marvalshot,7965,4658672637_46
Trae Young (38009522),AJ Lawson (38010081),RJ Barrett (38009606),Pascal Siakam (38009567),Onyeka Okongwu (38009627),Josh Giddey (38009559),Jamison Battle (38010088),Orlando Robinson (38010004),283.04,376.67,49200,97.24%,0,43.39%,0,141.57,$1.74,TOR 4,ATL 2,user46,49,marvalshot,4009,4658672638_46
Jamal Shead (38009980),Jrue Holiday (38009743),Jamison Battle (38010088),Tari Eason (38009699),Orlando Robinson (38010004),Cade Cunningham (38009519),Jaylen Brown (38009562),LeBron James (38009511),265.22375,354.3658376934852,49400,0.00%,0,-100.0%,0,125.4,$-4.0,TOR 3,BOS 2,user39,1,marvalshot,13828,4658672639_39
AJ Lawson (38010081),Tim Hardaway Jr. (38009892),Jamison Battle (38010088),Tari Eason (38009699),Alperen Sengun (38009525),T.J. McConnell (38009750),Bam Adebayo (38009530),LeBron James (38009511),273.5525,361.3450555418866,49800,6.98%,0,-98.45%,0,129.08,$-3.94,TOR 2,HOU 2,user,1,marvalshot,1673,4658672640
Jamal Shead (38009980),Jared Rhoden (38010114),Jamison Battle (38010088),Giannis Antetokounmpo (38009507),Alperen Sengun (38009525),Jordan Poole (38009599),Ausar Thompson (38009654),Onyeka Okongwu (38009627),295.28875,391.83921784840135,49900,100.00%,22190,267.04%,0,158.26999999999998,$10.68,TOR 3,MIL 1,user46,50,marvalshot,1428,4658672641_46
Jamal Shead (38009980),AJ Lawson (38010081),Georges Niang (38009841),Giannis Antetokounmpo (38009507),Orlando Robinson (38010004),Stephen Curry (38009527),Franz Wagner (38009556),Onyeka Okongwu (38009627),284.47999999999996,380.56999999999994,49800,99.38%,3,69.79%,0,163.91,$2.79,TOR 3,ATL 2,user46,45,marvalshot,13892,4658672642_46
T.J. McConnell (38009750),Jared Rhoden (38010114),Scottie Barnes (38009581),Tari Eason (38009699),Onyeka Okongwu (38009627),Jamal Shead (38009980),Giannis Antetokounmpo (38009507),Jordan Poole (38009599),282.43375,383.6058376934852,49600,97.94%,0,34.65%,0,198.32,$1.39,TOR 3,IND 1,user46,50,marvalshot,5084,4658672643_46
Jordan Poole (38009599),AJ Lawson (38010081),RJ Barrett (38009606),Pascal Siakam (38009567),Orlando Robinson (38010004),Jamal Shead (38009980),Giannis Antetokounmpo (38009507),Kel'el Ware (38009661),285.66999999999996,385.61999999999995,49100,99.94%,2,89.54%,0,176.53000000000003,$3.58,TOR 4,WAS 1,user46,49,marvalshot,13893,4658672644_46
Jamal Shead (38009980),AJ Lawson (38010081),Scottie Barnes (38009581),Tari Eason (38009699),Onyeka Okongwu (38009627),Tre Jones (38009777),Jimmy Butler (38009577),Giannis Antetokounmpo (38009507),289.23375,385.9258376934852,50000,100.00%,182,139.6%,0,201.54,$5.58,TOR 3,HOU 1,user46,49,marvalshot,5968,4658672645_46
Jordan Poole (38009599),AJ Lawson (38010081),Scottie Barnes (38009581),Giannis Antetokounmpo (38009507),Orlando Robinson (38010004),Josh Giddey (38009559),Jamison Battle (38010088),Kel'el Ware (38009661),286.37,385.78,49700,99.87%,26,98.86%,0,157.73000000000002,$3.95,TOR 4,WAS 1,user47,46,marvalshot,13784,4658672636_47
Trae Young (38009522),AJ Lawson (38010081),Scottie Barnes (38009581),Giannis Antetokounmpo (38009507),Orlando Robinson (38010004),Tre Jones (38009777),Bennedict Mathurin (38009740),Alexandre Sarr (38009707),280.83,382.32,50000,86.06%,0,-8.39%,0,156.51,$-0.34,TOR 3,ATL 1,user47,50,marvalshot,7965,4658672637_47
Trae Young (38009522),AJ Lawson (38010081),RJ Barrett (38009606),Pascal Siakam (38009567),Onyeka Okongwu (38009627),Josh Giddey (38009559),Jamison Battle (38010088),Orlando Robinson (38010004),283.04,376.67,49200,97.24%,0,43.39%,0,141.57,$1.74,TOR 4,ATL 2,user47,49,marvalshot,4009,4658672638_47
Jamal Shead (38009980),Coby White (38009594),Jamison Battle (38010088),Tari Eason (38009699),Orlando Robinson (38010004),Damian Lillard (38009541),LeBron James (38009511),Jalen Duren (38009622),263.41375,351.5558376934853,49300,0.00%,0,-100.0%,0,116.14,$-4.0,TOR 3,CHI 1,user2,1,marvalshot,13791,4658672639_2
AJ Lawson (38010081),Payton Pritchard (38009650),Jamison Battle (38010088),Tari Eason (38009699),Alperen Sengun (38009525),T.J. McConnell (38009750),Jaylen Brown (38009562),Paolo Banchero (38009538),273.53249999999997,360.6250555418866,49300,6.64%,0,-98.56%,0,129.20000000000002,$-3.94,TOR 2,BOS 2,user6,1,marvalshot,13844,4658672640_6
Jamal Shead (38009980),Jared Rhoden (38010114),Jamison Battle (38010088),Giannis Antetokounmpo (38009507),Alperen Sengun (38009525),Jordan Poole (38009599),Ausar Thompson (38009654),Onyeka Okongwu (38009627),295.28875,391.83921784840135,49900,100.00%,22190,267.04%,0,158.26999999999998,$10.68,TOR 3,MIL 1,user47,50,marvalshot,1428,4658672641_47
Jamal Shead (38009980),AJ Lawson (38010081),Georges Niang (38009841),Giannis Antetokounmpo (38009507),Orlando Robinson (38010004),Stephen Curry (38009527),Franz Wagner (38009556),Onyeka Okongwu (38009627),284.47999999999996,380.56999999999994,49800,99.38%,3,69.79%,0,163.91,$2.79,TOR 3,ATL 2,user47,45,marvalshot,13892,4658672642_47
T.J. McConnell (38009750),Jared Rhoden (38010114),Scottie Barnes (38009581),Tari Eason (38009699),Onyeka Okongwu (38009627),Jamal Shead (38009980),Giannis Antetokounmpo (38009507),Jordan Poole (38009599),282.43375,383.6058376934852,49600,97.94%,0,34.65%,0,198.32,$1.39,TOR 3,IND 1,user47,50,marvalshot,5084,4658672643_47
Jordan Poole (38009599),AJ Lawson (38010081),RJ Barrett (38009606),Pascal Siakam (38009567),Orlando Robinson (38010004),Jamal Shead (38009980),Giannis Antetokounmpo (38009507),Kel'el Ware (38009661),285.66999999999996,385.61999999999995,49100,99.94%,2,89.54%,0,176.53000000000003,$3.58,TOR 4,WAS 1,user47,49,marvalshot,13893,4658672644_47
Jamal Shead (38009980),AJ Lawson (38010081),Scottie Barnes (38009581),Tari Eason (38009699),Onyeka Okongwu (38009627),Tre Jones (38009777),Jimmy Butler (38009577),Giannis Antetokounmpo (38009507),289.23375,385.9258376934852,50000,100.00%,182,139.6%,0,201.54,$5.58,TOR 3,HOU 1,user47,49,marvalshot,5968,4658672645_47
Jordan Poole (38009599),AJ Lawson (38010081),Scottie Barnes (38009581),Giannis Antetokounmpo (38009507),Orlando Robinson (38010004),Josh Giddey (38009559),Jamison Battle (38010088),Kel'el Ware (38009661),286.37,385.78,49700,99.87%,26,98.86%,0,157.73000000000002,$3.95,TOR 4,WAS 1,user48,46,marvalshot,13784,4658672636_48
Trae Young (38009522),AJ Lawson (38010081),Scottie Barnes (38009581),Giannis Antetokounmpo (38009507),Orlando Robinson (38010004),Tre Jones (38009777),Bennedict Mathurin (38009740),Alexandre Sarr (38009707),280.83,382.32,50000,86.06%,0,-8.39%,0,156.51,$-0.34,TOR 3,ATL 1,user48,50,marvalshot,7965,4658672637_48
Trae Young (38009522),AJ Lawson (38010081),RJ Barrett (38009606),Pascal Siakam (38009567),Onyeka Okongwu (38009627),Josh Giddey (38009559),Jamison Battle (38010088),Orlando Robinson (38010004),283.04,376.67,49200,97.24%,0,43.39%,0,141.57,$1.74,TOR 4,ATL 2,user48,49,marvalshot,4009,4658672638_48
Jamal Shead (38009980),Jaylen Brown (38009562),Jamison Battle (38010088),Tari Eason (38009699),Orlando Robinson (38010004),Duncan Robinson (38009756),Bam Adebayo (38009530),Luka Doncic (38009504),264.22375,351.4858376934852,49300,0.00%,0,-100.0%,0,119.23,$-4.0,TOR 3,MIA 2,user29,1,marvalshot,13818,4658672639_29
AJ Lawson (38010081),Kentavious Caldwell-Pope (38009897),Jamison Battle (38010088),Tari Eason (38009699),Alperen Sengun (38009525),T.J. McConnell (38009750),LeBron James (38009511),Damian Lillard (38009541),271.6925,356.25505554188663,49600,1.83%,0,-99.73%,0,127.99000000000001,$-3.99,TOR 2,HOU 2,user46,1,marvalshot,13884,4658672640_46
Jamal Shead (38009980),Jared Rhoden (38010114),Jamison Battle (38010088),Giannis Antetokounmpo (38009507),Alperen Sengun (38009525),Jordan Poole (38009599),Ausar Thompson (38009654),Onyeka Okongwu (38009627),295.28875,391.83921784840135,49900,100.00%,22190,267.04%,0,158.26999999999998,$10.68,TOR 3,MIL 1,user48,50,marvalshot,1428,4658672641_48
Jamal Shead (38009980),AJ Lawson (38010081),Georges Niang (38009841),Giannis Antetokounmpo (38009507),Orlando Robinson (38010004),Stephen Curry (38009527),Franz Wagner (38009556),Onyeka Okongwu (38009627),284.47999999999996,380.56999999999994,49800,99.38%,3,69.79%,0,163.91,$2.79,TOR 3,ATL 2,user48,45,marvalshot,13892,4658672642_48
T.J. McConnell (38009750),Jared Rhoden (38010114),Scottie Barnes (38009581),Tari Eason (38009699),Onyeka Okongwu (38009627),Jamal Shead (38009980),Giannis Antetokounmpo (38009507),Jordan Poole (38009599),282.43375,383.6058376934852,49600,97.94%,0,34.65%,0,198.32,$1.39,TOR 3,IND 1,user48,50,marvalshot,5084,4658672643_48
Jordan Poole (38009599),AJ Lawson (38010081),RJ Barrett (38009606),Pascal Siakam (38009567),Orlando Robinson (38010004),Jamal Shead (38009980),Giannis Antetokounmpo (38009507),Kel'el Ware (38009661),285.66999999999996,385.61999999999995,49100,99.94%,2,89.54%,0,176.53000000000003,$3.58,TOR 4,WAS 1,user48,49,marvalshot,13893,4658672644_48
Jamal Shead (38009980),AJ Lawson (38010081),Scottie Barnes (38009581),Tari Eason (38009699),Onyeka Okongwu (38009627),Tre Jones (38009777),Jimmy Butler (38009577),Giannis Antetokounmpo (38009507),289.23375,385.9258376934852,50000,100.00%,182,139.6%,0,201.54,$5.58,TOR 3,HOU 1,user48,49,marvalshot,5968,4658672645_48
Jordan Poole (38009599),AJ Lawson (38010081),Scottie Barnes (38009581),Giannis Antetokounmpo (38009507),Orlando Robinson (38010004),Josh Giddey (38009559),Jamison Battle (38010088),Kel'el Ware (38009661),286.37,385.78,49700,99.87%,26,98.86%,0,157.73000000000002,$3.95,TOR 4,WAS 1,user49,46,marvalshot,13784,4658672636_49
Trae Young (38009522),AJ Lawson (38010081),Scottie Barnes (38009581),Giannis Antetokounmpo (38009507),Orlando Robinson (38010004),Tre Jones (38009777),Bennedict Mathurin (38009740),Alexandre Sarr (38009707),280.83,382.32,50000,86.06%,0,-8.39%,0,156.51,$-0.34,TOR 3,ATL 1,user49,50,marvalshot,7965,4658672637_49
Trae Young (38009522),AJ Lawson (38010081),RJ Barrett (38009606),Pascal Siakam (38009567),Onyeka Okongwu (38009627),Josh Giddey (38009559),Jamison Battle (38010088),Orlando Robinson (38010004),283.04,376.67,49200,97.24%,0,43.39%,0,141.57,$1.74,TOR 4,ATL 2,user49,49,marvalshot,4009,4658672638_49
Jamal Shead (38009980),Austin Reaves (38009602),Jamison Battle (38010088),Tari Eason (38009699),Orlando Robinson (38010004),Damian Lillard (38009541),Jaylen Brown (38009562),Paolo Banchero (38009538),264.41375,346.89583769348525,49300,0.00%,0,-100.0%,0,122.06,$-4.0,TOR 3,LAL 1,user28,1,marvalshot,13817,4658672639_28
AJ Lawson (38010081),Gary Payton II (38009912),Jamison Battle (38010088),Tari Eason (38009699),Alperen Sengun (38009525),T.J. McConnell (38009750),LeBron James (38009511),Franz Wagner (38009556),271.3925,362.0250555418866,49100,1.30%,0,-99.78%,0,132.36,$-3.99,TOR 2,HOU 2,user8,1,marvalshot,13846,4658672640_8
Jamal Shead (38009980),Jared Rhoden (38010114),Jamison Battle (38010088),Giannis Antetokounmpo (38009507),Alperen Sengun (38009525),Jordan Poole (38009599),Ausar Thompson (38009654),Onyeka Okongwu (38009627),295.28875,391.83921784840135,49900,100.00%,22190,267.04%,0,158.26999999999998,$10.68,TOR 3,MIL 1,user49,50,marvalshot,1428,4658672641_49
Jamal Shead (38009980),AJ Lawson (38010081),Georges Niang (38009841),Giannis Antetokounmpo (38009507),Orlando Robinson (38010004),Stephen Curry (38009527),Franz Wagner (38009556),Onyeka Okongwu (38009627),284.47999999999996,380.56999999999994,49800,99.38%,3,69.79%,0,163.91,$2.79,TOR 3,ATL 2,user49,45,marvalshot,13892,4658672642_49
T.J. McConnell (38009750),Jared Rhoden (38010114),Scottie Barnes (38009581),Tari Eason (38009699),Onyeka Okongwu (38009627),Jamal Shead (38009980),Giannis Antetokounmpo (38009507),Jordan Poole (38009599),282.43375,383.6058376934852,49600,97.94%,0,34.65%,0,198.32,$1.39,TOR 3,IND 1,user49,50,marvalshot,5084,4658672643_49
Jordan Poole (38009599),AJ Lawson (38010081),RJ Barrett (38009606),Pascal Siakam (38009567),Orlando Robinson (38010004),Jamal Shead (38009980),Giannis Antetokounmpo (38009507),Kel'el Ware (38009661),285.66999999999996,385.61999999999995,49100,99.94%,2,89.54%,0,176.53000000000003,$3.58,TOR 4,WAS 1,user49,49,marvalshot,13893,4658672644_49
Jamal Shead (38009980),AJ Lawson (38010081),Scottie Barnes (38009581),Tari Eason (38009699),Onyeka Okongwu (38009627),Tre Jones (38009777),Jimmy Butler (38009577),Giannis Antetokounmpo (38009507),289.23375,385.9258376934852,50000,100.00%,182,139.6%,0,201.54,$5.58,TOR 3,HOU 1,user49,49,marvalshot,5968,4658672645_49
