PG,SG,SF,PF,C,G,F,UTIL,Proj,Ceiling,Salary,Cash %,Top 1%,ROI%,Wins,Own Sum,Avg Return,Stack1,Stack2,Lineup,Dupes,User,Index,Entry ID
Shai Gilgeous-Alexander (38239580),Colby Jones (38239966),Kevin Huerter (38239725),LeBron James (38239587),Tristan Vukcevic (38239923),Davion Mitchell (38239876),Kyle Anderson (38240065),Tyler Herro (38239631),281.3199609375,375.9894135127636,49900,100.00%,12228,419.67%,0,229.51999999999998,$16.79,MIA 3,WAS 2,user29,1,marvalshot,8912,4678344695_29
Davion Mitchell (38239876),Kevin Huerter (38239725),Jaylen Martin (38240062),Kenrich Williams (38239995),Tristan Vukcevic (38239923),Shai Gilgeous-Alexander (38239580),LeBron James (38239587),Bam Adebayo (38239623),281.02500000000003,376.0155764974287,49900,100.00%,10117,371.25%,0,230.19,$14.85,MIA 2,WAS 2,user33,1,marvalshot,8964,4678344696_33
Josh Giddey (38239598),Colby Jones (38239966),Jaylen Martin (38240062),Justin Champagnie (38239809),Tristan Vukcevic (38239923),Tyler Herro (38239631),LeBron James (38239587),Isaiah Hartenstein (38239684),284.2040625,379.49993209159175,49700,100.00%,35614,1300.37%,4,239.18,$52.01,WAS 4,CHI 1,user13,1,marvalshot,8993,4678344697_13
Luka Doncic (38239577),Isaiah Joe (38239952),Justin Champagnie (38239809),Kyle Anderson (38240065),Tristan Vukcevic (38239923),Shai Gilgeous-Alexander (38239580),Kenrich Williams (38239995),Tyler Herro (38239631),280.2184765625,379.98287391074507,49900,100.00%,5704,284.68%,0,201.19,$11.39,OKC 3,WAS 2,user30,1,marvalshot,9059,4678344698_30
Tyler Herro (38239631),Carlton Carrington (38239793),Jaylen Martin (38240062),Bam Adebayo (38239623),Tristan Vukcevic (38239923),Shai Gilgeous-Alexander (38239580),Kenrich Williams (38239995),Isaiah Hartenstein (38239684),284.7875,384.1529132390975,49800,100.00%,39579,1788.74%,27,227.95999999999998,$71.55,WAS 3,OKC 3,user,1,marvalshot,3450,4678344699
Tyler Herro (38239631),Tyrese Martin (38239908),Jaylen Martin (38240062),Patrick Williams (38239940),Tristan Vukcevic (38239923),Kevin Huerter (38239725),LeBron James (38239587),Shai Gilgeous-Alexander (38239580),280.088515625,374.7078055476135,50000,100.00%,5992,273.62%,0,207.64,$10.94,WAS 2,CHI 2,user32,1,marvalshot,9119,4678344700_32
Tyler Herro (38239631),Colby Jones (38239966),LeBron James (38239587),Sandro Mamukelashvili (38239955),Tristan Vukcevic (38239923),Shai Gilgeous-Alexander (38239580),Kyle Anderson (38240065),Alexandre Sarr (38239686),282.354453125,387.2413301279089,49900,100.00%,20159,619.43%,0,224.91000000000003,$24.78,WAS 3,MIA 2,user8,1,marvalshot,9144,4678344701_8
Tyler Herro (38239631),Colby Jones (38239966),LeBron James (38239587),Bam Adebayo (38239623),Tristan Vukcevic (38239923),Josh Giddey (38239598),Kyle Anderson (38240065),Kenrich Williams (38239995),283.7699609375,380.4694135127636,49900,100.00%,32289,1065.04%,1,265.74,$42.6,MIA 3,WAS 2,user17,1,marvalshot,9202,4678344702_17
Tyler Herro (38239631),Pelle Larsson (38240216),Jalen Williams (38239627),Kenrich Williams (38239995),Tristan Vukcevic (38239923),Davion Mitchell (38239876),LeBron James (38239587),Bam Adebayo (38239623),279.0996875,372.9039659146728,49900,100.00%,2212,201.78%,0,213.54999999999998,$8.07,MIA 4,OKC 2,user26,1,marvalshot,9260,4678344703_26
Tyler Herro (38239631),Colby Jones (38239966),Kevin Huerter (38239725),Bam Adebayo (38239623),Tristan Vukcevic (38239923),Shai Gilgeous-Alexander (38239580),Kyle Anderson (38240065),Jared Butler (38239721),280.6999609375,377.3494135127636,50000,100.00%,8375,338.08%,0,212.81,$13.52,MIA 3,WAS 2,user37,1,marvalshot,8920,4678344695_37
Josh Giddey (38239598),Isaiah Joe (38239952),Jaylen Martin (38240062),Bam Adebayo (38239623),Tristan Vukcevic (38239923),Tyler Herro (38239631),Kenrich Williams (38239995),LeBron James (38239587),280.50500000000005,376.02557649742874,50000,100.00%,7378,313.32%,0,246.97,$12.53,OKC 2,WAS 2,user6,1,marvalshot,8938,4678344696_6
Josh Giddey (38239598),Colby Jones (38239966),Jaylen Martin (38240062),Justin Champagnie (38239809),Tristan Vukcevic (38239923),Tyler Herro (38239631),Jalen Williams (38239627),Bam Adebayo (38239623),282.17406250000005,375.37993209159174,49800,100.00%,18319,562.17%,1,226.0,$22.49,WAS 4,MIA 2,user14,1,marvalshot,8994,4678344697_14
Tyler Herro (38239631),Isaiah Joe (38239952),Justin Champagnie (38239809),Kyle Anderson (38240065),Tristan Vukcevic (38239923),Shai Gilgeous-Alexander (38239580),Rui Hachimura (38239763),LeBron James (38239587),279.8684765625,379.13287391074505,50000,100.00%,4201,251.75%,0,191.68,$10.07,MIA 2,OKC 2,user27,1,marvalshot,9056,4678344698_27
Tyler Herro (38239631),Carlton Carrington (38239793),Jaylen Martin (38240062),LeBron James (38239587),Tristan Vukcevic (38239923),Davion Mitchell (38239876),Bam Adebayo (38239623),Isaiah Hartenstein (38239684),284.7375,379.1129132390975,49900,100.00%,38370,1755.79%,7,209.63,$70.23,MIA 3,WAS 3,user2,1,marvalshot,9080,4678344699_2
Shai Gilgeous-Alexander (38239580),Tyrese Martin (38239908),Jaylen Martin (38240062),Bam Adebayo (38239623),Tristan Vukcevic (38239923),Josh Giddey (38239598),Kevin Huerter (38239725),Davion Mitchell (38239876),279.628515625,369.4378055476135,49800,100.00%,4525,248.16%,0,202.03000000000003,$9.93,WAS 2,MIA 2,user8,1,marvalshot,9095,4678344700_8
Tyler Herro (38239631),Colby Jones (38239966),Julian Champagnie (38239978),Kenrich Williams (38239995),Tristan Vukcevic (38239923),Shai Gilgeous-Alexander (38239580),LeBron James (38239587),Alexandre Sarr (38239686),281.414453125,381.1913301279089,50000,100.00%,11976,411.97%,0,245.79000000000002,$16.48,WAS 3,OKC 2,user2,1,marvalshot,9138,4678344701_2
Tyler Herro (38239631),Colby Jones (38239966),Haywood Highsmith (38239983),Kyle Anderson (38240065),Tristan Vukcevic (38239923),Josh Giddey (38239598),LeBron James (38239587),Bam Adebayo (38239623),280.1999609375,374.9794135127636,49900,100.00%,5985,284.56%,0,236.93,$11.38,MIA 4,WAS 2,user48,1,marvalshot,9233,4678344702_48
Tyler Herro (38239631),Kevin Huerter (38239725),LeBron James (38239587),Kyle Anderson (38240065),Tristan Vukcevic (38239923),Alec Burks (38240017),Bam Adebayo (38239623),Isaiah Hartenstein (38239684),277.63968750000004,374.2239659146728,49800,99.99%,663,142.57%,0,186.74,$5.7,MIA 4,CHI 1,user27,1,marvalshot,9261,4678344703_27
Josh Giddey (38239598),Colby Jones (38239966),Pelle Larsson (38240216),Kyle Anderson (38240065),Tristan Vukcevic (38239923),Tyler Herro (38239631),Bam Adebayo (38239623),LeBron James (38239587),280.04996093750003,375.1894135127636,49500,100.00%,4654,264.09%,0,248.09,$10.56,MIA 4,WAS 2,user2,1,marvalshot,8884,4678344695_2
Davion Mitchell (38239876),Jared Butler (38239721),Jaylen Martin (38240062),Kenrich Williams (38239995),Tristan Vukcevic (38239923),Shai Gilgeous-Alexander (38239580),Bam Adebayo (38239623),LeBron James (38239587),280.485,379.1555764974287,50000,100.00%,7276,311.03%,0,222.23,$12.44,MIA 2,WAS 2,user27,1,marvalshot,8959,4678344696_27
Josh Giddey (38239598),Colby Jones (38239966),Jaylen Martin (38240062),Justin Champagnie (38239809),Tristan Vukcevic (38239923),Shai Gilgeous-Alexander (38239580),Santi Aldama (38239711),Bam Adebayo (38239623),281.5540625,377.6599320915917,49900,100.00%,13321,438.83%,0,226.58,$17.55,WAS 4,CHI 1,user35,1,marvalshot,9015,4678344697_35
Shai Gilgeous-Alexander (38239580),Stephon Castle (38239688),Justin Champagnie (38239809),Kyle Anderson (38240065),Tristan Vukcevic (38239923),Alec Burks (38240017),Bam Adebayo (38239623),Tyler Herro (38239631),279.5084765625,379.23287391074507,49300,100.00%,3019,221.41%,0,179.47000000000003,$8.86,MIA 4,WAS 2,user28,1,marvalshot,9057,4678344698_28
Davion Mitchell (38239876),Carlton Carrington (38239793),Jaylen Martin (38240062),Bam Adebayo (38239623),Tristan Vukcevic (38239923),Tyler Herro (38239631),Kevin Huerter (38239725),Shai Gilgeous-Alexander (38239580),283.64750000000004,374.2329132390975,49800,100.00%,30869,1064.3%,2,210.04,$42.57,MIA 3,WAS 3,user5,1,marvalshot,9083,4678344699_5
Shai Gilgeous-Alexander (38239580),Tyrese Martin (38239908),Jaylen Martin (38240062),Pascal Siakam (38239649),Tristan Vukcevic (38239923),Tyler Herro (38239631),Kyle Anderson (38240065),Bam Adebayo (38239623),279.648515625,379.4578055476135,49800,100.00%,4454,241.08%,0,197.29000000000002,$9.64,MIA 3,WAS 2,user4,1,marvalshot,9091,4678344700_4
Blake Wesley (38240054),Colby Jones (38239966),LeBron James (38239587),Sandro Mamukelashvili (38239955),Tristan Vukcevic (38239923),Shai Gilgeous-Alexander (38239580),Bam Adebayo (38239623),Alexandre Sarr (38239686),280.084453125,384.65133012790886,50000,100.00%,5513,278.44%,0,218.29,$11.14,WAS 3,SAS 2,user36,1,marvalshot,9172,4678344701_36
Shai Gilgeous-Alexander (38239580),Colby Jones (38239966),LeBron James (38239587),Kenrich Williams (38239995),Tristan Vukcevic (38239923),Jared Butler (38239721),Kyle Anderson (38240065),Josh Giddey (38239598),278.92996093749997,378.00941351276356,50000,100.00%,2012,198.97%,0,246.0,$7.96,OKC 2,WAS 2,user25,1,marvalshot,9210,4678344702_25
Davion Mitchell (38239876),Jared Butler (38239721),LeBron James (38239587),Kyle Anderson (38240065),Tristan Vukcevic (38239923),Tyler Herro (38239631),Haywood Highsmith (38239983),Shai Gilgeous-Alexander (38239580),277.59968749999996,374.41396591467276,49900,99.98%,632,141.64%,0,189.41,$5.67,MIA 4,PHI 1,user9,1,marvalshot,9243,4678344703_9
Shai Gilgeous-Alexander (38239580),Colby Jones (38239966),Pelle Larsson (38240216),Sandro Mamukelashvili (38239955),Tristan Vukcevic (38239923),Tyler Herro (38239631),LeBron James (38239587),Isaiah Hartenstein (38239684),279.4199609375,382.9694135127636,50000,100.00%,3587,231.68%,0,214.84,$9.27,OKC 2,WAS 2,user9,1,marvalshot,8891,4678344695_9
Josh Giddey (38239598),Pelle Larsson (38240216),Jaylen Martin (38240062),Kyle Anderson (38240065),Tristan Vukcevic (38239923),Shai Gilgeous-Alexander (38239580),Bam Adebayo (38239623),Tyler Herro (38239631),280.555,379.24557649742866,49900,100.00%,7397,308.21%,0,231.73999999999998,$12.33,MIA 4,WAS 2,user,1,marvalshot,7907,4678344696
Tyler Herro (38239631),Colby Jones (38239966),Jaylen Martin (38240062),Justin Champagnie (38239809),Tristan Vukcevic (38239923),Shai Gilgeous-Alexander (38239580),Pascal Siakam (38239649),Nikola Vucevic (38239665),281.32406249999997,379.03993209159165,50000,100.00%,12480,427.25%,0,210.25,$17.09,WAS 4,MIA 1,user27,1,marvalshot,9007,4678344697_27
Tyler Herro (38239631),Jared Butler (38239721),Justin Champagnie (38239809),Kenrich Williams (38239995),Tristan Vukcevic (38239923),Shai Gilgeous-Alexander (38239580),Keldon Johnson (38239818),Jaren Jackson Jr. (38239645),279.1184765625,376.62287391074506,50000,100.00%,2376,206.54%,0,182.07,$8.26,WAS 2,OKC 2,user46,1,marvalshot,9075,4678344698_46
Tyler Herro (38239631),Carlton Carrington (38239793),Jaylen Martin (38240062),Sandro Mamukelashvili (38239955),Tristan Vukcevic (38239923),Shai Gilgeous-Alexander (38239580),Bam Adebayo (38239623),Isaiah Hartenstein (38239684),283.4175,385.8329132390975,50000,100.00%,28833,1059.92%,15,194.39999999999998,$42.4,WAS 3,MIA 2,user7,1,marvalshot,9085,4678344699_7
Tyler Herro (38239631),Tyrese Martin (38239908),Jaylen Martin (38240062),Kyle Anderson (38240065),Tristan Vukcevic (38239923),Shai Gilgeous-Alexander (38239580),Jaren Jackson Jr. (38239645),Bam Adebayo (38239623),278.908515625,379.0578055476135,49800,99.99%,2308,191.14%,0,197.58999999999997,$7.65,MIA 3,WAS 2,user26,1,marvalshot,9113,4678344700_26
Shai Gilgeous-Alexander (38239580),Colby Jones (38239966),Harrison Barnes (38239948),Kyle Anderson (38240065),Tristan Vukcevic (38239923),Tyler Herro (38239631),LeBron James (38239587),Alexandre Sarr (38239686),279.76445312500005,380.6713301279089,49900,100.00%,4140,247.64%,0,227.23000000000002,$9.91,WAS 3,MIA 2,user32,1,marvalshot,9168,4678344701_32
Shai Gilgeous-Alexander (38239580),Colby Jones (38239966),Haywood Highsmith (38239983),LeBron James (38239587),Tristan Vukcevic (38239923),Tyler Herro (38239631),Kyle Anderson (38240065),Isaiah Hartenstein (38239684),278.88996093749995,380.4194135127635,49900,100.00%,2253,196.56%,0,218.63,$7.86,MIA 3,OKC 2,user49,1,marvalshot,9234,4678344702_49
Tyler Herro (38239631),Kevin Huerter (38239725),Julian Champagnie (38239978),Kyle Anderson (38240065),Tristan Vukcevic (38239923),Davion Mitchell (38239876),LeBron James (38239587),Shai Gilgeous-Alexander (38239580),277.34968749999996,371.7339659146728,49800,99.97%,404,132.04%,0,194.89,$5.28,MIA 3,CHI 1,user22,1,marvalshot,9256,4678344703_22
Jared Butler (38239721),Colby Jones (38239966),Kevin Huerter (38239725),Patrick Williams (38239940),Tristan Vukcevic (38239923),Tyler Herro (38239631),Bam Adebayo (38239623),LeBron James (38239587),278.8199609375,370.4394135127636,49900,100.00%,2044,188.07%,0,210.53,$7.52,WAS 2,CHI 2,user11,1,marvalshot,8893,4678344695_11
Davion Mitchell (38239876),Jared Butler (38239721),Jaylen Martin (38240062),Kenrich Williams (38239995),Tristan Vukcevic (38239923),Shai Gilgeous-Alexander (38239580),LeBron James (38239587),Tyler Herro (38239631),279.745,377.1655764974287,49900,100.00%,3989,242.51%,0,227.95,$9.7,MIA 2,WAS 2,user14,1,marvalshot,8946,4678344696_14
Chris Paul (38239879),Colby Jones (38239966),Jaylen Martin (38240062),Justin Champagnie (38239809),Tristan Vukcevic (38239923),Shai Gilgeous-Alexander (38239580),LeBron James (38239587),Josh Giddey (38239598),281.2540625,378.76993209159167,49700,100.00%,11150,400.65%,1,237.48000000000002,$16.03,WAS 4,SAS 1,user6,1,marvalshot,8986,4678344697_6
Tyler Herro (38239631),Kevin Huerter (38239725),Justin Champagnie (38239809),Bam Adebayo (38239623),Tristan Vukcevic (38239923),Chris Paul (38239879),Pascal Siakam (38239649),Kel'el Ware (38239743),278.3584765625,369.1428739107451,49500,99.99%,1543,173.49%,0,155.17000000000002,$6.94,MIA 3,WAS 2,user15,1,marvalshot,9044,4678344698_15
Tyler Herro (38239631),Carlton Carrington (38239793),Jaylen Martin (38240062),Kyle Anderson (38240065),Tristan Vukcevic (38239923),Shai Gilgeous-Alexander (38239580),Bam Adebayo (38239623),Isaiah Hartenstein (38239684),282.73749999999995,383.49291323909745,49500,100.00%,23374,725.78%,1,209.34999999999997,$29.03,MIA 3,WAS 3,user1,1,marvalshot,9079,4678344699_1
Tyler Herro (38239631),Tyrese Martin (38239908),Jaylen Martin (38240062),Bam Adebayo (38239623),Tristan Vukcevic (38239923),Shai Gilgeous-Alexander (38239580),Kyle Anderson (38240065),Nikola Vucevic (38239665),278.868515625,379.3178055476135,49300,99.99%,2243,188.78%,0,200.95,$7.55,MIA 3,WAS 2,user42,1,marvalshot,9129,4678344700_42
Tyler Herro (38239631),Colby Jones (38239966),Jaime Jaquez Jr. (38240031),LeBron James (38239587),Tristan Vukcevic (38239923),Shai Gilgeous-Alexander (38239580),Kyle Anderson (38240065),Alexandre Sarr (38239686),278.464453125,380.93133012790884,49600,100.00%,1067,169.95%,0,224.94,$6.8,MIA 3,WAS 3,user41,1,marvalshot,9177,4678344701_41
Tyler Herro (38239631),Colby Jones (38239966),Pelle Larsson (38240216),Kenrich Williams (38239995),Tristan Vukcevic (38239923),Shai Gilgeous-Alexander (38239580),Bam Adebayo (38239623),Jalen Williams (38239627),278.75996093749995,377.1694135127635,49900,100.00%,1377,179.0%,0,235.22,$7.16,MIA 3,OKC 3,user26,1,marvalshot,9211,4678344702_26
Josh Giddey (38239598),Cason Wallace (38239919),Kevin Huerter (38239725),Bam Adebayo (38239623),Tristan Vukcevic (38239923),Davion Mitchell (38239876),Kyle Anderson (38240065),Shai Gilgeous-Alexander (38239580),277.13968750000004,367.43396591467285,49700,99.95%,461,128.21%,0,194.45,$5.13,MIA 3,CHI 2,user15,1,marvalshot,9249,4678344703_15
Tyler Herro (38239631),Colby Jones (38239966),Kevin Huerter (38239725),Bam Adebayo (38239623),Tristan Vukcevic (38239923),Cason Wallace (38239919),LeBron James (38239587),Kel'el Ware (38239743),278.42996093749997,370.08941351276354,49900,100.00%,1518,173.43%,0,211.06,$6.94,MIA 3,WAS 2,user39,1,marvalshot,8922,4678344695_39
Davion Mitchell (38239876),Jared Butler (38239721),Jaylen Martin (38240062),Bam Adebayo (38239623),Tristan Vukcevic (38239923),Kevin Huerter (38239725),LeBron James (38239587),Tyler Herro (38239631),279.615,370.3455764974287,50000,100.00%,3932,236.72%,0,200.87,$9.47,MIA 3,WAS 2,user47,1,marvalshot,8978,4678344696_47
Tyler Herro (38239631),Colby Jones (38239966),Jaylen Martin (38240062),Justin Champagnie (38239809),Tristan Vukcevic (38239923),Shai Gilgeous-Alexander (38239580),Jaren Jackson Jr. (38239645),Nikola Vucevic (38239665),280.58406249999996,378.6399320915917,50000,100.00%,7796,323.91%,0,210.55,$12.96,WAS 4,MIA 1,user10,1,marvalshot,8990,4678344697_10
Chris Paul (38239879),Aaron Nesmith (38239830),Justin Champagnie (38239809),Bam Adebayo (38239623),Tristan Vukcevic (38239923),Tyler Herro (38239631),Kevin Huerter (38239725),Josh Giddey (38239598),278.46847656250003,365.3328739107451,49600,99.99%,1352,173.36%,0,183.21,$6.93,WAS 2,MIA 2,user14,1,marvalshot,9043,4678344698_14
Tyler Herro (38239631),Carlton Carrington (38239793),Jaylen Martin (38240062),Kyle Anderson (38240065),Tristan Vukcevic (38239923),Coby White (38239640),Bam Adebayo (38239623),LeBron James (38239587),282.5575,376.8329132390975,50000,100.00%,21901,680.49%,0,210.35,$27.22,MIA 3,WAS 3,user3,1,marvalshot,9081,4678344699_3
Cason Wallace (38239919),Tyrese Martin (38239908),Jaylen Martin (38240062),Bam Adebayo (38239623),Tristan Vukcevic (38239923),Tyler Herro (38239631),LeBron James (38239587),Pascal Siakam (38239649),277.878515625,371.90780554761346,49900,99.96%,1021,152.46%,0,196.47,$6.1,WAS 2,MIA 2,user2,1,marvalshot,9089,4678344700_2
Tyler Herro (38239631),Colby Jones (38239966),Aaron Nesmith (38239830),Bam Adebayo (38239623),Tristan Vukcevic (38239923),Lonnie Walker IV (38239857),LeBron James (38239587),Alexandre Sarr (38239686),276.334453125,371.48133012790885,50000,99.94%,105,106.53%,0,209.76,$4.26,WAS 3,MIA 2,user47,1,marvalshot,9183,4678344701_47
Shai Gilgeous-Alexander (38239580),Colby Jones (38239966),Kevin Huerter (38239725),LeBron James (38239587),Tristan Vukcevic (38239923),Tyler Herro (38239631),Kenrich Williams (38239995),Sandro Mamukelashvili (38239955),278.4599609375,376.6894135127636,49500,100.00%,1108,168.46%,0,237.03,$6.74,OKC 2,WAS 2,user39,1,marvalshot,9224,4678344702_39
Shai Gilgeous-Alexander (38239580),Coby White (38239640),Pelle Larsson (38240216),Sandro Mamukelashvili (38239955),Tristan Vukcevic (38239923),Tyler Herro (38239631),Kenrich Williams (38239995),Bam Adebayo (38239623),277.1896875,375.4439659146728,49600,99.96%,305,126.55%,0,198.21999999999997,$5.06,MIA 3,OKC 2,user18,1,marvalshot,9252,4678344703_18
Tyler Herro (38239631),Colby Jones (38239966),Julian Champagnie (38239978),LeBron James (38239587),Tristan Vukcevic (38239923),Shai Gilgeous-Alexander (38239580),Kyle Anderson (38240065),Isaiah Hartenstein (38239684),278.0999609375,380.87941351276356,49900,100.00%,1049,159.31%,0,216.14999999999998,$6.37,MIA 2,WAS 2,user45,1,marvalshot,8928,4678344695_45
Jared Butler (38239721),Kevin Huerter (38239725),Jaylen Martin (38240062),Kenrich Williams (38239995),Tristan Vukcevic (38239923),Shai Gilgeous-Alexander (38239580),Bam Adebayo (38239623),Tyler Herro (38239631),279.66499999999996,375.3855764974286,49900,100.00%,3549,228.78%,0,219.2,$9.15,WAS 2,OKC 2,user35,1,marvalshot,8966,4678344696_35
Davion Mitchell (38239876),Colby Jones (38239966),Jaylen Martin (38240062),Justin Champagnie (38239809),Tristan Vukcevic (38239923),Luka Doncic (38239577),LeBron James (38239587),Tyler Herro (38239631),280.5840625,373.9099320915917,49900,100.00%,7485,319.35%,0,221.08999999999997,$12.77,WAS 4,MIA 2,user1,1,marvalshot,8981,4678344697_1
Jared Butler (38239721),Max Christie (38239847),Justin Champagnie (38239809),Kenrich Williams (38239995),Tristan Vukcevic (38239923),Shai Gilgeous-Alexander (38239580),Coby White (38239640),Tyler Herro (38239631),276.5484765625,368.6828739107451,50000,99.89%,126,111.45%,0,175.10999999999999,$4.46,WAS 2,OKC 2,user6,1,marvalshot,9035,4678344698_6
Davion Mitchell (38239876),Carlton Carrington (38239793),Jaylen Martin (38240062),Bam Adebayo (38239623),Tristan Vukcevic (38239923),Tyler Herro (38239631),LeBron James (38239587),Myles Turner (38239692),282.3575,373.2529132390975,49700,100.00%,20240,611.54%,0,206.2,$24.46,MIA 3,WAS 3,user9,1,marvalshot,9087,4678344699_9
Shai Gilgeous-Alexander (38239580),Tyrese Martin (38239908),Jaylen Martin (38240062),LeBron James (38239587),Tristan Vukcevic (38239923),Jared Butler (38239721),Kyle Anderson (38240065),Tyler Herro (38239631),277.838515625,378.0778055476135,49400,99.98%,715,146.99%,0,206.09000000000003,$5.88,WAS 2,MIA 2,user15,1,marvalshot,9102,4678344700_15
Josh Giddey (38239598),Colby Jones (38239966),LeBron James (38239587),Bam Adebayo (38239623),Tristan Vukcevic (38239923),Luguentz Dort (38239822),Sandro Mamukelashvili (38239955),Alexandre Sarr (38239686),275.494453125,370.4513301279089,50000,99.67%,61,92.32%,0,205.7,$3.69,WAS 3,CHI 1,user,1,marvalshot,4952,4678344701
Tyler Herro (38239631),Colby Jones (38239966),LeBron James (38239587),Bam Adebayo (38239623),Tristan Vukcevic (38239923),Kevin Huerter (38239725),Sandro Mamukelashvili (38239955),Jared Butler (38239721),277.7899609375,373.00941351276356,49700,99.99%,692,147.22%,0,201.99,$5.89,MIA 2,WAS 2,user20,1,marvalshot,9205,4678344702_20
Shai Gilgeous-Alexander (38239580),Pelle Larsson (38240216),Coby White (38239640),Patrick Williams (38239940),Tristan Vukcevic (38239923),Tyler Herro (38239631),Sandro Mamukelashvili (38239955),Bam Adebayo (38239623),276.8496875,374.5539659146728,50000,99.92%,346,119.02%,0,173.2,$4.76,MIA 3,CHI 2,user47,1,marvalshot,9281,4678344703_47
Josh Giddey (38239598),Colby Jones (38239966),LeBron James (38239587),Bam Adebayo (38239623),Tristan Vukcevic (38239923),Coby White (38239640),Kyle Anderson (38240065),Kenrich Williams (38239995),277.9399609375,371.4494135127636,49700,100.00%,843,155.12%,0,240.26999999999998,$6.2,CHI 2,WAS 2,user28,1,marvalshot,8911,4678344695_28
Tyler Herro (38239631),Kevin Huerter (38239725),Jaylen Martin (38240062),Bam Adebayo (38239623),Tristan Vukcevic (38239923),Shai Gilgeous-Alexander (38239580),Kenrich Williams (38239995),Kel'el Ware (38239743),279.165,375.67557649742866,49700,100.00%,2427,199.58%,0,218.27,$7.98,MIA 3,WAS 2,user46,1,marvalshot,8977,4678344696_46
Jared Butler (38239721),Colby Jones (38239966),Jaylen Martin (38240062),Justin Champagnie (38239809),Tristan Vukcevic (38239923),Shai Gilgeous-Alexander (38239580),LeBron James (38239587),Nikola Vucevic (38239665),280.2540625,379.64993209159167,49700,100.00%,5936,289.42%,0,213.32999999999998,$11.58,WAS 4,PHI 1,user12,1,marvalshot,8992,4678344697_12
Shai Gilgeous-Alexander (38239580),Alec Burks (38240017),Justin Champagnie (38239809),LeBron James (38239587),Tristan Vukcevic (38239923),Coby White (38239640),Keldon Johnson (38239818),Chris Paul (38239879),274.2484765625,371.13287391074505,50000,98.24%,17,72.08%,0,156.28,$2.88,WAS 2,SAS 2,user49,1,marvalshot,9078,4678344698_49
Josh Giddey (38239598),Carlton Carrington (38239793),Jaylen Martin (38240062),LeBron James (38239587),Tristan Vukcevic (38239923),Tyler Herro (38239631),Kenrich Williams (38239995),Isaiah Hartenstein (38239684),282.14750000000004,376.0029132390975,49800,100.00%,18592,581.69%,0,239.79000000000002,$23.27,WAS 3,OKC 2,user4,1,marvalshot,9082,4678344699_4
Tyler Herro (38239631),Tyrese Martin (38239908),Jaylen Martin (38240062),Santi Aldama (38239711),Tristan Vukcevic (38239923),Shai Gilgeous-Alexander (38239580),LeBron James (38239587),Sandro Mamukelashvili (38239955),276.758515625,378.3278055476135,50000,99.87%,286,117.15%,0,191.81,$4.69,WAS 2,MIA 1,user17,1,marvalshot,9104,4678344700_17
Chris Paul (38239879),Colby Jones (38239966),Kevin Huerter (38239725),Bam Adebayo (38239623),Tristan Vukcevic (38239923),Josh Giddey (38239598),Pascal Siakam (38239649),Alexandre Sarr (38239686),274.804453125,363.8713301279089,49900,99.14%,37,81.07%,0,195.54000000000002,$3.24,WAS 3,CHI 2,user45,1,marvalshot,9181,4678344701_45
Shai Gilgeous-Alexander (38239580),Colby Jones (38239966),Kevin Huerter (38239725),Kenrich Williams (38239995),Tristan Vukcevic (38239923),Josh Giddey (38239598),LeBron James (38239587),Pelle Larsson (38240216),277.7999609375,370.24941351276357,49800,100.00%,521,144.89%,0,254.92000000000002,$5.8,OKC 2,WAS 2,user16,1,marvalshot,9201,4678344702_16
Chris Paul (38239879),Isaiah Joe (38239952),Kevin Huerter (38239725),Kyle Anderson (38240065),Tristan Vukcevic (38239923),Tyler Herro (38239631),LeBron James (38239587),Shai Gilgeous-Alexander (38239580),276.7996875,374.6639659146728,50000,99.93%,282,118.46%,0,195.88,$4.74,OKC 2,MIA 2,user33,1,marvalshot,9267,4678344703_33
Shai Gilgeous-Alexander (38239580),Colby Jones (38239966),Keldon Johnson (38239818),Kenrich Williams (38239995),Tristan Vukcevic (38239923),Davion Mitchell (38239876),LeBron James (38239587),Josh Giddey (38239598),277.2999609375,372.3594135127636,49900,99.98%,416,132.6%,0,242.16,$5.3,OKC 2,WAS 2,user19,1,marvalshot,8902,4678344695_19
Shai Gilgeous-Alexander (38239580),Kevin Huerter (38239725),Jaylen Martin (38240062),Kyle Anderson (38240065),Tristan Vukcevic (38239923),Davion Mitchell (38239876),Bam Adebayo (38239623),LeBron James (38239587),278.975,375.3555764974287,49600,100.00%,2265,196.12%,0,211.57999999999998,$7.84,MIA 3,WAS 2,user39,1,marvalshot,8970,4678344696_39
Tyler Herro (38239631),Colby Jones (38239966),Jaylen Martin (38240062),Justin Champagnie (38239809),Tristan Vukcevic (38239923),Stephon Castle (38239688),LeBron James (38239587),Josh Giddey (38239598),280.13406249999997,373.20993209159167,49500,100.00%,5082,272.05%,0,234.65000000000003,$10.88,WAS 4,MIA 1,user15,1,marvalshot,8995,4678344697_15
Davion Mitchell (38239876),Cason Wallace (38239919),Justin Champagnie (38239809),Jeremy Sochan (38239805),Tristan Vukcevic (38239923),Shai Gilgeous-Alexander (38239580),Jalen Williams (38239627),Bam Adebayo (38239623),274.1184765625,368.17287391074507,49600,97.90%,7,69.92%,0,154.04000000000002,$2.8,OKC 3,MIA 2,user13,1,marvalshot,9042,4678344698_13
Shai Gilgeous-Alexander (38239580),Carlton Carrington (38239793),Jaylen Martin (38240062),Kenrich Williams (38239995),Tristan Vukcevic (38239923),Tyler Herro (38239631),Bam Adebayo (38239623),Myles Turner (38239692),282.40749999999997,378.29291323909746,49600,100.00%,20450,580.38%,0,224.53,$23.22,WAS 3,OKC 2,user6,1,marvalshot,9084,4678344699_6
Alec Burks (38240017),Tyrese Martin (38239908),Jaylen Martin (38240062),Bam Adebayo (38239623),Tristan Vukcevic (38239923),Tyler Herro (38239631),Pascal Siakam (38239649),Shai Gilgeous-Alexander (38239580),276.618515625,374.47780554761346,50000,99.86%,237,113.52%,0,185.62,$4.54,MIA 3,WAS 2,user5,1,marvalshot,9092,4678344700_5
Shai Gilgeous-Alexander (38239580),Colby Jones (38239966),Kevin Huerter (38239725),LeBron James (38239587),Tristan Vukcevic (38239923),Chris Paul (38239879),Keldon Johnson (38239818),Alexandre Sarr (38239686),274.444453125,371.0113301279089,49800,99.04%,7,74.04%,0,202.67000000000002,$2.96,WAS 3,SAS 2,user30,1,marvalshot,9166,4678344701_30
Jared Butler (38239721),Colby Jones (38239966),LeBron James (38239587),Bam Adebayo (38239623),Tristan Vukcevic (38239923),Tyler Herro (38239631),Pelle Larsson (38240216),Myles Turner (38239692),277.7399609375,371.74941351276357,49800,99.98%,683,143.39%,0,209.93,$5.74,MIA 3,WAS 2,user42,1,marvalshot,9227,4678344702_42
Shai Gilgeous-Alexander (38239580),Coby White (38239640),Julian Champagnie (38239978),Sandro Mamukelashvili (38239955),Tristan Vukcevic (38239923),Tyler Herro (38239631),Bam Adebayo (38239623),Kenrich Williams (38239995),276.5496875,375.69396591467284,50000,99.88%,178,111.79%,0,184.57999999999998,$4.47,OKC 2,SAS 2,user29,1,marvalshot,9263,4678344703_29
Davion Mitchell (38239876),Colby Jones (38239966),LeBron James (38239587),Bam Adebayo (38239623),Tristan Vukcevic (38239923),Josh Giddey (38239598),Kevin Huerter (38239725),Keldon Johnson (38239818),277.1699609375,365.53941351276353,50000,99.97%,382,129.63%,0,215.08,$5.19,MIA 2,WAS 2,user47,1,marvalshot,8930,4678344695_47
Josh Giddey (38239598),Pelle Larsson (38240216),Jaylen Martin (38240062),Bam Adebayo (38239623),Tristan Vukcevic (38239923),Tyler Herro (38239631),Kenrich Williams (38239995),LeBron James (38239587),279.01500000000004,373.22557649742873,49400,100.00%,1758,190.85%,0,254.48,$7.63,MIA 3,WAS 2,user42,1,marvalshot,8973,4678344696_42
Josh Giddey (38239598),Colby Jones (38239966),Jaylen Martin (38240062),Justin Champagnie (38239809),Tristan Vukcevic (38239923),Tyler Herro (38239631),Jaren Jackson Jr. (38239645),Bam Adebayo (38239623),280.05406250000004,372.05993209159175,49300,100.00%,4735,258.97%,0,227.26,$10.36,WAS 4,MIA 2,user18,1,marvalshot,8998,4678344697_18
Shai Gilgeous-Alexander (38239580),Coby White (38239640),Justin Champagnie (38239809),Jayson Tatum (38239583),Tristan Vukcevic (38239923),Pelle Larsson (38240216),Kyle Anderson (38240065),Jared Butler (38239721),273.79847656249996,369.722873910745,50000,97.22%,12,66.01%,0,147.64,$2.64,WAS 2,MIA 2,user16,1,marvalshot,9045,4678344698_16
Tyler Herro (38239631),Carlton Carrington (38239793),Jaylen Martin (38240062),Bam Adebayo (38239623),Tristan Vukcevic (38239923),Shai Gilgeous-Alexander (38239580),Patrick Williams (38239940),Myles Turner (38239692),282.0675,377.4029132390975,50000,100.00%,18240,462.86%,0,199.51,$18.51,WAS 3,MIA 2,user10,41,marvalshot,9086,4678344699_10
Shai Gilgeous-Alexander (38239580),Tyrese Martin (38239908),Jaylen Martin (38240062),Bam Adebayo (38239623),Tristan Vukcevic (38239923),Alec Burks (38240017),Kevin Huerter (38239725),LeBron James (38239587),276.088515625,371.9478055476135,49600,99.82%,109,101.52%,0,196.66000000000003,$4.06,WAS 2,MIA 2,user19,1,marvalshot,9106,4678344700_19
Josh Giddey (38239598),Colby Jones (38239966),LeBron James (38239587),Patrick Williams (38239940),Tristan Vukcevic (38239923),Alex Caruso (38239914),Bam Adebayo (38239623),Alexandre Sarr (38239686),274.324453125,367.98133012790885,49600,98.90%,15,72.95%,0,215.32,$2.92,WAS 3,CHI 2,user34,1,marvalshot,9170,4678344701_34
Tyler Herro (38239631),Colby Jones (38239966),Keldon Johnson (38239818),Kenrich Williams (38239995),Tristan Vukcevic (38239923),Josh Giddey (38239598),LeBron James (38239587),Isaiah Hartenstein (38239684),277.5699609375,373.4694135127636,49900,99.99%,610,141.88%,0,238.72000000000003,$5.68,WAS 2,OKC 2,user30,1,marvalshot,9215,4678344702_30
Shai Gilgeous-Alexander (38239580),Pelle Larsson (38240216),LeBron James (38239587),Bam Adebayo (38239623),Tristan Vukcevic (38239923),Jared Butler (38239721),Keldon Johnson (38239818),Kyle Anderson (38240065),276.3796875,378.3439659146728,50000,99.88%,156,108.31%,0,188.3,$4.33,MIA 3,OKC 1,user45,1,marvalshot,9279,4678344703_45
Josh Giddey (38239598),Colby Jones (38239966),Coby White (38239640),Kenrich Williams (38239995),Tristan Vukcevic (38239923),Tyler Herro (38239631),Kyle Anderson (38240065),LeBron James (38239587),277.1999609375,369.4594135127636,49600,99.97%,322,128.67%,0,245.98999999999998,$5.15,CHI 2,WAS 2,user23,1,marvalshot,8906,4678344695_23
Josh Giddey (38239598),Cason Wallace (38239919),Jaylen Martin (38240062),Bam Adebayo (38239623),Tristan Vukcevic (38239923),Pelle Larsson (38240216),LeBron James (38239587),Tyler Herro (38239631),278.78499999999997,371.69557649742865,50000,99.99%,1932,186.41%,0,230.92,$7.46,MIA 3,WAS 2,user37,1,marvalshot,8968,4678344696_37
Shai Gilgeous-Alexander (38239580),Colby Jones (38239966),Jaylen Martin (38240062),Justin Champagnie (38239809),Tristan Vukcevic (38239923),Josh Giddey (38239598),Patrick Williams (38239940),LeBron James (38239587),280.05406250000004,375.85993209159176,49200,100.00%,4550,256.2%,0,240.06,$10.25,WAS 4,CHI 2,user8,1,marvalshot,8988,4678344697_8
Davion Mitchell (38239876),Stephon Castle (38239688),Justin Champagnie (38239809),Pascal Siakam (38239649),Tristan Vukcevic (38239923),Tyler Herro (38239631),Patrick Williams (38239940),Josh Giddey (38239598),273.80847656249995,360.062873910745,49000,97.18%,10,65.96%,0,163.87,$2.64,MIA 2,WAS 2,user26,1,marvalshot,9055,4678344698_26
Tyler Herro (38239631),Carlton Carrington (38239793),Jaylen Martin (38240062),Bam Adebayo (38239623),Tristan Vukcevic (38239923),Shai Gilgeous-Alexander (38239580),Patrick Williams (38239940),Myles Turner (38239692),282.0675,377.4029132390975,50000,100.00%,18240,462.86%,0,199.51,$18.51,WAS 3,MIA 2,user11,41,marvalshot,9086,4678344699_11
Shai Gilgeous-Alexander (38239580),Tyrese Martin (38239908),Jaylen Martin (38240062),Keldon Johnson (38239818),Tristan Vukcevic (38239923),Tyler Herro (38239631),LeBron James (38239587),Adem Bona (38239840),275.898515625,375.0478055476135,49600,99.70%,107,98.8%,0,200.69,$3.95,WAS 2,OKC 1,user14,1,marvalshot,9101,4678344700_14
Tyler Herro (38239631),Colby Jones (38239966),Coby White (38239640),Bam Adebayo (38239623),Tristan Vukcevic (38239923),Davion Mitchell (38239876),Santi Aldama (38239711),Alexandre Sarr (38239686),274.284453125,362.7613301279089,49300,98.70%,10,72.14%,0,190.35000000000002,$2.89,MIA 3,WAS 3,user35,1,marvalshot,9171,4678344701_35
Tyler Herro (38239631),Colby Jones (38239966),Julian Champagnie (38239978),Kenrich Williams (38239995),Tristan Vukcevic (38239923),Coby White (38239640),Bam Adebayo (38239623),Shai Gilgeous-Alexander (38239580),277.5299609375,373.2394135127636,49900,99.99%,448,135.7%,0,221.48000000000002,$5.43,MIA 2,WAS 2,user18,1,marvalshot,9203,4678344702_18
Jared Butler (38239721),Isaiah Joe (38239952),LeBron James (38239587),Kenrich Williams (38239995),Tristan Vukcevic (38239923),Shai Gilgeous-Alexander (38239580),Sandro Mamukelashvili (38239955),Tyler Herro (38239631),276.0796875,378.1239659146728,49700,99.86%,68,100.94%,0,200.57,$4.04,OKC 3,PHI 1,user32,1,marvalshot,9266,4678344703_32
Josh Giddey (38239598),Colby Jones (38239966),LeBron James (38239587),Kenrich Williams (38239995),Tristan Vukcevic (38239923),Pelle Larsson (38240216),Bam Adebayo (38239623),Jalen Williams (38239627),276.8599609375,371.00941351276356,50000,99.97%,232,120.4%,0,241.33,$4.82,WAS 2,OKC 2,user22,1,marvalshot,8905,4678344695_22
Tyler Herro (38239631),Pelle Larsson (38240216),Jaylen Martin (38240062),Bam Adebayo (38239623),Tristan Vukcevic (38239923),Shai Gilgeous-Alexander (38239580),Coby White (38239640),Davion Mitchell (38239876),278.625,372.00557649742865,50000,100.00%,1599,174.92%,0,200.44,$7.0,MIA 4,WAS 2,user40,1,marvalshot,8971,4678344696_40
Josh Giddey (38239598),Colby Jones (38239966),Jaylen Martin (38240062),Justin Champagnie (38239809),Tristan Vukcevic (38239923),Jared Butler (38239721),LeBron James (38239587),Bam Adebayo (38239623),279.7240625,373.0699320915917,49000,100.00%,3479,237.37%,0,230.04000000000002,$9.49,WAS 4,CHI 1,user49,1,marvalshot,9029,4678344697_49
Shai Gilgeous-Alexander (38239580),Jaime Jaquez Jr. (38240031),Justin Champagnie (38239809),Bam Adebayo (38239623),Tristan Vukcevic (38239923),Coby White (38239640),Kenrich Williams (38239995),Devin Vassell (38239679),273.8184765625,367.5828739107451,49700,97.57%,2,65.46%,0,165.46,$2.62,OKC 2,MIA 2,user32,1,marvalshot,9061,4678344698_32
Tyler Herro (38239631),Carlton Carrington (38239793),Jaylen Martin (38240062),Bam Adebayo (38239623),Tristan Vukcevic (38239923),Shai Gilgeous-Alexander (38239580),Patrick Williams (38239940),Myles Turner (38239692),282.0675,377.4029132390975,50000,100.00%,18240,462.86%,0,199.51,$18.51,WAS 3,MIA 2,user12,41,marvalshot,9086,4678344699_12
Shai Gilgeous-Alexander (38239580),Tyrese Martin (38239908),Jaylen Martin (38240062),Bam Adebayo (38239623),Tristan Vukcevic (38239923),Josh Giddey (38239598),Sandro Mamukelashvili (38239955),Stephon Castle (38239688),275.328515625,374.7478055476135,49800,99.33%,79,89.08%,0,181.86,$3.56,WAS 2,SAS 2,user13,1,marvalshot,9100,4678344700_13
Tyler Herro (38239631),Colby Jones (38239966),Keldon Johnson (38239818),Bam Adebayo (38239623),Tristan Vukcevic (38239923),Jared Butler (38239721),Coby White (38239640),Alexandre Sarr (38239686),274.23445312499996,366.5813301279088,49600,98.49%,8,71.81%,0,183.13,$2.87,WAS 3,MIA 2,user49,1,marvalshot,9185,4678344701_49
Tyler Herro (38239631),Colby Jones (38239966),Pelle Larsson (38240216),Pascal Siakam (38239649),Tristan Vukcevic (38239923),Davion Mitchell (38239876),LeBron James (38239587),Bam Adebayo (38239623),277.3299609375,369.2094135127636,49500,99.97%,337,130.23%,0,217.85,$5.21,MIA 4,WAS 2,user40,1,marvalshot,9225,4678344702_40
Tyler Herro (38239631),Alec Burks (38240017),LeBron James (38239587),Bam Adebayo (38239623),Tristan Vukcevic (38239923),Josh Giddey (38239598),Pelle Larsson (38240216),Sandro Mamukelashvili (38239955),276.0396875,372.6639659146728,49800,99.88%,97,100.63%,0,199.51999999999998,$4.03,MIA 4,LAL 1,user13,1,marvalshot,9247,4678344703_13
Tyler Herro (38239631),Colby Jones (38239966),Jalen Williams (38239627),Bam Adebayo (38239623),Tristan Vukcevic (38239923),Isaiah Joe (38239952),Kenrich Williams (38239995),LeBron James (38239587),276.65996093750005,373.28941351276364,49700,99.95%,114,112.88%,0,231.84,$4.52,OKC 3,MIA 2,user36,1,marvalshot,8919,4678344695_36
Tyler Herro (38239631),Jared Butler (38239721),Jaylen Martin (38240062),Bam Adebayo (38239623),Tristan Vukcevic (38239923),Shai Gilgeous-Alexander (38239580),Kenrich Williams (38239995),Kel'el Ware (38239743),278.625,378.81557649742865,49800,100.00%,1490,174.22%,0,210.31,$6.97,MIA 3,WAS 2,user2,1,marvalshot,8934,4678344696_2
Luka Doncic (38239577),Colby Jones (38239966),Jaylen Martin (38240062),Justin Champagnie (38239809),Tristan Vukcevic (38239923),Shai Gilgeous-Alexander (38239580),Kyle Anderson (38240065),Bam Adebayo (38239623),279.3240625,380.2799320915917,49600,100.00%,2726,212.37%,0,215.09,$8.49,WAS 4,MIA 2,user30,1,marvalshot,9010,4678344697_30
Josh Giddey (38239598),Jared Butler (38239721),Justin Champagnie (38239809),Kyle Anderson (38240065),Tristan Vukcevic (38239923),Tyrese Haliburton (38239612),Bam Adebayo (38239623),Andrew Nembhard (38239749),273.5784765625,362.9128739107451,50000,96.86%,4,62.76%,0,153.81,$2.51,WAS 2,MIA 2,user43,1,marvalshot,9072,4678344698_43
Tyler Herro (38239631),Carlton Carrington (38239793),Jaylen Martin (38240062),Bam Adebayo (38239623),Tristan Vukcevic (38239923),Shai Gilgeous-Alexander (38239580),Patrick Williams (38239940),Myles Turner (38239692),282.0675,377.4029132390975,50000,100.00%,18240,462.86%,0,199.51,$18.51,WAS 3,MIA 2,user13,41,marvalshot,9086,4678344699_13
Tyler Herro (38239631),Tyrese Martin (38239908),Jaylen Martin (38240062),Pascal Siakam (38239649),Tristan Vukcevic (38239923),Jared Butler (38239721),Coby White (38239640),Bam Adebayo (38239623),274.458515625,365.4278055476135,50000,98.31%,28,75.53%,0,161.11,$3.02,MIA 2,WAS 2,user18,1,marvalshot,9105,4678344700_18
Tyler Herro (38239631),Colby Jones (38239966),Pelle Larsson (38240216),Kyle Anderson (38240065),Tristan Vukcevic (38239923),Shai Gilgeous-Alexander (38239580),Jayson Tatum (38239583),Alexandre Sarr (38239686),273.884453125,373.2413301279089,49500,98.36%,2,66.56%,0,210.57,$2.66,MIA 3,WAS 3,user24,1,marvalshot,9160,4678344701_24
Shai Gilgeous-Alexander (38239580),Colby Jones (38239966),Kevin Huerter (38239725),Bam Adebayo (38239623),Tristan Vukcevic (38239923),Davion Mitchell (38239876),Lonnie Walker IV (38239857),Tyler Herro (38239631),277.2699609375,369.06941351276356,49700,99.97%,337,127.88%,0,204.98000000000002,$5.12,MIA 3,WAS 2,user11,1,marvalshot,9196,4678344702_11
Tyler Herro (38239631),Cason Wallace (38239919),Kevin Huerter (38239725),Bam Adebayo (38239623),Tristan Vukcevic (38239923),Josh Giddey (38239598),Sandro Mamukelashvili (38239955),Myles Turner (38239692),275.70968750000003,365.02396591467283,50000,99.49%,148,96.39%,0,172.63,$3.86,MIA 2,CHI 2,user24,1,marvalshot,9258,4678344703_24
Tyler Herro (38239631),Colby Jones (38239966),LeBron James (38239587),Sandro Mamukelashvili (38239955),Tristan Vukcevic (38239923),Josh Giddey (38239598),Kyle Anderson (38240065),Kristaps Porzingis (38239634),276.3199609375,374.4094135127636,50000,99.88%,202,109.12%,0,210.51000000000002,$4.36,MIA 2,WAS 2,user32,1,marvalshot,8915,4678344695_32
Josh Giddey (38239598),Isaiah Joe (38239952),Jaylen Martin (38240062),LeBron James (38239587),Tristan Vukcevic (38239923),Tyler Herro (38239631),Kyle Anderson (38240065),Bam Adebayo (38239623),278.455,375.3655764974286,49700,100.00%,1391,170.72%,0,228.36,$6.83,MIA 3,WAS 2,user31,1,marvalshot,8963,4678344696_31
Shai Gilgeous-Alexander (38239580),Colby Jones (38239966),Jaylen Martin (38240062),Justin Champagnie (38239809),Tristan Vukcevic (38239923),Tyler Herro (38239631),Sandro Mamukelashvili (38239955),Luka Doncic (38239577),279.2640625,380.62993209159174,50000,100.00%,2774,211.62%,0,205.86,$8.46,WAS 4,OKC 1,user39,1,marvalshot,9019,4678344697_39
Tyler Herro (38239631),Aaron Nesmith (38239830),Justin Champagnie (38239809),Kyle Anderson (38240065),Tristan Vukcevic (38239923),Luka Doncic (38239577),Lonnie Walker IV (38239857),Bam Adebayo (38239623),273.0084765625,367.7228739107451,49700,94.91%,1,54.2%,0,159.03,$2.17,MIA 3,WAS 2,user47,1,marvalshot,9076,4678344698_47
Tyler Herro (38239631),Carlton Carrington (38239793),Jaylen Martin (38240062),Bam Adebayo (38239623),Tristan Vukcevic (38239923),Shai Gilgeous-Alexander (38239580),Patrick Williams (38239940),Myles Turner (38239692),282.0675,377.4029132390975,50000,100.00%,18240,462.86%,0,199.51,$18.51,WAS 3,MIA 2,user14,41,marvalshot,9086,4678344699_14
Shai Gilgeous-Alexander (38239580),Tyrese Martin (38239908),Jaylen Martin (38240062),Kenrich Williams (38239995),Tristan Vukcevic (38239923),Tyler Herro (38239631),Kevin Huerter (38239725),Jayson Tatum (38239583),274.308515625,368.5578055476135,49800,98.46%,8,71.93%,0,202.41,$2.88,OKC 2,WAS 2,user39,1,marvalshot,9126,4678344700_39
Josh Giddey (38239598),Colby Jones (38239966),Julian Champagnie (38239978),Bam Adebayo (38239623),Tristan Vukcevic (38239923),Aaron Nesmith (38239830),LeBron James (38239587),Alexandre Sarr (38239686),273.73445312499996,366.23133012790885,49800,98.11%,3,64.74%,0,213.45,$2.59,WAS 3,CHI 1,user9,1,marvalshot,9145,4678344701_9
Tyler Herro (38239631),Colby Jones (38239966),LeBron James (38239587),Kyle Anderson (38240065),Tristan Vukcevic (38239923),Shai Gilgeous-Alexander (38239580),Sandro Mamukelashvili (38239955),Stephon Castle (38239688),277.0199609375,381.2994135127636,49900,99.94%,296,122.99%,0,209.35,$4.92,MIA 2,WAS 2,user32,1,marvalshot,9217,4678344702_32
Tyler Herro (38239631),Jared Butler (38239721),LeBron James (38239587),Keldon Johnson (38239818),Tristan Vukcevic (38239923),Pelle Larsson (38240216),Kyle Anderson (38240065),Shai Gilgeous-Alexander (38239580),275.63968750000004,376.3539659146728,49900,99.73%,36,93.11%,0,194.01999999999998,$3.72,MIA 3,PHI 1,user36,1,marvalshot,9270,4678344703_36
Chris Paul (38239879),Colby Jones (38239966),Kevin Huerter (38239725),Keldon Johnson (38239818),Tristan Vukcevic (38239923),Tyler Herro (38239631),Bam Adebayo (38239623),Shai Gilgeous-Alexander (38239580),276.3899609375,372.0794135127636,49900,99.88%,112,106.62%,0,203.83,$4.26,SAS 2,WAS 2,user8,1,marvalshot,8890,4678344695_8
Tyler Herro (38239631),Julian Champagnie (38239978),Jaylen Martin (38240062),Kenrich Williams (38239995),Tristan Vukcevic (38239923),Josh Giddey (38239598),Bam Adebayo (38239623),LeBron James (38239587),278.375,373.4755764974287,49800,100.00%,1102,164.81%,0,240.83999999999997,$6.59,MIA 2,WAS 2,user49,1,marvalshot,8980,4678344696_49
Josh Giddey (38239598),Colby Jones (38239966),Jaylen Martin (38240062),Justin Champagnie (38239809),Tristan Vukcevic (38239923),Shai Gilgeous-Alexander (38239580),LeBron James (38239587),Sandro Mamukelashvili (38239955),279.0240625,378.4299320915917,49000,100.00%,1741,193.49%,0,231.52,$7.74,WAS 4,CHI 1,user32,1,marvalshot,9012,4678344697_32
Luka Doncic (38239577),Stephon Castle (38239688),Justin Champagnie (38239809),Kyle Anderson (38240065),Tristan Vukcevic (38239923),Tyler Herro (38239631),Matas Buzelis (38239854),Isaiah Hartenstein (38239684),272.9684765625,370.342873910745,50000,93.59%,3,53.44%,0,142.03,$2.14,WAS 2,MIA 2,user38,1,marvalshot,9067,4678344698_38
Tyler Herro (38239631),Carlton Carrington (38239793),Jaylen Martin (38240062),Bam Adebayo (38239623),Tristan Vukcevic (38239923),Shai Gilgeous-Alexander (38239580),Patrick Williams (38239940),Myles Turner (38239692),282.0675,377.4029132390975,50000,100.00%,18240,462.86%,0,199.51,$18.51,WAS 3,MIA 2,user15,41,marvalshot,9086,4678344699_15
Josh Giddey (38239598),Tyrese Martin (38239908),Jaylen Martin (38240062),Bam Adebayo (38239623),Tristan Vukcevic (38239923),Tyler Herro (38239631),Aaron Nesmith (38239830),Coby White (38239640),274.06851562500003,361.9078055476135,49900,97.91%,8,68.96%,0,188.22,$2.76,CHI 2,WAS 2,user38,1,marvalshot,9125,4678344700_38
Jared Butler (38239721),Colby Jones (38239966),Keldon Johnson (38239818),Pascal Siakam (38239649),Tristan Vukcevic (38239923),Tyler Herro (38239631),Bam Adebayo (38239623),Alexandre Sarr (38239686),273.444453125,367.84133012790886,49500,96.75%,10,60.82%,0,184.19,$2.43,WAS 3,MIA 2,user31,1,marvalshot,9167,4678344701_31
Davion Mitchell (38239876),Colby Jones (38239966),Kevin Huerter (38239725),Kenrich Williams (38239995),Tristan Vukcevic (38239923),Shai Gilgeous-Alexander (38239580),LeBron James (38239587),Pascal Siakam (38239649),276.7499609375,368.8894135127636,49900,99.92%,198,117.49%,0,223.72,$4.7,WAS 2,OKC 2,user19,1,marvalshot,9204,4678344702_19
Tyler Herro (38239631),Stephon Castle (38239688),Kevin Huerter (38239725),Bam Adebayo (38239623),Tristan Vukcevic (38239923),Alec Burks (38240017),Kenrich Williams (38239995),LeBron James (38239587),275.6196875,368.5939659146728,49900,99.78%,34,92.52%,0,200.82,$3.7,MIA 3,SAS 1,user43,1,marvalshot,9277,4678344703_43
Tyler Herro (38239631),Colby Jones (38239966),Coby White (38239640),Bam Adebayo (38239623),Tristan Vukcevic (38239923),Pelle Larsson (38240216),LeBron James (38239587),Keldon Johnson (38239818),276.30996093749997,369.6794135127635,50000,99.90%,104,105.7%,0,210.24,$4.23,MIA 3,WAS 2,user1,1,marvalshot,8882,4678344695_1
Shai Gilgeous-Alexander (38239580),Kevin Huerter (38239725),Jaylen Martin (38240062),LeBron James (38239587),Tristan Vukcevic (38239923),Chris Paul (38239879),Kenrich Williams (38239995),Bam Adebayo (38239623),278.34499999999997,376.39557649742864,49900,100.00%,1166,164.67%,0,225.05,$6.59,OKC 2,WAS 2,user26,1,marvalshot,8958,4678344696_26
Tyler Herro (38239631),Colby Jones (38239966),Jaylen Martin (38240062),Justin Champagnie (38239809),Tristan Vukcevic (38239923),Shai Gilgeous-Alexander (38239580),Kyle Anderson (38240065),Luka Doncic (38239577),278.58406249999996,378.28993209159165,49500,100.00%,1184,172.0%,0,220.81,$6.88,WAS 4,MIA 2,user28,1,marvalshot,9008,4678344697_28
Tyler Herro (38239631),Julian Champagnie (38239978),Justin Champagnie (38239809),LeBron James (38239587),Tristan Vukcevic (38239923),Isaiah Joe (38239952),Anthony Davis (38239591),Jared Butler (38239721),272.6484765625,371.532873910745,49900,93.49%,1,49.34%,0,162.96,$1.97,WAS 2,MIA 1,user34,1,marvalshot,9063,4678344698_34
Tyler Herro (38239631),Carlton Carrington (38239793),Jaylen Martin (38240062),Bam Adebayo (38239623),Tristan Vukcevic (38239923),Shai Gilgeous-Alexander (38239580),Patrick Williams (38239940),Myles Turner (38239692),282.0675,377.4029132390975,50000,100.00%,18240,462.86%,0,199.51,$18.51,WAS 3,MIA 2,user16,41,marvalshot,9086,4678344699_16
Luka Doncic (38239577),Tyrese Martin (38239908),Jaylen Martin (38240062),LeBron James (38239587),Tristan Vukcevic (38239923),Pelle Larsson (38240216),Kyle Anderson (38240065),Shai Gilgeous-Alexander (38239580),273.868515625,374.50780554761343,50000,97.81%,3,66.23%,0,198.20999999999998,$2.65,LAL 2,WAS 2,user45,1,marvalshot,9132,4678344700_45
Tyler Herro (38239631),Colby Jones (38239966),Jayson Tatum (38239583),Kyle Anderson (38240065),Tristan Vukcevic (38239923),Shai Gilgeous-Alexander (38239580),Julian Champagnie (38239978),Alexandre Sarr (38239686),273.244453125,373.4913301279089,49900,96.14%,4,57.8%,0,196.93,$2.31,WAS 3,MIA 2,user29,1,marvalshot,9165,4678344701_29
Davion Mitchell (38239876),Colby Jones (38239966),Coby White (38239640),Bam Adebayo (38239623),Tristan Vukcevic (38239923),Kevin Huerter (38239725),LeBron James (38239587),Kel'el Ware (38239743),276.36996093749997,364.2394135127636,50000,99.86%,218,110.45%,0,186.69,$4.42,MIA 3,WAS 2,user21,1,marvalshot,9206,4678344702_21
Josh Giddey (38239598),Cason Wallace (38239919),Jalen Williams (38239627),Bam Adebayo (38239623),Tristan Vukcevic (38239923),Davion Mitchell (38239876),Kyle Anderson (38240065),Tyler Herro (38239631),275.45968750000003,366.20396591467284,49800,99.60%,51,91.23%,0,186.57999999999998,$3.65,MIA 4,OKC 2,user40,1,marvalshot,9274,4678344703_40
Tyler Herro (38239631),Colby Jones (38239966),LeBron James (38239587),Guerschon Yabusele (38239753),Tristan Vukcevic (38239923),Davion Mitchell (38239876),Kenrich Williams (38239995),Shai Gilgeous-Alexander (38239580),276.2699609375,371.30941351276357,49900,99.89%,57,104.14%,0,234.64,$4.17,MIA 2,WAS 2,user48,1,marvalshot,8931,4678344695_48
Shai Gilgeous-Alexander (38239580),Coby White (38239640),Jaylen Martin (38240062),Kenrich Williams (38239995),Tristan Vukcevic (38239923),Tyler Herro (38239631),Bam Adebayo (38239623),Patrick Williams (38239940),278.465,374.75557649742865,49900,100.00%,1342,164.34%,0,215.53,$6.57,OKC 2,CHI 2,user25,1,marvalshot,8957,4678344696_25
Tyler Herro (38239631),Colby Jones (38239966),Jaylen Martin (38240062),Justin Champagnie (38239809),Tristan Vukcevic (38239923),Josh Giddey (38239598),Jayson Tatum (38239583),Isaiah Hartenstein (38239684),278.08406249999996,372.45993209159167,49900,99.99%,1121,159.65%,0,208.93,$6.39,WAS 4,MIA 1,user22,1,marvalshot,9002,4678344697_22
Jared Butler (38239721),Aaron Nesmith (38239830),Justin Champagnie (38239809),Julian Phillips (38240180),Tristan Vukcevic (38239923),Tyler Herro (38239631),Bam Adebayo (38239623),Shai Gilgeous-Alexander (38239580),272.4384765625,366.27287391074503,50000,92.63%,1,45.69%,0,165.97,$1.83,WAS 2,MIA 2,user41,1,marvalshot,9070,4678344698_41
Tyler Herro (38239631),Carlton Carrington (38239793),Jaylen Martin (38240062),Bam Adebayo (38239623),Tristan Vukcevic (38239923),Shai Gilgeous-Alexander (38239580),Patrick Williams (38239940),Myles Turner (38239692),282.0675,377.4029132390975,50000,100.00%,18240,462.86%,0,199.51,$18.51,WAS 3,MIA 2,user17,41,marvalshot,9086,4678344699_17
Jared Butler (38239721),Tyrese Martin (38239908),Jaylen Martin (38240062),LeBron James (38239587),Tristan Vukcevic (38239923),Davion Mitchell (38239876),Jayson Tatum (38239583),Tyler Herro (38239631),273.718515625,366.6578055476135,50000,96.89%,5,64.19%,0,176.12,$2.57,WAS 2,MIA 2,user7,1,marvalshot,9094,4678344700_7
Tyler Herro (38239631),Colby Jones (38239966),Lonnie Walker IV (38239857),LeBron James (38239587),Tristan Vukcevic (38239923),Alex Caruso (38239914),Bam Adebayo (38239623),Alexandre Sarr (38239686),272.90445312500003,369.0913301279089,49400,95.47%,0,53.01%,0,205.36,$2.12,WAS 3,MIA 2,user25,1,marvalshot,9161,4678344701_25
Davion Mitchell (38239876),Colby Jones (38239966),Keldon Johnson (38239818),LeBron James (38239587),Tristan Vukcevic (38239923),Josh Giddey (38239598),Kevin Huerter (38239725),Tyler Herro (38239631),276.4299609375,363.54941351276364,49900,99.91%,157,109.8%,0,220.8,$4.39,MIA 2,WAS 2,user37,1,marvalshot,9222,4678344702_37
Tyler Herro (38239631),Jared Butler (38239721),Pelle Larsson (38240216),Kenrich Williams (38239995),Tristan Vukcevic (38239923),Josh Giddey (38239598),Bam Adebayo (38239623),Isaiah Hartenstein (38239684),275.4296875,368.5939659146728,49100,99.66%,45,90.1%,0,207.57,$3.6,MIA 3,OKC 2,user14,1,marvalshot,9248,4678344703_14
Josh Giddey (38239598),Colby Jones (38239966),Jaylen Wells (38239987),LeBron James (38239587),Tristan Vukcevic (38239923),Tyler Herro (38239631),Pelle Larsson (38240216),Bam Adebayo (38239623),276.2599609375,367.8694135127636,49800,99.89%,70,103.24%,0,234.19,$4.13,MIA 3,WAS 2,user15,1,marvalshot,8898,4678344695_15
Davion Mitchell (38239876),Kevin Huerter (38239725),Jaylen Martin (38240062),Kyle Anderson (38240065),Tristan Vukcevic (38239923),Shai Gilgeous-Alexander (38239580),LeBron James (38239587),Tyler Herro (38239631),278.235,373.36557649742866,49500,99.99%,980,159.59%,0,217.29999999999998,$6.38,MIA 3,WAS 2,user32,2,marvalshot,7755,4678344696_32
Tyler Herro (38239631),Colby Jones (38239966),Jaylen Martin (38240062),Justin Champagnie (38239809),Tristan Vukcevic (38239923),Shai Gilgeous-Alexander (38239580),Jeremy Sochan (38239805),LeBron James (38239587),278.2140625,377.0499320915917,49300,100.00%,527,152.29%,0,230.04000000000002,$6.09,WAS 4,MIA 1,user21,1,marvalshot,9001,4678344697_21
Stephon Castle (38239688),Jaime Jaquez Jr. (38240031),Justin Champagnie (38239809),Bam Adebayo (38239623),Tristan Vukcevic (38239923),Tyrese Haliburton (38239612),Pelle Larsson (38240216),Shai Gilgeous-Alexander (38239580),272.3284765625,369.07287391074505,49800,91.60%,0,44.2%,0,149.10000000000002,$1.77,MIA 3,WAS 2,user9,1,marvalshot,9038,4678344698_9
Tyler Herro (38239631),Carlton Carrington (38239793),Jaylen Martin (38240062),Bam Adebayo (38239623),Tristan Vukcevic (38239923),Shai Gilgeous-Alexander (38239580),Patrick Williams (38239940),Myles Turner (38239692),282.0675,377.4029132390975,50000,100.00%,18240,462.86%,0,199.51,$18.51,WAS 3,MIA 2,user18,41,marvalshot,9086,4678344699_18
Tyrese Haliburton (38239612),Tyrese Martin (38239908),Jaylen Martin (38240062),Kenrich Williams (38239995),Tristan Vukcevic (38239923),Coby White (38239640),LeBron James (38239587),Bam Adebayo (38239623),273.568515625,365.62780554761343,50000,96.86%,6,62.25%,0,190.89,$2.49,WAS 2,IND 1,user10,1,marvalshot,9097,4678344700_10
Shai Gilgeous-Alexander (38239580),Colby Jones (38239966),LeBron James (38239587),Kenrich Williams (38239995),Tristan Vukcevic (38239923),Blake Wesley (38240054),Jaylen Brown (38239618),Alexandre Sarr (38239686),272.47445312499997,371.3913301279088,50000,94.24%,0,47.92%,0,227.97,$1.92,WAS 3,OKC 2,user13,1,marvalshot,9149,4678344701_13
Josh Giddey (38239598),Colby Jones (38239966),Pelle Larsson (38240216),Sandro Mamukelashvili (38239955),Tristan Vukcevic (38239923),Kevin Huerter (38239725),LeBron James (38239587),Shai Gilgeous-Alexander (38239580),276.4299609375,371.92941351276363,50000,99.94%,167,109.6%,0,221.36,$4.38,CHI 2,WAS 2,user2,1,marvalshot,9187,4678344702_2
Blake Wesley (38240054),Stephon Castle (38239688),LeBron James (38239587),Kenrich Williams (38239995),Tristan Vukcevic (38239923),Tyler Herro (38239631),Patrick Williams (38239940),Shai Gilgeous-Alexander (38239580),275.4296875,374.9239659146728,50000,99.69%,23,89.43%,0,213.64999999999998,$3.58,SAS 2,OKC 2,user12,1,marvalshot,9246,4678344703_12
Cason Wallace (38239919),Colby Jones (38239966),LeBron James (38239587),Santi Aldama (38239711),Tristan Vukcevic (38239923),Shai Gilgeous-Alexander (38239580),Kyle Anderson (38240065),Bam Adebayo (38239623),275.98996093750003,375.8594135127636,49900,99.80%,73,99.77%,0,215.41000000000003,$3.99,OKC 2,WAS 2,user14,1,marvalshot,8896,4678344695_14
Josh Giddey (38239598),Jared Butler (38239721),Jaylen Martin (38240062),LeBron James (38239587),Tristan Vukcevic (38239923),Kevin Huerter (38239725),Kenrich Williams (38239995),Bam Adebayo (38239623),277.765,369.2255764974286,50000,99.99%,703,145.94%,0,225.31,$5.84,CHI 2,WAS 2,user24,1,marvalshot,8956,4678344696_24
Tyler Herro (38239631),Colby Jones (38239966),Jaylen Martin (38240062),Justin Champagnie (38239809),Tristan Vukcevic (38239923),Coby White (38239640),Anthony Davis (38239591),Bam Adebayo (38239623),277.9740625,374.9899320915917,50000,99.98%,687,149.41%,0,204.01000000000002,$5.98,WAS 4,MIA 2,user19,1,marvalshot,8999,4678344697_19
Tyler Herro (38239631),Coby White (38239640),Justin Champagnie (38239809),Sandro Mamukelashvili (38239955),Tristan Vukcevic (38239923),Scotty Pippen Jr. (38239706),Bam Adebayo (38239623),Stephon Castle (38239688),271.9384765625,366.36287391074507,50000,88.18%,0,37.1%,0,133.82999999999998,$1.48,MIA 2,WAS 2,user40,1,marvalshot,9069,4678344698_40
Tyler Herro (38239631),Carlton Carrington (38239793),Jaylen Martin (38240062),Bam Adebayo (38239623),Tristan Vukcevic (38239923),Shai Gilgeous-Alexander (38239580),Patrick Williams (38239940),Myles Turner (38239692),282.0675,377.4029132390975,50000,100.00%,18240,462.86%,0,199.51,$18.51,WAS 3,MIA 2,user19,41,marvalshot,9086,4678344699_19
Tyler Herro (38239631),Tyrese Martin (38239908),Jaylen Martin (38240062),Santi Aldama (38239711),Tristan Vukcevic (38239923),Josh Giddey (38239598),Bam Adebayo (38239623),Stephon Castle (38239688),273.528515625,365.3078055476135,49800,96.50%,3,61.29%,0,186.77,$2.45,MIA 2,WAS 2,user36,1,marvalshot,9123,4678344700_36
Shai Gilgeous-Alexander (38239580),Colby Jones (38239966),Coby White (38239640),LeBron James (38239587),Tristan Vukcevic (38239923),Isaiah Joe (38239952),Jaime Jaquez Jr. (38240031),Alexandre Sarr (38239686),272.454453125,370.09133012790886,49900,93.03%,0,46.83%,0,192.92000000000002,$1.87,WAS 3,OKC 2,user18,1,marvalshot,9154,4678344701_18
Shai Gilgeous-Alexander (38239580),Colby Jones (38239966),Haywood Highsmith (38239983),Bam Adebayo (38239623),Tristan Vukcevic (38239923),Jared Butler (38239721),Kenrich Williams (38239995),LeBron James (38239587),276.4599609375,374.6494135127636,49500,99.93%,84,108.74%,0,228.10000000000002,$4.35,OKC 2,WAS 2,user31,1,marvalshot,9216,4678344702_31
Blake Wesley (38240054),Cason Wallace (38239919),Kevin Huerter (38239725),Bam Adebayo (38239623),Tristan Vukcevic (38239923),Shai Gilgeous-Alexander (38239580),LeBron James (38239587),Patrick Williams (38239940),275.3296875,370.1139659146728,50000,99.53%,46,88.18%,0,193.44,$3.53,OKC 2,CHI 2,user19,1,marvalshot,9253,4678344703_19
Tyler Herro (38239631),Colby Jones (38239966),Jaime Jaquez Jr. (38240031),Bam Adebayo (38239623),Tristan Vukcevic (38239923),Davion Mitchell (38239876),LeBron James (38239587),Pascal Siakam (38239649),275.7899609375,369.8594135127636,49800,99.74%,48,96.07%,0,201.97,$3.84,MIA 4,WAS 2,user7,1,marvalshot,8889,4678344695_7
Davion Mitchell (38239876),Pelle Larsson (38240216),Jaylen Martin (38240062),Pascal Siakam (38239649),Tristan Vukcevic (38239923),Tyler Herro (38239631),Bam Adebayo (38239623),Shai Gilgeous-Alexander (38239580),277.835,373.26557649742864,49900,99.99%,715,144.67%,0,201.5,$5.79,MIA 4,WAS 2,user12,1,marvalshot,8944,4678344696_12
Tyler Herro (38239631),Colby Jones (38239966),Jaylen Martin (38240062),Justin Champagnie (38239809),Tristan Vukcevic (38239923),Jared Butler (38239721),Jayson Tatum (38239583),LeBron James (38239587),277.9440625,373.8299320915917,49900,100.00%,645,149.29%,0,207.96,$5.97,WAS 4,MIA 1,user34,1,marvalshot,9014,4678344697_34
Shai Gilgeous-Alexander (38239580),Andrew Nembhard (38239749),Justin Champagnie (38239809),Anthony Davis (38239591),Tristan Vukcevic (38239923),Tyler Herro (38239631),Sandro Mamukelashvili (38239955),Blake Wesley (38240054),271.58847656250003,374.03287391074514,50000,85.75%,0,31.77%,0,160.57999999999998,$1.27,WAS 2,SAS 2,user11,1,marvalshot,9040,4678344698_11
Tyler Herro (38239631),Carlton Carrington (38239793),Jaylen Martin (38240062),Bam Adebayo (38239623),Tristan Vukcevic (38239923),Shai Gilgeous-Alexander (38239580),Patrick Williams (38239940),Myles Turner (38239692),282.0675,377.4029132390975,50000,100.00%,18240,462.86%,0,199.51,$18.51,WAS 3,MIA 2,user20,41,marvalshot,9086,4678344699_20
Tyler Herro (38239631),Tyrese Martin (38239908),Jaylen Martin (38240062),Keldon Johnson (38239818),Tristan Vukcevic (38239923),Chris Paul (38239879),LeBron James (38239587),Shai Gilgeous-Alexander (38239580),273.52851562499995,372.80780554761344,49300,96.87%,2,61.02%,0,197.11,$2.44,WAS 2,SAS 2,user25,1,marvalshot,9112,4678344700_25
Shai Gilgeous-Alexander (38239580),Colby Jones (38239966),Jaylen Brown (38239618),Kenrich Williams (38239995),Tristan Vukcevic (38239923),Chris Paul (38239879),Bam Adebayo (38239623),Alexandre Sarr (38239686),272.36445312499995,370.3313301279088,49600,92.93%,0,45.65%,0,209.73,$1.83,WAS 3,OKC 2,user6,1,marvalshot,9142,4678344701_6
Blake Wesley (38240054),Colby Jones (38239966),Kevin Huerter (38239725),Kenrich Williams (38239995),Tristan Vukcevic (38239923),Shai Gilgeous-Alexander (38239580),LeBron James (38239587),Josh Giddey (38239598),276.4599609375,370.2894135127636,49900,99.96%,100,108.7%,0,253.06,$4.35,WAS 2,CHI 2,user3,1,marvalshot,9188,4678344702_3
Shai Gilgeous-Alexander (38239580),Kevin Huerter (38239725),Pelle Larsson (38240216),Bam Adebayo (38239623),Tristan Vukcevic (38239923),Jaime Jaquez Jr. (38240031),LeBron James (38239587),Adem Bona (38239840),275.2096875,372.1239659146728,50000,99.56%,39,86.43%,0,186.33,$3.46,MIA 3,OKC 1,user,1,marvalshot,7320,4678344703
Davion Mitchell (38239876),Colby Jones (38239966),Coby White (38239640),Kyle Anderson (38240065),Tristan Vukcevic (38239923),Shai Gilgeous-Alexander (38239580),Kevin Huerter (38239725),LeBron James (38239587),275.48996093750003,366.9694135127636,49700,99.58%,49,91.11%,0,204.05,$3.64,MIA 2,WAS 2,user49,1,marvalshot,8932,4678344695_49
Shai Gilgeous-Alexander (38239580),Kevin Huerter (38239725),Jaylen Martin (38240062),Santi Aldama (38239711),Tristan Vukcevic (38239923),Tyler Herro (38239631),Bam Adebayo (38239623),Kenrich Williams (38239995),277.905,373.29557649742867,50000,99.98%,599,144.27%,0,219.87,$5.77,OKC 2,WAS 2,user21,1,marvalshot,8953,4678344696_21
Luka Doncic (38239577),Colby Jones (38239966),Jaylen Martin (38240062),Justin Champagnie (38239809),Tristan Vukcevic (38239923),Chris Paul (38239879),LeBron James (38239587),Tyler Herro (38239631),277.9040625,374.2899320915917,49900,100.00%,661,148.01%,0,215.95,$5.92,WAS 4,LAL 2,user40,1,marvalshot,9020,4678344697_40
Jared Butler (38239721),Pelle Larsson (38240216),Justin Champagnie (38239809),Santi Aldama (38239711),Tristan Vukcevic (38239923),Shai Gilgeous-Alexander (38239580),Kyle Anderson (38240065),Luka Doncic (38239577),271.4584765625,368.95287391074504,49700,85.08%,0,29.93%,0,154.59,$1.2,MIA 2,WAS 2,user17,1,marvalshot,9046,4678344698_17
Tyler Herro (38239631),Carlton Carrington (38239793),Jaylen Martin (38240062),Bam Adebayo (38239623),Tristan Vukcevic (38239923),Shai Gilgeous-Alexander (38239580),Patrick Williams (38239940),Myles Turner (38239692),282.0675,377.4029132390975,50000,100.00%,18240,462.86%,0,199.51,$18.51,WAS 3,MIA 2,user21,41,marvalshot,9086,4678344699_21
Shai Gilgeous-Alexander (38239580),Tyrese Martin (38239908),Jaylen Martin (38240062),Bam Adebayo (38239623),Tristan Vukcevic (38239923),Pelle Larsson (38240216),Anthony Davis (38239591),Isaiah Hartenstein (38239684),273.438515625,377.86780554761344,50000,96.13%,7,60.69%,0,180.41000000000003,$2.43,OKC 2,WAS 2,user12,1,marvalshot,9099,4678344700_12
Shai Gilgeous-Alexander (38239580),Colby Jones (38239966),Kevin Huerter (38239725),Kenrich Williams (38239995),Tristan Vukcevic (38239923),Jared Butler (38239721),Anthony Davis (38239591),Alexandre Sarr (38239686),272.11445312499995,370.9413301279088,50000,91.92%,0,42.76%,0,205.92000000000002,$1.71,WAS 3,OKC 2,user22,1,marvalshot,9158,4678344701_22
Tyler Herro (38239631),Colby Jones (38239966),Coby White (38239640),Kenrich Williams (38239995),Tristan Vukcevic (38239923),Jared Butler (38239721),Kevin Huerter (38239725),Shai Gilgeous-Alexander (38239580),276.1799609375,366.99941351276357,50000,99.87%,97,103.46%,0,211.67000000000002,$4.14,WAS 2,CHI 2,user5,1,marvalshot,9190,4678344702_5
Tyler Herro (38239631),Stephon Castle (38239688),LeBron James (38239587),Kyle Anderson (38240065),Tristan Vukcevic (38239923),Shai Gilgeous-Alexander (38239580),Sandro Mamukelashvili (38239955),Isaiah Joe (38239952),275.1796875,379.5939659146728,50000,99.35%,37,85.85%,0,180.85,$3.43,MIA 2,SAS 2,user8,1,marvalshot,9242,4678344703_8
Tyler Herro (38239631),Colby Jones (38239966),LeBron James (38239587),Santi Aldama (38239711),Tristan Vukcevic (38239923),Jared Butler (38239721),Sandro Mamukelashvili (38239955),Bam Adebayo (38239623),275.48996093750003,374.0594135127636,49900,99.58%,50,90.77%,0,194.7,$3.63,MIA 2,WAS 2,user43,1,marvalshot,8926,4678344695_43
Shai Gilgeous-Alexander (38239580),Coby White (38239640),Jaylen Martin (38240062),Kyle Anderson (38240065),Tristan Vukcevic (38239923),Josh Giddey (38239598),Kenrich Williams (38239995),Tyler Herro (38239631),277.705,373.51557649742864,50000,99.99%,665,143.04%,0,229.64000000000001,$5.72,OKC 2,CHI 2,user8,1,marvalshot,8940,4678344696_8
Josh Giddey (38239598),Colby Jones (38239966),Jaylen Martin (38240062),Justin Champagnie (38239809),Tristan Vukcevic (38239923),Davion Mitchell (38239876),Jayson Tatum (38239583),Shai Gilgeous-Alexander (38239580),277.8140625,371.34993209159165,49900,99.98%,698,147.81%,0,212.37,$5.91,WAS 4,CHI 1,user42,1,marvalshot,9022,4678344697_42
Chris Paul (38239879),Lonnie Walker IV (38239857),Justin Champagnie (38239809),LeBron James (38239587),Tristan Vukcevic (38239923),Pelle Larsson (38240216),Jaylen Brown (38239618),Shai Gilgeous-Alexander (38239580),271.3984765625,368.292873910745,50000,84.97%,0,29.18%,0,160.79,$1.17,WAS 2,SAS 1,user4,1,marvalshot,9033,4678344698_4
Tyler Herro (38239631),Carlton Carrington (38239793),Jaylen Martin (38240062),Bam Adebayo (38239623),Tristan Vukcevic (38239923),Shai Gilgeous-Alexander (38239580),Patrick Williams (38239940),Myles Turner (38239692),282.0675,377.4029132390975,50000,100.00%,18240,462.86%,0,199.51,$18.51,WAS 3,MIA 2,user22,41,marvalshot,9086,4678344699_22
Luka Doncic (38239577),Tyrese Martin (38239908),Jaylen Martin (38240062),Bam Adebayo (38239623),Tristan Vukcevic (38239923),Cason Wallace (38239919),Kenrich Williams (38239995),Shai Gilgeous-Alexander (38239580),273.378515625,370.59780554761346,49700,96.52%,0,59.41%,0,200.76,$2.38,OKC 3,WAS 2,user29,1,marvalshot,9116,4678344700_29
Cason Wallace (38239919),Colby Jones (38239966),Keldon Johnson (38239818),Pascal Siakam (38239649),Tristan Vukcevic (38239923),Josh Giddey (38239598),LeBron James (38239587),Alexandre Sarr (38239686),271.984453125,363.83133012790887,50000,89.87%,0,39.58%,0,201.78000000000003,$1.58,WAS 3,OKC 1,user1,1,marvalshot,9137,4678344701_1
Josh Giddey (38239598),Colby Jones (38239966),Pelle Larsson (38240216),Patrick Williams (38239940),Tristan Vukcevic (38239923),Shai Gilgeous-Alexander (38239580),Bam Adebayo (38239623),Isaiah Hartenstein (38239684),276.1099609375,372.59941351276353,49500,99.79%,130,103.07%,0,215.20999999999998,$4.12,CHI 2,WAS 2,user23,1,marvalshot,9208,4678344702_23
Chris Paul (38239879),Pelle Larsson (38240216),LeBron James (38239587),Kenrich Williams (38239995),Tristan Vukcevic (38239923),Tyler Herro (38239631),Pascal Siakam (38239649),Bam Adebayo (38239623),275.0396875,370.3639659146728,49400,99.54%,13,83.0%,0,209.37,$3.32,MIA 3,SAS 1,user30,1,marvalshot,9264,4678344703_30
Shai Gilgeous-Alexander (38239580),Colby Jones (38239966),Pelle Larsson (38240216),Bam Adebayo (38239623),Tristan Vukcevic (38239923),Kevin Huerter (38239725),LeBron James (38239587),Sandro Mamukelashvili (38239955),275.4799609375,373.39941351276354,49200,99.71%,14,89.13%,0,213.66000000000003,$3.57,WAS 2,MIA 2,user31,1,marvalshot,8914,4678344695_31
Shai Gilgeous-Alexander (38239580),Cason Wallace (38239919),Jaylen Martin (38240062),Kenrich Williams (38239995),Tristan Vukcevic (38239923),Tyler Herro (38239631),Pascal Siakam (38239649),Bam Adebayo (38239623),277.785,375.3755764974287,50000,99.99%,657,142.65%,0,218.05,$5.71,OKC 3,WAS 2,user19,1,marvalshot,8951,4678344696_19
Shai Gilgeous-Alexander (38239580),Colby Jones (38239966),Jaylen Martin (38240062),Justin Champagnie (38239809),Tristan Vukcevic (38239923),Derrick White (38239652),Bam Adebayo (38239623),Nikola Vucevic (38239665),277.88406249999997,373.60993209159165,50000,99.98%,731,147.51%,0,197.71,$5.9,WAS 4,OKC 1,user31,1,marvalshot,9011,4678344697_31
Josh Giddey (38239598),Kevin Huerter (38239725),Justin Champagnie (38239809),Jeremy Sochan (38239805),Tristan Vukcevic (38239923),Pelle Larsson (38240216),Bam Adebayo (38239623),Anthony Davis (38239591),271.22847656249996,363.64287391074504,49900,83.66%,0,26.36%,0,168.49,$1.05,CHI 2,WAS 2,user37,1,marvalshot,9066,4678344698_37
Tyler Herro (38239631),Carlton Carrington (38239793),Jaylen Martin (38240062),Bam Adebayo (38239623),Tristan Vukcevic (38239923),Shai Gilgeous-Alexander (38239580),Patrick Williams (38239940),Myles Turner (38239692),282.0675,377.4029132390975,50000,100.00%,18240,462.86%,0,199.51,$18.51,WAS 3,MIA 2,user23,41,marvalshot,9086,4678344699_23
Chris Paul (38239879),Tyrese Martin (38239908),Jaylen Martin (38240062),Rui Hachimura (38239763),Tristan Vukcevic (38239923),Tyler Herro (38239631),LeBron James (38239587),Shai Gilgeous-Alexander (38239580),273.378515625,371.3078055476135,50000,96.13%,0,58.84%,0,192.93,$2.35,WAS 2,LAL 2,user40,1,marvalshot,9127,4678344700_40
Shai Gilgeous-Alexander (38239580),Colby Jones (38239966),Jaime Jaquez Jr. (38240031),Anthony Davis (38239591),Tristan Vukcevic (38239923),Tyler Herro (38239631),Kenrich Williams (38239995),Alexandre Sarr (38239686),271.824453125,375.59133012790886,49700,89.86%,0,38.0%,0,219.20999999999998,$1.52,WAS 3,OKC 2,user46,1,marvalshot,9182,4678344701_46
Tyler Herro (38239631),Colby Jones (38239966),LeBron James (38239587),Kenrich Williams (38239995),Tristan Vukcevic (38239923),Josh Giddey (38239598),Pelle Larsson (38240216),Jalen Williams (38239627),276.1199609375,369.0194135127636,49900,99.88%,73,102.05%,0,247.04999999999998,$4.08,MIA 2,WAS 2,user33,1,marvalshot,9218,4678344702_33
Cason Wallace (38239919),Julian Champagnie (38239978),Kevin Huerter (38239725),LeBron James (38239587),Tristan Vukcevic (38239923),Tyler Herro (38239631),Bam Adebayo (38239623),Jared Butler (38239721),274.9596875,365.54396591467275,50000,99.28%,24,82.1%,0,177.36,$3.28,MIA 2,OKC 1,user41,1,marvalshot,9275,4678344703_41
Stephon Castle (38239688),Colby Jones (38239966),Kevin Huerter (38239725),LeBron James (38239587),Tristan Vukcevic (38239923),Alec Burks (38240017),Bam Adebayo (38239623),Tyler Herro (38239631),275.2299609375,367.81941351276356,50000,99.57%,20,85.69%,0,204.16000000000003,$3.43,MIA 3,WAS 2,user16,1,marvalshot,8899,4678344695_16
Shai Gilgeous-Alexander (38239580),Jared Butler (38239721),Jaylen Martin (38240062),Kyle Anderson (38240065),Tristan Vukcevic (38239923),Davion Mitchell (38239876),LeBron James (38239587),Tyler Herro (38239631),277.695,376.50557649742865,49600,99.97%,594,141.55%,0,209.33999999999997,$5.66,MIA 3,WAS 2,user34,1,marvalshot,8965,4678344696_34
Shai Gilgeous-Alexander (38239580),Colby Jones (38239966),Jaylen Martin (38240062),Justin Champagnie (38239809),Tristan Vukcevic (38239923),Luka Doncic (38239577),Pelle Larsson (38240216),Bam Adebayo (38239623),277.6540625,375.6599320915917,49500,99.99%,381,137.22%,0,216.05,$5.49,WAS 4,MIA 2,user11,1,marvalshot,8991,4678344697_11
Alec Burks (38240017),Kevin Huerter (38239725),Justin Champagnie (38239809),Bam Adebayo (38239623),Tristan Vukcevic (38239923),Luka Doncic (38239577),Sandro Mamukelashvili (38239955),Pascal Siakam (38239649),271.2984765625,364.5828739107451,49900,82.56%,0,26.05%,0,129.63,$1.04,MIA 2,WAS 2,user24,1,marvalshot,9053,4678344698_24
Tyler Herro (38239631),Carlton Carrington (38239793),Jaylen Martin (38240062),Bam Adebayo (38239623),Tristan Vukcevic (38239923),Shai Gilgeous-Alexander (38239580),Patrick Williams (38239940),Myles Turner (38239692),282.0675,377.4029132390975,50000,100.00%,18240,462.86%,0,199.51,$18.51,WAS 3,MIA 2,user24,41,marvalshot,9086,4678344699_24
Luka Doncic (38239577),Tyrese Martin (38239908),Jaylen Martin (38240062),Patrick Williams (38239940),Tristan Vukcevic (38239923),Shai Gilgeous-Alexander (38239580),Kenrich Williams (38239995),Bam Adebayo (38239623),273.26851562499996,371.23780554761345,49500,95.92%,4,58.04%,0,199.3,$2.32,WAS 2,OKC 2,user23,1,marvalshot,9110,4678344700_23
Josh Giddey (38239598),Colby Jones (38239966),Kevin Huerter (38239725),Bam Adebayo (38239623),Tristan Vukcevic (38239923),Stephon Castle (38239688),Justin Edwards (38239735),Alexandre Sarr (38239686),271.874453125,356.9913301279089,49900,89.35%,1,37.68%,0,188.01999999999998,$1.51,WAS 3,CHI 2,user28,1,marvalshot,9164,4678344701_28
Alec Burks (38240017),Colby Jones (38239966),LeBron James (38239587),Kenrich Williams (38239995),Tristan Vukcevic (38239923),Stephon Castle (38239688),Bam Adebayo (38239623),Shai Gilgeous-Alexander (38239580),276.0999609375,376.62941351276356,50000,99.89%,85,101.85%,0,225.51999999999998,$4.07,MIA 2,WAS 2,user46,1,marvalshot,9231,4678344702_46
Shai Gilgeous-Alexander (38239580),Jared Butler (38239721),Julian Champagnie (38239978),Kenrich Williams (38239995),Tristan Vukcevic (38239923),Tyler Herro (38239631),Patrick Williams (38239940),LeBron James (38239587),274.9796875,373.0039659146728,49700,99.37%,13,82.0%,0,202.98000000000002,$3.28,OKC 2,PHI 1,user20,1,marvalshot,9254,4678344703_20
Tyler Herro (38239631),Colby Jones (38239966),LeBron James (38239587),Bam Adebayo (38239623),Tristan Vukcevic (38239923),Cason Wallace (38239919),Jaren Jackson Jr. (38239645),Sandro Mamukelashvili (38239955),275.1699609375,372.5994135127636,49800,99.32%,41,85.63%,0,201.14,$3.43,MIA 2,WAS 2,user10,1,marvalshot,8892,4678344695_10
Tyler Herro (38239631),Pelle Larsson (38240216),Jaylen Martin (38240062),Sandro Mamukelashvili (38239955),Tristan Vukcevic (38239923),Josh Giddey (38239598),LeBron James (38239587),Bam Adebayo (38239623),277.645,374.9055764974286,49600,99.99%,548,139.13%,0,220.92,$5.57,MIA 3,WAS 2,user4,1,marvalshot,8936,4678344696_4
Tyler Herro (38239631),Colby Jones (38239966),Jaylen Martin (38240062),Justin Champagnie (38239809),Tristan Vukcevic (38239923),Shai Gilgeous-Alexander (38239580),Luguentz Dort (38239822),LeBron James (38239587),277.7240625,373.25993209159174,49200,99.99%,262,136.57%,0,229.32000000000002,$5.46,WAS 4,OKC 2,user38,1,marvalshot,9018,4678344697_38
Cason Wallace (38239919),Stephon Castle (38239688),Justin Champagnie (38239809),Patrick Williams (38239940),Tristan Vukcevic (38239923),Josh Giddey (38239598),Santi Aldama (38239711),Shai Gilgeous-Alexander (38239580),270.7984765625,362.0928739107451,49300,78.33%,0,17.19%,0,162.39000000000001,$0.69,OKC 2,WAS 2,user36,1,marvalshot,9065,4678344698_36
Tyler Herro (38239631),Carlton Carrington (38239793),Jaylen Martin (38240062),Bam Adebayo (38239623),Tristan Vukcevic (38239923),Shai Gilgeous-Alexander (38239580),Patrick Williams (38239940),Myles Turner (38239692),282.0675,377.4029132390975,50000,100.00%,18240,462.86%,0,199.51,$18.51,WAS 3,MIA 2,user25,41,marvalshot,9086,4678344699_25
Shai Gilgeous-Alexander (38239580),Tyrese Martin (38239908),Jaylen Martin (38240062),Guerschon Yabusele (38239753),Tristan Vukcevic (38239923),Josh Giddey (38239598),Kyle Anderson (38240065),LeBron James (38239587),272.968515625,370.1178055476135,49900,94.73%,2,53.29%,0,202.54000000000002,$2.13,WAS 2,OKC 1,user37,1,marvalshot,9124,4678344700_37
Josh Giddey (38239598),Colby Jones (38239966),Kevin Huerter (38239725),Jeremy Sochan (38239805),Tristan Vukcevic (38239923),Jared Butler (38239721),LeBron James (38239587),Alexandre Sarr (38239686),271.64445312500004,361.2913301279089,50000,88.37%,0,34.93%,0,198.88,$1.4,WAS 3,CHI 2,user4,1,marvalshot,9140,4678344701_4
Davion Mitchell (38239876),Colby Jones (38239966),LeBron James (38239587),Jaren Jackson Jr. (38239645),Tristan Vukcevic (38239923),Shai Gilgeous-Alexander (38239580),Kevin Huerter (38239725),Kenrich Williams (38239995),276.0099609375,368.4894135127636,49900,99.83%,69,100.58%,0,224.01999999999998,$4.02,WAS 2,OKC 2,user4,1,marvalshot,9189,4678344702_4
Tyler Herro (38239631),Isaiah Joe (38239952),LeBron James (38239587),Kyle Anderson (38240065),Tristan Vukcevic (38239923),Tyrese Haliburton (38239612),Kenrich Williams (38239995),Bam Adebayo (38239623),274.9096875,371.69396591467284,49700,99.33%,8,80.83%,0,207.18,$3.23,MIA 3,OKC 2,user37,1,marvalshot,9271,4678344703_37
Stephon Castle (38239688),Colby Jones (38239966),Harrison Barnes (38239948),Bam Adebayo (38239623),Tristan Vukcevic (38239923),Shai Gilgeous-Alexander (38239580),Kyle Anderson (38240065),LeBron James (38239587),275.16996093750004,376.71941351276365,50000,99.50%,38,85.58%,0,205.95,$3.42,SAS 2,WAS 2,user6,1,marvalshot,8888,4678344695_6
Tyler Herro (38239631),Jared Butler (38239721),Jaylen Martin (38240062),Bam Adebayo (38239623),Tristan Vukcevic (38239923),Josh Giddey (38239598),Kenrich Williams (38239995),Nikola Vucevic (38239665),277.51500000000004,371.6155764974287,49900,99.97%,625,138.59%,0,217.93,$5.54,MIA 2,WAS 2,user38,1,marvalshot,8969,4678344696_38
Shai Gilgeous-Alexander (38239580),Colby Jones (38239966),Jaylen Martin (38240062),Justin Champagnie (38239809),Tristan Vukcevic (38239923),Stephon Castle (38239688),Bam Adebayo (38239623),Jalen Williams (38239627),277.5340625,376.5199320915917,49700,99.98%,472,136.21%,0,197.45,$5.45,WAS 4,OKC 2,user9,1,marvalshot,8989,4678344697_9
T.J. McConnell (38239837),Jared Butler (38239721),Justin Champagnie (38239809),Jaren Jackson Jr. (38239645),Tristan Vukcevic (38239923),Shai Gilgeous-Alexander (38239580),Haywood Highsmith (38239983),Tyler Herro (38239631),270.6784765625,367.1828739107451,49900,76.70%,0,14.58%,0,147.57,$0.58,WAS 2,MIA 2,user35,1,marvalshot,9064,4678344698_35
Tyler Herro (38239631),Carlton Carrington (38239793),Jaylen Martin (38240062),Bam Adebayo (38239623),Tristan Vukcevic (38239923),Shai Gilgeous-Alexander (38239580),Patrick Williams (38239940),Myles Turner (38239692),282.0675,377.4029132390975,50000,100.00%,18240,462.86%,0,199.51,$18.51,WAS 3,MIA 2,user26,41,marvalshot,9086,4678344699_26
Jared Butler (38239721),Tyrese Martin (38239908),Jaylen Martin (38240062),Bam Adebayo (38239623),Tristan Vukcevic (38239923),Chris Paul (38239879),LeBron James (38239587),Josh Giddey (38239598),272.818515625,366.27780554761347,49100,94.19%,2,51.38%,0,193.06,$2.06,WAS 2,PHI 1,user47,1,marvalshot,9134,4678344700_47
Shai Gilgeous-Alexander (38239580),Colby Jones (38239966),Alex Caruso (38239914),Bam Adebayo (38239623),Tristan Vukcevic (38239923),Jared Butler (38239721),Kevin Huerter (38239725),Alexandre Sarr (38239686),271.594453125,365.75133012790883,49300,87.06%,0,32.72%,0,187.41,$1.31,WAS 3,OKC 2,user12,1,marvalshot,9148,4678344701_12
Tyler Herro (38239631),Colby Jones (38239966),LeBron James (38239587),Bam Adebayo (38239623),Tristan Vukcevic (38239923),Pelle Larsson (38240216),Jalen Williams (38239627),Chris Paul (38239879),276.0299609375,372.50941351276356,50000,99.80%,83,100.38%,0,211.75,$4.02,MIA 3,WAS 2,user13,1,marvalshot,9198,4678344702_13
Tyler Herro (38239631),Pelle Larsson (38240216),Jalen Williams (38239627),Kyle Anderson (38240065),Tristan Vukcevic (38239923),Isaiah Joe (38239952),Bam Adebayo (38239623),Shai Gilgeous-Alexander (38239580),274.8696875,374.8039659146728,49700,99.35%,15,80.27%,0,188.11,$3.21,MIA 4,OKC 3,user2,1,marvalshot,9236,4678344703_2
Luka Doncic (38239577),Colby Jones (38239966),LeBron James (38239587),Kenrich Williams (38239995),Tristan Vukcevic (38239923),Tyler Herro (38239631),Kyle Anderson (38240065),Kel'el Ware (38239743),275.0799609375,373.8194135127636,50000,99.50%,23,84.36%,0,223.54,$3.37,MIA 3,LAL 2,user34,1,marvalshot,8917,4678344695_34
Jared Butler (38239721),Kevin Huerter (38239725),Jaylen Martin (38240062),Bam Adebayo (38239623),Tristan Vukcevic (38239923),Shai Gilgeous-Alexander (38239580),Kyle Anderson (38240065),Tyler Herro (38239631),277.615,374.7255764974287,49600,99.97%,475,136.65%,0,200.59,$5.47,MIA 3,WAS 2,user11,1,marvalshot,8943,4678344696_11
Jared Butler (38239721),Colby Jones (38239966),Jaylen Martin (38240062),Justin Champagnie (38239809),Tristan Vukcevic (38239923),Shai Gilgeous-Alexander (38239580),Jalen Williams (38239627),Josh Giddey (38239598),277.3340625,372.9199320915917,49900,99.97%,418,132.44%,0,206.26,$5.3,WAS 4,OKC 2,user29,1,marvalshot,9009,4678344697_29
Jared Butler (38239721),Kevin Huerter (38239725),Justin Champagnie (38239809),Bam Adebayo (38239623),Tristan Vukcevic (38239923),Stephon Castle (38239688),Justin Edwards (38239735),Jalen Williams (38239627),270.6884765625,357.13287391074505,49900,76.48%,0,14.51%,0,123.21000000000001,$0.58,PHI 2,WAS 2,user18,1,marvalshot,9047,4678344698_18
Tyler Herro (38239631),Carlton Carrington (38239793),Jaylen Martin (38240062),Bam Adebayo (38239623),Tristan Vukcevic (38239923),Shai Gilgeous-Alexander (38239580),Patrick Williams (38239940),Myles Turner (38239692),282.0675,377.4029132390975,50000,100.00%,18240,462.86%,0,199.51,$18.51,WAS 3,MIA 2,user27,41,marvalshot,9086,4678344699_27
Shai Gilgeous-Alexander (38239580),Tyrese Martin (38239908),Jaylen Martin (38240062),Bam Adebayo (38239623),Tristan Vukcevic (38239923),Luka Doncic (38239577),Julian Champagnie (38239978),Davion Mitchell (38239876),272.788515625,368.7378055476135,50000,93.01%,5,50.46%,0,170.57000000000002,$2.02,WAS 2,MIA 2,user48,1,marvalshot,9135,4678344700_48
Stephon Castle (38239688),Colby Jones (38239966),Kevin Huerter (38239725),Bam Adebayo (38239623),Tristan Vukcevic (38239923),Shai Gilgeous-Alexander (38239580),Julian Champagnie (38239978),Alexandre Sarr (38239686),271.564453125,365.72133012790886,49200,87.11%,1,32.45%,0,187.71,$1.3,WAS 3,SAS 2,user44,1,marvalshot,9180,4678344701_44
Stephon Castle (38239688),Colby Jones (38239966),Pelle Larsson (38240216),Bam Adebayo (38239623),Tristan Vukcevic (38239923),Jared Butler (38239721),LeBron James (38239587),Tyler Herro (38239631),276.04996093750003,371.3194135127636,49800,99.85%,73,100.29%,0,208.82999999999998,$4.01,MIA 3,WAS 2,user35,1,marvalshot,9220,4678344702_35
Shai Gilgeous-Alexander (38239580),Isaiah Joe (38239952),Haywood Highsmith (38239983),Keldon Johnson (38239818),Tristan Vukcevic (38239923),Tyler Herro (38239631),Bam Adebayo (38239623),Isaiah Hartenstein (38239684),274.7996875,374.4239659146728,50000,98.88%,34,79.8%,0,169.57999999999998,$3.19,OKC 3,MIA 3,user5,1,marvalshot,9239,4678344703_5
Alex Caruso (38239914),Colby Jones (38239966),LeBron James (38239587),Kenrich Williams (38239995),Tristan Vukcevic (38239923),Tyler Herro (38239631),Coby White (38239640),Bam Adebayo (38239623),275.11996093749997,368.71941351276354,49800,99.51%,16,83.65%,0,224.2,$3.35,OKC 2,WAS 2,user26,1,marvalshot,8909,4678344695_26
Shai Gilgeous-Alexander (38239580),Pelle Larsson (38240216),Jaylen Martin (38240062),LeBron James (38239587),Tristan Vukcevic (38239923),Tyler Herro (38239631),Kyle Anderson (38240065),Nikola Vucevic (38239665),277.495,379.1455764974287,49800,99.98%,503,135.73%,0,219.16,$5.43,MIA 3,WAS 2,user28,1,marvalshot,8960,4678344696_28
Davion Mitchell (38239876),Colby Jones (38239966),Jaylen Martin (38240062),Justin Champagnie (38239809),Tristan Vukcevic (38239923),Shai Gilgeous-Alexander (38239580),LeBron James (38239587),Tyrese Haliburton (38239612),276.9140625,371.3199320915917,49400,99.96%,154,118.38%,0,212.56,$4.74,WAS 4,MIA 1,user47,1,marvalshot,9027,4678344697_47
Cason Wallace (38239919),Stephon Castle (38239688),Justin Champagnie (38239809),Patrick Williams (38239940),Tristan Vukcevic (38239923),Coby White (38239640),Jalen Williams (38239627),LeBron James (38239587),270.6684765625,360.5828739107451,49800,76.52%,0,14.34%,0,138.79,$0.57,OKC 2,WAS 2,user42,1,marvalshot,9071,4678344698_42
Tyler Herro (38239631),Carlton Carrington (38239793),Jaylen Martin (38240062),Bam Adebayo (38239623),Tristan Vukcevic (38239923),Shai Gilgeous-Alexander (38239580),Patrick Williams (38239940),Myles Turner (38239692),282.0675,377.4029132390975,50000,100.00%,18240,462.86%,0,199.51,$18.51,WAS 3,MIA 2,user28,41,marvalshot,9086,4678344699_28
Blake Wesley (38240054),Tyrese Martin (38239908),Jaylen Martin (38240062),Bam Adebayo (38239623),Tristan Vukcevic (38239923),Josh Giddey (38239598),Anthony Davis (38239591),Tyler Herro (38239631),272.668515625,370.47780554761346,50000,93.30%,0,49.49%,0,202.57,$1.98,WAS 2,MIA 2,user27,1,marvalshot,9114,4678344700_27
Blake Wesley (38240054),Colby Jones (38239966),LeBron James (38239587),Jayson Tatum (38239583),Tristan Vukcevic (38239923),Cason Wallace (38239919),Bam Adebayo (38239623),Alexandre Sarr (38239686),271.514453125,367.72133012790886,49800,86.37%,0,31.49%,0,202.17000000000002,$1.26,WAS 3,SAS 1,user27,1,marvalshot,9163,4678344701_27
Shai Gilgeous-Alexander (38239580),Colby Jones (38239966),Julian Champagnie (38239978),Kenrich Williams (38239995),Tristan Vukcevic (38239923),Stephon Castle (38239688),LeBron James (38239587),Tyler Herro (38239631),276.0799609375,375.24941351276357,50000,99.88%,49,100.2%,0,230.23,$4.01,OKC 2,WAS 2,user12,1,marvalshot,9197,4678344702_12
Josh Giddey (38239598),Lonnie Walker IV (38239857),LeBron James (38239587),Bam Adebayo (38239623),Tristan Vukcevic (38239923),Cason Wallace (38239919),Kyle Anderson (38240065),Isaiah Hartenstein (38239684),274.6196875,371.4139659146728,50000,98.75%,37,78.46%,0,183.5,$3.14,MIA 2,OKC 2,user7,1,marvalshot,9241,4678344703_7
Davion Mitchell (38239876),Colby Jones (38239966),Keldon Johnson (38239818),LeBron James (38239587),Tristan Vukcevic (38239923),Shai Gilgeous-Alexander (38239580),Sandro Mamukelashvili (38239955),Bam Adebayo (38239623),274.97996093750004,375.5094135127636,49300,99.22%,15,82.0%,0,200.9,$3.28,MIA 2,WAS 2,user13,1,marvalshot,8895,4678344695_13
Shai Gilgeous-Alexander (38239580),Kevin Huerter (38239725),Jaylen Martin (38240062),Haywood Highsmith (38239983),Tristan Vukcevic (38239923),Davion Mitchell (38239876),LeBron James (38239587),Bam Adebayo (38239623),277.455,370.52557649742863,49900,99.96%,546,135.1%,0,201.38,$5.4,MIA 3,WAS 2,user41,1,marvalshot,8972,4678344696_41
Davion Mitchell (38239876),Colby Jones (38239966),Jaylen Martin (38240062),Justin Champagnie (38239809),Tristan Vukcevic (38239923),Shai Gilgeous-Alexander (38239580),Bam Adebayo (38239623),Jayson Tatum (38239583),276.8640625,372.8199320915917,49100,99.94%,143,116.58%,0,204.67,$4.66,WAS 4,MIA 2,user43,1,marvalshot,9023,4678344697_43
T.J. McConnell (38239837),Isaiah Joe (38239952),Justin Champagnie (38239809),LeBron James (38239587),Tristan Vukcevic (38239923),Jared Butler (38239721),Jalen Williams (38239627),Tyler Herro (38239631),270.5484765625,366.8328739107451,49800,75.46%,0,11.91%,0,154.09,$0.48,OKC 2,WAS 2,user7,1,marvalshot,9036,4678344698_7
Tyler Herro (38239631),Carlton Carrington (38239793),Jaylen Martin (38240062),Bam Adebayo (38239623),Tristan Vukcevic (38239923),Shai Gilgeous-Alexander (38239580),Patrick Williams (38239940),Myles Turner (38239692),282.0675,377.4029132390975,50000,100.00%,18240,462.86%,0,199.51,$18.51,WAS 3,MIA 2,user29,41,marvalshot,9086,4678344699_29
Shai Gilgeous-Alexander (38239580),Tyrese Martin (38239908),Jaylen Martin (38240062),Kyle Anderson (38240065),Tristan Vukcevic (38239923),Coby White (38239640),Kevin Huerter (38239725),LeBron James (38239587),272.548515625,365.9178055476135,49100,92.97%,1,47.43%,0,188.57999999999998,$1.9,WAS 2,CHI 2,user35,1,marvalshot,9122,4678344700_35
Josh Giddey (38239598),Colby Jones (38239966),Klay Thompson (38239730),Patrick Williams (38239940),Tristan Vukcevic (38239923),Tyler Herro (38239631),Bam Adebayo (38239623),Alexandre Sarr (38239686),271.404453125,362.18133012790884,49700,85.89%,0,30.06%,0,208.51,$1.2,WAS 3,CHI 2,user16,1,marvalshot,9152,4678344701_16
Tyler Herro (38239631),Colby Jones (38239966),LeBron James (38239587),Bam Adebayo (38239623),Tristan Vukcevic (38239923),Davion Mitchell (38239876),Julian Champagnie (38239978),Jaren Jackson Jr. (38239645),275.9499609375,369.0594135127636,49900,99.79%,86,98.93%,0,204.51,$3.96,MIA 3,WAS 2,user34,1,marvalshot,9219,4678344702_34
Jared Butler (38239721),Pelle Larsson (38240216),LeBron James (38239587),Bam Adebayo (38239623),Tristan Vukcevic (38239923),Shai Gilgeous-Alexander (38239580),Kyle Anderson (38240065),Matas Buzelis (38239854),274.6696875,375.4339659146728,49800,99.14%,6,77.58%,0,185.76,$3.1,MIA 3,PHI 1,user21,1,marvalshot,9255,4678344703_21
Alec Burks (38240017),Colby Jones (38239966),Coby White (38239640),LeBron James (38239587),Tristan Vukcevic (38239923),Josh Giddey (38239598),Kenrich Williams (38239995),Bam Adebayo (38239623),274.9099609375,366.4694135127636,49900,99.46%,18,81.8%,0,228.6,$3.27,MIA 2,WAS 2,user35,1,marvalshot,8918,4678344695_35
Josh Giddey (38239598),Pelle Larsson (38240216),Jaylen Martin (38240062),LeBron James (38239587),Tristan Vukcevic (38239923),Shai Gilgeous-Alexander (38239580),Kyle Anderson (38240065),Isaiah Hartenstein (38239684),277.345,378.5255764974287,50000,99.98%,541,135.07%,0,219.55,$5.4,MIA 2,WAS 2,user20,1,marvalshot,8952,4678344696_20
Cason Wallace (38239919),Colby Jones (38239966),Jaylen Martin (38240062),Justin Champagnie (38239809),Tristan Vukcevic (38239923),Tyler Herro (38239631),LeBron James (38239587),Luka Doncic (38239577),276.8140625,370.73993209159164,49600,99.95%,158,116.17%,0,219.99,$4.65,WAS 4,LAL 2,user4,1,marvalshot,8984,4678344697_4
Chris Paul (38239879),Isaiah Joe (38239952),Justin Champagnie (38239809),Jalen Williams (38239627),Tristan Vukcevic (38239923),Coby White (38239640),Bam Adebayo (38239623),Pascal Siakam (38239649),270.5284765625,361.792873910745,49700,73.99%,0,10.62%,0,126.92,$0.42,OKC 2,WAS 2,user8,1,marvalshot,9037,4678344698_8
Tyler Herro (38239631),Carlton Carrington (38239793),Jaylen Martin (38240062),Bam Adebayo (38239623),Tristan Vukcevic (38239923),Shai Gilgeous-Alexander (38239580),Patrick Williams (38239940),Myles Turner (38239692),282.0675,377.4029132390975,50000,100.00%,18240,462.86%,0,199.51,$18.51,WAS 3,MIA 2,user30,41,marvalshot,9086,4678344699_30
Shai Gilgeous-Alexander (38239580),Tyrese Martin (38239908),Jaylen Martin (38240062),Bam Adebayo (38239623),Tristan Vukcevic (38239923),Chris Paul (38239879),Jaren Jackson Jr. (38239645),Isaiah Hartenstein (38239684),272.578515625,372.6978055476135,49500,91.72%,3,47.23%,0,166.26000000000002,$1.89,OKC 2,WAS 2,user30,1,marvalshot,9117,4678344700_30
Stephon Castle (38239688),Colby Jones (38239966),LeBron James (38239587),Jeremy Sochan (38239805),Tristan Vukcevic (38239923),Jared Butler (38239721),Bam Adebayo (38239623),Alexandre Sarr (38239686),271.304453125,368.03133012790886,49900,84.80%,0,28.23%,0,182.11,$1.13,WAS 3,SAS 2,user15,1,marvalshot,9151,4678344701_15
Josh Giddey (38239598),Colby Jones (38239966),Pelle Larsson (38240216),Kenrich Williams (38239995),Tristan Vukcevic (38239923),Tyler Herro (38239631),Bam Adebayo (38239623),Jayson Tatum (38239583),275.97996093750004,368.8094135127636,50000,99.84%,52,98.93%,0,236.45,$3.96,MIA 3,WAS 2,user36,1,marvalshot,9221,4678344702_36
Chris Paul (38239879),Pelle Larsson (38240216),Coby White (38239640),Sandro Mamukelashvili (38239955),Tristan Vukcevic (38239923),Tyler Herro (38239631),LeBron James (38239587),Bam Adebayo (38239623),274.45968750000003,370.7839659146728,49700,98.79%,16,74.39%,0,174.75,$2.98,MIA 3,SAS 2,user17,1,marvalshot,9251,4678344703_17
Shai Gilgeous-Alexander (38239580),Colby Jones (38239966),LeBron James (38239587),Bam Adebayo (38239623),Tristan Vukcevic (38239923),Davion Mitchell (38239876),Sandro Mamukelashvili (38239955),Rui Hachimura (38239763),274.8299609375,374.00941351276356,50000,99.07%,19,80.01%,0,196.72,$3.2,WAS 2,LAL 2,user3,1,marvalshot,8885,4678344695_3
Tyler Herro (38239631),Coby White (38239640),Jaylen Martin (38240062),Sandro Mamukelashvili (38239955),Tristan Vukcevic (38239923),Davion Mitchell (38239876),LeBron James (38239587),Bam Adebayo (38239623),277.385,372.2855764974287,49800,99.96%,547,134.22%,0,188.65999999999997,$5.37,MIA 3,WAS 2,user7,1,marvalshot,8939,4678344696_7
Tyler Herro (38239631),Colby Jones (38239966),Jaylen Martin (38240062),Justin Champagnie (38239809),Tristan Vukcevic (38239923),Shai Gilgeous-Alexander (38239580),Jalen Williams (38239627),Stephon Castle (38239688),276.7940625,374.5299320915917,49600,99.93%,167,115.71%,0,203.17000000000002,$4.63,WAS 4,OKC 2,user26,1,marvalshot,9006,4678344697_26
Shai Gilgeous-Alexander (38239580),Cason Wallace (38239919),Justin Champagnie (38239809),Kenrich Williams (38239995),Tristan Vukcevic (38239923),Blake Wesley (38240054),Anthony Davis (38239591),Josh Giddey (38239598),270.27847656250003,368.1528739107451,49100,73.62%,0,8.12%,0,203.21,$0.32,OKC 3,WAS 2,user1,1,marvalshot,9030,4678344698_1
Tyler Herro (38239631),Carlton Carrington (38239793),Jaylen Martin (38240062),Bam Adebayo (38239623),Tristan Vukcevic (38239923),Shai Gilgeous-Alexander (38239580),Patrick Williams (38239940),Myles Turner (38239692),282.0675,377.4029132390975,50000,100.00%,18240,462.86%,0,199.51,$18.51,WAS 3,MIA 2,user31,41,marvalshot,9086,4678344699_31
Shai Gilgeous-Alexander (38239580),Tyrese Martin (38239908),Jaylen Martin (38240062),Bam Adebayo (38239623),Tristan Vukcevic (38239923),Scotty Pippen Jr. (38239706),Kyle Anderson (38240065),LeBron James (38239587),272.488515625,373.90780554761346,49700,92.72%,0,46.38%,0,194.19,$1.86,WAS 2,MIA 2,user41,1,marvalshot,9128,4678344700_41
Tyler Herro (38239631),Colby Jones (38239966),Jaylen Wells (38239987),Anthony Davis (38239591),Tristan Vukcevic (38239923),Shai Gilgeous-Alexander (38239580),Kenrich Williams (38239995),Alexandre Sarr (38239686),271.244453125,372.2413301279089,49800,84.88%,0,27.5%,0,220.23000000000002,$1.1,WAS 3,OKC 2,user7,1,marvalshot,9143,4678344701_7
Josh Giddey (38239598),Colby Jones (38239966),Coby White (38239640),LeBron James (38239587),Tristan Vukcevic (38239923),Tyler Herro (38239631),Sandro Mamukelashvili (38239955),Kyle Anderson (38240065),275.8299609375,371.13941351276355,49800,99.73%,85,97.76%,0,212.42999999999998,$3.91,CHI 2,WAS 2,user14,1,marvalshot,9199,4678344702_14
Tyler Herro (38239631),Coby White (38239640),Haywood Highsmith (38239983),Kyle Anderson (38240065),Tristan Vukcevic (38239923),Isaiah Joe (38239952),Bam Adebayo (38239623),Shai Gilgeous-Alexander (38239580),274.4296875,370.4139659146728,49700,98.54%,7,74.15%,0,176.85,$2.97,MIA 4,OKC 2,user39,1,marvalshot,9273,4678344703_39
Shai Gilgeous-Alexander (38239580),Colby Jones (38239966),Haywood Highsmith (38239983),Bam Adebayo (38239623),Tristan Vukcevic (38239923),Isaiah Joe (38239952),Kevin Huerter (38239725),LeBron James (38239587),274.7699609375,369.0294135127636,49600,99.18%,12,78.42%,0,210.9,$3.14,OKC 2,WAS 2,user44,1,marvalshot,8927,4678344695_44
Shai Gilgeous-Alexander (38239580),Jared Butler (38239721),Jaylen Martin (38240062),Kyle Anderson (38240065),Tristan Vukcevic (38239923),Tyler Herro (38239631),LeBron James (38239587),Adem Bona (38239840),277.385,379.12557649742865,49900,99.97%,474,133.71%,0,207.78,$5.35,PHI 2,WAS 2,user5,1,marvalshot,8937,4678344696_5
Josh Giddey (38239598),Colby Jones (38239966),Jaylen Martin (38240062),Justin Champagnie (38239809),Tristan Vukcevic (38239923),Jared Butler (38239721),Coby White (38239640),Shai Gilgeous-Alexander (38239580),276.74406250000004,368.73993209159175,49500,99.96%,147,115.51%,0,206.16000000000003,$4.62,WAS 4,CHI 2,user16,1,marvalshot,8996,4678344697_16
Tyler Herro (38239631),Stephon Castle (38239688),Justin Champagnie (38239809),Anthony Davis (38239591),Tristan Vukcevic (38239923),Dalen Terry (38240008),Kyle Anderson (38240065),LeBron James (38239587),270.2684765625,371.36287391074507,50000,72.30%,0,6.4%,0,164.49,$0.26,MIA 2,WAS 2,user39,1,marvalshot,9068,4678344698_39
Tyler Herro (38239631),Carlton Carrington (38239793),Jaylen Martin (38240062),Bam Adebayo (38239623),Tristan Vukcevic (38239923),Shai Gilgeous-Alexander (38239580),Patrick Williams (38239940),Myles Turner (38239692),282.0675,377.4029132390975,50000,100.00%,18240,462.86%,0,199.51,$18.51,WAS 3,MIA 2,user32,41,marvalshot,9086,4678344699_32
Davion Mitchell (38239876),Tyrese Martin (38239908),Jaylen Martin (38240062),LeBron James (38239587),Tristan Vukcevic (38239923),Josh Giddey (38239598),Harrison Barnes (38239948),Shai Gilgeous-Alexander (38239580),272.208515625,364.6878055476135,49100,90.79%,0,42.27%,0,202.0,$1.69,WAS 2,MIA 1,user6,1,marvalshot,9093,4678344700_6
Shai Gilgeous-Alexander (38239580),Colby Jones (38239966),LeBron James (38239587),Kyle Anderson (38240065),Tristan Vukcevic (38239923),Jaylen Brown (38239618),Julian Champagnie (38239978),Alexandre Sarr (38239686),271.124453125,370.9413301279089,50000,82.86%,0,24.42%,0,197.57999999999998,$0.98,WAS 3,OKC 1,user19,1,marvalshot,9155,4678344701_19
Tyler Herro (38239631),Colby Jones (38239966),Keldon Johnson (38239818),Bam Adebayo (38239623),Tristan Vukcevic (38239923),Jared Butler (38239721),Kevin Huerter (38239725),Josh Giddey (38239598),275.80996093749997,364.90941351276354,50000,99.74%,94,96.74%,0,204.09000000000003,$3.87,MIA 2,WAS 2,user29,1,marvalshot,9214,4678344702_29
Tyler Herro (38239631),Cason Wallace (38239919),LeBron James (38239587),Obi Toppin (38239899),Tristan Vukcevic (38239923),Davion Mitchell (38239876),Bam Adebayo (38239623),Isaiah Hartenstein (38239684),274.3696875,368.8939659146728,50000,98.42%,12,73.37%,0,175.61,$2.93,MIA 3,OKC 2,user23,1,marvalshot,9257,4678344703_23
Tyler Herro (38239631),Colby Jones (38239966),Pelle Larsson (38240216),Kenrich Williams (38239995),Tristan Vukcevic (38239923),Shai Gilgeous-Alexander (38239580),Jayson Tatum (38239583),Isaiah Hartenstein (38239684),274.6699609375,374.24941351276357,50000,99.09%,8,77.57%,0,218.14999999999998,$3.1,OKC 3,MIA 2,user21,1,marvalshot,8904,4678344695_21
Tyler Herro (38239631),Coby White (38239640),Jaylen Martin (38240062),Kenrich Williams (38239995),Tristan Vukcevic (38239923),Shai Gilgeous-Alexander (38239580),Bam Adebayo (38239623),Sandro Mamukelashvili (38239955),277.435,377.32557649742864,49700,99.96%,445,132.51%,0,206.99,$5.3,MIA 2,WAS 2,user29,1,marvalshot,8961,4678344696_29
Tyler Herro (38239631),Colby Jones (38239966),Jaylen Martin (38240062),Justin Champagnie (38239809),Tristan Vukcevic (38239923),Luka Doncic (38239577),Harrison Barnes (38239948),Shai Gilgeous-Alexander (38239580),276.6740625,374.0599320915917,50000,99.91%,143,112.89%,0,208.18,$4.52,WAS 4,MIA 1,user45,1,marvalshot,9025,4678344697_45
Blake Wesley (38240054),Quentin Grimes (38239604),Justin Champagnie (38239809),Bam Adebayo (38239623),Tristan Vukcevic (38239923),Stephon Castle (38239688),LeBron James (38239587),Kenrich Williams (38239995),269.9184765625,364.13287391074505,49400,68.27%,0,-0.68%,0,182.14,$-0.03,SAS 2,WAS 2,user45,1,marvalshot,9074,4678344698_45
Tyler Herro (38239631),Carlton Carrington (38239793),Jaylen Martin (38240062),Bam Adebayo (38239623),Tristan Vukcevic (38239923),Shai Gilgeous-Alexander (38239580),Patrick Williams (38239940),Myles Turner (38239692),282.0675,377.4029132390975,50000,100.00%,18240,462.86%,0,199.51,$18.51,WAS 3,MIA 2,user33,41,marvalshot,9086,4678344699_33
Shai Gilgeous-Alexander (38239580),Tyrese Martin (38239908),Jaylen Martin (38240062),Kenrich Williams (38239995),Tristan Vukcevic (38239923),Jared Butler (38239721),Anthony Davis (38239591),Bam Adebayo (38239623),271.938515625,374.72780554761346,49600,89.38%,0,38.53%,0,194.64000000000001,$1.54,OKC 2,WAS 2,user31,1,marvalshot,9118,4678344700_31
Blake Wesley (38240054),Colby Jones (38239966),Jayson Tatum (38239583),LeBron James (38239587),Tristan Vukcevic (38239923),Josh Giddey (38239598),Kyle Anderson (38240065),Alexandre Sarr (38239686),270.64445312500004,367.1213301279089,49700,78.05%,0,15.75%,0,214.82,$0.63,WAS 3,SAS 1,user21,1,marvalshot,9157,4678344701_21
Shai Gilgeous-Alexander (38239580),Colby Jones (38239966),Kevin Huerter (38239725),Kyle Anderson (38240065),Tristan Vukcevic (38239923),Andrew Nembhard (38239749),Bam Adebayo (38239623),Tyler Herro (38239631),275.8899609375,369.2194135127636,49600,99.77%,50,96.41%,0,211.18,$3.86,MIA 3,WAS 2,user24,1,marvalshot,9209,4678344702_24
Shai Gilgeous-Alexander (38239580),Pelle Larsson (38240216),Kevin Huerter (38239725),LeBron James (38239587),Tristan Vukcevic (38239923),Lonnie Walker IV (38239857),Kyle Anderson (38240065),Tyler Herro (38239631),274.3796875,370.5839659146728,49600,98.95%,2,72.82%,0,197.99,$2.91,MIA 3,OKC 1,user46,1,marvalshot,9280,4678344703_46
Shai Gilgeous-Alexander (38239580),Colby Jones (38239966),Haywood Highsmith (38239983),Bam Adebayo (38239623),Tristan Vukcevic (38239923),Davion Mitchell (38239876),Coby White (38239640),Nikola Vucevic (38239665),274.4599609375,366.51941351276355,50000,98.35%,23,75.56%,0,180.75,$3.02,MIA 3,WAS 2,user33,1,marvalshot,8916,4678344695_33
Shai Gilgeous-Alexander (38239580),Pelle Larsson (38240216),Jaylen Martin (38240062),LeBron James (38239587),Tristan Vukcevic (38239923),Tyler Herro (38239631),Patrick Williams (38239940),Isaiah Hartenstein (38239684),277.365,377.7755764974287,49800,99.96%,476,131.38%,0,211.16,$5.26,OKC 2,MIA 2,user22,1,marvalshot,8954,4678344696_22
Shai Gilgeous-Alexander (38239580),Colby Jones (38239966),Jaylen Martin (38240062),Justin Champagnie (38239809),Tristan Vukcevic (38239923),Blake Wesley (38240054),Bam Adebayo (38239623),Luka Doncic (38239577),276.3140625,375.6999320915917,49600,99.88%,79,104.85%,0,214.19,$4.19,WAS 4,OKC 1,user17,1,marvalshot,8997,4678344697_17
Josh Giddey (38239598),Jared Butler (38239721),Justin Champagnie (38239809),Sandro Mamukelashvili (38239955),Tristan Vukcevic (38239923),Julian Champagnie (38239978),Jaren Jackson Jr. (38239645),LeBron James (38239587),269.7584765625,363.74287391074506,49000,65.15%,0,-5.41%,0,152.33999999999997,$-0.22,WAS 2,SAS 2,user12,1,marvalshot,9041,4678344698_12
Tyler Herro (38239631),Carlton Carrington (38239793),Jaylen Martin (38240062),Bam Adebayo (38239623),Tristan Vukcevic (38239923),Shai Gilgeous-Alexander (38239580),Patrick Williams (38239940),Myles Turner (38239692),282.0675,377.4029132390975,50000,100.00%,18240,462.86%,0,199.51,$18.51,WAS 3,MIA 2,user34,41,marvalshot,9086,4678344699_34
Tyler Herro (38239631),Tyrese Martin (38239908),Jaylen Martin (38240062),Bam Adebayo (38239623),Tristan Vukcevic (38239923),Luka Doncic (38239577),Sandro Mamukelashvili (38239955),Stephon Castle (38239688),271.978515625,370.2678055476135,50000,88.07%,0,37.41%,0,160.32999999999998,$1.5,MIA 2,WAS 2,user28,1,marvalshot,9115,4678344700_28
Tyler Herro (38239631),Colby Jones (38239966),Kevin Huerter (38239725),Kenrich Williams (38239995),Tristan Vukcevic (38239923),Luka Doncic (38239577),Santi Aldama (38239711),Alexandre Sarr (38239686),270.614453125,360.58133012790887,49700,77.25%,0,14.56%,0,206.95,$0.58,WAS 3,MIA 1,user43,1,marvalshot,9179,4678344701_43
Shai Gilgeous-Alexander (38239580),Colby Jones (38239966),LeBron James (38239587),Harrison Barnes (38239948),Tristan Vukcevic (38239923),Kevin Huerter (38239725),Kenrich Williams (38239995),Tyler Herro (38239631),275.86996093749997,370.1194135127636,49500,99.84%,24,95.6%,0,239.35000000000002,$3.82,OKC 2,WAS 2,user44,1,marvalshot,9229,4678344702_44
Shai Gilgeous-Alexander (38239580),Jared Butler (38239721),Jalen Williams (38239627),Kenrich Williams (38239995),Tristan Vukcevic (38239923),Davion Mitchell (38239876),Pelle Larsson (38240216),LeBron James (38239587),274.2596875,370.4439659146728,50000,98.67%,6,72.22%,0,193.81,$2.89,OKC 3,MIA 2,user4,1,marvalshot,9238,4678344703_4
Shai Gilgeous-Alexander (38239580),Colby Jones (38239966),Pelle Larsson (38240216),Pascal Siakam (38239649),Tristan Vukcevic (38239923),Davion Mitchell (38239876),Coby White (38239640),Tyler Herro (38239631),274.3499609375,364.87941351276356,50000,98.50%,19,73.72%,0,193.97,$2.95,MIA 3,WAS 2,user42,1,marvalshot,8925,4678344695_42
Shai Gilgeous-Alexander (38239580),Pelle Larsson (38240216),Jaylen Martin (38240062),LeBron James (38239587),Tristan Vukcevic (38239923),Davion Mitchell (38239876),Bam Adebayo (38239623),Kevin Huerter (38239725),277.305,370.73557649742867,49500,99.98%,337,128.59%,0,212.54,$5.14,MIA 3,WAS 2,user23,1,marvalshot,8955,4678344696_23
Luka Doncic (38239577),Colby Jones (38239966),Jaylen Martin (38240062),Justin Champagnie (38239809),Tristan Vukcevic (38239923),Davion Mitchell (38239876),Bam Adebayo (38239623),Josh Giddey (38239598),276.2440625,366.1099320915917,49200,99.86%,90,104.59%,0,212.92000000000002,$4.18,WAS 4,MIA 2,user20,1,marvalshot,9000,4678344697_20
Tyrese Haliburton (38239612),Julian Champagnie (38239978),Justin Champagnie (38239809),Bam Adebayo (38239623),Tristan Vukcevic (38239923),Jaime Jaquez Jr. (38240031),Pascal Siakam (38239649),Josh Giddey (38239598),269.7084765625,360.422873910745,50000,63.71%,0,-6.82%,0,139.60000000000002,$-0.27,IND 2,WAS 2,user2,1,marvalshot,9031,4678344698_2
Tyler Herro (38239631),Carlton Carrington (38239793),Jaylen Martin (38240062),Bam Adebayo (38239623),Tristan Vukcevic (38239923),Shai Gilgeous-Alexander (38239580),Patrick Williams (38239940),Myles Turner (38239692),282.0675,377.4029132390975,50000,100.00%,18240,462.86%,0,199.51,$18.51,WAS 3,MIA 2,user35,41,marvalshot,9086,4678344699_35
Scotty Pippen Jr. (38239706),Tyrese Martin (38239908),Jaylen Martin (38240062),LeBron James (38239587),Tristan Vukcevic (38239923),Shai Gilgeous-Alexander (38239580),Kyle Anderson (38240065),Tyler Herro (38239631),271.748515625,371.9178055476135,49600,88.00%,0,35.09%,0,199.91,$1.4,WAS 2,MIA 2,user46,1,marvalshot,9133,4678344700_46
Tyler Herro (38239631),Colby Jones (38239966),Jaylen Wells (38239987),Bam Adebayo (38239623),Tristan Vukcevic (38239923),Jared Butler (38239721),Anthony Davis (38239591),Alexandre Sarr (38239686),270.574453125,368.56133012790883,50000,76.33%,0,13.1%,0,185.19,$0.52,WAS 3,MIA 2,user26,1,marvalshot,9162,4678344701_26
Josh Giddey (38239598),Colby Jones (38239966),Keldon Johnson (38239818),LeBron James (38239587),Tristan Vukcevic (38239923),Tyler Herro (38239631),Kyle Anderson (38240065),Isaiah Hartenstein (38239684),275.51996093750006,372.8094135127636,49600,99.62%,63,92.06%,0,220.10999999999999,$3.68,WAS 2,MIA 2,user38,1,marvalshot,9223,4678344702_38
Tyler Herro (38239631),Cason Wallace (38239919),LeBron James (38239587),Santi Aldama (38239711),Tristan Vukcevic (38239923),Shai Gilgeous-Alexander (38239580),Sandro Mamukelashvili (38239955),Kyle Anderson (38240065),274.26968750000003,376.32396591467284,49900,98.17%,10,71.66%,0,184.23000000000002,$2.87,MIA 2,OKC 2,user49,1,marvalshot,9283,4678344703_49
Blake Wesley (38240054),Colby Jones (38239966),Kevin Huerter (38239725),LeBron James (38239587),Tristan Vukcevic (38239923),Shai Gilgeous-Alexander (38239580),Patrick Williams (38239940),Tyler Herro (38239631),274.42996093749997,368.87941351276356,49400,98.88%,4,73.4%,0,226.06,$2.94,WAS 2,CHI 2,user30,1,marvalshot,8913,4678344695_30
Shai Gilgeous-Alexander (38239580),Cason Wallace (38239919),Jaylen Martin (38240062),Bam Adebayo (38239623),Tristan Vukcevic (38239923),Kevin Huerter (38239725),Kenrich Williams (38239995),LeBron James (38239587),277.255,372.8455764974287,49600,99.99%,265,125.62%,0,229.08999999999997,$5.02,OKC 3,WAS 2,user30,1,marvalshot,8962,4678344696_30
Tyrese Haliburton (38239612),Colby Jones (38239966),Jaylen Martin (38240062),Justin Champagnie (38239809),Tristan Vukcevic (38239923),Jared Butler (38239721),Bam Adebayo (38239623),Shai Gilgeous-Alexander (38239580),276.2940625,372.6799320915917,49500,99.87%,63,104.14%,0,195.85000000000002,$4.17,WAS 4,IND 1,user48,1,marvalshot,9028,4678344697_48
Luke Kennard (38239864),Andrew Nembhard (38239749),Justin Champagnie (38239809),Matas Buzelis (38239854),Tristan Vukcevic (38239923),Shai Gilgeous-Alexander (38239580),Kevin Huerter (38239725),LeBron James (38239587),269.4384765625,359.4428739107451,50000,60.53%,0,-12.88%,0,154.79000000000002,$-0.52,WAS 2,CHI 2,user10,1,marvalshot,9039,4678344698_10
Tyler Herro (38239631),Carlton Carrington (38239793),Jaylen Martin (38240062),Bam Adebayo (38239623),Tristan Vukcevic (38239923),Shai Gilgeous-Alexander (38239580),Patrick Williams (38239940),Myles Turner (38239692),282.0675,377.4029132390975,50000,100.00%,18240,462.86%,0,199.51,$18.51,WAS 3,MIA 2,user36,41,marvalshot,9086,4678344699_36
Jared Butler (38239721),Tyrese Martin (38239908),Jaylen Martin (38240062),LeBron James (38239587),Tristan Vukcevic (38239923),Josh Giddey (38239598),Kevin Huerter (38239725),Isaiah Hartenstein (38239684),271.468515625,361.4078055476135,49100,85.19%,0,30.09%,0,182.98000000000002,$1.2,WAS 2,CHI 2,user9,1,marvalshot,9096,4678344700_9
Shai Gilgeous-Alexander (38239580),Colby Jones (38239966),Jaylen Brown (38239618),Patrick Williams (38239940),Tristan Vukcevic (38239923),Tyler Herro (38239631),Kenrich Williams (38239995),Alexandre Sarr (38239686),270.424453125,365.43133012790884,49000,75.78%,0,11.48%,0,218.02999999999997,$0.46,WAS 3,OKC 2,user38,1,marvalshot,9174,4678344701_38
Josh Giddey (38239598),Colby Jones (38239966),Keldon Johnson (38239818),Jalen Williams (38239627),Tristan Vukcevic (38239923),Tyler Herro (38239631),Kenrich Williams (38239995),Bam Adebayo (38239623),275.53996093750004,369.3494135127636,50000,99.65%,51,91.7%,0,225.54,$3.67,WAS 2,OKC 2,user7,1,marvalshot,9192,4678344702_7
Shai Gilgeous-Alexander (38239580),Kevin Huerter (38239725),Keldon Johnson (38239818),Jalen Williams (38239627),Tristan Vukcevic (38239923),Davion Mitchell (38239876),Kenrich Williams (38239995),Bam Adebayo (38239623),274.2196875,367.6339659146728,50000,98.31%,8,71.27%,0,180.26,$2.85,OKC 3,MIA 2,user11,1,marvalshot,9245,4678344703_11
Cason Wallace (38239919),Colby Jones (38239966),LeBron James (38239587),Bam Adebayo (38239623),Tristan Vukcevic (38239923),Isaiah Joe (38239952),Jaren Jackson Jr. (38239645),Tyler Herro (38239631),274.3099609375,368.4394135127636,49800,98.51%,10,72.12%,0,209.54000000000002,$2.88,OKC 2,WAS 2,user38,1,marvalshot,8921,4678344695_38
Tyler Herro (38239631),Lonnie Walker IV (38239857),Jaylen Martin (38240062),Bam Adebayo (38239623),Tristan Vukcevic (38239923),Shai Gilgeous-Alexander (38239580),Kenrich Williams (38239995),Nikola Vucevic (38239665),277.165,377.5055764974287,50000,99.96%,345,125.23%,0,212.26999999999998,$5.01,MIA 2,WAS 2,user17,1,marvalshot,8949,4678344696_17
Stephon Castle (38239688),Colby Jones (38239966),Jaylen Martin (38240062),Justin Champagnie (38239809),Tristan Vukcevic (38239923),Shai Gilgeous-Alexander (38239580),Coby White (38239640),Tyler Herro (38239631),276.2040625,370.3499320915917,49200,99.85%,56,102.48%,0,203.07,$4.1,WAS 4,SAS 1,user46,1,marvalshot,9026,4678344697_46
Tyler Herro (38239631),Lonnie Walker IV (38239857),Justin Champagnie (38239809),Anthony Davis (38239591),Tristan Vukcevic (38239923),Shai Gilgeous-Alexander (38239580),Jaime Jaquez Jr. (38240031),Chris Paul (38239879),269.4084765625,372.53287391074514,49800,59.90%,0,-13.11%,0,150.17,$-0.52,MIA 2,WAS 2,user31,1,marvalshot,9060,4678344698_31
Tyler Herro (38239631),Carlton Carrington (38239793),Jaylen Martin (38240062),Bam Adebayo (38239623),Tristan Vukcevic (38239923),Shai Gilgeous-Alexander (38239580),Patrick Williams (38239940),Myles Turner (38239692),282.0675,377.4029132390975,50000,100.00%,18240,462.86%,0,199.51,$18.51,WAS 3,MIA 2,user37,41,marvalshot,9086,4678344699_37
Shai Gilgeous-Alexander (38239580),Tyrese Martin (38239908),Jaylen Martin (38240062),Kyle Anderson (38240065),Tristan Vukcevic (38239923),Kevin Huerter (38239725),Anthony Davis (38239591),Josh Giddey (38239598),271.378515625,369.4578055476135,50000,83.88%,0,27.93%,0,191.69,$1.12,WAS 2,CHI 2,user11,1,marvalshot,9098,4678344700_11
Shai Gilgeous-Alexander (38239580),Colby Jones (38239966),Baylor Scheierman (38239999),Bam Adebayo (38239623),Tristan Vukcevic (38239923),Tyler Herro (38239631),Jeremy Sochan (38239805),Alexandre Sarr (38239686),270.454453125,368.3313301279088,49800,75.16%,0,10.68%,0,198.67000000000002,$0.43,WAS 3,MIA 2,user23,1,marvalshot,9159,4678344701_23
Tyler Herro (38239631),Colby Jones (38239966),Julian Champagnie (38239978),Kyle Anderson (38240065),Tristan Vukcevic (38239923),Shai Gilgeous-Alexander (38239580),Coby White (38239640),Bam Adebayo (38239623),275.4799609375,372.57941351276355,49600,99.60%,39,89.89%,0,202.87,$3.6,MIA 3,WAS 2,user43,1,marvalshot,9228,4678344702_43
Davion Mitchell (38239876),Jared Butler (38239721),Pelle Larsson (38240216),LeBron James (38239587),Tristan Vukcevic (38239923),Shai Gilgeous-Alexander (38239580),Kenrich Williams (38239995),Kristaps Porzingis (38239634),274.1596875,369.5339659146728,49800,98.52%,8,71.19%,0,191.78999999999996,$2.85,MIA 2,OKC 2,user31,1,marvalshot,9265,4678344703_31
Shai Gilgeous-Alexander (38239580),Colby Jones (38239966),Kevin Huerter (38239725),LeBron James (38239587),Tristan Vukcevic (38239923),Cason Wallace (38239919),Kenrich Williams (38239995),Kristaps Porzingis (38239634),274.2599609375,367.7294135127636,49900,98.90%,8,71.43%,0,219.64,$2.86,OKC 3,WAS 2,user27,1,marvalshot,8910,4678344695_27
Shai Gilgeous-Alexander (38239580),Kevin Huerter (38239725),Jaylen Martin (38240062),Kenrich Williams (38239995),Tristan Vukcevic (38239923),Josh Giddey (38239598),LeBron James (38239587),Sandro Mamukelashvili (38239955),277.065,374.58557649742863,50000,99.98%,319,124.17%,0,226.79000000000002,$4.97,OKC 2,CHI 2,user45,1,marvalshot,8976,4678344696_45
Tyler Herro (38239631),Colby Jones (38239966),Jaylen Martin (38240062),Justin Champagnie (38239809),Tristan Vukcevic (38239923),Josh Giddey (38239598),Jalen Williams (38239627),Kristaps Porzingis (38239634),276.0940625,367.63993209159173,49700,99.77%,91,102.32%,0,204.33,$4.09,WAS 4,MIA 1,user,1,marvalshot,2997,4678344697
Jrue Holiday (38239745),Pelle Larsson (38240216),Justin Champagnie (38239809),Bam Adebayo (38239623),Tristan Vukcevic (38239923),Jared Butler (38239721),Kevin Huerter (38239725),Luka Doncic (38239577),269.2584765625,356.44287391074505,49800,58.01%,0,-16.68%,0,140.32,$-0.67,MIA 2,WAS 2,user,1,marvalshot,2699,4678344698
Tyler Herro (38239631),Carlton Carrington (38239793),Jaylen Martin (38240062),Bam Adebayo (38239623),Tristan Vukcevic (38239923),Shai Gilgeous-Alexander (38239580),Patrick Williams (38239940),Myles Turner (38239692),282.0675,377.4029132390975,50000,100.00%,18240,462.86%,0,199.51,$18.51,WAS 3,MIA 2,user38,41,marvalshot,9086,4678344699_38
Luka Doncic (38239577),Tyrese Martin (38239908),Jaylen Martin (38240062),Kyle Anderson (38240065),Tristan Vukcevic (38239923),Josh Giddey (38239598),Bam Adebayo (38239623),Kel'el Ware (38239743),271.338515625,366.6078055476135,49600,83.03%,1,26.66%,0,177.44,$1.07,MIA 3,WAS 2,user1,1,marvalshot,9088,4678344700_1
Tyler Herro (38239631),Colby Jones (38239966),LeBron James (38239587),Anthony Davis (38239591),Tristan Vukcevic (38239923),Alex Caruso (38239914),Kenrich Williams (38239995),Alexandre Sarr (38239686),270.314453125,370.67133012790885,49700,74.33%,0,8.84%,0,224.17000000000002,$0.35,WAS 3,OKC 2,user14,1,marvalshot,9150,4678344701_14
Tyler Herro (38239631),Colby Jones (38239966),LeBron James (38239587),Kenrich Williams (38239995),Tristan Vukcevic (38239923),Coby White (38239640),Kevin Huerter (38239725),Myles Turner (38239692),275.4299609375,362.8794135127636,49800,99.66%,33,89.66%,0,215.79,$3.59,WAS 2,CHI 2,user9,1,marvalshot,9194,4678344702_9
Jared Butler (38239721),Isaiah Joe (38239952),Pelle Larsson (38240216),LeBron James (38239587),Tristan Vukcevic (38239923),Stephon Castle (38239688),Bam Adebayo (38239623),Tyler Herro (38239631),274.20968750000003,369.6139659146728,49900,98.46%,6,70.95%,0,180.32999999999998,$2.84,MIA 3,PHI 1,user34,1,marvalshot,9268,4678344703_34
Shai Gilgeous-Alexander (38239580),Colby Jones (38239966),LeBron James (38239587),Patrick Williams (38239940),Tristan Vukcevic (38239923),Pelle Larsson (38240216),Bam Adebayo (38239623),Santi Aldama (38239711),274.2099609375,371.87941351276356,49600,98.61%,3,70.38%,0,214.91000000000003,$2.82,WAS 2,MIA 2,user20,1,marvalshot,8903,4678344695_20
Tyler Herro (38239631),Jared Butler (38239721),Jaylen Martin (38240062),LeBron James (38239587),Tristan Vukcevic (38239923),Pelle Larsson (38240216),Bam Adebayo (38239623),Isaiah Hartenstein (38239684),277.03499999999997,374.9855764974286,49600,99.94%,311,123.1%,0,201.14,$4.92,MIA 3,WAS 2,user15,1,marvalshot,8947,4678344696_15
Shai Gilgeous-Alexander (38239580),Colby Jones (38239966),Jaylen Martin (38240062),Justin Champagnie (38239809),Tristan Vukcevic (38239923),Jaime Jaquez Jr. (38240031),Bam Adebayo (38239623),Luka Doncic (38239577),276.1140625,376.3099320915917,49800,99.83%,70,101.35%,0,200.17000000000002,$4.05,WAS 4,MIA 2,user37,1,marvalshot,9017,4678344697_37
Chris Paul (38239879),Stephon Castle (38239688),Justin Champagnie (38239809),Pascal Siakam (38239649),Tristan Vukcevic (38239923),Shai Gilgeous-Alexander (38239580),Coby White (38239640),Bismack Biyombo (38240021),269.2384765625,363.06287391074505,49900,57.59%,0,-16.91%,0,122.13,$-0.68,SAS 3,WAS 2,user33,1,marvalshot,9062,4678344698_33
Tyler Herro (38239631),Carlton Carrington (38239793),Jaylen Martin (38240062),Bam Adebayo (38239623),Tristan Vukcevic (38239923),Shai Gilgeous-Alexander (38239580),Patrick Williams (38239940),Myles Turner (38239692),282.0675,377.4029132390975,50000,100.00%,18240,462.86%,0,199.51,$18.51,WAS 3,MIA 2,user39,41,marvalshot,9086,4678344699_39
Shai Gilgeous-Alexander (38239580),Tyrese Martin (38239908),Jaylen Martin (38240062),Kenrich Williams (38239995),Tristan Vukcevic (38239923),Jared Butler (38239721),Anthony Davis (38239591),Tyler Herro (38239631),271.19851562499997,372.73780554761345,49500,82.99%,0,25.41%,0,200.36,$1.02,OKC 2,WAS 2,user34,1,marvalshot,9121,4678344700_34
Tyrese Haliburton (38239612),Colby Jones (38239966),LeBron James (38239587),Bam Adebayo (38239623),Tristan Vukcevic (38239923),Chris Paul (38239879),Sandro Mamukelashvili (38239955),Alexandre Sarr (38239686),270.314453125,368.3713301279089,49300,72.80%,0,7.14%,0,181.82,$0.29,WAS 3,SAS 2,user17,1,marvalshot,9153,4678344701_17
Shai Gilgeous-Alexander (38239580),Colby Jones (38239966),Jalen Williams (38239627),Bam Adebayo (38239623),Tristan Vukcevic (38239923),Davion Mitchell (38239876),Kevin Huerter (38239725),Adem Bona (38239840),275.3299609375,367.74941351276357,50000,99.35%,62,89.29%,0,188.58999999999997,$3.57,OKC 2,WAS 2,user47,1,marvalshot,9232,4678344702_47
Shai Gilgeous-Alexander (38239580),Aaron Nesmith (38239830),Keldon Johnson (38239818),Kyle Anderson (38240065),Tristan Vukcevic (38239923),Tyler Herro (38239631),LeBron James (38239587),Davion Mitchell (38239876),274.1996875,371.4739659146728,49900,98.37%,5,70.74%,0,189.93,$2.83,MIA 3,OKC 1,user10,1,marvalshot,9244,4678344703_10
Josh Giddey (38239598),Colby Jones (38239966),Jalen Williams (38239627),Kenrich Williams (38239995),Tristan Vukcevic (38239923),Kevin Huerter (38239725),Bam Adebayo (38239623),Isaiah Hartenstein (38239684),274.0599609375,365.1194135127636,49700,98.22%,6,69.32%,0,211.14999999999998,$2.77,OKC 3,CHI 2,user41,1,marvalshot,8924,4678344695_41
Davion Mitchell (38239876),Pelle Larsson (38240216),Jaylen Martin (38240062),Bam Adebayo (38239623),Tristan Vukcevic (38239923),Tyler Herro (38239631),Jaren Jackson Jr. (38239645),Shai Gilgeous-Alexander (38239580),277.095,372.8655764974287,49900,99.96%,289,122.76%,0,201.8,$4.91,MIA 4,WAS 2,user43,1,marvalshot,8974,4678344696_43
Josh Giddey (38239598),Colby Jones (38239966),Jaylen Martin (38240062),Justin Champagnie (38239809),Tristan Vukcevic (38239923),Tyler Herro (38239631),Guerschon Yabusele (38239753),Shai Gilgeous-Alexander (38239580),276.0140625,369.2799320915917,49300,99.82%,28,97.83%,0,226.10000000000002,$3.91,WAS 4,CHI 1,user24,1,marvalshot,9004,4678344697_24
Davion Mitchell (38239876),Stephon Castle (38239688),Justin Champagnie (38239809),Jalen Williams (38239627),Tristan Vukcevic (38239923),Tyler Herro (38239631),Jaime Jaquez Jr. (38240031),Jayson Tatum (38239583),269.22847656249996,361.99287391074506,50000,57.19%,0,-17.23%,0,126.6,$-0.69,MIA 3,WAS 2,user48,1,marvalshot,9077,4678344698_48
Tyler Herro (38239631),Carlton Carrington (38239793),Jaylen Martin (38240062),Bam Adebayo (38239623),Tristan Vukcevic (38239923),Shai Gilgeous-Alexander (38239580),Patrick Williams (38239940),Myles Turner (38239692),282.0675,377.4029132390975,50000,100.00%,18240,462.86%,0,199.51,$18.51,WAS 3,MIA 2,user40,41,marvalshot,9086,4678344699_40
Davion Mitchell (38239876),Tyrese Martin (38239908),Jaylen Martin (38240062),Pascal Siakam (38239649),Tristan Vukcevic (38239923),Tyrese Haliburton (38239612),Bam Adebayo (38239623),Josh Giddey (38239598),271.238515625,358.73780554761345,50000,81.69%,1,24.62%,0,167.04000000000002,$0.98,MIA 2,WAS 2,user21,1,marvalshot,9108,4678344700_21
Stephon Castle (38239688),Colby Jones (38239966),Jayson Tatum (38239583),Kyle Anderson (38240065),Tristan Vukcevic (38239923),Kevin Huerter (38239725),LeBron James (38239587),Alexandre Sarr (38239686),270.194453125,364.6913301279089,49900,71.64%,0,5.09%,0,184.42000000000002,$0.2,WAS 3,SAS 1,user3,1,marvalshot,9139,4678344701_3
Tyler Herro (38239631),Colby Jones (38239966),Kevin Huerter (38239725),Pascal Siakam (38239649),Tristan Vukcevic (38239923),Jared Butler (38239721),LeBron James (38239587),Davion Mitchell (38239876),275.3399609375,363.2194135127636,50000,99.46%,52,89.2%,0,194.4,$3.57,MIA 2,WAS 2,user15,1,marvalshot,9200,4678344702_15
Tyler Herro (38239631),Pelle Larsson (38240216),Coby White (38239640),Patrick Williams (38239940),Tristan Vukcevic (38239923),Kevin Huerter (38239725),LeBron James (38239587),Isaiah Hartenstein (38239684),274.1396875,363.34396591467276,49900,98.28%,8,70.68%,0,173.20999999999998,$2.83,CHI 3,MIA 2,user42,1,marvalshot,9276,4678344703_42
Shai Gilgeous-Alexander (38239580),Colby Jones (38239966),Haywood Highsmith (38239983),Jalen Williams (38239627),Tristan Vukcevic (38239923),Tyler Herro (38239631),Bam Adebayo (38239623),Blake Wesley (38240054),273.8499609375,371.7194135127636,50000,97.46%,7,65.63%,0,204.55,$2.63,MIA 3,OKC 2,user46,1,marvalshot,8929,4678344695_46
Josh Giddey (38239598),Kevin Huerter (38239725),Jaylen Martin (38240062),LeBron James (38239587),Tristan Vukcevic (38239923),Jared Butler (38239721),Kenrich Williams (38239995),Tyler Herro (38239631),277.025,367.2355764974286,49900,99.96%,261,122.55%,0,231.03,$4.9,CHI 2,WAS 2,user16,1,marvalshot,8948,4678344696_16
Tyler Herro (38239631),Colby Jones (38239966),Jaylen Martin (38240062),Justin Champagnie (38239809),Tristan Vukcevic (38239923),Shai Gilgeous-Alexander (38239580),Jayson Tatum (38239583),Adem Bona (38239840),275.8140625,373.4499320915917,49300,99.73%,38,95.58%,0,208.83,$3.82,WAS 4,MIA 1,user33,1,marvalshot,9013,4678344697_33
Chris Paul (38239879),Jared Butler (38239721),Justin Champagnie (38239809),Sandro Mamukelashvili (38239955),Tristan Vukcevic (38239923),Luka Doncic (38239577),Patrick Williams (38239940),Shai Gilgeous-Alexander (38239580),269.1884765625,368.4728739107451,49200,56.50%,0,-18.53%,0,133.02,$-0.74,SAS 2,WAS 2,user22,1,marvalshot,9051,4678344698_22
Tyler Herro (38239631),Carlton Carrington (38239793),Jaylen Martin (38240062),Bam Adebayo (38239623),Tristan Vukcevic (38239923),Shai Gilgeous-Alexander (38239580),Patrick Williams (38239940),Myles Turner (38239692),282.0675,377.4029132390975,50000,100.00%,18240,462.86%,0,199.51,$18.51,WAS 3,MIA 2,user41,41,marvalshot,9086,4678344699_41
Tyler Herro (38239631),Tyrese Martin (38239908),Jaylen Martin (38240062),LeBron James (38239587),Tristan Vukcevic (38239923),Davion Mitchell (38239876),Anthony Davis (38239591),Jared Butler (38239721),271.148515625,367.6978055476135,49600,81.99%,0,23.97%,0,182.02999999999997,$0.96,MIA 2,WAS 2,user,1,marvalshot,4949,4678344700
Cason Wallace (38239919),Colby Jones (38239966),Jayson Tatum (38239583),LeBron James (38239587),Tristan Vukcevic (38239923),Coby White (38239640),Kenrich Williams (38239995),Alexandre Sarr (38239686),270.004453125,361.9513301279089,49800,69.27%,0,1.04%,0,201.93,$0.04,WAS 3,OKC 2,user10,1,marvalshot,9146,4678344701_10
Tyler Herro (38239631),Colby Jones (38239966),Justin Edwards (38239735),Bam Adebayo (38239623),Tristan Vukcevic (38239923),Stephon Castle (38239688),Kenrich Williams (38239995),LeBron James (38239587),275.4399609375,367.9894135127636,49900,99.67%,25,89.18%,0,222.84,$3.57,MIA 2,WAS 2,user1,1,marvalshot,9186,4678344702_1
Shai Gilgeous-Alexander (38239580),Jared Butler (38239721),Kevin Huerter (38239725),Kenrich Williams (38239995),Tristan Vukcevic (38239923),Pelle Larsson (38240216),Jalen Williams (38239627),Bam Adebayo (38239623),274.1796875,368.6639659146728,50000,98.53%,3,70.62%,0,185.06,$2.82,OKC 3,MIA 2,user35,1,marvalshot,9269,4678344703_35
Tyler Herro (38239631),Colby Jones (38239966),Julian Champagnie (38239978),Bam Adebayo (38239623),Tristan Vukcevic (38239923),Pelle Larsson (38240216),Coby White (38239640),Shai Gilgeous-Alexander (38239580),273.8099609375,367.9594135127636,49500,97.83%,2,64.9%,0,203.82999999999998,$2.6,MIA 3,WAS 2,user25,1,marvalshot,8908,4678344695_25
Tyler Herro (38239631),Kevin Huerter (38239725),Jaylen Martin (38240062),Kyle Anderson (38240065),Tristan Vukcevic (38239923),Shai Gilgeous-Alexander (38239580),Bam Adebayo (38239623),Kel'el Ware (38239743),277.11499999999995,375.01557649742864,49400,99.96%,278,122.46%,0,199.66,$4.9,MIA 4,WAS 2,user1,1,marvalshot,8933,4678344696_1
Tyler Herro (38239631),Colby Jones (38239966),Jaylen Martin (38240062),Justin Champagnie (38239809),Tristan Vukcevic (38239923),Luka Doncic (38239577),LeBron James (38239587),Sandro Mamukelashvili (38239955),275.6740625,373.9499320915917,49200,99.75%,26,92.53%,0,209.99,$3.7,WAS 4,LAL 2,user41,1,marvalshot,9021,4678344697_41
Luka Doncic (38239577),Coby White (38239640),Justin Champagnie (38239809),Keldon Johnson (38239818),Tristan Vukcevic (38239923),Tyler Herro (38239631),Lonnie Walker IV (38239857),Sandro Mamukelashvili (38239955),268.59847656249997,362.90287391074503,49900,48.01%,0,-31.52%,0,123.62,$-1.26,WAS 2,SAS 2,user44,1,marvalshot,9073,4678344698_44
Tyler Herro (38239631),Carlton Carrington (38239793),Jaylen Martin (38240062),Bam Adebayo (38239623),Tristan Vukcevic (38239923),Shai Gilgeous-Alexander (38239580),Patrick Williams (38239940),Myles Turner (38239692),282.0675,377.4029132390975,50000,100.00%,18240,462.86%,0,199.51,$18.51,WAS 3,MIA 2,user42,41,marvalshot,9086,4678344699_42
Cason Wallace (38239919),Tyrese Martin (38239908),Jaylen Martin (38240062),Jalen Williams (38239627),Tristan Vukcevic (38239923),Tyler Herro (38239631),LeBron James (38239587),Jaren Jackson Jr. (38239645),271.158515625,364.6778055476135,50000,81.57%,0,23.66%,0,177.12,$0.95,OKC 2,WAS 2,user20,1,marvalshot,9107,4678344700_20
Josh Giddey (38239598),Colby Jones (38239966),Justin Edwards (38239735),Matas Buzelis (38239854),Tristan Vukcevic (38239923),Coby White (38239640),Bam Adebayo (38239623),Alexandre Sarr (38239686),269.884453125,355.58133012790887,50000,67.14%,0,-1.98%,0,178.93,$-0.08,CHI 3,WAS 3,user33,1,marvalshot,9169,4678344701_33
Davion Mitchell (38239876),Colby Jones (38239966),Rui Hachimura (38239763),Kenrich Williams (38239995),Tristan Vukcevic (38239923),Tyler Herro (38239631),LeBron James (38239587),Shai Gilgeous-Alexander (38239580),275.4599609375,370.3394135127636,49700,99.69%,12,88.6%,0,236.0,$3.54,MIA 2,WAS 2,user27,1,marvalshot,9212,4678344702_27
Shai Gilgeous-Alexander (38239580),Alec Burks (38240017),LeBron James (38239587),Kyle Anderson (38240065),Tristan Vukcevic (38239923),Chris Paul (38239879),Bam Adebayo (38239623),Jared Butler (38239721),274.14968749999997,376.6339659146728,49900,98.23%,8,70.48%,0,177.07999999999998,$2.82,MIA 3,OKC 1,user6,1,marvalshot,9240,4678344703_6
Shai Gilgeous-Alexander (38239580),Colby Jones (38239966),Haywood Highsmith (38239983),Keldon Johnson (38239818),Tristan Vukcevic (38239923),Davion Mitchell (38239876),LeBron James (38239587),Josh Giddey (38239598),273.7299609375,366.8694135127636,49900,97.28%,2,64.35%,0,213.35000000000002,$2.57,WAS 2,MIA 2,user5,1,marvalshot,8887,4678344695_5
Shai Gilgeous-Alexander (38239580),Jared Butler (38239721),Jaylen Martin (38240062),Kenrich Williams (38239995),Tristan Vukcevic (38239923),Tyler Herro (38239631),LeBron James (38239587),Chris Paul (38239879),277.065,377.54557649742867,49900,99.96%,212,122.19%,0,222.81,$4.89,OKC 2,WAS 2,user3,1,marvalshot,8935,4678344696_3
Josh Giddey (38239598),Colby Jones (38239966),Jaylen Martin (38240062),Justin Champagnie (38239809),Tristan Vukcevic (38239923),Tyler Herro (38239631),Jalen Williams (38239627),Coby White (38239640),275.60406250000005,364.36993209159175,49500,99.64%,41,92.43%,0,206.25,$3.7,WAS 4,CHI 2,user44,1,marvalshot,9024,4678344697_44
Stephon Castle (38239688),Baylor Scheierman (38239999),Justin Champagnie (38239809),Kyle Anderson (38240065),Tristan Vukcevic (38239923),Shai Gilgeous-Alexander (38239580),Bam Adebayo (38239623),Jaren Jackson Jr. (38239645),268.4284765625,366.3228739107451,49100,45.01%,0,-36.15%,0,150.44,$-1.45,WAS 2,MIA 2,user5,1,marvalshot,9034,4678344698_5
Tyler Herro (38239631),Carlton Carrington (38239793),Jaylen Martin (38240062),Bam Adebayo (38239623),Tristan Vukcevic (38239923),Shai Gilgeous-Alexander (38239580),Patrick Williams (38239940),Myles Turner (38239692),282.0675,377.4029132390975,50000,100.00%,18240,462.86%,0,199.51,$18.51,WAS 3,MIA 2,user43,41,marvalshot,9086,4678344699_43
Josh Giddey (38239598),Tyrese Martin (38239908),Jaylen Martin (38240062),Kyle Anderson (38240065),Tristan Vukcevic (38239923),Luka Doncic (38239577),Sandro Mamukelashvili (38239955),Shai Gilgeous-Alexander (38239580),271.138515625,371.6778055476135,49800,80.79%,0,22.72%,0,179.85,$0.91,WAS 2,CHI 1,user33,1,marvalshot,9120,4678344700_33
Josh Giddey (38239598),Colby Jones (38239966),Pelle Larsson (38240216),Jeremy Sochan (38239805),Tristan Vukcevic (38239923),Shai Gilgeous-Alexander (38239580),Pascal Siakam (38239649),Alexandre Sarr (38239686),269.864453125,364.21133012790887,49900,67.24%,0,-2.07%,0,199.51,$-0.08,WAS 3,CHI 1,user39,1,marvalshot,9175,4678344701_39
Stephon Castle (38239688),Colby Jones (38239966),LeBron James (38239587),Sandro Mamukelashvili (38239955),Tristan Vukcevic (38239923),Tyler Herro (38239631),Pelle Larsson (38240216),Shai Gilgeous-Alexander (38239580),275.3499609375,376.6794135127636,49800,99.57%,21,87.68%,0,210.31,$3.51,SAS 2,WAS 2,user6,1,marvalshot,9191,4678344702_6
Shai Gilgeous-Alexander (38239580),Pelle Larsson (38240216),Haywood Highsmith (38239983),Santi Aldama (38239711),Tristan Vukcevic (38239923),Davion Mitchell (38239876),LeBron James (38239587),Tyler Herro (38239631),274.1696875,367.70396591467284,49900,98.61%,6,70.38%,0,191.04,$2.82,MIA 4,OKC 1,user44,1,marvalshot,9278,4678344703_44
Tyler Herro (38239631),Colby Jones (38239966),Jayson Tatum (38239583),Kyle Anderson (38240065),Tristan Vukcevic (38239923),Davion Mitchell (38239876),Coby White (38239640),Bam Adebayo (38239623),273.66996093750004,365.5294135127636,49900,97.13%,5,63.29%,0,185.57999999999998,$2.53,MIA 4,WAS 2,user12,1,marvalshot,8894,4678344695_12
Shai Gilgeous-Alexander (38239580),Cason Wallace (38239919),Jaylen Martin (38240062),Bam Adebayo (38239623),Tristan Vukcevic (38239923),Tyler Herro (38239631),Kyle Anderson (38240065),Kristaps Porzingis (38239634),277.015,376.7255764974286,50000,99.93%,344,122.07%,0,196.46,$4.88,MIA 3,OKC 2,user10,1,marvalshot,8942,4678344696_10
Tyler Herro (38239631),Colby Jones (38239966),Jaylen Martin (38240062),Justin Champagnie (38239809),Tristan Vukcevic (38239923),Josh Giddey (38239598),Anthony Davis (38239591),Isaiah Hartenstein (38239684),275.5140625,373.49993209159175,49500,99.61%,36,91.3%,0,214.84000000000003,$3.65,WAS 4,MIA 1,user7,1,marvalshot,8987,4678344697_7
Cason Wallace (38239919),Jaylen Brown (38239618),Justin Champagnie (38239809),Matas Buzelis (38239854),Tristan Vukcevic (38239923),Shai Gilgeous-Alexander (38239580),Aaron Nesmith (38239830),Bam Adebayo (38239623),268.3384765625,360.94287391074505,49800,43.77%,0,-38.07%,0,145.48,$-1.52,OKC 2,WAS 2,user21,1,marvalshot,9050,4678344698_21
Tyler Herro (38239631),Carlton Carrington (38239793),Jaylen Martin (38240062),Bam Adebayo (38239623),Tristan Vukcevic (38239923),Shai Gilgeous-Alexander (38239580),Patrick Williams (38239940),Myles Turner (38239692),282.0675,377.4029132390975,50000,100.00%,18240,462.86%,0,199.51,$18.51,WAS 3,MIA 2,user44,41,marvalshot,9086,4678344699_44
Stephon Castle (38239688),Tyrese Martin (38239908),Jaylen Martin (38240062),Anthony Davis (38239591),Tristan Vukcevic (38239923),Shai Gilgeous-Alexander (38239580),Bam Adebayo (38239623),Kyle Anderson (38240065),271.038515625,376.1978055476135,49900,80.32%,0,21.33%,0,174.92000000000002,$0.85,WAS 2,MIA 2,user44,1,marvalshot,9131,4678344700_44
Tyler Herro (38239631),Colby Jones (38239966),Keldon Johnson (38239818),Patrick Williams (38239940),Tristan Vukcevic (38239923),Josh Giddey (38239598),Anthony Davis (38239591),Alexandre Sarr (38239686),269.804453125,366.2313301279089,49900,66.01%,0,-3.95%,0,200.39,$-0.16,WAS 3,CHI 2,user42,1,marvalshot,9178,4678344701_42
Tyrese Haliburton (38239612),Colby Jones (38239966),Haywood Highsmith (38239983),LeBron James (38239587),Tristan Vukcevic (38239923),Tyler Herro (38239631),Bam Adebayo (38239623),Kenrich Williams (38239995),275.2299609375,368.56941351276356,49900,99.56%,16,85.81%,0,225.48,$3.43,MIA 3,WAS 2,user,1,marvalshot,7909,4678344702
Josh Giddey (38239598),Jared Butler (38239721),Kevin Huerter (38239725),LeBron James (38239587),Tristan Vukcevic (38239923),Blake Wesley (38240054),Bam Adebayo (38239623),Kyle Anderson (38240065),274.1296875,366.7239659146728,49700,98.43%,7,70.1%,0,196.07,$2.8,CHI 2,MIA 2,user28,1,marvalshot,9262,4678344703_28
Davion Mitchell (38239876),Colby Jones (38239966),LeBron James (38239587),Jayson Tatum (38239583),Tristan Vukcevic (38239923),Kevin Huerter (38239725),Kenrich Williams (38239995),Tyler Herro (38239631),273.6599609375,362.9294135127636,49600,97.62%,2,63.28%,0,222.01,$2.53,MIA 2,WAS 2,user,1,marvalshot,7905,4678344695
Tyler Herro (38239631),Kevin Huerter (38239725),Jaylen Martin (38240062),LeBron James (38239587),Tristan Vukcevic (38239923),Julian Champagnie (38239978),Bam Adebayo (38239623),Isaiah Hartenstein (38239684),276.935,372.0955764974287,49900,99.91%,335,121.23%,0,195.45999999999998,$4.85,MIA 2,WAS 2,user48,1,marvalshot,8979,4678344696_48
Josh Giddey (38239598),Colby Jones (38239966),Jaylen Martin (38240062),Justin Champagnie (38239809),Tristan Vukcevic (38239923),Tyrese Haliburton (38239612),Coby White (38239640),Tyler Herro (38239631),275.5140625,362.6599320915917,49900,99.62%,39,90.78%,0,203.54000000000002,$3.63,WAS 4,CHI 2,user2,1,marvalshot,8982,4678344697_2
Ja Morant (38239601),Kevin Huerter (38239725),Justin Champagnie (38239809),LeBron James (38239587),Tristan Vukcevic (38239923),Davion Mitchell (38239876),Kyle Anderson (38240065),Jalen Williams (38239627),268.3284765625,359.55287391074506,49900,43.51%,0,-38.56%,0,150.89,$-1.54,WAS 2,MIA 2,user19,1,marvalshot,9048,4678344698_19
Tyler Herro (38239631),Carlton Carrington (38239793),Jaylen Martin (38240062),Bam Adebayo (38239623),Tristan Vukcevic (38239923),Shai Gilgeous-Alexander (38239580),Patrick Williams (38239940),Myles Turner (38239692),282.0675,377.4029132390975,50000,100.00%,18240,462.86%,0,199.51,$18.51,WAS 3,MIA 2,user45,41,marvalshot,9086,4678344699_45
Luka Doncic (38239577),Tyrese Martin (38239908),Jaylen Martin (38240062),Sandro Mamukelashvili (38239955),Tristan Vukcevic (38239923),Tyler Herro (38239631),Bam Adebayo (38239623),Jared Butler (38239721),270.82851562499997,368.1378055476134,49400,77.61%,0,16.75%,0,161.44,$0.67,WAS 2,MIA 2,user43,1,marvalshot,9130,4678344700_43
Shai Gilgeous-Alexander (38239580),Colby Jones (38239966),Aaron Nesmith (38239830),Bam Adebayo (38239623),Tristan Vukcevic (38239923),Blake Wesley (38240054),Jalen Williams (38239627),Alexandre Sarr (38239686),269.694453125,367.34133012790886,49600,64.56%,0,-6.51%,0,193.75,$-0.26,WAS 3,OKC 2,user11,1,marvalshot,9147,4678344701_11
Tyler Herro (38239631),Colby Jones (38239966),Kevin Huerter (38239725),Bam Adebayo (38239623),Tristan Vukcevic (38239923),Jared Butler (38239721),Harrison Barnes (38239948),LeBron James (38239587),275.1999609375,366.4394135127636,49700,99.49%,15,85.04%,0,204.31,$3.4,MIA 2,WAS 2,user28,1,marvalshot,9213,4678344702_28
Jared Butler (38239721),Pelle Larsson (38240216),Aaron Nesmith (38239830),Kyle Anderson (38240065),Tristan Vukcevic (38239923),Shai Gilgeous-Alexander (38239580),LeBron James (38239587),Tyler Herro (38239631),274.1596875,372.50396591467285,49900,98.58%,3,70.09%,0,194.73,$2.8,MIA 3,PHI 1,user3,1,marvalshot,9237,4678344703_3
Shai Gilgeous-Alexander (38239580),Colby Jones (38239966),LeBron James (38239587),Justin Edwards (38239735),Tristan Vukcevic (38239923),Tyler Herro (38239631),Sandro Mamukelashvili (38239955),Kenrich Williams (38239995),273.5899609375,371.2194135127636,49300,97.47%,1,61.95%,0,225.43,$2.48,OKC 2,WAS 2,user17,1,marvalshot,8900,4678344695_17
Shai Gilgeous-Alexander (38239580),Stephon Castle (38239688),Jaylen Martin (38240062),Kenrich Williams (38239995),Tristan Vukcevic (38239923),Tyler Herro (38239631),Patrick Williams (38239940),LeBron James (38239587),277.015,376.76557649742864,50000,99.97%,274,121.17%,0,224.28,$4.85,OKC 2,WAS 2,user18,1,marvalshot,8950,4678344696_18
Luka Doncic (38239577),Colby Jones (38239966),Jaylen Martin (38240062),Justin Champagnie (38239809),Tristan Vukcevic (38239923),Isaiah Joe (38239952),LeBron James (38239587),Bam Adebayo (38239623),275.5540625,371.7799320915917,49300,99.70%,14,90.57%,0,212.67000000000002,$3.62,WAS 4,LAL 2,user5,1,marvalshot,8985,4678344697_5
Tyler Herro (38239631),Jared Butler (38239721),Justin Champagnie (38239809),Sandro Mamukelashvili (38239955),Tristan Vukcevic (38239923),Devin Vassell (38239679),Coby White (38239640),Jaren Jackson Jr. (38239645),268.1984765625,358.07287391074505,49700,42.22%,0,-40.2%,0,117.72,$-1.61,WAS 2,SAS 2,user3,1,marvalshot,9032,4678344698_3
Tyler Herro (38239631),Carlton Carrington (38239793),Jaylen Martin (38240062),Bam Adebayo (38239623),Tristan Vukcevic (38239923),Shai Gilgeous-Alexander (38239580),Patrick Williams (38239940),Myles Turner (38239692),282.0675,377.4029132390975,50000,100.00%,18240,462.86%,0,199.51,$18.51,WAS 3,MIA 2,user46,41,marvalshot,9086,4678344699_46
Stephon Castle (38239688),Tyrese Martin (38239908),Jaylen Martin (38240062),Jalen Williams (38239627),Tristan Vukcevic (38239923),Shai Gilgeous-Alexander (38239580),Kenrich Williams (38239995),Josh Giddey (38239598),270.718515625,366.2378055476135,49700,77.75%,0,15.9%,0,195.76999999999998,$0.64,OKC 3,WAS 2,user3,1,marvalshot,9090,4678344700_3
Shai Gilgeous-Alexander (38239580),Colby Jones (38239966),Jayson Tatum (38239583),Kyle Anderson (38240065),Tristan Vukcevic (38239923),Isaiah Joe (38239952),Coby White (38239640),Alexandre Sarr (38239686),269.544453125,367.02133012790887,49900,61.74%,0,-10.65%,0,177.59,$-0.43,WAS 3,OKC 2,user37,1,marvalshot,9173,4678344701_37
Tyler Herro (38239631),Colby Jones (38239966),Jalen Williams (38239627),LeBron James (38239587),Tristan Vukcevic (38239923),Pelle Larsson (38240216),Kenrich Williams (38239995),Bam Adebayo (38239623),275.1699609375,370.4894135127636,49100,99.69%,5,83.6%,0,239.35000000000002,$3.34,MIA 3,WAS 2,user41,1,marvalshot,9226,4678344702_41
Alec Burks (38240017),Pelle Larsson (38240216),LeBron James (38239587),Patrick Williams (38239940),Tristan Vukcevic (38239923),Shai Gilgeous-Alexander (38239580),Bam Adebayo (38239623),Myles Turner (38239692),274.1196875,371.66396591467276,49900,98.20%,9,70.07%,0,180.61,$2.8,MIA 3,LAL 1,user1,1,marvalshot,9235,4678344703_1
Tyler Herro (38239631),Colby Jones (38239966),LeBron James (38239587),Kenrich Williams (38239995),Tristan Vukcevic (38239923),Josh Giddey (38239598),Matas Buzelis (38239854),Myles Turner (38239692),273.47996093750004,364.6994135127636,49500,97.15%,0,61.01%,0,232.75,$2.44,WAS 2,CHI 2,user24,1,marvalshot,8907,4678344695_24
Josh Giddey (38239598),Isaiah Joe (38239952),Jaylen Martin (38240062),Bam Adebayo (38239623),Tristan Vukcevic (38239923),Tyler Herro (38239631),Haywood Highsmith (38239983),LeBron James (38239587),276.935,370.5355764974287,50000,99.95%,335,121.01%,0,218.16,$4.84,MIA 3,WAS 2,user44,1,marvalshot,8975,4678344696_44
Andrew Nembhard (38239749),Colby Jones (38239966),Jaylen Martin (38240062),Justin Champagnie (38239809),Tristan Vukcevic (38239923),Shai Gilgeous-Alexander (38239580),LeBron James (38239587),Jaren Jackson Jr. (38239645),275.4840625,371.25993209159174,49800,99.74%,15,89.43%,0,208.34,$3.58,WAS 4,IND 1,user36,1,marvalshot,9016,4678344697_36
Quentin Grimes (38239604),Coby White (38239640),Justin Champagnie (38239809),Bam Adebayo (38239623),Tristan Vukcevic (38239923),Kevin Huerter (38239725),Kyle Anderson (38240065),Kel'el Ware (38239743),268.16847656249996,355.722873910745,49200,41.45%,0,-41.9%,0,132.26,$-1.68,MIA 3,CHI 2,user20,1,marvalshot,9049,4678344698_20
Tyler Herro (38239631),Carlton Carrington (38239793),Jaylen Martin (38240062),Bam Adebayo (38239623),Tristan Vukcevic (38239923),Shai Gilgeous-Alexander (38239580),Patrick Williams (38239940),Myles Turner (38239692),282.0675,377.4029132390975,50000,100.00%,18240,462.86%,0,199.51,$18.51,WAS 3,MIA 2,user47,41,marvalshot,9086,4678344699_47
Andrew Nembhard (38239749),Tyrese Martin (38239908),Jaylen Martin (38240062),Bam Adebayo (38239623),Tristan Vukcevic (38239923),Josh Giddey (38239598),Matas Buzelis (38239854),Shai Gilgeous-Alexander (38239580),270.758515625,363.2678055476134,49700,77.36%,0,15.81%,0,183.35000000000002,$0.63,WAS 2,CHI 2,user16,1,marvalshot,9103,4678344700_16
Blake Wesley (38240054),Colby Jones (38239966),LeBron James (38239587),Jayson Tatum (38239583),Tristan Vukcevic (38239923),Isaiah Joe (38239952),Bam Adebayo (38239623),Alexandre Sarr (38239686),269.514453125,366.77133012790887,49400,61.68%,0,-11.13%,0,200.57,$-0.45,WAS 3,SAS 1,user5,1,marvalshot,9141,4678344701_5
Tyler Herro (38239631),Colby Jones (38239966),LeBron James (38239587),Jaren Jackson Jr. (38239645),Tristan Vukcevic (38239923),Davion Mitchell (38239876),Jaime Jaquez Jr. (38240031),Bam Adebayo (38239623),275.04996093750003,369.4594135127636,49800,99.47%,15,83.04%,0,202.27,$3.32,MIA 4,WAS 2,user22,1,marvalshot,9207,4678344702_22
Tyler Herro (38239631),Jared Butler (38239721),Julian Champagnie (38239978),LeBron James (38239587),Tristan Vukcevic (38239923),Kevin Huerter (38239725),Kyle Anderson (38240065),Josh Giddey (38239598),274.0896875,364.94396591467284,49900,98.31%,8,69.4%,0,190.01,$2.78,MIA 2,CHI 2,user16,1,marvalshot,9250,4678344703_16
Shai Gilgeous-Alexander (38239580),Colby Jones (38239966),Aaron Nesmith (38239830),LeBron James (38239587),Tristan Vukcevic (38239923),Josh Giddey (38239598),Kyle Anderson (38240065),Adem Bona (38239840),273.4599609375,370.4694135127636,49900,96.80%,3,60.86%,0,222.7,$2.43,WAS 2,OKC 1,user40,1,marvalshot,8923,4678344695_40
Shai Gilgeous-Alexander (38239580),Cason Wallace (38239919),Jaylen Martin (38240062),Kenrich Williams (38239995),Tristan Vukcevic (38239923),Tyler Herro (38239631),Jaren Jackson Jr. (38239645),Bam Adebayo (38239623),277.045,374.9755764974287,50000,99.96%,238,120.88%,0,218.35000000000002,$4.84,OKC 3,WAS 2,user9,1,marvalshot,8941,4678344696_9
Tyler Herro (38239631),Colby Jones (38239966),Jaylen Martin (38240062),Justin Champagnie (38239809),Tristan Vukcevic (38239923),T.J. McConnell (38239837),LeBron James (38239587),Shai Gilgeous-Alexander (38239580),275.5640625,375.64993209159167,49100,99.76%,7,88.98%,0,228.40000000000003,$3.56,WAS 4,MIA 1,user3,1,marvalshot,8983,4678344697_3
Josh Giddey (38239598),Alec Burks (38240017),Justin Champagnie (38239809),Patrick Williams (38239940),Tristan Vukcevic (38239923),Luguentz Dort (38239822),Jayson Tatum (38239583),LeBron James (38239587),268.1484765625,357.70287391074504,50000,41.13%,0,-42.07%,0,155.42000000000002,$-1.68,CHI 2,WAS 2,user29,1,marvalshot,9058,4678344698_29
Tyler Herro (38239631),Carlton Carrington (38239793),Jaylen Martin (38240062),Bam Adebayo (38239623),Tristan Vukcevic (38239923),Shai Gilgeous-Alexander (38239580),Patrick Williams (38239940),Myles Turner (38239692),282.0675,377.4029132390975,50000,100.00%,18240,462.86%,0,199.51,$18.51,WAS 3,MIA 2,user48,41,marvalshot,9086,4678344699_48
Shai Gilgeous-Alexander (38239580),Tyrese Martin (38239908),Jaylen Martin (38240062),Pascal Siakam (38239649),Tristan Vukcevic (38239923),Tyler Herro (38239631),Jaylen Brown (38239618),Kyle Anderson (38240065),270.668515625,367.8778055476135,50000,76.12%,0,13.85%,0,173.41000000000003,$0.55,WAS 2,MIA 2,user49,1,marvalshot,9136,4678344700_49
Shai Gilgeous-Alexander (38239580),Colby Jones (38239966),Kevin Huerter (38239725),Jaren Jackson Jr. (38239645),Tristan Vukcevic (38239923),Blake Wesley (38240054),Pascal Siakam (38239649),Alexandre Sarr (38239686),269.454453125,362.93133012790884,49900,61.14%,0,-11.63%,0,183.56,$-0.47,WAS 3,OKC 1,user40,1,marvalshot,9176,4678344701_40
Tyler Herro (38239631),Colby Jones (38239966),Jalen Williams (38239627),Bam Adebayo (38239623),Tristan Vukcevic (38239923),Kevin Huerter (38239725),Pascal Siakam (38239649),Kenrich Williams (38239995),274.98996093750003,365.8794135127636,50000,99.30%,27,82.75%,0,207.10000000000002,$3.31,MIA 2,WAS 2,user8,1,marvalshot,9193,4678344702_8
Tyler Herro (38239631),Alec Burks (38240017),Kevin Huerter (38239725),Bam Adebayo (38239623),Tristan Vukcevic (38239923),Shai Gilgeous-Alexander (38239580),Keldon Johnson (38239818),Adem Bona (38239840),274.0696875,369.4539659146728,50000,98.00%,8,69.13%,0,173.79,$2.77,MIA 3,CHI 1,user48,1,marvalshot,9282,4678344703_48
Tyler Herro (38239631),Colby Jones (38239966),Keldon Johnson (38239818),Jalen Williams (38239627),Tristan Vukcevic (38239923),Josh Giddey (38239598),Bam Adebayo (38239623),Kyle Anderson (38240065),273.4899609375,368.6894135127635,49700,96.58%,1,60.68%,0,206.93,$2.43,MIA 3,WAS 2,user18,1,marvalshot,8901,4678344695_18
Tyler Herro (38239631),Kevin Huerter (38239725),Jaylen Martin (38240062),Bam Adebayo (38239623),Tristan Vukcevic (38239923),Chris Paul (38239879),LeBron James (38239587),Jared Butler (38239721),276.935,370.7255764974287,50000,99.93%,276,119.91%,0,195.73000000000002,$4.8,MIA 2,WAS 2,user36,1,marvalshot,8967,4678344696_36
Shai Gilgeous-Alexander (38239580),Colby Jones (38239966),Jaylen Martin (38240062),Justin Champagnie (38239809),Tristan Vukcevic (38239923),Tyler Herro (38239631),Jaime Jaquez Jr. (38240031),Luka Doncic (38239577),275.3740625,374.3199320915917,49700,99.55%,16,87.71%,0,205.89,$3.51,WAS 4,MIA 2,user23,1,marvalshot,9003,4678344697_23
Tyrese Haliburton (38239612),Pelle Larsson (38240216),Justin Champagnie (38239809),LeBron James (38239587),Tristan Vukcevic (38239923),Jared Butler (38239721),Anthony Davis (38239591),Kyle Anderson (38240065),268.1384765625,366.55287391074506,49600,40.65%,0,-43.25%,0,155.07,$-1.73,MIA 2,WAS 2,user23,1,marvalshot,9052,4678344698_23
Tyler Herro (38239631),Carlton Carrington (38239793),Jaylen Martin (38240062),Bam Adebayo (38239623),Tristan Vukcevic (38239923),Shai Gilgeous-Alexander (38239580),Patrick Williams (38239940),Myles Turner (38239692),282.0675,377.4029132390975,50000,100.00%,18240,462.86%,0,199.51,$18.51,WAS 3,MIA 2,user49,41,marvalshot,9086,4678344699_49
Blake Wesley (38240054),Tyrese Martin (38239908),Jaylen Martin (38240062),Jalen Williams (38239627),Tristan Vukcevic (38239923),Shai Gilgeous-Alexander (38239580),Pascal Siakam (38239649),Tyler Herro (38239631),270.658515625,368.0478055476135,49900,75.60%,0,13.31%,0,176.74,$0.53,WAS 2,OKC 2,user22,1,marvalshot,9109,4678344700_22
Luka Doncic (38239577),Colby Jones (38239966),Julian Champagnie (38239978),Kenrich Williams (38239995),Tristan Vukcevic (38239923),Shai Gilgeous-Alexander (38239580),Kevin Huerter (38239725),Alexandre Sarr (38239686),269.424453125,363.3113301279089,49500,61.21%,0,-12.29%,0,204.31,$-0.49,WAS 3,OKC 2,user48,1,marvalshot,9184,4678344701_48
Shai Gilgeous-Alexander (38239580),Colby Jones (38239966),Kevin Huerter (38239725),Bam Adebayo (38239623),Tristan Vukcevic (38239923),Josh Giddey (38239598),Sandro Mamukelashvili (38239955),Chris Paul (38239879),274.9799609375,370.90941351276354,49700,99.20%,25,82.19%,0,201.26,$3.29,WAS 2,CHI 2,user45,1,marvalshot,9230,4678344702_45
Shai Gilgeous-Alexander (38239580),Alec Burks (38240017),Julian Champagnie (38239978),Bam Adebayo (38239623),Tristan Vukcevic (38239923),Davion Mitchell (38239876),LeBron James (38239587),Kel'el Ware (38239743),274.0196875,372.17396591467275,50000,98.01%,11,68.54%,0,168.60999999999999,$2.74,MIA 4,OKC 1,user38,1,marvalshot,9272,4678344703_38
Jared Butler (38239721),Colby Jones (38239966),Julian Champagnie (38239978),Bam Adebayo (38239623),Tristan Vukcevic (38239923),Isaiah Joe (38239952),LeBron James (38239587),Shai Gilgeous-Alexander (38239580),273.4399609375,372.62941351276356,49700,96.76%,1,59.91%,0,200.46,$2.4,WAS 2,OKC 2,user4,1,marvalshot,8886,4678344695_4
Tyler Herro (38239631),Pelle Larsson (38240216),Jaylen Martin (38240062),Bam Adebayo (38239623),Tristan Vukcevic (38239923),Josh Giddey (38239598),Kyle Anderson (38240065),LeBron James (38239587),276.96500000000003,372.5655764974287,49100,99.97%,129,117.52%,0,235.87,$4.7,MIA 4,WAS 2,user13,1,marvalshot,8945,4678344696_13
Tyler Herro (38239631),Colby Jones (38239966),Jaylen Martin (38240062),Justin Champagnie (38239809),Tristan Vukcevic (38239923),Jared Butler (38239721),LeBron James (38239587),Anthony Davis (38239591),275.3740625,374.8699320915917,49500,99.70%,12,87.25%,0,213.87,$3.49,WAS 4,MIA 1,user25,1,marvalshot,9005,4678344697_25
Andrew Nembhard (38239749),Jared Butler (38239721),Justin Champagnie (38239809),Anthony Davis (38239591),Tristan Vukcevic (38239923),Kevin Huerter (38239725),LeBron James (38239587),Sandro Mamukelashvili (38239955),268.0884765625,363.31287391074505,49700,40.18%,0,-43.59%,0,137.4,$-1.74,WAS 2,IND 1,user25,1,marvalshot,9054,4678344698_25
Shai Gilgeous-Alexander (38239580),Carlton Carrington (38239793),Jaylen Martin (38240062),Patrick Williams (38239940),Tristan Vukcevic (38239923),Tyler Herro (38239631),Bam Adebayo (38239623),Myles Turner (38239692),282.06749999999994,377.4029132390974,50000,100.00%,18240,462.86%,0,199.51,$18.51,WAS 3,MIA 2,user8,41,marvalshot,9086,4678344699_8
Josh Giddey (38239598),Tyrese Martin (38239908),Jaylen Martin (38240062),Bam Adebayo (38239623),Tristan Vukcevic (38239923),Stephon Castle (38239688),Jalen Williams (38239627),Kevin Huerter (38239725),270.588515625,359.4178055476135,49800,75.03%,0,12.08%,0,168.69,$0.48,CHI 2,WAS 2,user24,1,marvalshot,9111,4678344700_24
Tyler Herro (38239631),Colby Jones (38239966),LeBron James (38239587),Rui Hachimura (38239763),Tristan Vukcevic (38239923),Cason Wallace (38239919),Jaren Jackson Jr. (38239645),Alexandre Sarr (38239686),269.40445312500003,361.4113301279089,49800,60.14%,0,-13.49%,0,195.92000000000002,$-0.54,WAS 3,LAL 2,user20,1,marvalshot,9156,4678344701_20
Josh Giddey (38239598),Colby Jones (38239966),Kevin Huerter (38239725),Kenrich Williams (38239995),Tristan Vukcevic (38239923),Shai Gilgeous-Alexander (38239580),Jeremy Sochan (38239805),Bam Adebayo (38239623),274.9999609375,368.0294135127636,50000,99.45%,9,82.09%,0,229.35999999999999,$3.28,CHI 2,WAS 2,user10,1,marvalshot,9195,4678344702_10
Davion Mitchell (38239876),Pelle Larsson (38240216),Coby White (38239640),Kenrich Williams (38239995),Tristan Vukcevic (38239923),Shai Gilgeous-Alexander (38239580),Jaren Jackson Jr. (38239645),Tyler Herro (38239631),273.9996875,365.2539659146728,49900,98.15%,8,68.51%,0,190.93,$2.74,MIA 3,OKC 2,user25,1,marvalshot,9259,4678344703_25
