PG,SG,SF,PF,C,G,F,UTIL,Proj,Ceiling,Salary,Cash %,Top 1%,ROI%,Wins,Own Sum,Avg Return,Stack1,Stack2,Lineup,Dupes,User,Index,Entry ID
Marcus Sasser (38231998),Dennis Schroder (38231739),Josh Hart (38231592),Ausar Thompson (38231802),Karl-Anthony Towns (38231525),Donovan Mitchell (38231558),Kyle Filipowski (38231690),KJ Simpson (38231866),275.1383550347222,356.9610810326589,50000,80.04%,0,-3.78%,0,253.98000000000002,$-0.15,DET 3,NYK 2,user1,1,marvalshot,8785,4676777788_1
Delon Wright (38232301),Dennis Schroder (38231739),Ausar Thompson (38231802),Evan Mobley (38231569),Ivica Zubac (38231590),Jose Alvarado (38231736),Giannis Antetokounmpo (38231518),KJ Simpson (38231866),293.6613498263889,383.0939979587906,49900,100.00%,36694,1081.21%,0,216.33999999999997,$43.25,DET 2,NYK 1,user34,1,marvalshot,8822,4676777789_34
Dennis Schroder (38231739),Marcus Sasser (38231998),Ausar Thompson (38231802),Giannis Antetokounmpo (38231518),Ivica Zubac (38231590),Donovan Mitchell (38231558),Gary Trent Jr. (38231780),KJ Simpson (38231866),271.2243967013889,358.13930643779867,50000,17.44%,0,-89.78%,0,231.45999999999998,$-3.59,DET 3,MIL 2,user,50,marvalshot,766,4676777790
Marcus Sasser (38231998),Donovan Mitchell (38231558),Ausar Thompson (38231802),Evan Mobley (38231569),Giannis Antetokounmpo (38231518),KJ Simpson (38231866),Jamison Battle (38231856),Dennis Schroder (38231739),280.4268532986111,366.52635789222103,49900,99.92%,0,63.01%,0,233.91000000000003,$2.52,DET 3,CLE 2,user,50,marvalshot,53,4676777791
Isaiah Collier (38231724),Dennis Schroder (38231739),Josh Hart (38231592),Kyle Filipowski (38231690),Ivica Zubac (38231590),KJ Simpson (38231866),Tidjane Salaun (38232066),Karl-Anthony Towns (38231525),283.4488064236111,367.0182526281959,49900,100.00%,7,101.34%,0,183.54000000000002,$4.05,UTA 2,NYK 2,user,1,marvalshot,5525,4676777792
Dennis Schroder (38231739),Marcus Sasser (38231998),Ausar Thompson (38231802),Evan Mobley (38231569),Jalen Duren (38231615),KJ Simpson (38231866),Giannis Antetokounmpo (38231518),Isaiah Collier (38231724),286.40112847222224,374.2734235295858,49500,100.00%,128,162.83%,0,225.71,$6.51,DET 4,CLE 1,user2,1,marvalshot,8840,4676777793_2
Isaiah Collier (38231724),Dennis Schroder (38231739),Bruce Brown (38231762),Kelly Olynyk (38231709),Jalen Duren (38231615),KJ Simpson (38231866),Giannis Antetokounmpo (38231518),Kyle Filipowski (38231690),290.4936284722222,383.8556362738627,49700,100.00%,10545,443.61%,0,184.92,$17.74,UTA 2,DET 2,user11,1,marvalshot,8852,4676777794_11
Marcus Sasser (38231998),Dennis Schroder (38231739),Mikal Bridges (38231635),Ausar Thompson (38231802),Giannis Antetokounmpo (38231518),Donovan Mitchell (38231558),Kyle Filipowski (38231690),KJ Simpson (38231866),273.6783550347222,359.6610810326589,50000,56.93%,0,-45.44%,0,263.85,$-1.82,DET 3,NYK 1,user,1,marvalshot,1044,4676777788
Stephen Curry (38231544),Dennis Schroder (38231739),Ausar Thompson (38231802),Evan Mobley (38231569),Ivica Zubac (38231590),Jordan Hawkins (38231812),Kyle Filipowski (38231690),KJ Simpson (38231866),293.3313498263889,377.1139979587906,49900,100.00%,33962,983.99%,0,220.69,$39.36,DET 2,GSW 1,user3,1,marvalshot,8791,4676777789_3
Dennis Schroder (38231739),Marcus Sasser (38231998),Ausar Thompson (38231802),Giannis Antetokounmpo (38231518),Ivica Zubac (38231590),Donovan Mitchell (38231558),Gary Trent Jr. (38231780),KJ Simpson (38231866),271.2243967013889,358.13930643779867,50000,17.44%,0,-89.78%,0,231.45999999999998,$-3.59,DET 3,MIL 2,user1,50,marvalshot,766,4676777790_1
Marcus Sasser (38231998),Donovan Mitchell (38231558),Ausar Thompson (38231802),Evan Mobley (38231569),Giannis Antetokounmpo (38231518),KJ Simpson (38231866),Jamison Battle (38231856),Dennis Schroder (38231739),280.4268532986111,366.52635789222103,49900,99.92%,0,63.01%,0,233.91000000000003,$2.52,DET 3,CLE 2,user1,50,marvalshot,53,4676777791_1
Stephen Curry (38231544),Dennis Schroder (38231739),Keion Brooks Jr. (38232034),Kyle Filipowski (38231690),Ivica Zubac (38231590),KJ Simpson (38231866),Tidjane Salaun (38232066),Giannis Antetokounmpo (38231518),282.2488064236111,375.85825262819594,50000,99.99%,0,82.9%,0,201.25,$3.32,CHA 2,GSW 1,user1,49,marvalshot,8838,4676777792_1
Dennis Schroder (38231739),Marcus Sasser (38231998),Ausar Thompson (38231802),Evan Mobley (38231569),Jalen Duren (38231615),KJ Simpson (38231866),Jonathan Kuminga (38231721),Giannis Antetokounmpo (38231518),286.27112847222224,377.44342352958574,49500,100.00%,67,157.54%,0,225.79000000000002,$6.3,DET 4,CLE 1,user1,1,marvalshot,8839,4676777793_1
Stephen Curry (38231544),Dennis Schroder (38231739),Brice Sensabaugh (38231912),Giannis Antetokounmpo (38231518),Jalen Duren (38231615),KJ Simpson (38231866),Kyle Filipowski (38231690),Oscar Tshiebwe (38232278),288.5636284722222,384.50563627386265,49600,100.00%,2402,268.6%,0,195.58999999999997,$10.74,UTA 3,DET 2,user3,1,marvalshot,8844,4676777794_3
Marcus Sasser (38231998),Dennis Schroder (38231739),Josh Hart (38231592),Ausar Thompson (38231802),Yves Missi (38231806),Donovan Mitchell (38231558),Giannis Antetokounmpo (38231518),KJ Simpson (38231866),272.48835503472225,359.97108103265896,49800,35.66%,0,-71.63%,0,231.56,$-2.87,DET 3,NYK 1,user2,48,marvalshot,8787,4676777788_2
Delon Wright (38232301),Dennis Schroder (38231739),Ausar Thompson (38231802),Evan Mobley (38231569),Ivica Zubac (38231590),Jordan Hawkins (38231812),Giannis Antetokounmpo (38231518),KJ Simpson (38231866),291.5813498263889,379.5739979587906,49300,100.00%,18115,575.94%,0,218.17,$23.04,DET 2,NYK 1,user13,1,marvalshot,8801,4676777789_13
Dennis Schroder (38231739),Marcus Sasser (38231998),Ausar Thompson (38231802),Giannis Antetokounmpo (38231518),Ivica Zubac (38231590),Donovan Mitchell (38231558),Gary Trent Jr. (38231780),KJ Simpson (38231866),271.2243967013889,358.13930643779867,50000,17.44%,0,-89.78%,0,231.45999999999998,$-3.59,DET 3,MIL 2,user2,50,marvalshot,766,4676777790_2
Marcus Sasser (38231998),Donovan Mitchell (38231558),Ausar Thompson (38231802),Evan Mobley (38231569),Giannis Antetokounmpo (38231518),KJ Simpson (38231866),Jamison Battle (38231856),Dennis Schroder (38231739),280.4268532986111,366.52635789222103,49900,99.92%,0,63.01%,0,233.91000000000003,$2.52,DET 3,CLE 2,user2,50,marvalshot,53,4676777791_2
Stephen Curry (38231544),Dennis Schroder (38231739),Keion Brooks Jr. (38232034),Kyle Filipowski (38231690),Ivica Zubac (38231590),KJ Simpson (38231866),Tidjane Salaun (38232066),Giannis Antetokounmpo (38231518),282.2488064236111,375.85825262819594,50000,99.99%,0,82.9%,0,201.25,$3.32,CHA 2,GSW 1,user2,49,marvalshot,8838,4676777792_2
Dennis Schroder (38231739),Marcus Sasser (38231998),Ausar Thompson (38231802),Evan Mobley (38231569),Jalen Duren (38231615),KJ Simpson (38231866),Kyle Filipowski (38231690),Karl-Anthony Towns (38231525),285.4411284722222,368.5334235295857,48900,100.00%,12,134.14%,0,252.91,$5.37,DET 4,CLE 1,user3,1,marvalshot,8841,4676777793_3
Jordan Hawkins (38231812),Dennis Schroder (38231739),Keion Brooks Jr. (38232034),Giannis Antetokounmpo (38231518),Jalen Duren (38231615),KJ Simpson (38231866),Kyle Filipowski (38231690),Josh Hart (38231592),287.6436284722222,376.69563627386265,49500,100.00%,941,216.04%,0,195.45,$8.64,NOP 2,DET 2,user31,1,marvalshot,8872,4676777794_31
Marcus Sasser (38231998),Dennis Schroder (38231739),Josh Hart (38231592),Ausar Thompson (38231802),Yves Missi (38231806),Donovan Mitchell (38231558),Giannis Antetokounmpo (38231518),KJ Simpson (38231866),272.48835503472225,359.97108103265896,49800,35.66%,0,-71.63%,0,231.56,$-2.87,DET 3,NYK 1,user3,48,marvalshot,8787,4676777788_3
Keyonte George (38231656),Dennis Schroder (38231739),Ausar Thompson (38231802),Evan Mobley (38231569),Ivica Zubac (38231590),Isaiah Collier (38231724),Josh Hart (38231592),KJ Simpson (38231866),291.0513498263889,371.58399795879063,50000,100.00%,15029,530.96%,0,174.13,$21.24,UTA 2,DET 2,user5,1,marvalshot,8793,4676777789_5
Dennis Schroder (38231739),Marcus Sasser (38231998),Ausar Thompson (38231802),Giannis Antetokounmpo (38231518),Ivica Zubac (38231590),Donovan Mitchell (38231558),Gary Trent Jr. (38231780),KJ Simpson (38231866),271.2243967013889,358.13930643779867,50000,17.44%,0,-89.78%,0,231.45999999999998,$-3.59,DET 3,MIL 2,user3,50,marvalshot,766,4676777790_3
Marcus Sasser (38231998),Donovan Mitchell (38231558),Ausar Thompson (38231802),Evan Mobley (38231569),Giannis Antetokounmpo (38231518),KJ Simpson (38231866),Jamison Battle (38231856),Dennis Schroder (38231739),280.4268532986111,366.52635789222103,49900,99.92%,0,63.01%,0,233.91000000000003,$2.52,DET 3,CLE 2,user3,50,marvalshot,53,4676777791_3
Stephen Curry (38231544),Dennis Schroder (38231739),Keion Brooks Jr. (38232034),Kyle Filipowski (38231690),Ivica Zubac (38231590),KJ Simpson (38231866),Tidjane Salaun (38232066),Giannis Antetokounmpo (38231518),282.2488064236111,375.85825262819594,50000,99.99%,0,82.9%,0,201.25,$3.32,CHA 2,GSW 1,user3,49,marvalshot,8838,4676777792_3
Dennis Schroder (38231739),Marcus Sasser (38231998),Ausar Thompson (38231802),Evan Mobley (38231569),Jalen Duren (38231615),KJ Simpson (38231866),Giannis Antetokounmpo (38231518),Kelly Olynyk (38231709),285.40112847222224,375.93342352958575,50000,100.00%,27,131.79%,0,225.66,$5.27,DET 4,CLE 1,user,47,marvalshot,60,4676777793
Collin Sexton (38231698),Dennis Schroder (38231739),Josh Hart (38231592),Giannis Antetokounmpo (38231518),Jalen Duren (38231615),KJ Simpson (38231866),Brice Sensabaugh (38231912),Yves Missi (38231806),287.41362847222223,381.3956362738627,50000,100.00%,1323,215.16%,0,155.0,$8.61,UTA 2,DET 2,user6,1,marvalshot,8847,4676777794_6
Marcus Sasser (38231998),Dennis Schroder (38231739),Josh Hart (38231592),Ausar Thompson (38231802),Yves Missi (38231806),Donovan Mitchell (38231558),Giannis Antetokounmpo (38231518),KJ Simpson (38231866),272.48835503472225,359.97108103265896,49800,35.66%,0,-71.63%,0,231.56,$-2.87,DET 3,NYK 1,user4,48,marvalshot,8787,4676777788_4
Isaiah Collier (38231724),Dennis Schroder (38231739),Ausar Thompson (38231802),Evan Mobley (38231569),Ivica Zubac (38231590),Collin Sexton (38231698),Josh Hart (38231592),KJ Simpson (38231866),290.9413498263889,373.5639979587906,49600,100.00%,14021,507.48%,0,178.08,$20.3,UTA 2,DET 2,user21,1,marvalshot,8809,4676777789_21
Dennis Schroder (38231739),Marcus Sasser (38231998),Ausar Thompson (38231802),Giannis Antetokounmpo (38231518),Ivica Zubac (38231590),Donovan Mitchell (38231558),Gary Trent Jr. (38231780),KJ Simpson (38231866),271.2243967013889,358.13930643779867,50000,17.44%,0,-89.78%,0,231.45999999999998,$-3.59,DET 3,MIL 2,user4,50,marvalshot,766,4676777790_4
Marcus Sasser (38231998),Donovan Mitchell (38231558),Ausar Thompson (38231802),Evan Mobley (38231569),Giannis Antetokounmpo (38231518),KJ Simpson (38231866),Jamison Battle (38231856),Dennis Schroder (38231739),280.4268532986111,366.52635789222103,49900,99.92%,0,63.01%,0,233.91000000000003,$2.52,DET 3,CLE 2,user4,50,marvalshot,53,4676777791_4
Stephen Curry (38231544),Dennis Schroder (38231739),Keion Brooks Jr. (38232034),Kyle Filipowski (38231690),Ivica Zubac (38231590),KJ Simpson (38231866),Tidjane Salaun (38232066),Giannis Antetokounmpo (38231518),282.2488064236111,375.85825262819594,50000,99.99%,0,82.9%,0,201.25,$3.32,CHA 2,GSW 1,user4,49,marvalshot,8838,4676777792_4
Dennis Schroder (38231739),Marcus Sasser (38231998),Ausar Thompson (38231802),Evan Mobley (38231569),Jalen Duren (38231615),KJ Simpson (38231866),Giannis Antetokounmpo (38231518),Kelly Olynyk (38231709),285.40112847222224,375.93342352958575,50000,100.00%,27,131.79%,0,225.66,$5.27,DET 4,CLE 1,user4,47,marvalshot,60,4676777793_4
Keyonte George (38231656),Dennis Schroder (38231739),Brice Sensabaugh (38231912),Giannis Antetokounmpo (38231518),Jalen Duren (38231615),KJ Simpson (38231866),Kyle Filipowski (38231690),Jonathan Kuminga (38231721),287.5536284722222,383.9656362738627,49100,100.00%,932,211.94%,0,185.76,$8.48,UTA 3,DET 2,user36,1,marvalshot,8877,4676777794_36
Marcus Sasser (38231998),Dennis Schroder (38231739),Josh Hart (38231592),Ausar Thompson (38231802),Yves Missi (38231806),Donovan Mitchell (38231558),Giannis Antetokounmpo (38231518),KJ Simpson (38231866),272.48835503472225,359.97108103265896,49800,35.66%,0,-71.63%,0,231.56,$-2.87,DET 3,NYK 1,user5,48,marvalshot,8787,4676777788_5
Devin Booker (38231550),Dennis Schroder (38231739),Ausar Thompson (38231802),Evan Mobley (38231569),Ivica Zubac (38231590),Isaiah Collier (38231724),Jonathan Kuminga (38231721),KJ Simpson (38231866),290.4713498263889,375.9039979587906,49900,100.00%,11133,452.34%,0,176.63,$18.09,DET 2,PHX 1,user47,1,marvalshot,8835,4676777789_47
Dennis Schroder (38231739),Marcus Sasser (38231998),Ausar Thompson (38231802),Giannis Antetokounmpo (38231518),Ivica Zubac (38231590),Donovan Mitchell (38231558),Gary Trent Jr. (38231780),KJ Simpson (38231866),271.2243967013889,358.13930643779867,50000,17.44%,0,-89.78%,0,231.45999999999998,$-3.59,DET 3,MIL 2,user5,50,marvalshot,766,4676777790_5
Marcus Sasser (38231998),Donovan Mitchell (38231558),Ausar Thompson (38231802),Evan Mobley (38231569),Giannis Antetokounmpo (38231518),KJ Simpson (38231866),Jamison Battle (38231856),Dennis Schroder (38231739),280.4268532986111,366.52635789222103,49900,99.92%,0,63.01%,0,233.91000000000003,$2.52,DET 3,CLE 2,user5,50,marvalshot,53,4676777791_5
Stephen Curry (38231544),Dennis Schroder (38231739),Keion Brooks Jr. (38232034),Kyle Filipowski (38231690),Ivica Zubac (38231590),KJ Simpson (38231866),Tidjane Salaun (38232066),Giannis Antetokounmpo (38231518),282.2488064236111,375.85825262819594,50000,99.99%,0,82.9%,0,201.25,$3.32,CHA 2,GSW 1,user5,49,marvalshot,8838,4676777792_5
Dennis Schroder (38231739),Marcus Sasser (38231998),Ausar Thompson (38231802),Evan Mobley (38231569),Jalen Duren (38231615),KJ Simpson (38231866),Giannis Antetokounmpo (38231518),Kelly Olynyk (38231709),285.40112847222224,375.93342352958575,50000,100.00%,27,131.79%,0,225.66,$5.27,DET 4,CLE 1,user5,47,marvalshot,60,4676777793_5
Collin Sexton (38231698),Dennis Schroder (38231739),Brice Sensabaugh (38231912),Giannis Antetokounmpo (38231518),Jalen Duren (38231615),KJ Simpson (38231866),Kyle Filipowski (38231690),Aaron Gordon (38231661),286.6236284722222,382.50563627386265,49600,100.00%,288,172.97%,0,188.64000000000001,$6.92,UTA 3,DET 2,user19,1,marvalshot,8860,4676777794_19
Marcus Sasser (38231998),Dennis Schroder (38231739),Josh Hart (38231592),Ausar Thompson (38231802),Yves Missi (38231806),Donovan Mitchell (38231558),Giannis Antetokounmpo (38231518),KJ Simpson (38231866),272.48835503472225,359.97108103265896,49800,35.66%,0,-71.63%,0,231.56,$-2.87,DET 3,NYK 1,user6,48,marvalshot,8787,4676777788_6
Stephen Curry (38231544),Dennis Schroder (38231739),Ausar Thompson (38231802),Evan Mobley (38231569),Ivica Zubac (38231590),Ryan Rollins (38231839),Kyle Filipowski (38231690),KJ Simpson (38231866),290.40134982638887,373.7739979587906,49600,100.00%,9336,419.09%,0,222.57,$16.76,DET 2,GSW 1,user19,1,marvalshot,8807,4676777789_19
Dennis Schroder (38231739),Marcus Sasser (38231998),Ausar Thompson (38231802),Giannis Antetokounmpo (38231518),Ivica Zubac (38231590),Donovan Mitchell (38231558),Gary Trent Jr. (38231780),KJ Simpson (38231866),271.2243967013889,358.13930643779867,50000,17.44%,0,-89.78%,0,231.45999999999998,$-3.59,DET 3,MIL 2,user6,50,marvalshot,766,4676777790_6
Marcus Sasser (38231998),Donovan Mitchell (38231558),Ausar Thompson (38231802),Evan Mobley (38231569),Giannis Antetokounmpo (38231518),KJ Simpson (38231866),Jamison Battle (38231856),Dennis Schroder (38231739),280.4268532986111,366.52635789222103,49900,99.92%,0,63.01%,0,233.91000000000003,$2.52,DET 3,CLE 2,user6,50,marvalshot,53,4676777791_6
Stephen Curry (38231544),Dennis Schroder (38231739),Keion Brooks Jr. (38232034),Kyle Filipowski (38231690),Ivica Zubac (38231590),KJ Simpson (38231866),Tidjane Salaun (38232066),Giannis Antetokounmpo (38231518),282.2488064236111,375.85825262819594,50000,99.99%,0,82.9%,0,201.25,$3.32,CHA 2,GSW 1,user6,49,marvalshot,8838,4676777792_6
Dennis Schroder (38231739),Marcus Sasser (38231998),Ausar Thompson (38231802),Evan Mobley (38231569),Jalen Duren (38231615),KJ Simpson (38231866),Giannis Antetokounmpo (38231518),Kelly Olynyk (38231709),285.40112847222224,375.93342352958575,50000,100.00%,27,131.79%,0,225.66,$5.27,DET 4,CLE 1,user6,47,marvalshot,60,4676777793_6
Delon Wright (38232301),Dennis Schroder (38231739),Michael Porter Jr. (38231620),Kyle Filipowski (38231690),Jalen Duren (38231615),KJ Simpson (38231866),Jonathan Kuminga (38231721),Nikola Jokic (38231516),286.4436284722222,380.56563627386265,49800,100.00%,312,169.22%,0,192.82,$6.77,DET 2,DEN 2,user9,1,marvalshot,8850,4676777794_9
Marcus Sasser (38231998),Dennis Schroder (38231739),Josh Hart (38231592),Ausar Thompson (38231802),Yves Missi (38231806),Donovan Mitchell (38231558),Giannis Antetokounmpo (38231518),KJ Simpson (38231866),272.48835503472225,359.97108103265896,49800,35.66%,0,-71.63%,0,231.56,$-2.87,DET 3,NYK 1,user7,48,marvalshot,8787,4676777788_7
Stephen Curry (38231544),Dennis Schroder (38231739),Ausar Thompson (38231802),Evan Mobley (38231569),Ivica Zubac (38231590),Jose Alvarado (38231736),Jonathan Kuminga (38231721),KJ Simpson (38231866),289.9213498263889,377.0539979587906,49800,100.00%,7880,385.97%,0,179.43,$15.44,GSW 2,DET 2,user2,1,marvalshot,8790,4676777789_2
Dennis Schroder (38231739),Marcus Sasser (38231998),Ausar Thompson (38231802),Giannis Antetokounmpo (38231518),Ivica Zubac (38231590),Donovan Mitchell (38231558),Gary Trent Jr. (38231780),KJ Simpson (38231866),271.2243967013889,358.13930643779867,50000,17.44%,0,-89.78%,0,231.45999999999998,$-3.59,DET 3,MIL 2,user7,50,marvalshot,766,4676777790_7
Marcus Sasser (38231998),Donovan Mitchell (38231558),Ausar Thompson (38231802),Evan Mobley (38231569),Giannis Antetokounmpo (38231518),KJ Simpson (38231866),Jamison Battle (38231856),Dennis Schroder (38231739),280.4268532986111,366.52635789222103,49900,99.92%,0,63.01%,0,233.91000000000003,$2.52,DET 3,CLE 2,user7,50,marvalshot,53,4676777791_7
Stephen Curry (38231544),Dennis Schroder (38231739),Keion Brooks Jr. (38232034),Kyle Filipowski (38231690),Ivica Zubac (38231590),KJ Simpson (38231866),Tidjane Salaun (38232066),Giannis Antetokounmpo (38231518),282.2488064236111,375.85825262819594,50000,99.99%,0,82.9%,0,201.25,$3.32,CHA 2,GSW 1,user7,49,marvalshot,8838,4676777792_7
Dennis Schroder (38231739),Marcus Sasser (38231998),Ausar Thompson (38231802),Evan Mobley (38231569),Jalen Duren (38231615),KJ Simpson (38231866),Giannis Antetokounmpo (38231518),Kelly Olynyk (38231709),285.40112847222224,375.93342352958575,50000,100.00%,27,131.79%,0,225.66,$5.27,DET 4,CLE 1,user7,47,marvalshot,60,4676777793_7
Keyonte George (38231656),Dennis Schroder (38231739),Ryan Dunn (38231842),Giannis Antetokounmpo (38231518),Jalen Duren (38231615),KJ Simpson (38231866),Kyle Filipowski (38231690),Naz Reid (38231702),286.14362847222225,378.7056362738627,50000,100.00%,181,158.5%,0,184.68,$6.34,UTA 2,DET 2,user,1,marvalshot,2242,4676777794
Marcus Sasser (38231998),Dennis Schroder (38231739),Josh Hart (38231592),Ausar Thompson (38231802),Yves Missi (38231806),Donovan Mitchell (38231558),Giannis Antetokounmpo (38231518),KJ Simpson (38231866),272.48835503472225,359.97108103265896,49800,35.66%,0,-71.63%,0,231.56,$-2.87,DET 3,NYK 1,user8,48,marvalshot,8787,4676777788_8
Devin Booker (38231550),Dennis Schroder (38231739),Ausar Thompson (38231802),Evan Mobley (38231569),Ivica Zubac (38231590),Gary Trent Jr. (38231780),Kyle Filipowski (38231690),KJ Simpson (38231866),289.9813498263889,370.3039979587906,50000,100.00%,7015,376.13%,0,217.06,$15.05,DET 2,PHX 1,user12,1,marvalshot,8800,4676777789_12
Dennis Schroder (38231739),Marcus Sasser (38231998),Ausar Thompson (38231802),Giannis Antetokounmpo (38231518),Ivica Zubac (38231590),Donovan Mitchell (38231558),Gary Trent Jr. (38231780),KJ Simpson (38231866),271.2243967013889,358.13930643779867,50000,17.44%,0,-89.78%,0,231.45999999999998,$-3.59,DET 3,MIL 2,user8,50,marvalshot,766,4676777790_8
Marcus Sasser (38231998),Donovan Mitchell (38231558),Ausar Thompson (38231802),Evan Mobley (38231569),Giannis Antetokounmpo (38231518),KJ Simpson (38231866),Jamison Battle (38231856),Dennis Schroder (38231739),280.4268532986111,366.52635789222103,49900,99.92%,0,63.01%,0,233.91000000000003,$2.52,DET 3,CLE 2,user8,50,marvalshot,53,4676777791_8
Stephen Curry (38231544),Dennis Schroder (38231739),Keion Brooks Jr. (38232034),Kyle Filipowski (38231690),Ivica Zubac (38231590),KJ Simpson (38231866),Tidjane Salaun (38232066),Giannis Antetokounmpo (38231518),282.2488064236111,375.85825262819594,50000,99.99%,0,82.9%,0,201.25,$3.32,CHA 2,GSW 1,user8,49,marvalshot,8838,4676777792_8
Dennis Schroder (38231739),Marcus Sasser (38231998),Ausar Thompson (38231802),Evan Mobley (38231569),Jalen Duren (38231615),KJ Simpson (38231866),Giannis Antetokounmpo (38231518),Kelly Olynyk (38231709),285.40112847222224,375.93342352958575,50000,100.00%,27,131.79%,0,225.66,$5.27,DET 4,CLE 1,user8,47,marvalshot,60,4676777793_8
Stephen Curry (38231544),Dennis Schroder (38231739),OG Anunoby (38231623),Kyle Filipowski (38231690),Jalen Duren (38231615),KJ Simpson (38231866),Jonathan Kuminga (38231721),Keyonte George (38231656),285.8936284722222,372.50563627386265,50000,100.00%,287,155.36%,0,163.16,$6.21,GSW 2,DET 2,user10,1,marvalshot,8851,4676777794_10
Marcus Sasser (38231998),Dennis Schroder (38231739),Josh Hart (38231592),Ausar Thompson (38231802),Yves Missi (38231806),Donovan Mitchell (38231558),Giannis Antetokounmpo (38231518),KJ Simpson (38231866),272.48835503472225,359.97108103265896,49800,35.66%,0,-71.63%,0,231.56,$-2.87,DET 3,NYK 1,user9,48,marvalshot,8787,4676777788_9
Devin Booker (38231550),Dennis Schroder (38231739),Ausar Thompson (38231802),Evan Mobley (38231569),Ivica Zubac (38231590),Collin Sexton (38231698),Bruce Brown (38231762),KJ Simpson (38231866),289.4713498263889,375.3039979587906,50000,100.00%,5763,344.42%,0,180.13,$13.78,DET 2,PHX 1,user23,1,marvalshot,8811,4676777789_23
Dennis Schroder (38231739),Marcus Sasser (38231998),Ausar Thompson (38231802),Giannis Antetokounmpo (38231518),Ivica Zubac (38231590),Donovan Mitchell (38231558),Gary Trent Jr. (38231780),KJ Simpson (38231866),271.2243967013889,358.13930643779867,50000,17.44%,0,-89.78%,0,231.45999999999998,$-3.59,DET 3,MIL 2,user9,50,marvalshot,766,4676777790_9
Marcus Sasser (38231998),Donovan Mitchell (38231558),Ausar Thompson (38231802),Evan Mobley (38231569),Giannis Antetokounmpo (38231518),KJ Simpson (38231866),Jamison Battle (38231856),Dennis Schroder (38231739),280.4268532986111,366.52635789222103,49900,99.92%,0,63.01%,0,233.91000000000003,$2.52,DET 3,CLE 2,user9,50,marvalshot,53,4676777791_9
Stephen Curry (38231544),Dennis Schroder (38231739),Keion Brooks Jr. (38232034),Kyle Filipowski (38231690),Ivica Zubac (38231590),KJ Simpson (38231866),Tidjane Salaun (38232066),Giannis Antetokounmpo (38231518),282.2488064236111,375.85825262819594,50000,99.99%,0,82.9%,0,201.25,$3.32,CHA 2,GSW 1,user9,49,marvalshot,8838,4676777792_9
Dennis Schroder (38231739),Marcus Sasser (38231998),Ausar Thompson (38231802),Evan Mobley (38231569),Jalen Duren (38231615),KJ Simpson (38231866),Giannis Antetokounmpo (38231518),Kelly Olynyk (38231709),285.40112847222224,375.93342352958575,50000,100.00%,27,131.79%,0,225.66,$5.27,DET 4,CLE 1,user9,47,marvalshot,60,4676777793_9
Jose Alvarado (38231736),Dennis Schroder (38231739),Josh Hart (38231592),Giannis Antetokounmpo (38231518),Jalen Duren (38231615),KJ Simpson (38231866),Jonathan Kuminga (38231721),Oscar Tshiebwe (38232278),285.5536284722222,379.87563627386265,49300,100.00%,202,146.64%,0,156.11,$5.87,DET 2,NOP 1,user28,1,marvalshot,8869,4676777794_28
Marcus Sasser (38231998),Dennis Schroder (38231739),Josh Hart (38231592),Ausar Thompson (38231802),Yves Missi (38231806),Donovan Mitchell (38231558),Giannis Antetokounmpo (38231518),KJ Simpson (38231866),272.48835503472225,359.97108103265896,49800,35.66%,0,-71.63%,0,231.56,$-2.87,DET 3,NYK 1,user10,48,marvalshot,8787,4676777788_10
Jordan Hawkins (38231812),Dennis Schroder (38231739),Ausar Thompson (38231802),Evan Mobley (38231569),Ivica Zubac (38231590),Mike Conley (38231936),Giannis Antetokounmpo (38231518),KJ Simpson (38231866),289.46134982638887,377.93399795879054,49800,100.00%,4714,330.66%,0,203.37,$13.23,DET 2,NOP 1,user20,1,marvalshot,8808,4676777789_20
Dennis Schroder (38231739),Marcus Sasser (38231998),Ausar Thompson (38231802),Giannis Antetokounmpo (38231518),Ivica Zubac (38231590),Donovan Mitchell (38231558),Gary Trent Jr. (38231780),KJ Simpson (38231866),271.2243967013889,358.13930643779867,50000,17.44%,0,-89.78%,0,231.45999999999998,$-3.59,DET 3,MIL 2,user10,50,marvalshot,766,4676777790_10
Marcus Sasser (38231998),Donovan Mitchell (38231558),Ausar Thompson (38231802),Evan Mobley (38231569),Giannis Antetokounmpo (38231518),KJ Simpson (38231866),Jamison Battle (38231856),Dennis Schroder (38231739),280.4268532986111,366.52635789222103,49900,99.92%,0,63.01%,0,233.91000000000003,$2.52,DET 3,CLE 2,user10,50,marvalshot,53,4676777791_10
Stephen Curry (38231544),Dennis Schroder (38231739),Keion Brooks Jr. (38232034),Kyle Filipowski (38231690),Ivica Zubac (38231590),KJ Simpson (38231866),Tidjane Salaun (38232066),Giannis Antetokounmpo (38231518),282.2488064236111,375.85825262819594,50000,99.99%,0,82.9%,0,201.25,$3.32,CHA 2,GSW 1,user10,49,marvalshot,8838,4676777792_10
Dennis Schroder (38231739),Marcus Sasser (38231998),Ausar Thompson (38231802),Evan Mobley (38231569),Jalen Duren (38231615),KJ Simpson (38231866),Giannis Antetokounmpo (38231518),Kelly Olynyk (38231709),285.40112847222224,375.93342352958575,50000,100.00%,27,131.79%,0,225.66,$5.27,DET 4,CLE 1,user10,47,marvalshot,60,4676777793_10
Mike Conley (38231936),Dennis Schroder (38231739),Bruce Brown (38231762),Giannis Antetokounmpo (38231518),Jalen Duren (38231615),KJ Simpson (38231866),Brice Sensabaugh (38231912),Karl-Anthony Towns (38231525),285.09362847222224,377.9056362738627,50000,100.00%,85,133.4%,0,159.49,$5.34,DET 2,MIN 1,user46,1,marvalshot,8887,4676777794_46
Marcus Sasser (38231998),Dennis Schroder (38231739),Josh Hart (38231592),Ausar Thompson (38231802),Yves Missi (38231806),Donovan Mitchell (38231558),Giannis Antetokounmpo (38231518),KJ Simpson (38231866),272.48835503472225,359.97108103265896,49800,35.66%,0,-71.63%,0,231.56,$-2.87,DET 3,NYK 1,user11,48,marvalshot,8787,4676777788_11
Tyler Kolek (38232021),Dennis Schroder (38231739),Ausar Thompson (38231802),Evan Mobley (38231569),Ivica Zubac (38231590),Bruce Brown (38231762),Giannis Antetokounmpo (38231518),KJ Simpson (38231866),289.0813498263889,377.71399795879057,49800,100.00%,3463,300.2%,0,207.3,$12.01,DET 2,NYK 1,user41,1,marvalshot,8829,4676777789_41
Dennis Schroder (38231739),Marcus Sasser (38231998),Ausar Thompson (38231802),Giannis Antetokounmpo (38231518),Ivica Zubac (38231590),Donovan Mitchell (38231558),Gary Trent Jr. (38231780),KJ Simpson (38231866),271.2243967013889,358.13930643779867,50000,17.44%,0,-89.78%,0,231.45999999999998,$-3.59,DET 3,MIL 2,user11,50,marvalshot,766,4676777790_11
Marcus Sasser (38231998),Donovan Mitchell (38231558),Ausar Thompson (38231802),Evan Mobley (38231569),Giannis Antetokounmpo (38231518),KJ Simpson (38231866),Jamison Battle (38231856),Dennis Schroder (38231739),280.4268532986111,366.52635789222103,49900,99.92%,0,63.01%,0,233.91000000000003,$2.52,DET 3,CLE 2,user11,50,marvalshot,53,4676777791_11
Stephen Curry (38231544),Dennis Schroder (38231739),Keion Brooks Jr. (38232034),Kyle Filipowski (38231690),Ivica Zubac (38231590),KJ Simpson (38231866),Tidjane Salaun (38232066),Giannis Antetokounmpo (38231518),282.2488064236111,375.85825262819594,50000,99.99%,0,82.9%,0,201.25,$3.32,CHA 2,GSW 1,user11,49,marvalshot,8838,4676777792_11
Dennis Schroder (38231739),Marcus Sasser (38231998),Ausar Thompson (38231802),Evan Mobley (38231569),Jalen Duren (38231615),KJ Simpson (38231866),Giannis Antetokounmpo (38231518),Kelly Olynyk (38231709),285.40112847222224,375.93342352958575,50000,100.00%,27,131.79%,0,225.66,$5.27,DET 4,CLE 1,user11,47,marvalshot,60,4676777793_11
Stephen Curry (38231544),Dennis Schroder (38231739),Josh Hart (38231592),Jonathan Kuminga (38231721),Jalen Duren (38231615),KJ Simpson (38231866),Kyle Filipowski (38231690),Jordan Hawkins (38231812),284.88362847222226,370.0056362738627,49300,100.00%,50,127.98%,0,171.60999999999999,$5.12,GSW 2,DET 2,user48,1,marvalshot,8889,4676777794_48
Marcus Sasser (38231998),Dennis Schroder (38231739),Josh Hart (38231592),Ausar Thompson (38231802),Yves Missi (38231806),Donovan Mitchell (38231558),Giannis Antetokounmpo (38231518),KJ Simpson (38231866),272.48835503472225,359.97108103265896,49800,35.66%,0,-71.63%,0,231.56,$-2.87,DET 3,NYK 1,user12,48,marvalshot,8787,4676777788_12
Stephen Curry (38231544),Dennis Schroder (38231739),Ausar Thompson (38231802),Evan Mobley (38231569),Ivica Zubac (38231590),Bruce Brown (38231762),Kelly Olynyk (38231709),KJ Simpson (38231866),288.84134982638886,373.92399795879055,50000,100.00%,3631,292.84%,0,177.42000000000002,$11.71,DET 2,NOP 2,user6,1,marvalshot,8794,4676777789_6
Dennis Schroder (38231739),Marcus Sasser (38231998),Ausar Thompson (38231802),Giannis Antetokounmpo (38231518),Ivica Zubac (38231590),Donovan Mitchell (38231558),Gary Trent Jr. (38231780),KJ Simpson (38231866),271.2243967013889,358.13930643779867,50000,17.44%,0,-89.78%,0,231.45999999999998,$-3.59,DET 3,MIL 2,user12,50,marvalshot,766,4676777790_12
Marcus Sasser (38231998),Donovan Mitchell (38231558),Ausar Thompson (38231802),Evan Mobley (38231569),Giannis Antetokounmpo (38231518),KJ Simpson (38231866),Jamison Battle (38231856),Dennis Schroder (38231739),280.4268532986111,366.52635789222103,49900,99.92%,0,63.01%,0,233.91000000000003,$2.52,DET 3,CLE 2,user12,50,marvalshot,53,4676777791_12
Stephen Curry (38231544),Dennis Schroder (38231739),Keion Brooks Jr. (38232034),Kyle Filipowski (38231690),Ivica Zubac (38231590),KJ Simpson (38231866),Tidjane Salaun (38232066),Giannis Antetokounmpo (38231518),282.2488064236111,375.85825262819594,50000,99.99%,0,82.9%,0,201.25,$3.32,CHA 2,GSW 1,user12,49,marvalshot,8838,4676777792_12
Dennis Schroder (38231739),Marcus Sasser (38231998),Ausar Thompson (38231802),Evan Mobley (38231569),Jalen Duren (38231615),KJ Simpson (38231866),Giannis Antetokounmpo (38231518),Kelly Olynyk (38231709),285.40112847222224,375.93342352958575,50000,100.00%,27,131.79%,0,225.66,$5.27,DET 4,CLE 1,user12,47,marvalshot,60,4676777793_12
Ryan Rollins (38231839),Dennis Schroder (38231739),Bruce Brown (38231762),Kyle Filipowski (38231690),Jalen Duren (38231615),KJ Simpson (38231866),Mikal Bridges (38231635),Giannis Antetokounmpo (38231518),284.97362847222223,371.8756362738627,49600,100.00%,36,127.8%,0,190.33999999999997,$5.11,MIL 2,DET 2,user1,1,marvalshot,8842,4676777794_1
Marcus Sasser (38231998),Dennis Schroder (38231739),Josh Hart (38231592),Ausar Thompson (38231802),Yves Missi (38231806),Donovan Mitchell (38231558),Giannis Antetokounmpo (38231518),KJ Simpson (38231866),272.48835503472225,359.97108103265896,49800,35.66%,0,-71.63%,0,231.56,$-2.87,DET 3,NYK 1,user13,48,marvalshot,8787,4676777788_13
Collin Sexton (38231698),Dennis Schroder (38231739),Ausar Thompson (38231802),Evan Mobley (38231569),Ivica Zubac (38231590),Anthony Edwards (38231530),Ryan Dunn (38231842),KJ Simpson (38231866),288.7913498263889,374.3439979587906,50000,100.00%,3271,287.54%,0,186.67000000000002,$11.5,DET 2,UTA 1,user9,1,marvalshot,8797,4676777789_9
Dennis Schroder (38231739),Marcus Sasser (38231998),Ausar Thompson (38231802),Giannis Antetokounmpo (38231518),Ivica Zubac (38231590),Donovan Mitchell (38231558),Gary Trent Jr. (38231780),KJ Simpson (38231866),271.2243967013889,358.13930643779867,50000,17.44%,0,-89.78%,0,231.45999999999998,$-3.59,DET 3,MIL 2,user13,50,marvalshot,766,4676777790_13
Marcus Sasser (38231998),Donovan Mitchell (38231558),Ausar Thompson (38231802),Evan Mobley (38231569),Giannis Antetokounmpo (38231518),KJ Simpson (38231866),Jamison Battle (38231856),Dennis Schroder (38231739),280.4268532986111,366.52635789222103,49900,99.92%,0,63.01%,0,233.91000000000003,$2.52,DET 3,CLE 2,user13,50,marvalshot,53,4676777791_13
Stephen Curry (38231544),Dennis Schroder (38231739),Keion Brooks Jr. (38232034),Kyle Filipowski (38231690),Ivica Zubac (38231590),KJ Simpson (38231866),Tidjane Salaun (38232066),Giannis Antetokounmpo (38231518),282.2488064236111,375.85825262819594,50000,99.99%,0,82.9%,0,201.25,$3.32,CHA 2,GSW 1,user13,49,marvalshot,8838,4676777792_13
Dennis Schroder (38231739),Marcus Sasser (38231998),Ausar Thompson (38231802),Evan Mobley (38231569),Jalen Duren (38231615),KJ Simpson (38231866),Giannis Antetokounmpo (38231518),Kelly Olynyk (38231709),285.40112847222224,375.93342352958575,50000,100.00%,27,131.79%,0,225.66,$5.27,DET 4,CLE 1,user13,47,marvalshot,60,4676777793_13
Stephen Curry (38231544),Dennis Schroder (38231739),Bruce Brown (38231762),Naz Reid (38231702),Jalen Duren (38231615),KJ Simpson (38231866),Josh Hart (38231592),Kyle Filipowski (38231690),284.83362847222224,367.8456362738627,50000,100.00%,68,127.72%,0,166.46,$5.11,DET 2,GSW 1,user14,1,marvalshot,8855,4676777794_14
Marcus Sasser (38231998),Dennis Schroder (38231739),Josh Hart (38231592),Ausar Thompson (38231802),Yves Missi (38231806),Donovan Mitchell (38231558),Giannis Antetokounmpo (38231518),KJ Simpson (38231866),272.48835503472225,359.97108103265896,49800,35.66%,0,-71.63%,0,231.56,$-2.87,DET 3,NYK 1,user14,48,marvalshot,8787,4676777788_14
Kevin Porter Jr. (38231748),Dennis Schroder (38231739),Ausar Thompson (38231802),Evan Mobley (38231569),Ivica Zubac (38231590),Delon Wright (38232301),Giannis Antetokounmpo (38231518),KJ Simpson (38231866),288.84134982638886,379.05399795879055,49700,100.00%,2437,278.59%,0,209.52,$11.14,MIL 2,DET 2,user1,1,marvalshot,8789,4676777789_1
Dennis Schroder (38231739),Marcus Sasser (38231998),Ausar Thompson (38231802),Giannis Antetokounmpo (38231518),Ivica Zubac (38231590),Donovan Mitchell (38231558),Gary Trent Jr. (38231780),KJ Simpson (38231866),271.2243967013889,358.13930643779867,50000,17.44%,0,-89.78%,0,231.45999999999998,$-3.59,DET 3,MIL 2,user14,50,marvalshot,766,4676777790_14
Marcus Sasser (38231998),Donovan Mitchell (38231558),Ausar Thompson (38231802),Evan Mobley (38231569),Giannis Antetokounmpo (38231518),KJ Simpson (38231866),Jamison Battle (38231856),Dennis Schroder (38231739),280.4268532986111,366.52635789222103,49900,99.92%,0,63.01%,0,233.91000000000003,$2.52,DET 3,CLE 2,user14,50,marvalshot,53,4676777791_14
Stephen Curry (38231544),Dennis Schroder (38231739),Keion Brooks Jr. (38232034),Kyle Filipowski (38231690),Ivica Zubac (38231590),KJ Simpson (38231866),Tidjane Salaun (38232066),Giannis Antetokounmpo (38231518),282.2488064236111,375.85825262819594,50000,99.99%,0,82.9%,0,201.25,$3.32,CHA 2,GSW 1,user14,49,marvalshot,8838,4676777792_14
Dennis Schroder (38231739),Marcus Sasser (38231998),Ausar Thompson (38231802),Evan Mobley (38231569),Jalen Duren (38231615),KJ Simpson (38231866),Giannis Antetokounmpo (38231518),Kelly Olynyk (38231709),285.40112847222224,375.93342352958575,50000,100.00%,27,131.79%,0,225.66,$5.27,DET 4,CLE 1,user14,47,marvalshot,60,4676777793_14
Ryan Rollins (38231839),Dennis Schroder (38231739),Keion Brooks Jr. (38232034),Giannis Antetokounmpo (38231518),Jalen Duren (38231615),KJ Simpson (38231866),Jonathan Kuminga (38231721),Anthony Edwards (38231530),284.8536284722222,380.5256362738627,50000,100.00%,69,127.59%,0,160.81,$5.1,MIL 2,DET 2,user47,1,marvalshot,8888,4676777794_47
Marcus Sasser (38231998),Dennis Schroder (38231739),Josh Hart (38231592),Ausar Thompson (38231802),Yves Missi (38231806),Donovan Mitchell (38231558),Giannis Antetokounmpo (38231518),KJ Simpson (38231866),272.48835503472225,359.97108103265896,49800,35.66%,0,-71.63%,0,231.56,$-2.87,DET 3,NYK 1,user15,48,marvalshot,8787,4676777788_15
Jose Alvarado (38231736),Dennis Schroder (38231739),Ausar Thompson (38231802),Evan Mobley (38231569),Ivica Zubac (38231590),Keyonte George (38231656),Josh Hart (38231592),KJ Simpson (38231866),288.5113498263889,369.81399795879054,49800,100.00%,2772,270.81%,0,178.13,$10.83,DET 2,NOP 1,user27,1,marvalshot,8815,4676777789_27
Dennis Schroder (38231739),Marcus Sasser (38231998),Ausar Thompson (38231802),Giannis Antetokounmpo (38231518),Ivica Zubac (38231590),Donovan Mitchell (38231558),Gary Trent Jr. (38231780),KJ Simpson (38231866),271.2243967013889,358.13930643779867,50000,17.44%,0,-89.78%,0,231.45999999999998,$-3.59,DET 3,MIL 2,user15,50,marvalshot,766,4676777790_15
Marcus Sasser (38231998),Donovan Mitchell (38231558),Ausar Thompson (38231802),Evan Mobley (38231569),Giannis Antetokounmpo (38231518),KJ Simpson (38231866),Jamison Battle (38231856),Dennis Schroder (38231739),280.4268532986111,366.52635789222103,49900,99.92%,0,63.01%,0,233.91000000000003,$2.52,DET 3,CLE 2,user15,50,marvalshot,53,4676777791_15
Stephen Curry (38231544),Dennis Schroder (38231739),Keion Brooks Jr. (38232034),Kyle Filipowski (38231690),Ivica Zubac (38231590),KJ Simpson (38231866),Tidjane Salaun (38232066),Giannis Antetokounmpo (38231518),282.2488064236111,375.85825262819594,50000,99.99%,0,82.9%,0,201.25,$3.32,CHA 2,GSW 1,user15,49,marvalshot,8838,4676777792_15
Dennis Schroder (38231739),Marcus Sasser (38231998),Ausar Thompson (38231802),Evan Mobley (38231569),Jalen Duren (38231615),KJ Simpson (38231866),Giannis Antetokounmpo (38231518),Kelly Olynyk (38231709),285.40112847222224,375.93342352958575,50000,100.00%,27,131.79%,0,225.66,$5.27,DET 4,CLE 1,user15,47,marvalshot,60,4676777793_15
Isaiah Collier (38231724),Dennis Schroder (38231739),Keion Brooks Jr. (38232034),Giannis Antetokounmpo (38231518),Jalen Duren (38231615),KJ Simpson (38231866),Julius Randle (38231601),Kyle Filipowski (38231690),284.9336284722222,377.8556362738627,49600,100.00%,45,127.08%,0,185.65,$5.08,UTA 2,DET 2,user2,1,marvalshot,8843,4676777794_2
Marcus Sasser (38231998),Dennis Schroder (38231739),Josh Hart (38231592),Ausar Thompson (38231802),Yves Missi (38231806),Donovan Mitchell (38231558),Giannis Antetokounmpo (38231518),KJ Simpson (38231866),272.48835503472225,359.97108103265896,49800,35.66%,0,-71.63%,0,231.56,$-2.87,DET 3,NYK 1,user16,48,marvalshot,8787,4676777788_16
Jose Alvarado (38231736),Dennis Schroder (38231739),Ausar Thompson (38231802),Evan Mobley (38231569),Ivica Zubac (38231590),Collin Sexton (38231698),Josh Hart (38231592),KJ Simpson (38231866),288.40134982638887,371.79399795879056,49400,100.00%,2350,260.53%,0,182.08,$10.42,DET 2,NOP 1,user22,1,marvalshot,8810,4676777789_22
Dennis Schroder (38231739),Marcus Sasser (38231998),Ausar Thompson (38231802),Giannis Antetokounmpo (38231518),Ivica Zubac (38231590),Donovan Mitchell (38231558),Gary Trent Jr. (38231780),KJ Simpson (38231866),271.2243967013889,358.13930643779867,50000,17.44%,0,-89.78%,0,231.45999999999998,$-3.59,DET 3,MIL 2,user16,50,marvalshot,766,4676777790_16
Marcus Sasser (38231998),Donovan Mitchell (38231558),Ausar Thompson (38231802),Evan Mobley (38231569),Giannis Antetokounmpo (38231518),KJ Simpson (38231866),Jamison Battle (38231856),Dennis Schroder (38231739),280.4268532986111,366.52635789222103,49900,99.92%,0,63.01%,0,233.91000000000003,$2.52,DET 3,CLE 2,user16,50,marvalshot,53,4676777791_16
Stephen Curry (38231544),Dennis Schroder (38231739),Keion Brooks Jr. (38232034),Kyle Filipowski (38231690),Ivica Zubac (38231590),KJ Simpson (38231866),Tidjane Salaun (38232066),Giannis Antetokounmpo (38231518),282.2488064236111,375.85825262819594,50000,99.99%,0,82.9%,0,201.25,$3.32,CHA 2,GSW 1,user16,49,marvalshot,8838,4676777792_16
Dennis Schroder (38231739),Marcus Sasser (38231998),Ausar Thompson (38231802),Evan Mobley (38231569),Jalen Duren (38231615),KJ Simpson (38231866),Giannis Antetokounmpo (38231518),Kelly Olynyk (38231709),285.40112847222224,375.93342352958575,50000,100.00%,27,131.79%,0,225.66,$5.27,DET 4,CLE 1,user16,47,marvalshot,60,4676777793_16
Stephen Curry (38231544),Dennis Schroder (38231739),Bruce Brown (38231762),Ryan Dunn (38231842),Jalen Duren (38231615),KJ Simpson (38231866),Kyle Filipowski (38231690),Anthony Edwards (38231530),284.7336284722222,369.5156362738627,50000,100.00%,56,124.7%,0,176.41,$4.99,DET 2,GSW 1,user25,1,marvalshot,8866,4676777794_25
Marcus Sasser (38231998),Dennis Schroder (38231739),Josh Hart (38231592),Ausar Thompson (38231802),Yves Missi (38231806),Donovan Mitchell (38231558),Giannis Antetokounmpo (38231518),KJ Simpson (38231866),272.48835503472225,359.97108103265896,49800,35.66%,0,-71.63%,0,231.56,$-2.87,DET 3,NYK 1,user17,48,marvalshot,8787,4676777788_17
Collin Sexton (38231698),Dennis Schroder (38231739),Ausar Thompson (38231802),Evan Mobley (38231569),Ivica Zubac (38231590),Mikal Bridges (38231635),Kyle Filipowski (38231690),KJ Simpson (38231866),288.5213498263889,370.52399795879063,49000,100.00%,1724,256.7%,0,215.15,$10.27,UTA 2,DET 2,user7,1,marvalshot,8795,4676777789_7
Dennis Schroder (38231739),Marcus Sasser (38231998),Ausar Thompson (38231802),Giannis Antetokounmpo (38231518),Ivica Zubac (38231590),Donovan Mitchell (38231558),Gary Trent Jr. (38231780),KJ Simpson (38231866),271.2243967013889,358.13930643779867,50000,17.44%,0,-89.78%,0,231.45999999999998,$-3.59,DET 3,MIL 2,user17,50,marvalshot,766,4676777790_17
Marcus Sasser (38231998),Donovan Mitchell (38231558),Ausar Thompson (38231802),Evan Mobley (38231569),Giannis Antetokounmpo (38231518),KJ Simpson (38231866),Jamison Battle (38231856),Dennis Schroder (38231739),280.4268532986111,366.52635789222103,49900,99.92%,0,63.01%,0,233.91000000000003,$2.52,DET 3,CLE 2,user17,50,marvalshot,53,4676777791_17
Stephen Curry (38231544),Dennis Schroder (38231739),Keion Brooks Jr. (38232034),Kyle Filipowski (38231690),Ivica Zubac (38231590),KJ Simpson (38231866),Tidjane Salaun (38232066),Giannis Antetokounmpo (38231518),282.2488064236111,375.85825262819594,50000,99.99%,0,82.9%,0,201.25,$3.32,CHA 2,GSW 1,user17,49,marvalshot,8838,4676777792_17
Dennis Schroder (38231739),Marcus Sasser (38231998),Ausar Thompson (38231802),Evan Mobley (38231569),Jalen Duren (38231615),KJ Simpson (38231866),Giannis Antetokounmpo (38231518),Kelly Olynyk (38231709),285.40112847222224,375.93342352958575,50000,100.00%,27,131.79%,0,225.66,$5.27,DET 4,CLE 1,user17,47,marvalshot,60,4676777793_17
Jordan Hawkins (38231812),Dennis Schroder (38231739),Josh Hart (38231592),Jonathan Kuminga (38231721),Jalen Duren (38231615),KJ Simpson (38231866),Brice Sensabaugh (38231912),Giannis Antetokounmpo (38231518),284.65362847222224,376.04563627386267,49400,100.00%,45,123.48%,0,154.67,$4.94,DET 2,NOP 1,user34,1,marvalshot,8875,4676777794_34
Marcus Sasser (38231998),Dennis Schroder (38231739),Josh Hart (38231592),Ausar Thompson (38231802),Yves Missi (38231806),Donovan Mitchell (38231558),Giannis Antetokounmpo (38231518),KJ Simpson (38231866),272.48835503472225,359.97108103265896,49800,35.66%,0,-71.63%,0,231.56,$-2.87,DET 3,NYK 1,user18,48,marvalshot,8787,4676777788_18
Collin Sexton (38231698),Dennis Schroder (38231739),Ausar Thompson (38231802),Evan Mobley (38231569),Ivica Zubac (38231590),Anthony Edwards (38231530),Brice Sensabaugh (38231912),KJ Simpson (38231866),288.2813498263889,375.5439979587906,49500,100.00%,2112,253.59%,0,186.31,$10.14,UTA 2,DET 2,user48,1,marvalshot,8836,4676777789_48
Dennis Schroder (38231739),Marcus Sasser (38231998),Ausar Thompson (38231802),Giannis Antetokounmpo (38231518),Ivica Zubac (38231590),Donovan Mitchell (38231558),Gary Trent Jr. (38231780),KJ Simpson (38231866),271.2243967013889,358.13930643779867,50000,17.44%,0,-89.78%,0,231.45999999999998,$-3.59,DET 3,MIL 2,user18,50,marvalshot,766,4676777790_18
Marcus Sasser (38231998),Donovan Mitchell (38231558),Ausar Thompson (38231802),Evan Mobley (38231569),Giannis Antetokounmpo (38231518),KJ Simpson (38231866),Jamison Battle (38231856),Dennis Schroder (38231739),280.4268532986111,366.52635789222103,49900,99.92%,0,63.01%,0,233.91000000000003,$2.52,DET 3,CLE 2,user18,50,marvalshot,53,4676777791_18
Stephen Curry (38231544),Dennis Schroder (38231739),Keion Brooks Jr. (38232034),Kyle Filipowski (38231690),Ivica Zubac (38231590),KJ Simpson (38231866),Tidjane Salaun (38232066),Giannis Antetokounmpo (38231518),282.2488064236111,375.85825262819594,50000,99.99%,0,82.9%,0,201.25,$3.32,CHA 2,GSW 1,user18,49,marvalshot,8838,4676777792_18
Dennis Schroder (38231739),Marcus Sasser (38231998),Ausar Thompson (38231802),Evan Mobley (38231569),Jalen Duren (38231615),KJ Simpson (38231866),Giannis Antetokounmpo (38231518),Kelly Olynyk (38231709),285.40112847222224,375.93342352958575,50000,100.00%,27,131.79%,0,225.66,$5.27,DET 4,CLE 1,user18,47,marvalshot,60,4676777793_18
Keyonte George (38231656),Dennis Schroder (38231739),Ryan Dunn (38231842),Giannis Antetokounmpo (38231518),Jalen Duren (38231615),KJ Simpson (38231866),Jonathan Kuminga (38231721),Collin Sexton (38231698),284.32362847222225,381.97563627386273,49500,100.00%,29,116.89%,0,148.07,$4.68,UTA 2,DET 2,user20,1,marvalshot,8861,4676777794_20
Marcus Sasser (38231998),Dennis Schroder (38231739),Josh Hart (38231592),Ausar Thompson (38231802),Yves Missi (38231806),Donovan Mitchell (38231558),Giannis Antetokounmpo (38231518),KJ Simpson (38231866),272.48835503472225,359.97108103265896,49800,35.66%,0,-71.63%,0,231.56,$-2.87,DET 3,NYK 1,user19,48,marvalshot,8787,4676777788_19
Devin Booker (38231550),Dennis Schroder (38231739),Ausar Thompson (38231802),Evan Mobley (38231569),Ivica Zubac (38231590),Ryan Rollins (38231839),Kyle Filipowski (38231690),KJ Simpson (38231866),288.4113498263889,370.8539979587906,49500,100.00%,1708,252.81%,0,223.77,$10.11,DET 2,PHX 1,user17,1,marvalshot,8805,4676777789_17
Dennis Schroder (38231739),Marcus Sasser (38231998),Ausar Thompson (38231802),Giannis Antetokounmpo (38231518),Ivica Zubac (38231590),Donovan Mitchell (38231558),Gary Trent Jr. (38231780),KJ Simpson (38231866),271.2243967013889,358.13930643779867,50000,17.44%,0,-89.78%,0,231.45999999999998,$-3.59,DET 3,MIL 2,user19,50,marvalshot,766,4676777790_19
Marcus Sasser (38231998),Donovan Mitchell (38231558),Ausar Thompson (38231802),Evan Mobley (38231569),Giannis Antetokounmpo (38231518),KJ Simpson (38231866),Jamison Battle (38231856),Dennis Schroder (38231739),280.4268532986111,366.52635789222103,49900,99.92%,0,63.01%,0,233.91000000000003,$2.52,DET 3,CLE 2,user19,50,marvalshot,53,4676777791_19
Stephen Curry (38231544),Dennis Schroder (38231739),Keion Brooks Jr. (38232034),Kyle Filipowski (38231690),Ivica Zubac (38231590),KJ Simpson (38231866),Tidjane Salaun (38232066),Giannis Antetokounmpo (38231518),282.2488064236111,375.85825262819594,50000,99.99%,0,82.9%,0,201.25,$3.32,CHA 2,GSW 1,user19,49,marvalshot,8838,4676777792_19
Dennis Schroder (38231739),Marcus Sasser (38231998),Ausar Thompson (38231802),Evan Mobley (38231569),Jalen Duren (38231615),KJ Simpson (38231866),Giannis Antetokounmpo (38231518),Kelly Olynyk (38231709),285.40112847222224,375.93342352958575,50000,100.00%,27,131.79%,0,225.66,$5.27,DET 4,CLE 1,user19,47,marvalshot,60,4676777793_19
Brandin Podziemski (38231673),Dennis Schroder (38231739),Michael Porter Jr. (38231620),Kyle Filipowski (38231690),Jalen Duren (38231615),KJ Simpson (38231866),Giannis Antetokounmpo (38231518),Delon Wright (38232301),284.2536284722222,372.75563627386265,49800,100.00%,7,113.51%,0,197.64000000000001,$4.54,DET 2,GSW 1,user42,1,marvalshot,8883,4676777794_42
Marcus Sasser (38231998),Dennis Schroder (38231739),Josh Hart (38231592),Ausar Thompson (38231802),Yves Missi (38231806),Donovan Mitchell (38231558),Giannis Antetokounmpo (38231518),KJ Simpson (38231866),272.48835503472225,359.97108103265896,49800,35.66%,0,-71.63%,0,231.56,$-2.87,DET 3,NYK 1,user20,48,marvalshot,8787,4676777788_20
Jamal Murray (38231573),Dennis Schroder (38231739),Ausar Thompson (38231802),Evan Mobley (38231569),Ivica Zubac (38231590),Bruce Brown (38231762),Kyle Filipowski (38231690),KJ Simpson (38231866),288.3413498263889,369.8739979587906,49600,100.00%,1481,247.56%,0,214.65,$9.9,DET 2,DEN 1,user36,1,marvalshot,8824,4676777789_36
Dennis Schroder (38231739),Marcus Sasser (38231998),Ausar Thompson (38231802),Giannis Antetokounmpo (38231518),Ivica Zubac (38231590),Donovan Mitchell (38231558),Gary Trent Jr. (38231780),KJ Simpson (38231866),271.2243967013889,358.13930643779867,50000,17.44%,0,-89.78%,0,231.45999999999998,$-3.59,DET 3,MIL 2,user20,50,marvalshot,766,4676777790_20
Marcus Sasser (38231998),Donovan Mitchell (38231558),Ausar Thompson (38231802),Evan Mobley (38231569),Giannis Antetokounmpo (38231518),KJ Simpson (38231866),Jamison Battle (38231856),Dennis Schroder (38231739),280.4268532986111,366.52635789222103,49900,99.92%,0,63.01%,0,233.91000000000003,$2.52,DET 3,CLE 2,user20,50,marvalshot,53,4676777791_20
Stephen Curry (38231544),Dennis Schroder (38231739),Keion Brooks Jr. (38232034),Kyle Filipowski (38231690),Ivica Zubac (38231590),KJ Simpson (38231866),Tidjane Salaun (38232066),Giannis Antetokounmpo (38231518),282.2488064236111,375.85825262819594,50000,99.99%,0,82.9%,0,201.25,$3.32,CHA 2,GSW 1,user20,49,marvalshot,8838,4676777792_20
Dennis Schroder (38231739),Marcus Sasser (38231998),Ausar Thompson (38231802),Evan Mobley (38231569),Jalen Duren (38231615),KJ Simpson (38231866),Giannis Antetokounmpo (38231518),Kelly Olynyk (38231709),285.40112847222224,375.93342352958575,50000,100.00%,27,131.79%,0,225.66,$5.27,DET 4,CLE 1,user20,47,marvalshot,60,4676777793_20
Keyonte George (38231656),Dennis Schroder (38231739),Keion Brooks Jr. (38232034),Giannis Antetokounmpo (38231518),Jalen Duren (38231615),KJ Simpson (38231866),Kyle Filipowski (38231690),Aaron Gordon (38231661),284.2336284722222,377.5956362738627,49400,100.00%,16,113.29%,0,186.04,$4.53,UTA 2,DET 2,user16,1,marvalshot,8857,4676777794_16
Marcus Sasser (38231998),Dennis Schroder (38231739),Josh Hart (38231592),Ausar Thompson (38231802),Yves Missi (38231806),Donovan Mitchell (38231558),Giannis Antetokounmpo (38231518),KJ Simpson (38231866),272.48835503472225,359.97108103265896,49800,35.66%,0,-71.63%,0,231.56,$-2.87,DET 3,NYK 1,user21,48,marvalshot,8787,4676777788_21
Jose Alvarado (38231736),Dennis Schroder (38231739),Ausar Thompson (38231802),Evan Mobley (38231569),Ivica Zubac (38231590),Devin Booker (38231550),Jonathan Kuminga (38231721),KJ Simpson (38231866),287.9313498263889,374.1339979587906,49700,100.00%,1551,234.43%,0,180.63,$9.38,DET 2,NOP 1,user46,1,marvalshot,8834,4676777789_46
Dennis Schroder (38231739),Marcus Sasser (38231998),Ausar Thompson (38231802),Giannis Antetokounmpo (38231518),Ivica Zubac (38231590),Donovan Mitchell (38231558),Gary Trent Jr. (38231780),KJ Simpson (38231866),271.2243967013889,358.13930643779867,50000,17.44%,0,-89.78%,0,231.45999999999998,$-3.59,DET 3,MIL 2,user21,50,marvalshot,766,4676777790_21
Marcus Sasser (38231998),Donovan Mitchell (38231558),Ausar Thompson (38231802),Evan Mobley (38231569),Giannis Antetokounmpo (38231518),KJ Simpson (38231866),Jamison Battle (38231856),Dennis Schroder (38231739),280.4268532986111,366.52635789222103,49900,99.92%,0,63.01%,0,233.91000000000003,$2.52,DET 3,CLE 2,user21,50,marvalshot,53,4676777791_21
Stephen Curry (38231544),Dennis Schroder (38231739),Keion Brooks Jr. (38232034),Kyle Filipowski (38231690),Ivica Zubac (38231590),KJ Simpson (38231866),Tidjane Salaun (38232066),Giannis Antetokounmpo (38231518),282.2488064236111,375.85825262819594,50000,99.99%,0,82.9%,0,201.25,$3.32,CHA 2,GSW 1,user21,49,marvalshot,8838,4676777792_21
Dennis Schroder (38231739),Marcus Sasser (38231998),Ausar Thompson (38231802),Evan Mobley (38231569),Jalen Duren (38231615),KJ Simpson (38231866),Giannis Antetokounmpo (38231518),Kelly Olynyk (38231709),285.40112847222224,375.93342352958575,50000,100.00%,27,131.79%,0,225.66,$5.27,DET 4,CLE 1,user21,47,marvalshot,60,4676777793_21
Collin Sexton (38231698),Dennis Schroder (38231739),Brice Sensabaugh (38231912),OG Anunoby (38231623),Jalen Duren (38231615),KJ Simpson (38231866),Bruce Brown (38231762),Nikola Jokic (38231516),283.9936284722222,377.00563627386265,50000,100.00%,29,112.29%,0,144.54,$4.49,UTA 2,DET 2,user43,1,marvalshot,8884,4676777794_43
Marcus Sasser (38231998),Dennis Schroder (38231739),Josh Hart (38231592),Ausar Thompson (38231802),Yves Missi (38231806),Donovan Mitchell (38231558),Giannis Antetokounmpo (38231518),KJ Simpson (38231866),272.48835503472225,359.97108103265896,49800,35.66%,0,-71.63%,0,231.56,$-2.87,DET 3,NYK 1,user22,48,marvalshot,8787,4676777788_22
Isaiah Collier (38231724),Dennis Schroder (38231739),Ausar Thompson (38231802),Evan Mobley (38231569),Ivica Zubac (38231590),Devin Booker (38231550),Bruce Brown (38231762),KJ Simpson (38231866),287.8513498263889,369.3439979587906,49400,100.00%,1484,229.99%,0,178.67000000000002,$9.2,DET 2,UTA 1,user24,1,marvalshot,8812,4676777789_24
Dennis Schroder (38231739),Marcus Sasser (38231998),Ausar Thompson (38231802),Giannis Antetokounmpo (38231518),Ivica Zubac (38231590),Donovan Mitchell (38231558),Gary Trent Jr. (38231780),KJ Simpson (38231866),271.2243967013889,358.13930643779867,50000,17.44%,0,-89.78%,0,231.45999999999998,$-3.59,DET 3,MIL 2,user22,50,marvalshot,766,4676777790_22
Marcus Sasser (38231998),Donovan Mitchell (38231558),Ausar Thompson (38231802),Evan Mobley (38231569),Giannis Antetokounmpo (38231518),KJ Simpson (38231866),Jamison Battle (38231856),Dennis Schroder (38231739),280.4268532986111,366.52635789222103,49900,99.92%,0,63.01%,0,233.91000000000003,$2.52,DET 3,CLE 2,user22,50,marvalshot,53,4676777791_22
Stephen Curry (38231544),Dennis Schroder (38231739),Keion Brooks Jr. (38232034),Kyle Filipowski (38231690),Ivica Zubac (38231590),KJ Simpson (38231866),Tidjane Salaun (38232066),Giannis Antetokounmpo (38231518),282.2488064236111,375.85825262819594,50000,99.99%,0,82.9%,0,201.25,$3.32,CHA 2,GSW 1,user22,49,marvalshot,8838,4676777792_22
Dennis Schroder (38231739),Marcus Sasser (38231998),Ausar Thompson (38231802),Evan Mobley (38231569),Jalen Duren (38231615),KJ Simpson (38231866),Giannis Antetokounmpo (38231518),Kelly Olynyk (38231709),285.40112847222224,375.93342352958575,50000,100.00%,27,131.79%,0,225.66,$5.27,DET 4,CLE 1,user22,47,marvalshot,60,4676777793_22
Collin Sexton (38231698),Dennis Schroder (38231739),Moses Moody (38231743),Kyle Filipowski (38231690),Jalen Duren (38231615),KJ Simpson (38231866),Draymond Green (38231645),Karl-Anthony Towns (38231525),284.0436284722222,371.74563627386266,49900,100.00%,25,111.77%,0,163.88,$4.47,UTA 2,DET 2,user44,1,marvalshot,8885,4676777794_44
Marcus Sasser (38231998),Dennis Schroder (38231739),Josh Hart (38231592),Ausar Thompson (38231802),Yves Missi (38231806),Donovan Mitchell (38231558),Giannis Antetokounmpo (38231518),KJ Simpson (38231866),272.48835503472225,359.97108103265896,49800,35.66%,0,-71.63%,0,231.56,$-2.87,DET 3,NYK 1,user23,48,marvalshot,8787,4676777788_23
Jordan Hawkins (38231812),Dennis Schroder (38231739),Ausar Thompson (38231802),Evan Mobley (38231569),Ivica Zubac (38231590),Stephen Curry (38231544),Jonathan Kuminga (38231721),KJ Simpson (38231866),287.84134982638886,373.53399795879056,49200,100.00%,1284,227.74%,0,181.26,$9.11,DET 2,GSW 2,user30,1,marvalshot,8818,4676777789_30
Dennis Schroder (38231739),Marcus Sasser (38231998),Ausar Thompson (38231802),Giannis Antetokounmpo (38231518),Ivica Zubac (38231590),Donovan Mitchell (38231558),Gary Trent Jr. (38231780),KJ Simpson (38231866),271.2243967013889,358.13930643779867,50000,17.44%,0,-89.78%,0,231.45999999999998,$-3.59,DET 3,MIL 2,user23,50,marvalshot,766,4676777790_23
Marcus Sasser (38231998),Donovan Mitchell (38231558),Ausar Thompson (38231802),Evan Mobley (38231569),Giannis Antetokounmpo (38231518),KJ Simpson (38231866),Jamison Battle (38231856),Dennis Schroder (38231739),280.4268532986111,366.52635789222103,49900,99.92%,0,63.01%,0,233.91000000000003,$2.52,DET 3,CLE 2,user23,50,marvalshot,53,4676777791_23
Stephen Curry (38231544),Dennis Schroder (38231739),Keion Brooks Jr. (38232034),Kyle Filipowski (38231690),Ivica Zubac (38231590),KJ Simpson (38231866),Tidjane Salaun (38232066),Giannis Antetokounmpo (38231518),282.2488064236111,375.85825262819594,50000,99.99%,0,82.9%,0,201.25,$3.32,CHA 2,GSW 1,user23,49,marvalshot,8838,4676777792_23
Dennis Schroder (38231739),Marcus Sasser (38231998),Ausar Thompson (38231802),Evan Mobley (38231569),Jalen Duren (38231615),KJ Simpson (38231866),Giannis Antetokounmpo (38231518),Kelly Olynyk (38231709),285.40112847222224,375.93342352958575,50000,100.00%,27,131.79%,0,225.66,$5.27,DET 4,CLE 1,user23,47,marvalshot,60,4676777793_23
Stephen Curry (38231544),Dennis Schroder (38231739),Bruce Brown (38231762),Jonathan Kuminga (38231721),Jalen Duren (38231615),KJ Simpson (38231866),Ryan Dunn (38231842),Karl-Anthony Towns (38231525),283.9836284722222,372.30563627386266,49900,100.00%,27,111.74%,0,137.74,$4.47,GSW 2,DET 2,user35,1,marvalshot,8876,4676777794_35
Marcus Sasser (38231998),Dennis Schroder (38231739),Josh Hart (38231592),Ausar Thompson (38231802),Yves Missi (38231806),Donovan Mitchell (38231558),Giannis Antetokounmpo (38231518),KJ Simpson (38231866),272.48835503472225,359.97108103265896,49800,35.66%,0,-71.63%,0,231.56,$-2.87,DET 3,NYK 1,user24,48,marvalshot,8787,4676777788_24
Stephen Curry (38231544),Dennis Schroder (38231739),Ausar Thompson (38231802),Evan Mobley (38231569),Ivica Zubac (38231590),Bruce Brown (38231762),Naz Reid (38231702),KJ Simpson (38231866),287.7913498263889,371.3739979587906,49900,100.00%,1333,226.85%,0,176.11,$9.07,DET 2,GSW 1,user,1,marvalshot,351,4676777789
Dennis Schroder (38231739),Marcus Sasser (38231998),Ausar Thompson (38231802),Giannis Antetokounmpo (38231518),Ivica Zubac (38231590),Donovan Mitchell (38231558),Gary Trent Jr. (38231780),KJ Simpson (38231866),271.2243967013889,358.13930643779867,50000,17.44%,0,-89.78%,0,231.45999999999998,$-3.59,DET 3,MIL 2,user24,50,marvalshot,766,4676777790_24
Marcus Sasser (38231998),Donovan Mitchell (38231558),Ausar Thompson (38231802),Evan Mobley (38231569),Giannis Antetokounmpo (38231518),KJ Simpson (38231866),Jamison Battle (38231856),Dennis Schroder (38231739),280.4268532986111,366.52635789222103,49900,99.92%,0,63.01%,0,233.91000000000003,$2.52,DET 3,CLE 2,user24,50,marvalshot,53,4676777791_24
Stephen Curry (38231544),Dennis Schroder (38231739),Keion Brooks Jr. (38232034),Kyle Filipowski (38231690),Ivica Zubac (38231590),KJ Simpson (38231866),Tidjane Salaun (38232066),Giannis Antetokounmpo (38231518),282.2488064236111,375.85825262819594,50000,99.99%,0,82.9%,0,201.25,$3.32,CHA 2,GSW 1,user24,49,marvalshot,8838,4676777792_24
Dennis Schroder (38231739),Marcus Sasser (38231998),Ausar Thompson (38231802),Evan Mobley (38231569),Jalen Duren (38231615),KJ Simpson (38231866),Giannis Antetokounmpo (38231518),Kelly Olynyk (38231709),285.40112847222224,375.93342352958575,50000,100.00%,27,131.79%,0,225.66,$5.27,DET 4,CLE 1,user24,47,marvalshot,60,4676777793_24
Keyonte George (38231656),Dennis Schroder (38231739),Gary Trent Jr. (38231780),Giannis Antetokounmpo (38231518),Jalen Duren (38231615),KJ Simpson (38231866),Josh Hart (38231592),Oscar Tshiebwe (38232278),283.9736284722222,373.27563627386263,49900,100.00%,28,111.47%,0,150.54000000000002,$4.46,UTA 2,DET 2,user40,1,marvalshot,8881,4676777794_40
Marcus Sasser (38231998),Dennis Schroder (38231739),Josh Hart (38231592),Ausar Thompson (38231802),Yves Missi (38231806),Donovan Mitchell (38231558),Giannis Antetokounmpo (38231518),KJ Simpson (38231866),272.48835503472225,359.97108103265896,49800,35.66%,0,-71.63%,0,231.56,$-2.87,DET 3,NYK 1,user25,48,marvalshot,8787,4676777788_25
Jordan Hawkins (38231812),Dennis Schroder (38231739),Ausar Thompson (38231802),Evan Mobley (38231569),Ivica Zubac (38231590),Anthony Edwards (38231530),Bruce Brown (38231762),KJ Simpson (38231866),287.5813498263889,369.67399795879055,49200,100.00%,923,213.02%,0,187.48000000000002,$8.52,NOP 2,DET 2,user28,1,marvalshot,8816,4676777789_28
Dennis Schroder (38231739),Marcus Sasser (38231998),Ausar Thompson (38231802),Giannis Antetokounmpo (38231518),Ivica Zubac (38231590),Donovan Mitchell (38231558),Gary Trent Jr. (38231780),KJ Simpson (38231866),271.2243967013889,358.13930643779867,50000,17.44%,0,-89.78%,0,231.45999999999998,$-3.59,DET 3,MIL 2,user25,50,marvalshot,766,4676777790_25
Marcus Sasser (38231998),Donovan Mitchell (38231558),Ausar Thompson (38231802),Evan Mobley (38231569),Giannis Antetokounmpo (38231518),KJ Simpson (38231866),Jamison Battle (38231856),Dennis Schroder (38231739),280.4268532986111,366.52635789222103,49900,99.92%,0,63.01%,0,233.91000000000003,$2.52,DET 3,CLE 2,user25,50,marvalshot,53,4676777791_25
Stephen Curry (38231544),Dennis Schroder (38231739),Keion Brooks Jr. (38232034),Kyle Filipowski (38231690),Ivica Zubac (38231590),KJ Simpson (38231866),Tidjane Salaun (38232066),Giannis Antetokounmpo (38231518),282.2488064236111,375.85825262819594,50000,99.99%,0,82.9%,0,201.25,$3.32,CHA 2,GSW 1,user25,49,marvalshot,8838,4676777792_25
Dennis Schroder (38231739),Marcus Sasser (38231998),Ausar Thompson (38231802),Evan Mobley (38231569),Jalen Duren (38231615),KJ Simpson (38231866),Giannis Antetokounmpo (38231518),Kelly Olynyk (38231709),285.40112847222224,375.93342352958575,50000,100.00%,27,131.79%,0,225.66,$5.27,DET 4,CLE 1,user25,47,marvalshot,60,4676777793_25
Devin Booker (38231550),Dennis Schroder (38231739),Josh Hart (38231592),Kyle Filipowski (38231690),Jalen Duren (38231615),KJ Simpson (38231866),Kelly Olynyk (38231709),Bruce Brown (38231762),283.8936284722222,367.4756362738626,50000,100.00%,13,108.47%,0,168.97,$4.34,DET 2,NOP 2,user7,1,marvalshot,8848,4676777794_7
Marcus Sasser (38231998),Dennis Schroder (38231739),Josh Hart (38231592),Ausar Thompson (38231802),Yves Missi (38231806),Donovan Mitchell (38231558),Giannis Antetokounmpo (38231518),KJ Simpson (38231866),272.48835503472225,359.97108103265896,49800,35.66%,0,-71.63%,0,231.56,$-2.87,DET 3,NYK 1,user26,48,marvalshot,8787,4676777788_26
Jose Alvarado (38231736),Dennis Schroder (38231739),Ausar Thompson (38231802),Evan Mobley (38231569),Ivica Zubac (38231590),Stephen Curry (38231544),Bruce Brown (38231762),KJ Simpson (38231866),287.30134982638884,370.49399795879054,49300,100.00%,738,201.32%,0,181.47,$8.05,NOP 2,DET 2,user32,1,marvalshot,8820,4676777789_32
Dennis Schroder (38231739),Marcus Sasser (38231998),Ausar Thompson (38231802),Giannis Antetokounmpo (38231518),Ivica Zubac (38231590),Donovan Mitchell (38231558),Gary Trent Jr. (38231780),KJ Simpson (38231866),271.2243967013889,358.13930643779867,50000,17.44%,0,-89.78%,0,231.45999999999998,$-3.59,DET 3,MIL 2,user26,50,marvalshot,766,4676777790_26
Marcus Sasser (38231998),Donovan Mitchell (38231558),Ausar Thompson (38231802),Evan Mobley (38231569),Giannis Antetokounmpo (38231518),KJ Simpson (38231866),Jamison Battle (38231856),Dennis Schroder (38231739),280.4268532986111,366.52635789222103,49900,99.92%,0,63.01%,0,233.91000000000003,$2.52,DET 3,CLE 2,user26,50,marvalshot,53,4676777791_26
Stephen Curry (38231544),Dennis Schroder (38231739),Keion Brooks Jr. (38232034),Kyle Filipowski (38231690),Ivica Zubac (38231590),KJ Simpson (38231866),Tidjane Salaun (38232066),Giannis Antetokounmpo (38231518),282.2488064236111,375.85825262819594,50000,99.99%,0,82.9%,0,201.25,$3.32,CHA 2,GSW 1,user26,49,marvalshot,8838,4676777792_26
Dennis Schroder (38231739),Marcus Sasser (38231998),Ausar Thompson (38231802),Evan Mobley (38231569),Jalen Duren (38231615),KJ Simpson (38231866),Giannis Antetokounmpo (38231518),Kelly Olynyk (38231709),285.40112847222224,375.93342352958575,50000,100.00%,27,131.79%,0,225.66,$5.27,DET 4,CLE 1,user26,47,marvalshot,60,4676777793_26
Collin Sexton (38231698),Dennis Schroder (38231739),Jaden McDaniels (38231694),Giannis Antetokounmpo (38231518),Jalen Duren (38231615),KJ Simpson (38231866),Kyle Filipowski (38231690),Ryan Rollins (38231839),284.0036284722222,378.0356362738627,49900,100.00%,5,107.66%,0,188.12,$4.31,UTA 2,DET 2,user49,1,marvalshot,8890,4676777794_49
Marcus Sasser (38231998),Dennis Schroder (38231739),Josh Hart (38231592),Ausar Thompson (38231802),Yves Missi (38231806),Donovan Mitchell (38231558),Giannis Antetokounmpo (38231518),KJ Simpson (38231866),272.48835503472225,359.97108103265896,49800,35.66%,0,-71.63%,0,231.56,$-2.87,DET 3,NYK 1,user27,48,marvalshot,8787,4676777788_27
Tyler Kolek (38232021),Dennis Schroder (38231739),Ausar Thompson (38231802),Evan Mobley (38231569),Ivica Zubac (38231590),Jordan Hawkins (38231812),Giannis Antetokounmpo (38231518),KJ Simpson (38231866),287.21134982638887,375.81399795879054,49500,100.00%,423,193.54%,0,211.01,$7.74,DET 2,NYK 1,user35,1,marvalshot,8823,4676777789_35
Dennis Schroder (38231739),Marcus Sasser (38231998),Ausar Thompson (38231802),Giannis Antetokounmpo (38231518),Ivica Zubac (38231590),Donovan Mitchell (38231558),Gary Trent Jr. (38231780),KJ Simpson (38231866),271.2243967013889,358.13930643779867,50000,17.44%,0,-89.78%,0,231.45999999999998,$-3.59,DET 3,MIL 2,user27,50,marvalshot,766,4676777790_27
Marcus Sasser (38231998),Donovan Mitchell (38231558),Ausar Thompson (38231802),Evan Mobley (38231569),Giannis Antetokounmpo (38231518),KJ Simpson (38231866),Jamison Battle (38231856),Dennis Schroder (38231739),280.4268532986111,366.52635789222103,49900,99.92%,0,63.01%,0,233.91000000000003,$2.52,DET 3,CLE 2,user27,50,marvalshot,53,4676777791_27
Stephen Curry (38231544),Dennis Schroder (38231739),Keion Brooks Jr. (38232034),Kyle Filipowski (38231690),Ivica Zubac (38231590),KJ Simpson (38231866),Tidjane Salaun (38232066),Giannis Antetokounmpo (38231518),282.2488064236111,375.85825262819594,50000,99.99%,0,82.9%,0,201.25,$3.32,CHA 2,GSW 1,user27,49,marvalshot,8838,4676777792_27
Dennis Schroder (38231739),Marcus Sasser (38231998),Ausar Thompson (38231802),Evan Mobley (38231569),Jalen Duren (38231615),KJ Simpson (38231866),Giannis Antetokounmpo (38231518),Kelly Olynyk (38231709),285.40112847222224,375.93342352958575,50000,100.00%,27,131.79%,0,225.66,$5.27,DET 4,CLE 1,user27,47,marvalshot,60,4676777793_27
Jose Alvarado (38231736),Dennis Schroder (38231739),OG Anunoby (38231623),Ryan Dunn (38231842),Jalen Duren (38231615),KJ Simpson (38231866),Giannis Antetokounmpo (38231518),Collin Sexton (38231698),283.65362847222224,374.3856362738627,50000,100.00%,12,105.23%,0,154.45,$4.21,DET 2,NOP 1,user38,1,marvalshot,8879,4676777794_38
Marcus Sasser (38231998),Dennis Schroder (38231739),Josh Hart (38231592),Ausar Thompson (38231802),Yves Missi (38231806),Donovan Mitchell (38231558),Giannis Antetokounmpo (38231518),KJ Simpson (38231866),272.48835503472225,359.97108103265896,49800,35.66%,0,-71.63%,0,231.56,$-2.87,DET 3,NYK 1,user28,48,marvalshot,8787,4676777788_28
Stephen Curry (38231544),Dennis Schroder (38231739),Ausar Thompson (38231802),Evan Mobley (38231569),Ivica Zubac (38231590),Jordan Hawkins (38231812),Kelly Olynyk (38231709),KJ Simpson (38231866),286.97134982638886,372.0239979587906,49700,100.00%,544,188.39%,0,181.13,$7.54,DET 2,NOP 2,user29,1,marvalshot,8817,4676777789_29
Dennis Schroder (38231739),Marcus Sasser (38231998),Ausar Thompson (38231802),Giannis Antetokounmpo (38231518),Ivica Zubac (38231590),Donovan Mitchell (38231558),Gary Trent Jr. (38231780),KJ Simpson (38231866),271.2243967013889,358.13930643779867,50000,17.44%,0,-89.78%,0,231.45999999999998,$-3.59,DET 3,MIL 2,user28,50,marvalshot,766,4676777790_28
Marcus Sasser (38231998),Donovan Mitchell (38231558),Ausar Thompson (38231802),Evan Mobley (38231569),Giannis Antetokounmpo (38231518),KJ Simpson (38231866),Jamison Battle (38231856),Dennis Schroder (38231739),280.4268532986111,366.52635789222103,49900,99.92%,0,63.01%,0,233.91000000000003,$2.52,DET 3,CLE 2,user28,50,marvalshot,53,4676777791_28
Stephen Curry (38231544),Dennis Schroder (38231739),Keion Brooks Jr. (38232034),Kyle Filipowski (38231690),Ivica Zubac (38231590),KJ Simpson (38231866),Tidjane Salaun (38232066),Giannis Antetokounmpo (38231518),282.2488064236111,375.85825262819594,50000,99.99%,0,82.9%,0,201.25,$3.32,CHA 2,GSW 1,user28,49,marvalshot,8838,4676777792_28
Dennis Schroder (38231739),Marcus Sasser (38231998),Ausar Thompson (38231802),Evan Mobley (38231569),Jalen Duren (38231615),KJ Simpson (38231866),Giannis Antetokounmpo (38231518),Kelly Olynyk (38231709),285.40112847222224,375.93342352958575,50000,100.00%,27,131.79%,0,225.66,$5.27,DET 4,CLE 1,user28,47,marvalshot,60,4676777793_28
Collin Sexton (38231698),Dennis Schroder (38231739),Keion Brooks Jr. (38232034),Jimmy Butler (38231562),Jalen Duren (38231615),KJ Simpson (38231866),Giannis Antetokounmpo (38231518),Yves Missi (38231806),283.4336284722222,380.00563627386265,50000,100.00%,13,101.7%,0,152.61,$4.07,DET 2,NOP 2,user29,1,marvalshot,8870,4676777794_29
Marcus Sasser (38231998),Dennis Schroder (38231739),Josh Hart (38231592),Ausar Thompson (38231802),Yves Missi (38231806),Donovan Mitchell (38231558),Giannis Antetokounmpo (38231518),KJ Simpson (38231866),272.48835503472225,359.97108103265896,49800,35.66%,0,-71.63%,0,231.56,$-2.87,DET 3,NYK 1,user29,48,marvalshot,8787,4676777788_29
Jose Alvarado (38231736),Dennis Schroder (38231739),Ausar Thompson (38231802),Evan Mobley (38231569),Ivica Zubac (38231590),Collin Sexton (38231698),Jimmy Butler (38231562),KJ Simpson (38231866),286.92134982638885,373.3339979587905,50000,100.00%,540,187.47%,0,178.34,$7.5,DET 2,NOP 1,user16,1,marvalshot,8804,4676777789_16
Dennis Schroder (38231739),Marcus Sasser (38231998),Ausar Thompson (38231802),Giannis Antetokounmpo (38231518),Ivica Zubac (38231590),Donovan Mitchell (38231558),Gary Trent Jr. (38231780),KJ Simpson (38231866),271.2243967013889,358.13930643779867,50000,17.44%,0,-89.78%,0,231.45999999999998,$-3.59,DET 3,MIL 2,user29,50,marvalshot,766,4676777790_29
Marcus Sasser (38231998),Donovan Mitchell (38231558),Ausar Thompson (38231802),Evan Mobley (38231569),Giannis Antetokounmpo (38231518),KJ Simpson (38231866),Jamison Battle (38231856),Dennis Schroder (38231739),280.4268532986111,366.52635789222103,49900,99.92%,0,63.01%,0,233.91000000000003,$2.52,DET 3,CLE 2,user29,50,marvalshot,53,4676777791_29
Stephen Curry (38231544),Dennis Schroder (38231739),Keion Brooks Jr. (38232034),Kyle Filipowski (38231690),Ivica Zubac (38231590),KJ Simpson (38231866),Tidjane Salaun (38232066),Giannis Antetokounmpo (38231518),282.2488064236111,375.85825262819594,50000,99.99%,0,82.9%,0,201.25,$3.32,CHA 2,GSW 1,user29,49,marvalshot,8838,4676777792_29
Dennis Schroder (38231739),Marcus Sasser (38231998),Ausar Thompson (38231802),Evan Mobley (38231569),Jalen Duren (38231615),KJ Simpson (38231866),Giannis Antetokounmpo (38231518),Kelly Olynyk (38231709),285.40112847222224,375.93342352958575,50000,100.00%,27,131.79%,0,225.66,$5.27,DET 4,CLE 1,user29,47,marvalshot,60,4676777793_29
Collin Sexton (38231698),Dennis Schroder (38231739),Josh Hart (38231592),Giannis Antetokounmpo (38231518),Jalen Duren (38231615),KJ Simpson (38231866),Brice Sensabaugh (38231912),Ryan Rollins (38231839),283.47362847222223,375.4956362738627,49700,100.00%,2,101.61%,0,157.93,$4.06,UTA 2,DET 2,user41,1,marvalshot,8882,4676777794_41
Marcus Sasser (38231998),Dennis Schroder (38231739),Josh Hart (38231592),Ausar Thompson (38231802),Yves Missi (38231806),Donovan Mitchell (38231558),Giannis Antetokounmpo (38231518),KJ Simpson (38231866),272.48835503472225,359.97108103265896,49800,35.66%,0,-71.63%,0,231.56,$-2.87,DET 3,NYK 1,user30,48,marvalshot,8787,4676777788_30
Collin Gillespie (38231876),Dennis Schroder (38231739),Ausar Thompson (38231802),Evan Mobley (38231569),Ivica Zubac (38231590),Anthony Edwards (38231530),Kyle Filipowski (38231690),KJ Simpson (38231866),287.0813498263889,370.1239979587906,49800,100.00%,317,186.15%,0,216.14999999999998,$7.45,DET 2,PHX 1,user44,1,marvalshot,8832,4676777789_44
Dennis Schroder (38231739),Marcus Sasser (38231998),Ausar Thompson (38231802),Giannis Antetokounmpo (38231518),Ivica Zubac (38231590),Donovan Mitchell (38231558),Gary Trent Jr. (38231780),KJ Simpson (38231866),271.2243967013889,358.13930643779867,50000,17.44%,0,-89.78%,0,231.45999999999998,$-3.59,DET 3,MIL 2,user30,50,marvalshot,766,4676777790_30
Marcus Sasser (38231998),Donovan Mitchell (38231558),Ausar Thompson (38231802),Evan Mobley (38231569),Giannis Antetokounmpo (38231518),KJ Simpson (38231866),Jamison Battle (38231856),Dennis Schroder (38231739),280.4268532986111,366.52635789222103,49900,99.92%,0,63.01%,0,233.91000000000003,$2.52,DET 3,CLE 2,user30,50,marvalshot,53,4676777791_30
Stephen Curry (38231544),Dennis Schroder (38231739),Keion Brooks Jr. (38232034),Kyle Filipowski (38231690),Ivica Zubac (38231590),KJ Simpson (38231866),Tidjane Salaun (38232066),Giannis Antetokounmpo (38231518),282.2488064236111,375.85825262819594,50000,99.99%,0,82.9%,0,201.25,$3.32,CHA 2,GSW 1,user30,49,marvalshot,8838,4676777792_30
Dennis Schroder (38231739),Marcus Sasser (38231998),Ausar Thompson (38231802),Evan Mobley (38231569),Jalen Duren (38231615),KJ Simpson (38231866),Giannis Antetokounmpo (38231518),Kelly Olynyk (38231709),285.40112847222224,375.93342352958575,50000,100.00%,27,131.79%,0,225.66,$5.27,DET 4,CLE 1,user30,47,marvalshot,60,4676777793_30
Kevin Porter Jr. (38231748),Dennis Schroder (38231739),Christian Braun (38231668),Giannis Antetokounmpo (38231518),Jalen Duren (38231615),KJ Simpson (38231866),Kyle Filipowski (38231690),Jonathan Kuminga (38231721),283.5236284722222,378.07563627386264,50000,100.00%,3,101.18%,0,177.57,$4.05,MIL 2,DET 2,user26,1,marvalshot,8867,4676777794_26
Marcus Sasser (38231998),Dennis Schroder (38231739),Josh Hart (38231592),Ausar Thompson (38231802),Yves Missi (38231806),Donovan Mitchell (38231558),Giannis Antetokounmpo (38231518),KJ Simpson (38231866),272.48835503472225,359.97108103265896,49800,35.66%,0,-71.63%,0,231.56,$-2.87,DET 3,NYK 1,user31,48,marvalshot,8787,4676777788_31
Stephen Curry (38231544),Dennis Schroder (38231739),Ausar Thompson (38231802),Evan Mobley (38231569),Ivica Zubac (38231590),Moses Moody (38231743),Jonathan Kuminga (38231721),KJ Simpson (38231866),286.6113498263889,370.3839979587906,49700,100.00%,300,173.34%,0,171.97,$6.93,GSW 3,DET 2,user38,1,marvalshot,8826,4676777789_38
Dennis Schroder (38231739),Marcus Sasser (38231998),Ausar Thompson (38231802),Giannis Antetokounmpo (38231518),Ivica Zubac (38231590),Donovan Mitchell (38231558),Gary Trent Jr. (38231780),KJ Simpson (38231866),271.2243967013889,358.13930643779867,50000,17.44%,0,-89.78%,0,231.45999999999998,$-3.59,DET 3,MIL 2,user31,50,marvalshot,766,4676777790_31
Marcus Sasser (38231998),Donovan Mitchell (38231558),Ausar Thompson (38231802),Evan Mobley (38231569),Giannis Antetokounmpo (38231518),KJ Simpson (38231866),Jamison Battle (38231856),Dennis Schroder (38231739),280.4268532986111,366.52635789222103,49900,99.92%,0,63.01%,0,233.91000000000003,$2.52,DET 3,CLE 2,user31,50,marvalshot,53,4676777791_31
Stephen Curry (38231544),Dennis Schroder (38231739),Keion Brooks Jr. (38232034),Kyle Filipowski (38231690),Ivica Zubac (38231590),KJ Simpson (38231866),Tidjane Salaun (38232066),Giannis Antetokounmpo (38231518),282.2488064236111,375.85825262819594,50000,99.99%,0,82.9%,0,201.25,$3.32,CHA 2,GSW 1,user31,49,marvalshot,8838,4676777792_31
Dennis Schroder (38231739),Marcus Sasser (38231998),Ausar Thompson (38231802),Evan Mobley (38231569),Jalen Duren (38231615),KJ Simpson (38231866),Giannis Antetokounmpo (38231518),Kelly Olynyk (38231709),285.40112847222224,375.93342352958575,50000,100.00%,27,131.79%,0,225.66,$5.27,DET 4,CLE 1,user31,47,marvalshot,60,4676777793_31
Isaiah Collier (38231724),Dennis Schroder (38231739),Moses Moody (38231743),Draymond Green (38231645),Jalen Duren (38231615),KJ Simpson (38231866),Giannis Antetokounmpo (38231518),Jonathan Kuminga (38231721),283.2536284722222,374.69563627386265,49900,99.99%,10,98.46%,0,135.3,$3.94,GSW 3,DET 2,user30,1,marvalshot,8871,4676777794_30
Marcus Sasser (38231998),Dennis Schroder (38231739),Josh Hart (38231592),Ausar Thompson (38231802),Yves Missi (38231806),Donovan Mitchell (38231558),Giannis Antetokounmpo (38231518),KJ Simpson (38231866),272.48835503472225,359.97108103265896,49800,35.66%,0,-71.63%,0,231.56,$-2.87,DET 3,NYK 1,user32,48,marvalshot,8787,4676777788_32
Stephen Curry (38231544),Dennis Schroder (38231739),Ausar Thompson (38231802),Evan Mobley (38231569),Ivica Zubac (38231590),Keyonte George (38231656),Ryan Dunn (38231842),KJ Simpson (38231866),286.54134982638885,369.66399795879056,49900,100.00%,345,173.19%,0,178.54000000000002,$6.93,DET 2,GSW 1,user45,1,marvalshot,8833,4676777789_45
Dennis Schroder (38231739),Marcus Sasser (38231998),Ausar Thompson (38231802),Giannis Antetokounmpo (38231518),Ivica Zubac (38231590),Donovan Mitchell (38231558),Gary Trent Jr. (38231780),KJ Simpson (38231866),271.2243967013889,358.13930643779867,50000,17.44%,0,-89.78%,0,231.45999999999998,$-3.59,DET 3,MIL 2,user32,50,marvalshot,766,4676777790_32
Marcus Sasser (38231998),Donovan Mitchell (38231558),Ausar Thompson (38231802),Evan Mobley (38231569),Giannis Antetokounmpo (38231518),KJ Simpson (38231866),Jamison Battle (38231856),Dennis Schroder (38231739),280.4268532986111,366.52635789222103,49900,99.92%,0,63.01%,0,233.91000000000003,$2.52,DET 3,CLE 2,user32,50,marvalshot,53,4676777791_32
Stephen Curry (38231544),Dennis Schroder (38231739),Keion Brooks Jr. (38232034),Kyle Filipowski (38231690),Ivica Zubac (38231590),KJ Simpson (38231866),Tidjane Salaun (38232066),Giannis Antetokounmpo (38231518),282.2488064236111,375.85825262819594,50000,99.99%,0,82.9%,0,201.25,$3.32,CHA 2,GSW 1,user32,49,marvalshot,8838,4676777792_32
Dennis Schroder (38231739),Marcus Sasser (38231998),Ausar Thompson (38231802),Evan Mobley (38231569),Jalen Duren (38231615),KJ Simpson (38231866),Giannis Antetokounmpo (38231518),Kelly Olynyk (38231709),285.40112847222224,375.93342352958575,50000,100.00%,27,131.79%,0,225.66,$5.27,DET 4,CLE 1,user32,47,marvalshot,60,4676777793_32
Ryan Rollins (38231839),Dennis Schroder (38231739),Christian Braun (38231668),Kyle Filipowski (38231690),Jalen Duren (38231615),KJ Simpson (38231866),Jonathan Kuminga (38231721),Giannis Antetokounmpo (38231518),283.33362847222224,375.2556362738627,49300,100.00%,3,98.05%,0,188.1,$3.92,MIL 2,DET 2,user24,1,marvalshot,8865,4676777794_24
Marcus Sasser (38231998),Dennis Schroder (38231739),Josh Hart (38231592),Ausar Thompson (38231802),Yves Missi (38231806),Donovan Mitchell (38231558),Giannis Antetokounmpo (38231518),KJ Simpson (38231866),272.48835503472225,359.97108103265896,49800,35.66%,0,-71.63%,0,231.56,$-2.87,DET 3,NYK 1,user33,48,marvalshot,8787,4676777788_33
Mike Conley (38231936),Dennis Schroder (38231739),Ausar Thompson (38231802),Evan Mobley (38231569),Ivica Zubac (38231590),Ryan Rollins (38231839),Giannis Antetokounmpo (38231518),KJ Simpson (38231866),286.53134982638886,374.59399795879057,49500,100.00%,152,167.29%,0,205.25,$6.69,DET 2,MIL 2,user42,1,marvalshot,8830,4676777789_42
Dennis Schroder (38231739),Marcus Sasser (38231998),Ausar Thompson (38231802),Giannis Antetokounmpo (38231518),Ivica Zubac (38231590),Donovan Mitchell (38231558),Gary Trent Jr. (38231780),KJ Simpson (38231866),271.2243967013889,358.13930643779867,50000,17.44%,0,-89.78%,0,231.45999999999998,$-3.59,DET 3,MIL 2,user33,50,marvalshot,766,4676777790_33
Marcus Sasser (38231998),Donovan Mitchell (38231558),Ausar Thompson (38231802),Evan Mobley (38231569),Giannis Antetokounmpo (38231518),KJ Simpson (38231866),Jamison Battle (38231856),Dennis Schroder (38231739),280.4268532986111,366.52635789222103,49900,99.92%,0,63.01%,0,233.91000000000003,$2.52,DET 3,CLE 2,user33,50,marvalshot,53,4676777791_33
Stephen Curry (38231544),Dennis Schroder (38231739),Keion Brooks Jr. (38232034),Kyle Filipowski (38231690),Ivica Zubac (38231590),KJ Simpson (38231866),Tidjane Salaun (38232066),Giannis Antetokounmpo (38231518),282.2488064236111,375.85825262819594,50000,99.99%,0,82.9%,0,201.25,$3.32,CHA 2,GSW 1,user33,49,marvalshot,8838,4676777792_33
Dennis Schroder (38231739),Marcus Sasser (38231998),Ausar Thompson (38231802),Evan Mobley (38231569),Jalen Duren (38231615),KJ Simpson (38231866),Giannis Antetokounmpo (38231518),Kelly Olynyk (38231709),285.40112847222224,375.93342352958575,50000,100.00%,27,131.79%,0,225.66,$5.27,DET 4,CLE 1,user33,47,marvalshot,60,4676777793_33
Jamal Murray (38231573),Dennis Schroder (38231739),Keion Brooks Jr. (38232034),Jonathan Kuminga (38231721),Jalen Duren (38231615),KJ Simpson (38231866),Giannis Antetokounmpo (38231518),Isaiah Collier (38231724),283.1836284722222,377.31563627386265,50000,100.00%,7,97.53%,0,146.59,$3.9,DET 2,DEN 1,user45,1,marvalshot,8886,4676777794_45
Marcus Sasser (38231998),Dennis Schroder (38231739),Josh Hart (38231592),Ausar Thompson (38231802),Yves Missi (38231806),Donovan Mitchell (38231558),Giannis Antetokounmpo (38231518),KJ Simpson (38231866),272.48835503472225,359.97108103265896,49800,35.66%,0,-71.63%,0,231.56,$-2.87,DET 3,NYK 1,user34,48,marvalshot,8787,4676777788_34
Elfrid Payton (38232031),Dennis Schroder (38231739),Ausar Thompson (38231802),Evan Mobley (38231569),Ivica Zubac (38231590),Jordan Hawkins (38231812),Giannis Antetokounmpo (38231518),KJ Simpson (38231866),286.5113498263889,373.78399795879056,49500,100.00%,153,166.4%,0,192.85000000000002,$6.66,NOP 2,DET 2,user33,1,marvalshot,8821,4676777789_33
Dennis Schroder (38231739),Marcus Sasser (38231998),Ausar Thompson (38231802),Giannis Antetokounmpo (38231518),Ivica Zubac (38231590),Donovan Mitchell (38231558),Gary Trent Jr. (38231780),KJ Simpson (38231866),271.2243967013889,358.13930643779867,50000,17.44%,0,-89.78%,0,231.45999999999998,$-3.59,DET 3,MIL 2,user34,50,marvalshot,766,4676777790_34
Marcus Sasser (38231998),Donovan Mitchell (38231558),Ausar Thompson (38231802),Evan Mobley (38231569),Giannis Antetokounmpo (38231518),KJ Simpson (38231866),Jamison Battle (38231856),Dennis Schroder (38231739),280.4268532986111,366.52635789222103,49900,99.92%,0,63.01%,0,233.91000000000003,$2.52,DET 3,CLE 2,user34,50,marvalshot,53,4676777791_34
Stephen Curry (38231544),Dennis Schroder (38231739),Keion Brooks Jr. (38232034),Kyle Filipowski (38231690),Ivica Zubac (38231590),KJ Simpson (38231866),Tidjane Salaun (38232066),Giannis Antetokounmpo (38231518),282.2488064236111,375.85825262819594,50000,99.99%,0,82.9%,0,201.25,$3.32,CHA 2,GSW 1,user34,49,marvalshot,8838,4676777792_34
Dennis Schroder (38231739),Marcus Sasser (38231998),Ausar Thompson (38231802),Evan Mobley (38231569),Jalen Duren (38231615),KJ Simpson (38231866),Giannis Antetokounmpo (38231518),Kelly Olynyk (38231709),285.40112847222224,375.93342352958575,50000,100.00%,27,131.79%,0,225.66,$5.27,DET 4,CLE 1,user34,47,marvalshot,60,4676777793_34
Collin Sexton (38231698),Dennis Schroder (38231739),Michael Porter Jr. (38231620),Giannis Antetokounmpo (38231518),Jalen Duren (38231615),KJ Simpson (38231866),Jonathan Kuminga (38231721),Brice Sensabaugh (38231912),283.1636284722222,380.31563627386265,49600,99.99%,4,97.18%,0,148.01999999999998,$3.89,UTA 2,DET 2,user13,1,marvalshot,8854,4676777794_13
Marcus Sasser (38231998),Dennis Schroder (38231739),Josh Hart (38231592),Ausar Thompson (38231802),Yves Missi (38231806),Donovan Mitchell (38231558),Giannis Antetokounmpo (38231518),KJ Simpson (38231866),272.48835503472225,359.97108103265896,49800,35.66%,0,-71.63%,0,231.56,$-2.87,DET 3,NYK 1,user35,48,marvalshot,8787,4676777788_35
Jordan Hawkins (38231812),Dennis Schroder (38231739),Ausar Thompson (38231802),Evan Mobley (38231569),Ivica Zubac (38231590),Jamal Murray (38231573),Kyle Filipowski (38231690),KJ Simpson (38231866),286.4713498263889,367.9739979587906,49300,100.00%,119,164.59%,0,218.36,$6.58,DET 2,NOP 1,user49,1,marvalshot,8837,4676777789_49
Dennis Schroder (38231739),Marcus Sasser (38231998),Ausar Thompson (38231802),Giannis Antetokounmpo (38231518),Ivica Zubac (38231590),Donovan Mitchell (38231558),Gary Trent Jr. (38231780),KJ Simpson (38231866),271.2243967013889,358.13930643779867,50000,17.44%,0,-89.78%,0,231.45999999999998,$-3.59,DET 3,MIL 2,user35,50,marvalshot,766,4676777790_35
Marcus Sasser (38231998),Donovan Mitchell (38231558),Ausar Thompson (38231802),Evan Mobley (38231569),Giannis Antetokounmpo (38231518),KJ Simpson (38231866),Jamison Battle (38231856),Dennis Schroder (38231739),280.4268532986111,366.52635789222103,49900,99.92%,0,63.01%,0,233.91000000000003,$2.52,DET 3,CLE 2,user35,50,marvalshot,53,4676777791_35
Stephen Curry (38231544),Dennis Schroder (38231739),Keion Brooks Jr. (38232034),Kyle Filipowski (38231690),Ivica Zubac (38231590),KJ Simpson (38231866),Tidjane Salaun (38232066),Giannis Antetokounmpo (38231518),282.2488064236111,375.85825262819594,50000,99.99%,0,82.9%,0,201.25,$3.32,CHA 2,GSW 1,user35,49,marvalshot,8838,4676777792_35
Dennis Schroder (38231739),Marcus Sasser (38231998),Ausar Thompson (38231802),Evan Mobley (38231569),Jalen Duren (38231615),KJ Simpson (38231866),Giannis Antetokounmpo (38231518),Kelly Olynyk (38231709),285.40112847222224,375.93342352958575,50000,100.00%,27,131.79%,0,225.66,$5.27,DET 4,CLE 1,user35,47,marvalshot,60,4676777793_35
Delon Wright (38232301),Dennis Schroder (38231739),Brice Sensabaugh (38231912),Giannis Antetokounmpo (38231518),Jalen Duren (38231615),KJ Simpson (38231866),Naz Reid (38231702),Anthony Edwards (38231530),283.1736284722222,375.67563627386266,49800,100.00%,6,96.79%,0,170.05,$3.87,DET 2,MIN 2,user22,1,marvalshot,8863,4676777794_22
Marcus Sasser (38231998),Dennis Schroder (38231739),Josh Hart (38231592),Ausar Thompson (38231802),Yves Missi (38231806),Donovan Mitchell (38231558),Giannis Antetokounmpo (38231518),KJ Simpson (38231866),272.48835503472225,359.97108103265896,49800,35.66%,0,-71.63%,0,231.56,$-2.87,DET 3,NYK 1,user36,48,marvalshot,8787,4676777788_36
Collin Sexton (38231698),Dennis Schroder (38231739),Ausar Thompson (38231802),Evan Mobley (38231569),Ivica Zubac (38231590),Devin Booker (38231550),Gary Trent Jr. (38231780),KJ Simpson (38231866),286.2413498263889,369.5139979587906,49900,100.00%,215,162.74%,0,179.01000000000002,$6.51,DET 2,UTA 1,user43,1,marvalshot,8831,4676777789_43
Dennis Schroder (38231739),Marcus Sasser (38231998),Ausar Thompson (38231802),Giannis Antetokounmpo (38231518),Ivica Zubac (38231590),Donovan Mitchell (38231558),Gary Trent Jr. (38231780),KJ Simpson (38231866),271.2243967013889,358.13930643779867,50000,17.44%,0,-89.78%,0,231.45999999999998,$-3.59,DET 3,MIL 2,user36,50,marvalshot,766,4676777790_36
Marcus Sasser (38231998),Donovan Mitchell (38231558),Ausar Thompson (38231802),Evan Mobley (38231569),Giannis Antetokounmpo (38231518),KJ Simpson (38231866),Jamison Battle (38231856),Dennis Schroder (38231739),280.4268532986111,366.52635789222103,49900,99.92%,0,63.01%,0,233.91000000000003,$2.52,DET 3,CLE 2,user36,50,marvalshot,53,4676777791_36
Stephen Curry (38231544),Dennis Schroder (38231739),Keion Brooks Jr. (38232034),Kyle Filipowski (38231690),Ivica Zubac (38231590),KJ Simpson (38231866),Tidjane Salaun (38232066),Giannis Antetokounmpo (38231518),282.2488064236111,375.85825262819594,50000,99.99%,0,82.9%,0,201.25,$3.32,CHA 2,GSW 1,user36,49,marvalshot,8838,4676777792_36
Dennis Schroder (38231739),Marcus Sasser (38231998),Ausar Thompson (38231802),Evan Mobley (38231569),Jalen Duren (38231615),KJ Simpson (38231866),Giannis Antetokounmpo (38231518),Kelly Olynyk (38231709),285.40112847222224,375.93342352958575,50000,100.00%,27,131.79%,0,225.66,$5.27,DET 4,CLE 1,user36,47,marvalshot,60,4676777793_36
Collin Sexton (38231698),Dennis Schroder (38231739),Jaden McDaniels (38231694),Giannis Antetokounmpo (38231518),Jalen Duren (38231615),KJ Simpson (38231866),Kyle Filipowski (38231690),Brice Sensabaugh (38231912),283.2636284722222,377.89563627386264,49400,100.00%,2,96.78%,0,185.73000000000002,$3.87,UTA 3,DET 2,user4,1,marvalshot,8845,4676777794_4
Marcus Sasser (38231998),Dennis Schroder (38231739),Josh Hart (38231592),Ausar Thompson (38231802),Yves Missi (38231806),Donovan Mitchell (38231558),Giannis Antetokounmpo (38231518),KJ Simpson (38231866),272.48835503472225,359.97108103265896,49800,35.66%,0,-71.63%,0,231.56,$-2.87,DET 3,NYK 1,user37,48,marvalshot,8787,4676777788_37
Russell Westbrook (38231605),Dennis Schroder (38231739),Ausar Thompson (38231802),Evan Mobley (38231569),Ivica Zubac (38231590),Keyonte George (38231656),Kyle Filipowski (38231690),KJ Simpson (38231866),286.1813498263889,371.3939979587906,50000,100.00%,103,156.08%,0,209.51,$6.24,DET 2,UTA 2,user4,1,marvalshot,8792,4676777789_4
Dennis Schroder (38231739),Marcus Sasser (38231998),Ausar Thompson (38231802),Giannis Antetokounmpo (38231518),Ivica Zubac (38231590),Donovan Mitchell (38231558),Gary Trent Jr. (38231780),KJ Simpson (38231866),271.2243967013889,358.13930643779867,50000,17.44%,0,-89.78%,0,231.45999999999998,$-3.59,DET 3,MIL 2,user37,50,marvalshot,766,4676777790_37
Marcus Sasser (38231998),Donovan Mitchell (38231558),Ausar Thompson (38231802),Evan Mobley (38231569),Giannis Antetokounmpo (38231518),KJ Simpson (38231866),Jamison Battle (38231856),Dennis Schroder (38231739),280.4268532986111,366.52635789222103,49900,99.92%,0,63.01%,0,233.91000000000003,$2.52,DET 3,CLE 2,user37,50,marvalshot,53,4676777791_37
Stephen Curry (38231544),Dennis Schroder (38231739),Keion Brooks Jr. (38232034),Kyle Filipowski (38231690),Ivica Zubac (38231590),KJ Simpson (38231866),Tidjane Salaun (38232066),Giannis Antetokounmpo (38231518),282.2488064236111,375.85825262819594,50000,99.99%,0,82.9%,0,201.25,$3.32,CHA 2,GSW 1,user37,49,marvalshot,8838,4676777792_37
Dennis Schroder (38231739),Marcus Sasser (38231998),Ausar Thompson (38231802),Evan Mobley (38231569),Jalen Duren (38231615),KJ Simpson (38231866),Giannis Antetokounmpo (38231518),Kelly Olynyk (38231709),285.40112847222224,375.93342352958575,50000,100.00%,27,131.79%,0,225.66,$5.27,DET 4,CLE 1,user37,47,marvalshot,60,4676777793_37
Collin Sexton (38231698),Dennis Schroder (38231739),Bruce Brown (38231762),Kyle Filipowski (38231690),Jalen Duren (38231615),KJ Simpson (38231866),Michael Porter Jr. (38231620),Anthony Edwards (38231530),283.1336284722222,370.4156362738627,49500,100.00%,5,96.31%,0,171.18,$3.85,UTA 2,DET 2,user17,1,marvalshot,8858,4676777794_17
Marcus Sasser (38231998),Dennis Schroder (38231739),Josh Hart (38231592),Ausar Thompson (38231802),Yves Missi (38231806),Donovan Mitchell (38231558),Giannis Antetokounmpo (38231518),KJ Simpson (38231866),272.48835503472225,359.97108103265896,49800,35.66%,0,-71.63%,0,231.56,$-2.87,DET 3,NYK 1,user38,48,marvalshot,8787,4676777788_38
Jordan Hawkins (38231812),Dennis Schroder (38231739),Ausar Thompson (38231802),Evan Mobley (38231569),Ivica Zubac (38231590),Stephen Curry (38231544),Naz Reid (38231702),KJ Simpson (38231866),285.9213498263889,369.4739979587906,49600,100.00%,136,152.81%,0,179.82,$6.11,DET 2,NOP 1,user26,1,marvalshot,8814,4676777789_26
Dennis Schroder (38231739),Marcus Sasser (38231998),Ausar Thompson (38231802),Giannis Antetokounmpo (38231518),Ivica Zubac (38231590),Donovan Mitchell (38231558),Gary Trent Jr. (38231780),KJ Simpson (38231866),271.2243967013889,358.13930643779867,50000,17.44%,0,-89.78%,0,231.45999999999998,$-3.59,DET 3,MIL 2,user38,50,marvalshot,766,4676777790_38
Marcus Sasser (38231998),Donovan Mitchell (38231558),Ausar Thompson (38231802),Evan Mobley (38231569),Giannis Antetokounmpo (38231518),KJ Simpson (38231866),Jamison Battle (38231856),Dennis Schroder (38231739),280.4268532986111,366.52635789222103,49900,99.92%,0,63.01%,0,233.91000000000003,$2.52,DET 3,CLE 2,user38,50,marvalshot,53,4676777791_38
Stephen Curry (38231544),Dennis Schroder (38231739),Keion Brooks Jr. (38232034),Kyle Filipowski (38231690),Ivica Zubac (38231590),KJ Simpson (38231866),Tidjane Salaun (38232066),Giannis Antetokounmpo (38231518),282.2488064236111,375.85825262819594,50000,99.99%,0,82.9%,0,201.25,$3.32,CHA 2,GSW 1,user38,49,marvalshot,8838,4676777792_38
Dennis Schroder (38231739),Marcus Sasser (38231998),Ausar Thompson (38231802),Evan Mobley (38231569),Jalen Duren (38231615),KJ Simpson (38231866),Giannis Antetokounmpo (38231518),Kelly Olynyk (38231709),285.40112847222224,375.93342352958575,50000,100.00%,27,131.79%,0,225.66,$5.27,DET 4,CLE 1,user38,47,marvalshot,60,4676777793_38
Delon Wright (38232301),Dennis Schroder (38231739),Gary Trent Jr. (38231780),Jonathan Kuminga (38231721),Jalen Duren (38231615),KJ Simpson (38231866),Giannis Antetokounmpo (38231518),Devin Booker (38231550),283.0536284722222,373.70563627386264,49800,99.99%,6,95.27%,0,164.19,$3.81,DET 2,MIL 2,user37,1,marvalshot,8878,4676777794_37
Marcus Sasser (38231998),Dennis Schroder (38231739),Josh Hart (38231592),Ausar Thompson (38231802),Yves Missi (38231806),Donovan Mitchell (38231558),Giannis Antetokounmpo (38231518),KJ Simpson (38231866),272.48835503472225,359.97108103265896,49800,35.66%,0,-71.63%,0,231.56,$-2.87,DET 3,NYK 1,user39,48,marvalshot,8787,4676777788_39
Collin Sexton (38231698),Dennis Schroder (38231739),Ausar Thompson (38231802),Evan Mobley (38231569),Ivica Zubac (38231590),Russell Westbrook (38231605),Kyle Filipowski (38231690),KJ Simpson (38231866),286.0713498263889,373.3739979587906,49600,100.00%,60,151.69%,0,213.46,$6.07,UTA 2,DET 2,user39,1,marvalshot,8827,4676777789_39
Dennis Schroder (38231739),Marcus Sasser (38231998),Ausar Thompson (38231802),Giannis Antetokounmpo (38231518),Ivica Zubac (38231590),Donovan Mitchell (38231558),Gary Trent Jr. (38231780),KJ Simpson (38231866),271.2243967013889,358.13930643779867,50000,17.44%,0,-89.78%,0,231.45999999999998,$-3.59,DET 3,MIL 2,user39,50,marvalshot,766,4676777790_39
Marcus Sasser (38231998),Donovan Mitchell (38231558),Ausar Thompson (38231802),Evan Mobley (38231569),Giannis Antetokounmpo (38231518),KJ Simpson (38231866),Jamison Battle (38231856),Dennis Schroder (38231739),280.4268532986111,366.52635789222103,49900,99.92%,0,63.01%,0,233.91000000000003,$2.52,DET 3,CLE 2,user39,50,marvalshot,53,4676777791_39
Stephen Curry (38231544),Dennis Schroder (38231739),Keion Brooks Jr. (38232034),Kyle Filipowski (38231690),Ivica Zubac (38231590),KJ Simpson (38231866),Tidjane Salaun (38232066),Giannis Antetokounmpo (38231518),282.2488064236111,375.85825262819594,50000,99.99%,0,82.9%,0,201.25,$3.32,CHA 2,GSW 1,user39,49,marvalshot,8838,4676777792_39
Dennis Schroder (38231739),Marcus Sasser (38231998),Ausar Thompson (38231802),Evan Mobley (38231569),Jalen Duren (38231615),KJ Simpson (38231866),Giannis Antetokounmpo (38231518),Kelly Olynyk (38231709),285.40112847222224,375.93342352958575,50000,100.00%,27,131.79%,0,225.66,$5.27,DET 4,CLE 1,user39,47,marvalshot,60,4676777793_39
Collin Sexton (38231698),Dennis Schroder (38231739),Josh Hart (38231592),OG Anunoby (38231623),Jalen Duren (38231615),KJ Simpson (38231866),Draymond Green (38231645),Kyle Filipowski (38231690),282.9936284722222,364.3956362738627,49800,100.00%,1,94.36%,0,163.64,$3.77,UTA 2,DET 2,user8,1,marvalshot,8849,4676777794_8
Marcus Sasser (38231998),Dennis Schroder (38231739),Josh Hart (38231592),Ausar Thompson (38231802),Yves Missi (38231806),Donovan Mitchell (38231558),Giannis Antetokounmpo (38231518),KJ Simpson (38231866),272.48835503472225,359.97108103265896,49800,35.66%,0,-71.63%,0,231.56,$-2.87,DET 3,NYK 1,user40,48,marvalshot,8787,4676777788_40
Jordan Hawkins (38231812),Dennis Schroder (38231739),Ausar Thompson (38231802),Evan Mobley (38231569),Ivica Zubac (38231590),Devin Booker (38231550),Jonathan Kuminga (38231721),KJ Simpson (38231866),285.8513498263889,370.6139979587906,49100,100.00%,112,150.01%,0,182.46,$6.0,DET 2,NOP 1,user11,1,marvalshot,8799,4676777789_11
Dennis Schroder (38231739),Marcus Sasser (38231998),Ausar Thompson (38231802),Giannis Antetokounmpo (38231518),Ivica Zubac (38231590),Donovan Mitchell (38231558),Gary Trent Jr. (38231780),KJ Simpson (38231866),271.2243967013889,358.13930643779867,50000,17.44%,0,-89.78%,0,231.45999999999998,$-3.59,DET 3,MIL 2,user40,50,marvalshot,766,4676777790_40
Marcus Sasser (38231998),Donovan Mitchell (38231558),Ausar Thompson (38231802),Evan Mobley (38231569),Giannis Antetokounmpo (38231518),KJ Simpson (38231866),Jamison Battle (38231856),Dennis Schroder (38231739),280.4268532986111,366.52635789222103,49900,99.92%,0,63.01%,0,233.91000000000003,$2.52,DET 3,CLE 2,user40,50,marvalshot,53,4676777791_40
Stephen Curry (38231544),Dennis Schroder (38231739),Keion Brooks Jr. (38232034),Kyle Filipowski (38231690),Ivica Zubac (38231590),KJ Simpson (38231866),Tidjane Salaun (38232066),Giannis Antetokounmpo (38231518),282.2488064236111,375.85825262819594,50000,99.99%,0,82.9%,0,201.25,$3.32,CHA 2,GSW 1,user40,49,marvalshot,8838,4676777792_40
Dennis Schroder (38231739),Marcus Sasser (38231998),Ausar Thompson (38231802),Evan Mobley (38231569),Jalen Duren (38231615),KJ Simpson (38231866),Giannis Antetokounmpo (38231518),Kelly Olynyk (38231709),285.40112847222224,375.93342352958575,50000,100.00%,27,131.79%,0,225.66,$5.27,DET 4,CLE 1,user40,47,marvalshot,60,4676777793_40
Collin Sexton (38231698),Dennis Schroder (38231739),Brice Sensabaugh (38231912),Kelly Olynyk (38231709),Jalen Duren (38231615),KJ Simpson (38231866),Giannis Antetokounmpo (38231518),Keyonte George (38231656),282.9436284722222,381.6656362738627,49500,99.99%,4,93.27%,0,147.57999999999998,$3.73,UTA 3,DET 2,user39,1,marvalshot,8880,4676777794_39
Marcus Sasser (38231998),Dennis Schroder (38231739),Josh Hart (38231592),Ausar Thompson (38231802),Yves Missi (38231806),Donovan Mitchell (38231558),Giannis Antetokounmpo (38231518),KJ Simpson (38231866),272.48835503472225,359.97108103265896,49800,35.66%,0,-71.63%,0,231.56,$-2.87,DET 3,NYK 1,user41,48,marvalshot,8787,4676777788_41
Jamal Murray (38231573),Dennis Schroder (38231739),Ausar Thompson (38231802),Evan Mobley (38231569),Ivica Zubac (38231590),Isaiah Collier (38231724),Jonathan Kuminga (38231721),KJ Simpson (38231866),285.6013498263889,369.6839979587906,49400,100.00%,114,144.42%,0,173.1,$5.78,DET 2,DEN 1,user25,1,marvalshot,8813,4676777789_25
Dennis Schroder (38231739),Marcus Sasser (38231998),Ausar Thompson (38231802),Giannis Antetokounmpo (38231518),Ivica Zubac (38231590),Donovan Mitchell (38231558),Gary Trent Jr. (38231780),KJ Simpson (38231866),271.2243967013889,358.13930643779867,50000,17.44%,0,-89.78%,0,231.45999999999998,$-3.59,DET 3,MIL 2,user41,50,marvalshot,766,4676777790_41
Marcus Sasser (38231998),Donovan Mitchell (38231558),Ausar Thompson (38231802),Evan Mobley (38231569),Giannis Antetokounmpo (38231518),KJ Simpson (38231866),Jamison Battle (38231856),Dennis Schroder (38231739),280.4268532986111,366.52635789222103,49900,99.92%,0,63.01%,0,233.91000000000003,$2.52,DET 3,CLE 2,user41,50,marvalshot,53,4676777791_41
Stephen Curry (38231544),Dennis Schroder (38231739),Keion Brooks Jr. (38232034),Kyle Filipowski (38231690),Ivica Zubac (38231590),KJ Simpson (38231866),Tidjane Salaun (38232066),Giannis Antetokounmpo (38231518),282.2488064236111,375.85825262819594,50000,99.99%,0,82.9%,0,201.25,$3.32,CHA 2,GSW 1,user41,49,marvalshot,8838,4676777792_41
Dennis Schroder (38231739),Marcus Sasser (38231998),Ausar Thompson (38231802),Evan Mobley (38231569),Jalen Duren (38231615),KJ Simpson (38231866),Giannis Antetokounmpo (38231518),Kelly Olynyk (38231709),285.40112847222224,375.93342352958575,50000,100.00%,27,131.79%,0,225.66,$5.27,DET 4,CLE 1,user41,47,marvalshot,60,4676777793_41
Devin Booker (38231550),Dennis Schroder (38231739),Bruce Brown (38231762),Giannis Antetokounmpo (38231518),Jalen Duren (38231615),KJ Simpson (38231866),Keion Brooks Jr. (38232034),Jose Alvarado (38231736),282.8936284722222,375.20563627386264,49800,100.00%,4,92.85%,0,156.16000000000003,$3.71,NOP 3,DET 2,user12,1,marvalshot,8853,4676777794_12
Marcus Sasser (38231998),Dennis Schroder (38231739),Josh Hart (38231592),Ausar Thompson (38231802),Yves Missi (38231806),Donovan Mitchell (38231558),Giannis Antetokounmpo (38231518),KJ Simpson (38231866),272.48835503472225,359.97108103265896,49800,35.66%,0,-71.63%,0,231.56,$-2.87,DET 3,NYK 1,user42,48,marvalshot,8787,4676777788_42
Jordan Hawkins (38231812),Dennis Schroder (38231739),Ausar Thompson (38231802),Evan Mobley (38231569),Ivica Zubac (38231590),Nickeil Alexander-Walker (38232006),Giannis Antetokounmpo (38231518),KJ Simpson (38231866),285.6813498263889,373.2639979587906,49500,100.00%,39,142.21%,0,195.57,$5.69,DET 2,NOP 1,user37,1,marvalshot,8825,4676777789_37
Dennis Schroder (38231739),Marcus Sasser (38231998),Ausar Thompson (38231802),Giannis Antetokounmpo (38231518),Ivica Zubac (38231590),Donovan Mitchell (38231558),Gary Trent Jr. (38231780),KJ Simpson (38231866),271.2243967013889,358.13930643779867,50000,17.44%,0,-89.78%,0,231.45999999999998,$-3.59,DET 3,MIL 2,user42,50,marvalshot,766,4676777790_42
Marcus Sasser (38231998),Donovan Mitchell (38231558),Ausar Thompson (38231802),Evan Mobley (38231569),Giannis Antetokounmpo (38231518),KJ Simpson (38231866),Jamison Battle (38231856),Dennis Schroder (38231739),280.4268532986111,366.52635789222103,49900,99.92%,0,63.01%,0,233.91000000000003,$2.52,DET 3,CLE 2,user42,50,marvalshot,53,4676777791_42
Stephen Curry (38231544),Dennis Schroder (38231739),Keion Brooks Jr. (38232034),Kyle Filipowski (38231690),Ivica Zubac (38231590),KJ Simpson (38231866),Tidjane Salaun (38232066),Giannis Antetokounmpo (38231518),282.2488064236111,375.85825262819594,50000,99.99%,0,82.9%,0,201.25,$3.32,CHA 2,GSW 1,user42,49,marvalshot,8838,4676777792_42
Dennis Schroder (38231739),Marcus Sasser (38231998),Ausar Thompson (38231802),Evan Mobley (38231569),Jalen Duren (38231615),KJ Simpson (38231866),Giannis Antetokounmpo (38231518),Kelly Olynyk (38231709),285.40112847222224,375.93342352958575,50000,100.00%,27,131.79%,0,225.66,$5.27,DET 4,CLE 1,user42,47,marvalshot,60,4676777793_42
Jordan Hawkins (38231812),Dennis Schroder (38231739),Ryan Dunn (38231842),Jimmy Butler (38231562),Jalen Duren (38231615),KJ Simpson (38231866),Kyle Filipowski (38231690),Karl-Anthony Towns (38231525),282.85362847222217,367.4756362738626,49900,99.99%,3,92.42%,0,178.41,$3.7,DET 2,NOP 1,user15,1,marvalshot,8856,4676777794_15
Marcus Sasser (38231998),Dennis Schroder (38231739),Josh Hart (38231592),Ausar Thompson (38231802),Yves Missi (38231806),Donovan Mitchell (38231558),Giannis Antetokounmpo (38231518),KJ Simpson (38231866),272.48835503472225,359.97108103265896,49800,35.66%,0,-71.63%,0,231.56,$-2.87,DET 3,NYK 1,user43,48,marvalshot,8787,4676777788_43
Keyonte George (38231656),Dennis Schroder (38231739),Ausar Thompson (38231802),Evan Mobley (38231569),Ivica Zubac (38231590),Donte DiVincenzo (38231732),Josh Hart (38231592),KJ Simpson (38231866),285.1213498263889,365.3839979587906,50000,100.00%,70,132.72%,0,172.31,$5.31,DET 2,UTA 1,user8,1,marvalshot,8796,4676777789_8
Dennis Schroder (38231739),Marcus Sasser (38231998),Ausar Thompson (38231802),Giannis Antetokounmpo (38231518),Ivica Zubac (38231590),Donovan Mitchell (38231558),Gary Trent Jr. (38231780),KJ Simpson (38231866),271.2243967013889,358.13930643779867,50000,17.44%,0,-89.78%,0,231.45999999999998,$-3.59,DET 3,MIL 2,user43,50,marvalshot,766,4676777790_43
Marcus Sasser (38231998),Donovan Mitchell (38231558),Ausar Thompson (38231802),Evan Mobley (38231569),Giannis Antetokounmpo (38231518),KJ Simpson (38231866),Jamison Battle (38231856),Dennis Schroder (38231739),280.4268532986111,366.52635789222103,49900,99.92%,0,63.01%,0,233.91000000000003,$2.52,DET 3,CLE 2,user43,50,marvalshot,53,4676777791_43
Stephen Curry (38231544),Dennis Schroder (38231739),Keion Brooks Jr. (38232034),Kyle Filipowski (38231690),Ivica Zubac (38231590),KJ Simpson (38231866),Tidjane Salaun (38232066),Giannis Antetokounmpo (38231518),282.2488064236111,375.85825262819594,50000,99.99%,0,82.9%,0,201.25,$3.32,CHA 2,GSW 1,user43,49,marvalshot,8838,4676777792_43
Dennis Schroder (38231739),Marcus Sasser (38231998),Ausar Thompson (38231802),Evan Mobley (38231569),Jalen Duren (38231615),KJ Simpson (38231866),Giannis Antetokounmpo (38231518),Kelly Olynyk (38231709),285.40112847222224,375.93342352958575,50000,100.00%,27,131.79%,0,225.66,$5.27,DET 4,CLE 1,user43,47,marvalshot,60,4676777793_43
Jose Alvarado (38231736),Dennis Schroder (38231739),Jimmy Butler (38231562),Jonathan Kuminga (38231721),Jalen Duren (38231615),KJ Simpson (38231866),Keion Brooks Jr. (38232034),Giannis Antetokounmpo (38231518),282.7536284722222,378.17563627386266,50000,99.99%,1,91.2%,0,150.45,$3.65,NOP 2,DET 2,user33,1,marvalshot,8874,4676777794_33
Marcus Sasser (38231998),Dennis Schroder (38231739),Josh Hart (38231592),Ausar Thompson (38231802),Yves Missi (38231806),Donovan Mitchell (38231558),Giannis Antetokounmpo (38231518),KJ Simpson (38231866),272.48835503472225,359.97108103265896,49800,35.66%,0,-71.63%,0,231.56,$-2.87,DET 3,NYK 1,user44,48,marvalshot,8787,4676777788_44
Ryan Rollins (38231839),Dennis Schroder (38231739),Ausar Thompson (38231802),Evan Mobley (38231569),Ivica Zubac (38231590),Collin Gillespie (38231876),Giannis Antetokounmpo (38231518),KJ Simpson (38231866),285.23134982638885,373.60399795879056,49900,100.00%,17,131.4%,0,197.42000000000002,$5.26,MIL 2,DET 2,user40,1,marvalshot,8828,4676777789_40
Dennis Schroder (38231739),Marcus Sasser (38231998),Ausar Thompson (38231802),Giannis Antetokounmpo (38231518),Ivica Zubac (38231590),Donovan Mitchell (38231558),Gary Trent Jr. (38231780),KJ Simpson (38231866),271.2243967013889,358.13930643779867,50000,17.44%,0,-89.78%,0,231.45999999999998,$-3.59,DET 3,MIL 2,user44,50,marvalshot,766,4676777790_44
Marcus Sasser (38231998),Donovan Mitchell (38231558),Ausar Thompson (38231802),Evan Mobley (38231569),Giannis Antetokounmpo (38231518),KJ Simpson (38231866),Jamison Battle (38231856),Dennis Schroder (38231739),280.4268532986111,366.52635789222103,49900,99.92%,0,63.01%,0,233.91000000000003,$2.52,DET 3,CLE 2,user44,50,marvalshot,53,4676777791_44
Stephen Curry (38231544),Dennis Schroder (38231739),Keion Brooks Jr. (38232034),Kyle Filipowski (38231690),Ivica Zubac (38231590),KJ Simpson (38231866),Tidjane Salaun (38232066),Giannis Antetokounmpo (38231518),282.2488064236111,375.85825262819594,50000,99.99%,0,82.9%,0,201.25,$3.32,CHA 2,GSW 1,user44,49,marvalshot,8838,4676777792_44
Dennis Schroder (38231739),Marcus Sasser (38231998),Ausar Thompson (38231802),Evan Mobley (38231569),Jalen Duren (38231615),KJ Simpson (38231866),Giannis Antetokounmpo (38231518),Kelly Olynyk (38231709),285.40112847222224,375.93342352958575,50000,100.00%,27,131.79%,0,225.66,$5.27,DET 4,CLE 1,user44,47,marvalshot,60,4676777793_44
Isaiah Collier (38231724),Dennis Schroder (38231739),OG Anunoby (38231623),Josh Hart (38231592),Jalen Duren (38231615),KJ Simpson (38231866),Kyle Filipowski (38231690),Keyonte George (38231656),282.7536284722222,361.2856362738627,49000,99.99%,1,90.73%,0,164.35,$3.63,UTA 3,DET 2,user27,1,marvalshot,8868,4676777794_27
Marcus Sasser (38231998),Dennis Schroder (38231739),Josh Hart (38231592),Ausar Thompson (38231802),Yves Missi (38231806),Donovan Mitchell (38231558),Giannis Antetokounmpo (38231518),KJ Simpson (38231866),272.48835503472225,359.97108103265896,49800,35.66%,0,-71.63%,0,231.56,$-2.87,DET 3,NYK 1,user45,48,marvalshot,8787,4676777788_45
Isaiah Collier (38231724),Dennis Schroder (38231739),Ausar Thompson (38231802),Evan Mobley (38231569),Ivica Zubac (38231590),Anthony Edwards (38231530),Karlo Matkovic (38231835),KJ Simpson (38231866),284.9213498263889,368.28399795879056,49400,100.00%,54,128.07%,0,176.13,$5.12,DET 2,UTA 1,user14,1,marvalshot,8802,4676777789_14
Dennis Schroder (38231739),Marcus Sasser (38231998),Ausar Thompson (38231802),Giannis Antetokounmpo (38231518),Ivica Zubac (38231590),Donovan Mitchell (38231558),Gary Trent Jr. (38231780),KJ Simpson (38231866),271.2243967013889,358.13930643779867,50000,17.44%,0,-89.78%,0,231.45999999999998,$-3.59,DET 3,MIL 2,user45,50,marvalshot,766,4676777790_45
Marcus Sasser (38231998),Donovan Mitchell (38231558),Ausar Thompson (38231802),Evan Mobley (38231569),Giannis Antetokounmpo (38231518),KJ Simpson (38231866),Jamison Battle (38231856),Dennis Schroder (38231739),280.4268532986111,366.52635789222103,49900,99.92%,0,63.01%,0,233.91000000000003,$2.52,DET 3,CLE 2,user45,50,marvalshot,53,4676777791_45
Stephen Curry (38231544),Dennis Schroder (38231739),Keion Brooks Jr. (38232034),Kyle Filipowski (38231690),Ivica Zubac (38231590),KJ Simpson (38231866),Tidjane Salaun (38232066),Giannis Antetokounmpo (38231518),282.2488064236111,375.85825262819594,50000,99.99%,0,82.9%,0,201.25,$3.32,CHA 2,GSW 1,user45,49,marvalshot,8838,4676777792_45
Dennis Schroder (38231739),Marcus Sasser (38231998),Ausar Thompson (38231802),Evan Mobley (38231569),Jalen Duren (38231615),KJ Simpson (38231866),Giannis Antetokounmpo (38231518),Kelly Olynyk (38231709),285.40112847222224,375.93342352958575,50000,100.00%,27,131.79%,0,225.66,$5.27,DET 4,CLE 1,user45,47,marvalshot,60,4676777793_45
Isaiah Collier (38231724),Dennis Schroder (38231739),Josh Hart (38231592),Kelly Olynyk (38231709),Jalen Duren (38231615),KJ Simpson (38231866),Ryan Dunn (38231842),Karl-Anthony Towns (38231525),282.59362847222224,366.1356362738627,49900,99.98%,6,89.93%,0,136.76,$3.6,DET 2,NYK 2,user5,1,marvalshot,8846,4676777794_5
Marcus Sasser (38231998),Dennis Schroder (38231739),Josh Hart (38231592),Ausar Thompson (38231802),Yves Missi (38231806),Donovan Mitchell (38231558),Giannis Antetokounmpo (38231518),KJ Simpson (38231866),272.48835503472225,359.97108103265896,49800,35.66%,0,-71.63%,0,231.56,$-2.87,DET 3,NYK 1,user46,48,marvalshot,8787,4676777788_46
Devin Booker (38231550),Dennis Schroder (38231739),Ausar Thompson (38231802),Evan Mobley (38231569),Ivica Zubac (38231590),Jordan Hawkins (38231812),Kelly Olynyk (38231709),KJ Simpson (38231866),284.9813498263889,369.1039979587906,49600,100.00%,28,127.99%,0,182.33,$5.12,DET 2,NOP 2,user10,1,marvalshot,8798,4676777789_10
Dennis Schroder (38231739),Marcus Sasser (38231998),Ausar Thompson (38231802),Giannis Antetokounmpo (38231518),Ivica Zubac (38231590),Donovan Mitchell (38231558),Gary Trent Jr. (38231780),KJ Simpson (38231866),271.2243967013889,358.13930643779867,50000,17.44%,0,-89.78%,0,231.45999999999998,$-3.59,DET 3,MIL 2,user46,50,marvalshot,766,4676777790_46
Marcus Sasser (38231998),Donovan Mitchell (38231558),Ausar Thompson (38231802),Evan Mobley (38231569),Giannis Antetokounmpo (38231518),KJ Simpson (38231866),Jamison Battle (38231856),Dennis Schroder (38231739),280.4268532986111,366.52635789222103,49900,99.92%,0,63.01%,0,233.91000000000003,$2.52,DET 3,CLE 2,user46,50,marvalshot,53,4676777791_46
Stephen Curry (38231544),Dennis Schroder (38231739),Keion Brooks Jr. (38232034),Kyle Filipowski (38231690),Ivica Zubac (38231590),KJ Simpson (38231866),Tidjane Salaun (38232066),Giannis Antetokounmpo (38231518),282.2488064236111,375.85825262819594,50000,99.99%,0,82.9%,0,201.25,$3.32,CHA 2,GSW 1,user46,49,marvalshot,8838,4676777792_46
Dennis Schroder (38231739),Marcus Sasser (38231998),Ausar Thompson (38231802),Evan Mobley (38231569),Jalen Duren (38231615),KJ Simpson (38231866),Giannis Antetokounmpo (38231518),Kelly Olynyk (38231709),285.40112847222224,375.93342352958575,50000,100.00%,27,131.79%,0,225.66,$5.27,DET 4,CLE 1,user46,47,marvalshot,60,4676777793_46
Stephen Curry (38231544),Dennis Schroder (38231739),Gary Trent Jr. (38231780),Josh Hart (38231592),Jalen Duren (38231615),KJ Simpson (38231866),Kyle Filipowski (38231690),Kelly Olynyk (38231709),282.6536284722222,364.6056362738626,50000,99.99%,1,89.78%,0,166.65,$3.59,DET 2,GSW 1,user18,1,marvalshot,8859,4676777794_18
Marcus Sasser (38231998),Dennis Schroder (38231739),Josh Hart (38231592),Ausar Thompson (38231802),Yves Missi (38231806),Donovan Mitchell (38231558),Giannis Antetokounmpo (38231518),KJ Simpson (38231866),272.48835503472225,359.97108103265896,49800,35.66%,0,-71.63%,0,231.56,$-2.87,DET 3,NYK 1,user47,48,marvalshot,8787,4676777788_47
Jordan Hawkins (38231812),Dennis Schroder (38231739),Ausar Thompson (38231802),Evan Mobley (38231569),Ivica Zubac (38231590),Collin Sexton (38231698),Jimmy Butler (38231562),KJ Simpson (38231866),284.84134982638886,369.81399795879054,49400,100.00%,26,125.69%,0,180.17000000000002,$5.03,DET 2,NOP 1,user15,1,marvalshot,8803,4676777789_15
Dennis Schroder (38231739),Marcus Sasser (38231998),Ausar Thompson (38231802),Giannis Antetokounmpo (38231518),Ivica Zubac (38231590),Donovan Mitchell (38231558),Gary Trent Jr. (38231780),KJ Simpson (38231866),271.2243967013889,358.13930643779867,50000,17.44%,0,-89.78%,0,231.45999999999998,$-3.59,DET 3,MIL 2,user47,50,marvalshot,766,4676777790_47
Marcus Sasser (38231998),Donovan Mitchell (38231558),Ausar Thompson (38231802),Evan Mobley (38231569),Giannis Antetokounmpo (38231518),KJ Simpson (38231866),Jamison Battle (38231856),Dennis Schroder (38231739),280.4268532986111,366.52635789222103,49900,99.92%,0,63.01%,0,233.91000000000003,$2.52,DET 3,CLE 2,user47,50,marvalshot,53,4676777791_47
Stephen Curry (38231544),Dennis Schroder (38231739),Keion Brooks Jr. (38232034),Kyle Filipowski (38231690),Ivica Zubac (38231590),KJ Simpson (38231866),Tidjane Salaun (38232066),Giannis Antetokounmpo (38231518),282.2488064236111,375.85825262819594,50000,99.99%,0,82.9%,0,201.25,$3.32,CHA 2,GSW 1,user47,49,marvalshot,8838,4676777792_47
Dennis Schroder (38231739),Marcus Sasser (38231998),Ausar Thompson (38231802),Evan Mobley (38231569),Jalen Duren (38231615),KJ Simpson (38231866),Giannis Antetokounmpo (38231518),Kelly Olynyk (38231709),285.40112847222224,375.93342352958575,50000,100.00%,27,131.79%,0,225.66,$5.27,DET 4,CLE 1,user47,47,marvalshot,60,4676777793_47
Donte DiVincenzo (38231732),Dennis Schroder (38231739),Josh Hart (38231592),Jonathan Kuminga (38231721),Jalen Duren (38231615),KJ Simpson (38231866),Bruce Brown (38231762),Karl-Anthony Towns (38231525),282.5636284722222,368.02563627386263,50000,99.97%,9,89.5%,0,131.51,$3.58,DET 2,NYK 2,user32,1,marvalshot,8873,4676777794_32
Marcus Sasser (38231998),Dennis Schroder (38231739),Josh Hart (38231592),Ausar Thompson (38231802),Yves Missi (38231806),Donovan Mitchell (38231558),Giannis Antetokounmpo (38231518),KJ Simpson (38231866),272.48835503472225,359.97108103265896,49800,35.66%,0,-71.63%,0,231.56,$-2.87,DET 3,NYK 1,user48,48,marvalshot,8787,4676777788_48
Keyonte George (38231656),Dennis Schroder (38231739),Ausar Thompson (38231802),Evan Mobley (38231569),Ivica Zubac (38231590),Jamal Murray (38231573),Bruce Brown (38231762),KJ Simpson (38231866),284.7113498263889,367.1039979587906,49900,100.00%,30,123.19%,0,172.64999999999998,$4.93,DET 2,UTA 1,user18,1,marvalshot,8806,4676777789_18
Dennis Schroder (38231739),Marcus Sasser (38231998),Ausar Thompson (38231802),Giannis Antetokounmpo (38231518),Ivica Zubac (38231590),Donovan Mitchell (38231558),Gary Trent Jr. (38231780),KJ Simpson (38231866),271.2243967013889,358.13930643779867,50000,17.44%,0,-89.78%,0,231.45999999999998,$-3.59,DET 3,MIL 2,user48,50,marvalshot,766,4676777790_48
Marcus Sasser (38231998),Donovan Mitchell (38231558),Ausar Thompson (38231802),Evan Mobley (38231569),Giannis Antetokounmpo (38231518),KJ Simpson (38231866),Jamison Battle (38231856),Dennis Schroder (38231739),280.4268532986111,366.52635789222103,49900,99.92%,0,63.01%,0,233.91000000000003,$2.52,DET 3,CLE 2,user48,50,marvalshot,53,4676777791_48
Stephen Curry (38231544),Dennis Schroder (38231739),Keion Brooks Jr. (38232034),Kyle Filipowski (38231690),Ivica Zubac (38231590),KJ Simpson (38231866),Tidjane Salaun (38232066),Giannis Antetokounmpo (38231518),282.2488064236111,375.85825262819594,50000,99.99%,0,82.9%,0,201.25,$3.32,CHA 2,GSW 1,user48,49,marvalshot,8838,4676777792_48
Dennis Schroder (38231739),Marcus Sasser (38231998),Ausar Thompson (38231802),Evan Mobley (38231569),Jalen Duren (38231615),KJ Simpson (38231866),Giannis Antetokounmpo (38231518),Kelly Olynyk (38231709),285.40112847222224,375.93342352958575,50000,100.00%,27,131.79%,0,225.66,$5.27,DET 4,CLE 1,user48,47,marvalshot,60,4676777793_48
Jordan Hawkins (38231812),Dennis Schroder (38231739),Brice Sensabaugh (38231912),Kyle Filipowski (38231690),Jalen Duren (38231615),KJ Simpson (38231866),Kevin Durant (38231536),Karl-Anthony Towns (38231525),282.6036284722222,368.3456362738627,50000,99.98%,2,89.06%,0,178.12,$3.56,DET 2,UTA 2,user23,1,marvalshot,8864,4676777794_23
Marcus Sasser (38231998),Dennis Schroder (38231739),Josh Hart (38231592),Ausar Thompson (38231802),Yves Missi (38231806),Donovan Mitchell (38231558),Giannis Antetokounmpo (38231518),KJ Simpson (38231866),272.48835503472225,359.97108103265896,49800,35.66%,0,-71.63%,0,231.56,$-2.87,DET 3,NYK 1,user49,48,marvalshot,8787,4676777788_49
Tyler Kolek (38232021),Dennis Schroder (38231739),Ausar Thompson (38231802),Evan Mobley (38231569),Ivica Zubac (38231590),Kevin Porter Jr. (38231748),Giannis Antetokounmpo (38231518),KJ Simpson (38231866),284.47134982638886,375.29399795879056,49900,100.00%,6,116.37%,0,202.36,$4.65,DET 2,MIL 2,user31,1,marvalshot,8819,4676777789_31
Dennis Schroder (38231739),Marcus Sasser (38231998),Ausar Thompson (38231802),Giannis Antetokounmpo (38231518),Ivica Zubac (38231590),Donovan Mitchell (38231558),Gary Trent Jr. (38231780),KJ Simpson (38231866),271.2243967013889,358.13930643779867,50000,17.44%,0,-89.78%,0,231.45999999999998,$-3.59,DET 3,MIL 2,user49,50,marvalshot,766,4676777790_49
Marcus Sasser (38231998),Donovan Mitchell (38231558),Ausar Thompson (38231802),Evan Mobley (38231569),Giannis Antetokounmpo (38231518),KJ Simpson (38231866),Jamison Battle (38231856),Dennis Schroder (38231739),280.4268532986111,366.52635789222103,49900,99.92%,0,63.01%,0,233.91000000000003,$2.52,DET 3,CLE 2,user49,50,marvalshot,53,4676777791_49
Stephen Curry (38231544),Dennis Schroder (38231739),Keion Brooks Jr. (38232034),Kyle Filipowski (38231690),Ivica Zubac (38231590),KJ Simpson (38231866),Tidjane Salaun (38232066),Giannis Antetokounmpo (38231518),282.2488064236111,375.85825262819594,50000,99.99%,0,82.9%,0,201.25,$3.32,CHA 2,GSW 1,user49,49,marvalshot,8838,4676777792_49
Dennis Schroder (38231739),Marcus Sasser (38231998),Ausar Thompson (38231802),Evan Mobley (38231569),Jalen Duren (38231615),KJ Simpson (38231866),Giannis Antetokounmpo (38231518),Kelly Olynyk (38231709),285.40112847222224,375.93342352958575,50000,100.00%,27,131.79%,0,225.66,$5.27,DET 4,CLE 1,user49,47,marvalshot,60,4676777793_49
Keyonte George (38231656),Dennis Schroder (38231739),Brice Sensabaugh (38231912),Giannis Antetokounmpo (38231518),Jalen Duren (38231615),KJ Simpson (38231866),Jonathan Kuminga (38231721),Draymond Green (38231645),282.5436284722222,378.3456362738627,49600,99.98%,2,88.11%,0,141.59,$3.52,UTA 2,DET 2,user21,1,marvalshot,8862,4676777794_21
