PG,SG,SF,PF,C,G,F,UTIL,Proj,Ceiling,Salary,Cash %,Top 1%,ROI%,Wins,Own Sum,Avg Return,Stack1,Stack2,Lineup,Dupes,User,Index,Entry ID
AJ Johnson (38129609),Jared Butler (38129166),Jordan Goodwin (38129372),Ricky Council IV (38129289),Evan Mobley (38128963),Luka Doncic (38128897),Oshae Brissett (38129486),Aaron Wiggins (38129293),300.66999999999996,398.50999999999993,49700,100.00%,44919,1781.83%,31,149.44,$71.27,PHI 3,LAL 2,user2,2,marvalshot,9652,4669104771_2
AJ Johnson (38129609),Jared Butler (38129166),Deni Avdija (38129052),Oshae Brissett (38129486),Isaiah Hartenstein (38129119),Jordan Goodwin (38129372),Aaron Wiggins (38129293),Nikola Jokic (38128895),304.12,407.71000000000004,50000,100.00%,49868,30388.22%,3012,148.92000000000002,$1215.53,PHI 2,OKC 2,user31,1,marvalshot,14938,4669104772_31
Cason Wallace (38129464),Donovan Mitchell (38128954),Ricky Council IV (38129289),Pascal Siakam (38129000),Isaiah Hartenstein (38129119),AJ Johnson (38129609),Kenrich Williams (38129703),Cade Cunningham (38128911),301.73138020833335,396.5699990072586,49600,100.00%,46117,8866.89%,715,95.03999999999999,$354.68,OKC 3,CLE 1,user35,1,marvalshot,14991,4669104773_35
AJ Johnson (38129609),Stephon Castle (38129105),Aaron Wiggins (38129293),Kevin Durant (38128943),Isaiah Hartenstein (38129119),Devin Booker (38128933),Oshae Brissett (38129486),Jared Butler (38129166),305.36,402.22,50000,100.00%,49969,63108.94%,7955,130.28,$2524.36,OKC 2,PHX 2,user30,1,marvalshot,15035,4669104774_30
AJ Johnson (38129609),Devin Booker (38128933),Ricky Council IV (38129289),Aaron Wiggins (38129293),Tristan Vukcevic (38129550),Jared Butler (38129166),Jordan Goodwin (38129372),Luka Doncic (38128897),301.89000000000004,399.59000000000003,49900,100.00%,48549,5179.17%,200,150.95000000000002,$207.17,WAS 2,PHI 2,user33,1,marvalshot,15087,4669104775_33
Jalen Hood-Schifino (38129471),Jared Butler (38129166),Ricky Council IV (38129289),Jaren Jackson Jr. (38128997),Isaiah Hartenstein (38129119),Jordan Goodwin (38129372),Aaron Wiggins (38129293),Karl-Anthony Towns (38128914),302.46,403.69,49900,100.00%,48999,8254.31%,464,122.30000000000001,$330.17,PHI 3,OKC 2,user6,1,marvalshot,15109,4669104776_6
Jared Butler (38129166),Jordan Goodwin (38129372),Alex Caruso (38129423),Paolo Banchero (38128916),Isaiah Hartenstein (38129119),Josh Giddey (38128984),Ricky Council IV (38129289),Aaron Wiggins (38129293),303.55718750000005,399.687381614418,50000,100.00%,49851,16742.9%,1198,131.04000000000002,$669.72,OKC 3,PHI 2,user21,1,marvalshot,15173,4669104777_21
Donovan Mitchell (38128954),Miles McBride (38129209),Aaron Wiggins (38129293),Ricky Council IV (38129289),Isaiah Hartenstein (38129119),Isaiah Joe (38129456),Bam Adebayo (38128989),Jared Butler (38129166),300.08000000000004,395.31000000000006,49900,100.00%,40707,1387.29%,8,103.81,$55.49,OKC 3,PHI 2,user23,1,marvalshot,14881,4669104771_23
Donovan Mitchell (38128954),Jared Butler (38129166),Ricky Council IV (38129289),Kevin Durant (38128943),Isaiah Hartenstein (38129119),Cason Wallace (38129464),Aaron Wiggins (38129293),Jaylin Williams (38129406),302.65999999999997,400.53,49500,100.00%,49057,8078.46%,194,118.02,$323.14,OKC 4,PHI 2,user11,1,marvalshot,14918,4669104772_11
Stephon Castle (38129105),Donovan Mitchell (38128954),Ricky Council IV (38129289),Pascal Siakam (38129000),Isaiah Hartenstein (38129119),Isaiah Joe (38129456),Aaron Wiggins (38129293),Aaron Gordon (38129263),301.9513802083334,397.21999900725865,49900,100.00%,47120,8300.69%,519,84.8,$332.03,OKC 3,SAS 1,user45,1,marvalshot,15001,4669104773_45
Josh Giddey (38128984),Isaiah Joe (38129456),Aaron Wiggins (38129293),Chet Holmgren (38129040),Isaiah Hartenstein (38129119),Donovan Mitchell (38128954),Kenrich Williams (38129703),Jared Butler (38129166),304.87,407.13,50000,100.00%,49960,43181.09%,4495,115.21000000000001,$1727.24,OKC 5,CHI 1,user9,1,marvalshot,15014,4669104774_9
Luka Doncic (38128897),Stephon Castle (38129105),Ricky Council IV (38129289),Aaron Wiggins (38129293),Isaiah Hartenstein (38129119),AJ Johnson (38129609),Kenrich Williams (38129703),Walker Kessler (38129056),300.96999999999997,400.88,49700,100.00%,44806,3373.23%,123,106.59,$134.93,OKC 3,LAL 1,user27,1,marvalshot,15081,4669104775_27
Jamal Murray (38129028),Jared Butler (38129166),Aaron Wiggins (38129293),Kenrich Williams (38129703),Isaiah Hartenstein (38129119),Devin Booker (38128933),Chet Holmgren (38129040),Jordan Goodwin (38129372),302.69,399.93,50000,100.00%,49252,7914.62%,310,122.69,$316.58,OKC 4,DEN 1,user21,1,marvalshot,15124,4669104776_21
Luka Doncic (38128897),Cason Wallace (38129464),Jordan Goodwin (38129372),Paolo Banchero (38128916),Tristan Vukcevic (38129550),AJ Johnson (38129609),Aaron Wiggins (38129293),Isaiah Hartenstein (38129119),299.07718750000004,396.66738161441793,50000,100.00%,33995,912.28%,10,124.64,$36.49,OKC 3,LAL 2,user44,1,marvalshot,15196,4669104777_44
AJ Johnson (38129609),Devin Booker (38128933),Aaron Wiggins (38129293),Jeremy Sochan (38129346),Isaiah Hartenstein (38129119),Jordan Goodwin (38129372),Kenrich Williams (38129703),Nikola Jokic (38128895),299.53000000000003,398.94000000000005,49800,100.00%,37298,1058.26%,8,129.65,$42.33,OKC 3,WAS 1,user11,1,marvalshot,14868,4669104771_11
AJ Johnson (38129609),Donovan Mitchell (38128954),Jordan Goodwin (38129372),Kenrich Williams (38129703),Nikola Jokic (38128895),Jared Butler (38129166),Aaron Wiggins (38129293),Scoot Henderson (38129224),298.9200000000001,398.7900000000001,49800,100.00%,32771,722.37%,2,145.97,$28.89,OKC 2,WAS 1,user47,1,marvalshot,14954,4669104772_47
AJ Johnson (38129609),Jared Butler (38129166),Aaron Wiggins (38129293),Pascal Siakam (38129000),Karl-Anthony Towns (38128914),Cason Wallace (38129464),Micah Potter (38129971),Cade Cunningham (38128911),300.6313802083333,394.3999990072586,50000,100.00%,42546,3854.44%,221,121.78,$154.18,OKC 2,WAS 1,user28,1,marvalshot,14984,4669104773_28
Cason Wallace (38129464),Devin Booker (38128933),Jordan Goodwin (38129372),Naz Reid (38129184),Isaiah Hartenstein (38129119),Josh Giddey (38128984),Aaron Wiggins (38129293),Jared Butler (38129166),304.64,400.32,50000,100.00%,49954,38728.23%,4113,135.05,$1549.13,OKC 3,PHX 1,user35,1,marvalshot,15040,4669104774_35
Stephon Castle (38129105),Devin Booker (38128933),Alex Caruso (38129423),Aaron Wiggins (38129293),Isaiah Hartenstein (38129119),Cason Wallace (38129464),Josh Giddey (38128984),Ricky Council IV (38129289),299.9,393.28999999999996,49700,100.00%,39961,1242.46%,13,109.67999999999999,$49.7,OKC 4,SAS 1,user31,1,marvalshot,15085,4669104775_31
Tyler Herro (38129003),Jordan Goodwin (38129372),Zion Williamson (38128937),Ricky Council IV (38129289),Chet Holmgren (38129040),AJ Johnson (38129609),Aaron Wiggins (38129293),Isaiah Hartenstein (38129119),301.51,402.61,49900,100.00%,46946,4636.6%,228,123.78999999999999,$185.46,OKC 3,MIA 1,user20,1,marvalshot,15123,4669104776_20
AJ Johnson (38129609),Devin Booker (38128933),Aaron Wiggins (38129293),Paolo Banchero (38128916),Kenrich Williams (38129703),Jordan Goodwin (38129372),Josh Hart (38129020),Jared Butler (38129166),297.9671875,386.46738161441795,49400,100.00%,24778,476.2%,1,139.01000000000002,$19.05,OKC 2,WAS 1,user40,1,marvalshot,15192,4669104777_40
Josh Giddey (38128984),Isaiah Joe (38129456),Aaron Wiggins (38129293),Deni Avdija (38129052),Rudy Gobert (38129178),Jared Butler (38129166),Ricky Council IV (38129289),Malik Monk (38129032),298.71999999999997,389.34,50000,100.00%,30899,730.27%,3,111.49,$29.21,OKC 2,PHI 2,user47,1,marvalshot,14905,4669104771_47
Cason Wallace (38129464),Donovan Mitchell (38128954),Aaron Wiggins (38129293),Kenrich Williams (38129703),Isaiah Hartenstein (38129119),Scoot Henderson (38129224),Kevin Durant (38128943),Jonas Valanciunas (38129048),297.08,395.89,49900,100.00%,18018,400.28%,0,93.66,$16.01,OKC 4,CLE 1,user16,1,marvalshot,14924,4669104772_16
Josh Giddey (38128984),Jared Butler (38129166),Aaron Wiggins (38129293),Pascal Siakam (38129000),Nick Richards (38129477),AJ Johnson (38129609),Evan Mobley (38128963),Ricky Council IV (38129289),300.7213802083333,395.90999900725853,49400,100.00%,44138,2602.22%,96,124.6,$104.09,PHI 2,CHI 1,user47,1,marvalshot,15003,4669104773_47
Jared Butler (38129166),Isaiah Joe (38129456),Josh Giddey (38128984),Chet Holmgren (38129040),Evan Mobley (38128963),Jordan Goodwin (38129372),Ricky Council IV (38129289),Aaron Wiggins (38129293),303.40999999999997,399.53,50000,100.00%,49772,16590.19%,1264,133.42000000000002,$663.61,OKC 3,PHI 2,user27,1,marvalshot,15032,4669104774_27
AJ Johnson (38129609),Jared Butler (38129166),Ricky Council IV (38129289),Jaren Jackson Jr. (38128997),Isaiah Hartenstein (38129119),Luka Doncic (38128897),Kenrich Williams (38129703),Scotty Pippen Jr. (38129353),299.08,401.65999999999997,49900,100.00%,33719,977.96%,14,108.85000000000001,$39.12,PHI 2,MEM 2,user16,1,marvalshot,15070,4669104775_16
Devin Booker (38128933),Malik Monk (38129032),Ricky Council IV (38129289),Evan Mobley (38128963),Isaiah Hartenstein (38129119),Jared Butler (38129166),Kenrich Williams (38129703),AJ Johnson (38129609),301.2199999999999,395.4699999999999,49900,100.00%,45233,4055.67%,167,108.08,$162.23,PHI 2,OKC 2,user17,1,marvalshot,15120,4669104776_17
Devin Booker (38128933),Cason Wallace (38129464),Ricky Council IV (38129289),Paolo Banchero (38128916),Isaiah Hartenstein (38129119),AJ Johnson (38129609),Chet Holmgren (38129040),Oshae Brissett (38129486),297.3671875,391.6173816144179,49900,100.00%,20415,453.42%,1,103.53,$18.14,OKC 3,PHI 2,user33,1,marvalshot,15185,4669104777_33
Jared Butler (38129166),Devin Booker (38128933),Ricky Council IV (38129289),Aaron Wiggins (38129293),Isaiah Hartenstein (38129119),Keyonte George (38129109),Jordan Goodwin (38129372),Rudy Gobert (38129178),299.24,395.99,49000,100.00%,35972,714.32%,1,121.99000000000001,$28.57,PHI 2,OKC 2,user48,1,marvalshot,14906,4669104771_48
AJ Johnson (38129609),Devin Booker (38128933),Jordan Goodwin (38129372),Evan Mobley (38128963),Kevin Durant (38128943),Scoot Henderson (38129224),Aaron Wiggins (38129293),Oshae Brissett (38129486),297.08,387.72,49900,100.00%,17829,396.68%,0,128.34,$15.87,PHX 2,WAS 1,user5,1,marvalshot,14912,4669104772_5
Josh Giddey (38128984),Jared Butler (38129166),Jaime Jaquez Jr. (38129483),Pascal Siakam (38129000),Tristan Vukcevic (38129550),Cason Wallace (38129464),Aaron Wiggins (38129293),Karl-Anthony Towns (38128914),299.7713802083333,396.2999990072586,50000,100.00%,37980,1915.55%,74,121.47,$76.62,OKC 2,CHI 1,user44,1,marvalshot,15000,4669104773_44
Josh Giddey (38128984),Cason Wallace (38129464),Aaron Wiggins (38129293),Evan Mobley (38128963),Isaiah Hartenstein (38129119),AJ Johnson (38129609),Kenrich Williams (38129703),Karl-Anthony Towns (38128914),302.78,400.48999999999995,49600,100.00%,49013,13512.74%,1125,119.58,$540.51,OKC 4,CHI 1,user43,1,marvalshot,15048,4669104774_43
Jared Butler (38129166),Isaiah Joe (38129456),Ricky Council IV (38129289),Kenrich Williams (38129703),Chet Holmgren (38129040),Anthony Edwards (38128924),Kevin Durant (38128943),Aaron Wiggins (38129293),299.28,395.31,49800,100.00%,36021,892.82%,5,119.01,$35.71,OKC 4,PHI 2,user26,1,marvalshot,15080,4669104775_26
Quentin Grimes (38128967),Jordan Goodwin (38129372),Ricky Council IV (38129289),Aaron Wiggins (38129293),Kevin Durant (38128943),AJ Johnson (38129609),Chet Holmgren (38129040),Jared Butler (38129166),301.06000000000006,393.61000000000007,49700,100.00%,46210,2480.53%,41,139.87,$99.22,PHI 3,OKC 2,user5,1,marvalshot,15108,4669104776_5
AJ Johnson (38129609),Devin Booker (38128933),Ricky Council IV (38129289),Paolo Banchero (38128916),Kenrich Williams (38129703),Jared Butler (38129166),Jaren Jackson Jr. (38128997),Jordan Goodwin (38129372),297.5271875,388.8073816144179,49800,100.00%,21075,436.63%,0,125.99000000000001,$17.47,PHI 2,WAS 1,user35,1,marvalshot,15187,4669104777_35
AJ Johnson (38129609),Devin Booker (38128933),Jaime Jaquez Jr. (38129483),Aaron Wiggins (38129293),Isaiah Hartenstein (38129119),Anthony Edwards (38128924),Josh Giddey (38128984),Kenrich Williams (38129703),298.41,393.98,49400,100.00%,28641,621.46%,4,121.78,$24.86,OKC 3,WAS 1,user7,1,marvalshot,14864,4669104771_7
Josh Giddey (38128984),Cameron Payne (38129765),Aaron Wiggins (38129293),Kevin Durant (38128943),Isaiah Hartenstein (38129119),Jared Butler (38129166),Jake LaRavia (38129665),Jaren Jackson Jr. (38128997),297.09,395.13,49900,100.00%,17669,372.45%,0,118.78000000000002,$14.9,OKC 2,CHI 1,user4,1,marvalshot,14911,4669104772_4
Josh Giddey (38128984),Devin Booker (38128933),Ricky Council IV (38129289),Pascal Siakam (38129000),Zach Edey (38129393),Isaiah Joe (38129456),Jordan Goodwin (38129372),Aaron Wiggins (38129293),299.33138020833337,388.83999900725865,49800,100.00%,35871,1166.69%,20,113.33000000000001,$46.67,OKC 2,CHI 1,user4,1,marvalshot,14960,4669104773_4
Josh Giddey (38128984),Stephon Castle (38129105),Deni Avdija (38129052),Kenrich Williams (38129703),Isaiah Hartenstein (38129119),Malik Monk (38129032),Ricky Council IV (38129289),Aaron Wiggins (38129293),302.43000000000006,396.9800000000001,50000,100.00%,48464,10124.21%,733,94.28,$404.97,OKC 3,CHI 1,user22,1,marvalshot,15026,4669104774_22
Quentin Grimes (38128967),Jared Butler (38129166),Jake LaRavia (38129665),Chet Holmgren (38129040),Isaiah Hartenstein (38129119),Jordan Goodwin (38129372),Aaron Wiggins (38129293),Tyler Herro (38129003),298.57,394.73,50000,100.00%,29586,622.28%,1,123.05000000000001,$24.89,OKC 3,PHI 2,user13,1,marvalshot,15067,4669104775_13
Donovan Mitchell (38128954),Jared Butler (38129166),Aaron Wiggins (38129293),Ricky Council IV (38129289),Isaiah Hartenstein (38129119),Isaiah Joe (38129456),Jaime Jaquez Jr. (38129483),Cade Cunningham (38128911),300.83000000000004,400.62,49800,100.00%,44436,2347.98%,31,116.28,$93.92,OKC 3,PHI 2,user24,1,marvalshot,15127,4669104776_24
Scotty Pippen Jr. (38129353),Jordan Goodwin (38129372),Aaron Wiggins (38129293),Paolo Banchero (38128916),Karl-Anthony Towns (38128914),Isaiah Joe (38129456),Ricky Council IV (38129289),Jared Butler (38129166),297.69718750000004,392.187381614418,49600,100.00%,22167,425.05%,0,126.64000000000001,$17.0,OKC 2,PHI 2,user43,1,marvalshot,15195,4669104777_43
Keon Ellis (38129432),Anfernee Simons (38129065),Ricky Council IV (38129289),Kevin Durant (38128943),Bam Adebayo (38128989),Jared Butler (38129166),Aaron Wiggins (38129293),Jordan Goodwin (38129372),298.44,385.95,50000,100.00%,28725,621.26%,2,128.88,$24.85,PHI 2,SAC 1,user35,1,marvalshot,14893,4669104771_35
Stephon Castle (38129105),Jared Butler (38129166),Josh Giddey (38128984),OG Anunoby (38129069),Kenrich Williams (38129703),AJ Johnson (38129609),Aaron Wiggins (38129293),Karl-Anthony Towns (38128914),296.96,390.65999999999997,49800,100.00%,16223,351.94%,0,121.64,$14.08,NYK 2,OKC 2,user7,1,marvalshot,14914,4669104772_7
Stephon Castle (38129105),Duncan Robinson (38129504),Josh Giddey (38128984),Pascal Siakam (38129000),Kevin Durant (38128943),AJ Johnson (38129609),Jordan Goodwin (38129372),Aaron Wiggins (38129293),299.0213802083333,385.86999900725857,49800,100.00%,33228,1024.68%,17,115.52,$40.99,SAS 1,MIA 1,user2,1,marvalshot,14958,4669104773_2
Donovan Mitchell (38128954),Jared Butler (38129166),Josh Giddey (38128984),Kenrich Williams (38129703),Chet Holmgren (38129040),Cason Wallace (38129464),Ricky Council IV (38129289),Isaiah Hartenstein (38129119),302.39,402.44,50000,100.00%,48516,6602.08%,212,106.87,$264.08,OKC 4,PHI 2,user41,1,marvalshot,15046,4669104774_41
Tyus Jones (38129436),Jared Butler (38129166),Aaron Wiggins (38129293),Evan Mobley (38128963),Isaiah Hartenstein (38129119),Donovan Mitchell (38128954),Ricky Council IV (38129289),Jordan Goodwin (38129372),298.9,396.54999999999995,49300,100.00%,33127,586.1%,0,121.48,$23.44,PHI 2,OKC 2,user5,1,marvalshot,15059,4669104775_5
Devin Booker (38128933),Isaiah Joe (38129456),Jordan Goodwin (38129372),Chet Holmgren (38129040),Tristan Vukcevic (38129550),Josh Giddey (38128984),Aaron Wiggins (38129293),Isaiah Hartenstein (38129119),300.76,399.8,49600,100.00%,44352,2262.89%,45,116.1,$90.52,OKC 4,PHX 1,user2,1,marvalshot,15105,4669104776_2
Jared Butler (38129166),Isaiah Joe (38129456),Aaron Wiggins (38129293),Paolo Banchero (38128916),Jaylin Williams (38129406),AJ Johnson (38129609),Chet Holmgren (38129040),Devin Booker (38128933),297.3071875,392.3973816144179,50000,100.00%,19486,421.08%,0,120.75,$16.84,OKC 4,PHI 1,user47,1,marvalshot,15199,4669104777_47
AJ Johnson (38129609),Jordan Goodwin (38129372),Josh Giddey (38128984),Oshae Brissett (38129486),Isaiah Hartenstein (38129119),Devin Booker (38128933),Aaron Wiggins (38129293),Jamal Murray (38129028),298.57,391.05,49300,100.00%,29868,608.95%,0,132.17000000000002,$24.36,OKC 2,WAS 1,user19,1,marvalshot,14877,4669104771_19
Scotty Pippen Jr. (38129353),Jared Butler (38129166),Josh Hart (38129020),Aaron Wiggins (38129293),Isaiah Hartenstein (38129119),Josh Giddey (38128984),Chet Holmgren (38129040),Ryan Dunn (38129587),296.65,395.01,50000,100.00%,14572,326.88%,0,110.50999999999999,$13.08,OKC 3,MEM 1,user9,1,marvalshot,14916,4669104772_9
Josh Giddey (38128984),Cason Wallace (38129464),Aaron Wiggins (38129293),Pascal Siakam (38129000),Isaiah Hartenstein (38129119),Cameron Payne (38129765),Jordan Goodwin (38129372),Desmond Bane (38128930),298.25138020833333,389.5899990072586,49700,100.00%,27193,617.73%,5,109.16,$24.71,OKC 3,CHI 1,user26,1,marvalshot,14982,4669104773_26
Cason Wallace (38129464),Jared Butler (38129166),Aaron Wiggins (38129293),Kenrich Williams (38129703),Bam Adebayo (38128989),Jordan Goodwin (38129372),Ricky Council IV (38129289),Nikola Jokic (38128895),301.73,399.04,49800,100.00%,47912,5418.6%,285,147.07,$216.74,OKC 3,PHI 2,user36,1,marvalshot,15041,4669104774_36
Jared Butler (38129166),Jordan Goodwin (38129372),Aaron Wiggins (38129293),Chet Holmgren (38129040),Alexandre Sarr (38129121),Devin Booker (38128933),Kenrich Williams (38129703),Malik Monk (38129032),297.96000000000004,391.15000000000003,50000,100.00%,24846,499.35%,0,122.36000000000001,$19.97,OKC 3,PHI 1,user39,1,marvalshot,15093,4669104775_39
Scoot Henderson (38129224),Jared Butler (38129166),Josh Giddey (38128984),Kenrich Williams (38129703),Nikola Jokic (38128895),AJ Johnson (38129609),Jordan Goodwin (38129372),Aaron Wiggins (38129293),300.78,399.09,49400,100.00%,45030,2257.19%,53,156.04000000000002,$90.29,OKC 2,POR 1,user35,1,marvalshot,15138,4669104776_35
Jared Butler (38129166),Jordan Goodwin (38129372),Aaron Wiggins (38129293),Paolo Banchero (38128916),Rudy Gobert (38129178),AJ Johnson (38129609),Kevin Durant (38128943),Donovan Clingan (38129182),297.3371875,387.70738161441795,49800,100.00%,19294,413.96%,0,128.72,$16.56,PHI 1,LAL 1,user45,1,marvalshot,15197,4669104777_45
Tyler Herro (38129003),Jared Butler (38129166),Aaron Wiggins (38129293),Evan Mobley (38128963),Oshae Brissett (38129486),Jordan Goodwin (38129372),Chet Holmgren (38129040),Ricky Council IV (38129289),298.71999999999997,395.09999999999997,49600,100.00%,31250,603.77%,0,132.18,$24.15,PHI 3,OKC 2,user33,1,marvalshot,14891,4669104771_33
Jose Alvarado (38129350),Jared Butler (38129166),Jordan Goodwin (38129372),Jaren Jackson Jr. (38128997),Kenrich Williams (38129703),Devin Booker (38128933),Deni Avdija (38129052),Isaiah Hartenstein (38129119),296.31,392.72,50000,100.00%,12853,318.64%,0,100.88,$12.75,OKC 2,NOP 1,user25,1,marvalshot,14932,4669104772_25
Keon Ellis (38129432),Jared Butler (38129166),Aaron Wiggins (38129293),Pascal Siakam (38129000),Kenrich Williams (38129703),Luka Doncic (38128897),Keldon Johnson (38129319),Ricky Council IV (38129289),297.91138020833336,390.3799990072586,49600,100.00%,24351,571.6%,7,114.83000000000001,$22.86,PHI 2,OKC 2,user6,1,marvalshot,14962,4669104773_6
AJ Johnson (38129609),Jordan Goodwin (38129372),Ricky Council IV (38129289),Evan Mobley (38128963),Isaiah Hartenstein (38129119),Tyler Herro (38129003),Aaron Wiggins (38129293),DeMar DeRozan (38129006),301.59,393.16999999999996,50000,100.00%,46857,5286.61%,297,119.50999999999999,$211.46,OKC 2,WAS 1,user,1,marvalshot,12873,4669104774
AJ Johnson (38129609),Stephon Castle (38129105),Jordan Goodwin (38129372),Kevin Durant (38128943),Oshae Brissett (38129486),Tyler Herro (38129003),Aaron Wiggins (38129293),Bam Adebayo (38128989),296.65000000000003,386.72,49900,100.00%,14567,361.29%,1,123.06,$14.45,MIA 2,WAS 1,user44,1,marvalshot,15098,4669104775_44
Josh Giddey (38128984),Jared Butler (38129166),Jordan Goodwin (38129372),Oshae Brissett (38129486),Chet Holmgren (38129040),Isaiah Joe (38129456),Jaren Jackson Jr. (38128997),Isaiah Hartenstein (38129119),300.05,401.24,50000,100.00%,40160,1704.65%,32,111.66999999999999,$68.19,OKC 3,PHI 2,user43,1,marvalshot,15146,4669104776_43
Cameron Payne (38129765),Jared Butler (38129166),Aaron Wiggins (38129293),Paolo Banchero (38128916),Isaiah Hartenstein (38129119),AJ Johnson (38129609),Kenrich Williams (38129703),Nikola Jokic (38128895),297.4671875,400.8073816144179,49900,100.00%,20403,409.01%,0,128.06,$16.36,OKC 3,NYK 1,user46,1,marvalshot,15198,4669104777_46
Cade Cunningham (38128911),Donte DiVincenzo (38129240),Aaron Wiggins (38129293),Deni Avdija (38129052),Isaiah Hartenstein (38129119),Jared Butler (38129166),Ricky Council IV (38129289),Scotty Pippen Jr. (38129353),297.98999999999995,397.37999999999994,50000,100.00%,24876,509.62%,1,103.29,$20.38,OKC 2,PHI 2,user46,1,marvalshot,14904,4669104771_46
Devin Booker (38128933),Jared Butler (38129166),Ryan Dunn (38129587),Aaron Wiggins (38129293),Jaylin Williams (38129406),Anthony Edwards (38128924),Ricky Council IV (38129289),Isaiah Hartenstein (38129119),295.98,394.28000000000003,49400,100.00%,9934,276.82%,0,117.45,$11.07,OKC 3,PHX 2,user21,1,marvalshot,14928,4669104772_21
AJ Johnson (38129609),Isaiah Joe (38129456),Aaron Wiggins (38129293),Pascal Siakam (38129000),Bam Adebayo (38128989),Devin Booker (38128933),Deni Avdija (38129052),Tristan Vukcevic (38129550),297.03138020833336,389.17999900725863,50000,100.00%,18123,492.68%,5,101.96000000000001,$19.71,WAS 2,OKC 2,user40,1,marvalshot,14996,4669104773_40
Jared Butler (38129166),Cason Wallace (38129464),Jordan Goodwin (38129372),Ricky Council IV (38129289),Jaylin Williams (38129406),Luka Doncic (38128897),Chet Holmgren (38129040),Aaron Wiggins (38129293),301.35,400.38000000000005,49900,100.00%,46805,3881.93%,166,134.19,$155.28,OKC 4,PHI 2,user31,1,marvalshot,15036,4669104774_31
Scotty Pippen Jr. (38129353),Jared Butler (38129166),Aaron Wiggins (38129293),Zion Williamson (38128937),Isaiah Hartenstein (38129119),Cason Wallace (38129464),Ricky Council IV (38129289),Donovan Mitchell (38128954),296.61999999999995,399.7299999999999,49800,100.00%,13650,307.63%,0,114.47,$12.31,OKC 3,PHI 2,user,1,marvalshot,12877,4669104775
Scoot Henderson (38129224),Isaiah Joe (38129456),Aaron Wiggins (38129293),Jaren Jackson Jr. (38128997),Karl-Anthony Towns (38128914),Josh Giddey (38128984),Jordan Goodwin (38129372),AJ Johnson (38129609),299.5,393.68,49900,100.00%,36386,1590.38%,60,125.17,$63.62,OKC 2,POR 1,user13,1,marvalshot,15116,4669104776_13
Tyler Herro (38129003),Stephon Castle (38129105),Jordan Goodwin (38129372),Paolo Banchero (38128916),Isaiah Hartenstein (38129119),Cason Wallace (38129464),Aaron Wiggins (38129293),Scotty Pippen Jr. (38129353),297.0771875,388.87738161441786,49900,100.00%,17559,395.91%,0,102.94,$15.84,OKC 3,MIA 1,user12,1,marvalshot,15164,4669104777_12
Ty Jerome (38129412),Jordan Goodwin (38129372),Aaron Wiggins (38129293),Evan Mobley (38128963),Karl-Anthony Towns (38128914),Scoot Henderson (38129224),Ricky Council IV (38129289),Isaiah Hartenstein (38129119),297.87,398.32,49900,100.00%,23892,485.64%,1,121.81,$19.43,CLE 2,OKC 2,user16,1,marvalshot,14874,4669104771_16
Jared Butler (38129166),Anthony Edwards (38128924),Jordan Goodwin (38129372),Aaron Wiggins (38129293),Kevin Durant (38128943),Cason Wallace (38129464),Matas Buzelis (38129399),Isaiah Hartenstein (38129119),295.8,388.90000000000003,49600,100.00%,8324,262.61%,0,120.97,$10.5,OKC 3,PHI 1,user37,1,marvalshot,14944,4669104772_37
Stephon Castle (38129105),Cason Wallace (38129464),Josh Giddey (38128984),Pascal Siakam (38129000),Kelly Olynyk (38129270),Jared Butler (38129166),Jordan Goodwin (38129372),Isaiah Hartenstein (38129119),297.36138020833334,391.0299990072586,50000,100.00%,19940,427.05%,1,103.1,$17.08,OKC 2,SAS 1,user25,1,marvalshot,14981,4669104773_25
Josh Giddey (38128984),Isaiah Joe (38129456),Aaron Wiggins (38129293),Kevin Durant (38128943),Alexandre Sarr (38129121),Jared Butler (38129166),Oshae Brissett (38129486),Isaiah Hartenstein (38129119),301.09,399.39,49900,100.00%,45337,2900.23%,50,121.77999999999999,$116.01,OKC 3,PHI 2,user19,1,marvalshot,15024,4669104774_19
Alex Caruso (38129423),Jordan Goodwin (38129372),Ricky Council IV (38129289),Aaron Gordon (38129263),Isaiah Hartenstein (38129119),Jared Butler (38129166),Kevin Durant (38128943),Josh Giddey (38128984),296.38,390.72,49500,100.00%,12554,305.44%,0,115.32,$12.22,OKC 2,PHI 2,user48,1,marvalshot,15102,4669104775_48
Cason Wallace (38129464),Isaiah Joe (38129456),Jordan Goodwin (38129372),Aaron Wiggins (38129293),Isaiah Hartenstein (38129119),Cade Cunningham (38128911),Evan Mobley (38128963),Stephon Castle (38129105),299.74,394.94000000000005,50000,100.00%,38286,1545.5%,40,104.81,$61.82,OKC 4,LAL 1,user42,1,marvalshot,15145,4669104776_42
Scoot Henderson (38129224),Jordan Goodwin (38129372),Aaron Wiggins (38129293),Paolo Banchero (38128916),Nikola Jokic (38128895),AJ Johnson (38129609),Kenrich Williams (38129703),Ricky Council IV (38129289),297.3271875,392.4573816144179,49700,100.00%,19052,393.88%,0,134.1,$15.76,OKC 2,POR 1,user25,1,marvalshot,15177,4669104777_25
Josh Giddey (38128984),Stephon Castle (38129105),Ricky Council IV (38129289),Aaron Wiggins (38129293),Nikola Jokic (38128895),Jordan Hawkins (38129650),Jordan Goodwin (38129372),AJ Johnson (38129609),297.73,392.34000000000003,49800,100.00%,22324,430.52%,0,139.51,$17.22,CHI 1,SAS 1,user31,1,marvalshot,14889,4669104771_31
Tyler Herro (38129003),Anthony Edwards (38128924),Aaron Wiggins (38129293),Kenrich Williams (38129703),Isaiah Hartenstein (38129119),Scotty Pippen Jr. (38129353),Deni Avdija (38129052),Ricky Council IV (38129289),295.46,392.57,49600,100.00%,7804,259.63%,0,94.59,$10.39,OKC 3,MIA 1,user28,1,marvalshot,14935,4669104772_28
AJ Johnson (38129609),Collin Gillespie (38129753),Aaron Wiggins (38129293),Pascal Siakam (38129000),Kevin Durant (38128943),Jordan Goodwin (38129372),Kenrich Williams (38129703),Nikola Jokic (38128895),296.9513802083333,391.7299990072586,49900,100.00%,16700,389.84%,1,144.29,$15.59,PHX 2,OKC 2,user38,1,marvalshot,14994,4669104773_38
AJ Johnson (38129609),Jordan Goodwin (38129372),Ricky Council IV (38129289),Evan Mobley (38128963),Karl-Anthony Towns (38128914),Keon Ellis (38129432),Josh Giddey (38128984),Aaron Wiggins (38129293),300.74,391.67,50000,100.00%,44261,2801.1%,107,135.5,$112.04,WAS 1,LAL 1,user8,1,marvalshot,15013,4669104774_8
Jared Butler (38129166),Isaiah Joe (38129456),Aaron Wiggins (38129293),Ricky Council IV (38129289),Walker Kessler (38129056),Devin Booker (38128933),Oshae Brissett (38129486),Bam Adebayo (38128989),296.03000000000003,390.07000000000005,49600,100.00%,10456,290.26%,0,119.7,$11.61,PHI 3,OKC 2,user42,1,marvalshot,15096,4669104775_42
AJ Johnson (38129609),Devin Booker (38128933),Jaime Jaquez Jr. (38129483),Kenrich Williams (38129703),Isaiah Hartenstein (38129119),Jared Butler (38129166),Kevin Durant (38128943),Bam Adebayo (38128989),299.34,394.57,50000,100.00%,35043,1212.48%,15,112.97,$48.5,PHX 2,MIA 2,user45,1,marvalshot,15148,4669104776_45
Keon Ellis (38129432),Jordan Goodwin (38129372),Ricky Council IV (38129289),Paolo Banchero (38128916),Walker Kessler (38129056),Jared Butler (38129166),Chet Holmgren (38129040),Aaron Wiggins (38129293),297.1171875,388.29738161441793,50000,100.00%,17362,361.5%,0,123.53999999999999,$14.46,PHI 2,OKC 2,user39,1,marvalshot,15191,4669104777_39
Cason Wallace (38129464),Devin Booker (38128933),Ricky Council IV (38129289),Zion Williamson (38128937),Isaiah Hartenstein (38129119),Stephon Castle (38129105),Aaron Wiggins (38129293),Oshae Brissett (38129486),296.96999999999997,396.8299999999999,50000,100.00%,16816,361.49%,0,106.85,$14.46,OKC 3,PHI 2,user27,1,marvalshot,14885,4669104771_27
Jared Butler (38129166),Jordan Goodwin (38129372),Jake LaRavia (38129665),Ricky Council IV (38129289),Evan Mobley (38128963),Devin Booker (38128933),Josh Giddey (38128984),Cason Wallace (38129464),295.48,384.44000000000005,49800,100.00%,7362,255.53%,0,132.39,$10.22,PHI 2,LAL 1,user32,1,marvalshot,14939,4669104772_32
Jared Butler (38129166),Cason Wallace (38129464),Deni Avdija (38129052),Pascal Siakam (38129000),Donovan Clingan (38129182),Isaiah Joe (38129456),Jordan Goodwin (38129372),Josh Giddey (38128984),296.67138020833335,385.9499990072586,49200,100.00%,15489,386.48%,0,109.15,$15.46,OKC 2,POR 2,user8,1,marvalshot,14964,4669104773_8
Jared Butler (38129166),Cason Wallace (38129464),Ricky Council IV (38129289),Kevin Durant (38128943),Jonas Valanciunas (38129048),Isaiah Joe (38129456),Josh Giddey (38128984),Aaron Wiggins (38129293),300.77,394.84,49800,100.00%,44552,2558.83%,71,129.11,$102.35,OKC 3,PHI 2,user1,1,marvalshot,15006,4669104774_1
Jared Butler (38129166),Jordan Goodwin (38129372),Ryan Dunn (38129587),Deni Avdija (38129052),Kenrich Williams (38129703),Luka Doncic (38128897),Aaron Wiggins (38129293),Chet Holmgren (38129040),295.82000000000005,394.69000000000005,50000,100.00%,8995,270.01%,0,128.36,$10.8,OKC 3,LAL 2,user41,1,marvalshot,15095,4669104775_41
Jared Butler (38129166),Jordan Goodwin (38129372),Ricky Council IV (38129289),Aaron Wiggins (38129293),Nikola Vucevic (38129058),Josh Giddey (38128984),Josh Hart (38129020),Scoot Henderson (38129224),299.73,392.21000000000004,50000,100.00%,39167,1169.15%,16,125.77,$46.77,PHI 2,CHI 2,user29,1,marvalshot,15132,4669104776_29
Devin Booker (38128933),Cason Wallace (38129464),Aaron Wiggins (38129293),Paolo Banchero (38128916),Oshae Brissett (38129486),Stephon Castle (38129105),Jordan Goodwin (38129372),Jared Butler (38129166),296.7571875,387.0173816144179,49700,100.00%,14722,340.82%,0,132.84,$13.63,OKC 2,PHI 2,user,1,marvalshot,4185,4669104777
Cason Wallace (38129464),Donovan Mitchell (38128954),Ricky Council IV (38129289),Kevin Durant (38128943),Isaiah Hartenstein (38129119),Isaiah Joe (38129456),Kenrich Williams (38129703),Jaren Jackson Jr. (38128997),296.46,391.14,49700,100.00%,14182,342.65%,0,85.64,$13.71,OKC 4,CLE 1,user43,1,marvalshot,14901,4669104771_43
Devin Booker (38128933),Jordan Goodwin (38129372),Alex Caruso (38129423),Deni Avdija (38129052),Kenrich Williams (38129703),AJ Johnson (38129609),Aaron Wiggins (38129293),Luka Doncic (38128897),295.13,389.24,50000,100.00%,6030,244.11%,0,126.99,$9.76,OKC 3,LAL 2,user29,1,marvalshot,14936,4669104772_29
AJ Johnson (38129609),Jared Butler (38129166),Keldon Johnson (38129319),Pascal Siakam (38129000),Chet Holmgren (38129040),Josh Giddey (38128984),Jeremy Sochan (38129346),Isaiah Hartenstein (38129119),296.3813802083333,393.7299990072586,50000,100.00%,13418,328.06%,0,89.55,$13.12,SAS 2,OKC 2,user10,1,marvalshot,14966,4669104773_10
Cason Wallace (38129464),Jordan Goodwin (38129372),Aaron Wiggins (38129293),Chet Holmgren (38129040),Nikola Jokic (38128895),AJ Johnson (38129609),Kenrich Williams (38129703),Josh Giddey (38128984),300.79,398.14,49800,100.00%,44758,2463.44%,57,146.01,$98.54,OKC 4,LAL 1,user3,1,marvalshot,15008,4669104774_3
Luka Doncic (38128897),Jared Butler (38129166),Aaron Wiggins (38129293),Julius Randle (38129044),Jaylin Williams (38129406),Isaiah Joe (38129456),Ricky Council IV (38129289),Jordan Goodwin (38129372),295.64,394.40999999999997,49800,100.00%,7814,261.49%,0,124.58,$10.46,OKC 3,LAL 2,user29,1,marvalshot,15083,4669104775_29
Scoot Henderson (38129224),Jordan Goodwin (38129372),Deni Avdija (38129052),Ricky Council IV (38129289),Chet Holmgren (38129040),Jared Butler (38129166),Aaron Wiggins (38129293),Tyler Herro (38129003),299.66999999999996,394.0,49600,100.00%,38479,1163.47%,10,125.24000000000001,$46.54,POR 2,PHI 2,user,1,marvalshot,12878,4669104776
Jared Butler (38129166),Isaiah Joe (38129456),Jaime Jaquez Jr. (38129483),Paolo Banchero (38128916),Kenrich Williams (38129703),Luka Doncic (38128897),Aaron Wiggins (38129293),Ricky Council IV (38129289),296.76718750000003,392.64738161441795,50000,100.00%,15053,340.59%,0,121.80000000000001,$13.62,OKC 3,PHI 2,user16,1,marvalshot,15168,4669104777_16
Cason Wallace (38129464),Jared Butler (38129166),Zion Williamson (38128937),Aaron Wiggins (38129293),Donovan Clingan (38129182),Cade Cunningham (38128911),Kenrich Williams (38129703),Isaiah Hartenstein (38129119),296.83,400.65999999999997,49900,100.00%,15585,340.94%,0,111.61999999999999,$13.64,OKC 4,PHI 1,user15,1,marvalshot,14873,4669104771_15
Donovan Mitchell (38128954),Jordan Goodwin (38129372),Aaron Wiggins (38129293),Jake LaRavia (38129665),Isaiah Hartenstein (38129119),Cade Cunningham (38128911),Chet Holmgren (38129040),Kenrich Williams (38129703),295.21,394.44,49100,100.00%,5927,241.23%,0,111.68,$9.65,OKC 4,CLE 1,user22,1,marvalshot,14929,4669104772_22
Scoot Henderson (38129224),Duncan Robinson (38129504),Jordan Goodwin (38129372),Pascal Siakam (38129000),Isaiah Hartenstein (38129119),Luka Doncic (38128897),Aaron Wiggins (38129293),Jake LaRavia (38129665),296.25138020833333,390.4599990072586,49800,100.00%,12247,328.05%,1,102.27000000000001,$13.12,LAL 2,OKC 2,user29,1,marvalshot,14985,4669104773_29
AJ Johnson (38129609),Jared Butler (38129166),Ricky Council IV (38129289),Zion Williamson (38128937),Karl-Anthony Towns (38128914),Scotty Pippen Jr. (38129353),Aaron Wiggins (38129293),Isaiah Hartenstein (38129119),300.64,406.68,50000,100.00%,44097,2053.41%,40,124.65,$82.14,PHI 2,OKC 2,user4,1,marvalshot,15009,4669104774_4
Jared Butler (38129166),Stephon Castle (38129105),Josh Giddey (38128984),Kenrich Williams (38129703),Isaiah Hartenstein (38129119),Malik Beasley (38129323),Ricky Council IV (38129289),Devin Booker (38128933),295.49,390.54,49900,100.00%,7518,255.04%,0,97.63,$10.2,PHI 2,OKC 2,user7,1,marvalshot,15061,4669104775_7
Keon Ellis (38129432),Jordan Goodwin (38129372),Aaron Wiggins (38129293),Ricky Council IV (38129289),Isaiah Hartenstein (38129119),Devin Booker (38128933),Keldon Johnson (38129319),Karl-Anthony Towns (38128914),299.54,392.41,49800,100.00%,37128,1147.24%,18,114.65,$45.89,OKC 2,SAC 1,user26,1,marvalshot,15129,4669104776_26
Jose Alvarado (38129350),Jared Butler (38129166),Ricky Council IV (38129289),Paolo Banchero (38128916),Kevin Durant (38128943),Stephon Castle (38129105),Aaron Wiggins (38129293),AJ Johnson (38129609),296.69718750000004,386.34738161441794,49900,100.00%,14188,326.45%,0,120.78,$13.06,PHI 2,NOP 1,user42,1,marvalshot,15194,4669104777_42
Jared Butler (38129166),Stephon Castle (38129105),Ricky Council IV (38129289),Deni Avdija (38129052),Karl-Anthony Towns (38128914),Isaiah Joe (38129456),Oshae Brissett (38129486),Isaiah Hartenstein (38129119),296.57000000000005,397.5400000000001,49700,100.00%,14462,338.11%,0,93.31,$13.52,PHI 3,OKC 2,user34,1,marvalshot,14892,4669104771_34
Cade Cunningham (38128911),Isaiah Joe (38129456),Jordan Goodwin (38129372),Chet Holmgren (38129040),Kenrich Williams (38129703),Stephon Castle (38129105),Jaren Jackson Jr. (38128997),Aaron Wiggins (38129293),294.97,391.56000000000006,49800,100.00%,5360,236.91%,0,101.12,$9.48,OKC 4,DET 1,user39,1,marvalshot,14946,4669104772_39
Josh Giddey (38128984),Jared Butler (38129166),Justin Champagnie (38129236),Pascal Siakam (38129000),Kenrich Williams (38129703),Isaiah Joe (38129456),Aaron Wiggins (38129293),Zion Williamson (38128937),296.34138020833336,393.65999900725865,50000,100.00%,12482,320.95%,1,114.86,$12.84,OKC 3,CHI 1,user22,1,marvalshot,14978,4669104773_22
AJ Johnson (38129609),Cason Wallace (38129464),Josh Giddey (38128984),Jaren Jackson Jr. (38128997),Karl-Anthony Towns (38128914),Jared Butler (38129166),Oshae Brissett (38129486),Aaron Wiggins (38129293),300.21000000000004,396.95000000000005,49800,100.00%,41386,1961.96%,50,141.3,$78.48,OKC 2,PHI 2,user26,1,marvalshot,15031,4669104774_26
Jared Butler (38129166),Anthony Edwards (38128924),Aaron Wiggins (38129293),Chet Holmgren (38129040),Nikola Vucevic (38129058),Cameron Payne (38129765),Ricky Council IV (38129289),Isaiah Hartenstein (38129119),295.47,399.05,49800,100.00%,7278,251.96%,0,102.65,$10.08,OKC 3,PHI 2,user49,1,marvalshot,15103,4669104775_49
Stephon Castle (38129105),Devin Booker (38128933),Jaime Jaquez Jr. (38129483),Chet Holmgren (38129040),Isaiah Hartenstein (38129119),Jared Butler (38129166),Jordan Goodwin (38129372),Ricky Council IV (38129289),299.62999999999994,397.41999999999996,49700,100.00%,37825,1109.9%,7,109.75,$44.4,OKC 2,PHI 2,user7,1,marvalshot,15110,4669104776_7
Scoot Henderson (38129224),Cason Wallace (38129464),Jordan Goodwin (38129372),Paolo Banchero (38128916),Isaiah Hartenstein (38129119),AJ Johnson (38129609),Kenrich Williams (38129703),Luka Doncic (38128897),296.2071875,390.7073816144179,49800,100.00%,11981,318.51%,0,106.47,$12.74,OKC 3,LAL 2,user8,1,marvalshot,15160,4669104777_8
Cameron Payne (38129765),Jordan Goodwin (38129372),Ricky Council IV (38129289),Aaron Wiggins (38129293),Isaiah Hartenstein (38129119),Quentin Grimes (38128967),Josh Giddey (38128984),Bam Adebayo (38128989),296.83,392.74,50000,100.00%,15283,336.73%,0,107.03,$13.47,PHI 2,OKC 2,user6,1,marvalshot,14863,4669104771_6
Keon Ellis (38129432),Isaiah Joe (38129456),Jordan Goodwin (38129372),Aaron Wiggins (38129293),Kevin Durant (38128943),Devin Booker (38128933),Oshae Brissett (38129486),Donovan Mitchell (38128954),294.84999999999997,382.61999999999995,49900,100.00%,5258,236.74%,0,122.66,$9.47,OKC 2,PHX 2,user40,1,marvalshot,14947,4669104772_40
Stephon Castle (38129105),Isaiah Joe (38129456),Jordan Goodwin (38129372),Pascal Siakam (38129000),Karl-Anthony Towns (38128914),Jared Butler (38129166),Keldon Johnson (38129319),Ricky Council IV (38129289),296.1413802083333,389.1799990072586,49800,100.00%,11575,316.84%,1,95.99000000000001,$12.67,SAS 2,PHI 2,user33,1,marvalshot,14989,4669104773_33
Cade Cunningham (38128911),Stephon Castle (38129105),Ricky Council IV (38129289),Oshae Brissett (38129486),Kenrich Williams (38129703),Devin Booker (38128933),Aaron Wiggins (38129293),Isaiah Hartenstein (38129119),300.36,398.84000000000003,49600,100.00%,42129,1933.2%,29,105.28,$77.33,OKC 3,PHI 2,user38,1,marvalshot,15043,4669104774_38
Luka Doncic (38128897),Stephon Castle (38129105),Jordan Goodwin (38129372),Bam Adebayo (38128989),Micah Potter (38129971),AJ Johnson (38129609),Aaron Wiggins (38129293),Jared Butler (38129166),295.23,390.8,49900,100.00%,5807,241.2%,0,127.83,$9.65,LAL 2,SAS 1,user35,1,marvalshot,15089,4669104775_35
Tyus Jones (38129436),Jared Butler (38129166),Jordan Goodwin (38129372),Aaron Wiggins (38129293),Isaiah Hartenstein (38129119),Tyler Herro (38129003),Aaron Gordon (38129263),Karl-Anthony Towns (38128914),299.35999999999996,396.27,50000,100.00%,35244,1092.99%,14,120.47000000000001,$43.72,OKC 2,PHX 1,user14,1,marvalshot,15117,4669104776_14
AJ Johnson (38129609),Jordan Goodwin (38129372),Aaron Wiggins (38129293),Paolo Banchero (38128916),Isaiah Hartenstein (38129119),Desmond Bane (38128930),Aaron Gordon (38129263),Jared Butler (38129166),296.67718750000006,388.917381614418,49900,100.00%,13965,318.37%,0,128.06,$12.73,OKC 2,WAS 1,user32,1,marvalshot,15184,4669104777_32
Quentin Grimes (38128967),Jared Butler (38129166),Jordan Goodwin (38129372),Jaren Jackson Jr. (38128997),Isaiah Hartenstein (38129119),AJ Johnson (38129609),Ricky Council IV (38129289),Nikola Vucevic (38129058),296.68,393.69,49800,100.00%,14658,329.56%,0,109.23,$13.18,PHI 3,LAL 1,user20,1,marvalshot,14878,4669104771_20
Josh Giddey (38128984),Jared Butler (38129166),Aaron Wiggins (38129293),Ricky Council IV (38129289),Chet Holmgren (38129040),Isaiah Joe (38129456),Jaylen Martin (38129659),Cade Cunningham (38128911),294.51,392.11,49900,100.00%,3353,217.42%,0,112.74000000000001,$8.7,OKC 3,PHI 2,user48,1,marvalshot,14955,4669104772_48
Anfernee Simons (38129065),Cameron Payne (38129765),Aaron Wiggins (38129293),Pascal Siakam (38129000),Isaiah Hartenstein (38129119),Jordan Goodwin (38129372),Zion Williamson (38128937),Jared Butler (38129166),296.2713802083333,397.55999900725857,49800,100.00%,11899,300.92%,0,107.86,$12.04,OKC 2,POR 1,user11,1,marvalshot,14967,4669104773_11
Jared Butler (38129166),Jordan Goodwin (38129372),Deni Avdija (38129052),Kevin Durant (38128943),Kenrich Williams (38129703),Anthony Edwards (38128924),Aaron Wiggins (38129293),Ricky Council IV (38129289),300.50000000000006,394.12000000000006,49900,100.00%,43853,1885.09%,22,130.95999999999998,$75.4,PHI 2,OKC 2,user48,1,marvalshot,15053,4669104774_48
Josh Giddey (38128984),Jordan Goodwin (38129372),Ricky Council IV (38129289),Aaron Wiggins (38129293),Isaiah Hartenstein (38129119),Stephon Castle (38129105),Zion Williamson (38128937),Nick Richards (38129477),295.28000000000003,398.36,49800,100.00%,5805,240.63%,0,105.75,$9.63,OKC 2,CHI 1,user12,1,marvalshot,15066,4669104775_12
Stephon Castle (38129105),Jordan Goodwin (38129372),Ryan Dunn (38129587),Aaron Wiggins (38129293),Isaiah Hartenstein (38129119),AJ Johnson (38129609),Chet Holmgren (38129040),Luka Doncic (38128897),299.33,399.04999999999995,50000,100.00%,35530,1067.76%,21,119.2,$42.71,OKC 3,LAL 2,user11,1,marvalshot,15114,4669104776_11
Josh Giddey (38128984),Anfernee Simons (38129065),Ricky Council IV (38129289),Paolo Banchero (38128916),Isaiah Hartenstein (38129119),Jared Butler (38129166),Kenrich Williams (38129703),Oshae Brissett (38129486),296.3971875,393.42738161441787,50000,100.00%,12546,311.17%,0,100.34,$12.45,PHI 3,OKC 2,user22,1,marvalshot,15174,4669104777_22
Jared Butler (38129166),Donovan Mitchell (38128954),Zion Williamson (38128937),Aaron Wiggins (38129293),Kenrich Williams (38129703),Cason Wallace (38129464),Josh Giddey (38128984),Jordan Goodwin (38129372),296.45,394.99,49900,100.00%,11950,294.61%,0,136.27,$11.78,OKC 3,PHI 1,user5,1,marvalshot,14862,4669104771_5
Josh Giddey (38128984),Jared Butler (38129166),Aaron Wiggins (38129293),Kevin Durant (38128943),Tristan Vukcevic (38129550),Quentin Grimes (38128967),Kenrich Williams (38129703),Ricky Council IV (38129289),294.38,389.27,49400,100.00%,2694,212.39%,0,121.25,$8.5,PHI 3,OKC 2,user8,1,marvalshot,14915,4669104772_8
Scoot Henderson (38129224),Cason Wallace (38129464),Aaron Wiggins (38129293),Pascal Siakam (38129000),Nikola Jokic (38128895),Stephon Castle (38129105),Jaime Jaquez Jr. (38129483),Kenrich Williams (38129703),295.55138020833334,390.66999900725864,50000,100.00%,9017,292.45%,1,102.53,$11.7,OKC 3,POR 1,user20,1,marvalshot,14976,4669104773_20
Josh Giddey (38128984),Malik Monk (38129032),Aaron Wiggins (38129293),Kenrich Williams (38129703),Isaiah Hartenstein (38129119),AJ Johnson (38129609),Zion Williamson (38128937),Jared Butler (38129166),300.61,400.88,49700,100.00%,43927,1857.4%,26,125.91,$74.3,OKC 3,CHI 1,user7,1,marvalshot,15012,4669104774_7
Cason Wallace (38129464),Austin Reaves (38128950),Jordan Goodwin (38129372),Ricky Council IV (38129289),Rudy Gobert (38129178),Scoot Henderson (38129224),Kevin Durant (38128943),Isaiah Hartenstein (38129119),294.8,383.41,50000,100.00%,5721,239.96%,0,88.58,$9.6,OKC 2,LAL 2,user47,1,marvalshot,15101,4669104775_47
Cason Wallace (38129464),Jared Butler (38129166),Jordan Goodwin (38129372),Evan Mobley (38128963),Karl-Anthony Towns (38128914),Scotty Pippen Jr. (38129353),Ricky Council IV (38129289),Isaiah Hartenstein (38129119),299.28,398.05999999999995,49900,100.00%,34945,1048.99%,17,110.23999999999998,$41.96,OKC 2,PHI 2,user37,1,marvalshot,15140,4669104776_37
Stephon Castle (38129105),Jordan Goodwin (38129372),Aaron Wiggins (38129293),Paolo Banchero (38128916),Chet Holmgren (38129040),Cason Wallace (38129464),Kenrich Williams (38129703),Josh Giddey (38128984),296.4971875,387.8673816144179,49700,100.00%,12623,308.46%,0,113.53999999999999,$12.34,OKC 4,SAS 1,user5,1,marvalshot,15157,4669104777_5
Luka Doncic (38128897),Jordan Goodwin (38129372),Ricky Council IV (38129289),Aaron Wiggins (38129293),Jaylin Williams (38129406),Cason Wallace (38129464),Chet Holmgren (38129040),Rudy Gobert (38129178),295.93,392.75,49800,100.00%,9675,280.93%,0,111.88,$11.24,OKC 4,LAL 2,user26,1,marvalshot,14884,4669104771_26
Cason Wallace (38129464),Isaiah Joe (38129456),Deni Avdija (38129052),Kenrich Williams (38129703),Jaylin Williams (38129406),Luka Doncic (38128897),Josh Giddey (38128984),Aaron Wiggins (38129293),294.07000000000005,389.96000000000004,49800,100.00%,2883,210.55%,0,106.22,$8.42,OKC 5,POR 1,user20,1,marvalshot,14927,4669104772_20
AJ Johnson (38129609),Isaiah Joe (38129456),Ricky Council IV (38129289),Pascal Siakam (38129000),Kevin Durant (38128943),Jordan Poole (38129092),Josh Giddey (38128984),Cason Wallace (38129464),295.5113802083333,383.2399990072586,49900,100.00%,8985,286.02%,0,101.76,$11.44,WAS 2,OKC 2,user42,1,marvalshot,14998,4669104773_42
AJ Johnson (38129609),Jordan Goodwin (38129372),Josh Giddey (38128984),Aaron Wiggins (38129293),Chet Holmgren (38129040),Scotty Pippen Jr. (38129353),Kevin Durant (38128943),Jared Butler (38129166),300.57000000000005,394.86000000000007,49300,100.00%,44140,1825.71%,31,144.99,$73.03,OKC 2,WAS 1,user40,1,marvalshot,15045,4669104774_40
Luka Doncic (38128897),Jordan Hawkins (38129650),Ricky Council IV (38129289),Kenrich Williams (38129703),Jaylin Williams (38129406),Josh Giddey (38128984),Chet Holmgren (38129040),Aaron Wiggins (38129293),294.99,394.2,50000,100.00%,5601,239.09%,0,105.74000000000001,$9.56,OKC 4,LAL 1,user38,1,marvalshot,15092,4669104775_38
Cade Cunningham (38128911),Malik Monk (38129032),Aaron Wiggins (38129293),Kevin Durant (38128943),Kenrich Williams (38129703),Jared Butler (38129166),Jordan Goodwin (38129372),Oshae Brissett (38129486),299.08,391.57,49900,100.00%,33825,945.07%,10,130.23000000000002,$37.8,OKC 2,PHI 2,user12,1,marvalshot,15115,4669104776_12
Cason Wallace (38129464),Jordan Goodwin (38129372),Aaron Wiggins (38129293),Paolo Banchero (38128916),Isaiah Hartenstein (38129119),AJ Johnson (38129609),Julius Randle (38129044),Evan Mobley (38128963),296.2671875,389.3473816144179,49900,100.00%,11642,299.01%,0,114.22,$11.96,OKC 3,LAL 1,user2,1,marvalshot,15154,4669104777_2
Scoot Henderson (38129224),Anfernee Simons (38129065),Aaron Wiggins (38129293),Ricky Council IV (38129289),Isaiah Hartenstein (38129119),Josh Giddey (38128984),Zion Williamson (38128937),Kenrich Williams (38129703),295.94,396.87,50000,100.00%,9526,275.14%,0,96.92000000000002,$11.01,OKC 3,POR 2,user18,1,marvalshot,14876,4669104771_18
Cason Wallace (38129464),Jordan Goodwin (38129372),Josh Giddey (38128984),Michael Porter Jr. (38129112),Isaiah Hartenstein (38129119),Keyonte George (38129109),Chet Holmgren (38129040),Aaron Wiggins (38129293),294.03,388.59999999999997,49800,100.00%,2185,204.87%,0,103.52000000000001,$8.19,OKC 4,LAL 1,user36,1,marvalshot,14943,4669104772_36
Josh Giddey (38128984),Isaiah Joe (38129456),Aaron Wiggins (38129293),Pascal Siakam (38129000),Tristan Vukcevic (38129550),Jordan Goodwin (38129372),Justin Champagnie (38129236),Cade Cunningham (38128911),295.7013802083334,388.72999900725864,50000,100.00%,9208,284.72%,0,110.22,$11.39,OKC 2,WAS 2,user7,1,marvalshot,14963,4669104773_7
Scotty Pippen Jr. (38129353),Donovan Mitchell (38128954),Jordan Goodwin (38129372),Chet Holmgren (38129040),Kenrich Williams (38129703),Devin Booker (38128933),Aaron Wiggins (38129293),Isaiah Hartenstein (38129119),300.39,400.15999999999997,49900,100.00%,42390,1779.42%,22,106.71000000000001,$71.18,OKC 4,MEM 1,user6,1,marvalshot,15011,4669104774_6
Devin Booker (38128933),Keon Ellis (38129432),Aaron Wiggins (38129293),Bam Adebayo (38128989),Donovan Clingan (38129182),Jordan Goodwin (38129372),Ricky Council IV (38129289),Nikola Vucevic (38129058),294.82,383.75,50000,100.00%,5159,237.12%,0,110.34,$9.48,PHX 1,SAC 1,user3,1,marvalshot,15057,4669104775_3
Luka Doncic (38128897),Devin Booker (38128933),Aaron Wiggins (38129293),Ricky Council IV (38129289),Donovan Clingan (38129182),AJ Johnson (38129609),Jaime Jaquez Jr. (38129483),Jordan Goodwin (38129372),298.87,392.48,50000,100.00%,32203,851.94%,7,133.99,$34.08,LAL 2,PHX 1,user10,1,marvalshot,15113,4669104776_10
Cason Wallace (38129464),Donte DiVincenzo (38129240),Jordan Goodwin (38129372),Paolo Banchero (38128916),Isaiah Hartenstein (38129119),Stephon Castle (38129105),Chet Holmgren (38129040),Aaron Wiggins (38129293),296.0071875,389.67738161441787,49800,100.00%,9922,282.46%,0,96.46000000000001,$11.3,OKC 4,MIN 1,user28,1,marvalshot,15180,4669104777_28
Jared Butler (38129166),Jordan Hawkins (38129650),Josh Giddey (38128984),Kenrich Williams (38129703),Chet Holmgren (38129040),AJ Johnson (38129609),Ricky Council IV (38129289),Luka Doncic (38128897),295.75,393.21000000000004,49800,100.00%,9078,273.02%,0,121.51,$10.92,PHI 2,OKC 2,user32,1,marvalshot,14890,4669104771_32
AJ Johnson (38129609),Jordan Goodwin (38129372),Aaron Wiggins (38129293),Oshae Brissett (38129486),Nikola Jokic (38128895),Isaiah Joe (38129456),Zion Williamson (38128937),Jared Butler (38129166),293.93,397.63,49800,100.00%,1851,201.86%,0,152.32,$8.07,OKC 2,PHI 2,user13,1,marvalshot,14920,4669104772_13
Jared Butler (38129166),Jordan Goodwin (38129372),Ricky Council IV (38129289),Pascal Siakam (38129000),Oshae Brissett (38129486),Cade Cunningham (38128911),Aaron Gordon (38129263),Stephon Castle (38129105),295.7713802083333,389.2299990072586,49900,100.00%,9390,283.57%,0,104.0,$11.34,PHI 3,LAL 1,user31,1,marvalshot,14987,4669104773_31
Jared Butler (38129166),Devin Booker (38128933),Zion Williamson (38128937),Aaron Wiggins (38129293),Isaiah Hartenstein (38129119),Scoot Henderson (38129224),Ricky Council IV (38129289),Kenrich Williams (38129703),300.56,403.11,49700,100.00%,43931,1771.91%,23,117.75999999999999,$70.88,OKC 3,PHI 2,user32,1,marvalshot,15037,4669104774_32
Jared Butler (38129166),Jordan Hawkins (38129650),Aaron Wiggins (38129293),Ricky Council IV (38129289),Jaxson Hayes (38129306),Devin Booker (38128933),Josh Giddey (38128984),Chet Holmgren (38129040),295.08000000000004,387.65000000000003,49900,100.00%,5251,236.14%,0,118.22,$9.45,PHI 2,OKC 2,user8,1,marvalshot,15062,4669104775_8
AJ Johnson (38129609),Jared Butler (38129166),Ricky Council IV (38129289),Aaron Wiggins (38129293),Nikola Jokic (38128895),Cason Wallace (38129464),Deni Avdija (38129052),Scoot Henderson (38129224),299.0,395.6,49700,100.00%,33586,847.83%,11,141.57999999999998,$33.91,PHI 2,OKC 2,user1,1,marvalshot,15104,4669104776_1
AJ Johnson (38129609),Donovan Mitchell (38128954),Josh Giddey (38128984),Paolo Banchero (38128916),Kenrich Williams (38129703),Alex Caruso (38129423),Aaron Wiggins (38129293),Isaiah Hartenstein (38129119),295.9271875,392.3173816144179,49800,100.00%,9616,277.07%,0,107.9,$11.08,OKC 4,WAS 1,user13,1,marvalshot,15165,4669104777_13
Josh Giddey (38128984),Jordan Goodwin (38129372),Justin Champagnie (38129236),Aaron Wiggins (38129293),Oshae Brissett (38129486),Jared Butler (38129166),Chet Holmgren (38129040),Jaren Jackson Jr. (38128997),295.85,393.11,49800,100.00%,8793,270.79%,0,132.68,$10.83,OKC 2,PHI 2,user30,1,marvalshot,14888,4669104771_30
Devin Booker (38128933),Stephon Castle (38129105),Aaron Wiggins (38129293),Oshae Brissett (38129486),Evan Mobley (38128963),Jared Butler (38129166),Kenrich Williams (38129703),Nikola Vucevic (38129058),293.75999999999993,391.11999999999995,50000,100.00%,2177,201.77%,0,108.39000000000001,$8.07,OKC 2,PHI 2,user10,1,marvalshot,14917,4669104772_10
Miles McBride (38129209),Stephon Castle (38129105),Aaron Wiggins (38129293),Pascal Siakam (38129000),Rudy Gobert (38129178),Jared Butler (38129166),Jaren Jackson Jr. (38128997),AJ Johnson (38129609),295.58138020833337,384.8699990072586,49400,100.00%,8451,273.71%,0,100.18,$10.95,NYK 1,SAS 1,user17,1,marvalshot,14973,4669104773_17
Alex Caruso (38129423),Isaiah Joe (38129456),Aaron Wiggins (38129293),Evan Mobley (38128963),Karl-Anthony Towns (38128914),Jared Butler (38129166),Ricky Council IV (38129289),Isaiah Hartenstein (38129119),300.4,401.48999999999995,50000,100.00%,42556,1765.49%,32,110.89000000000001,$70.62,OKC 4,PHI 2,user18,1,marvalshot,15023,4669104774_18
Keyonte George (38129109),Stephon Castle (38129105),Ricky Council IV (38129289),Aaron Wiggins (38129293),Isaiah Hartenstein (38129119),Jordan Hawkins (38129650),Chet Holmgren (38129040),Kevin Durant (38128943),294.81,392.25,49900,100.00%,5020,231.34%,0,85.70000000000002,$9.25,OKC 3,UTA 1,user1,1,marvalshot,15055,4669104775_1
Luka Doncic (38128897),Jordan Hawkins (38129650),Ricky Council IV (38129289),Aaron Wiggins (38129293),Chet Holmgren (38129040),AJ Johnson (38129609),Josh Giddey (38128984),Cason Wallace (38129464),298.82,392.62,50000,100.00%,31679,847.82%,14,128.68,$33.91,OKC 3,LAL 1,user47,1,marvalshot,15150,4669104776_47
Ty Jerome (38129412),Anfernee Simons (38129065),Josh Giddey (38128984),Paolo Banchero (38128916),Isaiah Hartenstein (38129119),AJ Johnson (38129609),Aaron Wiggins (38129293),Ricky Council IV (38129289),295.7971875,390.47738161441794,49800,100.00%,8935,271.63%,0,125.46000000000001,$10.87,OKC 2,CLE 1,user48,1,marvalshot,15200,4669104777_48
Scoot Henderson (38129224),Donovan Mitchell (38128954),Aaron Wiggins (38129293),Ricky Council IV (38129289),Alexandre Sarr (38129121),Isaiah Joe (38129456),Josh Giddey (38128984),Jared Butler (38129166),295.82000000000005,391.12000000000006,49800,100.00%,8928,269.37%,0,116.64000000000001,$10.77,OKC 2,PHI 2,user8,1,marvalshot,14865,4669104771_8
Ty Jerome (38129412),Jared Butler (38129166),Aaron Wiggins (38129293),Jake LaRavia (38129665),Nikola Vucevic (38129058),Devin Booker (38128933),Jaren Jackson Jr. (38128997),Isaiah Hartenstein (38129119),293.65000000000003,393.41,50000,100.00%,2189,200.75%,0,127.29000000000002,$8.03,OKC 2,CLE 1,user49,1,marvalshot,14956,4669104772_49
Scoot Henderson (38129224),Isaiah Joe (38129456),Ricky Council IV (38129289),Pascal Siakam (38129000),Kenrich Williams (38129703),Scotty Pippen Jr. (38129353),Josh Giddey (38128984),Karl-Anthony Towns (38128914),295.0213802083333,388.7899990072586,49600,100.00%,7106,266.54%,1,81.62,$10.66,OKC 2,POR 1,user16,1,marvalshot,14972,4669104773_16
Cason Wallace (38129464),Devin Booker (38128933),Aaron Wiggins (38129293),Kenrich Williams (38129703),Nikola Vucevic (38129058),Luka Doncic (38128897),Ricky Council IV (38129289),AJ Johnson (38129609),299.65,393.42999999999995,50000,100.00%,37764,1623.02%,52,125.23,$64.92,OKC 3,PHX 1,user42,1,marvalshot,15047,4669104774_42
Malik Monk (38129032),Jordan Hawkins (38129650),Ricky Council IV (38129289),Kenrich Williams (38129703),Karl-Anthony Towns (38128914),Jared Butler (38129166),Aaron Wiggins (38129293),Anthony Edwards (38128924),294.82,388.4,49900,100.00%,4784,231.03%,0,113.06,$9.24,PHI 2,OKC 2,user22,1,marvalshot,15076,4669104775_22
AJ Johnson (38129609),Jordan Goodwin (38129372),Josh Giddey (38128984),Ricky Council IV (38129289),Karl-Anthony Towns (38128914),Austin Reaves (38128950),Aaron Wiggins (38129293),Oshae Brissett (38129486),298.94,391.39,49900,100.00%,32841,833.73%,13,135.58,$33.35,LAL 2,PHI 2,user8,1,marvalshot,15111,4669104776_8
AJ Johnson (38129609),Devin Booker (38128933),Ricky Council IV (38129289),Paolo Banchero (38128916),Isaiah Hartenstein (38129119),Jordan Poole (38129092),Aaron Wiggins (38129293),Oshae Brissett (38129486),295.79718749999995,392.0173816144179,49900,100.00%,8730,269.99%,0,113.35000000000001,$10.8,WAS 2,PHI 2,user17,1,marvalshot,15169,4669104777_17
Devin Booker (38128933),Desmond Bane (38128930),Aaron Wiggins (38129293),Ricky Council IV (38129289),Walker Kessler (38129056),AJ Johnson (38129609),Jaime Jaquez Jr. (38129483),Isaiah Hartenstein (38129119),295.68,388.22,50000,100.00%,8837,267.11%,0,110.27000000000001,$10.68,OKC 2,PHX 1,user13,1,marvalshot,14870,4669104771_13
Keyonte George (38129109),Jared Butler (38129166),Aaron Wiggins (38129293),Chet Holmgren (38129040),Jonas Valanciunas (38129048),Josh Giddey (38128984),Ricky Council IV (38129289),Kenrich Williams (38129703),293.86999999999995,396.22999999999996,49500,100.00%,1678,200.11%,0,111.59,$8.0,OKC 3,PHI 2,user2,1,marvalshot,14909,4669104772_2
AJ Johnson (38129609),Isaiah Joe (38129456),Aaron Wiggins (38129293),Pascal Siakam (38129000),Nikola Jokic (38128895),Scotty Pippen Jr. (38129353),Naz Reid (38129184),Ricky Council IV (38129289),295.25138020833333,392.25999900725856,49800,100.00%,7298,261.83%,0,110.61,$10.47,OKC 2,WAS 1,user37,1,marvalshot,14993,4669104773_37
Devin Booker (38128933),Isaiah Joe (38129456),Ricky Council IV (38129289),Aaron Wiggins (38129293),Isaiah Hartenstein (38129119),Cade Cunningham (38128911),Julian Champagnie (38129545),Jared Butler (38129166),300.25,396.38,49800,100.00%,41995,1603.9%,32,117.09,$64.16,OKC 3,PHI 2,user11,1,marvalshot,15016,4669104774_11
Scoot Henderson (38129224),Cason Wallace (38129464),Aaron Wiggins (38129293),Kevin Durant (38128943),Jaylin Williams (38129406),Stephon Castle (38129105),Josh Hart (38129020),Isaiah Hartenstein (38129119),294.56,387.4,49600,100.00%,4701,228.97%,0,84.93,$9.16,OKC 4,POR 1,user4,1,marvalshot,15058,4669104775_4
Cason Wallace (38129464),Donovan Mitchell (38128954),Josh Hart (38129020),Chet Holmgren (38129040),Isaiah Hartenstein (38129119),AJ Johnson (38129609),Ricky Council IV (38129289),Jared Butler (38129166),298.97,395.31,49800,100.00%,32613,829.36%,7,107.32,$33.17,OKC 3,PHI 2,user33,1,marvalshot,15136,4669104776_33
Jose Alvarado (38129350),Malik Monk (38129032),Aaron Wiggins (38129293),Paolo Banchero (38128916),Isaiah Hartenstein (38129119),Isaiah Joe (38129456),Josh Giddey (38128984),Kenrich Williams (38129703),295.57718750000004,386.3773816144179,49800,100.00%,8147,265.27%,0,90.86000000000001,$10.61,OKC 4,NOP 1,user34,1,marvalshot,15186,4669104777_34
Cason Wallace (38129464),Donovan Mitchell (38128954),Jordan Goodwin (38129372),Aaron Wiggins (38129293),Isaiah Hartenstein (38129119),Jared Butler (38129166),Jeremy Sochan (38129346),Anthony Edwards (38128924),295.56,392.33,49600,100.00%,7151,253.38%,0,118.25000000000001,$10.14,OKC 3,CLE 1,user12,1,marvalshot,14869,4669104771_12
Devin Booker (38128933),Jordan Goodwin (38129372),Ricky Council IV (38129289),Evan Mobley (38128963),Bam Adebayo (38128989),AJ Johnson (38129609),Jeremy Sochan (38129346),Aaron Wiggins (38129293),293.78999999999996,383.87,49600,100.00%,1846,199.65%,0,119.19,$7.99,PHX 1,LAL 1,user14,1,marvalshot,14921,4669104772_14
Stephon Castle (38129105),Jordan Goodwin (38129372),Aaron Wiggins (38129293),Pascal Siakam (38129000),Micah Potter (38129971),Donovan Mitchell (38128954),Kenrich Williams (38129703),Karl-Anthony Towns (38128914),295.2813802083333,389.75999900725856,49700,100.00%,7213,256.99%,0,92.99,$10.28,OKC 2,SAS 1,user49,1,marvalshot,15005,4669104773_49
Austin Reaves (38128950),Jared Butler (38129166),Aaron Wiggins (38129293),Chet Holmgren (38129040),Jonas Valanciunas (38129048),AJ Johnson (38129609),Jordan Goodwin (38129372),Isaiah Hartenstein (38129119),300.25,400.52,49700,100.00%,41995,1496.14%,17,125.69000000000001,$59.85,OKC 3,LAL 2,user2,1,marvalshot,15007,4669104774_2
Alex Caruso (38129423),Jordan Goodwin (38129372),Ricky Council IV (38129289),Aaron Wiggins (38129293),Kevin Durant (38128943),Josh Giddey (38128984),Justin Champagnie (38129236),Chet Holmgren (38129040),294.76,386.59000000000003,50000,100.00%,4331,227.02%,0,120.04000000000002,$9.08,OKC 3,LAL 1,user2,1,marvalshot,15056,4669104775_2
Donovan Mitchell (38128954),Cason Wallace (38129464),Josh Giddey (38128984),Aaron Wiggins (38129293),Kenrich Williams (38129703),Devin Booker (38128933),Jordan Goodwin (38129372),Ricky Council IV (38129289),299.36,389.19,49000,100.00%,36699,826.09%,0,133.55,$33.04,OKC 3,CLE 1,user40,1,marvalshot,15143,4669104776_40
Cason Wallace (38129464),Devin Booker (38128933),Jordan Goodwin (38129372),Paolo Banchero (38128916),Kenrich Williams (38129703),Quentin Grimes (38128967),Ricky Council IV (38129289),Aaron Wiggins (38129293),295.67718750000006,382.25738161441797,49900,100.00%,7935,261.93%,0,118.19999999999999,$10.48,OKC 3,PHI 2,user26,1,marvalshot,15178,4669104777_26
Jared Butler (38129166),Donovan Mitchell (38128954),Josh Giddey (38128984),Aaron Wiggins (38129293),Kevin Durant (38128943),Isaiah Joe (38129456),Keldon Johnson (38129319),Kenrich Williams (38129703),295.41,389.33000000000004,50000,100.00%,6887,252.85%,0,114.19,$10.11,OKC 3,PHI 1,user28,1,marvalshot,14886,4669104771_28
Josh Giddey (38128984),Jared Butler (38129166),Aaron Wiggins (38129293),Chet Holmgren (38129040),Donovan Clingan (38129182),Jalen Hood-Schifino (38129471),Deni Avdija (38129052),Ricky Council IV (38129289),293.77,391.16999999999996,49700,100.00%,1727,199.13%,0,110.11000000000001,$7.97,PHI 3,OKC 2,user33,1,marvalshot,14940,4669104772_33
Keon Ellis (38129432),Isaiah Joe (38129456),Aaron Wiggins (38129293),Pascal Siakam (38129000),Evan Mobley (38128963),Jared Butler (38129166),Ricky Council IV (38129289),Jarrett Allen (38129050),295.30138020833334,384.9399990072586,49300,100.00%,6800,251.46%,0,108.03,$10.06,OKC 2,CLE 2,user19,1,marvalshot,14975,4669104773_19
AJ Johnson (38129609),Devin Booker (38128933),Jordan Goodwin (38129372),Josh Hart (38129020),Isaiah Hartenstein (38129119),Donte DiVincenzo (38129240),Chet Holmgren (38129040),Aaron Wiggins (38129293),299.86,393.16,49900,100.00%,39109,1466.43%,30,113.23,$58.66,OKC 3,WAS 1,user17,1,marvalshot,15022,4669104774_17
Isaiah Collier (38129175),Jared Butler (38129166),Justin Champagnie (38129236),Aaron Wiggins (38129293),Isaiah Hartenstein (38129119),Luka Doncic (38128897),Kenrich Williams (38129703),Ricky Council IV (38129289),294.86,394.1,49600,100.00%,4388,226.94%,0,112.0,$9.08,OKC 3,PHI 2,user20,1,marvalshot,15074,4669104775_20
Cason Wallace (38129464),Stephon Castle (38129105),Zion Williamson (38128937),Aaron Wiggins (38129293),Isaiah Hartenstein (38129119),Jared Butler (38129166),Kenrich Williams (38129703),Kevin Durant (38128943),299.17999999999995,399.96999999999997,49900,100.00%,34934,817.2%,2,113.06,$32.69,OKC 4,SAS 1,user38,1,marvalshot,15141,4669104776_38
Keon Ellis (38129432),Jared Butler (38129166),Aaron Wiggins (38129293),Paolo Banchero (38128916),Kenrich Williams (38129703),Cason Wallace (38129464),Josh Giddey (38128984),Jaren Jackson Jr. (38128997),295.5171875,384.4573816144179,49700,100.00%,7416,259.63%,0,124.32000000000001,$10.39,OKC 3,SAC 1,user24,1,marvalshot,15176,4669104777_24
Jordan Hawkins (38129650),Jared Butler (38129166),Ricky Council IV (38129289),Jaren Jackson Jr. (38128997),Kevin Durant (38128943),Jordan Goodwin (38129372),Kenrich Williams (38129703),Karl-Anthony Towns (38128914),295.21,389.29999999999995,49800,100.00%,6483,249.09%,0,113.81,$9.96,PHI 2,NOP 1,user40,1,marvalshot,14899,4669104771_40
Jared Butler (38129166),Malik Monk (38129032),Ricky Council IV (38129289),Kevin Durant (38128943),Tristan Vukcevic (38129550),Donte DiVincenzo (38129240),Aaron Wiggins (38129293),Chet Holmgren (38129040),293.58000000000004,387.77000000000004,49900,100.00%,1824,197.04%,0,104.89,$7.88,PHI 2,OKC 2,user34,1,marvalshot,14941,4669104772_34
Scotty Pippen Jr. (38129353),Cason Wallace (38129464),Jordan Goodwin (38129372),Pascal Siakam (38129000),Jaylin Williams (38129406),Jared Butler (38129166),Deni Avdija (38129052),Karl-Anthony Towns (38128914),294.68138020833334,389.86999900725857,49900,100.00%,5803,246.38%,0,97.81,$9.86,OKC 2,MEM 1,user43,1,marvalshot,14999,4669104773_43
Tyler Herro (38129003),Keon Ellis (38129432),Josh Giddey (38128984),Aaron Wiggins (38129293),Jaylin Williams (38129406),Jordan Goodwin (38129372),Chet Holmgren (38129040),Isaiah Hartenstein (38129119),299.74,394.93,49700,100.00%,38106,1448.85%,32,112.54,$57.95,OKC 4,MIA 1,user45,1,marvalshot,15050,4669104774_45
Stephon Castle (38129105),Luke Kennard (38129368),Josh Giddey (38128984),Aaron Wiggins (38129293),Oshae Brissett (38129486),Jared Butler (38129166),Jordan Goodwin (38129372),Karl-Anthony Towns (38128914),294.81,389.84000000000003,49600,100.00%,4101,226.85%,0,125.81,$9.07,PHI 2,SAS 1,user10,1,marvalshot,15064,4669104775_10
Keon Ellis (38129432),Cason Wallace (38129464),Ricky Council IV (38129289),Evan Mobley (38128963),Chet Holmgren (38129040),Josh Giddey (38128984),Aaron Wiggins (38129293),Jared Butler (38129166),299.20000000000005,390.94000000000005,49800,100.00%,34906,803.8%,4,128.71,$32.15,OKC 3,PHI 2,user23,1,marvalshot,15126,4669104776_23
Luka Doncic (38128897),Isaiah Joe (38129456),Jordan Goodwin (38129372),Paolo Banchero (38128916),Oshae Brissett (38129486),AJ Johnson (38129609),Ricky Council IV (38129289),Jared Butler (38129166),295.42718750000006,389.937381614418,49900,100.00%,7035,256.86%,0,130.38,$10.27,PHI 3,LAL 2,user4,1,marvalshot,15156,4669104777_4
Malik Monk (38129032),Anthony Edwards (38128924),Jordan Goodwin (38129372),Aaron Wiggins (38129293),Nikola Vucevic (38129058),AJ Johnson (38129609),Kenrich Williams (38129703),Devin Booker (38128933),295.13,384.74,50000,100.00%,6259,248.67%,0,117.28,$9.95,OKC 2,SAC 1,user,1,marvalshot,12871,4669104771
Tyler Herro (38129003),Jared Butler (38129166),Jordan Goodwin (38129372),Ricky Council IV (38129289),Mitchell Robinson (38129701),Malik Monk (38129032),Jaren Jackson Jr. (38128997),Isaiah Hartenstein (38129119),293.5,387.09000000000003,49900,100.00%,1844,196.56%,0,93.24999999999999,$7.86,PHI 2,MIA 1,user42,1,marvalshot,14949,4669104772_42
Cason Wallace (38129464),Donte DiVincenzo (38129240),Aaron Wiggins (38129293),Pascal Siakam (38129000),Jonas Valanciunas (38129048),Josh Giddey (38128984),Jordan Goodwin (38129372),Donovan Clingan (38129182),294.76138020833326,386.4899990072585,49500,100.00%,5174,236.63%,0,102.77000000000001,$9.47,OKC 2,MIN 1,user41,1,marvalshot,14997,4669104773_41
Donovan Mitchell (38128954),Jared Butler (38129166),Aaron Wiggins (38129293),Jake LaRavia (38129665),Karl-Anthony Towns (38128914),AJ Johnson (38129609),Jordan Goodwin (38129372),Josh Giddey (38128984),299.98,395.5,49900,100.00%,40780,1258.4%,10,150.53,$50.34,CLE 1,PHI 1,user37,1,marvalshot,15042,4669104774_37
Josh Giddey (38128984),Jordan Goodwin (38129372),Toumani Camara (38129244),Aaron Wiggins (38129293),Jaylin Williams (38129406),Luka Doncic (38128897),Kenrich Williams (38129703),Jared Butler (38129166),294.81000000000006,390.84000000000003,50000,100.00%,4073,226.01%,0,124.73000000000002,$9.04,OKC 3,LAL 2,user9,1,marvalshot,15063,4669104775_9
Luka Doncic (38128897),Devin Booker (38128933),Ricky Council IV (38129289),Oshae Brissett (38129486),Kenrich Williams (38129703),AJ Johnson (38129609),Aaron Wiggins (38129293),Deni Avdija (38129052),298.70000000000005,394.84000000000003,50000,100.00%,30666,785.14%,1,125.71,$31.41,PHI 2,OKC 2,user16,1,marvalshot,15119,4669104776_16
Cade Cunningham (38128911),Jordan Goodwin (38129372),Deni Avdija (38129052),Paolo Banchero (38128916),Jaylin Williams (38129406),AJ Johnson (38129609),Ricky Council IV (38129289),Aaron Wiggins (38129293),295.3871875,388.2773816144179,49900,100.00%,7005,256.02%,0,116.97000000000001,$10.24,OKC 2,DET 1,user30,1,marvalshot,15182,4669104777_30
Anfernee Simons (38129065),Cason Wallace (38129464),Ryan Dunn (38129587),Aaron Wiggins (38129293),Isaiah Hartenstein (38129119),Jared Butler (38129166),Chet Holmgren (38129040),Devin Booker (38128933),295.31,389.99,49200,100.00%,6655,247.44%,0,117.27,$9.9,OKC 4,PHX 2,user14,1,marvalshot,14871,4669104771_14
Tyler Herro (38129003),Cason Wallace (38129464),Aaron Wiggins (38129293),Kenrich Williams (38129703),Nikola Jokic (38128895),Scotty Pippen Jr. (38129353),Jordan Goodwin (38129372),Stephon Castle (38129105),293.51,388.71,49900,100.00%,1750,196.16%,0,119.76999999999998,$7.85,OKC 3,MIA 1,user15,1,marvalshot,14922,4669104772_15
Jared Butler (38129166),Anthony Edwards (38128924),Jaime Jaquez Jr. (38129483),Pascal Siakam (38129000),Oshae Brissett (38129486),Isaiah Joe (38129456),Aaron Wiggins (38129293),Evan Mobley (38128963),294.47138020833336,389.60999900725864,50000,100.00%,4485,228.47%,0,109.36,$9.14,PHI 2,OKC 2,user9,1,marvalshot,14965,4669104773_9
Josh Giddey (38128984),Jared Butler (38129166),Josh Hart (38129020),Ricky Council IV (38129289),Oshae Brissett (38129486),Cason Wallace (38129464),Chet Holmgren (38129040),Isaiah Hartenstein (38129119),299.7,396.97,50000,100.00%,38252,1209.77%,14,107.63,$48.39,PHI 3,OKC 3,user10,1,marvalshot,15015,4669104774_10
Jared Butler (38129166),Cason Wallace (38129464),Jordan Goodwin (38129372),Aaron Wiggins (38129293),Isaiah Hartenstein (38129119),Ty Jerome (38129412),Zion Williamson (38128937),Kevin Durant (38128943),294.83,395.05,49300,100.00%,4006,225.44%,0,146.26,$9.02,OKC 3,PHI 1,user34,1,marvalshot,15088,4669104775_34
Cason Wallace (38129464),Isaiah Joe (38129456),Ricky Council IV (38129289),Aaron Wiggins (38129293),Jonas Valanciunas (38129048),Jared Butler (38129166),Jordan Goodwin (38129372),Nikola Jokic (38128895),299.04,398.73,49800,100.00%,33968,777.93%,4,143.13,$31.12,OKC 3,PHI 2,user49,1,marvalshot,15152,4669104776_49
Jared Butler (38129166),Isaiah Joe (38129456),Ricky Council IV (38129289),Paolo Banchero (38128916),Oshae Brissett (38129486),Anthony Edwards (38128924),Jordan Goodwin (38129372),Isaiah Hartenstein (38129119),295.4071875,391.85738161441793,49700,100.00%,6912,252.68%,0,110.22,$10.11,PHI 3,OKC 2,user6,1,marvalshot,15158,4669104777_6
Jared Butler (38129166),Miles McBride (38129209),Jordan Goodwin (38129372),Kenrich Williams (38129703),Bam Adebayo (38128989),Tyler Herro (38129003),Jaren Jackson Jr. (38128997),Aaron Wiggins (38129293),295.19999999999993,385.50999999999993,49800,100.00%,6023,246.1%,0,116.04,$9.84,OKC 2,MIA 2,user39,1,marvalshot,14897,4669104771_39
Cason Wallace (38129464),Anfernee Simons (38129065),Ricky Council IV (38129289),Aaron Wiggins (38129293),Chet Holmgren (38129040),Josh Giddey (38128984),Naz Reid (38129184),Jared Butler (38129166),293.44,387.62,49400,100.00%,1241,191.85%,0,116.47,$7.67,OKC 3,PHI 2,user41,1,marvalshot,14948,4669104772_41
AJ Johnson (38129609),Isaiah Joe (38129456),Josh Giddey (38128984),Pascal Siakam (38129000),Isaiah Hartenstein (38129119),Cason Wallace (38129464),Zion Williamson (38128937),Aaron Gordon (38129263),294.3113802083333,389.7399990072585,49700,100.00%,4461,225.18%,0,92.49,$9.01,OKC 3,WAS 1,user24,1,marvalshot,14980,4669104773_24
AJ Johnson (38129609),Isaiah Joe (38129456),Aaron Wiggins (38129293),Jake LaRavia (38129665),Isaiah Hartenstein (38129119),Jared Butler (38129166),Jaren Jackson Jr. (38128997),Luka Doncic (38128897),299.56,399.15,49500,100.00%,37151,1189.24%,12,131.01000000000002,$47.57,OKC 3,WAS 1,user29,1,marvalshot,15034,4669104774_29
Josh Giddey (38128984),Isaiah Joe (38129456),Aaron Wiggins (38129293),Ricky Council IV (38129289),Donovan Clingan (38129182),Anfernee Simons (38129065),Julius Randle (38129044),Isaiah Hartenstein (38129119),294.56000000000006,390.5400000000001,49700,100.00%,4106,223.75%,0,90.75,$8.95,OKC 3,POR 2,user45,1,marvalshot,15099,4669104775_45
Jared Butler (38129166),Malik Monk (38129032),Josh Giddey (38128984),Oshae Brissett (38129486),Jaylin Williams (38129406),AJ Johnson (38129609),Kevin Durant (38128943),Isaiah Hartenstein (38129119),298.47,394.68000000000006,50000,100.00%,28601,754.14%,4,108.7,$30.17,PHI 2,OKC 2,user36,1,marvalshot,15139,4669104776_36
Scoot Henderson (38129224),Jared Butler (38129166),Jake LaRavia (38129665),Paolo Banchero (38128916),Oshae Brissett (38129486),Cade Cunningham (38128911),Aaron Wiggins (38129293),Isaiah Hartenstein (38129119),295.2471875,393.2073816144179,50000,100.00%,6580,251.33%,0,114.35,$10.05,PHI 2,OKC 2,user9,1,marvalshot,15161,4669104777_9
Keyonte George (38129109),Isaiah Joe (38129456),Aaron Wiggins (38129293),Deni Avdija (38129052),Karl-Anthony Towns (38128914),AJ Johnson (38129609),Josh Giddey (38128984),Jordan Goodwin (38129372),295.18,389.98,49900,100.00%,6175,245.22%,0,119.57,$9.81,OKC 2,UTA 1,user22,1,marvalshot,14880,4669104771_22
Luke Kennard (38129368),Jordan Goodwin (38129372),Josh Giddey (38128984),Kenrich Williams (38129703),Evan Mobley (38128963),Isaiah Joe (38129456),Kevin Durant (38128943),Isaiah Hartenstein (38129119),293.13,384.99,49600,100.00%,1529,189.93%,0,89.52,$7.6,OKC 3,MEM 1,user1,1,marvalshot,14908,4669104772_1
Jared Butler (38129166),Cason Wallace (38129464),Josh Hart (38129020),Pascal Siakam (38129000),Jonas Valanciunas (38129048),Stephon Castle (38129105),Aaron Wiggins (38129293),Jaime Jaquez Jr. (38129483),294.34138020833336,386.9699990072586,49800,100.00%,4093,223.73%,0,100.91,$8.95,OKC 2,PHI 1,user39,1,marvalshot,14995,4669104773_39
Luka Doncic (38128897),Jared Butler (38129166),Ricky Council IV (38129289),Evan Mobley (38128963),Donovan Clingan (38129182),AJ Johnson (38129609),Aaron Wiggins (38129293),Kenrich Williams (38129703),299.6,398.45000000000005,49900,100.00%,37876,1182.0%,22,128.05,$47.28,PHI 2,OKC 2,user39,1,marvalshot,15044,4669104774_39
Cason Wallace (38129464),Jordan Goodwin (38129372),Malik Beasley (38129323),Kenrich Williams (38129703),Kevin Durant (38128943),Luka Doncic (38128897),Aaron Wiggins (38129293),Jared Butler (38129166),294.76,386.40999999999997,49800,100.00%,3782,223.6%,0,133.22,$8.94,OKC 3,LAL 2,user6,1,marvalshot,15060,4669104775_6
Scoot Henderson (38129224),Isaiah Joe (38129456),Aaron Wiggins (38129293),Ricky Council IV (38129289),Walker Kessler (38129056),Josh Giddey (38128984),Jordan Goodwin (38129372),Devin Booker (38128933),298.62,388.67,49700,100.00%,30002,726.23%,7,118.99000000000001,$29.05,OKC 2,POR 1,user19,1,marvalshot,15122,4669104776_19
Devin Booker (38128933),Cameron Payne (38129765),Jake LaRavia (38129665),Paolo Banchero (38128916),Isaiah Hartenstein (38129119),Jordan Goodwin (38129372),Aaron Wiggins (38129293),Josh Giddey (38128984),295.3571875,388.53738161441794,50000,100.00%,6445,249.81%,0,117.63,$9.99,OKC 2,PHX 1,user19,1,marvalshot,15171,4669104777_19
Tyler Herro (38129003),Jordan Goodwin (38129372),Jake LaRavia (38129665),Ricky Council IV (38129289),Jonas Valanciunas (38129048),Anthony Edwards (38128924),Aaron Wiggins (38129293),Isaiah Hartenstein (38129119),295.15000000000003,392.38000000000005,49700,100.00%,5859,242.79%,0,113.35,$9.71,SAC 2,OKC 2,user17,1,marvalshot,14875,4669104771_17
Keyonte George (38129109),Cason Wallace (38129464),Ricky Council IV (38129289),Oshae Brissett (38129486),Isaiah Hartenstein (38129119),Jared Butler (38129166),Deni Avdija (38129052),Karl-Anthony Towns (38128914),293.14,394.03999999999996,49700,100.00%,1452,189.89%,0,96.49000000000001,$7.6,PHI 3,OKC 2,user3,1,marvalshot,14910,4669104772_3
Scoot Henderson (38129224),Cason Wallace (38129464),Zion Williamson (38128937),Pascal Siakam (38129000),Donovan Clingan (38129182),Donte DiVincenzo (38129240),Aaron Wiggins (38129293),Isaiah Hartenstein (38129119),294.23138020833335,392.17999900725863,50000,100.00%,4045,220.41%,0,79.55,$8.82,OKC 3,POR 2,user34,1,marvalshot,14990,4669104773_34
Cason Wallace (38129464),Jordan Goodwin (38129372),Deni Avdija (38129052),Aaron Wiggins (38129293),Rudy Gobert (38129178),Jared Butler (38129166),Kevin Durant (38128943),Chet Holmgren (38129040),299.35999999999996,391.84999999999997,50000,100.00%,35975,1077.47%,11,123.88999999999999,$43.1,OKC 3,LAL 1,user34,1,marvalshot,15039,4669104774_34
Cade Cunningham (38128911),Jordan Goodwin (38129372),Aaron Wiggins (38129293),Josh Hart (38129020),Kenrich Williams (38129703),Anthony Edwards (38128924),Jake LaRavia (38129665),Isaiah Hartenstein (38129119),294.51,389.36,50000,100.00%,4044,222.77%,0,108.67,$8.91,OKC 3,DET 1,user17,1,marvalshot,15071,4669104775_17
Devin Booker (38128933),Isaiah Joe (38129456),Josh Giddey (38128984),Aaron Wiggins (38129293),Isaiah Hartenstein (38129119),Jordan Goodwin (38129372),Evan Mobley (38128963),Cameron Payne (38129765),298.81,394.95,50000,100.00%,31735,720.46%,2,112.03999999999999,$28.82,OKC 3,PHX 1,user4,1,marvalshot,15107,4669104776_4
Scoot Henderson (38129224),Jordan Goodwin (38129372),Aaron Wiggins (38129293),Paolo Banchero (38128916),Karl-Anthony Towns (38128914),Jared Butler (38129166),Justin Champagnie (38129236),AJ Johnson (38129609),295.40718749999996,388.1673816144179,49800,100.00%,6344,247.91%,0,133.85999999999999,$9.92,WAS 2,POR 1,user10,1,marvalshot,15162,4669104777_10
AJ Johnson (38129609),Jared Butler (38129166),Jaylen Martin (38129659),Aaron Wiggins (38129293),Jaylin Williams (38129406),Luka Doncic (38128897),Bam Adebayo (38128989),Isaiah Hartenstein (38129119),294.94,398.24,50000,100.00%,5373,236.38%,0,108.77,$9.46,OKC 3,WAS 2,user37,1,marvalshot,14895,4669104771_37
Cameron Payne (38129765),Jordan Goodwin (38129372),Aaron Wiggins (38129293),Kenrich Williams (38129703),Nikola Jokic (38128895),AJ Johnson (38129609),Chet Holmgren (38129040),Cade Cunningham (38128911),293.24,395.18,50000,100.00%,1186,189.22%,0,128.3,$7.57,OKC 3,NYK 1,user26,1,marvalshot,14933,4669104772_26
Jared Butler (38129166),Isaiah Joe (38129456),Aaron Wiggins (38129293),Pascal Siakam (38129000),Donovan Clingan (38129182),Donovan Mitchell (38128954),Julius Randle (38129044),Oshae Brissett (38129486),294.2013802083333,390.9699990072586,50000,100.00%,3751,219.88%,0,99.94,$8.8,PHI 2,OKC 2,user36,1,marvalshot,14992,4669104773_36
Jose Alvarado (38129350),Donovan Mitchell (38128954),Aaron Wiggins (38129293),Kevin Durant (38128943),Rudy Gobert (38129178),Jordan Goodwin (38129372),Ricky Council IV (38129289),Isaiah Hartenstein (38129119),299.44,393.48,50000,100.00%,36158,1071.4%,3,103.42,$42.86,OKC 2,NOP 1,user25,1,marvalshot,15030,4669104774_25
Cade Cunningham (38128911),Cason Wallace (38129464),Josh Giddey (38128984),Aaron Wiggins (38129293),Kenrich Williams (38129703),Jared Butler (38129166),Aaron Gordon (38129263),Deni Avdija (38129052),294.58,387.82,49500,100.00%,3951,222.67%,0,121.83,$8.91,OKC 3,DET 1,user24,1,marvalshot,15078,4669104775_24
Scotty Pippen Jr. (38129353),Stephon Castle (38129105),Josh Giddey (38128984),Chet Holmgren (38129040),Kenrich Williams (38129703),Malik Monk (38129032),Aaron Wiggins (38129293),Isaiah Hartenstein (38129119),298.63,396.3,50000,100.00%,29828,706.31%,2,86.82,$28.25,OKC 4,MEM 1,user39,1,marvalshot,15142,4669104776_39
Scotty Pippen Jr. (38129353),Jared Butler (38129166),Zion Williamson (38128937),Paolo Banchero (38128916),Isaiah Hartenstein (38129119),AJ Johnson (38129609),Jordan Goodwin (38129372),Aaron Wiggins (38129293),295.5171875,396.18738161441786,49400,100.00%,6403,247.22%,0,129.61,$9.89,OKC 2,MEM 1,user15,1,marvalshot,15167,4669104777_15
Scotty Pippen Jr. (38129353),Jordan Goodwin (38129372),OG Anunoby (38129069),Aaron Wiggins (38129293),Isaiah Hartenstein (38129119),Isaiah Joe (38129456),Josh Giddey (38128984),Donovan Mitchell (38128954),294.94,388.47,49700,100.00%,4844,232.75%,0,101.88000000000001,$9.31,OKC 3,MEM 1,user9,1,marvalshot,14866,4669104771_9
Devin Booker (38128933),Anthony Edwards (38128924),Zion Williamson (38128937),Aaron Wiggins (38129293),Kenrich Williams (38129703),AJ Johnson (38129609),Jordan Goodwin (38129372),Ricky Council IV (38129289),293.28,389.13,49400,100.00%,921,188.0%,0,131.56,$7.52,OKC 2,PHX 1,user38,1,marvalshot,14945,4669104772_38
Scotty Pippen Jr. (38129353),Cason Wallace (38129464),Deni Avdija (38129052),Pascal Siakam (38129000),Kenrich Williams (38129703),Malik Monk (38129032),Aaron Wiggins (38129293),Donovan Mitchell (38128954),294.0213802083333,383.05999900725857,49700,100.00%,3544,214.78%,0,85.92,$8.59,OKC 3,MEM 1,user3,1,marvalshot,14959,4669104773_3
Jared Butler (38129166),Isaiah Joe (38129456),Jordan Goodwin (38129372),Kenrich Williams (38129703),Chet Holmgren (38129040),Donovan Mitchell (38128954),Aaron Wiggins (38129293),Karl-Anthony Towns (38128914),299.62,399.42,49700,100.00%,38264,1052.32%,2,124.69,$42.09,OKC 4,PHI 1,user21,1,marvalshot,15027,4669104774_21
Keon Ellis (38129432),Anthony Edwards (38128924),Josh Giddey (38128984),Aaron Wiggins (38129293),Oshae Brissett (38129486),Jordan Goodwin (38129372),Ricky Council IV (38129289),Bam Adebayo (38128989),294.5,384.7,49900,100.00%,3541,221.32%,0,125.19,$8.85,PHI 2,SAC 1,user46,1,marvalshot,15100,4669104775_46
Cason Wallace (38129464),Donovan Mitchell (38128954),Ricky Council IV (38129289),Deni Avdija (38129052),Isaiah Hartenstein (38129119),Keon Ellis (38129432),Jaren Jackson Jr. (38128997),Aaron Wiggins (38129293),298.32000000000005,391.70000000000005,50000,100.00%,27582,647.08%,1,99.93,$25.88,OKC 3,CLE 1,user27,1,marvalshot,15130,4669104776_27
Jordan Hawkins (38129650),Jordan Goodwin (38129372),Aaron Wiggins (38129293),Paolo Banchero (38128916),Chet Holmgren (38129040),Jared Butler (38129166),Kenrich Williams (38129703),Karl-Anthony Towns (38128914),295.3671875,391.2173816144179,49600,100.00%,6302,247.15%,0,123.02,$9.89,OKC 3,NOP 1,user36,1,marvalshot,15188,4669104777_36
AJ Johnson (38129609),Jordan Goodwin (38129372),Ricky Council IV (38129289),Kevin Durant (38128943),Rudy Gobert (38129178),Isaiah Joe (38129456),Jaren Jackson Jr. (38128997),Josh Giddey (38128984),294.69,383.58,49500,100.00%,4848,232.15%,0,110.88999999999999,$9.29,WAS 1,LAL 1,user42,1,marvalshot,14900,4669104771_42
Scoot Henderson (38129224),Jared Butler (38129166),Ricky Council IV (38129289),Jaren Jackson Jr. (38128997),Oshae Brissett (38129486),Devin Booker (38128933),Kenrich Williams (38129703),Bam Adebayo (38128989),292.91,388.58000000000004,50000,100.00%,1258,185.92%,0,100.71000000000001,$7.44,PHI 3,POR 1,user45,1,marvalshot,14952,4669104772_45
Scotty Pippen Jr. (38129353),Donte DiVincenzo (38129240),Aaron Wiggins (38129293),Pascal Siakam (38129000),Jaylin Williams (38129406),Josh Giddey (38128984),Kenrich Williams (38129703),Karl-Anthony Towns (38128914),294.00138020833333,390.5199990072586,49800,100.00%,3319,213.65%,0,86.52,$8.55,OKC 3,MEM 1,user27,1,marvalshot,14983,4669104773_27
Stephon Castle (38129105),Jared Butler (38129166),Aaron Wiggins (38129293),Chet Holmgren (38129040),Nikola Vucevic (38129058),Cason Wallace (38129464),Jordan Goodwin (38129372),Josh Giddey (38128984),299.62,394.86,49900,100.00%,38452,1043.39%,9,126.21,$41.74,OKC 3,CHI 2,user46,1,marvalshot,15051,4669104774_46
Devin Booker (38128933),Malik Monk (38129032),Jordan Goodwin (38129372),Kevin Durant (38128943),Kenrich Williams (38129703),Scotty Pippen Jr. (38129353),Aaron Wiggins (38129293),Donovan Clingan (38129182),294.4,382.7,49700,100.00%,3716,219.82%,0,106.47,$8.79,PHX 2,OKC 2,user19,1,marvalshot,15073,4669104775_19
Devin Booker (38128933),Jared Butler (38129166),Aaron Wiggins (38129293),Ricky Council IV (38129289),Donovan Clingan (38129182),Tyler Herro (38129003),Kenrich Williams (38129703),Nikola Vucevic (38129058),298.23999999999995,392.55999999999995,49800,100.00%,26899,637.23%,3,116.01000000000002,$25.49,PHI 2,OKC 2,user32,1,marvalshot,15135,4669104776_32
Devin Booker (38128933),Isaiah Joe (38129456),Aaron Wiggins (38129293),Paolo Banchero (38128916),Chet Holmgren (38129040),Jared Butler (38129166),Kenrich Williams (38129703),Scotty Pippen Jr. (38129353),295.2571875,390.2973816144179,49900,100.00%,6265,246.3%,0,110.92999999999999,$9.85,OKC 4,PHX 1,user14,1,marvalshot,15166,4669104777_14
Jared Butler (38129166),Jordan Goodwin (38129372),Jake LaRavia (38129665),Evan Mobley (38128963),Kevin Durant (38128943),Isaiah Joe (38129456),Aaron Wiggins (38129293),Bam Adebayo (38128989),294.85,385.70000000000005,49700,100.00%,4483,230.54%,0,128.88,$9.22,OKC 2,PHI 1,user38,1,marvalshot,14896,4669104771_38
Stephon Castle (38129105),Jared Butler (38129166),Ricky Council IV (38129289),Aaron Wiggins (38129293),Jalen Duren (38129085),Josh Giddey (38128984),Chet Holmgren (38129040),Oshae Brissett (38129486),293.14,393.21000000000004,49800,100.00%,706,184.91%,0,113.9,$7.4,PHI 3,OKC 2,user6,1,marvalshot,14913,4669104772_6
Jared Butler (38129166),Stephon Castle (38129105),Jordan Goodwin (38129372),Pascal Siakam (38129000),Isaiah Hartenstein (38129119),Jordan Poole (38129092),Oshae Brissett (38129486),Nikola Vucevic (38129058),294.0513802083333,394.01999900725855,50000,100.00%,3370,213.28%,0,88.16,$8.53,PHI 2,SAS 1,user46,1,marvalshot,15002,4669104773_46
AJ Johnson (38129609),Jordan Goodwin (38129372),Josh Giddey (38128984),Deni Avdija (38129052),Isaiah Hartenstein (38129119),Jared Butler (38129166),Aaron Gordon (38129263),Tyler Herro (38129003),299.16999999999996,393.42999999999995,49900,100.00%,34263,1016.54%,14,120.63,$40.66,WAS 1,LAL 1,user16,1,marvalshot,15021,4669104774_16
Jared Butler (38129166),Isaiah Joe (38129456),Aaron Wiggins (38129293),Ricky Council IV (38129289),Oshae Brissett (38129486),Donovan Mitchell (38128954),Kevin Durant (38128943),Jarrett Allen (38129050),294.54,390.04,49900,100.00%,3693,219.51%,0,116.64,$8.78,PHI 3,OKC 2,user40,1,marvalshot,15094,4669104775_40
Luka Doncic (38128897),Donovan Mitchell (38128954),Aaron Wiggins (38129293),Kenrich Williams (38129703),Isaiah Hartenstein (38129119),Isaiah Joe (38129456),Jake LaRavia (38129665),Jared Butler (38129166),298.53,399.81999999999994,49700,100.00%,29522,621.91%,0,119.46,$24.88,OKC 4,LAL 1,user22,1,marvalshot,15125,4669104776_22
Cason Wallace (38129464),Julian Champagnie (38129545),Aaron Wiggins (38129293),Paolo Banchero (38128916),Chet Holmgren (38129040),Tyler Herro (38129003),Jordan Goodwin (38129372),Isaiah Hartenstein (38129119),295.2371875,387.0273816144179,49900,100.00%,6264,245.81%,0,105.17,$9.83,OKC 4,SAS 1,user27,1,marvalshot,15179,4669104777_27
Stephon Castle (38129105),Jared Butler (38129166),Deni Avdija (38129052),Aaron Wiggins (38129293),Kevin Durant (38128943),Cason Wallace (38129464),Jake LaRavia (38129665),Tyler Herro (38129003),294.53,383.21999999999997,50000,100.00%,4315,226.66%,0,119.13,$9.07,OKC 2,SAS 1,user3,1,marvalshot,14860,4669104771_3
Tyler Herro (38129003),Keon Ellis (38129432),Jaime Jaquez Jr. (38129483),Aaron Wiggins (38129293),Evan Mobley (38128963),Cason Wallace (38129464),Ricky Council IV (38129289),Karl-Anthony Towns (38128914),292.71,381.47999999999996,50000,100.00%,1120,182.83%,0,110.62,$7.31,MIA 2,OKC 2,user46,1,marvalshot,14953,4669104772_46
Donte DiVincenzo (38129240),Jared Butler (38129166),Aaron Wiggins (38129293),Pascal Siakam (38129000),Karl-Anthony Towns (38128914),Jordan Goodwin (38129372),Kenrich Williams (38129703),Jalen Duren (38129085),294.2313802083333,390.49999900725857,49400,100.00%,2939,213.19%,0,110.62,$8.53,OKC 2,MIN 1,user30,1,marvalshot,14986,4669104773_30
Stephon Castle (38129105),Jared Butler (38129166),Aaron Wiggins (38129293),Ricky Council IV (38129289),Bam Adebayo (38128989),Cason Wallace (38129464),Josh Giddey (38128984),Rudy Gobert (38129178),299.38,391.66999999999996,50000,100.00%,36155,993.12%,10,116.92000000000002,$39.72,PHI 2,OKC 2,user28,1,marvalshot,15033,4669104774_28
Miles McBride (38129209),Jared Butler (38129166),Ricky Council IV (38129289),Zion Williamson (38128937),Karl-Anthony Towns (38128914),Isaiah Joe (38129456),Aaron Wiggins (38129293),Jordan Goodwin (38129372),294.63,391.34000000000003,49900,100.00%,3218,218.43%,0,122.80000000000001,$8.74,NYK 2,PHI 2,user32,1,marvalshot,15086,4669104775_32
Jared Butler (38129166),Anthony Edwards (38128924),Jaime Jaquez Jr. (38129483),Ricky Council IV (38129289),Isaiah Hartenstein (38129119),Cason Wallace (38129464),Jordan Goodwin (38129372),Karl-Anthony Towns (38128914),298.22999999999996,395.98999999999995,49900,100.00%,26871,604.28%,3,117.19,$24.17,PHI 2,OKC 2,user25,1,marvalshot,15128,4669104776_25
AJ Johnson (38129609),Jared Butler (38129166),Josh Hart (38129020),Paolo Banchero (38128916),Kevin Durant (38128943),Isaiah Joe (38129456),Aaron Wiggins (38129293),Oshae Brissett (38129486),295.03718749999996,384.46738161441783,49800,100.00%,5600,244.12%,0,125.67,$9.76,PHI 2,OKC 2,user37,1,marvalshot,15189,4669104777_37
AJ Johnson (38129609),Donovan Mitchell (38128954),Aaron Wiggins (38129293),Kelly Olynyk (38129270),Donovan Clingan (38129182),Jared Butler (38129166),Kevin Durant (38128943),Isaiah Hartenstein (38129119),294.64000000000004,392.7900000000001,50000,100.00%,4102,223.83%,0,114.61000000000001,$8.95,OKC 2,WAS 1,user24,1,marvalshot,14882,4669104771_24
Cason Wallace (38129464),Jordan Goodwin (38129372),Josh Giddey (38128984),Ricky Council IV (38129289),Alexandre Sarr (38129121),Devin Booker (38128933),Chet Holmgren (38129040),Oshae Brissett (38129486),292.66999999999996,384.8299999999999,49900,100.00%,874,180.78%,0,112.6,$7.23,OKC 2,PHI 2,user17,1,marvalshot,14923,4669104772_17
AJ Johnson (38129609),Devin Booker (38128933),Aaron Wiggins (38129293),Pascal Siakam (38129000),Kelly Olynyk (38129270),Jordan Goodwin (38129372),Oshae Brissett (38129486),Cade Cunningham (38128911),294.10138020833335,385.35999900725864,50000,100.00%,3116,212.17%,0,123.27000000000001,$8.49,WAS 1,PHX 1,user1,1,marvalshot,14957,4669104773_1
Jared Butler (38129166),Stephon Castle (38129105),Aaron Wiggins (38129293),Bam Adebayo (38128989),Rudy Gobert (38129178),AJ Johnson (38129609),Ricky Council IV (38129289),Kevin Durant (38128943),299.29999999999995,391.42999999999995,49800,100.00%,35698,948.08%,1,120.08,$37.92,PHI 2,SAS 1,user24,1,marvalshot,15029,4669104774_24
Scoot Henderson (38129224),Jordan Goodwin (38129372),Aaron Wiggins (38129293),Ricky Council IV (38129289),Karl-Anthony Towns (38128914),Jared Butler (38129166),Oshae Brissett (38129486),Zion Williamson (38128937),294.64000000000004,396.67,49600,100.00%,3239,218.36%,0,131.88,$8.73,PHI 3,POR 1,user43,1,marvalshot,15097,4669104775_43
Jared Butler (38129166),Stephon Castle (38129105),Zion Williamson (38128937),Kenrich Williams (38129703),Isaiah Hartenstein (38129119),AJ Johnson (38129609),Aaron Wiggins (38129293),Cade Cunningham (38128911),298.58,403.28,49900,100.00%,29779,602.37%,0,117.75999999999999,$24.09,OKC 3,PHI 1,user9,1,marvalshot,15112,4669104776_9
Scoot Henderson (38129224),Stephon Castle (38129105),Aaron Wiggins (38129293),Paolo Banchero (38128916),Isaiah Hartenstein (38129119),Anfernee Simons (38129065),Kenrich Williams (38129703),Jared Butler (38129166),295.19718750000004,391.19738161441796,49500,100.00%,5785,241.32%,0,94.75999999999999,$9.65,OKC 3,POR 2,user1,1,marvalshot,15153,4669104777_1
Josh Giddey (38128984),Jordan Goodwin (38129372),Aaron Wiggins (38129293),Zion Williamson (38128937),Isaiah Hartenstein (38129119),Cason Wallace (38129464),Chet Holmgren (38129040),Tristan Vukcevic (38129550),294.73999999999995,398.4,49600,100.00%,3877,223.3%,0,114.53,$8.93,OKC 4,CHI 1,user29,1,marvalshot,14887,4669104771_29
Jared Butler (38129166),Quentin Grimes (38128967),Aaron Wiggins (38129293),Evan Mobley (38128963),Alexandre Sarr (38129121),AJ Johnson (38129609),Kenrich Williams (38129703),Josh Giddey (38128984),292.77,387.34999999999997,50000,100.00%,701,179.78%,0,120.98000000000002,$7.19,PHI 2,OKC 2,user30,1,marvalshot,14937,4669104772_30
Scotty Pippen Jr. (38129353),Jared Butler (38129166),Ricky Council IV (38129289),Pascal Siakam (38129000),Karl-Anthony Towns (38128914),Colby Jones (38129745),Aaron Wiggins (38129293),Chet Holmgren (38129040),294.1913802083333,391.9499990072586,50000,100.00%,3005,211.55%,0,98.97,$8.46,PHI 2,OKC 2,user13,1,marvalshot,14969,4669104773_13
Jared Butler (38129166),Jordan Goodwin (38129372),Aaron Wiggins (38129293),Jaren Jackson Jr. (38128997),Isaiah Hartenstein (38129119),Scotty Pippen Jr. (38129353),Josh Hart (38129020),Stephon Castle (38129105),299.27,396.71,50000,100.00%,35348,938.83%,10,107.89,$37.55,OKC 2,MEM 2,user44,1,marvalshot,15049,4669104774_44
Stephon Castle (38129105),Isaiah Joe (38129456),Aaron Wiggins (38129293),Ricky Council IV (38129289),Jonas Valanciunas (38129048),Cason Wallace (38129464),Evan Mobley (38128963),Josh Giddey (38128984),294.34000000000003,388.93,50000,100.00%,3554,216.69%,0,100.00999999999999,$8.67,OKC 3,SAS 1,user36,1,marvalshot,15090,4669104775_36
AJ Johnson (38129609),Isaiah Joe (38129456),Josh Giddey (38128984),Ricky Council IV (38129289),Karl-Anthony Towns (38128914),Keon Ellis (38129432),Aaron Wiggins (38129293),Donovan Mitchell (38128954),298.15,389.67999999999995,49800,100.00%,26419,596.12%,5,123.64,$23.84,OKC 2,WAS 1,user3,1,marvalshot,15106,4669104776_3
AJ Johnson (38129609),Cason Wallace (38129464),Aaron Wiggins (38129293),Paolo Banchero (38128916),Kevin Durant (38128943),Donte DiVincenzo (38129240),Chet Holmgren (38129040),Ricky Council IV (38129289),295.0371875,383.3773816144179,49800,100.00%,5731,239.81%,0,111.91,$9.59,OKC 3,WAS 1,user49,1,marvalshot,15201,4669104777_49
AJ Johnson (38129609),Jared Butler (38129166),Aaron Wiggins (38129293),Oshae Brissett (38129486),Kevin Durant (38128943),Cade Cunningham (38128911),Bam Adebayo (38128989),Tristan Vukcevic (38129550),294.47,392.37,50000,100.00%,3831,221.56%,0,127.82,$8.86,WAS 2,PHI 2,user4,1,marvalshot,14861,4669104771_4
Cade Cunningham (38128911),Keon Ellis (38129432),Ricky Council IV (38129289),Aaron Wiggins (38129293),Evan Mobley (38128963),Scotty Pippen Jr. (38129353),Kenrich Williams (38129703),Josh Giddey (38128984),292.61,384.81,49800,100.00%,801,178.82%,0,106.47,$7.15,OKC 2,DET 1,user35,1,marvalshot,14942,4669104772_35
AJ Johnson (38129609),Cason Wallace (38129464),Ryan Dunn (38129587),Pascal Siakam (38129000),Nikola Jokic (38128895),Josh Giddey (38128984),Jordan Goodwin (38129372),Oshae Brissett (38129486),293.8013802083333,386.4699990072586,49900,100.00%,3091,209.8%,0,129.51,$8.39,WAS 1,OKC 1,user32,1,marvalshot,14988,4669104773_32
AJ Johnson (38129609),Jared Butler (38129166),Zion Williamson (38128937),Ricky Council IV (38129289),Isaiah Hartenstein (38129119),Devin Booker (38128933),Aaron Gordon (38129263),Aaron Wiggins (38129293),299.65999999999997,400.16999999999996,49700,100.00%,38964,935.79%,7,129.72,$37.43,PHI 2,OKC 2,user49,1,marvalshot,15054,4669104774_49
Donovan Mitchell (38128954),Jared Butler (38129166),Ricky Council IV (38129289),Aaron Wiggins (38129293),Isaiah Hartenstein (38129119),Tyler Herro (38129003),Naz Reid (38129184),Nick Richards (38129477),294.43,396.07,49800,100.00%,3497,216.68%,0,101.07,$8.67,PHI 2,OKC 2,user15,1,marvalshot,15069,4669104775_15
Tyler Herro (38129003),Jared Butler (38129166),Jaime Jaquez Jr. (38129483),Ricky Council IV (38129289),Kevin Durant (38128943),Isaiah Joe (38129456),Aaron Wiggins (38129293),Chet Holmgren (38129040),298.23,391.22,49600,100.00%,26856,588.86%,3,122.76,$23.55,OKC 3,MIA 2,user31,1,marvalshot,15134,4669104776_31
Stephon Castle (38129105),Jordan Goodwin (38129372),Aaron Wiggins (38129293),Paolo Banchero (38128916),Chet Holmgren (38129040),AJ Johnson (38129609),Josh Giddey (38128984),Jaime Jaquez Jr. (38129483),294.94718750000004,386.85738161441793,49800,100.00%,4772,231.9%,0,120.97999999999999,$9.28,OKC 2,SAS 1,user3,1,marvalshot,15155,4669104777_3
Josh Giddey (38128984),Isaiah Joe (38129456),Ricky Council IV (38129289),Bam Adebayo (38128989),Kevin Durant (38128943),Jordan Goodwin (38129372),Jaylen Martin (38129659),Isaiah Hartenstein (38129119),294.43,387.92,50000,100.00%,3931,221.29%,0,90.31,$8.85,OKC 2,CHI 1,user44,1,marvalshot,14902,4669104771_44
Jared Butler (38129166),Jordan Goodwin (38129372),Jaime Jaquez Jr. (38129483),Aaron Wiggins (38129293),Jaylin Williams (38129406),Anthony Edwards (38128924),Josh Giddey (38128984),Deni Avdija (38129052),292.62,388.63,49700,100.00%,608,178.01%,0,125.29000000000002,$7.12,OKC 2,PHI 1,user27,1,marvalshot,14934,4669104772_27
Collin Gillespie (38129753),Jared Butler (38129166),DeMar DeRozan (38129006),Pascal Siakam (38129000),Karl-Anthony Towns (38128914),Jordan Goodwin (38129372),Aaron Wiggins (38129293),Cason Wallace (38129464),293.96138020833337,384.02999900725865,49600,100.00%,2545,206.45%,0,135.55,$8.26,OKC 2,PHX 1,user18,1,marvalshot,14974,4669104773_18
Jared Butler (38129166),Donte DiVincenzo (38129240),Jake LaRavia (38129665),Ricky Council IV (38129289),Isaiah Hartenstein (38129119),Cade Cunningham (38128911),Josh Giddey (38128984),Aaron Wiggins (38129293),299.46000000000004,396.43000000000006,49700,100.00%,37031,904.08%,3,122.85000000000001,$36.16,PHI 2,OKC 2,user15,1,marvalshot,15020,4669104774_15
Josh Giddey (38128984),Stephon Castle (38129105),Jordan Goodwin (38129372),Ricky Council IV (38129289),Tristan Vukcevic (38129550),Donovan Mitchell (38128954),Deni Avdija (38129052),Aaron Wiggins (38129293),294.40999999999997,390.53999999999996,50000,100.00%,3219,215.34%,0,108.02,$8.61,CHI 1,SAS 1,user14,1,marvalshot,15068,4669104775_14
Josh Giddey (38128984),Isaiah Joe (38129456),Aaron Wiggins (38129293),Chet Holmgren (38129040),Isaiah Hartenstein (38129119),Scotty Pippen Jr. (38129353),Kevin Durant (38128943),Jaime Jaquez Jr. (38129483),298.15999999999997,395.72999999999996,49900,100.00%,26253,578.74%,1,100.94,$23.15,OKC 4,CHI 1,user34,1,marvalshot,15137,4669104776_34
Jared Butler (38129166),Keon Ellis (38129432),Ricky Council IV (38129289),Paolo Banchero (38128916),Nikola Vucevic (38129058),AJ Johnson (38129609),Aaron Wiggins (38129293),Donovan Mitchell (38128954),294.89718750000003,385.84738161441794,49900,100.00%,4743,230.79%,0,123.19999999999999,$9.23,PHI 2,SAC 1,user38,1,marvalshot,15190,4669104777_38
AJ Johnson (38129609),Keon Ellis (38129432),Jaime Jaquez Jr. (38129483),Kevin Durant (38128943),Isaiah Hartenstein (38129119),Josh Giddey (38128984),Bam Adebayo (38128989),Jordan Goodwin (38129372),294.28,383.13,49300,100.00%,3745,218.23%,0,114.52,$8.73,MIA 2,WAS 1,user45,1,marvalshot,14903,4669104771_45
Jared Butler (38129166),Stephon Castle (38129105),Jordan Goodwin (38129372),Kenrich Williams (38129703),Nikola Jokic (38128895),Tyus Jones (38129436),Josh Giddey (38128984),AJ Johnson (38129609),292.58000000000004,389.54,49800,100.00%,634,177.48%,0,130.15,$7.1,PHI 1,SAS 1,user43,1,marvalshot,14951,4669104772_43
Anfernee Simons (38129065),Cason Wallace (38129464),Aaron Wiggins (38129293),Pascal Siakam (38129000),Kenrich Williams (38129703),Ty Jerome (38129412),Jordan Goodwin (38129372),Luka Doncic (38128897),293.80138020833334,386.3399990072586,49600,100.00%,2417,205.23%,0,125.55999999999999,$8.21,OKC 3,LAL 2,user,1,marvalshot,1339,4669104773
Cason Wallace (38129464),Stephon Castle (38129105),Deni Avdija (38129052),Ricky Council IV (38129289),Chet Holmgren (38129040),Jordan Goodwin (38129372),Kevin Durant (38128943),Aaron Wiggins (38129293),299.02,389.9,49800,100.00%,33532,900.34%,11,113.03,$36.01,OKC 3,SAS 1,user23,1,marvalshot,15028,4669104774_23
Jordan Poole (38129092),Jared Butler (38129166),Josh Giddey (38128984),Kenrich Williams (38129703),Donovan Clingan (38129182),Cade Cunningham (38128911),Jordan Goodwin (38129372),Aaron Wiggins (38129293),294.4,392.31,50000,100.00%,2933,214.1%,0,124.68,$8.56,OKC 2,WAS 1,user18,1,marvalshot,15072,4669104775_18
AJ Johnson (38129609),Stephon Castle (38129105),Jordan Goodwin (38129372),Kenrich Williams (38129703),Evan Mobley (38128963),Devin Booker (38128933),Josh Giddey (38128984),Aaron Wiggins (38129293),298.37,389.67,49500,100.00%,27960,573.92%,2,127.67999999999999,$22.96,OKC 2,WAS 1,user15,1,marvalshot,15118,4669104776_15
AJ Johnson (38129609),Cason Wallace (38129464),Jordan Goodwin (38129372),Paolo Banchero (38128916),Isaiah Hartenstein (38129119),Stephon Castle (38129105),Zion Williamson (38128937),Aaron Wiggins (38129293),294.8571875,391.1773816144179,49500,100.00%,4180,226.62%,0,116.38,$9.06,OKC 3,WAS 1,user20,1,marvalshot,15172,4669104777_20
Luke Kennard (38129368),Jared Butler (38129166),Zion Williamson (38128937),Aaron Wiggins (38129293),Kevin Durant (38128943),Scotty Pippen Jr. (38129353),Jordan Goodwin (38129372),Isaiah Hartenstein (38129119),294.57,394.13,50000,100.00%,3257,218.14%,0,114.35000000000001,$8.73,MEM 2,OKC 2,user36,1,marvalshot,14894,4669104771_36
Josh Giddey (38128984),Jared Butler (38129166),Ricky Council IV (38129289),Ryan Dunn (38129587),Karl-Anthony Towns (38128914),Devin Booker (38128933),Oshae Brissett (38129486),Kenrich Williams (38129703),292.52,388.37,49600,100.00%,674,177.48%,0,120.08000000000001,$7.1,PHI 3,PHX 2,user23,1,marvalshot,14930,4669104772_23
Cason Wallace (38129464),Jordan Goodwin (38129372),Jaime Jaquez Jr. (38129483),Pascal Siakam (38129000),Isaiah Hartenstein (38129119),Scotty Pippen Jr. (38129353),Oshae Brissett (38129486),Nikola Jokic (38128895),293.54138020833335,392.11999900725857,49600,100.00%,2716,204.56%,0,103.75,$8.18,OKC 2,LAL 1,user23,1,marvalshot,14979,4669104773_23
Cade Cunningham (38128911),Jared Butler (38129166),Ricky Council IV (38129289),Oshae Brissett (38129486),Kenrich Williams (38129703),Devin Booker (38128933),Aaron Wiggins (38129293),Deni Avdija (38129052),299.07000000000005,395.62000000000006,49900,100.00%,34152,866.57%,6,125.85,$34.66,PHI 3,OKC 2,user33,1,marvalshot,15038,4669104774_33
Jared Butler (38129166),Devin Booker (38128933),Ricky Council IV (38129289),Jaren Jackson Jr. (38128997),Micah Potter (38129971),Anthony Edwards (38128924),Aaron Wiggins (38129293),AJ Johnson (38129609),294.29999999999995,387.73999999999995,49700,100.00%,2944,212.98%,0,125.04,$8.52,PHI 2,PHX 1,user23,1,marvalshot,15077,4669104775_23
Malik Monk (38129032),Cason Wallace (38129464),Ricky Council IV (38129289),Kenrich Williams (38129703),Isaiah Hartenstein (38129119),Josh Giddey (38128984),Zion Williamson (38128937),Aaron Wiggins (38129293),298.42999999999995,395.3299999999999,49600,100.00%,28622,556.62%,0,107.62,$22.26,OKC 4,SAC 1,user18,1,marvalshot,15121,4669104776_18
AJ Johnson (38129609),Cason Wallace (38129464),Jordan Goodwin (38129372),Paolo Banchero (38128916),Chet Holmgren (38129040),Jared Butler (38129166),Ricky Council IV (38129289),Jaren Jackson Jr. (38128997),294.7371875,386.3273816144179,49300,100.00%,4311,226.16%,0,124.14,$9.05,OKC 2,PHI 2,user11,1,marvalshot,15163,4669104777_11
Jared Butler (38129166),Isaiah Joe (38129456),Zion Williamson (38128937),Kevin Durant (38128943),Alexandre Sarr (38129121),AJ Johnson (38129609),Ricky Council IV (38129289),Isaiah Hartenstein (38129119),294.38,394.90999999999997,50000,100.00%,3591,217.61%,0,107.22,$8.7,PHI 2,OKC 2,user25,1,marvalshot,14883,4669104771_25
AJ Johnson (38129609),Isaiah Joe (38129456),Jordan Goodwin (38129372),Ricky Council IV (38129289),Bam Adebayo (38128989),Scoot Henderson (38129224),Jaren Jackson Jr. (38128997),Cade Cunningham (38128911),292.36,384.32,49900,100.00%,945,177.33%,0,100.86999999999999,$7.09,WAS 1,OKC 1,user,1,marvalshot,12872,4669104772
AJ Johnson (38129609),Anthony Edwards (38128924),Aaron Wiggins (38129293),Pascal Siakam (38129000),Kyle Filipowski (38129156),Devin Booker (38128933),Kenrich Williams (38129703),Ricky Council IV (38129289),293.8313802083333,384.94999900725855,50000,100.00%,2372,203.95%,0,106.56,$8.16,OKC 2,WAS 1,user15,1,marvalshot,14971,4669104773_15
Alex Caruso (38129423),Donovan Mitchell (38128954),Jordan Goodwin (38129372),Aaron Wiggins (38129293),Chet Holmgren (38129040),AJ Johnson (38129609),Kevin Durant (38128943),Isaiah Hartenstein (38129119),299.2,396.59000000000003,49800,100.00%,34861,858.14%,3,117.00999999999999,$34.33,OKC 4,CLE 1,user5,1,marvalshot,15010,4669104774_5
Donte DiVincenzo (38129240),Cason Wallace (38129464),Josh Giddey (38128984),Aaron Wiggins (38129293),Tristan Vukcevic (38129550),Donovan Mitchell (38128954),Chet Holmgren (38129040),Isaiah Hartenstein (38129119),294.17,394.31,50000,100.00%,3137,212.04%,0,93.64999999999999,$8.48,OKC 4,MIN 1,user28,1,marvalshot,15082,4669104775_28
Jared Butler (38129166),Jordan Goodwin (38129372),Ricky Council IV (38129289),Jaren Jackson Jr. (38128997),Isaiah Hartenstein (38129119),Scotty Pippen Jr. (38129353),Aaron Wiggins (38129293),Zion Williamson (38128937),298.54,402.6,49700,100.00%,30016,525.12%,0,121.75,$21.0,PHI 2,MEM 2,user48,1,marvalshot,15151,4669104776_48
Jared Butler (38129166),Jordan Goodwin (38129372),Aaron Wiggins (38129293),Paolo Banchero (38128916),Chet Holmgren (38129040),AJ Johnson (38129609),Josh Hart (38129020),Donte DiVincenzo (38129240),294.76718750000003,385.57738161441796,50000,100.00%,4124,225.56%,0,123.22,$9.02,OKC 2,PHI 1,user29,1,marvalshot,15181,4669104777_29
Jordan Hawkins (38129650),Jordan Goodwin (38129372),Josh Giddey (38128984),Aaron Wiggins (38129293),Isaiah Hartenstein (38129119),Luka Doncic (38128897),Jaime Jaquez Jr. (38129483),Scotty Pippen Jr. (38129353),294.34999999999997,391.71999999999997,49500,100.00%,3226,215.53%,0,116.9,$8.62,LAL 2,OKC 2,user49,1,marvalshot,14907,4669104771_49
AJ Johnson (38129609),Jared Butler (38129166),Ricky Council IV (38129289),Deni Avdija (38129052),Nikola Vucevic (38129058),Cason Wallace (38129464),Chet Holmgren (38129040),Donovan Mitchell (38128954),292.39,388.11,49800,100.00%,815,176.71%,0,104.87,$7.07,PHI 2,OKC 2,user24,1,marvalshot,14931,4669104772_24
Jalen Hood-Schifino (38129471),Isaiah Joe (38129456),Josh Hart (38129020),Pascal Siakam (38129000),Bam Adebayo (38128989),Scoot Henderson (38129224),Aaron Wiggins (38129293),Jared Butler (38129166),293.6513802083333,384.2199990072586,50000,100.00%,2525,203.82%,0,93.18,$8.15,PHI 2,OKC 2,user5,1,marvalshot,14961,4669104773_5
Scotty Pippen Jr. (38129353),Isaiah Joe (38129456),Aaron Wiggins (38129293),Zion Williamson (38128937),Isaiah Hartenstein (38129119),Jared Butler (38129166),Ricky Council IV (38129289),Kevin Durant (38128943),299.33,401.44,50000,100.00%,36338,846.29%,1,113.7,$33.85,OKC 3,PHI 2,user14,1,marvalshot,15019,4669104774_14
Jared Butler (38129166),Isaiah Joe (38129456),Deni Avdija (38129052),Zion Williamson (38128937),Chet Holmgren (38129040),Jordan Goodwin (38129372),Ricky Council IV (38129289),Aaron Wiggins (38129293),294.36,394.18,49300,100.00%,2374,210.24%,0,125.35000000000001,$8.41,OKC 3,PHI 2,user21,1,marvalshot,15075,4669104775_21
Scotty Pippen Jr. (38129353),Jared Butler (38129166),Josh Giddey (38128984),Aaron Wiggins (38129293),Chet Holmgren (38129040),Isaiah Joe (38129456),Jordan Goodwin (38129372),Donovan Mitchell (38128954),298.24,395.67,49900,100.00%,26930,507.38%,0,126.05000000000001,$20.3,OKC 3,MEM 1,user28,1,marvalshot,15131,4669104776_28
Jared Butler (38129166),Anfernee Simons (38129065),Ricky Council IV (38129289),Paolo Banchero (38128916),Isaiah Hartenstein (38129119),AJ Johnson (38129609),Evan Mobley (38128963),Kenrich Williams (38129703),294.5971875,389.9473816144179,49600,100.00%,4258,224.04%,0,99.03999999999999,$8.96,PHI 2,OKC 2,user7,1,marvalshot,15159,4669104777_7
Josh Giddey (38128984),Malik Monk (38129032),Jaime Jaquez Jr. (38129483),Bam Adebayo (38128989),Micah Potter (38129971),Jared Butler (38129166),Aaron Wiggins (38129293),Isaiah Hartenstein (38129119),294.29,388.40000000000003,49400,100.00%,3246,214.6%,0,106.07,$8.58,MIA 2,OKC 2,user10,1,marvalshot,14867,4669104771_10
Scoot Henderson (38129224),Cameron Payne (38129765),Aaron Wiggins (38129293),Deni Avdija (38129052),Nikola Jokic (38128895),Cason Wallace (38129464),Jordan Goodwin (38129372),Isaiah Hartenstein (38129119),292.5,392.08,49300,100.00%,609,176.41%,0,114.08,$7.06,OKC 3,POR 2,user12,1,marvalshot,14919,4669104772_12
Jared Butler (38129166),Miles McBride (38129209),DeMar DeRozan (38129006),Pascal Siakam (38129000),Isaiah Hartenstein (38129119),Jordan Goodwin (38129372),Julius Randle (38129044),Kenrich Williams (38129703),293.6513802083333,384.13999900725855,49900,100.00%,2491,203.04%,0,83.92,$8.12,OKC 2,PHI 1,user14,1,marvalshot,14970,4669104773_14
Donovan Mitchell (38128954),Stephon Castle (38129105),Aaron Wiggins (38129293),Chet Holmgren (38129040),Kenrich Williams (38129703),Josh Giddey (38128984),Ricky Council IV (38129289),Jordan Goodwin (38129372),299.23,395.31000000000006,49700,100.00%,35456,792.52%,1,113.83000000000001,$31.7,OKC 3,CLE 1,user47,1,marvalshot,15052,4669104774_47
Miles McBride (38129209),Jared Butler (38129166),Aaron Wiggins (38129293),Josh Hart (38129020),Nikola Jokic (38128895),AJ Johnson (38129609),Jordan Goodwin (38129372),Oshae Brissett (38129486),294.15999999999997,387.69999999999993,49900,100.00%,2466,209.09%,0,141.89000000000001,$8.36,NYK 2,PHI 2,user25,1,marvalshot,15079,4669104775_25
Jared Butler (38129166),Jordan Goodwin (38129372),Jake LaRavia (38129665),Ricky Council IV (38129289),Nikola Jokic (38128895),Cason Wallace (38129464),Aaron Wiggins (38129293),Jaren Jackson Jr. (38128997),297.99,394.23,49800,100.00%,24817,488.54%,0,150.73,$19.54,PHI 2,OKC 2,user30,1,marvalshot,15133,4669104776_30
Josh Giddey (38128984),Jordan Goodwin (38129372),Ricky Council IV (38129289),Paolo Banchero (38128916),Kenrich Williams (38129703),Jared Butler (38129166),Jaren Jackson Jr. (38128997),Oshae Brissett (38129486),294.6371875,388.93738161441786,49700,100.00%,3610,222.5%,0,119.22,$8.9,PHI 3,CHI 1,user31,1,marvalshot,15183,4669104777_31
Devin Booker (38128933),Collin Gillespie (38129753),Aaron Wiggins (38129293),Ricky Council IV (38129289),Donovan Clingan (38129182),Cade Cunningham (38128911),Jordan Goodwin (38129372),Isaiah Hartenstein (38129119),294.31,390.46000000000004,49300,100.00%,2977,212.67%,0,125.55000000000001,$8.51,PHX 2,OKC 2,user41,1,marvalshot,14898,4669104771_41
Austin Reaves (38128950),Jared Butler (38129166),Ricky Council IV (38129289),Jaren Jackson Jr. (38128997),Jarrett Allen (38129050),AJ Johnson (38129609),Aaron Wiggins (38129293),Scoot Henderson (38129224),292.44000000000005,384.97,49900,100.00%,568,175.2%,0,113.98,$7.01,PHI 2,LAL 1,user18,1,marvalshot,14925,4669104772_18
Jared Butler (38129166),Isaiah Joe (38129456),Aaron Wiggins (38129293),Pascal Siakam (38129000),Oshae Brissett (38129486),AJ Johnson (38129609),Zion Williamson (38128937),Evan Mobley (38128963),293.60138020833335,391.9599990072586,49200,100.00%,1990,198.84%,0,121.42999999999999,$7.95,PHI 2,OKC 2,user48,1,marvalshot,15004,4669104773_48
AJ Johnson (38129609),Donovan Mitchell (38128954),Aaron Wiggins (38129293),Ricky Council IV (38129289),Jonas Valanciunas (38129048),Jared Butler (38129166),Josh Giddey (38128984),Scoot Henderson (38129224),299.15999999999997,397.88,50000,100.00%,34740,787.91%,2,127.56,$31.52,PHI 2,WAS 1,user20,1,marvalshot,15025,4669104774_20
Stephon Castle (38129105),Jordan Goodwin (38129372),Ricky Council IV (38129289),Chet Holmgren (38129040),Oshae Brissett (38129486),Jared Butler (38129166),Zion Williamson (38128937),Isaiah Hartenstein (38129119),294.22,399.62,49700,100.00%,2666,208.92%,0,104.97,$8.36,PHI 3,OKC 2,user11,1,marvalshot,15065,4669104775_11
Jordan Poole (38129092),Stephon Castle (38129105),Ricky Council IV (38129289),Oshae Brissett (38129486),Karl-Anthony Towns (38128914),Jared Butler (38129166),Aaron Wiggins (38129293),Isaiah Hartenstein (38129119),297.99,402.07000000000005,50000,100.00%,24769,467.41%,0,109.74000000000001,$18.7,PHI 3,OKC 2,user44,1,marvalshot,15147,4669104776_44
Cade Cunningham (38128911),Cameron Payne (38129765),Ricky Council IV (38129289),Paolo Banchero (38128916),Isaiah Hartenstein (38129119),Scoot Henderson (38129224),Jordan Goodwin (38129372),Aaron Wiggins (38129293),294.6171875,390.7473816144179,49500,100.00%,3872,222.41%,0,103.21000000000001,$8.9,OKC 2,DET 1,user18,1,marvalshot,15170,4669104777_18
Josh Giddey (38128984),Jordan Goodwin (38129372),Aaron Wiggins (38129293),Zion Williamson (38128937),Donovan Clingan (38129182),Isaiah Joe (38129456),Kenrich Williams (38129703),Devin Booker (38128933),294.19,390.74,50000,100.00%,2709,210.88%,0,116.62,$8.44,OKC 3,CHI 1,user21,1,marvalshot,14879,4669104771_21
Jared Butler (38129166),Isaiah Joe (38129456),Jordan Goodwin (38129372),Deni Avdija (38129052),Tristan Vukcevic (38129550),Donovan Mitchell (38128954),Jaren Jackson Jr. (38128997),Isaiah Hartenstein (38129119),292.28000000000003,393.67,49800,100.00%,765,175.16%,0,94.14,$7.01,OKC 2,PHI 1,user19,1,marvalshot,14926,4669104772_19
Stephon Castle (38129105),Donovan Mitchell (38128954),Aaron Wiggins (38129293),Pascal Siakam (38129000),Jaylin Williams (38129406),AJ Johnson (38129609),Evan Mobley (38128963),Oshae Brissett (38129486),293.3913802083333,389.5599990072586,49800,100.00%,2196,197.53%,0,92.64,$7.9,CLE 2,OKC 2,user12,1,marvalshot,14968,4669104773_12
Jordan Poole (38129092),Devin Booker (38128933),Jaime Jaquez Jr. (38129483),Ricky Council IV (38129289),Isaiah Hartenstein (38129119),Josh Giddey (38128984),Aaron Wiggins (38129293),Jordan Goodwin (38129372),299.02,395.05,49900,100.00%,33835,727.69%,3,121.64000000000001,$29.11,OKC 2,WAS 1,user12,1,marvalshot,15017,4669104774_12
Josh Giddey (38128984),Isaiah Joe (38129456),Ricky Council IV (38129289),Aaron Wiggins (38129293),Nikola Jokic (38128895),Scotty Pippen Jr. (38129353),Kenrich Williams (38129703),Rudy Gobert (38129178),293.96,392.09999999999997,49800,100.00%,2544,206.35%,0,111.67999999999999,$8.25,OKC 3,CHI 1,user37,1,marvalshot,15091,4669104775_37
Scotty Pippen Jr. (38129353),Devin Booker (38128933),Josh Giddey (38128984),Deni Avdija (38129052),Kenrich Williams (38129703),Jared Butler (38129166),Ricky Council IV (38129289),Aaron Wiggins (38129293),297.96000000000004,392.17,49200,100.00%,24754,459.44%,0,126.10000000000001,$18.38,OKC 2,PHI 2,user46,1,marvalshot,15149,4669104776_46
AJ Johnson (38129609),Jared Butler (38129166),Ricky Council IV (38129289),Paolo Banchero (38128916),Nikola Vucevic (38129058),Jordan Goodwin (38129372),Kevin Durant (38128943),Isaiah Joe (38129456),294.5371875,384.0173816144179,49500,100.00%,3775,221.62%,0,120.38,$8.86,PHI 2,WAS 1,user23,1,marvalshot,15175,4669104777_23
AJ Johnson (38129609),Donovan Mitchell (38128954),Aaron Wiggins (38129293),Keldon Johnson (38129319),Isaiah Hartenstein (38129119),Josh Giddey (38128984),Josh Hart (38129020),Isaiah Joe (38129456),294.13,387.71,49600,100.00%,2896,210.5%,0,100.83,$8.42,OKC 3,WAS 1,user1,1,marvalshot,14858,4669104771_1
Jordan Poole (38129092),Isaiah Joe (38129456),Jordan Goodwin (38129372),Ricky Council IV (38129289),Isaiah Hartenstein (38129119),Anthony Edwards (38128924),Deni Avdija (38129052),Jared Butler (38129166),292.28999999999996,390.9,50000,100.00%,547,173.49%,0,99.9,$6.94,OKC 2,PHI 2,user44,1,marvalshot,14950,4669104772_44
Anfernee Simons (38129065),Cason Wallace (38129464),Aaron Wiggins (38129293),Pascal Siakam (38129000),Karl-Anthony Towns (38128914),Isaiah Joe (38129456),Jordan Goodwin (38129372),Naz Reid (38129184),293.3813802083334,383.4399990072586,49400,100.00%,1865,196.03%,0,99.89999999999999,$7.84,OKC 3,POR 1,user21,1,marvalshot,14977,4669104773_21
Jared Butler (38129166),Austin Reaves (38128950),Jordan Goodwin (38129372),Aaron Wiggins (38129293),Isaiah Hartenstein (38129119),Stephon Castle (38129105),Kenrich Williams (38129703),Evan Mobley (38128963),299.0,395.27,49700,100.00%,33474,713.07%,4,111.75,$28.52,OKC 3,LAL 2,user13,1,marvalshot,15018,4669104774_13
Jared Butler (38129166),Jordan Goodwin (38129372),Jaylen Martin (38129659),Ricky Council IV (38129289),Nikola Vucevic (38129058),Cade Cunningham (38128911),Aaron Wiggins (38129293),Josh Giddey (38128984),294.07,390.09000000000003,49800,100.00%,1803,203.36%,0,122.74000000000001,$8.13,PHI 2,CHI 2,user30,1,marvalshot,15084,4669104775_30
Jared Butler (38129166),Isaiah Joe (38129456),Jordan Goodwin (38129372),Aaron Wiggins (38129293),Isaiah Hartenstein (38129119),Devin Booker (38128933),Zion Williamson (38128937),Scotty Pippen Jr. (38129353),298.0,399.37,49700,100.00%,25112,456.38%,0,124.56,$18.26,OKC 3,PHI 1,user41,1,marvalshot,15144,4669104776_41
Scotty Pippen Jr. (38129353),Jordan Goodwin (38129372),Aaron Wiggins (38129293),Paolo Banchero (38128916),Chet Holmgren (38129040),Cason Wallace (38129464),Ricky Council IV (38129289),Tyler Herro (38129003),294.5671875,384.3273816144179,49600,100.00%,3696,220.67%,0,114.41000000000001,$8.83,OKC 3,MEM 1,user41,1,marvalshot,15193,4669104777_41
