PG,SG,SF,PF,C,G,F,UTIL,Proj,Ceiling,Salary,Cash %,Top 1%,ROI%,Wins,Own Sum,Avg Return,Stack1,Stack2,Lineup,Dupes,User,Index,Entry ID
Trae Young (37750915),Bradley Beal (37751061),RJ Barrett (37751003),Georges Niang (37751274),Wendell Carter Jr. (37751163),Vince Williams Jr. (37751460),Paolo Banchero (37750942),Jarrett Allen (37751052),288.22294270833333,372.87947298604956,49900,100.00%,14349,268.32%,0,157.16000000000003,$8.05,ATL 2,ORL 2,user,50,marvalshot,2132,4647704632
Trae Young (37750915),Cole Anthony (37751114),Ausar Thompson (37751085),Georges Niang (37751274),Onyeka Okongwu (37751069),Anthony Edwards (37750911),Kelly Olynyk (37751258),Jarrett Allen (37751052),289.24015625000004,378.2642489076404,50000,100.00%,22072,340.74%,0,175.20000000000002,$10.22,ATL 3,ORL 1,user,50,marvalshot,3840,4647704633
Cole Anthony (37751114),RJ Barrett (37751003),Franz Wagner (37750931),Paolo Banchero (37750942),Onyeka Okongwu (37751069),Vince Williams Jr. (37751460),Kelly Olynyk (37751258),Jarrett Allen (37751052),277.3180034722222,367.7087273667849,49800,100.00%,0,86.14%,0,214.11,$2.58,ORL 3,TOR 1,user,50,marvalshot,5483,4647704634
Cole Anthony (37751114),RJ Barrett (37751003),Caris LeVert (37751093),Kelly Olynyk (37751258),Wendell Carter Jr. (37751163),Trae Young (37750915),Vince Williams Jr. (37751460),Cade Cunningham (37750905),270.46081597222224,360.0930211731421,49800,99.60%,0,56.81%,0,193.8,$1.7,ORL 2,ATL 2,user,50,marvalshot,3760,4647704635
Jordan Poole (37750986),Cole Anthony (37751114),Ausar Thompson (37751085),Paolo Banchero (37750942),Onyeka Okongwu (37751069),Trae Young (37750915),Vince Williams Jr. (37751460),Kelly Olynyk (37751258),288.15937499999995,377.90600926267456,49800,100.00%,13385,252.37%,0,179.19,$7.57,ORL 2,ATL 2,user,50,marvalshot,289,4647704636
Trae Young (37750915),Cole Anthony (37751114),Zaccharie Risacher (37751214),Paolo Banchero (37750942),Jarrett Allen (37751052),Donovan Mitchell (37750950),Vince Williams Jr. (37751460),Davion Mitchell (37751323),275.5153125,362.803912308577,49500,100.00%,0,76.05%,0,182.21,$2.28,ATL 2,ORL 2,user1,1,marvalshot,11376,4647704637_1
Trae Young (37750915),Vince Williams Jr. (37751460),Zaccharie Risacher (37751214),Georges Niang (37751274),Wendell Carter Jr. (37751163),Donovan Mitchell (37750950),Kyshawn George (37751149),Cade Cunningham (37750905),275.52859375,359.1570498758105,49700,100.00%,0,76.42%,0,121.75,$2.29,ATL 3,MEM 1,user,50,marvalshot,3150,4647704638
Donovan Mitchell (37750950),Cole Anthony (37751114),Vince Williams Jr. (37751460),Zaccharie Risacher (37751214),Onyeka Okongwu (37751069),RJ Barrett (37751003),Evan Mobley (37750964),Jarrett Allen (37751052),288.2467534722222,379.32980521078736,49300,100.00%,14900,316.99%,0,199.0,$9.51,CLE 3,ATL 2,user,1,marvalshot,8152,4647704639
Trae Young (37750915),Cole Anthony (37751114),Zaccharie Risacher (37751214),Paolo Banchero (37750942),Jalen Duren (37751019),Vince Williams Jr. (37751460),Evan Mobley (37750964),Davion Mitchell (37751323),268.151875,356.83537118525294,49900,93.79%,0,15.46%,0,174.22,$0.46,ATL 2,ORL 2,user,50,marvalshot,5391,4647704640
Davion Mitchell (37751323),Cole Anthony (37751114),Vince Williams Jr. (37751460),Naz Reid (37750978),Onyeka Okongwu (37751069),Donovan Mitchell (37750950),Evan Mobley (37750964),Jalen Duren (37751019),267.15609375,354.7790566947308,49800,87.66%,0,-8.63%,0,159.38,$-0.26,CLE 2,MIA 1,user5,1,marvalshot,11386,4647704641_5
Trae Young (37750915),Bradley Beal (37751061),RJ Barrett (37751003),Georges Niang (37751274),Wendell Carter Jr. (37751163),Vince Williams Jr. (37751460),Paolo Banchero (37750942),Jarrett Allen (37751052),288.22294270833333,372.87947298604956,49900,100.00%,14349,268.32%,0,157.16000000000003,$8.05,ATL 2,ORL 2,user1,50,marvalshot,2132,4647704632_1
Trae Young (37750915),Cole Anthony (37751114),Ausar Thompson (37751085),Georges Niang (37751274),Onyeka Okongwu (37751069),Anthony Edwards (37750911),Kelly Olynyk (37751258),Jarrett Allen (37751052),289.24015625000004,378.2642489076404,50000,100.00%,22072,340.74%,0,175.20000000000002,$10.22,ATL 3,ORL 1,user1,50,marvalshot,3840,4647704633_1
Cole Anthony (37751114),RJ Barrett (37751003),Franz Wagner (37750931),Paolo Banchero (37750942),Onyeka Okongwu (37751069),Vince Williams Jr. (37751460),Kelly Olynyk (37751258),Jarrett Allen (37751052),277.3180034722222,367.7087273667849,49800,100.00%,0,86.14%,0,214.11,$2.58,ORL 3,TOR 1,user1,50,marvalshot,5483,4647704634_1
Cole Anthony (37751114),RJ Barrett (37751003),Caris LeVert (37751093),Kelly Olynyk (37751258),Wendell Carter Jr. (37751163),Trae Young (37750915),Vince Williams Jr. (37751460),Cade Cunningham (37750905),270.46081597222224,360.0930211731421,49800,99.60%,0,56.81%,0,193.8,$1.7,ORL 2,ATL 2,user1,50,marvalshot,3760,4647704635_1
Jordan Poole (37750986),Cole Anthony (37751114),Ausar Thompson (37751085),Paolo Banchero (37750942),Onyeka Okongwu (37751069),Trae Young (37750915),Vince Williams Jr. (37751460),Kelly Olynyk (37751258),288.15937499999995,377.90600926267456,49800,100.00%,13385,252.37%,0,179.19,$7.57,ORL 2,ATL 2,user1,50,marvalshot,289,4647704636_1
Trae Young (37750915),Cole Anthony (37751114),Zaccharie Risacher (37751214),Paolo Banchero (37750942),Jarrett Allen (37751052),Vince Williams Jr. (37751460),Evan Mobley (37750964),Davion Mitchell (37751323),274.9453125,361.97391230857704,49300,100.00%,0,73.68%,0,186.91,$2.21,ATL 2,ORL 2,user,1,marvalshot,6781,4647704637
Trae Young (37750915),Vince Williams Jr. (37751460),Zaccharie Risacher (37751214),Georges Niang (37751274),Wendell Carter Jr. (37751163),Donovan Mitchell (37750950),Kyshawn George (37751149),Cade Cunningham (37750905),275.52859375,359.1570498758105,49700,100.00%,0,76.42%,0,121.75,$2.29,ATL 3,MEM 1,user1,50,marvalshot,3150,4647704638_1
Donovan Mitchell (37750950),Cole Anthony (37751114),Gregory Jackson (37751330),Zaccharie Risacher (37751214),Onyeka Okongwu (37751069),RJ Barrett (37751003),Evan Mobley (37750964),Jarrett Allen (37751052),284.2567534722223,374.64980521078735,49900,100.00%,1002,161.53%,0,178.20999999999998,$4.85,CLE 3,ATL 2,user2,1,marvalshot,11379,4647704639_2
Trae Young (37750915),Cole Anthony (37751114),Zaccharie Risacher (37751214),Paolo Banchero (37750942),Jalen Duren (37751019),Vince Williams Jr. (37751460),Evan Mobley (37750964),Davion Mitchell (37751323),268.151875,356.83537118525294,49900,93.79%,0,15.46%,0,174.22,$0.46,ATL 2,ORL 2,user1,50,marvalshot,5391,4647704640_1
Davion Mitchell (37751323),Cole Anthony (37751114),Vince Williams Jr. (37751460),Jaren Jackson Jr. (37750968),Onyeka Okongwu (37751069),Donovan Mitchell (37750950),Evan Mobley (37750964),Jalen Duren (37751019),266.87609375,358.99905669473077,50000,85.49%,0,-15.84%,0,164.39999999999998,$-0.48,MEM 2,CLE 2,user7,1,marvalshot,11388,4647704641_7
Trae Young (37750915),Bradley Beal (37751061),RJ Barrett (37751003),Georges Niang (37751274),Wendell Carter Jr. (37751163),Vince Williams Jr. (37751460),Paolo Banchero (37750942),Jarrett Allen (37751052),288.22294270833333,372.87947298604956,49900,100.00%,14349,268.32%,0,157.16000000000003,$8.05,ATL 2,ORL 2,user2,50,marvalshot,2132,4647704632_2
Trae Young (37750915),Cole Anthony (37751114),Ausar Thompson (37751085),Georges Niang (37751274),Onyeka Okongwu (37751069),Anthony Edwards (37750911),Kelly Olynyk (37751258),Jarrett Allen (37751052),289.24015625000004,378.2642489076404,50000,100.00%,22072,340.74%,0,175.20000000000002,$10.22,ATL 3,ORL 1,user2,50,marvalshot,3840,4647704633_2
Cole Anthony (37751114),RJ Barrett (37751003),Franz Wagner (37750931),Paolo Banchero (37750942),Onyeka Okongwu (37751069),Vince Williams Jr. (37751460),Kelly Olynyk (37751258),Jarrett Allen (37751052),277.3180034722222,367.7087273667849,49800,100.00%,0,86.14%,0,214.11,$2.58,ORL 3,TOR 1,user2,50,marvalshot,5483,4647704634_2
Cole Anthony (37751114),RJ Barrett (37751003),Caris LeVert (37751093),Kelly Olynyk (37751258),Wendell Carter Jr. (37751163),Trae Young (37750915),Vince Williams Jr. (37751460),Cade Cunningham (37750905),270.46081597222224,360.0930211731421,49800,99.60%,0,56.81%,0,193.8,$1.7,ORL 2,ATL 2,user2,50,marvalshot,3760,4647704635_2
Jordan Poole (37750986),Cole Anthony (37751114),Ausar Thompson (37751085),Paolo Banchero (37750942),Onyeka Okongwu (37751069),Trae Young (37750915),Vince Williams Jr. (37751460),Kelly Olynyk (37751258),288.15937499999995,377.90600926267456,49800,100.00%,13385,252.37%,0,179.19,$7.57,ORL 2,ATL 2,user2,50,marvalshot,289,4647704636_2
Trae Young (37750915),Cole Anthony (37751114),Zaccharie Risacher (37751214),Paolo Banchero (37750942),Jarrett Allen (37751052),Vince Williams Jr. (37751460),Zion Williamson (37750934),Davion Mitchell (37751323),270.1853125,362.22391230857704,49900,98.92%,0,51.22%,0,180.04000000000002,$1.54,ATL 2,ORL 2,user2,48,marvalshot,11377,4647704637_2
Trae Young (37750915),Vince Williams Jr. (37751460),Zaccharie Risacher (37751214),Georges Niang (37751274),Wendell Carter Jr. (37751163),Donovan Mitchell (37750950),Kyshawn George (37751149),Cade Cunningham (37750905),275.52859375,359.1570498758105,49700,100.00%,0,76.42%,0,121.75,$2.29,ATL 3,MEM 1,user2,50,marvalshot,3150,4647704638_2
Donovan Mitchell (37750950),Cole Anthony (37751114),Zion Williamson (37750934),Zaccharie Risacher (37751214),Onyeka Okongwu (37751069),RJ Barrett (37751003),Vince Williams Jr. (37751460),Jarrett Allen (37751052),283.48675347222223,379.57980521078736,49900,100.00%,496,148.32%,0,192.13,$4.45,CLE 2,ATL 2,user3,1,marvalshot,11380,4647704639_3
Trae Young (37750915),Cole Anthony (37751114),Zaccharie Risacher (37751214),Paolo Banchero (37750942),Jalen Duren (37751019),Vince Williams Jr. (37751460),Evan Mobley (37750964),Davion Mitchell (37751323),268.151875,356.83537118525294,49900,93.79%,0,15.46%,0,174.22,$0.46,ATL 2,ORL 2,user2,50,marvalshot,5391,4647704640_2
Davion Mitchell (37751323),Cole Anthony (37751114),Jalen Williams (37750982),Evan Mobley (37750964),Onyeka Okongwu (37751069),Donovan Mitchell (37750950),Vince Williams Jr. (37751460),Jalen Duren (37751019),265.45609375000004,356.5990566947308,49800,69.32%,0,-51.45%,0,159.48000000000002,$-1.54,CLE 2,MIA 1,user9,1,marvalshot,11390,4647704641_9
Trae Young (37750915),Bradley Beal (37751061),RJ Barrett (37751003),Georges Niang (37751274),Wendell Carter Jr. (37751163),Vince Williams Jr. (37751460),Paolo Banchero (37750942),Jarrett Allen (37751052),288.22294270833333,372.87947298604956,49900,100.00%,14349,268.32%,0,157.16000000000003,$8.05,ATL 2,ORL 2,user3,50,marvalshot,2132,4647704632_3
Trae Young (37750915),Cole Anthony (37751114),Ausar Thompson (37751085),Georges Niang (37751274),Onyeka Okongwu (37751069),Anthony Edwards (37750911),Kelly Olynyk (37751258),Jarrett Allen (37751052),289.24015625000004,378.2642489076404,50000,100.00%,22072,340.74%,0,175.20000000000002,$10.22,ATL 3,ORL 1,user3,50,marvalshot,3840,4647704633_3
Cole Anthony (37751114),RJ Barrett (37751003),Franz Wagner (37750931),Paolo Banchero (37750942),Onyeka Okongwu (37751069),Vince Williams Jr. (37751460),Kelly Olynyk (37751258),Jarrett Allen (37751052),277.3180034722222,367.7087273667849,49800,100.00%,0,86.14%,0,214.11,$2.58,ORL 3,TOR 1,user3,50,marvalshot,5483,4647704634_3
Cole Anthony (37751114),RJ Barrett (37751003),Caris LeVert (37751093),Kelly Olynyk (37751258),Wendell Carter Jr. (37751163),Trae Young (37750915),Vince Williams Jr. (37751460),Cade Cunningham (37750905),270.46081597222224,360.0930211731421,49800,99.60%,0,56.81%,0,193.8,$1.7,ORL 2,ATL 2,user3,50,marvalshot,3760,4647704635_3
Jordan Poole (37750986),Cole Anthony (37751114),Ausar Thompson (37751085),Paolo Banchero (37750942),Onyeka Okongwu (37751069),Trae Young (37750915),Vince Williams Jr. (37751460),Kelly Olynyk (37751258),288.15937499999995,377.90600926267456,49800,100.00%,13385,252.37%,0,179.19,$7.57,ORL 2,ATL 2,user3,50,marvalshot,289,4647704636_3
Trae Young (37750915),Cole Anthony (37751114),Zaccharie Risacher (37751214),Paolo Banchero (37750942),Jarrett Allen (37751052),Vince Williams Jr. (37751460),Zion Williamson (37750934),Davion Mitchell (37751323),270.1853125,362.22391230857704,49900,98.92%,0,51.22%,0,180.04000000000002,$1.54,ATL 2,ORL 2,user3,48,marvalshot,11377,4647704637_3
Trae Young (37750915),Vince Williams Jr. (37751460),Zaccharie Risacher (37751214),Georges Niang (37751274),Wendell Carter Jr. (37751163),Donovan Mitchell (37750950),Kyshawn George (37751149),Cade Cunningham (37750905),275.52859375,359.1570498758105,49700,100.00%,0,76.42%,0,121.75,$2.29,ATL 3,MEM 1,user3,50,marvalshot,3150,4647704638_3
De'Aaron Fox (37750938),Cole Anthony (37751114),Vince Williams Jr. (37751460),Zaccharie Risacher (37751214),Onyeka Okongwu (37751069),RJ Barrett (37751003),Evan Mobley (37750964),Jarrett Allen (37751052),283.20675347222226,372.3398052107874,49700,100.00%,357,143.88%,0,194.06,$4.32,ATL 2,CLE 2,user1,1,marvalshot,11378,4647704639_1
Trae Young (37750915),Cole Anthony (37751114),Zaccharie Risacher (37751214),Paolo Banchero (37750942),Jalen Duren (37751019),Vince Williams Jr. (37751460),Evan Mobley (37750964),Davion Mitchell (37751323),268.151875,356.83537118525294,49900,93.79%,0,15.46%,0,174.22,$0.46,ATL 2,ORL 2,user3,50,marvalshot,5391,4647704640_3
Davion Mitchell (37751323),Cole Anthony (37751114),Max Strus (37751223),Evan Mobley (37750964),Onyeka Okongwu (37751069),Donovan Mitchell (37750950),Jaden McDaniels (37751034),Jalen Duren (37751019),264.64609375,347.7390566947307,49800,56.92%,0,-65.98%,0,137.81,$-1.98,CLE 3,MIA 1,user11,1,marvalshot,11392,4647704641_11
Trae Young (37750915),Bradley Beal (37751061),RJ Barrett (37751003),Georges Niang (37751274),Wendell Carter Jr. (37751163),Vince Williams Jr. (37751460),Paolo Banchero (37750942),Jarrett Allen (37751052),288.22294270833333,372.87947298604956,49900,100.00%,14349,268.32%,0,157.16000000000003,$8.05,ATL 2,ORL 2,user4,50,marvalshot,2132,4647704632_4
Trae Young (37750915),Cole Anthony (37751114),Ausar Thompson (37751085),Georges Niang (37751274),Onyeka Okongwu (37751069),Anthony Edwards (37750911),Kelly Olynyk (37751258),Jarrett Allen (37751052),289.24015625000004,378.2642489076404,50000,100.00%,22072,340.74%,0,175.20000000000002,$10.22,ATL 3,ORL 1,user4,50,marvalshot,3840,4647704633_4
Cole Anthony (37751114),RJ Barrett (37751003),Franz Wagner (37750931),Paolo Banchero (37750942),Onyeka Okongwu (37751069),Vince Williams Jr. (37751460),Kelly Olynyk (37751258),Jarrett Allen (37751052),277.3180034722222,367.7087273667849,49800,100.00%,0,86.14%,0,214.11,$2.58,ORL 3,TOR 1,user4,50,marvalshot,5483,4647704634_4
Cole Anthony (37751114),RJ Barrett (37751003),Caris LeVert (37751093),Kelly Olynyk (37751258),Wendell Carter Jr. (37751163),Trae Young (37750915),Vince Williams Jr. (37751460),Cade Cunningham (37750905),270.46081597222224,360.0930211731421,49800,99.60%,0,56.81%,0,193.8,$1.7,ORL 2,ATL 2,user4,50,marvalshot,3760,4647704635_4
Jordan Poole (37750986),Cole Anthony (37751114),Ausar Thompson (37751085),Paolo Banchero (37750942),Onyeka Okongwu (37751069),Trae Young (37750915),Vince Williams Jr. (37751460),Kelly Olynyk (37751258),288.15937499999995,377.90600926267456,49800,100.00%,13385,252.37%,0,179.19,$7.57,ORL 2,ATL 2,user4,50,marvalshot,289,4647704636_4
Trae Young (37750915),Cole Anthony (37751114),Zaccharie Risacher (37751214),Paolo Banchero (37750942),Jarrett Allen (37751052),Vince Williams Jr. (37751460),Zion Williamson (37750934),Davion Mitchell (37751323),270.1853125,362.22391230857704,49900,98.92%,0,51.22%,0,180.04000000000002,$1.54,ATL 2,ORL 2,user4,48,marvalshot,11377,4647704637_4
Trae Young (37750915),Vince Williams Jr. (37751460),Zaccharie Risacher (37751214),Georges Niang (37751274),Wendell Carter Jr. (37751163),Donovan Mitchell (37750950),Kyshawn George (37751149),Cade Cunningham (37750905),275.52859375,359.1570498758105,49700,100.00%,0,76.42%,0,121.75,$2.29,ATL 3,MEM 1,user4,50,marvalshot,3150,4647704638_4
Anthony Edwards (37750911),Cole Anthony (37751114),Vince Williams Jr. (37751460),Zaccharie Risacher (37751214),Onyeka Okongwu (37751069),RJ Barrett (37751003),Naz Reid (37750978),Jarrett Allen (37751052),280.3467534722222,364.2698052107873,49800,100.00%,6,108.9%,0,191.17000000000002,$3.27,MIN 2,ATL 2,user4,46,marvalshot,11381,4647704639_4
Trae Young (37750915),Cole Anthony (37751114),Zaccharie Risacher (37751214),Paolo Banchero (37750942),Jalen Duren (37751019),Vince Williams Jr. (37751460),Evan Mobley (37750964),Davion Mitchell (37751323),268.151875,356.83537118525294,49900,93.79%,0,15.46%,0,174.22,$0.46,ATL 2,ORL 2,user4,50,marvalshot,5391,4647704640_4
Davion Mitchell (37751323),Cole Anthony (37751114),Jaden McDaniels (37751034),Kelly Olynyk (37751258),Onyeka Okongwu (37751069),Donovan Mitchell (37750950),Evan Mobley (37750964),Jalen Duren (37751019),264.36609375,350.45905669473075,49600,52.84%,0,-70.78%,0,152.07,$-2.12,CLE 2,MIA 1,user13,1,marvalshot,11394,4647704641_13
Trae Young (37750915),Bradley Beal (37751061),RJ Barrett (37751003),Georges Niang (37751274),Wendell Carter Jr. (37751163),Vince Williams Jr. (37751460),Paolo Banchero (37750942),Jarrett Allen (37751052),288.22294270833333,372.87947298604956,49900,100.00%,14349,268.32%,0,157.16000000000003,$8.05,ATL 2,ORL 2,user5,50,marvalshot,2132,4647704632_5
Trae Young (37750915),Cole Anthony (37751114),Ausar Thompson (37751085),Georges Niang (37751274),Onyeka Okongwu (37751069),Anthony Edwards (37750911),Kelly Olynyk (37751258),Jarrett Allen (37751052),289.24015625000004,378.2642489076404,50000,100.00%,22072,340.74%,0,175.20000000000002,$10.22,ATL 3,ORL 1,user5,50,marvalshot,3840,4647704633_5
Cole Anthony (37751114),RJ Barrett (37751003),Franz Wagner (37750931),Paolo Banchero (37750942),Onyeka Okongwu (37751069),Vince Williams Jr. (37751460),Kelly Olynyk (37751258),Jarrett Allen (37751052),277.3180034722222,367.7087273667849,49800,100.00%,0,86.14%,0,214.11,$2.58,ORL 3,TOR 1,user5,50,marvalshot,5483,4647704634_5
Cole Anthony (37751114),RJ Barrett (37751003),Caris LeVert (37751093),Kelly Olynyk (37751258),Wendell Carter Jr. (37751163),Trae Young (37750915),Vince Williams Jr. (37751460),Cade Cunningham (37750905),270.46081597222224,360.0930211731421,49800,99.60%,0,56.81%,0,193.8,$1.7,ORL 2,ATL 2,user5,50,marvalshot,3760,4647704635_5
Jordan Poole (37750986),Cole Anthony (37751114),Ausar Thompson (37751085),Paolo Banchero (37750942),Onyeka Okongwu (37751069),Trae Young (37750915),Vince Williams Jr. (37751460),Kelly Olynyk (37751258),288.15937499999995,377.90600926267456,49800,100.00%,13385,252.37%,0,179.19,$7.57,ORL 2,ATL 2,user5,50,marvalshot,289,4647704636_5
Trae Young (37750915),Cole Anthony (37751114),Zaccharie Risacher (37751214),Paolo Banchero (37750942),Jarrett Allen (37751052),Vince Williams Jr. (37751460),Zion Williamson (37750934),Davion Mitchell (37751323),270.1853125,362.22391230857704,49900,98.92%,0,51.22%,0,180.04000000000002,$1.54,ATL 2,ORL 2,user5,48,marvalshot,11377,4647704637_5
Trae Young (37750915),Vince Williams Jr. (37751460),Zaccharie Risacher (37751214),Georges Niang (37751274),Wendell Carter Jr. (37751163),Donovan Mitchell (37750950),Kyshawn George (37751149),Cade Cunningham (37750905),275.52859375,359.1570498758105,49700,100.00%,0,76.42%,0,121.75,$2.29,ATL 3,MEM 1,user5,50,marvalshot,3150,4647704638_5
Anthony Edwards (37750911),Cole Anthony (37751114),Vince Williams Jr. (37751460),Zaccharie Risacher (37751214),Onyeka Okongwu (37751069),RJ Barrett (37751003),Naz Reid (37750978),Jarrett Allen (37751052),280.3467534722222,364.2698052107873,49800,100.00%,6,108.9%,0,191.17000000000002,$3.27,MIN 2,ATL 2,user5,46,marvalshot,11381,4647704639_5
Trae Young (37750915),Cole Anthony (37751114),Zaccharie Risacher (37751214),Paolo Banchero (37750942),Jalen Duren (37751019),Vince Williams Jr. (37751460),Evan Mobley (37750964),Davion Mitchell (37751323),268.151875,356.83537118525294,49900,93.79%,0,15.46%,0,174.22,$0.46,ATL 2,ORL 2,user5,50,marvalshot,5391,4647704640_5
Davion Mitchell (37751323),Cole Anthony (37751114),Vince Williams Jr. (37751460),Evan Mobley (37750964),Onyeka Okongwu (37751069),Donovan Mitchell (37750950),Chet Holmgren (37750996),Jalen Duren (37751019),263.67609375000006,354.7890566947308,49400,42.03%,0,-81.79%,0,161.45,$-2.45,CLE 2,MIA 1,user3,1,marvalshot,11384,4647704641_3
Trae Young (37750915),Bradley Beal (37751061),RJ Barrett (37751003),Georges Niang (37751274),Wendell Carter Jr. (37751163),Vince Williams Jr. (37751460),Paolo Banchero (37750942),Jarrett Allen (37751052),288.22294270833333,372.87947298604956,49900,100.00%,14349,268.32%,0,157.16000000000003,$8.05,ATL 2,ORL 2,user6,50,marvalshot,2132,4647704632_6
Trae Young (37750915),Cole Anthony (37751114),Ausar Thompson (37751085),Georges Niang (37751274),Onyeka Okongwu (37751069),Anthony Edwards (37750911),Kelly Olynyk (37751258),Jarrett Allen (37751052),289.24015625000004,378.2642489076404,50000,100.00%,22072,340.74%,0,175.20000000000002,$10.22,ATL 3,ORL 1,user6,50,marvalshot,3840,4647704633_6
Cole Anthony (37751114),RJ Barrett (37751003),Franz Wagner (37750931),Paolo Banchero (37750942),Onyeka Okongwu (37751069),Vince Williams Jr. (37751460),Kelly Olynyk (37751258),Jarrett Allen (37751052),277.3180034722222,367.7087273667849,49800,100.00%,0,86.14%,0,214.11,$2.58,ORL 3,TOR 1,user6,50,marvalshot,5483,4647704634_6
Cole Anthony (37751114),RJ Barrett (37751003),Caris LeVert (37751093),Kelly Olynyk (37751258),Wendell Carter Jr. (37751163),Trae Young (37750915),Vince Williams Jr. (37751460),Cade Cunningham (37750905),270.46081597222224,360.0930211731421,49800,99.60%,0,56.81%,0,193.8,$1.7,ORL 2,ATL 2,user6,50,marvalshot,3760,4647704635_6
Jordan Poole (37750986),Cole Anthony (37751114),Ausar Thompson (37751085),Paolo Banchero (37750942),Onyeka Okongwu (37751069),Trae Young (37750915),Vince Williams Jr. (37751460),Kelly Olynyk (37751258),288.15937499999995,377.90600926267456,49800,100.00%,13385,252.37%,0,179.19,$7.57,ORL 2,ATL 2,user6,50,marvalshot,289,4647704636_6
Trae Young (37750915),Cole Anthony (37751114),Zaccharie Risacher (37751214),Paolo Banchero (37750942),Jarrett Allen (37751052),Vince Williams Jr. (37751460),Zion Williamson (37750934),Davion Mitchell (37751323),270.1853125,362.22391230857704,49900,98.92%,0,51.22%,0,180.04000000000002,$1.54,ATL 2,ORL 2,user6,48,marvalshot,11377,4647704637_6
Trae Young (37750915),Vince Williams Jr. (37751460),Zaccharie Risacher (37751214),Georges Niang (37751274),Wendell Carter Jr. (37751163),Donovan Mitchell (37750950),Kyshawn George (37751149),Cade Cunningham (37750905),275.52859375,359.1570498758105,49700,100.00%,0,76.42%,0,121.75,$2.29,ATL 3,MEM 1,user6,50,marvalshot,3150,4647704638_6
Anthony Edwards (37750911),Cole Anthony (37751114),Vince Williams Jr. (37751460),Zaccharie Risacher (37751214),Onyeka Okongwu (37751069),RJ Barrett (37751003),Naz Reid (37750978),Jarrett Allen (37751052),280.3467534722222,364.2698052107873,49800,100.00%,6,108.9%,0,191.17000000000002,$3.27,MIN 2,ATL 2,user6,46,marvalshot,11381,4647704639_6
Trae Young (37750915),Cole Anthony (37751114),Zaccharie Risacher (37751214),Paolo Banchero (37750942),Jalen Duren (37751019),Vince Williams Jr. (37751460),Evan Mobley (37750964),Davion Mitchell (37751323),268.151875,356.83537118525294,49900,93.79%,0,15.46%,0,174.22,$0.46,ATL 2,ORL 2,user6,50,marvalshot,5391,4647704640_6
Davion Mitchell (37751323),Cole Anthony (37751114),Jaden McDaniels (37751034),Evan Mobley (37750964),Onyeka Okongwu (37751069),Donovan Mitchell (37750950),Karlo Matkovic (37751232),Jalen Duren (37751019),263.43609375000005,346.9990566947308,49800,39.28%,0,-82.37%,0,134.77,$-2.47,CLE 2,MIA 1,user10,1,marvalshot,11391,4647704641_10
Trae Young (37750915),Bradley Beal (37751061),RJ Barrett (37751003),Georges Niang (37751274),Wendell Carter Jr. (37751163),Vince Williams Jr. (37751460),Paolo Banchero (37750942),Jarrett Allen (37751052),288.22294270833333,372.87947298604956,49900,100.00%,14349,268.32%,0,157.16000000000003,$8.05,ATL 2,ORL 2,user7,50,marvalshot,2132,4647704632_7
Trae Young (37750915),Cole Anthony (37751114),Ausar Thompson (37751085),Georges Niang (37751274),Onyeka Okongwu (37751069),Anthony Edwards (37750911),Kelly Olynyk (37751258),Jarrett Allen (37751052),289.24015625000004,378.2642489076404,50000,100.00%,22072,340.74%,0,175.20000000000002,$10.22,ATL 3,ORL 1,user7,50,marvalshot,3840,4647704633_7
Cole Anthony (37751114),RJ Barrett (37751003),Franz Wagner (37750931),Paolo Banchero (37750942),Onyeka Okongwu (37751069),Vince Williams Jr. (37751460),Kelly Olynyk (37751258),Jarrett Allen (37751052),277.3180034722222,367.7087273667849,49800,100.00%,0,86.14%,0,214.11,$2.58,ORL 3,TOR 1,user7,50,marvalshot,5483,4647704634_7
Cole Anthony (37751114),RJ Barrett (37751003),Caris LeVert (37751093),Kelly Olynyk (37751258),Wendell Carter Jr. (37751163),Trae Young (37750915),Vince Williams Jr. (37751460),Cade Cunningham (37750905),270.46081597222224,360.0930211731421,49800,99.60%,0,56.81%,0,193.8,$1.7,ORL 2,ATL 2,user7,50,marvalshot,3760,4647704635_7
Jordan Poole (37750986),Cole Anthony (37751114),Ausar Thompson (37751085),Paolo Banchero (37750942),Onyeka Okongwu (37751069),Trae Young (37750915),Vince Williams Jr. (37751460),Kelly Olynyk (37751258),288.15937499999995,377.90600926267456,49800,100.00%,13385,252.37%,0,179.19,$7.57,ORL 2,ATL 2,user7,50,marvalshot,289,4647704636_7
Trae Young (37750915),Cole Anthony (37751114),Zaccharie Risacher (37751214),Paolo Banchero (37750942),Jarrett Allen (37751052),Vince Williams Jr. (37751460),Zion Williamson (37750934),Davion Mitchell (37751323),270.1853125,362.22391230857704,49900,98.92%,0,51.22%,0,180.04000000000002,$1.54,ATL 2,ORL 2,user7,48,marvalshot,11377,4647704637_7
Trae Young (37750915),Vince Williams Jr. (37751460),Zaccharie Risacher (37751214),Georges Niang (37751274),Wendell Carter Jr. (37751163),Donovan Mitchell (37750950),Kyshawn George (37751149),Cade Cunningham (37750905),275.52859375,359.1570498758105,49700,100.00%,0,76.42%,0,121.75,$2.29,ATL 3,MEM 1,user7,50,marvalshot,3150,4647704638_7
Anthony Edwards (37750911),Cole Anthony (37751114),Vince Williams Jr. (37751460),Zaccharie Risacher (37751214),Onyeka Okongwu (37751069),RJ Barrett (37751003),Naz Reid (37750978),Jarrett Allen (37751052),280.3467534722222,364.2698052107873,49800,100.00%,6,108.9%,0,191.17000000000002,$3.27,MIN 2,ATL 2,user7,46,marvalshot,11381,4647704639_7
Trae Young (37750915),Cole Anthony (37751114),Zaccharie Risacher (37751214),Paolo Banchero (37750942),Jalen Duren (37751019),Vince Williams Jr. (37751460),Evan Mobley (37750964),Davion Mitchell (37751323),268.151875,356.83537118525294,49900,93.79%,0,15.46%,0,174.22,$0.46,ATL 2,ORL 2,user7,50,marvalshot,5391,4647704640_7
Davion Mitchell (37751323),Cole Anthony (37751114),De'Andre Hunter (37751165),Evan Mobley (37750964),Onyeka Okongwu (37751069),Anthony Edwards (37750911),Nickeil Alexander-Walker (37751134),Jalen Duren (37751019),262.92609375,344.56905669473076,49400,31.49%,0,-88.95%,0,151.29000000000002,$-2.67,CLE 2,MIN 2,user6,1,marvalshot,11387,4647704641_6
Trae Young (37750915),Bradley Beal (37751061),RJ Barrett (37751003),Georges Niang (37751274),Wendell Carter Jr. (37751163),Vince Williams Jr. (37751460),Paolo Banchero (37750942),Jarrett Allen (37751052),288.22294270833333,372.87947298604956,49900,100.00%,14349,268.32%,0,157.16000000000003,$8.05,ATL 2,ORL 2,user8,50,marvalshot,2132,4647704632_8
Trae Young (37750915),Cole Anthony (37751114),Ausar Thompson (37751085),Georges Niang (37751274),Onyeka Okongwu (37751069),Anthony Edwards (37750911),Kelly Olynyk (37751258),Jarrett Allen (37751052),289.24015625000004,378.2642489076404,50000,100.00%,22072,340.74%,0,175.20000000000002,$10.22,ATL 3,ORL 1,user8,50,marvalshot,3840,4647704633_8
Cole Anthony (37751114),RJ Barrett (37751003),Franz Wagner (37750931),Paolo Banchero (37750942),Onyeka Okongwu (37751069),Vince Williams Jr. (37751460),Kelly Olynyk (37751258),Jarrett Allen (37751052),277.3180034722222,367.7087273667849,49800,100.00%,0,86.14%,0,214.11,$2.58,ORL 3,TOR 1,user8,50,marvalshot,5483,4647704634_8
Cole Anthony (37751114),RJ Barrett (37751003),Caris LeVert (37751093),Kelly Olynyk (37751258),Wendell Carter Jr. (37751163),Trae Young (37750915),Vince Williams Jr. (37751460),Cade Cunningham (37750905),270.46081597222224,360.0930211731421,49800,99.60%,0,56.81%,0,193.8,$1.7,ORL 2,ATL 2,user8,50,marvalshot,3760,4647704635_8
Jordan Poole (37750986),Cole Anthony (37751114),Ausar Thompson (37751085),Paolo Banchero (37750942),Onyeka Okongwu (37751069),Trae Young (37750915),Vince Williams Jr. (37751460),Kelly Olynyk (37751258),288.15937499999995,377.90600926267456,49800,100.00%,13385,252.37%,0,179.19,$7.57,ORL 2,ATL 2,user8,50,marvalshot,289,4647704636_8
Trae Young (37750915),Cole Anthony (37751114),Zaccharie Risacher (37751214),Paolo Banchero (37750942),Jarrett Allen (37751052),Vince Williams Jr. (37751460),Zion Williamson (37750934),Davion Mitchell (37751323),270.1853125,362.22391230857704,49900,98.92%,0,51.22%,0,180.04000000000002,$1.54,ATL 2,ORL 2,user8,48,marvalshot,11377,4647704637_8
Trae Young (37750915),Vince Williams Jr. (37751460),Zaccharie Risacher (37751214),Georges Niang (37751274),Wendell Carter Jr. (37751163),Donovan Mitchell (37750950),Kyshawn George (37751149),Cade Cunningham (37750905),275.52859375,359.1570498758105,49700,100.00%,0,76.42%,0,121.75,$2.29,ATL 3,MEM 1,user8,50,marvalshot,3150,4647704638_8
Anthony Edwards (37750911),Cole Anthony (37751114),Vince Williams Jr. (37751460),Zaccharie Risacher (37751214),Onyeka Okongwu (37751069),RJ Barrett (37751003),Naz Reid (37750978),Jarrett Allen (37751052),280.3467534722222,364.2698052107873,49800,100.00%,6,108.9%,0,191.17000000000002,$3.27,MIN 2,ATL 2,user8,46,marvalshot,11381,4647704639_8
Trae Young (37750915),Cole Anthony (37751114),Zaccharie Risacher (37751214),Paolo Banchero (37750942),Jalen Duren (37751019),Vince Williams Jr. (37751460),Evan Mobley (37750964),Davion Mitchell (37751323),268.151875,356.83537118525294,49900,93.79%,0,15.46%,0,174.22,$0.46,ATL 2,ORL 2,user8,50,marvalshot,5391,4647704640_8
Davion Mitchell (37751323),Cole Anthony (37751114),De'Andre Hunter (37751165),Santi Aldama (37751160),Onyeka Okongwu (37751069),Anthony Edwards (37750911),Evan Mobley (37750964),Jalen Duren (37751019),262.63609375,349.68905669473077,49200,28.00%,0,-90.43%,0,149.64,$-2.71,CLE 2,MIA 1,user18,1,marvalshot,11399,4647704641_18
Trae Young (37750915),Bradley Beal (37751061),RJ Barrett (37751003),Georges Niang (37751274),Wendell Carter Jr. (37751163),Vince Williams Jr. (37751460),Paolo Banchero (37750942),Jarrett Allen (37751052),288.22294270833333,372.87947298604956,49900,100.00%,14349,268.32%,0,157.16000000000003,$8.05,ATL 2,ORL 2,user9,50,marvalshot,2132,4647704632_9
Trae Young (37750915),Cole Anthony (37751114),Ausar Thompson (37751085),Georges Niang (37751274),Onyeka Okongwu (37751069),Anthony Edwards (37750911),Kelly Olynyk (37751258),Jarrett Allen (37751052),289.24015625000004,378.2642489076404,50000,100.00%,22072,340.74%,0,175.20000000000002,$10.22,ATL 3,ORL 1,user9,50,marvalshot,3840,4647704633_9
Cole Anthony (37751114),RJ Barrett (37751003),Franz Wagner (37750931),Paolo Banchero (37750942),Onyeka Okongwu (37751069),Vince Williams Jr. (37751460),Kelly Olynyk (37751258),Jarrett Allen (37751052),277.3180034722222,367.7087273667849,49800,100.00%,0,86.14%,0,214.11,$2.58,ORL 3,TOR 1,user9,50,marvalshot,5483,4647704634_9
Cole Anthony (37751114),RJ Barrett (37751003),Caris LeVert (37751093),Kelly Olynyk (37751258),Wendell Carter Jr. (37751163),Trae Young (37750915),Vince Williams Jr. (37751460),Cade Cunningham (37750905),270.46081597222224,360.0930211731421,49800,99.60%,0,56.81%,0,193.8,$1.7,ORL 2,ATL 2,user9,50,marvalshot,3760,4647704635_9
Jordan Poole (37750986),Cole Anthony (37751114),Ausar Thompson (37751085),Paolo Banchero (37750942),Onyeka Okongwu (37751069),Trae Young (37750915),Vince Williams Jr. (37751460),Kelly Olynyk (37751258),288.15937499999995,377.90600926267456,49800,100.00%,13385,252.37%,0,179.19,$7.57,ORL 2,ATL 2,user9,50,marvalshot,289,4647704636_9
Trae Young (37750915),Cole Anthony (37751114),Zaccharie Risacher (37751214),Paolo Banchero (37750942),Jarrett Allen (37751052),Vince Williams Jr. (37751460),Zion Williamson (37750934),Davion Mitchell (37751323),270.1853125,362.22391230857704,49900,98.92%,0,51.22%,0,180.04000000000002,$1.54,ATL 2,ORL 2,user9,48,marvalshot,11377,4647704637_9
Trae Young (37750915),Vince Williams Jr. (37751460),Zaccharie Risacher (37751214),Georges Niang (37751274),Wendell Carter Jr. (37751163),Donovan Mitchell (37750950),Kyshawn George (37751149),Cade Cunningham (37750905),275.52859375,359.1570498758105,49700,100.00%,0,76.42%,0,121.75,$2.29,ATL 3,MEM 1,user9,50,marvalshot,3150,4647704638_9
Anthony Edwards (37750911),Cole Anthony (37751114),Vince Williams Jr. (37751460),Zaccharie Risacher (37751214),Onyeka Okongwu (37751069),RJ Barrett (37751003),Naz Reid (37750978),Jarrett Allen (37751052),280.3467534722222,364.2698052107873,49800,100.00%,6,108.9%,0,191.17000000000002,$3.27,MIN 2,ATL 2,user9,46,marvalshot,11381,4647704639_9
Trae Young (37750915),Cole Anthony (37751114),Zaccharie Risacher (37751214),Paolo Banchero (37750942),Jalen Duren (37751019),Vince Williams Jr. (37751460),Evan Mobley (37750964),Davion Mitchell (37751323),268.151875,356.83537118525294,49900,93.79%,0,15.46%,0,174.22,$0.46,ATL 2,ORL 2,user9,50,marvalshot,5391,4647704640_9
Davion Mitchell (37751323),Cole Anthony (37751114),De'Andre Hunter (37751165),Evan Mobley (37750964),Onyeka Okongwu (37751069),Shai Gilgeous-Alexander (37750902),Kelly Olynyk (37751258),Jalen Duren (37751019),262.53609374999996,355.0190566947307,50000,26.79%,0,-91.4%,0,154.46,$-2.74,CLE 2,MIA 1,user2,1,marvalshot,11383,4647704641_2
Trae Young (37750915),Bradley Beal (37751061),RJ Barrett (37751003),Georges Niang (37751274),Wendell Carter Jr. (37751163),Vince Williams Jr. (37751460),Paolo Banchero (37750942),Jarrett Allen (37751052),288.22294270833333,372.87947298604956,49900,100.00%,14349,268.32%,0,157.16000000000003,$8.05,ATL 2,ORL 2,user10,50,marvalshot,2132,4647704632_10
Trae Young (37750915),Cole Anthony (37751114),Ausar Thompson (37751085),Georges Niang (37751274),Onyeka Okongwu (37751069),Anthony Edwards (37750911),Kelly Olynyk (37751258),Jarrett Allen (37751052),289.24015625000004,378.2642489076404,50000,100.00%,22072,340.74%,0,175.20000000000002,$10.22,ATL 3,ORL 1,user10,50,marvalshot,3840,4647704633_10
Cole Anthony (37751114),RJ Barrett (37751003),Franz Wagner (37750931),Paolo Banchero (37750942),Onyeka Okongwu (37751069),Vince Williams Jr. (37751460),Kelly Olynyk (37751258),Jarrett Allen (37751052),277.3180034722222,367.7087273667849,49800,100.00%,0,86.14%,0,214.11,$2.58,ORL 3,TOR 1,user10,50,marvalshot,5483,4647704634_10
Cole Anthony (37751114),RJ Barrett (37751003),Caris LeVert (37751093),Kelly Olynyk (37751258),Wendell Carter Jr. (37751163),Trae Young (37750915),Vince Williams Jr. (37751460),Cade Cunningham (37750905),270.46081597222224,360.0930211731421,49800,99.60%,0,56.81%,0,193.8,$1.7,ORL 2,ATL 2,user10,50,marvalshot,3760,4647704635_10
Jordan Poole (37750986),Cole Anthony (37751114),Ausar Thompson (37751085),Paolo Banchero (37750942),Onyeka Okongwu (37751069),Trae Young (37750915),Vince Williams Jr. (37751460),Kelly Olynyk (37751258),288.15937499999995,377.90600926267456,49800,100.00%,13385,252.37%,0,179.19,$7.57,ORL 2,ATL 2,user10,50,marvalshot,289,4647704636_10
Trae Young (37750915),Cole Anthony (37751114),Zaccharie Risacher (37751214),Paolo Banchero (37750942),Jarrett Allen (37751052),Vince Williams Jr. (37751460),Zion Williamson (37750934),Davion Mitchell (37751323),270.1853125,362.22391230857704,49900,98.92%,0,51.22%,0,180.04000000000002,$1.54,ATL 2,ORL 2,user10,48,marvalshot,11377,4647704637_10
Trae Young (37750915),Vince Williams Jr. (37751460),Zaccharie Risacher (37751214),Georges Niang (37751274),Wendell Carter Jr. (37751163),Donovan Mitchell (37750950),Kyshawn George (37751149),Cade Cunningham (37750905),275.52859375,359.1570498758105,49700,100.00%,0,76.42%,0,121.75,$2.29,ATL 3,MEM 1,user10,50,marvalshot,3150,4647704638_10
Anthony Edwards (37750911),Cole Anthony (37751114),Vince Williams Jr. (37751460),Zaccharie Risacher (37751214),Onyeka Okongwu (37751069),RJ Barrett (37751003),Naz Reid (37750978),Jarrett Allen (37751052),280.3467534722222,364.2698052107873,49800,100.00%,6,108.9%,0,191.17000000000002,$3.27,MIN 2,ATL 2,user10,46,marvalshot,11381,4647704639_10
Trae Young (37750915),Cole Anthony (37751114),Zaccharie Risacher (37751214),Paolo Banchero (37750942),Jalen Duren (37751019),Vince Williams Jr. (37751460),Evan Mobley (37750964),Davion Mitchell (37751323),268.151875,356.83537118525294,49900,93.79%,0,15.46%,0,174.22,$0.46,ATL 2,ORL 2,user10,50,marvalshot,5391,4647704640_10
Davion Mitchell (37751323),Cole Anthony (37751114),Devin Vassell (37751039),Evan Mobley (37750964),Onyeka Okongwu (37751069),Donovan Mitchell (37750950),Max Strus (37751223),Jalen Duren (37751019),262.33609375000003,348.2790566947308,49700,24.33%,0,-92.48%,0,138.66,$-2.77,CLE 3,MIA 1,user17,1,marvalshot,11398,4647704641_17
Trae Young (37750915),Bradley Beal (37751061),RJ Barrett (37751003),Georges Niang (37751274),Wendell Carter Jr. (37751163),Vince Williams Jr. (37751460),Paolo Banchero (37750942),Jarrett Allen (37751052),288.22294270833333,372.87947298604956,49900,100.00%,14349,268.32%,0,157.16000000000003,$8.05,ATL 2,ORL 2,user11,50,marvalshot,2132,4647704632_11
Trae Young (37750915),Cole Anthony (37751114),Ausar Thompson (37751085),Georges Niang (37751274),Onyeka Okongwu (37751069),Anthony Edwards (37750911),Kelly Olynyk (37751258),Jarrett Allen (37751052),289.24015625000004,378.2642489076404,50000,100.00%,22072,340.74%,0,175.20000000000002,$10.22,ATL 3,ORL 1,user11,50,marvalshot,3840,4647704633_11
Cole Anthony (37751114),RJ Barrett (37751003),Franz Wagner (37750931),Paolo Banchero (37750942),Onyeka Okongwu (37751069),Vince Williams Jr. (37751460),Kelly Olynyk (37751258),Jarrett Allen (37751052),277.3180034722222,367.7087273667849,49800,100.00%,0,86.14%,0,214.11,$2.58,ORL 3,TOR 1,user11,50,marvalshot,5483,4647704634_11
Cole Anthony (37751114),RJ Barrett (37751003),Caris LeVert (37751093),Kelly Olynyk (37751258),Wendell Carter Jr. (37751163),Trae Young (37750915),Vince Williams Jr. (37751460),Cade Cunningham (37750905),270.46081597222224,360.0930211731421,49800,99.60%,0,56.81%,0,193.8,$1.7,ORL 2,ATL 2,user11,50,marvalshot,3760,4647704635_11
Jordan Poole (37750986),Cole Anthony (37751114),Ausar Thompson (37751085),Paolo Banchero (37750942),Onyeka Okongwu (37751069),Trae Young (37750915),Vince Williams Jr. (37751460),Kelly Olynyk (37751258),288.15937499999995,377.90600926267456,49800,100.00%,13385,252.37%,0,179.19,$7.57,ORL 2,ATL 2,user11,50,marvalshot,289,4647704636_11
Trae Young (37750915),Cole Anthony (37751114),Zaccharie Risacher (37751214),Paolo Banchero (37750942),Jarrett Allen (37751052),Vince Williams Jr. (37751460),Zion Williamson (37750934),Davion Mitchell (37751323),270.1853125,362.22391230857704,49900,98.92%,0,51.22%,0,180.04000000000002,$1.54,ATL 2,ORL 2,user11,48,marvalshot,11377,4647704637_11
Trae Young (37750915),Vince Williams Jr. (37751460),Zaccharie Risacher (37751214),Georges Niang (37751274),Wendell Carter Jr. (37751163),Donovan Mitchell (37750950),Kyshawn George (37751149),Cade Cunningham (37750905),275.52859375,359.1570498758105,49700,100.00%,0,76.42%,0,121.75,$2.29,ATL 3,MEM 1,user11,50,marvalshot,3150,4647704638_11
Anthony Edwards (37750911),Cole Anthony (37751114),Vince Williams Jr. (37751460),Zaccharie Risacher (37751214),Onyeka Okongwu (37751069),RJ Barrett (37751003),Naz Reid (37750978),Jarrett Allen (37751052),280.3467534722222,364.2698052107873,49800,100.00%,6,108.9%,0,191.17000000000002,$3.27,MIN 2,ATL 2,user11,46,marvalshot,11381,4647704639_11
Trae Young (37750915),Cole Anthony (37751114),Zaccharie Risacher (37751214),Paolo Banchero (37750942),Jalen Duren (37751019),Vince Williams Jr. (37751460),Evan Mobley (37750964),Davion Mitchell (37751323),268.151875,356.83537118525294,49900,93.79%,0,15.46%,0,174.22,$0.46,ATL 2,ORL 2,user11,50,marvalshot,5391,4647704640_11
Davion Mitchell (37751323),Cole Anthony (37751114),Devin Vassell (37751039),Evan Mobley (37750964),Onyeka Okongwu (37751069),Donovan Mitchell (37750950),Kelly Olynyk (37751258),Jalen Duren (37751019),262.05609375000006,350.9990566947308,49500,20.96%,0,-94.31%,0,152.92,$-2.83,CLE 2,MIA 1,user8,1,marvalshot,11389,4647704641_8
Trae Young (37750915),Bradley Beal (37751061),RJ Barrett (37751003),Georges Niang (37751274),Wendell Carter Jr. (37751163),Vince Williams Jr. (37751460),Paolo Banchero (37750942),Jarrett Allen (37751052),288.22294270833333,372.87947298604956,49900,100.00%,14349,268.32%,0,157.16000000000003,$8.05,ATL 2,ORL 2,user12,50,marvalshot,2132,4647704632_12
Trae Young (37750915),Cole Anthony (37751114),Ausar Thompson (37751085),Georges Niang (37751274),Onyeka Okongwu (37751069),Anthony Edwards (37750911),Kelly Olynyk (37751258),Jarrett Allen (37751052),289.24015625000004,378.2642489076404,50000,100.00%,22072,340.74%,0,175.20000000000002,$10.22,ATL 3,ORL 1,user12,50,marvalshot,3840,4647704633_12
Cole Anthony (37751114),RJ Barrett (37751003),Franz Wagner (37750931),Paolo Banchero (37750942),Onyeka Okongwu (37751069),Vince Williams Jr. (37751460),Kelly Olynyk (37751258),Jarrett Allen (37751052),277.3180034722222,367.7087273667849,49800,100.00%,0,86.14%,0,214.11,$2.58,ORL 3,TOR 1,user12,50,marvalshot,5483,4647704634_12
Cole Anthony (37751114),RJ Barrett (37751003),Caris LeVert (37751093),Kelly Olynyk (37751258),Wendell Carter Jr. (37751163),Trae Young (37750915),Vince Williams Jr. (37751460),Cade Cunningham (37750905),270.46081597222224,360.0930211731421,49800,99.60%,0,56.81%,0,193.8,$1.7,ORL 2,ATL 2,user12,50,marvalshot,3760,4647704635_12
Jordan Poole (37750986),Cole Anthony (37751114),Ausar Thompson (37751085),Paolo Banchero (37750942),Onyeka Okongwu (37751069),Trae Young (37750915),Vince Williams Jr. (37751460),Kelly Olynyk (37751258),288.15937499999995,377.90600926267456,49800,100.00%,13385,252.37%,0,179.19,$7.57,ORL 2,ATL 2,user12,50,marvalshot,289,4647704636_12
Trae Young (37750915),Cole Anthony (37751114),Zaccharie Risacher (37751214),Paolo Banchero (37750942),Jarrett Allen (37751052),Vince Williams Jr. (37751460),Zion Williamson (37750934),Davion Mitchell (37751323),270.1853125,362.22391230857704,49900,98.92%,0,51.22%,0,180.04000000000002,$1.54,ATL 2,ORL 2,user12,48,marvalshot,11377,4647704637_12
Trae Young (37750915),Vince Williams Jr. (37751460),Zaccharie Risacher (37751214),Georges Niang (37751274),Wendell Carter Jr. (37751163),Donovan Mitchell (37750950),Kyshawn George (37751149),Cade Cunningham (37750905),275.52859375,359.1570498758105,49700,100.00%,0,76.42%,0,121.75,$2.29,ATL 3,MEM 1,user12,50,marvalshot,3150,4647704638_12
Anthony Edwards (37750911),Cole Anthony (37751114),Vince Williams Jr. (37751460),Zaccharie Risacher (37751214),Onyeka Okongwu (37751069),RJ Barrett (37751003),Naz Reid (37750978),Jarrett Allen (37751052),280.3467534722222,364.2698052107873,49800,100.00%,6,108.9%,0,191.17000000000002,$3.27,MIN 2,ATL 2,user12,46,marvalshot,11381,4647704639_12
Trae Young (37750915),Cole Anthony (37751114),Zaccharie Risacher (37751214),Paolo Banchero (37750942),Jalen Duren (37751019),Vince Williams Jr. (37751460),Evan Mobley (37750964),Davion Mitchell (37751323),268.151875,356.83537118525294,49900,93.79%,0,15.46%,0,174.22,$0.46,ATL 2,ORL 2,user12,50,marvalshot,5391,4647704640_12
Davion Mitchell (37751323),Cole Anthony (37751114),Jaden McDaniels (37751034),Evan Mobley (37750964),Onyeka Okongwu (37751069),Anthony Edwards (37750911),Vince Williams Jr. (37751460),Jalen Duren (37751019),261.87609375000005,344.8290566947308,49600,18.53%,0,-95.5%,0,160.6,$-2.87,MIN 2,MIA 1,user15,1,marvalshot,11396,4647704641_15
Trae Young (37750915),Bradley Beal (37751061),RJ Barrett (37751003),Georges Niang (37751274),Wendell Carter Jr. (37751163),Vince Williams Jr. (37751460),Paolo Banchero (37750942),Jarrett Allen (37751052),288.22294270833333,372.87947298604956,49900,100.00%,14349,268.32%,0,157.16000000000003,$8.05,ATL 2,ORL 2,user13,50,marvalshot,2132,4647704632_13
Trae Young (37750915),Cole Anthony (37751114),Ausar Thompson (37751085),Georges Niang (37751274),Onyeka Okongwu (37751069),Anthony Edwards (37750911),Kelly Olynyk (37751258),Jarrett Allen (37751052),289.24015625000004,378.2642489076404,50000,100.00%,22072,340.74%,0,175.20000000000002,$10.22,ATL 3,ORL 1,user13,50,marvalshot,3840,4647704633_13
Cole Anthony (37751114),RJ Barrett (37751003),Franz Wagner (37750931),Paolo Banchero (37750942),Onyeka Okongwu (37751069),Vince Williams Jr. (37751460),Kelly Olynyk (37751258),Jarrett Allen (37751052),277.3180034722222,367.7087273667849,49800,100.00%,0,86.14%,0,214.11,$2.58,ORL 3,TOR 1,user13,50,marvalshot,5483,4647704634_13
Cole Anthony (37751114),RJ Barrett (37751003),Caris LeVert (37751093),Kelly Olynyk (37751258),Wendell Carter Jr. (37751163),Trae Young (37750915),Vince Williams Jr. (37751460),Cade Cunningham (37750905),270.46081597222224,360.0930211731421,49800,99.60%,0,56.81%,0,193.8,$1.7,ORL 2,ATL 2,user13,50,marvalshot,3760,4647704635_13
Jordan Poole (37750986),Cole Anthony (37751114),Ausar Thompson (37751085),Paolo Banchero (37750942),Onyeka Okongwu (37751069),Trae Young (37750915),Vince Williams Jr. (37751460),Kelly Olynyk (37751258),288.15937499999995,377.90600926267456,49800,100.00%,13385,252.37%,0,179.19,$7.57,ORL 2,ATL 2,user13,50,marvalshot,289,4647704636_13
Trae Young (37750915),Cole Anthony (37751114),Zaccharie Risacher (37751214),Paolo Banchero (37750942),Jarrett Allen (37751052),Vince Williams Jr. (37751460),Zion Williamson (37750934),Davion Mitchell (37751323),270.1853125,362.22391230857704,49900,98.92%,0,51.22%,0,180.04000000000002,$1.54,ATL 2,ORL 2,user13,48,marvalshot,11377,4647704637_13
Trae Young (37750915),Vince Williams Jr. (37751460),Zaccharie Risacher (37751214),Georges Niang (37751274),Wendell Carter Jr. (37751163),Donovan Mitchell (37750950),Kyshawn George (37751149),Cade Cunningham (37750905),275.52859375,359.1570498758105,49700,100.00%,0,76.42%,0,121.75,$2.29,ATL 3,MEM 1,user13,50,marvalshot,3150,4647704638_13
Anthony Edwards (37750911),Cole Anthony (37751114),Vince Williams Jr. (37751460),Zaccharie Risacher (37751214),Onyeka Okongwu (37751069),RJ Barrett (37751003),Naz Reid (37750978),Jarrett Allen (37751052),280.3467534722222,364.2698052107873,49800,100.00%,6,108.9%,0,191.17000000000002,$3.27,MIN 2,ATL 2,user13,46,marvalshot,11381,4647704639_13
Trae Young (37750915),Cole Anthony (37751114),Zaccharie Risacher (37751214),Paolo Banchero (37750942),Jalen Duren (37751019),Vince Williams Jr. (37751460),Evan Mobley (37750964),Davion Mitchell (37751323),268.151875,356.83537118525294,49900,93.79%,0,15.46%,0,174.22,$0.46,ATL 2,ORL 2,user13,50,marvalshot,5391,4647704640_13
Davion Mitchell (37751323),Cole Anthony (37751114),Nickeil Alexander-Walker (37751134),De'Andre Hunter (37751165),Onyeka Okongwu (37751069),Donovan Mitchell (37750950),Evan Mobley (37750964),Jalen Duren (37751019),261.74609375,345.1690566947308,48500,17.47%,0,-95.62%,0,147.37,$-2.87,CLE 3,MIA 1,user22,1,marvalshot,11403,4647704641_22
Trae Young (37750915),Bradley Beal (37751061),RJ Barrett (37751003),Georges Niang (37751274),Wendell Carter Jr. (37751163),Vince Williams Jr. (37751460),Paolo Banchero (37750942),Jarrett Allen (37751052),288.22294270833333,372.87947298604956,49900,100.00%,14349,268.32%,0,157.16000000000003,$8.05,ATL 2,ORL 2,user14,50,marvalshot,2132,4647704632_14
Trae Young (37750915),Cole Anthony (37751114),Ausar Thompson (37751085),Georges Niang (37751274),Onyeka Okongwu (37751069),Anthony Edwards (37750911),Kelly Olynyk (37751258),Jarrett Allen (37751052),289.24015625000004,378.2642489076404,50000,100.00%,22072,340.74%,0,175.20000000000002,$10.22,ATL 3,ORL 1,user14,50,marvalshot,3840,4647704633_14
Cole Anthony (37751114),RJ Barrett (37751003),Franz Wagner (37750931),Paolo Banchero (37750942),Onyeka Okongwu (37751069),Vince Williams Jr. (37751460),Kelly Olynyk (37751258),Jarrett Allen (37751052),277.3180034722222,367.7087273667849,49800,100.00%,0,86.14%,0,214.11,$2.58,ORL 3,TOR 1,user14,50,marvalshot,5483,4647704634_14
Cole Anthony (37751114),RJ Barrett (37751003),Caris LeVert (37751093),Kelly Olynyk (37751258),Wendell Carter Jr. (37751163),Trae Young (37750915),Vince Williams Jr. (37751460),Cade Cunningham (37750905),270.46081597222224,360.0930211731421,49800,99.60%,0,56.81%,0,193.8,$1.7,ORL 2,ATL 2,user14,50,marvalshot,3760,4647704635_14
Jordan Poole (37750986),Cole Anthony (37751114),Ausar Thompson (37751085),Paolo Banchero (37750942),Onyeka Okongwu (37751069),Trae Young (37750915),Vince Williams Jr. (37751460),Kelly Olynyk (37751258),288.15937499999995,377.90600926267456,49800,100.00%,13385,252.37%,0,179.19,$7.57,ORL 2,ATL 2,user14,50,marvalshot,289,4647704636_14
Trae Young (37750915),Cole Anthony (37751114),Zaccharie Risacher (37751214),Paolo Banchero (37750942),Jarrett Allen (37751052),Vince Williams Jr. (37751460),Zion Williamson (37750934),Davion Mitchell (37751323),270.1853125,362.22391230857704,49900,98.92%,0,51.22%,0,180.04000000000002,$1.54,ATL 2,ORL 2,user14,48,marvalshot,11377,4647704637_14
Trae Young (37750915),Vince Williams Jr. (37751460),Zaccharie Risacher (37751214),Georges Niang (37751274),Wendell Carter Jr. (37751163),Donovan Mitchell (37750950),Kyshawn George (37751149),Cade Cunningham (37750905),275.52859375,359.1570498758105,49700,100.00%,0,76.42%,0,121.75,$2.29,ATL 3,MEM 1,user14,50,marvalshot,3150,4647704638_14
Anthony Edwards (37750911),Cole Anthony (37751114),Vince Williams Jr. (37751460),Zaccharie Risacher (37751214),Onyeka Okongwu (37751069),RJ Barrett (37751003),Naz Reid (37750978),Jarrett Allen (37751052),280.3467534722222,364.2698052107873,49800,100.00%,6,108.9%,0,191.17000000000002,$3.27,MIN 2,ATL 2,user14,46,marvalshot,11381,4647704639_14
Trae Young (37750915),Cole Anthony (37751114),Zaccharie Risacher (37751214),Paolo Banchero (37750942),Jalen Duren (37751019),Vince Williams Jr. (37751460),Evan Mobley (37750964),Davion Mitchell (37751323),268.151875,356.83537118525294,49900,93.79%,0,15.46%,0,174.22,$0.46,ATL 2,ORL 2,user14,50,marvalshot,5391,4647704640_14
Davion Mitchell (37751323),Cole Anthony (37751114),Nickeil Alexander-Walker (37751134),Evan Mobley (37750964),Onyeka Okongwu (37751069),Anthony Edwards (37750911),Santi Aldama (37751160),Jalen Duren (37751019),261.68609375000005,344.7490566947308,49400,16.88%,0,-95.94%,0,154.99,$-2.88,MIN 2,MIA 1,user12,1,marvalshot,11393,4647704641_12
Trae Young (37750915),Bradley Beal (37751061),RJ Barrett (37751003),Georges Niang (37751274),Wendell Carter Jr. (37751163),Vince Williams Jr. (37751460),Paolo Banchero (37750942),Jarrett Allen (37751052),288.22294270833333,372.87947298604956,49900,100.00%,14349,268.32%,0,157.16000000000003,$8.05,ATL 2,ORL 2,user15,50,marvalshot,2132,4647704632_15
Trae Young (37750915),Cole Anthony (37751114),Ausar Thompson (37751085),Georges Niang (37751274),Onyeka Okongwu (37751069),Anthony Edwards (37750911),Kelly Olynyk (37751258),Jarrett Allen (37751052),289.24015625000004,378.2642489076404,50000,100.00%,22072,340.74%,0,175.20000000000002,$10.22,ATL 3,ORL 1,user15,50,marvalshot,3840,4647704633_15
Cole Anthony (37751114),RJ Barrett (37751003),Franz Wagner (37750931),Paolo Banchero (37750942),Onyeka Okongwu (37751069),Vince Williams Jr. (37751460),Kelly Olynyk (37751258),Jarrett Allen (37751052),277.3180034722222,367.7087273667849,49800,100.00%,0,86.14%,0,214.11,$2.58,ORL 3,TOR 1,user15,50,marvalshot,5483,4647704634_15
Cole Anthony (37751114),RJ Barrett (37751003),Caris LeVert (37751093),Kelly Olynyk (37751258),Wendell Carter Jr. (37751163),Trae Young (37750915),Vince Williams Jr. (37751460),Cade Cunningham (37750905),270.46081597222224,360.0930211731421,49800,99.60%,0,56.81%,0,193.8,$1.7,ORL 2,ATL 2,user15,50,marvalshot,3760,4647704635_15
Jordan Poole (37750986),Cole Anthony (37751114),Ausar Thompson (37751085),Paolo Banchero (37750942),Onyeka Okongwu (37751069),Trae Young (37750915),Vince Williams Jr. (37751460),Kelly Olynyk (37751258),288.15937499999995,377.90600926267456,49800,100.00%,13385,252.37%,0,179.19,$7.57,ORL 2,ATL 2,user15,50,marvalshot,289,4647704636_15
Trae Young (37750915),Cole Anthony (37751114),Zaccharie Risacher (37751214),Paolo Banchero (37750942),Jarrett Allen (37751052),Vince Williams Jr. (37751460),Zion Williamson (37750934),Davion Mitchell (37751323),270.1853125,362.22391230857704,49900,98.92%,0,51.22%,0,180.04000000000002,$1.54,ATL 2,ORL 2,user15,48,marvalshot,11377,4647704637_15
Trae Young (37750915),Vince Williams Jr. (37751460),Zaccharie Risacher (37751214),Georges Niang (37751274),Wendell Carter Jr. (37751163),Donovan Mitchell (37750950),Kyshawn George (37751149),Cade Cunningham (37750905),275.52859375,359.1570498758105,49700,100.00%,0,76.42%,0,121.75,$2.29,ATL 3,MEM 1,user15,50,marvalshot,3150,4647704638_15
Anthony Edwards (37750911),Cole Anthony (37751114),Vince Williams Jr. (37751460),Zaccharie Risacher (37751214),Onyeka Okongwu (37751069),RJ Barrett (37751003),Naz Reid (37750978),Jarrett Allen (37751052),280.3467534722222,364.2698052107873,49800,100.00%,6,108.9%,0,191.17000000000002,$3.27,MIN 2,ATL 2,user15,46,marvalshot,11381,4647704639_15
Trae Young (37750915),Cole Anthony (37751114),Zaccharie Risacher (37751214),Paolo Banchero (37750942),Jalen Duren (37751019),Vince Williams Jr. (37751460),Evan Mobley (37750964),Davion Mitchell (37751323),268.151875,356.83537118525294,49900,93.79%,0,15.46%,0,174.22,$0.46,ATL 2,ORL 2,user15,50,marvalshot,5391,4647704640_15
Davion Mitchell (37751323),Cole Anthony (37751114),De'Andre Hunter (37751165),Evan Mobley (37750964),Onyeka Okongwu (37751069),Donovan Mitchell (37750950),Santi Aldama (37751160),Jalen Duren (37751019),261.45609375000004,350.2890566947308,48300,15.21%,0,-96.5%,0,145.72,$-2.89,CLE 3,MIA 1,user23,1,marvalshot,11404,4647704641_23
Trae Young (37750915),Bradley Beal (37751061),RJ Barrett (37751003),Georges Niang (37751274),Wendell Carter Jr. (37751163),Vince Williams Jr. (37751460),Paolo Banchero (37750942),Jarrett Allen (37751052),288.22294270833333,372.87947298604956,49900,100.00%,14349,268.32%,0,157.16000000000003,$8.05,ATL 2,ORL 2,user16,50,marvalshot,2132,4647704632_16
Trae Young (37750915),Cole Anthony (37751114),Ausar Thompson (37751085),Georges Niang (37751274),Onyeka Okongwu (37751069),Anthony Edwards (37750911),Kelly Olynyk (37751258),Jarrett Allen (37751052),289.24015625000004,378.2642489076404,50000,100.00%,22072,340.74%,0,175.20000000000002,$10.22,ATL 3,ORL 1,user16,50,marvalshot,3840,4647704633_16
Cole Anthony (37751114),RJ Barrett (37751003),Franz Wagner (37750931),Paolo Banchero (37750942),Onyeka Okongwu (37751069),Vince Williams Jr. (37751460),Kelly Olynyk (37751258),Jarrett Allen (37751052),277.3180034722222,367.7087273667849,49800,100.00%,0,86.14%,0,214.11,$2.58,ORL 3,TOR 1,user16,50,marvalshot,5483,4647704634_16
Cole Anthony (37751114),RJ Barrett (37751003),Caris LeVert (37751093),Kelly Olynyk (37751258),Wendell Carter Jr. (37751163),Trae Young (37750915),Vince Williams Jr. (37751460),Cade Cunningham (37750905),270.46081597222224,360.0930211731421,49800,99.60%,0,56.81%,0,193.8,$1.7,ORL 2,ATL 2,user16,50,marvalshot,3760,4647704635_16
Jordan Poole (37750986),Cole Anthony (37751114),Ausar Thompson (37751085),Paolo Banchero (37750942),Onyeka Okongwu (37751069),Trae Young (37750915),Vince Williams Jr. (37751460),Kelly Olynyk (37751258),288.15937499999995,377.90600926267456,49800,100.00%,13385,252.37%,0,179.19,$7.57,ORL 2,ATL 2,user16,50,marvalshot,289,4647704636_16
Trae Young (37750915),Cole Anthony (37751114),Zaccharie Risacher (37751214),Paolo Banchero (37750942),Jarrett Allen (37751052),Vince Williams Jr. (37751460),Zion Williamson (37750934),Davion Mitchell (37751323),270.1853125,362.22391230857704,49900,98.92%,0,51.22%,0,180.04000000000002,$1.54,ATL 2,ORL 2,user16,48,marvalshot,11377,4647704637_16
Trae Young (37750915),Vince Williams Jr. (37751460),Zaccharie Risacher (37751214),Georges Niang (37751274),Wendell Carter Jr. (37751163),Donovan Mitchell (37750950),Kyshawn George (37751149),Cade Cunningham (37750905),275.52859375,359.1570498758105,49700,100.00%,0,76.42%,0,121.75,$2.29,ATL 3,MEM 1,user16,50,marvalshot,3150,4647704638_16
Anthony Edwards (37750911),Cole Anthony (37751114),Vince Williams Jr. (37751460),Zaccharie Risacher (37751214),Onyeka Okongwu (37751069),RJ Barrett (37751003),Naz Reid (37750978),Jarrett Allen (37751052),280.3467534722222,364.2698052107873,49800,100.00%,6,108.9%,0,191.17000000000002,$3.27,MIN 2,ATL 2,user16,46,marvalshot,11381,4647704639_16
Trae Young (37750915),Cole Anthony (37751114),Zaccharie Risacher (37751214),Paolo Banchero (37750942),Jalen Duren (37751019),Vince Williams Jr. (37751460),Evan Mobley (37750964),Davion Mitchell (37751323),268.151875,356.83537118525294,49900,93.79%,0,15.46%,0,174.22,$0.46,ATL 2,ORL 2,user16,50,marvalshot,5391,4647704640_16
Davion Mitchell (37751323),Cole Anthony (37751114),Devin Vassell (37751039),Karlo Matkovic (37751232),Onyeka Okongwu (37751069),Donovan Mitchell (37750950),Evan Mobley (37750964),Jalen Duren (37751019),261.12609375,347.53905669473073,49700,12.88%,0,-97.02%,0,135.62,$-2.91,CLE 2,MIA 1,user1,1,marvalshot,11382,4647704641_1
Trae Young (37750915),Bradley Beal (37751061),RJ Barrett (37751003),Georges Niang (37751274),Wendell Carter Jr. (37751163),Vince Williams Jr. (37751460),Paolo Banchero (37750942),Jarrett Allen (37751052),288.22294270833333,372.87947298604956,49900,100.00%,14349,268.32%,0,157.16000000000003,$8.05,ATL 2,ORL 2,user17,50,marvalshot,2132,4647704632_17
Trae Young (37750915),Cole Anthony (37751114),Ausar Thompson (37751085),Georges Niang (37751274),Onyeka Okongwu (37751069),Anthony Edwards (37750911),Kelly Olynyk (37751258),Jarrett Allen (37751052),289.24015625000004,378.2642489076404,50000,100.00%,22072,340.74%,0,175.20000000000002,$10.22,ATL 3,ORL 1,user17,50,marvalshot,3840,4647704633_17
Cole Anthony (37751114),RJ Barrett (37751003),Franz Wagner (37750931),Paolo Banchero (37750942),Onyeka Okongwu (37751069),Vince Williams Jr. (37751460),Kelly Olynyk (37751258),Jarrett Allen (37751052),277.3180034722222,367.7087273667849,49800,100.00%,0,86.14%,0,214.11,$2.58,ORL 3,TOR 1,user17,50,marvalshot,5483,4647704634_17
Cole Anthony (37751114),RJ Barrett (37751003),Caris LeVert (37751093),Kelly Olynyk (37751258),Wendell Carter Jr. (37751163),Trae Young (37750915),Vince Williams Jr. (37751460),Cade Cunningham (37750905),270.46081597222224,360.0930211731421,49800,99.60%,0,56.81%,0,193.8,$1.7,ORL 2,ATL 2,user17,50,marvalshot,3760,4647704635_17
Jordan Poole (37750986),Cole Anthony (37751114),Ausar Thompson (37751085),Paolo Banchero (37750942),Onyeka Okongwu (37751069),Trae Young (37750915),Vince Williams Jr. (37751460),Kelly Olynyk (37751258),288.15937499999995,377.90600926267456,49800,100.00%,13385,252.37%,0,179.19,$7.57,ORL 2,ATL 2,user17,50,marvalshot,289,4647704636_17
Trae Young (37750915),Cole Anthony (37751114),Zaccharie Risacher (37751214),Paolo Banchero (37750942),Jarrett Allen (37751052),Vince Williams Jr. (37751460),Zion Williamson (37750934),Davion Mitchell (37751323),270.1853125,362.22391230857704,49900,98.92%,0,51.22%,0,180.04000000000002,$1.54,ATL 2,ORL 2,user17,48,marvalshot,11377,4647704637_17
Trae Young (37750915),Vince Williams Jr. (37751460),Zaccharie Risacher (37751214),Georges Niang (37751274),Wendell Carter Jr. (37751163),Donovan Mitchell (37750950),Kyshawn George (37751149),Cade Cunningham (37750905),275.52859375,359.1570498758105,49700,100.00%,0,76.42%,0,121.75,$2.29,ATL 3,MEM 1,user17,50,marvalshot,3150,4647704638_17
Anthony Edwards (37750911),Cole Anthony (37751114),Vince Williams Jr. (37751460),Zaccharie Risacher (37751214),Onyeka Okongwu (37751069),RJ Barrett (37751003),Naz Reid (37750978),Jarrett Allen (37751052),280.3467534722222,364.2698052107873,49800,100.00%,6,108.9%,0,191.17000000000002,$3.27,MIN 2,ATL 2,user17,46,marvalshot,11381,4647704639_17
Trae Young (37750915),Cole Anthony (37751114),Zaccharie Risacher (37751214),Paolo Banchero (37750942),Jalen Duren (37751019),Vince Williams Jr. (37751460),Evan Mobley (37750964),Davion Mitchell (37751323),268.151875,356.83537118525294,49900,93.79%,0,15.46%,0,174.22,$0.46,ATL 2,ORL 2,user17,50,marvalshot,5391,4647704640_17
Davion Mitchell (37751323),Cole Anthony (37751114),Max Strus (37751223),De'Andre Hunter (37751165),Onyeka Okongwu (37751069),Anthony Edwards (37750911),Evan Mobley (37750964),Jalen Duren (37751019),260.98609375,345.24905669473077,48800,11.31%,0,-97.74%,0,144.13,$-2.93,CLE 3,MIA 1,user26,1,marvalshot,11407,4647704641_26
Trae Young (37750915),Bradley Beal (37751061),RJ Barrett (37751003),Georges Niang (37751274),Wendell Carter Jr. (37751163),Vince Williams Jr. (37751460),Paolo Banchero (37750942),Jarrett Allen (37751052),288.22294270833333,372.87947298604956,49900,100.00%,14349,268.32%,0,157.16000000000003,$8.05,ATL 2,ORL 2,user18,50,marvalshot,2132,4647704632_18
Trae Young (37750915),Cole Anthony (37751114),Ausar Thompson (37751085),Georges Niang (37751274),Onyeka Okongwu (37751069),Anthony Edwards (37750911),Kelly Olynyk (37751258),Jarrett Allen (37751052),289.24015625000004,378.2642489076404,50000,100.00%,22072,340.74%,0,175.20000000000002,$10.22,ATL 3,ORL 1,user18,50,marvalshot,3840,4647704633_18
Cole Anthony (37751114),RJ Barrett (37751003),Franz Wagner (37750931),Paolo Banchero (37750942),Onyeka Okongwu (37751069),Vince Williams Jr. (37751460),Kelly Olynyk (37751258),Jarrett Allen (37751052),277.3180034722222,367.7087273667849,49800,100.00%,0,86.14%,0,214.11,$2.58,ORL 3,TOR 1,user18,50,marvalshot,5483,4647704634_18
Cole Anthony (37751114),RJ Barrett (37751003),Caris LeVert (37751093),Kelly Olynyk (37751258),Wendell Carter Jr. (37751163),Trae Young (37750915),Vince Williams Jr. (37751460),Cade Cunningham (37750905),270.46081597222224,360.0930211731421,49800,99.60%,0,56.81%,0,193.8,$1.7,ORL 2,ATL 2,user18,50,marvalshot,3760,4647704635_18
Jordan Poole (37750986),Cole Anthony (37751114),Ausar Thompson (37751085),Paolo Banchero (37750942),Onyeka Okongwu (37751069),Trae Young (37750915),Vince Williams Jr. (37751460),Kelly Olynyk (37751258),288.15937499999995,377.90600926267456,49800,100.00%,13385,252.37%,0,179.19,$7.57,ORL 2,ATL 2,user18,50,marvalshot,289,4647704636_18
Trae Young (37750915),Cole Anthony (37751114),Zaccharie Risacher (37751214),Paolo Banchero (37750942),Jarrett Allen (37751052),Vince Williams Jr. (37751460),Zion Williamson (37750934),Davion Mitchell (37751323),270.1853125,362.22391230857704,49900,98.92%,0,51.22%,0,180.04000000000002,$1.54,ATL 2,ORL 2,user18,48,marvalshot,11377,4647704637_18
Trae Young (37750915),Vince Williams Jr. (37751460),Zaccharie Risacher (37751214),Georges Niang (37751274),Wendell Carter Jr. (37751163),Donovan Mitchell (37750950),Kyshawn George (37751149),Cade Cunningham (37750905),275.52859375,359.1570498758105,49700,100.00%,0,76.42%,0,121.75,$2.29,ATL 3,MEM 1,user18,50,marvalshot,3150,4647704638_18
Anthony Edwards (37750911),Cole Anthony (37751114),Vince Williams Jr. (37751460),Zaccharie Risacher (37751214),Onyeka Okongwu (37751069),RJ Barrett (37751003),Naz Reid (37750978),Jarrett Allen (37751052),280.3467534722222,364.2698052107873,49800,100.00%,6,108.9%,0,191.17000000000002,$3.27,MIN 2,ATL 2,user18,46,marvalshot,11381,4647704639_18
Trae Young (37750915),Cole Anthony (37751114),Zaccharie Risacher (37751214),Paolo Banchero (37750942),Jalen Duren (37751019),Vince Williams Jr. (37751460),Evan Mobley (37750964),Davion Mitchell (37751323),268.151875,356.83537118525294,49900,93.79%,0,15.46%,0,174.22,$0.46,ATL 2,ORL 2,user18,50,marvalshot,5391,4647704640_18
Davion Mitchell (37751323),Cole Anthony (37751114),Vince Williams Jr. (37751460),Evan Mobley (37750964),Onyeka Okongwu (37751069),Donovan Mitchell (37750950),Jaden McDaniels (37751034),Jalen Duren (37751019),260.69609375000005,345.4290566947308,48700,9.00%,0,-98.4%,0,156.68,$-2.95,CLE 2,MIA 1,user30,1,marvalshot,11411,4647704641_30
Trae Young (37750915),Bradley Beal (37751061),RJ Barrett (37751003),Georges Niang (37751274),Wendell Carter Jr. (37751163),Vince Williams Jr. (37751460),Paolo Banchero (37750942),Jarrett Allen (37751052),288.22294270833333,372.87947298604956,49900,100.00%,14349,268.32%,0,157.16000000000003,$8.05,ATL 2,ORL 2,user19,50,marvalshot,2132,4647704632_19
Trae Young (37750915),Cole Anthony (37751114),Ausar Thompson (37751085),Georges Niang (37751274),Onyeka Okongwu (37751069),Anthony Edwards (37750911),Kelly Olynyk (37751258),Jarrett Allen (37751052),289.24015625000004,378.2642489076404,50000,100.00%,22072,340.74%,0,175.20000000000002,$10.22,ATL 3,ORL 1,user19,50,marvalshot,3840,4647704633_19
Cole Anthony (37751114),RJ Barrett (37751003),Franz Wagner (37750931),Paolo Banchero (37750942),Onyeka Okongwu (37751069),Vince Williams Jr. (37751460),Kelly Olynyk (37751258),Jarrett Allen (37751052),277.3180034722222,367.7087273667849,49800,100.00%,0,86.14%,0,214.11,$2.58,ORL 3,TOR 1,user19,50,marvalshot,5483,4647704634_19
Cole Anthony (37751114),RJ Barrett (37751003),Caris LeVert (37751093),Kelly Olynyk (37751258),Wendell Carter Jr. (37751163),Trae Young (37750915),Vince Williams Jr. (37751460),Cade Cunningham (37750905),270.46081597222224,360.0930211731421,49800,99.60%,0,56.81%,0,193.8,$1.7,ORL 2,ATL 2,user19,50,marvalshot,3760,4647704635_19
Jordan Poole (37750986),Cole Anthony (37751114),Ausar Thompson (37751085),Paolo Banchero (37750942),Onyeka Okongwu (37751069),Trae Young (37750915),Vince Williams Jr. (37751460),Kelly Olynyk (37751258),288.15937499999995,377.90600926267456,49800,100.00%,13385,252.37%,0,179.19,$7.57,ORL 2,ATL 2,user19,50,marvalshot,289,4647704636_19
Trae Young (37750915),Cole Anthony (37751114),Zaccharie Risacher (37751214),Paolo Banchero (37750942),Jarrett Allen (37751052),Vince Williams Jr. (37751460),Zion Williamson (37750934),Davion Mitchell (37751323),270.1853125,362.22391230857704,49900,98.92%,0,51.22%,0,180.04000000000002,$1.54,ATL 2,ORL 2,user19,48,marvalshot,11377,4647704637_19
Trae Young (37750915),Vince Williams Jr. (37751460),Zaccharie Risacher (37751214),Georges Niang (37751274),Wendell Carter Jr. (37751163),Donovan Mitchell (37750950),Kyshawn George (37751149),Cade Cunningham (37750905),275.52859375,359.1570498758105,49700,100.00%,0,76.42%,0,121.75,$2.29,ATL 3,MEM 1,user19,50,marvalshot,3150,4647704638_19
Anthony Edwards (37750911),Cole Anthony (37751114),Vince Williams Jr. (37751460),Zaccharie Risacher (37751214),Onyeka Okongwu (37751069),RJ Barrett (37751003),Naz Reid (37750978),Jarrett Allen (37751052),280.3467534722222,364.2698052107873,49800,100.00%,6,108.9%,0,191.17000000000002,$3.27,MIN 2,ATL 2,user19,46,marvalshot,11381,4647704639_19
Trae Young (37750915),Cole Anthony (37751114),Zaccharie Risacher (37751214),Paolo Banchero (37750942),Jalen Duren (37751019),Vince Williams Jr. (37751460),Evan Mobley (37750964),Davion Mitchell (37751323),268.151875,356.83537118525294,49900,93.79%,0,15.46%,0,174.22,$0.46,ATL 2,ORL 2,user19,50,marvalshot,5391,4647704640_19
Davion Mitchell (37751323),Cole Anthony (37751114),De'Andre Hunter (37751165),Kelly Olynyk (37751258),Onyeka Okongwu (37751069),Anthony Edwards (37750911),Evan Mobley (37750964),Jalen Duren (37751019),260.70609375000004,347.9690566947308,48600,9.20%,0,-98.45%,0,158.39,$-2.95,CLE 2,MIA 1,user25,1,marvalshot,11406,4647704641_25
Trae Young (37750915),Bradley Beal (37751061),RJ Barrett (37751003),Georges Niang (37751274),Wendell Carter Jr. (37751163),Vince Williams Jr. (37751460),Paolo Banchero (37750942),Jarrett Allen (37751052),288.22294270833333,372.87947298604956,49900,100.00%,14349,268.32%,0,157.16000000000003,$8.05,ATL 2,ORL 2,user20,50,marvalshot,2132,4647704632_20
Trae Young (37750915),Cole Anthony (37751114),Ausar Thompson (37751085),Georges Niang (37751274),Onyeka Okongwu (37751069),Anthony Edwards (37750911),Kelly Olynyk (37751258),Jarrett Allen (37751052),289.24015625000004,378.2642489076404,50000,100.00%,22072,340.74%,0,175.20000000000002,$10.22,ATL 3,ORL 1,user20,50,marvalshot,3840,4647704633_20
Cole Anthony (37751114),RJ Barrett (37751003),Franz Wagner (37750931),Paolo Banchero (37750942),Onyeka Okongwu (37751069),Vince Williams Jr. (37751460),Kelly Olynyk (37751258),Jarrett Allen (37751052),277.3180034722222,367.7087273667849,49800,100.00%,0,86.14%,0,214.11,$2.58,ORL 3,TOR 1,user20,50,marvalshot,5483,4647704634_20
Cole Anthony (37751114),RJ Barrett (37751003),Caris LeVert (37751093),Kelly Olynyk (37751258),Wendell Carter Jr. (37751163),Trae Young (37750915),Vince Williams Jr. (37751460),Cade Cunningham (37750905),270.46081597222224,360.0930211731421,49800,99.60%,0,56.81%,0,193.8,$1.7,ORL 2,ATL 2,user20,50,marvalshot,3760,4647704635_20
Jordan Poole (37750986),Cole Anthony (37751114),Ausar Thompson (37751085),Paolo Banchero (37750942),Onyeka Okongwu (37751069),Trae Young (37750915),Vince Williams Jr. (37751460),Kelly Olynyk (37751258),288.15937499999995,377.90600926267456,49800,100.00%,13385,252.37%,0,179.19,$7.57,ORL 2,ATL 2,user20,50,marvalshot,289,4647704636_20
Trae Young (37750915),Cole Anthony (37751114),Zaccharie Risacher (37751214),Paolo Banchero (37750942),Jarrett Allen (37751052),Vince Williams Jr. (37751460),Zion Williamson (37750934),Davion Mitchell (37751323),270.1853125,362.22391230857704,49900,98.92%,0,51.22%,0,180.04000000000002,$1.54,ATL 2,ORL 2,user20,48,marvalshot,11377,4647704637_20
Trae Young (37750915),Vince Williams Jr. (37751460),Zaccharie Risacher (37751214),Georges Niang (37751274),Wendell Carter Jr. (37751163),Donovan Mitchell (37750950),Kyshawn George (37751149),Cade Cunningham (37750905),275.52859375,359.1570498758105,49700,100.00%,0,76.42%,0,121.75,$2.29,ATL 3,MEM 1,user20,50,marvalshot,3150,4647704638_20
Anthony Edwards (37750911),Cole Anthony (37751114),Vince Williams Jr. (37751460),Zaccharie Risacher (37751214),Onyeka Okongwu (37751069),RJ Barrett (37751003),Naz Reid (37750978),Jarrett Allen (37751052),280.3467534722222,364.2698052107873,49800,100.00%,6,108.9%,0,191.17000000000002,$3.27,MIN 2,ATL 2,user20,46,marvalshot,11381,4647704639_20
Trae Young (37750915),Cole Anthony (37751114),Zaccharie Risacher (37751214),Paolo Banchero (37750942),Jalen Duren (37751019),Vince Williams Jr. (37751460),Evan Mobley (37750964),Davion Mitchell (37751323),268.151875,356.83537118525294,49900,93.79%,0,15.46%,0,174.22,$0.46,ATL 2,ORL 2,user20,50,marvalshot,5391,4647704640_20
Davion Mitchell (37751323),Cole Anthony (37751114),Nickeil Alexander-Walker (37751134),Evan Mobley (37750964),Onyeka Okongwu (37751069),Donovan Mitchell (37750950),Santi Aldama (37751160),Jalen Duren (37751019),260.50609375,345.34905669473073,48500,8.29%,0,-98.59%,0,151.07,$-2.96,CLE 2,MIA 1,user27,1,marvalshot,11408,4647704641_27
Trae Young (37750915),Bradley Beal (37751061),RJ Barrett (37751003),Georges Niang (37751274),Wendell Carter Jr. (37751163),Vince Williams Jr. (37751460),Paolo Banchero (37750942),Jarrett Allen (37751052),288.22294270833333,372.87947298604956,49900,100.00%,14349,268.32%,0,157.16000000000003,$8.05,ATL 2,ORL 2,user21,50,marvalshot,2132,4647704632_21
Trae Young (37750915),Cole Anthony (37751114),Ausar Thompson (37751085),Georges Niang (37751274),Onyeka Okongwu (37751069),Anthony Edwards (37750911),Kelly Olynyk (37751258),Jarrett Allen (37751052),289.24015625000004,378.2642489076404,50000,100.00%,22072,340.74%,0,175.20000000000002,$10.22,ATL 3,ORL 1,user21,50,marvalshot,3840,4647704633_21
Cole Anthony (37751114),RJ Barrett (37751003),Franz Wagner (37750931),Paolo Banchero (37750942),Onyeka Okongwu (37751069),Vince Williams Jr. (37751460),Kelly Olynyk (37751258),Jarrett Allen (37751052),277.3180034722222,367.7087273667849,49800,100.00%,0,86.14%,0,214.11,$2.58,ORL 3,TOR 1,user21,50,marvalshot,5483,4647704634_21
Cole Anthony (37751114),RJ Barrett (37751003),Caris LeVert (37751093),Kelly Olynyk (37751258),Wendell Carter Jr. (37751163),Trae Young (37750915),Vince Williams Jr. (37751460),Cade Cunningham (37750905),270.46081597222224,360.0930211731421,49800,99.60%,0,56.81%,0,193.8,$1.7,ORL 2,ATL 2,user21,50,marvalshot,3760,4647704635_21
Jordan Poole (37750986),Cole Anthony (37751114),Ausar Thompson (37751085),Paolo Banchero (37750942),Onyeka Okongwu (37751069),Trae Young (37750915),Vince Williams Jr. (37751460),Kelly Olynyk (37751258),288.15937499999995,377.90600926267456,49800,100.00%,13385,252.37%,0,179.19,$7.57,ORL 2,ATL 2,user21,50,marvalshot,289,4647704636_21
Trae Young (37750915),Cole Anthony (37751114),Zaccharie Risacher (37751214),Paolo Banchero (37750942),Jarrett Allen (37751052),Vince Williams Jr. (37751460),Zion Williamson (37750934),Davion Mitchell (37751323),270.1853125,362.22391230857704,49900,98.92%,0,51.22%,0,180.04000000000002,$1.54,ATL 2,ORL 2,user21,48,marvalshot,11377,4647704637_21
Trae Young (37750915),Vince Williams Jr. (37751460),Zaccharie Risacher (37751214),Georges Niang (37751274),Wendell Carter Jr. (37751163),Donovan Mitchell (37750950),Kyshawn George (37751149),Cade Cunningham (37750905),275.52859375,359.1570498758105,49700,100.00%,0,76.42%,0,121.75,$2.29,ATL 3,MEM 1,user21,50,marvalshot,3150,4647704638_21
Anthony Edwards (37750911),Cole Anthony (37751114),Vince Williams Jr. (37751460),Zaccharie Risacher (37751214),Onyeka Okongwu (37751069),RJ Barrett (37751003),Naz Reid (37750978),Jarrett Allen (37751052),280.3467534722222,364.2698052107873,49800,100.00%,6,108.9%,0,191.17000000000002,$3.27,MIN 2,ATL 2,user21,46,marvalshot,11381,4647704639_21
Trae Young (37750915),Cole Anthony (37751114),Zaccharie Risacher (37751214),Paolo Banchero (37750942),Jalen Duren (37751019),Vince Williams Jr. (37751460),Evan Mobley (37750964),Davion Mitchell (37751323),268.151875,356.83537118525294,49900,93.79%,0,15.46%,0,174.22,$0.46,ATL 2,ORL 2,user21,50,marvalshot,5391,4647704640_21
Davion Mitchell (37751323),Cole Anthony (37751114),Max Strus (37751223),Evan Mobley (37750964),Onyeka Okongwu (37751069),Donovan Mitchell (37750950),Jeremy Sochan (37751021),Jalen Duren (37751019),260.13609375,346.93905669473077,50000,6.71%,0,-98.93%,0,135.12,$-2.97,CLE 3,MIA 1,user,1,marvalshot,10195,4647704641
Trae Young (37750915),Bradley Beal (37751061),RJ Barrett (37751003),Georges Niang (37751274),Wendell Carter Jr. (37751163),Vince Williams Jr. (37751460),Paolo Banchero (37750942),Jarrett Allen (37751052),288.22294270833333,372.87947298604956,49900,100.00%,14349,268.32%,0,157.16000000000003,$8.05,ATL 2,ORL 2,user22,50,marvalshot,2132,4647704632_22
Trae Young (37750915),Cole Anthony (37751114),Ausar Thompson (37751085),Georges Niang (37751274),Onyeka Okongwu (37751069),Anthony Edwards (37750911),Kelly Olynyk (37751258),Jarrett Allen (37751052),289.24015625000004,378.2642489076404,50000,100.00%,22072,340.74%,0,175.20000000000002,$10.22,ATL 3,ORL 1,user22,50,marvalshot,3840,4647704633_22
Cole Anthony (37751114),RJ Barrett (37751003),Franz Wagner (37750931),Paolo Banchero (37750942),Onyeka Okongwu (37751069),Vince Williams Jr. (37751460),Kelly Olynyk (37751258),Jarrett Allen (37751052),277.3180034722222,367.7087273667849,49800,100.00%,0,86.14%,0,214.11,$2.58,ORL 3,TOR 1,user22,50,marvalshot,5483,4647704634_22
Cole Anthony (37751114),RJ Barrett (37751003),Caris LeVert (37751093),Kelly Olynyk (37751258),Wendell Carter Jr. (37751163),Trae Young (37750915),Vince Williams Jr. (37751460),Cade Cunningham (37750905),270.46081597222224,360.0930211731421,49800,99.60%,0,56.81%,0,193.8,$1.7,ORL 2,ATL 2,user22,50,marvalshot,3760,4647704635_22
Jordan Poole (37750986),Cole Anthony (37751114),Ausar Thompson (37751085),Paolo Banchero (37750942),Onyeka Okongwu (37751069),Trae Young (37750915),Vince Williams Jr. (37751460),Kelly Olynyk (37751258),288.15937499999995,377.90600926267456,49800,100.00%,13385,252.37%,0,179.19,$7.57,ORL 2,ATL 2,user22,50,marvalshot,289,4647704636_22
Trae Young (37750915),Cole Anthony (37751114),Zaccharie Risacher (37751214),Paolo Banchero (37750942),Jarrett Allen (37751052),Vince Williams Jr. (37751460),Zion Williamson (37750934),Davion Mitchell (37751323),270.1853125,362.22391230857704,49900,98.92%,0,51.22%,0,180.04000000000002,$1.54,ATL 2,ORL 2,user22,48,marvalshot,11377,4647704637_22
Trae Young (37750915),Vince Williams Jr. (37751460),Zaccharie Risacher (37751214),Georges Niang (37751274),Wendell Carter Jr. (37751163),Donovan Mitchell (37750950),Kyshawn George (37751149),Cade Cunningham (37750905),275.52859375,359.1570498758105,49700,100.00%,0,76.42%,0,121.75,$2.29,ATL 3,MEM 1,user22,50,marvalshot,3150,4647704638_22
Anthony Edwards (37750911),Cole Anthony (37751114),Vince Williams Jr. (37751460),Zaccharie Risacher (37751214),Onyeka Okongwu (37751069),RJ Barrett (37751003),Naz Reid (37750978),Jarrett Allen (37751052),280.3467534722222,364.2698052107873,49800,100.00%,6,108.9%,0,191.17000000000002,$3.27,MIN 2,ATL 2,user22,46,marvalshot,11381,4647704639_22
Trae Young (37750915),Cole Anthony (37751114),Zaccharie Risacher (37751214),Paolo Banchero (37750942),Jalen Duren (37751019),Vince Williams Jr. (37751460),Evan Mobley (37750964),Davion Mitchell (37751323),268.151875,356.83537118525294,49900,93.79%,0,15.46%,0,174.22,$0.46,ATL 2,ORL 2,user22,50,marvalshot,5391,4647704640_22
Davion Mitchell (37751323),Cole Anthony (37751114),Nickeil Alexander-Walker (37751134),Evan Mobley (37750964),Onyeka Okongwu (37751069),Anthony Edwards (37750911),Max Strus (37751223),Jalen Duren (37751019),260.03609375,340.30905669473077,49000,5.51%,0,-99.23%,0,149.48000000000002,$-2.98,MIN 2,CLE 2,user16,1,marvalshot,11397,4647704641_16
Trae Young (37750915),Bradley Beal (37751061),RJ Barrett (37751003),Georges Niang (37751274),Wendell Carter Jr. (37751163),Vince Williams Jr. (37751460),Paolo Banchero (37750942),Jarrett Allen (37751052),288.22294270833333,372.87947298604956,49900,100.00%,14349,268.32%,0,157.16000000000003,$8.05,ATL 2,ORL 2,user23,50,marvalshot,2132,4647704632_23
Trae Young (37750915),Cole Anthony (37751114),Ausar Thompson (37751085),Georges Niang (37751274),Onyeka Okongwu (37751069),Anthony Edwards (37750911),Kelly Olynyk (37751258),Jarrett Allen (37751052),289.24015625000004,378.2642489076404,50000,100.00%,22072,340.74%,0,175.20000000000002,$10.22,ATL 3,ORL 1,user23,50,marvalshot,3840,4647704633_23
Cole Anthony (37751114),RJ Barrett (37751003),Franz Wagner (37750931),Paolo Banchero (37750942),Onyeka Okongwu (37751069),Vince Williams Jr. (37751460),Kelly Olynyk (37751258),Jarrett Allen (37751052),277.3180034722222,367.7087273667849,49800,100.00%,0,86.14%,0,214.11,$2.58,ORL 3,TOR 1,user23,50,marvalshot,5483,4647704634_23
Cole Anthony (37751114),RJ Barrett (37751003),Caris LeVert (37751093),Kelly Olynyk (37751258),Wendell Carter Jr. (37751163),Trae Young (37750915),Vince Williams Jr. (37751460),Cade Cunningham (37750905),270.46081597222224,360.0930211731421,49800,99.60%,0,56.81%,0,193.8,$1.7,ORL 2,ATL 2,user23,50,marvalshot,3760,4647704635_23
Jordan Poole (37750986),Cole Anthony (37751114),Ausar Thompson (37751085),Paolo Banchero (37750942),Onyeka Okongwu (37751069),Trae Young (37750915),Vince Williams Jr. (37751460),Kelly Olynyk (37751258),288.15937499999995,377.90600926267456,49800,100.00%,13385,252.37%,0,179.19,$7.57,ORL 2,ATL 2,user23,50,marvalshot,289,4647704636_23
Trae Young (37750915),Cole Anthony (37751114),Zaccharie Risacher (37751214),Paolo Banchero (37750942),Jarrett Allen (37751052),Vince Williams Jr. (37751460),Zion Williamson (37750934),Davion Mitchell (37751323),270.1853125,362.22391230857704,49900,98.92%,0,51.22%,0,180.04000000000002,$1.54,ATL 2,ORL 2,user23,48,marvalshot,11377,4647704637_23
Trae Young (37750915),Vince Williams Jr. (37751460),Zaccharie Risacher (37751214),Georges Niang (37751274),Wendell Carter Jr. (37751163),Donovan Mitchell (37750950),Kyshawn George (37751149),Cade Cunningham (37750905),275.52859375,359.1570498758105,49700,100.00%,0,76.42%,0,121.75,$2.29,ATL 3,MEM 1,user23,50,marvalshot,3150,4647704638_23
Anthony Edwards (37750911),Cole Anthony (37751114),Vince Williams Jr. (37751460),Zaccharie Risacher (37751214),Onyeka Okongwu (37751069),RJ Barrett (37751003),Naz Reid (37750978),Jarrett Allen (37751052),280.3467534722222,364.2698052107873,49800,100.00%,6,108.9%,0,191.17000000000002,$3.27,MIN 2,ATL 2,user23,46,marvalshot,11381,4647704639_23
Trae Young (37750915),Cole Anthony (37751114),Zaccharie Risacher (37751214),Paolo Banchero (37750942),Jalen Duren (37751019),Vince Williams Jr. (37751460),Evan Mobley (37750964),Davion Mitchell (37751323),268.151875,356.83537118525294,49900,93.79%,0,15.46%,0,174.22,$0.46,ATL 2,ORL 2,user23,50,marvalshot,5391,4647704640_23
Davion Mitchell (37751323),Cole Anthony (37751114),De'Andre Hunter (37751165),Evan Mobley (37750964),Onyeka Okongwu (37751069),Anthony Edwards (37750911),Karlo Matkovic (37751232),Jalen Duren (37751019),259.77609375,344.5090566947307,48800,5.02%,0,-99.28%,0,141.09,$-2.98,CLE 2,MIA 1,user29,1,marvalshot,11410,4647704641_29
Trae Young (37750915),Bradley Beal (37751061),RJ Barrett (37751003),Georges Niang (37751274),Wendell Carter Jr. (37751163),Vince Williams Jr. (37751460),Paolo Banchero (37750942),Jarrett Allen (37751052),288.22294270833333,372.87947298604956,49900,100.00%,14349,268.32%,0,157.16000000000003,$8.05,ATL 2,ORL 2,user24,50,marvalshot,2132,4647704632_24
Trae Young (37750915),Cole Anthony (37751114),Ausar Thompson (37751085),Georges Niang (37751274),Onyeka Okongwu (37751069),Anthony Edwards (37750911),Kelly Olynyk (37751258),Jarrett Allen (37751052),289.24015625000004,378.2642489076404,50000,100.00%,22072,340.74%,0,175.20000000000002,$10.22,ATL 3,ORL 1,user24,50,marvalshot,3840,4647704633_24
Cole Anthony (37751114),RJ Barrett (37751003),Franz Wagner (37750931),Paolo Banchero (37750942),Onyeka Okongwu (37751069),Vince Williams Jr. (37751460),Kelly Olynyk (37751258),Jarrett Allen (37751052),277.3180034722222,367.7087273667849,49800,100.00%,0,86.14%,0,214.11,$2.58,ORL 3,TOR 1,user24,50,marvalshot,5483,4647704634_24
Cole Anthony (37751114),RJ Barrett (37751003),Caris LeVert (37751093),Kelly Olynyk (37751258),Wendell Carter Jr. (37751163),Trae Young (37750915),Vince Williams Jr. (37751460),Cade Cunningham (37750905),270.46081597222224,360.0930211731421,49800,99.60%,0,56.81%,0,193.8,$1.7,ORL 2,ATL 2,user24,50,marvalshot,3760,4647704635_24
Jordan Poole (37750986),Cole Anthony (37751114),Ausar Thompson (37751085),Paolo Banchero (37750942),Onyeka Okongwu (37751069),Trae Young (37750915),Vince Williams Jr. (37751460),Kelly Olynyk (37751258),288.15937499999995,377.90600926267456,49800,100.00%,13385,252.37%,0,179.19,$7.57,ORL 2,ATL 2,user24,50,marvalshot,289,4647704636_24
Trae Young (37750915),Cole Anthony (37751114),Zaccharie Risacher (37751214),Paolo Banchero (37750942),Jarrett Allen (37751052),Vince Williams Jr. (37751460),Zion Williamson (37750934),Davion Mitchell (37751323),270.1853125,362.22391230857704,49900,98.92%,0,51.22%,0,180.04000000000002,$1.54,ATL 2,ORL 2,user24,48,marvalshot,11377,4647704637_24
Trae Young (37750915),Vince Williams Jr. (37751460),Zaccharie Risacher (37751214),Georges Niang (37751274),Wendell Carter Jr. (37751163),Donovan Mitchell (37750950),Kyshawn George (37751149),Cade Cunningham (37750905),275.52859375,359.1570498758105,49700,100.00%,0,76.42%,0,121.75,$2.29,ATL 3,MEM 1,user24,50,marvalshot,3150,4647704638_24
Anthony Edwards (37750911),Cole Anthony (37751114),Vince Williams Jr. (37751460),Zaccharie Risacher (37751214),Onyeka Okongwu (37751069),RJ Barrett (37751003),Naz Reid (37750978),Jarrett Allen (37751052),280.3467534722222,364.2698052107873,49800,100.00%,6,108.9%,0,191.17000000000002,$3.27,MIN 2,ATL 2,user24,46,marvalshot,11381,4647704639_24
Trae Young (37750915),Cole Anthony (37751114),Zaccharie Risacher (37751214),Paolo Banchero (37750942),Jalen Duren (37751019),Vince Williams Jr. (37751460),Evan Mobley (37750964),Davion Mitchell (37751323),268.151875,356.83537118525294,49900,93.79%,0,15.46%,0,174.22,$0.46,ATL 2,ORL 2,user24,50,marvalshot,5391,4647704640_24
Davion Mitchell (37751323),Cole Anthony (37751114),Gregory Jackson (37751330),Evan Mobley (37750964),Onyeka Okongwu (37751069),Donovan Mitchell (37750950),Chet Holmgren (37750996),Jalen Duren (37751019),259.68609375000005,350.1090566947308,50000,4.61%,0,-99.3%,0,140.66,$-2.98,CLE 2,MIA 1,user14,1,marvalshot,11395,4647704641_14
Trae Young (37750915),Bradley Beal (37751061),RJ Barrett (37751003),Georges Niang (37751274),Wendell Carter Jr. (37751163),Vince Williams Jr. (37751460),Paolo Banchero (37750942),Jarrett Allen (37751052),288.22294270833333,372.87947298604956,49900,100.00%,14349,268.32%,0,157.16000000000003,$8.05,ATL 2,ORL 2,user25,50,marvalshot,2132,4647704632_25
Trae Young (37750915),Cole Anthony (37751114),Ausar Thompson (37751085),Georges Niang (37751274),Onyeka Okongwu (37751069),Anthony Edwards (37750911),Kelly Olynyk (37751258),Jarrett Allen (37751052),289.24015625000004,378.2642489076404,50000,100.00%,22072,340.74%,0,175.20000000000002,$10.22,ATL 3,ORL 1,user25,50,marvalshot,3840,4647704633_25
Cole Anthony (37751114),RJ Barrett (37751003),Franz Wagner (37750931),Paolo Banchero (37750942),Onyeka Okongwu (37751069),Vince Williams Jr. (37751460),Kelly Olynyk (37751258),Jarrett Allen (37751052),277.3180034722222,367.7087273667849,49800,100.00%,0,86.14%,0,214.11,$2.58,ORL 3,TOR 1,user25,50,marvalshot,5483,4647704634_25
Cole Anthony (37751114),RJ Barrett (37751003),Caris LeVert (37751093),Kelly Olynyk (37751258),Wendell Carter Jr. (37751163),Trae Young (37750915),Vince Williams Jr. (37751460),Cade Cunningham (37750905),270.46081597222224,360.0930211731421,49800,99.60%,0,56.81%,0,193.8,$1.7,ORL 2,ATL 2,user25,50,marvalshot,3760,4647704635_25
Jordan Poole (37750986),Cole Anthony (37751114),Ausar Thompson (37751085),Paolo Banchero (37750942),Onyeka Okongwu (37751069),Trae Young (37750915),Vince Williams Jr. (37751460),Kelly Olynyk (37751258),288.15937499999995,377.90600926267456,49800,100.00%,13385,252.37%,0,179.19,$7.57,ORL 2,ATL 2,user25,50,marvalshot,289,4647704636_25
Trae Young (37750915),Cole Anthony (37751114),Zaccharie Risacher (37751214),Paolo Banchero (37750942),Jarrett Allen (37751052),Vince Williams Jr. (37751460),Zion Williamson (37750934),Davion Mitchell (37751323),270.1853125,362.22391230857704,49900,98.92%,0,51.22%,0,180.04000000000002,$1.54,ATL 2,ORL 2,user25,48,marvalshot,11377,4647704637_25
Trae Young (37750915),Vince Williams Jr. (37751460),Zaccharie Risacher (37751214),Georges Niang (37751274),Wendell Carter Jr. (37751163),Donovan Mitchell (37750950),Kyshawn George (37751149),Cade Cunningham (37750905),275.52859375,359.1570498758105,49700,100.00%,0,76.42%,0,121.75,$2.29,ATL 3,MEM 1,user25,50,marvalshot,3150,4647704638_25
Anthony Edwards (37750911),Cole Anthony (37751114),Vince Williams Jr. (37751460),Zaccharie Risacher (37751214),Onyeka Okongwu (37751069),RJ Barrett (37751003),Naz Reid (37750978),Jarrett Allen (37751052),280.3467534722222,364.2698052107873,49800,100.00%,6,108.9%,0,191.17000000000002,$3.27,MIN 2,ATL 2,user25,46,marvalshot,11381,4647704639_25
Trae Young (37750915),Cole Anthony (37751114),Zaccharie Risacher (37751214),Paolo Banchero (37750942),Jalen Duren (37751019),Vince Williams Jr. (37751460),Evan Mobley (37750964),Davion Mitchell (37751323),268.151875,356.83537118525294,49900,93.79%,0,15.46%,0,174.22,$0.46,ATL 2,ORL 2,user25,50,marvalshot,5391,4647704640_25
Davion Mitchell (37751323),Cole Anthony (37751114),Max Strus (37751223),Santi Aldama (37751160),Onyeka Okongwu (37751069),Anthony Edwards (37750911),Evan Mobley (37750964),Jalen Duren (37751019),259.74609375,345.4290566947308,48800,4.81%,0,-99.33%,0,147.82999999999998,$-2.98,CLE 2,MIA 1,user24,1,marvalshot,11405,4647704641_24
Trae Young (37750915),Bradley Beal (37751061),RJ Barrett (37751003),Georges Niang (37751274),Wendell Carter Jr. (37751163),Vince Williams Jr. (37751460),Paolo Banchero (37750942),Jarrett Allen (37751052),288.22294270833333,372.87947298604956,49900,100.00%,14349,268.32%,0,157.16000000000003,$8.05,ATL 2,ORL 2,user26,50,marvalshot,2132,4647704632_26
Trae Young (37750915),Cole Anthony (37751114),Ausar Thompson (37751085),Georges Niang (37751274),Onyeka Okongwu (37751069),Anthony Edwards (37750911),Kelly Olynyk (37751258),Jarrett Allen (37751052),289.24015625000004,378.2642489076404,50000,100.00%,22072,340.74%,0,175.20000000000002,$10.22,ATL 3,ORL 1,user26,50,marvalshot,3840,4647704633_26
Cole Anthony (37751114),RJ Barrett (37751003),Franz Wagner (37750931),Paolo Banchero (37750942),Onyeka Okongwu (37751069),Vince Williams Jr. (37751460),Kelly Olynyk (37751258),Jarrett Allen (37751052),277.3180034722222,367.7087273667849,49800,100.00%,0,86.14%,0,214.11,$2.58,ORL 3,TOR 1,user26,50,marvalshot,5483,4647704634_26
Cole Anthony (37751114),RJ Barrett (37751003),Caris LeVert (37751093),Kelly Olynyk (37751258),Wendell Carter Jr. (37751163),Trae Young (37750915),Vince Williams Jr. (37751460),Cade Cunningham (37750905),270.46081597222224,360.0930211731421,49800,99.60%,0,56.81%,0,193.8,$1.7,ORL 2,ATL 2,user26,50,marvalshot,3760,4647704635_26
Jordan Poole (37750986),Cole Anthony (37751114),Ausar Thompson (37751085),Paolo Banchero (37750942),Onyeka Okongwu (37751069),Trae Young (37750915),Vince Williams Jr. (37751460),Kelly Olynyk (37751258),288.15937499999995,377.90600926267456,49800,100.00%,13385,252.37%,0,179.19,$7.57,ORL 2,ATL 2,user26,50,marvalshot,289,4647704636_26
Trae Young (37750915),Cole Anthony (37751114),Zaccharie Risacher (37751214),Paolo Banchero (37750942),Jarrett Allen (37751052),Vince Williams Jr. (37751460),Zion Williamson (37750934),Davion Mitchell (37751323),270.1853125,362.22391230857704,49900,98.92%,0,51.22%,0,180.04000000000002,$1.54,ATL 2,ORL 2,user26,48,marvalshot,11377,4647704637_26
Trae Young (37750915),Vince Williams Jr. (37751460),Zaccharie Risacher (37751214),Georges Niang (37751274),Wendell Carter Jr. (37751163),Donovan Mitchell (37750950),Kyshawn George (37751149),Cade Cunningham (37750905),275.52859375,359.1570498758105,49700,100.00%,0,76.42%,0,121.75,$2.29,ATL 3,MEM 1,user26,50,marvalshot,3150,4647704638_26
Anthony Edwards (37750911),Cole Anthony (37751114),Vince Williams Jr. (37751460),Zaccharie Risacher (37751214),Onyeka Okongwu (37751069),RJ Barrett (37751003),Naz Reid (37750978),Jarrett Allen (37751052),280.3467534722222,364.2698052107873,49800,100.00%,6,108.9%,0,191.17000000000002,$3.27,MIN 2,ATL 2,user26,46,marvalshot,11381,4647704639_26
Trae Young (37750915),Cole Anthony (37751114),Zaccharie Risacher (37751214),Paolo Banchero (37750942),Jalen Duren (37751019),Vince Williams Jr. (37751460),Evan Mobley (37750964),Davion Mitchell (37751323),268.151875,356.83537118525294,49900,93.79%,0,15.46%,0,174.22,$0.46,ATL 2,ORL 2,user26,50,marvalshot,5391,4647704640_26
Davion Mitchell (37751323),Cole Anthony (37751114),De'Andre Hunter (37751165),Evan Mobley (37750964),Onyeka Okongwu (37751069),Donovan Mitchell (37750950),Max Strus (37751223),Jalen Duren (37751019),259.80609375,345.84905669473073,47900,4.68%,0,-99.42%,0,140.21,$-2.98,CLE 4,MIA 1,user20,1,marvalshot,11401,4647704641_20
Trae Young (37750915),Bradley Beal (37751061),RJ Barrett (37751003),Georges Niang (37751274),Wendell Carter Jr. (37751163),Vince Williams Jr. (37751460),Paolo Banchero (37750942),Jarrett Allen (37751052),288.22294270833333,372.87947298604956,49900,100.00%,14349,268.32%,0,157.16000000000003,$8.05,ATL 2,ORL 2,user27,50,marvalshot,2132,4647704632_27
Trae Young (37750915),Cole Anthony (37751114),Ausar Thompson (37751085),Georges Niang (37751274),Onyeka Okongwu (37751069),Anthony Edwards (37750911),Kelly Olynyk (37751258),Jarrett Allen (37751052),289.24015625000004,378.2642489076404,50000,100.00%,22072,340.74%,0,175.20000000000002,$10.22,ATL 3,ORL 1,user27,50,marvalshot,3840,4647704633_27
Cole Anthony (37751114),RJ Barrett (37751003),Franz Wagner (37750931),Paolo Banchero (37750942),Onyeka Okongwu (37751069),Vince Williams Jr. (37751460),Kelly Olynyk (37751258),Jarrett Allen (37751052),277.3180034722222,367.7087273667849,49800,100.00%,0,86.14%,0,214.11,$2.58,ORL 3,TOR 1,user27,50,marvalshot,5483,4647704634_27
Cole Anthony (37751114),RJ Barrett (37751003),Caris LeVert (37751093),Kelly Olynyk (37751258),Wendell Carter Jr. (37751163),Trae Young (37750915),Vince Williams Jr. (37751460),Cade Cunningham (37750905),270.46081597222224,360.0930211731421,49800,99.60%,0,56.81%,0,193.8,$1.7,ORL 2,ATL 2,user27,50,marvalshot,3760,4647704635_27
Jordan Poole (37750986),Cole Anthony (37751114),Ausar Thompson (37751085),Paolo Banchero (37750942),Onyeka Okongwu (37751069),Trae Young (37750915),Vince Williams Jr. (37751460),Kelly Olynyk (37751258),288.15937499999995,377.90600926267456,49800,100.00%,13385,252.37%,0,179.19,$7.57,ORL 2,ATL 2,user27,50,marvalshot,289,4647704636_27
Trae Young (37750915),Cole Anthony (37751114),Zaccharie Risacher (37751214),Paolo Banchero (37750942),Jarrett Allen (37751052),Vince Williams Jr. (37751460),Zion Williamson (37750934),Davion Mitchell (37751323),270.1853125,362.22391230857704,49900,98.92%,0,51.22%,0,180.04000000000002,$1.54,ATL 2,ORL 2,user27,48,marvalshot,11377,4647704637_27
Trae Young (37750915),Vince Williams Jr. (37751460),Zaccharie Risacher (37751214),Georges Niang (37751274),Wendell Carter Jr. (37751163),Donovan Mitchell (37750950),Kyshawn George (37751149),Cade Cunningham (37750905),275.52859375,359.1570498758105,49700,100.00%,0,76.42%,0,121.75,$2.29,ATL 3,MEM 1,user27,50,marvalshot,3150,4647704638_27
Anthony Edwards (37750911),Cole Anthony (37751114),Vince Williams Jr. (37751460),Zaccharie Risacher (37751214),Onyeka Okongwu (37751069),RJ Barrett (37751003),Naz Reid (37750978),Jarrett Allen (37751052),280.3467534722222,364.2698052107873,49800,100.00%,6,108.9%,0,191.17000000000002,$3.27,MIN 2,ATL 2,user27,46,marvalshot,11381,4647704639_27
Trae Young (37750915),Cole Anthony (37751114),Zaccharie Risacher (37751214),Paolo Banchero (37750942),Jalen Duren (37751019),Vince Williams Jr. (37751460),Evan Mobley (37750964),Davion Mitchell (37751323),268.151875,356.83537118525294,49900,93.79%,0,15.46%,0,174.22,$0.46,ATL 2,ORL 2,user27,50,marvalshot,5391,4647704640_27
Davion Mitchell (37751323),Cole Anthony (37751114),Max Strus (37751223),Kelly Olynyk (37751258),Onyeka Okongwu (37751069),Shai Gilgeous-Alexander (37750902),Evan Mobley (37750964),Jalen Duren (37751019),259.64609375000003,350.7590566947308,49600,4.39%,0,-99.44%,0,152.65,$-2.98,CLE 2,MIA 1,user4,1,marvalshot,11385,4647704641_4
Trae Young (37750915),Bradley Beal (37751061),RJ Barrett (37751003),Georges Niang (37751274),Wendell Carter Jr. (37751163),Vince Williams Jr. (37751460),Paolo Banchero (37750942),Jarrett Allen (37751052),288.22294270833333,372.87947298604956,49900,100.00%,14349,268.32%,0,157.16000000000003,$8.05,ATL 2,ORL 2,user28,50,marvalshot,2132,4647704632_28
Trae Young (37750915),Cole Anthony (37751114),Ausar Thompson (37751085),Georges Niang (37751274),Onyeka Okongwu (37751069),Anthony Edwards (37750911),Kelly Olynyk (37751258),Jarrett Allen (37751052),289.24015625000004,378.2642489076404,50000,100.00%,22072,340.74%,0,175.20000000000002,$10.22,ATL 3,ORL 1,user28,50,marvalshot,3840,4647704633_28
Cole Anthony (37751114),RJ Barrett (37751003),Franz Wagner (37750931),Paolo Banchero (37750942),Onyeka Okongwu (37751069),Vince Williams Jr. (37751460),Kelly Olynyk (37751258),Jarrett Allen (37751052),277.3180034722222,367.7087273667849,49800,100.00%,0,86.14%,0,214.11,$2.58,ORL 3,TOR 1,user28,50,marvalshot,5483,4647704634_28
Cole Anthony (37751114),RJ Barrett (37751003),Caris LeVert (37751093),Kelly Olynyk (37751258),Wendell Carter Jr. (37751163),Trae Young (37750915),Vince Williams Jr. (37751460),Cade Cunningham (37750905),270.46081597222224,360.0930211731421,49800,99.60%,0,56.81%,0,193.8,$1.7,ORL 2,ATL 2,user28,50,marvalshot,3760,4647704635_28
Jordan Poole (37750986),Cole Anthony (37751114),Ausar Thompson (37751085),Paolo Banchero (37750942),Onyeka Okongwu (37751069),Trae Young (37750915),Vince Williams Jr. (37751460),Kelly Olynyk (37751258),288.15937499999995,377.90600926267456,49800,100.00%,13385,252.37%,0,179.19,$7.57,ORL 2,ATL 2,user28,50,marvalshot,289,4647704636_28
Trae Young (37750915),Cole Anthony (37751114),Zaccharie Risacher (37751214),Paolo Banchero (37750942),Jarrett Allen (37751052),Vince Williams Jr. (37751460),Zion Williamson (37750934),Davion Mitchell (37751323),270.1853125,362.22391230857704,49900,98.92%,0,51.22%,0,180.04000000000002,$1.54,ATL 2,ORL 2,user28,48,marvalshot,11377,4647704637_28
Trae Young (37750915),Vince Williams Jr. (37751460),Zaccharie Risacher (37751214),Georges Niang (37751274),Wendell Carter Jr. (37751163),Donovan Mitchell (37750950),Kyshawn George (37751149),Cade Cunningham (37750905),275.52859375,359.1570498758105,49700,100.00%,0,76.42%,0,121.75,$2.29,ATL 3,MEM 1,user28,50,marvalshot,3150,4647704638_28
Anthony Edwards (37750911),Cole Anthony (37751114),Vince Williams Jr. (37751460),Zaccharie Risacher (37751214),Onyeka Okongwu (37751069),RJ Barrett (37751003),Naz Reid (37750978),Jarrett Allen (37751052),280.3467534722222,364.2698052107873,49800,100.00%,6,108.9%,0,191.17000000000002,$3.27,MIN 2,ATL 2,user28,46,marvalshot,11381,4647704639_28
Trae Young (37750915),Cole Anthony (37751114),Zaccharie Risacher (37751214),Paolo Banchero (37750942),Jalen Duren (37751019),Vince Williams Jr. (37751460),Evan Mobley (37750964),Davion Mitchell (37751323),268.151875,356.83537118525294,49900,93.79%,0,15.46%,0,174.22,$0.46,ATL 2,ORL 2,user28,50,marvalshot,5391,4647704640_28
Davion Mitchell (37751323),Cole Anthony (37751114),Nickeil Alexander-Walker (37751134),Evan Mobley (37750964),Onyeka Okongwu (37751069),Anthony Edwards (37750911),Kelly Olynyk (37751258),Jalen Duren (37751019),259.75609375,343.02905669473074,48800,4.15%,0,-99.54%,0,163.74,$-2.99,MIN 2,MIA 1,user28,1,marvalshot,11409,4647704641_28
Trae Young (37750915),Bradley Beal (37751061),RJ Barrett (37751003),Georges Niang (37751274),Wendell Carter Jr. (37751163),Vince Williams Jr. (37751460),Paolo Banchero (37750942),Jarrett Allen (37751052),288.22294270833333,372.87947298604956,49900,100.00%,14349,268.32%,0,157.16000000000003,$8.05,ATL 2,ORL 2,user29,50,marvalshot,2132,4647704632_29
Trae Young (37750915),Cole Anthony (37751114),Ausar Thompson (37751085),Georges Niang (37751274),Onyeka Okongwu (37751069),Anthony Edwards (37750911),Kelly Olynyk (37751258),Jarrett Allen (37751052),289.24015625000004,378.2642489076404,50000,100.00%,22072,340.74%,0,175.20000000000002,$10.22,ATL 3,ORL 1,user29,50,marvalshot,3840,4647704633_29
Cole Anthony (37751114),RJ Barrett (37751003),Franz Wagner (37750931),Paolo Banchero (37750942),Onyeka Okongwu (37751069),Vince Williams Jr. (37751460),Kelly Olynyk (37751258),Jarrett Allen (37751052),277.3180034722222,367.7087273667849,49800,100.00%,0,86.14%,0,214.11,$2.58,ORL 3,TOR 1,user29,50,marvalshot,5483,4647704634_29
Cole Anthony (37751114),RJ Barrett (37751003),Caris LeVert (37751093),Kelly Olynyk (37751258),Wendell Carter Jr. (37751163),Trae Young (37750915),Vince Williams Jr. (37751460),Cade Cunningham (37750905),270.46081597222224,360.0930211731421,49800,99.60%,0,56.81%,0,193.8,$1.7,ORL 2,ATL 2,user29,50,marvalshot,3760,4647704635_29
Jordan Poole (37750986),Cole Anthony (37751114),Ausar Thompson (37751085),Paolo Banchero (37750942),Onyeka Okongwu (37751069),Trae Young (37750915),Vince Williams Jr. (37751460),Kelly Olynyk (37751258),288.15937499999995,377.90600926267456,49800,100.00%,13385,252.37%,0,179.19,$7.57,ORL 2,ATL 2,user29,50,marvalshot,289,4647704636_29
Trae Young (37750915),Cole Anthony (37751114),Zaccharie Risacher (37751214),Paolo Banchero (37750942),Jarrett Allen (37751052),Vince Williams Jr. (37751460),Zion Williamson (37750934),Davion Mitchell (37751323),270.1853125,362.22391230857704,49900,98.92%,0,51.22%,0,180.04000000000002,$1.54,ATL 2,ORL 2,user29,48,marvalshot,11377,4647704637_29
Trae Young (37750915),Vince Williams Jr. (37751460),Zaccharie Risacher (37751214),Georges Niang (37751274),Wendell Carter Jr. (37751163),Donovan Mitchell (37750950),Kyshawn George (37751149),Cade Cunningham (37750905),275.52859375,359.1570498758105,49700,100.00%,0,76.42%,0,121.75,$2.29,ATL 3,MEM 1,user29,50,marvalshot,3150,4647704638_29
Anthony Edwards (37750911),Cole Anthony (37751114),Vince Williams Jr. (37751460),Zaccharie Risacher (37751214),Onyeka Okongwu (37751069),RJ Barrett (37751003),Naz Reid (37750978),Jarrett Allen (37751052),280.3467534722222,364.2698052107873,49800,100.00%,6,108.9%,0,191.17000000000002,$3.27,MIN 2,ATL 2,user29,46,marvalshot,11381,4647704639_29
Trae Young (37750915),Cole Anthony (37751114),Zaccharie Risacher (37751214),Paolo Banchero (37750942),Jalen Duren (37751019),Vince Williams Jr. (37751460),Evan Mobley (37750964),Davion Mitchell (37751323),268.151875,356.83537118525294,49900,93.79%,0,15.46%,0,174.22,$0.46,ATL 2,ORL 2,user29,50,marvalshot,5391,4647704640_29
Davion Mitchell (37751323),Cole Anthony (37751114),De'Andre Hunter (37751165),Kelly Olynyk (37751258),Onyeka Okongwu (37751069),Donovan Mitchell (37750950),Evan Mobley (37750964),Jalen Duren (37751019),259.52609375,348.56905669473076,47700,3.73%,0,-99.58%,0,154.47,$-2.99,CLE 3,MIA 1,user21,1,marvalshot,11402,4647704641_21
Trae Young (37750915),Bradley Beal (37751061),RJ Barrett (37751003),Georges Niang (37751274),Wendell Carter Jr. (37751163),Vince Williams Jr. (37751460),Paolo Banchero (37750942),Jarrett Allen (37751052),288.22294270833333,372.87947298604956,49900,100.00%,14349,268.32%,0,157.16000000000003,$8.05,ATL 2,ORL 2,user30,50,marvalshot,2132,4647704632_30
Trae Young (37750915),Cole Anthony (37751114),Ausar Thompson (37751085),Georges Niang (37751274),Onyeka Okongwu (37751069),Anthony Edwards (37750911),Kelly Olynyk (37751258),Jarrett Allen (37751052),289.24015625000004,378.2642489076404,50000,100.00%,22072,340.74%,0,175.20000000000002,$10.22,ATL 3,ORL 1,user30,50,marvalshot,3840,4647704633_30
Cole Anthony (37751114),RJ Barrett (37751003),Franz Wagner (37750931),Paolo Banchero (37750942),Onyeka Okongwu (37751069),Vince Williams Jr. (37751460),Kelly Olynyk (37751258),Jarrett Allen (37751052),277.3180034722222,367.7087273667849,49800,100.00%,0,86.14%,0,214.11,$2.58,ORL 3,TOR 1,user30,50,marvalshot,5483,4647704634_30
Cole Anthony (37751114),RJ Barrett (37751003),Caris LeVert (37751093),Kelly Olynyk (37751258),Wendell Carter Jr. (37751163),Trae Young (37750915),Vince Williams Jr. (37751460),Cade Cunningham (37750905),270.46081597222224,360.0930211731421,49800,99.60%,0,56.81%,0,193.8,$1.7,ORL 2,ATL 2,user30,50,marvalshot,3760,4647704635_30
Jordan Poole (37750986),Cole Anthony (37751114),Ausar Thompson (37751085),Paolo Banchero (37750942),Onyeka Okongwu (37751069),Trae Young (37750915),Vince Williams Jr. (37751460),Kelly Olynyk (37751258),288.15937499999995,377.90600926267456,49800,100.00%,13385,252.37%,0,179.19,$7.57,ORL 2,ATL 2,user30,50,marvalshot,289,4647704636_30
Trae Young (37750915),Cole Anthony (37751114),Zaccharie Risacher (37751214),Paolo Banchero (37750942),Jarrett Allen (37751052),Vince Williams Jr. (37751460),Zion Williamson (37750934),Davion Mitchell (37751323),270.1853125,362.22391230857704,49900,98.92%,0,51.22%,0,180.04000000000002,$1.54,ATL 2,ORL 2,user30,48,marvalshot,11377,4647704637_30
Trae Young (37750915),Vince Williams Jr. (37751460),Zaccharie Risacher (37751214),Georges Niang (37751274),Wendell Carter Jr. (37751163),Donovan Mitchell (37750950),Kyshawn George (37751149),Cade Cunningham (37750905),275.52859375,359.1570498758105,49700,100.00%,0,76.42%,0,121.75,$2.29,ATL 3,MEM 1,user30,50,marvalshot,3150,4647704638_30
Anthony Edwards (37750911),Cole Anthony (37751114),Vince Williams Jr. (37751460),Zaccharie Risacher (37751214),Onyeka Okongwu (37751069),RJ Barrett (37751003),Naz Reid (37750978),Jarrett Allen (37751052),280.3467534722222,364.2698052107873,49800,100.00%,6,108.9%,0,191.17000000000002,$3.27,MIN 2,ATL 2,user30,46,marvalshot,11381,4647704639_30
Trae Young (37750915),Cole Anthony (37751114),Zaccharie Risacher (37751214),Paolo Banchero (37750942),Jalen Duren (37751019),Vince Williams Jr. (37751460),Evan Mobley (37750964),Davion Mitchell (37751323),268.151875,356.83537118525294,49900,93.79%,0,15.46%,0,174.22,$0.46,ATL 2,ORL 2,user30,50,marvalshot,5391,4647704640_30
Davion Mitchell (37751323),Cole Anthony (37751114),Vince Williams Jr. (37751460),Evan Mobley (37750964),Onyeka Okongwu (37751069),Anthony Edwards (37750911),Devin Vassell (37751039),Jalen Duren (37751019),259.56609375000005,345.36905669473083,49500,3.67%,0,-99.59%,0,161.45,$-2.99,MIA 1,ORL 1,user19,1,marvalshot,11400,4647704641_19
Trae Young (37750915),Bradley Beal (37751061),RJ Barrett (37751003),Georges Niang (37751274),Wendell Carter Jr. (37751163),Vince Williams Jr. (37751460),Paolo Banchero (37750942),Jarrett Allen (37751052),288.22294270833333,372.87947298604956,49900,100.00%,14349,268.32%,0,157.16000000000003,$8.05,ATL 2,ORL 2,user31,50,marvalshot,2132,4647704632_31
Trae Young (37750915),Cole Anthony (37751114),Ausar Thompson (37751085),Georges Niang (37751274),Onyeka Okongwu (37751069),Anthony Edwards (37750911),Kelly Olynyk (37751258),Jarrett Allen (37751052),289.24015625000004,378.2642489076404,50000,100.00%,22072,340.74%,0,175.20000000000002,$10.22,ATL 3,ORL 1,user31,50,marvalshot,3840,4647704633_31
Cole Anthony (37751114),RJ Barrett (37751003),Franz Wagner (37750931),Paolo Banchero (37750942),Onyeka Okongwu (37751069),Vince Williams Jr. (37751460),Kelly Olynyk (37751258),Jarrett Allen (37751052),277.3180034722222,367.7087273667849,49800,100.00%,0,86.14%,0,214.11,$2.58,ORL 3,TOR 1,user31,50,marvalshot,5483,4647704634_31
Cole Anthony (37751114),RJ Barrett (37751003),Caris LeVert (37751093),Kelly Olynyk (37751258),Wendell Carter Jr. (37751163),Trae Young (37750915),Vince Williams Jr. (37751460),Cade Cunningham (37750905),270.46081597222224,360.0930211731421,49800,99.60%,0,56.81%,0,193.8,$1.7,ORL 2,ATL 2,user31,50,marvalshot,3760,4647704635_31
Jordan Poole (37750986),Cole Anthony (37751114),Ausar Thompson (37751085),Paolo Banchero (37750942),Onyeka Okongwu (37751069),Trae Young (37750915),Vince Williams Jr. (37751460),Kelly Olynyk (37751258),288.15937499999995,377.90600926267456,49800,100.00%,13385,252.37%,0,179.19,$7.57,ORL 2,ATL 2,user31,50,marvalshot,289,4647704636_31
Trae Young (37750915),Cole Anthony (37751114),Zaccharie Risacher (37751214),Paolo Banchero (37750942),Jarrett Allen (37751052),Vince Williams Jr. (37751460),Zion Williamson (37750934),Davion Mitchell (37751323),270.1853125,362.22391230857704,49900,98.92%,0,51.22%,0,180.04000000000002,$1.54,ATL 2,ORL 2,user31,48,marvalshot,11377,4647704637_31
Trae Young (37750915),Vince Williams Jr. (37751460),Zaccharie Risacher (37751214),Georges Niang (37751274),Wendell Carter Jr. (37751163),Donovan Mitchell (37750950),Kyshawn George (37751149),Cade Cunningham (37750905),275.52859375,359.1570498758105,49700,100.00%,0,76.42%,0,121.75,$2.29,ATL 3,MEM 1,user31,50,marvalshot,3150,4647704638_31
Anthony Edwards (37750911),Cole Anthony (37751114),Vince Williams Jr. (37751460),Zaccharie Risacher (37751214),Onyeka Okongwu (37751069),RJ Barrett (37751003),Naz Reid (37750978),Jarrett Allen (37751052),280.3467534722222,364.2698052107873,49800,100.00%,6,108.9%,0,191.17000000000002,$3.27,MIN 2,ATL 2,user31,46,marvalshot,11381,4647704639_31
Trae Young (37750915),Cole Anthony (37751114),Zaccharie Risacher (37751214),Paolo Banchero (37750942),Jalen Duren (37751019),Vince Williams Jr. (37751460),Evan Mobley (37750964),Davion Mitchell (37751323),268.151875,356.83537118525294,49900,93.79%,0,15.46%,0,174.22,$0.46,ATL 2,ORL 2,user31,50,marvalshot,5391,4647704640_31
Davion Mitchell (37751323),Cole Anthony (37751114),Nickeil Alexander-Walker (37751134),Santi Aldama (37751160),Onyeka Okongwu (37751069),Anthony Edwards (37750911),Zion Williamson (37750934),Jalen Duren (37751019),256.92609375,344.99905669473077,50000,0.26%,0,-99.99%,0,148.12,$-3.0,MIN 2,MIA 1,user31,19,marvalshot,11412,4647704641_31
Trae Young (37750915),Bradley Beal (37751061),RJ Barrett (37751003),Georges Niang (37751274),Wendell Carter Jr. (37751163),Vince Williams Jr. (37751460),Paolo Banchero (37750942),Jarrett Allen (37751052),288.22294270833333,372.87947298604956,49900,100.00%,14349,268.32%,0,157.16000000000003,$8.05,ATL 2,ORL 2,user32,50,marvalshot,2132,4647704632_32
Trae Young (37750915),Cole Anthony (37751114),Ausar Thompson (37751085),Georges Niang (37751274),Onyeka Okongwu (37751069),Anthony Edwards (37750911),Kelly Olynyk (37751258),Jarrett Allen (37751052),289.24015625000004,378.2642489076404,50000,100.00%,22072,340.74%,0,175.20000000000002,$10.22,ATL 3,ORL 1,user32,50,marvalshot,3840,4647704633_32
Cole Anthony (37751114),RJ Barrett (37751003),Franz Wagner (37750931),Paolo Banchero (37750942),Onyeka Okongwu (37751069),Vince Williams Jr. (37751460),Kelly Olynyk (37751258),Jarrett Allen (37751052),277.3180034722222,367.7087273667849,49800,100.00%,0,86.14%,0,214.11,$2.58,ORL 3,TOR 1,user32,50,marvalshot,5483,4647704634_32
Cole Anthony (37751114),RJ Barrett (37751003),Caris LeVert (37751093),Kelly Olynyk (37751258),Wendell Carter Jr. (37751163),Trae Young (37750915),Vince Williams Jr. (37751460),Cade Cunningham (37750905),270.46081597222224,360.0930211731421,49800,99.60%,0,56.81%,0,193.8,$1.7,ORL 2,ATL 2,user32,50,marvalshot,3760,4647704635_32
Jordan Poole (37750986),Cole Anthony (37751114),Ausar Thompson (37751085),Paolo Banchero (37750942),Onyeka Okongwu (37751069),Trae Young (37750915),Vince Williams Jr. (37751460),Kelly Olynyk (37751258),288.15937499999995,377.90600926267456,49800,100.00%,13385,252.37%,0,179.19,$7.57,ORL 2,ATL 2,user32,50,marvalshot,289,4647704636_32
Trae Young (37750915),Cole Anthony (37751114),Zaccharie Risacher (37751214),Paolo Banchero (37750942),Jarrett Allen (37751052),Vince Williams Jr. (37751460),Zion Williamson (37750934),Davion Mitchell (37751323),270.1853125,362.22391230857704,49900,98.92%,0,51.22%,0,180.04000000000002,$1.54,ATL 2,ORL 2,user32,48,marvalshot,11377,4647704637_32
Trae Young (37750915),Vince Williams Jr. (37751460),Zaccharie Risacher (37751214),Georges Niang (37751274),Wendell Carter Jr. (37751163),Donovan Mitchell (37750950),Kyshawn George (37751149),Cade Cunningham (37750905),275.52859375,359.1570498758105,49700,100.00%,0,76.42%,0,121.75,$2.29,ATL 3,MEM 1,user32,50,marvalshot,3150,4647704638_32
Anthony Edwards (37750911),Cole Anthony (37751114),Vince Williams Jr. (37751460),Zaccharie Risacher (37751214),Onyeka Okongwu (37751069),RJ Barrett (37751003),Naz Reid (37750978),Jarrett Allen (37751052),280.3467534722222,364.2698052107873,49800,100.00%,6,108.9%,0,191.17000000000002,$3.27,MIN 2,ATL 2,user32,46,marvalshot,11381,4647704639_32
Trae Young (37750915),Cole Anthony (37751114),Zaccharie Risacher (37751214),Paolo Banchero (37750942),Jalen Duren (37751019),Vince Williams Jr. (37751460),Evan Mobley (37750964),Davion Mitchell (37751323),268.151875,356.83537118525294,49900,93.79%,0,15.46%,0,174.22,$0.46,ATL 2,ORL 2,user32,50,marvalshot,5391,4647704640_32
Davion Mitchell (37751323),Cole Anthony (37751114),Nickeil Alexander-Walker (37751134),Santi Aldama (37751160),Onyeka Okongwu (37751069),Anthony Edwards (37750911),Zion Williamson (37750934),Jalen Duren (37751019),256.92609375,344.99905669473077,50000,0.26%,0,-99.99%,0,148.12,$-3.0,MIN 2,MIA 1,user32,19,marvalshot,11412,4647704641_32
Trae Young (37750915),Bradley Beal (37751061),RJ Barrett (37751003),Georges Niang (37751274),Wendell Carter Jr. (37751163),Vince Williams Jr. (37751460),Paolo Banchero (37750942),Jarrett Allen (37751052),288.22294270833333,372.87947298604956,49900,100.00%,14349,268.32%,0,157.16000000000003,$8.05,ATL 2,ORL 2,user33,50,marvalshot,2132,4647704632_33
Trae Young (37750915),Cole Anthony (37751114),Ausar Thompson (37751085),Georges Niang (37751274),Onyeka Okongwu (37751069),Anthony Edwards (37750911),Kelly Olynyk (37751258),Jarrett Allen (37751052),289.24015625000004,378.2642489076404,50000,100.00%,22072,340.74%,0,175.20000000000002,$10.22,ATL 3,ORL 1,user33,50,marvalshot,3840,4647704633_33
Cole Anthony (37751114),RJ Barrett (37751003),Franz Wagner (37750931),Paolo Banchero (37750942),Onyeka Okongwu (37751069),Vince Williams Jr. (37751460),Kelly Olynyk (37751258),Jarrett Allen (37751052),277.3180034722222,367.7087273667849,49800,100.00%,0,86.14%,0,214.11,$2.58,ORL 3,TOR 1,user33,50,marvalshot,5483,4647704634_33
Cole Anthony (37751114),RJ Barrett (37751003),Caris LeVert (37751093),Kelly Olynyk (37751258),Wendell Carter Jr. (37751163),Trae Young (37750915),Vince Williams Jr. (37751460),Cade Cunningham (37750905),270.46081597222224,360.0930211731421,49800,99.60%,0,56.81%,0,193.8,$1.7,ORL 2,ATL 2,user33,50,marvalshot,3760,4647704635_33
Jordan Poole (37750986),Cole Anthony (37751114),Ausar Thompson (37751085),Paolo Banchero (37750942),Onyeka Okongwu (37751069),Trae Young (37750915),Vince Williams Jr. (37751460),Kelly Olynyk (37751258),288.15937499999995,377.90600926267456,49800,100.00%,13385,252.37%,0,179.19,$7.57,ORL 2,ATL 2,user33,50,marvalshot,289,4647704636_33
Trae Young (37750915),Cole Anthony (37751114),Zaccharie Risacher (37751214),Paolo Banchero (37750942),Jarrett Allen (37751052),Vince Williams Jr. (37751460),Zion Williamson (37750934),Davion Mitchell (37751323),270.1853125,362.22391230857704,49900,98.92%,0,51.22%,0,180.04000000000002,$1.54,ATL 2,ORL 2,user33,48,marvalshot,11377,4647704637_33
Trae Young (37750915),Vince Williams Jr. (37751460),Zaccharie Risacher (37751214),Georges Niang (37751274),Wendell Carter Jr. (37751163),Donovan Mitchell (37750950),Kyshawn George (37751149),Cade Cunningham (37750905),275.52859375,359.1570498758105,49700,100.00%,0,76.42%,0,121.75,$2.29,ATL 3,MEM 1,user33,50,marvalshot,3150,4647704638_33
Anthony Edwards (37750911),Cole Anthony (37751114),Vince Williams Jr. (37751460),Zaccharie Risacher (37751214),Onyeka Okongwu (37751069),RJ Barrett (37751003),Naz Reid (37750978),Jarrett Allen (37751052),280.3467534722222,364.2698052107873,49800,100.00%,6,108.9%,0,191.17000000000002,$3.27,MIN 2,ATL 2,user33,46,marvalshot,11381,4647704639_33
Trae Young (37750915),Cole Anthony (37751114),Zaccharie Risacher (37751214),Paolo Banchero (37750942),Jalen Duren (37751019),Vince Williams Jr. (37751460),Evan Mobley (37750964),Davion Mitchell (37751323),268.151875,356.83537118525294,49900,93.79%,0,15.46%,0,174.22,$0.46,ATL 2,ORL 2,user33,50,marvalshot,5391,4647704640_33
Davion Mitchell (37751323),Cole Anthony (37751114),Nickeil Alexander-Walker (37751134),Santi Aldama (37751160),Onyeka Okongwu (37751069),Anthony Edwards (37750911),Zion Williamson (37750934),Jalen Duren (37751019),256.92609375,344.99905669473077,50000,0.26%,0,-99.99%,0,148.12,$-3.0,MIN 2,MIA 1,user33,19,marvalshot,11412,4647704641_33
Trae Young (37750915),Bradley Beal (37751061),RJ Barrett (37751003),Georges Niang (37751274),Wendell Carter Jr. (37751163),Vince Williams Jr. (37751460),Paolo Banchero (37750942),Jarrett Allen (37751052),288.22294270833333,372.87947298604956,49900,100.00%,14349,268.32%,0,157.16000000000003,$8.05,ATL 2,ORL 2,user34,50,marvalshot,2132,4647704632_34
Trae Young (37750915),Cole Anthony (37751114),Ausar Thompson (37751085),Georges Niang (37751274),Onyeka Okongwu (37751069),Anthony Edwards (37750911),Kelly Olynyk (37751258),Jarrett Allen (37751052),289.24015625000004,378.2642489076404,50000,100.00%,22072,340.74%,0,175.20000000000002,$10.22,ATL 3,ORL 1,user34,50,marvalshot,3840,4647704633_34
Cole Anthony (37751114),RJ Barrett (37751003),Franz Wagner (37750931),Paolo Banchero (37750942),Onyeka Okongwu (37751069),Vince Williams Jr. (37751460),Kelly Olynyk (37751258),Jarrett Allen (37751052),277.3180034722222,367.7087273667849,49800,100.00%,0,86.14%,0,214.11,$2.58,ORL 3,TOR 1,user34,50,marvalshot,5483,4647704634_34
Cole Anthony (37751114),RJ Barrett (37751003),Caris LeVert (37751093),Kelly Olynyk (37751258),Wendell Carter Jr. (37751163),Trae Young (37750915),Vince Williams Jr. (37751460),Cade Cunningham (37750905),270.46081597222224,360.0930211731421,49800,99.60%,0,56.81%,0,193.8,$1.7,ORL 2,ATL 2,user34,50,marvalshot,3760,4647704635_34
Jordan Poole (37750986),Cole Anthony (37751114),Ausar Thompson (37751085),Paolo Banchero (37750942),Onyeka Okongwu (37751069),Trae Young (37750915),Vince Williams Jr. (37751460),Kelly Olynyk (37751258),288.15937499999995,377.90600926267456,49800,100.00%,13385,252.37%,0,179.19,$7.57,ORL 2,ATL 2,user34,50,marvalshot,289,4647704636_34
Trae Young (37750915),Cole Anthony (37751114),Zaccharie Risacher (37751214),Paolo Banchero (37750942),Jarrett Allen (37751052),Vince Williams Jr. (37751460),Zion Williamson (37750934),Davion Mitchell (37751323),270.1853125,362.22391230857704,49900,98.92%,0,51.22%,0,180.04000000000002,$1.54,ATL 2,ORL 2,user34,48,marvalshot,11377,4647704637_34
Trae Young (37750915),Vince Williams Jr. (37751460),Zaccharie Risacher (37751214),Georges Niang (37751274),Wendell Carter Jr. (37751163),Donovan Mitchell (37750950),Kyshawn George (37751149),Cade Cunningham (37750905),275.52859375,359.1570498758105,49700,100.00%,0,76.42%,0,121.75,$2.29,ATL 3,MEM 1,user34,50,marvalshot,3150,4647704638_34
Anthony Edwards (37750911),Cole Anthony (37751114),Vince Williams Jr. (37751460),Zaccharie Risacher (37751214),Onyeka Okongwu (37751069),RJ Barrett (37751003),Naz Reid (37750978),Jarrett Allen (37751052),280.3467534722222,364.2698052107873,49800,100.00%,6,108.9%,0,191.17000000000002,$3.27,MIN 2,ATL 2,user34,46,marvalshot,11381,4647704639_34
Trae Young (37750915),Cole Anthony (37751114),Zaccharie Risacher (37751214),Paolo Banchero (37750942),Jalen Duren (37751019),Vince Williams Jr. (37751460),Evan Mobley (37750964),Davion Mitchell (37751323),268.151875,356.83537118525294,49900,93.79%,0,15.46%,0,174.22,$0.46,ATL 2,ORL 2,user34,50,marvalshot,5391,4647704640_34
Davion Mitchell (37751323),Cole Anthony (37751114),Nickeil Alexander-Walker (37751134),Santi Aldama (37751160),Onyeka Okongwu (37751069),Anthony Edwards (37750911),Zion Williamson (37750934),Jalen Duren (37751019),256.92609375,344.99905669473077,50000,0.26%,0,-99.99%,0,148.12,$-3.0,MIN 2,MIA 1,user34,19,marvalshot,11412,4647704641_34
Trae Young (37750915),Bradley Beal (37751061),RJ Barrett (37751003),Georges Niang (37751274),Wendell Carter Jr. (37751163),Vince Williams Jr. (37751460),Paolo Banchero (37750942),Jarrett Allen (37751052),288.22294270833333,372.87947298604956,49900,100.00%,14349,268.32%,0,157.16000000000003,$8.05,ATL 2,ORL 2,user35,50,marvalshot,2132,4647704632_35
Trae Young (37750915),Cole Anthony (37751114),Ausar Thompson (37751085),Georges Niang (37751274),Onyeka Okongwu (37751069),Anthony Edwards (37750911),Kelly Olynyk (37751258),Jarrett Allen (37751052),289.24015625000004,378.2642489076404,50000,100.00%,22072,340.74%,0,175.20000000000002,$10.22,ATL 3,ORL 1,user35,50,marvalshot,3840,4647704633_35
Cole Anthony (37751114),RJ Barrett (37751003),Franz Wagner (37750931),Paolo Banchero (37750942),Onyeka Okongwu (37751069),Vince Williams Jr. (37751460),Kelly Olynyk (37751258),Jarrett Allen (37751052),277.3180034722222,367.7087273667849,49800,100.00%,0,86.14%,0,214.11,$2.58,ORL 3,TOR 1,user35,50,marvalshot,5483,4647704634_35
Cole Anthony (37751114),RJ Barrett (37751003),Caris LeVert (37751093),Kelly Olynyk (37751258),Wendell Carter Jr. (37751163),Trae Young (37750915),Vince Williams Jr. (37751460),Cade Cunningham (37750905),270.46081597222224,360.0930211731421,49800,99.60%,0,56.81%,0,193.8,$1.7,ORL 2,ATL 2,user35,50,marvalshot,3760,4647704635_35
Jordan Poole (37750986),Cole Anthony (37751114),Ausar Thompson (37751085),Paolo Banchero (37750942),Onyeka Okongwu (37751069),Trae Young (37750915),Vince Williams Jr. (37751460),Kelly Olynyk (37751258),288.15937499999995,377.90600926267456,49800,100.00%,13385,252.37%,0,179.19,$7.57,ORL 2,ATL 2,user35,50,marvalshot,289,4647704636_35
Trae Young (37750915),Cole Anthony (37751114),Zaccharie Risacher (37751214),Paolo Banchero (37750942),Jarrett Allen (37751052),Vince Williams Jr. (37751460),Zion Williamson (37750934),Davion Mitchell (37751323),270.1853125,362.22391230857704,49900,98.92%,0,51.22%,0,180.04000000000002,$1.54,ATL 2,ORL 2,user35,48,marvalshot,11377,4647704637_35
Trae Young (37750915),Vince Williams Jr. (37751460),Zaccharie Risacher (37751214),Georges Niang (37751274),Wendell Carter Jr. (37751163),Donovan Mitchell (37750950),Kyshawn George (37751149),Cade Cunningham (37750905),275.52859375,359.1570498758105,49700,100.00%,0,76.42%,0,121.75,$2.29,ATL 3,MEM 1,user35,50,marvalshot,3150,4647704638_35
Anthony Edwards (37750911),Cole Anthony (37751114),Vince Williams Jr. (37751460),Zaccharie Risacher (37751214),Onyeka Okongwu (37751069),RJ Barrett (37751003),Naz Reid (37750978),Jarrett Allen (37751052),280.3467534722222,364.2698052107873,49800,100.00%,6,108.9%,0,191.17000000000002,$3.27,MIN 2,ATL 2,user35,46,marvalshot,11381,4647704639_35
Trae Young (37750915),Cole Anthony (37751114),Zaccharie Risacher (37751214),Paolo Banchero (37750942),Jalen Duren (37751019),Vince Williams Jr. (37751460),Evan Mobley (37750964),Davion Mitchell (37751323),268.151875,356.83537118525294,49900,93.79%,0,15.46%,0,174.22,$0.46,ATL 2,ORL 2,user35,50,marvalshot,5391,4647704640_35
Davion Mitchell (37751323),Cole Anthony (37751114),Nickeil Alexander-Walker (37751134),Santi Aldama (37751160),Onyeka Okongwu (37751069),Anthony Edwards (37750911),Zion Williamson (37750934),Jalen Duren (37751019),256.92609375,344.99905669473077,50000,0.26%,0,-99.99%,0,148.12,$-3.0,MIN 2,MIA 1,user35,19,marvalshot,11412,4647704641_35
Trae Young (37750915),Bradley Beal (37751061),RJ Barrett (37751003),Georges Niang (37751274),Wendell Carter Jr. (37751163),Vince Williams Jr. (37751460),Paolo Banchero (37750942),Jarrett Allen (37751052),288.22294270833333,372.87947298604956,49900,100.00%,14349,268.32%,0,157.16000000000003,$8.05,ATL 2,ORL 2,user36,50,marvalshot,2132,4647704632_36
Trae Young (37750915),Cole Anthony (37751114),Ausar Thompson (37751085),Georges Niang (37751274),Onyeka Okongwu (37751069),Anthony Edwards (37750911),Kelly Olynyk (37751258),Jarrett Allen (37751052),289.24015625000004,378.2642489076404,50000,100.00%,22072,340.74%,0,175.20000000000002,$10.22,ATL 3,ORL 1,user36,50,marvalshot,3840,4647704633_36
Cole Anthony (37751114),RJ Barrett (37751003),Franz Wagner (37750931),Paolo Banchero (37750942),Onyeka Okongwu (37751069),Vince Williams Jr. (37751460),Kelly Olynyk (37751258),Jarrett Allen (37751052),277.3180034722222,367.7087273667849,49800,100.00%,0,86.14%,0,214.11,$2.58,ORL 3,TOR 1,user36,50,marvalshot,5483,4647704634_36
Cole Anthony (37751114),RJ Barrett (37751003),Caris LeVert (37751093),Kelly Olynyk (37751258),Wendell Carter Jr. (37751163),Trae Young (37750915),Vince Williams Jr. (37751460),Cade Cunningham (37750905),270.46081597222224,360.0930211731421,49800,99.60%,0,56.81%,0,193.8,$1.7,ORL 2,ATL 2,user36,50,marvalshot,3760,4647704635_36
Jordan Poole (37750986),Cole Anthony (37751114),Ausar Thompson (37751085),Paolo Banchero (37750942),Onyeka Okongwu (37751069),Trae Young (37750915),Vince Williams Jr. (37751460),Kelly Olynyk (37751258),288.15937499999995,377.90600926267456,49800,100.00%,13385,252.37%,0,179.19,$7.57,ORL 2,ATL 2,user36,50,marvalshot,289,4647704636_36
Trae Young (37750915),Cole Anthony (37751114),Zaccharie Risacher (37751214),Paolo Banchero (37750942),Jarrett Allen (37751052),Vince Williams Jr. (37751460),Zion Williamson (37750934),Davion Mitchell (37751323),270.1853125,362.22391230857704,49900,98.92%,0,51.22%,0,180.04000000000002,$1.54,ATL 2,ORL 2,user36,48,marvalshot,11377,4647704637_36
Trae Young (37750915),Vince Williams Jr. (37751460),Zaccharie Risacher (37751214),Georges Niang (37751274),Wendell Carter Jr. (37751163),Donovan Mitchell (37750950),Kyshawn George (37751149),Cade Cunningham (37750905),275.52859375,359.1570498758105,49700,100.00%,0,76.42%,0,121.75,$2.29,ATL 3,MEM 1,user36,50,marvalshot,3150,4647704638_36
Anthony Edwards (37750911),Cole Anthony (37751114),Vince Williams Jr. (37751460),Zaccharie Risacher (37751214),Onyeka Okongwu (37751069),RJ Barrett (37751003),Naz Reid (37750978),Jarrett Allen (37751052),280.3467534722222,364.2698052107873,49800,100.00%,6,108.9%,0,191.17000000000002,$3.27,MIN 2,ATL 2,user36,46,marvalshot,11381,4647704639_36
Trae Young (37750915),Cole Anthony (37751114),Zaccharie Risacher (37751214),Paolo Banchero (37750942),Jalen Duren (37751019),Vince Williams Jr. (37751460),Evan Mobley (37750964),Davion Mitchell (37751323),268.151875,356.83537118525294,49900,93.79%,0,15.46%,0,174.22,$0.46,ATL 2,ORL 2,user36,50,marvalshot,5391,4647704640_36
Davion Mitchell (37751323),Cole Anthony (37751114),Nickeil Alexander-Walker (37751134),Santi Aldama (37751160),Onyeka Okongwu (37751069),Anthony Edwards (37750911),Zion Williamson (37750934),Jalen Duren (37751019),256.92609375,344.99905669473077,50000,0.26%,0,-99.99%,0,148.12,$-3.0,MIN 2,MIA 1,user36,19,marvalshot,11412,4647704641_36
Trae Young (37750915),Bradley Beal (37751061),RJ Barrett (37751003),Georges Niang (37751274),Wendell Carter Jr. (37751163),Vince Williams Jr. (37751460),Paolo Banchero (37750942),Jarrett Allen (37751052),288.22294270833333,372.87947298604956,49900,100.00%,14349,268.32%,0,157.16000000000003,$8.05,ATL 2,ORL 2,user37,50,marvalshot,2132,4647704632_37
Trae Young (37750915),Cole Anthony (37751114),Ausar Thompson (37751085),Georges Niang (37751274),Onyeka Okongwu (37751069),Anthony Edwards (37750911),Kelly Olynyk (37751258),Jarrett Allen (37751052),289.24015625000004,378.2642489076404,50000,100.00%,22072,340.74%,0,175.20000000000002,$10.22,ATL 3,ORL 1,user37,50,marvalshot,3840,4647704633_37
Cole Anthony (37751114),RJ Barrett (37751003),Franz Wagner (37750931),Paolo Banchero (37750942),Onyeka Okongwu (37751069),Vince Williams Jr. (37751460),Kelly Olynyk (37751258),Jarrett Allen (37751052),277.3180034722222,367.7087273667849,49800,100.00%,0,86.14%,0,214.11,$2.58,ORL 3,TOR 1,user37,50,marvalshot,5483,4647704634_37
Cole Anthony (37751114),RJ Barrett (37751003),Caris LeVert (37751093),Kelly Olynyk (37751258),Wendell Carter Jr. (37751163),Trae Young (37750915),Vince Williams Jr. (37751460),Cade Cunningham (37750905),270.46081597222224,360.0930211731421,49800,99.60%,0,56.81%,0,193.8,$1.7,ORL 2,ATL 2,user37,50,marvalshot,3760,4647704635_37
Jordan Poole (37750986),Cole Anthony (37751114),Ausar Thompson (37751085),Paolo Banchero (37750942),Onyeka Okongwu (37751069),Trae Young (37750915),Vince Williams Jr. (37751460),Kelly Olynyk (37751258),288.15937499999995,377.90600926267456,49800,100.00%,13385,252.37%,0,179.19,$7.57,ORL 2,ATL 2,user37,50,marvalshot,289,4647704636_37
Trae Young (37750915),Cole Anthony (37751114),Zaccharie Risacher (37751214),Paolo Banchero (37750942),Jarrett Allen (37751052),Vince Williams Jr. (37751460),Zion Williamson (37750934),Davion Mitchell (37751323),270.1853125,362.22391230857704,49900,98.92%,0,51.22%,0,180.04000000000002,$1.54,ATL 2,ORL 2,user37,48,marvalshot,11377,4647704637_37
Trae Young (37750915),Vince Williams Jr. (37751460),Zaccharie Risacher (37751214),Georges Niang (37751274),Wendell Carter Jr. (37751163),Donovan Mitchell (37750950),Kyshawn George (37751149),Cade Cunningham (37750905),275.52859375,359.1570498758105,49700,100.00%,0,76.42%,0,121.75,$2.29,ATL 3,MEM 1,user37,50,marvalshot,3150,4647704638_37
Anthony Edwards (37750911),Cole Anthony (37751114),Vince Williams Jr. (37751460),Zaccharie Risacher (37751214),Onyeka Okongwu (37751069),RJ Barrett (37751003),Naz Reid (37750978),Jarrett Allen (37751052),280.3467534722222,364.2698052107873,49800,100.00%,6,108.9%,0,191.17000000000002,$3.27,MIN 2,ATL 2,user37,46,marvalshot,11381,4647704639_37
Trae Young (37750915),Cole Anthony (37751114),Zaccharie Risacher (37751214),Paolo Banchero (37750942),Jalen Duren (37751019),Vince Williams Jr. (37751460),Evan Mobley (37750964),Davion Mitchell (37751323),268.151875,356.83537118525294,49900,93.79%,0,15.46%,0,174.22,$0.46,ATL 2,ORL 2,user37,50,marvalshot,5391,4647704640_37
Davion Mitchell (37751323),Cole Anthony (37751114),Nickeil Alexander-Walker (37751134),Santi Aldama (37751160),Onyeka Okongwu (37751069),Anthony Edwards (37750911),Zion Williamson (37750934),Jalen Duren (37751019),256.92609375,344.99905669473077,50000,0.26%,0,-99.99%,0,148.12,$-3.0,MIN 2,MIA 1,user37,19,marvalshot,11412,4647704641_37
Trae Young (37750915),Bradley Beal (37751061),RJ Barrett (37751003),Georges Niang (37751274),Wendell Carter Jr. (37751163),Vince Williams Jr. (37751460),Paolo Banchero (37750942),Jarrett Allen (37751052),288.22294270833333,372.87947298604956,49900,100.00%,14349,268.32%,0,157.16000000000003,$8.05,ATL 2,ORL 2,user38,50,marvalshot,2132,4647704632_38
Trae Young (37750915),Cole Anthony (37751114),Ausar Thompson (37751085),Georges Niang (37751274),Onyeka Okongwu (37751069),Anthony Edwards (37750911),Kelly Olynyk (37751258),Jarrett Allen (37751052),289.24015625000004,378.2642489076404,50000,100.00%,22072,340.74%,0,175.20000000000002,$10.22,ATL 3,ORL 1,user38,50,marvalshot,3840,4647704633_38
Cole Anthony (37751114),RJ Barrett (37751003),Franz Wagner (37750931),Paolo Banchero (37750942),Onyeka Okongwu (37751069),Vince Williams Jr. (37751460),Kelly Olynyk (37751258),Jarrett Allen (37751052),277.3180034722222,367.7087273667849,49800,100.00%,0,86.14%,0,214.11,$2.58,ORL 3,TOR 1,user38,50,marvalshot,5483,4647704634_38
Cole Anthony (37751114),RJ Barrett (37751003),Caris LeVert (37751093),Kelly Olynyk (37751258),Wendell Carter Jr. (37751163),Trae Young (37750915),Vince Williams Jr. (37751460),Cade Cunningham (37750905),270.46081597222224,360.0930211731421,49800,99.60%,0,56.81%,0,193.8,$1.7,ORL 2,ATL 2,user38,50,marvalshot,3760,4647704635_38
Jordan Poole (37750986),Cole Anthony (37751114),Ausar Thompson (37751085),Paolo Banchero (37750942),Onyeka Okongwu (37751069),Trae Young (37750915),Vince Williams Jr. (37751460),Kelly Olynyk (37751258),288.15937499999995,377.90600926267456,49800,100.00%,13385,252.37%,0,179.19,$7.57,ORL 2,ATL 2,user38,50,marvalshot,289,4647704636_38
Trae Young (37750915),Cole Anthony (37751114),Zaccharie Risacher (37751214),Paolo Banchero (37750942),Jarrett Allen (37751052),Vince Williams Jr. (37751460),Zion Williamson (37750934),Davion Mitchell (37751323),270.1853125,362.22391230857704,49900,98.92%,0,51.22%,0,180.04000000000002,$1.54,ATL 2,ORL 2,user38,48,marvalshot,11377,4647704637_38
Trae Young (37750915),Vince Williams Jr. (37751460),Zaccharie Risacher (37751214),Georges Niang (37751274),Wendell Carter Jr. (37751163),Donovan Mitchell (37750950),Kyshawn George (37751149),Cade Cunningham (37750905),275.52859375,359.1570498758105,49700,100.00%,0,76.42%,0,121.75,$2.29,ATL 3,MEM 1,user38,50,marvalshot,3150,4647704638_38
Anthony Edwards (37750911),Cole Anthony (37751114),Vince Williams Jr. (37751460),Zaccharie Risacher (37751214),Onyeka Okongwu (37751069),RJ Barrett (37751003),Naz Reid (37750978),Jarrett Allen (37751052),280.3467534722222,364.2698052107873,49800,100.00%,6,108.9%,0,191.17000000000002,$3.27,MIN 2,ATL 2,user38,46,marvalshot,11381,4647704639_38
Trae Young (37750915),Cole Anthony (37751114),Zaccharie Risacher (37751214),Paolo Banchero (37750942),Jalen Duren (37751019),Vince Williams Jr. (37751460),Evan Mobley (37750964),Davion Mitchell (37751323),268.151875,356.83537118525294,49900,93.79%,0,15.46%,0,174.22,$0.46,ATL 2,ORL 2,user38,50,marvalshot,5391,4647704640_38
Davion Mitchell (37751323),Cole Anthony (37751114),Nickeil Alexander-Walker (37751134),Santi Aldama (37751160),Onyeka Okongwu (37751069),Anthony Edwards (37750911),Zion Williamson (37750934),Jalen Duren (37751019),256.92609375,344.99905669473077,50000,0.26%,0,-99.99%,0,148.12,$-3.0,MIN 2,MIA 1,user38,19,marvalshot,11412,4647704641_38
Trae Young (37750915),Bradley Beal (37751061),RJ Barrett (37751003),Georges Niang (37751274),Wendell Carter Jr. (37751163),Vince Williams Jr. (37751460),Paolo Banchero (37750942),Jarrett Allen (37751052),288.22294270833333,372.87947298604956,49900,100.00%,14349,268.32%,0,157.16000000000003,$8.05,ATL 2,ORL 2,user39,50,marvalshot,2132,4647704632_39
Trae Young (37750915),Cole Anthony (37751114),Ausar Thompson (37751085),Georges Niang (37751274),Onyeka Okongwu (37751069),Anthony Edwards (37750911),Kelly Olynyk (37751258),Jarrett Allen (37751052),289.24015625000004,378.2642489076404,50000,100.00%,22072,340.74%,0,175.20000000000002,$10.22,ATL 3,ORL 1,user39,50,marvalshot,3840,4647704633_39
Cole Anthony (37751114),RJ Barrett (37751003),Franz Wagner (37750931),Paolo Banchero (37750942),Onyeka Okongwu (37751069),Vince Williams Jr. (37751460),Kelly Olynyk (37751258),Jarrett Allen (37751052),277.3180034722222,367.7087273667849,49800,100.00%,0,86.14%,0,214.11,$2.58,ORL 3,TOR 1,user39,50,marvalshot,5483,4647704634_39
Cole Anthony (37751114),RJ Barrett (37751003),Caris LeVert (37751093),Kelly Olynyk (37751258),Wendell Carter Jr. (37751163),Trae Young (37750915),Vince Williams Jr. (37751460),Cade Cunningham (37750905),270.46081597222224,360.0930211731421,49800,99.60%,0,56.81%,0,193.8,$1.7,ORL 2,ATL 2,user39,50,marvalshot,3760,4647704635_39
Jordan Poole (37750986),Cole Anthony (37751114),Ausar Thompson (37751085),Paolo Banchero (37750942),Onyeka Okongwu (37751069),Trae Young (37750915),Vince Williams Jr. (37751460),Kelly Olynyk (37751258),288.15937499999995,377.90600926267456,49800,100.00%,13385,252.37%,0,179.19,$7.57,ORL 2,ATL 2,user39,50,marvalshot,289,4647704636_39
Trae Young (37750915),Cole Anthony (37751114),Zaccharie Risacher (37751214),Paolo Banchero (37750942),Jarrett Allen (37751052),Vince Williams Jr. (37751460),Zion Williamson (37750934),Davion Mitchell (37751323),270.1853125,362.22391230857704,49900,98.92%,0,51.22%,0,180.04000000000002,$1.54,ATL 2,ORL 2,user39,48,marvalshot,11377,4647704637_39
Trae Young (37750915),Vince Williams Jr. (37751460),Zaccharie Risacher (37751214),Georges Niang (37751274),Wendell Carter Jr. (37751163),Donovan Mitchell (37750950),Kyshawn George (37751149),Cade Cunningham (37750905),275.52859375,359.1570498758105,49700,100.00%,0,76.42%,0,121.75,$2.29,ATL 3,MEM 1,user39,50,marvalshot,3150,4647704638_39
Anthony Edwards (37750911),Cole Anthony (37751114),Vince Williams Jr. (37751460),Zaccharie Risacher (37751214),Onyeka Okongwu (37751069),RJ Barrett (37751003),Naz Reid (37750978),Jarrett Allen (37751052),280.3467534722222,364.2698052107873,49800,100.00%,6,108.9%,0,191.17000000000002,$3.27,MIN 2,ATL 2,user39,46,marvalshot,11381,4647704639_39
Trae Young (37750915),Cole Anthony (37751114),Zaccharie Risacher (37751214),Paolo Banchero (37750942),Jalen Duren (37751019),Vince Williams Jr. (37751460),Evan Mobley (37750964),Davion Mitchell (37751323),268.151875,356.83537118525294,49900,93.79%,0,15.46%,0,174.22,$0.46,ATL 2,ORL 2,user39,50,marvalshot,5391,4647704640_39
Davion Mitchell (37751323),Cole Anthony (37751114),Nickeil Alexander-Walker (37751134),Santi Aldama (37751160),Onyeka Okongwu (37751069),Anthony Edwards (37750911),Zion Williamson (37750934),Jalen Duren (37751019),256.92609375,344.99905669473077,50000,0.26%,0,-99.99%,0,148.12,$-3.0,MIN 2,MIA 1,user39,19,marvalshot,11412,4647704641_39
Trae Young (37750915),Bradley Beal (37751061),RJ Barrett (37751003),Georges Niang (37751274),Wendell Carter Jr. (37751163),Vince Williams Jr. (37751460),Paolo Banchero (37750942),Jarrett Allen (37751052),288.22294270833333,372.87947298604956,49900,100.00%,14349,268.32%,0,157.16000000000003,$8.05,ATL 2,ORL 2,user40,50,marvalshot,2132,4647704632_40
Trae Young (37750915),Cole Anthony (37751114),Ausar Thompson (37751085),Georges Niang (37751274),Onyeka Okongwu (37751069),Anthony Edwards (37750911),Kelly Olynyk (37751258),Jarrett Allen (37751052),289.24015625000004,378.2642489076404,50000,100.00%,22072,340.74%,0,175.20000000000002,$10.22,ATL 3,ORL 1,user40,50,marvalshot,3840,4647704633_40
Cole Anthony (37751114),RJ Barrett (37751003),Franz Wagner (37750931),Paolo Banchero (37750942),Onyeka Okongwu (37751069),Vince Williams Jr. (37751460),Kelly Olynyk (37751258),Jarrett Allen (37751052),277.3180034722222,367.7087273667849,49800,100.00%,0,86.14%,0,214.11,$2.58,ORL 3,TOR 1,user40,50,marvalshot,5483,4647704634_40
Cole Anthony (37751114),RJ Barrett (37751003),Caris LeVert (37751093),Kelly Olynyk (37751258),Wendell Carter Jr. (37751163),Trae Young (37750915),Vince Williams Jr. (37751460),Cade Cunningham (37750905),270.46081597222224,360.0930211731421,49800,99.60%,0,56.81%,0,193.8,$1.7,ORL 2,ATL 2,user40,50,marvalshot,3760,4647704635_40
Jordan Poole (37750986),Cole Anthony (37751114),Ausar Thompson (37751085),Paolo Banchero (37750942),Onyeka Okongwu (37751069),Trae Young (37750915),Vince Williams Jr. (37751460),Kelly Olynyk (37751258),288.15937499999995,377.90600926267456,49800,100.00%,13385,252.37%,0,179.19,$7.57,ORL 2,ATL 2,user40,50,marvalshot,289,4647704636_40
Trae Young (37750915),Cole Anthony (37751114),Zaccharie Risacher (37751214),Paolo Banchero (37750942),Jarrett Allen (37751052),Vince Williams Jr. (37751460),Zion Williamson (37750934),Davion Mitchell (37751323),270.1853125,362.22391230857704,49900,98.92%,0,51.22%,0,180.04000000000002,$1.54,ATL 2,ORL 2,user40,48,marvalshot,11377,4647704637_40
Trae Young (37750915),Vince Williams Jr. (37751460),Zaccharie Risacher (37751214),Georges Niang (37751274),Wendell Carter Jr. (37751163),Donovan Mitchell (37750950),Kyshawn George (37751149),Cade Cunningham (37750905),275.52859375,359.1570498758105,49700,100.00%,0,76.42%,0,121.75,$2.29,ATL 3,MEM 1,user40,50,marvalshot,3150,4647704638_40
Anthony Edwards (37750911),Cole Anthony (37751114),Vince Williams Jr. (37751460),Zaccharie Risacher (37751214),Onyeka Okongwu (37751069),RJ Barrett (37751003),Naz Reid (37750978),Jarrett Allen (37751052),280.3467534722222,364.2698052107873,49800,100.00%,6,108.9%,0,191.17000000000002,$3.27,MIN 2,ATL 2,user40,46,marvalshot,11381,4647704639_40
Trae Young (37750915),Cole Anthony (37751114),Zaccharie Risacher (37751214),Paolo Banchero (37750942),Jalen Duren (37751019),Vince Williams Jr. (37751460),Evan Mobley (37750964),Davion Mitchell (37751323),268.151875,356.83537118525294,49900,93.79%,0,15.46%,0,174.22,$0.46,ATL 2,ORL 2,user40,50,marvalshot,5391,4647704640_40
Davion Mitchell (37751323),Cole Anthony (37751114),Nickeil Alexander-Walker (37751134),Santi Aldama (37751160),Onyeka Okongwu (37751069),Anthony Edwards (37750911),Zion Williamson (37750934),Jalen Duren (37751019),256.92609375,344.99905669473077,50000,0.26%,0,-99.99%,0,148.12,$-3.0,MIN 2,MIA 1,user40,19,marvalshot,11412,4647704641_40
Trae Young (37750915),Bradley Beal (37751061),RJ Barrett (37751003),Georges Niang (37751274),Wendell Carter Jr. (37751163),Vince Williams Jr. (37751460),Paolo Banchero (37750942),Jarrett Allen (37751052),288.22294270833333,372.87947298604956,49900,100.00%,14349,268.32%,0,157.16000000000003,$8.05,ATL 2,ORL 2,user41,50,marvalshot,2132,4647704632_41
Trae Young (37750915),Cole Anthony (37751114),Ausar Thompson (37751085),Georges Niang (37751274),Onyeka Okongwu (37751069),Anthony Edwards (37750911),Kelly Olynyk (37751258),Jarrett Allen (37751052),289.24015625000004,378.2642489076404,50000,100.00%,22072,340.74%,0,175.20000000000002,$10.22,ATL 3,ORL 1,user41,50,marvalshot,3840,4647704633_41
Cole Anthony (37751114),RJ Barrett (37751003),Franz Wagner (37750931),Paolo Banchero (37750942),Onyeka Okongwu (37751069),Vince Williams Jr. (37751460),Kelly Olynyk (37751258),Jarrett Allen (37751052),277.3180034722222,367.7087273667849,49800,100.00%,0,86.14%,0,214.11,$2.58,ORL 3,TOR 1,user41,50,marvalshot,5483,4647704634_41
Cole Anthony (37751114),RJ Barrett (37751003),Caris LeVert (37751093),Kelly Olynyk (37751258),Wendell Carter Jr. (37751163),Trae Young (37750915),Vince Williams Jr. (37751460),Cade Cunningham (37750905),270.46081597222224,360.0930211731421,49800,99.60%,0,56.81%,0,193.8,$1.7,ORL 2,ATL 2,user41,50,marvalshot,3760,4647704635_41
Jordan Poole (37750986),Cole Anthony (37751114),Ausar Thompson (37751085),Paolo Banchero (37750942),Onyeka Okongwu (37751069),Trae Young (37750915),Vince Williams Jr. (37751460),Kelly Olynyk (37751258),288.15937499999995,377.90600926267456,49800,100.00%,13385,252.37%,0,179.19,$7.57,ORL 2,ATL 2,user41,50,marvalshot,289,4647704636_41
Trae Young (37750915),Cole Anthony (37751114),Zaccharie Risacher (37751214),Paolo Banchero (37750942),Jarrett Allen (37751052),Vince Williams Jr. (37751460),Zion Williamson (37750934),Davion Mitchell (37751323),270.1853125,362.22391230857704,49900,98.92%,0,51.22%,0,180.04000000000002,$1.54,ATL 2,ORL 2,user41,48,marvalshot,11377,4647704637_41
Trae Young (37750915),Vince Williams Jr. (37751460),Zaccharie Risacher (37751214),Georges Niang (37751274),Wendell Carter Jr. (37751163),Donovan Mitchell (37750950),Kyshawn George (37751149),Cade Cunningham (37750905),275.52859375,359.1570498758105,49700,100.00%,0,76.42%,0,121.75,$2.29,ATL 3,MEM 1,user41,50,marvalshot,3150,4647704638_41
Anthony Edwards (37750911),Cole Anthony (37751114),Vince Williams Jr. (37751460),Zaccharie Risacher (37751214),Onyeka Okongwu (37751069),RJ Barrett (37751003),Naz Reid (37750978),Jarrett Allen (37751052),280.3467534722222,364.2698052107873,49800,100.00%,6,108.9%,0,191.17000000000002,$3.27,MIN 2,ATL 2,user41,46,marvalshot,11381,4647704639_41
Trae Young (37750915),Cole Anthony (37751114),Zaccharie Risacher (37751214),Paolo Banchero (37750942),Jalen Duren (37751019),Vince Williams Jr. (37751460),Evan Mobley (37750964),Davion Mitchell (37751323),268.151875,356.83537118525294,49900,93.79%,0,15.46%,0,174.22,$0.46,ATL 2,ORL 2,user41,50,marvalshot,5391,4647704640_41
Davion Mitchell (37751323),Cole Anthony (37751114),Nickeil Alexander-Walker (37751134),Santi Aldama (37751160),Onyeka Okongwu (37751069),Anthony Edwards (37750911),Zion Williamson (37750934),Jalen Duren (37751019),256.92609375,344.99905669473077,50000,0.26%,0,-99.99%,0,148.12,$-3.0,MIN 2,MIA 1,user41,19,marvalshot,11412,4647704641_41
Trae Young (37750915),Bradley Beal (37751061),RJ Barrett (37751003),Georges Niang (37751274),Wendell Carter Jr. (37751163),Vince Williams Jr. (37751460),Paolo Banchero (37750942),Jarrett Allen (37751052),288.22294270833333,372.87947298604956,49900,100.00%,14349,268.32%,0,157.16000000000003,$8.05,ATL 2,ORL 2,user42,50,marvalshot,2132,4647704632_42
Trae Young (37750915),Cole Anthony (37751114),Ausar Thompson (37751085),Georges Niang (37751274),Onyeka Okongwu (37751069),Anthony Edwards (37750911),Kelly Olynyk (37751258),Jarrett Allen (37751052),289.24015625000004,378.2642489076404,50000,100.00%,22072,340.74%,0,175.20000000000002,$10.22,ATL 3,ORL 1,user42,50,marvalshot,3840,4647704633_42
Cole Anthony (37751114),RJ Barrett (37751003),Franz Wagner (37750931),Paolo Banchero (37750942),Onyeka Okongwu (37751069),Vince Williams Jr. (37751460),Kelly Olynyk (37751258),Jarrett Allen (37751052),277.3180034722222,367.7087273667849,49800,100.00%,0,86.14%,0,214.11,$2.58,ORL 3,TOR 1,user42,50,marvalshot,5483,4647704634_42
Cole Anthony (37751114),RJ Barrett (37751003),Caris LeVert (37751093),Kelly Olynyk (37751258),Wendell Carter Jr. (37751163),Trae Young (37750915),Vince Williams Jr. (37751460),Cade Cunningham (37750905),270.46081597222224,360.0930211731421,49800,99.60%,0,56.81%,0,193.8,$1.7,ORL 2,ATL 2,user42,50,marvalshot,3760,4647704635_42
Jordan Poole (37750986),Cole Anthony (37751114),Ausar Thompson (37751085),Paolo Banchero (37750942),Onyeka Okongwu (37751069),Trae Young (37750915),Vince Williams Jr. (37751460),Kelly Olynyk (37751258),288.15937499999995,377.90600926267456,49800,100.00%,13385,252.37%,0,179.19,$7.57,ORL 2,ATL 2,user42,50,marvalshot,289,4647704636_42
Trae Young (37750915),Cole Anthony (37751114),Zaccharie Risacher (37751214),Paolo Banchero (37750942),Jarrett Allen (37751052),Vince Williams Jr. (37751460),Zion Williamson (37750934),Davion Mitchell (37751323),270.1853125,362.22391230857704,49900,98.92%,0,51.22%,0,180.04000000000002,$1.54,ATL 2,ORL 2,user42,48,marvalshot,11377,4647704637_42
Trae Young (37750915),Vince Williams Jr. (37751460),Zaccharie Risacher (37751214),Georges Niang (37751274),Wendell Carter Jr. (37751163),Donovan Mitchell (37750950),Kyshawn George (37751149),Cade Cunningham (37750905),275.52859375,359.1570498758105,49700,100.00%,0,76.42%,0,121.75,$2.29,ATL 3,MEM 1,user42,50,marvalshot,3150,4647704638_42
Anthony Edwards (37750911),Cole Anthony (37751114),Vince Williams Jr. (37751460),Zaccharie Risacher (37751214),Onyeka Okongwu (37751069),RJ Barrett (37751003),Naz Reid (37750978),Jarrett Allen (37751052),280.3467534722222,364.2698052107873,49800,100.00%,6,108.9%,0,191.17000000000002,$3.27,MIN 2,ATL 2,user42,46,marvalshot,11381,4647704639_42
Trae Young (37750915),Cole Anthony (37751114),Zaccharie Risacher (37751214),Paolo Banchero (37750942),Jalen Duren (37751019),Vince Williams Jr. (37751460),Evan Mobley (37750964),Davion Mitchell (37751323),268.151875,356.83537118525294,49900,93.79%,0,15.46%,0,174.22,$0.46,ATL 2,ORL 2,user42,50,marvalshot,5391,4647704640_42
Davion Mitchell (37751323),Cole Anthony (37751114),Nickeil Alexander-Walker (37751134),Santi Aldama (37751160),Onyeka Okongwu (37751069),Anthony Edwards (37750911),Zion Williamson (37750934),Jalen Duren (37751019),256.92609375,344.99905669473077,50000,0.26%,0,-99.99%,0,148.12,$-3.0,MIN 2,MIA 1,user42,19,marvalshot,11412,4647704641_42
Trae Young (37750915),Bradley Beal (37751061),RJ Barrett (37751003),Georges Niang (37751274),Wendell Carter Jr. (37751163),Vince Williams Jr. (37751460),Paolo Banchero (37750942),Jarrett Allen (37751052),288.22294270833333,372.87947298604956,49900,100.00%,14349,268.32%,0,157.16000000000003,$8.05,ATL 2,ORL 2,user43,50,marvalshot,2132,4647704632_43
Trae Young (37750915),Cole Anthony (37751114),Ausar Thompson (37751085),Georges Niang (37751274),Onyeka Okongwu (37751069),Anthony Edwards (37750911),Kelly Olynyk (37751258),Jarrett Allen (37751052),289.24015625000004,378.2642489076404,50000,100.00%,22072,340.74%,0,175.20000000000002,$10.22,ATL 3,ORL 1,user43,50,marvalshot,3840,4647704633_43
Cole Anthony (37751114),RJ Barrett (37751003),Franz Wagner (37750931),Paolo Banchero (37750942),Onyeka Okongwu (37751069),Vince Williams Jr. (37751460),Kelly Olynyk (37751258),Jarrett Allen (37751052),277.3180034722222,367.7087273667849,49800,100.00%,0,86.14%,0,214.11,$2.58,ORL 3,TOR 1,user43,50,marvalshot,5483,4647704634_43
Cole Anthony (37751114),RJ Barrett (37751003),Caris LeVert (37751093),Kelly Olynyk (37751258),Wendell Carter Jr. (37751163),Trae Young (37750915),Vince Williams Jr. (37751460),Cade Cunningham (37750905),270.46081597222224,360.0930211731421,49800,99.60%,0,56.81%,0,193.8,$1.7,ORL 2,ATL 2,user43,50,marvalshot,3760,4647704635_43
Jordan Poole (37750986),Cole Anthony (37751114),Ausar Thompson (37751085),Paolo Banchero (37750942),Onyeka Okongwu (37751069),Trae Young (37750915),Vince Williams Jr. (37751460),Kelly Olynyk (37751258),288.15937499999995,377.90600926267456,49800,100.00%,13385,252.37%,0,179.19,$7.57,ORL 2,ATL 2,user43,50,marvalshot,289,4647704636_43
Trae Young (37750915),Cole Anthony (37751114),Zaccharie Risacher (37751214),Paolo Banchero (37750942),Jarrett Allen (37751052),Vince Williams Jr. (37751460),Zion Williamson (37750934),Davion Mitchell (37751323),270.1853125,362.22391230857704,49900,98.92%,0,51.22%,0,180.04000000000002,$1.54,ATL 2,ORL 2,user43,48,marvalshot,11377,4647704637_43
Trae Young (37750915),Vince Williams Jr. (37751460),Zaccharie Risacher (37751214),Georges Niang (37751274),Wendell Carter Jr. (37751163),Donovan Mitchell (37750950),Kyshawn George (37751149),Cade Cunningham (37750905),275.52859375,359.1570498758105,49700,100.00%,0,76.42%,0,121.75,$2.29,ATL 3,MEM 1,user43,50,marvalshot,3150,4647704638_43
Anthony Edwards (37750911),Cole Anthony (37751114),Vince Williams Jr. (37751460),Zaccharie Risacher (37751214),Onyeka Okongwu (37751069),RJ Barrett (37751003),Naz Reid (37750978),Jarrett Allen (37751052),280.3467534722222,364.2698052107873,49800,100.00%,6,108.9%,0,191.17000000000002,$3.27,MIN 2,ATL 2,user43,46,marvalshot,11381,4647704639_43
Trae Young (37750915),Cole Anthony (37751114),Zaccharie Risacher (37751214),Paolo Banchero (37750942),Jalen Duren (37751019),Vince Williams Jr. (37751460),Evan Mobley (37750964),Davion Mitchell (37751323),268.151875,356.83537118525294,49900,93.79%,0,15.46%,0,174.22,$0.46,ATL 2,ORL 2,user43,50,marvalshot,5391,4647704640_43
Davion Mitchell (37751323),Cole Anthony (37751114),Nickeil Alexander-Walker (37751134),Santi Aldama (37751160),Onyeka Okongwu (37751069),Anthony Edwards (37750911),Zion Williamson (37750934),Jalen Duren (37751019),256.92609375,344.99905669473077,50000,0.26%,0,-99.99%,0,148.12,$-3.0,MIN 2,MIA 1,user43,19,marvalshot,11412,4647704641_43
Trae Young (37750915),Bradley Beal (37751061),RJ Barrett (37751003),Georges Niang (37751274),Wendell Carter Jr. (37751163),Vince Williams Jr. (37751460),Paolo Banchero (37750942),Jarrett Allen (37751052),288.22294270833333,372.87947298604956,49900,100.00%,14349,268.32%,0,157.16000000000003,$8.05,ATL 2,ORL 2,user44,50,marvalshot,2132,4647704632_44
Trae Young (37750915),Cole Anthony (37751114),Ausar Thompson (37751085),Georges Niang (37751274),Onyeka Okongwu (37751069),Anthony Edwards (37750911),Kelly Olynyk (37751258),Jarrett Allen (37751052),289.24015625000004,378.2642489076404,50000,100.00%,22072,340.74%,0,175.20000000000002,$10.22,ATL 3,ORL 1,user44,50,marvalshot,3840,4647704633_44
Cole Anthony (37751114),RJ Barrett (37751003),Franz Wagner (37750931),Paolo Banchero (37750942),Onyeka Okongwu (37751069),Vince Williams Jr. (37751460),Kelly Olynyk (37751258),Jarrett Allen (37751052),277.3180034722222,367.7087273667849,49800,100.00%,0,86.14%,0,214.11,$2.58,ORL 3,TOR 1,user44,50,marvalshot,5483,4647704634_44
Cole Anthony (37751114),RJ Barrett (37751003),Caris LeVert (37751093),Kelly Olynyk (37751258),Wendell Carter Jr. (37751163),Trae Young (37750915),Vince Williams Jr. (37751460),Cade Cunningham (37750905),270.46081597222224,360.0930211731421,49800,99.60%,0,56.81%,0,193.8,$1.7,ORL 2,ATL 2,user44,50,marvalshot,3760,4647704635_44
Jordan Poole (37750986),Cole Anthony (37751114),Ausar Thompson (37751085),Paolo Banchero (37750942),Onyeka Okongwu (37751069),Trae Young (37750915),Vince Williams Jr. (37751460),Kelly Olynyk (37751258),288.15937499999995,377.90600926267456,49800,100.00%,13385,252.37%,0,179.19,$7.57,ORL 2,ATL 2,user44,50,marvalshot,289,4647704636_44
Trae Young (37750915),Cole Anthony (37751114),Zaccharie Risacher (37751214),Paolo Banchero (37750942),Jarrett Allen (37751052),Vince Williams Jr. (37751460),Zion Williamson (37750934),Davion Mitchell (37751323),270.1853125,362.22391230857704,49900,98.92%,0,51.22%,0,180.04000000000002,$1.54,ATL 2,ORL 2,user44,48,marvalshot,11377,4647704637_44
Trae Young (37750915),Vince Williams Jr. (37751460),Zaccharie Risacher (37751214),Georges Niang (37751274),Wendell Carter Jr. (37751163),Donovan Mitchell (37750950),Kyshawn George (37751149),Cade Cunningham (37750905),275.52859375,359.1570498758105,49700,100.00%,0,76.42%,0,121.75,$2.29,ATL 3,MEM 1,user44,50,marvalshot,3150,4647704638_44
Anthony Edwards (37750911),Cole Anthony (37751114),Vince Williams Jr. (37751460),Zaccharie Risacher (37751214),Onyeka Okongwu (37751069),RJ Barrett (37751003),Naz Reid (37750978),Jarrett Allen (37751052),280.3467534722222,364.2698052107873,49800,100.00%,6,108.9%,0,191.17000000000002,$3.27,MIN 2,ATL 2,user44,46,marvalshot,11381,4647704639_44
Trae Young (37750915),Cole Anthony (37751114),Zaccharie Risacher (37751214),Paolo Banchero (37750942),Jalen Duren (37751019),Vince Williams Jr. (37751460),Evan Mobley (37750964),Davion Mitchell (37751323),268.151875,356.83537118525294,49900,93.79%,0,15.46%,0,174.22,$0.46,ATL 2,ORL 2,user44,50,marvalshot,5391,4647704640_44
Davion Mitchell (37751323),Cole Anthony (37751114),Nickeil Alexander-Walker (37751134),Santi Aldama (37751160),Onyeka Okongwu (37751069),Anthony Edwards (37750911),Zion Williamson (37750934),Jalen Duren (37751019),256.92609375,344.99905669473077,50000,0.26%,0,-99.99%,0,148.12,$-3.0,MIN 2,MIA 1,user44,19,marvalshot,11412,4647704641_44
Trae Young (37750915),Bradley Beal (37751061),RJ Barrett (37751003),Georges Niang (37751274),Wendell Carter Jr. (37751163),Vince Williams Jr. (37751460),Paolo Banchero (37750942),Jarrett Allen (37751052),288.22294270833333,372.87947298604956,49900,100.00%,14349,268.32%,0,157.16000000000003,$8.05,ATL 2,ORL 2,user45,50,marvalshot,2132,4647704632_45
Trae Young (37750915),Cole Anthony (37751114),Ausar Thompson (37751085),Georges Niang (37751274),Onyeka Okongwu (37751069),Anthony Edwards (37750911),Kelly Olynyk (37751258),Jarrett Allen (37751052),289.24015625000004,378.2642489076404,50000,100.00%,22072,340.74%,0,175.20000000000002,$10.22,ATL 3,ORL 1,user45,50,marvalshot,3840,4647704633_45
Cole Anthony (37751114),RJ Barrett (37751003),Franz Wagner (37750931),Paolo Banchero (37750942),Onyeka Okongwu (37751069),Vince Williams Jr. (37751460),Kelly Olynyk (37751258),Jarrett Allen (37751052),277.3180034722222,367.7087273667849,49800,100.00%,0,86.14%,0,214.11,$2.58,ORL 3,TOR 1,user45,50,marvalshot,5483,4647704634_45
Cole Anthony (37751114),RJ Barrett (37751003),Caris LeVert (37751093),Kelly Olynyk (37751258),Wendell Carter Jr. (37751163),Trae Young (37750915),Vince Williams Jr. (37751460),Cade Cunningham (37750905),270.46081597222224,360.0930211731421,49800,99.60%,0,56.81%,0,193.8,$1.7,ORL 2,ATL 2,user45,50,marvalshot,3760,4647704635_45
Jordan Poole (37750986),Cole Anthony (37751114),Ausar Thompson (37751085),Paolo Banchero (37750942),Onyeka Okongwu (37751069),Trae Young (37750915),Vince Williams Jr. (37751460),Kelly Olynyk (37751258),288.15937499999995,377.90600926267456,49800,100.00%,13385,252.37%,0,179.19,$7.57,ORL 2,ATL 2,user45,50,marvalshot,289,4647704636_45
Trae Young (37750915),Cole Anthony (37751114),Zaccharie Risacher (37751214),Paolo Banchero (37750942),Jarrett Allen (37751052),Vince Williams Jr. (37751460),Zion Williamson (37750934),Davion Mitchell (37751323),270.1853125,362.22391230857704,49900,98.92%,0,51.22%,0,180.04000000000002,$1.54,ATL 2,ORL 2,user45,48,marvalshot,11377,4647704637_45
Trae Young (37750915),Vince Williams Jr. (37751460),Zaccharie Risacher (37751214),Georges Niang (37751274),Wendell Carter Jr. (37751163),Donovan Mitchell (37750950),Kyshawn George (37751149),Cade Cunningham (37750905),275.52859375,359.1570498758105,49700,100.00%,0,76.42%,0,121.75,$2.29,ATL 3,MEM 1,user45,50,marvalshot,3150,4647704638_45
Anthony Edwards (37750911),Cole Anthony (37751114),Vince Williams Jr. (37751460),Zaccharie Risacher (37751214),Onyeka Okongwu (37751069),RJ Barrett (37751003),Naz Reid (37750978),Jarrett Allen (37751052),280.3467534722222,364.2698052107873,49800,100.00%,6,108.9%,0,191.17000000000002,$3.27,MIN 2,ATL 2,user45,46,marvalshot,11381,4647704639_45
Trae Young (37750915),Cole Anthony (37751114),Zaccharie Risacher (37751214),Paolo Banchero (37750942),Jalen Duren (37751019),Vince Williams Jr. (37751460),Evan Mobley (37750964),Davion Mitchell (37751323),268.151875,356.83537118525294,49900,93.79%,0,15.46%,0,174.22,$0.46,ATL 2,ORL 2,user45,50,marvalshot,5391,4647704640_45
Davion Mitchell (37751323),Cole Anthony (37751114),Nickeil Alexander-Walker (37751134),Santi Aldama (37751160),Onyeka Okongwu (37751069),Anthony Edwards (37750911),Zion Williamson (37750934),Jalen Duren (37751019),256.92609375,344.99905669473077,50000,0.26%,0,-99.99%,0,148.12,$-3.0,MIN 2,MIA 1,user45,19,marvalshot,11412,4647704641_45
Trae Young (37750915),Bradley Beal (37751061),RJ Barrett (37751003),Georges Niang (37751274),Wendell Carter Jr. (37751163),Vince Williams Jr. (37751460),Paolo Banchero (37750942),Jarrett Allen (37751052),288.22294270833333,372.87947298604956,49900,100.00%,14349,268.32%,0,157.16000000000003,$8.05,ATL 2,ORL 2,user46,50,marvalshot,2132,4647704632_46
Trae Young (37750915),Cole Anthony (37751114),Ausar Thompson (37751085),Georges Niang (37751274),Onyeka Okongwu (37751069),Anthony Edwards (37750911),Kelly Olynyk (37751258),Jarrett Allen (37751052),289.24015625000004,378.2642489076404,50000,100.00%,22072,340.74%,0,175.20000000000002,$10.22,ATL 3,ORL 1,user46,50,marvalshot,3840,4647704633_46
Cole Anthony (37751114),RJ Barrett (37751003),Franz Wagner (37750931),Paolo Banchero (37750942),Onyeka Okongwu (37751069),Vince Williams Jr. (37751460),Kelly Olynyk (37751258),Jarrett Allen (37751052),277.3180034722222,367.7087273667849,49800,100.00%,0,86.14%,0,214.11,$2.58,ORL 3,TOR 1,user46,50,marvalshot,5483,4647704634_46
Cole Anthony (37751114),RJ Barrett (37751003),Caris LeVert (37751093),Kelly Olynyk (37751258),Wendell Carter Jr. (37751163),Trae Young (37750915),Vince Williams Jr. (37751460),Cade Cunningham (37750905),270.46081597222224,360.0930211731421,49800,99.60%,0,56.81%,0,193.8,$1.7,ORL 2,ATL 2,user46,50,marvalshot,3760,4647704635_46
Jordan Poole (37750986),Cole Anthony (37751114),Ausar Thompson (37751085),Paolo Banchero (37750942),Onyeka Okongwu (37751069),Trae Young (37750915),Vince Williams Jr. (37751460),Kelly Olynyk (37751258),288.15937499999995,377.90600926267456,49800,100.00%,13385,252.37%,0,179.19,$7.57,ORL 2,ATL 2,user46,50,marvalshot,289,4647704636_46
Trae Young (37750915),Cole Anthony (37751114),Zaccharie Risacher (37751214),Paolo Banchero (37750942),Jarrett Allen (37751052),Vince Williams Jr. (37751460),Zion Williamson (37750934),Davion Mitchell (37751323),270.1853125,362.22391230857704,49900,98.92%,0,51.22%,0,180.04000000000002,$1.54,ATL 2,ORL 2,user46,48,marvalshot,11377,4647704637_46
Trae Young (37750915),Vince Williams Jr. (37751460),Zaccharie Risacher (37751214),Georges Niang (37751274),Wendell Carter Jr. (37751163),Donovan Mitchell (37750950),Kyshawn George (37751149),Cade Cunningham (37750905),275.52859375,359.1570498758105,49700,100.00%,0,76.42%,0,121.75,$2.29,ATL 3,MEM 1,user46,50,marvalshot,3150,4647704638_46
Anthony Edwards (37750911),Cole Anthony (37751114),Vince Williams Jr. (37751460),Zaccharie Risacher (37751214),Onyeka Okongwu (37751069),RJ Barrett (37751003),Naz Reid (37750978),Jarrett Allen (37751052),280.3467534722222,364.2698052107873,49800,100.00%,6,108.9%,0,191.17000000000002,$3.27,MIN 2,ATL 2,user46,46,marvalshot,11381,4647704639_46
Trae Young (37750915),Cole Anthony (37751114),Zaccharie Risacher (37751214),Paolo Banchero (37750942),Jalen Duren (37751019),Vince Williams Jr. (37751460),Evan Mobley (37750964),Davion Mitchell (37751323),268.151875,356.83537118525294,49900,93.79%,0,15.46%,0,174.22,$0.46,ATL 2,ORL 2,user46,50,marvalshot,5391,4647704640_46
Davion Mitchell (37751323),Cole Anthony (37751114),Nickeil Alexander-Walker (37751134),Santi Aldama (37751160),Onyeka Okongwu (37751069),Anthony Edwards (37750911),Zion Williamson (37750934),Jalen Duren (37751019),256.92609375,344.99905669473077,50000,0.26%,0,-99.99%,0,148.12,$-3.0,MIN 2,MIA 1,user46,19,marvalshot,11412,4647704641_46
Trae Young (37750915),Bradley Beal (37751061),RJ Barrett (37751003),Georges Niang (37751274),Wendell Carter Jr. (37751163),Vince Williams Jr. (37751460),Paolo Banchero (37750942),Jarrett Allen (37751052),288.22294270833333,372.87947298604956,49900,100.00%,14349,268.32%,0,157.16000000000003,$8.05,ATL 2,ORL 2,user47,50,marvalshot,2132,4647704632_47
Trae Young (37750915),Cole Anthony (37751114),Ausar Thompson (37751085),Georges Niang (37751274),Onyeka Okongwu (37751069),Anthony Edwards (37750911),Kelly Olynyk (37751258),Jarrett Allen (37751052),289.24015625000004,378.2642489076404,50000,100.00%,22072,340.74%,0,175.20000000000002,$10.22,ATL 3,ORL 1,user47,50,marvalshot,3840,4647704633_47
Cole Anthony (37751114),RJ Barrett (37751003),Franz Wagner (37750931),Paolo Banchero (37750942),Onyeka Okongwu (37751069),Vince Williams Jr. (37751460),Kelly Olynyk (37751258),Jarrett Allen (37751052),277.3180034722222,367.7087273667849,49800,100.00%,0,86.14%,0,214.11,$2.58,ORL 3,TOR 1,user47,50,marvalshot,5483,4647704634_47
Cole Anthony (37751114),RJ Barrett (37751003),Caris LeVert (37751093),Kelly Olynyk (37751258),Wendell Carter Jr. (37751163),Trae Young (37750915),Vince Williams Jr. (37751460),Cade Cunningham (37750905),270.46081597222224,360.0930211731421,49800,99.60%,0,56.81%,0,193.8,$1.7,ORL 2,ATL 2,user47,50,marvalshot,3760,4647704635_47
Jordan Poole (37750986),Cole Anthony (37751114),Ausar Thompson (37751085),Paolo Banchero (37750942),Onyeka Okongwu (37751069),Trae Young (37750915),Vince Williams Jr. (37751460),Kelly Olynyk (37751258),288.15937499999995,377.90600926267456,49800,100.00%,13385,252.37%,0,179.19,$7.57,ORL 2,ATL 2,user47,50,marvalshot,289,4647704636_47
Trae Young (37750915),Cole Anthony (37751114),Zaccharie Risacher (37751214),Paolo Banchero (37750942),Jarrett Allen (37751052),Vince Williams Jr. (37751460),Zion Williamson (37750934),Davion Mitchell (37751323),270.1853125,362.22391230857704,49900,98.92%,0,51.22%,0,180.04000000000002,$1.54,ATL 2,ORL 2,user47,48,marvalshot,11377,4647704637_47
Trae Young (37750915),Vince Williams Jr. (37751460),Zaccharie Risacher (37751214),Georges Niang (37751274),Wendell Carter Jr. (37751163),Donovan Mitchell (37750950),Kyshawn George (37751149),Cade Cunningham (37750905),275.52859375,359.1570498758105,49700,100.00%,0,76.42%,0,121.75,$2.29,ATL 3,MEM 1,user47,50,marvalshot,3150,4647704638_47
Anthony Edwards (37750911),Cole Anthony (37751114),Vince Williams Jr. (37751460),Zaccharie Risacher (37751214),Onyeka Okongwu (37751069),RJ Barrett (37751003),Naz Reid (37750978),Jarrett Allen (37751052),280.3467534722222,364.2698052107873,49800,100.00%,6,108.9%,0,191.17000000000002,$3.27,MIN 2,ATL 2,user47,46,marvalshot,11381,4647704639_47
Trae Young (37750915),Cole Anthony (37751114),Zaccharie Risacher (37751214),Paolo Banchero (37750942),Jalen Duren (37751019),Vince Williams Jr. (37751460),Evan Mobley (37750964),Davion Mitchell (37751323),268.151875,356.83537118525294,49900,93.79%,0,15.46%,0,174.22,$0.46,ATL 2,ORL 2,user47,50,marvalshot,5391,4647704640_47
Davion Mitchell (37751323),Cole Anthony (37751114),Nickeil Alexander-Walker (37751134),Santi Aldama (37751160),Onyeka Okongwu (37751069),Anthony Edwards (37750911),Zion Williamson (37750934),Jalen Duren (37751019),256.92609375,344.99905669473077,50000,0.26%,0,-99.99%,0,148.12,$-3.0,MIN 2,MIA 1,user47,19,marvalshot,11412,4647704641_47
Trae Young (37750915),Bradley Beal (37751061),RJ Barrett (37751003),Georges Niang (37751274),Wendell Carter Jr. (37751163),Vince Williams Jr. (37751460),Paolo Banchero (37750942),Jarrett Allen (37751052),288.22294270833333,372.87947298604956,49900,100.00%,14349,268.32%,0,157.16000000000003,$8.05,ATL 2,ORL 2,user48,50,marvalshot,2132,4647704632_48
Trae Young (37750915),Cole Anthony (37751114),Ausar Thompson (37751085),Georges Niang (37751274),Onyeka Okongwu (37751069),Anthony Edwards (37750911),Kelly Olynyk (37751258),Jarrett Allen (37751052),289.24015625000004,378.2642489076404,50000,100.00%,22072,340.74%,0,175.20000000000002,$10.22,ATL 3,ORL 1,user48,50,marvalshot,3840,4647704633_48
Cole Anthony (37751114),RJ Barrett (37751003),Franz Wagner (37750931),Paolo Banchero (37750942),Onyeka Okongwu (37751069),Vince Williams Jr. (37751460),Kelly Olynyk (37751258),Jarrett Allen (37751052),277.3180034722222,367.7087273667849,49800,100.00%,0,86.14%,0,214.11,$2.58,ORL 3,TOR 1,user48,50,marvalshot,5483,4647704634_48
Cole Anthony (37751114),RJ Barrett (37751003),Caris LeVert (37751093),Kelly Olynyk (37751258),Wendell Carter Jr. (37751163),Trae Young (37750915),Vince Williams Jr. (37751460),Cade Cunningham (37750905),270.46081597222224,360.0930211731421,49800,99.60%,0,56.81%,0,193.8,$1.7,ORL 2,ATL 2,user48,50,marvalshot,3760,4647704635_48
Jordan Poole (37750986),Cole Anthony (37751114),Ausar Thompson (37751085),Paolo Banchero (37750942),Onyeka Okongwu (37751069),Trae Young (37750915),Vince Williams Jr. (37751460),Kelly Olynyk (37751258),288.15937499999995,377.90600926267456,49800,100.00%,13385,252.37%,0,179.19,$7.57,ORL 2,ATL 2,user48,50,marvalshot,289,4647704636_48
Trae Young (37750915),Cole Anthony (37751114),Zaccharie Risacher (37751214),Paolo Banchero (37750942),Jarrett Allen (37751052),Vince Williams Jr. (37751460),Zion Williamson (37750934),Davion Mitchell (37751323),270.1853125,362.22391230857704,49900,98.92%,0,51.22%,0,180.04000000000002,$1.54,ATL 2,ORL 2,user48,48,marvalshot,11377,4647704637_48
Trae Young (37750915),Vince Williams Jr. (37751460),Zaccharie Risacher (37751214),Georges Niang (37751274),Wendell Carter Jr. (37751163),Donovan Mitchell (37750950),Kyshawn George (37751149),Cade Cunningham (37750905),275.52859375,359.1570498758105,49700,100.00%,0,76.42%,0,121.75,$2.29,ATL 3,MEM 1,user48,50,marvalshot,3150,4647704638_48
Anthony Edwards (37750911),Cole Anthony (37751114),Vince Williams Jr. (37751460),Zaccharie Risacher (37751214),Onyeka Okongwu (37751069),RJ Barrett (37751003),Naz Reid (37750978),Jarrett Allen (37751052),280.3467534722222,364.2698052107873,49800,100.00%,6,108.9%,0,191.17000000000002,$3.27,MIN 2,ATL 2,user48,46,marvalshot,11381,4647704639_48
Trae Young (37750915),Cole Anthony (37751114),Zaccharie Risacher (37751214),Paolo Banchero (37750942),Jalen Duren (37751019),Vince Williams Jr. (37751460),Evan Mobley (37750964),Davion Mitchell (37751323),268.151875,356.83537118525294,49900,93.79%,0,15.46%,0,174.22,$0.46,ATL 2,ORL 2,user48,50,marvalshot,5391,4647704640_48
Davion Mitchell (37751323),Cole Anthony (37751114),Nickeil Alexander-Walker (37751134),Santi Aldama (37751160),Onyeka Okongwu (37751069),Anthony Edwards (37750911),Zion Williamson (37750934),Jalen Duren (37751019),256.92609375,344.99905669473077,50000,0.26%,0,-99.99%,0,148.12,$-3.0,MIN 2,MIA 1,user48,19,marvalshot,11412,4647704641_48
Trae Young (37750915),Bradley Beal (37751061),RJ Barrett (37751003),Georges Niang (37751274),Wendell Carter Jr. (37751163),Vince Williams Jr. (37751460),Paolo Banchero (37750942),Jarrett Allen (37751052),288.22294270833333,372.87947298604956,49900,100.00%,14349,268.32%,0,157.16000000000003,$8.05,ATL 2,ORL 2,user49,50,marvalshot,2132,4647704632_49
Trae Young (37750915),Cole Anthony (37751114),Ausar Thompson (37751085),Georges Niang (37751274),Onyeka Okongwu (37751069),Anthony Edwards (37750911),Kelly Olynyk (37751258),Jarrett Allen (37751052),289.24015625000004,378.2642489076404,50000,100.00%,22072,340.74%,0,175.20000000000002,$10.22,ATL 3,ORL 1,user49,50,marvalshot,3840,4647704633_49
Cole Anthony (37751114),RJ Barrett (37751003),Franz Wagner (37750931),Paolo Banchero (37750942),Onyeka Okongwu (37751069),Vince Williams Jr. (37751460),Kelly Olynyk (37751258),Jarrett Allen (37751052),277.3180034722222,367.7087273667849,49800,100.00%,0,86.14%,0,214.11,$2.58,ORL 3,TOR 1,user49,50,marvalshot,5483,4647704634_49
Cole Anthony (37751114),RJ Barrett (37751003),Caris LeVert (37751093),Kelly Olynyk (37751258),Wendell Carter Jr. (37751163),Trae Young (37750915),Vince Williams Jr. (37751460),Cade Cunningham (37750905),270.46081597222224,360.0930211731421,49800,99.60%,0,56.81%,0,193.8,$1.7,ORL 2,ATL 2,user49,50,marvalshot,3760,4647704635_49
Jordan Poole (37750986),Cole Anthony (37751114),Ausar Thompson (37751085),Paolo Banchero (37750942),Onyeka Okongwu (37751069),Trae Young (37750915),Vince Williams Jr. (37751460),Kelly Olynyk (37751258),288.15937499999995,377.90600926267456,49800,100.00%,13385,252.37%,0,179.19,$7.57,ORL 2,ATL 2,user49,50,marvalshot,289,4647704636_49
Trae Young (37750915),Cole Anthony (37751114),Zaccharie Risacher (37751214),Paolo Banchero (37750942),Jarrett Allen (37751052),Vince Williams Jr. (37751460),Zion Williamson (37750934),Davion Mitchell (37751323),270.1853125,362.22391230857704,49900,98.92%,0,51.22%,0,180.04000000000002,$1.54,ATL 2,ORL 2,user49,48,marvalshot,11377,4647704637_49
Trae Young (37750915),Vince Williams Jr. (37751460),Zaccharie Risacher (37751214),Georges Niang (37751274),Wendell Carter Jr. (37751163),Donovan Mitchell (37750950),Kyshawn George (37751149),Cade Cunningham (37750905),275.52859375,359.1570498758105,49700,100.00%,0,76.42%,0,121.75,$2.29,ATL 3,MEM 1,user49,50,marvalshot,3150,4647704638_49
Anthony Edwards (37750911),Cole Anthony (37751114),Vince Williams Jr. (37751460),Zaccharie Risacher (37751214),Onyeka Okongwu (37751069),RJ Barrett (37751003),Naz Reid (37750978),Jarrett Allen (37751052),280.3467534722222,364.2698052107873,49800,100.00%,6,108.9%,0,191.17000000000002,$3.27,MIN 2,ATL 2,user49,46,marvalshot,11381,4647704639_49
Trae Young (37750915),Cole Anthony (37751114),Zaccharie Risacher (37751214),Paolo Banchero (37750942),Jalen Duren (37751019),Vince Williams Jr. (37751460),Evan Mobley (37750964),Davion Mitchell (37751323),268.151875,356.83537118525294,49900,93.79%,0,15.46%,0,174.22,$0.46,ATL 2,ORL 2,user49,50,marvalshot,5391,4647704640_49
Davion Mitchell (37751323),Cole Anthony (37751114),Nickeil Alexander-Walker (37751134),Santi Aldama (37751160),Onyeka Okongwu (37751069),Anthony Edwards (37750911),Zion Williamson (37750934),Jalen Duren (37751019),256.92609375,344.99905669473077,50000,0.26%,0,-99.99%,0,148.12,$-3.0,MIN 2,MIA 1,user49,19,marvalshot,11412,4647704641_49
