PG,SG,SF,PF,C,G,F,UTIL,Proj,Ceiling,Salary,Cash %,Top 1%,ROI%,Wins,Own Sum,Avg Return,Stack1,Stack2,Lineup,Dupes,User,Index,Entry ID
Keyonte George (37831887),Alec Burks (37832227),Zion Williamson (37831787),LeBron James (37831767),Isaiah Hartenstein (37831897),Isaiah Collier (37831913),KJ Martin (37832113),Kyle Filipowski (37831966),316.0705251736111,420.04466392422756,49900,100.00%,1553,158.99%,0,239.04,$6.36,UTA 4,MIA 1,user,50,marvalshot,12062,4653759158
Devin Booker (37831783),Alec Burks (37832227),Duncan Robinson (37832000),LeBron James (37831767),Kyle Filipowski (37831966),Keyonte George (37831887),KJ Martin (37832113),Jalen Williams (37831829),315.65749131944443,402.0537140562783,50000,100.00%,517,155.85%,0,228.59,$6.23,UTA 3,MIA 2,user1,49,marvalshot,14694,4653759159_1
Keyonte George (37831887),Cason Wallace (37832096),LeBron James (37831767),Bam Adebayo (37831821),Isaiah Hartenstein (37831897),Isaiah Collier (37831913),KJ Martin (37832113),Kyle Filipowski (37831966),315.9373394097222,408.7196722116854,49900,100.00%,1433,158.44%,0,239.35999999999999,$6.34,UTA 4,OKC 2,user,50,marvalshot,8299,4653759160
Keyonte George (37831887),Gradey Dick (37832076),LeBron James (37831767),Jalen Williams (37831829),Isaiah Hartenstein (37831897),Isaiah Collier (37831913),KJ Martin (37832113),Kyle Filipowski (37831966),311.30598524305555,406.59315608561906,49800,100.00%,0,113.36%,0,235.67,$4.53,UTA 4,OKC 2,user1,50,marvalshot,10787,4653759161_1
Shai Gilgeous-Alexander (37831764),Alec Burks (37832227),Franz Wagner (37831801),Paolo Banchero (37831809),Kyle Filipowski (37831966),Keyonte George (37831887),KJ Martin (37832113),Brice Sensabaugh (37832065),280.74792534722224,366.56872352803754,49900,0.00%,0,-100.0%,0,255.73,$-4.0,UTA 4,ORL 2,user1,49,marvalshot,14695,4653759162_1
Tyler Herro (37831794),Stephon Castle (37831933),Brice Sensabaugh (37832065),LeBron James (37831767),Kyle Filipowski (37831966),Keyonte George (37831887),KJ Martin (37832113),Isaiah Collier (37831913),316.70424913194444,412.34085804687277,49900,100.00%,2540,166.22%,0,257.11,$6.65,UTA 5,MIA 1,user1,50,marvalshot,9680,4653759163_1
Alec Burks (37832227),Anthony Edwards (37831776),Jalen Williams (37831829),Bam Adebayo (37831821),Isaiah Hartenstein (37831897),Keyonte George (37831887),KJ Martin (37832113),Kyle Filipowski (37831966),324.5073914930555,410.3136411419521,49800,100.00%,49282,421.56%,0,247.55,$16.86,UTA 3,MIA 2,user1,49,marvalshot,14697,4653759164_1
Keyonte George (37831887),Alec Burks (37832227),LeBron James (37831767),KJ Martin (37832113),Kel'el Ware (37831949),Shai Gilgeous-Alexander (37831764),Kelly Olynyk (37831968),Kyle Filipowski (37831966),319.45105034722224,411.91450198932773,49800,100.00%,18639,205.86%,0,237.22,$8.23,UTA 3,MIA 2,user2,1,marvalshot,14698,4653759165_2
Keyonte George (37831887),Anthony Edwards (37831776),Jalen Williams (37831829),KJ Martin (37832113),Isaiah Hartenstein (37831897),Isaiah Collier (37831913),Kelly Olynyk (37831968),Kyle Filipowski (37831966),323.93864149305557,423.41912658834696,49900,100.00%,48272,416.0%,0,216.39,$16.64,UTA 4,OKC 2,user4,1,marvalshot,14702,4653759166_4
Alec Burks (37832227),Anthony Edwards (37831776),Jalen Williams (37831829),LeBron James (37831767),Nick Richards (37832024),Keyonte George (37831887),KJ Martin (37832113),Kyle Filipowski (37831966),324.4756163194444,420.40207419455106,50000,100.00%,49233,486.23%,0,243.98,$19.45,UTA 3,MIA 1,user4,1,marvalshot,14711,4653759167_4
Isaiah Collier (37831913),Alec Burks (37832227),Zion Williamson (37831787),KJ Martin (37832113),Isaiah Hartenstein (37831897),Keyonte George (37831887),LeBron James (37831767),Kyle Filipowski (37831966),316.0705251736111,420.04466392422756,49900,100.00%,1553,158.99%,0,239.04000000000002,$6.36,UTA 4,MIA 1,user1,50,marvalshot,12062,4653759158_1
Devin Booker (37831783),Alec Burks (37832227),Duncan Robinson (37832000),LeBron James (37831767),Kyle Filipowski (37831966),Keyonte George (37831887),KJ Martin (37832113),Jalen Williams (37831829),315.65749131944443,402.0537140562783,50000,100.00%,517,155.85%,0,228.59,$6.23,UTA 3,MIA 2,user2,49,marvalshot,14694,4653759159_2
Keyonte George (37831887),Cason Wallace (37832096),LeBron James (37831767),Bam Adebayo (37831821),Isaiah Hartenstein (37831897),Isaiah Collier (37831913),KJ Martin (37832113),Kyle Filipowski (37831966),315.9373394097222,408.7196722116854,49900,100.00%,1433,158.44%,0,239.35999999999999,$6.34,UTA 4,OKC 2,user1,50,marvalshot,8299,4653759160_1
Keyonte George (37831887),Gradey Dick (37832076),LeBron James (37831767),Jalen Williams (37831829),Isaiah Hartenstein (37831897),Isaiah Collier (37831913),KJ Martin (37832113),Kyle Filipowski (37831966),311.30598524305555,406.59315608561906,49800,100.00%,0,113.36%,0,235.67,$4.53,UTA 4,OKC 2,user2,50,marvalshot,10787,4653759161_2
Shai Gilgeous-Alexander (37831764),Alec Burks (37832227),Franz Wagner (37831801),Paolo Banchero (37831809),Kyle Filipowski (37831966),Keyonte George (37831887),KJ Martin (37832113),Brice Sensabaugh (37832065),280.74792534722224,366.56872352803754,49900,0.00%,0,-100.0%,0,255.73,$-4.0,UTA 4,ORL 2,user2,49,marvalshot,14695,4653759162_2
Tyler Herro (37831794),Stephon Castle (37831933),Brice Sensabaugh (37832065),LeBron James (37831767),Kyle Filipowski (37831966),Keyonte George (37831887),KJ Martin (37832113),Isaiah Collier (37831913),316.70424913194444,412.34085804687277,49900,100.00%,2540,166.22%,0,257.11,$6.65,UTA 5,MIA 1,user2,50,marvalshot,9680,4653759163_2
Alec Burks (37832227),Anthony Edwards (37831776),Jalen Williams (37831829),Bam Adebayo (37831821),Isaiah Hartenstein (37831897),Keyonte George (37831887),KJ Martin (37832113),Kyle Filipowski (37831966),324.5073914930555,410.3136411419521,49800,100.00%,49282,421.56%,0,247.55,$16.86,UTA 3,MIA 2,user2,49,marvalshot,14697,4653759164_2
Keyonte George (37831887),Alec Burks (37832227),Brice Sensabaugh (37832065),KJ Martin (37832113),Kel'el Ware (37831949),Shai Gilgeous-Alexander (37831764),LeBron James (37831767),Kyle Filipowski (37831966),319.7210503472222,412.66450198932773,49000,100.00%,20661,204.26%,0,253.89000000000001,$8.17,UTA 4,MIA 2,user,48,marvalshot,5423,4653759165
Isaiah Collier (37831913),Svi Mykhailiuk (37832164),Jalen Williams (37831829),LeBron James (37831767),Isaiah Hartenstein (37831897),Keyonte George (37831887),KJ Martin (37832113),Kyle Filipowski (37831966),323.78864149305554,425.1591265883469,49200,100.00%,48459,406.65%,0,225.03,$16.27,UTA 5,OKC 2,user9,1,marvalshot,14707,4653759166_9
Alec Burks (37832227),Anthony Edwards (37831776),Jalen Williams (37831829),KJ Martin (37832113),Kyle Filipowski (37831966),Keyonte George (37831887),LeBron James (37831767),Brice Sensabaugh (37832065),324.47561631944444,420.61207419455116,49700,100.00%,49606,416.45%,0,256.03,$16.66,UTA 4,MIA 1,user5,47,marvalshot,10759,4653759167_5
Isaiah Collier (37831913),Alec Burks (37832227),Zion Williamson (37831787),KJ Martin (37832113),Isaiah Hartenstein (37831897),Keyonte George (37831887),LeBron James (37831767),Kyle Filipowski (37831966),316.0705251736111,420.04466392422756,49900,100.00%,1553,158.99%,0,239.04000000000002,$6.36,UTA 4,MIA 1,user2,50,marvalshot,12062,4653759158_2
Devin Booker (37831783),Alec Burks (37832227),Duncan Robinson (37832000),LeBron James (37831767),Kyle Filipowski (37831966),Keyonte George (37831887),KJ Martin (37832113),Jalen Williams (37831829),315.65749131944443,402.0537140562783,50000,100.00%,517,155.85%,0,228.59,$6.23,UTA 3,MIA 2,user3,49,marvalshot,14694,4653759159_3
Keyonte George (37831887),Cason Wallace (37832096),LeBron James (37831767),Bam Adebayo (37831821),Isaiah Hartenstein (37831897),Isaiah Collier (37831913),KJ Martin (37832113),Kyle Filipowski (37831966),315.9373394097222,408.7196722116854,49900,100.00%,1433,158.44%,0,239.35999999999999,$6.34,UTA 4,OKC 2,user2,50,marvalshot,8299,4653759160_2
Keyonte George (37831887),Gradey Dick (37832076),LeBron James (37831767),Jalen Williams (37831829),Isaiah Hartenstein (37831897),Isaiah Collier (37831913),KJ Martin (37832113),Kyle Filipowski (37831966),311.30598524305555,406.59315608561906,49800,100.00%,0,113.36%,0,235.67,$4.53,UTA 4,OKC 2,user3,50,marvalshot,10787,4653759161_3
Shai Gilgeous-Alexander (37831764),Alec Burks (37832227),Franz Wagner (37831801),Paolo Banchero (37831809),Kyle Filipowski (37831966),Keyonte George (37831887),KJ Martin (37832113),Brice Sensabaugh (37832065),280.74792534722224,366.56872352803754,49900,0.00%,0,-100.0%,0,255.73,$-4.0,UTA 4,ORL 2,user3,49,marvalshot,14695,4653759162_3
Tyler Herro (37831794),Stephon Castle (37831933),Brice Sensabaugh (37832065),LeBron James (37831767),Kyle Filipowski (37831966),Keyonte George (37831887),KJ Martin (37832113),Isaiah Collier (37831913),316.70424913194444,412.34085804687277,49900,100.00%,2540,166.22%,0,257.11,$6.65,UTA 5,MIA 1,user3,50,marvalshot,9680,4653759163_3
Alec Burks (37832227),Anthony Edwards (37831776),Jalen Williams (37831829),Bam Adebayo (37831821),Isaiah Hartenstein (37831897),Keyonte George (37831887),KJ Martin (37832113),Kyle Filipowski (37831966),324.5073914930555,410.3136411419521,49800,100.00%,49282,421.56%,0,247.55,$16.86,UTA 3,MIA 2,user3,49,marvalshot,14697,4653759164_3
Keyonte George (37831887),Alec Burks (37832227),Brice Sensabaugh (37832065),LeBron James (37831767),Kel'el Ware (37831949),Shai Gilgeous-Alexander (37831764),KJ Martin (37832113),Kyle Filipowski (37831966),319.72105034722216,412.6645019893277,49000,100.00%,20661,204.26%,0,253.89,$8.17,UTA 4,MIA 2,user3,48,marvalshot,5423,4653759165_3
Keyonte George (37831887),Gabe Vincent (37832130),Jalen Williams (37831829),KJ Martin (37832113),Isaiah Hartenstein (37831897),Isaiah Collier (37831913),LeBron James (37831767),Kyle Filipowski (37831966),323.71864149305554,421.06912658834693,49500,100.00%,48275,399.9%,0,224.63,$16.0,UTA 4,LAL 2,user8,1,marvalshot,14706,4653759166_8
Alec Burks (37832227),Anthony Edwards (37831776),Jalen Williams (37831829),KJ Martin (37832113),Kyle Filipowski (37831966),Keyonte George (37831887),LeBron James (37831767),Brice Sensabaugh (37832065),324.47561631944444,420.61207419455116,49700,100.00%,49606,416.45%,0,256.03,$16.66,UTA 4,MIA 1,user6,47,marvalshot,10759,4653759167_6
Isaiah Collier (37831913),Alec Burks (37832227),Zion Williamson (37831787),KJ Martin (37832113),Isaiah Hartenstein (37831897),Keyonte George (37831887),LeBron James (37831767),Kyle Filipowski (37831966),316.0705251736111,420.04466392422756,49900,100.00%,1553,158.99%,0,239.04000000000002,$6.36,UTA 4,MIA 1,user3,50,marvalshot,12062,4653759158_3
Devin Booker (37831783),Alec Burks (37832227),Duncan Robinson (37832000),LeBron James (37831767),Kyle Filipowski (37831966),Keyonte George (37831887),KJ Martin (37832113),Jalen Williams (37831829),315.65749131944443,402.0537140562783,50000,100.00%,517,155.85%,0,228.59,$6.23,UTA 3,MIA 2,user4,49,marvalshot,14694,4653759159_4
Keyonte George (37831887),Cason Wallace (37832096),LeBron James (37831767),Bam Adebayo (37831821),Isaiah Hartenstein (37831897),Isaiah Collier (37831913),KJ Martin (37832113),Kyle Filipowski (37831966),315.9373394097222,408.7196722116854,49900,100.00%,1433,158.44%,0,239.35999999999999,$6.34,UTA 4,OKC 2,user3,50,marvalshot,8299,4653759160_3
Keyonte George (37831887),Gradey Dick (37832076),LeBron James (37831767),Jalen Williams (37831829),Isaiah Hartenstein (37831897),Isaiah Collier (37831913),KJ Martin (37832113),Kyle Filipowski (37831966),311.30598524305555,406.59315608561906,49800,100.00%,0,113.36%,0,235.67,$4.53,UTA 4,OKC 2,user4,50,marvalshot,10787,4653759161_4
Shai Gilgeous-Alexander (37831764),Alec Burks (37832227),Franz Wagner (37831801),Paolo Banchero (37831809),Kyle Filipowski (37831966),Keyonte George (37831887),KJ Martin (37832113),Brice Sensabaugh (37832065),280.74792534722224,366.56872352803754,49900,0.00%,0,-100.0%,0,255.73,$-4.0,UTA 4,ORL 2,user4,49,marvalshot,14695,4653759162_4
Tyler Herro (37831794),Stephon Castle (37831933),Brice Sensabaugh (37832065),LeBron James (37831767),Kyle Filipowski (37831966),Keyonte George (37831887),KJ Martin (37832113),Isaiah Collier (37831913),316.70424913194444,412.34085804687277,49900,100.00%,2540,166.22%,0,257.11,$6.65,UTA 5,MIA 1,user4,50,marvalshot,9680,4653759163_4
Alec Burks (37832227),Anthony Edwards (37831776),Jalen Williams (37831829),Bam Adebayo (37831821),Isaiah Hartenstein (37831897),Keyonte George (37831887),KJ Martin (37832113),Kyle Filipowski (37831966),324.5073914930555,410.3136411419521,49800,100.00%,49282,421.56%,0,247.55,$16.86,UTA 3,MIA 2,user4,49,marvalshot,14697,4653759164_4
Keyonte George (37831887),Alec Burks (37832227),Brice Sensabaugh (37832065),LeBron James (37831767),Kel'el Ware (37831949),Shai Gilgeous-Alexander (37831764),KJ Martin (37832113),Kyle Filipowski (37831966),319.72105034722216,412.6645019893277,49000,100.00%,20661,204.26%,0,253.89,$8.17,UTA 4,MIA 2,user4,48,marvalshot,5423,4653759165_4
Keyonte George (37831887),Anthony Edwards (37831776),Jalen Williams (37831829),Brice Sensabaugh (37832065),Isaiah Hartenstein (37831897),Isaiah Collier (37831913),KJ Martin (37832113),Kyle Filipowski (37831966),324.20864149305555,424.1691265883469,49100,100.00%,49260,396.7%,0,233.06,$15.87,UTA 5,OKC 2,user5,40,marvalshot,14703,4653759166_5
Alec Burks (37832227),Anthony Edwards (37831776),Jalen Williams (37831829),KJ Martin (37832113),Kyle Filipowski (37831966),Keyonte George (37831887),LeBron James (37831767),Brice Sensabaugh (37832065),324.47561631944444,420.61207419455116,49700,100.00%,49606,416.45%,0,256.03,$16.66,UTA 4,MIA 1,user7,47,marvalshot,10759,4653759167_7
Isaiah Collier (37831913),Alec Burks (37832227),Zion Williamson (37831787),KJ Martin (37832113),Isaiah Hartenstein (37831897),Keyonte George (37831887),LeBron James (37831767),Kyle Filipowski (37831966),316.0705251736111,420.04466392422756,49900,100.00%,1553,158.99%,0,239.04000000000002,$6.36,UTA 4,MIA 1,user4,50,marvalshot,12062,4653759158_4
Devin Booker (37831783),Alec Burks (37832227),Duncan Robinson (37832000),LeBron James (37831767),Kyle Filipowski (37831966),Keyonte George (37831887),KJ Martin (37832113),Jalen Williams (37831829),315.65749131944443,402.0537140562783,50000,100.00%,517,155.85%,0,228.59,$6.23,UTA 3,MIA 2,user5,49,marvalshot,14694,4653759159_5
Keyonte George (37831887),Cason Wallace (37832096),LeBron James (37831767),Bam Adebayo (37831821),Isaiah Hartenstein (37831897),Isaiah Collier (37831913),KJ Martin (37832113),Kyle Filipowski (37831966),315.9373394097222,408.7196722116854,49900,100.00%,1433,158.44%,0,239.35999999999999,$6.34,UTA 4,OKC 2,user4,50,marvalshot,8299,4653759160_4
Keyonte George (37831887),Gradey Dick (37832076),LeBron James (37831767),Jalen Williams (37831829),Isaiah Hartenstein (37831897),Isaiah Collier (37831913),KJ Martin (37832113),Kyle Filipowski (37831966),311.30598524305555,406.59315608561906,49800,100.00%,0,113.36%,0,235.67,$4.53,UTA 4,OKC 2,user5,50,marvalshot,10787,4653759161_5
Shai Gilgeous-Alexander (37831764),Alec Burks (37832227),Franz Wagner (37831801),Paolo Banchero (37831809),Kyle Filipowski (37831966),Keyonte George (37831887),KJ Martin (37832113),Brice Sensabaugh (37832065),280.74792534722224,366.56872352803754,49900,0.00%,0,-100.0%,0,255.73,$-4.0,UTA 4,ORL 2,user5,49,marvalshot,14695,4653759162_5
Tyler Herro (37831794),Stephon Castle (37831933),Brice Sensabaugh (37832065),LeBron James (37831767),Kyle Filipowski (37831966),Keyonte George (37831887),KJ Martin (37832113),Isaiah Collier (37831913),316.70424913194444,412.34085804687277,49900,100.00%,2540,166.22%,0,257.11,$6.65,UTA 5,MIA 1,user5,50,marvalshot,9680,4653759163_5
Alec Burks (37832227),Anthony Edwards (37831776),Jalen Williams (37831829),Bam Adebayo (37831821),Isaiah Hartenstein (37831897),Keyonte George (37831887),KJ Martin (37832113),Kyle Filipowski (37831966),324.5073914930555,410.3136411419521,49800,100.00%,49282,421.56%,0,247.55,$16.86,UTA 3,MIA 2,user5,49,marvalshot,14697,4653759164_5
Keyonte George (37831887),Alec Burks (37832227),Brice Sensabaugh (37832065),LeBron James (37831767),Kel'el Ware (37831949),Shai Gilgeous-Alexander (37831764),KJ Martin (37832113),Kyle Filipowski (37831966),319.72105034722216,412.6645019893277,49000,100.00%,20661,204.26%,0,253.89,$8.17,UTA 4,MIA 2,user5,48,marvalshot,5423,4653759165_5
Keyonte George (37831887),Anthony Edwards (37831776),Jalen Williams (37831829),Brice Sensabaugh (37832065),Isaiah Hartenstein (37831897),Isaiah Collier (37831913),KJ Martin (37832113),Kyle Filipowski (37831966),324.20864149305555,424.1691265883469,49100,100.00%,49260,396.7%,0,233.06,$15.87,UTA 5,OKC 2,user11,40,marvalshot,14703,4653759166_11
Alec Burks (37832227),Anthony Edwards (37831776),Jalen Williams (37831829),KJ Martin (37832113),Kyle Filipowski (37831966),Keyonte George (37831887),LeBron James (37831767),Brice Sensabaugh (37832065),324.47561631944444,420.61207419455116,49700,100.00%,49606,416.45%,0,256.03,$16.66,UTA 4,MIA 1,user8,47,marvalshot,10759,4653759167_8
Isaiah Collier (37831913),Alec Burks (37832227),Zion Williamson (37831787),KJ Martin (37832113),Isaiah Hartenstein (37831897),Keyonte George (37831887),LeBron James (37831767),Kyle Filipowski (37831966),316.0705251736111,420.04466392422756,49900,100.00%,1553,158.99%,0,239.04000000000002,$6.36,UTA 4,MIA 1,user5,50,marvalshot,12062,4653759158_5
Devin Booker (37831783),Alec Burks (37832227),Duncan Robinson (37832000),LeBron James (37831767),Kyle Filipowski (37831966),Keyonte George (37831887),KJ Martin (37832113),Jalen Williams (37831829),315.65749131944443,402.0537140562783,50000,100.00%,517,155.85%,0,228.59,$6.23,UTA 3,MIA 2,user6,49,marvalshot,14694,4653759159_6
Keyonte George (37831887),Cason Wallace (37832096),LeBron James (37831767),Bam Adebayo (37831821),Isaiah Hartenstein (37831897),Isaiah Collier (37831913),KJ Martin (37832113),Kyle Filipowski (37831966),315.9373394097222,408.7196722116854,49900,100.00%,1433,158.44%,0,239.35999999999999,$6.34,UTA 4,OKC 2,user5,50,marvalshot,8299,4653759160_5
Keyonte George (37831887),Gradey Dick (37832076),LeBron James (37831767),Jalen Williams (37831829),Isaiah Hartenstein (37831897),Isaiah Collier (37831913),KJ Martin (37832113),Kyle Filipowski (37831966),311.30598524305555,406.59315608561906,49800,100.00%,0,113.36%,0,235.67,$4.53,UTA 4,OKC 2,user6,50,marvalshot,10787,4653759161_6
Shai Gilgeous-Alexander (37831764),Alec Burks (37832227),Franz Wagner (37831801),Paolo Banchero (37831809),Kyle Filipowski (37831966),Keyonte George (37831887),KJ Martin (37832113),Brice Sensabaugh (37832065),280.74792534722224,366.56872352803754,49900,0.00%,0,-100.0%,0,255.73,$-4.0,UTA 4,ORL 2,user6,49,marvalshot,14695,4653759162_6
Tyler Herro (37831794),Stephon Castle (37831933),Brice Sensabaugh (37832065),LeBron James (37831767),Kyle Filipowski (37831966),Keyonte George (37831887),KJ Martin (37832113),Isaiah Collier (37831913),316.70424913194444,412.34085804687277,49900,100.00%,2540,166.22%,0,257.11,$6.65,UTA 5,MIA 1,user6,50,marvalshot,9680,4653759163_6
Alec Burks (37832227),Anthony Edwards (37831776),Jalen Williams (37831829),Bam Adebayo (37831821),Isaiah Hartenstein (37831897),Keyonte George (37831887),KJ Martin (37832113),Kyle Filipowski (37831966),324.5073914930555,410.3136411419521,49800,100.00%,49282,421.56%,0,247.55,$16.86,UTA 3,MIA 2,user6,49,marvalshot,14697,4653759164_6
Keyonte George (37831887),Alec Burks (37832227),Brice Sensabaugh (37832065),LeBron James (37831767),Kel'el Ware (37831949),Shai Gilgeous-Alexander (37831764),KJ Martin (37832113),Kyle Filipowski (37831966),319.72105034722216,412.6645019893277,49000,100.00%,20661,204.26%,0,253.89,$8.17,UTA 4,MIA 2,user6,48,marvalshot,5423,4653759165_6
Keyonte George (37831887),Anthony Edwards (37831776),Jalen Williams (37831829),Brice Sensabaugh (37832065),Isaiah Hartenstein (37831897),Isaiah Collier (37831913),KJ Martin (37832113),Kyle Filipowski (37831966),324.20864149305555,424.1691265883469,49100,100.00%,49260,396.7%,0,233.06,$15.87,UTA 5,OKC 2,user12,40,marvalshot,14703,4653759166_12
Alec Burks (37832227),Anthony Edwards (37831776),Jalen Williams (37831829),KJ Martin (37832113),Kyle Filipowski (37831966),Keyonte George (37831887),LeBron James (37831767),Brice Sensabaugh (37832065),324.47561631944444,420.61207419455116,49700,100.00%,49606,416.45%,0,256.03,$16.66,UTA 4,MIA 1,user9,47,marvalshot,10759,4653759167_9
Isaiah Collier (37831913),Alec Burks (37832227),Zion Williamson (37831787),KJ Martin (37832113),Isaiah Hartenstein (37831897),Keyonte George (37831887),LeBron James (37831767),Kyle Filipowski (37831966),316.0705251736111,420.04466392422756,49900,100.00%,1553,158.99%,0,239.04000000000002,$6.36,UTA 4,MIA 1,user6,50,marvalshot,12062,4653759158_6
Devin Booker (37831783),Alec Burks (37832227),Duncan Robinson (37832000),LeBron James (37831767),Kyle Filipowski (37831966),Keyonte George (37831887),KJ Martin (37832113),Jalen Williams (37831829),315.65749131944443,402.0537140562783,50000,100.00%,517,155.85%,0,228.59,$6.23,UTA 3,MIA 2,user7,49,marvalshot,14694,4653759159_7
Keyonte George (37831887),Cason Wallace (37832096),LeBron James (37831767),Bam Adebayo (37831821),Isaiah Hartenstein (37831897),Isaiah Collier (37831913),KJ Martin (37832113),Kyle Filipowski (37831966),315.9373394097222,408.7196722116854,49900,100.00%,1433,158.44%,0,239.35999999999999,$6.34,UTA 4,OKC 2,user6,50,marvalshot,8299,4653759160_6
Keyonte George (37831887),Gradey Dick (37832076),LeBron James (37831767),Jalen Williams (37831829),Isaiah Hartenstein (37831897),Isaiah Collier (37831913),KJ Martin (37832113),Kyle Filipowski (37831966),311.30598524305555,406.59315608561906,49800,100.00%,0,113.36%,0,235.67,$4.53,UTA 4,OKC 2,user7,50,marvalshot,10787,4653759161_7
Shai Gilgeous-Alexander (37831764),Alec Burks (37832227),Franz Wagner (37831801),Paolo Banchero (37831809),Kyle Filipowski (37831966),Keyonte George (37831887),KJ Martin (37832113),Brice Sensabaugh (37832065),280.74792534722224,366.56872352803754,49900,0.00%,0,-100.0%,0,255.73,$-4.0,UTA 4,ORL 2,user7,49,marvalshot,14695,4653759162_7
Tyler Herro (37831794),Stephon Castle (37831933),Brice Sensabaugh (37832065),LeBron James (37831767),Kyle Filipowski (37831966),Keyonte George (37831887),KJ Martin (37832113),Isaiah Collier (37831913),316.70424913194444,412.34085804687277,49900,100.00%,2540,166.22%,0,257.11,$6.65,UTA 5,MIA 1,user7,50,marvalshot,9680,4653759163_7
Alec Burks (37832227),Anthony Edwards (37831776),Jalen Williams (37831829),Bam Adebayo (37831821),Isaiah Hartenstein (37831897),Keyonte George (37831887),KJ Martin (37832113),Kyle Filipowski (37831966),324.5073914930555,410.3136411419521,49800,100.00%,49282,421.56%,0,247.55,$16.86,UTA 3,MIA 2,user7,49,marvalshot,14697,4653759164_7
Keyonte George (37831887),Alec Burks (37832227),Brice Sensabaugh (37832065),LeBron James (37831767),Kel'el Ware (37831949),Shai Gilgeous-Alexander (37831764),KJ Martin (37832113),Kyle Filipowski (37831966),319.72105034722216,412.6645019893277,49000,100.00%,20661,204.26%,0,253.89,$8.17,UTA 4,MIA 2,user7,48,marvalshot,5423,4653759165_7
Keyonte George (37831887),Anthony Edwards (37831776),Jalen Williams (37831829),Brice Sensabaugh (37832065),Isaiah Hartenstein (37831897),Isaiah Collier (37831913),KJ Martin (37832113),Kyle Filipowski (37831966),324.20864149305555,424.1691265883469,49100,100.00%,49260,396.7%,0,233.06,$15.87,UTA 5,OKC 2,user13,40,marvalshot,14703,4653759166_13
Alec Burks (37832227),Anthony Edwards (37831776),Jalen Williams (37831829),KJ Martin (37832113),Kyle Filipowski (37831966),Keyonte George (37831887),LeBron James (37831767),Brice Sensabaugh (37832065),324.47561631944444,420.61207419455116,49700,100.00%,49606,416.45%,0,256.03,$16.66,UTA 4,MIA 1,user10,47,marvalshot,10759,4653759167_10
Isaiah Collier (37831913),Alec Burks (37832227),Zion Williamson (37831787),KJ Martin (37832113),Isaiah Hartenstein (37831897),Keyonte George (37831887),LeBron James (37831767),Kyle Filipowski (37831966),316.0705251736111,420.04466392422756,49900,100.00%,1553,158.99%,0,239.04000000000002,$6.36,UTA 4,MIA 1,user7,50,marvalshot,12062,4653759158_7
Devin Booker (37831783),Alec Burks (37832227),Duncan Robinson (37832000),LeBron James (37831767),Kyle Filipowski (37831966),Keyonte George (37831887),KJ Martin (37832113),Jalen Williams (37831829),315.65749131944443,402.0537140562783,50000,100.00%,517,155.85%,0,228.59,$6.23,UTA 3,MIA 2,user8,49,marvalshot,14694,4653759159_8
Keyonte George (37831887),Cason Wallace (37832096),LeBron James (37831767),Bam Adebayo (37831821),Isaiah Hartenstein (37831897),Isaiah Collier (37831913),KJ Martin (37832113),Kyle Filipowski (37831966),315.9373394097222,408.7196722116854,49900,100.00%,1433,158.44%,0,239.35999999999999,$6.34,UTA 4,OKC 2,user7,50,marvalshot,8299,4653759160_7
Keyonte George (37831887),Gradey Dick (37832076),LeBron James (37831767),Jalen Williams (37831829),Isaiah Hartenstein (37831897),Isaiah Collier (37831913),KJ Martin (37832113),Kyle Filipowski (37831966),311.30598524305555,406.59315608561906,49800,100.00%,0,113.36%,0,235.67,$4.53,UTA 4,OKC 2,user8,50,marvalshot,10787,4653759161_8
Shai Gilgeous-Alexander (37831764),Alec Burks (37832227),Franz Wagner (37831801),Paolo Banchero (37831809),Kyle Filipowski (37831966),Keyonte George (37831887),KJ Martin (37832113),Brice Sensabaugh (37832065),280.74792534722224,366.56872352803754,49900,0.00%,0,-100.0%,0,255.73,$-4.0,UTA 4,ORL 2,user8,49,marvalshot,14695,4653759162_8
Tyler Herro (37831794),Stephon Castle (37831933),Brice Sensabaugh (37832065),LeBron James (37831767),Kyle Filipowski (37831966),Keyonte George (37831887),KJ Martin (37832113),Isaiah Collier (37831913),316.70424913194444,412.34085804687277,49900,100.00%,2540,166.22%,0,257.11,$6.65,UTA 5,MIA 1,user8,50,marvalshot,9680,4653759163_8
Alec Burks (37832227),Anthony Edwards (37831776),Jalen Williams (37831829),Bam Adebayo (37831821),Isaiah Hartenstein (37831897),Keyonte George (37831887),KJ Martin (37832113),Kyle Filipowski (37831966),324.5073914930555,410.3136411419521,49800,100.00%,49282,421.56%,0,247.55,$16.86,UTA 3,MIA 2,user8,49,marvalshot,14697,4653759164_8
Keyonte George (37831887),Alec Burks (37832227),Brice Sensabaugh (37832065),LeBron James (37831767),Kel'el Ware (37831949),Shai Gilgeous-Alexander (37831764),KJ Martin (37832113),Kyle Filipowski (37831966),319.72105034722216,412.6645019893277,49000,100.00%,20661,204.26%,0,253.89,$8.17,UTA 4,MIA 2,user8,48,marvalshot,5423,4653759165_8
Keyonte George (37831887),Anthony Edwards (37831776),Jalen Williams (37831829),Brice Sensabaugh (37832065),Isaiah Hartenstein (37831897),Isaiah Collier (37831913),KJ Martin (37832113),Kyle Filipowski (37831966),324.20864149305555,424.1691265883469,49100,100.00%,49260,396.7%,0,233.06,$15.87,UTA 5,OKC 2,user14,40,marvalshot,14703,4653759166_14
Alec Burks (37832227),Anthony Edwards (37831776),Jalen Williams (37831829),KJ Martin (37832113),Kyle Filipowski (37831966),Keyonte George (37831887),LeBron James (37831767),Brice Sensabaugh (37832065),324.47561631944444,420.61207419455116,49700,100.00%,49606,416.45%,0,256.03,$16.66,UTA 4,MIA 1,user11,47,marvalshot,10759,4653759167_11
Isaiah Collier (37831913),Alec Burks (37832227),Zion Williamson (37831787),KJ Martin (37832113),Isaiah Hartenstein (37831897),Keyonte George (37831887),LeBron James (37831767),Kyle Filipowski (37831966),316.0705251736111,420.04466392422756,49900,100.00%,1553,158.99%,0,239.04000000000002,$6.36,UTA 4,MIA 1,user8,50,marvalshot,12062,4653759158_8
Devin Booker (37831783),Alec Burks (37832227),Duncan Robinson (37832000),LeBron James (37831767),Kyle Filipowski (37831966),Keyonte George (37831887),KJ Martin (37832113),Jalen Williams (37831829),315.65749131944443,402.0537140562783,50000,100.00%,517,155.85%,0,228.59,$6.23,UTA 3,MIA 2,user9,49,marvalshot,14694,4653759159_9
Keyonte George (37831887),Cason Wallace (37832096),LeBron James (37831767),Bam Adebayo (37831821),Isaiah Hartenstein (37831897),Isaiah Collier (37831913),KJ Martin (37832113),Kyle Filipowski (37831966),315.9373394097222,408.7196722116854,49900,100.00%,1433,158.44%,0,239.35999999999999,$6.34,UTA 4,OKC 2,user8,50,marvalshot,8299,4653759160_8
Keyonte George (37831887),Gradey Dick (37832076),LeBron James (37831767),Jalen Williams (37831829),Isaiah Hartenstein (37831897),Isaiah Collier (37831913),KJ Martin (37832113),Kyle Filipowski (37831966),311.30598524305555,406.59315608561906,49800,100.00%,0,113.36%,0,235.67,$4.53,UTA 4,OKC 2,user9,50,marvalshot,10787,4653759161_9
Shai Gilgeous-Alexander (37831764),Alec Burks (37832227),Franz Wagner (37831801),Paolo Banchero (37831809),Kyle Filipowski (37831966),Keyonte George (37831887),KJ Martin (37832113),Brice Sensabaugh (37832065),280.74792534722224,366.56872352803754,49900,0.00%,0,-100.0%,0,255.73,$-4.0,UTA 4,ORL 2,user9,49,marvalshot,14695,4653759162_9
Tyler Herro (37831794),Stephon Castle (37831933),Brice Sensabaugh (37832065),LeBron James (37831767),Kyle Filipowski (37831966),Keyonte George (37831887),KJ Martin (37832113),Isaiah Collier (37831913),316.70424913194444,412.34085804687277,49900,100.00%,2540,166.22%,0,257.11,$6.65,UTA 5,MIA 1,user9,50,marvalshot,9680,4653759163_9
Alec Burks (37832227),Anthony Edwards (37831776),Jalen Williams (37831829),Bam Adebayo (37831821),Isaiah Hartenstein (37831897),Keyonte George (37831887),KJ Martin (37832113),Kyle Filipowski (37831966),324.5073914930555,410.3136411419521,49800,100.00%,49282,421.56%,0,247.55,$16.86,UTA 3,MIA 2,user9,49,marvalshot,14697,4653759164_9
Keyonte George (37831887),Alec Burks (37832227),Brice Sensabaugh (37832065),LeBron James (37831767),Kel'el Ware (37831949),Shai Gilgeous-Alexander (37831764),KJ Martin (37832113),Kyle Filipowski (37831966),319.72105034722216,412.6645019893277,49000,100.00%,20661,204.26%,0,253.89,$8.17,UTA 4,MIA 2,user9,48,marvalshot,5423,4653759165_9
Keyonte George (37831887),Anthony Edwards (37831776),Jalen Williams (37831829),Brice Sensabaugh (37832065),Isaiah Hartenstein (37831897),Isaiah Collier (37831913),KJ Martin (37832113),Kyle Filipowski (37831966),324.20864149305555,424.1691265883469,49100,100.00%,49260,396.7%,0,233.06,$15.87,UTA 5,OKC 2,user15,40,marvalshot,14703,4653759166_15
Alec Burks (37832227),Anthony Edwards (37831776),Jalen Williams (37831829),KJ Martin (37832113),Kyle Filipowski (37831966),Keyonte George (37831887),LeBron James (37831767),Brice Sensabaugh (37832065),324.47561631944444,420.61207419455116,49700,100.00%,49606,416.45%,0,256.03,$16.66,UTA 4,MIA 1,user12,47,marvalshot,10759,4653759167_12
Isaiah Collier (37831913),Alec Burks (37832227),Zion Williamson (37831787),KJ Martin (37832113),Isaiah Hartenstein (37831897),Keyonte George (37831887),LeBron James (37831767),Kyle Filipowski (37831966),316.0705251736111,420.04466392422756,49900,100.00%,1553,158.99%,0,239.04000000000002,$6.36,UTA 4,MIA 1,user9,50,marvalshot,12062,4653759158_9
Devin Booker (37831783),Alec Burks (37832227),Duncan Robinson (37832000),LeBron James (37831767),Kyle Filipowski (37831966),Keyonte George (37831887),KJ Martin (37832113),Jalen Williams (37831829),315.65749131944443,402.0537140562783,50000,100.00%,517,155.85%,0,228.59,$6.23,UTA 3,MIA 2,user10,49,marvalshot,14694,4653759159_10
Keyonte George (37831887),Cason Wallace (37832096),LeBron James (37831767),Bam Adebayo (37831821),Isaiah Hartenstein (37831897),Isaiah Collier (37831913),KJ Martin (37832113),Kyle Filipowski (37831966),315.9373394097222,408.7196722116854,49900,100.00%,1433,158.44%,0,239.35999999999999,$6.34,UTA 4,OKC 2,user9,50,marvalshot,8299,4653759160_9
Keyonte George (37831887),Gradey Dick (37832076),LeBron James (37831767),Jalen Williams (37831829),Isaiah Hartenstein (37831897),Isaiah Collier (37831913),KJ Martin (37832113),Kyle Filipowski (37831966),311.30598524305555,406.59315608561906,49800,100.00%,0,113.36%,0,235.67,$4.53,UTA 4,OKC 2,user10,50,marvalshot,10787,4653759161_10
Shai Gilgeous-Alexander (37831764),Alec Burks (37832227),Franz Wagner (37831801),Paolo Banchero (37831809),Kyle Filipowski (37831966),Keyonte George (37831887),KJ Martin (37832113),Brice Sensabaugh (37832065),280.74792534722224,366.56872352803754,49900,0.00%,0,-100.0%,0,255.73,$-4.0,UTA 4,ORL 2,user10,49,marvalshot,14695,4653759162_10
Tyler Herro (37831794),Stephon Castle (37831933),Brice Sensabaugh (37832065),LeBron James (37831767),Kyle Filipowski (37831966),Keyonte George (37831887),KJ Martin (37832113),Isaiah Collier (37831913),316.70424913194444,412.34085804687277,49900,100.00%,2540,166.22%,0,257.11,$6.65,UTA 5,MIA 1,user10,50,marvalshot,9680,4653759163_10
Alec Burks (37832227),Anthony Edwards (37831776),Jalen Williams (37831829),Bam Adebayo (37831821),Isaiah Hartenstein (37831897),Keyonte George (37831887),KJ Martin (37832113),Kyle Filipowski (37831966),324.5073914930555,410.3136411419521,49800,100.00%,49282,421.56%,0,247.55,$16.86,UTA 3,MIA 2,user10,49,marvalshot,14697,4653759164_10
Keyonte George (37831887),Alec Burks (37832227),Brice Sensabaugh (37832065),LeBron James (37831767),Kel'el Ware (37831949),Shai Gilgeous-Alexander (37831764),KJ Martin (37832113),Kyle Filipowski (37831966),319.72105034722216,412.6645019893277,49000,100.00%,20661,204.26%,0,253.89,$8.17,UTA 4,MIA 2,user10,48,marvalshot,5423,4653759165_10
Keyonte George (37831887),Anthony Edwards (37831776),Jalen Williams (37831829),Brice Sensabaugh (37832065),Isaiah Hartenstein (37831897),Isaiah Collier (37831913),KJ Martin (37832113),Kyle Filipowski (37831966),324.20864149305555,424.1691265883469,49100,100.00%,49260,396.7%,0,233.06,$15.87,UTA 5,OKC 2,user16,40,marvalshot,14703,4653759166_16
Alec Burks (37832227),Anthony Edwards (37831776),Jalen Williams (37831829),KJ Martin (37832113),Kyle Filipowski (37831966),Keyonte George (37831887),LeBron James (37831767),Brice Sensabaugh (37832065),324.47561631944444,420.61207419455116,49700,100.00%,49606,416.45%,0,256.03,$16.66,UTA 4,MIA 1,user13,47,marvalshot,10759,4653759167_13
Isaiah Collier (37831913),Alec Burks (37832227),Zion Williamson (37831787),KJ Martin (37832113),Isaiah Hartenstein (37831897),Keyonte George (37831887),LeBron James (37831767),Kyle Filipowski (37831966),316.0705251736111,420.04466392422756,49900,100.00%,1553,158.99%,0,239.04000000000002,$6.36,UTA 4,MIA 1,user10,50,marvalshot,12062,4653759158_10
Devin Booker (37831783),Alec Burks (37832227),Duncan Robinson (37832000),LeBron James (37831767),Kyle Filipowski (37831966),Keyonte George (37831887),KJ Martin (37832113),Jalen Williams (37831829),315.65749131944443,402.0537140562783,50000,100.00%,517,155.85%,0,228.59,$6.23,UTA 3,MIA 2,user11,49,marvalshot,14694,4653759159_11
Keyonte George (37831887),Cason Wallace (37832096),LeBron James (37831767),Bam Adebayo (37831821),Isaiah Hartenstein (37831897),Isaiah Collier (37831913),KJ Martin (37832113),Kyle Filipowski (37831966),315.9373394097222,408.7196722116854,49900,100.00%,1433,158.44%,0,239.35999999999999,$6.34,UTA 4,OKC 2,user10,50,marvalshot,8299,4653759160_10
Keyonte George (37831887),Gradey Dick (37832076),LeBron James (37831767),Jalen Williams (37831829),Isaiah Hartenstein (37831897),Isaiah Collier (37831913),KJ Martin (37832113),Kyle Filipowski (37831966),311.30598524305555,406.59315608561906,49800,100.00%,0,113.36%,0,235.67,$4.53,UTA 4,OKC 2,user11,50,marvalshot,10787,4653759161_11
Shai Gilgeous-Alexander (37831764),Alec Burks (37832227),Franz Wagner (37831801),Paolo Banchero (37831809),Kyle Filipowski (37831966),Keyonte George (37831887),KJ Martin (37832113),Brice Sensabaugh (37832065),280.74792534722224,366.56872352803754,49900,0.00%,0,-100.0%,0,255.73,$-4.0,UTA 4,ORL 2,user11,49,marvalshot,14695,4653759162_11
Tyler Herro (37831794),Stephon Castle (37831933),Brice Sensabaugh (37832065),LeBron James (37831767),Kyle Filipowski (37831966),Keyonte George (37831887),KJ Martin (37832113),Isaiah Collier (37831913),316.70424913194444,412.34085804687277,49900,100.00%,2540,166.22%,0,257.11,$6.65,UTA 5,MIA 1,user11,50,marvalshot,9680,4653759163_11
Alec Burks (37832227),Anthony Edwards (37831776),Jalen Williams (37831829),Bam Adebayo (37831821),Isaiah Hartenstein (37831897),Keyonte George (37831887),KJ Martin (37832113),Kyle Filipowski (37831966),324.5073914930555,410.3136411419521,49800,100.00%,49282,421.56%,0,247.55,$16.86,UTA 3,MIA 2,user11,49,marvalshot,14697,4653759164_11
Keyonte George (37831887),Alec Burks (37832227),Brice Sensabaugh (37832065),LeBron James (37831767),Kel'el Ware (37831949),Shai Gilgeous-Alexander (37831764),KJ Martin (37832113),Kyle Filipowski (37831966),319.72105034722216,412.6645019893277,49000,100.00%,20661,204.26%,0,253.89,$8.17,UTA 4,MIA 2,user11,48,marvalshot,5423,4653759165_11
Keyonte George (37831887),Anthony Edwards (37831776),Jalen Williams (37831829),Brice Sensabaugh (37832065),Isaiah Hartenstein (37831897),Isaiah Collier (37831913),KJ Martin (37832113),Kyle Filipowski (37831966),324.20864149305555,424.1691265883469,49100,100.00%,49260,396.7%,0,233.06,$15.87,UTA 5,OKC 2,user17,40,marvalshot,14703,4653759166_17
Alec Burks (37832227),Anthony Edwards (37831776),Jalen Williams (37831829),KJ Martin (37832113),Kyle Filipowski (37831966),Keyonte George (37831887),LeBron James (37831767),Brice Sensabaugh (37832065),324.47561631944444,420.61207419455116,49700,100.00%,49606,416.45%,0,256.03,$16.66,UTA 4,MIA 1,user14,47,marvalshot,10759,4653759167_14
Isaiah Collier (37831913),Alec Burks (37832227),Zion Williamson (37831787),KJ Martin (37832113),Isaiah Hartenstein (37831897),Keyonte George (37831887),LeBron James (37831767),Kyle Filipowski (37831966),316.0705251736111,420.04466392422756,49900,100.00%,1553,158.99%,0,239.04000000000002,$6.36,UTA 4,MIA 1,user11,50,marvalshot,12062,4653759158_11
Devin Booker (37831783),Alec Burks (37832227),Duncan Robinson (37832000),LeBron James (37831767),Kyle Filipowski (37831966),Keyonte George (37831887),KJ Martin (37832113),Jalen Williams (37831829),315.65749131944443,402.0537140562783,50000,100.00%,517,155.85%,0,228.59,$6.23,UTA 3,MIA 2,user12,49,marvalshot,14694,4653759159_12
Keyonte George (37831887),Cason Wallace (37832096),LeBron James (37831767),Bam Adebayo (37831821),Isaiah Hartenstein (37831897),Isaiah Collier (37831913),KJ Martin (37832113),Kyle Filipowski (37831966),315.9373394097222,408.7196722116854,49900,100.00%,1433,158.44%,0,239.35999999999999,$6.34,UTA 4,OKC 2,user11,50,marvalshot,8299,4653759160_11
Keyonte George (37831887),Gradey Dick (37832076),LeBron James (37831767),Jalen Williams (37831829),Isaiah Hartenstein (37831897),Isaiah Collier (37831913),KJ Martin (37832113),Kyle Filipowski (37831966),311.30598524305555,406.59315608561906,49800,100.00%,0,113.36%,0,235.67,$4.53,UTA 4,OKC 2,user12,50,marvalshot,10787,4653759161_12
Shai Gilgeous-Alexander (37831764),Alec Burks (37832227),Franz Wagner (37831801),Paolo Banchero (37831809),Kyle Filipowski (37831966),Keyonte George (37831887),KJ Martin (37832113),Brice Sensabaugh (37832065),280.74792534722224,366.56872352803754,49900,0.00%,0,-100.0%,0,255.73,$-4.0,UTA 4,ORL 2,user12,49,marvalshot,14695,4653759162_12
Tyler Herro (37831794),Stephon Castle (37831933),Brice Sensabaugh (37832065),LeBron James (37831767),Kyle Filipowski (37831966),Keyonte George (37831887),KJ Martin (37832113),Isaiah Collier (37831913),316.70424913194444,412.34085804687277,49900,100.00%,2540,166.22%,0,257.11,$6.65,UTA 5,MIA 1,user12,50,marvalshot,9680,4653759163_12
Alec Burks (37832227),Anthony Edwards (37831776),Jalen Williams (37831829),Bam Adebayo (37831821),Isaiah Hartenstein (37831897),Keyonte George (37831887),KJ Martin (37832113),Kyle Filipowski (37831966),324.5073914930555,410.3136411419521,49800,100.00%,49282,421.56%,0,247.55,$16.86,UTA 3,MIA 2,user12,49,marvalshot,14697,4653759164_12
Keyonte George (37831887),Alec Burks (37832227),Brice Sensabaugh (37832065),LeBron James (37831767),Kel'el Ware (37831949),Shai Gilgeous-Alexander (37831764),KJ Martin (37832113),Kyle Filipowski (37831966),319.72105034722216,412.6645019893277,49000,100.00%,20661,204.26%,0,253.89,$8.17,UTA 4,MIA 2,user12,48,marvalshot,5423,4653759165_12
Keyonte George (37831887),Anthony Edwards (37831776),Jalen Williams (37831829),Brice Sensabaugh (37832065),Isaiah Hartenstein (37831897),Isaiah Collier (37831913),KJ Martin (37832113),Kyle Filipowski (37831966),324.20864149305555,424.1691265883469,49100,100.00%,49260,396.7%,0,233.06,$15.87,UTA 5,OKC 2,user18,40,marvalshot,14703,4653759166_18
Alec Burks (37832227),Anthony Edwards (37831776),Jalen Williams (37831829),KJ Martin (37832113),Kyle Filipowski (37831966),Keyonte George (37831887),LeBron James (37831767),Brice Sensabaugh (37832065),324.47561631944444,420.61207419455116,49700,100.00%,49606,416.45%,0,256.03,$16.66,UTA 4,MIA 1,user15,47,marvalshot,10759,4653759167_15
Isaiah Collier (37831913),Alec Burks (37832227),Zion Williamson (37831787),KJ Martin (37832113),Isaiah Hartenstein (37831897),Keyonte George (37831887),LeBron James (37831767),Kyle Filipowski (37831966),316.0705251736111,420.04466392422756,49900,100.00%,1553,158.99%,0,239.04000000000002,$6.36,UTA 4,MIA 1,user12,50,marvalshot,12062,4653759158_12
Devin Booker (37831783),Alec Burks (37832227),Duncan Robinson (37832000),LeBron James (37831767),Kyle Filipowski (37831966),Keyonte George (37831887),KJ Martin (37832113),Jalen Williams (37831829),315.65749131944443,402.0537140562783,50000,100.00%,517,155.85%,0,228.59,$6.23,UTA 3,MIA 2,user13,49,marvalshot,14694,4653759159_13
Keyonte George (37831887),Cason Wallace (37832096),LeBron James (37831767),Bam Adebayo (37831821),Isaiah Hartenstein (37831897),Isaiah Collier (37831913),KJ Martin (37832113),Kyle Filipowski (37831966),315.9373394097222,408.7196722116854,49900,100.00%,1433,158.44%,0,239.35999999999999,$6.34,UTA 4,OKC 2,user12,50,marvalshot,8299,4653759160_12
Keyonte George (37831887),Gradey Dick (37832076),LeBron James (37831767),Jalen Williams (37831829),Isaiah Hartenstein (37831897),Isaiah Collier (37831913),KJ Martin (37832113),Kyle Filipowski (37831966),311.30598524305555,406.59315608561906,49800,100.00%,0,113.36%,0,235.67,$4.53,UTA 4,OKC 2,user13,50,marvalshot,10787,4653759161_13
Shai Gilgeous-Alexander (37831764),Alec Burks (37832227),Franz Wagner (37831801),Paolo Banchero (37831809),Kyle Filipowski (37831966),Keyonte George (37831887),KJ Martin (37832113),Brice Sensabaugh (37832065),280.74792534722224,366.56872352803754,49900,0.00%,0,-100.0%,0,255.73,$-4.0,UTA 4,ORL 2,user13,49,marvalshot,14695,4653759162_13
Tyler Herro (37831794),Stephon Castle (37831933),Brice Sensabaugh (37832065),LeBron James (37831767),Kyle Filipowski (37831966),Keyonte George (37831887),KJ Martin (37832113),Isaiah Collier (37831913),316.70424913194444,412.34085804687277,49900,100.00%,2540,166.22%,0,257.11,$6.65,UTA 5,MIA 1,user13,50,marvalshot,9680,4653759163_13
Alec Burks (37832227),Anthony Edwards (37831776),Jalen Williams (37831829),Bam Adebayo (37831821),Isaiah Hartenstein (37831897),Keyonte George (37831887),KJ Martin (37832113),Kyle Filipowski (37831966),324.5073914930555,410.3136411419521,49800,100.00%,49282,421.56%,0,247.55,$16.86,UTA 3,MIA 2,user13,49,marvalshot,14697,4653759164_13
Keyonte George (37831887),Alec Burks (37832227),Brice Sensabaugh (37832065),LeBron James (37831767),Kel'el Ware (37831949),Shai Gilgeous-Alexander (37831764),KJ Martin (37832113),Kyle Filipowski (37831966),319.72105034722216,412.6645019893277,49000,100.00%,20661,204.26%,0,253.89,$8.17,UTA 4,MIA 2,user13,48,marvalshot,5423,4653759165_13
Keyonte George (37831887),Anthony Edwards (37831776),Jalen Williams (37831829),Brice Sensabaugh (37832065),Isaiah Hartenstein (37831897),Isaiah Collier (37831913),KJ Martin (37832113),Kyle Filipowski (37831966),324.20864149305555,424.1691265883469,49100,100.00%,49260,396.7%,0,233.06,$15.87,UTA 5,OKC 2,user19,40,marvalshot,14703,4653759166_19
Alec Burks (37832227),Anthony Edwards (37831776),Jalen Williams (37831829),KJ Martin (37832113),Kyle Filipowski (37831966),Keyonte George (37831887),LeBron James (37831767),Brice Sensabaugh (37832065),324.47561631944444,420.61207419455116,49700,100.00%,49606,416.45%,0,256.03,$16.66,UTA 4,MIA 1,user16,47,marvalshot,10759,4653759167_16
Isaiah Collier (37831913),Alec Burks (37832227),Zion Williamson (37831787),KJ Martin (37832113),Isaiah Hartenstein (37831897),Keyonte George (37831887),LeBron James (37831767),Kyle Filipowski (37831966),316.0705251736111,420.04466392422756,49900,100.00%,1553,158.99%,0,239.04000000000002,$6.36,UTA 4,MIA 1,user13,50,marvalshot,12062,4653759158_13
Devin Booker (37831783),Alec Burks (37832227),Duncan Robinson (37832000),LeBron James (37831767),Kyle Filipowski (37831966),Keyonte George (37831887),KJ Martin (37832113),Jalen Williams (37831829),315.65749131944443,402.0537140562783,50000,100.00%,517,155.85%,0,228.59,$6.23,UTA 3,MIA 2,user14,49,marvalshot,14694,4653759159_14
Keyonte George (37831887),Cason Wallace (37832096),LeBron James (37831767),Bam Adebayo (37831821),Isaiah Hartenstein (37831897),Isaiah Collier (37831913),KJ Martin (37832113),Kyle Filipowski (37831966),315.9373394097222,408.7196722116854,49900,100.00%,1433,158.44%,0,239.35999999999999,$6.34,UTA 4,OKC 2,user13,50,marvalshot,8299,4653759160_13
Keyonte George (37831887),Gradey Dick (37832076),LeBron James (37831767),Jalen Williams (37831829),Isaiah Hartenstein (37831897),Isaiah Collier (37831913),KJ Martin (37832113),Kyle Filipowski (37831966),311.30598524305555,406.59315608561906,49800,100.00%,0,113.36%,0,235.67,$4.53,UTA 4,OKC 2,user14,50,marvalshot,10787,4653759161_14
Shai Gilgeous-Alexander (37831764),Alec Burks (37832227),Franz Wagner (37831801),Paolo Banchero (37831809),Kyle Filipowski (37831966),Keyonte George (37831887),KJ Martin (37832113),Brice Sensabaugh (37832065),280.74792534722224,366.56872352803754,49900,0.00%,0,-100.0%,0,255.73,$-4.0,UTA 4,ORL 2,user14,49,marvalshot,14695,4653759162_14
Tyler Herro (37831794),Stephon Castle (37831933),Brice Sensabaugh (37832065),LeBron James (37831767),Kyle Filipowski (37831966),Keyonte George (37831887),KJ Martin (37832113),Isaiah Collier (37831913),316.70424913194444,412.34085804687277,49900,100.00%,2540,166.22%,0,257.11,$6.65,UTA 5,MIA 1,user14,50,marvalshot,9680,4653759163_14
Alec Burks (37832227),Anthony Edwards (37831776),Jalen Williams (37831829),Bam Adebayo (37831821),Isaiah Hartenstein (37831897),Keyonte George (37831887),KJ Martin (37832113),Kyle Filipowski (37831966),324.5073914930555,410.3136411419521,49800,100.00%,49282,421.56%,0,247.55,$16.86,UTA 3,MIA 2,user14,49,marvalshot,14697,4653759164_14
Keyonte George (37831887),Alec Burks (37832227),Brice Sensabaugh (37832065),LeBron James (37831767),Kel'el Ware (37831949),Shai Gilgeous-Alexander (37831764),KJ Martin (37832113),Kyle Filipowski (37831966),319.72105034722216,412.6645019893277,49000,100.00%,20661,204.26%,0,253.89,$8.17,UTA 4,MIA 2,user14,48,marvalshot,5423,4653759165_14
Keyonte George (37831887),Anthony Edwards (37831776),Jalen Williams (37831829),Brice Sensabaugh (37832065),Isaiah Hartenstein (37831897),Isaiah Collier (37831913),KJ Martin (37832113),Kyle Filipowski (37831966),324.20864149305555,424.1691265883469,49100,100.00%,49260,396.7%,0,233.06,$15.87,UTA 5,OKC 2,user20,40,marvalshot,14703,4653759166_20
Alec Burks (37832227),Anthony Edwards (37831776),Jalen Williams (37831829),KJ Martin (37832113),Kyle Filipowski (37831966),Keyonte George (37831887),LeBron James (37831767),Brice Sensabaugh (37832065),324.47561631944444,420.61207419455116,49700,100.00%,49606,416.45%,0,256.03,$16.66,UTA 4,MIA 1,user17,47,marvalshot,10759,4653759167_17
Isaiah Collier (37831913),Alec Burks (37832227),Zion Williamson (37831787),KJ Martin (37832113),Isaiah Hartenstein (37831897),Keyonte George (37831887),LeBron James (37831767),Kyle Filipowski (37831966),316.0705251736111,420.04466392422756,49900,100.00%,1553,158.99%,0,239.04000000000002,$6.36,UTA 4,MIA 1,user14,50,marvalshot,12062,4653759158_14
Devin Booker (37831783),Alec Burks (37832227),Duncan Robinson (37832000),LeBron James (37831767),Kyle Filipowski (37831966),Keyonte George (37831887),KJ Martin (37832113),Jalen Williams (37831829),315.65749131944443,402.0537140562783,50000,100.00%,517,155.85%,0,228.59,$6.23,UTA 3,MIA 2,user15,49,marvalshot,14694,4653759159_15
Keyonte George (37831887),Cason Wallace (37832096),LeBron James (37831767),Bam Adebayo (37831821),Isaiah Hartenstein (37831897),Isaiah Collier (37831913),KJ Martin (37832113),Kyle Filipowski (37831966),315.9373394097222,408.7196722116854,49900,100.00%,1433,158.44%,0,239.35999999999999,$6.34,UTA 4,OKC 2,user14,50,marvalshot,8299,4653759160_14
Keyonte George (37831887),Gradey Dick (37832076),LeBron James (37831767),Jalen Williams (37831829),Isaiah Hartenstein (37831897),Isaiah Collier (37831913),KJ Martin (37832113),Kyle Filipowski (37831966),311.30598524305555,406.59315608561906,49800,100.00%,0,113.36%,0,235.67,$4.53,UTA 4,OKC 2,user15,50,marvalshot,10787,4653759161_15
Shai Gilgeous-Alexander (37831764),Alec Burks (37832227),Franz Wagner (37831801),Paolo Banchero (37831809),Kyle Filipowski (37831966),Keyonte George (37831887),KJ Martin (37832113),Brice Sensabaugh (37832065),280.74792534722224,366.56872352803754,49900,0.00%,0,-100.0%,0,255.73,$-4.0,UTA 4,ORL 2,user15,49,marvalshot,14695,4653759162_15
Tyler Herro (37831794),Stephon Castle (37831933),Brice Sensabaugh (37832065),LeBron James (37831767),Kyle Filipowski (37831966),Keyonte George (37831887),KJ Martin (37832113),Isaiah Collier (37831913),316.70424913194444,412.34085804687277,49900,100.00%,2540,166.22%,0,257.11,$6.65,UTA 5,MIA 1,user15,50,marvalshot,9680,4653759163_15
Alec Burks (37832227),Anthony Edwards (37831776),Jalen Williams (37831829),Bam Adebayo (37831821),Isaiah Hartenstein (37831897),Keyonte George (37831887),KJ Martin (37832113),Kyle Filipowski (37831966),324.5073914930555,410.3136411419521,49800,100.00%,49282,421.56%,0,247.55,$16.86,UTA 3,MIA 2,user15,49,marvalshot,14697,4653759164_15
Keyonte George (37831887),Alec Burks (37832227),Brice Sensabaugh (37832065),LeBron James (37831767),Kel'el Ware (37831949),Shai Gilgeous-Alexander (37831764),KJ Martin (37832113),Kyle Filipowski (37831966),319.72105034722216,412.6645019893277,49000,100.00%,20661,204.26%,0,253.89,$8.17,UTA 4,MIA 2,user15,48,marvalshot,5423,4653759165_15
Keyonte George (37831887),Anthony Edwards (37831776),Jalen Williams (37831829),Brice Sensabaugh (37832065),Isaiah Hartenstein (37831897),Isaiah Collier (37831913),KJ Martin (37832113),Kyle Filipowski (37831966),324.20864149305555,424.1691265883469,49100,100.00%,49260,396.7%,0,233.06,$15.87,UTA 5,OKC 2,user21,40,marvalshot,14703,4653759166_21
Alec Burks (37832227),Anthony Edwards (37831776),Jalen Williams (37831829),KJ Martin (37832113),Kyle Filipowski (37831966),Keyonte George (37831887),LeBron James (37831767),Brice Sensabaugh (37832065),324.47561631944444,420.61207419455116,49700,100.00%,49606,416.45%,0,256.03,$16.66,UTA 4,MIA 1,user18,47,marvalshot,10759,4653759167_18
Isaiah Collier (37831913),Alec Burks (37832227),Zion Williamson (37831787),KJ Martin (37832113),Isaiah Hartenstein (37831897),Keyonte George (37831887),LeBron James (37831767),Kyle Filipowski (37831966),316.0705251736111,420.04466392422756,49900,100.00%,1553,158.99%,0,239.04000000000002,$6.36,UTA 4,MIA 1,user15,50,marvalshot,12062,4653759158_15
Devin Booker (37831783),Alec Burks (37832227),Duncan Robinson (37832000),LeBron James (37831767),Kyle Filipowski (37831966),Keyonte George (37831887),KJ Martin (37832113),Jalen Williams (37831829),315.65749131944443,402.0537140562783,50000,100.00%,517,155.85%,0,228.59,$6.23,UTA 3,MIA 2,user16,49,marvalshot,14694,4653759159_16
Keyonte George (37831887),Cason Wallace (37832096),LeBron James (37831767),Bam Adebayo (37831821),Isaiah Hartenstein (37831897),Isaiah Collier (37831913),KJ Martin (37832113),Kyle Filipowski (37831966),315.9373394097222,408.7196722116854,49900,100.00%,1433,158.44%,0,239.35999999999999,$6.34,UTA 4,OKC 2,user15,50,marvalshot,8299,4653759160_15
Keyonte George (37831887),Gradey Dick (37832076),LeBron James (37831767),Jalen Williams (37831829),Isaiah Hartenstein (37831897),Isaiah Collier (37831913),KJ Martin (37832113),Kyle Filipowski (37831966),311.30598524305555,406.59315608561906,49800,100.00%,0,113.36%,0,235.67,$4.53,UTA 4,OKC 2,user16,50,marvalshot,10787,4653759161_16
Shai Gilgeous-Alexander (37831764),Alec Burks (37832227),Franz Wagner (37831801),Paolo Banchero (37831809),Kyle Filipowski (37831966),Keyonte George (37831887),KJ Martin (37832113),Brice Sensabaugh (37832065),280.74792534722224,366.56872352803754,49900,0.00%,0,-100.0%,0,255.73,$-4.0,UTA 4,ORL 2,user16,49,marvalshot,14695,4653759162_16
Tyler Herro (37831794),Stephon Castle (37831933),Brice Sensabaugh (37832065),LeBron James (37831767),Kyle Filipowski (37831966),Keyonte George (37831887),KJ Martin (37832113),Isaiah Collier (37831913),316.70424913194444,412.34085804687277,49900,100.00%,2540,166.22%,0,257.11,$6.65,UTA 5,MIA 1,user16,50,marvalshot,9680,4653759163_16
Alec Burks (37832227),Anthony Edwards (37831776),Jalen Williams (37831829),Bam Adebayo (37831821),Isaiah Hartenstein (37831897),Keyonte George (37831887),KJ Martin (37832113),Kyle Filipowski (37831966),324.5073914930555,410.3136411419521,49800,100.00%,49282,421.56%,0,247.55,$16.86,UTA 3,MIA 2,user16,49,marvalshot,14697,4653759164_16
Keyonte George (37831887),Alec Burks (37832227),Brice Sensabaugh (37832065),LeBron James (37831767),Kel'el Ware (37831949),Shai Gilgeous-Alexander (37831764),KJ Martin (37832113),Kyle Filipowski (37831966),319.72105034722216,412.6645019893277,49000,100.00%,20661,204.26%,0,253.89,$8.17,UTA 4,MIA 2,user16,48,marvalshot,5423,4653759165_16
Keyonte George (37831887),Anthony Edwards (37831776),Jalen Williams (37831829),Brice Sensabaugh (37832065),Isaiah Hartenstein (37831897),Isaiah Collier (37831913),KJ Martin (37832113),Kyle Filipowski (37831966),324.20864149305555,424.1691265883469,49100,100.00%,49260,396.7%,0,233.06,$15.87,UTA 5,OKC 2,user22,40,marvalshot,14703,4653759166_22
Alec Burks (37832227),Anthony Edwards (37831776),Jalen Williams (37831829),KJ Martin (37832113),Kyle Filipowski (37831966),Keyonte George (37831887),LeBron James (37831767),Brice Sensabaugh (37832065),324.47561631944444,420.61207419455116,49700,100.00%,49606,416.45%,0,256.03,$16.66,UTA 4,MIA 1,user19,47,marvalshot,10759,4653759167_19
Isaiah Collier (37831913),Alec Burks (37832227),Zion Williamson (37831787),KJ Martin (37832113),Isaiah Hartenstein (37831897),Keyonte George (37831887),LeBron James (37831767),Kyle Filipowski (37831966),316.0705251736111,420.04466392422756,49900,100.00%,1553,158.99%,0,239.04000000000002,$6.36,UTA 4,MIA 1,user16,50,marvalshot,12062,4653759158_16
Devin Booker (37831783),Alec Burks (37832227),Duncan Robinson (37832000),LeBron James (37831767),Kyle Filipowski (37831966),Keyonte George (37831887),KJ Martin (37832113),Jalen Williams (37831829),315.65749131944443,402.0537140562783,50000,100.00%,517,155.85%,0,228.59,$6.23,UTA 3,MIA 2,user17,49,marvalshot,14694,4653759159_17
Keyonte George (37831887),Cason Wallace (37832096),LeBron James (37831767),Bam Adebayo (37831821),Isaiah Hartenstein (37831897),Isaiah Collier (37831913),KJ Martin (37832113),Kyle Filipowski (37831966),315.9373394097222,408.7196722116854,49900,100.00%,1433,158.44%,0,239.35999999999999,$6.34,UTA 4,OKC 2,user16,50,marvalshot,8299,4653759160_16
Keyonte George (37831887),Gradey Dick (37832076),LeBron James (37831767),Jalen Williams (37831829),Isaiah Hartenstein (37831897),Isaiah Collier (37831913),KJ Martin (37832113),Kyle Filipowski (37831966),311.30598524305555,406.59315608561906,49800,100.00%,0,113.36%,0,235.67,$4.53,UTA 4,OKC 2,user17,50,marvalshot,10787,4653759161_17
Shai Gilgeous-Alexander (37831764),Alec Burks (37832227),Franz Wagner (37831801),Paolo Banchero (37831809),Kyle Filipowski (37831966),Keyonte George (37831887),KJ Martin (37832113),Brice Sensabaugh (37832065),280.74792534722224,366.56872352803754,49900,0.00%,0,-100.0%,0,255.73,$-4.0,UTA 4,ORL 2,user17,49,marvalshot,14695,4653759162_17
Tyler Herro (37831794),Stephon Castle (37831933),Brice Sensabaugh (37832065),LeBron James (37831767),Kyle Filipowski (37831966),Keyonte George (37831887),KJ Martin (37832113),Isaiah Collier (37831913),316.70424913194444,412.34085804687277,49900,100.00%,2540,166.22%,0,257.11,$6.65,UTA 5,MIA 1,user17,50,marvalshot,9680,4653759163_17
Alec Burks (37832227),Anthony Edwards (37831776),Jalen Williams (37831829),Bam Adebayo (37831821),Isaiah Hartenstein (37831897),Keyonte George (37831887),KJ Martin (37832113),Kyle Filipowski (37831966),324.5073914930555,410.3136411419521,49800,100.00%,49282,421.56%,0,247.55,$16.86,UTA 3,MIA 2,user17,49,marvalshot,14697,4653759164_17
Keyonte George (37831887),Alec Burks (37832227),Brice Sensabaugh (37832065),LeBron James (37831767),Kel'el Ware (37831949),Shai Gilgeous-Alexander (37831764),KJ Martin (37832113),Kyle Filipowski (37831966),319.72105034722216,412.6645019893277,49000,100.00%,20661,204.26%,0,253.89,$8.17,UTA 4,MIA 2,user17,48,marvalshot,5423,4653759165_17
Keyonte George (37831887),Anthony Edwards (37831776),Jalen Williams (37831829),Brice Sensabaugh (37832065),Isaiah Hartenstein (37831897),Isaiah Collier (37831913),KJ Martin (37832113),Kyle Filipowski (37831966),324.20864149305555,424.1691265883469,49100,100.00%,49260,396.7%,0,233.06,$15.87,UTA 5,OKC 2,user23,40,marvalshot,14703,4653759166_23
Alec Burks (37832227),Anthony Edwards (37831776),Jalen Williams (37831829),KJ Martin (37832113),Kyle Filipowski (37831966),Keyonte George (37831887),LeBron James (37831767),Brice Sensabaugh (37832065),324.47561631944444,420.61207419455116,49700,100.00%,49606,416.45%,0,256.03,$16.66,UTA 4,MIA 1,user20,47,marvalshot,10759,4653759167_20
Isaiah Collier (37831913),Alec Burks (37832227),Zion Williamson (37831787),KJ Martin (37832113),Isaiah Hartenstein (37831897),Keyonte George (37831887),LeBron James (37831767),Kyle Filipowski (37831966),316.0705251736111,420.04466392422756,49900,100.00%,1553,158.99%,0,239.04000000000002,$6.36,UTA 4,MIA 1,user17,50,marvalshot,12062,4653759158_17
Devin Booker (37831783),Alec Burks (37832227),Duncan Robinson (37832000),LeBron James (37831767),Kyle Filipowski (37831966),Keyonte George (37831887),KJ Martin (37832113),Jalen Williams (37831829),315.65749131944443,402.0537140562783,50000,100.00%,517,155.85%,0,228.59,$6.23,UTA 3,MIA 2,user18,49,marvalshot,14694,4653759159_18
Keyonte George (37831887),Cason Wallace (37832096),LeBron James (37831767),Bam Adebayo (37831821),Isaiah Hartenstein (37831897),Isaiah Collier (37831913),KJ Martin (37832113),Kyle Filipowski (37831966),315.9373394097222,408.7196722116854,49900,100.00%,1433,158.44%,0,239.35999999999999,$6.34,UTA 4,OKC 2,user17,50,marvalshot,8299,4653759160_17
Keyonte George (37831887),Gradey Dick (37832076),LeBron James (37831767),Jalen Williams (37831829),Isaiah Hartenstein (37831897),Isaiah Collier (37831913),KJ Martin (37832113),Kyle Filipowski (37831966),311.30598524305555,406.59315608561906,49800,100.00%,0,113.36%,0,235.67,$4.53,UTA 4,OKC 2,user18,50,marvalshot,10787,4653759161_18
Shai Gilgeous-Alexander (37831764),Alec Burks (37832227),Franz Wagner (37831801),Paolo Banchero (37831809),Kyle Filipowski (37831966),Keyonte George (37831887),KJ Martin (37832113),Brice Sensabaugh (37832065),280.74792534722224,366.56872352803754,49900,0.00%,0,-100.0%,0,255.73,$-4.0,UTA 4,ORL 2,user18,49,marvalshot,14695,4653759162_18
Tyler Herro (37831794),Stephon Castle (37831933),Brice Sensabaugh (37832065),LeBron James (37831767),Kyle Filipowski (37831966),Keyonte George (37831887),KJ Martin (37832113),Isaiah Collier (37831913),316.70424913194444,412.34085804687277,49900,100.00%,2540,166.22%,0,257.11,$6.65,UTA 5,MIA 1,user18,50,marvalshot,9680,4653759163_18
Alec Burks (37832227),Anthony Edwards (37831776),Jalen Williams (37831829),Bam Adebayo (37831821),Isaiah Hartenstein (37831897),Keyonte George (37831887),KJ Martin (37832113),Kyle Filipowski (37831966),324.5073914930555,410.3136411419521,49800,100.00%,49282,421.56%,0,247.55,$16.86,UTA 3,MIA 2,user18,49,marvalshot,14697,4653759164_18
Keyonte George (37831887),Alec Burks (37832227),Brice Sensabaugh (37832065),LeBron James (37831767),Kel'el Ware (37831949),Shai Gilgeous-Alexander (37831764),KJ Martin (37832113),Kyle Filipowski (37831966),319.72105034722216,412.6645019893277,49000,100.00%,20661,204.26%,0,253.89,$8.17,UTA 4,MIA 2,user18,48,marvalshot,5423,4653759165_18
Keyonte George (37831887),Anthony Edwards (37831776),Jalen Williams (37831829),Brice Sensabaugh (37832065),Isaiah Hartenstein (37831897),Isaiah Collier (37831913),KJ Martin (37832113),Kyle Filipowski (37831966),324.20864149305555,424.1691265883469,49100,100.00%,49260,396.7%,0,233.06,$15.87,UTA 5,OKC 2,user24,40,marvalshot,14703,4653759166_24
Alec Burks (37832227),Anthony Edwards (37831776),Jalen Williams (37831829),KJ Martin (37832113),Kyle Filipowski (37831966),Keyonte George (37831887),LeBron James (37831767),Brice Sensabaugh (37832065),324.47561631944444,420.61207419455116,49700,100.00%,49606,416.45%,0,256.03,$16.66,UTA 4,MIA 1,user21,47,marvalshot,10759,4653759167_21
Isaiah Collier (37831913),Alec Burks (37832227),Zion Williamson (37831787),KJ Martin (37832113),Isaiah Hartenstein (37831897),Keyonte George (37831887),LeBron James (37831767),Kyle Filipowski (37831966),316.0705251736111,420.04466392422756,49900,100.00%,1553,158.99%,0,239.04000000000002,$6.36,UTA 4,MIA 1,user18,50,marvalshot,12062,4653759158_18
Devin Booker (37831783),Alec Burks (37832227),Duncan Robinson (37832000),LeBron James (37831767),Kyle Filipowski (37831966),Keyonte George (37831887),KJ Martin (37832113),Jalen Williams (37831829),315.65749131944443,402.0537140562783,50000,100.00%,517,155.85%,0,228.59,$6.23,UTA 3,MIA 2,user19,49,marvalshot,14694,4653759159_19
Keyonte George (37831887),Cason Wallace (37832096),LeBron James (37831767),Bam Adebayo (37831821),Isaiah Hartenstein (37831897),Isaiah Collier (37831913),KJ Martin (37832113),Kyle Filipowski (37831966),315.9373394097222,408.7196722116854,49900,100.00%,1433,158.44%,0,239.35999999999999,$6.34,UTA 4,OKC 2,user18,50,marvalshot,8299,4653759160_18
Keyonte George (37831887),Gradey Dick (37832076),LeBron James (37831767),Jalen Williams (37831829),Isaiah Hartenstein (37831897),Isaiah Collier (37831913),KJ Martin (37832113),Kyle Filipowski (37831966),311.30598524305555,406.59315608561906,49800,100.00%,0,113.36%,0,235.67,$4.53,UTA 4,OKC 2,user19,50,marvalshot,10787,4653759161_19
Shai Gilgeous-Alexander (37831764),Alec Burks (37832227),Franz Wagner (37831801),Paolo Banchero (37831809),Kyle Filipowski (37831966),Keyonte George (37831887),KJ Martin (37832113),Brice Sensabaugh (37832065),280.74792534722224,366.56872352803754,49900,0.00%,0,-100.0%,0,255.73,$-4.0,UTA 4,ORL 2,user19,49,marvalshot,14695,4653759162_19
Tyler Herro (37831794),Stephon Castle (37831933),Brice Sensabaugh (37832065),LeBron James (37831767),Kyle Filipowski (37831966),Keyonte George (37831887),KJ Martin (37832113),Isaiah Collier (37831913),316.70424913194444,412.34085804687277,49900,100.00%,2540,166.22%,0,257.11,$6.65,UTA 5,MIA 1,user19,50,marvalshot,9680,4653759163_19
Alec Burks (37832227),Anthony Edwards (37831776),Jalen Williams (37831829),Bam Adebayo (37831821),Isaiah Hartenstein (37831897),Keyonte George (37831887),KJ Martin (37832113),Kyle Filipowski (37831966),324.5073914930555,410.3136411419521,49800,100.00%,49282,421.56%,0,247.55,$16.86,UTA 3,MIA 2,user19,49,marvalshot,14697,4653759164_19
Keyonte George (37831887),Alec Burks (37832227),Brice Sensabaugh (37832065),LeBron James (37831767),Kel'el Ware (37831949),Shai Gilgeous-Alexander (37831764),KJ Martin (37832113),Kyle Filipowski (37831966),319.72105034722216,412.6645019893277,49000,100.00%,20661,204.26%,0,253.89,$8.17,UTA 4,MIA 2,user19,48,marvalshot,5423,4653759165_19
Keyonte George (37831887),Anthony Edwards (37831776),Jalen Williams (37831829),Brice Sensabaugh (37832065),Isaiah Hartenstein (37831897),Isaiah Collier (37831913),KJ Martin (37832113),Kyle Filipowski (37831966),324.20864149305555,424.1691265883469,49100,100.00%,49260,396.7%,0,233.06,$15.87,UTA 5,OKC 2,user25,40,marvalshot,14703,4653759166_25
Alec Burks (37832227),Anthony Edwards (37831776),Jalen Williams (37831829),KJ Martin (37832113),Kyle Filipowski (37831966),Keyonte George (37831887),LeBron James (37831767),Brice Sensabaugh (37832065),324.47561631944444,420.61207419455116,49700,100.00%,49606,416.45%,0,256.03,$16.66,UTA 4,MIA 1,user22,47,marvalshot,10759,4653759167_22
Isaiah Collier (37831913),Alec Burks (37832227),Zion Williamson (37831787),KJ Martin (37832113),Isaiah Hartenstein (37831897),Keyonte George (37831887),LeBron James (37831767),Kyle Filipowski (37831966),316.0705251736111,420.04466392422756,49900,100.00%,1553,158.99%,0,239.04000000000002,$6.36,UTA 4,MIA 1,user19,50,marvalshot,12062,4653759158_19
Devin Booker (37831783),Alec Burks (37832227),Duncan Robinson (37832000),LeBron James (37831767),Kyle Filipowski (37831966),Keyonte George (37831887),KJ Martin (37832113),Jalen Williams (37831829),315.65749131944443,402.0537140562783,50000,100.00%,517,155.85%,0,228.59,$6.23,UTA 3,MIA 2,user20,49,marvalshot,14694,4653759159_20
Keyonte George (37831887),Cason Wallace (37832096),LeBron James (37831767),Bam Adebayo (37831821),Isaiah Hartenstein (37831897),Isaiah Collier (37831913),KJ Martin (37832113),Kyle Filipowski (37831966),315.9373394097222,408.7196722116854,49900,100.00%,1433,158.44%,0,239.35999999999999,$6.34,UTA 4,OKC 2,user19,50,marvalshot,8299,4653759160_19
Keyonte George (37831887),Gradey Dick (37832076),LeBron James (37831767),Jalen Williams (37831829),Isaiah Hartenstein (37831897),Isaiah Collier (37831913),KJ Martin (37832113),Kyle Filipowski (37831966),311.30598524305555,406.59315608561906,49800,100.00%,0,113.36%,0,235.67,$4.53,UTA 4,OKC 2,user20,50,marvalshot,10787,4653759161_20
Shai Gilgeous-Alexander (37831764),Alec Burks (37832227),Franz Wagner (37831801),Paolo Banchero (37831809),Kyle Filipowski (37831966),Keyonte George (37831887),KJ Martin (37832113),Brice Sensabaugh (37832065),280.74792534722224,366.56872352803754,49900,0.00%,0,-100.0%,0,255.73,$-4.0,UTA 4,ORL 2,user20,49,marvalshot,14695,4653759162_20
Tyler Herro (37831794),Stephon Castle (37831933),Brice Sensabaugh (37832065),LeBron James (37831767),Kyle Filipowski (37831966),Keyonte George (37831887),KJ Martin (37832113),Isaiah Collier (37831913),316.70424913194444,412.34085804687277,49900,100.00%,2540,166.22%,0,257.11,$6.65,UTA 5,MIA 1,user20,50,marvalshot,9680,4653759163_20
Alec Burks (37832227),Anthony Edwards (37831776),Jalen Williams (37831829),Bam Adebayo (37831821),Isaiah Hartenstein (37831897),Keyonte George (37831887),KJ Martin (37832113),Kyle Filipowski (37831966),324.5073914930555,410.3136411419521,49800,100.00%,49282,421.56%,0,247.55,$16.86,UTA 3,MIA 2,user20,49,marvalshot,14697,4653759164_20
Keyonte George (37831887),Alec Burks (37832227),Brice Sensabaugh (37832065),LeBron James (37831767),Kel'el Ware (37831949),Shai Gilgeous-Alexander (37831764),KJ Martin (37832113),Kyle Filipowski (37831966),319.72105034722216,412.6645019893277,49000,100.00%,20661,204.26%,0,253.89,$8.17,UTA 4,MIA 2,user20,48,marvalshot,5423,4653759165_20
Keyonte George (37831887),Anthony Edwards (37831776),Jalen Williams (37831829),Brice Sensabaugh (37832065),Isaiah Hartenstein (37831897),Isaiah Collier (37831913),KJ Martin (37832113),Kyle Filipowski (37831966),324.20864149305555,424.1691265883469,49100,100.00%,49260,396.7%,0,233.06,$15.87,UTA 5,OKC 2,user26,40,marvalshot,14703,4653759166_26
Alec Burks (37832227),Anthony Edwards (37831776),Jalen Williams (37831829),KJ Martin (37832113),Kyle Filipowski (37831966),Keyonte George (37831887),LeBron James (37831767),Brice Sensabaugh (37832065),324.47561631944444,420.61207419455116,49700,100.00%,49606,416.45%,0,256.03,$16.66,UTA 4,MIA 1,user23,47,marvalshot,10759,4653759167_23
Isaiah Collier (37831913),Alec Burks (37832227),Zion Williamson (37831787),KJ Martin (37832113),Isaiah Hartenstein (37831897),Keyonte George (37831887),LeBron James (37831767),Kyle Filipowski (37831966),316.0705251736111,420.04466392422756,49900,100.00%,1553,158.99%,0,239.04000000000002,$6.36,UTA 4,MIA 1,user20,50,marvalshot,12062,4653759158_20
Devin Booker (37831783),Alec Burks (37832227),Duncan Robinson (37832000),LeBron James (37831767),Kyle Filipowski (37831966),Keyonte George (37831887),KJ Martin (37832113),Jalen Williams (37831829),315.65749131944443,402.0537140562783,50000,100.00%,517,155.85%,0,228.59,$6.23,UTA 3,MIA 2,user21,49,marvalshot,14694,4653759159_21
Keyonte George (37831887),Cason Wallace (37832096),LeBron James (37831767),Bam Adebayo (37831821),Isaiah Hartenstein (37831897),Isaiah Collier (37831913),KJ Martin (37832113),Kyle Filipowski (37831966),315.9373394097222,408.7196722116854,49900,100.00%,1433,158.44%,0,239.35999999999999,$6.34,UTA 4,OKC 2,user20,50,marvalshot,8299,4653759160_20
Keyonte George (37831887),Gradey Dick (37832076),LeBron James (37831767),Jalen Williams (37831829),Isaiah Hartenstein (37831897),Isaiah Collier (37831913),KJ Martin (37832113),Kyle Filipowski (37831966),311.30598524305555,406.59315608561906,49800,100.00%,0,113.36%,0,235.67,$4.53,UTA 4,OKC 2,user21,50,marvalshot,10787,4653759161_21
Shai Gilgeous-Alexander (37831764),Alec Burks (37832227),Franz Wagner (37831801),Paolo Banchero (37831809),Kyle Filipowski (37831966),Keyonte George (37831887),KJ Martin (37832113),Brice Sensabaugh (37832065),280.74792534722224,366.56872352803754,49900,0.00%,0,-100.0%,0,255.73,$-4.0,UTA 4,ORL 2,user21,49,marvalshot,14695,4653759162_21
Tyler Herro (37831794),Stephon Castle (37831933),Brice Sensabaugh (37832065),LeBron James (37831767),Kyle Filipowski (37831966),Keyonte George (37831887),KJ Martin (37832113),Isaiah Collier (37831913),316.70424913194444,412.34085804687277,49900,100.00%,2540,166.22%,0,257.11,$6.65,UTA 5,MIA 1,user21,50,marvalshot,9680,4653759163_21
Alec Burks (37832227),Anthony Edwards (37831776),Jalen Williams (37831829),Bam Adebayo (37831821),Isaiah Hartenstein (37831897),Keyonte George (37831887),KJ Martin (37832113),Kyle Filipowski (37831966),324.5073914930555,410.3136411419521,49800,100.00%,49282,421.56%,0,247.55,$16.86,UTA 3,MIA 2,user21,49,marvalshot,14697,4653759164_21
Keyonte George (37831887),Alec Burks (37832227),Brice Sensabaugh (37832065),LeBron James (37831767),Kel'el Ware (37831949),Shai Gilgeous-Alexander (37831764),KJ Martin (37832113),Kyle Filipowski (37831966),319.72105034722216,412.6645019893277,49000,100.00%,20661,204.26%,0,253.89,$8.17,UTA 4,MIA 2,user21,48,marvalshot,5423,4653759165_21
Keyonte George (37831887),Anthony Edwards (37831776),Jalen Williams (37831829),Brice Sensabaugh (37832065),Isaiah Hartenstein (37831897),Isaiah Collier (37831913),KJ Martin (37832113),Kyle Filipowski (37831966),324.20864149305555,424.1691265883469,49100,100.00%,49260,396.7%,0,233.06,$15.87,UTA 5,OKC 2,user27,40,marvalshot,14703,4653759166_27
Alec Burks (37832227),Anthony Edwards (37831776),Jalen Williams (37831829),KJ Martin (37832113),Kyle Filipowski (37831966),Keyonte George (37831887),LeBron James (37831767),Brice Sensabaugh (37832065),324.47561631944444,420.61207419455116,49700,100.00%,49606,416.45%,0,256.03,$16.66,UTA 4,MIA 1,user24,47,marvalshot,10759,4653759167_24
Isaiah Collier (37831913),Alec Burks (37832227),Zion Williamson (37831787),KJ Martin (37832113),Isaiah Hartenstein (37831897),Keyonte George (37831887),LeBron James (37831767),Kyle Filipowski (37831966),316.0705251736111,420.04466392422756,49900,100.00%,1553,158.99%,0,239.04000000000002,$6.36,UTA 4,MIA 1,user21,50,marvalshot,12062,4653759158_21
Devin Booker (37831783),Alec Burks (37832227),Duncan Robinson (37832000),LeBron James (37831767),Kyle Filipowski (37831966),Keyonte George (37831887),KJ Martin (37832113),Jalen Williams (37831829),315.65749131944443,402.0537140562783,50000,100.00%,517,155.85%,0,228.59,$6.23,UTA 3,MIA 2,user22,49,marvalshot,14694,4653759159_22
Keyonte George (37831887),Cason Wallace (37832096),LeBron James (37831767),Bam Adebayo (37831821),Isaiah Hartenstein (37831897),Isaiah Collier (37831913),KJ Martin (37832113),Kyle Filipowski (37831966),315.9373394097222,408.7196722116854,49900,100.00%,1433,158.44%,0,239.35999999999999,$6.34,UTA 4,OKC 2,user21,50,marvalshot,8299,4653759160_21
Keyonte George (37831887),Gradey Dick (37832076),LeBron James (37831767),Jalen Williams (37831829),Isaiah Hartenstein (37831897),Isaiah Collier (37831913),KJ Martin (37832113),Kyle Filipowski (37831966),311.30598524305555,406.59315608561906,49800,100.00%,0,113.36%,0,235.67,$4.53,UTA 4,OKC 2,user22,50,marvalshot,10787,4653759161_22
Shai Gilgeous-Alexander (37831764),Alec Burks (37832227),Franz Wagner (37831801),Paolo Banchero (37831809),Kyle Filipowski (37831966),Keyonte George (37831887),KJ Martin (37832113),Brice Sensabaugh (37832065),280.74792534722224,366.56872352803754,49900,0.00%,0,-100.0%,0,255.73,$-4.0,UTA 4,ORL 2,user22,49,marvalshot,14695,4653759162_22
Tyler Herro (37831794),Stephon Castle (37831933),Brice Sensabaugh (37832065),LeBron James (37831767),Kyle Filipowski (37831966),Keyonte George (37831887),KJ Martin (37832113),Isaiah Collier (37831913),316.70424913194444,412.34085804687277,49900,100.00%,2540,166.22%,0,257.11,$6.65,UTA 5,MIA 1,user22,50,marvalshot,9680,4653759163_22
Alec Burks (37832227),Anthony Edwards (37831776),Jalen Williams (37831829),Bam Adebayo (37831821),Isaiah Hartenstein (37831897),Keyonte George (37831887),KJ Martin (37832113),Kyle Filipowski (37831966),324.5073914930555,410.3136411419521,49800,100.00%,49282,421.56%,0,247.55,$16.86,UTA 3,MIA 2,user22,49,marvalshot,14697,4653759164_22
Keyonte George (37831887),Alec Burks (37832227),Brice Sensabaugh (37832065),LeBron James (37831767),Kel'el Ware (37831949),Shai Gilgeous-Alexander (37831764),KJ Martin (37832113),Kyle Filipowski (37831966),319.72105034722216,412.6645019893277,49000,100.00%,20661,204.26%,0,253.89,$8.17,UTA 4,MIA 2,user22,48,marvalshot,5423,4653759165_22
Keyonte George (37831887),Anthony Edwards (37831776),Jalen Williams (37831829),Brice Sensabaugh (37832065),Isaiah Hartenstein (37831897),Isaiah Collier (37831913),KJ Martin (37832113),Kyle Filipowski (37831966),324.20864149305555,424.1691265883469,49100,100.00%,49260,396.7%,0,233.06,$15.87,UTA 5,OKC 2,user28,40,marvalshot,14703,4653759166_28
Alec Burks (37832227),Anthony Edwards (37831776),Jalen Williams (37831829),KJ Martin (37832113),Kyle Filipowski (37831966),Keyonte George (37831887),LeBron James (37831767),Brice Sensabaugh (37832065),324.47561631944444,420.61207419455116,49700,100.00%,49606,416.45%,0,256.03,$16.66,UTA 4,MIA 1,user25,47,marvalshot,10759,4653759167_25
Isaiah Collier (37831913),Alec Burks (37832227),Zion Williamson (37831787),KJ Martin (37832113),Isaiah Hartenstein (37831897),Keyonte George (37831887),LeBron James (37831767),Kyle Filipowski (37831966),316.0705251736111,420.04466392422756,49900,100.00%,1553,158.99%,0,239.04000000000002,$6.36,UTA 4,MIA 1,user22,50,marvalshot,12062,4653759158_22
Devin Booker (37831783),Alec Burks (37832227),Duncan Robinson (37832000),LeBron James (37831767),Kyle Filipowski (37831966),Keyonte George (37831887),KJ Martin (37832113),Jalen Williams (37831829),315.65749131944443,402.0537140562783,50000,100.00%,517,155.85%,0,228.59,$6.23,UTA 3,MIA 2,user23,49,marvalshot,14694,4653759159_23
Keyonte George (37831887),Cason Wallace (37832096),LeBron James (37831767),Bam Adebayo (37831821),Isaiah Hartenstein (37831897),Isaiah Collier (37831913),KJ Martin (37832113),Kyle Filipowski (37831966),315.9373394097222,408.7196722116854,49900,100.00%,1433,158.44%,0,239.35999999999999,$6.34,UTA 4,OKC 2,user22,50,marvalshot,8299,4653759160_22
Keyonte George (37831887),Gradey Dick (37832076),LeBron James (37831767),Jalen Williams (37831829),Isaiah Hartenstein (37831897),Isaiah Collier (37831913),KJ Martin (37832113),Kyle Filipowski (37831966),311.30598524305555,406.59315608561906,49800,100.00%,0,113.36%,0,235.67,$4.53,UTA 4,OKC 2,user23,50,marvalshot,10787,4653759161_23
Shai Gilgeous-Alexander (37831764),Alec Burks (37832227),Franz Wagner (37831801),Paolo Banchero (37831809),Kyle Filipowski (37831966),Keyonte George (37831887),KJ Martin (37832113),Brice Sensabaugh (37832065),280.74792534722224,366.56872352803754,49900,0.00%,0,-100.0%,0,255.73,$-4.0,UTA 4,ORL 2,user23,49,marvalshot,14695,4653759162_23
Tyler Herro (37831794),Stephon Castle (37831933),Brice Sensabaugh (37832065),LeBron James (37831767),Kyle Filipowski (37831966),Keyonte George (37831887),KJ Martin (37832113),Isaiah Collier (37831913),316.70424913194444,412.34085804687277,49900,100.00%,2540,166.22%,0,257.11,$6.65,UTA 5,MIA 1,user23,50,marvalshot,9680,4653759163_23
Alec Burks (37832227),Anthony Edwards (37831776),Jalen Williams (37831829),Bam Adebayo (37831821),Isaiah Hartenstein (37831897),Keyonte George (37831887),KJ Martin (37832113),Kyle Filipowski (37831966),324.5073914930555,410.3136411419521,49800,100.00%,49282,421.56%,0,247.55,$16.86,UTA 3,MIA 2,user23,49,marvalshot,14697,4653759164_23
Keyonte George (37831887),Alec Burks (37832227),Brice Sensabaugh (37832065),LeBron James (37831767),Kel'el Ware (37831949),Shai Gilgeous-Alexander (37831764),KJ Martin (37832113),Kyle Filipowski (37831966),319.72105034722216,412.6645019893277,49000,100.00%,20661,204.26%,0,253.89,$8.17,UTA 4,MIA 2,user23,48,marvalshot,5423,4653759165_23
Keyonte George (37831887),Anthony Edwards (37831776),Jalen Williams (37831829),Brice Sensabaugh (37832065),Isaiah Hartenstein (37831897),Isaiah Collier (37831913),KJ Martin (37832113),Kyle Filipowski (37831966),324.20864149305555,424.1691265883469,49100,100.00%,49260,396.7%,0,233.06,$15.87,UTA 5,OKC 2,user29,40,marvalshot,14703,4653759166_29
Alec Burks (37832227),Anthony Edwards (37831776),Jalen Williams (37831829),KJ Martin (37832113),Kyle Filipowski (37831966),Keyonte George (37831887),LeBron James (37831767),Brice Sensabaugh (37832065),324.47561631944444,420.61207419455116,49700,100.00%,49606,416.45%,0,256.03,$16.66,UTA 4,MIA 1,user26,47,marvalshot,10759,4653759167_26
Isaiah Collier (37831913),Alec Burks (37832227),Zion Williamson (37831787),KJ Martin (37832113),Isaiah Hartenstein (37831897),Keyonte George (37831887),LeBron James (37831767),Kyle Filipowski (37831966),316.0705251736111,420.04466392422756,49900,100.00%,1553,158.99%,0,239.04000000000002,$6.36,UTA 4,MIA 1,user23,50,marvalshot,12062,4653759158_23
Devin Booker (37831783),Alec Burks (37832227),Duncan Robinson (37832000),LeBron James (37831767),Kyle Filipowski (37831966),Keyonte George (37831887),KJ Martin (37832113),Jalen Williams (37831829),315.65749131944443,402.0537140562783,50000,100.00%,517,155.85%,0,228.59,$6.23,UTA 3,MIA 2,user24,49,marvalshot,14694,4653759159_24
Keyonte George (37831887),Cason Wallace (37832096),LeBron James (37831767),Bam Adebayo (37831821),Isaiah Hartenstein (37831897),Isaiah Collier (37831913),KJ Martin (37832113),Kyle Filipowski (37831966),315.9373394097222,408.7196722116854,49900,100.00%,1433,158.44%,0,239.35999999999999,$6.34,UTA 4,OKC 2,user23,50,marvalshot,8299,4653759160_23
Keyonte George (37831887),Gradey Dick (37832076),LeBron James (37831767),Jalen Williams (37831829),Isaiah Hartenstein (37831897),Isaiah Collier (37831913),KJ Martin (37832113),Kyle Filipowski (37831966),311.30598524305555,406.59315608561906,49800,100.00%,0,113.36%,0,235.67,$4.53,UTA 4,OKC 2,user24,50,marvalshot,10787,4653759161_24
Shai Gilgeous-Alexander (37831764),Alec Burks (37832227),Franz Wagner (37831801),Paolo Banchero (37831809),Kyle Filipowski (37831966),Keyonte George (37831887),KJ Martin (37832113),Brice Sensabaugh (37832065),280.74792534722224,366.56872352803754,49900,0.00%,0,-100.0%,0,255.73,$-4.0,UTA 4,ORL 2,user24,49,marvalshot,14695,4653759162_24
Tyler Herro (37831794),Stephon Castle (37831933),Brice Sensabaugh (37832065),LeBron James (37831767),Kyle Filipowski (37831966),Keyonte George (37831887),KJ Martin (37832113),Isaiah Collier (37831913),316.70424913194444,412.34085804687277,49900,100.00%,2540,166.22%,0,257.11,$6.65,UTA 5,MIA 1,user24,50,marvalshot,9680,4653759163_24
Alec Burks (37832227),Anthony Edwards (37831776),Jalen Williams (37831829),Bam Adebayo (37831821),Isaiah Hartenstein (37831897),Keyonte George (37831887),KJ Martin (37832113),Kyle Filipowski (37831966),324.5073914930555,410.3136411419521,49800,100.00%,49282,421.56%,0,247.55,$16.86,UTA 3,MIA 2,user24,49,marvalshot,14697,4653759164_24
Keyonte George (37831887),Alec Burks (37832227),Brice Sensabaugh (37832065),LeBron James (37831767),Kel'el Ware (37831949),Shai Gilgeous-Alexander (37831764),KJ Martin (37832113),Kyle Filipowski (37831966),319.72105034722216,412.6645019893277,49000,100.00%,20661,204.26%,0,253.89,$8.17,UTA 4,MIA 2,user24,48,marvalshot,5423,4653759165_24
Keyonte George (37831887),Anthony Edwards (37831776),Jalen Williams (37831829),Brice Sensabaugh (37832065),Isaiah Hartenstein (37831897),Isaiah Collier (37831913),KJ Martin (37832113),Kyle Filipowski (37831966),324.20864149305555,424.1691265883469,49100,100.00%,49260,396.7%,0,233.06,$15.87,UTA 5,OKC 2,user30,40,marvalshot,14703,4653759166_30
Alec Burks (37832227),Anthony Edwards (37831776),Jalen Williams (37831829),KJ Martin (37832113),Kyle Filipowski (37831966),Keyonte George (37831887),LeBron James (37831767),Brice Sensabaugh (37832065),324.47561631944444,420.61207419455116,49700,100.00%,49606,416.45%,0,256.03,$16.66,UTA 4,MIA 1,user27,47,marvalshot,10759,4653759167_27
Isaiah Collier (37831913),Alec Burks (37832227),Zion Williamson (37831787),KJ Martin (37832113),Isaiah Hartenstein (37831897),Keyonte George (37831887),LeBron James (37831767),Kyle Filipowski (37831966),316.0705251736111,420.04466392422756,49900,100.00%,1553,158.99%,0,239.04000000000002,$6.36,UTA 4,MIA 1,user24,50,marvalshot,12062,4653759158_24
Devin Booker (37831783),Alec Burks (37832227),Duncan Robinson (37832000),LeBron James (37831767),Kyle Filipowski (37831966),Keyonte George (37831887),KJ Martin (37832113),Jalen Williams (37831829),315.65749131944443,402.0537140562783,50000,100.00%,517,155.85%,0,228.59,$6.23,UTA 3,MIA 2,user25,49,marvalshot,14694,4653759159_25
Keyonte George (37831887),Cason Wallace (37832096),LeBron James (37831767),Bam Adebayo (37831821),Isaiah Hartenstein (37831897),Isaiah Collier (37831913),KJ Martin (37832113),Kyle Filipowski (37831966),315.9373394097222,408.7196722116854,49900,100.00%,1433,158.44%,0,239.35999999999999,$6.34,UTA 4,OKC 2,user24,50,marvalshot,8299,4653759160_24
Keyonte George (37831887),Gradey Dick (37832076),LeBron James (37831767),Jalen Williams (37831829),Isaiah Hartenstein (37831897),Isaiah Collier (37831913),KJ Martin (37832113),Kyle Filipowski (37831966),311.30598524305555,406.59315608561906,49800,100.00%,0,113.36%,0,235.67,$4.53,UTA 4,OKC 2,user25,50,marvalshot,10787,4653759161_25
Shai Gilgeous-Alexander (37831764),Alec Burks (37832227),Franz Wagner (37831801),Paolo Banchero (37831809),Kyle Filipowski (37831966),Keyonte George (37831887),KJ Martin (37832113),Brice Sensabaugh (37832065),280.74792534722224,366.56872352803754,49900,0.00%,0,-100.0%,0,255.73,$-4.0,UTA 4,ORL 2,user25,49,marvalshot,14695,4653759162_25
Tyler Herro (37831794),Stephon Castle (37831933),Brice Sensabaugh (37832065),LeBron James (37831767),Kyle Filipowski (37831966),Keyonte George (37831887),KJ Martin (37832113),Isaiah Collier (37831913),316.70424913194444,412.34085804687277,49900,100.00%,2540,166.22%,0,257.11,$6.65,UTA 5,MIA 1,user25,50,marvalshot,9680,4653759163_25
Alec Burks (37832227),Anthony Edwards (37831776),Jalen Williams (37831829),Bam Adebayo (37831821),Isaiah Hartenstein (37831897),Keyonte George (37831887),KJ Martin (37832113),Kyle Filipowski (37831966),324.5073914930555,410.3136411419521,49800,100.00%,49282,421.56%,0,247.55,$16.86,UTA 3,MIA 2,user25,49,marvalshot,14697,4653759164_25
Keyonte George (37831887),Alec Burks (37832227),Brice Sensabaugh (37832065),LeBron James (37831767),Kel'el Ware (37831949),Shai Gilgeous-Alexander (37831764),KJ Martin (37832113),Kyle Filipowski (37831966),319.72105034722216,412.6645019893277,49000,100.00%,20661,204.26%,0,253.89,$8.17,UTA 4,MIA 2,user25,48,marvalshot,5423,4653759165_25
Keyonte George (37831887),Anthony Edwards (37831776),Jalen Williams (37831829),Brice Sensabaugh (37832065),Isaiah Hartenstein (37831897),Isaiah Collier (37831913),KJ Martin (37832113),Kyle Filipowski (37831966),324.20864149305555,424.1691265883469,49100,100.00%,49260,396.7%,0,233.06,$15.87,UTA 5,OKC 2,user31,40,marvalshot,14703,4653759166_31
Alec Burks (37832227),Anthony Edwards (37831776),Jalen Williams (37831829),KJ Martin (37832113),Kyle Filipowski (37831966),Keyonte George (37831887),LeBron James (37831767),Brice Sensabaugh (37832065),324.47561631944444,420.61207419455116,49700,100.00%,49606,416.45%,0,256.03,$16.66,UTA 4,MIA 1,user28,47,marvalshot,10759,4653759167_28
Isaiah Collier (37831913),Alec Burks (37832227),Zion Williamson (37831787),KJ Martin (37832113),Isaiah Hartenstein (37831897),Keyonte George (37831887),LeBron James (37831767),Kyle Filipowski (37831966),316.0705251736111,420.04466392422756,49900,100.00%,1553,158.99%,0,239.04000000000002,$6.36,UTA 4,MIA 1,user25,50,marvalshot,12062,4653759158_25
Devin Booker (37831783),Alec Burks (37832227),Duncan Robinson (37832000),LeBron James (37831767),Kyle Filipowski (37831966),Keyonte George (37831887),KJ Martin (37832113),Jalen Williams (37831829),315.65749131944443,402.0537140562783,50000,100.00%,517,155.85%,0,228.59,$6.23,UTA 3,MIA 2,user26,49,marvalshot,14694,4653759159_26
Keyonte George (37831887),Cason Wallace (37832096),LeBron James (37831767),Bam Adebayo (37831821),Isaiah Hartenstein (37831897),Isaiah Collier (37831913),KJ Martin (37832113),Kyle Filipowski (37831966),315.9373394097222,408.7196722116854,49900,100.00%,1433,158.44%,0,239.35999999999999,$6.34,UTA 4,OKC 2,user25,50,marvalshot,8299,4653759160_25
Keyonte George (37831887),Gradey Dick (37832076),LeBron James (37831767),Jalen Williams (37831829),Isaiah Hartenstein (37831897),Isaiah Collier (37831913),KJ Martin (37832113),Kyle Filipowski (37831966),311.30598524305555,406.59315608561906,49800,100.00%,0,113.36%,0,235.67,$4.53,UTA 4,OKC 2,user26,50,marvalshot,10787,4653759161_26
Shai Gilgeous-Alexander (37831764),Alec Burks (37832227),Franz Wagner (37831801),Paolo Banchero (37831809),Kyle Filipowski (37831966),Keyonte George (37831887),KJ Martin (37832113),Brice Sensabaugh (37832065),280.74792534722224,366.56872352803754,49900,0.00%,0,-100.0%,0,255.73,$-4.0,UTA 4,ORL 2,user26,49,marvalshot,14695,4653759162_26
Tyler Herro (37831794),Stephon Castle (37831933),Brice Sensabaugh (37832065),LeBron James (37831767),Kyle Filipowski (37831966),Keyonte George (37831887),KJ Martin (37832113),Isaiah Collier (37831913),316.70424913194444,412.34085804687277,49900,100.00%,2540,166.22%,0,257.11,$6.65,UTA 5,MIA 1,user26,50,marvalshot,9680,4653759163_26
Alec Burks (37832227),Anthony Edwards (37831776),Jalen Williams (37831829),Bam Adebayo (37831821),Isaiah Hartenstein (37831897),Keyonte George (37831887),KJ Martin (37832113),Kyle Filipowski (37831966),324.5073914930555,410.3136411419521,49800,100.00%,49282,421.56%,0,247.55,$16.86,UTA 3,MIA 2,user26,49,marvalshot,14697,4653759164_26
Keyonte George (37831887),Alec Burks (37832227),Brice Sensabaugh (37832065),LeBron James (37831767),Kel'el Ware (37831949),Shai Gilgeous-Alexander (37831764),KJ Martin (37832113),Kyle Filipowski (37831966),319.72105034722216,412.6645019893277,49000,100.00%,20661,204.26%,0,253.89,$8.17,UTA 4,MIA 2,user26,48,marvalshot,5423,4653759165_26
Keyonte George (37831887),Anthony Edwards (37831776),Jalen Williams (37831829),Brice Sensabaugh (37832065),Isaiah Hartenstein (37831897),Isaiah Collier (37831913),KJ Martin (37832113),Kyle Filipowski (37831966),324.20864149305555,424.1691265883469,49100,100.00%,49260,396.7%,0,233.06,$15.87,UTA 5,OKC 2,user32,40,marvalshot,14703,4653759166_32
Alec Burks (37832227),Anthony Edwards (37831776),Jalen Williams (37831829),KJ Martin (37832113),Kyle Filipowski (37831966),Keyonte George (37831887),LeBron James (37831767),Brice Sensabaugh (37832065),324.47561631944444,420.61207419455116,49700,100.00%,49606,416.45%,0,256.03,$16.66,UTA 4,MIA 1,user29,47,marvalshot,10759,4653759167_29
Isaiah Collier (37831913),Alec Burks (37832227),Zion Williamson (37831787),KJ Martin (37832113),Isaiah Hartenstein (37831897),Keyonte George (37831887),LeBron James (37831767),Kyle Filipowski (37831966),316.0705251736111,420.04466392422756,49900,100.00%,1553,158.99%,0,239.04000000000002,$6.36,UTA 4,MIA 1,user26,50,marvalshot,12062,4653759158_26
Devin Booker (37831783),Alec Burks (37832227),Duncan Robinson (37832000),LeBron James (37831767),Kyle Filipowski (37831966),Keyonte George (37831887),KJ Martin (37832113),Jalen Williams (37831829),315.65749131944443,402.0537140562783,50000,100.00%,517,155.85%,0,228.59,$6.23,UTA 3,MIA 2,user27,49,marvalshot,14694,4653759159_27
Keyonte George (37831887),Cason Wallace (37832096),LeBron James (37831767),Bam Adebayo (37831821),Isaiah Hartenstein (37831897),Isaiah Collier (37831913),KJ Martin (37832113),Kyle Filipowski (37831966),315.9373394097222,408.7196722116854,49900,100.00%,1433,158.44%,0,239.35999999999999,$6.34,UTA 4,OKC 2,user26,50,marvalshot,8299,4653759160_26
Keyonte George (37831887),Gradey Dick (37832076),LeBron James (37831767),Jalen Williams (37831829),Isaiah Hartenstein (37831897),Isaiah Collier (37831913),KJ Martin (37832113),Kyle Filipowski (37831966),311.30598524305555,406.59315608561906,49800,100.00%,0,113.36%,0,235.67,$4.53,UTA 4,OKC 2,user27,50,marvalshot,10787,4653759161_27
Shai Gilgeous-Alexander (37831764),Alec Burks (37832227),Franz Wagner (37831801),Paolo Banchero (37831809),Kyle Filipowski (37831966),Keyonte George (37831887),KJ Martin (37832113),Brice Sensabaugh (37832065),280.74792534722224,366.56872352803754,49900,0.00%,0,-100.0%,0,255.73,$-4.0,UTA 4,ORL 2,user27,49,marvalshot,14695,4653759162_27
Tyler Herro (37831794),Stephon Castle (37831933),Brice Sensabaugh (37832065),LeBron James (37831767),Kyle Filipowski (37831966),Keyonte George (37831887),KJ Martin (37832113),Isaiah Collier (37831913),316.70424913194444,412.34085804687277,49900,100.00%,2540,166.22%,0,257.11,$6.65,UTA 5,MIA 1,user27,50,marvalshot,9680,4653759163_27
Alec Burks (37832227),Anthony Edwards (37831776),Jalen Williams (37831829),Bam Adebayo (37831821),Isaiah Hartenstein (37831897),Keyonte George (37831887),KJ Martin (37832113),Kyle Filipowski (37831966),324.5073914930555,410.3136411419521,49800,100.00%,49282,421.56%,0,247.55,$16.86,UTA 3,MIA 2,user27,49,marvalshot,14697,4653759164_27
Keyonte George (37831887),Alec Burks (37832227),Brice Sensabaugh (37832065),LeBron James (37831767),Kel'el Ware (37831949),Shai Gilgeous-Alexander (37831764),KJ Martin (37832113),Kyle Filipowski (37831966),319.72105034722216,412.6645019893277,49000,100.00%,20661,204.26%,0,253.89,$8.17,UTA 4,MIA 2,user27,48,marvalshot,5423,4653759165_27
Keyonte George (37831887),Anthony Edwards (37831776),Jalen Williams (37831829),Brice Sensabaugh (37832065),Isaiah Hartenstein (37831897),Isaiah Collier (37831913),KJ Martin (37832113),Kyle Filipowski (37831966),324.20864149305555,424.1691265883469,49100,100.00%,49260,396.7%,0,233.06,$15.87,UTA 5,OKC 2,user33,40,marvalshot,14703,4653759166_33
Alec Burks (37832227),Anthony Edwards (37831776),Jalen Williams (37831829),KJ Martin (37832113),Kyle Filipowski (37831966),Keyonte George (37831887),LeBron James (37831767),Brice Sensabaugh (37832065),324.47561631944444,420.61207419455116,49700,100.00%,49606,416.45%,0,256.03,$16.66,UTA 4,MIA 1,user30,47,marvalshot,10759,4653759167_30
Isaiah Collier (37831913),Alec Burks (37832227),Zion Williamson (37831787),KJ Martin (37832113),Isaiah Hartenstein (37831897),Keyonte George (37831887),LeBron James (37831767),Kyle Filipowski (37831966),316.0705251736111,420.04466392422756,49900,100.00%,1553,158.99%,0,239.04000000000002,$6.36,UTA 4,MIA 1,user27,50,marvalshot,12062,4653759158_27
Devin Booker (37831783),Alec Burks (37832227),Duncan Robinson (37832000),LeBron James (37831767),Kyle Filipowski (37831966),Keyonte George (37831887),KJ Martin (37832113),Jalen Williams (37831829),315.65749131944443,402.0537140562783,50000,100.00%,517,155.85%,0,228.59,$6.23,UTA 3,MIA 2,user28,49,marvalshot,14694,4653759159_28
Keyonte George (37831887),Cason Wallace (37832096),LeBron James (37831767),Bam Adebayo (37831821),Isaiah Hartenstein (37831897),Isaiah Collier (37831913),KJ Martin (37832113),Kyle Filipowski (37831966),315.9373394097222,408.7196722116854,49900,100.00%,1433,158.44%,0,239.35999999999999,$6.34,UTA 4,OKC 2,user27,50,marvalshot,8299,4653759160_27
Keyonte George (37831887),Gradey Dick (37832076),LeBron James (37831767),Jalen Williams (37831829),Isaiah Hartenstein (37831897),Isaiah Collier (37831913),KJ Martin (37832113),Kyle Filipowski (37831966),311.30598524305555,406.59315608561906,49800,100.00%,0,113.36%,0,235.67,$4.53,UTA 4,OKC 2,user28,50,marvalshot,10787,4653759161_28
Shai Gilgeous-Alexander (37831764),Alec Burks (37832227),Franz Wagner (37831801),Paolo Banchero (37831809),Kyle Filipowski (37831966),Keyonte George (37831887),KJ Martin (37832113),Brice Sensabaugh (37832065),280.74792534722224,366.56872352803754,49900,0.00%,0,-100.0%,0,255.73,$-4.0,UTA 4,ORL 2,user28,49,marvalshot,14695,4653759162_28
Tyler Herro (37831794),Stephon Castle (37831933),Brice Sensabaugh (37832065),LeBron James (37831767),Kyle Filipowski (37831966),Keyonte George (37831887),KJ Martin (37832113),Isaiah Collier (37831913),316.70424913194444,412.34085804687277,49900,100.00%,2540,166.22%,0,257.11,$6.65,UTA 5,MIA 1,user28,50,marvalshot,9680,4653759163_28
Alec Burks (37832227),Anthony Edwards (37831776),Jalen Williams (37831829),Bam Adebayo (37831821),Isaiah Hartenstein (37831897),Keyonte George (37831887),KJ Martin (37832113),Kyle Filipowski (37831966),324.5073914930555,410.3136411419521,49800,100.00%,49282,421.56%,0,247.55,$16.86,UTA 3,MIA 2,user28,49,marvalshot,14697,4653759164_28
Keyonte George (37831887),Alec Burks (37832227),Brice Sensabaugh (37832065),LeBron James (37831767),Kel'el Ware (37831949),Shai Gilgeous-Alexander (37831764),KJ Martin (37832113),Kyle Filipowski (37831966),319.72105034722216,412.6645019893277,49000,100.00%,20661,204.26%,0,253.89,$8.17,UTA 4,MIA 2,user28,48,marvalshot,5423,4653759165_28
Keyonte George (37831887),Anthony Edwards (37831776),Jalen Williams (37831829),Brice Sensabaugh (37832065),Isaiah Hartenstein (37831897),Isaiah Collier (37831913),KJ Martin (37832113),Kyle Filipowski (37831966),324.20864149305555,424.1691265883469,49100,100.00%,49260,396.7%,0,233.06,$15.87,UTA 5,OKC 2,user34,40,marvalshot,14703,4653759166_34
Alec Burks (37832227),Anthony Edwards (37831776),Jalen Williams (37831829),KJ Martin (37832113),Kyle Filipowski (37831966),Keyonte George (37831887),LeBron James (37831767),Brice Sensabaugh (37832065),324.47561631944444,420.61207419455116,49700,100.00%,49606,416.45%,0,256.03,$16.66,UTA 4,MIA 1,user31,47,marvalshot,10759,4653759167_31
Isaiah Collier (37831913),Alec Burks (37832227),Zion Williamson (37831787),KJ Martin (37832113),Isaiah Hartenstein (37831897),Keyonte George (37831887),LeBron James (37831767),Kyle Filipowski (37831966),316.0705251736111,420.04466392422756,49900,100.00%,1553,158.99%,0,239.04000000000002,$6.36,UTA 4,MIA 1,user28,50,marvalshot,12062,4653759158_28
Devin Booker (37831783),Alec Burks (37832227),Duncan Robinson (37832000),LeBron James (37831767),Kyle Filipowski (37831966),Keyonte George (37831887),KJ Martin (37832113),Jalen Williams (37831829),315.65749131944443,402.0537140562783,50000,100.00%,517,155.85%,0,228.59,$6.23,UTA 3,MIA 2,user29,49,marvalshot,14694,4653759159_29
Keyonte George (37831887),Cason Wallace (37832096),LeBron James (37831767),Bam Adebayo (37831821),Isaiah Hartenstein (37831897),Isaiah Collier (37831913),KJ Martin (37832113),Kyle Filipowski (37831966),315.9373394097222,408.7196722116854,49900,100.00%,1433,158.44%,0,239.35999999999999,$6.34,UTA 4,OKC 2,user28,50,marvalshot,8299,4653759160_28
Keyonte George (37831887),Gradey Dick (37832076),LeBron James (37831767),Jalen Williams (37831829),Isaiah Hartenstein (37831897),Isaiah Collier (37831913),KJ Martin (37832113),Kyle Filipowski (37831966),311.30598524305555,406.59315608561906,49800,100.00%,0,113.36%,0,235.67,$4.53,UTA 4,OKC 2,user29,50,marvalshot,10787,4653759161_29
Shai Gilgeous-Alexander (37831764),Alec Burks (37832227),Franz Wagner (37831801),Paolo Banchero (37831809),Kyle Filipowski (37831966),Keyonte George (37831887),KJ Martin (37832113),Brice Sensabaugh (37832065),280.74792534722224,366.56872352803754,49900,0.00%,0,-100.0%,0,255.73,$-4.0,UTA 4,ORL 2,user29,49,marvalshot,14695,4653759162_29
Tyler Herro (37831794),Stephon Castle (37831933),Brice Sensabaugh (37832065),LeBron James (37831767),Kyle Filipowski (37831966),Keyonte George (37831887),KJ Martin (37832113),Isaiah Collier (37831913),316.70424913194444,412.34085804687277,49900,100.00%,2540,166.22%,0,257.11,$6.65,UTA 5,MIA 1,user29,50,marvalshot,9680,4653759163_29
Alec Burks (37832227),Anthony Edwards (37831776),Jalen Williams (37831829),Bam Adebayo (37831821),Isaiah Hartenstein (37831897),Keyonte George (37831887),KJ Martin (37832113),Kyle Filipowski (37831966),324.5073914930555,410.3136411419521,49800,100.00%,49282,421.56%,0,247.55,$16.86,UTA 3,MIA 2,user29,49,marvalshot,14697,4653759164_29
Keyonte George (37831887),Alec Burks (37832227),Brice Sensabaugh (37832065),LeBron James (37831767),Kel'el Ware (37831949),Shai Gilgeous-Alexander (37831764),KJ Martin (37832113),Kyle Filipowski (37831966),319.72105034722216,412.6645019893277,49000,100.00%,20661,204.26%,0,253.89,$8.17,UTA 4,MIA 2,user29,48,marvalshot,5423,4653759165_29
Keyonte George (37831887),Anthony Edwards (37831776),Jalen Williams (37831829),Brice Sensabaugh (37832065),Isaiah Hartenstein (37831897),Isaiah Collier (37831913),KJ Martin (37832113),Kyle Filipowski (37831966),324.20864149305555,424.1691265883469,49100,100.00%,49260,396.7%,0,233.06,$15.87,UTA 5,OKC 2,user35,40,marvalshot,14703,4653759166_35
Alec Burks (37832227),Anthony Edwards (37831776),Jalen Williams (37831829),KJ Martin (37832113),Kyle Filipowski (37831966),Keyonte George (37831887),LeBron James (37831767),Brice Sensabaugh (37832065),324.47561631944444,420.61207419455116,49700,100.00%,49606,416.45%,0,256.03,$16.66,UTA 4,MIA 1,user32,47,marvalshot,10759,4653759167_32
Isaiah Collier (37831913),Alec Burks (37832227),Zion Williamson (37831787),KJ Martin (37832113),Isaiah Hartenstein (37831897),Keyonte George (37831887),LeBron James (37831767),Kyle Filipowski (37831966),316.0705251736111,420.04466392422756,49900,100.00%,1553,158.99%,0,239.04000000000002,$6.36,UTA 4,MIA 1,user29,50,marvalshot,12062,4653759158_29
Devin Booker (37831783),Alec Burks (37832227),Duncan Robinson (37832000),LeBron James (37831767),Kyle Filipowski (37831966),Keyonte George (37831887),KJ Martin (37832113),Jalen Williams (37831829),315.65749131944443,402.0537140562783,50000,100.00%,517,155.85%,0,228.59,$6.23,UTA 3,MIA 2,user30,49,marvalshot,14694,4653759159_30
Keyonte George (37831887),Cason Wallace (37832096),LeBron James (37831767),Bam Adebayo (37831821),Isaiah Hartenstein (37831897),Isaiah Collier (37831913),KJ Martin (37832113),Kyle Filipowski (37831966),315.9373394097222,408.7196722116854,49900,100.00%,1433,158.44%,0,239.35999999999999,$6.34,UTA 4,OKC 2,user29,50,marvalshot,8299,4653759160_29
Keyonte George (37831887),Gradey Dick (37832076),LeBron James (37831767),Jalen Williams (37831829),Isaiah Hartenstein (37831897),Isaiah Collier (37831913),KJ Martin (37832113),Kyle Filipowski (37831966),311.30598524305555,406.59315608561906,49800,100.00%,0,113.36%,0,235.67,$4.53,UTA 4,OKC 2,user30,50,marvalshot,10787,4653759161_30
Shai Gilgeous-Alexander (37831764),Alec Burks (37832227),Franz Wagner (37831801),Paolo Banchero (37831809),Kyle Filipowski (37831966),Keyonte George (37831887),KJ Martin (37832113),Brice Sensabaugh (37832065),280.74792534722224,366.56872352803754,49900,0.00%,0,-100.0%,0,255.73,$-4.0,UTA 4,ORL 2,user30,49,marvalshot,14695,4653759162_30
Tyler Herro (37831794),Stephon Castle (37831933),Brice Sensabaugh (37832065),LeBron James (37831767),Kyle Filipowski (37831966),Keyonte George (37831887),KJ Martin (37832113),Isaiah Collier (37831913),316.70424913194444,412.34085804687277,49900,100.00%,2540,166.22%,0,257.11,$6.65,UTA 5,MIA 1,user30,50,marvalshot,9680,4653759163_30
Alec Burks (37832227),Anthony Edwards (37831776),Jalen Williams (37831829),Bam Adebayo (37831821),Isaiah Hartenstein (37831897),Keyonte George (37831887),KJ Martin (37832113),Kyle Filipowski (37831966),324.5073914930555,410.3136411419521,49800,100.00%,49282,421.56%,0,247.55,$16.86,UTA 3,MIA 2,user30,49,marvalshot,14697,4653759164_30
Keyonte George (37831887),Alec Burks (37832227),Brice Sensabaugh (37832065),LeBron James (37831767),Kel'el Ware (37831949),Shai Gilgeous-Alexander (37831764),KJ Martin (37832113),Kyle Filipowski (37831966),319.72105034722216,412.6645019893277,49000,100.00%,20661,204.26%,0,253.89,$8.17,UTA 4,MIA 2,user30,48,marvalshot,5423,4653759165_30
Keyonte George (37831887),Anthony Edwards (37831776),Jalen Williams (37831829),Brice Sensabaugh (37832065),Isaiah Hartenstein (37831897),Isaiah Collier (37831913),KJ Martin (37832113),Kyle Filipowski (37831966),324.20864149305555,424.1691265883469,49100,100.00%,49260,396.7%,0,233.06,$15.87,UTA 5,OKC 2,user36,40,marvalshot,14703,4653759166_36
Alec Burks (37832227),Anthony Edwards (37831776),Jalen Williams (37831829),KJ Martin (37832113),Kyle Filipowski (37831966),Keyonte George (37831887),LeBron James (37831767),Brice Sensabaugh (37832065),324.47561631944444,420.61207419455116,49700,100.00%,49606,416.45%,0,256.03,$16.66,UTA 4,MIA 1,user33,47,marvalshot,10759,4653759167_33
Isaiah Collier (37831913),Alec Burks (37832227),Zion Williamson (37831787),KJ Martin (37832113),Isaiah Hartenstein (37831897),Keyonte George (37831887),LeBron James (37831767),Kyle Filipowski (37831966),316.0705251736111,420.04466392422756,49900,100.00%,1553,158.99%,0,239.04000000000002,$6.36,UTA 4,MIA 1,user30,50,marvalshot,12062,4653759158_30
Devin Booker (37831783),Alec Burks (37832227),Duncan Robinson (37832000),LeBron James (37831767),Kyle Filipowski (37831966),Keyonte George (37831887),KJ Martin (37832113),Jalen Williams (37831829),315.65749131944443,402.0537140562783,50000,100.00%,517,155.85%,0,228.59,$6.23,UTA 3,MIA 2,user31,49,marvalshot,14694,4653759159_31
Keyonte George (37831887),Cason Wallace (37832096),LeBron James (37831767),Bam Adebayo (37831821),Isaiah Hartenstein (37831897),Isaiah Collier (37831913),KJ Martin (37832113),Kyle Filipowski (37831966),315.9373394097222,408.7196722116854,49900,100.00%,1433,158.44%,0,239.35999999999999,$6.34,UTA 4,OKC 2,user30,50,marvalshot,8299,4653759160_30
Keyonte George (37831887),Gradey Dick (37832076),LeBron James (37831767),Jalen Williams (37831829),Isaiah Hartenstein (37831897),Isaiah Collier (37831913),KJ Martin (37832113),Kyle Filipowski (37831966),311.30598524305555,406.59315608561906,49800,100.00%,0,113.36%,0,235.67,$4.53,UTA 4,OKC 2,user31,50,marvalshot,10787,4653759161_31
Shai Gilgeous-Alexander (37831764),Alec Burks (37832227),Franz Wagner (37831801),Paolo Banchero (37831809),Kyle Filipowski (37831966),Keyonte George (37831887),KJ Martin (37832113),Brice Sensabaugh (37832065),280.74792534722224,366.56872352803754,49900,0.00%,0,-100.0%,0,255.73,$-4.0,UTA 4,ORL 2,user31,49,marvalshot,14695,4653759162_31
Tyler Herro (37831794),Stephon Castle (37831933),Brice Sensabaugh (37832065),LeBron James (37831767),Kyle Filipowski (37831966),Keyonte George (37831887),KJ Martin (37832113),Isaiah Collier (37831913),316.70424913194444,412.34085804687277,49900,100.00%,2540,166.22%,0,257.11,$6.65,UTA 5,MIA 1,user31,50,marvalshot,9680,4653759163_31
Alec Burks (37832227),Anthony Edwards (37831776),Jalen Williams (37831829),Bam Adebayo (37831821),Isaiah Hartenstein (37831897),Keyonte George (37831887),KJ Martin (37832113),Kyle Filipowski (37831966),324.5073914930555,410.3136411419521,49800,100.00%,49282,421.56%,0,247.55,$16.86,UTA 3,MIA 2,user31,49,marvalshot,14697,4653759164_31
Keyonte George (37831887),Alec Burks (37832227),Brice Sensabaugh (37832065),LeBron James (37831767),Kel'el Ware (37831949),Shai Gilgeous-Alexander (37831764),KJ Martin (37832113),Kyle Filipowski (37831966),319.72105034722216,412.6645019893277,49000,100.00%,20661,204.26%,0,253.89,$8.17,UTA 4,MIA 2,user31,48,marvalshot,5423,4653759165_31
Keyonte George (37831887),Anthony Edwards (37831776),Jalen Williams (37831829),Brice Sensabaugh (37832065),Isaiah Hartenstein (37831897),Isaiah Collier (37831913),KJ Martin (37832113),Kyle Filipowski (37831966),324.20864149305555,424.1691265883469,49100,100.00%,49260,396.7%,0,233.06,$15.87,UTA 5,OKC 2,user37,40,marvalshot,14703,4653759166_37
Alec Burks (37832227),Anthony Edwards (37831776),Jalen Williams (37831829),KJ Martin (37832113),Kyle Filipowski (37831966),Keyonte George (37831887),LeBron James (37831767),Brice Sensabaugh (37832065),324.47561631944444,420.61207419455116,49700,100.00%,49606,416.45%,0,256.03,$16.66,UTA 4,MIA 1,user34,47,marvalshot,10759,4653759167_34
Isaiah Collier (37831913),Alec Burks (37832227),Zion Williamson (37831787),KJ Martin (37832113),Isaiah Hartenstein (37831897),Keyonte George (37831887),LeBron James (37831767),Kyle Filipowski (37831966),316.0705251736111,420.04466392422756,49900,100.00%,1553,158.99%,0,239.04000000000002,$6.36,UTA 4,MIA 1,user31,50,marvalshot,12062,4653759158_31
Devin Booker (37831783),Alec Burks (37832227),Duncan Robinson (37832000),LeBron James (37831767),Kyle Filipowski (37831966),Keyonte George (37831887),KJ Martin (37832113),Jalen Williams (37831829),315.65749131944443,402.0537140562783,50000,100.00%,517,155.85%,0,228.59,$6.23,UTA 3,MIA 2,user32,49,marvalshot,14694,4653759159_32
Keyonte George (37831887),Cason Wallace (37832096),LeBron James (37831767),Bam Adebayo (37831821),Isaiah Hartenstein (37831897),Isaiah Collier (37831913),KJ Martin (37832113),Kyle Filipowski (37831966),315.9373394097222,408.7196722116854,49900,100.00%,1433,158.44%,0,239.35999999999999,$6.34,UTA 4,OKC 2,user31,50,marvalshot,8299,4653759160_31
Keyonte George (37831887),Gradey Dick (37832076),LeBron James (37831767),Jalen Williams (37831829),Isaiah Hartenstein (37831897),Isaiah Collier (37831913),KJ Martin (37832113),Kyle Filipowski (37831966),311.30598524305555,406.59315608561906,49800,100.00%,0,113.36%,0,235.67,$4.53,UTA 4,OKC 2,user32,50,marvalshot,10787,4653759161_32
Shai Gilgeous-Alexander (37831764),Alec Burks (37832227),Franz Wagner (37831801),Paolo Banchero (37831809),Kyle Filipowski (37831966),Keyonte George (37831887),KJ Martin (37832113),Brice Sensabaugh (37832065),280.74792534722224,366.56872352803754,49900,0.00%,0,-100.0%,0,255.73,$-4.0,UTA 4,ORL 2,user32,49,marvalshot,14695,4653759162_32
Tyler Herro (37831794),Stephon Castle (37831933),Brice Sensabaugh (37832065),LeBron James (37831767),Kyle Filipowski (37831966),Keyonte George (37831887),KJ Martin (37832113),Isaiah Collier (37831913),316.70424913194444,412.34085804687277,49900,100.00%,2540,166.22%,0,257.11,$6.65,UTA 5,MIA 1,user32,50,marvalshot,9680,4653759163_32
Alec Burks (37832227),Anthony Edwards (37831776),Jalen Williams (37831829),Bam Adebayo (37831821),Isaiah Hartenstein (37831897),Keyonte George (37831887),KJ Martin (37832113),Kyle Filipowski (37831966),324.5073914930555,410.3136411419521,49800,100.00%,49282,421.56%,0,247.55,$16.86,UTA 3,MIA 2,user32,49,marvalshot,14697,4653759164_32
Keyonte George (37831887),Alec Burks (37832227),Brice Sensabaugh (37832065),LeBron James (37831767),Kel'el Ware (37831949),Shai Gilgeous-Alexander (37831764),KJ Martin (37832113),Kyle Filipowski (37831966),319.72105034722216,412.6645019893277,49000,100.00%,20661,204.26%,0,253.89,$8.17,UTA 4,MIA 2,user32,48,marvalshot,5423,4653759165_32
Keyonte George (37831887),Anthony Edwards (37831776),Jalen Williams (37831829),Brice Sensabaugh (37832065),Isaiah Hartenstein (37831897),Isaiah Collier (37831913),KJ Martin (37832113),Kyle Filipowski (37831966),324.20864149305555,424.1691265883469,49100,100.00%,49260,396.7%,0,233.06,$15.87,UTA 5,OKC 2,user38,40,marvalshot,14703,4653759166_38
Alec Burks (37832227),Anthony Edwards (37831776),Jalen Williams (37831829),KJ Martin (37832113),Kyle Filipowski (37831966),Keyonte George (37831887),LeBron James (37831767),Brice Sensabaugh (37832065),324.47561631944444,420.61207419455116,49700,100.00%,49606,416.45%,0,256.03,$16.66,UTA 4,MIA 1,user35,47,marvalshot,10759,4653759167_35
Isaiah Collier (37831913),Alec Burks (37832227),Zion Williamson (37831787),KJ Martin (37832113),Isaiah Hartenstein (37831897),Keyonte George (37831887),LeBron James (37831767),Kyle Filipowski (37831966),316.0705251736111,420.04466392422756,49900,100.00%,1553,158.99%,0,239.04000000000002,$6.36,UTA 4,MIA 1,user32,50,marvalshot,12062,4653759158_32
Devin Booker (37831783),Alec Burks (37832227),Duncan Robinson (37832000),LeBron James (37831767),Kyle Filipowski (37831966),Keyonte George (37831887),KJ Martin (37832113),Jalen Williams (37831829),315.65749131944443,402.0537140562783,50000,100.00%,517,155.85%,0,228.59,$6.23,UTA 3,MIA 2,user33,49,marvalshot,14694,4653759159_33
Keyonte George (37831887),Cason Wallace (37832096),LeBron James (37831767),Bam Adebayo (37831821),Isaiah Hartenstein (37831897),Isaiah Collier (37831913),KJ Martin (37832113),Kyle Filipowski (37831966),315.9373394097222,408.7196722116854,49900,100.00%,1433,158.44%,0,239.35999999999999,$6.34,UTA 4,OKC 2,user32,50,marvalshot,8299,4653759160_32
Keyonte George (37831887),Gradey Dick (37832076),LeBron James (37831767),Jalen Williams (37831829),Isaiah Hartenstein (37831897),Isaiah Collier (37831913),KJ Martin (37832113),Kyle Filipowski (37831966),311.30598524305555,406.59315608561906,49800,100.00%,0,113.36%,0,235.67,$4.53,UTA 4,OKC 2,user33,50,marvalshot,10787,4653759161_33
Shai Gilgeous-Alexander (37831764),Alec Burks (37832227),Franz Wagner (37831801),Paolo Banchero (37831809),Kyle Filipowski (37831966),Keyonte George (37831887),KJ Martin (37832113),Brice Sensabaugh (37832065),280.74792534722224,366.56872352803754,49900,0.00%,0,-100.0%,0,255.73,$-4.0,UTA 4,ORL 2,user33,49,marvalshot,14695,4653759162_33
Tyler Herro (37831794),Stephon Castle (37831933),Brice Sensabaugh (37832065),LeBron James (37831767),Kyle Filipowski (37831966),Keyonte George (37831887),KJ Martin (37832113),Isaiah Collier (37831913),316.70424913194444,412.34085804687277,49900,100.00%,2540,166.22%,0,257.11,$6.65,UTA 5,MIA 1,user33,50,marvalshot,9680,4653759163_33
Alec Burks (37832227),Anthony Edwards (37831776),Jalen Williams (37831829),Bam Adebayo (37831821),Isaiah Hartenstein (37831897),Keyonte George (37831887),KJ Martin (37832113),Kyle Filipowski (37831966),324.5073914930555,410.3136411419521,49800,100.00%,49282,421.56%,0,247.55,$16.86,UTA 3,MIA 2,user33,49,marvalshot,14697,4653759164_33
Keyonte George (37831887),Alec Burks (37832227),Brice Sensabaugh (37832065),LeBron James (37831767),Kel'el Ware (37831949),Shai Gilgeous-Alexander (37831764),KJ Martin (37832113),Kyle Filipowski (37831966),319.72105034722216,412.6645019893277,49000,100.00%,20661,204.26%,0,253.89,$8.17,UTA 4,MIA 2,user33,48,marvalshot,5423,4653759165_33
Keyonte George (37831887),Anthony Edwards (37831776),Jalen Williams (37831829),Brice Sensabaugh (37832065),Isaiah Hartenstein (37831897),Isaiah Collier (37831913),KJ Martin (37832113),Kyle Filipowski (37831966),324.20864149305555,424.1691265883469,49100,100.00%,49260,396.7%,0,233.06,$15.87,UTA 5,OKC 2,user39,40,marvalshot,14703,4653759166_39
Alec Burks (37832227),Anthony Edwards (37831776),Jalen Williams (37831829),KJ Martin (37832113),Kyle Filipowski (37831966),Keyonte George (37831887),LeBron James (37831767),Brice Sensabaugh (37832065),324.47561631944444,420.61207419455116,49700,100.00%,49606,416.45%,0,256.03,$16.66,UTA 4,MIA 1,user36,47,marvalshot,10759,4653759167_36
Isaiah Collier (37831913),Alec Burks (37832227),Zion Williamson (37831787),KJ Martin (37832113),Isaiah Hartenstein (37831897),Keyonte George (37831887),LeBron James (37831767),Kyle Filipowski (37831966),316.0705251736111,420.04466392422756,49900,100.00%,1553,158.99%,0,239.04000000000002,$6.36,UTA 4,MIA 1,user33,50,marvalshot,12062,4653759158_33
Devin Booker (37831783),Alec Burks (37832227),Duncan Robinson (37832000),LeBron James (37831767),Kyle Filipowski (37831966),Keyonte George (37831887),KJ Martin (37832113),Jalen Williams (37831829),315.65749131944443,402.0537140562783,50000,100.00%,517,155.85%,0,228.59,$6.23,UTA 3,MIA 2,user34,49,marvalshot,14694,4653759159_34
Keyonte George (37831887),Cason Wallace (37832096),LeBron James (37831767),Bam Adebayo (37831821),Isaiah Hartenstein (37831897),Isaiah Collier (37831913),KJ Martin (37832113),Kyle Filipowski (37831966),315.9373394097222,408.7196722116854,49900,100.00%,1433,158.44%,0,239.35999999999999,$6.34,UTA 4,OKC 2,user33,50,marvalshot,8299,4653759160_33
Keyonte George (37831887),Gradey Dick (37832076),LeBron James (37831767),Jalen Williams (37831829),Isaiah Hartenstein (37831897),Isaiah Collier (37831913),KJ Martin (37832113),Kyle Filipowski (37831966),311.30598524305555,406.59315608561906,49800,100.00%,0,113.36%,0,235.67,$4.53,UTA 4,OKC 2,user34,50,marvalshot,10787,4653759161_34
Shai Gilgeous-Alexander (37831764),Alec Burks (37832227),Franz Wagner (37831801),Paolo Banchero (37831809),Kyle Filipowski (37831966),Keyonte George (37831887),KJ Martin (37832113),Brice Sensabaugh (37832065),280.74792534722224,366.56872352803754,49900,0.00%,0,-100.0%,0,255.73,$-4.0,UTA 4,ORL 2,user34,49,marvalshot,14695,4653759162_34
Tyler Herro (37831794),Stephon Castle (37831933),Brice Sensabaugh (37832065),LeBron James (37831767),Kyle Filipowski (37831966),Keyonte George (37831887),KJ Martin (37832113),Isaiah Collier (37831913),316.70424913194444,412.34085804687277,49900,100.00%,2540,166.22%,0,257.11,$6.65,UTA 5,MIA 1,user34,50,marvalshot,9680,4653759163_34
Alec Burks (37832227),Anthony Edwards (37831776),Jalen Williams (37831829),Bam Adebayo (37831821),Isaiah Hartenstein (37831897),Keyonte George (37831887),KJ Martin (37832113),Kyle Filipowski (37831966),324.5073914930555,410.3136411419521,49800,100.00%,49282,421.56%,0,247.55,$16.86,UTA 3,MIA 2,user34,49,marvalshot,14697,4653759164_34
Keyonte George (37831887),Alec Burks (37832227),Brice Sensabaugh (37832065),LeBron James (37831767),Kel'el Ware (37831949),Shai Gilgeous-Alexander (37831764),KJ Martin (37832113),Kyle Filipowski (37831966),319.72105034722216,412.6645019893277,49000,100.00%,20661,204.26%,0,253.89,$8.17,UTA 4,MIA 2,user34,48,marvalshot,5423,4653759165_34
Keyonte George (37831887),Anthony Edwards (37831776),Jalen Williams (37831829),Brice Sensabaugh (37832065),Isaiah Hartenstein (37831897),Isaiah Collier (37831913),KJ Martin (37832113),Kyle Filipowski (37831966),324.20864149305555,424.1691265883469,49100,100.00%,49260,396.7%,0,233.06,$15.87,UTA 5,OKC 2,user40,40,marvalshot,14703,4653759166_40
Alec Burks (37832227),Anthony Edwards (37831776),Jalen Williams (37831829),KJ Martin (37832113),Kyle Filipowski (37831966),Keyonte George (37831887),LeBron James (37831767),Brice Sensabaugh (37832065),324.47561631944444,420.61207419455116,49700,100.00%,49606,416.45%,0,256.03,$16.66,UTA 4,MIA 1,user37,47,marvalshot,10759,4653759167_37
Isaiah Collier (37831913),Alec Burks (37832227),Zion Williamson (37831787),KJ Martin (37832113),Isaiah Hartenstein (37831897),Keyonte George (37831887),LeBron James (37831767),Kyle Filipowski (37831966),316.0705251736111,420.04466392422756,49900,100.00%,1553,158.99%,0,239.04000000000002,$6.36,UTA 4,MIA 1,user34,50,marvalshot,12062,4653759158_34
Devin Booker (37831783),Alec Burks (37832227),Duncan Robinson (37832000),LeBron James (37831767),Kyle Filipowski (37831966),Keyonte George (37831887),KJ Martin (37832113),Jalen Williams (37831829),315.65749131944443,402.0537140562783,50000,100.00%,517,155.85%,0,228.59,$6.23,UTA 3,MIA 2,user35,49,marvalshot,14694,4653759159_35
Keyonte George (37831887),Cason Wallace (37832096),LeBron James (37831767),Bam Adebayo (37831821),Isaiah Hartenstein (37831897),Isaiah Collier (37831913),KJ Martin (37832113),Kyle Filipowski (37831966),315.9373394097222,408.7196722116854,49900,100.00%,1433,158.44%,0,239.35999999999999,$6.34,UTA 4,OKC 2,user34,50,marvalshot,8299,4653759160_34
Keyonte George (37831887),Gradey Dick (37832076),LeBron James (37831767),Jalen Williams (37831829),Isaiah Hartenstein (37831897),Isaiah Collier (37831913),KJ Martin (37832113),Kyle Filipowski (37831966),311.30598524305555,406.59315608561906,49800,100.00%,0,113.36%,0,235.67,$4.53,UTA 4,OKC 2,user35,50,marvalshot,10787,4653759161_35
Shai Gilgeous-Alexander (37831764),Alec Burks (37832227),Franz Wagner (37831801),Paolo Banchero (37831809),Kyle Filipowski (37831966),Keyonte George (37831887),KJ Martin (37832113),Brice Sensabaugh (37832065),280.74792534722224,366.56872352803754,49900,0.00%,0,-100.0%,0,255.73,$-4.0,UTA 4,ORL 2,user35,49,marvalshot,14695,4653759162_35
Tyler Herro (37831794),Stephon Castle (37831933),Brice Sensabaugh (37832065),LeBron James (37831767),Kyle Filipowski (37831966),Keyonte George (37831887),KJ Martin (37832113),Isaiah Collier (37831913),316.70424913194444,412.34085804687277,49900,100.00%,2540,166.22%,0,257.11,$6.65,UTA 5,MIA 1,user35,50,marvalshot,9680,4653759163_35
Alec Burks (37832227),Anthony Edwards (37831776),Jalen Williams (37831829),Bam Adebayo (37831821),Isaiah Hartenstein (37831897),Keyonte George (37831887),KJ Martin (37832113),Kyle Filipowski (37831966),324.5073914930555,410.3136411419521,49800,100.00%,49282,421.56%,0,247.55,$16.86,UTA 3,MIA 2,user35,49,marvalshot,14697,4653759164_35
Keyonte George (37831887),Alec Burks (37832227),Brice Sensabaugh (37832065),LeBron James (37831767),Kel'el Ware (37831949),Shai Gilgeous-Alexander (37831764),KJ Martin (37832113),Kyle Filipowski (37831966),319.72105034722216,412.6645019893277,49000,100.00%,20661,204.26%,0,253.89,$8.17,UTA 4,MIA 2,user35,48,marvalshot,5423,4653759165_35
Keyonte George (37831887),Anthony Edwards (37831776),Jalen Williams (37831829),Brice Sensabaugh (37832065),Isaiah Hartenstein (37831897),Isaiah Collier (37831913),KJ Martin (37832113),Kyle Filipowski (37831966),324.20864149305555,424.1691265883469,49100,100.00%,49260,396.7%,0,233.06,$15.87,UTA 5,OKC 2,user41,40,marvalshot,14703,4653759166_41
Alec Burks (37832227),Anthony Edwards (37831776),Jalen Williams (37831829),KJ Martin (37832113),Kyle Filipowski (37831966),Keyonte George (37831887),LeBron James (37831767),Brice Sensabaugh (37832065),324.47561631944444,420.61207419455116,49700,100.00%,49606,416.45%,0,256.03,$16.66,UTA 4,MIA 1,user38,47,marvalshot,10759,4653759167_38
Isaiah Collier (37831913),Alec Burks (37832227),Zion Williamson (37831787),KJ Martin (37832113),Isaiah Hartenstein (37831897),Keyonte George (37831887),LeBron James (37831767),Kyle Filipowski (37831966),316.0705251736111,420.04466392422756,49900,100.00%,1553,158.99%,0,239.04000000000002,$6.36,UTA 4,MIA 1,user35,50,marvalshot,12062,4653759158_35
Devin Booker (37831783),Alec Burks (37832227),Duncan Robinson (37832000),LeBron James (37831767),Kyle Filipowski (37831966),Keyonte George (37831887),KJ Martin (37832113),Jalen Williams (37831829),315.65749131944443,402.0537140562783,50000,100.00%,517,155.85%,0,228.59,$6.23,UTA 3,MIA 2,user36,49,marvalshot,14694,4653759159_36
Keyonte George (37831887),Cason Wallace (37832096),LeBron James (37831767),Bam Adebayo (37831821),Isaiah Hartenstein (37831897),Isaiah Collier (37831913),KJ Martin (37832113),Kyle Filipowski (37831966),315.9373394097222,408.7196722116854,49900,100.00%,1433,158.44%,0,239.35999999999999,$6.34,UTA 4,OKC 2,user35,50,marvalshot,8299,4653759160_35
Keyonte George (37831887),Gradey Dick (37832076),LeBron James (37831767),Jalen Williams (37831829),Isaiah Hartenstein (37831897),Isaiah Collier (37831913),KJ Martin (37832113),Kyle Filipowski (37831966),311.30598524305555,406.59315608561906,49800,100.00%,0,113.36%,0,235.67,$4.53,UTA 4,OKC 2,user36,50,marvalshot,10787,4653759161_36
Shai Gilgeous-Alexander (37831764),Alec Burks (37832227),Franz Wagner (37831801),Paolo Banchero (37831809),Kyle Filipowski (37831966),Keyonte George (37831887),KJ Martin (37832113),Brice Sensabaugh (37832065),280.74792534722224,366.56872352803754,49900,0.00%,0,-100.0%,0,255.73,$-4.0,UTA 4,ORL 2,user36,49,marvalshot,14695,4653759162_36
Tyler Herro (37831794),Stephon Castle (37831933),Brice Sensabaugh (37832065),LeBron James (37831767),Kyle Filipowski (37831966),Keyonte George (37831887),KJ Martin (37832113),Isaiah Collier (37831913),316.70424913194444,412.34085804687277,49900,100.00%,2540,166.22%,0,257.11,$6.65,UTA 5,MIA 1,user36,50,marvalshot,9680,4653759163_36
Alec Burks (37832227),Anthony Edwards (37831776),Jalen Williams (37831829),Bam Adebayo (37831821),Isaiah Hartenstein (37831897),Keyonte George (37831887),KJ Martin (37832113),Kyle Filipowski (37831966),324.5073914930555,410.3136411419521,49800,100.00%,49282,421.56%,0,247.55,$16.86,UTA 3,MIA 2,user36,49,marvalshot,14697,4653759164_36
Keyonte George (37831887),Alec Burks (37832227),Brice Sensabaugh (37832065),LeBron James (37831767),Kel'el Ware (37831949),Shai Gilgeous-Alexander (37831764),KJ Martin (37832113),Kyle Filipowski (37831966),319.72105034722216,412.6645019893277,49000,100.00%,20661,204.26%,0,253.89,$8.17,UTA 4,MIA 2,user36,48,marvalshot,5423,4653759165_36
Keyonte George (37831887),Anthony Edwards (37831776),Jalen Williams (37831829),Brice Sensabaugh (37832065),Isaiah Hartenstein (37831897),Isaiah Collier (37831913),KJ Martin (37832113),Kyle Filipowski (37831966),324.20864149305555,424.1691265883469,49100,100.00%,49260,396.7%,0,233.06,$15.87,UTA 5,OKC 2,user42,40,marvalshot,14703,4653759166_42
Alec Burks (37832227),Anthony Edwards (37831776),Jalen Williams (37831829),KJ Martin (37832113),Kyle Filipowski (37831966),Keyonte George (37831887),LeBron James (37831767),Brice Sensabaugh (37832065),324.47561631944444,420.61207419455116,49700,100.00%,49606,416.45%,0,256.03,$16.66,UTA 4,MIA 1,user39,47,marvalshot,10759,4653759167_39
Isaiah Collier (37831913),Alec Burks (37832227),Zion Williamson (37831787),KJ Martin (37832113),Isaiah Hartenstein (37831897),Keyonte George (37831887),LeBron James (37831767),Kyle Filipowski (37831966),316.0705251736111,420.04466392422756,49900,100.00%,1553,158.99%,0,239.04000000000002,$6.36,UTA 4,MIA 1,user36,50,marvalshot,12062,4653759158_36
Devin Booker (37831783),Alec Burks (37832227),Duncan Robinson (37832000),LeBron James (37831767),Kyle Filipowski (37831966),Keyonte George (37831887),KJ Martin (37832113),Jalen Williams (37831829),315.65749131944443,402.0537140562783,50000,100.00%,517,155.85%,0,228.59,$6.23,UTA 3,MIA 2,user37,49,marvalshot,14694,4653759159_37
Keyonte George (37831887),Cason Wallace (37832096),LeBron James (37831767),Bam Adebayo (37831821),Isaiah Hartenstein (37831897),Isaiah Collier (37831913),KJ Martin (37832113),Kyle Filipowski (37831966),315.9373394097222,408.7196722116854,49900,100.00%,1433,158.44%,0,239.35999999999999,$6.34,UTA 4,OKC 2,user36,50,marvalshot,8299,4653759160_36
Keyonte George (37831887),Gradey Dick (37832076),LeBron James (37831767),Jalen Williams (37831829),Isaiah Hartenstein (37831897),Isaiah Collier (37831913),KJ Martin (37832113),Kyle Filipowski (37831966),311.30598524305555,406.59315608561906,49800,100.00%,0,113.36%,0,235.67,$4.53,UTA 4,OKC 2,user37,50,marvalshot,10787,4653759161_37
Shai Gilgeous-Alexander (37831764),Alec Burks (37832227),Franz Wagner (37831801),Paolo Banchero (37831809),Kyle Filipowski (37831966),Keyonte George (37831887),KJ Martin (37832113),Brice Sensabaugh (37832065),280.74792534722224,366.56872352803754,49900,0.00%,0,-100.0%,0,255.73,$-4.0,UTA 4,ORL 2,user37,49,marvalshot,14695,4653759162_37
Tyler Herro (37831794),Stephon Castle (37831933),Brice Sensabaugh (37832065),LeBron James (37831767),Kyle Filipowski (37831966),Keyonte George (37831887),KJ Martin (37832113),Isaiah Collier (37831913),316.70424913194444,412.34085804687277,49900,100.00%,2540,166.22%,0,257.11,$6.65,UTA 5,MIA 1,user37,50,marvalshot,9680,4653759163_37
Alec Burks (37832227),Anthony Edwards (37831776),Jalen Williams (37831829),Bam Adebayo (37831821),Isaiah Hartenstein (37831897),Keyonte George (37831887),KJ Martin (37832113),Kyle Filipowski (37831966),324.5073914930555,410.3136411419521,49800,100.00%,49282,421.56%,0,247.55,$16.86,UTA 3,MIA 2,user37,49,marvalshot,14697,4653759164_37
Keyonte George (37831887),Alec Burks (37832227),Brice Sensabaugh (37832065),LeBron James (37831767),Kel'el Ware (37831949),Shai Gilgeous-Alexander (37831764),KJ Martin (37832113),Kyle Filipowski (37831966),319.72105034722216,412.6645019893277,49000,100.00%,20661,204.26%,0,253.89,$8.17,UTA 4,MIA 2,user37,48,marvalshot,5423,4653759165_37
Keyonte George (37831887),Anthony Edwards (37831776),Jalen Williams (37831829),Brice Sensabaugh (37832065),Isaiah Hartenstein (37831897),Isaiah Collier (37831913),KJ Martin (37832113),Kyle Filipowski (37831966),324.20864149305555,424.1691265883469,49100,100.00%,49260,396.7%,0,233.06,$15.87,UTA 5,OKC 2,user43,40,marvalshot,14703,4653759166_43
Alec Burks (37832227),Anthony Edwards (37831776),Jalen Williams (37831829),KJ Martin (37832113),Kyle Filipowski (37831966),Keyonte George (37831887),LeBron James (37831767),Brice Sensabaugh (37832065),324.47561631944444,420.61207419455116,49700,100.00%,49606,416.45%,0,256.03,$16.66,UTA 4,MIA 1,user40,47,marvalshot,10759,4653759167_40
Isaiah Collier (37831913),Alec Burks (37832227),Zion Williamson (37831787),KJ Martin (37832113),Isaiah Hartenstein (37831897),Keyonte George (37831887),LeBron James (37831767),Kyle Filipowski (37831966),316.0705251736111,420.04466392422756,49900,100.00%,1553,158.99%,0,239.04000000000002,$6.36,UTA 4,MIA 1,user37,50,marvalshot,12062,4653759158_37
Devin Booker (37831783),Alec Burks (37832227),Duncan Robinson (37832000),LeBron James (37831767),Kyle Filipowski (37831966),Keyonte George (37831887),KJ Martin (37832113),Jalen Williams (37831829),315.65749131944443,402.0537140562783,50000,100.00%,517,155.85%,0,228.59,$6.23,UTA 3,MIA 2,user38,49,marvalshot,14694,4653759159_38
Keyonte George (37831887),Cason Wallace (37832096),LeBron James (37831767),Bam Adebayo (37831821),Isaiah Hartenstein (37831897),Isaiah Collier (37831913),KJ Martin (37832113),Kyle Filipowski (37831966),315.9373394097222,408.7196722116854,49900,100.00%,1433,158.44%,0,239.35999999999999,$6.34,UTA 4,OKC 2,user37,50,marvalshot,8299,4653759160_37
Keyonte George (37831887),Gradey Dick (37832076),LeBron James (37831767),Jalen Williams (37831829),Isaiah Hartenstein (37831897),Isaiah Collier (37831913),KJ Martin (37832113),Kyle Filipowski (37831966),311.30598524305555,406.59315608561906,49800,100.00%,0,113.36%,0,235.67,$4.53,UTA 4,OKC 2,user38,50,marvalshot,10787,4653759161_38
Shai Gilgeous-Alexander (37831764),Alec Burks (37832227),Franz Wagner (37831801),Paolo Banchero (37831809),Kyle Filipowski (37831966),Keyonte George (37831887),KJ Martin (37832113),Brice Sensabaugh (37832065),280.74792534722224,366.56872352803754,49900,0.00%,0,-100.0%,0,255.73,$-4.0,UTA 4,ORL 2,user38,49,marvalshot,14695,4653759162_38
Tyler Herro (37831794),Stephon Castle (37831933),Brice Sensabaugh (37832065),LeBron James (37831767),Kyle Filipowski (37831966),Keyonte George (37831887),KJ Martin (37832113),Isaiah Collier (37831913),316.70424913194444,412.34085804687277,49900,100.00%,2540,166.22%,0,257.11,$6.65,UTA 5,MIA 1,user38,50,marvalshot,9680,4653759163_38
Alec Burks (37832227),Anthony Edwards (37831776),Jalen Williams (37831829),Bam Adebayo (37831821),Isaiah Hartenstein (37831897),Keyonte George (37831887),KJ Martin (37832113),Kyle Filipowski (37831966),324.5073914930555,410.3136411419521,49800,100.00%,49282,421.56%,0,247.55,$16.86,UTA 3,MIA 2,user38,49,marvalshot,14697,4653759164_38
Keyonte George (37831887),Alec Burks (37832227),Brice Sensabaugh (37832065),LeBron James (37831767),Kel'el Ware (37831949),Shai Gilgeous-Alexander (37831764),KJ Martin (37832113),Kyle Filipowski (37831966),319.72105034722216,412.6645019893277,49000,100.00%,20661,204.26%,0,253.89,$8.17,UTA 4,MIA 2,user38,48,marvalshot,5423,4653759165_38
Keyonte George (37831887),Anthony Edwards (37831776),Jalen Williams (37831829),Brice Sensabaugh (37832065),Isaiah Hartenstein (37831897),Isaiah Collier (37831913),KJ Martin (37832113),Kyle Filipowski (37831966),324.20864149305555,424.1691265883469,49100,100.00%,49260,396.7%,0,233.06,$15.87,UTA 5,OKC 2,user44,40,marvalshot,14703,4653759166_44
Alec Burks (37832227),Anthony Edwards (37831776),Jalen Williams (37831829),KJ Martin (37832113),Kyle Filipowski (37831966),Keyonte George (37831887),LeBron James (37831767),Brice Sensabaugh (37832065),324.47561631944444,420.61207419455116,49700,100.00%,49606,416.45%,0,256.03,$16.66,UTA 4,MIA 1,user41,47,marvalshot,10759,4653759167_41
Isaiah Collier (37831913),Alec Burks (37832227),Zion Williamson (37831787),KJ Martin (37832113),Isaiah Hartenstein (37831897),Keyonte George (37831887),LeBron James (37831767),Kyle Filipowski (37831966),316.0705251736111,420.04466392422756,49900,100.00%,1553,158.99%,0,239.04000000000002,$6.36,UTA 4,MIA 1,user38,50,marvalshot,12062,4653759158_38
Devin Booker (37831783),Alec Burks (37832227),Duncan Robinson (37832000),LeBron James (37831767),Kyle Filipowski (37831966),Keyonte George (37831887),KJ Martin (37832113),Jalen Williams (37831829),315.65749131944443,402.0537140562783,50000,100.00%,517,155.85%,0,228.59,$6.23,UTA 3,MIA 2,user39,49,marvalshot,14694,4653759159_39
Keyonte George (37831887),Cason Wallace (37832096),LeBron James (37831767),Bam Adebayo (37831821),Isaiah Hartenstein (37831897),Isaiah Collier (37831913),KJ Martin (37832113),Kyle Filipowski (37831966),315.9373394097222,408.7196722116854,49900,100.00%,1433,158.44%,0,239.35999999999999,$6.34,UTA 4,OKC 2,user38,50,marvalshot,8299,4653759160_38
Keyonte George (37831887),Gradey Dick (37832076),LeBron James (37831767),Jalen Williams (37831829),Isaiah Hartenstein (37831897),Isaiah Collier (37831913),KJ Martin (37832113),Kyle Filipowski (37831966),311.30598524305555,406.59315608561906,49800,100.00%,0,113.36%,0,235.67,$4.53,UTA 4,OKC 2,user39,50,marvalshot,10787,4653759161_39
Shai Gilgeous-Alexander (37831764),Alec Burks (37832227),Franz Wagner (37831801),Paolo Banchero (37831809),Kyle Filipowski (37831966),Keyonte George (37831887),KJ Martin (37832113),Brice Sensabaugh (37832065),280.74792534722224,366.56872352803754,49900,0.00%,0,-100.0%,0,255.73,$-4.0,UTA 4,ORL 2,user39,49,marvalshot,14695,4653759162_39
Tyler Herro (37831794),Stephon Castle (37831933),Brice Sensabaugh (37832065),LeBron James (37831767),Kyle Filipowski (37831966),Keyonte George (37831887),KJ Martin (37832113),Isaiah Collier (37831913),316.70424913194444,412.34085804687277,49900,100.00%,2540,166.22%,0,257.11,$6.65,UTA 5,MIA 1,user39,50,marvalshot,9680,4653759163_39
Alec Burks (37832227),Anthony Edwards (37831776),Jalen Williams (37831829),Bam Adebayo (37831821),Isaiah Hartenstein (37831897),Keyonte George (37831887),KJ Martin (37832113),Kyle Filipowski (37831966),324.5073914930555,410.3136411419521,49800,100.00%,49282,421.56%,0,247.55,$16.86,UTA 3,MIA 2,user39,49,marvalshot,14697,4653759164_39
Keyonte George (37831887),Alec Burks (37832227),Brice Sensabaugh (37832065),LeBron James (37831767),Kel'el Ware (37831949),Shai Gilgeous-Alexander (37831764),KJ Martin (37832113),Kyle Filipowski (37831966),319.72105034722216,412.6645019893277,49000,100.00%,20661,204.26%,0,253.89,$8.17,UTA 4,MIA 2,user39,48,marvalshot,5423,4653759165_39
Keyonte George (37831887),Anthony Edwards (37831776),Jalen Williams (37831829),Brice Sensabaugh (37832065),Isaiah Hartenstein (37831897),Isaiah Collier (37831913),KJ Martin (37832113),Kyle Filipowski (37831966),324.20864149305555,424.1691265883469,49100,100.00%,49260,396.7%,0,233.06,$15.87,UTA 5,OKC 2,user45,40,marvalshot,14703,4653759166_45
Alec Burks (37832227),Anthony Edwards (37831776),Jalen Williams (37831829),KJ Martin (37832113),Kyle Filipowski (37831966),Keyonte George (37831887),LeBron James (37831767),Brice Sensabaugh (37832065),324.47561631944444,420.61207419455116,49700,100.00%,49606,416.45%,0,256.03,$16.66,UTA 4,MIA 1,user42,47,marvalshot,10759,4653759167_42
Isaiah Collier (37831913),Alec Burks (37832227),Zion Williamson (37831787),KJ Martin (37832113),Isaiah Hartenstein (37831897),Keyonte George (37831887),LeBron James (37831767),Kyle Filipowski (37831966),316.0705251736111,420.04466392422756,49900,100.00%,1553,158.99%,0,239.04000000000002,$6.36,UTA 4,MIA 1,user39,50,marvalshot,12062,4653759158_39
Devin Booker (37831783),Alec Burks (37832227),Duncan Robinson (37832000),LeBron James (37831767),Kyle Filipowski (37831966),Keyonte George (37831887),KJ Martin (37832113),Jalen Williams (37831829),315.65749131944443,402.0537140562783,50000,100.00%,517,155.85%,0,228.59,$6.23,UTA 3,MIA 2,user40,49,marvalshot,14694,4653759159_40
Keyonte George (37831887),Cason Wallace (37832096),LeBron James (37831767),Bam Adebayo (37831821),Isaiah Hartenstein (37831897),Isaiah Collier (37831913),KJ Martin (37832113),Kyle Filipowski (37831966),315.9373394097222,408.7196722116854,49900,100.00%,1433,158.44%,0,239.35999999999999,$6.34,UTA 4,OKC 2,user39,50,marvalshot,8299,4653759160_39
Keyonte George (37831887),Gradey Dick (37832076),LeBron James (37831767),Jalen Williams (37831829),Isaiah Hartenstein (37831897),Isaiah Collier (37831913),KJ Martin (37832113),Kyle Filipowski (37831966),311.30598524305555,406.59315608561906,49800,100.00%,0,113.36%,0,235.67,$4.53,UTA 4,OKC 2,user40,50,marvalshot,10787,4653759161_40
Shai Gilgeous-Alexander (37831764),Alec Burks (37832227),Franz Wagner (37831801),Paolo Banchero (37831809),Kyle Filipowski (37831966),Keyonte George (37831887),KJ Martin (37832113),Brice Sensabaugh (37832065),280.74792534722224,366.56872352803754,49900,0.00%,0,-100.0%,0,255.73,$-4.0,UTA 4,ORL 2,user40,49,marvalshot,14695,4653759162_40
Tyler Herro (37831794),Stephon Castle (37831933),Brice Sensabaugh (37832065),LeBron James (37831767),Kyle Filipowski (37831966),Keyonte George (37831887),KJ Martin (37832113),Isaiah Collier (37831913),316.70424913194444,412.34085804687277,49900,100.00%,2540,166.22%,0,257.11,$6.65,UTA 5,MIA 1,user40,50,marvalshot,9680,4653759163_40
Alec Burks (37832227),Anthony Edwards (37831776),Jalen Williams (37831829),Bam Adebayo (37831821),Isaiah Hartenstein (37831897),Keyonte George (37831887),KJ Martin (37832113),Kyle Filipowski (37831966),324.5073914930555,410.3136411419521,49800,100.00%,49282,421.56%,0,247.55,$16.86,UTA 3,MIA 2,user40,49,marvalshot,14697,4653759164_40
Keyonte George (37831887),Alec Burks (37832227),Brice Sensabaugh (37832065),LeBron James (37831767),Kel'el Ware (37831949),Shai Gilgeous-Alexander (37831764),KJ Martin (37832113),Kyle Filipowski (37831966),319.72105034722216,412.6645019893277,49000,100.00%,20661,204.26%,0,253.89,$8.17,UTA 4,MIA 2,user40,48,marvalshot,5423,4653759165_40
Keyonte George (37831887),Anthony Edwards (37831776),Jalen Williams (37831829),Brice Sensabaugh (37832065),Isaiah Hartenstein (37831897),Isaiah Collier (37831913),KJ Martin (37832113),Kyle Filipowski (37831966),324.20864149305555,424.1691265883469,49100,100.00%,49260,396.7%,0,233.06,$15.87,UTA 5,OKC 2,user46,40,marvalshot,14703,4653759166_46
Alec Burks (37832227),Anthony Edwards (37831776),Jalen Williams (37831829),KJ Martin (37832113),Kyle Filipowski (37831966),Keyonte George (37831887),LeBron James (37831767),Brice Sensabaugh (37832065),324.47561631944444,420.61207419455116,49700,100.00%,49606,416.45%,0,256.03,$16.66,UTA 4,MIA 1,user43,47,marvalshot,10759,4653759167_43
Isaiah Collier (37831913),Alec Burks (37832227),Zion Williamson (37831787),KJ Martin (37832113),Isaiah Hartenstein (37831897),Keyonte George (37831887),LeBron James (37831767),Kyle Filipowski (37831966),316.0705251736111,420.04466392422756,49900,100.00%,1553,158.99%,0,239.04000000000002,$6.36,UTA 4,MIA 1,user40,50,marvalshot,12062,4653759158_40
Devin Booker (37831783),Alec Burks (37832227),Duncan Robinson (37832000),LeBron James (37831767),Kyle Filipowski (37831966),Keyonte George (37831887),KJ Martin (37832113),Jalen Williams (37831829),315.65749131944443,402.0537140562783,50000,100.00%,517,155.85%,0,228.59,$6.23,UTA 3,MIA 2,user41,49,marvalshot,14694,4653759159_41
Keyonte George (37831887),Cason Wallace (37832096),LeBron James (37831767),Bam Adebayo (37831821),Isaiah Hartenstein (37831897),Isaiah Collier (37831913),KJ Martin (37832113),Kyle Filipowski (37831966),315.9373394097222,408.7196722116854,49900,100.00%,1433,158.44%,0,239.35999999999999,$6.34,UTA 4,OKC 2,user40,50,marvalshot,8299,4653759160_40
Keyonte George (37831887),Gradey Dick (37832076),LeBron James (37831767),Jalen Williams (37831829),Isaiah Hartenstein (37831897),Isaiah Collier (37831913),KJ Martin (37832113),Kyle Filipowski (37831966),311.30598524305555,406.59315608561906,49800,100.00%,0,113.36%,0,235.67,$4.53,UTA 4,OKC 2,user41,50,marvalshot,10787,4653759161_41
Shai Gilgeous-Alexander (37831764),Alec Burks (37832227),Franz Wagner (37831801),Paolo Banchero (37831809),Kyle Filipowski (37831966),Keyonte George (37831887),KJ Martin (37832113),Brice Sensabaugh (37832065),280.74792534722224,366.56872352803754,49900,0.00%,0,-100.0%,0,255.73,$-4.0,UTA 4,ORL 2,user41,49,marvalshot,14695,4653759162_41
Tyler Herro (37831794),Stephon Castle (37831933),Brice Sensabaugh (37832065),LeBron James (37831767),Kyle Filipowski (37831966),Keyonte George (37831887),KJ Martin (37832113),Isaiah Collier (37831913),316.70424913194444,412.34085804687277,49900,100.00%,2540,166.22%,0,257.11,$6.65,UTA 5,MIA 1,user41,50,marvalshot,9680,4653759163_41
Alec Burks (37832227),Anthony Edwards (37831776),Jalen Williams (37831829),Bam Adebayo (37831821),Isaiah Hartenstein (37831897),Keyonte George (37831887),KJ Martin (37832113),Kyle Filipowski (37831966),324.5073914930555,410.3136411419521,49800,100.00%,49282,421.56%,0,247.55,$16.86,UTA 3,MIA 2,user41,49,marvalshot,14697,4653759164_41
Keyonte George (37831887),Alec Burks (37832227),Brice Sensabaugh (37832065),LeBron James (37831767),Kel'el Ware (37831949),Shai Gilgeous-Alexander (37831764),KJ Martin (37832113),Kyle Filipowski (37831966),319.72105034722216,412.6645019893277,49000,100.00%,20661,204.26%,0,253.89,$8.17,UTA 4,MIA 2,user41,48,marvalshot,5423,4653759165_41
Keyonte George (37831887),Anthony Edwards (37831776),Jalen Williams (37831829),Brice Sensabaugh (37832065),Isaiah Hartenstein (37831897),Isaiah Collier (37831913),KJ Martin (37832113),Kyle Filipowski (37831966),324.20864149305555,424.1691265883469,49100,100.00%,49260,396.7%,0,233.06,$15.87,UTA 5,OKC 2,user47,40,marvalshot,14703,4653759166_47
Alec Burks (37832227),Anthony Edwards (37831776),Jalen Williams (37831829),KJ Martin (37832113),Kyle Filipowski (37831966),Keyonte George (37831887),LeBron James (37831767),Brice Sensabaugh (37832065),324.47561631944444,420.61207419455116,49700,100.00%,49606,416.45%,0,256.03,$16.66,UTA 4,MIA 1,user44,47,marvalshot,10759,4653759167_44
Isaiah Collier (37831913),Alec Burks (37832227),Zion Williamson (37831787),KJ Martin (37832113),Isaiah Hartenstein (37831897),Keyonte George (37831887),LeBron James (37831767),Kyle Filipowski (37831966),316.0705251736111,420.04466392422756,49900,100.00%,1553,158.99%,0,239.04000000000002,$6.36,UTA 4,MIA 1,user41,50,marvalshot,12062,4653759158_41
Devin Booker (37831783),Alec Burks (37832227),Duncan Robinson (37832000),LeBron James (37831767),Kyle Filipowski (37831966),Keyonte George (37831887),KJ Martin (37832113),Jalen Williams (37831829),315.65749131944443,402.0537140562783,50000,100.00%,517,155.85%,0,228.59,$6.23,UTA 3,MIA 2,user42,49,marvalshot,14694,4653759159_42
Keyonte George (37831887),Cason Wallace (37832096),LeBron James (37831767),Bam Adebayo (37831821),Isaiah Hartenstein (37831897),Isaiah Collier (37831913),KJ Martin (37832113),Kyle Filipowski (37831966),315.9373394097222,408.7196722116854,49900,100.00%,1433,158.44%,0,239.35999999999999,$6.34,UTA 4,OKC 2,user41,50,marvalshot,8299,4653759160_41
Keyonte George (37831887),Gradey Dick (37832076),LeBron James (37831767),Jalen Williams (37831829),Isaiah Hartenstein (37831897),Isaiah Collier (37831913),KJ Martin (37832113),Kyle Filipowski (37831966),311.30598524305555,406.59315608561906,49800,100.00%,0,113.36%,0,235.67,$4.53,UTA 4,OKC 2,user42,50,marvalshot,10787,4653759161_42
Shai Gilgeous-Alexander (37831764),Alec Burks (37832227),Franz Wagner (37831801),Paolo Banchero (37831809),Kyle Filipowski (37831966),Keyonte George (37831887),KJ Martin (37832113),Brice Sensabaugh (37832065),280.74792534722224,366.56872352803754,49900,0.00%,0,-100.0%,0,255.73,$-4.0,UTA 4,ORL 2,user42,49,marvalshot,14695,4653759162_42
Tyler Herro (37831794),Stephon Castle (37831933),Brice Sensabaugh (37832065),LeBron James (37831767),Kyle Filipowski (37831966),Keyonte George (37831887),KJ Martin (37832113),Isaiah Collier (37831913),316.70424913194444,412.34085804687277,49900,100.00%,2540,166.22%,0,257.11,$6.65,UTA 5,MIA 1,user42,50,marvalshot,9680,4653759163_42
Alec Burks (37832227),Anthony Edwards (37831776),Jalen Williams (37831829),Bam Adebayo (37831821),Isaiah Hartenstein (37831897),Keyonte George (37831887),KJ Martin (37832113),Kyle Filipowski (37831966),324.5073914930555,410.3136411419521,49800,100.00%,49282,421.56%,0,247.55,$16.86,UTA 3,MIA 2,user42,49,marvalshot,14697,4653759164_42
Keyonte George (37831887),Alec Burks (37832227),Brice Sensabaugh (37832065),LeBron James (37831767),Kel'el Ware (37831949),Shai Gilgeous-Alexander (37831764),KJ Martin (37832113),Kyle Filipowski (37831966),319.72105034722216,412.6645019893277,49000,100.00%,20661,204.26%,0,253.89,$8.17,UTA 4,MIA 2,user42,48,marvalshot,5423,4653759165_42
Keyonte George (37831887),Anthony Edwards (37831776),Jalen Williams (37831829),Brice Sensabaugh (37832065),Isaiah Hartenstein (37831897),Isaiah Collier (37831913),KJ Martin (37832113),Kyle Filipowski (37831966),324.20864149305555,424.1691265883469,49100,100.00%,49260,396.7%,0,233.06,$15.87,UTA 5,OKC 2,user48,40,marvalshot,14703,4653759166_48
Alec Burks (37832227),Anthony Edwards (37831776),Jalen Williams (37831829),KJ Martin (37832113),Kyle Filipowski (37831966),Keyonte George (37831887),LeBron James (37831767),Brice Sensabaugh (37832065),324.47561631944444,420.61207419455116,49700,100.00%,49606,416.45%,0,256.03,$16.66,UTA 4,MIA 1,user45,47,marvalshot,10759,4653759167_45
Isaiah Collier (37831913),Alec Burks (37832227),Zion Williamson (37831787),KJ Martin (37832113),Isaiah Hartenstein (37831897),Keyonte George (37831887),LeBron James (37831767),Kyle Filipowski (37831966),316.0705251736111,420.04466392422756,49900,100.00%,1553,158.99%,0,239.04000000000002,$6.36,UTA 4,MIA 1,user42,50,marvalshot,12062,4653759158_42
Devin Booker (37831783),Alec Burks (37832227),Duncan Robinson (37832000),LeBron James (37831767),Kyle Filipowski (37831966),Keyonte George (37831887),KJ Martin (37832113),Jalen Williams (37831829),315.65749131944443,402.0537140562783,50000,100.00%,517,155.85%,0,228.59,$6.23,UTA 3,MIA 2,user43,49,marvalshot,14694,4653759159_43
Keyonte George (37831887),Cason Wallace (37832096),LeBron James (37831767),Bam Adebayo (37831821),Isaiah Hartenstein (37831897),Isaiah Collier (37831913),KJ Martin (37832113),Kyle Filipowski (37831966),315.9373394097222,408.7196722116854,49900,100.00%,1433,158.44%,0,239.35999999999999,$6.34,UTA 4,OKC 2,user42,50,marvalshot,8299,4653759160_42
Keyonte George (37831887),Gradey Dick (37832076),LeBron James (37831767),Jalen Williams (37831829),Isaiah Hartenstein (37831897),Isaiah Collier (37831913),KJ Martin (37832113),Kyle Filipowski (37831966),311.30598524305555,406.59315608561906,49800,100.00%,0,113.36%,0,235.67,$4.53,UTA 4,OKC 2,user43,50,marvalshot,10787,4653759161_43
Shai Gilgeous-Alexander (37831764),Alec Burks (37832227),Franz Wagner (37831801),Paolo Banchero (37831809),Kyle Filipowski (37831966),Keyonte George (37831887),KJ Martin (37832113),Brice Sensabaugh (37832065),280.74792534722224,366.56872352803754,49900,0.00%,0,-100.0%,0,255.73,$-4.0,UTA 4,ORL 2,user43,49,marvalshot,14695,4653759162_43
Tyler Herro (37831794),Stephon Castle (37831933),Brice Sensabaugh (37832065),LeBron James (37831767),Kyle Filipowski (37831966),Keyonte George (37831887),KJ Martin (37832113),Isaiah Collier (37831913),316.70424913194444,412.34085804687277,49900,100.00%,2540,166.22%,0,257.11,$6.65,UTA 5,MIA 1,user43,50,marvalshot,9680,4653759163_43
Alec Burks (37832227),Anthony Edwards (37831776),Jalen Williams (37831829),Bam Adebayo (37831821),Isaiah Hartenstein (37831897),Keyonte George (37831887),KJ Martin (37832113),Kyle Filipowski (37831966),324.5073914930555,410.3136411419521,49800,100.00%,49282,421.56%,0,247.55,$16.86,UTA 3,MIA 2,user43,49,marvalshot,14697,4653759164_43
Keyonte George (37831887),Alec Burks (37832227),Brice Sensabaugh (37832065),LeBron James (37831767),Kel'el Ware (37831949),Shai Gilgeous-Alexander (37831764),KJ Martin (37832113),Kyle Filipowski (37831966),319.72105034722216,412.6645019893277,49000,100.00%,20661,204.26%,0,253.89,$8.17,UTA 4,MIA 2,user43,48,marvalshot,5423,4653759165_43
Keyonte George (37831887),Anthony Edwards (37831776),Jalen Williams (37831829),Brice Sensabaugh (37832065),Isaiah Hartenstein (37831897),Isaiah Collier (37831913),KJ Martin (37832113),Kyle Filipowski (37831966),324.20864149305555,424.1691265883469,49100,100.00%,49260,396.7%,0,233.06,$15.87,UTA 5,OKC 2,user49,40,marvalshot,14703,4653759166_49
Alec Burks (37832227),Anthony Edwards (37831776),Jalen Williams (37831829),KJ Martin (37832113),Kyle Filipowski (37831966),Keyonte George (37831887),LeBron James (37831767),Brice Sensabaugh (37832065),324.47561631944444,420.61207419455116,49700,100.00%,49606,416.45%,0,256.03,$16.66,UTA 4,MIA 1,user46,47,marvalshot,10759,4653759167_46
Isaiah Collier (37831913),Alec Burks (37832227),Zion Williamson (37831787),KJ Martin (37832113),Isaiah Hartenstein (37831897),Keyonte George (37831887),LeBron James (37831767),Kyle Filipowski (37831966),316.0705251736111,420.04466392422756,49900,100.00%,1553,158.99%,0,239.04000000000002,$6.36,UTA 4,MIA 1,user43,50,marvalshot,12062,4653759158_43
Devin Booker (37831783),Alec Burks (37832227),Duncan Robinson (37832000),LeBron James (37831767),Kyle Filipowski (37831966),Keyonte George (37831887),KJ Martin (37832113),Jalen Williams (37831829),315.65749131944443,402.0537140562783,50000,100.00%,517,155.85%,0,228.59,$6.23,UTA 3,MIA 2,user44,49,marvalshot,14694,4653759159_44
Keyonte George (37831887),Cason Wallace (37832096),LeBron James (37831767),Bam Adebayo (37831821),Isaiah Hartenstein (37831897),Isaiah Collier (37831913),KJ Martin (37832113),Kyle Filipowski (37831966),315.9373394097222,408.7196722116854,49900,100.00%,1433,158.44%,0,239.35999999999999,$6.34,UTA 4,OKC 2,user43,50,marvalshot,8299,4653759160_43
Keyonte George (37831887),Gradey Dick (37832076),LeBron James (37831767),Jalen Williams (37831829),Isaiah Hartenstein (37831897),Isaiah Collier (37831913),KJ Martin (37832113),Kyle Filipowski (37831966),311.30598524305555,406.59315608561906,49800,100.00%,0,113.36%,0,235.67,$4.53,UTA 4,OKC 2,user44,50,marvalshot,10787,4653759161_44
Shai Gilgeous-Alexander (37831764),Alec Burks (37832227),Franz Wagner (37831801),Paolo Banchero (37831809),Kyle Filipowski (37831966),Keyonte George (37831887),KJ Martin (37832113),Brice Sensabaugh (37832065),280.74792534722224,366.56872352803754,49900,0.00%,0,-100.0%,0,255.73,$-4.0,UTA 4,ORL 2,user44,49,marvalshot,14695,4653759162_44
Tyler Herro (37831794),Stephon Castle (37831933),Brice Sensabaugh (37832065),LeBron James (37831767),Kyle Filipowski (37831966),Keyonte George (37831887),KJ Martin (37832113),Isaiah Collier (37831913),316.70424913194444,412.34085804687277,49900,100.00%,2540,166.22%,0,257.11,$6.65,UTA 5,MIA 1,user44,50,marvalshot,9680,4653759163_44
Alec Burks (37832227),Anthony Edwards (37831776),Jalen Williams (37831829),Bam Adebayo (37831821),Isaiah Hartenstein (37831897),Keyonte George (37831887),KJ Martin (37832113),Kyle Filipowski (37831966),324.5073914930555,410.3136411419521,49800,100.00%,49282,421.56%,0,247.55,$16.86,UTA 3,MIA 2,user44,49,marvalshot,14697,4653759164_44
Keyonte George (37831887),Alec Burks (37832227),Brice Sensabaugh (37832065),LeBron James (37831767),Kel'el Ware (37831949),Shai Gilgeous-Alexander (37831764),KJ Martin (37832113),Kyle Filipowski (37831966),319.72105034722216,412.6645019893277,49000,100.00%,20661,204.26%,0,253.89,$8.17,UTA 4,MIA 2,user44,48,marvalshot,5423,4653759165_44
Keyonte George (37831887),Devin Booker (37831783),Jalen Williams (37831829),KJ Martin (37832113),Isaiah Hartenstein (37831897),Isaiah Collier (37831913),Bol Bol (37831951),Kyle Filipowski (37831966),323.4886414930555,420.4991265883469,50000,100.00%,47316,392.42%,0,209.12,$15.7,UTA 4,PHX 2,user6,1,marvalshot,14704,4653759166_6
Alec Burks (37832227),Anthony Edwards (37831776),Jalen Williams (37831829),KJ Martin (37832113),Kyle Filipowski (37831966),Keyonte George (37831887),LeBron James (37831767),Brice Sensabaugh (37832065),324.47561631944444,420.61207419455116,49700,100.00%,49606,416.45%,0,256.03,$16.66,UTA 4,MIA 1,user47,47,marvalshot,10759,4653759167_47
Isaiah Collier (37831913),Alec Burks (37832227),Zion Williamson (37831787),KJ Martin (37832113),Isaiah Hartenstein (37831897),Keyonte George (37831887),LeBron James (37831767),Kyle Filipowski (37831966),316.0705251736111,420.04466392422756,49900,100.00%,1553,158.99%,0,239.04000000000002,$6.36,UTA 4,MIA 1,user44,50,marvalshot,12062,4653759158_44
Devin Booker (37831783),Alec Burks (37832227),Duncan Robinson (37832000),LeBron James (37831767),Kyle Filipowski (37831966),Keyonte George (37831887),KJ Martin (37832113),Jalen Williams (37831829),315.65749131944443,402.0537140562783,50000,100.00%,517,155.85%,0,228.59,$6.23,UTA 3,MIA 2,user45,49,marvalshot,14694,4653759159_45
Keyonte George (37831887),Cason Wallace (37832096),LeBron James (37831767),Bam Adebayo (37831821),Isaiah Hartenstein (37831897),Isaiah Collier (37831913),KJ Martin (37832113),Kyle Filipowski (37831966),315.9373394097222,408.7196722116854,49900,100.00%,1433,158.44%,0,239.35999999999999,$6.34,UTA 4,OKC 2,user44,50,marvalshot,8299,4653759160_44
Keyonte George (37831887),Gradey Dick (37832076),LeBron James (37831767),Jalen Williams (37831829),Isaiah Hartenstein (37831897),Isaiah Collier (37831913),KJ Martin (37832113),Kyle Filipowski (37831966),311.30598524305555,406.59315608561906,49800,100.00%,0,113.36%,0,235.67,$4.53,UTA 4,OKC 2,user45,50,marvalshot,10787,4653759161_45
Shai Gilgeous-Alexander (37831764),Alec Burks (37832227),Franz Wagner (37831801),Paolo Banchero (37831809),Kyle Filipowski (37831966),Keyonte George (37831887),KJ Martin (37832113),Brice Sensabaugh (37832065),280.74792534722224,366.56872352803754,49900,0.00%,0,-100.0%,0,255.73,$-4.0,UTA 4,ORL 2,user45,49,marvalshot,14695,4653759162_45
Tyler Herro (37831794),Stephon Castle (37831933),Brice Sensabaugh (37832065),LeBron James (37831767),Kyle Filipowski (37831966),Keyonte George (37831887),KJ Martin (37832113),Isaiah Collier (37831913),316.70424913194444,412.34085804687277,49900,100.00%,2540,166.22%,0,257.11,$6.65,UTA 5,MIA 1,user45,50,marvalshot,9680,4653759163_45
Alec Burks (37832227),Anthony Edwards (37831776),Jalen Williams (37831829),Bam Adebayo (37831821),Isaiah Hartenstein (37831897),Keyonte George (37831887),KJ Martin (37832113),Kyle Filipowski (37831966),324.5073914930555,410.3136411419521,49800,100.00%,49282,421.56%,0,247.55,$16.86,UTA 3,MIA 2,user45,49,marvalshot,14697,4653759164_45
Keyonte George (37831887),Alec Burks (37832227),Brice Sensabaugh (37832065),LeBron James (37831767),Kel'el Ware (37831949),Shai Gilgeous-Alexander (37831764),KJ Martin (37832113),Kyle Filipowski (37831966),319.72105034722216,412.6645019893277,49000,100.00%,20661,204.26%,0,253.89,$8.17,UTA 4,MIA 2,user45,48,marvalshot,5423,4653759165_45
Keyonte George (37831887),Johnny Juzang (37832136),Jalen Williams (37831829),KJ Martin (37832113),Isaiah Hartenstein (37831897),Isaiah Collier (37831913),LeBron James (37831767),Kyle Filipowski (37831966),323.3786414930555,423.8791265883469,49400,100.00%,47423,366.06%,0,222.35999999999999,$14.64,UTA 5,OKC 2,user1,1,marvalshot,14699,4653759166_1
Alec Burks (37832227),Anthony Edwards (37831776),Jalen Williams (37831829),KJ Martin (37832113),Kyle Filipowski (37831966),Keyonte George (37831887),LeBron James (37831767),Brice Sensabaugh (37832065),324.47561631944444,420.61207419455116,49700,100.00%,49606,416.45%,0,256.03,$16.66,UTA 4,MIA 1,user48,47,marvalshot,10759,4653759167_48
Isaiah Collier (37831913),Alec Burks (37832227),Zion Williamson (37831787),KJ Martin (37832113),Isaiah Hartenstein (37831897),Keyonte George (37831887),LeBron James (37831767),Kyle Filipowski (37831966),316.0705251736111,420.04466392422756,49900,100.00%,1553,158.99%,0,239.04000000000002,$6.36,UTA 4,MIA 1,user45,50,marvalshot,12062,4653759158_45
Devin Booker (37831783),Alec Burks (37832227),Duncan Robinson (37832000),LeBron James (37831767),Kyle Filipowski (37831966),Keyonte George (37831887),KJ Martin (37832113),Jalen Williams (37831829),315.65749131944443,402.0537140562783,50000,100.00%,517,155.85%,0,228.59,$6.23,UTA 3,MIA 2,user46,49,marvalshot,14694,4653759159_46
Keyonte George (37831887),Cason Wallace (37832096),LeBron James (37831767),Bam Adebayo (37831821),Isaiah Hartenstein (37831897),Isaiah Collier (37831913),KJ Martin (37832113),Kyle Filipowski (37831966),315.9373394097222,408.7196722116854,49900,100.00%,1433,158.44%,0,239.35999999999999,$6.34,UTA 4,OKC 2,user45,50,marvalshot,8299,4653759160_45
Keyonte George (37831887),Gradey Dick (37832076),LeBron James (37831767),Jalen Williams (37831829),Isaiah Hartenstein (37831897),Isaiah Collier (37831913),KJ Martin (37832113),Kyle Filipowski (37831966),311.30598524305555,406.59315608561906,49800,100.00%,0,113.36%,0,235.67,$4.53,UTA 4,OKC 2,user46,50,marvalshot,10787,4653759161_46
Shai Gilgeous-Alexander (37831764),Alec Burks (37832227),Franz Wagner (37831801),Paolo Banchero (37831809),Kyle Filipowski (37831966),Keyonte George (37831887),KJ Martin (37832113),Brice Sensabaugh (37832065),280.74792534722224,366.56872352803754,49900,0.00%,0,-100.0%,0,255.73,$-4.0,UTA 4,ORL 2,user46,49,marvalshot,14695,4653759162_46
Tyler Herro (37831794),Stephon Castle (37831933),Brice Sensabaugh (37832065),LeBron James (37831767),Kyle Filipowski (37831966),Keyonte George (37831887),KJ Martin (37832113),Isaiah Collier (37831913),316.70424913194444,412.34085804687277,49900,100.00%,2540,166.22%,0,257.11,$6.65,UTA 5,MIA 1,user46,50,marvalshot,9680,4653759163_46
Alec Burks (37832227),Anthony Edwards (37831776),Jalen Williams (37831829),Bam Adebayo (37831821),Isaiah Hartenstein (37831897),Keyonte George (37831887),KJ Martin (37832113),Kyle Filipowski (37831966),324.5073914930555,410.3136411419521,49800,100.00%,49282,421.56%,0,247.55,$16.86,UTA 3,MIA 2,user46,49,marvalshot,14697,4653759164_46
Keyonte George (37831887),Alec Burks (37832227),Brice Sensabaugh (37832065),LeBron James (37831767),Kel'el Ware (37831949),Shai Gilgeous-Alexander (37831764),KJ Martin (37832113),Kyle Filipowski (37831966),319.72105034722216,412.6645019893277,49000,100.00%,20661,204.26%,0,253.89,$8.17,UTA 4,MIA 2,user46,48,marvalshot,5423,4653759165_46
Keyonte George (37831887),Dalton Knecht (37832146),Jalen Williams (37831829),KJ Martin (37832113),Isaiah Hartenstein (37831897),Isaiah Collier (37831913),LeBron James (37831767),Kyle Filipowski (37831966),322.33864149305555,421.2691265883469,49400,100.00%,43012,288.66%,0,222.0,$11.55,UTA 4,LAL 2,user2,1,marvalshot,14700,4653759166_2
Alec Burks (37832227),Anthony Edwards (37831776),Jalen Williams (37831829),KJ Martin (37832113),Kyle Filipowski (37831966),Keyonte George (37831887),LeBron James (37831767),Brice Sensabaugh (37832065),324.47561631944444,420.61207419455116,49700,100.00%,49606,416.45%,0,256.03,$16.66,UTA 4,MIA 1,user49,47,marvalshot,10759,4653759167_49
Isaiah Collier (37831913),Alec Burks (37832227),Zion Williamson (37831787),KJ Martin (37832113),Isaiah Hartenstein (37831897),Keyonte George (37831887),LeBron James (37831767),Kyle Filipowski (37831966),316.0705251736111,420.04466392422756,49900,100.00%,1553,158.99%,0,239.04000000000002,$6.36,UTA 4,MIA 1,user46,50,marvalshot,12062,4653759158_46
Devin Booker (37831783),Alec Burks (37832227),Duncan Robinson (37832000),LeBron James (37831767),Kyle Filipowski (37831966),Keyonte George (37831887),KJ Martin (37832113),Jalen Williams (37831829),315.65749131944443,402.0537140562783,50000,100.00%,517,155.85%,0,228.59,$6.23,UTA 3,MIA 2,user47,49,marvalshot,14694,4653759159_47
Keyonte George (37831887),Cason Wallace (37832096),LeBron James (37831767),Bam Adebayo (37831821),Isaiah Hartenstein (37831897),Isaiah Collier (37831913),KJ Martin (37832113),Kyle Filipowski (37831966),315.9373394097222,408.7196722116854,49900,100.00%,1433,158.44%,0,239.35999999999999,$6.34,UTA 4,OKC 2,user46,50,marvalshot,8299,4653759160_46
Keyonte George (37831887),Gradey Dick (37832076),LeBron James (37831767),Jalen Williams (37831829),Isaiah Hartenstein (37831897),Isaiah Collier (37831913),KJ Martin (37832113),Kyle Filipowski (37831966),311.30598524305555,406.59315608561906,49800,100.00%,0,113.36%,0,235.67,$4.53,UTA 4,OKC 2,user47,50,marvalshot,10787,4653759161_47
Shai Gilgeous-Alexander (37831764),Alec Burks (37832227),Franz Wagner (37831801),Paolo Banchero (37831809),Kyle Filipowski (37831966),Keyonte George (37831887),KJ Martin (37832113),Brice Sensabaugh (37832065),280.74792534722224,366.56872352803754,49900,0.00%,0,-100.0%,0,255.73,$-4.0,UTA 4,ORL 2,user47,49,marvalshot,14695,4653759162_47
Tyler Herro (37831794),Stephon Castle (37831933),Brice Sensabaugh (37832065),LeBron James (37831767),Kyle Filipowski (37831966),Keyonte George (37831887),KJ Martin (37832113),Isaiah Collier (37831913),316.70424913194444,412.34085804687277,49900,100.00%,2540,166.22%,0,257.11,$6.65,UTA 5,MIA 1,user47,50,marvalshot,9680,4653759163_47
Alec Burks (37832227),Anthony Edwards (37831776),Jalen Williams (37831829),Bam Adebayo (37831821),Isaiah Hartenstein (37831897),Keyonte George (37831887),KJ Martin (37832113),Kyle Filipowski (37831966),324.5073914930555,410.3136411419521,49800,100.00%,49282,421.56%,0,247.55,$16.86,UTA 3,MIA 2,user47,49,marvalshot,14697,4653759164_47
Keyonte George (37831887),Alec Burks (37832227),Brice Sensabaugh (37832065),LeBron James (37831767),Kel'el Ware (37831949),Shai Gilgeous-Alexander (37831764),KJ Martin (37832113),Kyle Filipowski (37831966),319.72105034722216,412.6645019893277,49000,100.00%,20661,204.26%,0,253.89,$8.17,UTA 4,MIA 2,user47,48,marvalshot,5423,4653759165_47
Keyonte George (37831887),Svi Mykhailiuk (37832164),Jalen Williams (37831829),Brice Sensabaugh (37832065),Isaiah Hartenstein (37831897),Isaiah Collier (37831913),LeBron James (37831767),Kyle Filipowski (37831966),321.58864149305555,422.87912658834694,49500,100.00%,37513,260.1%,0,199.82999999999998,$10.4,UTA 5,OKC 2,user3,1,marvalshot,14701,4653759166_3
Alec Burks (37832227),Anthony Edwards (37831776),Jalen Williams (37831829),Brice Sensabaugh (37832065),Kyle Filipowski (37831966),Keyonte George (37831887),KJ Martin (37832113),LeBron James (37831767),324.4756163194444,420.61207419455104,49700,100.00%,49606,416.45%,0,256.03000000000003,$16.66,UTA 4,MIA 1,user2,47,marvalshot,10759,4653759167_2
Isaiah Collier (37831913),Alec Burks (37832227),Zion Williamson (37831787),KJ Martin (37832113),Isaiah Hartenstein (37831897),Keyonte George (37831887),LeBron James (37831767),Kyle Filipowski (37831966),316.0705251736111,420.04466392422756,49900,100.00%,1553,158.99%,0,239.04000000000002,$6.36,UTA 4,MIA 1,user47,50,marvalshot,12062,4653759158_47
Devin Booker (37831783),Alec Burks (37832227),Duncan Robinson (37832000),LeBron James (37831767),Kyle Filipowski (37831966),Keyonte George (37831887),KJ Martin (37832113),Jalen Williams (37831829),315.65749131944443,402.0537140562783,50000,100.00%,517,155.85%,0,228.59,$6.23,UTA 3,MIA 2,user48,49,marvalshot,14694,4653759159_48
Keyonte George (37831887),Cason Wallace (37832096),LeBron James (37831767),Bam Adebayo (37831821),Isaiah Hartenstein (37831897),Isaiah Collier (37831913),KJ Martin (37832113),Kyle Filipowski (37831966),315.9373394097222,408.7196722116854,49900,100.00%,1433,158.44%,0,239.35999999999999,$6.34,UTA 4,OKC 2,user47,50,marvalshot,8299,4653759160_47
Keyonte George (37831887),Gradey Dick (37832076),LeBron James (37831767),Jalen Williams (37831829),Isaiah Hartenstein (37831897),Isaiah Collier (37831913),KJ Martin (37832113),Kyle Filipowski (37831966),311.30598524305555,406.59315608561906,49800,100.00%,0,113.36%,0,235.67,$4.53,UTA 4,OKC 2,user48,50,marvalshot,10787,4653759161_48
Shai Gilgeous-Alexander (37831764),Alec Burks (37832227),Franz Wagner (37831801),Paolo Banchero (37831809),Kyle Filipowski (37831966),Keyonte George (37831887),KJ Martin (37832113),Brice Sensabaugh (37832065),280.74792534722224,366.56872352803754,49900,0.00%,0,-100.0%,0,255.73,$-4.0,UTA 4,ORL 2,user48,49,marvalshot,14695,4653759162_48
Tyler Herro (37831794),Stephon Castle (37831933),Brice Sensabaugh (37832065),LeBron James (37831767),Kyle Filipowski (37831966),Keyonte George (37831887),KJ Martin (37832113),Isaiah Collier (37831913),316.70424913194444,412.34085804687277,49900,100.00%,2540,166.22%,0,257.11,$6.65,UTA 5,MIA 1,user48,50,marvalshot,9680,4653759163_48
Alec Burks (37832227),Anthony Edwards (37831776),Jalen Williams (37831829),Bam Adebayo (37831821),Isaiah Hartenstein (37831897),Keyonte George (37831887),KJ Martin (37832113),Kyle Filipowski (37831966),324.5073914930555,410.3136411419521,49800,100.00%,49282,421.56%,0,247.55,$16.86,UTA 3,MIA 2,user48,49,marvalshot,14697,4653759164_48
Keyonte George (37831887),Alec Burks (37832227),Brice Sensabaugh (37832065),LeBron James (37831767),Kel'el Ware (37831949),Shai Gilgeous-Alexander (37831764),KJ Martin (37832113),Kyle Filipowski (37831966),319.72105034722216,412.6645019893277,49000,100.00%,20661,204.26%,0,253.89,$8.17,UTA 4,MIA 2,user48,48,marvalshot,5423,4653759165_48
Keyonte George (37831887),Gabe Vincent (37832130),Jalen Williams (37831829),LeBron James (37831767),Isaiah Hartenstein (37831897),Isaiah Collier (37831913),Brice Sensabaugh (37832065),Kyle Filipowski (37831966),321.51864149305555,418.7891265883469,49800,100.00%,36801,256.4%,0,199.43,$10.26,UTA 4,LAL 2,user7,1,marvalshot,14705,4653759166_7
Alec Burks (37832227),Anthony Edwards (37831776),Jalen Williams (37831829),KJ Martin (37832113),Kyle Filipowski (37831966),Keyonte George (37831887),LeBron James (37831767),Jaxson Hayes (37832086),322.16561631944444,415.72207419455117,49600,100.00%,42266,261.23%,0,245.32,$10.45,UTA 3,LAL 2,user1,1,marvalshot,14709,4653759167_1
Isaiah Collier (37831913),Alec Burks (37832227),Zion Williamson (37831787),KJ Martin (37832113),Isaiah Hartenstein (37831897),Keyonte George (37831887),LeBron James (37831767),Kyle Filipowski (37831966),316.0705251736111,420.04466392422756,49900,100.00%,1553,158.99%,0,239.04000000000002,$6.36,UTA 4,MIA 1,user48,50,marvalshot,12062,4653759158_48
Devin Booker (37831783),Alec Burks (37832227),Duncan Robinson (37832000),LeBron James (37831767),Kyle Filipowski (37831966),Keyonte George (37831887),KJ Martin (37832113),Jalen Williams (37831829),315.65749131944443,402.0537140562783,50000,100.00%,517,155.85%,0,228.59,$6.23,UTA 3,MIA 2,user49,49,marvalshot,14694,4653759159_49
Keyonte George (37831887),Cason Wallace (37832096),LeBron James (37831767),Bam Adebayo (37831821),Isaiah Hartenstein (37831897),Isaiah Collier (37831913),KJ Martin (37832113),Kyle Filipowski (37831966),315.9373394097222,408.7196722116854,49900,100.00%,1433,158.44%,0,239.35999999999999,$6.34,UTA 4,OKC 2,user48,50,marvalshot,8299,4653759160_48
Keyonte George (37831887),Gradey Dick (37832076),LeBron James (37831767),Jalen Williams (37831829),Isaiah Hartenstein (37831897),Isaiah Collier (37831913),KJ Martin (37832113),Kyle Filipowski (37831966),311.30598524305555,406.59315608561906,49800,100.00%,0,113.36%,0,235.67,$4.53,UTA 4,OKC 2,user49,50,marvalshot,10787,4653759161_49
Shai Gilgeous-Alexander (37831764),Alec Burks (37832227),Franz Wagner (37831801),Paolo Banchero (37831809),Kyle Filipowski (37831966),Keyonte George (37831887),KJ Martin (37832113),Brice Sensabaugh (37832065),280.74792534722224,366.56872352803754,49900,0.00%,0,-100.0%,0,255.73,$-4.0,UTA 4,ORL 2,user49,49,marvalshot,14695,4653759162_49
Tyler Herro (37831794),Stephon Castle (37831933),Brice Sensabaugh (37832065),LeBron James (37831767),Kyle Filipowski (37831966),Keyonte George (37831887),KJ Martin (37832113),Isaiah Collier (37831913),316.70424913194444,412.34085804687277,49900,100.00%,2540,166.22%,0,257.11,$6.65,UTA 5,MIA 1,user49,50,marvalshot,9680,4653759163_49
Alec Burks (37832227),Anthony Edwards (37831776),Jalen Williams (37831829),Bam Adebayo (37831821),Isaiah Hartenstein (37831897),Keyonte George (37831887),KJ Martin (37832113),Kyle Filipowski (37831966),324.5073914930555,410.3136411419521,49800,100.00%,49282,421.56%,0,247.55,$16.86,UTA 3,MIA 2,user49,49,marvalshot,14697,4653759164_49
Keyonte George (37831887),Alec Burks (37832227),Brice Sensabaugh (37832065),LeBron James (37831767),Kel'el Ware (37831949),Shai Gilgeous-Alexander (37831764),KJ Martin (37832113),Kyle Filipowski (37831966),319.72105034722216,412.6645019893277,49000,100.00%,20661,204.26%,0,253.89,$8.17,UTA 4,MIA 2,user49,48,marvalshot,5423,4653759165_49
Isaiah Collier (37831913),Johnny Juzang (37832136),Jalen Williams (37831829),Brice Sensabaugh (37832065),Isaiah Hartenstein (37831897),Keyonte George (37831887),LeBron James (37831767),Kyle Filipowski (37831966),321.1786414930555,421.5991265883469,49700,100.00%,33978,244.76%,0,197.16000000000003,$9.79,UTA 5,OKC 2,user,1,marvalshot,11201,4653759166
Alec Burks (37832227),Devin Booker (37831783),Jalen Williams (37831829),KJ Martin (37832113),Nick Richards (37832024),Keyonte George (37831887),LeBron James (37831767),Kyle Filipowski (37831966),321.33561631944445,415.28207419455117,49800,100.00%,36028,244.89%,0,233.12,$9.8,UTA 3,PHX 2,user3,1,marvalshot,14710,4653759167_3
Isaiah Collier (37831913),Alec Burks (37832227),Zion Williamson (37831787),KJ Martin (37832113),Isaiah Hartenstein (37831897),Keyonte George (37831887),LeBron James (37831767),Kyle Filipowski (37831966),316.0705251736111,420.04466392422756,49900,100.00%,1553,158.99%,0,239.04000000000002,$6.36,UTA 4,MIA 1,user49,50,marvalshot,12062,4653759158_49
Keyonte George (37831887),Alec Burks (37832227),Duncan Robinson (37832000),Julius Randle (37831893),Kyle Filipowski (37831966),Isaiah Collier (37831913),LeBron James (37831767),Jalen Williams (37831829),313.06749131944446,401.35371405627836,49600,100.00%,22,132.37%,0,190.26,$5.29,UTA 3,MIA 2,user,1,marvalshot,8068,4653759159
Keyonte George (37831887),Cason Wallace (37832096),LeBron James (37831767),Bam Adebayo (37831821),Isaiah Hartenstein (37831897),Isaiah Collier (37831913),KJ Martin (37832113),Kyle Filipowski (37831966),315.9373394097222,408.7196722116854,49900,100.00%,1433,158.44%,0,239.35999999999999,$6.34,UTA 4,OKC 2,user49,50,marvalshot,8299,4653759160_49
Isaiah Collier (37831913),Gradey Dick (37832076),LeBron James (37831767),Jalen Williams (37831829),Isaiah Hartenstein (37831897),Keyonte George (37831887),KJ Martin (37832113),Kyle Filipowski (37831966),311.3059852430555,406.59315608561894,49800,100.00%,0,113.36%,0,235.67000000000002,$4.53,UTA 4,OKC 2,user,50,marvalshot,10787,4653759161
Shai Gilgeous-Alexander (37831764),Alec Burks (37832227),Franz Wagner (37831801),Paolo Banchero (37831809),Jaxson Hayes (37832086),Keyonte George (37831887),KJ Martin (37832113),Kyle Filipowski (37831966),278.4379253472222,361.67872352803744,49800,0.00%,0,-100.0%,0,245.02,$-4.0,UTA 3,ORL 2,user,1,marvalshot,5318,4653759162
Tyler Herro (37831794),Stephon Castle (37831933),LeBron James (37831767),Brice Sensabaugh (37832065),Kyle Filipowski (37831966),Isaiah Collier (37831913),KJ Martin (37832113),Keyonte George (37831887),316.7042491319444,412.34085804687265,49900,100.00%,2540,166.22%,0,257.11,$6.65,UTA 5,MIA 1,user,50,marvalshot,9680,4653759163
Alec Burks (37832227),Devin Booker (37831783),Jalen Williams (37831829),Bam Adebayo (37831821),Isaiah Hartenstein (37831897),Keyonte George (37831887),KJ Martin (37832113),Kyle Filipowski (37831966),321.3673914930555,405.19364114195207,49600,100.00%,36199,238.93%,0,236.69,$9.56,UTA 3,MIA 2,user,1,marvalshot,3205,4653759164
Keyonte George (37831887),Alec Burks (37832227),Zion Williamson (37831787),KJ Martin (37832113),Kel'el Ware (37831949),Shai Gilgeous-Alexander (37831764),Julius Randle (37831893),Kyle Filipowski (37831966),317.9710503472222,414.2445019893277,50000,100.00%,8654,183.27%,0,223.98000000000002,$7.33,UTA 3,MIA 2,user1,2,marvalshot,5428,4653759165_1
Isaiah Collier (37831913),Devin Booker (37831783),Jalen Williams (37831829),Brice Sensabaugh (37832065),Isaiah Hartenstein (37831897),Keyonte George (37831887),KJ Martin (37832113),Kyle Filipowski (37831966),321.0686414930555,419.0491265883469,48900,100.00%,34182,231.7%,0,222.2,$9.27,UTA 5,OKC 2,user10,1,marvalshot,14708,4653759166_10
Alec Burks (37832227),Devin Booker (37831783),Jalen Williams (37831829),LeBron James (37831767),Kyle Filipowski (37831966),Keyonte George (37831887),Brice Sensabaugh (37832065),KJ Martin (37832113),321.3356163194444,415.4920741945511,49500,100.00%,36988,236.3%,0,245.17,$9.45,UTA 4,MIA 1,user,1,marvalshot,10723,4653759167
