PG,SG,SF,PF,C,G,F,UTIL,Proj,Ceiling,Salary,Cash %,Top 1%,ROI%,Wins,Own Sum,Avg Return,Stack1,Stack2,Lineup,Dupes,User,Index,Entry ID
Killian Hayes (37819199),Brandin Podziemski (37819081),Ausar Thompson (37819144),Jaren Jackson Jr. (37819020),Giannis Antetokounmpo (37818975),Scotty Pippen Jr. (37819326),Buddy Hield (37819264),Stephen Curry (37818995),296.41291666666666,397.19295091869805,50000,100.00%,0,95.12%,0,213.88,$3.8,GSW 3,MEM 2,user21,1,marvalshot,14809,4652746677_21
Stephen Curry (37818995),Brandin Podziemski (37819081),Cameron Johnson (37819066),Ausar Thompson (37819144),Jalen Duren (37819057),Scotty Pippen Jr. (37819326),Santi Aldama (37819116),Alperen Sengun (37819001),320.95006944444447,419.5468595273785,50000,100.00%,49930,676.49%,0,234.59999999999997,$27.06,GSW 2,DET 2,user26,1,marvalshot,14862,4652746678_26
Scotty Pippen Jr. (37819326),Brandin Podziemski (37819081),John Konchar (37819393),Santi Aldama (37819116),Jaren Jackson Jr. (37819020),Stephen Curry (37818995),Giannis Antetokounmpo (37818975),Zach Edey (37819197),318.28999999999996,425.52,49600,100.00%,48834,486.17%,0,274.98,$19.45,MEM 5,GSW 2,user,1,marvalshot,13920,4652746679
Killian Hayes (37819199),Malik Beasley (37819163),Ausar Thompson (37819144),Maxwell Lewis (37819541),Jaren Jackson Jr. (37819020),Stephen Curry (37818995),Giannis Antetokounmpo (37818975),Santi Aldama (37819116),290.4931076388889,384.13769935585896,50000,98.31%,0,50.41%,0,179.94,$2.02,BKN 2,DET 2,user4,1,marvalshot,14938,4652746680_4
Killian Hayes (37819199),Brandin Podziemski (37819081),Ausar Thompson (37819144),Santi Aldama (37819116),Alperen Sengun (37819001),Stephen Curry (37818995),Jaren Jackson Jr. (37819020),Scotty Pippen Jr. (37819326),303.1929166666667,402.7029509186981,49500,100.00%,0,150.27%,0,247.28,$6.01,MEM 3,GSW 2,user11,1,marvalshot,14994,4652746681_11
Scotty Pippen Jr. (37819326),Luke Kennard (37819236),Gregory Jackson (37819336),Jaren Jackson Jr. (37819020),Giannis Antetokounmpo (37818975),Brandin Podziemski (37819081),Santi Aldama (37819116),Alperen Sengun (37819001),314.18,422.97,49300,100.00%,23601,329.24%,0,278.19,$13.17,MEM 5,MIL 1,user28,1,marvalshot,15059,4652746682_28
Killian Hayes (37819199),Brandin Podziemski (37819081),Keldon Johnson (37819184),Giannis Antetokounmpo (37818975),Jalen Duren (37819057),Stephen Curry (37818995),Santi Aldama (37819116),Scotty Pippen Jr. (37819326),311.4159548611111,412.19369110448974,49900,100.00%,3780,258.85%,0,245.26999999999998,$10.35,GSW 2,MEM 2,user15,1,marvalshot,15095,4652746683_15
Killian Hayes (37819199),De'Aaron Fox (37819003),Gregory Jackson (37819336),Jaren Jackson Jr. (37819020),Jalen Duren (37819057),Scotty Pippen Jr. (37819326),Santi Aldama (37819116),Giannis Antetokounmpo (37818975),314.0059548611111,416.42369110448976,50000,100.00%,21734,323.37%,0,250.08999999999997,$12.93,MEM 4,BKN 1,user17,1,marvalshot,15146,4652746684_17
Brandin Podziemski (37819081),Malik Beasley (37819163),Ausar Thompson (37819144),Giannis Antetokounmpo (37818975),Jalen Duren (37819057),Scotty Pippen Jr. (37819326),Santi Aldama (37819116),Jaren Jackson Jr. (37819020),336.74788194444443,436.95937139424314,49600,100.00%,50000,37877.0%,251,243.14,$1515.08,DET 3,MEM 3,user5,1,marvalshot,15183,4652746685_5
Killian Hayes (37819199),Jalen Green (37819027),John Konchar (37819393),Jaren Jackson Jr. (37819020),Domantas Sabonis (37818987),Scotty Pippen Jr. (37819326),Santi Aldama (37819116),Stephen Curry (37818995),295.6803472222222,391.15550224656107,49700,100.00%,0,89.36%,0,237.59,$3.57,MEM 4,BKN 1,user8,1,marvalshot,15235,4652746686_8
Killian Hayes (37819199),De'Aaron Fox (37819003),Ausar Thompson (37819144),Jaren Jackson Jr. (37819020),Draymond Green (37819085),Scotty Pippen Jr. (37819326),Santi Aldama (37819116),Stephen Curry (37818995),294.84291666666667,389.7129509186981,49300,99.99%,0,82.5%,0,208.11,$3.3,MEM 3,GSW 2,user16,1,marvalshot,14805,4652746677_16
Scotty Pippen Jr. (37819326),Brandin Podziemski (37819081),Cameron Johnson (37819066),Ausar Thompson (37819144),Jalen Duren (37819057),Stephen Curry (37818995),Jaren Jackson Jr. (37819020),Draymond Green (37819085),319.6800694444445,415.2468595273785,49400,100.00%,49624,560.15%,0,205.54999999999998,$22.41,GSW 3,MEM 2,user9,1,marvalshot,14845,4652746678_9
Scotty Pippen Jr. (37819326),Brandin Podziemski (37819081),Devin Vassell (37819093),Gregory Jackson (37819336),Giannis Antetokounmpo (37818975),Luke Kennard (37819236),Jaren Jackson Jr. (37819020),Stephen Curry (37818995),309.42,413.81,49900,100.00%,404,222.23%,0,236.77999999999997,$8.89,MEM 4,GSW 2,user37,1,marvalshot,14922,4652746679_37
Killian Hayes (37819199),Malik Beasley (37819163),Ausar Thompson (37819144),Maxwell Lewis (37819541),Domantas Sabonis (37818987),Scotty Pippen Jr. (37819326),Giannis Antetokounmpo (37818975),Stephen Curry (37818995),284.08310763888886,376.7476993558589,49800,26.82%,0,-61.32%,0,162.26999999999998,$-2.45,BKN 2,DET 2,user32,1,marvalshot,14966,4652746680_32
Killian Hayes (37819199),Brandin Podziemski (37819081),Ausar Thompson (37819144),Gregory Jackson (37819336),Giannis Antetokounmpo (37818975),Scotty Pippen Jr. (37819326),Jaren Jackson Jr. (37819020),Stephen Curry (37818995),299.98291666666665,402.4129509186981,49500,100.00%,0,121.71%,0,231.15,$4.87,MEM 3,GSW 2,user12,1,marvalshot,14995,4652746681_12
Luke Kennard (37819236),Brandin Podziemski (37819081),Buddy Hield (37819264),Giannis Antetokounmpo (37818975),Jaren Jackson Jr. (37819020),Scotty Pippen Jr. (37819326),Santi Aldama (37819116),Alperen Sengun (37819001),310.61,417.75,49800,100.00%,1841,243.48%,0,260.91999999999996,$9.74,MEM 4,GSW 2,user8,1,marvalshot,15039,4652746682_8
Killian Hayes (37819199),Klay Thompson (37819119),John Konchar (37819393),Giannis Antetokounmpo (37818975),Jalen Duren (37819057),Stephen Curry (37818995),Jaren Jackson Jr. (37819020),Scotty Pippen Jr. (37819326),309.69595486111115,410.1236911044898,49900,100.00%,809,227.42%,0,238.12,$9.1,MEM 3,BKN 1,user19,1,marvalshot,15099,4652746683_19
Killian Hayes (37819199),Devin Vassell (37819093),Kyle Kuzma (37819059),Giannis Antetokounmpo (37818975),Jalen Duren (37819057),Scotty Pippen Jr. (37819326),Santi Aldama (37819116),Jaren Jackson Jr. (37819020),308.4459548611111,405.41369110448977,50000,100.00%,159,207.7%,0,236.8,$8.31,MEM 3,MIL 2,user6,1,marvalshot,15135,4652746684_6
Stephen Curry (37818995),Malik Beasley (37819163),Ausar Thompson (37819144),Jaren Jackson Jr. (37819020),Jalen Duren (37819057),Malik Monk (37819030),Santi Aldama (37819116),Scotty Pippen Jr. (37819326),331.96788194444446,425.9693713942432,49200,100.00%,50000,11051.29%,0,217.26000000000002,$442.05,DET 3,MEM 3,user20,1,marvalshot,15198,4652746685_20
Killian Hayes (37819199),Brandin Podziemski (37819081),John Konchar (37819393),Santi Aldama (37819116),Alperen Sengun (37819001),Luke Kennard (37819236),Jaren Jackson Jr. (37819020),Giannis Antetokounmpo (37818975),294.73034722222224,394.5755022465611,49900,99.99%,0,81.82%,0,255.35,$3.27,MEM 4,BKN 1,user18,1,marvalshot,15245,4652746686_18
Killian Hayes (37819199),Brandin Podziemski (37819081),Ausar Thompson (37819144),Santi Aldama (37819116),Domantas Sabonis (37818987),Stephen Curry (37818995),John Konchar (37819393),Jaren Jackson Jr. (37819020),293.1429166666667,384.76295091869804,49900,99.94%,0,67.77%,0,217.28,$2.71,MEM 3,GSW 2,user14,1,marvalshot,14803,4652746677_14
Brandin Podziemski (37819081),Luke Kennard (37819236),Cameron Johnson (37819066),Ausar Thompson (37819144),Jalen Duren (37819057),Scotty Pippen Jr. (37819326),Jaren Jackson Jr. (37819020),Giannis Antetokounmpo (37818975),315.8700694444444,414.18685952737843,49500,100.00%,38881,384.99%,0,225.87,$15.4,MEM 3,DET 2,user1,1,marvalshot,14837,4652746678_1
Scotty Pippen Jr. (37819326),Luke Kennard (37819236),Gregory Jackson (37819336),Giannis Antetokounmpo (37818975),Alperen Sengun (37819001),Stephen Curry (37818995),Jaren Jackson Jr. (37819020),Gary Payton II (37819372),306.44,417.55,50000,100.00%,12,182.37%,0,232.23999999999998,$7.29,MEM 4,GSW 2,user35,1,marvalshot,14920,4652746679_35
Killian Hayes (37819199),Malik Beasley (37819163),Ausar Thompson (37819144),Maxwell Lewis (37819541),Alperen Sengun (37819001),Scotty Pippen Jr. (37819326),Giannis Antetokounmpo (37818975),Stephen Curry (37818995),283.9931076388889,380.07769935585895,49000,25.43%,0,-63.43%,0,179.46999999999997,$-2.54,BKN 2,DET 2,user15,1,marvalshot,14949,4652746680_15
Killian Hayes (37819199),Buddy Hield (37819264),Ausar Thompson (37819144),Santi Aldama (37819116),Jaren Jackson Jr. (37819020),Scotty Pippen Jr. (37819326),Giannis Antetokounmpo (37818975),Stephen Curry (37818995),297.6429166666667,399.9229509186981,49400,100.00%,0,103.16%,0,232.86,$4.13,MEM 3,GSW 2,user34,1,marvalshot,15016,4652746681_34
Scotty Pippen Jr. (37819326),Jalen Green (37819027),Paul George (37819038),Gregory Jackson (37819336),Jaren Jackson Jr. (37819020),Brandin Podziemski (37819081),Santi Aldama (37819116),Stephen Curry (37818995),307.28999999999996,405.11999999999995,49400,100.00%,47,192.3%,0,230.29999999999998,$7.69,MEM 4,GSW 2,user38,1,marvalshot,15069,4652746682_38
Killian Hayes (37819199),Brandin Podziemski (37819081),Paul George (37819038),Jaren Jackson Jr. (37819020),Jalen Duren (37819057),Luke Kennard (37819236),Santi Aldama (37819116),Stephen Curry (37818995),307.8859548611111,398.4636911044897,49900,100.00%,121,200.5%,0,213.81,$8.02,MEM 3,GSW 2,user23,1,marvalshot,15103,4652746683_23
Killian Hayes (37819199),Brandin Podziemski (37819081),Kelly Oubre Jr. (37819076),Giannis Antetokounmpo (37818975),Jalen Duren (37819057),Quentin Grimes (37819127),Jaren Jackson Jr. (37819020),Scotty Pippen Jr. (37819326),306.0459548611111,399.0936911044898,49900,100.00%,5,177.56%,0,216.58,$7.1,PHI 2,MEM 2,user2,1,marvalshot,15131,4652746684_2
Scotty Pippen Jr. (37819326),Malik Beasley (37819163),Ausar Thompson (37819144),Santi Aldama (37819116),Jalen Duren (37819057),Kelly Oubre Jr. (37819076),Giannis Antetokounmpo (37818975),Jaren Jackson Jr. (37819020),331.23788194444444,428.38937139424314,49600,100.00%,50000,9404.58%,0,224.09,$376.18,MEM 3,DET 3,user40,1,marvalshot,15218,4652746685_40
Killian Hayes (37819199),De'Aaron Fox (37819003),Kyle Kuzma (37819059),Gregory Jackson (37819336),Jaren Jackson Jr. (37819020),Scotty Pippen Jr. (37819326),Santi Aldama (37819116),Giannis Antetokounmpo (37818975),293.7103472222222,392.975502246561,49800,99.99%,0,72.3%,0,233.56,$2.89,MEM 4,MIL 2,user14,1,marvalshot,15241,4652746686_14
Killian Hayes (37819199),Brandin Podziemski (37819081),Ausar Thompson (37819144),Giannis Antetokounmpo (37818975),Quinten Post (37819285),Scotty Pippen Jr. (37819326),Jaren Jackson Jr. (37819020),Alperen Sengun (37819001),293.0229166666666,396.63295091869804,49600,99.96%,0,66.57%,0,225.45000000000002,$2.66,GSW 2,MEM 2,user17,1,marvalshot,14806,4652746677_17
Scotty Pippen Jr. (37819326),Stephon Castle (37819089),Cameron Johnson (37819066),Ausar Thompson (37819144),Jalen Duren (37819057),Stephen Curry (37818995),Santi Aldama (37819116),Alperen Sengun (37819001),313.73006944444444,413.20685952737847,49900,100.00%,20085,317.48%,0,217.86,$12.7,MEM 2,DET 2,user46,1,marvalshot,14882,4652746678_46
Brandin Podziemski (37819081),Malik Monk (37819030),John Konchar (37819393),Santi Aldama (37819116),Jaren Jackson Jr. (37819020),Stephen Curry (37818995),DeMar DeRozan (37819046),Scotty Pippen Jr. (37819326),305.34000000000003,397.78000000000003,49000,100.00%,3,169.69%,0,243.56,$6.79,MEM 4,GSW 2,user16,1,marvalshot,14901,4652746679_16
Killian Hayes (37819199),Malik Beasley (37819163),Ausar Thompson (37819144),Maxwell Lewis (37819541),Alperen Sengun (37819001),Scotty Pippen Jr. (37819326),Giannis Antetokounmpo (37818975),Jaren Jackson Jr. (37819020),281.57310763888887,376.4976993558589,47800,4.14%,0,-94.33%,0,190.20999999999998,$-3.77,BKN 2,DET 2,user48,1,marvalshot,14982,4652746680_48
Killian Hayes (37819199),Brandin Podziemski (37819081),Ausar Thompson (37819144),Jaren Jackson Jr. (37819020),Alperen Sengun (37819001),Scotty Pippen Jr. (37819326),Giannis Antetokounmpo (37818975),Gregory Jackson (37819336),295.2329166666667,398.8529509186981,49300,100.00%,0,86.01%,0,235.75,$3.44,MEM 3,BKN 1,user18,2,marvalshot,8302,4652746681_18
Luke Kennard (37819236),Jalen Green (37819027),Gregory Jackson (37819336),Santi Aldama (37819116),Domantas Sabonis (37818987),Stephen Curry (37818995),Jaren Jackson Jr. (37819020),Scotty Pippen Jr. (37819326),306.99,408.14,49700,100.00%,34,188.7%,0,231.32,$7.55,MEM 5,HOU 1,user2,1,marvalshot,15033,4652746682_2
Killian Hayes (37819199),Luke Kennard (37819236),Gregory Jackson (37819336),Moses Moody (37819210),Jalen Duren (37819057),Stephen Curry (37818995),Jaren Jackson Jr. (37819020),Giannis Antetokounmpo (37818975),302.8759548611111,403.29369110448977,49700,100.00%,0,147.95%,0,202.32,$5.92,MEM 3,GSW 2,user14,1,marvalshot,15094,4652746683_14
Killian Hayes (37819199),Stephon Castle (37819089),Gregory Jackson (37819336),Santi Aldama (37819116),Jalen Duren (37819057),Brandin Podziemski (37819081),Jaren Jackson Jr. (37819020),Giannis Antetokounmpo (37818975),305.4459548611111,405.4036911044897,49800,100.00%,1,170.88%,0,227.09,$6.84,MEM 3,BKN 1,user38,1,marvalshot,15167,4652746684_38
Scotty Pippen Jr. (37819326),Malik Beasley (37819163),Ausar Thompson (37819144),Santi Aldama (37819116),Jalen Duren (37819057),Stephen Curry (37818995),Giannis Antetokounmpo (37818975),Moses Brown (37819161),330.35788194444444,433.4693713942432,49700,100.00%,50000,7733.12%,0,235.55,$309.32,DET 3,MEM 2,user11,1,marvalshot,15189,4652746685_11
Killian Hayes (37819199),Buddy Hield (37819264),Dillon Brooks (37819168),Jaren Jackson Jr. (37819020),Giannis Antetokounmpo (37818975),Scotty Pippen Jr. (37819326),Santi Aldama (37819116),Stephen Curry (37818995),291.05034722222223,391.025502246561,49100,99.20%,0,53.16%,0,227.24,$2.13,MEM 3,GSW 2,user6,1,marvalshot,15233,4652746686_6
Killian Hayes (37819199),Brandin Podziemski (37819081),Ausar Thompson (37819144),Santi Aldama (37819116),Jaren Jackson Jr. (37819020),Stephen Curry (37818995),John Konchar (37819393),Tyrese Maxey (37818992),291.0229166666667,379.6529509186981,49500,98.96%,0,53.41%,0,214.42000000000002,$2.14,MEM 3,GSW 2,user22,2,marvalshot,8008,4652746677_22
Stephen Curry (37818995),Brandin Podziemski (37819081),Cameron Johnson (37819066),Ausar Thompson (37819144),Jalen Duren (37819057),Scotty Pippen Jr. (37819326),Amen Thompson (37819007),Santi Aldama (37819116),312.23006944444444,404.98685952737844,49700,100.00%,8407,277.66%,0,208.38,$11.11,GSW 2,DET 2,user10,1,marvalshot,14846,4652746678_10
Scotty Pippen Jr. (37819326),Brandin Podziemski (37819081),Buddy Hield (37819264),Jaren Jackson Jr. (37819020),Draymond Green (37819085),Tyrese Maxey (37818992),Gregory Jackson (37819336),Giannis Antetokounmpo (37818975),304.43,406.52000000000004,49900,100.00%,0,161.2%,0,209.01,$6.45,MEM 3,GSW 3,user5,1,marvalshot,14890,4652746679_5
Killian Hayes (37819199),Malik Beasley (37819163),Ausar Thompson (37819144),Maxwell Lewis (37819541),Giannis Antetokounmpo (37818975),Quentin Grimes (37819127),Jaren Jackson Jr. (37819020),Stephen Curry (37818995),280.6931076388889,370.1376993558589,49900,2.11%,0,-97.14%,0,145.97,$-3.89,BKN 2,DET 2,user1,1,marvalshot,14935,4652746680_1
Killian Hayes (37819199),Buddy Hield (37819264),Ausar Thompson (37819144),Santi Aldama (37819116),Domantas Sabonis (37818987),Scotty Pippen Jr. (37819326),Giannis Antetokounmpo (37818975),Jaren Jackson Jr. (37819020),292.98291666666665,393.032950918698,50000,99.95%,0,66.23%,0,220.26000000000002,$2.65,MEM 3,BKN 1,user47,1,marvalshot,15029,4652746681_47
Stephen Curry (37818995),Devin Vassell (37819093),Kelly Oubre Jr. (37819076),Santi Aldama (37819116),Domantas Sabonis (37818987),Scotty Pippen Jr. (37819326),Gregory Jackson (37819336),Jaren Jackson Jr. (37819020),306.65999999999997,403.68999999999994,50000,100.00%,36,184.83%,0,220.0,$7.39,MEM 4,GSW 1,user41,1,marvalshot,15072,4652746682_41
Killian Hayes (37819199),Malik Monk (37819030),John Konchar (37819393),Santi Aldama (37819116),Jalen Duren (37819057),Kyrie Irving (37818989),Giannis Antetokounmpo (37818975),Scotty Pippen Jr. (37819326),301.39595486111114,394.4636911044898,50000,100.00%,0,134.85%,0,235.23,$5.39,MEM 3,BKN 1,user47,1,marvalshot,15127,4652746683_47
Killian Hayes (37819199),Luke Kennard (37819236),Gregory Jackson (37819336),Giannis Antetokounmpo (37818975),Jalen Duren (37819057),Stephen Curry (37818995),Jaren Jackson Jr. (37819020),Zach Edey (37819197),305.0959548611111,408.2036911044898,49800,100.00%,1,167.85%,0,204.32,$6.71,MEM 4,BKN 1,user5,1,marvalshot,15134,4652746684_5
Scotty Pippen Jr. (37819326),Malik Beasley (37819163),Ausar Thompson (37819144),Gregory Jackson (37819336),Jalen Duren (37819057),Stephen Curry (37818995),Jaren Jackson Jr. (37819020),Domantas Sabonis (37818987),329.33788194444446,426.94937139424314,49100,100.00%,50000,6129.59%,0,201.83999999999997,$245.18,MEM 3,DET 3,user3,1,marvalshot,15181,4652746685_3
Killian Hayes (37819199),Malik Monk (37819030),Moses Moody (37819210),Giannis Antetokounmpo (37818975),Alperen Sengun (37819001),Scotty Pippen Jr. (37819326),Jaren Jackson Jr. (37819020),Gregory Jackson (37819336),290.72034722222224,393.11550224656105,50000,98.75%,0,51.84%,0,217.16,$2.07,MEM 3,BKN 1,user32,1,marvalshot,15259,4652746686_32
Killian Hayes (37819199),Brandin Podziemski (37819081),Ausar Thompson (37819144),Gregory Jackson (37819336),Giannis Antetokounmpo (37818975),Stephen Curry (37818995),Jaren Jackson Jr. (37819020),John Konchar (37819393),289.84291666666667,387.80295091869806,49100,97.53%,0,47.38%,0,218.35000000000002,$1.9,MEM 3,GSW 2,user11,1,marvalshot,14800,4652746677_11
Stephen Curry (37818995),Brandin Podziemski (37819081),Cameron Johnson (37819066),Ausar Thompson (37819144),Jalen Duren (37819057),Buddy Hield (37819264),Santi Aldama (37819116),Jaren Jackson Jr. (37819020),311.02006944444446,404.3868595273785,49400,100.00%,3419,252.06%,0,197.7,$10.08,GSW 3,DET 2,user23,1,marvalshot,14859,4652746678_23
Scotty Pippen Jr. (37819326),Brandin Podziemski (37819081),DeMar DeRozan (37819046),Gregory Jackson (37819336),Jaren Jackson Jr. (37819020),Stephon Castle (37819089),Santi Aldama (37819116),Giannis Antetokounmpo (37818975),304.34999999999997,407.11999999999995,49600,100.00%,0,159.8%,0,239.72999999999996,$6.39,MEM 4,GSW 1,user21,1,marvalshot,14906,4652746679_21
Killian Hayes (37819199),Malik Beasley (37819163),Ausar Thompson (37819144),Maxwell Lewis (37819541),Moses Brown (37819161),Stephen Curry (37818995),Jaren Jackson Jr. (37819020),Giannis Antetokounmpo (37818975),280.45310763888887,374.33769935585894,49500,1.57%,0,-97.85%,0,164.11,$-3.91,BKN 2,DET 2,user31,1,marvalshot,14965,4652746680_31
Killian Hayes (37819199),Stephon Castle (37819089),Ausar Thompson (37819144),Jaren Jackson Jr. (37819020),Giannis Antetokounmpo (37818975),Scotty Pippen Jr. (37819326),John Konchar (37819393),Stephen Curry (37818995),291.3129166666667,391.3829509186981,49100,99.45%,0,54.79%,0,227.38000000000002,$2.19,MEM 3,BKN 1,user32,1,marvalshot,15014,4652746681_32
Scotty Pippen Jr. (37819326),Brandin Podziemski (37819081),Gregory Jackson (37819336),Jaren Jackson Jr. (37819020),Moses Brown (37819161),Stephen Curry (37818995),Kyle Kuzma (37819059),Domantas Sabonis (37818987),305.78000000000003,406.19000000000005,49900,100.00%,11,174.86%,0,226.07999999999998,$6.99,MEM 3,GSW 2,user3,1,marvalshot,15034,4652746682_3
Killian Hayes (37819199),Brandin Podziemski (37819081),Buddy Hield (37819264),Giannis Antetokounmpo (37818975),Jalen Duren (37819057),Quentin Grimes (37819127),Santi Aldama (37819116),Jaren Jackson Jr. (37819020),300.52595486111113,395.2536911044898,49700,100.00%,0,127.0%,0,211.57000000000002,$5.08,GSW 2,MEM 2,user32,1,marvalshot,15112,4652746683_32
Killian Hayes (37819199),Jalen Green (37819027),John Konchar (37819393),Giannis Antetokounmpo (37818975),Jalen Duren (37819057),Scotty Pippen Jr. (37819326),Jaren Jackson Jr. (37819020),Brandin Podziemski (37819081),304.6659548611111,401.6236911044898,49100,100.00%,0,163.02%,0,241.36999999999998,$6.52,MEM 3,BKN 1,user32,1,marvalshot,15161,4652746684_32
Scotty Pippen Jr. (37819326),Malik Beasley (37819163),Ausar Thompson (37819144),Santi Aldama (37819116),Jalen Duren (37819057),Stephon Castle (37819089),Giannis Antetokounmpo (37818975),Jaren Jackson Jr. (37819020),329.5278819444444,430.6193713942431,49500,100.00%,50000,6085.1%,0,226.4,$243.4,MEM 3,DET 3,user18,1,marvalshot,15196,4652746685_18
Killian Hayes (37819199),Brandin Podziemski (37819081),Gregory Jackson (37819336),Santi Aldama (37819116),Jaren Jackson Jr. (37819020),Stephen Curry (37818995),Gary Payton II (37819372),Giannis Antetokounmpo (37818975),290.4903472222222,391.86550224656105,49600,98.91%,0,50.76%,0,215.3,$2.03,GSW 3,MEM 3,user13,1,marvalshot,15240,4652746686_13
Killian Hayes (37819199),Buddy Hield (37819264),Ausar Thompson (37819144),Santi Aldama (37819116),Giannis Antetokounmpo (37818975),Stephen Curry (37818995),Jaren Jackson Jr. (37819020),Luke Kennard (37819236),289.50291666666664,388.51295091869804,50000,95.94%,0,44.76%,0,203.75,$1.79,MEM 3,GSW 2,user20,1,marvalshot,14808,4652746677_20
Scotty Pippen Jr. (37819326),Malik Monk (37819030),Cameron Johnson (37819066),Ausar Thompson (37819144),Jalen Duren (37819057),Stephen Curry (37818995),Paul George (37819038),Santi Aldama (37819116),310.3800694444444,399.59685952737846,50000,100.00%,2349,240.48%,0,194.61,$9.62,MEM 2,DET 2,user38,1,marvalshot,14874,4652746678_38
Stephen Curry (37818995),Dante Exum (37819192),John Konchar (37819393),Giannis Antetokounmpo (37818975),Jaren Jackson Jr. (37819020),Stephon Castle (37819089),Santi Aldama (37819116),Scotty Pippen Jr. (37819326),303.56,408.45,49500,100.00%,0,153.36%,0,247.29,$6.13,MEM 4,GSW 1,user1,1,marvalshot,14886,4652746679_1
Killian Hayes (37819199),Malik Beasley (37819163),Ausar Thompson (37819144),Maxwell Lewis (37819541),Alperen Sengun (37819001),Stephen Curry (37818995),Jaren Jackson Jr. (37819020),Malik Monk (37819030),279.7331076388889,366.8576993558589,50000,1.01%,0,-98.56%,0,139.68,$-3.94,BKN 2,DET 2,user38,1,marvalshot,14972,4652746680_38
Killian Hayes (37819199),Brandin Podziemski (37819081),Ausar Thompson (37819144),Jaren Jackson Jr. (37819020),Alperen Sengun (37819001),Stephen Curry (37818995),Santi Aldama (37819116),Buddy Hield (37819264),290.93291666666664,387.56295091869805,49900,98.82%,0,52.98%,0,204.24,$2.12,GSW 3,MEM 2,user43,1,marvalshot,15025,4652746681_43
Kyrie Irving (37818989),Brandin Podziemski (37819081),Buddy Hield (37819264),Gregory Jackson (37819336),Jaren Jackson Jr. (37819020),Scotty Pippen Jr. (37819326),Giannis Antetokounmpo (37818975),Santi Aldama (37819116),305.39,408.82,49600,100.00%,4,169.78%,0,241.48999999999998,$6.79,MEM 4,GSW 2,user48,1,marvalshot,15079,4652746682_48
Killian Hayes (37819199),Stephon Castle (37819089),Paul George (37819038),Jaren Jackson Jr. (37819020),Jalen Duren (37819057),Scotty Pippen Jr. (37819326),Moses Moody (37819210),Giannis Antetokounmpo (37818975),299.9859548611111,396.9636911044898,50000,100.00%,0,122.05%,0,197.73,$4.88,MEM 2,BKN 1,user33,1,marvalshot,15113,4652746683_33
Killian Hayes (37819199),Malik Monk (37819030),Gregory Jackson (37819336),Jaren Jackson Jr. (37819020),Jalen Duren (37819057),Kelly Oubre Jr. (37819076),Giannis Antetokounmpo (37818975),Scotty Pippen Jr. (37819326),303.1059548611111,398.25369110448975,49400,100.00%,0,149.73%,0,213.14,$5.99,MEM 3,BKN 1,user29,1,marvalshot,15158,4652746684_29
Scotty Pippen Jr. (37819326),Malik Beasley (37819163),Ausar Thompson (37819144),Naji Marshall (37819135),Jalen Duren (37819057),Stephen Curry (37818995),Santi Aldama (37819116),Giannis Antetokounmpo (37818975),329.1878819444444,428.9793713942432,50000,100.00%,50000,5547.17%,0,214.79999999999998,$221.89,DET 3,MEM 2,user17,1,marvalshot,15195,4652746685_17
Killian Hayes (37819199),Jalen Green (37819027),Harrison Barnes (37819176),Santi Aldama (37819116),Giannis Antetokounmpo (37818975),Scotty Pippen Jr. (37819326),Jaren Jackson Jr. (37819020),Brandin Podziemski (37819081),287.0803472222222,384.215502246561,49900,74.43%,0,9.93%,0,220.48000000000002,$0.4,MEM 3,BKN 1,user17,1,marvalshot,15244,4652746686_17
Killian Hayes (37819199),Brandin Podziemski (37819081),Ausar Thompson (37819144),Gregory Jackson (37819336),Jaren Jackson Jr. (37819020),Damian Lillard (37818998),Santi Aldama (37819116),Stephen Curry (37818995),287.7729166666667,380.2529509186981,49500,82.01%,0,21.89%,0,199.98000000000002,$0.88,MEM 3,GSW 2,user40,1,marvalshot,14827,4652746677_40
Stephen Curry (37818995),De'Aaron Fox (37819003),Cameron Johnson (37819066),Ausar Thompson (37819144),Jalen Duren (37819057),Scotty Pippen Jr. (37819326),Santi Aldama (37819116),Kelly Oubre Jr. (37819076),309.46006944444446,399.5368595273785,50000,100.00%,950,224.37%,0,192.59000000000003,$8.97,DET 2,MEM 2,user17,1,marvalshot,14853,4652746678_17
Scotty Pippen Jr. (37819326),Brandin Podziemski (37819081),John Konchar (37819393),Gregory Jackson (37819336),Giannis Antetokounmpo (37818975),Tyrese Maxey (37818992),Naji Marshall (37819135),Stephen Curry (37818995),301.35999999999996,400.61999999999995,49700,100.00%,0,134.78%,0,227.12,$5.39,MEM 3,GSW 2,user31,1,marvalshot,14916,4652746679_31
Killian Hayes (37819199),Malik Beasley (37819163),Ausar Thompson (37819144),Maxwell Lewis (37819541),Domantas Sabonis (37818987),Brandin Podziemski (37819081),Jaren Jackson Jr. (37819020),Stephen Curry (37818995),279.70310763888887,364.3676993558589,49300,0.84%,0,-98.84%,0,139.79000000000002,$-3.95,BKN 2,DET 2,user35,1,marvalshot,14969,4652746680_35
Killian Hayes (37819199),Stephon Castle (37819089),Ausar Thompson (37819144),Santi Aldama (37819116),Draymond Green (37819085),Scotty Pippen Jr. (37819326),Giannis Antetokounmpo (37818975),Stephen Curry (37818995),290.66291666666666,391.0729509186981,49600,98.18%,0,51.07%,0,207.59,$2.04,MEM 2,GSW 2,user17,1,marvalshot,15000,4652746681_17
Luke Kennard (37819236),Quentin Grimes (37819127),Moses Moody (37819210),Jaren Jackson Jr. (37819020),Alperen Sengun (37819001),Scotty Pippen Jr. (37819326),Santi Aldama (37819116),Giannis Antetokounmpo (37818975),304.75,408.98,49600,100.00%,0,164.36%,0,246.27999999999997,$6.57,MEM 4,PHI 1,user18,1,marvalshot,15049,4652746682_18
Killian Hayes (37819199),Brandin Podziemski (37819081),Gregory Jackson (37819336),Jaren Jackson Jr. (37819020),Jalen Duren (37819057),Luke Kennard (37819236),Paul George (37819038),Giannis Antetokounmpo (37818975),299.9259548611111,394.61369110448976,49700,100.00%,0,121.36%,0,202.28,$4.85,MEM 3,BKN 1,user31,1,marvalshot,15111,4652746683_31
Killian Hayes (37819199),Devin Vassell (37819093),Paul George (37819038),Giannis Antetokounmpo (37818975),Jalen Duren (37819057),Stephen Curry (37818995),John Konchar (37819393),Scotty Pippen Jr. (37819326),300.75595486111115,394.92369110448976,49800,100.00%,0,129.4%,0,215.79,$5.18,MEM 2,BKN 1,user43,1,marvalshot,15172,4652746684_43
Scotty Pippen Jr. (37819326),Malik Beasley (37819163),Ausar Thompson (37819144),Giannis Antetokounmpo (37818975),Jalen Duren (37819057),Stephen Curry (37818995),Santi Aldama (37819116),Zach Edey (37819197),328.8978819444444,431.45937139424314,49200,100.00%,50000,5127.11%,0,216.35999999999999,$205.08,MEM 3,DET 3,user19,1,marvalshot,15197,4652746685_19
Killian Hayes (37819199),Zach LaVine (37819015),Gregory Jackson (37819336),Giannis Antetokounmpo (37818975),Zach Edey (37819197),Brandin Podziemski (37819081),Jaren Jackson Jr. (37819020),Santi Aldama (37819116),285.3103472222222,382.915502246561,49700,44.49%,0,-35.39%,0,206.6,$-1.42,MEM 4,BKN 1,user40,1,marvalshot,15267,4652746686_40
Killian Hayes (37819199),Brandin Podziemski (37819081),Ausar Thompson (37819144),Giannis Antetokounmpo (37818975),Jaren Jackson Jr. (37819020),Malik Monk (37819030),Naji Marshall (37819135),Scotty Pippen Jr. (37819326),286.74291666666664,380.25295091869805,50000,68.93%,0,1.37%,0,197.39,$0.05,MEM 2,BKN 1,user32,1,marvalshot,14819,4652746677_32
Damian Lillard (37818998),Brandin Podziemski (37819081),Cameron Johnson (37819066),Ausar Thompson (37819144),Jalen Duren (37819057),Scotty Pippen Jr. (37819326),Santi Aldama (37819116),Alperen Sengun (37819001),309.47006944444445,403.45685952737847,49900,100.00%,925,223.96%,0,217.67,$8.96,DET 2,MEM 2,user41,1,marvalshot,14877,4652746678_41
Scotty Pippen Jr. (37819326),Quentin Grimes (37819127),Gregory Jackson (37819336),Giannis Antetokounmpo (37818975),Quinten Post (37819285),Stephen Curry (37818995),Jaren Jackson Jr. (37819020),Fred VanVleet (37819051),301.26,404.79999999999995,49600,100.00%,0,133.87%,0,209.36,$5.35,MEM 3,GSW 2,user41,1,marvalshot,14926,4652746679_41
Killian Hayes (37819199),Malik Beasley (37819163),Ausar Thompson (37819144),Maxwell Lewis (37819541),Alperen Sengun (37819001),Stephen Curry (37818995),Paul George (37819038),Jaren Jackson Jr. (37819020),279.1831076388889,366.057699355859,49700,0.65%,0,-99.11%,0,138.88,$-3.96,BKN 2,DET 2,user19,1,marvalshot,14953,4652746680_19
Killian Hayes (37819199),Kelly Oubre Jr. (37819076),Ausar Thompson (37819144),Jaren Jackson Jr. (37819020),Alperen Sengun (37819001),Luke Kennard (37819236),Giannis Antetokounmpo (37818975),Scotty Pippen Jr. (37819326),290.2729166666667,388.79295091869807,50000,97.97%,0,49.22%,0,213.35999999999999,$1.97,MEM 3,BKN 1,user14,1,marvalshot,14997,4652746681_14
Scotty Pippen Jr. (37819326),Zach LaVine (37819015),Paul George (37819038),Gregory Jackson (37819336),Alperen Sengun (37819001),Stephen Curry (37818995),John Konchar (37819393),Jaren Jackson Jr. (37819020),304.20000000000005,402.69000000000005,50000,100.00%,1,159.74%,0,229.20999999999998,$6.39,MEM 4,SAC 1,user30,1,marvalshot,15061,4652746682_30
Killian Hayes (37819199),Luke Kennard (37819236),Gregory Jackson (37819336),Giannis Antetokounmpo (37818975),Jalen Duren (37819057),Keon Ellis (37819232),Jaren Jackson Jr. (37819020),Stephen Curry (37818995),298.9459548611111,397.37369110448975,49400,100.00%,0,112.91%,0,200.11,$4.52,MEM 3,BKN 1,user42,1,marvalshot,15122,4652746683_42
Killian Hayes (37819199),De'Aaron Fox (37819003),Paul George (37819038),Santi Aldama (37819116),Jalen Duren (37819057),Scotty Pippen Jr. (37819326),Kyle Kuzma (37819059),Jaren Jackson Jr. (37819020),300.6659548611111,388.61369110448976,49300,100.00%,0,128.41%,0,209.58999999999997,$5.14,MEM 3,BKN 1,user7,1,marvalshot,15136,4652746684_7
Amen Thompson (37819007),Malik Beasley (37819163),Ausar Thompson (37819144),Santi Aldama (37819116),Jalen Duren (37819057),Scotty Pippen Jr. (37819326),Jaren Jackson Jr. (37819020),Alperen Sengun (37819001),328.6378819444444,426.1593713942431,49900,100.00%,50000,5012.88%,0,217.51999999999998,$200.52,DET 3,MEM 3,user15,1,marvalshot,15193,4652746685_15
Killian Hayes (37819199),Luke Kennard (37819236),John Konchar (37819393),Giannis Antetokounmpo (37818975),Jaren Jackson Jr. (37819020),Jalen Green (37819027),Gregory Jackson (37819336),Stephen Curry (37818995),284.2403472222222,382.78550224656107,49500,26.70%,0,-61.6%,0,209.55,$-2.46,MEM 4,BKN 1,user25,1,marvalshot,15252,4652746686_25
Killian Hayes (37819199),Kelly Oubre Jr. (37819076),Ausar Thompson (37819144),Jaren Jackson Jr. (37819020),Alperen Sengun (37819001),Scotty Pippen Jr. (37819326),Buddy Hield (37819264),Giannis Antetokounmpo (37818975),286.15291666666667,385.0629509186981,49800,59.01%,0,-13.56%,0,199.43,$-0.54,MEM 2,BKN 1,user,1,marvalshot,8185,4652746677
Brandin Podziemski (37819081),Devin Vassell (37819093),Cameron Johnson (37819066),Ausar Thompson (37819144),Jalen Duren (37819057),Scotty Pippen Jr. (37819326),Jaren Jackson Jr. (37819020),Domantas Sabonis (37818987),309.11006944444443,399.91685952737845,50000,100.00%,596,218.1%,0,191.32999999999998,$8.72,DET 2,MEM 2,user25,1,marvalshot,14861,4652746678_25
Stephen Curry (37818995),Stephon Castle (37819089),Gregory Jackson (37819336),Jaren Jackson Jr. (37819020),Giannis Antetokounmpo (37818975),Brandin Podziemski (37819081),John Konchar (37819393),Zach Edey (37819197),301.15,406.53,50000,100.00%,0,132.79%,0,213.49,$5.31,MEM 4,GSW 2,user13,1,marvalshot,14898,4652746679_13
Killian Hayes (37819199),Malik Beasley (37819163),Ausar Thompson (37819144),Maxwell Lewis (37819541),Jaren Jackson Jr. (37819020),De'Aaron Fox (37819003),Santi Aldama (37819116),Giannis Antetokounmpo (37818975),279.76310763888887,369.1376993558589,49800,0.60%,0,-99.17%,0,161.57999999999998,$-3.97,BKN 2,DET 2,user,1,marvalshot,2467,4652746680
Killian Hayes (37819199),Luke Kennard (37819236),Ausar Thompson (37819144),Santi Aldama (37819116),Giannis Antetokounmpo (37818975),Scotty Pippen Jr. (37819326),Amen Thompson (37819007),Jaren Jackson Jr. (37819020),288.29291666666666,385.532950918698,49100,89.17%,0,32.91%,0,225.17000000000002,$1.32,MEM 4,BKN 1,user16,1,marvalshot,14999,4652746681_16
Stephen Curry (37818995),Brandin Podziemski (37819081),Kyle Kuzma (37819059),Naji Marshall (37819135),Jaren Jackson Jr. (37819020),Scotty Pippen Jr. (37819326),John Konchar (37819393),Domantas Sabonis (37818987),303.15999999999997,397.01,49900,100.00%,0,150.13%,0,218.3,$6.01,MEM 3,GSW 2,user21,1,marvalshot,15052,4652746682_21
Killian Hayes (37819199),Zach LaVine (37819015),John Konchar (37819393),Jaren Jackson Jr. (37819020),Jalen Duren (37819057),Scotty Pippen Jr. (37819326),Amen Thompson (37819007),Alperen Sengun (37819001),297.5159548611111,389.6136911044897,49700,100.00%,0,102.24%,0,217.22,$4.09,MEM 3,HOU 2,user41,1,marvalshot,15121,4652746683_41
Killian Hayes (37819199),Kelly Oubre Jr. (37819076),Moses Moody (37819210),Giannis Antetokounmpo (37818975),Jalen Duren (37819057),Scotty Pippen Jr. (37819326),Santi Aldama (37819116),Tyrese Maxey (37818992),298.9959548611111,390.68369110448975,49700,100.00%,0,113.72%,0,206.31,$4.55,PHI 2,MEM 2,user39,1,marvalshot,15168,4652746684_39
Brandin Podziemski (37819081),Malik Beasley (37819163),Ausar Thompson (37819144),Jaren Jackson Jr. (37819020),Jalen Duren (37819057),Quentin Grimes (37819127),Giannis Antetokounmpo (37818975),Scotty Pippen Jr. (37819326),326.9478819444445,422.9593713942432,49500,100.00%,50000,3211.97%,0,209.17000000000002,$128.48,DET 3,MEM 2,user42,1,marvalshot,15220,4652746685_42
Killian Hayes (37819199),Zach LaVine (37819015),Amen Thompson (37819007),Kyle Kuzma (37819059),Jaren Jackson Jr. (37819020),Stephen Curry (37818995),Gregory Jackson (37819336),Scotty Pippen Jr. (37819326),283.42034722222223,374.41550224656106,50000,18.44%,0,-73.58%,0,183.12,$-2.94,MEM 3,BKN 1,user22,1,marvalshot,15249,4652746686_22
Killian Hayes (37819199),Quentin Grimes (37819127),Ausar Thompson (37819144),Keldon Johnson (37819184),Alperen Sengun (37819001),Scotty Pippen Jr. (37819326),Giannis Antetokounmpo (37818975),Jaren Jackson Jr. (37819020),285.93291666666664,385.802950918698,50000,55.54%,0,-18.62%,0,208.29,$-0.74,MEM 2,BKN 1,user2,1,marvalshot,14790,4652746677_2
Scotty Pippen Jr. (37819326),Brandin Podziemski (37819081),Cameron Johnson (37819066),Ausar Thompson (37819144),Jalen Duren (37819057),Devin Vassell (37819093),Jaren Jackson Jr. (37819020),Alperen Sengun (37819001),309.02006944444446,403.2468595273785,49200,100.00%,462,216.7%,0,208.52999999999997,$8.67,MEM 2,DET 2,user3,1,marvalshot,14839,4652746678_3
Scotty Pippen Jr. (37819326),Kelly Oubre Jr. (37819076),John Konchar (37819393),Santi Aldama (37819116),Giannis Antetokounmpo (37818975),Kyrie Irving (37818989),Gregory Jackson (37819336),Alperen Sengun (37819001),299.66999999999996,400.79999999999995,49800,100.00%,0,119.03%,0,246.54000000000002,$4.76,MEM 4,PHI 1,user43,1,marvalshot,14928,4652746679_43
Killian Hayes (37819199),Malik Beasley (37819163),Ausar Thompson (37819144),Maxwell Lewis (37819541),Alperen Sengun (37819001),Scotty Pippen Jr. (37819326),Giannis Antetokounmpo (37818975),Domantas Sabonis (37818987),279.33310763888886,373.1876993558589,49600,0.55%,0,-99.26%,0,166.87,$-3.97,BKN 2,DET 2,user16,1,marvalshot,14950,4652746680_16
Killian Hayes (37819199),Brandin Podziemski (37819081),Ausar Thompson (37819144),Giannis Antetokounmpo (37818975),Draymond Green (37819085),Kyrie Irving (37818989),Santi Aldama (37819116),Scotty Pippen Jr. (37819326),288.4629166666667,383.43295091869805,50000,87.99%,0,31.36%,0,206.16000000000003,$1.25,GSW 2,MEM 2,user24,1,marvalshot,15006,4652746681_24
Tyrese Maxey (37818992),Brandin Podziemski (37819081),Gregory Jackson (37819336),Santi Aldama (37819116),Giannis Antetokounmpo (37818975),Scotty Pippen Jr. (37819326),Kelly Oubre Jr. (37819076),Draymond Green (37819085),302.76,399.72,49800,100.00%,0,146.83%,0,216.62,$5.87,MEM 3,PHI 2,user13,1,marvalshot,15044,4652746682_13
Killian Hayes (37819199),Stephon Castle (37819089),Buddy Hield (37819264),Santi Aldama (37819116),Jalen Duren (37819057),Scotty Pippen Jr. (37819326),Giannis Antetokounmpo (37818975),Domantas Sabonis (37818987),296.6959548611111,395.5236911044897,49500,100.00%,0,96.63%,0,211.12999999999997,$3.87,MEM 2,BKN 1,user43,1,marvalshot,15123,4652746683_43
Killian Hayes (37819199),Malik Monk (37819030),Gregory Jackson (37819336),Keldon Johnson (37819184),Jalen Duren (37819057),Scotty Pippen Jr. (37819326),Giannis Antetokounmpo (37818975),Stephen Curry (37818995),298.6759548611111,397.35369110448977,49300,100.00%,0,110.84%,0,207.86,$4.43,MEM 2,BKN 1,user36,1,marvalshot,15165,4652746684_36
Stephen Curry (37818995),Malik Beasley (37819163),Ausar Thompson (37819144),Giannis Antetokounmpo (37818975),Jalen Duren (37819057),Scotty Pippen Jr. (37819326),Keldon Johnson (37819184),Santi Aldama (37819116),326.80788194444443,427.4893713942431,49500,100.00%,50000,2889.12%,0,218.81,$115.56,DET 3,MEM 2,user39,1,marvalshot,15217,4652746685_39
Killian Hayes (37819199),Cam Spencer (37819396),Gregory Jackson (37819336),Giannis Antetokounmpo (37818975),Jaren Jackson Jr. (37819020),Brandin Podziemski (37819081),Santi Aldama (37819116),Domantas Sabonis (37818987),283.61034722222223,381.395502246561,50000,18.26%,0,-74.08%,0,202.7,$-2.96,MEM 4,BKN 1,user16,1,marvalshot,15243,4652746686_16
Killian Hayes (37819199),Brandin Podziemski (37819081),Ausar Thompson (37819144),Santi Aldama (37819116),Moses Brown (37819161),Jalen Green (37819027),Jaren Jackson Jr. (37819020),Stephen Curry (37818995),284.68291666666664,378.162950918698,49800,35.03%,0,-49.2%,0,200.11,$-1.97,GSW 2,MEM 2,user5,1,marvalshot,14794,4652746677_5
Amen Thompson (37819007),Buddy Hield (37819264),Cameron Johnson (37819066),Ausar Thompson (37819144),Jalen Duren (37819057),Scotty Pippen Jr. (37819326),Jaren Jackson Jr. (37819020),Stephen Curry (37818995),308.39006944444446,403.21685952737846,49800,100.00%,221,207.4%,0,181.72000000000003,$8.3,GSW 2,DET 2,user4,1,marvalshot,14840,4652746678_4
Brandin Podziemski (37819081),Stephon Castle (37819089),John Konchar (37819393),Kyle Kuzma (37819059),Giannis Antetokounmpo (37818975),Scotty Pippen Jr. (37819326),Santi Aldama (37819116),Alperen Sengun (37819001),299.37,400.99,49400,100.00%,0,116.49%,0,253.2,$4.66,MEM 3,MIL 2,user11,1,marvalshot,14896,4652746679_11
Killian Hayes (37819199),Malik Beasley (37819163),Ausar Thompson (37819144),Maxwell Lewis (37819541),Giannis Antetokounmpo (37818975),Stephen Curry (37818995),Jaren Jackson Jr. (37819020),Naji Marshall (37819135),279.28310763888885,369.84769935585894,49800,0.43%,0,-99.43%,0,143.36,$-3.98,BKN 2,DET 2,user9,1,marvalshot,14943,4652746680_9
Killian Hayes (37819199),Stephon Castle (37819089),Ausar Thompson (37819144),Jaren Jackson Jr. (37819020),Domantas Sabonis (37818987),Scotty Pippen Jr. (37819326),Gregory Jackson (37819336),Giannis Antetokounmpo (37818975),288.10291666666666,389.18295091869805,50000,85.75%,0,27.66%,0,201.81,$1.11,MEM 3,BKN 1,user49,1,marvalshot,15031,4652746681_49
Scotty Pippen Jr. (37819326),Luke Kennard (37819236),Moses Moody (37819210),Giannis Antetokounmpo (37818975),Jaren Jackson Jr. (37819020),Klay Thompson (37819119),Santi Aldama (37819116),Alperen Sengun (37819001),300.96,406.37,49700,100.00%,0,131.17%,0,236.95,$5.25,MEM 4,GSW 1,user35,1,marvalshot,15066,4652746682_35
Killian Hayes (37819199),Luke Kennard (37819236),Moses Moody (37819210),Gregory Jackson (37819336),Jalen Duren (37819057),Tyrese Maxey (37818992),Jaren Jackson Jr. (37819020),Giannis Antetokounmpo (37818975),296.0959548611111,391.29369110448977,49900,100.00%,0,92.25%,0,186.86,$3.69,MEM 3,BKN 1,user34,1,marvalshot,15114,4652746683_34
Killian Hayes (37819199),Buddy Hield (37819264),Kelly Oubre Jr. (37819076),Giannis Antetokounmpo (37818975),Jalen Duren (37819057),Scotty Pippen Jr. (37819326),Santi Aldama (37819116),Domantas Sabonis (37818987),298.4059548611111,393.29369110448977,49600,100.00%,0,108.89%,0,208.82,$4.36,MEM 2,BKN 1,user44,1,marvalshot,15173,4652746684_44
Scotty Pippen Jr. (37819326),Malik Beasley (37819163),Ausar Thompson (37819144),Santi Aldama (37819116),Jalen Duren (37819057),Stephen Curry (37818995),Giannis Antetokounmpo (37818975),Moses Moody (37819210),326.67788194444444,426.54937139424317,49100,100.00%,50000,2769.55%,0,214.36,$110.78,DET 3,MEM 2,user38,1,marvalshot,15216,4652746685_38
Killian Hayes (37819199),Jaylen Wells (37819202),Gregory Jackson (37819336),Santi Aldama (37819116),Domantas Sabonis (37818987),Stephen Curry (37818995),Kyle Kuzma (37819059),Jaren Jackson Jr. (37819020),282.59034722222225,373.99550224656105,49600,11.11%,0,-84.25%,0,180.72,$-3.37,MEM 4,BKN 1,user48,1,marvalshot,15275,4652746686_48
Killian Hayes (37819199),Brandin Podziemski (37819081),Ausar Thompson (37819144),Santi Aldama (37819116),Moses Brown (37819161),Tyrese Maxey (37818992),Giannis Antetokounmpo (37818975),Scotty Pippen Jr. (37819326),284.6629166666667,379.8929509186981,49000,34.76%,0,-49.9%,0,228.23,$-2.0,MEM 2,BKN 1,user29,1,marvalshot,14816,4652746677_29
Stephon Castle (37819089),Brandin Podziemski (37819081),Cameron Johnson (37819066),Ausar Thompson (37819144),Jalen Duren (37819057),Stephen Curry (37818995),Gregory Jackson (37819336),Jaren Jackson Jr. (37819020),306.14006944444446,400.5368595273785,49400,100.00%,7,178.68%,0,179.25,$7.15,GSW 2,DET 2,user20,1,marvalshot,14856,4652746678_20
Keon Ellis (37819232),Brandin Podziemski (37819081),Buddy Hield (37819264),Santi Aldama (37819116),Jaren Jackson Jr. (37819020),Damian Lillard (37818998),Giannis Antetokounmpo (37818975),Scotty Pippen Jr. (37819326),298.54,398.07000000000005,49900,100.00%,0,109.68%,0,223.6,$4.39,MEM 3,GSW 2,user42,1,marvalshot,14927,4652746679_42
Killian Hayes (37819199),Malik Beasley (37819163),Ausar Thompson (37819144),Maxwell Lewis (37819541),Domantas Sabonis (37818987),Stephen Curry (37818995),Santi Aldama (37819116),Alperen Sengun (37819001),278.6031076388889,367.117699355859,49700,0.41%,0,-99.45%,0,152.63,$-3.98,BKN 2,DET 2,user21,1,marvalshot,14955,4652746680_21
Killian Hayes (37819199),Jalen Green (37819027),Ausar Thompson (37819144),Moses Moody (37819210),Alperen Sengun (37819001),Stephen Curry (37818995),Jaren Jackson Jr. (37819020),Scotty Pippen Jr. (37819326),287.09291666666667,384.63295091869804,49900,72.67%,0,7.42%,0,189.16,$0.3,HOU 2,GSW 2,user37,1,marvalshot,15019,4652746681_37
Scotty Pippen Jr. (37819326),Brandin Podziemski (37819081),Kelly Oubre Jr. (37819076),Gregory Jackson (37819336),Moses Brown (37819161),Tyrese Maxey (37818992),Jaren Jackson Jr. (37819020),Alperen Sengun (37819001),298.03,395.21,49100,100.00%,0,106.27%,0,223.73999999999998,$4.25,MEM 3,PHI 2,user39,1,marvalshot,15070,4652746682_39
Killian Hayes (37819199),Kelly Oubre Jr. (37819076),Jaylen Wells (37819202),Jaren Jackson Jr. (37819020),Jalen Duren (37819057),Scotty Pippen Jr. (37819326),Giannis Antetokounmpo (37818975),DeMar DeRozan (37819046),295.95595486111114,387.2736911044898,50000,100.00%,0,91.23%,0,184.57999999999998,$3.65,MEM 3,BKN 1,user21,1,marvalshot,15101,4652746683_21
Killian Hayes (37819199),Malik Monk (37819030),Devin Vassell (37819093),Santi Aldama (37819116),Jalen Duren (37819057),Stephen Curry (37818995),Jaren Jackson Jr. (37819020),John Konchar (37819393),298.1559548611111,386.0736911044898,49000,100.00%,0,107.14%,0,213.09,$4.29,MEM 3,BKN 1,user34,1,marvalshot,15163,4652746684_34
Scotty Pippen Jr. (37819326),Malik Beasley (37819163),Ausar Thompson (37819144),Moses Moody (37819210),Jalen Duren (37819057),Tyrese Maxey (37818992),Jaren Jackson Jr. (37819020),Stephen Curry (37818995),326.35788194444444,419.11937139424316,49700,100.00%,50000,2677.57%,0,182.06,$107.1,DET 3,MEM 2,user33,1,marvalshot,15211,4652746685_33
Killian Hayes (37819199),Kelly Oubre Jr. (37819076),Buddy Hield (37819264),Harrison Barnes (37819176),Giannis Antetokounmpo (37818975),Scotty Pippen Jr. (37819326),Jaren Jackson Jr. (37819020),Stephen Curry (37818995),282.5303472222222,378.805502246561,49700,9.53%,0,-86.64%,0,185.13,$-3.47,GSW 2,MEM 2,user15,1,marvalshot,15242,4652746686_15
Killian Hayes (37819199),Malik Monk (37819030),Ausar Thompson (37819144),Santi Aldama (37819116),Giannis Antetokounmpo (37818975),Scotty Pippen Jr. (37819326),Moses Moody (37819210),Alperen Sengun (37819001),283.13291666666663,380.57295091869804,49500,15.56%,0,-77.87%,0,209.79,$-3.11,MEM 2,BKN 1,user23,1,marvalshot,14810,4652746677_23
Stephen Curry (37818995),Brandin Podziemski (37819081),Cameron Johnson (37819066),Ausar Thompson (37819144),Jalen Duren (37819057),Cam Spencer (37819396),Giannis Antetokounmpo (37818975),Scotty Pippen Jr. (37819326),305.6300694444445,403.22685952737845,49700,100.00%,0,173.05%,0,192.64999999999998,$6.92,GSW 2,DET 2,user34,1,marvalshot,14870,4652746678_34
Scotty Pippen Jr. (37819326),De'Aaron Fox (37819003),Gregory Jackson (37819336),Jaren Jackson Jr. (37819020),Quinten Post (37819285),Stephen Curry (37818995),Gary Payton II (37819372),Giannis Antetokounmpo (37818975),297.70000000000005,405.38000000000005,49600,100.00%,0,103.42%,0,202.32,$4.14,MEM 3,GSW 3,user29,1,marvalshot,14914,4652746679_29
Killian Hayes (37819199),Malik Beasley (37819163),Ausar Thompson (37819144),Maxwell Lewis (37819541),Jaren Jackson Jr. (37819020),Stephen Curry (37818995),Giannis Antetokounmpo (37818975),Zach Edey (37819197),278.9931076388889,372.32769935585895,49000,0.32%,0,-99.57%,0,144.92000000000002,$-3.98,BKN 2,DET 2,user14,1,marvalshot,14948,4652746680_14
Killian Hayes (37819199),Luke Kennard (37819236),Ausar Thompson (37819144),Giannis Antetokounmpo (37818975),Domantas Sabonis (37818987),Stephen Curry (37818995),Gregory Jackson (37819336),Scotty Pippen Jr. (37819326),286.66291666666666,386.3429509186981,49300,66.72%,0,-1.6%,0,203.35,$-0.06,MEM 3,BKN 1,user9,1,marvalshot,14992,4652746681_9
Scotty Pippen Jr. (37819326),Devin Vassell (37819093),Gregory Jackson (37819336),Paul George (37819038),Brook Lopez (37819101),Brandin Podziemski (37819081),Jaren Jackson Jr. (37819020),Giannis Antetokounmpo (37818975),296.83,392.94,49900,100.00%,0,97.6%,0,200.6,$3.9,MEM 3,MIL 2,user31,1,marvalshot,15062,4652746682_31
Killian Hayes (37819199),Stephon Castle (37819089),Keldon Johnson (37819184),Kyle Kuzma (37819059),Jalen Duren (37819057),Scotty Pippen Jr. (37819326),Jaren Jackson Jr. (37819020),Giannis Antetokounmpo (37818975),295.9159548611111,393.2836911044898,49400,100.00%,0,91.14%,0,205.32,$3.65,SAS 2,MIL 2,user1,1,marvalshot,15081,4652746683_1
Killian Hayes (37819199),Buddy Hield (37819264),John Konchar (37819393),Jaren Jackson Jr. (37819020),Jalen Duren (37819057),Stephen Curry (37818995),Keegan Murray (37819141),Giannis Antetokounmpo (37818975),297.6359548611111,393.26369110448974,50000,100.00%,0,103.08%,0,197.14,$4.12,GSW 2,MEM 2,user11,1,marvalshot,15140,4652746684_11
Brandin Podziemski (37819081),Malik Beasley (37819163),Ausar Thompson (37819144),Jaren Jackson Jr. (37819020),Jalen Duren (37819057),Quentin Grimes (37819127),Santi Aldama (37819116),Stephen Curry (37818995),326.21788194444446,416.8893713942432,49600,100.00%,50000,2578.24%,0,194.93,$103.13,DET 3,GSW 2,user9,1,marvalshot,15187,4652746685_9
Killian Hayes (37819199),De'Aaron Fox (37819003),John Konchar (37819393),Giannis Antetokounmpo (37818975),Quinten Post (37819285),Brandin Podziemski (37819081),Jaren Jackson Jr. (37819020),Draymond Green (37819085),282.3903472222222,378.12550224656104,49900,8.28%,0,-88.31%,0,190.24,$-3.53,GSW 3,MEM 2,user29,1,marvalshot,15256,4652746686_29
Killian Hayes (37819199),Jalen Green (37819027),Ausar Thompson (37819144),Giannis Antetokounmpo (37818975),Alperen Sengun (37819001),Scotty Pippen Jr. (37819326),Santi Aldama (37819116),Zach Edey (37819197),282.85291666666666,384.9729509186981,49600,12.79%,0,-81.8%,0,208.0,$-3.27,MEM 3,HOU 2,user28,1,marvalshot,14815,4652746677_28
Stephon Castle (37819089),Brandin Podziemski (37819081),Cameron Johnson (37819066),Ausar Thompson (37819144),Jalen Duren (37819057),De'Aaron Fox (37819003),Jaren Jackson Jr. (37819020),Scotty Pippen Jr. (37819326),304.10006944444444,395.45685952737847,49300,100.00%,0,158.11%,0,186.66,$6.32,SAS 2,DET 2,user45,1,marvalshot,14881,4652746678_45
Stephen Curry (37818995),Keon Ellis (37819232),John Konchar (37819393),Gui Santos (37819331),Jaren Jackson Jr. (37819020),Brandin Podziemski (37819081),Santi Aldama (37819116),Giannis Antetokounmpo (37818975),296.11,394.59000000000003,49100,100.00%,0,92.76%,0,222.54999999999998,$3.71,GSW 3,MEM 3,user45,1,marvalshot,14930,4652746679_45
Killian Hayes (37819199),Malik Beasley (37819163),Ausar Thompson (37819144),Maxwell Lewis (37819541),Jaren Jackson Jr. (37819020),Damian Lillard (37818998),Giannis Antetokounmpo (37818975),Santi Aldama (37819116),279.01310763888887,368.0476993558589,49900,0.22%,0,-99.7%,0,163.01,$-3.99,BKN 2,DET 2,user7,1,marvalshot,14941,4652746680_7
Killian Hayes (37819199),Jalen Green (37819027),Ausar Thompson (37819144),Santi Aldama (37819116),Giannis Antetokounmpo (37818975),Brandin Podziemski (37819081),Jaren Jackson Jr. (37819020),John Konchar (37819393),285.31291666666664,379.422950918698,49800,44.59%,0,-35.22%,0,217.38,$-1.41,MEM 3,BKN 1,user22,1,marvalshot,15004,4652746681_22
Brandin Podziemski (37819081),Devin Vassell (37819093),Amen Thompson (37819007),Giannis Antetokounmpo (37818975),Zach Edey (37819197),Scotty Pippen Jr. (37819326),Gregory Jackson (37819336),Jaren Jackson Jr. (37819020),296.76,399.37,49800,100.00%,0,97.28%,0,203.57999999999998,$3.89,MEM 4,GSW 1,user1,1,marvalshot,15032,4652746682_1
Killian Hayes (37819199),Luke Kennard (37819236),Devin Vassell (37819093),Jaren Jackson Jr. (37819020),Jalen Duren (37819057),Malik Monk (37819030),Santi Aldama (37819116),Alperen Sengun (37819001),295.4059548611111,385.7136911044898,49800,99.99%,0,87.02%,0,201.38,$3.48,MEM 3,BKN 1,user27,1,marvalshot,15107,4652746683_27
Killian Hayes (37819199),Stephon Castle (37819089),Kelly Oubre Jr. (37819076),Giannis Antetokounmpo (37818975),Jalen Duren (37819057),Stephen Curry (37818995),Moses Moody (37819210),Scotty Pippen Jr. (37819326),297.32595486111114,393.6136911044898,50000,100.00%,0,100.87%,0,186.05,$4.03,GSW 2,BKN 1,user1,1,marvalshot,15130,4652746684_1
Stephen Curry (37818995),Malik Beasley (37819163),Ausar Thompson (37819144),Jaren Jackson Jr. (37819020),Jalen Duren (37819057),Brandin Podziemski (37819081),Santi Aldama (37819116),Moses Brown (37819161),325.97788194444445,421.0893713942432,49200,100.00%,50000,2379.3%,0,213.07000000000002,$95.17,DET 3,GSW 2,user6,1,marvalshot,15184,4652746685_6
Killian Hayes (37819199),Jalen Green (37819027),Paul George (37819038),Jaren Jackson Jr. (37819020),Alperen Sengun (37819001),Scotty Pippen Jr. (37819326),Naji Marshall (37819135),Brandin Podziemski (37819081),282.0203472222222,373.485502246561,50000,7.30%,0,-89.78%,0,188.28,$-3.59,HOU 2,MEM 2,user10,1,marvalshot,15237,4652746686_10
Killian Hayes (37819199),Brandin Podziemski (37819081),Ausar Thompson (37819144),Jaren Jackson Jr. (37819020),Jonas Valanciunas (37819283),Stephen Curry (37818995),Gregory Jackson (37819336),Giannis Antetokounmpo (37818975),282.3929166666667,383.4029509186981,49700,8.06%,0,-88.64%,0,179.78,$-3.55,GSW 2,MEM 2,user25,1,marvalshot,14812,4652746677_25
Scotty Pippen Jr. (37819326),Devin Vassell (37819093),Cameron Johnson (37819066),Ausar Thompson (37819144),Jalen Duren (37819057),Stephen Curry (37818995),Tari Eason (37819106),Jaren Jackson Jr. (37819020),302.57006944444447,395.76685952737853,49000,100.00%,0,145.2%,0,182.11,$5.81,MEM 2,DET 2,user40,1,marvalshot,14876,4652746678_40
Stephen Curry (37818995),Stephon Castle (37819089),Gregory Jackson (37819336),Guerschon Yabusele (37819152),Giannis Antetokounmpo (37818975),Scotty Pippen Jr. (37819326),Keldon Johnson (37819184),Jaren Jackson Jr. (37819020),296.09000000000003,401.86,49800,100.00%,0,92.15%,0,205.89,$3.69,MEM 3,SAS 2,user26,1,marvalshot,14911,4652746679_26
Killian Hayes (37819199),Malik Beasley (37819163),Ausar Thompson (37819144),Maxwell Lewis (37819541),Giannis Antetokounmpo (37818975),Malik Monk (37819030),Santi Aldama (37819116),Stephen Curry (37818995),278.02310763888886,365.84769935585894,49800,0.08%,0,-99.9%,0,151.92000000000002,$-4.0,BKN 2,DET 2,user10,1,marvalshot,14944,4652746680_10
Killian Hayes (37819199),Luke Kennard (37819236),Ausar Thompson (37819144),Giannis Antetokounmpo (37818975),Alperen Sengun (37819001),Malik Monk (37819030),Santi Aldama (37819116),Scotty Pippen Jr. (37819326),284.54291666666666,381.80295091869806,49200,32.36%,0,-53.24%,0,223.37,$-2.13,MEM 3,BKN 1,user5,1,marvalshot,14988,4652746681_5
Stephen Curry (37818995),Luke Kennard (37819236),Gregory Jackson (37819336),Naji Marshall (37819135),Giannis Antetokounmpo (37818975),Scotty Pippen Jr. (37819326),Amen Thompson (37819007),Brandin Podziemski (37819081),296.67,397.70000000000005,50000,100.00%,0,96.32%,0,204.64999999999998,$3.85,MEM 3,GSW 2,user32,1,marvalshot,15063,4652746682_32
Killian Hayes (37819199),Jalen Green (37819027),Paul George (37819038),Jaren Jackson Jr. (37819020),Jalen Duren (37819057),Scotty Pippen Jr. (37819326),Moses Moody (37819210),Alperen Sengun (37819001),295.1759548611111,388.24369110448976,49500,99.99%,0,84.84%,0,189.39999999999998,$3.39,HOU 2,MEM 2,user38,1,marvalshot,15118,4652746683_38
Killian Hayes (37819199),Stephon Castle (37819089),Devin Vassell (37819093),Jaren Jackson Jr. (37819020),Jalen Duren (37819057),Quentin Grimes (37819127),Giannis Antetokounmpo (37818975),Scotty Pippen Jr. (37819326),296.05595486111116,391.33369110448984,49600,100.00%,0,92.11%,0,201.06,$3.68,SAS 2,MEM 2,user23,1,marvalshot,15152,4652746684_23
Scotty Pippen Jr. (37819326),Malik Beasley (37819163),Ausar Thompson (37819144),Jaren Jackson Jr. (37819020),Jalen Duren (37819057),Stephon Castle (37819089),Giannis Antetokounmpo (37818975),Draymond Green (37819085),325.92788194444444,426.33937139424313,49900,100.00%,50000,2341.55%,0,191.21,$93.66,DET 3,MEM 2,user37,1,marvalshot,15215,4652746685_37
Killian Hayes (37819199),Brandin Podziemski (37819081),Kelly Oubre Jr. (37819076),Giannis Antetokounmpo (37818975),Alperen Sengun (37819001),Scotty Pippen Jr. (37819326),Keldon Johnson (37819184),Draymond Green (37819085),281.8903472222222,378.595502246561,49700,6.58%,0,-90.87%,0,194.07,$-3.63,GSW 2,BKN 1,user41,1,marvalshot,15268,4652746686_41
Killian Hayes (37819199),De'Aaron Fox (37819003),Ausar Thompson (37819144),Guerschon Yabusele (37819152),Alperen Sengun (37819001),Stephen Curry (37818995),Santi Aldama (37819116),Scotty Pippen Jr. (37819326),281.7729166666667,375.9729509186981,49600,7.09%,0,-89.96%,0,195.33,$-3.6,MEM 2,BKN 1,user33,1,marvalshot,14820,4652746677_33
Amen Thompson (37819007),Kelly Oubre Jr. (37819076),Cameron Johnson (37819066),Ausar Thompson (37819144),Jalen Duren (37819057),Scotty Pippen Jr. (37819326),Santi Aldama (37819116),Alperen Sengun (37819001),301.97006944444445,392.85685952737845,49500,100.00%,0,140.06%,0,193.92999999999998,$5.6,HOU 2,DET 2,user,1,marvalshot,969,4652746678
Scotty Pippen Jr. (37819326),Buddy Hield (37819264),Jaylen Wells (37819202),Paul George (37819038),Quinten Post (37819285),Stephen Curry (37818995),Giannis Antetokounmpo (37818975),Jaren Jackson Jr. (37819020),295.71,397.91999999999996,49700,100.00%,0,89.26%,0,186.89,$3.57,MEM 3,GSW 3,user47,1,marvalshot,14932,4652746679_47
Killian Hayes (37819199),Malik Beasley (37819163),Ausar Thompson (37819144),Maxwell Lewis (37819541),Draymond Green (37819085),Stephen Curry (37818995),Jaren Jackson Jr. (37819020),Domantas Sabonis (37818987),277.33310763888886,362.8176993558589,49100,0.07%,0,-99.91%,0,123.58,$-4.0,BKN 2,DET 2,user22,1,marvalshot,14956,4652746680_22
Killian Hayes (37819199),Brandin Podziemski (37819081),Ausar Thompson (37819144),Jaren Jackson Jr. (37819020),Moses Brown (37819161),Tyrese Maxey (37818992),Gregory Jackson (37819336),Stephen Curry (37818995),282.4329166666667,374.5429509186981,49300,9.66%,0,-86.36%,0,185.62,$-3.45,GSW 2,MEM 2,user48,1,marvalshot,15030,4652746681_48
Stephen Curry (37818995),Brandin Podziemski (37819081),Naji Marshall (37819135),Kyle Kuzma (37819059),Jaren Jackson Jr. (37819020),Luke Kennard (37819236),Amen Thompson (37819007),Scotty Pippen Jr. (37819326),296.35,388.98,49800,100.00%,0,94.06%,0,192.97,$3.76,MEM 3,GSW 2,user33,1,marvalshot,15064,4652746682_33
Killian Hayes (37819199),De'Aaron Fox (37819003),Kyle Kuzma (37819059),Gregory Jackson (37819336),Jalen Duren (37819057),Stephen Curry (37818995),Jaren Jackson Jr. (37819020),Luke Kennard (37819236),295.1059548611111,385.8736911044898,49500,100.00%,0,84.45%,0,178.46,$3.38,MEM 3,BKN 1,user36,1,marvalshot,15116,4652746683_36
Killian Hayes (37819199),Brandin Podziemski (37819081),DeMar DeRozan (37819046),Gregory Jackson (37819336),Jalen Duren (37819057),Devin Vassell (37819093),Jaren Jackson Jr. (37819020),Stephen Curry (37818995),294.8259548611111,384.07369110448974,49500,99.99%,0,82.29%,0,176.84000000000003,$3.29,GSW 2,MEM 2,user46,1,marvalshot,15175,4652746684_46
Stephen Curry (37818995),Malik Beasley (37819163),Ausar Thompson (37819144),Giannis Antetokounmpo (37818975),Jalen Duren (37819057),Scotty Pippen Jr. (37819326),Santi Aldama (37819116),Guerschon Yabusele (37819152),326.05788194444443,425.2293713942432,49900,100.00%,50000,2299.34%,0,209.55,$91.97,DET 3,MEM 2,user26,1,marvalshot,15204,4652746685_26
Killian Hayes (37819199),Jalen Green (37819027),Klay Thompson (37819119),Jaren Jackson Jr. (37819020),Giannis Antetokounmpo (37818975),Scotty Pippen Jr. (37819326),Santi Aldama (37819116),Moses Brown (37819161),282.14034722222226,382.17550224656105,49400,6.44%,0,-91.02%,0,225.77,$-3.64,MEM 3,DAL 2,user42,1,marvalshot,15269,4652746686_42
Killian Hayes (37819199),Klay Thompson (37819119),Ausar Thompson (37819144),Moses Moody (37819210),Giannis Antetokounmpo (37818975),Scotty Pippen Jr. (37819326),Jaren Jackson Jr. (37819020),Alperen Sengun (37819001),282.0129166666666,382.25295091869805,49700,6.78%,0,-90.48%,0,194.51,$-3.62,MEM 2,BKN 1,user18,2,marvalshot,8193,4652746677_18
Scotty Pippen Jr. (37819326),Buddy Hield (37819264),Cameron Johnson (37819066),Ausar Thompson (37819144),Jalen Duren (37819057),Stephen Curry (37818995),Giannis Antetokounmpo (37818975),Klay Thompson (37819119),301.8100694444444,400.1568595273784,49900,100.00%,0,138.6%,0,176.88,$5.54,GSW 2,DET 2,user11,1,marvalshot,14847,4652746678_11
Scotty Pippen Jr. (37819326),Cam Spencer (37819396),John Konchar (37819393),Jaren Jackson Jr. (37819020),Kevon Looney (37819298),Tyrese Maxey (37818992),Giannis Antetokounmpo (37818975),Stephen Curry (37818995),295.08000000000004,397.15000000000003,49500,100.00%,0,84.3%,0,208.03000000000003,$3.37,MEM 4,GSW 2,user8,1,marvalshot,14893,4652746679_8
Killian Hayes (37819199),Malik Beasley (37819163),Ausar Thompson (37819144),Maxwell Lewis (37819541),Alperen Sengun (37819001),Scotty Pippen Jr. (37819326),Giannis Antetokounmpo (37818975),Tyrese Maxey (37818992),277.21310763888886,368.0776993558589,49200,0.04%,0,-99.94%,0,164.01,$-4.0,BKN 2,DET 2,user27,1,marvalshot,14961,4652746680_27
Killian Hayes (37819199),Luke Kennard (37819236),Ausar Thompson (37819144),Santi Aldama (37819116),Giannis Antetokounmpo (37818975),Scotty Pippen Jr. (37819326),Paul George (37819038),Tyrese Maxey (37818992),281.9629166666666,372.562950918698,49300,6.29%,0,-91.26%,0,202.51,$-3.65,MEM 3,PHI 2,user26,1,marvalshot,15008,4652746681_26
Brandin Podziemski (37819081),Devin Vassell (37819093),Amen Thompson (37819007),Moses Moody (37819210),Giannis Antetokounmpo (37818975),Scotty Pippen Jr. (37819326),Gregory Jackson (37819336),Jaren Jackson Jr. (37819020),294.53999999999996,394.4599999999999,49700,99.99%,0,79.84%,0,201.57999999999998,$3.19,MEM 3,GSW 2,user43,1,marvalshot,15074,4652746682_43
Killian Hayes (37819199),Stephon Castle (37819089),Moses Moody (37819210),Jaren Jackson Jr. (37819020),Jalen Duren (37819057),Tyrese Maxey (37818992),Gregory Jackson (37819336),Stephen Curry (37818995),295.0559548611111,387.56369110448975,49900,99.99%,0,83.73%,0,166.01000000000002,$3.35,GSW 2,MEM 2,user8,1,marvalshot,15088,4652746683_8
Killian Hayes (37819199),De'Aaron Fox (37819003),Gregory Jackson (37819336),Giannis Antetokounmpo (37818975),Jalen Duren (37819057),Stephen Curry (37818995),John Konchar (37819393),Zach Edey (37819197),294.7859548611111,393.5836911044898,49800,99.99%,0,81.76%,0,191.53,$3.27,MEM 3,BKN 1,user41,1,marvalshot,15170,4652746684_41
Amen Thompson (37819007),Malik Beasley (37819163),Ausar Thompson (37819144),Jaren Jackson Jr. (37819020),Jalen Duren (37819057),Scotty Pippen Jr. (37819326),Giannis Antetokounmpo (37818975),Gregory Jackson (37819336),325.42788194444444,425.86937139424316,49900,100.00%,50000,1957.5%,0,201.39,$78.3,DET 3,MEM 3,user8,1,marvalshot,15186,4652746685_8
Killian Hayes (37819199),Gary Payton II (37819372),John Konchar (37819393),Santi Aldama (37819116),Giannis Antetokounmpo (37818975),Stephon Castle (37819089),Jaren Jackson Jr. (37819020),Stephen Curry (37818995),281.8203472222222,380.835502246561,49200,4.99%,0,-93.06%,0,211.53,$-3.72,MEM 3,GSW 2,user28,1,marvalshot,15255,4652746686_28
Killian Hayes (37819199),Brandin Podziemski (37819081),Ausar Thompson (37819144),Gregory Jackson (37819336),Jaren Jackson Jr. (37819020),Tyrese Maxey (37818992),Santi Aldama (37819116),De'Aaron Fox (37819003),281.7429166666667,369.3429509186981,49600,5.43%,0,-92.42%,0,183.09,$-3.7,MEM 3,BKN 1,user37,1,marvalshot,14824,4652746677_37
Scotty Pippen Jr. (37819326),Kelly Oubre Jr. (37819076),Cameron Johnson (37819066),Ausar Thompson (37819144),Jalen Duren (37819057),Brandin Podziemski (37819081),Giannis Antetokounmpo (37818975),Stephon Castle (37819089),301.6300694444444,394.58685952737846,49700,100.00%,0,136.76%,0,183.82999999999998,$5.47,DET 2,MEM 1,user33,1,marvalshot,14869,4652746678_33
Scotty Pippen Jr. (37819326),Brandin Podziemski (37819081),Amen Thompson (37819007),Jaren Jackson Jr. (37819020),Kevon Looney (37819298),Kyrie Irving (37818989),Santi Aldama (37819116),Draymond Green (37819085),294.74,390.31,49500,99.96%,0,81.39%,0,193.01999999999998,$3.26,MEM 3,GSW 3,user15,1,marvalshot,14900,4652746679_15
Killian Hayes (37819199),Malik Beasley (37819163),Ausar Thompson (37819144),Maxwell Lewis (37819541),Alperen Sengun (37819001),Jalen Green (37819027),Jaren Jackson Jr. (37819020),Stephen Curry (37818995),277.23310763888884,366.3476993558589,50000,0.04%,0,-99.94%,0,135.89,$-4.0,BKN 2,DET 2,user40,1,marvalshot,14974,4652746680_40
Killian Hayes (37819199),Malik Monk (37819030),Ausar Thompson (37819144),Santi Aldama (37819116),Domantas Sabonis (37818987),Stephen Curry (37818995),Naji Marshall (37819135),Scotty Pippen Jr. (37819326),280.8329166666667,369.5229509186981,49300,3.13%,0,-95.61%,0,184.45999999999998,$-3.82,SAC 2,MEM 2,user27,1,marvalshot,15009,4652746681_27
Stephen Curry (37818995),Buddy Hield (37819264),Naji Marshall (37819135),Giannis Antetokounmpo (37818975),Moses Brown (37819161),Scotty Pippen Jr. (37819326),Keegan Murray (37819141),Jaren Jackson Jr. (37819020),294.26000000000005,397.11,49800,99.99%,0,77.37%,0,205.09,$3.09,GSW 2,DAL 2,user40,1,marvalshot,15071,4652746682_40
Killian Hayes (37819199),Malik Monk (37819030),Paul George (37819038),Jaren Jackson Jr. (37819020),Jalen Duren (37819057),Scotty Pippen Jr. (37819326),PJ Washington (37819042),Santi Aldama (37819116),294.8359548611111,381.4636911044897,49100,99.99%,0,82.39%,0,202.23,$3.3,MEM 3,BKN 1,user22,1,marvalshot,15102,4652746683_22
Killian Hayes (37819199),Jalen Green (37819027),John Konchar (37819393),Santi Aldama (37819116),Jalen Duren (37819057),Stephen Curry (37818995),Giannis Antetokounmpo (37818975),Kevon Looney (37819298),294.51595486111114,392.8336911044898,49900,99.98%,0,79.59%,0,203.38,$3.18,MEM 2,GSW 2,user49,1,marvalshot,15178,4652746684_49
Amen Thompson (37819007),Malik Beasley (37819163),Ausar Thompson (37819144),Santi Aldama (37819116),Jalen Duren (37819057),Stephen Curry (37818995),Gregory Jackson (37819336),Jaren Jackson Jr. (37819020),324.6978819444444,419.79937139424317,50000,100.00%,50000,1588.31%,0,187.15,$63.53,DET 3,MEM 3,user43,1,marvalshot,15221,4652746685_43
Killian Hayes (37819199),Devin Vassell (37819093),Harrison Barnes (37819176),Giannis Antetokounmpo (37818975),Alperen Sengun (37819001),Stephen Curry (37818995),Gregory Jackson (37819336),Scotty Pippen Jr. (37819326),281.0003472222222,382.62550224656104,50000,3.02%,0,-95.88%,0,197.48000000000002,$-3.84,SAS 2,MEM 2,user5,1,marvalshot,15232,4652746686_5
Killian Hayes (37819199),Stephon Castle (37819089),Ausar Thompson (37819144),Santi Aldama (37819116),Draymond Green (37819085),Kyrie Irving (37818989),Giannis Antetokounmpo (37818975),Scotty Pippen Jr. (37819326),281.24291666666664,377.0929509186981,49900,4.07%,0,-94.32%,0,189.42000000000002,$-3.77,MEM 2,BKN 1,user13,1,marvalshot,14802,4652746677_13
Stephen Curry (37818995),Brandin Podziemski (37819081),Cameron Johnson (37819066),Ausar Thompson (37819144),Jalen Duren (37819057),Zach LaVine (37819015),Gregory Jackson (37819336),Santi Aldama (37819116),300.58006944444446,389.59685952737846,49000,100.00%,0,127.36%,0,184.63,$5.09,GSW 2,DET 2,user8,1,marvalshot,14844,4652746678_8
Stephen Curry (37818995),Malik Monk (37819030),Keldon Johnson (37819184),Giannis Antetokounmpo (37818975),Jonas Valanciunas (37819283),Scotty Pippen Jr. (37819326),Jaren Jackson Jr. (37819020),John Konchar (37819393),294.56,397.62,49600,99.99%,0,80.22%,0,214.42000000000002,$3.21,MEM 3,SAC 2,user39,1,marvalshot,14924,4652746679_39
Killian Hayes (37819199),Malik Beasley (37819163),Ausar Thompson (37819144),Maxwell Lewis (37819541),Giannis Antetokounmpo (37818975),Stephen Curry (37818995),Paul George (37819038),Santi Aldama (37819116),277.47310763888885,365.04769935585887,49500,0.05%,0,-99.94%,0,151.12,$-4.0,BKN 2,DET 2,user18,1,marvalshot,14952,4652746680_18
Killian Hayes (37819199),Buddy Hield (37819264),Ausar Thompson (37819144),Kyle Kuzma (37819059),Giannis Antetokounmpo (37818975),De'Aaron Fox (37819003),Jaren Jackson Jr. (37819020),Scotty Pippen Jr. (37819326),281.05291666666665,375.93295091869805,50000,2.49%,0,-96.58%,0,180.54999999999998,$-3.86,MIL 2,MEM 2,user28,1,marvalshot,15010,4652746681_28
Scotty Pippen Jr. (37819326),Brandin Podziemski (37819081),Kyle Kuzma (37819059),Giannis Antetokounmpo (37818975),Kevon Looney (37819298),Amen Thompson (37819007),Jaren Jackson Jr. (37819020),Gregory Jackson (37819336),293.94000000000005,395.73,49400,99.99%,0,74.36%,0,200.89999999999998,$2.97,MEM 3,GSW 2,user15,1,marvalshot,15046,4652746682_15
Killian Hayes (37819199),Brandin Podziemski (37819081),Gregory Jackson (37819336),Santi Aldama (37819116),Jalen Duren (37819057),Malik Monk (37819030),Amen Thompson (37819007),Jaren Jackson Jr. (37819020),294.4159548611111,382.6336911044898,49000,99.99%,0,78.81%,0,196.32999999999998,$3.15,MEM 3,BKN 1,user17,1,marvalshot,15097,4652746683_17
Killian Hayes (37819199),Brandin Podziemski (37819081),Amen Thompson (37819007),Santi Aldama (37819116),Jalen Duren (37819057),Tyrese Maxey (37818992),Kyle Kuzma (37819059),Scotty Pippen Jr. (37819326),293.99595486111116,378.71369110448984,49200,99.94%,0,75.01%,0,198.24,$3.0,MEM 2,BKN 1,user27,1,marvalshot,15156,4652746684_27
Tyrese Maxey (37818992),Malik Beasley (37819163),Ausar Thompson (37819144),Jaren Jackson Jr. (37819020),Jalen Duren (37819057),Scotty Pippen Jr. (37819326),Paul George (37819038),Santi Aldama (37819116),324.6378819444444,413.16937139424317,49100,100.00%,50000,1546.07%,0,201.0,$61.84,DET 3,MEM 3,user1,1,marvalshot,15179,4652746685_1
Killian Hayes (37819199),Quentin Grimes (37819127),Amen Thompson (37819007),Giannis Antetokounmpo (37818975),Draymond Green (37819085),Scotty Pippen Jr. (37819326),John Konchar (37819393),Alperen Sengun (37819001),279.65034722222225,375.8955022465611,49700,0.91%,0,-98.74%,0,201.92,$-3.95,HOU 2,MEM 2,user49,1,marvalshot,15276,4652746686_49
Killian Hayes (37819199),Malik Monk (37819030),Ausar Thompson (37819144),Giannis Antetokounmpo (37818975),Alperen Sengun (37819001),Scotty Pippen Jr. (37819326),Dillon Brooks (37819168),Santi Aldama (37819116),281.17291666666665,376.57295091869804,50000,3.40%,0,-95.26%,0,205.45000000000002,$-3.81,HOU 2,MEM 2,user12,1,marvalshot,14801,4652746677_12
Fred VanVleet (37819051),Devin Vassell (37819093),Cameron Johnson (37819066),Ausar Thompson (37819144),Jalen Duren (37819057),Stephen Curry (37818995),Gregory Jackson (37819336),Jaren Jackson Jr. (37819020),299.97006944444445,389.8868595273784,49900,100.00%,0,122.12%,0,154.86,$4.88,DET 2,MEM 2,user15,1,marvalshot,14851,4652746678_15
Scotty Pippen Jr. (37819326),Brandin Podziemski (37819081),Gregory Jackson (37819336),Santi Aldama (37819116),Draymond Green (37819085),Kyrie Irving (37818989),PJ Washington (37819042),Stephen Curry (37818995),294.43,389.62,49200,99.98%,0,78.72%,0,200.98,$3.15,MEM 3,GSW 3,user49,1,marvalshot,14934,4652746679_49
Killian Hayes (37819199),Malik Beasley (37819163),Ausar Thompson (37819144),Maxwell Lewis (37819541),Domantas Sabonis (37818987),Scotty Pippen Jr. (37819326),Giannis Antetokounmpo (37818975),Tyrese Maxey (37818992),277.30310763888883,364.7476993558589,50000,0.05%,0,-99.94%,0,146.81,$-4.0,BKN 2,DET 2,user37,1,marvalshot,14971,4652746680_37
Killian Hayes (37819199),Luke Kennard (37819236),Ausar Thompson (37819144),Jaren Jackson Jr. (37819020),Zach Edey (37819197),Stephen Curry (37818995),Giannis Antetokounmpo (37818975),Moses Moody (37819210),280.7129166666667,379.2029509186981,49500,2.09%,0,-97.18%,0,169.08,$-3.89,MEM 3,GSW 2,user41,1,marvalshot,15023,4652746681_41
Tyrese Maxey (37818992),Devin Vassell (37819093),Klay Thompson (37819119),Paul George (37819038),Jaren Jackson Jr. (37819020),Scotty Pippen Jr. (37819326),Santi Aldama (37819116),Brandin Podziemski (37819081),293.88,381.87,50000,99.96%,0,74.27%,0,194.91,$2.97,MEM 3,PHI 2,user7,1,marvalshot,15038,4652746682_7
Killian Hayes (37819199),Luke Kennard (37819236),Amen Thompson (37819007),Harrison Barnes (37819176),Jalen Duren (37819057),Scotty Pippen Jr. (37819326),Giannis Antetokounmpo (37818975),Jaren Jackson Jr. (37819020),294.3559548611111,390.17369110448976,49800,99.99%,0,78.33%,0,198.05,$3.13,MEM 3,BKN 1,user5,1,marvalshot,15085,4652746683_5
Killian Hayes (37819199),Brandin Podziemski (37819081),Naji Marshall (37819135),Jaren Jackson Jr. (37819020),Jalen Duren (37819057),Scotty Pippen Jr. (37819326),Zach LaVine (37819015),De'Aaron Fox (37819003),293.0959548611111,379.66369110448977,49500,99.85%,0,67.54%,0,186.45999999999998,$2.7,MEM 2,BKN 1,user19,1,marvalshot,15148,4652746684_19
Stephen Curry (37818995),Malik Beasley (37819163),Ausar Thompson (37819144),Giannis Antetokounmpo (37818975),Jalen Duren (37819057),Scotty Pippen Jr. (37819326),John Konchar (37819393),Paul George (37819038),324.42788194444444,420.20937139424314,49600,100.00%,50000,1468.27%,0,207.15999999999997,$58.73,DET 3,MEM 2,user41,1,marvalshot,15219,4652746685_41
Killian Hayes (37819199),Brandin Podziemski (37819081),John Konchar (37819393),Harrison Barnes (37819176),Alperen Sengun (37819001),Stephen Curry (37818995),Giannis Antetokounmpo (37818975),Gregory Jackson (37819336),279.14034722222226,378.0055022465611,49800,0.33%,0,-99.55%,0,202.51,$-3.98,GSW 2,MEM 2,user1,1,marvalshot,15228,4652746686_1
Killian Hayes (37819199),Luke Kennard (37819236),Ausar Thompson (37819144),Gregory Jackson (37819336),Giannis Antetokounmpo (37818975),Damian Lillard (37818998),Jaren Jackson Jr. (37819020),Santi Aldama (37819116),281.5929166666666,377.64295091869803,49400,3.41%,0,-95.3%,0,204.09,$-3.81,MEM 4,MIL 2,user8,1,marvalshot,14797,4652746677_8
Brandin Podziemski (37819081),Malik Monk (37819030),Cameron Johnson (37819066),Ausar Thompson (37819144),Jalen Duren (37819057),Scotty Pippen Jr. (37819326),Giannis Antetokounmpo (37818975),Buddy Hield (37819264),299.2800694444444,392.1668595273784,49100,100.00%,0,115.85%,0,183.91999999999996,$4.63,GSW 2,DET 2,user32,1,marvalshot,14868,4652746678_32
Stephen Curry (37818995),Malik Monk (37819030),Keldon Johnson (37819184),Tari Eason (37819106),Giannis Antetokounmpo (37818975),Scotty Pippen Jr. (37819326),Santi Aldama (37819116),Gregory Jackson (37819336),293.98,396.90999999999997,49600,99.97%,0,75.09%,0,214.61999999999998,$3.0,MEM 3,GSW 1,user4,1,marvalshot,14889,4652746679_4
Killian Hayes (37819199),Malik Beasley (37819163),Ausar Thompson (37819144),Maxwell Lewis (37819541),Alperen Sengun (37819001),Stephen Curry (37818995),Giannis Antetokounmpo (37818975),Zach Edey (37819197),276.66310763888885,372.34769935585894,50000,0.02%,0,-99.98%,0,138.78,$-4.0,BKN 2,DET 2,user43,1,marvalshot,14977,4652746680_43
Killian Hayes (37819199),Zach LaVine (37819015),Ausar Thompson (37819144),Kyle Kuzma (37819059),Giannis Antetokounmpo (37818975),Stephen Curry (37818995),John Konchar (37819393),Scotty Pippen Jr. (37819326),279.8929166666667,371.4529509186981,49500,0.83%,0,-98.87%,0,198.81,$-3.95,MIL 2,MEM 2,user42,1,marvalshot,15024,4652746681_42
Scotty Pippen Jr. (37819326),Jalen Green (37819027),John Konchar (37819393),Jaren Jackson Jr. (37819020),Zach Edey (37819197),Kyrie Irving (37818989),Giannis Antetokounmpo (37818975),Gregory Jackson (37819336),293.63,396.19,49300,99.97%,0,71.76%,0,215.60999999999999,$2.87,MEM 5,HOU 1,user34,1,marvalshot,15065,4652746682_34
Killian Hayes (37819199),Buddy Hield (37819264),Moses Moody (37819210),Giannis Antetokounmpo (37818975),Jalen Duren (37819057),Brandin Podziemski (37819081),Santi Aldama (37819116),Alperen Sengun (37819001),294.27595486111113,392.5536911044898,49700,99.99%,0,77.55%,0,202.38,$3.1,GSW 3,BKN 1,user46,1,marvalshot,15126,4652746683_46
Killian Hayes (37819199),Gary Payton II (37819372),Paul George (37819038),Giannis Antetokounmpo (37818975),Jalen Duren (37819057),Scotty Pippen Jr. (37819326),Santi Aldama (37819116),Kyrie Irving (37818989),292.4059548611111,385.9036911044898,49900,99.59%,0,62.18%,0,195.64,$2.49,MEM 2,BKN 1,user20,1,marvalshot,15149,4652746684_20
Brandin Podziemski (37819081),Malik Beasley (37819163),Ausar Thompson (37819144),Giannis Antetokounmpo (37818975),Jalen Duren (37819057),Scotty Pippen Jr. (37819326),Tari Eason (37819106),Jaren Jackson Jr. (37819020),324.3178819444444,423.18937139424315,49800,100.00%,50000,1361.6%,0,202.33999999999997,$54.46,DET 3,MEM 2,user14,1,marvalshot,15192,4652746685_14
Killian Hayes (37819199),Buddy Hield (37819264),Naji Marshall (37819135),Tari Eason (37819106),Alperen Sengun (37819001),Scotty Pippen Jr. (37819326),Giannis Antetokounmpo (37818975),Jaren Jackson Jr. (37819020),278.3403472222222,380.12550224656104,49500,0.11%,0,-99.84%,0,195.82,$-3.99,HOU 2,MEM 2,user36,1,marvalshot,15263,4652746686_36
Killian Hayes (37819199),Brandin Podziemski (37819081),Ausar Thompson (37819144),Giannis Antetokounmpo (37818975),Jaren Jackson Jr. (37819020),Stephon Castle (37819089),Keldon Johnson (37819184),Santi Aldama (37819116),281.19291666666663,377.342950918698,49900,2.48%,0,-96.64%,0,196.3,$-3.87,MEM 2,SAS 2,user15,1,marvalshot,14804,4652746677_15
Luke Kennard (37819236),Devin Vassell (37819093),Cameron Johnson (37819066),Ausar Thompson (37819144),Jalen Duren (37819057),Brandin Podziemski (37819081),Santi Aldama (37819116),Giannis Antetokounmpo (37818975),299.17006944444444,390.8268595273785,49600,100.00%,0,115.09%,0,191.66000000000003,$4.6,MEM 2,DET 2,user16,1,marvalshot,14852,4652746678_16
Scotty Pippen Jr. (37819326),Luke Kennard (37819236),Gary Payton II (37819372),Kyle Kuzma (37819059),Alperen Sengun (37819001),Kelly Oubre Jr. (37819076),Jaren Jackson Jr. (37819020),Giannis Antetokounmpo (37818975),292.92,392.96000000000004,50000,99.89%,0,66.15%,0,199.37,$2.65,MEM 3,MIL 2,user25,1,marvalshot,14910,4652746679_25
Killian Hayes (37819199),Malik Beasley (37819163),Ausar Thompson (37819144),Maxwell Lewis (37819541),Jaren Jackson Jr. (37819020),Stephen Curry (37818995),Klay Thompson (37819119),Giannis Antetokounmpo (37818975),276.9031076388889,367.527699355859,50000,0.01%,0,-99.98%,0,136.64,$-4.0,BKN 2,DET 2,user23,1,marvalshot,14957,4652746680_23
Killian Hayes (37819199),Devin Vassell (37819093),Ausar Thompson (37819144),Giannis Antetokounmpo (37818975),Draymond Green (37819085),Stephen Curry (37818995),John Konchar (37819393),Santi Aldama (37819116),279.4629166666667,372.8129509186981,49100,0.61%,0,-99.18%,0,193.7,$-3.97,GSW 2,MEM 2,user4,1,marvalshot,14987,4652746681_4
Scotty Pippen Jr. (37819326),Malik Monk (37819030),Buddy Hield (37819264),Santi Aldama (37819116),Zach Edey (37819197),Kelly Oubre Jr. (37819076),Giannis Antetokounmpo (37818975),Alperen Sengun (37819001),293.44,394.57,50000,99.91%,0,70.56%,0,202.27,$2.82,MEM 3,SAC 1,user6,1,marvalshot,15037,4652746682_6
Killian Hayes (37819199),Brandin Podziemski (37819081),Gregory Jackson (37819336),Moses Moody (37819210),Jalen Duren (37819057),Stephen Curry (37818995),Giannis Antetokounmpo (37818975),Stephon Castle (37819089),294.1459548611111,392.26369110448974,49900,99.98%,0,76.24%,0,179.32999999999998,$3.05,GSW 3,BKN 1,user48,1,marvalshot,15128,4652746683_48
Killian Hayes (37819199),Luke Kennard (37819236),Devin Vassell (37819093),Giannis Antetokounmpo (37818975),Jalen Duren (37819057),Stephen Curry (37818995),Jaylen Wells (37819202),Santi Aldama (37819116),292.1259548611111,385.55369110448976,49900,99.60%,0,60.47%,0,186.54,$2.42,MEM 3,BKN 1,user21,1,marvalshot,15150,4652746684_21
Scotty Pippen Jr. (37819326),Malik Beasley (37819163),Ausar Thompson (37819144),Giannis Antetokounmpo (37818975),Jalen Duren (37819057),Malik Monk (37819030),Jaren Jackson Jr. (37819020),Gregory Jackson (37819336),324.0078819444445,422.1193713942432,49000,100.00%,50000,1243.72%,0,205.73,$49.75,MEM 3,DET 3,user23,1,marvalshot,15201,4652746685_23
Killian Hayes (37819199),Malik Monk (37819030),Gregory Jackson (37819336),Giannis Antetokounmpo (37818975),Jaren Jackson Jr. (37819020),Brandin Podziemski (37819081),Buddy Hield (37819264),Draymond Green (37819085),278.3203472222222,372.94550224656103,49200,0.06%,0,-99.92%,0,171.38,$-4.0,GSW 3,MEM 2,user26,1,marvalshot,15253,4652746686_26
Killian Hayes (37819199),Brandin Podziemski (37819081),Ausar Thompson (37819144),Jaren Jackson Jr. (37819020),Giannis Antetokounmpo (37818975),Tyrese Maxey (37818992),John Konchar (37819393),Quinten Post (37819285),280.85291666666666,373.5829509186981,49600,2.02%,0,-97.24%,0,192.58999999999997,$-3.89,GSW 2,MEM 2,user39,1,marvalshot,14826,4652746677_39
Malik Monk (37819030),Jalen Green (37819027),Cameron Johnson (37819066),Ausar Thompson (37819144),Jalen Duren (37819057),Scotty Pippen Jr. (37819326),John Konchar (37819393),Giannis Antetokounmpo (37818975),299.02006944444446,391.34685952737846,49800,100.00%,0,113.81%,0,193.06,$4.55,DET 2,MEM 2,user6,1,marvalshot,14842,4652746678_6
Scotty Pippen Jr. (37819326),Dante Exum (37819192),Kyle Kuzma (37819059),Paul George (37819038),Giannis Antetokounmpo (37818975),Stephen Curry (37818995),Santi Aldama (37819116),Quinten Post (37819285),292.37,391.91,49900,99.60%,0,62.13%,0,196.97,$2.49,MEM 2,MIL 2,user48,1,marvalshot,14933,4652746679_48
Killian Hayes (37819199),Malik Beasley (37819163),Ausar Thompson (37819144),Maxwell Lewis (37819541),Giannis Antetokounmpo (37818975),Amen Thompson (37819007),Jaren Jackson Jr. (37819020),Santi Aldama (37819116),277.02310763888886,366.0176993558589,49500,0.01%,0,-99.98%,0,158.32,$-4.0,BKN 2,DET 2,user11,1,marvalshot,14945,4652746680_11
Killian Hayes (37819199),Zach LaVine (37819015),Ausar Thompson (37819144),Gregory Jackson (37819336),Giannis Antetokounmpo (37818975),Quentin Grimes (37819127),Jaren Jackson Jr. (37819020),Santi Aldama (37819116),279.15291666666667,371.63295091869804,49700,0.30%,0,-99.6%,0,190.89000000000001,$-3.98,MEM 3,BKN 1,user10,1,marvalshot,14993,4652746681_10
Brandin Podziemski (37819081),Stephon Castle (37819089),John Konchar (37819393),Santi Aldama (37819116),Quinten Post (37819285),Jalen Green (37819027),Giannis Antetokounmpo (37818975),Jaren Jackson Jr. (37819020),293.05,393.74,49900,99.90%,0,67.21%,0,217.14,$2.69,MEM 3,GSW 2,user42,1,marvalshot,15073,4652746682_42
Killian Hayes (37819199),Luke Kennard (37819236),Moses Moody (37819210),Jaren Jackson Jr. (37819020),Jalen Duren (37819057),Stephen Curry (37818995),Tari Eason (37819106),Alperen Sengun (37819001),293.6559548611111,389.81369110448975,49900,99.92%,0,72.49%,0,177.65,$2.9,MEM 2,GSW 2,user25,1,marvalshot,15105,4652746683_25
Killian Hayes (37819199),Dante Exum (37819192),Naji Marshall (37819135),Santi Aldama (37819116),Jalen Duren (37819057),Scotty Pippen Jr. (37819326),Giannis Antetokounmpo (37818975),Domantas Sabonis (37818987),291.3559548611111,386.98369110448976,49400,98.89%,0,54.94%,0,201.66999999999996,$2.2,DAL 2,MEM 2,user3,1,marvalshot,15132,4652746684_3
Scotty Pippen Jr. (37819326),Malik Beasley (37819163),Ausar Thompson (37819144),Giannis Antetokounmpo (37818975),Jalen Duren (37819057),Chris Paul (37819103),Jaren Jackson Jr. (37819020),Santi Aldama (37819116),324.10788194444444,423.20937139424314,49300,100.00%,50000,1229.21%,0,220.24,$49.17,MEM 3,DET 3,user35,1,marvalshot,15213,4652746685_35
Killian Hayes (37819199),Kelly Oubre Jr. (37819076),Moses Moody (37819210),Giannis Antetokounmpo (37818975),Jaren Jackson Jr. (37819020),Brandin Podziemski (37819081),Keldon Johnson (37819184),Santi Aldama (37819116),278.2703472222222,370.215502246561,49200,0.06%,0,-99.93%,0,192.70999999999998,$-4.0,GSW 2,MEM 2,user34,1,marvalshot,15261,4652746686_34
Killian Hayes (37819199),Kelly Oubre Jr. (37819076),Ausar Thompson (37819144),Giannis Antetokounmpo (37818975),Jaren Jackson Jr. (37819020),Buddy Hield (37819264),John Konchar (37819393),Stephen Curry (37818995),280.7629166666667,374.0129509186981,49600,1.89%,0,-97.38%,0,182.03000000000003,$-3.9,MEM 2,GSW 2,user9,1,marvalshot,14798,4652746677_9
Chris Paul (37819103),Buddy Hield (37819264),Cameron Johnson (37819066),Ausar Thompson (37819144),Jalen Duren (37819057),Stephen Curry (37818995),Santi Aldama (37819116),Jaren Jackson Jr. (37819020),298.3800694444445,390.6368595273785,49100,100.00%,0,108.82%,0,174.8,$4.35,GSW 2,DET 2,user47,1,marvalshot,14883,4652746678_47
Scotty Pippen Jr. (37819326),Brandin Podziemski (37819081),Gregory Jackson (37819336),Naji Marshall (37819135),Giannis Antetokounmpo (37818975),Tyrese Maxey (37818992),Devin Vassell (37819093),Santi Aldama (37819116),292.38,388.28999999999996,49000,99.75%,0,62.0%,0,216.45,$2.48,MEM 3,GSW 1,user19,1,marvalshot,14904,4652746679_19
Killian Hayes (37819199),Malik Beasley (37819163),Ausar Thompson (37819144),Maxwell Lewis (37819541),Jaren Jackson Jr. (37819020),Stephen Curry (37818995),Giannis Antetokounmpo (37818975),Keegan Murray (37819141),277.1031076388889,365.807699355859,49700,0.02%,0,-99.98%,0,138.7,$-4.0,BKN 2,DET 2,user3,1,marvalshot,14937,4652746680_3
Killian Hayes (37819199),De'Aaron Fox (37819003),Ausar Thompson (37819144),Jaren Jackson Jr. (37819020),Giannis Antetokounmpo (37818975),Scotty Pippen Jr. (37819326),Naji Marshall (37819135),Moses Moody (37819210),278.41291666666666,373.13295091869804,49500,0.15%,0,-99.81%,0,178.26999999999998,$-3.99,MEM 2,BKN 1,user29,1,marvalshot,15011,4652746681_29
Stephen Curry (37818995),Stephon Castle (37819089),Devin Vassell (37819093),Giannis Antetokounmpo (37818975),Brook Lopez (37819101),Brandin Podziemski (37819081),Gregory Jackson (37819336),Scotty Pippen Jr. (37819326),292.46000000000004,391.82000000000005,49800,99.75%,0,62.58%,0,191.23,$2.5,GSW 2,SAS 2,user44,1,marvalshot,15075,4652746682_44
Killian Hayes (37819199),Dante Exum (37819192),Buddy Hield (37819264),Gregory Jackson (37819336),Jalen Duren (37819057),Stephen Curry (37818995),Jaren Jackson Jr. (37819020),Giannis Antetokounmpo (37818975),293.46595486111113,393.7436911044898,49600,99.96%,0,70.47%,0,179.44,$2.82,GSW 2,MEM 2,user7,1,marvalshot,15087,4652746683_7
Killian Hayes (37819199),Brandin Podziemski (37819081),Amen Thompson (37819007),Jaren Jackson Jr. (37819020),Jalen Duren (37819057),Scotty Pippen Jr. (37819326),Kyle Kuzma (37819059),PJ Washington (37819042),290.82595486111114,377.8636911044898,49600,98.12%,0,51.91%,0,182.05,$2.08,MEM 2,BKN 1,user48,1,marvalshot,15177,4652746684_48
Scotty Pippen Jr. (37819326),Malik Beasley (37819163),Ausar Thompson (37819144),Paul George (37819038),Jalen Duren (37819057),Brandin Podziemski (37819081),Santi Aldama (37819116),Giannis Antetokounmpo (37818975),323.7278819444444,417.8693713942431,49100,100.00%,49999,1160.58%,0,214.32,$46.42,DET 3,MEM 2,user27,1,marvalshot,15205,4652746685_27
Killian Hayes (37819199),Brandin Podziemski (37819081),Gary Payton II (37819372),Giannis Antetokounmpo (37818975),Jaren Jackson Jr. (37819020),De'Aaron Fox (37819003),Santi Aldama (37819116),Quinten Post (37819285),277.55034722222223,374.645502246561,49700,0.04%,0,-99.95%,0,186.64,$-4.0,GSW 3,MEM 2,user4,1,marvalshot,15231,4652746686_4
Killian Hayes (37819199),Buddy Hield (37819264),Ausar Thompson (37819144),Jaren Jackson Jr. (37819020),Alperen Sengun (37819001),Brandin Podziemski (37819081),Giannis Antetokounmpo (37818975),Quinten Post (37819285),280.7629166666666,381.49295091869806,50000,1.87%,0,-97.46%,0,182.41,$-3.9,GSW 3,BKN 1,user30,1,marvalshot,14817,4652746677_30
Malik Monk (37819030),Luke Kennard (37819236),Cameron Johnson (37819066),Ausar Thompson (37819144),Jalen Duren (37819057),Scotty Pippen Jr. (37819326),Giannis Antetokounmpo (37818975),Kelly Oubre Jr. (37819076),297.8900694444444,387.3268595273784,49300,100.00%,0,104.87%,0,178.79999999999998,$4.19,MEM 2,DET 2,user19,1,marvalshot,14855,4652746678_19
Stephen Curry (37818995),De'Aaron Fox (37819003),Devin Vassell (37819093),Gui Santos (37819331),Draymond Green (37819085),Scotty Pippen Jr. (37819326),Gregory Jackson (37819336),Giannis Antetokounmpo (37818975),290.84999999999997,392.15,50000,98.05%,0,52.21%,0,172.36,$2.09,GSW 3,SAS 2,user9,1,marvalshot,14894,4652746679_9
Killian Hayes (37819199),Malik Beasley (37819163),Ausar Thompson (37819144),Maxwell Lewis (37819541),Alperen Sengun (37819001),Stephen Curry (37818995),Jaren Jackson Jr. (37819020),DeMar DeRozan (37819046),276.1831076388889,362.89769935585895,49600,0.02%,0,-99.98%,0,135.38,$-4.0,BKN 2,DET 2,user26,1,marvalshot,14960,4652746680_26
Killian Hayes (37819199),Stephon Castle (37819089),Ausar Thompson (37819144),Santi Aldama (37819116),Giannis Antetokounmpo (37818975),Damian Lillard (37818998),Kyle Kuzma (37819059),Scotty Pippen Jr. (37819326),276.92291666666665,370.27295091869803,49900,0.02%,0,-99.97%,0,191.89999999999998,$-4.0,MIL 3,MEM 2,user7,1,marvalshot,14990,4652746681_7
Scotty Pippen Jr. (37819326),Buddy Hield (37819264),John Konchar (37819393),Santi Aldama (37819116),Giannis Antetokounmpo (37818975),De'Aaron Fox (37819003),Guerschon Yabusele (37819152),Stephen Curry (37818995),291.94,391.38,49100,99.48%,0,59.04%,0,220.68,$2.36,MEM 3,GSW 2,user,1,marvalshot,13922,4652746682
Killian Hayes (37819199),Quentin Grimes (37819127),Kelly Oubre Jr. (37819076),Jaren Jackson Jr. (37819020),Jalen Duren (37819057),Stephon Castle (37819089),Santi Aldama (37819116),Alperen Sengun (37819001),293.3459548611111,383.12369110448975,49700,99.87%,0,69.8%,0,190.2,$2.79,PHI 2,MEM 2,user2,1,marvalshot,15082,4652746683_2
Killian Hayes (37819199),Brandin Podziemski (37819081),Gregory Jackson (37819336),Giannis Antetokounmpo (37818975),Jalen Duren (37819057),Jalen Green (37819027),Santi Aldama (37819116),Stephon Castle (37819089),290.47595486111106,386.6036911044897,49600,97.74%,0,49.84%,0,195.28000000000003,$1.99,MEM 2,BKN 1,user33,1,marvalshot,15162,4652746684_33
Scotty Pippen Jr. (37819326),Malik Beasley (37819163),Ausar Thompson (37819144),Kyle Kuzma (37819059),Jalen Duren (37819057),Jalen Green (37819027),Jaren Jackson Jr. (37819020),Stephen Curry (37818995),323.60788194444444,416.4693713942432,50000,100.00%,50000,1148.48%,0,179.52,$45.94,DET 3,MEM 2,user16,1,marvalshot,15194,4652746685_16
Killian Hayes (37819199),Buddy Hield (37819264),John Konchar (37819393),Gregory Jackson (37819336),Domantas Sabonis (37818987),Malik Monk (37819030),Giannis Antetokounmpo (37818975),Jaren Jackson Jr. (37819020),277.9603472222222,372.675502246561,49900,0.04%,0,-99.95%,0,186.81,$-4.0,MEM 3,SAC 2,user30,1,marvalshot,15257,4652746686_30
Killian Hayes (37819199),Kelly Oubre Jr. (37819076),Ausar Thompson (37819144),Santi Aldama (37819116),Giannis Antetokounmpo (37818975),Brandin Podziemski (37819081),Buddy Hield (37819264),Jaren Jackson Jr. (37819020),280.06291666666664,371.672950918698,49100,0.68%,0,-99.11%,0,189.19,$-3.96,MEM 2,GSW 2,user45,1,marvalshot,14832,4652746677_45
Brandin Podziemski (37819081),Luke Kennard (37819236),Cameron Johnson (37819066),Ausar Thompson (37819144),Jalen Duren (37819057),AJ Green (37819287),Giannis Antetokounmpo (37818975),Jaren Jackson Jr. (37819020),296.6800694444444,388.4468595273785,49700,100.00%,0,96.37%,0,174.6,$3.85,MEM 2,DET 2,user7,1,marvalshot,14843,4652746678_7
Stephen Curry (37818995),Devin Vassell (37819093),Gregory Jackson (37819336),Jaren Jackson Jr. (37819020),Draymond Green (37819085),Damian Lillard (37818998),Jaylen Wells (37819202),Santi Aldama (37819116),290.68999999999994,384.56999999999994,50000,97.41%,0,50.92%,0,168.48000000000002,$2.04,MEM 4,GSW 2,user14,1,marvalshot,14899,4652746679_14
Killian Hayes (37819199),Malik Beasley (37819163),Ausar Thompson (37819144),Maxwell Lewis (37819541),Alperen Sengun (37819001),Tyrese Maxey (37818992),Santi Aldama (37819116),Stephen Curry (37818995),276.4831076388889,362.00769935585896,49300,0.02%,0,-99.98%,0,149.76999999999998,$-4.0,BKN 2,DET 2,user28,1,marvalshot,14962,4652746680_28
Killian Hayes (37819199),Stephon Castle (37819089),Ausar Thompson (37819144),Giannis Antetokounmpo (37818975),Kevon Looney (37819298),Scotty Pippen Jr. (37819326),Jaren Jackson Jr. (37819020),Damian Lillard (37818998),276.17291666666665,374.80295091869806,49600,0.01%,0,-99.99%,0,177.01999999999998,$-4.0,MIL 2,MEM 2,user3,1,marvalshot,14986,4652746681_3
Stephen Curry (37818995),Klay Thompson (37819119),Naji Marshall (37819135),Santi Aldama (37819116),Jaren Jackson Jr. (37819020),Scotty Pippen Jr. (37819326),Harrison Barnes (37819176),Tyrese Maxey (37818992),291.39,384.06,49900,98.74%,0,55.55%,0,186.76,$2.22,MEM 3,DAL 2,user49,1,marvalshot,15080,4652746682_49
Killian Hayes (37819199),Quentin Grimes (37819127),Keldon Johnson (37819184),Giannis Antetokounmpo (37818975),Jalen Duren (37819057),Scotty Pippen Jr. (37819326),Devin Vassell (37819093),Stephen Curry (37818995),293.3359548611111,388.20369110448974,49600,99.94%,0,69.76%,0,193.47,$2.79,SAS 2,BKN 1,user12,1,marvalshot,15092,4652746683_12
Killian Hayes (37819199),Zach LaVine (37819015),Paul George (37819038),Santi Aldama (37819116),Jalen Duren (37819057),Brandin Podziemski (37819081),Keldon Johnson (37819184),Jaren Jackson Jr. (37819020),290.1759548611111,374.58369110448973,49500,96.80%,0,47.76%,0,185.08,$1.91,MEM 2,BKN 1,user,1,marvalshot,4246,4652746684
Brandin Podziemski (37819081),Malik Beasley (37819163),Ausar Thompson (37819144),Tari Eason (37819106),Jalen Duren (37819057),Stephen Curry (37818995),Jaren Jackson Jr. (37819020),Santi Aldama (37819116),323.58788194444446,417.1193713942432,49900,100.00%,50000,1118.24%,0,188.1,$44.73,DET 3,GSW 2,user47,1,marvalshot,15225,4652746685_47
Killian Hayes (37819199),Devin Vassell (37819093),Gregory Jackson (37819336),Keldon Johnson (37819184),Giannis Antetokounmpo (37818975),Scotty Pippen Jr. (37819326),Amen Thompson (37819007),Stephen Curry (37818995),276.15034722222225,373.92550224656105,49600,0.00%,0,-100.0%,0,184.13,$-4.0,SAS 2,MEM 2,user44,1,marvalshot,15271,4652746686_44
Killian Hayes (37819199),Brandin Podziemski (37819081),Ausar Thompson (37819144),Jaren Jackson Jr. (37819020),Domantas Sabonis (37818987),Stephen Curry (37818995),Dillon Brooks (37819168),Gregory Jackson (37819336),278.91291666666666,368.73295091869807,49600,0.36%,0,-99.53%,0,162.95,$-3.98,GSW 2,MEM 2,user3,1,marvalshot,14792,4652746677_3
Scotty Pippen Jr. (37819326),Buddy Hield (37819264),Cameron Johnson (37819066),Ausar Thompson (37819144),Jalen Duren (37819057),Stephen Curry (37818995),PJ Washington (37819042),Tyrese Maxey (37818992),296.1900694444444,385.34685952737846,50000,100.00%,0,92.44%,0,153.76,$3.7,GSW 2,DET 2,user5,1,marvalshot,14841,4652746678_5
Tyrese Maxey (37818992),Buddy Hield (37819264),John Konchar (37819393),Giannis Antetokounmpo (37818975),Alperen Sengun (37819001),Scotty Pippen Jr. (37819326),Kyle Kuzma (37819059),Moses Brown (37819161),289.58000000000004,390.07000000000005,49900,94.07%,0,42.67%,0,220.23000000000002,$1.71,MEM 2,MIL 2,user12,1,marvalshot,14897,4652746679_12
Killian Hayes (37819199),Malik Beasley (37819163),Ausar Thompson (37819144),Maxwell Lewis (37819541),Jaren Jackson Jr. (37819020),Stephen Curry (37818995),Keldon Johnson (37819184),Giannis Antetokounmpo (37818975),276.9031076388889,368.357699355859,49300,0.01%,0,-99.99%,0,147.37,$-4.0,BKN 2,DET 2,user12,1,marvalshot,14946,4652746680_12
Killian Hayes (37819199),Stephon Castle (37819089),Ausar Thompson (37819144),Santi Aldama (37819116),Domantas Sabonis (37818987),Damian Lillard (37818998),Jaren Jackson Jr. (37819020),Gregory Jackson (37819336),275.8929166666667,367.0229509186981,50000,0.01%,0,-99.99%,0,170.64,$-4.0,MEM 3,BKN 1,user31,1,marvalshot,15013,4652746681_31
Brandin Podziemski (37819081),Malik Monk (37819030),Keldon Johnson (37819184),Naji Marshall (37819135),Domantas Sabonis (37818987),Scotty Pippen Jr. (37819326),Jaren Jackson Jr. (37819020),Draymond Green (37819085),291.25,382.76,49800,98.42%,0,54.42%,0,174.33999999999997,$2.18,GSW 2,SAC 2,user16,1,marvalshot,15047,4652746682_16
Killian Hayes (37819199),Spencer Dinwiddie (37819214),Keldon Johnson (37819184),Giannis Antetokounmpo (37818975),Jalen Duren (37819057),Stephen Curry (37818995),John Konchar (37819393),Jaren Jackson Jr. (37819020),292.6059548611112,389.4036911044898,50000,99.81%,0,63.72%,0,197.5,$2.55,MEM 2,BKN 1,user24,1,marvalshot,15104,4652746683_24
Killian Hayes (37819199),Zach LaVine (37819015),John Konchar (37819393),Santi Aldama (37819116),Jalen Duren (37819057),Tyrese Maxey (37818992),Jaren Jackson Jr. (37819020),Devin Vassell (37819093),289.83595486111113,372.35369110448977,49500,95.51%,0,45.15%,0,195.31,$1.81,MEM 3,BKN 1,user45,1,marvalshot,15174,4652746684_45
Chris Paul (37819103),Malik Beasley (37819163),Ausar Thompson (37819144),Giannis Antetokounmpo (37818975),Jalen Duren (37819057),Scotty Pippen Jr. (37819326),Jaren Jackson Jr. (37819020),Brandin Podziemski (37819081),322.8778819444444,420.4793713942431,49900,100.00%,50000,906.52%,0,201.26,$36.26,DET 3,MEM 2,user29,1,marvalshot,15207,4652746685_29
Killian Hayes (37819199),Jalen Green (37819027),Dante Exum (37819192),Santi Aldama (37819116),Giannis Antetokounmpo (37818975),Stephen Curry (37818995),Keldon Johnson (37819184),Scotty Pippen Jr. (37819326),275.59034722222225,373.84550224656107,49400,0.00%,0,-100.0%,0,195.62,$-4.0,MEM 2,BKN 1,user3,1,marvalshot,15230,4652746686_3
Killian Hayes (37819199),Luke Kennard (37819236),Ausar Thompson (37819144),Gregory Jackson (37819336),Jaren Jackson Jr. (37819020),Stephen Curry (37818995),Giannis Antetokounmpo (37818975),Chris Paul (37819103),279.2029166666666,377.25295091869805,49800,0.31%,0,-99.58%,0,179.14,$-3.98,MEM 3,BKN 1,user24,1,marvalshot,14811,4652746677_24
Scotty Pippen Jr. (37819326),Malik Monk (37819030),Cameron Johnson (37819066),Ausar Thompson (37819144),Jalen Duren (37819057),Amen Thompson (37819007),Gregory Jackson (37819336),Domantas Sabonis (37818987),294.83006944444446,383.2568595273785,49700,99.97%,0,81.93%,0,158.37,$3.28,MEM 2,SAC 2,user49,1,marvalshot,14885,4652746678_49
Kyrie Irving (37818989),Buddy Hield (37819264),Paul George (37819038),Kyle Kuzma (37819059),Giannis Antetokounmpo (37818975),Scotty Pippen Jr. (37819326),Gregory Jackson (37819336),Santi Aldama (37819116),287.73999999999995,383.46999999999997,49300,80.20%,0,19.22%,0,197.7,$0.77,MEM 3,MIL 2,user7,1,marvalshot,14892,4652746679_7
Killian Hayes (37819199),Malik Beasley (37819163),Ausar Thompson (37819144),Maxwell Lewis (37819541),Alperen Sengun (37819001),Luke Kennard (37819236),Giannis Antetokounmpo (37818975),Stephen Curry (37818995),275.8531076388889,368.667699355859,49600,0.00%,0,-100.0%,0,150.36,$-4.0,BKN 2,DET 2,user44,1,marvalshot,14978,4652746680_44
Killian Hayes (37819199),Cam Spencer (37819396),Ausar Thompson (37819144),Giannis Antetokounmpo (37818975),Alperen Sengun (37819001),Scotty Pippen Jr. (37819326),Tari Eason (37819106),Stephen Curry (37818995),274.34291666666667,375.36295091869806,49800,0.00%,0,-100.0%,0,177.37,$-4.0,MEM 2,HOU 2,user33,1,marvalshot,15015,4652746681_33
Luke Kennard (37819236),Max Christie (37819111),Moses Moody (37819210),Jaren Jackson Jr. (37819020),Alperen Sengun (37819001),Scotty Pippen Jr. (37819326),Naji Marshall (37819135),Giannis Antetokounmpo (37818975),289.6,389.3,49600,94.69%,0,43.2%,0,199.82,$1.73,MEM 3,DAL 2,user36,1,marvalshot,15067,4652746682_36
Killian Hayes (37819199),Quentin Grimes (37819127),Klay Thompson (37819119),Giannis Antetokounmpo (37818975),Jalen Duren (37819057),De'Aaron Fox (37819003),Santi Aldama (37819116),Scotty Pippen Jr. (37819326),292.1159548611111,385.0936911044898,49700,99.56%,0,60.32%,0,201.19,$2.41,MEM 2,BKN 1,user35,1,marvalshot,15115,4652746683_35
Killian Hayes (37819199),Luke Kennard (37819236),Devin Vassell (37819093),Giannis Antetokounmpo (37818975),Jalen Duren (37819057),Jalen Green (37819027),Jaren Jackson Jr. (37819020),Gregory Jackson (37819336),289.69595486111115,384.91369110448977,49800,95.78%,0,45.0%,0,181.46,$1.8,MEM 3,BKN 1,user37,1,marvalshot,15166,4652746684_37
Amen Thompson (37819007),Malik Beasley (37819163),Ausar Thompson (37819144),Santi Aldama (37819116),Jalen Duren (37819057),De'Aaron Fox (37819003),Jaren Jackson Jr. (37819020),Scotty Pippen Jr. (37819326),322.65788194444445,414.7193713942432,49900,100.00%,49996,897.18%,0,194.56,$35.89,DET 3,MEM 3,user48,1,marvalshot,15226,4652746685_48
Killian Hayes (37819199),Klay Thompson (37819119),Buddy Hield (37819264),Jaren Jackson Jr. (37819020),Brook Lopez (37819101),Stephen Curry (37818995),Gregory Jackson (37819336),Giannis Antetokounmpo (37818975),274.9903472222222,371.5255022465611,49900,0.00%,0,-100.0%,0,157.99,$-4.0,GSW 2,MEM 2,user24,1,marvalshot,15251,4652746686_24
Killian Hayes (37819199),Stephon Castle (37819089),Ausar Thompson (37819144),Dillon Brooks (37819168),Jaren Jackson Jr. (37819020),Brandin Podziemski (37819081),Santi Aldama (37819116),Giannis Antetokounmpo (37818975),279.10291666666666,372.4029509186981,50000,0.24%,0,-99.68%,0,187.51,$-3.99,MEM 2,BKN 1,user19,1,marvalshot,14807,4652746677_19
Luke Kennard (37819236),Brandin Podziemski (37819081),Cameron Johnson (37819066),Ausar Thompson (37819144),Jalen Duren (37819057),Stephen Curry (37818995),Jaylen Wells (37819202),Tyrese Maxey (37818992),294.3200694444444,378.67685952737844,49900,99.95%,0,77.69%,0,141.07,$3.11,MEM 2,GSW 2,user18,1,marvalshot,14854,4652746678_18
Stephen Curry (37818995),Kelly Oubre Jr. (37819076),Amen Thompson (37819007),Giannis Antetokounmpo (37818975),Kevon Looney (37819298),Stephon Castle (37819089),John Konchar (37819393),Scotty Pippen Jr. (37819326),286.81,385.97,50000,67.61%,0,-0.2%,0,182.31,$-0.01,GSW 2,MEM 2,user46,1,marvalshot,14931,4652746679_46
Killian Hayes (37819199),Malik Beasley (37819163),Ausar Thompson (37819144),Maxwell Lewis (37819541),Giannis Antetokounmpo (37818975),Stephen Curry (37818995),Moses Moody (37819210),Alperen Sengun (37819001),274.4431076388889,367.4376993558589,49900,0.00%,0,-100.0%,0,136.78,$-4.0,BKN 2,DET 2,user17,1,marvalshot,14951,4652746680_17
Killian Hayes (37819199),De'Aaron Fox (37819003),Ausar Thompson (37819144),Tari Eason (37819106),Jaren Jackson Jr. (37819020),Scotty Pippen Jr. (37819326),Giannis Antetokounmpo (37818975),Quinten Post (37819285),275.84291666666667,374.1529509186981,49200,0.00%,0,-100.0%,0,180.67,$-4.0,MEM 2,BKN 1,user21,1,marvalshot,15003,4652746681_21
Luke Kennard (37819236),Malik Monk (37819030),Kelly Oubre Jr. (37819076),Giannis Antetokounmpo (37818975),Jaren Jackson Jr. (37819020),Scotty Pippen Jr. (37819326),Moses Moody (37819210),Stephon Castle (37819089),289.21999999999997,384.29999999999995,49600,92.78%,0,39.75%,0,184.62,$1.59,MEM 3,SAC 1,user46,1,marvalshot,15077,4652746682_46
Killian Hayes (37819199),Klay Thompson (37819119),Gary Payton II (37819372),Jaren Jackson Jr. (37819020),Jalen Duren (37819057),Stephen Curry (37818995),John Konchar (37819393),Giannis Antetokounmpo (37818975),291.11595486111116,387.7536911044898,49700,98.84%,0,53.9%,0,186.52999999999997,$2.16,GSW 2,MEM 2,user28,1,marvalshot,15108,4652746683_28
Killian Hayes (37819199),Malik Monk (37819030),John Konchar (37819393),Giannis Antetokounmpo (37818975),Jalen Duren (37819057),Brandin Podziemski (37819081),Kelly Oubre Jr. (37819076),Draymond Green (37819085),289.6359548611111,375.91369110448977,49800,94.69%,0,43.51%,0,174.54000000000002,$1.74,GSW 2,BKN 1,user35,1,marvalshot,15164,4652746684_35
Scotty Pippen Jr. (37819326),Malik Beasley (37819163),Ausar Thompson (37819144),Giannis Antetokounmpo (37818975),Jalen Duren (37819057),Brandin Podziemski (37819081),Buddy Hield (37819264),Stephen Curry (37818995),322.73788194444444,421.31937139424315,49200,100.00%,49999,885.43%,0,195.03,$35.42,DET 3,GSW 3,user34,1,marvalshot,15212,4652746685_34
Killian Hayes (37819199),De'Aaron Fox (37819003),Dante Exum (37819192),Giannis Antetokounmpo (37818975),Zach Edey (37819197),Stephen Curry (37818995),John Konchar (37819393),Santi Aldama (37819116),274.2003472222222,370.585502246561,49900,0.00%,0,-100.0%,0,183.07999999999998,$-4.0,MEM 3,BKN 1,user2,1,marvalshot,15229,4652746686_2
Killian Hayes (37819199),Zach LaVine (37819015),Ausar Thompson (37819144),Gregory Jackson (37819336),Giannis Antetokounmpo (37818975),Brandin Podziemski (37819081),Jaren Jackson Jr. (37819020),Moses Brown (37819161),277.68291666666664,373.102950918698,49900,0.03%,0,-99.96%,0,190.05,$-4.0,MEM 2,BKN 1,user46,1,marvalshot,14833,4652746677_46
Scotty Pippen Jr. (37819326),Malik Monk (37819030),Cameron Johnson (37819066),Ausar Thompson (37819144),Jalen Duren (37819057),Jalen Green (37819027),Guerschon Yabusele (37819152),Stephen Curry (37818995),294.09006944444445,381.84685952737846,50000,99.89%,0,75.95%,0,149.79000000000002,$3.04,DET 2,MEM 1,user12,1,marvalshot,14848,4652746678_12
Scotty Pippen Jr. (37819326),Zach LaVine (37819015),John Konchar (37819393),Keldon Johnson (37819184),Giannis Antetokounmpo (37818975),De'Aaron Fox (37819003),Jaren Jackson Jr. (37819020),Kevon Looney (37819298),286.08,384.80999999999995,49700,57.50%,0,-15.71%,0,198.88,$-0.63,MEM 3,SAS 2,user20,1,marvalshot,14905,4652746679_20
Killian Hayes (37819199),Malik Beasley (37819163),Ausar Thompson (37819144),Maxwell Lewis (37819541),Domantas Sabonis (37818987),Stephen Curry (37818995),Giannis Antetokounmpo (37818975),Gregory Jackson (37819336),275.3931076388889,366.82769935585895,49700,0.00%,0,-100.0%,0,136.5,$-4.0,BKN 2,DET 2,user8,1,marvalshot,14942,4652746680_8
Killian Hayes (37819199),Gary Payton II (37819372),Ausar Thompson (37819144),Jaren Jackson Jr. (37819020),Alperen Sengun (37819001),Brandin Podziemski (37819081),Buddy Hield (37819264),Giannis Antetokounmpo (37818975),273.0829166666667,371.2629509186981,49600,0.00%,0,-100.0%,0,166.89,$-4.0,GSW 3,BKN 1,user6,1,marvalshot,14989,4652746681_6
Brandin Podziemski (37819081),Max Christie (37819111),Kyle Kuzma (37819059),Santi Aldama (37819116),Domantas Sabonis (37818987),Scotty Pippen Jr. (37819326),Tari Eason (37819106),Jaren Jackson Jr. (37819020),288.72999999999996,378.53,49300,89.05%,0,33.43%,0,196.37,$1.34,MEM 3,GSW 1,user24,1,marvalshot,15055,4652746682_24
Killian Hayes (37819199),Malik Monk (37819030),Kelly Oubre Jr. (37819076),Giannis Antetokounmpo (37818975),Jalen Duren (37819057),Scotty Pippen Jr. (37819326),Tari Eason (37819106),Brandin Podziemski (37819081),290.9459548611111,381.0336911044898,50000,98.34%,0,52.47%,0,181.73,$2.1,BKN 1,SAC 1,user44,1,marvalshot,15124,4652746683_44
Killian Hayes (37819199),Klay Thompson (37819119),Keldon Johnson (37819184),PJ Washington (37819042),Jalen Duren (37819057),Scotty Pippen Jr. (37819326),Jaren Jackson Jr. (37819020),Giannis Antetokounmpo (37818975),289.1059548611111,385.4636911044898,49900,92.70%,0,39.23%,0,189.3,$1.57,DAL 2,MEM 2,user12,1,marvalshot,15141,4652746684_12
Brandin Podziemski (37819081),Malik Beasley (37819163),Ausar Thompson (37819144),Jaren Jackson Jr. (37819020),Jalen Duren (37819057),Stephen Curry (37818995),Santi Aldama (37819116),Klay Thompson (37819119),322.42788194444444,414.2793713942432,49700,100.00%,49997,843.85%,0,185.6,$33.75,DET 3,GSW 2,user12,1,marvalshot,15190,4652746685_12
Killian Hayes (37819199),Brandin Podziemski (37819081),Gregory Jackson (37819336),Jeremy Sochan (37819070),Alperen Sengun (37819001),Luke Kennard (37819236),Jaren Jackson Jr. (37819020),Stephen Curry (37818995),274.8103472222222,370.55550224656105,49000,0.00%,0,-100.0%,0,187.89,$-4.0,MEM 3,GSW 2,user12,1,marvalshot,15239,4652746686_12
Killian Hayes (37819199),De'Aaron Fox (37819003),Ausar Thompson (37819144),Gui Santos (37819331),Alperen Sengun (37819001),Brandin Podziemski (37819081),Santi Aldama (37819116),Jaren Jackson Jr. (37819020),276.4329166666667,367.60295091869807,49200,0.01%,0,-99.98%,0,180.70000000000002,$-4.0,GSW 2,MEM 2,user6,1,marvalshot,14795,4652746677_6
Brandin Podziemski (37819081),Stephon Castle (37819089),Cameron Johnson (37819066),Ausar Thompson (37819144),Jalen Duren (37819057),Amen Thompson (37819007),Jaren Jackson Jr. (37819020),Zach Edey (37819197),294.03006944444445,384.60685952737845,50000,99.89%,0,75.26%,0,142.71,$3.01,DET 2,MEM 2,user43,1,marvalshot,14879,4652746678_43
Stephen Curry (37818995),Quentin Grimes (37819127),Amen Thompson (37819007),Keldon Johnson (37819184),Guerschon Yabusele (37819152),Scotty Pippen Jr. (37819326),Jaren Jackson Jr. (37819020),Draymond Green (37819085),285.63,378.38,49300,50.66%,0,-25.9%,0,162.36,$-1.04,GSW 2,PHI 2,user44,1,marvalshot,14929,4652746679_44
Killian Hayes (37819199),Malik Beasley (37819163),Ausar Thompson (37819144),Maxwell Lewis (37819541),Jaren Jackson Jr. (37819020),Quentin Grimes (37819127),Giannis Antetokounmpo (37818975),Alperen Sengun (37819001),275.9431076388889,366.57769935585895,49700,0.00%,0,-100.0%,0,150.57,$-4.0,BKN 2,DET 2,user2,1,marvalshot,14936,4652746680_2
Killian Hayes (37819199),De'Aaron Fox (37819003),Ausar Thompson (37819144),Keldon Johnson (37819184),Domantas Sabonis (37818987),Scotty Pippen Jr. (37819326),Giannis Antetokounmpo (37818975),Gregory Jackson (37819336),274.65291666666667,371.05295091869806,49800,0.00%,0,-100.0%,0,175.85999999999999,$-4.0,SAS 2,MEM 2,user30,1,marvalshot,15012,4652746681_30
Scotty Pippen Jr. (37819326),Quentin Grimes (37819127),Amen Thompson (37819007),Giannis Antetokounmpo (37818975),Draymond Green (37819085),Buddy Hield (37819264),Jaren Jackson Jr. (37819020),Keldon Johnson (37819184),288.44000000000005,387.3500000000001,49900,86.63%,0,29.62%,0,175.39,$1.18,MEM 2,GSW 2,user45,1,marvalshot,15076,4652746682_45
Killian Hayes (37819199),De'Aaron Fox (37819003),Keldon Johnson (37819184),Jaren Jackson Jr. (37819020),Jalen Duren (37819057),Tyrese Maxey (37818992),Naji Marshall (37819135),Scotty Pippen Jr. (37819326),290.38595486111114,378.2036911044898,49500,96.97%,0,48.81%,0,177.01,$1.95,SAS 2,MEM 2,user9,1,marvalshot,15089,4652746683_9
Killian Hayes (37819199),Keon Ellis (37819232),Moses Moody (37819210),Santi Aldama (37819116),Jalen Duren (37819057),Quentin Grimes (37819127),Giannis Antetokounmpo (37818975),Stephen Curry (37818995),289.2359548611111,381.42369110448976,49400,92.21%,0,39.12%,0,180.93,$1.56,GSW 2,BKN 1,user8,1,marvalshot,15137,4652746684_8
Scotty Pippen Jr. (37819326),Malik Beasley (37819163),Ausar Thompson (37819144),Giannis Antetokounmpo (37818975),Jalen Duren (37819057),Zach LaVine (37819015),Gregory Jackson (37819336),Jaren Jackson Jr. (37819020),322.46788194444446,420.3993713942432,49300,100.00%,49998,837.88%,0,203.41,$33.52,MEM 3,DET 3,user24,1,marvalshot,15202,4652746685_24
Killian Hayes (37819199),Luke Kennard (37819236),Klay Thompson (37819119),Jaren Jackson Jr. (37819020),Kevon Looney (37819298),Stephen Curry (37818995),Moses Moody (37819210),Giannis Antetokounmpo (37818975),269.7403472222222,367.04550224656106,49000,0.00%,0,-100.0%,0,155.98000000000002,$-4.0,GSW 3,MEM 2,user7,1,marvalshot,15234,4652746686_7
Killian Hayes (37819199),Cam Spencer (37819396),Ausar Thompson (37819144),Jaren Jackson Jr. (37819020),Zach Edey (37819197),Brandin Podziemski (37819081),Giannis Antetokounmpo (37818975),Alperen Sengun (37819001),275.79291666666666,375.0929509186981,50000,0.01%,0,-99.99%,0,169.24,$-4.0,MEM 3,BKN 1,user31,1,marvalshot,14818,4652746677_31
Malik Monk (37819030),Zach LaVine (37819015),Cameron Johnson (37819066),Ausar Thompson (37819144),Jalen Duren (37819057),Stephen Curry (37818995),Dillon Brooks (37819168),Scotty Pippen Jr. (37819326),293.7100694444445,377.9568595273785,50000,99.83%,0,72.65%,0,151.73,$2.91,SAC 2,DET 2,user35,1,marvalshot,14871,4652746678_35
Scotty Pippen Jr. (37819326),Klay Thompson (37819119),Jaylen Wells (37819202),Tari Eason (37819106),Alperen Sengun (37819001),Devin Vassell (37819093),Jaren Jackson Jr. (37819020),Stephen Curry (37818995),283.69,380.92,49800,23.48%,0,-66.14%,0,166.87,$-2.65,MEM 3,HOU 2,user28,1,marvalshot,14913,4652746679_28
Killian Hayes (37819199),Malik Beasley (37819163),Ausar Thompson (37819144),Maxwell Lewis (37819541),Jaren Jackson Jr. (37819020),Stephen Curry (37818995),Guerschon Yabusele (37819152),Giannis Antetokounmpo (37818975),276.1531076388889,366.097699355859,49700,0.00%,0,-100.0%,0,138.11,$-4.0,BKN 2,DET 2,user13,1,marvalshot,14947,4652746680_13
Killian Hayes (37819199),Keon Ellis (37819232),Ausar Thompson (37819144),Gregory Jackson (37819336),Draymond Green (37819085),Damian Lillard (37818998),Jaren Jackson Jr. (37819020),Giannis Antetokounmpo (37818975),272.65291666666667,366.2129509186981,49800,0.00%,0,-100.0%,0,153.11,$-4.0,MEM 2,MIL 2,user1,1,marvalshot,14984,4652746681_1
Brandin Podziemski (37819081),Quentin Grimes (37819127),Gregory Jackson (37819336),Kyle Kuzma (37819059),Giannis Antetokounmpo (37818975),Jalen Green (37819027),Jaren Jackson Jr. (37819020),John Konchar (37819393),288.05,382.04,49800,84.99%,0,26.59%,0,195.24,$1.06,MEM 3,MIL 2,user5,1,marvalshot,15036,4652746682_5
Killian Hayes (37819199),Brandin Podziemski (37819081),Paul George (37819038),Santi Aldama (37819116),Jalen Duren (37819057),Stephon Castle (37819089),Giannis Antetokounmpo (37818975),Quinten Post (37819285),290.2159548611111,384.0936911044897,49600,96.92%,0,48.08%,0,187.97,$1.92,GSW 2,BKN 1,user13,1,marvalshot,15093,4652746683_13
Killian Hayes (37819199),Zach LaVine (37819015),Gregory Jackson (37819336),Santi Aldama (37819116),Jalen Duren (37819057),Brandin Podziemski (37819081),Tari Eason (37819106),Giannis Antetokounmpo (37818975),287.45595486111114,380.6936911044898,49600,77.65%,0,15.09%,0,191.67,$0.6,MEM 2,BKN 1,user14,1,marvalshot,15143,4652746684_14
Scotty Pippen Jr. (37819326),Malik Beasley (37819163),Ausar Thompson (37819144),Kyle Kuzma (37819059),Jalen Duren (37819057),Stephen Curry (37818995),Giannis Antetokounmpo (37818975),Luke Kennard (37819236),322.22788194444445,418.7893713942432,49600,100.00%,49994,825.21%,0,193.99,$33.01,DET 3,MEM 2,user2,1,marvalshot,15180,4652746685_2
Killian Hayes (37819199),Malik Monk (37819030),Zach LaVine (37819015),Jaren Jackson Jr. (37819020),Giannis Antetokounmpo (37818975),Scotty Pippen Jr. (37819326),Gregory Jackson (37819336),Sandro Mamukelashvili (37819180),271.8903472222222,366.325502246561,49600,0.00%,0,-100.0%,0,184.06,$-4.0,MEM 3,SAC 2,user43,1,marvalshot,15270,4652746686_43
Killian Hayes (37819199),Brandin Podziemski (37819081),Ausar Thompson (37819144),Giannis Antetokounmpo (37818975),Quinten Post (37819285),Malik Monk (37819030),Gregory Jackson (37819336),Stephen Curry (37818995),276.61291666666665,371.98295091869807,49500,0.00%,0,-100.0%,0,167.06,$-4.0,GSW 3,BKN 1,user42,1,marvalshot,14829,4652746677_42
Scotty Pippen Jr. (37819326),Buddy Hield (37819264),Cameron Johnson (37819066),Ausar Thompson (37819144),Jalen Duren (37819057),Stephen Curry (37818995),Zach LaVine (37819015),Malik Monk (37819030),292.96006944444446,379.45685952737847,49000,99.68%,0,66.62%,0,155.72,$2.66,GSW 2,DET 2,user42,1,marvalshot,14878,4652746678_42
Kyrie Irving (37818989),Luke Kennard (37819236),Kyle Kuzma (37819059),Keldon Johnson (37819184),Giannis Antetokounmpo (37818975),Amen Thompson (37819007),Gregory Jackson (37819336),Scotty Pippen Jr. (37819326),280.24,375.97,50000,1.79%,0,-97.51%,0,175.51999999999998,$-3.9,MEM 3,MIL 2,user40,1,marvalshot,14925,4652746679_40
Killian Hayes (37819199),Malik Beasley (37819163),Ausar Thompson (37819144),Maxwell Lewis (37819541),Alperen Sengun (37819001),Scotty Pippen Jr. (37819326),Giannis Antetokounmpo (37818975),Kyrie Irving (37818989),274.57310763888887,366.09769935585894,49300,0.00%,0,-100.0%,0,161.3,$-4.0,BKN 2,DET 2,user6,1,marvalshot,14940,4652746680_6
Killian Hayes (37819199),Quentin Grimes (37819127),Ausar Thompson (37819144),Giannis Antetokounmpo (37818975),Draymond Green (37819085),Jaylen Wells (37819202),Santi Aldama (37819116),Alperen Sengun (37819001),272.2729166666667,365.6429509186981,49700,0.00%,0,-100.0%,0,163.90999999999997,$-4.0,MEM 2,BKN 1,user38,1,marvalshot,15020,4652746681_38
Damian Lillard (37818998),Stephon Castle (37819089),Gregory Jackson (37819336),Keldon Johnson (37819184),Moses Brown (37819161),Stephen Curry (37818995),Santi Aldama (37819116),Jaren Jackson Jr. (37819020),288.18000000000006,387.94000000000005,49600,83.78%,0,25.16%,0,200.72000000000003,$1.01,MEM 3,SAS 2,user25,1,marvalshot,15056,4652746682_25
Killian Hayes (37819199),De'Aaron Fox (37819003),Kyle Kuzma (37819059),Gregory Jackson (37819336),Jalen Duren (37819057),Brandin Podziemski (37819081),Santi Aldama (37819116),Domantas Sabonis (37818987),290.1659548611111,377.0236911044898,49800,96.18%,0,47.12%,0,178.59,$1.88,MEM 2,BKN 1,user,1,marvalshot,4242,4652746683
Killian Hayes (37819199),Kelly Oubre Jr. (37819076),Harrison Barnes (37819176),Jaren Jackson Jr. (37819020),Jalen Duren (37819057),Brandin Podziemski (37819081),Giannis Antetokounmpo (37818975),Quinten Post (37819285),287.4859548611111,379.31369110448975,49600,77.58%,0,15.03%,0,169.04000000000002,$0.6,GSW 2,BKN 1,user47,1,marvalshot,15176,4652746684_47
Brandin Podziemski (37819081),Malik Beasley (37819163),Ausar Thompson (37819144),Gregory Jackson (37819336),Jalen Duren (37819057),Malik Monk (37819030),Jaren Jackson Jr. (37819020),Stephen Curry (37818995),322.04788194444444,413.31937139424315,49700,100.00%,49987,796.56%,0,172.51,$31.86,DET 3,GSW 2,user36,1,marvalshot,15214,4652746685_36
Killian Hayes (37819199),Zach LaVine (37819015),Devin Vassell (37819093),Giannis Antetokounmpo (37818975),Draymond Green (37819085),Scotty Pippen Jr. (37819326),Gui Santos (37819331),Alperen Sengun (37819001),271.0903472222222,366.215502246561,49900,0.00%,0,-100.0%,0,165.68,$-4.0,GSW 2,BKN 1,user39,1,marvalshot,15266,4652746686_39
Killian Hayes (37819199),Luke Kennard (37819236),Ausar Thompson (37819144),Jaren Jackson Jr. (37819020),Jonas Valanciunas (37819283),Stephen Curry (37818995),Tari Eason (37819106),Giannis Antetokounmpo (37818975),271.74291666666664,370.87295091869805,50000,0.00%,0,-100.0%,0,154.62,$-4.0,MEM 2,BKN 1,user34,1,marvalshot,14821,4652746677_34
Chris Paul (37819103),De'Aaron Fox (37819003),Cameron Johnson (37819066),Ausar Thompson (37819144),Jalen Duren (37819057),Kyrie Irving (37818989),Santi Aldama (37819116),Scotty Pippen Jr. (37819326),292.91006944444445,380.37685952737843,50000,99.69%,0,66.49%,0,170.57,$2.66,SAS 2,DET 2,user48,1,marvalshot,14884,4652746678_48
Kyrie Irving (37818989),Buddy Hield (37819264),John Konchar (37819393),Jaren Jackson Jr. (37819020),Alperen Sengun (37819001),Stephen Curry (37818995),Gary Trent Jr. (37819278),Zach Edey (37819197),279.6,376.07000000000005,49400,1.29%,0,-98.21%,0,163.85,$-3.93,MEM 3,GSW 2,user18,1,marvalshot,14903,4652746679_18
Killian Hayes (37819199),Malik Beasley (37819163),Ausar Thompson (37819144),Maxwell Lewis (37819541),Giannis Antetokounmpo (37818975),Stephen Curry (37818995),Jaren Jackson Jr. (37819020),Jabari Smith Jr. (37819130),276.2431076388889,365.95769935585895,49900,0.00%,0,-100.0%,0,138.45999999999998,$-4.0,BKN 2,DET 2,user30,1,marvalshot,14964,4652746680_30
Killian Hayes (37819199),Luke Kennard (37819236),Ausar Thompson (37819144),Giannis Antetokounmpo (37818975),Alperen Sengun (37819001),Jaylen Wells (37819202),Guerschon Yabusele (37819152),Jaren Jackson Jr. (37819020),270.3829166666667,365.11295091869806,50000,0.00%,0,-100.0%,0,159.52999999999997,$-4.0,MEM 3,BKN 1,user39,1,marvalshot,15021,4652746681_39
Scotty Pippen Jr. (37819326),Malik Monk (37819030),Keldon Johnson (37819184),Giannis Antetokounmpo (37818975),Brook Lopez (37819101),Stephen Curry (37818995),Santi Aldama (37819116),Jonas Valanciunas (37819283),288.05,387.9,50000,83.14%,0,23.92%,0,188.28000000000003,$0.96,MEM 2,SAC 2,user29,1,marvalshot,15060,4652746682_29
Killian Hayes (37819199),Stephon Castle (37819089),Amen Thompson (37819007),Santi Aldama (37819116),Jalen Duren (37819057),Scotty Pippen Jr. (37819326),DeMar DeRozan (37819046),Alperen Sengun (37819001),290.00595486111115,382.2736911044898,49600,95.37%,0,45.42%,0,194.92,$1.82,HOU 2,MEM 2,user10,1,marvalshot,15090,4652746683_10
Killian Hayes (37819199),Buddy Hield (37819264),John Konchar (37819393),Giannis Antetokounmpo (37818975),Jalen Duren (37819057),Malik Monk (37819030),Naji Marshall (37819135),Stephen Curry (37818995),287.3459548611111,379.0136911044898,49900,75.37%,0,11.6%,0,173.78,$0.46,GSW 2,BKN 1,user13,1,marvalshot,15142,4652746684_13
Damian Lillard (37818998),Malik Beasley (37819163),Ausar Thompson (37819144),Keldon Johnson (37819184),Jalen Duren (37819057),Stephen Curry (37818995),Jaren Jackson Jr. (37819020),Scotty Pippen Jr. (37819326),321.78788194444445,415.9693713942432,49800,100.00%,49986,753.28%,0,185.04000000000002,$30.13,DET 3,MEM 2,user45,1,marvalshot,15223,4652746685_45
Killian Hayes (37819199),Brandin Podziemski (37819081),Buddy Hield (37819264),Moses Moody (37819210),Zach Edey (37819197),Stephen Curry (37818995),Paul George (37819038),Giannis Antetokounmpo (37818975),271.4303472222222,365.47550224656106,49700,0.00%,0,-100.0%,0,143.09,$-4.0,GSW 4,BKN 1,user23,1,marvalshot,15250,4652746686_23
Killian Hayes (37819199),Gary Payton II (37819372),Ausar Thompson (37819144),Gregory Jackson (37819336),Giannis Antetokounmpo (37818975),Tyrese Maxey (37818992),Santi Aldama (37819116),Alperen Sengun (37819001),273.5229166666667,370.79295091869807,49900,0.00%,0,-100.0%,0,176.94,$-4.0,MEM 2,BKN 1,user7,1,marvalshot,14796,4652746677_7
Chris Paul (37819103),Brandin Podziemski (37819081),Cameron Johnson (37819066),Ausar Thompson (37819144),Jalen Duren (37819057),Devin Vassell (37819093),Santi Aldama (37819116),Stephen Curry (37818995),292.7100694444444,379.68685952737843,49400,99.71%,0,64.8%,0,164.65,$2.59,SAS 2,GSW 2,user13,1,marvalshot,14849,4652746678_13
Scotty Pippen Jr. (37819326),Stephon Castle (37819089),Paul George (37819038),Giannis Antetokounmpo (37818975),Guerschon Yabusele (37819152),Cam Spencer (37819396),Santi Aldama (37819116),Alperen Sengun (37819001),279.8,378.96000000000004,49500,1.24%,0,-98.26%,0,188.42000000000002,$-3.93,MEM 3,PHI 2,user23,1,marvalshot,14908,4652746679_23
Killian Hayes (37819199),Malik Beasley (37819163),Ausar Thompson (37819144),Maxwell Lewis (37819541),Giannis Antetokounmpo (37818975),Jalen Green (37819027),Santi Aldama (37819116),Stephen Curry (37818995),275.52310763888886,365.33769935585894,49800,0.00%,0,-100.0%,0,148.13,$-4.0,BKN 2,DET 2,user29,1,marvalshot,14963,4652746680_29
Killian Hayes (37819199),Gary Payton II (37819372),Ausar Thompson (37819144),Dillon Brooks (37819168),Alperen Sengun (37819001),Scotty Pippen Jr. (37819326),Giannis Antetokounmpo (37818975),Domantas Sabonis (37818987),268.65291666666667,365.10295091869807,49800,0.00%,0,-100.0%,0,164.20999999999998,$-4.0,HOU 2,BKN 1,user2,1,marvalshot,14985,4652746681_2
Scotty Pippen Jr. (37819326),Klay Thompson (37819119),Kyle Kuzma (37819059),Jaren Jackson Jr. (37819020),Giannis Antetokounmpo (37818975),De'Aaron Fox (37819003),Keldon Johnson (37819184),John Konchar (37819393),287.24999999999994,383.67999999999995,49900,75.39%,0,11.55%,0,200.79999999999998,$0.46,MEM 3,MIL 2,user9,1,marvalshot,15040,4652746682_9
Killian Hayes (37819199),Jaylen Wells (37819202),Gregory Jackson (37819336),Santi Aldama (37819116),Jalen Duren (37819057),Kelly Oubre Jr. (37819076),Giannis Antetokounmpo (37818975),Alperen Sengun (37819001),289.5959548611111,384.9036911044898,49200,94.54%,0,43.19%,0,193.26,$1.73,MEM 3,BKN 1,user29,1,marvalshot,15109,4652746683_29
Killian Hayes (37819199),De'Aaron Fox (37819003),Paul George (37819038),Moses Moody (37819210),Jalen Duren (37819057),Stephen Curry (37818995),Keldon Johnson (37819184),Santi Aldama (37819116),285.8059548611111,372.7636911044898,49900,53.37%,0,-21.79%,0,157.54,$-0.87,SAS 2,GSW 2,user25,1,marvalshot,15154,4652746684_25
Scotty Pippen Jr. (37819326),Malik Beasley (37819163),Ausar Thompson (37819144),Giannis Antetokounmpo (37818975),Jalen Duren (37819057),Brandin Podziemski (37819081),Gregory Jackson (37819336),Domantas Sabonis (37818987),321.6478819444444,419.64937139424313,49300,100.00%,49984,739.96%,0,199.7,$29.6,DET 3,MEM 2,user46,1,marvalshot,15224,4652746685_46
Killian Hayes (37819199),Brandin Podziemski (37819081),Justin Edwards (37819240),Jaren Jackson Jr. (37819020),Moses Brown (37819161),De'Aaron Fox (37819003),Gregory Jackson (37819336),Giannis Antetokounmpo (37818975),269.2603472222222,364.37550224656104,49700,0.00%,0,-100.0%,0,181.32,$-4.0,MEM 2,BKN 1,user46,1,marvalshot,15273,4652746686_46
Killian Hayes (37819199),Brandin Podziemski (37819081),Ausar Thompson (37819144),Keldon Johnson (37819184),Domantas Sabonis (37818987),Stephon Castle (37819089),Giannis Antetokounmpo (37818975),Scotty Pippen Jr. (37819326),274.78291666666667,369.9529509186981,49700,0.00%,0,-100.0%,0,178.63,$-4.0,SAS 2,BKN 1,user27,1,marvalshot,14814,4652746677_27
Scotty Pippen Jr. (37819326),Stephon Castle (37819089),Cameron Johnson (37819066),Ausar Thompson (37819144),Jalen Duren (37819057),Kyrie Irving (37818989),Jaylen Wells (37819202),Stephen Curry (37818995),292.60006944444444,381.7668595273785,49300,99.40%,0,63.96%,0,150.73,$2.56,MEM 2,DET 2,user27,1,marvalshot,14863,4652746678_27
Stephen Curry (37818995),Brandin Podziemski (37819081),Moses Moody (37819210),Naji Marshall (37819135),Alperen Sengun (37819001),Chris Paul (37819103),Gui Santos (37819331),Jaren Jackson Jr. (37819020),279.62,374.72,49800,1.01%,0,-98.57%,0,149.45999999999998,$-3.94,GSW 4,DAL 1,user17,1,marvalshot,14902,4652746679_17
Killian Hayes (37819199),Malik Beasley (37819163),Ausar Thompson (37819144),Maxwell Lewis (37819541),Draymond Green (37819085),Stephen Curry (37818995),Santi Aldama (37819116),Giannis Antetokounmpo (37818975),275.5331076388889,365.13769935585896,48100,0.00%,0,-100.0%,0,153.01999999999998,$-4.0,BKN 2,DET 2,user46,1,marvalshot,14980,4652746680_46
Killian Hayes (37819199),Jalen Green (37819027),Ausar Thompson (37819144),Moses Moody (37819210),Zach Edey (37819197),Stephon Castle (37819089),Giannis Antetokounmpo (37818975),Jaren Jackson Jr. (37819020),267.18291666666664,363.24295091869806,50000,0.00%,0,-100.0%,0,135.73,$-4.0,MEM 2,BKN 1,user45,1,marvalshot,15027,4652746681_45
Scotty Pippen Jr. (37819326),Brandin Podziemski (37819081),Zach LaVine (37819015),Keegan Murray (37819141),Giannis Antetokounmpo (37818975),Quentin Grimes (37819127),Santi Aldama (37819116),Kyle Kuzma (37819059),287.26000000000005,376.39000000000004,50000,74.81%,0,10.78%,0,196.64,$0.43,MEM 2,SAC 2,user12,1,marvalshot,15043,4652746682_12
Killian Hayes (37819199),De'Aaron Fox (37819003),Gregory Jackson (37819336),Santi Aldama (37819116),Jalen Duren (37819057),Fred VanVleet (37819051),Kyle Kuzma (37819059),Stephen Curry (37818995),289.71595486111113,376.91369110448977,49800,93.96%,0,42.85%,0,167.89,$1.71,MEM 2,BKN 1,user37,1,marvalshot,15117,4652746683_37
Killian Hayes (37819199),Devin Vassell (37819093),Moses Moody (37819210),Gregory Jackson (37819336),Jalen Duren (37819057),De'Aaron Fox (37819003),Jaren Jackson Jr. (37819020),Domantas Sabonis (37818987),285.3859548611111,374.0236911044897,50000,46.42%,0,-32.22%,0,149.42000000000002,$-1.29,SAS 2,MEM 2,user22,1,marvalshot,15151,4652746684_22
Fred VanVleet (37819051),Malik Beasley (37819163),Ausar Thompson (37819144),Giannis Antetokounmpo (37818975),Jalen Duren (37819057),Scotty Pippen Jr. (37819326),Gregory Jackson (37819336),Stephen Curry (37818995),321.1978819444445,419.5393713942432,49300,100.00%,49970,678.23%,0,189.0,$27.13,DET 3,MEM 2,user21,1,marvalshot,15199,4652746685_21
Killian Hayes (37819199),Zach LaVine (37819015),Buddy Hield (37819264),Jaren Jackson Jr. (37819020),Draymond Green (37819085),Amen Thompson (37819007),Gregory Jackson (37819336),Stephen Curry (37818995),273.42034722222223,363.98550224656105,50000,0.00%,0,-100.0%,0,138.84,$-4.0,GSW 3,MEM 2,user20,1,marvalshot,15247,4652746686_20
Killian Hayes (37819199),Brandin Podziemski (37819081),Ausar Thompson (37819144),Santi Aldama (37819116),Jaren Jackson Jr. (37819020),Chris Paul (37819103),Moses Moody (37819210),Giannis Antetokounmpo (37818975),275.6429166666667,368.99295091869806,49300,0.00%,0,-100.0%,0,185.69,$-4.0,GSW 2,MEM 2,user36,1,marvalshot,14823,4652746677_36
Kyrie Irving (37818989),Brandin Podziemski (37819081),Cameron Johnson (37819066),Ausar Thompson (37819144),Jalen Duren (37819057),Stephon Castle (37819089),Paul George (37819038),Scotty Pippen Jr. (37819326),292.39006944444446,377.3868595273785,49300,99.37%,0,62.25%,0,158.03,$2.49,DET 2,DAL 1,user31,1,marvalshot,14867,4652746678_31
Tyrese Maxey (37818992),Luke Kennard (37819236),John Konchar (37819393),Tari Eason (37819106),Jaren Jackson Jr. (37819020),Brandin Podziemski (37819081),Jabari Smith Jr. (37819130),Alperen Sengun (37819001),278.53999999999996,368.26,49400,0.29%,0,-99.58%,0,179.18,$-3.98,MEM 3,HOU 3,user22,1,marvalshot,14907,4652746679_22
Killian Hayes (37819199),Malik Beasley (37819163),Ausar Thompson (37819144),Maxwell Lewis (37819541),Jaren Jackson Jr. (37819020),De'Aaron Fox (37819003),Giannis Antetokounmpo (37818975),Scotty Pippen Jr. (37819326),275.5931076388889,365.057699355859,47800,0.00%,0,-100.0%,0,167.25,$-4.0,BKN 2,DET 2,user49,1,marvalshot,14983,4652746680_49
Killian Hayes (37819199),Klay Thompson (37819119),Ausar Thompson (37819144),Giannis Antetokounmpo (37818975),Moses Brown (37819161),Chris Paul (37819103),Santi Aldama (37819116),Jaren Jackson Jr. (37819020),266.9629166666667,362.032950918698,49300,0.00%,0,-100.0%,0,182.56,$-4.0,DAL 2,MEM 2,user23,1,marvalshot,15005,4652746681_23
Scotty Pippen Jr. (37819326),Jaylen Wells (37819202),DeMar DeRozan (37819046),Santi Aldama (37819116),Alperen Sengun (37819001),Stephen Curry (37818995),Amen Thompson (37819007),Buddy Hield (37819264),287.08000000000004,382.73,50000,71.00%,0,5.15%,0,177.45999999999998,$0.21,MEM 3,HOU 2,user47,1,marvalshot,15078,4652746682_47
Killian Hayes (37819199),Kelly Oubre Jr. (37819076),Dante Exum (37819192),Giannis Antetokounmpo (37818975),Jalen Duren (37819057),Stephen Curry (37818995),Santi Aldama (37819116),Quinten Post (37819285),289.5859548611111,384.7236911044897,49800,94.26%,0,42.73%,0,176.75,$1.71,GSW 2,BKN 1,user16,1,marvalshot,15096,4652746683_16
Killian Hayes (37819199),Brandin Podziemski (37819081),Klay Thompson (37819119),Santi Aldama (37819116),Jalen Duren (37819057),Kyrie Irving (37818989),Jabari Smith Jr. (37819130),Jaren Jackson Jr. (37819020),284.5959548611111,369.55369110448976,49700,34.23%,0,-50.43%,0,171.39,$-2.02,DAL 2,MEM 2,user40,1,marvalshot,15169,4652746684_40
Brandin Podziemski (37819081),Malik Beasley (37819163),Ausar Thompson (37819144),Santi Aldama (37819116),Jalen Duren (37819057),Damian Lillard (37818998),Jaren Jackson Jr. (37819020),Draymond Green (37819085),320.9378819444444,410.51937139424314,50000,100.00%,49871,675.64%,0,176.78,$27.03,DET 3,GSW 2,user44,1,marvalshot,15222,4652746685_44
Killian Hayes (37819199),De'Aaron Fox (37819003),Gregory Jackson (37819336),Moses Moody (37819210),Domantas Sabonis (37818987),Scotty Pippen Jr. (37819326),Giannis Antetokounmpo (37818975),Jabari Smith Jr. (37819130),269.3603472222222,363.755502246561,49600,0.00%,0,-100.0%,0,165.67000000000002,$-4.0,MEM 2,BKN 1,user21,1,marvalshot,15248,4652746686_21
Killian Hayes (37819199),Luke Kennard (37819236),Ausar Thompson (37819144),Giannis Antetokounmpo (37818975),Quinten Post (37819285),Stephen Curry (37818995),Amen Thompson (37819007),Moses Brown (37819161),269.7729166666667,367.17295091869806,50000,0.00%,0,-100.0%,0,162.53,$-4.0,GSW 2,BKN 1,user38,1,marvalshot,14825,4652746677_38
Stephon Castle (37819089),Gary Payton II (37819372),Cameron Johnson (37819066),Ausar Thompson (37819144),Jalen Duren (37819057),Stephen Curry (37818995),Gregory Jackson (37819336),Giannis Antetokounmpo (37818975),291.9400694444445,390.5468595273785,49700,99.33%,0,59.3%,0,150.14,$2.37,GSW 2,DET 2,user14,1,marvalshot,14850,4652746678_14
Malik Monk (37819030),Cam Spencer (37819396),Paul George (37819038),Gregory Jackson (37819336),Draymond Green (37819085),Damian Lillard (37818998),Giannis Antetokounmpo (37818975),Scotty Pippen Jr. (37819326),278.29,371.69,49800,0.30%,0,-99.59%,0,152.85999999999999,$-3.98,MEM 3,MIL 2,user32,1,marvalshot,14917,4652746679_32
Killian Hayes (37819199),Malik Beasley (37819163),Ausar Thompson (37819144),Maxwell Lewis (37819541),Giannis Antetokounmpo (37818975),Stephen Curry (37818995),Jaren Jackson Jr. (37819020),Dillon Brooks (37819168),274.8131076388889,363.41769935585893,49400,0.00%,0,-100.0%,0,138.57999999999998,$-4.0,BKN 2,DET 2,user36,1,marvalshot,14970,4652746680_36
Killian Hayes (37819199),De'Aaron Fox (37819003),Ausar Thompson (37819144),Santi Aldama (37819116),Giannis Antetokounmpo (37818975),Tyrese Maxey (37818992),Gregory Jackson (37819336),Gary Payton II (37819372),267.54291666666666,359.35295091869807,49900,0.00%,0,-100.0%,0,153.98000000000002,$-4.0,MEM 2,BKN 1,user40,1,marvalshot,15022,4652746681_40
Stephen Curry (37818995),Brandin Podziemski (37819081),Kyle Kuzma (37819059),Jaren Jackson Jr. (37819020),Brook Lopez (37819101),Quentin Grimes (37819127),Harrison Barnes (37819176),Santi Aldama (37819116),287.01,373.33000000000004,50000,70.49%,0,4.12%,0,167.0,$0.16,GSW 2,MIL 2,user4,1,marvalshot,15035,4652746682_4
Killian Hayes (37819199),Luke Kennard (37819236),Paul George (37819038),PJ Washington (37819042),Jalen Duren (37819057),Stephen Curry (37818995),Santi Aldama (37819116),Brandin Podziemski (37819081),288.99595486111116,374.47369110448983,49400,90.86%,0,36.7%,0,179.69,$1.47,MEM 2,GSW 2,user3,1,marvalshot,15083,4652746683_3
Killian Hayes (37819199),Klay Thompson (37819119),Devin Vassell (37819093),Jaren Jackson Jr. (37819020),Jalen Duren (37819057),Zach LaVine (37819015),Gregory Jackson (37819336),Stephen Curry (37818995),284.4759548611111,372.43369110448975,49600,32.58%,0,-52.85%,0,154.5,$-2.11,MEM 2,BKN 1,user42,1,marvalshot,15171,4652746684_42
Stephen Curry (37818995),Malik Beasley (37819163),Ausar Thompson (37819144),Gregory Jackson (37819336),Jalen Duren (37819057),Brandin Podziemski (37819081),Santi Aldama (37819116),Domantas Sabonis (37818987),320.9178819444444,413.57937139424314,49400,100.00%,49906,664.36%,0,185.46,$26.57,DET 3,GSW 2,user30,1,marvalshot,15208,4652746685_30
Killian Hayes (37819199),De'Aaron Fox (37819003),John Konchar (37819393),Jaren Jackson Jr. (37819020),Draymond Green (37819085),Malik Monk (37819030),Gregory Jackson (37819336),Domantas Sabonis (37818987),275.1603472222222,362.465502246561,49800,0.00%,0,-100.0%,0,162.06,$-4.0,MEM 3,SAC 2,user33,1,marvalshot,15260,4652746686_33
Killian Hayes (37819199),Buddy Hield (37819264),Ausar Thompson (37819144),Santi Aldama (37819116),Kevon Looney (37819298),Malik Monk (37819030),Giannis Antetokounmpo (37818975),Stephen Curry (37818995),271.3729166666667,366.53295091869813,49400,0.00%,0,-100.0%,0,158.61,$-4.0,GSW 3,BKN 1,user48,1,marvalshot,14835,4652746677_48
Amen Thompson (37819007),Max Christie (37819111),Cameron Johnson (37819066),Ausar Thompson (37819144),Jalen Duren (37819057),Scotty Pippen Jr. (37819326),Moses Moody (37819210),Giannis Antetokounmpo (37818975),290.90006944444445,381.7568595273785,50000,97.66%,0,51.88%,0,155.06,$2.08,DET 2,HOU 1,user28,1,marvalshot,14864,4652746678_28
Stephon Castle (37819089),De'Aaron Fox (37819003),Zach LaVine (37819015),Guerschon Yabusele (37819152),Jaren Jackson Jr. (37819020),Scotty Pippen Jr. (37819326),Santi Aldama (37819116),Tari Eason (37819106),278.04999999999995,369.13,49600,0.21%,0,-99.7%,0,171.23000000000002,$-3.99,MEM 3,SAS 2,user34,1,marvalshot,14919,4652746679_34
Killian Hayes (37819199),Malik Beasley (37819163),Ausar Thompson (37819144),Maxwell Lewis (37819541),Giannis Antetokounmpo (37818975),Brandin Podziemski (37819081),Santi Aldama (37819116),Jaren Jackson Jr. (37819020),275.4831076388889,363.1076993558589,47100,0.00%,0,-100.0%,0,179.97000000000003,$-4.0,BKN 2,DET 2,user45,1,marvalshot,14979,4652746680_45
Killian Hayes (37819199),Devin Vassell (37819093),Ausar Thompson (37819144),Jaren Jackson Jr. (37819020),Brook Lopez (37819101),Stephen Curry (37818995),Gregory Jackson (37819336),Kyrie Irving (37818989),272.09291666666667,358.68295091869805,50000,0.00%,0,-100.0%,0,139.37,$-4.0,MEM 2,BKN 1,user25,1,marvalshot,15007,4652746681_25
Malik Monk (37819030),De'Aaron Fox (37819003),John Konchar (37819393),Keegan Murray (37819141),Alperen Sengun (37819001),Devin Vassell (37819093),Jaren Jackson Jr. (37819020),Scotty Pippen Jr. (37819326),286.63,376.73,49900,65.58%,0,-3.39%,0,192.31,$-0.14,MEM 3,SAC 2,user19,1,marvalshot,15050,4652746682_19
Killian Hayes (37819199),Devin Vassell (37819093),Naji Marshall (37819135),Jaren Jackson Jr. (37819020),Jalen Duren (37819057),Scotty Pippen Jr. (37819326),Zach LaVine (37819015),Tyrese Maxey (37818992),288.7659548611111,372.67369110448976,49700,89.07%,0,33.68%,0,171.53,$1.35,MEM 2,BKN 1,user30,1,marvalshot,15110,4652746683_30
Killian Hayes (37819199),De'Aaron Fox (37819003),Gary Payton II (37819372),Jaren Jackson Jr. (37819020),Jalen Duren (37819057),Klay Thompson (37819119),Gregory Jackson (37819336),Giannis Antetokounmpo (37818975),281.83595486111113,377.4436911044898,49800,6.33%,0,-91.2%,0,155.2,$-3.65,MEM 2,BKN 1,user4,1,marvalshot,15133,4652746684_4
Brandin Podziemski (37819081),Malik Beasley (37819163),Ausar Thompson (37819144),Keldon Johnson (37819184),Jalen Duren (37819057),Scotty Pippen Jr. (37819326),Giannis Antetokounmpo (37818975),Alperen Sengun (37819001),320.8278819444444,421.19937139424314,49900,100.00%,49948,654.96%,0,204.42999999999998,$26.2,DET 3,GSW 1,user32,1,marvalshot,15210,4652746685_32
Killian Hayes (37819199),Jalen Green (37819027),Naji Marshall (37819135),Santi Aldama (37819116),Zach Edey (37819197),Stephen Curry (37818995),Klay Thompson (37819119),Alperen Sengun (37819001),266.41034722222224,359.8255022465611,49800,0.00%,0,-100.0%,0,149.62,$-4.0,HOU 2,DAL 2,user45,1,marvalshot,15272,4652746686_45
Killian Hayes (37819199),Brandin Podziemski (37819081),Ausar Thompson (37819144),Keldon Johnson (37819184),Alperen Sengun (37819001),De'Aaron Fox (37819003),Gregory Jackson (37819336),Stephen Curry (37818995),272.60291666666666,365.58295091869803,49700,0.00%,0,-100.0%,0,159.84,$-4.0,GSW 2,SAS 2,user35,1,marvalshot,14822,4652746677_35
Spencer Dinwiddie (37819214),De'Aaron Fox (37819003),Cameron Johnson (37819066),Ausar Thompson (37819144),Jalen Duren (37819057),Stephon Castle (37819089),Santi Aldama (37819116),Jaren Jackson Jr. (37819020),288.24006944444443,376.6368595273784,49500,84.24%,0,25.72%,0,154.29000000000002,$1.03,SAS 2,DET 2,user39,1,marvalshot,14875,4652746678_39
Chris Paul (37819103),Zach LaVine (37819015),Buddy Hield (37819264),Giannis Antetokounmpo (37818975),Quinten Post (37819285),Stephen Curry (37818995),Santi Aldama (37819116),Gregory Jackson (37819336),277.26,376.9,49300,0.05%,0,-99.92%,0,170.35,$-4.0,GSW 3,MEM 2,user10,1,marvalshot,14895,4652746679_10
Killian Hayes (37819199),Malik Beasley (37819163),Ausar Thompson (37819144),Maxwell Lewis (37819541),Giannis Antetokounmpo (37818975),Malik Monk (37819030),Santi Aldama (37819116),Jaren Jackson Jr. (37819020),275.6031076388889,362.26769935585895,48600,0.00%,0,-100.0%,0,162.66000000000003,$-4.0,BKN 2,DET 2,user47,1,marvalshot,14981,4652746680_47
Killian Hayes (37819199),Klay Thompson (37819119),Ausar Thompson (37819144),Santi Aldama (37819116),Jaren Jackson Jr. (37819020),Stephen Curry (37818995),DeMar DeRozan (37819046),Tari Eason (37819106),268.8829166666667,356.86295091869806,49500,0.00%,0,-100.0%,0,150.31,$-4.0,MEM 2,BKN 1,user15,1,marvalshot,14998,4652746681_15
Stephen Curry (37818995),Brandin Podziemski (37819081),Gary Payton II (37819372),Santi Aldama (37819116),Alperen Sengun (37819001),Kyrie Irving (37818989),Gregory Jackson (37819336),Quentin Grimes (37819127),286.21000000000004,381.5400000000001,50000,59.00%,0,-13.33%,0,178.59,$-0.53,GSW 3,MEM 2,user14,1,marvalshot,15045,4652746682_14
Killian Hayes (37819199),Devin Vassell (37819093),Gregory Jackson (37819336),Moses Moody (37819210),Jalen Duren (37819057),Brandin Podziemski (37819081),Giannis Antetokounmpo (37818975),Alperen Sengun (37819001),288.33595486111113,385.05369110448976,49600,86.77%,0,29.6%,0,182.84,$1.18,GSW 2,BKN 1,user11,1,marvalshot,15091,4652746683_11
Killian Hayes (37819199),Brandin Podziemski (37819081),Gregory Jackson (37819336),PJ Washington (37819042),Jalen Duren (37819057),Tyrese Maxey (37818992),Klay Thompson (37819119),Jaren Jackson Jr. (37819020),281.0959548611111,366.44369110448974,49400,3.74%,0,-94.75%,0,153.09,$-3.79,MEM 2,DAL 2,user10,1,marvalshot,15139,4652746684_10
Brandin Podziemski (37819081),Malik Beasley (37819163),Ausar Thompson (37819144),Giannis Antetokounmpo (37818975),Jalen Duren (37819057),Scotty Pippen Jr. (37819326),DeMar DeRozan (37819046),Santi Aldama (37819116),320.7278819444444,414.70937139424314,49000,100.00%,49975,630.18%,0,210.82,$25.21,DET 3,MEM 2,user22,1,marvalshot,15200,4652746685_22
Killian Hayes (37819199),Stephon Castle (37819089),Naji Marshall (37819135),Guerschon Yabusele (37819152),Jaren Jackson Jr. (37819020),Malik Monk (37819030),Santi Aldama (37819116),Alperen Sengun (37819001),268.79034722222224,358.06550224656104,49800,0.00%,0,-100.0%,0,164.92000000000002,$-4.0,MEM 2,BKN 1,user47,1,marvalshot,15274,4652746686_47
Killian Hayes (37819199),Brandin Podziemski (37819081),Ausar Thompson (37819144),Naji Marshall (37819135),Draymond Green (37819085),Amen Thompson (37819007),Giannis Antetokounmpo (37818975),Scotty Pippen Jr. (37819326),273.2029166666667,365.00295091869805,49000,0.00%,0,-100.0%,0,166.13,$-4.0,GSW 2,BKN 1,user41,1,marvalshot,14828,4652746677_41
De'Aaron Fox (37819003),Buddy Hield (37819264),Cameron Johnson (37819066),Ausar Thompson (37819144),Jalen Duren (37819057),Luke Kennard (37819236),Jaren Jackson Jr. (37819020),Malik Monk (37819030),288.10006944444444,373.0568595273785,49300,82.72%,0,23.44%,0,138.59,$0.94,DET 2,MEM 2,user29,1,marvalshot,14865,4652746678_29
Amen Thompson (37819007),Stephon Castle (37819089),Dante Exum (37819192),Jaren Jackson Jr. (37819020),Quinten Post (37819285),Stephen Curry (37818995),Tari Eason (37819106),Santi Aldama (37819116),276.17,372.96000000000004,49900,0.04%,0,-99.95%,0,147.36,$-4.0,HOU 2,MEM 2,user30,1,marvalshot,14915,4652746679_30
Killian Hayes (37819199),Malik Beasley (37819163),Ausar Thompson (37819144),Maxwell Lewis (37819541),Domantas Sabonis (37818987),Stephen Curry (37818995),John Konchar (37819393),Giannis Antetokounmpo (37818975),273.9431076388889,362.1376993558589,49400,0.00%,0,-100.0%,0,149.47,$-4.0,BKN 2,DET 2,user34,1,marvalshot,14968,4652746680_34
Killian Hayes (37819199),Kelly Oubre Jr. (37819076),Ausar Thompson (37819144),Tari Eason (37819106),Domantas Sabonis (37818987),Brandin Podziemski (37819081),Jaren Jackson Jr. (37819020),Draymond Green (37819085),270.9029166666666,355.802950918698,50000,0.00%,0,-100.0%,0,129.4,$-4.0,GSW 2,BKN 1,user46,1,marvalshot,15028,4652746681_46
Stephen Curry (37818995),Taurean Prince (37819244),Naji Marshall (37819135),Jaren Jackson Jr. (37819020),Moses Brown (37819161),Brandin Podziemski (37819081),Santi Aldama (37819116),Paul George (37819038),285.96000000000004,376.37,49300,55.41%,0,-18.74%,0,187.66000000000003,$-0.75,GSW 2,DAL 2,user10,1,marvalshot,15041,4652746682_10
Killian Hayes (37819199),Quentin Grimes (37819127),Keldon Johnson (37819184),Gregory Jackson (37819336),Jalen Duren (37819057),Jalen Green (37819027),Giannis Antetokounmpo (37818975),Jaren Jackson Jr. (37819020),288.1259548611111,383.3436911044897,50000,85.04%,0,26.75%,0,175.17000000000002,$1.07,MEM 2,BKN 1,user45,1,marvalshot,15125,4652746683_45
Killian Hayes (37819199),Stephon Castle (37819089),Amen Thompson (37819007),Jaren Jackson Jr. (37819020),Jalen Duren (37819057),Tyrese Maxey (37818992),John Konchar (37819393),Keegan Murray (37819141),280.46595486111113,363.1436911044898,49900,2.54%,0,-96.48%,0,153.14,$-3.86,MEM 2,BKN 1,user30,1,marvalshot,15159,4652746684_30
Malik Monk (37819030),Malik Beasley (37819163),Ausar Thompson (37819144),Jaren Jackson Jr. (37819020),Jalen Duren (37819057),Damian Lillard (37818998),Santi Aldama (37819116),Scotty Pippen Jr. (37819326),320.48788194444444,409.87937139424315,49100,100.00%,49879,615.88%,0,200.33,$24.64,DET 3,MEM 3,user10,1,marvalshot,15188,4652746685_10
Killian Hayes (37819199),Zach LaVine (37819015),Gregory Jackson (37819336),Santi Aldama (37819116),Draymond Green (37819085),Amen Thompson (37819007),Jaren Jackson Jr. (37819020),DeMar DeRozan (37819046),271.41034722222224,357.37550224656104,49800,0.00%,0,-100.0%,0,154.63,$-4.0,MEM 3,SAC 2,user27,1,marvalshot,15254,4652746686_27
Killian Hayes (37819199),Gary Payton II (37819372),Ausar Thompson (37819144),Santi Aldama (37819116),Alperen Sengun (37819001),Kelly Oubre Jr. (37819076),Jaren Jackson Jr. (37819020),Domantas Sabonis (37818987),274.4429166666667,364.87295091869805,49900,0.00%,0,-100.0%,0,164.04,$-4.0,MEM 2,BKN 1,user1,1,marvalshot,14789,4652746677_1
Stephen Curry (37818995),Jaylen Wells (37819202),Cameron Johnson (37819066),Ausar Thompson (37819144),Jalen Duren (37819057),Amen Thompson (37819007),Keldon Johnson (37819184),Brandin Podziemski (37819081),286.3500694444445,372.26685952737853,49900,60.46%,0,-10.92%,0,125.77999999999999,$-0.44,GSW 2,DET 2,user24,1,marvalshot,14860,4652746678_24
Stephon Castle (37819089),De'Aaron Fox (37819003),Gregory Jackson (37819336),Jaren Jackson Jr. (37819020),Alperen Sengun (37819001),Luke Kennard (37819236),Kyle Kuzma (37819059),Guerschon Yabusele (37819152),275.3,368.53000000000003,49600,0.00%,0,-100.0%,0,153.07,$-4.0,MEM 3,SAS 2,user27,1,marvalshot,14912,4652746679_27
Killian Hayes (37819199),Malik Beasley (37819163),Ausar Thompson (37819144),Maxwell Lewis (37819541),Giannis Antetokounmpo (37818975),Stephen Curry (37818995),DeMar DeRozan (37819046),Santi Aldama (37819116),274.47310763888885,361.8876993558589,49400,0.00%,0,-100.0%,0,147.62,$-4.0,BKN 2,DET 2,user33,1,marvalshot,14967,4652746680_33
Killian Hayes (37819199),Jalen Green (37819027),Ausar Thompson (37819144),Santi Aldama (37819116),Moses Brown (37819161),Chris Paul (37819103),Giannis Antetokounmpo (37818975),Draymond Green (37819085),261.9829166666667,355.5629509186981,49500,0.00%,0,-100.0%,0,158.86,$-4.0,BKN 1,HOU 1,user44,1,marvalshot,15026,4652746681_44
Luke Kennard (37819236),Brandin Podziemski (37819081),John Konchar (37819393),Paul George (37819038),Moses Brown (37819161),Amen Thompson (37819007),Santi Aldama (37819116),Giannis Antetokounmpo (37818975),285.12,378.91,49700,41.90%,0,-39.12%,0,214.62,$-1.56,MEM 3,GSW 1,user27,1,marvalshot,15058,4652746682_27
Killian Hayes (37819199),Jalen Green (37819027),Klay Thompson (37819119),Giannis Antetokounmpo (37818975),Jalen Duren (37819057),Brandin Podziemski (37819081),Kyle Kuzma (37819059),Scotty Pippen Jr. (37819326),288.1659548611111,379.99369110448976,50000,84.75%,0,26.37%,0,179.52,$1.05,MIL 2,BKN 1,user26,1,marvalshot,15106,4652746683_26
Killian Hayes (37819199),Stephon Castle (37819089),Paul George (37819038),Gregory Jackson (37819336),Jalen Duren (37819057),De'Aaron Fox (37819003),Amen Thompson (37819007),Santi Aldama (37819116),278.33595486111113,364.0736911044898,49600,0.29%,0,-99.6%,0,149.69,$-3.98,SAS 2,MEM 2,user31,1,marvalshot,15160,4652746684_31
Malik Monk (37819030),Malik Beasley (37819163),Ausar Thompson (37819144),Jaren Jackson Jr. (37819020),Jalen Duren (37819057),Scotty Pippen Jr. (37819326),Buddy Hield (37819264),Giannis Antetokounmpo (37818975),320.4378819444444,416.89937139424313,49500,100.00%,49909,607.78%,0,188.45999999999998,$24.31,DET 3,MEM 2,user49,1,marvalshot,15227,4652746685_49
Killian Hayes (37819199),Kelly Oubre Jr. (37819076),Gregory Jackson (37819336),Jaren Jackson Jr. (37819020),Alperen Sengun (37819001),Kevin Porter Jr. (37819269),Sandro Mamukelashvili (37819180),Giannis Antetokounmpo (37818975),257.42034722222223,354.265502246561,49400,0.00%,0,-100.0%,0,154.93,$-4.0,MEM 2,MIL 2,user,1,marvalshot,12140,4652746686
Killian Hayes (37819199),Malik Monk (37819030),Ausar Thompson (37819144),Gregory Jackson (37819336),Draymond Green (37819085),Jalen Green (37819027),Santi Aldama (37819116),Giannis Antetokounmpo (37818975),271.92291666666665,364.27295091869803,49700,0.00%,0,-100.0%,0,160.18,$-4.0,MEM 2,BKN 1,user26,1,marvalshot,14813,4652746677_26
Tyrese Maxey (37818992),Buddy Hield (37819264),Cameron Johnson (37819066),Ausar Thompson (37819144),Jalen Duren (37819057),Amen Thompson (37819007),Jaren Jackson Jr. (37819020),Gui Santos (37819331),285.58006944444446,371.1168595273785,49900,49.50%,0,-27.49%,0,118.04,$-1.1,GSW 2,DET 2,user44,1,marvalshot,14880,4652746678_44
Malik Monk (37819030),Stephon Castle (37819089),Gary Payton II (37819372),Santi Aldama (37819116),Giannis Antetokounmpo (37818975),Amen Thompson (37819007),John Konchar (37819393),Draymond Green (37819085),274.45000000000005,367.93000000000006,50000,0.00%,0,-100.0%,0,156.84,$-4.0,GSW 2,MEM 2,user38,1,marvalshot,14923,4652746679_38
Killian Hayes (37819199),Malik Beasley (37819163),Ausar Thompson (37819144),Maxwell Lewis (37819541),Alperen Sengun (37819001),Brandin Podziemski (37819081),Jaren Jackson Jr. (37819020),Domantas Sabonis (37818987),274.95310763888887,360.8076993558589,49100,0.00%,0,-100.0%,0,144.39,$-4.0,BKN 2,DET 2,user25,1,marvalshot,14959,4652746680_25
Killian Hayes (37819199),Malik Monk (37819030),Ausar Thompson (37819144),PJ Washington (37819042),Zach Edey (37819197),Stephen Curry (37818995),Keldon Johnson (37819184),Jaren Jackson Jr. (37819020),265.8329166666667,354.3429509186981,49800,0.00%,0,-100.0%,0,128.73000000000002,$-4.0,MEM 2,BKN 1,user13,1,marvalshot,14996,4652746681_13
Stephon Castle (37819089),Luke Kennard (37819236),DeMar DeRozan (37819046),Naji Marshall (37819135),Jaren Jackson Jr. (37819020),Brandin Podziemski (37819081),Giannis Antetokounmpo (37818975),Gregory Jackson (37819336),285.0,381.41999999999996,50000,39.60%,0,-42.65%,0,174.04,$-1.71,MEM 3,SAS 1,user37,1,marvalshot,15068,4652746682_37
Killian Hayes (37819199),Stephon Castle (37819089),Zach LaVine (37819015),Gregory Jackson (37819336),Jalen Duren (37819057),Damian Lillard (37818998),Jaren Jackson Jr. (37819020),Santi Aldama (37819116),287.6459548611111,376.6036911044897,49600,78.73%,0,16.9%,0,181.96,$0.68,MEM 3,BKN 1,user49,1,marvalshot,15129,4652746683_49
Killian Hayes (37819199),Klay Thompson (37819119),Amen Thompson (37819007),Giannis Antetokounmpo (37818975),Jalen Duren (37819057),Quentin Grimes (37819127),Buddy Hield (37819264),Santi Aldama (37819116),277.1159548611111,366.83369110448973,49800,0.04%,0,-99.95%,0,154.89000000000001,$-4.0,BKN 1,DAL 1,user18,1,marvalshot,15147,4652746684_18
Tyrese Maxey (37818992),Malik Beasley (37819163),Ausar Thompson (37819144),Giannis Antetokounmpo (37818975),Jalen Duren (37819057),Scotty Pippen Jr. (37819326),Keldon Johnson (37819184),Santi Aldama (37819116),320.0278819444444,415.4893713942431,49700,100.00%,49800,583.08%,0,203.35,$23.32,DET 3,MEM 2,user,1,marvalshot,460,4652746685
Killian Hayes (37819199),Malik Monk (37819030),Amen Thompson (37819007),Santi Aldama (37819116),PJ Washington (37819042),Scotty Pippen Jr. (37819326),Jaren Jackson Jr. (37819020),Jabari Smith Jr. (37819130),268.1203472222222,353.37550224656104,49200,0.00%,0,-100.0%,0,174.63,$-4.0,MEM 3,HOU 2,user9,1,marvalshot,15236,4652746686_9
Killian Hayes (37819199),Brandin Podziemski (37819081),Ausar Thompson (37819144),Moses Moody (37819210),Giannis Antetokounmpo (37818975),De'Aaron Fox (37819003),DeMar DeRozan (37819046),Scotty Pippen Jr. (37819326),272.3729166666667,362.4429509186981,49700,0.00%,0,-100.0%,0,163.55,$-4.0,GSW 2,BKN 1,user10,1,marvalshot,14799,4652746677_10
De'Aaron Fox (37819003),Luke Kennard (37819236),Cameron Johnson (37819066),Ausar Thompson (37819144),Jalen Duren (37819057),Amen Thompson (37819007),Santi Aldama (37819116),Moses Brown (37819161),284.5500694444445,371.5068595273785,49000,34.92%,0,-49.17%,0,164.06,$-1.97,MEM 2,DET 2,user21,1,marvalshot,14857,4652746678_21
Brandin Podziemski (37819081),Quentin Grimes (37819127),Moses Moody (37819210),Guerschon Yabusele (37819152),Kevon Looney (37819298),Stephen Curry (37818995),Kelly Oubre Jr. (37819076),Giannis Antetokounmpo (37818975),274.34000000000003,366.14000000000004,50000,0.00%,0,-100.0%,0,128.32,$-4.0,GSW 4,PHI 3,user36,1,marvalshot,14921,4652746679_36
Killian Hayes (37819199),Malik Beasley (37819163),Ausar Thompson (37819144),Maxwell Lewis (37819541),Alperen Sengun (37819001),Stephen Curry (37818995),Jaren Jackson Jr. (37819020),Fred VanVleet (37819051),274.5031076388889,360.69769935585896,49100,0.00%,0,-100.0%,0,133.69,$-4.0,BKN 2,DET 2,user42,1,marvalshot,14976,4652746680_42
Killian Hayes (37819199),Stephon Castle (37819089),Ausar Thompson (37819144),Jabari Smith Jr. (37819130),Giannis Antetokounmpo (37818975),Fred VanVleet (37819051),Gregory Jackson (37819336),Alperen Sengun (37819001),260.23291666666665,353.962950918698,50000,0.00%,0,-100.0%,0,137.85,$-4.0,HOU 3,BKN 1,user19,1,marvalshot,15001,4652746681_19
Tyrese Maxey (37818992),Kelly Oubre Jr. (37819076),Moses Moody (37819210),Santi Aldama (37819116),Giannis Antetokounmpo (37818975),Scotty Pippen Jr. (37819326),Keegan Murray (37819141),Stephon Castle (37819089),284.89,376.61,50000,39.06%,0,-43.16%,0,176.91,$-1.73,PHI 2,MEM 2,user20,1,marvalshot,15051,4652746682_20
Killian Hayes (37819199),Buddy Hield (37819264),Keldon Johnson (37819184),Giannis Antetokounmpo (37818975),Jalen Duren (37819057),Damian Lillard (37818998),Gregory Jackson (37819336),Jaren Jackson Jr. (37819020),287.4059548611111,384.41369110448977,49800,77.26%,0,14.52%,0,175.91,$0.58,MIL 2,MEM 2,user18,1,marvalshot,15098,4652746683_18
Killian Hayes (37819199),De'Aaron Fox (37819003),Julian Champagnie (37819218),Giannis Antetokounmpo (37818975),Jalen Duren (37819057),Dante Exum (37819192),Jaren Jackson Jr. (37819020),Gregory Jackson (37819336),272.4359548611111,365.4036911044898,49800,0.00%,0,-100.0%,0,152.53,$-4.0,SAS 2,MEM 2,user26,1,marvalshot,15155,4652746684_26
Stephen Curry (37818995),Malik Beasley (37819163),Ausar Thompson (37819144),Jaren Jackson Jr. (37819020),Jalen Duren (37819057),Tyrese Maxey (37818992),Gregory Jackson (37819336),Zach Edey (37819197),319.8878819444444,414.1093713942431,49700,100.00%,49428,582.45%,0,158.29000000000002,$23.3,DET 3,MEM 3,user13,1,marvalshot,15191,4652746685_13
Killian Hayes (37819199),Brandin Podziemski (37819081),Gary Trent Jr. (37819278),Keldon Johnson (37819184),Giannis Antetokounmpo (37818975),De'Aaron Fox (37819003),Gregory Jackson (37819336),Amen Thompson (37819007),255.50034722222222,345.345502246561,49900,0.00%,0,-100.0%,0,132.01,$-4.0,MIL 2,SAS 2,user37,1,marvalshot,15264,4652746686_37
Killian Hayes (37819199),Cam Spencer (37819396),Ausar Thompson (37819144),Santi Aldama (37819116),Domantas Sabonis (37818987),Quentin Grimes (37819127),Jaren Jackson Jr. (37819020),Stephen Curry (37818995),273.91291666666666,362.1529509186981,49200,0.00%,0,-100.0%,0,163.5,$-4.0,MEM 3,BKN 1,user49,1,marvalshot,14836,4652746677_49
Brandin Podziemski (37819081),De'Aaron Fox (37819003),Cameron Johnson (37819066),Ausar Thompson (37819144),Jalen Duren (37819057),Malik Monk (37819030),Devin Vassell (37819093),Zach Edey (37819197),283.24006944444443,365.78685952737845,50000,19.38%,0,-72.1%,0,116.85999999999999,$-2.88,SAS 2,DET 2,user30,1,marvalshot,14866,4652746678_30
Scotty Pippen Jr. (37819326),Stephon Castle (37819089),DeMar DeRozan (37819046),Gui Santos (37819331),Giannis Antetokounmpo (37818975),Chris Paul (37819103),Guerschon Yabusele (37819152),Alperen Sengun (37819001),267.7,365.17,50000,0.00%,0,-100.0%,0,146.41,$-4.0,SAS 2,MEM 1,user6,1,marvalshot,14891,4652746679_6
Killian Hayes (37819199),Malik Beasley (37819163),Ausar Thompson (37819144),Maxwell Lewis (37819541),Jaren Jackson Jr. (37819020),Malik Monk (37819030),Giannis Antetokounmpo (37818975),Brandin Podziemski (37819081),274.3731076388889,359.53769935585893,49200,0.00%,0,-100.0%,0,143.68,$-4.0,BKN 2,DET 2,user24,1,marvalshot,14958,4652746680_24
Killian Hayes (37819199),Klay Thompson (37819119),Ausar Thompson (37819144),Giannis Antetokounmpo (37818975),Alperen Sengun (37819001),Brandin Podziemski (37819081),Devin Vassell (37819093),Buddy Hield (37819264),261.37291666666664,353.662950918698,49900,0.00%,0,-100.0%,0,140.97,$-4.0,GSW 2,BKN 1,user,1,marvalshot,8187,4652746681
Stephen Curry (37818995),Jaylen Wells (37819202),Gregory Jackson (37819336),Moses Moody (37819210),Domantas Sabonis (37818987),Stephon Castle (37819089),Jaren Jackson Jr. (37819020),Draymond Green (37819085),284.84999999999997,380.69999999999993,49700,38.69%,0,-43.8%,0,136.88,$-1.75,GSW 3,MEM 3,user23,1,marvalshot,15054,4652746682_23
Killian Hayes (37819199),Malik Monk (37819030),Naji Marshall (37819135),Jaren Jackson Jr. (37819020),Jalen Duren (37819057),Amen Thompson (37819007),Santi Aldama (37819116),Moses Brown (37819161),287.25595486111115,375.2736911044898,49800,73.62%,0,9.07%,0,183.0,$0.36,DAL 2,MEM 2,user39,1,marvalshot,15119,4652746683_39
Killian Hayes (37819199),Stephon Castle (37819089),Buddy Hield (37819264),Keegan Murray (37819141),Jalen Duren (37819057),Malik Monk (37819030),Giannis Antetokounmpo (37818975),Kyle Kuzma (37819059),271.38595486111114,357.30369110448976,50000,0.00%,0,-100.0%,0,125.58999999999999,$-4.0,SAC 2,MIL 2,user9,1,marvalshot,15138,4652746684_9
Stephon Castle (37819089),Malik Beasley (37819163),Ausar Thompson (37819144),Jaren Jackson Jr. (37819020),Jalen Duren (37819057),Scotty Pippen Jr. (37819326),Devin Vassell (37819093),Giannis Antetokounmpo (37818975),320.0178819444444,417.89937139424313,49900,100.00%,49881,579.36%,0,189.58999999999997,$23.17,DET 3,SAS 2,user31,1,marvalshot,15209,4652746685_31
Killian Hayes (37819199),Jalen Green (37819027),Moses Moody (37819210),Dillon Brooks (37819168),Domantas Sabonis (37818987),Stephen Curry (37818995),Gregory Jackson (37819336),Paul George (37819038),258.8803472222222,343.395502246561,49800,0.00%,0,-100.0%,0,111.75000000000001,$-4.0,HOU 2,GSW 2,user11,1,marvalshot,15238,4652746686_11
Killian Hayes (37819199),Jaylen Wells (37819202),Ausar Thompson (37819144),Giannis Antetokounmpo (37818975),Jaren Jackson Jr. (37819020),Scotty Pippen Jr. (37819326),Keegan Murray (37819141),Amen Thompson (37819007),270.75291666666664,361.672950918698,49100,0.00%,0,-100.0%,0,163.01,$-4.0,MEM 3,BKN 1,user47,1,marvalshot,14834,4652746677_47
Chris Paul (37819103),Keon Ellis (37819232),Cameron Johnson (37819066),Ausar Thompson (37819144),Jalen Duren (37819057),Brandin Podziemski (37819081),Devin Vassell (37819093),Giannis Antetokounmpo (37818975),279.9600694444444,367.1968595273784,49900,1.35%,0,-98.14%,0,133.99,$-3.93,SAS 2,DET 2,user2,1,marvalshot,14838,4652746678_2
Stephen Curry (37818995),Quentin Grimes (37819127),Klay Thompson (37819119),Paul George (37819038),Domantas Sabonis (37818987),Stephon Castle (37819089),Gregory Jackson (37819336),Zach Edey (37819197),270.71999999999997,361.21,49900,0.00%,0,-100.0%,0,112.34,$-4.0,PHI 2,MEM 2,user24,1,marvalshot,14909,4652746679_24
Killian Hayes (37819199),Malik Beasley (37819163),Ausar Thompson (37819144),Maxwell Lewis (37819541),Jaren Jackson Jr. (37819020),Stephen Curry (37818995),Kyle Kuzma (37819059),Domantas Sabonis (37818987),275.07310763888887,358.1076993558589,49500,0.00%,0,-100.0%,0,124.82000000000001,$-4.0,BKN 2,DET 2,user5,1,marvalshot,14939,4652746680_5
Killian Hayes (37819199),Malik Monk (37819030),Ausar Thompson (37819144),Santi Aldama (37819116),Alperen Sengun (37819001),De'Aaron Fox (37819003),John Konchar (37819393),Paul George (37819038),269.42291666666665,353.1629509186981,49900,0.00%,0,-100.0%,0,169.99,$-4.0,MEM 2,BKN 1,user20,1,marvalshot,15002,4652746681_20
Brandin Podziemski (37819081),Devin Vassell (37819093),Dante Exum (37819192),Santi Aldama (37819116),Giannis Antetokounmpo (37818975),Stephon Castle (37819089),Jaren Jackson Jr. (37819020),Gregory Jackson (37819336),284.66,383.47,49300,34.01%,0,-50.98%,0,191.87,$-2.04,MEM 3,SAS 2,user26,1,marvalshot,15057,4652746682_26
Killian Hayes (37819199),De'Aaron Fox (37819003),Moses Moody (37819210),Giannis Antetokounmpo (37818975),Jalen Duren (37819057),Luke Kennard (37819236),Jaren Jackson Jr. (37819020),Kevon Looney (37819298),287.0359548611111,383.11369110448976,49800,71.51%,0,5.63%,0,163.5,$0.23,GSW 2,MEM 2,user6,1,marvalshot,15086,4652746683_6
Killian Hayes (37819199),Stephon Castle (37819089),Moses Moody (37819210),Paul George (37819038),Jalen Duren (37819057),Zach LaVine (37819015),Tari Eason (37819106),Jaren Jackson Jr. (37819020),270.39595486111114,353.5336911044898,49200,0.00%,0,-100.0%,0,123.09,$-4.0,BKN 1,SAS 1,user28,1,marvalshot,15157,4652746684_28
Kyrie Irving (37818989),Malik Beasley (37819163),Ausar Thompson (37819144),Gregory Jackson (37819336),Jalen Duren (37819057),Scotty Pippen Jr. (37819326),Jaren Jackson Jr. (37819020),Domantas Sabonis (37818987),319.91788194444445,412.9693713942431,49400,100.00%,49640,577.04%,0,183.67,$23.08,DET 3,MEM 3,user28,1,marvalshot,15206,4652746685_28
Killian Hayes (37819199),Zach LaVine (37819015),Moses Moody (37819210),Santi Aldama (37819116),Moses Brown (37819161),Kyrie Irving (37818989),Harrison Barnes (37819176),Stephen Curry (37818995),257.78034722222225,342.74550224656105,49600,0.00%,0,-100.0%,0,144.93,$-4.0,GSW 2,DAL 2,user38,1,marvalshot,15265,4652746686_38
Killian Hayes (37819199),Stephon Castle (37819089),Ausar Thompson (37819144),Moses Moody (37819210),Domantas Sabonis (37818987),Zach LaVine (37819015),Santi Aldama (37819116),Jaren Jackson Jr. (37819020),270.0829166666667,356.8029509186981,50000,0.00%,0,-100.0%,0,151.05,$-4.0,SAC 2,MEM 2,user44,1,marvalshot,14831,4652746677_44
Tyrese Maxey (37818992),Max Christie (37819111),Cameron Johnson (37819066),Ausar Thompson (37819144),Jalen Duren (37819057),Luke Kennard (37819236),Sandro Mamukelashvili (37819180),Stephen Curry (37818995),277.40006944444445,359.5568595273785,49900,0.17%,0,-99.76%,0,114.64000000000001,$-3.99,DET 2,PHI 1,user22,1,marvalshot,14858,4652746678_22
Stephen Curry (37818995),Jalen Green (37819027),Buddy Hield (37819264),Jaren Jackson Jr. (37819020),Moses Brown (37819161),Gary Payton II (37819372),Kyle Kuzma (37819059),Zach LaVine (37819015),269.48,360.55,50000,0.00%,0,-100.0%,0,129.12,$-4.0,GSW 3,HOU 1,user33,1,marvalshot,14918,4652746679_33
Killian Hayes (37819199),Malik Beasley (37819163),Ausar Thompson (37819144),Maxwell Lewis (37819541),Domantas Sabonis (37818987),Stephen Curry (37818995),Jaren Jackson Jr. (37819020),Fred VanVleet (37819051),274.59310763888885,357.3676993558589,49900,0.00%,0,-100.0%,0,116.49,$-4.0,BKN 2,DET 2,user39,1,marvalshot,14973,4652746680_39
Killian Hayes (37819199),Luke Kennard (37819236),Ausar Thompson (37819144),PJ Washington (37819042),Alperen Sengun (37819001),Stephen Curry (37818995),Naji Marshall (37819135),Draymond Green (37819085),262.5829166666667,351.4629509186981,49200,0.00%,0,-100.0%,0,131.26,$-4.0,DAL 2,GSW 2,user35,1,marvalshot,15017,4652746681_35
Stephon Castle (37819089),Jalen Green (37819027),Keldon Johnson (37819184),Jabari Smith Jr. (37819130),Alperen Sengun (37819001),Stephen Curry (37818995),Santi Aldama (37819116),Scotty Pippen Jr. (37819326),284.42,383.21000000000004,49800,32.53%,0,-52.85%,0,190.56,$-2.11,HOU 3,SAS 2,user22,1,marvalshot,15053,4652746682_22
Killian Hayes (37819199),Quentin Grimes (37819127),Paul George (37819038),Kyle Kuzma (37819059),Jalen Duren (37819057),Luke Kennard (37819236),Santi Aldama (37819116),Giannis Antetokounmpo (37818975),286.9959548611111,373.63369110448974,49600,71.34%,0,5.49%,0,181.71,$0.22,PHI 2,MIL 2,user20,1,marvalshot,15100,4652746683_20
Killian Hayes (37819199),Devin Vassell (37819093),Moses Moody (37819210),Dillon Brooks (37819168),Jalen Duren (37819057),Kyrie Irving (37818989),Kyle Kuzma (37819059),Stephen Curry (37818995),271.3159548611111,351.50369110448975,49900,0.00%,0,-100.0%,0,115.27,$-4.0,GSW 2,BKN 1,user24,1,marvalshot,15153,4652746684_24
De'Aaron Fox (37819003),Malik Beasley (37819163),Ausar Thompson (37819144),Santi Aldama (37819116),Jalen Duren (37819057),Quentin Grimes (37819127),Giannis Antetokounmpo (37818975),Scotty Pippen Jr. (37819326),319.86788194444443,414.26937139424314,49900,100.00%,49766,572.98%,0,199.05,$22.92,DET 3,MEM 2,user25,1,marvalshot,15203,4652746685_25
Killian Hayes (37819199),Luke Kennard (37819236),Gregory Jackson (37819336),PJ Washington (37819042),Draymond Green (37819085),De'Aaron Fox (37819003),Paul George (37819038),Domantas Sabonis (37818987),257.7203472222222,340.87550224656104,50000,0.00%,0,-100.0%,0,110.83000000000001,$-4.0,MEM 2,BKN 1,user19,1,marvalshot,15246,4652746686_19
Killian Hayes (37819199),Jalen Green (37819027),Ausar Thompson (37819144),Jaren Jackson Jr. (37819020),Draymond Green (37819085),Brandin Podziemski (37819081),PJ Washington (37819042),Santi Aldama (37819116),269.8129166666667,356.11295091869806,49000,0.00%,0,-100.0%,0,157.37,$-4.0,MEM 2,GSW 2,user4,1,marvalshot,14793,4652746677_4
Damian Lillard (37818998),Malik Monk (37819030),Cameron Johnson (37819066),Ausar Thompson (37819144),Jalen Duren (37819057),Fred VanVleet (37819051),Moses Moody (37819210),Moses Brown (37819161),274.6300694444445,355.70685952737847,49700,0.01%,0,-99.98%,0,113.97,$-4.0,DET 2,MIL 1,user36,1,marvalshot,14872,4652746678_36
Kyrie Irving (37818989),Devin Vassell (37819093),Paul George (37819038),Gregory Jackson (37819336),Quinten Post (37819285),Stephen Curry (37818995),Tari Eason (37819106),Brandin Podziemski (37819081),271.06,360.17,49600,0.00%,0,-100.0%,0,127.79,$-4.0,GSW 3,DAL 1,user2,1,marvalshot,14887,4652746679_2
Killian Hayes (37819199),Malik Beasley (37819163),Ausar Thompson (37819144),Maxwell Lewis (37819541),Domantas Sabonis (37818987),Stephen Curry (37818995),Jaren Jackson Jr. (37819020),Kelly Oubre Jr. (37819076),274.1931076388889,355.7976993558589,49300,0.00%,0,-100.0%,0,120.74,$-4.0,BKN 2,DET 2,user20,1,marvalshot,14954,4652746680_20
Killian Hayes (37819199),Brandin Podziemski (37819081),Ausar Thompson (37819144),Guerschon Yabusele (37819152),Moses Brown (37819161),Jalen Green (37819027),Giannis Antetokounmpo (37818975),Draymond Green (37819085),260.28291666666667,351.27295091869803,49500,0.00%,0,-100.0%,0,139.93,$-4.0,GSW 2,BKN 1,user8,1,marvalshot,14991,4652746681_8
Luke Kennard (37819236),Buddy Hield (37819264),Devin Vassell (37819093),Jaren Jackson Jr. (37819020),Alperen Sengun (37819001),Stephen Curry (37818995),Jabari Smith Jr. (37819130),Draymond Green (37819085),283.75,379.23,50000,24.11%,0,-65.18%,0,152.18,$-2.61,GSW 3,MEM 2,user11,1,marvalshot,15042,4652746682_11
Killian Hayes (37819199),Luke Kennard (37819236),Buddy Hield (37819264),Giannis Antetokounmpo (37818975),Jalen Duren (37819057),Malik Monk (37819030),Jaren Jackson Jr. (37819020),Naji Marshall (37819135),286.9259548611111,378.63369110448974,49700,70.24%,0,3.66%,0,168.20999999999998,$0.15,MEM 2,BKN 1,user4,1,marvalshot,15084,4652746683_4
Killian Hayes (37819199),Kelly Oubre Jr. (37819076),Klay Thompson (37819119),PJ Washington (37819042),Jalen Duren (37819057),De'Aaron Fox (37819003),Jaren Jackson Jr. (37819020),Kevon Looney (37819298),266.5259548611111,349.69369110448974,49300,0.00%,0,-100.0%,0,110.68,$-4.0,DAL 2,BKN 1,user15,1,marvalshot,15144,4652746684_15
Stephen Curry (37818995),Malik Beasley (37819163),Ausar Thompson (37819144),PJ Washington (37819042),Jalen Duren (37819057),Scotty Pippen Jr. (37819326),Kyle Kuzma (37819059),Jaren Jackson Jr. (37819020),319.6878819444444,411.2793713942431,49700,100.00%,49590,557.01%,0,177.20999999999998,$22.28,DET 3,MEM 2,user7,1,marvalshot,15185,4652746685_7
Killian Hayes (37819199),De'Aaron Fox (37819003),Gregory Jackson (37819336),Santi Aldama (37819116),PJ Washington (37819042),Kyrie Irving (37818989),Kyle Kuzma (37819059),Moses Brown (37819161),254.6303472222222,339.13550224656103,49200,0.00%,0,-100.0%,0,151.2,$-4.0,DAL 3,MEM 2,user35,1,marvalshot,15262,4652746686_35
Killian Hayes (37819199),Malik Monk (37819030),Ausar Thompson (37819144),Gregory Jackson (37819336),Jaren Jackson Jr. (37819020),De'Aaron Fox (37819003),Santi Aldama (37819116),DeMar DeRozan (37819046),270.2029166666667,354.6729509186981,49100,0.00%,0,-100.0%,0,159.66,$-4.0,MEM 3,SAC 2,user43,1,marvalshot,14830,4652746677_43
Malik Monk (37819030),Devin Vassell (37819093),Cameron Johnson (37819066),Ausar Thompson (37819144),Jalen Duren (37819057),Amen Thompson (37819007),DeMar DeRozan (37819046),Gregory Jackson (37819336),275.71006944444446,355.6768595273785,49700,0.01%,0,-99.98%,0,106.91,$-4.0,SAC 2,DET 2,user37,1,marvalshot,14873,4652746678_37
Malik Monk (37819030),Jalen Green (37819027),Gregory Jackson (37819336),Gui Santos (37819331),Jonas Valanciunas (37819283),De'Aaron Fox (37819003),Giannis Antetokounmpo (37818975),Keldon Johnson (37819184),254.28000000000003,348.41,49400,0.00%,0,-100.0%,0,103.06,$-4.0,SAC 2,SAS 2,user3,1,marvalshot,14888,4652746679_3
Killian Hayes (37819199),Malik Beasley (37819163),Ausar Thompson (37819144),Maxwell Lewis (37819541),Jaren Jackson Jr. (37819020),Tyrese Maxey (37818992),DeMar DeRozan (37819046),Stephen Curry (37818995),274.1531076388889,354.45769935585895,50000,0.00%,0,-100.0%,0,115.32,$-4.0,BKN 2,DET 2,user41,1,marvalshot,14975,4652746680_41
Killian Hayes (37819199),Devin Vassell (37819093),Ausar Thompson (37819144),PJ Washington (37819042),Draymond Green (37819085),Quentin Grimes (37819127),Santi Aldama (37819116),Giannis Antetokounmpo (37818975),262.66291666666666,349.93295091869805,49700,0.00%,0,-100.0%,0,143.48,$-4.0,BKN 1,SAS 1,user36,1,marvalshot,15018,4652746681_36
Brandin Podziemski (37819081),Luke Kennard (37819236),Amen Thompson (37819007),Gregory Jackson (37819336),Brook Lopez (37819101),Damian Lillard (37818998),Jaren Jackson Jr. (37819020),Santi Aldama (37819116),283.78999999999996,372.55999999999995,49300,23.10%,0,-66.81%,0,179.26000000000002,$-2.67,MEM 4,MIL 2,user17,1,marvalshot,15048,4652746682_17
Killian Hayes (37819199),Gary Payton II (37819372),Dillon Brooks (37819168),Giannis Antetokounmpo (37818975),Jalen Duren (37819057),Buddy Hield (37819264),Jaren Jackson Jr. (37819020),Stephen Curry (37818995),286.9059548611111,383.11369110448976,49900,69.97%,0,3.24%,0,158.23000000000002,$0.13,GSW 3,BKN 1,user40,1,marvalshot,15120,4652746683_40
Killian Hayes (37819199),Quentin Grimes (37819127),Klay Thompson (37819119),Kyle Kuzma (37819059),Jalen Duren (37819057),Stephen Curry (37818995),Max Christie (37819111),Paul George (37819038),267.07595486111114,342.9736911044898,49200,0.00%,0,-100.0%,0,109.42999999999999,$-4.0,PHI 2,DAL 2,user16,1,marvalshot,15145,4652746684_16
Scotty Pippen Jr. (37819326),Malik Beasley (37819163),Ausar Thompson (37819144),Santi Aldama (37819116),Jalen Duren (37819057),Malik Monk (37819030),Kyle Kuzma (37819059),Giannis Antetokounmpo (37818975),319.6478819444444,412.4093713942431,49600,100.00%,49709,555.95%,0,200.14999999999998,$22.24,DET 3,MEM 2,user4,1,marvalshot,15182,4652746685_4
Killian Hayes (37819199),Kelly Oubre Jr. (37819076),Naji Marshall (37819135),Giannis Antetokounmpo (37818975),Brook Lopez (37819101),Malik Monk (37819030),Dante Exum (37819192),Draymond Green (37819085),251.06034722222222,332.35550224656106,49700,0.00%,0,-100.0%,0,93.98,$-4.0,DAL 2,MIL 2,user31,1,marvalshot,15258,4652746686_31
