PG,SG,SF,PF,C,G,F,UTIL,Proj,Ceiling,Salary,Cash %,Top 1%,ROI%,Wins,Own Sum,Avg Return,Stack1,Stack2,Lineup,Dupes,User,Index,Entry ID
Jalen Brunson (37787234),Gradey Dick (37787706),Ochai Agbaji (37787812),Josh Hart (37787277),Day'Ron Sharpe (37787668),Keyonte George (37787343),Jayson Tatum (37787217),Zach Collins (37787646),319.7270529513888,409.67859735551997,49700,100.00%,37762,275.41%,0,80.0,$8.26,NYK 2,TOR 2,user,50,marvalshot,852,4650190659
Jalen Brunson (37787234),Gradey Dick (37787706),Deni Avdija (37787375),Ochai Agbaji (37787812),Day'Ron Sharpe (37787668),Keyonte George (37787343),RJ Barrett (37787310),Alperen Sengun (37787254),311.7755078125,409.2193159075955,49800,100.00%,371,168.27%,0,80.0,$5.05,TOR 3,NYK 1,user,50,marvalshot,5747,4650190660
Immanuel Quickley (37787336),Malik Monk (37787292),Kawhi Leonard (37787323),Josh Hart (37787277),Zach Collins (37787646),Keyonte George (37787343),Matas Buzelis (37787575),Day'Ron Sharpe (37787668),303.09000000000003,394.28000000000003,49900,100.00%,0,103.53%,0,80.0,$3.11,CHI 2,TOR 1,user2,1,marvalshot,15832,4650190661_2
Keyonte George (37787343),Gradey Dick (37787706),Josh Hart (37787277),Pascal Siakam (37787289),Andre Drummond (37787733),Josh Giddey (37787286),Kawhi Leonard (37787323),Day'Ron Sharpe (37787668),300.82,397.04999999999995,49500,100.00%,0,98.27%,0,80.0,$2.95,UTA 1,TOR 1,user,1,marvalshot,7308,4650190662
Trae Young (37787228),Aaron Nesmith (37787756),RJ Barrett (37787310),Kawhi Leonard (37787323),Zach Collins (37787646),Keyonte George (37787343),Andrew Wiggins (37787364),Day'Ron Sharpe (37787668),299.24,395.56,49800,100.00%,0,93.76%,0,80.0,$2.81,ATL 1,IND 1,user,1,marvalshot,15235,4650190663
Jordan Poole (37787307),Malik Monk (37787292),Deni Avdija (37787375),Kawhi Leonard (37787323),Zach Collins (37787646),Trae Young (37787228),Kyle Anderson (37787844),Day'Ron Sharpe (37787668),327.79565104166664,425.6032672318576,49900,100.00%,49991,1058.95%,0,80.0,$31.77,WAS 1,SAC 1,user1,1,marvalshot,15838,4650190664_1
Keyonte George (37787343),Malik Monk (37787292),Deni Avdija (37787375),Ausar Thompson (37787495),Zach Collins (37787646),Josh Giddey (37787286),Kawhi Leonard (37787323),Day'Ron Sharpe (37787668),317.74857204861115,415.89251177929526,49700,100.00%,24218,242.09%,0,80.0,$7.26,CHI 2,UTA 1,user3,1,marvalshot,15842,4650190665_3
Jalen Brunson (37787234),Gradey Dick (37787706),Kawhi Leonard (37787323),Josh Hart (37787277),Day'Ron Sharpe (37787668),Keyonte George (37787343),Kyle Anderson (37787844),Ivica Zubac (37787301),307.34000000000003,402.70000000000005,49900,100.00%,5,132.05%,0,80.0,$3.96,NYK 2,LAC 2,user16,1,marvalshot,15862,4650190666_16
Anfernee Simons (37787360),Davion Mitchell (37787719),Josh Hart (37787277),Kawhi Leonard (37787323),Day'Ron Sharpe (37787668),Josh Giddey (37787286),Kyle Anderson (37787844),Alperen Sengun (37787254),314.4773090277778,407.56770258914247,49600,100.00%,5465,189.8%,0,80.0,$5.69,MIA 2,POR 1,user,50,marvalshot,9448,4650190667
Jalen Brunson (37787234),Gradey Dick (37787706),Deni Avdija (37787375),Josh Hart (37787277),Day'Ron Sharpe (37787668),Kevin Huerter (37787632),Khris Middleton (37787470),Alperen Sengun (37787254),310.14325520833336,403.81090872039226,50000,100.00%,59,160.11%,0,80.0,$4.8,NYK 2,TOR 1,user,50,marvalshot,2891,4650190668
Jalen Brunson (37787234),Jrue Holiday (37787595),Josh Hart (37787277),Pascal Siakam (37787289),Andre Drummond (37787733),Josh Giddey (37787286),Matas Buzelis (37787575),Day'Ron Sharpe (37787668),304.96338541666665,396.56725865685587,49900,100.00%,0,111.47%,0,80.0,$3.34,NYK 2,CHI 2,user,1,marvalshot,2244,4650190669
Keyonte George (37787343),Gradey Dick (37787706),Josh Hart (37787277),Kyle Anderson (37787844),Alperen Sengun (37787254),Josh Giddey (37787286),Kawhi Leonard (37787323),Day'Ron Sharpe (37787668),307.1,404.42,49800,100.00%,8,129.56%,0,80.0,$3.89,UTA 1,TOR 1,user,1,marvalshot,12312,4650190670
Jalen Brunson (37787234),Gradey Dick (37787706),Ochai Agbaji (37787812),Josh Hart (37787277),Day'Ron Sharpe (37787668),Keyonte George (37787343),Jayson Tatum (37787217),Zach Collins (37787646),319.7270529513888,409.67859735551997,49700,100.00%,37762,275.41%,0,80.0,$8.26,NYK 2,TOR 2,user1,50,marvalshot,852,4650190659_1
Jalen Brunson (37787234),Gradey Dick (37787706),Deni Avdija (37787375),Ochai Agbaji (37787812),Day'Ron Sharpe (37787668),Keyonte George (37787343),RJ Barrett (37787310),Alperen Sengun (37787254),311.7755078125,409.2193159075955,49800,100.00%,371,168.27%,0,80.0,$5.05,TOR 3,NYK 1,user1,50,marvalshot,5747,4650190660_1
Immanuel Quickley (37787336),Lonzo Ball (37787607),Kyle Anderson (37787844),Josh Hart (37787277),Alperen Sengun (37787254),Keyonte George (37787343),Kawhi Leonard (37787323),Day'Ron Sharpe (37787668),301.92,399.04,49800,100.00%,0,100.36%,0,80.0,$3.01,TOR 1,CHI 1,user1,1,marvalshot,15831,4650190661_1
Trae Young (37787228),Gradey Dick (37787706),Josh Hart (37787277),Pascal Siakam (37787289),Andre Drummond (37787733),Josh Giddey (37787286),Matas Buzelis (37787575),Day'Ron Sharpe (37787668),298.78000000000003,391.15000000000003,49600,100.00%,0,92.54%,0,80.0,$2.78,CHI 2,ATL 1,user1,1,marvalshot,15835,4650190662_1
Trae Young (37787228),Aaron Nesmith (37787756),RJ Barrett (37787310),Georges Niang (37787658),Day'Ron Sharpe (37787668),Josh Giddey (37787286),Matas Buzelis (37787575),Alperen Sengun (37787254),296.06,391.51,50000,100.00%,0,79.07%,0,80.0,$2.37,ATL 2,CHI 2,user1,49,marvalshot,15837,4650190663_1
Jordan Poole (37787307),Malik Monk (37787292),Deni Avdija (37787375),Kawhi Leonard (37787323),Zach Collins (37787646),Josh Giddey (37787286),Matas Buzelis (37787575),Day'Ron Sharpe (37787668),327.0756510416667,422.06326723185765,49600,100.00%,49978,923.8%,0,80.0,$27.71,CHI 3,WAS 1,user,1,marvalshot,9781,4650190664
Josh Giddey (37787286),Malik Monk (37787292),Deni Avdija (37787375),Ausar Thompson (37787495),Day'Ron Sharpe (37787668),Keyonte George (37787343),Kyle Anderson (37787844),Alperen Sengun (37787254),317.55857204861115,417.83251177929526,50000,100.00%,22753,240.25%,0,80.0,$7.21,CHI 1,SAC 1,user5,1,marvalshot,15844,4650190665_5
Jalen Brunson (37787234),Gradey Dick (37787706),Kyle Anderson (37787844),Josh Hart (37787277),Zach Collins (37787646),Trae Young (37787228),Kawhi Leonard (37787323),Day'Ron Sharpe (37787668),306.56,399.83,49400,100.00%,2,124.22%,0,80.0,$3.73,NYK 2,TOR 1,user45,1,marvalshot,15891,4650190666_45
Anfernee Simons (37787360),Davion Mitchell (37787719),Josh Hart (37787277),Kawhi Leonard (37787323),Day'Ron Sharpe (37787668),Josh Giddey (37787286),Kyle Anderson (37787844),Alperen Sengun (37787254),314.4773090277778,407.56770258914247,49600,100.00%,5465,189.8%,0,80.0,$5.69,MIA 2,POR 1,user1,50,marvalshot,9448,4650190667_1
Jalen Brunson (37787234),Gradey Dick (37787706),Deni Avdija (37787375),Josh Hart (37787277),Day'Ron Sharpe (37787668),Kevin Huerter (37787632),Khris Middleton (37787470),Alperen Sengun (37787254),310.14325520833336,403.81090872039226,50000,100.00%,59,160.11%,0,80.0,$4.8,NYK 2,TOR 1,user1,50,marvalshot,2891,4650190668_1
Jalen Brunson (37787234),Jrue Holiday (37787595),Josh Hart (37787277),Pascal Siakam (37787289),Andre Drummond (37787733),Keon Johnson (37787491),Kawhi Leonard (37787323),Day'Ron Sharpe (37787668),302.5633854166667,395.35725865685583,49900,100.00%,0,101.56%,0,80.0,$3.05,NYK 2,BKN 2,user1,1,marvalshot,15896,4650190669_1
Trae Young (37787228),Gradey Dick (37787706),Josh Hart (37787277),Matas Buzelis (37787575),Day'Ron Sharpe (37787668),Josh Giddey (37787286),Kawhi Leonard (37787323),Zach Collins (37787646),305.25,396.58000000000004,49600,100.00%,0,113.13%,0,80.0,$3.39,CHI 3,ATL 1,user8,1,marvalshot,15905,4650190670_8
Jalen Brunson (37787234),Gradey Dick (37787706),Ochai Agbaji (37787812),Josh Hart (37787277),Day'Ron Sharpe (37787668),Keyonte George (37787343),Jayson Tatum (37787217),Zach Collins (37787646),319.7270529513888,409.67859735551997,49700,100.00%,37762,275.41%,0,80.0,$8.26,NYK 2,TOR 2,user2,50,marvalshot,852,4650190659_2
Jalen Brunson (37787234),Gradey Dick (37787706),Deni Avdija (37787375),Ochai Agbaji (37787812),Day'Ron Sharpe (37787668),Keyonte George (37787343),RJ Barrett (37787310),Alperen Sengun (37787254),311.7755078125,409.2193159075955,49800,100.00%,371,168.27%,0,80.0,$5.05,TOR 3,NYK 1,user2,50,marvalshot,5747,4650190660_2
Immanuel Quickley (37787336),Tyrese Martin (37787871),Kawhi Leonard (37787323),Josh Hart (37787277),Alperen Sengun (37787254),Keyonte George (37787343),Matas Buzelis (37787575),Day'Ron Sharpe (37787668),301.31,395.65999999999997,49800,100.00%,0,99.13%,0,80.0,$2.97,BKN 2,TOR 1,user3,1,marvalshot,15833,4650190661_3
Tyler Herro (37787251),Gradey Dick (37787706),Josh Hart (37787277),Pascal Siakam (37787289),Andre Drummond (37787733),Isaiah Collier (37787395),Kawhi Leonard (37787323),Day'Ron Sharpe (37787668),295.7,389.5,49900,100.00%,0,77.12%,0,80.0,$2.31,MIA 1,TOR 1,user2,48,marvalshot,15836,4650190662_2
Trae Young (37787228),Aaron Nesmith (37787756),RJ Barrett (37787310),Georges Niang (37787658),Day'Ron Sharpe (37787668),Josh Giddey (37787286),Matas Buzelis (37787575),Alperen Sengun (37787254),296.06,391.51,50000,100.00%,0,79.07%,0,80.0,$2.37,ATL 2,CHI 2,user2,49,marvalshot,15837,4650190663_2
Jordan Poole (37787307),Tyrese Martin (37787871),Deni Avdija (37787375),Kyle Anderson (37787844),Zach Collins (37787646),Trae Young (37787228),Kawhi Leonard (37787323),Alperen Sengun (37787254),323.6856510416667,421.67326723185766,50000,100.00%,49119,477.09%,0,80.0,$14.31,WAS 1,BKN 1,user2,48,marvalshot,15839,4650190664_2
Trae Young (37787228),Keon Johnson (37787491),Deni Avdija (37787375),Ausar Thompson (37787495),Zach Collins (37787646),Josh Giddey (37787286),Kawhi Leonard (37787323),Day'Ron Sharpe (37787668),316.54857204861116,414.65251177929525,50000,100.00%,15820,220.12%,0,80.0,$6.6,BKN 2,CHI 2,user2,1,marvalshot,15841,4650190665_2
Jalen Brunson (37787234),Gradey Dick (37787706),Kawhi Leonard (37787323),Josh Hart (37787277),Day'Ron Sharpe (37787668),Tyler Herro (37787251),Matas Buzelis (37787575),Zach Collins (37787646),306.40999999999997,396.53999999999996,50000,100.00%,1,122.82%,0,80.0,$3.68,NYK 2,CHI 2,user11,1,marvalshot,15857,4650190666_11
Anfernee Simons (37787360),Davion Mitchell (37787719),Josh Hart (37787277),Kawhi Leonard (37787323),Day'Ron Sharpe (37787668),Josh Giddey (37787286),Kyle Anderson (37787844),Alperen Sengun (37787254),314.4773090277778,407.56770258914247,49600,100.00%,5465,189.8%,0,80.0,$5.69,MIA 2,POR 1,user2,50,marvalshot,9448,4650190667_2
Jalen Brunson (37787234),Gradey Dick (37787706),Deni Avdija (37787375),Josh Hart (37787277),Day'Ron Sharpe (37787668),Kevin Huerter (37787632),Khris Middleton (37787470),Alperen Sengun (37787254),310.14325520833336,403.81090872039226,50000,100.00%,59,160.11%,0,80.0,$4.8,NYK 2,TOR 1,user2,50,marvalshot,2891,4650190668_2
Jalen Brunson (37787234),Jrue Holiday (37787595),Josh Hart (37787277),Pascal Siakam (37787289),Andre Drummond (37787733),Keyonte George (37787343),Matas Buzelis (37787575),Zach Collins (37787646),299.1133854166667,388.2372586568559,49300,100.00%,0,93.57%,0,80.0,$2.81,NYK 2,CHI 2,user2,48,marvalshot,15897,4650190669_2
Josh Giddey (37787286),Gradey Dick (37787706),Josh Hart (37787277),Kyle Anderson (37787844),Alperen Sengun (37787254),Trae Young (37787228),Matas Buzelis (37787575),Day'Ron Sharpe (37787668),305.06000000000006,398.52000000000004,49900,100.00%,0,111.93%,0,80.0,$3.36,CHI 2,TOR 1,user10,1,marvalshot,15907,4650190670_10
Jalen Brunson (37787234),Gradey Dick (37787706),Ochai Agbaji (37787812),Josh Hart (37787277),Day'Ron Sharpe (37787668),Keyonte George (37787343),Jayson Tatum (37787217),Zach Collins (37787646),319.7270529513888,409.67859735551997,49700,100.00%,37762,275.41%,0,80.0,$8.26,NYK 2,TOR 2,user3,50,marvalshot,852,4650190659_3
Jalen Brunson (37787234),Gradey Dick (37787706),Deni Avdija (37787375),Ochai Agbaji (37787812),Day'Ron Sharpe (37787668),Keyonte George (37787343),RJ Barrett (37787310),Alperen Sengun (37787254),311.7755078125,409.2193159075955,49800,100.00%,371,168.27%,0,80.0,$5.05,TOR 3,NYK 1,user3,50,marvalshot,5747,4650190660_3
Immanuel Quickley (37787336),Davion Mitchell (37787719),Kyle Anderson (37787844),Josh Hart (37787277),Alperen Sengun (37787254),Josh Giddey (37787286),Kawhi Leonard (37787323),Day'Ron Sharpe (37787668),300.86,394.38,49900,100.00%,0,98.24%,0,80.0,$2.95,MIA 2,TOR 1,user,1,marvalshot,10740,4650190661
Tyler Herro (37787251),Gradey Dick (37787706),Josh Hart (37787277),Pascal Siakam (37787289),Andre Drummond (37787733),Isaiah Collier (37787395),Kawhi Leonard (37787323),Day'Ron Sharpe (37787668),295.7,389.5,49900,100.00%,0,77.12%,0,80.0,$2.31,MIA 1,TOR 1,user3,48,marvalshot,15836,4650190662_3
Trae Young (37787228),Aaron Nesmith (37787756),RJ Barrett (37787310),Georges Niang (37787658),Day'Ron Sharpe (37787668),Josh Giddey (37787286),Matas Buzelis (37787575),Alperen Sengun (37787254),296.06,391.51,50000,100.00%,0,79.07%,0,80.0,$2.37,ATL 2,CHI 2,user3,49,marvalshot,15837,4650190663_3
Jordan Poole (37787307),Tyrese Martin (37787871),Deni Avdija (37787375),Kyle Anderson (37787844),Zach Collins (37787646),Trae Young (37787228),Kawhi Leonard (37787323),Alperen Sengun (37787254),323.6856510416667,421.67326723185766,50000,100.00%,49119,477.09%,0,80.0,$14.31,WAS 1,BKN 1,user3,48,marvalshot,15839,4650190664_3
Keyonte George (37787343),Tyrese Martin (37787871),Deni Avdija (37787375),Ausar Thompson (37787495),Day'Ron Sharpe (37787668),Josh Giddey (37787286),Kawhi Leonard (37787323),Alperen Sengun (37787254),315.9685720486111,417.27251177929526,49600,100.00%,12239,211.61%,0,80.0,$6.35,BKN 2,UTA 1,user,1,marvalshot,11945,4650190665
Jalen Brunson (37787234),Gradey Dick (37787706),Andrew Wiggins (37787364),Josh Hart (37787277),Day'Ron Sharpe (37787668),Josh Giddey (37787286),Kawhi Leonard (37787323),Kyle Anderson (37787844),306.00000000000006,395.8900000000001,49900,100.00%,0,119.04%,0,80.0,$3.57,NYK 2,MIA 2,user18,1,marvalshot,15864,4650190666_18
Anfernee Simons (37787360),Davion Mitchell (37787719),Josh Hart (37787277),Kawhi Leonard (37787323),Day'Ron Sharpe (37787668),Josh Giddey (37787286),Kyle Anderson (37787844),Alperen Sengun (37787254),314.4773090277778,407.56770258914247,49600,100.00%,5465,189.8%,0,80.0,$5.69,MIA 2,POR 1,user3,50,marvalshot,9448,4650190667_3
Jalen Brunson (37787234),Gradey Dick (37787706),Deni Avdija (37787375),Josh Hart (37787277),Day'Ron Sharpe (37787668),Kevin Huerter (37787632),Khris Middleton (37787470),Alperen Sengun (37787254),310.14325520833336,403.81090872039226,50000,100.00%,59,160.11%,0,80.0,$4.8,NYK 2,TOR 1,user3,50,marvalshot,2891,4650190668_3
Jalen Brunson (37787234),Jrue Holiday (37787595),Josh Hart (37787277),Pascal Siakam (37787289),Andre Drummond (37787733),Keyonte George (37787343),Matas Buzelis (37787575),Zach Collins (37787646),299.1133854166667,388.2372586568559,49300,100.00%,0,93.57%,0,80.0,$2.81,NYK 2,CHI 2,user3,48,marvalshot,15897,4650190669_3
Isaiah Collier (37787395),Gradey Dick (37787706),Josh Hart (37787277),Kawhi Leonard (37787323),Day'Ron Sharpe (37787668),Keyonte George (37787343),Matas Buzelis (37787575),Alperen Sengun (37787254),304.95000000000005,399.6700000000001,49900,100.00%,0,111.17%,0,80.0,$3.34,UTA 2,TOR 1,user9,1,marvalshot,15906,4650190670_9
Jalen Brunson (37787234),Gradey Dick (37787706),Ochai Agbaji (37787812),Josh Hart (37787277),Day'Ron Sharpe (37787668),Keyonte George (37787343),Jayson Tatum (37787217),Zach Collins (37787646),319.7270529513888,409.67859735551997,49700,100.00%,37762,275.41%,0,80.0,$8.26,NYK 2,TOR 2,user4,50,marvalshot,852,4650190659_4
Jalen Brunson (37787234),Gradey Dick (37787706),Deni Avdija (37787375),Ochai Agbaji (37787812),Day'Ron Sharpe (37787668),Keyonte George (37787343),RJ Barrett (37787310),Alperen Sengun (37787254),311.7755078125,409.2193159075955,49800,100.00%,371,168.27%,0,80.0,$5.05,TOR 3,NYK 1,user4,50,marvalshot,5747,4650190660_4
Immanuel Quickley (37787336),Malik Monk (37787292),Kyle Anderson (37787844),Josh Hart (37787277),Day'Ron Sharpe (37787668),Keyonte George (37787343),Zaccharie Risacher (37787637),Alperen Sengun (37787254),297.43,390.62,49900,100.00%,0,85.87%,0,80.0,$2.58,TOR 1,SAC 1,user4,46,marvalshot,15834,4650190661_4
Tyler Herro (37787251),Gradey Dick (37787706),Josh Hart (37787277),Pascal Siakam (37787289),Andre Drummond (37787733),Isaiah Collier (37787395),Kawhi Leonard (37787323),Day'Ron Sharpe (37787668),295.7,389.5,49900,100.00%,0,77.12%,0,80.0,$2.31,MIA 1,TOR 1,user4,48,marvalshot,15836,4650190662_4
Trae Young (37787228),Aaron Nesmith (37787756),RJ Barrett (37787310),Georges Niang (37787658),Day'Ron Sharpe (37787668),Josh Giddey (37787286),Matas Buzelis (37787575),Alperen Sengun (37787254),296.06,391.51,50000,100.00%,0,79.07%,0,80.0,$2.37,ATL 2,CHI 2,user4,49,marvalshot,15837,4650190663_4
Jordan Poole (37787307),Tyrese Martin (37787871),Deni Avdija (37787375),Kyle Anderson (37787844),Zach Collins (37787646),Trae Young (37787228),Kawhi Leonard (37787323),Alperen Sengun (37787254),323.6856510416667,421.67326723185766,50000,100.00%,49119,477.09%,0,80.0,$14.31,WAS 1,BKN 1,user4,48,marvalshot,15839,4650190664_4
Josh Giddey (37787286),Zach LaVine (37787281),Deni Avdija (37787375),Ausar Thompson (37787495),Day'Ron Sharpe (37787668),Keyonte George (37787343),Kawhi Leonard (37787323),Zach Collins (37787646),315.81857204861114,413.6725117792953,50000,100.00%,11457,208.89%,0,80.0,$6.27,CHI 2,SAC 1,user4,1,marvalshot,15843,4650190665_4
Jalen Brunson (37787234),Gradey Dick (37787706),Kyle Anderson (37787844),Josh Hart (37787277),Day'Ron Sharpe (37787668),Keyonte George (37787343),Kawhi Leonard (37787323),Malik Monk (37787292),305.94999999999993,397.3299999999999,50000,100.00%,0,118.74%,0,80.0,$3.56,NYK 2,TOR 1,user3,1,marvalshot,15849,4650190666_3
Anfernee Simons (37787360),Davion Mitchell (37787719),Josh Hart (37787277),Kawhi Leonard (37787323),Day'Ron Sharpe (37787668),Josh Giddey (37787286),Kyle Anderson (37787844),Alperen Sengun (37787254),314.4773090277778,407.56770258914247,49600,100.00%,5465,189.8%,0,80.0,$5.69,MIA 2,POR 1,user4,50,marvalshot,9448,4650190667_4
Jalen Brunson (37787234),Gradey Dick (37787706),Deni Avdija (37787375),Josh Hart (37787277),Day'Ron Sharpe (37787668),Kevin Huerter (37787632),Khris Middleton (37787470),Alperen Sengun (37787254),310.14325520833336,403.81090872039226,50000,100.00%,59,160.11%,0,80.0,$4.8,NYK 2,TOR 1,user4,50,marvalshot,2891,4650190668_4
Jalen Brunson (37787234),Jrue Holiday (37787595),Josh Hart (37787277),Pascal Siakam (37787289),Andre Drummond (37787733),Keyonte George (37787343),Matas Buzelis (37787575),Zach Collins (37787646),299.1133854166667,388.2372586568559,49300,100.00%,0,93.57%,0,80.0,$2.81,NYK 2,CHI 2,user4,48,marvalshot,15897,4650190669_4
Josh Giddey (37787286),Gradey Dick (37787706),Josh Hart (37787277),Kyle Anderson (37787844),Zach Collins (37787646),Keyonte George (37787343),Kawhi Leonard (37787323),Alperen Sengun (37787254),304.77000000000004,399.11,50000,100.00%,0,110.43%,0,80.0,$3.31,CHI 2,TOR 1,user4,1,marvalshot,15901,4650190670_4
Jalen Brunson (37787234),Gradey Dick (37787706),Ochai Agbaji (37787812),Josh Hart (37787277),Day'Ron Sharpe (37787668),Keyonte George (37787343),Jayson Tatum (37787217),Zach Collins (37787646),319.7270529513888,409.67859735551997,49700,100.00%,37762,275.41%,0,80.0,$8.26,NYK 2,TOR 2,user5,50,marvalshot,852,4650190659_5
Jalen Brunson (37787234),Gradey Dick (37787706),Deni Avdija (37787375),Ochai Agbaji (37787812),Day'Ron Sharpe (37787668),Keyonte George (37787343),RJ Barrett (37787310),Alperen Sengun (37787254),311.7755078125,409.2193159075955,49800,100.00%,371,168.27%,0,80.0,$5.05,TOR 3,NYK 1,user5,50,marvalshot,5747,4650190660_5
Immanuel Quickley (37787336),Malik Monk (37787292),Kyle Anderson (37787844),Josh Hart (37787277),Day'Ron Sharpe (37787668),Keyonte George (37787343),Zaccharie Risacher (37787637),Alperen Sengun (37787254),297.43,390.62,49900,100.00%,0,85.87%,0,80.0,$2.58,TOR 1,SAC 1,user5,46,marvalshot,15834,4650190661_5
Tyler Herro (37787251),Gradey Dick (37787706),Josh Hart (37787277),Pascal Siakam (37787289),Andre Drummond (37787733),Isaiah Collier (37787395),Kawhi Leonard (37787323),Day'Ron Sharpe (37787668),295.7,389.5,49900,100.00%,0,77.12%,0,80.0,$2.31,MIA 1,TOR 1,user5,48,marvalshot,15836,4650190662_5
Trae Young (37787228),Aaron Nesmith (37787756),RJ Barrett (37787310),Georges Niang (37787658),Day'Ron Sharpe (37787668),Josh Giddey (37787286),Matas Buzelis (37787575),Alperen Sengun (37787254),296.06,391.51,50000,100.00%,0,79.07%,0,80.0,$2.37,ATL 2,CHI 2,user5,49,marvalshot,15837,4650190663_5
Jordan Poole (37787307),Tyrese Martin (37787871),Deni Avdija (37787375),Kyle Anderson (37787844),Zach Collins (37787646),Trae Young (37787228),Kawhi Leonard (37787323),Alperen Sengun (37787254),323.6856510416667,421.67326723185766,50000,100.00%,49119,477.09%,0,80.0,$14.31,WAS 1,BKN 1,user5,48,marvalshot,15839,4650190664_5
Trae Young (37787228),Malik Monk (37787292),Deni Avdija (37787375),Ausar Thompson (37787495),Day'Ron Sharpe (37787668),Josh Giddey (37787286),Matas Buzelis (37787575),Zach Collins (37787646),315.70857204861113,409.9925117792952,49800,100.00%,10810,208.03%,0,80.0,$6.24,CHI 3,ATL 1,user1,1,marvalshot,15840,4650190665_1
Jalen Brunson (37787234),Gradey Dick (37787706),Kawhi Leonard (37787323),Josh Hart (37787277),Zach Collins (37787646),James Harden (37787221),Kyle Anderson (37787844),Day'Ron Sharpe (37787668),305.85,399.32000000000005,49800,100.00%,2,117.76%,0,80.0,$3.53,NYK 2,LAC 2,user28,1,marvalshot,15874,4650190666_28
Anfernee Simons (37787360),Davion Mitchell (37787719),Josh Hart (37787277),Kawhi Leonard (37787323),Day'Ron Sharpe (37787668),Josh Giddey (37787286),Kyle Anderson (37787844),Alperen Sengun (37787254),314.4773090277778,407.56770258914247,49600,100.00%,5465,189.8%,0,80.0,$5.69,MIA 2,POR 1,user5,50,marvalshot,9448,4650190667_5
Jalen Brunson (37787234),Gradey Dick (37787706),Deni Avdija (37787375),Josh Hart (37787277),Day'Ron Sharpe (37787668),Kevin Huerter (37787632),Khris Middleton (37787470),Alperen Sengun (37787254),310.14325520833336,403.81090872039226,50000,100.00%,59,160.11%,0,80.0,$4.8,NYK 2,TOR 1,user5,50,marvalshot,2891,4650190668_5
Jalen Brunson (37787234),Jrue Holiday (37787595),Josh Hart (37787277),Pascal Siakam (37787289),Andre Drummond (37787733),Keyonte George (37787343),Matas Buzelis (37787575),Zach Collins (37787646),299.1133854166667,388.2372586568559,49300,100.00%,0,93.57%,0,80.0,$2.81,NYK 2,CHI 2,user5,48,marvalshot,15897,4650190669_5
James Harden (37787221),Gradey Dick (37787706),Josh Hart (37787277),Kawhi Leonard (37787323),Day'Ron Sharpe (37787668),Josh Giddey (37787286),Matas Buzelis (37787575),Zach Collins (37787646),304.53999999999996,396.07,50000,100.00%,0,108.69%,0,80.0,$3.26,CHI 3,LAC 2,user11,1,marvalshot,15908,4650190670_11
Jalen Brunson (37787234),Gradey Dick (37787706),Ochai Agbaji (37787812),Josh Hart (37787277),Day'Ron Sharpe (37787668),Keyonte George (37787343),Jayson Tatum (37787217),Zach Collins (37787646),319.7270529513888,409.67859735551997,49700,100.00%,37762,275.41%,0,80.0,$8.26,NYK 2,TOR 2,user6,50,marvalshot,852,4650190659_6
Jalen Brunson (37787234),Gradey Dick (37787706),Deni Avdija (37787375),Ochai Agbaji (37787812),Day'Ron Sharpe (37787668),Keyonte George (37787343),RJ Barrett (37787310),Alperen Sengun (37787254),311.7755078125,409.2193159075955,49800,100.00%,371,168.27%,0,80.0,$5.05,TOR 3,NYK 1,user6,50,marvalshot,5747,4650190660_6
Immanuel Quickley (37787336),Malik Monk (37787292),Kyle Anderson (37787844),Josh Hart (37787277),Day'Ron Sharpe (37787668),Keyonte George (37787343),Zaccharie Risacher (37787637),Alperen Sengun (37787254),297.43,390.62,49900,100.00%,0,85.87%,0,80.0,$2.58,TOR 1,SAC 1,user6,46,marvalshot,15834,4650190661_6
Tyler Herro (37787251),Gradey Dick (37787706),Josh Hart (37787277),Pascal Siakam (37787289),Andre Drummond (37787733),Isaiah Collier (37787395),Kawhi Leonard (37787323),Day'Ron Sharpe (37787668),295.7,389.5,49900,100.00%,0,77.12%,0,80.0,$2.31,MIA 1,TOR 1,user6,48,marvalshot,15836,4650190662_6
Trae Young (37787228),Aaron Nesmith (37787756),RJ Barrett (37787310),Georges Niang (37787658),Day'Ron Sharpe (37787668),Josh Giddey (37787286),Matas Buzelis (37787575),Alperen Sengun (37787254),296.06,391.51,50000,100.00%,0,79.07%,0,80.0,$2.37,ATL 2,CHI 2,user6,49,marvalshot,15837,4650190663_6
Jordan Poole (37787307),Tyrese Martin (37787871),Deni Avdija (37787375),Kyle Anderson (37787844),Zach Collins (37787646),Trae Young (37787228),Kawhi Leonard (37787323),Alperen Sengun (37787254),323.6856510416667,421.67326723185766,50000,100.00%,49119,477.09%,0,80.0,$14.31,WAS 1,BKN 1,user6,48,marvalshot,15839,4650190664_6
Josh Giddey (37787286),Lonzo Ball (37787607),Deni Avdija (37787375),Ausar Thompson (37787495),Day'Ron Sharpe (37787668),Keyonte George (37787343),Kawhi Leonard (37787323),Ivica Zubac (37787301),315.5085720486111,415.68251177929517,49900,100.00%,9913,206.32%,0,80.0,$6.19,CHI 2,LAC 2,user6,1,marvalshot,15845,4650190665_6
Jalen Brunson (37787234),Gradey Dick (37787706),Kawhi Leonard (37787323),Josh Hart (37787277),Alperen Sengun (37787254),Kevin Huerter (37787632),Matas Buzelis (37787575),Day'Ron Sharpe (37787668),305.84000000000003,397.82000000000005,50000,100.00%,1,117.13%,0,80.0,$3.51,NYK 2,CHI 2,user5,1,marvalshot,15851,4650190666_5
Anfernee Simons (37787360),Davion Mitchell (37787719),Josh Hart (37787277),Kawhi Leonard (37787323),Day'Ron Sharpe (37787668),Josh Giddey (37787286),Kyle Anderson (37787844),Alperen Sengun (37787254),314.4773090277778,407.56770258914247,49600,100.00%,5465,189.8%,0,80.0,$5.69,MIA 2,POR 1,user6,50,marvalshot,9448,4650190667_6
Jalen Brunson (37787234),Gradey Dick (37787706),Deni Avdija (37787375),Josh Hart (37787277),Day'Ron Sharpe (37787668),Kevin Huerter (37787632),Khris Middleton (37787470),Alperen Sengun (37787254),310.14325520833336,403.81090872039226,50000,100.00%,59,160.11%,0,80.0,$4.8,NYK 2,TOR 1,user6,50,marvalshot,2891,4650190668_6
Jalen Brunson (37787234),Jrue Holiday (37787595),Josh Hart (37787277),Pascal Siakam (37787289),Andre Drummond (37787733),Keyonte George (37787343),Matas Buzelis (37787575),Zach Collins (37787646),299.1133854166667,388.2372586568559,49300,100.00%,0,93.57%,0,80.0,$2.81,NYK 2,CHI 2,user6,48,marvalshot,15897,4650190669_6
Keyonte George (37787343),Gradey Dick (37787706),Josh Hart (37787277),Kawhi Leonard (37787323),Day'Ron Sharpe (37787668),Lonzo Ball (37787607),Andrew Wiggins (37787364),Alperen Sengun (37787254),303.99,397.32,50000,100.00%,0,106.15%,0,80.0,$3.18,UTA 1,TOR 1,user2,1,marvalshot,15899,4650190670_2
Jalen Brunson (37787234),Gradey Dick (37787706),Ochai Agbaji (37787812),Josh Hart (37787277),Day'Ron Sharpe (37787668),Keyonte George (37787343),Jayson Tatum (37787217),Zach Collins (37787646),319.7270529513888,409.67859735551997,49700,100.00%,37762,275.41%,0,80.0,$8.26,NYK 2,TOR 2,user7,50,marvalshot,852,4650190659_7
Jalen Brunson (37787234),Gradey Dick (37787706),Deni Avdija (37787375),Ochai Agbaji (37787812),Day'Ron Sharpe (37787668),Keyonte George (37787343),RJ Barrett (37787310),Alperen Sengun (37787254),311.7755078125,409.2193159075955,49800,100.00%,371,168.27%,0,80.0,$5.05,TOR 3,NYK 1,user7,50,marvalshot,5747,4650190660_7
Immanuel Quickley (37787336),Malik Monk (37787292),Kyle Anderson (37787844),Josh Hart (37787277),Day'Ron Sharpe (37787668),Keyonte George (37787343),Zaccharie Risacher (37787637),Alperen Sengun (37787254),297.43,390.62,49900,100.00%,0,85.87%,0,80.0,$2.58,TOR 1,SAC 1,user7,46,marvalshot,15834,4650190661_7
Tyler Herro (37787251),Gradey Dick (37787706),Josh Hart (37787277),Pascal Siakam (37787289),Andre Drummond (37787733),Isaiah Collier (37787395),Kawhi Leonard (37787323),Day'Ron Sharpe (37787668),295.7,389.5,49900,100.00%,0,77.12%,0,80.0,$2.31,MIA 1,TOR 1,user7,48,marvalshot,15836,4650190662_7
Trae Young (37787228),Aaron Nesmith (37787756),RJ Barrett (37787310),Georges Niang (37787658),Day'Ron Sharpe (37787668),Josh Giddey (37787286),Matas Buzelis (37787575),Alperen Sengun (37787254),296.06,391.51,50000,100.00%,0,79.07%,0,80.0,$2.37,ATL 2,CHI 2,user7,49,marvalshot,15837,4650190663_7
Jordan Poole (37787307),Tyrese Martin (37787871),Deni Avdija (37787375),Kyle Anderson (37787844),Zach Collins (37787646),Trae Young (37787228),Kawhi Leonard (37787323),Alperen Sengun (37787254),323.6856510416667,421.67326723185766,50000,100.00%,49119,477.09%,0,80.0,$14.31,WAS 1,BKN 1,user7,48,marvalshot,15839,4650190664_7
Trae Young (37787228),Keon Johnson (37787491),Deni Avdija (37787375),Ausar Thompson (37787495),Day'Ron Sharpe (37787668),Keyonte George (37787343),Matas Buzelis (37787575),Ivica Zubac (37787301),311.76857204861113,408.60251177929524,49800,100.00%,699,168.7%,0,80.0,$5.06,BKN 2,ATL 1,user7,43,marvalshot,15846,4650190665_7
Jalen Brunson (37787234),Gradey Dick (37787706),Kyle Anderson (37787844),Josh Hart (37787277),Day'Ron Sharpe (37787668),Josh Giddey (37787286),Matas Buzelis (37787575),Alperen Sengun (37787254),305.65,398.23,49400,100.00%,0,115.63%,0,80.0,$3.47,NYK 2,CHI 2,user40,1,marvalshot,15886,4650190666_40
Anfernee Simons (37787360),Davion Mitchell (37787719),Josh Hart (37787277),Kawhi Leonard (37787323),Day'Ron Sharpe (37787668),Josh Giddey (37787286),Kyle Anderson (37787844),Alperen Sengun (37787254),314.4773090277778,407.56770258914247,49600,100.00%,5465,189.8%,0,80.0,$5.69,MIA 2,POR 1,user7,50,marvalshot,9448,4650190667_7
Jalen Brunson (37787234),Gradey Dick (37787706),Deni Avdija (37787375),Josh Hart (37787277),Day'Ron Sharpe (37787668),Kevin Huerter (37787632),Khris Middleton (37787470),Alperen Sengun (37787254),310.14325520833336,403.81090872039226,50000,100.00%,59,160.11%,0,80.0,$4.8,NYK 2,TOR 1,user7,50,marvalshot,2891,4650190668_7
Jalen Brunson (37787234),Jrue Holiday (37787595),Josh Hart (37787277),Pascal Siakam (37787289),Andre Drummond (37787733),Keyonte George (37787343),Matas Buzelis (37787575),Zach Collins (37787646),299.1133854166667,388.2372586568559,49300,100.00%,0,93.57%,0,80.0,$2.81,NYK 2,CHI 2,user7,48,marvalshot,15897,4650190669_7
Keyonte George (37787343),Gradey Dick (37787706),Josh Hart (37787277),Kawhi Leonard (37787323),Alperen Sengun (37787254),Malik Monk (37787292),Kyle Anderson (37787844),Day'Ron Sharpe (37787668),303.86,398.55,49600,100.00%,0,105.48%,0,80.0,$3.16,UTA 1,TOR 1,user1,1,marvalshot,15898,4650190670_1
Jalen Brunson (37787234),Gradey Dick (37787706),Ochai Agbaji (37787812),Josh Hart (37787277),Day'Ron Sharpe (37787668),Keyonte George (37787343),Jayson Tatum (37787217),Zach Collins (37787646),319.7270529513888,409.67859735551997,49700,100.00%,37762,275.41%,0,80.0,$8.26,NYK 2,TOR 2,user8,50,marvalshot,852,4650190659_8
Jalen Brunson (37787234),Gradey Dick (37787706),Deni Avdija (37787375),Ochai Agbaji (37787812),Day'Ron Sharpe (37787668),Keyonte George (37787343),RJ Barrett (37787310),Alperen Sengun (37787254),311.7755078125,409.2193159075955,49800,100.00%,371,168.27%,0,80.0,$5.05,TOR 3,NYK 1,user8,50,marvalshot,5747,4650190660_8
Immanuel Quickley (37787336),Malik Monk (37787292),Kyle Anderson (37787844),Josh Hart (37787277),Day'Ron Sharpe (37787668),Keyonte George (37787343),Zaccharie Risacher (37787637),Alperen Sengun (37787254),297.43,390.62,49900,100.00%,0,85.87%,0,80.0,$2.58,TOR 1,SAC 1,user8,46,marvalshot,15834,4650190661_8
Tyler Herro (37787251),Gradey Dick (37787706),Josh Hart (37787277),Pascal Siakam (37787289),Andre Drummond (37787733),Isaiah Collier (37787395),Kawhi Leonard (37787323),Day'Ron Sharpe (37787668),295.7,389.5,49900,100.00%,0,77.12%,0,80.0,$2.31,MIA 1,TOR 1,user8,48,marvalshot,15836,4650190662_8
Trae Young (37787228),Aaron Nesmith (37787756),RJ Barrett (37787310),Georges Niang (37787658),Day'Ron Sharpe (37787668),Josh Giddey (37787286),Matas Buzelis (37787575),Alperen Sengun (37787254),296.06,391.51,50000,100.00%,0,79.07%,0,80.0,$2.37,ATL 2,CHI 2,user8,49,marvalshot,15837,4650190663_8
Jordan Poole (37787307),Tyrese Martin (37787871),Deni Avdija (37787375),Kyle Anderson (37787844),Zach Collins (37787646),Trae Young (37787228),Kawhi Leonard (37787323),Alperen Sengun (37787254),323.6856510416667,421.67326723185766,50000,100.00%,49119,477.09%,0,80.0,$14.31,WAS 1,BKN 1,user8,48,marvalshot,15839,4650190664_8
Trae Young (37787228),Keon Johnson (37787491),Deni Avdija (37787375),Ausar Thompson (37787495),Day'Ron Sharpe (37787668),Keyonte George (37787343),Matas Buzelis (37787575),Ivica Zubac (37787301),311.76857204861113,408.60251177929524,49800,100.00%,699,168.7%,0,80.0,$5.06,BKN 2,ATL 1,user8,43,marvalshot,15846,4650190665_8
Jalen Brunson (37787234),Gradey Dick (37787706),Kyle Anderson (37787844),Josh Hart (37787277),Ivica Zubac (37787301),Trae Young (37787228),Matas Buzelis (37787575),Day'Ron Sharpe (37787668),305.3,396.8,50000,100.00%,0,113.36%,0,80.0,$3.4,NYK 2,TOR 1,user33,1,marvalshot,15879,4650190666_33
Anfernee Simons (37787360),Davion Mitchell (37787719),Josh Hart (37787277),Kawhi Leonard (37787323),Day'Ron Sharpe (37787668),Josh Giddey (37787286),Kyle Anderson (37787844),Alperen Sengun (37787254),314.4773090277778,407.56770258914247,49600,100.00%,5465,189.8%,0,80.0,$5.69,MIA 2,POR 1,user8,50,marvalshot,9448,4650190667_8
Jalen Brunson (37787234),Gradey Dick (37787706),Deni Avdija (37787375),Josh Hart (37787277),Day'Ron Sharpe (37787668),Kevin Huerter (37787632),Khris Middleton (37787470),Alperen Sengun (37787254),310.14325520833336,403.81090872039226,50000,100.00%,59,160.11%,0,80.0,$4.8,NYK 2,TOR 1,user8,50,marvalshot,2891,4650190668_8
Jalen Brunson (37787234),Jrue Holiday (37787595),Josh Hart (37787277),Pascal Siakam (37787289),Andre Drummond (37787733),Keyonte George (37787343),Matas Buzelis (37787575),Zach Collins (37787646),299.1133854166667,388.2372586568559,49300,100.00%,0,93.57%,0,80.0,$2.81,NYK 2,CHI 2,user8,48,marvalshot,15897,4650190669_8
Trae Young (37787228),Gradey Dick (37787706),Josh Hart (37787277),Kawhi Leonard (37787323),Day'Ron Sharpe (37787668),Davion Mitchell (37787719),Matas Buzelis (37787575),Alperen Sengun (37787254),303.32000000000005,393.86000000000007,50000,100.00%,0,103.57%,0,80.0,$3.11,ATL 1,TOR 1,user12,1,marvalshot,15909,4650190670_12
Jalen Brunson (37787234),Gradey Dick (37787706),Ochai Agbaji (37787812),Josh Hart (37787277),Day'Ron Sharpe (37787668),Keyonte George (37787343),Jayson Tatum (37787217),Zach Collins (37787646),319.7270529513888,409.67859735551997,49700,100.00%,37762,275.41%,0,80.0,$8.26,NYK 2,TOR 2,user9,50,marvalshot,852,4650190659_9
Jalen Brunson (37787234),Gradey Dick (37787706),Deni Avdija (37787375),Ochai Agbaji (37787812),Day'Ron Sharpe (37787668),Keyonte George (37787343),RJ Barrett (37787310),Alperen Sengun (37787254),311.7755078125,409.2193159075955,49800,100.00%,371,168.27%,0,80.0,$5.05,TOR 3,NYK 1,user9,50,marvalshot,5747,4650190660_9
Immanuel Quickley (37787336),Malik Monk (37787292),Kyle Anderson (37787844),Josh Hart (37787277),Day'Ron Sharpe (37787668),Keyonte George (37787343),Zaccharie Risacher (37787637),Alperen Sengun (37787254),297.43,390.62,49900,100.00%,0,85.87%,0,80.0,$2.58,TOR 1,SAC 1,user9,46,marvalshot,15834,4650190661_9
Tyler Herro (37787251),Gradey Dick (37787706),Josh Hart (37787277),Pascal Siakam (37787289),Andre Drummond (37787733),Isaiah Collier (37787395),Kawhi Leonard (37787323),Day'Ron Sharpe (37787668),295.7,389.5,49900,100.00%,0,77.12%,0,80.0,$2.31,MIA 1,TOR 1,user9,48,marvalshot,15836,4650190662_9
Trae Young (37787228),Aaron Nesmith (37787756),RJ Barrett (37787310),Georges Niang (37787658),Day'Ron Sharpe (37787668),Josh Giddey (37787286),Matas Buzelis (37787575),Alperen Sengun (37787254),296.06,391.51,50000,100.00%,0,79.07%,0,80.0,$2.37,ATL 2,CHI 2,user9,49,marvalshot,15837,4650190663_9
Jordan Poole (37787307),Tyrese Martin (37787871),Deni Avdija (37787375),Kyle Anderson (37787844),Zach Collins (37787646),Trae Young (37787228),Kawhi Leonard (37787323),Alperen Sengun (37787254),323.6856510416667,421.67326723185766,50000,100.00%,49119,477.09%,0,80.0,$14.31,WAS 1,BKN 1,user9,48,marvalshot,15839,4650190664_9
Trae Young (37787228),Keon Johnson (37787491),Deni Avdija (37787375),Ausar Thompson (37787495),Day'Ron Sharpe (37787668),Keyonte George (37787343),Matas Buzelis (37787575),Ivica Zubac (37787301),311.76857204861113,408.60251177929524,49800,100.00%,699,168.7%,0,80.0,$5.06,BKN 2,ATL 1,user9,43,marvalshot,15846,4650190665_9
Jalen Brunson (37787234),Gradey Dick (37787706),Kawhi Leonard (37787323),Josh Hart (37787277),Zach Collins (37787646),Josh Giddey (37787286),Jabari Smith Jr. (37787474),Day'Ron Sharpe (37787668),305.09000000000003,394.14000000000004,49800,100.00%,0,111.78%,0,80.0,$3.35,NYK 2,CHI 2,user44,1,marvalshot,15890,4650190666_44
Anfernee Simons (37787360),Davion Mitchell (37787719),Josh Hart (37787277),Kawhi Leonard (37787323),Day'Ron Sharpe (37787668),Josh Giddey (37787286),Kyle Anderson (37787844),Alperen Sengun (37787254),314.4773090277778,407.56770258914247,49600,100.00%,5465,189.8%,0,80.0,$5.69,MIA 2,POR 1,user9,50,marvalshot,9448,4650190667_9
Jalen Brunson (37787234),Gradey Dick (37787706),Deni Avdija (37787375),Josh Hart (37787277),Day'Ron Sharpe (37787668),Kevin Huerter (37787632),Khris Middleton (37787470),Alperen Sengun (37787254),310.14325520833336,403.81090872039226,50000,100.00%,59,160.11%,0,80.0,$4.8,NYK 2,TOR 1,user9,50,marvalshot,2891,4650190668_9
Jalen Brunson (37787234),Jrue Holiday (37787595),Josh Hart (37787277),Pascal Siakam (37787289),Andre Drummond (37787733),Keyonte George (37787343),Matas Buzelis (37787575),Zach Collins (37787646),299.1133854166667,388.2372586568559,49300,100.00%,0,93.57%,0,80.0,$2.81,NYK 2,CHI 2,user9,48,marvalshot,15897,4650190669_9
Keyonte George (37787343),Gradey Dick (37787706),Josh Hart (37787277),Matas Buzelis (37787575),Alperen Sengun (37787254),Jordan Clarkson (37787384),Kawhi Leonard (37787323),Day'Ron Sharpe (37787668),302.98,399.65000000000003,49900,100.00%,0,102.39%,0,80.0,$3.07,UTA 2,TOR 1,user7,1,marvalshot,15904,4650190670_7
Jalen Brunson (37787234),Gradey Dick (37787706),Ochai Agbaji (37787812),Josh Hart (37787277),Day'Ron Sharpe (37787668),Keyonte George (37787343),Jayson Tatum (37787217),Zach Collins (37787646),319.7270529513888,409.67859735551997,49700,100.00%,37762,275.41%,0,80.0,$8.26,NYK 2,TOR 2,user10,50,marvalshot,852,4650190659_10
Jalen Brunson (37787234),Gradey Dick (37787706),Deni Avdija (37787375),Ochai Agbaji (37787812),Day'Ron Sharpe (37787668),Keyonte George (37787343),RJ Barrett (37787310),Alperen Sengun (37787254),311.7755078125,409.2193159075955,49800,100.00%,371,168.27%,0,80.0,$5.05,TOR 3,NYK 1,user10,50,marvalshot,5747,4650190660_10
Immanuel Quickley (37787336),Malik Monk (37787292),Kyle Anderson (37787844),Josh Hart (37787277),Day'Ron Sharpe (37787668),Keyonte George (37787343),Zaccharie Risacher (37787637),Alperen Sengun (37787254),297.43,390.62,49900,100.00%,0,85.87%,0,80.0,$2.58,TOR 1,SAC 1,user10,46,marvalshot,15834,4650190661_10
Tyler Herro (37787251),Gradey Dick (37787706),Josh Hart (37787277),Pascal Siakam (37787289),Andre Drummond (37787733),Isaiah Collier (37787395),Kawhi Leonard (37787323),Day'Ron Sharpe (37787668),295.7,389.5,49900,100.00%,0,77.12%,0,80.0,$2.31,MIA 1,TOR 1,user10,48,marvalshot,15836,4650190662_10
Trae Young (37787228),Aaron Nesmith (37787756),RJ Barrett (37787310),Georges Niang (37787658),Day'Ron Sharpe (37787668),Josh Giddey (37787286),Matas Buzelis (37787575),Alperen Sengun (37787254),296.06,391.51,50000,100.00%,0,79.07%,0,80.0,$2.37,ATL 2,CHI 2,user10,49,marvalshot,15837,4650190663_10
Jordan Poole (37787307),Tyrese Martin (37787871),Deni Avdija (37787375),Kyle Anderson (37787844),Zach Collins (37787646),Trae Young (37787228),Kawhi Leonard (37787323),Alperen Sengun (37787254),323.6856510416667,421.67326723185766,50000,100.00%,49119,477.09%,0,80.0,$14.31,WAS 1,BKN 1,user10,48,marvalshot,15839,4650190664_10
Trae Young (37787228),Keon Johnson (37787491),Deni Avdija (37787375),Ausar Thompson (37787495),Day'Ron Sharpe (37787668),Keyonte George (37787343),Matas Buzelis (37787575),Ivica Zubac (37787301),311.76857204861113,408.60251177929524,49800,100.00%,699,168.7%,0,80.0,$5.06,BKN 2,ATL 1,user10,43,marvalshot,15846,4650190665_10
Jalen Brunson (37787234),Gradey Dick (37787706),Kawhi Leonard (37787323),Josh Hart (37787277),Kel'el Ware (37787419),Keyonte George (37787343),Matas Buzelis (37787575),Day'Ron Sharpe (37787668),304.51,395.93,50000,100.00%,0,108.29%,0,80.0,$3.25,NYK 2,TOR 1,user19,1,marvalshot,15865,4650190666_19
Anfernee Simons (37787360),Davion Mitchell (37787719),Josh Hart (37787277),Kawhi Leonard (37787323),Day'Ron Sharpe (37787668),Josh Giddey (37787286),Kyle Anderson (37787844),Alperen Sengun (37787254),314.4773090277778,407.56770258914247,49600,100.00%,5465,189.8%,0,80.0,$5.69,MIA 2,POR 1,user10,50,marvalshot,9448,4650190667_10
Jalen Brunson (37787234),Gradey Dick (37787706),Deni Avdija (37787375),Josh Hart (37787277),Day'Ron Sharpe (37787668),Kevin Huerter (37787632),Khris Middleton (37787470),Alperen Sengun (37787254),310.14325520833336,403.81090872039226,50000,100.00%,59,160.11%,0,80.0,$4.8,NYK 2,TOR 1,user10,50,marvalshot,2891,4650190668_10
Jalen Brunson (37787234),Jrue Holiday (37787595),Josh Hart (37787277),Pascal Siakam (37787289),Andre Drummond (37787733),Keyonte George (37787343),Matas Buzelis (37787575),Zach Collins (37787646),299.1133854166667,388.2372586568559,49300,100.00%,0,93.57%,0,80.0,$2.81,NYK 2,CHI 2,user10,48,marvalshot,15897,4650190669_10
Malik Monk (37787292),Gradey Dick (37787706),Josh Hart (37787277),Matas Buzelis (37787575),Day'Ron Sharpe (37787668),Keyonte George (37787343),Kawhi Leonard (37787323),Ivica Zubac (37787301),302.79,393.58000000000004,49900,100.00%,0,102.1%,0,80.0,$3.06,LAC 2,SAC 1,user3,1,marvalshot,15900,4650190670_3
Jalen Brunson (37787234),Gradey Dick (37787706),Ochai Agbaji (37787812),Josh Hart (37787277),Day'Ron Sharpe (37787668),Keyonte George (37787343),Jayson Tatum (37787217),Zach Collins (37787646),319.7270529513888,409.67859735551997,49700,100.00%,37762,275.41%,0,80.0,$8.26,NYK 2,TOR 2,user11,50,marvalshot,852,4650190659_11
Jalen Brunson (37787234),Gradey Dick (37787706),Deni Avdija (37787375),Ochai Agbaji (37787812),Day'Ron Sharpe (37787668),Keyonte George (37787343),RJ Barrett (37787310),Alperen Sengun (37787254),311.7755078125,409.2193159075955,49800,100.00%,371,168.27%,0,80.0,$5.05,TOR 3,NYK 1,user11,50,marvalshot,5747,4650190660_11
Immanuel Quickley (37787336),Malik Monk (37787292),Kyle Anderson (37787844),Josh Hart (37787277),Day'Ron Sharpe (37787668),Keyonte George (37787343),Zaccharie Risacher (37787637),Alperen Sengun (37787254),297.43,390.62,49900,100.00%,0,85.87%,0,80.0,$2.58,TOR 1,SAC 1,user11,46,marvalshot,15834,4650190661_11
Tyler Herro (37787251),Gradey Dick (37787706),Josh Hart (37787277),Pascal Siakam (37787289),Andre Drummond (37787733),Isaiah Collier (37787395),Kawhi Leonard (37787323),Day'Ron Sharpe (37787668),295.7,389.5,49900,100.00%,0,77.12%,0,80.0,$2.31,MIA 1,TOR 1,user11,48,marvalshot,15836,4650190662_11
Trae Young (37787228),Aaron Nesmith (37787756),RJ Barrett (37787310),Georges Niang (37787658),Day'Ron Sharpe (37787668),Josh Giddey (37787286),Matas Buzelis (37787575),Alperen Sengun (37787254),296.06,391.51,50000,100.00%,0,79.07%,0,80.0,$2.37,ATL 2,CHI 2,user11,49,marvalshot,15837,4650190663_11
Jordan Poole (37787307),Tyrese Martin (37787871),Deni Avdija (37787375),Kyle Anderson (37787844),Zach Collins (37787646),Trae Young (37787228),Kawhi Leonard (37787323),Alperen Sengun (37787254),323.6856510416667,421.67326723185766,50000,100.00%,49119,477.09%,0,80.0,$14.31,WAS 1,BKN 1,user11,48,marvalshot,15839,4650190664_11
Trae Young (37787228),Keon Johnson (37787491),Deni Avdija (37787375),Ausar Thompson (37787495),Day'Ron Sharpe (37787668),Keyonte George (37787343),Matas Buzelis (37787575),Ivica Zubac (37787301),311.76857204861113,408.60251177929524,49800,100.00%,699,168.7%,0,80.0,$5.06,BKN 2,ATL 1,user11,43,marvalshot,15846,4650190665_11
Jalen Brunson (37787234),Gradey Dick (37787706),Tosan Evbuomwan (37787998),Josh Hart (37787277),Day'Ron Sharpe (37787668),Keyonte George (37787343),Andrew Wiggins (37787364),Alperen Sengun (37787254),304.46,396.48,50000,100.00%,0,107.89%,0,80.0,$3.24,NYK 2,BKN 2,user2,1,marvalshot,15848,4650190666_2
Anfernee Simons (37787360),Davion Mitchell (37787719),Josh Hart (37787277),Kawhi Leonard (37787323),Day'Ron Sharpe (37787668),Josh Giddey (37787286),Kyle Anderson (37787844),Alperen Sengun (37787254),314.4773090277778,407.56770258914247,49600,100.00%,5465,189.8%,0,80.0,$5.69,MIA 2,POR 1,user11,50,marvalshot,9448,4650190667_11
Jalen Brunson (37787234),Gradey Dick (37787706),Deni Avdija (37787375),Josh Hart (37787277),Day'Ron Sharpe (37787668),Kevin Huerter (37787632),Khris Middleton (37787470),Alperen Sengun (37787254),310.14325520833336,403.81090872039226,50000,100.00%,59,160.11%,0,80.0,$4.8,NYK 2,TOR 1,user11,50,marvalshot,2891,4650190668_11
Jalen Brunson (37787234),Jrue Holiday (37787595),Josh Hart (37787277),Pascal Siakam (37787289),Andre Drummond (37787733),Keyonte George (37787343),Matas Buzelis (37787575),Zach Collins (37787646),299.1133854166667,388.2372586568559,49300,100.00%,0,93.57%,0,80.0,$2.81,NYK 2,CHI 2,user11,48,marvalshot,15897,4650190669_11
Trae Young (37787228),Gradey Dick (37787706),Josh Hart (37787277),Kyle Anderson (37787844),Day'Ron Sharpe (37787668),Keon Johnson (37787491),Kawhi Leonard (37787323),Alperen Sengun (37787254),302.66,397.31000000000006,49900,100.00%,0,101.69%,0,80.0,$3.05,BKN 2,ATL 1,user13,1,marvalshot,15910,4650190670_13
Jalen Brunson (37787234),Gradey Dick (37787706),Ochai Agbaji (37787812),Josh Hart (37787277),Day'Ron Sharpe (37787668),Keyonte George (37787343),Jayson Tatum (37787217),Zach Collins (37787646),319.7270529513888,409.67859735551997,49700,100.00%,37762,275.41%,0,80.0,$8.26,NYK 2,TOR 2,user12,50,marvalshot,852,4650190659_12
Jalen Brunson (37787234),Gradey Dick (37787706),Deni Avdija (37787375),Ochai Agbaji (37787812),Day'Ron Sharpe (37787668),Keyonte George (37787343),RJ Barrett (37787310),Alperen Sengun (37787254),311.7755078125,409.2193159075955,49800,100.00%,371,168.27%,0,80.0,$5.05,TOR 3,NYK 1,user12,50,marvalshot,5747,4650190660_12
Immanuel Quickley (37787336),Malik Monk (37787292),Kyle Anderson (37787844),Josh Hart (37787277),Day'Ron Sharpe (37787668),Keyonte George (37787343),Zaccharie Risacher (37787637),Alperen Sengun (37787254),297.43,390.62,49900,100.00%,0,85.87%,0,80.0,$2.58,TOR 1,SAC 1,user12,46,marvalshot,15834,4650190661_12
Tyler Herro (37787251),Gradey Dick (37787706),Josh Hart (37787277),Pascal Siakam (37787289),Andre Drummond (37787733),Isaiah Collier (37787395),Kawhi Leonard (37787323),Day'Ron Sharpe (37787668),295.7,389.5,49900,100.00%,0,77.12%,0,80.0,$2.31,MIA 1,TOR 1,user12,48,marvalshot,15836,4650190662_12
Trae Young (37787228),Aaron Nesmith (37787756),RJ Barrett (37787310),Georges Niang (37787658),Day'Ron Sharpe (37787668),Josh Giddey (37787286),Matas Buzelis (37787575),Alperen Sengun (37787254),296.06,391.51,50000,100.00%,0,79.07%,0,80.0,$2.37,ATL 2,CHI 2,user12,49,marvalshot,15837,4650190663_12
Jordan Poole (37787307),Tyrese Martin (37787871),Deni Avdija (37787375),Kyle Anderson (37787844),Zach Collins (37787646),Trae Young (37787228),Kawhi Leonard (37787323),Alperen Sengun (37787254),323.6856510416667,421.67326723185766,50000,100.00%,49119,477.09%,0,80.0,$14.31,WAS 1,BKN 1,user12,48,marvalshot,15839,4650190664_12
Trae Young (37787228),Keon Johnson (37787491),Deni Avdija (37787375),Ausar Thompson (37787495),Day'Ron Sharpe (37787668),Keyonte George (37787343),Matas Buzelis (37787575),Ivica Zubac (37787301),311.76857204861113,408.60251177929524,49800,100.00%,699,168.7%,0,80.0,$5.06,BKN 2,ATL 1,user12,43,marvalshot,15846,4650190665_12
Jalen Brunson (37787234),Gradey Dick (37787706),Kawhi Leonard (37787323),Josh Hart (37787277),Zach Collins (37787646),Trae Young (37787228),Kyle Anderson (37787844),Matas Buzelis (37787575),304.06,391.78000000000003,50000,100.00%,0,106.11%,0,80.0,$3.18,NYK 2,CHI 2,user39,1,marvalshot,15885,4650190666_39
Anfernee Simons (37787360),Davion Mitchell (37787719),Josh Hart (37787277),Kawhi Leonard (37787323),Day'Ron Sharpe (37787668),Josh Giddey (37787286),Kyle Anderson (37787844),Alperen Sengun (37787254),314.4773090277778,407.56770258914247,49600,100.00%,5465,189.8%,0,80.0,$5.69,MIA 2,POR 1,user12,50,marvalshot,9448,4650190667_12
Jalen Brunson (37787234),Gradey Dick (37787706),Deni Avdija (37787375),Josh Hart (37787277),Day'Ron Sharpe (37787668),Kevin Huerter (37787632),Khris Middleton (37787470),Alperen Sengun (37787254),310.14325520833336,403.81090872039226,50000,100.00%,59,160.11%,0,80.0,$4.8,NYK 2,TOR 1,user12,50,marvalshot,2891,4650190668_12
Jalen Brunson (37787234),Jrue Holiday (37787595),Josh Hart (37787277),Pascal Siakam (37787289),Andre Drummond (37787733),Keyonte George (37787343),Matas Buzelis (37787575),Zach Collins (37787646),299.1133854166667,388.2372586568559,49300,100.00%,0,93.57%,0,80.0,$2.81,NYK 2,CHI 2,user12,48,marvalshot,15897,4650190669_12
Keyonte George (37787343),Gradey Dick (37787706),Josh Hart (37787277),Matas Buzelis (37787575),Day'Ron Sharpe (37787668),Trae Young (37787228),Georges Niang (37787658),Alperen Sengun (37787254),302.42,394.90000000000003,50000,100.00%,0,101.27%,0,80.0,$3.04,ATL 2,UTA 1,user6,1,marvalshot,15903,4650190670_6
Jalen Brunson (37787234),Gradey Dick (37787706),Ochai Agbaji (37787812),Josh Hart (37787277),Day'Ron Sharpe (37787668),Keyonte George (37787343),Jayson Tatum (37787217),Zach Collins (37787646),319.7270529513888,409.67859735551997,49700,100.00%,37762,275.41%,0,80.0,$8.26,NYK 2,TOR 2,user13,50,marvalshot,852,4650190659_13
Jalen Brunson (37787234),Gradey Dick (37787706),Deni Avdija (37787375),Ochai Agbaji (37787812),Day'Ron Sharpe (37787668),Keyonte George (37787343),RJ Barrett (37787310),Alperen Sengun (37787254),311.7755078125,409.2193159075955,49800,100.00%,371,168.27%,0,80.0,$5.05,TOR 3,NYK 1,user13,50,marvalshot,5747,4650190660_13
Immanuel Quickley (37787336),Malik Monk (37787292),Kyle Anderson (37787844),Josh Hart (37787277),Day'Ron Sharpe (37787668),Keyonte George (37787343),Zaccharie Risacher (37787637),Alperen Sengun (37787254),297.43,390.62,49900,100.00%,0,85.87%,0,80.0,$2.58,TOR 1,SAC 1,user13,46,marvalshot,15834,4650190661_13
Tyler Herro (37787251),Gradey Dick (37787706),Josh Hart (37787277),Pascal Siakam (37787289),Andre Drummond (37787733),Isaiah Collier (37787395),Kawhi Leonard (37787323),Day'Ron Sharpe (37787668),295.7,389.5,49900,100.00%,0,77.12%,0,80.0,$2.31,MIA 1,TOR 1,user13,48,marvalshot,15836,4650190662_13
Trae Young (37787228),Aaron Nesmith (37787756),RJ Barrett (37787310),Georges Niang (37787658),Day'Ron Sharpe (37787668),Josh Giddey (37787286),Matas Buzelis (37787575),Alperen Sengun (37787254),296.06,391.51,50000,100.00%,0,79.07%,0,80.0,$2.37,ATL 2,CHI 2,user13,49,marvalshot,15837,4650190663_13
Jordan Poole (37787307),Tyrese Martin (37787871),Deni Avdija (37787375),Kyle Anderson (37787844),Zach Collins (37787646),Trae Young (37787228),Kawhi Leonard (37787323),Alperen Sengun (37787254),323.6856510416667,421.67326723185766,50000,100.00%,49119,477.09%,0,80.0,$14.31,WAS 1,BKN 1,user13,48,marvalshot,15839,4650190664_13
Trae Young (37787228),Keon Johnson (37787491),Deni Avdija (37787375),Ausar Thompson (37787495),Day'Ron Sharpe (37787668),Keyonte George (37787343),Matas Buzelis (37787575),Ivica Zubac (37787301),311.76857204861113,408.60251177929524,49800,100.00%,699,168.7%,0,80.0,$5.06,BKN 2,ATL 1,user13,43,marvalshot,15846,4650190665_13
Jalen Brunson (37787234),Gradey Dick (37787706),Andrew Wiggins (37787364),Josh Hart (37787277),Zach Collins (37787646),Isaiah Collier (37787395),Kawhi Leonard (37787323),Day'Ron Sharpe (37787668),304.02000000000004,393.88000000000005,49600,100.00%,0,106.01%,0,80.0,$3.18,NYK 2,TOR 1,user31,1,marvalshot,15877,4650190666_31
Anfernee Simons (37787360),Davion Mitchell (37787719),Josh Hart (37787277),Kawhi Leonard (37787323),Day'Ron Sharpe (37787668),Josh Giddey (37787286),Kyle Anderson (37787844),Alperen Sengun (37787254),314.4773090277778,407.56770258914247,49600,100.00%,5465,189.8%,0,80.0,$5.69,MIA 2,POR 1,user13,50,marvalshot,9448,4650190667_13
Jalen Brunson (37787234),Gradey Dick (37787706),Deni Avdija (37787375),Josh Hart (37787277),Day'Ron Sharpe (37787668),Kevin Huerter (37787632),Khris Middleton (37787470),Alperen Sengun (37787254),310.14325520833336,403.81090872039226,50000,100.00%,59,160.11%,0,80.0,$4.8,NYK 2,TOR 1,user13,50,marvalshot,2891,4650190668_13
Jalen Brunson (37787234),Jrue Holiday (37787595),Josh Hart (37787277),Pascal Siakam (37787289),Andre Drummond (37787733),Keyonte George (37787343),Matas Buzelis (37787575),Zach Collins (37787646),299.1133854166667,388.2372586568559,49300,100.00%,0,93.57%,0,80.0,$2.81,NYK 2,CHI 2,user13,48,marvalshot,15897,4650190669_13
Malik Monk (37787292),Gradey Dick (37787706),Josh Hart (37787277),Tosan Evbuomwan (37787998),Alperen Sengun (37787254),Josh Giddey (37787286),Kawhi Leonard (37787323),Day'Ron Sharpe (37787668),302.32000000000005,394.43000000000006,50000,100.00%,0,101.05%,0,80.0,$3.03,BKN 2,SAC 1,user5,1,marvalshot,15902,4650190670_5
Jalen Brunson (37787234),Gradey Dick (37787706),Ochai Agbaji (37787812),Josh Hart (37787277),Day'Ron Sharpe (37787668),Keyonte George (37787343),Jayson Tatum (37787217),Zach Collins (37787646),319.7270529513888,409.67859735551997,49700,100.00%,37762,275.41%,0,80.0,$8.26,NYK 2,TOR 2,user14,50,marvalshot,852,4650190659_14
Jalen Brunson (37787234),Gradey Dick (37787706),Deni Avdija (37787375),Ochai Agbaji (37787812),Day'Ron Sharpe (37787668),Keyonte George (37787343),RJ Barrett (37787310),Alperen Sengun (37787254),311.7755078125,409.2193159075955,49800,100.00%,371,168.27%,0,80.0,$5.05,TOR 3,NYK 1,user14,50,marvalshot,5747,4650190660_14
Immanuel Quickley (37787336),Malik Monk (37787292),Kyle Anderson (37787844),Josh Hart (37787277),Day'Ron Sharpe (37787668),Keyonte George (37787343),Zaccharie Risacher (37787637),Alperen Sengun (37787254),297.43,390.62,49900,100.00%,0,85.87%,0,80.0,$2.58,TOR 1,SAC 1,user14,46,marvalshot,15834,4650190661_14
Tyler Herro (37787251),Gradey Dick (37787706),Josh Hart (37787277),Pascal Siakam (37787289),Andre Drummond (37787733),Isaiah Collier (37787395),Kawhi Leonard (37787323),Day'Ron Sharpe (37787668),295.7,389.5,49900,100.00%,0,77.12%,0,80.0,$2.31,MIA 1,TOR 1,user14,48,marvalshot,15836,4650190662_14
Trae Young (37787228),Aaron Nesmith (37787756),RJ Barrett (37787310),Georges Niang (37787658),Day'Ron Sharpe (37787668),Josh Giddey (37787286),Matas Buzelis (37787575),Alperen Sengun (37787254),296.06,391.51,50000,100.00%,0,79.07%,0,80.0,$2.37,ATL 2,CHI 2,user14,49,marvalshot,15837,4650190663_14
Jordan Poole (37787307),Tyrese Martin (37787871),Deni Avdija (37787375),Kyle Anderson (37787844),Zach Collins (37787646),Trae Young (37787228),Kawhi Leonard (37787323),Alperen Sengun (37787254),323.6856510416667,421.67326723185766,50000,100.00%,49119,477.09%,0,80.0,$14.31,WAS 1,BKN 1,user14,48,marvalshot,15839,4650190664_14
Trae Young (37787228),Keon Johnson (37787491),Deni Avdija (37787375),Ausar Thompson (37787495),Day'Ron Sharpe (37787668),Keyonte George (37787343),Matas Buzelis (37787575),Ivica Zubac (37787301),311.76857204861113,408.60251177929524,49800,100.00%,699,168.7%,0,80.0,$5.06,BKN 2,ATL 1,user14,43,marvalshot,15846,4650190665_14
Jalen Brunson (37787234),Gradey Dick (37787706),Kyle Anderson (37787844),Josh Hart (37787277),Day'Ron Sharpe (37787668),Keyonte George (37787343),Matas Buzelis (37787575),Domantas Sabonis (37787224),303.91999999999996,394.90999999999997,49800,100.00%,0,105.43%,0,80.0,$3.16,NYK 2,TOR 1,user42,1,marvalshot,15888,4650190666_42
Anfernee Simons (37787360),Davion Mitchell (37787719),Josh Hart (37787277),Kawhi Leonard (37787323),Day'Ron Sharpe (37787668),Josh Giddey (37787286),Kyle Anderson (37787844),Alperen Sengun (37787254),314.4773090277778,407.56770258914247,49600,100.00%,5465,189.8%,0,80.0,$5.69,MIA 2,POR 1,user14,50,marvalshot,9448,4650190667_14
Jalen Brunson (37787234),Gradey Dick (37787706),Deni Avdija (37787375),Josh Hart (37787277),Day'Ron Sharpe (37787668),Kevin Huerter (37787632),Khris Middleton (37787470),Alperen Sengun (37787254),310.14325520833336,403.81090872039226,50000,100.00%,59,160.11%,0,80.0,$4.8,NYK 2,TOR 1,user14,50,marvalshot,2891,4650190668_14
Jalen Brunson (37787234),Jrue Holiday (37787595),Josh Hart (37787277),Pascal Siakam (37787289),Andre Drummond (37787733),Keyonte George (37787343),Matas Buzelis (37787575),Zach Collins (37787646),299.1133854166667,388.2372586568559,49300,100.00%,0,93.57%,0,80.0,$2.81,NYK 2,CHI 2,user14,48,marvalshot,15897,4650190669_14
Josh Giddey (37787286),Gradey Dick (37787706),Josh Hart (37787277),Kyle Anderson (37787844),Zach Collins (37787646),Malik Monk (37787292),Andrew Wiggins (37787364),Alperen Sengun (37787254),299.1,386.14,50000,100.00%,0,93.19%,0,80.0,$2.8,CHI 2,MIA 2,user14,36,marvalshot,15911,4650190670_14
Jalen Brunson (37787234),Gradey Dick (37787706),Ochai Agbaji (37787812),Josh Hart (37787277),Day'Ron Sharpe (37787668),Keyonte George (37787343),Jayson Tatum (37787217),Zach Collins (37787646),319.7270529513888,409.67859735551997,49700,100.00%,37762,275.41%,0,80.0,$8.26,NYK 2,TOR 2,user15,50,marvalshot,852,4650190659_15
Jalen Brunson (37787234),Gradey Dick (37787706),Deni Avdija (37787375),Ochai Agbaji (37787812),Day'Ron Sharpe (37787668),Keyonte George (37787343),RJ Barrett (37787310),Alperen Sengun (37787254),311.7755078125,409.2193159075955,49800,100.00%,371,168.27%,0,80.0,$5.05,TOR 3,NYK 1,user15,50,marvalshot,5747,4650190660_15
Immanuel Quickley (37787336),Malik Monk (37787292),Kyle Anderson (37787844),Josh Hart (37787277),Day'Ron Sharpe (37787668),Keyonte George (37787343),Zaccharie Risacher (37787637),Alperen Sengun (37787254),297.43,390.62,49900,100.00%,0,85.87%,0,80.0,$2.58,TOR 1,SAC 1,user15,46,marvalshot,15834,4650190661_15
Tyler Herro (37787251),Gradey Dick (37787706),Josh Hart (37787277),Pascal Siakam (37787289),Andre Drummond (37787733),Isaiah Collier (37787395),Kawhi Leonard (37787323),Day'Ron Sharpe (37787668),295.7,389.5,49900,100.00%,0,77.12%,0,80.0,$2.31,MIA 1,TOR 1,user15,48,marvalshot,15836,4650190662_15
Trae Young (37787228),Aaron Nesmith (37787756),RJ Barrett (37787310),Georges Niang (37787658),Day'Ron Sharpe (37787668),Josh Giddey (37787286),Matas Buzelis (37787575),Alperen Sengun (37787254),296.06,391.51,50000,100.00%,0,79.07%,0,80.0,$2.37,ATL 2,CHI 2,user15,49,marvalshot,15837,4650190663_15
Jordan Poole (37787307),Tyrese Martin (37787871),Deni Avdija (37787375),Kyle Anderson (37787844),Zach Collins (37787646),Trae Young (37787228),Kawhi Leonard (37787323),Alperen Sengun (37787254),323.6856510416667,421.67326723185766,50000,100.00%,49119,477.09%,0,80.0,$14.31,WAS 1,BKN 1,user15,48,marvalshot,15839,4650190664_15
Trae Young (37787228),Keon Johnson (37787491),Deni Avdija (37787375),Ausar Thompson (37787495),Day'Ron Sharpe (37787668),Keyonte George (37787343),Matas Buzelis (37787575),Ivica Zubac (37787301),311.76857204861113,408.60251177929524,49800,100.00%,699,168.7%,0,80.0,$5.06,BKN 2,ATL 1,user15,43,marvalshot,15846,4650190665_15
Jalen Brunson (37787234),Gradey Dick (37787706),Andrew Wiggins (37787364),Josh Hart (37787277),Day'Ron Sharpe (37787668),Isaiah Collier (37787395),Matas Buzelis (37787575),Kawhi Leonard (37787323),303.85,391.14,50000,100.00%,0,105.27%,0,80.0,$3.16,NYK 2,TOR 1,user14,1,marvalshot,15860,4650190666_14
Anfernee Simons (37787360),Davion Mitchell (37787719),Josh Hart (37787277),Kawhi Leonard (37787323),Day'Ron Sharpe (37787668),Josh Giddey (37787286),Kyle Anderson (37787844),Alperen Sengun (37787254),314.4773090277778,407.56770258914247,49600,100.00%,5465,189.8%,0,80.0,$5.69,MIA 2,POR 1,user15,50,marvalshot,9448,4650190667_15
Jalen Brunson (37787234),Gradey Dick (37787706),Deni Avdija (37787375),Josh Hart (37787277),Day'Ron Sharpe (37787668),Kevin Huerter (37787632),Khris Middleton (37787470),Alperen Sengun (37787254),310.14325520833336,403.81090872039226,50000,100.00%,59,160.11%,0,80.0,$4.8,NYK 2,TOR 1,user15,50,marvalshot,2891,4650190668_15
Jalen Brunson (37787234),Jrue Holiday (37787595),Josh Hart (37787277),Pascal Siakam (37787289),Andre Drummond (37787733),Keyonte George (37787343),Matas Buzelis (37787575),Zach Collins (37787646),299.1133854166667,388.2372586568559,49300,100.00%,0,93.57%,0,80.0,$2.81,NYK 2,CHI 2,user15,48,marvalshot,15897,4650190669_15
Josh Giddey (37787286),Gradey Dick (37787706),Josh Hart (37787277),Kyle Anderson (37787844),Zach Collins (37787646),Malik Monk (37787292),Andrew Wiggins (37787364),Alperen Sengun (37787254),299.1,386.14,50000,100.00%,0,93.19%,0,80.0,$2.8,CHI 2,MIA 2,user15,36,marvalshot,15911,4650190670_15
Jalen Brunson (37787234),Gradey Dick (37787706),Ochai Agbaji (37787812),Josh Hart (37787277),Day'Ron Sharpe (37787668),Keyonte George (37787343),Jayson Tatum (37787217),Zach Collins (37787646),319.7270529513888,409.67859735551997,49700,100.00%,37762,275.41%,0,80.0,$8.26,NYK 2,TOR 2,user16,50,marvalshot,852,4650190659_16
Jalen Brunson (37787234),Gradey Dick (37787706),Deni Avdija (37787375),Ochai Agbaji (37787812),Day'Ron Sharpe (37787668),Keyonte George (37787343),RJ Barrett (37787310),Alperen Sengun (37787254),311.7755078125,409.2193159075955,49800,100.00%,371,168.27%,0,80.0,$5.05,TOR 3,NYK 1,user16,50,marvalshot,5747,4650190660_16
Immanuel Quickley (37787336),Malik Monk (37787292),Kyle Anderson (37787844),Josh Hart (37787277),Day'Ron Sharpe (37787668),Keyonte George (37787343),Zaccharie Risacher (37787637),Alperen Sengun (37787254),297.43,390.62,49900,100.00%,0,85.87%,0,80.0,$2.58,TOR 1,SAC 1,user16,46,marvalshot,15834,4650190661_16
Tyler Herro (37787251),Gradey Dick (37787706),Josh Hart (37787277),Pascal Siakam (37787289),Andre Drummond (37787733),Isaiah Collier (37787395),Kawhi Leonard (37787323),Day'Ron Sharpe (37787668),295.7,389.5,49900,100.00%,0,77.12%,0,80.0,$2.31,MIA 1,TOR 1,user16,48,marvalshot,15836,4650190662_16
Trae Young (37787228),Aaron Nesmith (37787756),RJ Barrett (37787310),Georges Niang (37787658),Day'Ron Sharpe (37787668),Josh Giddey (37787286),Matas Buzelis (37787575),Alperen Sengun (37787254),296.06,391.51,50000,100.00%,0,79.07%,0,80.0,$2.37,ATL 2,CHI 2,user16,49,marvalshot,15837,4650190663_16
Jordan Poole (37787307),Tyrese Martin (37787871),Deni Avdija (37787375),Kyle Anderson (37787844),Zach Collins (37787646),Trae Young (37787228),Kawhi Leonard (37787323),Alperen Sengun (37787254),323.6856510416667,421.67326723185766,50000,100.00%,49119,477.09%,0,80.0,$14.31,WAS 1,BKN 1,user16,48,marvalshot,15839,4650190664_16
Trae Young (37787228),Keon Johnson (37787491),Deni Avdija (37787375),Ausar Thompson (37787495),Day'Ron Sharpe (37787668),Keyonte George (37787343),Matas Buzelis (37787575),Ivica Zubac (37787301),311.76857204861113,408.60251177929524,49800,100.00%,699,168.7%,0,80.0,$5.06,BKN 2,ATL 1,user16,43,marvalshot,15846,4650190665_16
Jalen Brunson (37787234),Gradey Dick (37787706),Andrew Wiggins (37787364),Josh Hart (37787277),Alperen Sengun (37787254),Isaiah Collier (37787395),Kyle Anderson (37787844),Day'Ron Sharpe (37787668),303.83000000000004,395.82000000000005,49900,100.00%,0,105.05%,0,80.0,$3.15,NYK 2,MIA 2,user36,1,marvalshot,15882,4650190666_36
Anfernee Simons (37787360),Davion Mitchell (37787719),Josh Hart (37787277),Kawhi Leonard (37787323),Day'Ron Sharpe (37787668),Josh Giddey (37787286),Kyle Anderson (37787844),Alperen Sengun (37787254),314.4773090277778,407.56770258914247,49600,100.00%,5465,189.8%,0,80.0,$5.69,MIA 2,POR 1,user16,50,marvalshot,9448,4650190667_16
Jalen Brunson (37787234),Gradey Dick (37787706),Deni Avdija (37787375),Josh Hart (37787277),Day'Ron Sharpe (37787668),Kevin Huerter (37787632),Khris Middleton (37787470),Alperen Sengun (37787254),310.14325520833336,403.81090872039226,50000,100.00%,59,160.11%,0,80.0,$4.8,NYK 2,TOR 1,user16,50,marvalshot,2891,4650190668_16
Jalen Brunson (37787234),Jrue Holiday (37787595),Josh Hart (37787277),Pascal Siakam (37787289),Andre Drummond (37787733),Keyonte George (37787343),Matas Buzelis (37787575),Zach Collins (37787646),299.1133854166667,388.2372586568559,49300,100.00%,0,93.57%,0,80.0,$2.81,NYK 2,CHI 2,user16,48,marvalshot,15897,4650190669_16
Josh Giddey (37787286),Gradey Dick (37787706),Josh Hart (37787277),Kyle Anderson (37787844),Zach Collins (37787646),Malik Monk (37787292),Andrew Wiggins (37787364),Alperen Sengun (37787254),299.1,386.14,50000,100.00%,0,93.19%,0,80.0,$2.8,CHI 2,MIA 2,user16,36,marvalshot,15911,4650190670_16
Jalen Brunson (37787234),Gradey Dick (37787706),Ochai Agbaji (37787812),Josh Hart (37787277),Day'Ron Sharpe (37787668),Keyonte George (37787343),Jayson Tatum (37787217),Zach Collins (37787646),319.7270529513888,409.67859735551997,49700,100.00%,37762,275.41%,0,80.0,$8.26,NYK 2,TOR 2,user17,50,marvalshot,852,4650190659_17
Jalen Brunson (37787234),Gradey Dick (37787706),Deni Avdija (37787375),Ochai Agbaji (37787812),Day'Ron Sharpe (37787668),Keyonte George (37787343),RJ Barrett (37787310),Alperen Sengun (37787254),311.7755078125,409.2193159075955,49800,100.00%,371,168.27%,0,80.0,$5.05,TOR 3,NYK 1,user17,50,marvalshot,5747,4650190660_17
Immanuel Quickley (37787336),Malik Monk (37787292),Kyle Anderson (37787844),Josh Hart (37787277),Day'Ron Sharpe (37787668),Keyonte George (37787343),Zaccharie Risacher (37787637),Alperen Sengun (37787254),297.43,390.62,49900,100.00%,0,85.87%,0,80.0,$2.58,TOR 1,SAC 1,user17,46,marvalshot,15834,4650190661_17
Tyler Herro (37787251),Gradey Dick (37787706),Josh Hart (37787277),Pascal Siakam (37787289),Andre Drummond (37787733),Isaiah Collier (37787395),Kawhi Leonard (37787323),Day'Ron Sharpe (37787668),295.7,389.5,49900,100.00%,0,77.12%,0,80.0,$2.31,MIA 1,TOR 1,user17,48,marvalshot,15836,4650190662_17
Trae Young (37787228),Aaron Nesmith (37787756),RJ Barrett (37787310),Georges Niang (37787658),Day'Ron Sharpe (37787668),Josh Giddey (37787286),Matas Buzelis (37787575),Alperen Sengun (37787254),296.06,391.51,50000,100.00%,0,79.07%,0,80.0,$2.37,ATL 2,CHI 2,user17,49,marvalshot,15837,4650190663_17
Jordan Poole (37787307),Tyrese Martin (37787871),Deni Avdija (37787375),Kyle Anderson (37787844),Zach Collins (37787646),Trae Young (37787228),Kawhi Leonard (37787323),Alperen Sengun (37787254),323.6856510416667,421.67326723185766,50000,100.00%,49119,477.09%,0,80.0,$14.31,WAS 1,BKN 1,user17,48,marvalshot,15839,4650190664_17
Trae Young (37787228),Keon Johnson (37787491),Deni Avdija (37787375),Ausar Thompson (37787495),Day'Ron Sharpe (37787668),Keyonte George (37787343),Matas Buzelis (37787575),Ivica Zubac (37787301),311.76857204861113,408.60251177929524,49800,100.00%,699,168.7%,0,80.0,$5.06,BKN 2,ATL 1,user17,43,marvalshot,15846,4650190665_17
Jalen Brunson (37787234),Gradey Dick (37787706),Kawhi Leonard (37787323),Josh Hart (37787277),Day'Ron Sharpe (37787668),Dyson Daniels (37787355),Andrew Wiggins (37787364),Zach Collins (37787646),303.76,391.33,49900,100.00%,1,104.83%,0,80.0,$3.14,NYK 2,TOR 1,user37,1,marvalshot,15883,4650190666_37
Anfernee Simons (37787360),Davion Mitchell (37787719),Josh Hart (37787277),Kawhi Leonard (37787323),Day'Ron Sharpe (37787668),Josh Giddey (37787286),Kyle Anderson (37787844),Alperen Sengun (37787254),314.4773090277778,407.56770258914247,49600,100.00%,5465,189.8%,0,80.0,$5.69,MIA 2,POR 1,user17,50,marvalshot,9448,4650190667_17
Jalen Brunson (37787234),Gradey Dick (37787706),Deni Avdija (37787375),Josh Hart (37787277),Day'Ron Sharpe (37787668),Kevin Huerter (37787632),Khris Middleton (37787470),Alperen Sengun (37787254),310.14325520833336,403.81090872039226,50000,100.00%,59,160.11%,0,80.0,$4.8,NYK 2,TOR 1,user17,50,marvalshot,2891,4650190668_17
Jalen Brunson (37787234),Jrue Holiday (37787595),Josh Hart (37787277),Pascal Siakam (37787289),Andre Drummond (37787733),Keyonte George (37787343),Matas Buzelis (37787575),Zach Collins (37787646),299.1133854166667,388.2372586568559,49300,100.00%,0,93.57%,0,80.0,$2.81,NYK 2,CHI 2,user17,48,marvalshot,15897,4650190669_17
Josh Giddey (37787286),Gradey Dick (37787706),Josh Hart (37787277),Kyle Anderson (37787844),Zach Collins (37787646),Malik Monk (37787292),Andrew Wiggins (37787364),Alperen Sengun (37787254),299.1,386.14,50000,100.00%,0,93.19%,0,80.0,$2.8,CHI 2,MIA 2,user17,36,marvalshot,15911,4650190670_17
Jalen Brunson (37787234),Gradey Dick (37787706),Ochai Agbaji (37787812),Josh Hart (37787277),Day'Ron Sharpe (37787668),Keyonte George (37787343),Jayson Tatum (37787217),Zach Collins (37787646),319.7270529513888,409.67859735551997,49700,100.00%,37762,275.41%,0,80.0,$8.26,NYK 2,TOR 2,user18,50,marvalshot,852,4650190659_18
Jalen Brunson (37787234),Gradey Dick (37787706),Deni Avdija (37787375),Ochai Agbaji (37787812),Day'Ron Sharpe (37787668),Keyonte George (37787343),RJ Barrett (37787310),Alperen Sengun (37787254),311.7755078125,409.2193159075955,49800,100.00%,371,168.27%,0,80.0,$5.05,TOR 3,NYK 1,user18,50,marvalshot,5747,4650190660_18
Immanuel Quickley (37787336),Malik Monk (37787292),Kyle Anderson (37787844),Josh Hart (37787277),Day'Ron Sharpe (37787668),Keyonte George (37787343),Zaccharie Risacher (37787637),Alperen Sengun (37787254),297.43,390.62,49900,100.00%,0,85.87%,0,80.0,$2.58,TOR 1,SAC 1,user18,46,marvalshot,15834,4650190661_18
Tyler Herro (37787251),Gradey Dick (37787706),Josh Hart (37787277),Pascal Siakam (37787289),Andre Drummond (37787733),Isaiah Collier (37787395),Kawhi Leonard (37787323),Day'Ron Sharpe (37787668),295.7,389.5,49900,100.00%,0,77.12%,0,80.0,$2.31,MIA 1,TOR 1,user18,48,marvalshot,15836,4650190662_18
Trae Young (37787228),Aaron Nesmith (37787756),RJ Barrett (37787310),Georges Niang (37787658),Day'Ron Sharpe (37787668),Josh Giddey (37787286),Matas Buzelis (37787575),Alperen Sengun (37787254),296.06,391.51,50000,100.00%,0,79.07%,0,80.0,$2.37,ATL 2,CHI 2,user18,49,marvalshot,15837,4650190663_18
Jordan Poole (37787307),Tyrese Martin (37787871),Deni Avdija (37787375),Kyle Anderson (37787844),Zach Collins (37787646),Trae Young (37787228),Kawhi Leonard (37787323),Alperen Sengun (37787254),323.6856510416667,421.67326723185766,50000,100.00%,49119,477.09%,0,80.0,$14.31,WAS 1,BKN 1,user18,48,marvalshot,15839,4650190664_18
Trae Young (37787228),Keon Johnson (37787491),Deni Avdija (37787375),Ausar Thompson (37787495),Day'Ron Sharpe (37787668),Keyonte George (37787343),Matas Buzelis (37787575),Ivica Zubac (37787301),311.76857204861113,408.60251177929524,49800,100.00%,699,168.7%,0,80.0,$5.06,BKN 2,ATL 1,user18,43,marvalshot,15846,4650190665_18
Jalen Brunson (37787234),Gradey Dick (37787706),Zaccharie Risacher (37787637),Josh Hart (37787277),Day'Ron Sharpe (37787668),Keyonte George (37787343),Matas Buzelis (37787575),Alperen Sengun (37787254),303.72,395.68000000000006,49700,100.00%,0,104.56%,0,80.0,$3.14,NYK 2,TOR 1,user38,1,marvalshot,15884,4650190666_38
Anfernee Simons (37787360),Davion Mitchell (37787719),Josh Hart (37787277),Kawhi Leonard (37787323),Day'Ron Sharpe (37787668),Josh Giddey (37787286),Kyle Anderson (37787844),Alperen Sengun (37787254),314.4773090277778,407.56770258914247,49600,100.00%,5465,189.8%,0,80.0,$5.69,MIA 2,POR 1,user18,50,marvalshot,9448,4650190667_18
Jalen Brunson (37787234),Gradey Dick (37787706),Deni Avdija (37787375),Josh Hart (37787277),Day'Ron Sharpe (37787668),Kevin Huerter (37787632),Khris Middleton (37787470),Alperen Sengun (37787254),310.14325520833336,403.81090872039226,50000,100.00%,59,160.11%,0,80.0,$4.8,NYK 2,TOR 1,user18,50,marvalshot,2891,4650190668_18
Jalen Brunson (37787234),Jrue Holiday (37787595),Josh Hart (37787277),Pascal Siakam (37787289),Andre Drummond (37787733),Keyonte George (37787343),Matas Buzelis (37787575),Zach Collins (37787646),299.1133854166667,388.2372586568559,49300,100.00%,0,93.57%,0,80.0,$2.81,NYK 2,CHI 2,user18,48,marvalshot,15897,4650190669_18
Josh Giddey (37787286),Gradey Dick (37787706),Josh Hart (37787277),Kyle Anderson (37787844),Zach Collins (37787646),Malik Monk (37787292),Andrew Wiggins (37787364),Alperen Sengun (37787254),299.1,386.14,50000,100.00%,0,93.19%,0,80.0,$2.8,CHI 2,MIA 2,user18,36,marvalshot,15911,4650190670_18
Jalen Brunson (37787234),Gradey Dick (37787706),Ochai Agbaji (37787812),Josh Hart (37787277),Day'Ron Sharpe (37787668),Keyonte George (37787343),Jayson Tatum (37787217),Zach Collins (37787646),319.7270529513888,409.67859735551997,49700,100.00%,37762,275.41%,0,80.0,$8.26,NYK 2,TOR 2,user19,50,marvalshot,852,4650190659_19
Jalen Brunson (37787234),Gradey Dick (37787706),Deni Avdija (37787375),Ochai Agbaji (37787812),Day'Ron Sharpe (37787668),Keyonte George (37787343),RJ Barrett (37787310),Alperen Sengun (37787254),311.7755078125,409.2193159075955,49800,100.00%,371,168.27%,0,80.0,$5.05,TOR 3,NYK 1,user19,50,marvalshot,5747,4650190660_19
Immanuel Quickley (37787336),Malik Monk (37787292),Kyle Anderson (37787844),Josh Hart (37787277),Day'Ron Sharpe (37787668),Keyonte George (37787343),Zaccharie Risacher (37787637),Alperen Sengun (37787254),297.43,390.62,49900,100.00%,0,85.87%,0,80.0,$2.58,TOR 1,SAC 1,user19,46,marvalshot,15834,4650190661_19
Tyler Herro (37787251),Gradey Dick (37787706),Josh Hart (37787277),Pascal Siakam (37787289),Andre Drummond (37787733),Isaiah Collier (37787395),Kawhi Leonard (37787323),Day'Ron Sharpe (37787668),295.7,389.5,49900,100.00%,0,77.12%,0,80.0,$2.31,MIA 1,TOR 1,user19,48,marvalshot,15836,4650190662_19
Trae Young (37787228),Aaron Nesmith (37787756),RJ Barrett (37787310),Georges Niang (37787658),Day'Ron Sharpe (37787668),Josh Giddey (37787286),Matas Buzelis (37787575),Alperen Sengun (37787254),296.06,391.51,50000,100.00%,0,79.07%,0,80.0,$2.37,ATL 2,CHI 2,user19,49,marvalshot,15837,4650190663_19
Jordan Poole (37787307),Tyrese Martin (37787871),Deni Avdija (37787375),Kyle Anderson (37787844),Zach Collins (37787646),Trae Young (37787228),Kawhi Leonard (37787323),Alperen Sengun (37787254),323.6856510416667,421.67326723185766,50000,100.00%,49119,477.09%,0,80.0,$14.31,WAS 1,BKN 1,user19,48,marvalshot,15839,4650190664_19
Trae Young (37787228),Keon Johnson (37787491),Deni Avdija (37787375),Ausar Thompson (37787495),Day'Ron Sharpe (37787668),Keyonte George (37787343),Matas Buzelis (37787575),Ivica Zubac (37787301),311.76857204861113,408.60251177929524,49800,100.00%,699,168.7%,0,80.0,$5.06,BKN 2,ATL 1,user19,43,marvalshot,15846,4650190665_19
Jalen Brunson (37787234),Gradey Dick (37787706),Kawhi Leonard (37787323),Josh Hart (37787277),Onyeka Okongwu (37787442),Keyonte George (37787343),Matas Buzelis (37787575),Zach Collins (37787646),303.57000000000005,392.6700000000001,49900,100.00%,0,104.24%,0,80.0,$3.13,NYK 2,CHI 2,user6,1,marvalshot,15852,4650190666_6
Anfernee Simons (37787360),Davion Mitchell (37787719),Josh Hart (37787277),Kawhi Leonard (37787323),Day'Ron Sharpe (37787668),Josh Giddey (37787286),Kyle Anderson (37787844),Alperen Sengun (37787254),314.4773090277778,407.56770258914247,49600,100.00%,5465,189.8%,0,80.0,$5.69,MIA 2,POR 1,user19,50,marvalshot,9448,4650190667_19
Jalen Brunson (37787234),Gradey Dick (37787706),Deni Avdija (37787375),Josh Hart (37787277),Day'Ron Sharpe (37787668),Kevin Huerter (37787632),Khris Middleton (37787470),Alperen Sengun (37787254),310.14325520833336,403.81090872039226,50000,100.00%,59,160.11%,0,80.0,$4.8,NYK 2,TOR 1,user19,50,marvalshot,2891,4650190668_19
Jalen Brunson (37787234),Jrue Holiday (37787595),Josh Hart (37787277),Pascal Siakam (37787289),Andre Drummond (37787733),Keyonte George (37787343),Matas Buzelis (37787575),Zach Collins (37787646),299.1133854166667,388.2372586568559,49300,100.00%,0,93.57%,0,80.0,$2.81,NYK 2,CHI 2,user19,48,marvalshot,15897,4650190669_19
Josh Giddey (37787286),Gradey Dick (37787706),Josh Hart (37787277),Kyle Anderson (37787844),Zach Collins (37787646),Malik Monk (37787292),Andrew Wiggins (37787364),Alperen Sengun (37787254),299.1,386.14,50000,100.00%,0,93.19%,0,80.0,$2.8,CHI 2,MIA 2,user19,36,marvalshot,15911,4650190670_19
Jalen Brunson (37787234),Gradey Dick (37787706),Ochai Agbaji (37787812),Josh Hart (37787277),Day'Ron Sharpe (37787668),Keyonte George (37787343),Jayson Tatum (37787217),Zach Collins (37787646),319.7270529513888,409.67859735551997,49700,100.00%,37762,275.41%,0,80.0,$8.26,NYK 2,TOR 2,user20,50,marvalshot,852,4650190659_20
Jalen Brunson (37787234),Gradey Dick (37787706),Deni Avdija (37787375),Ochai Agbaji (37787812),Day'Ron Sharpe (37787668),Keyonte George (37787343),RJ Barrett (37787310),Alperen Sengun (37787254),311.7755078125,409.2193159075955,49800,100.00%,371,168.27%,0,80.0,$5.05,TOR 3,NYK 1,user20,50,marvalshot,5747,4650190660_20
Immanuel Quickley (37787336),Malik Monk (37787292),Kyle Anderson (37787844),Josh Hart (37787277),Day'Ron Sharpe (37787668),Keyonte George (37787343),Zaccharie Risacher (37787637),Alperen Sengun (37787254),297.43,390.62,49900,100.00%,0,85.87%,0,80.0,$2.58,TOR 1,SAC 1,user20,46,marvalshot,15834,4650190661_20
Tyler Herro (37787251),Gradey Dick (37787706),Josh Hart (37787277),Pascal Siakam (37787289),Andre Drummond (37787733),Isaiah Collier (37787395),Kawhi Leonard (37787323),Day'Ron Sharpe (37787668),295.7,389.5,49900,100.00%,0,77.12%,0,80.0,$2.31,MIA 1,TOR 1,user20,48,marvalshot,15836,4650190662_20
Trae Young (37787228),Aaron Nesmith (37787756),RJ Barrett (37787310),Georges Niang (37787658),Day'Ron Sharpe (37787668),Josh Giddey (37787286),Matas Buzelis (37787575),Alperen Sengun (37787254),296.06,391.51,50000,100.00%,0,79.07%,0,80.0,$2.37,ATL 2,CHI 2,user20,49,marvalshot,15837,4650190663_20
Jordan Poole (37787307),Tyrese Martin (37787871),Deni Avdija (37787375),Kyle Anderson (37787844),Zach Collins (37787646),Trae Young (37787228),Kawhi Leonard (37787323),Alperen Sengun (37787254),323.6856510416667,421.67326723185766,50000,100.00%,49119,477.09%,0,80.0,$14.31,WAS 1,BKN 1,user20,48,marvalshot,15839,4650190664_20
Trae Young (37787228),Keon Johnson (37787491),Deni Avdija (37787375),Ausar Thompson (37787495),Day'Ron Sharpe (37787668),Keyonte George (37787343),Matas Buzelis (37787575),Ivica Zubac (37787301),311.76857204861113,408.60251177929524,49800,100.00%,699,168.7%,0,80.0,$5.06,BKN 2,ATL 1,user20,43,marvalshot,15846,4650190665_20
Jalen Brunson (37787234),Gradey Dick (37787706),Kawhi Leonard (37787323),Josh Hart (37787277),Alperen Sengun (37787254),Keon Johnson (37787491),KJ Martin (37787713),Day'Ron Sharpe (37787668),303.65000000000003,397.38000000000005,50000,100.00%,0,104.17%,0,80.0,$3.12,NYK 2,BKN 2,user47,1,marvalshot,15893,4650190666_47
Anfernee Simons (37787360),Davion Mitchell (37787719),Josh Hart (37787277),Kawhi Leonard (37787323),Day'Ron Sharpe (37787668),Josh Giddey (37787286),Kyle Anderson (37787844),Alperen Sengun (37787254),314.4773090277778,407.56770258914247,49600,100.00%,5465,189.8%,0,80.0,$5.69,MIA 2,POR 1,user20,50,marvalshot,9448,4650190667_20
Jalen Brunson (37787234),Gradey Dick (37787706),Deni Avdija (37787375),Josh Hart (37787277),Day'Ron Sharpe (37787668),Kevin Huerter (37787632),Khris Middleton (37787470),Alperen Sengun (37787254),310.14325520833336,403.81090872039226,50000,100.00%,59,160.11%,0,80.0,$4.8,NYK 2,TOR 1,user20,50,marvalshot,2891,4650190668_20
Jalen Brunson (37787234),Jrue Holiday (37787595),Josh Hart (37787277),Pascal Siakam (37787289),Andre Drummond (37787733),Keyonte George (37787343),Matas Buzelis (37787575),Zach Collins (37787646),299.1133854166667,388.2372586568559,49300,100.00%,0,93.57%,0,80.0,$2.81,NYK 2,CHI 2,user20,48,marvalshot,15897,4650190669_20
Josh Giddey (37787286),Gradey Dick (37787706),Josh Hart (37787277),Kyle Anderson (37787844),Zach Collins (37787646),Malik Monk (37787292),Andrew Wiggins (37787364),Alperen Sengun (37787254),299.1,386.14,50000,100.00%,0,93.19%,0,80.0,$2.8,CHI 2,MIA 2,user20,36,marvalshot,15911,4650190670_20
Jalen Brunson (37787234),Gradey Dick (37787706),Ochai Agbaji (37787812),Josh Hart (37787277),Day'Ron Sharpe (37787668),Keyonte George (37787343),Jayson Tatum (37787217),Zach Collins (37787646),319.7270529513888,409.67859735551997,49700,100.00%,37762,275.41%,0,80.0,$8.26,NYK 2,TOR 2,user21,50,marvalshot,852,4650190659_21
Jalen Brunson (37787234),Gradey Dick (37787706),Deni Avdija (37787375),Ochai Agbaji (37787812),Day'Ron Sharpe (37787668),Keyonte George (37787343),RJ Barrett (37787310),Alperen Sengun (37787254),311.7755078125,409.2193159075955,49800,100.00%,371,168.27%,0,80.0,$5.05,TOR 3,NYK 1,user21,50,marvalshot,5747,4650190660_21
Immanuel Quickley (37787336),Malik Monk (37787292),Kyle Anderson (37787844),Josh Hart (37787277),Day'Ron Sharpe (37787668),Keyonte George (37787343),Zaccharie Risacher (37787637),Alperen Sengun (37787254),297.43,390.62,49900,100.00%,0,85.87%,0,80.0,$2.58,TOR 1,SAC 1,user21,46,marvalshot,15834,4650190661_21
Tyler Herro (37787251),Gradey Dick (37787706),Josh Hart (37787277),Pascal Siakam (37787289),Andre Drummond (37787733),Isaiah Collier (37787395),Kawhi Leonard (37787323),Day'Ron Sharpe (37787668),295.7,389.5,49900,100.00%,0,77.12%,0,80.0,$2.31,MIA 1,TOR 1,user21,48,marvalshot,15836,4650190662_21
Trae Young (37787228),Aaron Nesmith (37787756),RJ Barrett (37787310),Georges Niang (37787658),Day'Ron Sharpe (37787668),Josh Giddey (37787286),Matas Buzelis (37787575),Alperen Sengun (37787254),296.06,391.51,50000,100.00%,0,79.07%,0,80.0,$2.37,ATL 2,CHI 2,user21,49,marvalshot,15837,4650190663_21
Jordan Poole (37787307),Tyrese Martin (37787871),Deni Avdija (37787375),Kyle Anderson (37787844),Zach Collins (37787646),Trae Young (37787228),Kawhi Leonard (37787323),Alperen Sengun (37787254),323.6856510416667,421.67326723185766,50000,100.00%,49119,477.09%,0,80.0,$14.31,WAS 1,BKN 1,user21,48,marvalshot,15839,4650190664_21
Trae Young (37787228),Keon Johnson (37787491),Deni Avdija (37787375),Ausar Thompson (37787495),Day'Ron Sharpe (37787668),Keyonte George (37787343),Matas Buzelis (37787575),Ivica Zubac (37787301),311.76857204861113,408.60251177929524,49800,100.00%,699,168.7%,0,80.0,$5.06,BKN 2,ATL 1,user21,43,marvalshot,15846,4650190665_21
Jalen Brunson (37787234),Gradey Dick (37787706),Andrew Wiggins (37787364),Josh Hart (37787277),Day'Ron Sharpe (37787668),Coby White (37787350),Kawhi Leonard (37787323),Zach Collins (37787646),303.55000000000007,392.1300000000001,50000,100.00%,0,104.05%,0,80.0,$3.12,NYK 2,CHI 2,user32,1,marvalshot,15878,4650190666_32
Anfernee Simons (37787360),Davion Mitchell (37787719),Josh Hart (37787277),Kawhi Leonard (37787323),Day'Ron Sharpe (37787668),Josh Giddey (37787286),Kyle Anderson (37787844),Alperen Sengun (37787254),314.4773090277778,407.56770258914247,49600,100.00%,5465,189.8%,0,80.0,$5.69,MIA 2,POR 1,user21,50,marvalshot,9448,4650190667_21
Jalen Brunson (37787234),Gradey Dick (37787706),Deni Avdija (37787375),Josh Hart (37787277),Day'Ron Sharpe (37787668),Kevin Huerter (37787632),Khris Middleton (37787470),Alperen Sengun (37787254),310.14325520833336,403.81090872039226,50000,100.00%,59,160.11%,0,80.0,$4.8,NYK 2,TOR 1,user21,50,marvalshot,2891,4650190668_21
Jalen Brunson (37787234),Jrue Holiday (37787595),Josh Hart (37787277),Pascal Siakam (37787289),Andre Drummond (37787733),Keyonte George (37787343),Matas Buzelis (37787575),Zach Collins (37787646),299.1133854166667,388.2372586568559,49300,100.00%,0,93.57%,0,80.0,$2.81,NYK 2,CHI 2,user21,48,marvalshot,15897,4650190669_21
Josh Giddey (37787286),Gradey Dick (37787706),Josh Hart (37787277),Kyle Anderson (37787844),Zach Collins (37787646),Malik Monk (37787292),Andrew Wiggins (37787364),Alperen Sengun (37787254),299.1,386.14,50000,100.00%,0,93.19%,0,80.0,$2.8,CHI 2,MIA 2,user21,36,marvalshot,15911,4650190670_21
Jalen Brunson (37787234),Gradey Dick (37787706),Ochai Agbaji (37787812),Josh Hart (37787277),Day'Ron Sharpe (37787668),Keyonte George (37787343),Jayson Tatum (37787217),Zach Collins (37787646),319.7270529513888,409.67859735551997,49700,100.00%,37762,275.41%,0,80.0,$8.26,NYK 2,TOR 2,user22,50,marvalshot,852,4650190659_22
Jalen Brunson (37787234),Gradey Dick (37787706),Deni Avdija (37787375),Ochai Agbaji (37787812),Day'Ron Sharpe (37787668),Keyonte George (37787343),RJ Barrett (37787310),Alperen Sengun (37787254),311.7755078125,409.2193159075955,49800,100.00%,371,168.27%,0,80.0,$5.05,TOR 3,NYK 1,user22,50,marvalshot,5747,4650190660_22
Immanuel Quickley (37787336),Malik Monk (37787292),Kyle Anderson (37787844),Josh Hart (37787277),Day'Ron Sharpe (37787668),Keyonte George (37787343),Zaccharie Risacher (37787637),Alperen Sengun (37787254),297.43,390.62,49900,100.00%,0,85.87%,0,80.0,$2.58,TOR 1,SAC 1,user22,46,marvalshot,15834,4650190661_22
Tyler Herro (37787251),Gradey Dick (37787706),Josh Hart (37787277),Pascal Siakam (37787289),Andre Drummond (37787733),Isaiah Collier (37787395),Kawhi Leonard (37787323),Day'Ron Sharpe (37787668),295.7,389.5,49900,100.00%,0,77.12%,0,80.0,$2.31,MIA 1,TOR 1,user22,48,marvalshot,15836,4650190662_22
Trae Young (37787228),Aaron Nesmith (37787756),RJ Barrett (37787310),Georges Niang (37787658),Day'Ron Sharpe (37787668),Josh Giddey (37787286),Matas Buzelis (37787575),Alperen Sengun (37787254),296.06,391.51,50000,100.00%,0,79.07%,0,80.0,$2.37,ATL 2,CHI 2,user22,49,marvalshot,15837,4650190663_22
Jordan Poole (37787307),Tyrese Martin (37787871),Deni Avdija (37787375),Kyle Anderson (37787844),Zach Collins (37787646),Trae Young (37787228),Kawhi Leonard (37787323),Alperen Sengun (37787254),323.6856510416667,421.67326723185766,50000,100.00%,49119,477.09%,0,80.0,$14.31,WAS 1,BKN 1,user22,48,marvalshot,15839,4650190664_22
Trae Young (37787228),Keon Johnson (37787491),Deni Avdija (37787375),Ausar Thompson (37787495),Day'Ron Sharpe (37787668),Keyonte George (37787343),Matas Buzelis (37787575),Ivica Zubac (37787301),311.76857204861113,408.60251177929524,49800,100.00%,699,168.7%,0,80.0,$5.06,BKN 2,ATL 1,user22,43,marvalshot,15846,4650190665_22
Jalen Brunson (37787234),Gradey Dick (37787706),Kyle Anderson (37787844),Josh Hart (37787277),Day'Ron Sharpe (37787668),Josh Giddey (37787286),Kawhi Leonard (37787323),Isaiah Collier (37787395),303.5,395.4,49700,100.00%,0,103.96%,0,80.0,$3.12,NYK 2,TOR 1,user24,1,marvalshot,15870,4650190666_24
Anfernee Simons (37787360),Davion Mitchell (37787719),Josh Hart (37787277),Kawhi Leonard (37787323),Day'Ron Sharpe (37787668),Josh Giddey (37787286),Kyle Anderson (37787844),Alperen Sengun (37787254),314.4773090277778,407.56770258914247,49600,100.00%,5465,189.8%,0,80.0,$5.69,MIA 2,POR 1,user22,50,marvalshot,9448,4650190667_22
Jalen Brunson (37787234),Gradey Dick (37787706),Deni Avdija (37787375),Josh Hart (37787277),Day'Ron Sharpe (37787668),Kevin Huerter (37787632),Khris Middleton (37787470),Alperen Sengun (37787254),310.14325520833336,403.81090872039226,50000,100.00%,59,160.11%,0,80.0,$4.8,NYK 2,TOR 1,user22,50,marvalshot,2891,4650190668_22
Jalen Brunson (37787234),Jrue Holiday (37787595),Josh Hart (37787277),Pascal Siakam (37787289),Andre Drummond (37787733),Keyonte George (37787343),Matas Buzelis (37787575),Zach Collins (37787646),299.1133854166667,388.2372586568559,49300,100.00%,0,93.57%,0,80.0,$2.81,NYK 2,CHI 2,user22,48,marvalshot,15897,4650190669_22
Josh Giddey (37787286),Gradey Dick (37787706),Josh Hart (37787277),Kyle Anderson (37787844),Zach Collins (37787646),Malik Monk (37787292),Andrew Wiggins (37787364),Alperen Sengun (37787254),299.1,386.14,50000,100.00%,0,93.19%,0,80.0,$2.8,CHI 2,MIA 2,user22,36,marvalshot,15911,4650190670_22
Jalen Brunson (37787234),Gradey Dick (37787706),Ochai Agbaji (37787812),Josh Hart (37787277),Day'Ron Sharpe (37787668),Keyonte George (37787343),Jayson Tatum (37787217),Zach Collins (37787646),319.7270529513888,409.67859735551997,49700,100.00%,37762,275.41%,0,80.0,$8.26,NYK 2,TOR 2,user23,50,marvalshot,852,4650190659_23
Jalen Brunson (37787234),Gradey Dick (37787706),Deni Avdija (37787375),Ochai Agbaji (37787812),Day'Ron Sharpe (37787668),Keyonte George (37787343),RJ Barrett (37787310),Alperen Sengun (37787254),311.7755078125,409.2193159075955,49800,100.00%,371,168.27%,0,80.0,$5.05,TOR 3,NYK 1,user23,50,marvalshot,5747,4650190660_23
Immanuel Quickley (37787336),Malik Monk (37787292),Kyle Anderson (37787844),Josh Hart (37787277),Day'Ron Sharpe (37787668),Keyonte George (37787343),Zaccharie Risacher (37787637),Alperen Sengun (37787254),297.43,390.62,49900,100.00%,0,85.87%,0,80.0,$2.58,TOR 1,SAC 1,user23,46,marvalshot,15834,4650190661_23
Tyler Herro (37787251),Gradey Dick (37787706),Josh Hart (37787277),Pascal Siakam (37787289),Andre Drummond (37787733),Isaiah Collier (37787395),Kawhi Leonard (37787323),Day'Ron Sharpe (37787668),295.7,389.5,49900,100.00%,0,77.12%,0,80.0,$2.31,MIA 1,TOR 1,user23,48,marvalshot,15836,4650190662_23
Trae Young (37787228),Aaron Nesmith (37787756),RJ Barrett (37787310),Georges Niang (37787658),Day'Ron Sharpe (37787668),Josh Giddey (37787286),Matas Buzelis (37787575),Alperen Sengun (37787254),296.06,391.51,50000,100.00%,0,79.07%,0,80.0,$2.37,ATL 2,CHI 2,user23,49,marvalshot,15837,4650190663_23
Jordan Poole (37787307),Tyrese Martin (37787871),Deni Avdija (37787375),Kyle Anderson (37787844),Zach Collins (37787646),Trae Young (37787228),Kawhi Leonard (37787323),Alperen Sengun (37787254),323.6856510416667,421.67326723185766,50000,100.00%,49119,477.09%,0,80.0,$14.31,WAS 1,BKN 1,user23,48,marvalshot,15839,4650190664_23
Trae Young (37787228),Keon Johnson (37787491),Deni Avdija (37787375),Ausar Thompson (37787495),Day'Ron Sharpe (37787668),Keyonte George (37787343),Matas Buzelis (37787575),Ivica Zubac (37787301),311.76857204861113,408.60251177929524,49800,100.00%,699,168.7%,0,80.0,$5.06,BKN 2,ATL 1,user23,43,marvalshot,15846,4650190665_23
Jalen Brunson (37787234),Gradey Dick (37787706),Andrew Wiggins (37787364),Josh Hart (37787277),Day'Ron Sharpe (37787668),Josh Giddey (37787286),Matas Buzelis (37787575),Onyeka Okongwu (37787442),303.47,390.88000000000005,49900,100.00%,0,103.73%,0,80.0,$3.11,NYK 2,CHI 2,user48,1,marvalshot,15894,4650190666_48
Anfernee Simons (37787360),Davion Mitchell (37787719),Josh Hart (37787277),Kawhi Leonard (37787323),Day'Ron Sharpe (37787668),Josh Giddey (37787286),Kyle Anderson (37787844),Alperen Sengun (37787254),314.4773090277778,407.56770258914247,49600,100.00%,5465,189.8%,0,80.0,$5.69,MIA 2,POR 1,user23,50,marvalshot,9448,4650190667_23
Jalen Brunson (37787234),Gradey Dick (37787706),Deni Avdija (37787375),Josh Hart (37787277),Day'Ron Sharpe (37787668),Kevin Huerter (37787632),Khris Middleton (37787470),Alperen Sengun (37787254),310.14325520833336,403.81090872039226,50000,100.00%,59,160.11%,0,80.0,$4.8,NYK 2,TOR 1,user23,50,marvalshot,2891,4650190668_23
Jalen Brunson (37787234),Jrue Holiday (37787595),Josh Hart (37787277),Pascal Siakam (37787289),Andre Drummond (37787733),Keyonte George (37787343),Matas Buzelis (37787575),Zach Collins (37787646),299.1133854166667,388.2372586568559,49300,100.00%,0,93.57%,0,80.0,$2.81,NYK 2,CHI 2,user23,48,marvalshot,15897,4650190669_23
Josh Giddey (37787286),Gradey Dick (37787706),Josh Hart (37787277),Kyle Anderson (37787844),Zach Collins (37787646),Malik Monk (37787292),Andrew Wiggins (37787364),Alperen Sengun (37787254),299.1,386.14,50000,100.00%,0,93.19%,0,80.0,$2.8,CHI 2,MIA 2,user23,36,marvalshot,15911,4650190670_23
Jalen Brunson (37787234),Gradey Dick (37787706),Ochai Agbaji (37787812),Josh Hart (37787277),Day'Ron Sharpe (37787668),Keyonte George (37787343),Jayson Tatum (37787217),Zach Collins (37787646),319.7270529513888,409.67859735551997,49700,100.00%,37762,275.41%,0,80.0,$8.26,NYK 2,TOR 2,user24,50,marvalshot,852,4650190659_24
Jalen Brunson (37787234),Gradey Dick (37787706),Deni Avdija (37787375),Ochai Agbaji (37787812),Day'Ron Sharpe (37787668),Keyonte George (37787343),RJ Barrett (37787310),Alperen Sengun (37787254),311.7755078125,409.2193159075955,49800,100.00%,371,168.27%,0,80.0,$5.05,TOR 3,NYK 1,user24,50,marvalshot,5747,4650190660_24
Immanuel Quickley (37787336),Malik Monk (37787292),Kyle Anderson (37787844),Josh Hart (37787277),Day'Ron Sharpe (37787668),Keyonte George (37787343),Zaccharie Risacher (37787637),Alperen Sengun (37787254),297.43,390.62,49900,100.00%,0,85.87%,0,80.0,$2.58,TOR 1,SAC 1,user24,46,marvalshot,15834,4650190661_24
Tyler Herro (37787251),Gradey Dick (37787706),Josh Hart (37787277),Pascal Siakam (37787289),Andre Drummond (37787733),Isaiah Collier (37787395),Kawhi Leonard (37787323),Day'Ron Sharpe (37787668),295.7,389.5,49900,100.00%,0,77.12%,0,80.0,$2.31,MIA 1,TOR 1,user24,48,marvalshot,15836,4650190662_24
Trae Young (37787228),Aaron Nesmith (37787756),RJ Barrett (37787310),Georges Niang (37787658),Day'Ron Sharpe (37787668),Josh Giddey (37787286),Matas Buzelis (37787575),Alperen Sengun (37787254),296.06,391.51,50000,100.00%,0,79.07%,0,80.0,$2.37,ATL 2,CHI 2,user24,49,marvalshot,15837,4650190663_24
Jordan Poole (37787307),Tyrese Martin (37787871),Deni Avdija (37787375),Kyle Anderson (37787844),Zach Collins (37787646),Trae Young (37787228),Kawhi Leonard (37787323),Alperen Sengun (37787254),323.6856510416667,421.67326723185766,50000,100.00%,49119,477.09%,0,80.0,$14.31,WAS 1,BKN 1,user24,48,marvalshot,15839,4650190664_24
Trae Young (37787228),Keon Johnson (37787491),Deni Avdija (37787375),Ausar Thompson (37787495),Day'Ron Sharpe (37787668),Keyonte George (37787343),Matas Buzelis (37787575),Ivica Zubac (37787301),311.76857204861113,408.60251177929524,49800,100.00%,699,168.7%,0,80.0,$5.06,BKN 2,ATL 1,user24,43,marvalshot,15846,4650190665_24
Jalen Brunson (37787234),Gradey Dick (37787706),Kyle Anderson (37787844),Josh Hart (37787277),Zach Collins (37787646),Josh Giddey (37787286),Matas Buzelis (37787575),Alperen Sengun (37787254),303.32,392.92,49600,100.00%,0,103.22%,0,80.0,$3.1,CHI 3,NYK 2,user13,1,marvalshot,15859,4650190666_13
Anfernee Simons (37787360),Davion Mitchell (37787719),Josh Hart (37787277),Kawhi Leonard (37787323),Day'Ron Sharpe (37787668),Josh Giddey (37787286),Kyle Anderson (37787844),Alperen Sengun (37787254),314.4773090277778,407.56770258914247,49600,100.00%,5465,189.8%,0,80.0,$5.69,MIA 2,POR 1,user24,50,marvalshot,9448,4650190667_24
Jalen Brunson (37787234),Gradey Dick (37787706),Deni Avdija (37787375),Josh Hart (37787277),Day'Ron Sharpe (37787668),Kevin Huerter (37787632),Khris Middleton (37787470),Alperen Sengun (37787254),310.14325520833336,403.81090872039226,50000,100.00%,59,160.11%,0,80.0,$4.8,NYK 2,TOR 1,user24,50,marvalshot,2891,4650190668_24
Jalen Brunson (37787234),Jrue Holiday (37787595),Josh Hart (37787277),Pascal Siakam (37787289),Andre Drummond (37787733),Keyonte George (37787343),Matas Buzelis (37787575),Zach Collins (37787646),299.1133854166667,388.2372586568559,49300,100.00%,0,93.57%,0,80.0,$2.81,NYK 2,CHI 2,user24,48,marvalshot,15897,4650190669_24
Josh Giddey (37787286),Gradey Dick (37787706),Josh Hart (37787277),Kyle Anderson (37787844),Zach Collins (37787646),Malik Monk (37787292),Andrew Wiggins (37787364),Alperen Sengun (37787254),299.1,386.14,50000,100.00%,0,93.19%,0,80.0,$2.8,CHI 2,MIA 2,user24,36,marvalshot,15911,4650190670_24
Jalen Brunson (37787234),Gradey Dick (37787706),Ochai Agbaji (37787812),Josh Hart (37787277),Day'Ron Sharpe (37787668),Keyonte George (37787343),Jayson Tatum (37787217),Zach Collins (37787646),319.7270529513888,409.67859735551997,49700,100.00%,37762,275.41%,0,80.0,$8.26,NYK 2,TOR 2,user25,50,marvalshot,852,4650190659_25
Jalen Brunson (37787234),Gradey Dick (37787706),Deni Avdija (37787375),Ochai Agbaji (37787812),Day'Ron Sharpe (37787668),Keyonte George (37787343),RJ Barrett (37787310),Alperen Sengun (37787254),311.7755078125,409.2193159075955,49800,100.00%,371,168.27%,0,80.0,$5.05,TOR 3,NYK 1,user25,50,marvalshot,5747,4650190660_25
Immanuel Quickley (37787336),Malik Monk (37787292),Kyle Anderson (37787844),Josh Hart (37787277),Day'Ron Sharpe (37787668),Keyonte George (37787343),Zaccharie Risacher (37787637),Alperen Sengun (37787254),297.43,390.62,49900,100.00%,0,85.87%,0,80.0,$2.58,TOR 1,SAC 1,user25,46,marvalshot,15834,4650190661_25
Tyler Herro (37787251),Gradey Dick (37787706),Josh Hart (37787277),Pascal Siakam (37787289),Andre Drummond (37787733),Isaiah Collier (37787395),Kawhi Leonard (37787323),Day'Ron Sharpe (37787668),295.7,389.5,49900,100.00%,0,77.12%,0,80.0,$2.31,MIA 1,TOR 1,user25,48,marvalshot,15836,4650190662_25
Trae Young (37787228),Aaron Nesmith (37787756),RJ Barrett (37787310),Georges Niang (37787658),Day'Ron Sharpe (37787668),Josh Giddey (37787286),Matas Buzelis (37787575),Alperen Sengun (37787254),296.06,391.51,50000,100.00%,0,79.07%,0,80.0,$2.37,ATL 2,CHI 2,user25,49,marvalshot,15837,4650190663_25
Jordan Poole (37787307),Tyrese Martin (37787871),Deni Avdija (37787375),Kyle Anderson (37787844),Zach Collins (37787646),Trae Young (37787228),Kawhi Leonard (37787323),Alperen Sengun (37787254),323.6856510416667,421.67326723185766,50000,100.00%,49119,477.09%,0,80.0,$14.31,WAS 1,BKN 1,user25,48,marvalshot,15839,4650190664_25
Trae Young (37787228),Keon Johnson (37787491),Deni Avdija (37787375),Ausar Thompson (37787495),Day'Ron Sharpe (37787668),Keyonte George (37787343),Matas Buzelis (37787575),Ivica Zubac (37787301),311.76857204861113,408.60251177929524,49800,100.00%,699,168.7%,0,80.0,$5.06,BKN 2,ATL 1,user25,43,marvalshot,15846,4650190665_25
Jalen Brunson (37787234),Gradey Dick (37787706),Kawhi Leonard (37787323),Josh Hart (37787277),Day'Ron Sharpe (37787668),Lonzo Ball (37787607),Kyle Anderson (37787844),Domantas Sabonis (37787224),303.22,394.88000000000005,50000,100.00%,0,103.09%,0,80.0,$3.09,NYK 2,TOR 1,user22,1,marvalshot,15868,4650190666_22
Anfernee Simons (37787360),Davion Mitchell (37787719),Josh Hart (37787277),Kawhi Leonard (37787323),Day'Ron Sharpe (37787668),Josh Giddey (37787286),Kyle Anderson (37787844),Alperen Sengun (37787254),314.4773090277778,407.56770258914247,49600,100.00%,5465,189.8%,0,80.0,$5.69,MIA 2,POR 1,user25,50,marvalshot,9448,4650190667_25
Jalen Brunson (37787234),Gradey Dick (37787706),Deni Avdija (37787375),Josh Hart (37787277),Day'Ron Sharpe (37787668),Kevin Huerter (37787632),Khris Middleton (37787470),Alperen Sengun (37787254),310.14325520833336,403.81090872039226,50000,100.00%,59,160.11%,0,80.0,$4.8,NYK 2,TOR 1,user25,50,marvalshot,2891,4650190668_25
Jalen Brunson (37787234),Jrue Holiday (37787595),Josh Hart (37787277),Pascal Siakam (37787289),Andre Drummond (37787733),Keyonte George (37787343),Matas Buzelis (37787575),Zach Collins (37787646),299.1133854166667,388.2372586568559,49300,100.00%,0,93.57%,0,80.0,$2.81,NYK 2,CHI 2,user25,48,marvalshot,15897,4650190669_25
Josh Giddey (37787286),Gradey Dick (37787706),Josh Hart (37787277),Kyle Anderson (37787844),Zach Collins (37787646),Malik Monk (37787292),Andrew Wiggins (37787364),Alperen Sengun (37787254),299.1,386.14,50000,100.00%,0,93.19%,0,80.0,$2.8,CHI 2,MIA 2,user25,36,marvalshot,15911,4650190670_25
Jalen Brunson (37787234),Gradey Dick (37787706),Ochai Agbaji (37787812),Josh Hart (37787277),Day'Ron Sharpe (37787668),Keyonte George (37787343),Jayson Tatum (37787217),Zach Collins (37787646),319.7270529513888,409.67859735551997,49700,100.00%,37762,275.41%,0,80.0,$8.26,NYK 2,TOR 2,user26,50,marvalshot,852,4650190659_26
Jalen Brunson (37787234),Gradey Dick (37787706),Deni Avdija (37787375),Ochai Agbaji (37787812),Day'Ron Sharpe (37787668),Keyonte George (37787343),RJ Barrett (37787310),Alperen Sengun (37787254),311.7755078125,409.2193159075955,49800,100.00%,371,168.27%,0,80.0,$5.05,TOR 3,NYK 1,user26,50,marvalshot,5747,4650190660_26
Immanuel Quickley (37787336),Malik Monk (37787292),Kyle Anderson (37787844),Josh Hart (37787277),Day'Ron Sharpe (37787668),Keyonte George (37787343),Zaccharie Risacher (37787637),Alperen Sengun (37787254),297.43,390.62,49900,100.00%,0,85.87%,0,80.0,$2.58,TOR 1,SAC 1,user26,46,marvalshot,15834,4650190661_26
Tyler Herro (37787251),Gradey Dick (37787706),Josh Hart (37787277),Pascal Siakam (37787289),Andre Drummond (37787733),Isaiah Collier (37787395),Kawhi Leonard (37787323),Day'Ron Sharpe (37787668),295.7,389.5,49900,100.00%,0,77.12%,0,80.0,$2.31,MIA 1,TOR 1,user26,48,marvalshot,15836,4650190662_26
Trae Young (37787228),Aaron Nesmith (37787756),RJ Barrett (37787310),Georges Niang (37787658),Day'Ron Sharpe (37787668),Josh Giddey (37787286),Matas Buzelis (37787575),Alperen Sengun (37787254),296.06,391.51,50000,100.00%,0,79.07%,0,80.0,$2.37,ATL 2,CHI 2,user26,49,marvalshot,15837,4650190663_26
Jordan Poole (37787307),Tyrese Martin (37787871),Deni Avdija (37787375),Kyle Anderson (37787844),Zach Collins (37787646),Trae Young (37787228),Kawhi Leonard (37787323),Alperen Sengun (37787254),323.6856510416667,421.67326723185766,50000,100.00%,49119,477.09%,0,80.0,$14.31,WAS 1,BKN 1,user26,48,marvalshot,15839,4650190664_26
Trae Young (37787228),Keon Johnson (37787491),Deni Avdija (37787375),Ausar Thompson (37787495),Day'Ron Sharpe (37787668),Keyonte George (37787343),Matas Buzelis (37787575),Ivica Zubac (37787301),311.76857204861113,408.60251177929524,49800,100.00%,699,168.7%,0,80.0,$5.06,BKN 2,ATL 1,user26,43,marvalshot,15846,4650190665_26
Jalen Brunson (37787234),Gradey Dick (37787706),Kawhi Leonard (37787323),Josh Hart (37787277),Day'Ron Sharpe (37787668),Josh Giddey (37787286),Kyle Anderson (37787844),Dyson Daniels (37787355),303.24,392.85,50000,100.00%,0,103.08%,0,80.0,$3.09,NYK 2,TOR 1,user26,1,marvalshot,15872,4650190666_26
Anfernee Simons (37787360),Davion Mitchell (37787719),Josh Hart (37787277),Kawhi Leonard (37787323),Day'Ron Sharpe (37787668),Josh Giddey (37787286),Kyle Anderson (37787844),Alperen Sengun (37787254),314.4773090277778,407.56770258914247,49600,100.00%,5465,189.8%,0,80.0,$5.69,MIA 2,POR 1,user26,50,marvalshot,9448,4650190667_26
Jalen Brunson (37787234),Gradey Dick (37787706),Deni Avdija (37787375),Josh Hart (37787277),Day'Ron Sharpe (37787668),Kevin Huerter (37787632),Khris Middleton (37787470),Alperen Sengun (37787254),310.14325520833336,403.81090872039226,50000,100.00%,59,160.11%,0,80.0,$4.8,NYK 2,TOR 1,user26,50,marvalshot,2891,4650190668_26
Jalen Brunson (37787234),Jrue Holiday (37787595),Josh Hart (37787277),Pascal Siakam (37787289),Andre Drummond (37787733),Keyonte George (37787343),Matas Buzelis (37787575),Zach Collins (37787646),299.1133854166667,388.2372586568559,49300,100.00%,0,93.57%,0,80.0,$2.81,NYK 2,CHI 2,user26,48,marvalshot,15897,4650190669_26
Josh Giddey (37787286),Gradey Dick (37787706),Josh Hart (37787277),Kyle Anderson (37787844),Zach Collins (37787646),Malik Monk (37787292),Andrew Wiggins (37787364),Alperen Sengun (37787254),299.1,386.14,50000,100.00%,0,93.19%,0,80.0,$2.8,CHI 2,MIA 2,user26,36,marvalshot,15911,4650190670_26
Jalen Brunson (37787234),Gradey Dick (37787706),Ochai Agbaji (37787812),Josh Hart (37787277),Day'Ron Sharpe (37787668),Keyonte George (37787343),Jayson Tatum (37787217),Zach Collins (37787646),319.7270529513888,409.67859735551997,49700,100.00%,37762,275.41%,0,80.0,$8.26,NYK 2,TOR 2,user27,50,marvalshot,852,4650190659_27
Jalen Brunson (37787234),Gradey Dick (37787706),Deni Avdija (37787375),Ochai Agbaji (37787812),Day'Ron Sharpe (37787668),Keyonte George (37787343),RJ Barrett (37787310),Alperen Sengun (37787254),311.7755078125,409.2193159075955,49800,100.00%,371,168.27%,0,80.0,$5.05,TOR 3,NYK 1,user27,50,marvalshot,5747,4650190660_27
Immanuel Quickley (37787336),Malik Monk (37787292),Kyle Anderson (37787844),Josh Hart (37787277),Day'Ron Sharpe (37787668),Keyonte George (37787343),Zaccharie Risacher (37787637),Alperen Sengun (37787254),297.43,390.62,49900,100.00%,0,85.87%,0,80.0,$2.58,TOR 1,SAC 1,user27,46,marvalshot,15834,4650190661_27
Tyler Herro (37787251),Gradey Dick (37787706),Josh Hart (37787277),Pascal Siakam (37787289),Andre Drummond (37787733),Isaiah Collier (37787395),Kawhi Leonard (37787323),Day'Ron Sharpe (37787668),295.7,389.5,49900,100.00%,0,77.12%,0,80.0,$2.31,MIA 1,TOR 1,user27,48,marvalshot,15836,4650190662_27
Trae Young (37787228),Aaron Nesmith (37787756),RJ Barrett (37787310),Georges Niang (37787658),Day'Ron Sharpe (37787668),Josh Giddey (37787286),Matas Buzelis (37787575),Alperen Sengun (37787254),296.06,391.51,50000,100.00%,0,79.07%,0,80.0,$2.37,ATL 2,CHI 2,user27,49,marvalshot,15837,4650190663_27
Jordan Poole (37787307),Tyrese Martin (37787871),Deni Avdija (37787375),Kyle Anderson (37787844),Zach Collins (37787646),Trae Young (37787228),Kawhi Leonard (37787323),Alperen Sengun (37787254),323.6856510416667,421.67326723185766,50000,100.00%,49119,477.09%,0,80.0,$14.31,WAS 1,BKN 1,user27,48,marvalshot,15839,4650190664_27
Trae Young (37787228),Keon Johnson (37787491),Deni Avdija (37787375),Ausar Thompson (37787495),Day'Ron Sharpe (37787668),Keyonte George (37787343),Matas Buzelis (37787575),Ivica Zubac (37787301),311.76857204861113,408.60251177929524,49800,100.00%,699,168.7%,0,80.0,$5.06,BKN 2,ATL 1,user27,43,marvalshot,15846,4650190665_27
Jalen Brunson (37787234),Gradey Dick (37787706),Kawhi Leonard (37787323),Josh Hart (37787277),Onyeka Okongwu (37787442),Josh Giddey (37787286),Georges Niang (37787658),Day'Ron Sharpe (37787668),303.24,394.33000000000004,50000,100.00%,0,103.03%,0,80.0,$3.09,NYK 2,ATL 2,user49,1,marvalshot,15895,4650190666_49
Anfernee Simons (37787360),Davion Mitchell (37787719),Josh Hart (37787277),Kawhi Leonard (37787323),Day'Ron Sharpe (37787668),Josh Giddey (37787286),Kyle Anderson (37787844),Alperen Sengun (37787254),314.4773090277778,407.56770258914247,49600,100.00%,5465,189.8%,0,80.0,$5.69,MIA 2,POR 1,user27,50,marvalshot,9448,4650190667_27
Jalen Brunson (37787234),Gradey Dick (37787706),Deni Avdija (37787375),Josh Hart (37787277),Day'Ron Sharpe (37787668),Kevin Huerter (37787632),Khris Middleton (37787470),Alperen Sengun (37787254),310.14325520833336,403.81090872039226,50000,100.00%,59,160.11%,0,80.0,$4.8,NYK 2,TOR 1,user27,50,marvalshot,2891,4650190668_27
Jalen Brunson (37787234),Jrue Holiday (37787595),Josh Hart (37787277),Pascal Siakam (37787289),Andre Drummond (37787733),Keyonte George (37787343),Matas Buzelis (37787575),Zach Collins (37787646),299.1133854166667,388.2372586568559,49300,100.00%,0,93.57%,0,80.0,$2.81,NYK 2,CHI 2,user27,48,marvalshot,15897,4650190669_27
Josh Giddey (37787286),Gradey Dick (37787706),Josh Hart (37787277),Kyle Anderson (37787844),Zach Collins (37787646),Malik Monk (37787292),Andrew Wiggins (37787364),Alperen Sengun (37787254),299.1,386.14,50000,100.00%,0,93.19%,0,80.0,$2.8,CHI 2,MIA 2,user27,36,marvalshot,15911,4650190670_27
Jalen Brunson (37787234),Gradey Dick (37787706),Ochai Agbaji (37787812),Josh Hart (37787277),Day'Ron Sharpe (37787668),Keyonte George (37787343),Jayson Tatum (37787217),Zach Collins (37787646),319.7270529513888,409.67859735551997,49700,100.00%,37762,275.41%,0,80.0,$8.26,NYK 2,TOR 2,user28,50,marvalshot,852,4650190659_28
Jalen Brunson (37787234),Gradey Dick (37787706),Deni Avdija (37787375),Ochai Agbaji (37787812),Day'Ron Sharpe (37787668),Keyonte George (37787343),RJ Barrett (37787310),Alperen Sengun (37787254),311.7755078125,409.2193159075955,49800,100.00%,371,168.27%,0,80.0,$5.05,TOR 3,NYK 1,user28,50,marvalshot,5747,4650190660_28
Immanuel Quickley (37787336),Malik Monk (37787292),Kyle Anderson (37787844),Josh Hart (37787277),Day'Ron Sharpe (37787668),Keyonte George (37787343),Zaccharie Risacher (37787637),Alperen Sengun (37787254),297.43,390.62,49900,100.00%,0,85.87%,0,80.0,$2.58,TOR 1,SAC 1,user28,46,marvalshot,15834,4650190661_28
Tyler Herro (37787251),Gradey Dick (37787706),Josh Hart (37787277),Pascal Siakam (37787289),Andre Drummond (37787733),Isaiah Collier (37787395),Kawhi Leonard (37787323),Day'Ron Sharpe (37787668),295.7,389.5,49900,100.00%,0,77.12%,0,80.0,$2.31,MIA 1,TOR 1,user28,48,marvalshot,15836,4650190662_28
Trae Young (37787228),Aaron Nesmith (37787756),RJ Barrett (37787310),Georges Niang (37787658),Day'Ron Sharpe (37787668),Josh Giddey (37787286),Matas Buzelis (37787575),Alperen Sengun (37787254),296.06,391.51,50000,100.00%,0,79.07%,0,80.0,$2.37,ATL 2,CHI 2,user28,49,marvalshot,15837,4650190663_28
Jordan Poole (37787307),Tyrese Martin (37787871),Deni Avdija (37787375),Kyle Anderson (37787844),Zach Collins (37787646),Trae Young (37787228),Kawhi Leonard (37787323),Alperen Sengun (37787254),323.6856510416667,421.67326723185766,50000,100.00%,49119,477.09%,0,80.0,$14.31,WAS 1,BKN 1,user28,48,marvalshot,15839,4650190664_28
Trae Young (37787228),Keon Johnson (37787491),Deni Avdija (37787375),Ausar Thompson (37787495),Day'Ron Sharpe (37787668),Keyonte George (37787343),Matas Buzelis (37787575),Ivica Zubac (37787301),311.76857204861113,408.60251177929524,49800,100.00%,699,168.7%,0,80.0,$5.06,BKN 2,ATL 1,user28,43,marvalshot,15846,4650190665_28
Jalen Brunson (37787234),Gradey Dick (37787706),Kyle Anderson (37787844),Josh Hart (37787277),Day'Ron Sharpe (37787668),Keon Johnson (37787491),Kawhi Leonard (37787323),Alperen Sengun (37787254),303.25,397.02,49400,100.00%,0,102.89%,0,80.0,$3.09,NYK 2,BKN 2,user29,1,marvalshot,15875,4650190666_29
Anfernee Simons (37787360),Davion Mitchell (37787719),Josh Hart (37787277),Kawhi Leonard (37787323),Day'Ron Sharpe (37787668),Josh Giddey (37787286),Kyle Anderson (37787844),Alperen Sengun (37787254),314.4773090277778,407.56770258914247,49600,100.00%,5465,189.8%,0,80.0,$5.69,MIA 2,POR 1,user28,50,marvalshot,9448,4650190667_28
Jalen Brunson (37787234),Gradey Dick (37787706),Deni Avdija (37787375),Josh Hart (37787277),Day'Ron Sharpe (37787668),Kevin Huerter (37787632),Khris Middleton (37787470),Alperen Sengun (37787254),310.14325520833336,403.81090872039226,50000,100.00%,59,160.11%,0,80.0,$4.8,NYK 2,TOR 1,user28,50,marvalshot,2891,4650190668_28
Jalen Brunson (37787234),Jrue Holiday (37787595),Josh Hart (37787277),Pascal Siakam (37787289),Andre Drummond (37787733),Keyonte George (37787343),Matas Buzelis (37787575),Zach Collins (37787646),299.1133854166667,388.2372586568559,49300,100.00%,0,93.57%,0,80.0,$2.81,NYK 2,CHI 2,user28,48,marvalshot,15897,4650190669_28
Josh Giddey (37787286),Gradey Dick (37787706),Josh Hart (37787277),Kyle Anderson (37787844),Zach Collins (37787646),Malik Monk (37787292),Andrew Wiggins (37787364),Alperen Sengun (37787254),299.1,386.14,50000,100.00%,0,93.19%,0,80.0,$2.8,CHI 2,MIA 2,user28,36,marvalshot,15911,4650190670_28
Jalen Brunson (37787234),Gradey Dick (37787706),Ochai Agbaji (37787812),Josh Hart (37787277),Day'Ron Sharpe (37787668),Keyonte George (37787343),Jayson Tatum (37787217),Zach Collins (37787646),319.7270529513888,409.67859735551997,49700,100.00%,37762,275.41%,0,80.0,$8.26,NYK 2,TOR 2,user29,50,marvalshot,852,4650190659_29
Jalen Brunson (37787234),Gradey Dick (37787706),Deni Avdija (37787375),Ochai Agbaji (37787812),Day'Ron Sharpe (37787668),Keyonte George (37787343),RJ Barrett (37787310),Alperen Sengun (37787254),311.7755078125,409.2193159075955,49800,100.00%,371,168.27%,0,80.0,$5.05,TOR 3,NYK 1,user29,50,marvalshot,5747,4650190660_29
Immanuel Quickley (37787336),Malik Monk (37787292),Kyle Anderson (37787844),Josh Hart (37787277),Day'Ron Sharpe (37787668),Keyonte George (37787343),Zaccharie Risacher (37787637),Alperen Sengun (37787254),297.43,390.62,49900,100.00%,0,85.87%,0,80.0,$2.58,TOR 1,SAC 1,user29,46,marvalshot,15834,4650190661_29
Tyler Herro (37787251),Gradey Dick (37787706),Josh Hart (37787277),Pascal Siakam (37787289),Andre Drummond (37787733),Isaiah Collier (37787395),Kawhi Leonard (37787323),Day'Ron Sharpe (37787668),295.7,389.5,49900,100.00%,0,77.12%,0,80.0,$2.31,MIA 1,TOR 1,user29,48,marvalshot,15836,4650190662_29
Trae Young (37787228),Aaron Nesmith (37787756),RJ Barrett (37787310),Georges Niang (37787658),Day'Ron Sharpe (37787668),Josh Giddey (37787286),Matas Buzelis (37787575),Alperen Sengun (37787254),296.06,391.51,50000,100.00%,0,79.07%,0,80.0,$2.37,ATL 2,CHI 2,user29,49,marvalshot,15837,4650190663_29
Jordan Poole (37787307),Tyrese Martin (37787871),Deni Avdija (37787375),Kyle Anderson (37787844),Zach Collins (37787646),Trae Young (37787228),Kawhi Leonard (37787323),Alperen Sengun (37787254),323.6856510416667,421.67326723185766,50000,100.00%,49119,477.09%,0,80.0,$14.31,WAS 1,BKN 1,user29,48,marvalshot,15839,4650190664_29
Trae Young (37787228),Keon Johnson (37787491),Deni Avdija (37787375),Ausar Thompson (37787495),Day'Ron Sharpe (37787668),Keyonte George (37787343),Matas Buzelis (37787575),Ivica Zubac (37787301),311.76857204861113,408.60251177929524,49800,100.00%,699,168.7%,0,80.0,$5.06,BKN 2,ATL 1,user29,43,marvalshot,15846,4650190665_29
Jalen Brunson (37787234),Gradey Dick (37787706),Zaccharie Risacher (37787637),Josh Hart (37787277),Day'Ron Sharpe (37787668),Lonzo Ball (37787607),Kawhi Leonard (37787323),Alperen Sengun (37787254),303.02000000000004,395.65000000000003,49900,100.00%,0,102.47%,0,80.0,$3.07,NYK 2,TOR 1,user34,1,marvalshot,15880,4650190666_34
Anfernee Simons (37787360),Davion Mitchell (37787719),Josh Hart (37787277),Kawhi Leonard (37787323),Day'Ron Sharpe (37787668),Josh Giddey (37787286),Kyle Anderson (37787844),Alperen Sengun (37787254),314.4773090277778,407.56770258914247,49600,100.00%,5465,189.8%,0,80.0,$5.69,MIA 2,POR 1,user29,50,marvalshot,9448,4650190667_29
Jalen Brunson (37787234),Gradey Dick (37787706),Deni Avdija (37787375),Josh Hart (37787277),Day'Ron Sharpe (37787668),Kevin Huerter (37787632),Khris Middleton (37787470),Alperen Sengun (37787254),310.14325520833336,403.81090872039226,50000,100.00%,59,160.11%,0,80.0,$4.8,NYK 2,TOR 1,user29,50,marvalshot,2891,4650190668_29
Jalen Brunson (37787234),Jrue Holiday (37787595),Josh Hart (37787277),Pascal Siakam (37787289),Andre Drummond (37787733),Keyonte George (37787343),Matas Buzelis (37787575),Zach Collins (37787646),299.1133854166667,388.2372586568559,49300,100.00%,0,93.57%,0,80.0,$2.81,NYK 2,CHI 2,user29,48,marvalshot,15897,4650190669_29
Josh Giddey (37787286),Gradey Dick (37787706),Josh Hart (37787277),Kyle Anderson (37787844),Zach Collins (37787646),Malik Monk (37787292),Andrew Wiggins (37787364),Alperen Sengun (37787254),299.1,386.14,50000,100.00%,0,93.19%,0,80.0,$2.8,CHI 2,MIA 2,user29,36,marvalshot,15911,4650190670_29
Jalen Brunson (37787234),Gradey Dick (37787706),Ochai Agbaji (37787812),Josh Hart (37787277),Day'Ron Sharpe (37787668),Keyonte George (37787343),Jayson Tatum (37787217),Zach Collins (37787646),319.7270529513888,409.67859735551997,49700,100.00%,37762,275.41%,0,80.0,$8.26,NYK 2,TOR 2,user30,50,marvalshot,852,4650190659_30
Jalen Brunson (37787234),Gradey Dick (37787706),Deni Avdija (37787375),Ochai Agbaji (37787812),Day'Ron Sharpe (37787668),Keyonte George (37787343),RJ Barrett (37787310),Alperen Sengun (37787254),311.7755078125,409.2193159075955,49800,100.00%,371,168.27%,0,80.0,$5.05,TOR 3,NYK 1,user30,50,marvalshot,5747,4650190660_30
Immanuel Quickley (37787336),Malik Monk (37787292),Kyle Anderson (37787844),Josh Hart (37787277),Day'Ron Sharpe (37787668),Keyonte George (37787343),Zaccharie Risacher (37787637),Alperen Sengun (37787254),297.43,390.62,49900,100.00%,0,85.87%,0,80.0,$2.58,TOR 1,SAC 1,user30,46,marvalshot,15834,4650190661_30
Tyler Herro (37787251),Gradey Dick (37787706),Josh Hart (37787277),Pascal Siakam (37787289),Andre Drummond (37787733),Isaiah Collier (37787395),Kawhi Leonard (37787323),Day'Ron Sharpe (37787668),295.7,389.5,49900,100.00%,0,77.12%,0,80.0,$2.31,MIA 1,TOR 1,user30,48,marvalshot,15836,4650190662_30
Trae Young (37787228),Aaron Nesmith (37787756),RJ Barrett (37787310),Georges Niang (37787658),Day'Ron Sharpe (37787668),Josh Giddey (37787286),Matas Buzelis (37787575),Alperen Sengun (37787254),296.06,391.51,50000,100.00%,0,79.07%,0,80.0,$2.37,ATL 2,CHI 2,user30,49,marvalshot,15837,4650190663_30
Jordan Poole (37787307),Tyrese Martin (37787871),Deni Avdija (37787375),Kyle Anderson (37787844),Zach Collins (37787646),Trae Young (37787228),Kawhi Leonard (37787323),Alperen Sengun (37787254),323.6856510416667,421.67326723185766,50000,100.00%,49119,477.09%,0,80.0,$14.31,WAS 1,BKN 1,user30,48,marvalshot,15839,4650190664_30
Trae Young (37787228),Keon Johnson (37787491),Deni Avdija (37787375),Ausar Thompson (37787495),Day'Ron Sharpe (37787668),Keyonte George (37787343),Matas Buzelis (37787575),Ivica Zubac (37787301),311.76857204861113,408.60251177929524,49800,100.00%,699,168.7%,0,80.0,$5.06,BKN 2,ATL 1,user30,43,marvalshot,15846,4650190665_30
Jalen Brunson (37787234),Gradey Dick (37787706),Kevin Huerter (37787632),Josh Hart (37787277),Alperen Sengun (37787254),Keyonte George (37787343),Matas Buzelis (37787575),Day'Ron Sharpe (37787668),303.08000000000004,395.01000000000005,49700,100.00%,0,102.43%,0,80.0,$3.07,NYK 2,CHI 2,user10,1,marvalshot,15856,4650190666_10
Anfernee Simons (37787360),Davion Mitchell (37787719),Josh Hart (37787277),Kawhi Leonard (37787323),Day'Ron Sharpe (37787668),Josh Giddey (37787286),Kyle Anderson (37787844),Alperen Sengun (37787254),314.4773090277778,407.56770258914247,49600,100.00%,5465,189.8%,0,80.0,$5.69,MIA 2,POR 1,user30,50,marvalshot,9448,4650190667_30
Jalen Brunson (37787234),Gradey Dick (37787706),Deni Avdija (37787375),Josh Hart (37787277),Day'Ron Sharpe (37787668),Kevin Huerter (37787632),Khris Middleton (37787470),Alperen Sengun (37787254),310.14325520833336,403.81090872039226,50000,100.00%,59,160.11%,0,80.0,$4.8,NYK 2,TOR 1,user30,50,marvalshot,2891,4650190668_30
Jalen Brunson (37787234),Jrue Holiday (37787595),Josh Hart (37787277),Pascal Siakam (37787289),Andre Drummond (37787733),Keyonte George (37787343),Matas Buzelis (37787575),Zach Collins (37787646),299.1133854166667,388.2372586568559,49300,100.00%,0,93.57%,0,80.0,$2.81,NYK 2,CHI 2,user30,48,marvalshot,15897,4650190669_30
Josh Giddey (37787286),Gradey Dick (37787706),Josh Hart (37787277),Kyle Anderson (37787844),Zach Collins (37787646),Malik Monk (37787292),Andrew Wiggins (37787364),Alperen Sengun (37787254),299.1,386.14,50000,100.00%,0,93.19%,0,80.0,$2.8,CHI 2,MIA 2,user30,36,marvalshot,15911,4650190670_30
Jalen Brunson (37787234),Gradey Dick (37787706),Ochai Agbaji (37787812),Josh Hart (37787277),Day'Ron Sharpe (37787668),Keyonte George (37787343),Jayson Tatum (37787217),Zach Collins (37787646),319.7270529513888,409.67859735551997,49700,100.00%,37762,275.41%,0,80.0,$8.26,NYK 2,TOR 2,user31,50,marvalshot,852,4650190659_31
Jalen Brunson (37787234),Gradey Dick (37787706),Deni Avdija (37787375),Ochai Agbaji (37787812),Day'Ron Sharpe (37787668),Keyonte George (37787343),RJ Barrett (37787310),Alperen Sengun (37787254),311.7755078125,409.2193159075955,49800,100.00%,371,168.27%,0,80.0,$5.05,TOR 3,NYK 1,user31,50,marvalshot,5747,4650190660_31
Immanuel Quickley (37787336),Malik Monk (37787292),Kyle Anderson (37787844),Josh Hart (37787277),Day'Ron Sharpe (37787668),Keyonte George (37787343),Zaccharie Risacher (37787637),Alperen Sengun (37787254),297.43,390.62,49900,100.00%,0,85.87%,0,80.0,$2.58,TOR 1,SAC 1,user31,46,marvalshot,15834,4650190661_31
Tyler Herro (37787251),Gradey Dick (37787706),Josh Hart (37787277),Pascal Siakam (37787289),Andre Drummond (37787733),Isaiah Collier (37787395),Kawhi Leonard (37787323),Day'Ron Sharpe (37787668),295.7,389.5,49900,100.00%,0,77.12%,0,80.0,$2.31,MIA 1,TOR 1,user31,48,marvalshot,15836,4650190662_31
Trae Young (37787228),Aaron Nesmith (37787756),RJ Barrett (37787310),Georges Niang (37787658),Day'Ron Sharpe (37787668),Josh Giddey (37787286),Matas Buzelis (37787575),Alperen Sengun (37787254),296.06,391.51,50000,100.00%,0,79.07%,0,80.0,$2.37,ATL 2,CHI 2,user31,49,marvalshot,15837,4650190663_31
Jordan Poole (37787307),Tyrese Martin (37787871),Deni Avdija (37787375),Kyle Anderson (37787844),Zach Collins (37787646),Trae Young (37787228),Kawhi Leonard (37787323),Alperen Sengun (37787254),323.6856510416667,421.67326723185766,50000,100.00%,49119,477.09%,0,80.0,$14.31,WAS 1,BKN 1,user31,48,marvalshot,15839,4650190664_31
Trae Young (37787228),Keon Johnson (37787491),Deni Avdija (37787375),Ausar Thompson (37787495),Day'Ron Sharpe (37787668),Keyonte George (37787343),Matas Buzelis (37787575),Ivica Zubac (37787301),311.76857204861113,408.60251177929524,49800,100.00%,699,168.7%,0,80.0,$5.06,BKN 2,ATL 1,user31,43,marvalshot,15846,4650190665_31
Jalen Brunson (37787234),Gradey Dick (37787706),Kawhi Leonard (37787323),Josh Hart (37787277),Day'Ron Sharpe (37787668),Trae Young (37787228),Kyle Anderson (37787844),Ziaire Williams (37787540),303.01000000000005,392.93000000000006,50000,100.00%,0,102.27%,0,80.0,$3.07,NYK 2,BKN 2,user1,1,marvalshot,15847,4650190666_1
Anfernee Simons (37787360),Davion Mitchell (37787719),Josh Hart (37787277),Kawhi Leonard (37787323),Day'Ron Sharpe (37787668),Josh Giddey (37787286),Kyle Anderson (37787844),Alperen Sengun (37787254),314.4773090277778,407.56770258914247,49600,100.00%,5465,189.8%,0,80.0,$5.69,MIA 2,POR 1,user31,50,marvalshot,9448,4650190667_31
Jalen Brunson (37787234),Gradey Dick (37787706),Deni Avdija (37787375),Josh Hart (37787277),Day'Ron Sharpe (37787668),Kevin Huerter (37787632),Khris Middleton (37787470),Alperen Sengun (37787254),310.14325520833336,403.81090872039226,50000,100.00%,59,160.11%,0,80.0,$4.8,NYK 2,TOR 1,user31,50,marvalshot,2891,4650190668_31
Jalen Brunson (37787234),Jrue Holiday (37787595),Josh Hart (37787277),Pascal Siakam (37787289),Andre Drummond (37787733),Keyonte George (37787343),Matas Buzelis (37787575),Zach Collins (37787646),299.1133854166667,388.2372586568559,49300,100.00%,0,93.57%,0,80.0,$2.81,NYK 2,CHI 2,user31,48,marvalshot,15897,4650190669_31
Josh Giddey (37787286),Gradey Dick (37787706),Josh Hart (37787277),Kyle Anderson (37787844),Zach Collins (37787646),Malik Monk (37787292),Andrew Wiggins (37787364),Alperen Sengun (37787254),299.1,386.14,50000,100.00%,0,93.19%,0,80.0,$2.8,CHI 2,MIA 2,user31,36,marvalshot,15911,4650190670_31
Jalen Brunson (37787234),Gradey Dick (37787706),Ochai Agbaji (37787812),Josh Hart (37787277),Day'Ron Sharpe (37787668),Keyonte George (37787343),Jayson Tatum (37787217),Zach Collins (37787646),319.7270529513888,409.67859735551997,49700,100.00%,37762,275.41%,0,80.0,$8.26,NYK 2,TOR 2,user32,50,marvalshot,852,4650190659_32
Jalen Brunson (37787234),Gradey Dick (37787706),Deni Avdija (37787375),Ochai Agbaji (37787812),Day'Ron Sharpe (37787668),Keyonte George (37787343),RJ Barrett (37787310),Alperen Sengun (37787254),311.7755078125,409.2193159075955,49800,100.00%,371,168.27%,0,80.0,$5.05,TOR 3,NYK 1,user32,50,marvalshot,5747,4650190660_32
Immanuel Quickley (37787336),Malik Monk (37787292),Kyle Anderson (37787844),Josh Hart (37787277),Day'Ron Sharpe (37787668),Keyonte George (37787343),Zaccharie Risacher (37787637),Alperen Sengun (37787254),297.43,390.62,49900,100.00%,0,85.87%,0,80.0,$2.58,TOR 1,SAC 1,user32,46,marvalshot,15834,4650190661_32
Tyler Herro (37787251),Gradey Dick (37787706),Josh Hart (37787277),Pascal Siakam (37787289),Andre Drummond (37787733),Isaiah Collier (37787395),Kawhi Leonard (37787323),Day'Ron Sharpe (37787668),295.7,389.5,49900,100.00%,0,77.12%,0,80.0,$2.31,MIA 1,TOR 1,user32,48,marvalshot,15836,4650190662_32
Trae Young (37787228),Aaron Nesmith (37787756),RJ Barrett (37787310),Georges Niang (37787658),Day'Ron Sharpe (37787668),Josh Giddey (37787286),Matas Buzelis (37787575),Alperen Sengun (37787254),296.06,391.51,50000,100.00%,0,79.07%,0,80.0,$2.37,ATL 2,CHI 2,user32,49,marvalshot,15837,4650190663_32
Jordan Poole (37787307),Tyrese Martin (37787871),Deni Avdija (37787375),Kyle Anderson (37787844),Zach Collins (37787646),Trae Young (37787228),Kawhi Leonard (37787323),Alperen Sengun (37787254),323.6856510416667,421.67326723185766,50000,100.00%,49119,477.09%,0,80.0,$14.31,WAS 1,BKN 1,user32,48,marvalshot,15839,4650190664_32
Trae Young (37787228),Keon Johnson (37787491),Deni Avdija (37787375),Ausar Thompson (37787495),Day'Ron Sharpe (37787668),Keyonte George (37787343),Matas Buzelis (37787575),Ivica Zubac (37787301),311.76857204861113,408.60251177929524,49800,100.00%,699,168.7%,0,80.0,$5.06,BKN 2,ATL 1,user32,43,marvalshot,15846,4650190665_32
Jalen Brunson (37787234),Gradey Dick (37787706),Kyle Anderson (37787844),Josh Hart (37787277),Day'Ron Sharpe (37787668),Lonzo Ball (37787607),Kawhi Leonard (37787323),Trae Young (37787228),302.93,394.25,49700,100.00%,0,102.23%,0,80.0,$3.07,NYK 2,TOR 1,user46,1,marvalshot,15892,4650190666_46
Anfernee Simons (37787360),Davion Mitchell (37787719),Josh Hart (37787277),Kawhi Leonard (37787323),Day'Ron Sharpe (37787668),Josh Giddey (37787286),Kyle Anderson (37787844),Alperen Sengun (37787254),314.4773090277778,407.56770258914247,49600,100.00%,5465,189.8%,0,80.0,$5.69,MIA 2,POR 1,user32,50,marvalshot,9448,4650190667_32
Jalen Brunson (37787234),Gradey Dick (37787706),Deni Avdija (37787375),Josh Hart (37787277),Day'Ron Sharpe (37787668),Kevin Huerter (37787632),Khris Middleton (37787470),Alperen Sengun (37787254),310.14325520833336,403.81090872039226,50000,100.00%,59,160.11%,0,80.0,$4.8,NYK 2,TOR 1,user32,50,marvalshot,2891,4650190668_32
Jalen Brunson (37787234),Jrue Holiday (37787595),Josh Hart (37787277),Pascal Siakam (37787289),Andre Drummond (37787733),Keyonte George (37787343),Matas Buzelis (37787575),Zach Collins (37787646),299.1133854166667,388.2372586568559,49300,100.00%,0,93.57%,0,80.0,$2.81,NYK 2,CHI 2,user32,48,marvalshot,15897,4650190669_32
Josh Giddey (37787286),Gradey Dick (37787706),Josh Hart (37787277),Kyle Anderson (37787844),Zach Collins (37787646),Malik Monk (37787292),Andrew Wiggins (37787364),Alperen Sengun (37787254),299.1,386.14,50000,100.00%,0,93.19%,0,80.0,$2.8,CHI 2,MIA 2,user32,36,marvalshot,15911,4650190670_32
Jalen Brunson (37787234),Gradey Dick (37787706),Ochai Agbaji (37787812),Josh Hart (37787277),Day'Ron Sharpe (37787668),Keyonte George (37787343),Jayson Tatum (37787217),Zach Collins (37787646),319.7270529513888,409.67859735551997,49700,100.00%,37762,275.41%,0,80.0,$8.26,NYK 2,TOR 2,user33,50,marvalshot,852,4650190659_33
Jalen Brunson (37787234),Gradey Dick (37787706),Deni Avdija (37787375),Ochai Agbaji (37787812),Day'Ron Sharpe (37787668),Keyonte George (37787343),RJ Barrett (37787310),Alperen Sengun (37787254),311.7755078125,409.2193159075955,49800,100.00%,371,168.27%,0,80.0,$5.05,TOR 3,NYK 1,user33,50,marvalshot,5747,4650190660_33
Immanuel Quickley (37787336),Malik Monk (37787292),Kyle Anderson (37787844),Josh Hart (37787277),Day'Ron Sharpe (37787668),Keyonte George (37787343),Zaccharie Risacher (37787637),Alperen Sengun (37787254),297.43,390.62,49900,100.00%,0,85.87%,0,80.0,$2.58,TOR 1,SAC 1,user33,46,marvalshot,15834,4650190661_33
Tyler Herro (37787251),Gradey Dick (37787706),Josh Hart (37787277),Pascal Siakam (37787289),Andre Drummond (37787733),Isaiah Collier (37787395),Kawhi Leonard (37787323),Day'Ron Sharpe (37787668),295.7,389.5,49900,100.00%,0,77.12%,0,80.0,$2.31,MIA 1,TOR 1,user33,48,marvalshot,15836,4650190662_33
Trae Young (37787228),Aaron Nesmith (37787756),RJ Barrett (37787310),Georges Niang (37787658),Day'Ron Sharpe (37787668),Josh Giddey (37787286),Matas Buzelis (37787575),Alperen Sengun (37787254),296.06,391.51,50000,100.00%,0,79.07%,0,80.0,$2.37,ATL 2,CHI 2,user33,49,marvalshot,15837,4650190663_33
Jordan Poole (37787307),Tyrese Martin (37787871),Deni Avdija (37787375),Kyle Anderson (37787844),Zach Collins (37787646),Trae Young (37787228),Kawhi Leonard (37787323),Alperen Sengun (37787254),323.6856510416667,421.67326723185766,50000,100.00%,49119,477.09%,0,80.0,$14.31,WAS 1,BKN 1,user33,48,marvalshot,15839,4650190664_33
Trae Young (37787228),Keon Johnson (37787491),Deni Avdija (37787375),Ausar Thompson (37787495),Day'Ron Sharpe (37787668),Keyonte George (37787343),Matas Buzelis (37787575),Ivica Zubac (37787301),311.76857204861113,408.60251177929524,49800,100.00%,699,168.7%,0,80.0,$5.06,BKN 2,ATL 1,user33,43,marvalshot,15846,4650190665_33
Jalen Brunson (37787234),Gradey Dick (37787706),Kawhi Leonard (37787323),Josh Hart (37787277),Onyeka Okongwu (37787442),Tyler Herro (37787251),Kyle Anderson (37787844),Day'Ron Sharpe (37787668),302.93,395.18,50000,100.00%,0,102.16%,0,80.0,$3.06,NYK 2,MIA 2,user23,1,marvalshot,15869,4650190666_23
Anfernee Simons (37787360),Davion Mitchell (37787719),Josh Hart (37787277),Kawhi Leonard (37787323),Day'Ron Sharpe (37787668),Josh Giddey (37787286),Kyle Anderson (37787844),Alperen Sengun (37787254),314.4773090277778,407.56770258914247,49600,100.00%,5465,189.8%,0,80.0,$5.69,MIA 2,POR 1,user33,50,marvalshot,9448,4650190667_33
Jalen Brunson (37787234),Gradey Dick (37787706),Deni Avdija (37787375),Josh Hart (37787277),Day'Ron Sharpe (37787668),Kevin Huerter (37787632),Khris Middleton (37787470),Alperen Sengun (37787254),310.14325520833336,403.81090872039226,50000,100.00%,59,160.11%,0,80.0,$4.8,NYK 2,TOR 1,user33,50,marvalshot,2891,4650190668_33
Jalen Brunson (37787234),Jrue Holiday (37787595),Josh Hart (37787277),Pascal Siakam (37787289),Andre Drummond (37787733),Keyonte George (37787343),Matas Buzelis (37787575),Zach Collins (37787646),299.1133854166667,388.2372586568559,49300,100.00%,0,93.57%,0,80.0,$2.81,NYK 2,CHI 2,user33,48,marvalshot,15897,4650190669_33
Josh Giddey (37787286),Gradey Dick (37787706),Josh Hart (37787277),Kyle Anderson (37787844),Zach Collins (37787646),Malik Monk (37787292),Andrew Wiggins (37787364),Alperen Sengun (37787254),299.1,386.14,50000,100.00%,0,93.19%,0,80.0,$2.8,CHI 2,MIA 2,user33,36,marvalshot,15911,4650190670_33
Jalen Brunson (37787234),Gradey Dick (37787706),Ochai Agbaji (37787812),Josh Hart (37787277),Day'Ron Sharpe (37787668),Keyonte George (37787343),Jayson Tatum (37787217),Zach Collins (37787646),319.7270529513888,409.67859735551997,49700,100.00%,37762,275.41%,0,80.0,$8.26,NYK 2,TOR 2,user34,50,marvalshot,852,4650190659_34
Jalen Brunson (37787234),Gradey Dick (37787706),Deni Avdija (37787375),Ochai Agbaji (37787812),Day'Ron Sharpe (37787668),Keyonte George (37787343),RJ Barrett (37787310),Alperen Sengun (37787254),311.7755078125,409.2193159075955,49800,100.00%,371,168.27%,0,80.0,$5.05,TOR 3,NYK 1,user34,50,marvalshot,5747,4650190660_34
Immanuel Quickley (37787336),Malik Monk (37787292),Kyle Anderson (37787844),Josh Hart (37787277),Day'Ron Sharpe (37787668),Keyonte George (37787343),Zaccharie Risacher (37787637),Alperen Sengun (37787254),297.43,390.62,49900,100.00%,0,85.87%,0,80.0,$2.58,TOR 1,SAC 1,user34,46,marvalshot,15834,4650190661_34
Tyler Herro (37787251),Gradey Dick (37787706),Josh Hart (37787277),Pascal Siakam (37787289),Andre Drummond (37787733),Isaiah Collier (37787395),Kawhi Leonard (37787323),Day'Ron Sharpe (37787668),295.7,389.5,49900,100.00%,0,77.12%,0,80.0,$2.31,MIA 1,TOR 1,user34,48,marvalshot,15836,4650190662_34
Trae Young (37787228),Aaron Nesmith (37787756),RJ Barrett (37787310),Georges Niang (37787658),Day'Ron Sharpe (37787668),Josh Giddey (37787286),Matas Buzelis (37787575),Alperen Sengun (37787254),296.06,391.51,50000,100.00%,0,79.07%,0,80.0,$2.37,ATL 2,CHI 2,user34,49,marvalshot,15837,4650190663_34
Jordan Poole (37787307),Tyrese Martin (37787871),Deni Avdija (37787375),Kyle Anderson (37787844),Zach Collins (37787646),Trae Young (37787228),Kawhi Leonard (37787323),Alperen Sengun (37787254),323.6856510416667,421.67326723185766,50000,100.00%,49119,477.09%,0,80.0,$14.31,WAS 1,BKN 1,user34,48,marvalshot,15839,4650190664_34
Trae Young (37787228),Keon Johnson (37787491),Deni Avdija (37787375),Ausar Thompson (37787495),Day'Ron Sharpe (37787668),Keyonte George (37787343),Matas Buzelis (37787575),Ivica Zubac (37787301),311.76857204861113,408.60251177929524,49800,100.00%,699,168.7%,0,80.0,$5.06,BKN 2,ATL 1,user34,43,marvalshot,15846,4650190665_34
Jalen Brunson (37787234),Gradey Dick (37787706),Kyle Anderson (37787844),Josh Hart (37787277),Day'Ron Sharpe (37787668),Keyonte George (37787343),Matas Buzelis (37787575),James Harden (37787221),302.91999999999996,393.77,49900,100.00%,0,102.13%,0,80.0,$3.06,NYK 2,TOR 1,user8,1,marvalshot,15854,4650190666_8
Anfernee Simons (37787360),Davion Mitchell (37787719),Josh Hart (37787277),Kawhi Leonard (37787323),Day'Ron Sharpe (37787668),Josh Giddey (37787286),Kyle Anderson (37787844),Alperen Sengun (37787254),314.4773090277778,407.56770258914247,49600,100.00%,5465,189.8%,0,80.0,$5.69,MIA 2,POR 1,user34,50,marvalshot,9448,4650190667_34
Jalen Brunson (37787234),Gradey Dick (37787706),Deni Avdija (37787375),Josh Hart (37787277),Day'Ron Sharpe (37787668),Kevin Huerter (37787632),Khris Middleton (37787470),Alperen Sengun (37787254),310.14325520833336,403.81090872039226,50000,100.00%,59,160.11%,0,80.0,$4.8,NYK 2,TOR 1,user34,50,marvalshot,2891,4650190668_34
Jalen Brunson (37787234),Jrue Holiday (37787595),Josh Hart (37787277),Pascal Siakam (37787289),Andre Drummond (37787733),Keyonte George (37787343),Matas Buzelis (37787575),Zach Collins (37787646),299.1133854166667,388.2372586568559,49300,100.00%,0,93.57%,0,80.0,$2.81,NYK 2,CHI 2,user34,48,marvalshot,15897,4650190669_34
Josh Giddey (37787286),Gradey Dick (37787706),Josh Hart (37787277),Kyle Anderson (37787844),Zach Collins (37787646),Malik Monk (37787292),Andrew Wiggins (37787364),Alperen Sengun (37787254),299.1,386.14,50000,100.00%,0,93.19%,0,80.0,$2.8,CHI 2,MIA 2,user34,36,marvalshot,15911,4650190670_34
Jalen Brunson (37787234),Gradey Dick (37787706),Ochai Agbaji (37787812),Josh Hart (37787277),Day'Ron Sharpe (37787668),Keyonte George (37787343),Jayson Tatum (37787217),Zach Collins (37787646),319.7270529513888,409.67859735551997,49700,100.00%,37762,275.41%,0,80.0,$8.26,NYK 2,TOR 2,user35,50,marvalshot,852,4650190659_35
Jalen Brunson (37787234),Gradey Dick (37787706),Deni Avdija (37787375),Ochai Agbaji (37787812),Day'Ron Sharpe (37787668),Keyonte George (37787343),RJ Barrett (37787310),Alperen Sengun (37787254),311.7755078125,409.2193159075955,49800,100.00%,371,168.27%,0,80.0,$5.05,TOR 3,NYK 1,user35,50,marvalshot,5747,4650190660_35
Immanuel Quickley (37787336),Malik Monk (37787292),Kyle Anderson (37787844),Josh Hart (37787277),Day'Ron Sharpe (37787668),Keyonte George (37787343),Zaccharie Risacher (37787637),Alperen Sengun (37787254),297.43,390.62,49900,100.00%,0,85.87%,0,80.0,$2.58,TOR 1,SAC 1,user35,46,marvalshot,15834,4650190661_35
Tyler Herro (37787251),Gradey Dick (37787706),Josh Hart (37787277),Pascal Siakam (37787289),Andre Drummond (37787733),Isaiah Collier (37787395),Kawhi Leonard (37787323),Day'Ron Sharpe (37787668),295.7,389.5,49900,100.00%,0,77.12%,0,80.0,$2.31,MIA 1,TOR 1,user35,48,marvalshot,15836,4650190662_35
Trae Young (37787228),Aaron Nesmith (37787756),RJ Barrett (37787310),Georges Niang (37787658),Day'Ron Sharpe (37787668),Josh Giddey (37787286),Matas Buzelis (37787575),Alperen Sengun (37787254),296.06,391.51,50000,100.00%,0,79.07%,0,80.0,$2.37,ATL 2,CHI 2,user35,49,marvalshot,15837,4650190663_35
Jordan Poole (37787307),Tyrese Martin (37787871),Deni Avdija (37787375),Kyle Anderson (37787844),Zach Collins (37787646),Trae Young (37787228),Kawhi Leonard (37787323),Alperen Sengun (37787254),323.6856510416667,421.67326723185766,50000,100.00%,49119,477.09%,0,80.0,$14.31,WAS 1,BKN 1,user35,48,marvalshot,15839,4650190664_35
Trae Young (37787228),Keon Johnson (37787491),Deni Avdija (37787375),Ausar Thompson (37787495),Day'Ron Sharpe (37787668),Keyonte George (37787343),Matas Buzelis (37787575),Ivica Zubac (37787301),311.76857204861113,408.60251177929524,49800,100.00%,699,168.7%,0,80.0,$5.06,BKN 2,ATL 1,user35,43,marvalshot,15846,4650190665_35
Jalen Brunson (37787234),Gradey Dick (37787706),Kawhi Leonard (37787323),Josh Hart (37787277),Day'Ron Sharpe (37787668),Josh Giddey (37787286),KJ Martin (37787713),Onyeka Okongwu (37787442),302.76000000000005,395.2900000000001,49700,100.00%,0,101.81%,0,80.0,$3.05,NYK 2,TOR 1,user27,1,marvalshot,15873,4650190666_27
Anfernee Simons (37787360),Davion Mitchell (37787719),Josh Hart (37787277),Kawhi Leonard (37787323),Day'Ron Sharpe (37787668),Josh Giddey (37787286),Kyle Anderson (37787844),Alperen Sengun (37787254),314.4773090277778,407.56770258914247,49600,100.00%,5465,189.8%,0,80.0,$5.69,MIA 2,POR 1,user35,50,marvalshot,9448,4650190667_35
Jalen Brunson (37787234),Gradey Dick (37787706),Deni Avdija (37787375),Josh Hart (37787277),Day'Ron Sharpe (37787668),Kevin Huerter (37787632),Khris Middleton (37787470),Alperen Sengun (37787254),310.14325520833336,403.81090872039226,50000,100.00%,59,160.11%,0,80.0,$4.8,NYK 2,TOR 1,user35,50,marvalshot,2891,4650190668_35
Jalen Brunson (37787234),Jrue Holiday (37787595),Josh Hart (37787277),Pascal Siakam (37787289),Andre Drummond (37787733),Keyonte George (37787343),Matas Buzelis (37787575),Zach Collins (37787646),299.1133854166667,388.2372586568559,49300,100.00%,0,93.57%,0,80.0,$2.81,NYK 2,CHI 2,user35,48,marvalshot,15897,4650190669_35
Josh Giddey (37787286),Gradey Dick (37787706),Josh Hart (37787277),Kyle Anderson (37787844),Zach Collins (37787646),Malik Monk (37787292),Andrew Wiggins (37787364),Alperen Sengun (37787254),299.1,386.14,50000,100.00%,0,93.19%,0,80.0,$2.8,CHI 2,MIA 2,user35,36,marvalshot,15911,4650190670_35
Jalen Brunson (37787234),Gradey Dick (37787706),Ochai Agbaji (37787812),Josh Hart (37787277),Day'Ron Sharpe (37787668),Keyonte George (37787343),Jayson Tatum (37787217),Zach Collins (37787646),319.7270529513888,409.67859735551997,49700,100.00%,37762,275.41%,0,80.0,$8.26,NYK 2,TOR 2,user36,50,marvalshot,852,4650190659_36
Jalen Brunson (37787234),Gradey Dick (37787706),Deni Avdija (37787375),Ochai Agbaji (37787812),Day'Ron Sharpe (37787668),Keyonte George (37787343),RJ Barrett (37787310),Alperen Sengun (37787254),311.7755078125,409.2193159075955,49800,100.00%,371,168.27%,0,80.0,$5.05,TOR 3,NYK 1,user36,50,marvalshot,5747,4650190660_36
Immanuel Quickley (37787336),Malik Monk (37787292),Kyle Anderson (37787844),Josh Hart (37787277),Day'Ron Sharpe (37787668),Keyonte George (37787343),Zaccharie Risacher (37787637),Alperen Sengun (37787254),297.43,390.62,49900,100.00%,0,85.87%,0,80.0,$2.58,TOR 1,SAC 1,user36,46,marvalshot,15834,4650190661_36
Tyler Herro (37787251),Gradey Dick (37787706),Josh Hart (37787277),Pascal Siakam (37787289),Andre Drummond (37787733),Isaiah Collier (37787395),Kawhi Leonard (37787323),Day'Ron Sharpe (37787668),295.7,389.5,49900,100.00%,0,77.12%,0,80.0,$2.31,MIA 1,TOR 1,user36,48,marvalshot,15836,4650190662_36
Trae Young (37787228),Aaron Nesmith (37787756),RJ Barrett (37787310),Georges Niang (37787658),Day'Ron Sharpe (37787668),Josh Giddey (37787286),Matas Buzelis (37787575),Alperen Sengun (37787254),296.06,391.51,50000,100.00%,0,79.07%,0,80.0,$2.37,ATL 2,CHI 2,user36,49,marvalshot,15837,4650190663_36
Jordan Poole (37787307),Tyrese Martin (37787871),Deni Avdija (37787375),Kyle Anderson (37787844),Zach Collins (37787646),Trae Young (37787228),Kawhi Leonard (37787323),Alperen Sengun (37787254),323.6856510416667,421.67326723185766,50000,100.00%,49119,477.09%,0,80.0,$14.31,WAS 1,BKN 1,user36,48,marvalshot,15839,4650190664_36
Trae Young (37787228),Keon Johnson (37787491),Deni Avdija (37787375),Ausar Thompson (37787495),Day'Ron Sharpe (37787668),Keyonte George (37787343),Matas Buzelis (37787575),Ivica Zubac (37787301),311.76857204861113,408.60251177929524,49800,100.00%,699,168.7%,0,80.0,$5.06,BKN 2,ATL 1,user36,43,marvalshot,15846,4650190665_36
Jalen Brunson (37787234),Gradey Dick (37787706),Andrew Wiggins (37787364),Josh Hart (37787277),Day'Ron Sharpe (37787668),Malik Monk (37787292),Kawhi Leonard (37787323),Kyle Anderson (37787844),302.76000000000005,390.02000000000004,49700,100.00%,0,101.76%,0,80.0,$3.05,NYK 2,MIA 2,user20,1,marvalshot,15866,4650190666_20
Anfernee Simons (37787360),Davion Mitchell (37787719),Josh Hart (37787277),Kawhi Leonard (37787323),Day'Ron Sharpe (37787668),Josh Giddey (37787286),Kyle Anderson (37787844),Alperen Sengun (37787254),314.4773090277778,407.56770258914247,49600,100.00%,5465,189.8%,0,80.0,$5.69,MIA 2,POR 1,user36,50,marvalshot,9448,4650190667_36
Jalen Brunson (37787234),Gradey Dick (37787706),Deni Avdija (37787375),Josh Hart (37787277),Day'Ron Sharpe (37787668),Kevin Huerter (37787632),Khris Middleton (37787470),Alperen Sengun (37787254),310.14325520833336,403.81090872039226,50000,100.00%,59,160.11%,0,80.0,$4.8,NYK 2,TOR 1,user36,50,marvalshot,2891,4650190668_36
Jalen Brunson (37787234),Jrue Holiday (37787595),Josh Hart (37787277),Pascal Siakam (37787289),Andre Drummond (37787733),Keyonte George (37787343),Matas Buzelis (37787575),Zach Collins (37787646),299.1133854166667,388.2372586568559,49300,100.00%,0,93.57%,0,80.0,$2.81,NYK 2,CHI 2,user36,48,marvalshot,15897,4650190669_36
Josh Giddey (37787286),Gradey Dick (37787706),Josh Hart (37787277),Kyle Anderson (37787844),Zach Collins (37787646),Malik Monk (37787292),Andrew Wiggins (37787364),Alperen Sengun (37787254),299.1,386.14,50000,100.00%,0,93.19%,0,80.0,$2.8,CHI 2,MIA 2,user36,36,marvalshot,15911,4650190670_36
Jalen Brunson (37787234),Gradey Dick (37787706),Ochai Agbaji (37787812),Josh Hart (37787277),Day'Ron Sharpe (37787668),Keyonte George (37787343),Jayson Tatum (37787217),Zach Collins (37787646),319.7270529513888,409.67859735551997,49700,100.00%,37762,275.41%,0,80.0,$8.26,NYK 2,TOR 2,user37,50,marvalshot,852,4650190659_37
Jalen Brunson (37787234),Gradey Dick (37787706),Deni Avdija (37787375),Ochai Agbaji (37787812),Day'Ron Sharpe (37787668),Keyonte George (37787343),RJ Barrett (37787310),Alperen Sengun (37787254),311.7755078125,409.2193159075955,49800,100.00%,371,168.27%,0,80.0,$5.05,TOR 3,NYK 1,user37,50,marvalshot,5747,4650190660_37
Immanuel Quickley (37787336),Malik Monk (37787292),Kyle Anderson (37787844),Josh Hart (37787277),Day'Ron Sharpe (37787668),Keyonte George (37787343),Zaccharie Risacher (37787637),Alperen Sengun (37787254),297.43,390.62,49900,100.00%,0,85.87%,0,80.0,$2.58,TOR 1,SAC 1,user37,46,marvalshot,15834,4650190661_37
Tyler Herro (37787251),Gradey Dick (37787706),Josh Hart (37787277),Pascal Siakam (37787289),Andre Drummond (37787733),Isaiah Collier (37787395),Kawhi Leonard (37787323),Day'Ron Sharpe (37787668),295.7,389.5,49900,100.00%,0,77.12%,0,80.0,$2.31,MIA 1,TOR 1,user37,48,marvalshot,15836,4650190662_37
Trae Young (37787228),Aaron Nesmith (37787756),RJ Barrett (37787310),Georges Niang (37787658),Day'Ron Sharpe (37787668),Josh Giddey (37787286),Matas Buzelis (37787575),Alperen Sengun (37787254),296.06,391.51,50000,100.00%,0,79.07%,0,80.0,$2.37,ATL 2,CHI 2,user37,49,marvalshot,15837,4650190663_37
Jordan Poole (37787307),Tyrese Martin (37787871),Deni Avdija (37787375),Kyle Anderson (37787844),Zach Collins (37787646),Trae Young (37787228),Kawhi Leonard (37787323),Alperen Sengun (37787254),323.6856510416667,421.67326723185766,50000,100.00%,49119,477.09%,0,80.0,$14.31,WAS 1,BKN 1,user37,48,marvalshot,15839,4650190664_37
Trae Young (37787228),Keon Johnson (37787491),Deni Avdija (37787375),Ausar Thompson (37787495),Day'Ron Sharpe (37787668),Keyonte George (37787343),Matas Buzelis (37787575),Ivica Zubac (37787301),311.76857204861113,408.60251177929524,49800,100.00%,699,168.7%,0,80.0,$5.06,BKN 2,ATL 1,user37,43,marvalshot,15846,4650190665_37
Jalen Brunson (37787234),Gradey Dick (37787706),Kyle Anderson (37787844),Josh Hart (37787277),Alperen Sengun (37787254),Malik Monk (37787292),Matas Buzelis (37787575),Day'Ron Sharpe (37787668),302.41,392.36,49200,100.00%,0,101.14%,0,80.0,$3.03,NYK 2,TOR 1,user43,1,marvalshot,15889,4650190666_43
Anfernee Simons (37787360),Davion Mitchell (37787719),Josh Hart (37787277),Kawhi Leonard (37787323),Day'Ron Sharpe (37787668),Josh Giddey (37787286),Kyle Anderson (37787844),Alperen Sengun (37787254),314.4773090277778,407.56770258914247,49600,100.00%,5465,189.8%,0,80.0,$5.69,MIA 2,POR 1,user37,50,marvalshot,9448,4650190667_37
Jalen Brunson (37787234),Gradey Dick (37787706),Deni Avdija (37787375),Josh Hart (37787277),Day'Ron Sharpe (37787668),Kevin Huerter (37787632),Khris Middleton (37787470),Alperen Sengun (37787254),310.14325520833336,403.81090872039226,50000,100.00%,59,160.11%,0,80.0,$4.8,NYK 2,TOR 1,user37,50,marvalshot,2891,4650190668_37
Jalen Brunson (37787234),Jrue Holiday (37787595),Josh Hart (37787277),Pascal Siakam (37787289),Andre Drummond (37787733),Keyonte George (37787343),Matas Buzelis (37787575),Zach Collins (37787646),299.1133854166667,388.2372586568559,49300,100.00%,0,93.57%,0,80.0,$2.81,NYK 2,CHI 2,user37,48,marvalshot,15897,4650190669_37
Josh Giddey (37787286),Gradey Dick (37787706),Josh Hart (37787277),Kyle Anderson (37787844),Zach Collins (37787646),Malik Monk (37787292),Andrew Wiggins (37787364),Alperen Sengun (37787254),299.1,386.14,50000,100.00%,0,93.19%,0,80.0,$2.8,CHI 2,MIA 2,user37,36,marvalshot,15911,4650190670_37
Jalen Brunson (37787234),Gradey Dick (37787706),Ochai Agbaji (37787812),Josh Hart (37787277),Day'Ron Sharpe (37787668),Keyonte George (37787343),Jayson Tatum (37787217),Zach Collins (37787646),319.7270529513888,409.67859735551997,49700,100.00%,37762,275.41%,0,80.0,$8.26,NYK 2,TOR 2,user38,50,marvalshot,852,4650190659_38
Jalen Brunson (37787234),Gradey Dick (37787706),Deni Avdija (37787375),Ochai Agbaji (37787812),Day'Ron Sharpe (37787668),Keyonte George (37787343),RJ Barrett (37787310),Alperen Sengun (37787254),311.7755078125,409.2193159075955,49800,100.00%,371,168.27%,0,80.0,$5.05,TOR 3,NYK 1,user38,50,marvalshot,5747,4650190660_38
Immanuel Quickley (37787336),Malik Monk (37787292),Kyle Anderson (37787844),Josh Hart (37787277),Day'Ron Sharpe (37787668),Keyonte George (37787343),Zaccharie Risacher (37787637),Alperen Sengun (37787254),297.43,390.62,49900,100.00%,0,85.87%,0,80.0,$2.58,TOR 1,SAC 1,user38,46,marvalshot,15834,4650190661_38
Tyler Herro (37787251),Gradey Dick (37787706),Josh Hart (37787277),Pascal Siakam (37787289),Andre Drummond (37787733),Isaiah Collier (37787395),Kawhi Leonard (37787323),Day'Ron Sharpe (37787668),295.7,389.5,49900,100.00%,0,77.12%,0,80.0,$2.31,MIA 1,TOR 1,user38,48,marvalshot,15836,4650190662_38
Trae Young (37787228),Aaron Nesmith (37787756),RJ Barrett (37787310),Georges Niang (37787658),Day'Ron Sharpe (37787668),Josh Giddey (37787286),Matas Buzelis (37787575),Alperen Sengun (37787254),296.06,391.51,50000,100.00%,0,79.07%,0,80.0,$2.37,ATL 2,CHI 2,user38,49,marvalshot,15837,4650190663_38
Jordan Poole (37787307),Tyrese Martin (37787871),Deni Avdija (37787375),Kyle Anderson (37787844),Zach Collins (37787646),Trae Young (37787228),Kawhi Leonard (37787323),Alperen Sengun (37787254),323.6856510416667,421.67326723185766,50000,100.00%,49119,477.09%,0,80.0,$14.31,WAS 1,BKN 1,user38,48,marvalshot,15839,4650190664_38
Trae Young (37787228),Keon Johnson (37787491),Deni Avdija (37787375),Ausar Thompson (37787495),Day'Ron Sharpe (37787668),Keyonte George (37787343),Matas Buzelis (37787575),Ivica Zubac (37787301),311.76857204861113,408.60251177929524,49800,100.00%,699,168.7%,0,80.0,$5.06,BKN 2,ATL 1,user38,43,marvalshot,15846,4650190665_38
Jalen Brunson (37787234),Gradey Dick (37787706),Ziaire Williams (37787540),Josh Hart (37787277),Onyeka Okongwu (37787442),Keyonte George (37787343),Kawhi Leonard (37787323),Day'Ron Sharpe (37787668),302.52,393.82,49900,100.00%,0,101.1%,0,80.0,$3.03,NYK 2,BKN 2,user21,1,marvalshot,15867,4650190666_21
Anfernee Simons (37787360),Davion Mitchell (37787719),Josh Hart (37787277),Kawhi Leonard (37787323),Day'Ron Sharpe (37787668),Josh Giddey (37787286),Kyle Anderson (37787844),Alperen Sengun (37787254),314.4773090277778,407.56770258914247,49600,100.00%,5465,189.8%,0,80.0,$5.69,MIA 2,POR 1,user38,50,marvalshot,9448,4650190667_38
Jalen Brunson (37787234),Gradey Dick (37787706),Deni Avdija (37787375),Josh Hart (37787277),Day'Ron Sharpe (37787668),Kevin Huerter (37787632),Khris Middleton (37787470),Alperen Sengun (37787254),310.14325520833336,403.81090872039226,50000,100.00%,59,160.11%,0,80.0,$4.8,NYK 2,TOR 1,user38,50,marvalshot,2891,4650190668_38
Jalen Brunson (37787234),Jrue Holiday (37787595),Josh Hart (37787277),Pascal Siakam (37787289),Andre Drummond (37787733),Keyonte George (37787343),Matas Buzelis (37787575),Zach Collins (37787646),299.1133854166667,388.2372586568559,49300,100.00%,0,93.57%,0,80.0,$2.81,NYK 2,CHI 2,user38,48,marvalshot,15897,4650190669_38
Josh Giddey (37787286),Gradey Dick (37787706),Josh Hart (37787277),Kyle Anderson (37787844),Zach Collins (37787646),Malik Monk (37787292),Andrew Wiggins (37787364),Alperen Sengun (37787254),299.1,386.14,50000,100.00%,0,93.19%,0,80.0,$2.8,CHI 2,MIA 2,user38,36,marvalshot,15911,4650190670_38
Jalen Brunson (37787234),Gradey Dick (37787706),Ochai Agbaji (37787812),Josh Hart (37787277),Day'Ron Sharpe (37787668),Keyonte George (37787343),Jayson Tatum (37787217),Zach Collins (37787646),319.7270529513888,409.67859735551997,49700,100.00%,37762,275.41%,0,80.0,$8.26,NYK 2,TOR 2,user39,50,marvalshot,852,4650190659_39
Jalen Brunson (37787234),Gradey Dick (37787706),Deni Avdija (37787375),Ochai Agbaji (37787812),Day'Ron Sharpe (37787668),Keyonte George (37787343),RJ Barrett (37787310),Alperen Sengun (37787254),311.7755078125,409.2193159075955,49800,100.00%,371,168.27%,0,80.0,$5.05,TOR 3,NYK 1,user39,50,marvalshot,5747,4650190660_39
Immanuel Quickley (37787336),Malik Monk (37787292),Kyle Anderson (37787844),Josh Hart (37787277),Day'Ron Sharpe (37787668),Keyonte George (37787343),Zaccharie Risacher (37787637),Alperen Sengun (37787254),297.43,390.62,49900,100.00%,0,85.87%,0,80.0,$2.58,TOR 1,SAC 1,user39,46,marvalshot,15834,4650190661_39
Tyler Herro (37787251),Gradey Dick (37787706),Josh Hart (37787277),Pascal Siakam (37787289),Andre Drummond (37787733),Isaiah Collier (37787395),Kawhi Leonard (37787323),Day'Ron Sharpe (37787668),295.7,389.5,49900,100.00%,0,77.12%,0,80.0,$2.31,MIA 1,TOR 1,user39,48,marvalshot,15836,4650190662_39
Trae Young (37787228),Aaron Nesmith (37787756),RJ Barrett (37787310),Georges Niang (37787658),Day'Ron Sharpe (37787668),Josh Giddey (37787286),Matas Buzelis (37787575),Alperen Sengun (37787254),296.06,391.51,50000,100.00%,0,79.07%,0,80.0,$2.37,ATL 2,CHI 2,user39,49,marvalshot,15837,4650190663_39
Jordan Poole (37787307),Tyrese Martin (37787871),Deni Avdija (37787375),Kyle Anderson (37787844),Zach Collins (37787646),Trae Young (37787228),Kawhi Leonard (37787323),Alperen Sengun (37787254),323.6856510416667,421.67326723185766,50000,100.00%,49119,477.09%,0,80.0,$14.31,WAS 1,BKN 1,user39,48,marvalshot,15839,4650190664_39
Trae Young (37787228),Keon Johnson (37787491),Deni Avdija (37787375),Ausar Thompson (37787495),Day'Ron Sharpe (37787668),Keyonte George (37787343),Matas Buzelis (37787575),Ivica Zubac (37787301),311.76857204861113,408.60251177929524,49800,100.00%,699,168.7%,0,80.0,$5.06,BKN 2,ATL 1,user39,43,marvalshot,15846,4650190665_39
Jalen Brunson (37787234),Gradey Dick (37787706),Ziaire Williams (37787540),Josh Hart (37787277),Zach Collins (37787646),Josh Giddey (37787286),Kawhi Leonard (37787323),Day'Ron Sharpe (37787668),302.46000000000004,392.13000000000005,49300,100.00%,0,101.07%,0,80.0,$3.03,NYK 2,BKN 2,user25,1,marvalshot,15871,4650190666_25
Anfernee Simons (37787360),Davion Mitchell (37787719),Josh Hart (37787277),Kawhi Leonard (37787323),Day'Ron Sharpe (37787668),Josh Giddey (37787286),Kyle Anderson (37787844),Alperen Sengun (37787254),314.4773090277778,407.56770258914247,49600,100.00%,5465,189.8%,0,80.0,$5.69,MIA 2,POR 1,user39,50,marvalshot,9448,4650190667_39
Jalen Brunson (37787234),Gradey Dick (37787706),Deni Avdija (37787375),Josh Hart (37787277),Day'Ron Sharpe (37787668),Kevin Huerter (37787632),Khris Middleton (37787470),Alperen Sengun (37787254),310.14325520833336,403.81090872039226,50000,100.00%,59,160.11%,0,80.0,$4.8,NYK 2,TOR 1,user39,50,marvalshot,2891,4650190668_39
Jalen Brunson (37787234),Jrue Holiday (37787595),Josh Hart (37787277),Pascal Siakam (37787289),Andre Drummond (37787733),Keyonte George (37787343),Matas Buzelis (37787575),Zach Collins (37787646),299.1133854166667,388.2372586568559,49300,100.00%,0,93.57%,0,80.0,$2.81,NYK 2,CHI 2,user39,48,marvalshot,15897,4650190669_39
Josh Giddey (37787286),Gradey Dick (37787706),Josh Hart (37787277),Kyle Anderson (37787844),Zach Collins (37787646),Malik Monk (37787292),Andrew Wiggins (37787364),Alperen Sengun (37787254),299.1,386.14,50000,100.00%,0,93.19%,0,80.0,$2.8,CHI 2,MIA 2,user39,36,marvalshot,15911,4650190670_39
Jalen Brunson (37787234),Gradey Dick (37787706),Ochai Agbaji (37787812),Josh Hart (37787277),Day'Ron Sharpe (37787668),Keyonte George (37787343),Jayson Tatum (37787217),Zach Collins (37787646),319.7270529513888,409.67859735551997,49700,100.00%,37762,275.41%,0,80.0,$8.26,NYK 2,TOR 2,user40,50,marvalshot,852,4650190659_40
Jalen Brunson (37787234),Gradey Dick (37787706),Deni Avdija (37787375),Ochai Agbaji (37787812),Day'Ron Sharpe (37787668),Keyonte George (37787343),RJ Barrett (37787310),Alperen Sengun (37787254),311.7755078125,409.2193159075955,49800,100.00%,371,168.27%,0,80.0,$5.05,TOR 3,NYK 1,user40,50,marvalshot,5747,4650190660_40
Immanuel Quickley (37787336),Malik Monk (37787292),Kyle Anderson (37787844),Josh Hart (37787277),Day'Ron Sharpe (37787668),Keyonte George (37787343),Zaccharie Risacher (37787637),Alperen Sengun (37787254),297.43,390.62,49900,100.00%,0,85.87%,0,80.0,$2.58,TOR 1,SAC 1,user40,46,marvalshot,15834,4650190661_40
Tyler Herro (37787251),Gradey Dick (37787706),Josh Hart (37787277),Pascal Siakam (37787289),Andre Drummond (37787733),Isaiah Collier (37787395),Kawhi Leonard (37787323),Day'Ron Sharpe (37787668),295.7,389.5,49900,100.00%,0,77.12%,0,80.0,$2.31,MIA 1,TOR 1,user40,48,marvalshot,15836,4650190662_40
Trae Young (37787228),Aaron Nesmith (37787756),RJ Barrett (37787310),Georges Niang (37787658),Day'Ron Sharpe (37787668),Josh Giddey (37787286),Matas Buzelis (37787575),Alperen Sengun (37787254),296.06,391.51,50000,100.00%,0,79.07%,0,80.0,$2.37,ATL 2,CHI 2,user40,49,marvalshot,15837,4650190663_40
Jordan Poole (37787307),Tyrese Martin (37787871),Deni Avdija (37787375),Kyle Anderson (37787844),Zach Collins (37787646),Trae Young (37787228),Kawhi Leonard (37787323),Alperen Sengun (37787254),323.6856510416667,421.67326723185766,50000,100.00%,49119,477.09%,0,80.0,$14.31,WAS 1,BKN 1,user40,48,marvalshot,15839,4650190664_40
Trae Young (37787228),Keon Johnson (37787491),Deni Avdija (37787375),Ausar Thompson (37787495),Day'Ron Sharpe (37787668),Keyonte George (37787343),Matas Buzelis (37787575),Ivica Zubac (37787301),311.76857204861113,408.60251177929524,49800,100.00%,699,168.7%,0,80.0,$5.06,BKN 2,ATL 1,user40,43,marvalshot,15846,4650190665_40
Jalen Brunson (37787234),Gradey Dick (37787706),Kawhi Leonard (37787323),Josh Hart (37787277),Alperen Sengun (37787254),Lonzo Ball (37787607),Kevin Huerter (37787632),Day'Ron Sharpe (37787668),302.38,394.98,49900,100.00%,0,100.94%,0,80.0,$3.03,NYK 2,CHI 2,user,1,marvalshot,7255,4650190666
Anfernee Simons (37787360),Davion Mitchell (37787719),Josh Hart (37787277),Kawhi Leonard (37787323),Day'Ron Sharpe (37787668),Josh Giddey (37787286),Kyle Anderson (37787844),Alperen Sengun (37787254),314.4773090277778,407.56770258914247,49600,100.00%,5465,189.8%,0,80.0,$5.69,MIA 2,POR 1,user40,50,marvalshot,9448,4650190667_40
Jalen Brunson (37787234),Gradey Dick (37787706),Deni Avdija (37787375),Josh Hart (37787277),Day'Ron Sharpe (37787668),Kevin Huerter (37787632),Khris Middleton (37787470),Alperen Sengun (37787254),310.14325520833336,403.81090872039226,50000,100.00%,59,160.11%,0,80.0,$4.8,NYK 2,TOR 1,user40,50,marvalshot,2891,4650190668_40
Jalen Brunson (37787234),Jrue Holiday (37787595),Josh Hart (37787277),Pascal Siakam (37787289),Andre Drummond (37787733),Keyonte George (37787343),Matas Buzelis (37787575),Zach Collins (37787646),299.1133854166667,388.2372586568559,49300,100.00%,0,93.57%,0,80.0,$2.81,NYK 2,CHI 2,user40,48,marvalshot,15897,4650190669_40
Josh Giddey (37787286),Gradey Dick (37787706),Josh Hart (37787277),Kyle Anderson (37787844),Zach Collins (37787646),Malik Monk (37787292),Andrew Wiggins (37787364),Alperen Sengun (37787254),299.1,386.14,50000,100.00%,0,93.19%,0,80.0,$2.8,CHI 2,MIA 2,user40,36,marvalshot,15911,4650190670_40
Jalen Brunson (37787234),Gradey Dick (37787706),Ochai Agbaji (37787812),Josh Hart (37787277),Day'Ron Sharpe (37787668),Keyonte George (37787343),Jayson Tatum (37787217),Zach Collins (37787646),319.7270529513888,409.67859735551997,49700,100.00%,37762,275.41%,0,80.0,$8.26,NYK 2,TOR 2,user41,50,marvalshot,852,4650190659_41
Jalen Brunson (37787234),Gradey Dick (37787706),Deni Avdija (37787375),Ochai Agbaji (37787812),Day'Ron Sharpe (37787668),Keyonte George (37787343),RJ Barrett (37787310),Alperen Sengun (37787254),311.7755078125,409.2193159075955,49800,100.00%,371,168.27%,0,80.0,$5.05,TOR 3,NYK 1,user41,50,marvalshot,5747,4650190660_41
Immanuel Quickley (37787336),Malik Monk (37787292),Kyle Anderson (37787844),Josh Hart (37787277),Day'Ron Sharpe (37787668),Keyonte George (37787343),Zaccharie Risacher (37787637),Alperen Sengun (37787254),297.43,390.62,49900,100.00%,0,85.87%,0,80.0,$2.58,TOR 1,SAC 1,user41,46,marvalshot,15834,4650190661_41
Tyler Herro (37787251),Gradey Dick (37787706),Josh Hart (37787277),Pascal Siakam (37787289),Andre Drummond (37787733),Isaiah Collier (37787395),Kawhi Leonard (37787323),Day'Ron Sharpe (37787668),295.7,389.5,49900,100.00%,0,77.12%,0,80.0,$2.31,MIA 1,TOR 1,user41,48,marvalshot,15836,4650190662_41
Trae Young (37787228),Aaron Nesmith (37787756),RJ Barrett (37787310),Georges Niang (37787658),Day'Ron Sharpe (37787668),Josh Giddey (37787286),Matas Buzelis (37787575),Alperen Sengun (37787254),296.06,391.51,50000,100.00%,0,79.07%,0,80.0,$2.37,ATL 2,CHI 2,user41,49,marvalshot,15837,4650190663_41
Jordan Poole (37787307),Tyrese Martin (37787871),Deni Avdija (37787375),Kyle Anderson (37787844),Zach Collins (37787646),Trae Young (37787228),Kawhi Leonard (37787323),Alperen Sengun (37787254),323.6856510416667,421.67326723185766,50000,100.00%,49119,477.09%,0,80.0,$14.31,WAS 1,BKN 1,user41,48,marvalshot,15839,4650190664_41
Trae Young (37787228),Keon Johnson (37787491),Deni Avdija (37787375),Ausar Thompson (37787495),Day'Ron Sharpe (37787668),Keyonte George (37787343),Matas Buzelis (37787575),Ivica Zubac (37787301),311.76857204861113,408.60251177929524,49800,100.00%,699,168.7%,0,80.0,$5.06,BKN 2,ATL 1,user41,43,marvalshot,15846,4650190665_41
Jalen Brunson (37787234),Gradey Dick (37787706),Kawhi Leonard (37787323),Josh Hart (37787277),Day'Ron Sharpe (37787668),Ziaire Williams (37787540),Georges Niang (37787658),Alperen Sengun (37787254),302.39,393.26,50000,100.00%,0,100.92%,0,80.0,$3.03,NYK 2,BKN 2,user35,1,marvalshot,15881,4650190666_35
Anfernee Simons (37787360),Davion Mitchell (37787719),Josh Hart (37787277),Kawhi Leonard (37787323),Day'Ron Sharpe (37787668),Josh Giddey (37787286),Kyle Anderson (37787844),Alperen Sengun (37787254),314.4773090277778,407.56770258914247,49600,100.00%,5465,189.8%,0,80.0,$5.69,MIA 2,POR 1,user41,50,marvalshot,9448,4650190667_41
Jalen Brunson (37787234),Gradey Dick (37787706),Deni Avdija (37787375),Josh Hart (37787277),Day'Ron Sharpe (37787668),Kevin Huerter (37787632),Khris Middleton (37787470),Alperen Sengun (37787254),310.14325520833336,403.81090872039226,50000,100.00%,59,160.11%,0,80.0,$4.8,NYK 2,TOR 1,user41,50,marvalshot,2891,4650190668_41
Jalen Brunson (37787234),Jrue Holiday (37787595),Josh Hart (37787277),Pascal Siakam (37787289),Andre Drummond (37787733),Keyonte George (37787343),Matas Buzelis (37787575),Zach Collins (37787646),299.1133854166667,388.2372586568559,49300,100.00%,0,93.57%,0,80.0,$2.81,NYK 2,CHI 2,user41,48,marvalshot,15897,4650190669_41
Josh Giddey (37787286),Gradey Dick (37787706),Josh Hart (37787277),Kyle Anderson (37787844),Zach Collins (37787646),Malik Monk (37787292),Andrew Wiggins (37787364),Alperen Sengun (37787254),299.1,386.14,50000,100.00%,0,93.19%,0,80.0,$2.8,CHI 2,MIA 2,user41,36,marvalshot,15911,4650190670_41
Jalen Brunson (37787234),Gradey Dick (37787706),Ochai Agbaji (37787812),Josh Hart (37787277),Day'Ron Sharpe (37787668),Keyonte George (37787343),Jayson Tatum (37787217),Zach Collins (37787646),319.7270529513888,409.67859735551997,49700,100.00%,37762,275.41%,0,80.0,$8.26,NYK 2,TOR 2,user42,50,marvalshot,852,4650190659_42
Jalen Brunson (37787234),Gradey Dick (37787706),Deni Avdija (37787375),Ochai Agbaji (37787812),Day'Ron Sharpe (37787668),Keyonte George (37787343),RJ Barrett (37787310),Alperen Sengun (37787254),311.7755078125,409.2193159075955,49800,100.00%,371,168.27%,0,80.0,$5.05,TOR 3,NYK 1,user42,50,marvalshot,5747,4650190660_42
Immanuel Quickley (37787336),Malik Monk (37787292),Kyle Anderson (37787844),Josh Hart (37787277),Day'Ron Sharpe (37787668),Keyonte George (37787343),Zaccharie Risacher (37787637),Alperen Sengun (37787254),297.43,390.62,49900,100.00%,0,85.87%,0,80.0,$2.58,TOR 1,SAC 1,user42,46,marvalshot,15834,4650190661_42
Tyler Herro (37787251),Gradey Dick (37787706),Josh Hart (37787277),Pascal Siakam (37787289),Andre Drummond (37787733),Isaiah Collier (37787395),Kawhi Leonard (37787323),Day'Ron Sharpe (37787668),295.7,389.5,49900,100.00%,0,77.12%,0,80.0,$2.31,MIA 1,TOR 1,user42,48,marvalshot,15836,4650190662_42
Trae Young (37787228),Aaron Nesmith (37787756),RJ Barrett (37787310),Georges Niang (37787658),Day'Ron Sharpe (37787668),Josh Giddey (37787286),Matas Buzelis (37787575),Alperen Sengun (37787254),296.06,391.51,50000,100.00%,0,79.07%,0,80.0,$2.37,ATL 2,CHI 2,user42,49,marvalshot,15837,4650190663_42
Jordan Poole (37787307),Tyrese Martin (37787871),Deni Avdija (37787375),Kyle Anderson (37787844),Zach Collins (37787646),Trae Young (37787228),Kawhi Leonard (37787323),Alperen Sengun (37787254),323.6856510416667,421.67326723185766,50000,100.00%,49119,477.09%,0,80.0,$14.31,WAS 1,BKN 1,user42,48,marvalshot,15839,4650190664_42
Trae Young (37787228),Keon Johnson (37787491),Deni Avdija (37787375),Ausar Thompson (37787495),Day'Ron Sharpe (37787668),Keyonte George (37787343),Matas Buzelis (37787575),Ivica Zubac (37787301),311.76857204861113,408.60251177929524,49800,100.00%,699,168.7%,0,80.0,$5.06,BKN 2,ATL 1,user42,43,marvalshot,15846,4650190665_42
Jalen Brunson (37787234),Gradey Dick (37787706),Kyle Anderson (37787844),Josh Hart (37787277),Onyeka Okongwu (37787442),Josh Giddey (37787286),Kawhi Leonard (37787323),Day'Ron Sharpe (37787668),302.36,394.93,49100,100.00%,0,100.87%,0,80.0,$3.03,NYK 2,TOR 1,user41,1,marvalshot,15887,4650190666_41
Anfernee Simons (37787360),Davion Mitchell (37787719),Josh Hart (37787277),Kawhi Leonard (37787323),Day'Ron Sharpe (37787668),Josh Giddey (37787286),Kyle Anderson (37787844),Alperen Sengun (37787254),314.4773090277778,407.56770258914247,49600,100.00%,5465,189.8%,0,80.0,$5.69,MIA 2,POR 1,user42,50,marvalshot,9448,4650190667_42
Jalen Brunson (37787234),Gradey Dick (37787706),Deni Avdija (37787375),Josh Hart (37787277),Day'Ron Sharpe (37787668),Kevin Huerter (37787632),Khris Middleton (37787470),Alperen Sengun (37787254),310.14325520833336,403.81090872039226,50000,100.00%,59,160.11%,0,80.0,$4.8,NYK 2,TOR 1,user42,50,marvalshot,2891,4650190668_42
Jalen Brunson (37787234),Jrue Holiday (37787595),Josh Hart (37787277),Pascal Siakam (37787289),Andre Drummond (37787733),Keyonte George (37787343),Matas Buzelis (37787575),Zach Collins (37787646),299.1133854166667,388.2372586568559,49300,100.00%,0,93.57%,0,80.0,$2.81,NYK 2,CHI 2,user42,48,marvalshot,15897,4650190669_42
Josh Giddey (37787286),Gradey Dick (37787706),Josh Hart (37787277),Kyle Anderson (37787844),Zach Collins (37787646),Malik Monk (37787292),Andrew Wiggins (37787364),Alperen Sengun (37787254),299.1,386.14,50000,100.00%,0,93.19%,0,80.0,$2.8,CHI 2,MIA 2,user42,36,marvalshot,15911,4650190670_42
Jalen Brunson (37787234),Gradey Dick (37787706),Ochai Agbaji (37787812),Josh Hart (37787277),Day'Ron Sharpe (37787668),Keyonte George (37787343),Jayson Tatum (37787217),Zach Collins (37787646),319.7270529513888,409.67859735551997,49700,100.00%,37762,275.41%,0,80.0,$8.26,NYK 2,TOR 2,user43,50,marvalshot,852,4650190659_43
Jalen Brunson (37787234),Gradey Dick (37787706),Deni Avdija (37787375),Ochai Agbaji (37787812),Day'Ron Sharpe (37787668),Keyonte George (37787343),RJ Barrett (37787310),Alperen Sengun (37787254),311.7755078125,409.2193159075955,49800,100.00%,371,168.27%,0,80.0,$5.05,TOR 3,NYK 1,user43,50,marvalshot,5747,4650190660_43
Immanuel Quickley (37787336),Malik Monk (37787292),Kyle Anderson (37787844),Josh Hart (37787277),Day'Ron Sharpe (37787668),Keyonte George (37787343),Zaccharie Risacher (37787637),Alperen Sengun (37787254),297.43,390.62,49900,100.00%,0,85.87%,0,80.0,$2.58,TOR 1,SAC 1,user43,46,marvalshot,15834,4650190661_43
Tyler Herro (37787251),Gradey Dick (37787706),Josh Hart (37787277),Pascal Siakam (37787289),Andre Drummond (37787733),Isaiah Collier (37787395),Kawhi Leonard (37787323),Day'Ron Sharpe (37787668),295.7,389.5,49900,100.00%,0,77.12%,0,80.0,$2.31,MIA 1,TOR 1,user43,48,marvalshot,15836,4650190662_43
Trae Young (37787228),Aaron Nesmith (37787756),RJ Barrett (37787310),Georges Niang (37787658),Day'Ron Sharpe (37787668),Josh Giddey (37787286),Matas Buzelis (37787575),Alperen Sengun (37787254),296.06,391.51,50000,100.00%,0,79.07%,0,80.0,$2.37,ATL 2,CHI 2,user43,49,marvalshot,15837,4650190663_43
Jordan Poole (37787307),Tyrese Martin (37787871),Deni Avdija (37787375),Kyle Anderson (37787844),Zach Collins (37787646),Trae Young (37787228),Kawhi Leonard (37787323),Alperen Sengun (37787254),323.6856510416667,421.67326723185766,50000,100.00%,49119,477.09%,0,80.0,$14.31,WAS 1,BKN 1,user43,48,marvalshot,15839,4650190664_43
Trae Young (37787228),Keon Johnson (37787491),Deni Avdija (37787375),Ausar Thompson (37787495),Day'Ron Sharpe (37787668),Keyonte George (37787343),Matas Buzelis (37787575),Ivica Zubac (37787301),311.76857204861113,408.60251177929524,49800,100.00%,699,168.7%,0,80.0,$5.06,BKN 2,ATL 1,user43,43,marvalshot,15846,4650190665_43
Jalen Brunson (37787234),Gradey Dick (37787706),Kawhi Leonard (37787323),Josh Hart (37787277),Alperen Sengun (37787254),Lonzo Ball (37787607),Georges Niang (37787658),Day'Ron Sharpe (37787668),302.31,394.58000000000004,49700,100.00%,0,100.84%,0,80.0,$3.03,NYK 2,TOR 1,user7,1,marvalshot,15853,4650190666_7
Anfernee Simons (37787360),Davion Mitchell (37787719),Josh Hart (37787277),Kawhi Leonard (37787323),Day'Ron Sharpe (37787668),Josh Giddey (37787286),Kyle Anderson (37787844),Alperen Sengun (37787254),314.4773090277778,407.56770258914247,49600,100.00%,5465,189.8%,0,80.0,$5.69,MIA 2,POR 1,user43,50,marvalshot,9448,4650190667_43
Jalen Brunson (37787234),Gradey Dick (37787706),Deni Avdija (37787375),Josh Hart (37787277),Day'Ron Sharpe (37787668),Kevin Huerter (37787632),Khris Middleton (37787470),Alperen Sengun (37787254),310.14325520833336,403.81090872039226,50000,100.00%,59,160.11%,0,80.0,$4.8,NYK 2,TOR 1,user43,50,marvalshot,2891,4650190668_43
Jalen Brunson (37787234),Jrue Holiday (37787595),Josh Hart (37787277),Pascal Siakam (37787289),Andre Drummond (37787733),Keyonte George (37787343),Matas Buzelis (37787575),Zach Collins (37787646),299.1133854166667,388.2372586568559,49300,100.00%,0,93.57%,0,80.0,$2.81,NYK 2,CHI 2,user43,48,marvalshot,15897,4650190669_43
Josh Giddey (37787286),Gradey Dick (37787706),Josh Hart (37787277),Kyle Anderson (37787844),Zach Collins (37787646),Malik Monk (37787292),Andrew Wiggins (37787364),Alperen Sengun (37787254),299.1,386.14,50000,100.00%,0,93.19%,0,80.0,$2.8,CHI 2,MIA 2,user43,36,marvalshot,15911,4650190670_43
Jalen Brunson (37787234),Gradey Dick (37787706),Ochai Agbaji (37787812),Josh Hart (37787277),Day'Ron Sharpe (37787668),Keyonte George (37787343),Jayson Tatum (37787217),Zach Collins (37787646),319.7270529513888,409.67859735551997,49700,100.00%,37762,275.41%,0,80.0,$8.26,NYK 2,TOR 2,user44,50,marvalshot,852,4650190659_44
Jalen Brunson (37787234),Gradey Dick (37787706),Deni Avdija (37787375),Ochai Agbaji (37787812),Day'Ron Sharpe (37787668),Keyonte George (37787343),RJ Barrett (37787310),Alperen Sengun (37787254),311.7755078125,409.2193159075955,49800,100.00%,371,168.27%,0,80.0,$5.05,TOR 3,NYK 1,user44,50,marvalshot,5747,4650190660_44
Immanuel Quickley (37787336),Malik Monk (37787292),Kyle Anderson (37787844),Josh Hart (37787277),Day'Ron Sharpe (37787668),Keyonte George (37787343),Zaccharie Risacher (37787637),Alperen Sengun (37787254),297.43,390.62,49900,100.00%,0,85.87%,0,80.0,$2.58,TOR 1,SAC 1,user44,46,marvalshot,15834,4650190661_44
Tyler Herro (37787251),Gradey Dick (37787706),Josh Hart (37787277),Pascal Siakam (37787289),Andre Drummond (37787733),Isaiah Collier (37787395),Kawhi Leonard (37787323),Day'Ron Sharpe (37787668),295.7,389.5,49900,100.00%,0,77.12%,0,80.0,$2.31,MIA 1,TOR 1,user44,48,marvalshot,15836,4650190662_44
Trae Young (37787228),Aaron Nesmith (37787756),RJ Barrett (37787310),Georges Niang (37787658),Day'Ron Sharpe (37787668),Josh Giddey (37787286),Matas Buzelis (37787575),Alperen Sengun (37787254),296.06,391.51,50000,100.00%,0,79.07%,0,80.0,$2.37,ATL 2,CHI 2,user44,49,marvalshot,15837,4650190663_44
Jordan Poole (37787307),Tyrese Martin (37787871),Deni Avdija (37787375),Kyle Anderson (37787844),Zach Collins (37787646),Trae Young (37787228),Kawhi Leonard (37787323),Alperen Sengun (37787254),323.6856510416667,421.67326723185766,50000,100.00%,49119,477.09%,0,80.0,$14.31,WAS 1,BKN 1,user44,48,marvalshot,15839,4650190664_44
Trae Young (37787228),Keon Johnson (37787491),Deni Avdija (37787375),Ausar Thompson (37787495),Day'Ron Sharpe (37787668),Keyonte George (37787343),Matas Buzelis (37787575),Ivica Zubac (37787301),311.76857204861113,408.60251177929524,49800,100.00%,699,168.7%,0,80.0,$5.06,BKN 2,ATL 1,user44,43,marvalshot,15846,4650190665_44
Jalen Brunson (37787234),Gradey Dick (37787706),Kyle Anderson (37787844),Josh Hart (37787277),Day'Ron Sharpe (37787668),Josh Giddey (37787286),Ziaire Williams (37787540),Alperen Sengun (37787254),302.27,394.07,49600,100.00%,0,100.82%,0,80.0,$3.02,NYK 2,BKN 2,user12,1,marvalshot,15858,4650190666_12
Anfernee Simons (37787360),Davion Mitchell (37787719),Josh Hart (37787277),Kawhi Leonard (37787323),Day'Ron Sharpe (37787668),Josh Giddey (37787286),Kyle Anderson (37787844),Alperen Sengun (37787254),314.4773090277778,407.56770258914247,49600,100.00%,5465,189.8%,0,80.0,$5.69,MIA 2,POR 1,user44,50,marvalshot,9448,4650190667_44
Jalen Brunson (37787234),Gradey Dick (37787706),Deni Avdija (37787375),Josh Hart (37787277),Day'Ron Sharpe (37787668),Kevin Huerter (37787632),Khris Middleton (37787470),Alperen Sengun (37787254),310.14325520833336,403.81090872039226,50000,100.00%,59,160.11%,0,80.0,$4.8,NYK 2,TOR 1,user44,50,marvalshot,2891,4650190668_44
Jalen Brunson (37787234),Jrue Holiday (37787595),Josh Hart (37787277),Pascal Siakam (37787289),Andre Drummond (37787733),Keyonte George (37787343),Matas Buzelis (37787575),Zach Collins (37787646),299.1133854166667,388.2372586568559,49300,100.00%,0,93.57%,0,80.0,$2.81,NYK 2,CHI 2,user44,48,marvalshot,15897,4650190669_44
Josh Giddey (37787286),Gradey Dick (37787706),Josh Hart (37787277),Kyle Anderson (37787844),Zach Collins (37787646),Malik Monk (37787292),Andrew Wiggins (37787364),Alperen Sengun (37787254),299.1,386.14,50000,100.00%,0,93.19%,0,80.0,$2.8,CHI 2,MIA 2,user44,36,marvalshot,15911,4650190670_44
Jalen Brunson (37787234),Gradey Dick (37787706),Ochai Agbaji (37787812),Josh Hart (37787277),Day'Ron Sharpe (37787668),Keyonte George (37787343),Jayson Tatum (37787217),Zach Collins (37787646),319.7270529513888,409.67859735551997,49700,100.00%,37762,275.41%,0,80.0,$8.26,NYK 2,TOR 2,user45,50,marvalshot,852,4650190659_45
Jalen Brunson (37787234),Gradey Dick (37787706),Deni Avdija (37787375),Ochai Agbaji (37787812),Day'Ron Sharpe (37787668),Keyonte George (37787343),RJ Barrett (37787310),Alperen Sengun (37787254),311.7755078125,409.2193159075955,49800,100.00%,371,168.27%,0,80.0,$5.05,TOR 3,NYK 1,user45,50,marvalshot,5747,4650190660_45
Immanuel Quickley (37787336),Malik Monk (37787292),Kyle Anderson (37787844),Josh Hart (37787277),Day'Ron Sharpe (37787668),Keyonte George (37787343),Zaccharie Risacher (37787637),Alperen Sengun (37787254),297.43,390.62,49900,100.00%,0,85.87%,0,80.0,$2.58,TOR 1,SAC 1,user45,46,marvalshot,15834,4650190661_45
Tyler Herro (37787251),Gradey Dick (37787706),Josh Hart (37787277),Pascal Siakam (37787289),Andre Drummond (37787733),Isaiah Collier (37787395),Kawhi Leonard (37787323),Day'Ron Sharpe (37787668),295.7,389.5,49900,100.00%,0,77.12%,0,80.0,$2.31,MIA 1,TOR 1,user45,48,marvalshot,15836,4650190662_45
Trae Young (37787228),Aaron Nesmith (37787756),RJ Barrett (37787310),Georges Niang (37787658),Day'Ron Sharpe (37787668),Josh Giddey (37787286),Matas Buzelis (37787575),Alperen Sengun (37787254),296.06,391.51,50000,100.00%,0,79.07%,0,80.0,$2.37,ATL 2,CHI 2,user45,49,marvalshot,15837,4650190663_45
Jordan Poole (37787307),Tyrese Martin (37787871),Deni Avdija (37787375),Kyle Anderson (37787844),Zach Collins (37787646),Trae Young (37787228),Kawhi Leonard (37787323),Alperen Sengun (37787254),323.6856510416667,421.67326723185766,50000,100.00%,49119,477.09%,0,80.0,$14.31,WAS 1,BKN 1,user45,48,marvalshot,15839,4650190664_45
Trae Young (37787228),Keon Johnson (37787491),Deni Avdija (37787375),Ausar Thompson (37787495),Day'Ron Sharpe (37787668),Keyonte George (37787343),Matas Buzelis (37787575),Ivica Zubac (37787301),311.76857204861113,408.60251177929524,49800,100.00%,699,168.7%,0,80.0,$5.06,BKN 2,ATL 1,user45,43,marvalshot,15846,4650190665_45
Jalen Brunson (37787234),Gradey Dick (37787706),Zaccharie Risacher (37787637),Josh Hart (37787277),Day'Ron Sharpe (37787668),Trae Young (37787228),Andrew Wiggins (37787364),Zach Collins (37787646),302.20000000000005,390.18000000000006,49900,100.00%,0,100.72%,0,80.0,$3.02,NYK 2,ATL 2,user30,1,marvalshot,15876,4650190666_30
Anfernee Simons (37787360),Davion Mitchell (37787719),Josh Hart (37787277),Kawhi Leonard (37787323),Day'Ron Sharpe (37787668),Josh Giddey (37787286),Kyle Anderson (37787844),Alperen Sengun (37787254),314.4773090277778,407.56770258914247,49600,100.00%,5465,189.8%,0,80.0,$5.69,MIA 2,POR 1,user45,50,marvalshot,9448,4650190667_45
Jalen Brunson (37787234),Gradey Dick (37787706),Deni Avdija (37787375),Josh Hart (37787277),Day'Ron Sharpe (37787668),Kevin Huerter (37787632),Khris Middleton (37787470),Alperen Sengun (37787254),310.14325520833336,403.81090872039226,50000,100.00%,59,160.11%,0,80.0,$4.8,NYK 2,TOR 1,user45,50,marvalshot,2891,4650190668_45
Jalen Brunson (37787234),Jrue Holiday (37787595),Josh Hart (37787277),Pascal Siakam (37787289),Andre Drummond (37787733),Keyonte George (37787343),Matas Buzelis (37787575),Zach Collins (37787646),299.1133854166667,388.2372586568559,49300,100.00%,0,93.57%,0,80.0,$2.81,NYK 2,CHI 2,user45,48,marvalshot,15897,4650190669_45
Josh Giddey (37787286),Gradey Dick (37787706),Josh Hart (37787277),Kyle Anderson (37787844),Zach Collins (37787646),Malik Monk (37787292),Andrew Wiggins (37787364),Alperen Sengun (37787254),299.1,386.14,50000,100.00%,0,93.19%,0,80.0,$2.8,CHI 2,MIA 2,user45,36,marvalshot,15911,4650190670_45
Jalen Brunson (37787234),Gradey Dick (37787706),Ochai Agbaji (37787812),Josh Hart (37787277),Day'Ron Sharpe (37787668),Keyonte George (37787343),Jayson Tatum (37787217),Zach Collins (37787646),319.7270529513888,409.67859735551997,49700,100.00%,37762,275.41%,0,80.0,$8.26,NYK 2,TOR 2,user46,50,marvalshot,852,4650190659_46
Jalen Brunson (37787234),Gradey Dick (37787706),Deni Avdija (37787375),Ochai Agbaji (37787812),Day'Ron Sharpe (37787668),Keyonte George (37787343),RJ Barrett (37787310),Alperen Sengun (37787254),311.7755078125,409.2193159075955,49800,100.00%,371,168.27%,0,80.0,$5.05,TOR 3,NYK 1,user46,50,marvalshot,5747,4650190660_46
Immanuel Quickley (37787336),Malik Monk (37787292),Kyle Anderson (37787844),Josh Hart (37787277),Day'Ron Sharpe (37787668),Keyonte George (37787343),Zaccharie Risacher (37787637),Alperen Sengun (37787254),297.43,390.62,49900,100.00%,0,85.87%,0,80.0,$2.58,TOR 1,SAC 1,user46,46,marvalshot,15834,4650190661_46
Tyler Herro (37787251),Gradey Dick (37787706),Josh Hart (37787277),Pascal Siakam (37787289),Andre Drummond (37787733),Isaiah Collier (37787395),Kawhi Leonard (37787323),Day'Ron Sharpe (37787668),295.7,389.5,49900,100.00%,0,77.12%,0,80.0,$2.31,MIA 1,TOR 1,user46,48,marvalshot,15836,4650190662_46
Trae Young (37787228),Aaron Nesmith (37787756),RJ Barrett (37787310),Georges Niang (37787658),Day'Ron Sharpe (37787668),Josh Giddey (37787286),Matas Buzelis (37787575),Alperen Sengun (37787254),296.06,391.51,50000,100.00%,0,79.07%,0,80.0,$2.37,ATL 2,CHI 2,user46,49,marvalshot,15837,4650190663_46
Jordan Poole (37787307),Tyrese Martin (37787871),Deni Avdija (37787375),Kyle Anderson (37787844),Zach Collins (37787646),Trae Young (37787228),Kawhi Leonard (37787323),Alperen Sengun (37787254),323.6856510416667,421.67326723185766,50000,100.00%,49119,477.09%,0,80.0,$14.31,WAS 1,BKN 1,user46,48,marvalshot,15839,4650190664_46
Trae Young (37787228),Keon Johnson (37787491),Deni Avdija (37787375),Ausar Thompson (37787495),Day'Ron Sharpe (37787668),Keyonte George (37787343),Matas Buzelis (37787575),Ivica Zubac (37787301),311.76857204861113,408.60251177929524,49800,100.00%,699,168.7%,0,80.0,$5.06,BKN 2,ATL 1,user46,43,marvalshot,15846,4650190665_46
Jalen Brunson (37787234),Gradey Dick (37787706),Kawhi Leonard (37787323),Josh Hart (37787277),Alperen Sengun (37787254),Killian Hayes (37787703),Matas Buzelis (37787575),Day'Ron Sharpe (37787668),302.28000000000003,393.5,49500,100.00%,0,100.64%,0,80.0,$3.02,NYK 2,BKN 2,user15,1,marvalshot,15861,4650190666_15
Anfernee Simons (37787360),Davion Mitchell (37787719),Josh Hart (37787277),Kawhi Leonard (37787323),Day'Ron Sharpe (37787668),Josh Giddey (37787286),Kyle Anderson (37787844),Alperen Sengun (37787254),314.4773090277778,407.56770258914247,49600,100.00%,5465,189.8%,0,80.0,$5.69,MIA 2,POR 1,user46,50,marvalshot,9448,4650190667_46
Jalen Brunson (37787234),Gradey Dick (37787706),Deni Avdija (37787375),Josh Hart (37787277),Day'Ron Sharpe (37787668),Kevin Huerter (37787632),Khris Middleton (37787470),Alperen Sengun (37787254),310.14325520833336,403.81090872039226,50000,100.00%,59,160.11%,0,80.0,$4.8,NYK 2,TOR 1,user46,50,marvalshot,2891,4650190668_46
Jalen Brunson (37787234),Jrue Holiday (37787595),Josh Hart (37787277),Pascal Siakam (37787289),Andre Drummond (37787733),Keyonte George (37787343),Matas Buzelis (37787575),Zach Collins (37787646),299.1133854166667,388.2372586568559,49300,100.00%,0,93.57%,0,80.0,$2.81,NYK 2,CHI 2,user46,48,marvalshot,15897,4650190669_46
Josh Giddey (37787286),Gradey Dick (37787706),Josh Hart (37787277),Kyle Anderson (37787844),Zach Collins (37787646),Malik Monk (37787292),Andrew Wiggins (37787364),Alperen Sengun (37787254),299.1,386.14,50000,100.00%,0,93.19%,0,80.0,$2.8,CHI 2,MIA 2,user46,36,marvalshot,15911,4650190670_46
Jalen Brunson (37787234),Gradey Dick (37787706),Ochai Agbaji (37787812),Josh Hart (37787277),Day'Ron Sharpe (37787668),Keyonte George (37787343),Jayson Tatum (37787217),Zach Collins (37787646),319.7270529513888,409.67859735551997,49700,100.00%,37762,275.41%,0,80.0,$8.26,NYK 2,TOR 2,user47,50,marvalshot,852,4650190659_47
Jalen Brunson (37787234),Gradey Dick (37787706),Deni Avdija (37787375),Ochai Agbaji (37787812),Day'Ron Sharpe (37787668),Keyonte George (37787343),RJ Barrett (37787310),Alperen Sengun (37787254),311.7755078125,409.2193159075955,49800,100.00%,371,168.27%,0,80.0,$5.05,TOR 3,NYK 1,user47,50,marvalshot,5747,4650190660_47
Immanuel Quickley (37787336),Malik Monk (37787292),Kyle Anderson (37787844),Josh Hart (37787277),Day'Ron Sharpe (37787668),Keyonte George (37787343),Zaccharie Risacher (37787637),Alperen Sengun (37787254),297.43,390.62,49900,100.00%,0,85.87%,0,80.0,$2.58,TOR 1,SAC 1,user47,46,marvalshot,15834,4650190661_47
Tyler Herro (37787251),Gradey Dick (37787706),Josh Hart (37787277),Pascal Siakam (37787289),Andre Drummond (37787733),Isaiah Collier (37787395),Kawhi Leonard (37787323),Day'Ron Sharpe (37787668),295.7,389.5,49900,100.00%,0,77.12%,0,80.0,$2.31,MIA 1,TOR 1,user47,48,marvalshot,15836,4650190662_47
Trae Young (37787228),Aaron Nesmith (37787756),RJ Barrett (37787310),Georges Niang (37787658),Day'Ron Sharpe (37787668),Josh Giddey (37787286),Matas Buzelis (37787575),Alperen Sengun (37787254),296.06,391.51,50000,100.00%,0,79.07%,0,80.0,$2.37,ATL 2,CHI 2,user47,49,marvalshot,15837,4650190663_47
Jordan Poole (37787307),Tyrese Martin (37787871),Deni Avdija (37787375),Kyle Anderson (37787844),Zach Collins (37787646),Trae Young (37787228),Kawhi Leonard (37787323),Alperen Sengun (37787254),323.6856510416667,421.67326723185766,50000,100.00%,49119,477.09%,0,80.0,$14.31,WAS 1,BKN 1,user47,48,marvalshot,15839,4650190664_47
Trae Young (37787228),Keon Johnson (37787491),Deni Avdija (37787375),Ausar Thompson (37787495),Day'Ron Sharpe (37787668),Keyonte George (37787343),Matas Buzelis (37787575),Ivica Zubac (37787301),311.76857204861113,408.60251177929524,49800,100.00%,699,168.7%,0,80.0,$5.06,BKN 2,ATL 1,user47,43,marvalshot,15846,4650190665_47
Jalen Brunson (37787234),Gradey Dick (37787706),Kawhi Leonard (37787323),Josh Hart (37787277),Ivica Zubac (37787301),Keyonte George (37787343),Tosan Evbuomwan (37787998),Day'Ron Sharpe (37787668),302.28000000000003,395.56000000000006,49500,100.00%,1,100.58%,0,80.0,$3.02,NYK 2,LAC 2,user4,1,marvalshot,15850,4650190666_4
Anfernee Simons (37787360),Davion Mitchell (37787719),Josh Hart (37787277),Kawhi Leonard (37787323),Day'Ron Sharpe (37787668),Josh Giddey (37787286),Kyle Anderson (37787844),Alperen Sengun (37787254),314.4773090277778,407.56770258914247,49600,100.00%,5465,189.8%,0,80.0,$5.69,MIA 2,POR 1,user47,50,marvalshot,9448,4650190667_47
Jalen Brunson (37787234),Gradey Dick (37787706),Deni Avdija (37787375),Josh Hart (37787277),Day'Ron Sharpe (37787668),Kevin Huerter (37787632),Khris Middleton (37787470),Alperen Sengun (37787254),310.14325520833336,403.81090872039226,50000,100.00%,59,160.11%,0,80.0,$4.8,NYK 2,TOR 1,user47,50,marvalshot,2891,4650190668_47
Jalen Brunson (37787234),Jrue Holiday (37787595),Josh Hart (37787277),Pascal Siakam (37787289),Andre Drummond (37787733),Keyonte George (37787343),Matas Buzelis (37787575),Zach Collins (37787646),299.1133854166667,388.2372586568559,49300,100.00%,0,93.57%,0,80.0,$2.81,NYK 2,CHI 2,user47,48,marvalshot,15897,4650190669_47
Josh Giddey (37787286),Gradey Dick (37787706),Josh Hart (37787277),Kyle Anderson (37787844),Zach Collins (37787646),Malik Monk (37787292),Andrew Wiggins (37787364),Alperen Sengun (37787254),299.1,386.14,50000,100.00%,0,93.19%,0,80.0,$2.8,CHI 2,MIA 2,user47,36,marvalshot,15911,4650190670_47
Jalen Brunson (37787234),Gradey Dick (37787706),Ochai Agbaji (37787812),Josh Hart (37787277),Day'Ron Sharpe (37787668),Keyonte George (37787343),Jayson Tatum (37787217),Zach Collins (37787646),319.7270529513888,409.67859735551997,49700,100.00%,37762,275.41%,0,80.0,$8.26,NYK 2,TOR 2,user48,50,marvalshot,852,4650190659_48
Jalen Brunson (37787234),Gradey Dick (37787706),Deni Avdija (37787375),Ochai Agbaji (37787812),Day'Ron Sharpe (37787668),Keyonte George (37787343),RJ Barrett (37787310),Alperen Sengun (37787254),311.7755078125,409.2193159075955,49800,100.00%,371,168.27%,0,80.0,$5.05,TOR 3,NYK 1,user48,50,marvalshot,5747,4650190660_48
Immanuel Quickley (37787336),Malik Monk (37787292),Kyle Anderson (37787844),Josh Hart (37787277),Day'Ron Sharpe (37787668),Keyonte George (37787343),Zaccharie Risacher (37787637),Alperen Sengun (37787254),297.43,390.62,49900,100.00%,0,85.87%,0,80.0,$2.58,TOR 1,SAC 1,user48,46,marvalshot,15834,4650190661_48
Tyler Herro (37787251),Gradey Dick (37787706),Josh Hart (37787277),Pascal Siakam (37787289),Andre Drummond (37787733),Isaiah Collier (37787395),Kawhi Leonard (37787323),Day'Ron Sharpe (37787668),295.7,389.5,49900,100.00%,0,77.12%,0,80.0,$2.31,MIA 1,TOR 1,user48,48,marvalshot,15836,4650190662_48
Trae Young (37787228),Aaron Nesmith (37787756),RJ Barrett (37787310),Georges Niang (37787658),Day'Ron Sharpe (37787668),Josh Giddey (37787286),Matas Buzelis (37787575),Alperen Sengun (37787254),296.06,391.51,50000,100.00%,0,79.07%,0,80.0,$2.37,ATL 2,CHI 2,user48,49,marvalshot,15837,4650190663_48
Jordan Poole (37787307),Tyrese Martin (37787871),Deni Avdija (37787375),Kyle Anderson (37787844),Zach Collins (37787646),Trae Young (37787228),Kawhi Leonard (37787323),Alperen Sengun (37787254),323.6856510416667,421.67326723185766,50000,100.00%,49119,477.09%,0,80.0,$14.31,WAS 1,BKN 1,user48,48,marvalshot,15839,4650190664_48
Trae Young (37787228),Keon Johnson (37787491),Deni Avdija (37787375),Ausar Thompson (37787495),Day'Ron Sharpe (37787668),Keyonte George (37787343),Matas Buzelis (37787575),Ivica Zubac (37787301),311.76857204861113,408.60251177929524,49800,100.00%,699,168.7%,0,80.0,$5.06,BKN 2,ATL 1,user48,43,marvalshot,15846,4650190665_48
Jalen Brunson (37787234),Gradey Dick (37787706),Kawhi Leonard (37787323),Josh Hart (37787277),Day'Ron Sharpe (37787668),Jalen Green (37787296),Kyle Anderson (37787844),Keyonte George (37787343),302.18,394.53,50000,100.00%,0,100.52%,0,80.0,$3.02,NYK 2,TOR 1,user9,1,marvalshot,15855,4650190666_9
Anfernee Simons (37787360),Davion Mitchell (37787719),Josh Hart (37787277),Kawhi Leonard (37787323),Day'Ron Sharpe (37787668),Josh Giddey (37787286),Kyle Anderson (37787844),Alperen Sengun (37787254),314.4773090277778,407.56770258914247,49600,100.00%,5465,189.8%,0,80.0,$5.69,MIA 2,POR 1,user48,50,marvalshot,9448,4650190667_48
Jalen Brunson (37787234),Gradey Dick (37787706),Deni Avdija (37787375),Josh Hart (37787277),Day'Ron Sharpe (37787668),Kevin Huerter (37787632),Khris Middleton (37787470),Alperen Sengun (37787254),310.14325520833336,403.81090872039226,50000,100.00%,59,160.11%,0,80.0,$4.8,NYK 2,TOR 1,user48,50,marvalshot,2891,4650190668_48
Jalen Brunson (37787234),Jrue Holiday (37787595),Josh Hart (37787277),Pascal Siakam (37787289),Andre Drummond (37787733),Keyonte George (37787343),Matas Buzelis (37787575),Zach Collins (37787646),299.1133854166667,388.2372586568559,49300,100.00%,0,93.57%,0,80.0,$2.81,NYK 2,CHI 2,user48,48,marvalshot,15897,4650190669_48
Josh Giddey (37787286),Gradey Dick (37787706),Josh Hart (37787277),Kyle Anderson (37787844),Zach Collins (37787646),Malik Monk (37787292),Andrew Wiggins (37787364),Alperen Sengun (37787254),299.1,386.14,50000,100.00%,0,93.19%,0,80.0,$2.8,CHI 2,MIA 2,user48,36,marvalshot,15911,4650190670_48
Jalen Brunson (37787234),Gradey Dick (37787706),Ochai Agbaji (37787812),Josh Hart (37787277),Day'Ron Sharpe (37787668),Keyonte George (37787343),Jayson Tatum (37787217),Zach Collins (37787646),319.7270529513888,409.67859735551997,49700,100.00%,37762,275.41%,0,80.0,$8.26,NYK 2,TOR 2,user49,50,marvalshot,852,4650190659_49
Jalen Brunson (37787234),Gradey Dick (37787706),Deni Avdija (37787375),Ochai Agbaji (37787812),Day'Ron Sharpe (37787668),Keyonte George (37787343),RJ Barrett (37787310),Alperen Sengun (37787254),311.7755078125,409.2193159075955,49800,100.00%,371,168.27%,0,80.0,$5.05,TOR 3,NYK 1,user49,50,marvalshot,5747,4650190660_49
Immanuel Quickley (37787336),Malik Monk (37787292),Kyle Anderson (37787844),Josh Hart (37787277),Day'Ron Sharpe (37787668),Keyonte George (37787343),Zaccharie Risacher (37787637),Alperen Sengun (37787254),297.43,390.62,49900,100.00%,0,85.87%,0,80.0,$2.58,TOR 1,SAC 1,user49,46,marvalshot,15834,4650190661_49
Tyler Herro (37787251),Gradey Dick (37787706),Josh Hart (37787277),Pascal Siakam (37787289),Andre Drummond (37787733),Isaiah Collier (37787395),Kawhi Leonard (37787323),Day'Ron Sharpe (37787668),295.7,389.5,49900,100.00%,0,77.12%,0,80.0,$2.31,MIA 1,TOR 1,user49,48,marvalshot,15836,4650190662_49
Trae Young (37787228),Aaron Nesmith (37787756),RJ Barrett (37787310),Georges Niang (37787658),Day'Ron Sharpe (37787668),Josh Giddey (37787286),Matas Buzelis (37787575),Alperen Sengun (37787254),296.06,391.51,50000,100.00%,0,79.07%,0,80.0,$2.37,ATL 2,CHI 2,user49,49,marvalshot,15837,4650190663_49
Jordan Poole (37787307),Tyrese Martin (37787871),Deni Avdija (37787375),Kyle Anderson (37787844),Zach Collins (37787646),Trae Young (37787228),Kawhi Leonard (37787323),Alperen Sengun (37787254),323.6856510416667,421.67326723185766,50000,100.00%,49119,477.09%,0,80.0,$14.31,WAS 1,BKN 1,user49,48,marvalshot,15839,4650190664_49
Trae Young (37787228),Keon Johnson (37787491),Deni Avdija (37787375),Ausar Thompson (37787495),Day'Ron Sharpe (37787668),Keyonte George (37787343),Matas Buzelis (37787575),Ivica Zubac (37787301),311.76857204861113,408.60251177929524,49800,100.00%,699,168.7%,0,80.0,$5.06,BKN 2,ATL 1,user49,43,marvalshot,15846,4650190665_49
Jalen Brunson (37787234),Gradey Dick (37787706),Kawhi Leonard (37787323),Josh Hart (37787277),Zach Collins (37787646),Jordan Clarkson (37787384),Andrew Wiggins (37787364),Day'Ron Sharpe (37787668),302.05,393.86,49600,100.00%,0,100.28%,0,80.0,$3.01,NYK 2,TOR 1,user17,1,marvalshot,15863,4650190666_17
Anfernee Simons (37787360),Davion Mitchell (37787719),Josh Hart (37787277),Kawhi Leonard (37787323),Day'Ron Sharpe (37787668),Josh Giddey (37787286),Kyle Anderson (37787844),Alperen Sengun (37787254),314.4773090277778,407.56770258914247,49600,100.00%,5465,189.8%,0,80.0,$5.69,MIA 2,POR 1,user49,50,marvalshot,9448,4650190667_49
Jalen Brunson (37787234),Gradey Dick (37787706),Deni Avdija (37787375),Josh Hart (37787277),Day'Ron Sharpe (37787668),Kevin Huerter (37787632),Khris Middleton (37787470),Alperen Sengun (37787254),310.14325520833336,403.81090872039226,50000,100.00%,59,160.11%,0,80.0,$4.8,NYK 2,TOR 1,user49,50,marvalshot,2891,4650190668_49
Jalen Brunson (37787234),Jrue Holiday (37787595),Josh Hart (37787277),Pascal Siakam (37787289),Andre Drummond (37787733),Keyonte George (37787343),Matas Buzelis (37787575),Zach Collins (37787646),299.1133854166667,388.2372586568559,49300,100.00%,0,93.57%,0,80.0,$2.81,NYK 2,CHI 2,user49,48,marvalshot,15897,4650190669_49
Josh Giddey (37787286),Gradey Dick (37787706),Josh Hart (37787277),Kyle Anderson (37787844),Zach Collins (37787646),Malik Monk (37787292),Andrew Wiggins (37787364),Alperen Sengun (37787254),299.1,386.14,50000,100.00%,0,93.19%,0,80.0,$2.8,CHI 2,MIA 2,user49,36,marvalshot,15911,4650190670_49
